codigo_ibge,nome,uf_sigla,uf_codigo,lon,lat
1100015,Alta Floresta D'Oeste,RO,11,-62.3833,-12.548
1100023,Ariquemes,RO,11,-62.9317,-9.9064
1100031,Cabixi,RO,11,-60.6708,-13.5141
1100049,Cacoal,RO,11,-61.4089,-11.4341
1100056,Cerejeiras,RO,11,-61.3275,-13.1926
1100064,Colorado do Oeste,RO,11,-60.5839,-13.1131
1100072,Corumbiara,RO,11,-61.0567,-12.8994
1100080,Costa Marques,RO,11,-64.0347,-12.1361
1100098,Espigão D'Oeste,RO,11,-60.7443,-11.4317
1100106,Guajará-Mirim,RO,11,-64.5814,-11.307
1100114,Jaru,RO,11,-62.6702,-10.6184
1100122,Ji-Paraná,RO,11,-61.774,-10.396
1100130,Machadinho D'Oeste,RO,11,-62.0633,-9.1871
1100148,Nova Brasilândia D'Oeste,RO,11,-62.2359,-11.5883
1100155,Ouro Preto do Oeste,RO,11,-62.0713,-10.4841
1100189,Pimenta Bueno,RO,11,-60.8666,-11.7756
1100205,Porto Velho,RO,11,-64.4239,-9.1356
1100254,Presidente Médici,RO,11,-61.9625,-11.1866
1100262,Rio Crespo,RO,11,-62.7411,-9.6823
1100288,Rolim de Moura,RO,11,-61.8212,-11.7526
1100296,Santa Luzia D'Oeste,RO,11,-61.7527,-12.0959
1100304,Vilhena,RO,11,-60.2598,-12.0616
1100320,São Miguel do Guaporé,RO,11,-63.0416,-11.6107
1100338,Nova Mamoré,RO,11,-64.5523,-10.4819
1100346,Alvorada D'Oeste,RO,11,-62.6375,-11.2941
1100379,Alto Alegre dos Parecis,RO,11,-61.9649,-12.7181
1100403,Alto Paraíso,RO,11,-63.4649,-9.6722
1100452,Buritis,RO,11,-63.967,-10.1011
1100502,Novo Horizonte do Oeste,RO,11,-62.0695,-11.6972
1100601,Cacaulândia,RO,11,-63.0924,-10.3413
1100700,Campo Novo de Rondônia,RO,11,-63.7997,-10.4902
1100809,Candeias do Jamari,RO,11,-63.3752,-8.9596
1100908,Castanheiras,RO,11,-61.88,-11.4517
1100924,Chupinguaia,RO,11,-60.8806,-12.6683
1100940,Cujubim,RO,11,-62.5181,-8.9937
1101005,Governador Jorge Teixeira,RO,11,-63.171,-10.8047
1101104,Itapuã do Oeste,RO,11,-63.132,-9.0633
1101203,Ministro Andreazza,RO,11,-61.583,-11.1446
1101302,Mirante da Serra,RO,11,-62.8857,-11.1065
1101401,Monte Negro,RO,11,-63.4037,-10.2657
1101435,Nova União,RO,11,-62.5435,-10.9243
1101450,Parecis,RO,11,-61.3572,-12.2689
1101468,Pimenteiras do Oeste,RO,11,-61.4987,-13.1763
1101476,Primavera de Rondônia,RO,11,-61.3253,-11.8799
1101484,São Felipe D'Oeste,RO,11,-61.4672,-11.8962
1101492,São Francisco do Guaporé,RO,11,-63.2008,-12.3715
1101500,Seringueiras,RO,11,-63.2336,-11.8335
1101559,Teixeirópolis,RO,11,-62.2728,-10.9543
1101609,Theobroma,RO,11,-62.2898,-10.0864
1101708,Urupá,RO,11,-62.3999,-11.0822
1101757,Vale do Anari,RO,11,-61.9309,-9.7152
1101807,Vale do Paraíso,RO,11,-62.0914,-10.2914
1200013,Acrelândia,AC,12,-66.9556,-10.0194
1200054,Assis Brasil,AC,12,-69.8747,-10.766
1200104,Brasiléia,AC,12,-69.1893,-10.7629
1200138,Bujari,AC,12,-68.1433,-9.629
1200179,Capixaba,AC,12,-67.8139,-10.4844
1200203,Cruzeiro do Sul,AC,12,-72.8688,-8.0188
1200252,Epitaciolândia,AC,12,-68.6134,-10.8771
1200302,Feijó,AC,12,-70.9455,-9.0231
1200328,Jordão,AC,12,-71.8739,-9.1903
1200336,Mâncio Lima,AC,12,-73.5249,-7.5273
1200344,Manoel Urbano,AC,12,-69.8698,-9.3528
1200351,Marechal Thaumaturgo,AC,12,-72.6203,-9.0732
1200385,Plácido de Castro,AC,12,-67.3424,-10.2777
1200393,Porto Walter,AC,12,-72.7469,-8.5066
1200401,Rio Branco,AC,12,-68.2937,-10.0543
1200427,Rodrigues Alves,AC,12,-73.1979,-7.8453
1200435,Santa Rosa do Purus,AC,12,-70.4554,-9.5021
1200450,Senador Guiomard,AC,12,-67.467,-9.9968
1200500,Sena Madureira,AC,12,-69.4624,-9.8493
1200609,Tarauacá,AC,12,-71.4039,-8.4862
1200708,Xapuri,AC,12,-68.5224,-10.5986
1200807,Porto Acre,AC,12,-67.7045,-9.6942
1300029,Alvarães,AM,13,-65.3345,-3.699
1300060,Amaturá,AM,13,-68.2046,-3.3881
1300086,Anamã,AM,13,-61.7512,-3.485
1300102,Anori,AM,13,-62.1828,-4.2296
1300144,Apuí,AM,13,-59.3871,-7.7735
1300201,Atalaia do Norte,AM,13,-71.8127,-5.7412
1300300,Autazes,AM,13,-59.5726,-3.8104
1300409,Barcelos,AM,13,-63.5207,-0.4246
1300508,Barreirinha,AM,13,-57.1411,-3.0484
1300607,Benjamin Constant,AM,13,-70.355,-5.5721
1300631,Beruri,AM,13,-61.8789,-4.452
1300680,Boa Vista do Ramos,AM,13,-57.6442,-3.1377
1300706,Boca do Acre,AM,13,-67.9293,-8.6001
1300805,Borba,AM,13,-59.3128,-5.0977
1300839,Caapiranga,AM,13,-61.7694,-3.1251
1300904,Canutama,AM,13,-64.1901,-7.7171
1301001,Carauari,AM,13,-67.3563,-5.1821
1301100,Careiro,AM,13,-60.1994,-3.7791
1301159,Careiro da Várzea,AM,13,-59.678,-3.3221
1301209,Coari,AM,13,-64.1824,-4.1431
1301308,Codajás,AM,13,-63.104,-3.1733
1301407,Eirunepé,AM,13,-70.3335,-7.024
1301506,Envira,AM,13,-70.0687,-7.5345
1301605,Fonte Boa,AM,13,-66.2688,-2.4805
1301654,Guajará,AM,13,-72.7916,-7.1106
1301704,Humaitá,AM,13,-62.3535,-7.4321
1301803,Ipixuna,AM,13,-71.3734,-7.0811
1301852,Iranduba,AM,13,-60.4693,-3.0892
1301902,Itacoatiara,AM,13,-58.7922,-3.1838
1301951,Itamarati,AM,13,-68.0664,-6.7465
1302009,Itapiranga,AM,13,-58.5903,-2.5015
1302108,Japurá,AM,13,-68.2265,-1.5419
1302207,Juruá,AM,13,-66.1792,-3.2937
1302306,Jutaí,AM,13,-68.2757,-4.5885
1302405,Lábrea,AM,13,-66.0654,-8.1563
1302504,Manacapuru,AM,13,-61.034,-3.2674
1302553,Manaquiri,AM,13,-60.6591,-3.7726
1302603,Manaus,AM,13,-60.053,-2.6853
1302702,Manicoré,AM,13,-61.5626,-6.9328
1302801,Maraã,AM,13,-64.8871,-2.5766
1302900,Maués,AM,13,-58.2414,-4.9991
1303007,Nhamundá,AM,13,-57.831,-1.4258
1303106,Nova Olinda do Norte,AM,13,-58.6119,-3.9619
1303205,Novo Airão,AM,13,-61.8382,-2.027
1303304,Novo Aripuanã,AM,13,-60.5813,-6.9239
1303403,Parintins,AM,13,-56.9076,-2.667
1303502,Pauini,AM,13,-68.0535,-7.6903
1303536,Presidente Figueiredo,AM,13,-59.9604,-1.2987
1303569,Rio Preto da Eva,AM,13,-59.6384,-2.5106
1303601,Santa Isabel do Rio Negro,AM,13,-65.6775,-0.3535
1303700,Santo Antônio do Içá,AM,13,-68.7726,-3.0858
1303809,São Gabriel da Cachoeira,AM,13,-68.0257,0.325
1303908,São Paulo de Olivença,AM,13,-69.5677,-4.6177
1303957,São Sebastião do Uatumã,AM,13,-58.7248,-1.9448
1304005,Silves,AM,13,-58.6202,-2.7954
1304062,Tabatinga,AM,13,-69.5955,-4.0093
1304104,Tapauá,AM,13,-65.6397,-6.1777
1304203,Tefé,AM,13,-65.563,-4.511
1304237,Tonantins,AM,13,-67.8552,-2.6608
1304260,Uarini,AM,13,-65.3981,-3.1402
1304302,Urucará,AM,13,-58.7802,-1.224
1304401,Urucurituba,AM,13,-57.7914,-2.852
1400027,Amajari,RR,14,-62.7223,3.7631
1400050,Alto Alegre,RR,14,-62.7896,3.0715
1400100,Boa Vista,RR,14,-60.6585,3.1099
1400159,Bonfim,RR,14,-60.0922,2.7919
1400175,Cantá,RR,14,-60.5262,2.2559
1400209,Caracaraí,RR,14,-61.341,0.7438
1400233,Caroebe,RR,14,-59.4822,1.0993
1400282,Iracema,RR,14,-62.6489,2.2662
1400308,Mucajaí,RR,14,-61.9515,2.5194
1400407,Normandia,RR,14,-60.0736,3.8795
1400456,Pacaraima,RR,14,-60.8377,4.1756
1400472,Rorainópolis,RR,14,-61.0124,-0.1329
1400506,São João da Baliza,RR,14,-59.8475,0.7192
1400605,São Luiz do Anauá,RR,14,-60.1513,0.8808
1400704,Uiramutã,RR,14,-60.2347,4.6567
1500107,Abaetetuba,PA,15,-48.9326,-1.7093
1500131,Abel Figueiredo,PA,15,-48.4322,-4.9243
1500206,Acará,PA,15,-48.4697,-2.0857
1500305,Afuá,PA,15,-50.763,-0.333
1500347,Água Azul do Norte,PA,15,-50.5551,-6.6553
1500404,Alenquer,PA,15,-54.8947,-0.6618
1500503,Almeirim,PA,15,-53.9181,0.3627
1500602,Altamira,PA,15,-53.6732,-5.9482
1500701,Anajás,PA,15,-50.0338,-0.8186
1500800,Ananindeua,PA,15,-48.3781,-1.3304
1500859,Anapu,PA,15,-51.3517,-3.8408
1500909,Augusto Corrêa,PA,15,-46.4933,-1.0306
1500958,Aurora do Pará,PA,15,-47.753,-2.282
1501006,Aveiro,PA,15,-55.9638,-3.8421
1501105,Bagre,PA,15,-50.1527,-2.4525
1501204,Baião,PA,15,-49.7279,-3.2228
1501253,Bannach,PA,15,-50.637,-7.4675
1501303,Barcarena,PA,15,-48.6288,-1.5104
1501402,Belém,PA,15,-48.4389,-1.3045
1501451,Belterra,PA,15,-55.0418,-3.4054
1501501,Benevides,PA,15,-48.2851,-1.3456
1501576,Bom Jesus do Tocantins,PA,15,-48.7988,-4.9833
1501600,Bonito,PA,15,-47.3071,-1.42
1501709,Bragança,PA,15,-46.7798,-1.1112
1501725,Brasil Novo,PA,15,-52.7167,-3.3789
1501758,Brejo Grande do Araguaia,PA,15,-48.4433,-5.7572
1501782,Breu Branco,PA,15,-49.2653,-3.7378
1501808,Breves,PA,15,-50.5726,-1.1551
1501907,Bujaru,PA,15,-48.0737,-1.6277
1501956,Cachoeira do Piriá,PA,15,-46.4362,-1.9731
1502004,Cachoeira do Arari,PA,15,-48.8973,-0.8437
1502103,Cametá,PA,15,-49.5009,-2.2726
1502152,Canaã dos Carajás,PA,15,-50.0964,-6.4985
1502202,Capanema,PA,15,-47.1018,-1.1522
1502301,Capitão Poço,PA,15,-47.2368,-2.0082
1502400,Castanhal,PA,15,-47.8544,-1.264
1502509,Chaves,PA,15,-49.7553,0.0036
1502608,Colares,PA,15,-48.2852,-0.9383
1502707,Conceição do Araguaia,PA,15,-49.5449,-8.1974
1502756,Concórdia do Pará,PA,15,-47.9662,-1.8916
1502764,Cumaru do Norte,PA,15,-51.1979,-8.4239
1502772,Curionópolis,PA,15,-49.6654,-6.1769
1502806,Curralinho,PA,15,-49.9873,-1.5855
1502855,Curuá,PA,15,-55.1299,-1.8134
1502905,Curuçá,PA,15,-47.8677,-0.7276
1502939,Dom Eliseu,PA,15,-47.8495,-4.1319
1502954,Eldorado do Carajás,PA,15,-49.3052,-6.073
1503002,Faro,PA,15,-57.7649,-1.1497
1503044,Floresta do Araguaia,PA,15,-49.5204,-7.507
1503077,Garrafão do Norte,PA,15,-47.0892,-2.2505
1503093,Goianésia do Pará,PA,15,-48.9951,-3.9861
1503101,Gurupá,PA,15,-51.5954,-1.1277
1503200,Igarapé-Açu,PA,15,-47.5627,-1.1405
1503309,Igarapé-Miri,PA,15,-49.1514,-2.0512
1503408,Inhangapi,PA,15,-47.9675,-1.494
1503457,Ipixuna do Pará,PA,15,-48.1056,-2.9426
1503507,Irituia,PA,15,-47.4029,-1.7976
1503606,Itaituba,PA,15,-56.2726,-5.886
1503705,Itupiranga,PA,15,-49.8527,-5.1954
1503754,Jacareacanga,PA,15,-57.2353,-7.371
1503804,Jacundá,PA,15,-49.2476,-4.5774
1503903,Juruti,PA,15,-56.1226,-2.4056
1504000,Limoeiro do Ajuru,PA,15,-49.4672,-1.8856
1504059,Mãe do Rio,PA,15,-47.5088,-2.0092
1504109,Magalhães Barata,PA,15,-47.6331,-0.7958
1504208,Marabá,PA,15,-50.0085,-5.6143
1504307,Maracanã,PA,15,-47.4761,-0.7661
1504406,Marapanim,PA,15,-47.7167,-0.7982
1504422,Marituba,PA,15,-48.3247,-1.4103
1504455,Medicilândia,PA,15,-53.2165,-3.1858
1504505,Melgaço,PA,15,-51.0903,-1.6544
1504604,Mocajuba,PA,15,-49.465,-2.5636
1504703,Moju,PA,15,-49.0135,-2.5675
1504752,Mojuí dos Campos,PA,15,-54.5149,-3.1317
1504802,Monte Alegre,PA,15,-54.4019,-0.9361
1504901,Muaná,PA,15,-49.3126,-1.312
1504950,Nova Esperança do Piriá,PA,15,-46.9736,-2.443
1504976,Nova Ipixuna,PA,15,-49.2117,-4.9896
1505007,Nova Timboteua,PA,15,-47.3883,-1.1366
1505031,Novo Progresso,PA,15,-55.477,-7.7752
1505064,Novo Repartimento,PA,15,-50.377,-4.5996
1505106,Óbidos,PA,15,-55.7655,0.0801
1505205,Oeiras do Pará,PA,15,-49.8909,-2.3449
1505304,Oriximiná,PA,15,-56.8364,0.3483
1505403,Ourém,PA,15,-47.1615,-1.5302
1505437,Ourilândia do Norte,PA,15,-51.3909,-7.4635
1505486,Pacajá,PA,15,-50.6024,-3.633
1505494,Palestina do Pará,PA,15,-48.3523,-5.9411
1505502,Paragominas,PA,15,-47.6338,-3.1558
1505536,Parauapebas,PA,15,-50.5457,-6.1719
1505551,Pau D'Arco,PA,15,-50.1381,-7.7214
1505601,Peixe-Boi,PA,15,-47.2729,-1.1031
1505635,Piçarra,PA,15,-48.9468,-6.5091
1505650,Placas,PA,15,-54.5336,-3.9513
1505700,Ponta de Pedras,PA,15,-49.1077,-1.0561
1505809,Portel,PA,15,-50.9154,-2.6166
1505908,Porto de Moz,PA,15,-52.5121,-2.1963
1506005,Prainha,PA,15,-53.6221,-1.9518
1506104,Primavera,PA,15,-47.1104,-0.9615
1506112,Quatipuru,PA,15,-47.0129,-0.8714
1506138,Redenção,PA,15,-50.2003,-8.0919
1506161,Rio Maria,PA,15,-49.8301,-7.3917
1506187,Rondon do Pará,PA,15,-48.6188,-4.5321
1506195,Rurópolis,PA,15,-55.1768,-4.1928
1506203,Salinópolis,PA,15,-47.354,-0.6972
1506302,Salvaterra,PA,15,-48.6044,-0.815
1506351,Santa Bárbara do Pará,PA,15,-48.2582,-1.1925
1506401,Santa Cruz do Arari,PA,15,-49.3087,-0.6077
1506500,Santa Izabel do Pará,PA,15,-48.1459,-1.3857
1506559,Santa Luzia do Pará,PA,15,-46.9364,-1.6785
1506583,Santa Maria das Barreiras,PA,15,-50.2753,-8.613
1506609,Santa Maria do Pará,PA,15,-47.5173,-1.3561
1506708,Santana do Araguaia,PA,15,-50.6537,-9.1927
1506807,Santarém,PA,15,-54.7894,-2.6234
1506906,Santarém Novo,PA,15,-47.3399,-0.9123
1507003,Santo Antônio do Tauá,PA,15,-48.2042,-1.0976
1507102,São Caetano de Odivelas,PA,15,-48.0179,-0.8153
1507151,São Domingos do Araguaia,PA,15,-48.6931,-5.6796
1507201,São Domingos do Capim,PA,15,-47.7895,-1.8994
1507300,São Félix do Xingu,PA,15,-52.2576,-7.2023
1507409,São Francisco do Pará,PA,15,-47.7405,-1.2047
1507458,São Geraldo do Araguaia,PA,15,-48.7065,-6.2157
1507466,São João da Ponta,PA,15,-47.9593,-0.8575
1507474,São João de Pirabas,PA,15,-47.2202,-0.761
1507508,São João do Araguaia,PA,15,-48.6991,-5.4468
1507607,São Miguel do Guamá,PA,15,-47.5912,-1.5678
1507706,São Sebastião da Boa Vista,PA,15,-49.6979,-1.4001
1507755,Sapucaia,PA,15,-49.5325,-6.8518
1507805,Senador José Porfírio,PA,15,-51.7874,-4.2446
1507904,Soure,PA,15,-48.6648,-0.4392
1507953,Tailândia,PA,15,-48.7298,-2.8906
1507961,Terra Alta,PA,15,-47.8498,-1.0014
1507979,Terra Santa,PA,15,-56.471,-1.9388
1508001,Tomé-Açu,PA,15,-48.2769,-2.6474
1508035,Tracuateua,PA,15,-46.9698,-1.0631
1508050,Trairão,PA,15,-55.9856,-5.1501
1508084,Tucumã,PA,15,-51.4055,-6.8127
1508100,Tucuruí,PA,15,-49.8667,-3.8242
1508126,Ulianópolis,PA,15,-47.4953,-3.8223
1508159,Uruará,PA,15,-53.7842,-3.644
1508209,Vigia,PA,15,-48.0957,-0.9531
1508308,Viseu,PA,15,-46.3866,-1.4858
1508357,Vitória do Xingu,PA,15,-51.9949,-3.1569
1508407,Xinguara,PA,15,-49.5206,-6.9064
1600055,Serra do Navio,AP,16,-52.2531,1.6465
1600105,Amapá,AP,16,-50.7442,1.7604
1600154,Pedra Branca do Amapari,AP,16,-52.4666,1.1822
1600204,Calçoene,AP,16,-51.4455,2.4137
1600212,Cutias,AP,16,-50.5216,1.0395
1600238,Ferreira Gomes,AP,16,-51.3712,0.8997
1600253,Itaubal,AP,16,-50.6555,0.5746
1600279,Laranjal do Jari,AP,16,-53.2233,0.9305
1600303,Macapá,AP,16,-50.7398,0.5983
1600402,Mazagão,AP,16,-52.0673,0.0397
1600501,Oiapoque,AP,16,-52.1234,2.8529
1600535,Porto Grande,AP,16,-51.6767,0.5811
1600550,Pracuúba,AP,16,-51.2654,1.6588
1600600,Santana,AP,16,-51.3623,0.1425
1600709,Tartarugalzinho,AP,16,-51.0175,1.2462
1600808,Vitória do Jari,AP,16,-52.065,-0.9972
1700251,Abreulândia,TO,17,-49.3531,-9.4408
1700301,Aguiarnópolis,TO,17,-47.4979,-6.4797
1700350,Aliança do Tocantins,TO,17,-48.9153,-11.3297
1700400,Almas,TO,17,-47.1907,-11.4382
1700707,Alvorada,TO,17,-49.1035,-12.387
1701002,Ananás,TO,17,-48.1975,-6.2233
1701051,Angico,TO,17,-47.9342,-6.421
1701101,Aparecida do Rio Negro,TO,17,-48.0016,-9.9792
1701309,Aragominas,TO,17,-48.6121,-6.9626
1701903,Araguacema,TO,17,-49.4503,-8.9423
1702000,Araguaçu,TO,17,-49.731,-12.7565
1702109,Araguaína,TO,17,-48.5795,-7.3302
1702158,Araguanã,TO,17,-48.5213,-6.7786
1702208,Araguatins,TO,17,-48.1323,-5.6476
1702307,Arapoema,TO,17,-49.0315,-7.7075
1702406,Arraias,TO,17,-47.1457,-12.843
1702554,Augustinópolis,TO,17,-47.9235,-5.5043
1702703,Aurora do Tocantins,TO,17,-46.4358,-12.6351
1702901,Axixá do Tocantins,TO,17,-47.7602,-5.6837
1703008,Babaçulândia,TO,17,-47.8331,-7.1944
1703057,Bandeirantes do Tocantins,TO,17,-48.6712,-7.9926
1703073,Barra do Ouro,TO,17,-47.5628,-7.7043
1703107,Barrolândia,TO,17,-48.8079,-9.8684
1703206,Bernardo Sayão,TO,17,-48.9655,-7.9877
1703305,Bom Jesus do Tocantins,TO,17,-47.8655,-9.018
1703602,Brasilândia do Tocantins,TO,17,-48.4494,-8.2721
1703701,Brejinho de Nazaré,TO,17,-48.6162,-11.0352
1703800,Buriti do Tocantins,TO,17,-48.1289,-5.3514
1703826,Cachoeirinha,TO,17,-47.8624,-6.0889
1703842,Campos Lindos,TO,17,-46.8071,-8.2335
1703867,Cariri do Tocantins,TO,17,-49.2065,-11.9327
1703883,Carmolândia,TO,17,-48.3814,-7.0545
1703891,Carrasco Bonito,TO,17,-48.0197,-5.3488
1703909,Caseara,TO,17,-49.8507,-9.4232
1704105,Centenário,TO,17,-47.4705,-9.1274
1704600,Chapada de Areia,TO,17,-49.2102,-10.1613
1705102,Chapada da Natividade,TO,17,-47.8517,-11.5251
1705508,Colinas do Tocantins,TO,17,-48.5351,-8.105
1705557,Combinado,TO,17,-46.5237,-12.835
1705607,Conceição do Tocantins,TO,17,-47.3103,-12.1632
1706001,Couto Magalhães,TO,17,-49.1776,-8.4282
1706100,Cristalândia,TO,17,-49.3292,-10.6396
1706258,Crixás do Tocantins,TO,17,-49.0568,-11.1681
1706506,Darcinópolis,TO,17,-47.777,-6.7433
1707009,Dianópolis,TO,17,-46.7471,-11.7286
1707108,Divinópolis do Tocantins,TO,17,-49.3611,-9.6843
1707207,Dois Irmãos do Tocantins,TO,17,-49.0254,-9.3286
1707306,Dueré,TO,17,-49.3987,-11.4098
1707405,Esperantina,TO,17,-48.5359,-5.3225
1707553,Fátima,TO,17,-48.8601,-10.8364
1707652,Figueirópolis,TO,17,-49.2403,-12.2357
1707702,Filadélfia,TO,17,-47.7902,-7.4844
1708205,Formoso do Araguaia,TO,17,-50.1179,-12.1512
1708254,Tabocão,TO,17,-48.5695,-9.0839
1708304,Goianorte,TO,17,-49.0021,-8.9015
1709005,Goiatins,TO,17,-47.509,-8.0125
1709302,Guaraí,TO,17,-48.4343,-8.7467
1709500,Gurupi,TO,17,-48.8973,-11.6419
1709807,Ipueiras,TO,17,-48.3904,-11.1341
1710508,Itacajá,TO,17,-47.6967,-8.5448
1710706,Itaguatins,TO,17,-47.6092,-5.8003
1710904,Itapiratins,TO,17,-48.0107,-8.3065
1711100,Itaporã do Tocantins,TO,17,-48.7243,-8.4742
1711506,Jaú do Tocantins,TO,17,-48.6339,-12.7936
1711803,Juarina,TO,17,-49.1104,-8.1333
1711902,Lagoa da Confusão,TO,17,-50.0643,-10.9835
1711951,Lagoa do Tocantins,TO,17,-47.4736,-10.3112
1712009,Lajeado,TO,17,-48.2949,-9.855
1712157,Lavandeira,TO,17,-46.4067,-12.8152
1712405,Lizarda,TO,17,-46.9291,-9.5172
1712454,Luzinópolis,TO,17,-47.8661,-6.2157
1712504,Marianópolis do Tocantins,TO,17,-49.7075,-9.7765
1712702,Mateiros,TO,17,-46.4506,-10.53
1712801,Maurilândia do Tocantins,TO,17,-47.5907,-6.0269
1713205,Miracema do Tocantins,TO,17,-48.572,-9.7678
1713304,Miranorte,TO,17,-48.6911,-9.3759
1713601,Monte do Carmo,TO,17,-48.0517,-10.7265
1713700,Monte Santo do Tocantins,TO,17,-49.0978,-9.9816
1713809,Palmeiras do Tocantins,TO,17,-47.661,-6.5978
1713957,Muricilândia,TO,17,-48.7884,-6.979
1714203,Natividade,TO,17,-47.6659,-11.7649
1714302,Nazaré,TO,17,-47.7597,-6.3348
1714880,Nova Olinda,TO,17,-48.3616,-7.642
1715002,Nova Rosalândia,TO,17,-48.9599,-10.5422
1715101,Novo Acordo,TO,17,-47.4411,-10.1571
1715150,Novo Alegre,TO,17,-46.555,-12.9002
1715259,Novo Jardim,TO,17,-46.4859,-11.7554
1715507,Oliveira de Fátima,TO,17,-48.8856,-10.6708
1715705,Palmeirante,TO,17,-48.1717,-7.8609
1715754,Palmeirópolis,TO,17,-48.3709,-13.0162
1716109,Paraíso do Tocantins,TO,17,-48.8414,-10.2323
1716208,Paranã,TO,17,-47.8136,-12.6916
1716307,Pau D'Arco,TO,17,-48.923,-7.5519
1716505,Pedro Afonso,TO,17,-48.0031,-9.2242
1716604,Peixe,TO,17,-48.5854,-12.0257
1716653,Pequizeiro,TO,17,-48.9173,-8.329
1716703,Colméia,TO,17,-48.7321,-8.8822
1717008,Pindorama do Tocantins,TO,17,-47.5396,-11.1835
1717206,Piraquê,TO,17,-48.2621,-6.7256
1717503,Pium,TO,17,-49.7878,-10.0529
1717800,Ponte Alta do Bom Jesus,TO,17,-46.5808,-12.0745
1717909,Ponte Alta do Tocantins,TO,17,-47.2449,-10.7797
1718006,Porto Alegre do Tocantins,TO,17,-47.0471,-11.5205
1718204,Porto Nacional,TO,17,-48.4495,-10.5846
1718303,Praia Norte,TO,17,-47.7878,-5.4944
1718402,Presidente Kennedy,TO,17,-48.4484,-8.4438
1718451,Pugmil,TO,17,-48.8699,-10.4263
1718501,Recursolândia,TO,17,-47.1064,-8.7099
1718550,Riachinho,TO,17,-48.1402,-6.4533
1718659,Rio da Conceição,TO,17,-46.7503,-11.316
1718709,Rio dos Bois,TO,17,-48.4606,-9.2383
1718758,Rio Sono,TO,17,-47.5122,-9.6017
1718808,Sampaio,TO,17,-47.9053,-5.3642
1718840,Sandolândia,TO,17,-49.8686,-12.4218
1718865,Santa Fé do Araguaia,TO,17,-48.9485,-7.082
1718881,Santa Maria do Tocantins,TO,17,-47.8364,-8.8148
1718899,Santa Rita do Tocantins,TO,17,-49.307,-10.9603
1718907,Santa Rosa do Tocantins,TO,17,-48.1122,-11.3795
1719004,Santa Tereza do Tocantins,TO,17,-47.7278,-10.2935
1720002,Santa Terezinha do Tocantins,TO,17,-47.7068,-6.4672
1720101,São Bento do Tocantins,TO,17,-47.9264,-5.9709
1720150,São Félix do Tocantins,TO,17,-46.6289,-10.0896
1720200,São Miguel do Tocantins,TO,17,-47.6021,-5.5485
1720259,São Salvador do Tocantins,TO,17,-48.3552,-12.5858
1720309,São Sebastião do Tocantins,TO,17,-48.3352,-5.2523
1720499,São Valério,TO,17,-48.1454,-11.7994
1720655,Silvanópolis,TO,17,-48.029,-11.1372
1720804,Sítio Novo do Tocantins,TO,17,-47.7136,-5.6241
1720853,Sucupira,TO,17,-48.8411,-12.1144
1720903,Taguatinga,TO,17,-46.5442,-12.3931
1720937,Taipas do Tocantins,TO,17,-46.9986,-12.1474
1720978,Talismã,TO,17,-49.0343,-12.6628
1721000,Palmas,TO,17,-48.1329,-10.1871
1721109,Tocantínia,TO,17,-48.1459,-9.5789
1721208,Tocantinópolis,TO,17,-47.5277,-6.2513
1721257,Tupirama,TO,17,-48.2484,-8.917
1721307,Tupiratins,TO,17,-48.2243,-8.354
1722081,Wanderlândia,TO,17,-48.0177,-6.895
1722107,Xambioá,TO,17,-48.4352,-6.5648
2100055,Açailândia,MA,21,-47.3236,-4.736
2100105,Afonso Cunha,MA,21,-43.2718,-4.2079
2100154,Água Doce do Maranhão,MA,21,-42.1354,-2.9185
2100204,Alcântara,MA,21,-44.5473,-2.4139
2100303,Aldeias Altas,MA,21,-43.4201,-4.5487
2100402,Altamira do Maranhão,MA,21,-45.5065,-4.1413
2100436,Alto Alegre do Maranhão,MA,21,-44.4117,-4.2473
2100477,Alto Alegre do Pindaré,MA,21,-46.0087,-3.8711
2100501,Alto Parnaíba,MA,21,-46.2433,-9.5185
2100550,Amapá do Maranhão,MA,21,-45.9412,-1.6817
2100600,Amarante do Maranhão,MA,21,-46.6141,-5.4069
2100709,Anajatuba,MA,21,-44.6112,-3.2416
2100808,Anapurus,MA,21,-43.1261,-3.5422
2100832,Apicum-Açu,MA,21,-45.0608,-1.5585
2100873,Araguanã,MA,21,-45.7839,-3.0525
2100907,Araioses,MA,21,-42.0495,-2.9191
2100956,Arame,MA,21,-45.9818,-5.0346
2101004,Arari,MA,21,-44.7502,-3.5565
2101103,Axixá,MA,21,-44.0972,-2.8528
2101202,Bacabal,MA,21,-44.7327,-4.0952
2101251,Bacabeira,MA,21,-44.3556,-2.9011
2101301,Bacuri,MA,21,-45.1423,-1.6665
2101350,Bacurituba,MA,21,-44.6946,-2.6865
2101400,Balsas,MA,21,-46.4,-8.4221
2101509,Barão de Grajaú,MA,21,-43.1867,-6.6213
2101608,Barra do Corda,MA,21,-45.1361,-5.4268
2101707,Barreirinhas,MA,21,-42.9773,-2.8427
2101731,Belágua,MA,21,-43.4723,-3.111
2101772,Bela Vista do Maranhão,MA,21,-45.2429,-3.7627
2101806,Benedito Leite,MA,21,-44.5942,-7.1528
2101905,Bequimão,MA,21,-44.7768,-2.4298
2101939,Bernardo do Mearim,MA,21,-44.7161,-4.6559
2101970,Boa Vista do Gurupi,MA,21,-46.1979,-1.7425
2102002,Bom Jardim,MA,21,-46.3142,-3.8809
2102036,Bom Jesus das Selvas,MA,21,-46.6706,-4.5066
2102077,Bom Lugar,MA,21,-45.0484,-4.3085
2102101,Brejo,MA,21,-42.8266,-3.6896
2102150,Brejo de Areia,MA,21,-45.6047,-4.3551
2102200,Buriti,MA,21,-42.9577,-3.9191
2102309,Buriti Bravo,MA,21,-43.8088,-5.7557
2102325,Buriticupu,MA,21,-46.3355,-4.383
2102358,Buritirana,MA,21,-47.0451,-5.52
2102374,Cachoeira Grande,MA,21,-43.9808,-3.0425
2102408,Cajapió,MA,21,-44.5317,-2.8653
2102507,Cajari,MA,21,-45.0298,-3.3942
2102556,Campestre do Maranhão,MA,21,-47.2325,-6.1726
2102606,Cândido Mendes,MA,21,-45.6688,-1.6581
2102705,Cantanhede,MA,21,-44.2749,-3.6523
2102754,Capinzal do Norte,MA,21,-44.3224,-4.696
2102804,Carolina,MA,21,-47.2198,-7.3951
2102903,Carutapera,MA,21,-46.0301,-1.3551
2103000,Caxias,MA,21,-43.3499,-4.8662
2103109,Cedral,MA,21,-44.6177,-1.981
2103125,Central do Maranhão,MA,21,-44.8466,-2.2557
2103158,Centro do Guilherme,MA,21,-46.1137,-2.4021
2103174,Centro Novo do Maranhão,MA,21,-46.5353,-3.0197
2103208,Chapadinha,MA,21,-43.4552,-3.8135
2103257,Cidelândia,MA,21,-47.8342,-5.0616
2103307,Codó,MA,21,-43.9197,-4.6758
2103406,Coelho Neto,MA,21,-43.1154,-4.2085
2103505,Colinas,MA,21,-44.2544,-6.0021
2103554,Conceição do Lago-Açu,MA,21,-44.8012,-3.7615
2103604,Coroatá,MA,21,-44.1952,-4.115
2103703,Cururupu,MA,21,-44.7703,-1.7258
2103752,Davinópolis,MA,21,-47.3026,-5.5905
2103802,Dom Pedro,MA,21,-44.4167,-5.022
2103901,Duque Bacelar,MA,21,-43.0122,-4.1094
2104008,Esperantinópolis,MA,21,-44.8287,-4.9007
2104057,Estreito,MA,21,-47.1915,-6.7798
2104073,Feira Nova do Maranhão,MA,21,-46.6338,-7.0283
2104081,Fernando Falcão,MA,21,-45.3335,-6.1995
2104099,Formosa da Serra Negra,MA,21,-46.1114,-6.5939
2104107,Fortaleza dos Nogueiras,MA,21,-46.0424,-6.8669
2104206,Fortuna,MA,21,-43.9984,-5.6099
2104305,Godofredo Viana,MA,21,-45.7447,-1.3336
2104404,Gonçalves Dias,MA,21,-44.1847,-5.1365
2104503,Governador Archer,MA,21,-44.2228,-4.9898
2104552,Governador Edison Lobão,MA,21,-47.3076,-5.7164
2104602,Governador Eugênio Barros,MA,21,-44.0106,-5.3796
2104628,Governador Luiz Rocha,MA,21,-44.0895,-5.529
2104651,Governador Newton Bello,MA,21,-45.9232,-3.4092
2104677,Governador Nunes Freire,MA,21,-45.8176,-2.0753
2104701,Graça Aranha,MA,21,-44.3225,-5.4038
2104800,Grajaú,MA,21,-45.9516,-5.8129
2104909,Guimarães,MA,21,-44.6562,-2.1426
2105005,Humberto de Campos,MA,21,-43.5342,-2.7138
2105104,Icatu,MA,21,-43.8321,-2.5653
2105153,Igarapé do Meio,MA,21,-45.1309,-3.6525
2105203,Igarapé Grande,MA,21,-44.8239,-4.5757
2105302,Imperatriz,MA,21,-47.5906,-5.3593
2105351,Itaipava do Grajaú,MA,21,-45.6765,-5.21
2105401,Itapecuru Mirim,MA,21,-44.2959,-3.3692
2105427,Itinga do Maranhão,MA,21,-47.2572,-4.2329
2105450,Jatobá,MA,21,-44.3082,-5.869
2105476,Jenipapo dos Vieiras,MA,21,-45.522,-5.3551
2105500,João Lisboa,MA,21,-47.1399,-5.2307
2105609,Joselândia,MA,21,-44.7742,-5.0229
2105658,Junco do Maranhão,MA,21,-46.0734,-1.8737
2105708,Lago da Pedra,MA,21,-45.1838,-4.7385
2105807,Lago do Junco,MA,21,-44.9797,-4.54
2105906,Lago Verde,MA,21,-44.8086,-3.9665
2105922,Lagoa do Mato,MA,21,-43.5414,-6.0191
2105948,Lago dos Rodrigues,MA,21,-44.9327,-4.5899
2105963,Lagoa Grande do Maranhão,MA,21,-45.4087,-4.8976
2105989,Lajeado Novo,MA,21,-46.9708,-6.0974
2106003,Lima Campos,MA,21,-44.4729,-4.5716
2106102,Loreto,MA,21,-45.2377,-7.1447
2106201,Luís Domingues,MA,21,-45.8674,-1.3787
2106300,Magalhães de Almeida,MA,21,-42.1544,-3.3137
2106326,Maracaçumé,MA,21,-46.0164,-2.0124
2106359,Marajá do Sena,MA,21,-45.5842,-4.7144
2106375,Maranhãozinho,MA,21,-45.953,-2.4332
2106409,Mata Roma,MA,21,-43.2264,-3.5957
2106508,Matinha,MA,21,-45.0089,-3.0531
2106607,Matões,MA,21,-43.3308,-5.3711
2106631,Matões do Norte,MA,21,-44.4604,-3.7565
2106672,Milagres do Maranhão,MA,21,-42.8133,-3.5178
2106706,Mirador,MA,21,-45.1522,-6.4771
2106755,Miranda do Norte,MA,21,-44.5099,-3.5113
2106805,Mirinzal,MA,21,-44.8172,-2.0798
2106904,Monção,MA,21,-45.3469,-3.5212
2107001,Montes Altos,MA,21,-47.0346,-5.8732
2107100,Morros,MA,21,-43.8448,-3.0236
2107209,Nina Rodrigues,MA,21,-43.7764,-3.4515
2107258,Nova Colinas,MA,21,-46.2644,-7.1674
2107308,Nova Iorque,MA,21,-44.0493,-6.8168
2107357,Nova Olinda do Maranhão,MA,21,-46.0473,-2.9866
2107407,Olho d'Água das Cunhãs,MA,21,-45.1119,-4.1211
2107456,Olinda Nova do Maranhão,MA,21,-45.004,-2.9733
2107506,Paço do Lumiar,MA,21,-44.1271,-2.4963
2107605,Palmeirândia,MA,21,-45.0569,-2.6813
2107704,Paraibano,MA,21,-43.9064,-6.3989
2107803,Parnarama,MA,21,-43.5277,-5.5901
2107902,Passagem Franca,MA,21,-43.7632,-6.1335
2108009,Pastos Bons,MA,21,-44.218,-6.7194
2108058,Paulino Neves,MA,21,-42.5906,-2.869
2108108,Paulo Ramos,MA,21,-45.4163,-4.5395
2108207,Pedreiras,MA,21,-44.6,-4.6778
2108256,Pedro do Rosário,MA,21,-45.4141,-2.9275
2108306,Penalva,MA,21,-45.2782,-3.2563
2108405,Peri Mirim,MA,21,-44.8714,-2.5751
2108454,Peritoró,MA,21,-44.3,-4.3906
2108504,Pindaré-Mirim,MA,21,-45.4319,-3.6734
2108603,Pinheiro,MA,21,-45.0883,-2.5178
2108702,Pio XII,MA,21,-45.1148,-3.8402
2108801,Pirapemas,MA,21,-44.2172,-3.7707
2108900,Poção de Pedras,MA,21,-44.8811,-4.8036
2109007,Porto Franco,MA,21,-47.1342,-6.3453
2109056,Porto Rico do Maranhão,MA,21,-44.6266,-1.8835
2109106,Presidente Dutra,MA,21,-44.45,-5.2623
2109205,Presidente Juscelino,MA,21,-44.0742,-3.0958
2109239,Presidente Médici,MA,21,-45.7686,-2.3014
2109270,Presidente Sarney,MA,21,-45.4073,-2.6353
2109304,Presidente Vargas,MA,21,-43.9893,-3.3798
2109403,Primeira Cruz,MA,21,-43.3614,-2.691
2109452,Raposa,MA,21,-44.081,-2.4512
2109502,Riachão,MA,21,-46.6458,-7.7875
2109551,Ribamar Fiquene,MA,21,-47.3084,-5.9586
2109601,Rosário,MA,21,-44.2044,-2.9425
2109700,Sambaíba,MA,21,-45.5993,-7.4915
2109759,Santa Filomena do Maranhão,MA,21,-44.5977,-5.5117
2109809,Santa Helena,MA,21,-45.4315,-2.4625
2109908,Santa Inês,MA,21,-45.4305,-3.8902
2110005,Santa Luzia,MA,21,-45.8906,-4.2969
2110039,Santa Luzia do Paruá,MA,21,-45.7972,-2.564
2110104,Santa Quitéria do Maranhão,MA,21,-42.8952,-3.367
2110203,Santa Rita,MA,21,-44.299,-3.1706
2110237,Santana do Maranhão,MA,21,-42.6988,-3.1531
2110278,Santo Amaro do Maranhão,MA,21,-43.1789,-2.6446
2110302,Santo Antônio dos Lopes,MA,21,-44.4521,-4.8103
2110401,São Benedito do Rio Preto,MA,21,-43.6677,-3.3258
2110500,São Bento,MA,21,-44.9612,-2.7799
2110609,São Bernardo,MA,21,-42.378,-3.3581
2110658,São Domingos do Azeitão,MA,21,-44.5674,-6.8557
2110708,São Domingos do Maranhão,MA,21,-44.3529,-5.6412
2110807,São Félix de Balsas,MA,21,-44.8353,-7.0563
2110856,São Francisco do Brejão,MA,21,-47.3578,-5.1553
2110906,São Francisco do Maranhão,MA,21,-43.083,-6.23
2111003,São João Batista,MA,21,-44.7688,-3.0079
2111029,São João do Carú,MA,21,-46.3908,-3.5386
2111052,São João do Paraíso,MA,21,-46.8902,-6.4342
2111078,São João do Soter,MA,21,-43.7665,-4.9993
2111102,São João dos Patos,MA,21,-43.6335,-6.5662
2111201,São José de Ribamar,MA,21,-44.1322,-2.5601
2111250,São José dos Basílios,MA,21,-44.5714,-5.0338
2111300,São Luís,MA,21,-44.294,-2.6632
2111409,São Luís Gonzaga do Maranhão,MA,21,-44.5854,-4.3741
2111508,São Mateus do Maranhão,MA,21,-44.5269,-3.9979
2111532,São Pedro da Água Branca,MA,21,-48.4109,-5.1953
2111573,São Pedro dos Crentes,MA,21,-46.6563,-6.8407
2111607,São Raimundo das Mangabeiras,MA,21,-45.7217,-6.9592
2111631,São Raimundo do Doca Bezerra,MA,21,-45.1309,-5.0839
2111672,São Roberto,MA,21,-45.0439,-5.0157
2111706,São Vicente Ferrer,MA,21,-44.9585,-2.8781
2111722,Satubinha,MA,21,-45.2642,-3.9245
2111748,Senador Alexandre Costa,MA,21,-43.9297,-5.2876
2111763,Senador La Rocque,MA,21,-47.1284,-5.3766
2111789,Serrano do Maranhão,MA,21,-44.9996,-1.8306
2111805,Sítio Novo,MA,21,-46.664,-6.2398
2111904,Sucupira do Norte,MA,21,-44.301,-6.4708
2111953,Sucupira do Riachão,MA,21,-43.4612,-6.3996
2112001,Tasso Fragoso,MA,21,-45.9055,-8.2879
2112100,Timbiras,MA,21,-43.8008,-4.1866
2112209,Timon,MA,21,-42.9894,-5.1935
2112233,Trizidela do Vale,MA,21,-44.6912,-4.5767
2112274,Tufilândia,MA,21,-45.5803,-3.7343
2112308,Tuntum,MA,21,-44.714,-5.5493
2112407,Turiaçu,MA,21,-45.401,-1.7014
2112456,Turilândia,MA,21,-45.3853,-2.1227
2112506,Tutóia,MA,21,-42.4034,-2.8564
2112605,Urbano Santos,MA,21,-43.2884,-3.2698
2112704,Vargem Grande,MA,21,-43.911,-3.6322
2112803,Viana,MA,21,-44.9946,-3.1543
2112852,Vila Nova dos Martírios,MA,21,-48.0875,-5.087
2112902,Vitória do Mearim,MA,21,-44.9156,-3.5613
2113009,Vitorino Freire,MA,21,-45.3502,-4.1864
2114007,Zé Doca,MA,21,-45.9122,-3.2277
2200053,Acauã,PI,22,-40.9732,-8.3067
2200103,Agricolândia,PI,22,-42.6865,-5.7568
2200202,Água Branca,PI,22,-42.6142,-5.912
2200251,Alagoinha do Piauí,PI,22,-40.9194,-6.9671
2200277,Alegrete do Piauí,PI,22,-40.7905,-7.2062
2200301,Alto Longá,PI,22,-42.155,-5.3527
2200400,Altos,PI,22,-42.4778,-5.0896
2200459,Alvorada do Gurguéia,PI,22,-43.9634,-8.4246
2200509,Amarante,PI,22,-42.8239,-6.3522
2200608,Angical do Piauí,PI,22,-42.7467,-6.1097
2200707,Anísio de Abreu,PI,22,-43.0503,-9.2249
2200806,Antônio Almeida,PI,22,-44.2226,-7.2025
2200905,Aroazes,PI,22,-41.8377,-6.1328
2200954,Aroeiras do Itaim,PI,22,-41.5573,-7.2527
2201002,Arraial,PI,22,-42.5146,-6.6253
2201051,Assunção do Piauí,PI,22,-41.0076,-5.8216
2201101,Avelino Lopes,PI,22,-43.9215,-10.1672
2201150,Baixa Grande do Ribeiro,PI,22,-45.1753,-8.5217
2201176,Barra D'Alcântara,PI,22,-42.1075,-6.5327
2201200,Barras,PI,22,-42.3024,-4.1581
2201309,Barreiras do Piauí,PI,22,-45.7169,-10.0672
2201408,Barro Duro,PI,22,-42.5159,-5.7895
2201507,Batalha,PI,22,-42.0236,-3.986
2201556,Bela Vista do Piauí,PI,22,-41.8634,-7.9893
2201572,Belém do Piauí,PI,22,-40.9856,-7.3834
2201606,Beneditinos,PI,22,-42.4266,-5.5012
2201705,Bertolínia,PI,22,-43.8379,-7.7304
2201739,Betânia do Piauí,PI,22,-40.7781,-8.1318
2201770,Boa Hora,PI,22,-42.1181,-4.3578
2201804,Bocaina,PI,22,-41.3204,-6.9105
2201903,Bom Jesus,PI,22,-44.5992,-9.2195
2201919,Bom Princípio do Piauí,PI,22,-41.6001,-3.168
2201929,Bonfim do Piauí,PI,22,-42.8895,-9.186
2201945,Boqueirão do Piauí,PI,22,-42.1101,-4.5434
2201960,Brasileira,PI,22,-41.6391,-4.1163
2201988,Brejo do Piauí,PI,22,-42.8099,-8.3796
2202000,Buriti dos Lopes,PI,22,-41.8094,-3.2615
2202026,Buriti dos Montes,PI,22,-41.2047,-5.1326
2202059,Cabeceiras do Piauí,PI,22,-42.3813,-4.4306
2202075,Cajazeiras do Piauí,PI,22,-42.4668,-6.783
2202083,Cajueiro da Praia,PI,22,-41.3491,-3.0006
2202091,Caldeirão Grande do Piauí,PI,22,-40.636,-7.2955
2202109,Campinas do Piauí,PI,22,-41.8578,-7.6752
2202117,Campo Alegre do Fidalgo,PI,22,-41.7868,-8.2465
2202133,Campo Grande do Piauí,PI,22,-41.0636,-7.1751
2202174,Campo Largo do Piauí,PI,22,-42.5614,-3.8699
2202208,Campo Maior,PI,22,-42.111,-4.8596
2202251,Canavieira,PI,22,-43.5896,-7.4899
2202307,Canto do Buriti,PI,22,-43.2578,-8.2871
2202406,Capitão de Campos,PI,22,-41.9179,-4.5222
2202455,Capitão Gervásio Oliveira,PI,22,-41.9133,-8.5403
2202505,Caracol,PI,22,-43.3632,-9.0892
2202539,Caraúbas do Piauí,PI,22,-41.8145,-3.5531
2202554,Caridade do Piauí,PI,22,-40.9558,-7.7051
2202604,Castelo do Piauí,PI,22,-41.5794,-5.2881
2202653,Caxingó,PI,22,-41.8877,-3.4022
2202703,Cocal,PI,22,-41.5486,-3.4289
2202711,Cocal de Telha,PI,22,-41.9771,-4.6185
2202729,Cocal dos Alves,PI,22,-41.4271,-3.6469
2202737,Coivaras,PI,22,-42.2701,-5.1457
2202752,Colônia do Gurguéia,PI,22,-43.662,-8.1796
2202778,Colônia do Piauí,PI,22,-42.1969,-7.2885
2202802,Conceição do Canindé,PI,22,-41.5785,-7.9178
2202851,Coronel José Dias,PI,22,-42.3161,-8.973
2202901,Corrente,PI,22,-45.1509,-10.4352
2203008,Cristalândia do Piauí,PI,22,-45.1602,-10.7535
2203107,Cristino Castro,PI,22,-44.0372,-8.7383
2203206,Curimatá,PI,22,-44.3311,-9.9298
2203230,Currais,PI,22,-44.7494,-8.8216
2203255,Curralinhos,PI,22,-42.8468,-5.6055
2203271,Curral Novo do Piauí,PI,22,-40.7625,-7.9011
2203305,Demerval Lobão,PI,22,-42.6572,-5.345
2203354,Dirceu Arcoverde,PI,22,-42.4501,-9.3429
2203404,Dom Expedito Lopes,PI,22,-41.6911,-6.9739
2203420,Domingos Mourão,PI,22,-41.3251,-4.2422
2203453,Dom Inocêncio,PI,22,-41.863,-8.8593
2203503,Elesbão Veloso,PI,22,-42.1973,-6.1742
2203602,Eliseu Martins,PI,22,-43.6727,-7.9955
2203701,Esperantina,PI,22,-42.2003,-3.8362
2203750,Fartura do Piauí,PI,22,-42.7972,-9.4801
2203800,Flores do Piauí,PI,22,-42.8462,-7.6377
2203859,Floresta do Piauí,PI,22,-41.7957,-7.4733
2203909,Floriano,PI,22,-43.0571,-6.9484
2204006,Francinópolis,PI,22,-42.2367,-6.4445
2204105,Francisco Ayres,PI,22,-42.7115,-6.6897
2204154,Francisco Macedo,PI,22,-40.8038,-7.3251
2204204,Francisco Santos,PI,22,-41.1545,-7.0583
2204303,Fronteiras,PI,22,-40.625,-7.0925
2204352,Geminiano,PI,22,-41.3237,-7.1949
2204402,Gilbués,PI,22,-45.4194,-9.6774
2204501,Guadalupe,PI,22,-43.7607,-6.8558
2204550,Guaribas,PI,22,-43.6163,-9.0896
2204600,Hugo Napoleão,PI,22,-42.5033,-6.0311
2204659,Ilha Grande,PI,22,-41.8153,-2.8266
2204709,Inhuma,PI,22,-41.7167,-6.6894
2204808,Ipiranga do Piauí,PI,22,-41.7574,-6.8153
2204907,Isaías Coelho,PI,22,-41.6489,-7.6641
2205003,Itainópolis,PI,22,-41.5258,-7.4063
2205102,Itaueira,PI,22,-43.0984,-7.5227
2205151,Jacobina do Piauí,PI,22,-41.2379,-7.9067
2205201,Jaicós,PI,22,-41.1954,-7.3831
2205250,Jardim do Mulato,PI,22,-42.5335,-6.1425
2205276,Jatobá do Piauí,PI,22,-41.9125,-4.8234
2205300,Jerumenha,PI,22,-43.5089,-7.1345
2205359,João Costa,PI,22,-42.4742,-8.576
2205409,Joaquim Pires,PI,22,-42.0931,-3.5367
2205458,Joca Marques,PI,22,-42.4311,-3.5293
2205508,José de Freitas,PI,22,-42.5584,-4.7144
2205516,Juazeiro do Piauí,PI,22,-41.5728,-4.9654
2205524,Júlio Borges,PI,22,-44.1623,-10.4614
2205532,Jurema,PI,22,-43.141,-9.0988
2205540,Lagoinha do Piauí,PI,22,-42.6314,-5.8172
2205557,Lagoa Alegre,PI,22,-42.5515,-4.4675
2205565,Lagoa do Barro do Piauí,PI,22,-41.5764,-8.5734
2205573,Lagoa de São Francisco,PI,22,-41.5915,-4.3666
2205581,Lagoa do Piauí,PI,22,-42.6088,-5.4604
2205599,Lagoa do Sítio,PI,22,-41.4426,-6.5032
2205607,Landri Sales,PI,22,-43.9468,-7.285
2205706,Luís Correia,PI,22,-41.491,-3.081
2205805,Luzilândia,PI,22,-42.3576,-3.5768
2205854,Madeiro,PI,22,-42.5229,-3.5589
2205904,Manoel Emídio,PI,22,-43.9757,-8.2153
2205953,Marcolândia,PI,22,-40.7289,-7.4204
2206001,Marcos Parente,PI,22,-43.8882,-7.0696
2206050,Massapê do Piauí,PI,22,-41.0754,-7.5411
2206100,Matias Olímpio,PI,22,-42.5825,-3.7224
2206209,Miguel Alves,PI,22,-42.7589,-4.2214
2206308,Miguel Leão,PI,22,-42.6836,-5.7179
2206357,Milton Brandão,PI,22,-41.4878,-4.7623
2206407,Monsenhor Gil,PI,22,-42.602,-5.6151
2206506,Monsenhor Hipólito,PI,22,-41.0372,-6.9465
2206605,Monte Alegre do Piauí,PI,22,-45.0058,-9.6785
2206654,Morro Cabeça no Tempo,PI,22,-43.8846,-9.8596
2206670,Morro do Chapéu do Piauí,PI,22,-42.2722,-3.7002
2206696,Murici dos Portelas,PI,22,-42.0019,-3.3563
2206704,Nazaré do Piauí,PI,22,-42.7022,-7.0786
2206720,Nazária,PI,22,-42.8751,-5.4366
2206753,Nossa Senhora de Nazaré,PI,22,-42.1939,-4.6465
2206803,Nossa Senhora dos Remédios,PI,22,-42.5974,-4.0201
2206902,Novo Oriente do Piauí,PI,22,-42.0115,-6.5383
2206951,Novo Santo Antônio,PI,22,-41.9204,-5.3066
2207009,Oeiras,PI,22,-42.1618,-6.916
2207108,Olho D'Água do Piauí,PI,22,-42.5595,-5.8358
2207207,Padre Marcos,PI,22,-40.8739,-7.3797
2207306,Paes Landim,PI,22,-42.2694,-7.8204
2207355,Pajeú do Piauí,PI,22,-42.8582,-7.9266
2207405,Palmeira do Piauí,PI,22,-44.4388,-8.5415
2207504,Palmeirais,PI,22,-42.9591,-5.8442
2207553,Paquetá,PI,22,-41.6761,-7.1404
2207603,Parnaguá,PI,22,-44.5877,-10.2671
2207702,Parnaíba,PI,22,-41.7499,-2.9523
2207751,Passagem Franca do Piauí,PI,22,-42.4157,-5.8901
2207777,Patos do Piauí,PI,22,-41.2876,-7.6598
2207793,Pau D'Arco do Piauí,PI,22,-42.4735,-5.2548
2207801,Paulistana,PI,22,-41.1122,-8.0918
2207850,Pavussu,PI,22,-43.3206,-7.9299
2207900,Pedro II,PI,22,-41.3886,-4.5134
2207934,Pedro Laurentino,PI,22,-42.2544,-8.0787
2207959,Nova Santa Rita,PI,22,-42.0352,-8.0798
2208007,Picos,PI,22,-41.5101,-7.0654
2208106,Pimenteiras,PI,22,-41.2988,-6.3444
2208205,Pio IX,PI,22,-40.6994,-6.8211
2208304,Piracuruca,PI,22,-41.6594,-3.824
2208403,Piripiri,PI,22,-41.7762,-4.3323
2208502,Porto,PI,22,-42.6973,-3.9244
2208551,Porto Alegre do Piauí,PI,22,-44.0532,-6.9481
2208601,Prata do Piauí,PI,22,-42.1666,-5.7247
2208650,Queimada Nova,PI,22,-41.3567,-8.5024
2208700,Redenção do Gurguéia,PI,22,-44.501,-9.5741
2208809,Regeneração,PI,22,-42.5127,-6.3166
2208858,Riacho Frio,PI,22,-44.7613,-9.9141
2208874,Ribeira do Piauí,PI,22,-42.606,-7.978
2208908,Ribeiro Gonçalves,PI,22,-45.3715,-8.002
2209005,Rio Grande do Piauí,PI,22,-43.1151,-7.8308
2209104,Santa Cruz do Piauí,PI,22,-41.7671,-7.2336
2209153,Santa Cruz dos Milagres,PI,22,-41.901,-5.9056
2209203,Santa Filomena,PI,22,-45.6877,-8.9546
2209302,Santa Luz,PI,22,-44.1578,-9.0059
2209351,Santana do Piauí,PI,22,-41.541,-6.9107
2209377,Santa Rosa do Piauí,PI,22,-42.2433,-6.8064
2209401,Santo Antônio de Lisboa,PI,22,-41.213,-6.864
2209450,Santo Antônio dos Milagres,PI,22,-42.695,-6.0621
2209500,Santo Inácio do Piauí,PI,22,-42.0034,-7.478
2209559,São Braz do Piauí,PI,22,-42.9902,-8.9486
2209609,São Félix do Piauí,PI,22,-42.1143,-5.9111
2209658,São Francisco de Assis do Piauí,PI,22,-41.5744,-8.203
2209708,São Francisco do Piauí,PI,22,-42.5181,-7.1991
2209757,São Gonçalo do Gurguéia,PI,22,-45.3882,-10.1165
2209807,São Gonçalo do Piauí,PI,22,-42.6713,-6.0101
2209856,São João da Canabrava,PI,22,-41.3912,-6.7226
2209872,São João da Fronteira,PI,22,-41.2569,-3.9686
2209906,São João da Serra,PI,22,-41.8615,-5.5353
2209955,São João da Varjota,PI,22,-41.8838,-6.9661
2209971,São João do Arraial,PI,22,-42.438,-3.8189
2210003,São João do Piauí,PI,22,-42.2469,-8.2948
2210052,São José do Divino,PI,22,-41.8725,-3.78
2210102,São José do Peixe,PI,22,-42.5787,-7.46
2210201,São José do Piauí,PI,22,-41.4855,-6.8075
2210300,São Julião,PI,22,-40.8324,-7.092
2210359,São Lourenço do Piauí,PI,22,-42.4853,-9.1376
2210375,São Luis do Piauí,PI,22,-41.2585,-6.7807
2210383,São Miguel da Baixa Grande,PI,22,-42.2607,-5.7945
2210391,São Miguel do Fidalgo,PI,22,-42.3204,-7.5765
2210409,São Miguel do Tapuio,PI,22,-41.5462,-5.7431
2210508,São Pedro do Piauí,PI,22,-42.7714,-5.8343
2210607,São Raimundo Nonato,PI,22,-42.6733,-9.0399
2210623,Sebastião Barros,PI,22,-44.8526,-10.6633
2210631,Sebastião Leal,PI,22,-44.0486,-7.5723
2210656,Sigefredo Pacheco,PI,22,-41.7904,-4.9342
2210706,Simões,PI,22,-40.7534,-7.6774
2210805,Simplício Mendes,PI,22,-41.9743,-7.8424
2210904,Socorro do Piauí,PI,22,-42.4662,-7.875
2210938,Sussuapara,PI,22,-41.3619,-6.999
2210953,Tamboril do Piauí,PI,22,-43.0559,-8.4794
2210979,Tanque do Piauí,PI,22,-42.2735,-6.6641
2211001,Teresina,PI,22,-42.7805,-5.2343
2211100,União,PI,22,-42.82,-4.5952
2211209,Uruçuí,PI,22,-44.5751,-7.5673
2211308,Valença do Piauí,PI,22,-41.7922,-6.3485
2211357,Várzea Branca,PI,22,-42.9285,-9.3285
2211407,Várzea Grande,PI,22,-42.2168,-6.5612
2211506,Vera Mendes,PI,22,-41.502,-7.5979
2211605,Vila Nova do Piauí,PI,22,-40.9332,-7.1901
2211704,Wall Ferraz,PI,22,-41.8747,-7.2876
2300101,Abaiara,CE,23,-39.0387,-7.3548
2300150,Acarape,CE,23,-38.6556,-4.2291
2300200,Acaraú,CE,23,-40.1118,-2.9871
2300309,Acopiara,CE,23,-39.4965,-6.107
2300408,Aiuaba,CE,23,-40.2813,-6.6193
2300507,Alcântaras,CE,23,-40.5307,-3.5876
2300606,Altaneira,CE,23,-39.6913,-6.9893
2300705,Alto Santo,CE,23,-38.2588,-5.5221
2300754,Amontada,CE,23,-39.783,-3.2292
2300804,Antonina do Norte,CE,23,-40.0153,-6.7691
2300903,Apuiarés,CE,23,-39.3264,-3.966
2301000,Aquiraz,CE,23,-38.3939,-3.9725
2301109,Aracati,CE,23,-37.7305,-4.6451
2301208,Aracoiaba,CE,23,-38.6908,-4.4801
2301257,Ararendá,CE,23,-40.7553,-4.7759
2301307,Araripe,CE,23,-40.0923,-7.2177
2301406,Aratuba,CE,23,-39.0227,-4.422
2301505,Arneiroz,CE,23,-40.0895,-6.2149
2301604,Assaré,CE,23,-39.8338,-6.9177
2301703,Aurora,CE,23,-38.9634,-7.0036
2301802,Baixio,CE,23,-38.7707,-6.7188
2301851,Banabuiú,CE,23,-38.8898,-5.2712
2301901,Barbalha,CE,23,-39.3247,-7.4143
2301950,Barreira,CE,23,-38.6238,-4.3197
2302008,Barro,CE,23,-38.7608,-7.1323
2302057,Barroquinha,CE,23,-41.1803,-2.9903
2302107,Baturité,CE,23,-38.8381,-4.3842
2302206,Beberibe,CE,23,-38.0746,-4.4212
2302305,Bela Cruz,CE,23,-40.2737,-3.0497
2302404,Boa Viagem,CE,23,-39.8369,-5.0633
2302503,Brejo Santo,CE,23,-38.9315,-7.5697
2302602,Camocim,CE,23,-40.8312,-2.9483
2302701,Campos Sales,CE,23,-40.2509,-6.9107
2302800,Canindé,CE,23,-39.4723,-4.4077
2302909,Capistrano,CE,23,-38.9263,-4.469
2303006,Caridade,CE,23,-39.0909,-4.1999
2303105,Cariré,CE,23,-40.549,-3.9529
2303204,Caririaçu,CE,23,-39.2595,-7.014
2303303,Cariús,CE,23,-39.4688,-6.6477
2303402,Carnaubal,CE,23,-41.0203,-4.1321
2303501,Cascavel,CE,23,-38.3026,-4.2086
2303600,Catarina,CE,23,-39.9265,-6.2412
2303659,Catunda,CE,23,-40.1789,-4.6125
2303709,Caucaia,CE,23,-38.804,-3.7778
2303808,Cedro,CE,23,-39.1195,-6.5838
2303907,Chaval,CE,23,-41.2331,-3.0647
2303931,Choró,CE,23,-39.2082,-4.7525
2303956,Chorozinho,CE,23,-38.4782,-4.3161
2304004,Coreaú,CE,23,-40.7133,-3.6649
2304103,Crateús,CE,23,-40.7734,-5.2344
2304202,Crato,CE,23,-39.468,-7.2546
2304236,Croatá,CE,23,-40.9959,-4.4001
2304251,Cruz,CE,23,-40.3244,-2.8955
2304269,Deputado Irapuan Pinheiro,CE,23,-39.2585,-5.8904
2304277,Ereré,CE,23,-38.3132,-5.9883
2304285,Eusébio,CE,23,-38.4482,-3.8639
2304301,Farias Brito,CE,23,-39.563,-6.9172
2304350,Forquilha,CE,23,-40.2623,-3.8326
2304400,Fortaleza,CE,23,-38.5087,-3.7939
2304459,Fortim,CE,23,-37.8536,-4.4452
2304509,Frecheirinha,CE,23,-40.8224,-3.7125
2304608,General Sampaio,CE,23,-39.467,-4.0731
2304657,Graça,CE,23,-40.777,-4.058
2304707,Granja,CE,23,-41.0171,-3.2712
2304806,Granjeiro,CE,23,-39.2377,-6.9109
2304905,Groaíras,CE,23,-40.3606,-3.914
2304954,Guaiúba,CE,23,-38.6503,-4.1041
2305001,Guaraciaba do Norte,CE,23,-40.9132,-4.2322
2305100,Guaramiranga,CE,23,-38.942,-4.2616
2305209,Hidrolândia,CE,23,-40.3958,-4.4566
2305233,Horizonte,CE,23,-38.4827,-4.0827
2305266,Ibaretama,CE,23,-38.716,-4.7605
2305308,Ibiapina,CE,23,-41.0047,-3.9572
2305332,Ibicuitinga,CE,23,-38.5529,-4.9756
2305357,Icapuí,CE,23,-37.4058,-4.7453
2305407,Icó,CE,23,-38.7834,-6.3741
2305506,Iguatu,CE,23,-39.2701,-6.3414
2305605,Independência,CE,23,-40.3288,-5.4889
2305654,Ipaporanga,CE,23,-40.795,-4.8746
2305704,Ipaumirim,CE,23,-38.7545,-6.8147
2305803,Ipu,CE,23,-40.6626,-4.3723
2305902,Ipueiras,CE,23,-40.8692,-4.5773
2306009,Iracema,CE,23,-38.3339,-5.7976
2306108,Irauçuba,CE,23,-39.7955,-3.8756
2306207,Itaiçaba,CE,23,-37.8405,-4.7112
2306256,Itaitinga,CE,23,-38.5485,-3.9994
2306306,Itapajé,CE,23,-39.5648,-3.7325
2306405,Itapipoca,CE,23,-39.5874,-3.3714
2306504,Itapiúna,CE,23,-38.9498,-4.589
2306553,Itarema,CE,23,-39.9006,-3.0728
2306603,Itatira,CE,23,-39.5823,-4.6382
2306702,Jaguaretama,CE,23,-38.7256,-5.5062
2306801,Jaguaribara,CE,23,-38.5196,-5.5914
2306900,Jaguaribe,CE,23,-38.6997,-5.9899
2307007,Jaguaruana,CE,23,-37.7676,-4.8282
2307106,Jardim,CE,23,-39.2254,-7.6205
2307205,Jati,CE,23,-39.0005,-7.7039
2307254,Jijoca de Jericoacoara,CE,23,-40.48,-2.891
2307304,Juazeiro do Norte,CE,23,-39.2911,-7.185
2307403,Jucás,CE,23,-39.6244,-6.456
2307502,Lavras da Mangabeira,CE,23,-38.9926,-6.7692
2307601,Limoeiro do Norte,CE,23,-38.0615,-5.1705
2307635,Madalena,CE,23,-39.4869,-4.8449
2307650,Maracanaú,CE,23,-38.638,-3.8708
2307700,Maranguape,CE,23,-38.8099,-4.0157
2307809,Marco,CE,23,-40.2906,-3.1776
2307908,Martinópole,CE,23,-40.6462,-3.19
2308005,Massapê,CE,23,-40.4041,-3.4902
2308104,Mauriti,CE,23,-38.6733,-7.3907
2308203,Meruoca,CE,23,-40.4563,-3.5751
2308302,Milagres,CE,23,-38.9495,-7.2772
2308351,Milhã,CE,23,-39.1754,-5.6333
2308377,Miraíma,CE,23,-39.9293,-3.5731
2308401,Missão Velha,CE,23,-39.1474,-7.2933
2308500,Mombaça,CE,23,-39.7797,-5.831
2308609,Monsenhor Tabosa,CE,23,-40.0501,-4.917
2308708,Morada Nova,CE,23,-38.4564,-4.9304
2308807,Moraújo,CE,23,-40.6619,-3.4579
2308906,Morrinhos,CE,23,-40.1298,-3.2945
2309003,Mucambo,CE,23,-40.7597,-3.8961
2309102,Mulungu,CE,23,-38.9911,-4.3265
2309201,Nova Olinda,CE,23,-39.6728,-7.0668
2309300,Nova Russas,CE,23,-40.5651,-4.7058
2309409,Novo Oriente,CE,23,-40.762,-5.5903
2309458,Ocara,CE,23,-38.5029,-4.5384
2309508,Orós,CE,23,-38.957,-6.2509
2309607,Pacajus,CE,23,-38.5234,-4.1984
2309706,Pacatuba,CE,23,-38.6054,-3.9755
2309805,Pacoti,CE,23,-38.8998,-4.1977
2309904,Pacujá,CE,23,-40.673,-3.9903
2310001,Palhano,CE,23,-38.0304,-4.6879
2310100,Palmácia,CE,23,-38.8465,-4.1275
2310209,Paracuru,CE,23,-39.0535,-3.4815
2310258,Paraipaba,CE,23,-39.1563,-3.4164
2310308,Parambu,CE,23,-40.6094,-6.2671
2310407,Paramoti,CE,23,-39.3671,-4.1388
2310506,Pedra Branca,CE,23,-39.8821,-5.5022
2310605,Penaforte,CE,23,-39.0575,-7.7694
2310704,Pentecoste,CE,23,-39.1639,-3.8584
2310803,Pereiro,CE,23,-38.4959,-6.0134
2310852,Pindoretama,CE,23,-38.2998,-4.0557
2310902,Piquet Carneiro,CE,23,-39.431,-5.8687
2310951,Pires Ferreira,CE,23,-40.5514,-4.2569
2311009,Poranga,CE,23,-41.0836,-4.7893
2311108,Porteiras,CE,23,-39.1124,-7.5364
2311207,Potengi,CE,23,-40.0018,-7.0739
2311231,Potiretama,CE,23,-38.1654,-5.7589
2311264,Quiterianópolis,CE,23,-40.738,-5.8907
2311306,Quixadá,CE,23,-38.9246,-4.9446
2311355,Quixelô,CE,23,-39.1307,-6.1759
2311405,Quixeramobim,CE,23,-39.3111,-5.1842
2311504,Quixeré,CE,23,-37.8589,-5.0792
2311603,Redenção,CE,23,-38.7521,-4.2568
2311702,Reriutaba,CE,23,-40.606,-4.1112
2311801,Russas,CE,23,-38.128,-4.8356
2311900,Saboeiro,CE,23,-39.8922,-6.4883
2311959,Salitre,CE,23,-40.3146,-7.1757
2312007,Santana do Acaraú,CE,23,-40.1533,-3.4666
2312106,Santana do Cariri,CE,23,-39.7709,-7.2107
2312205,Santa Quitéria,CE,23,-39.9997,-4.3936
2312304,São Benedito,CE,23,-40.9858,-4.059
2312403,São Gonçalo do Amarante,CE,23,-39.0548,-3.5747
2312502,São João do Jaguaribe,CE,23,-38.2625,-5.3223
2312601,São Luís do Curu,CE,23,-39.2566,-3.6555
2312700,Senador Pompeu,CE,23,-39.457,-5.5903
2312809,Senador Sá,CE,23,-40.4733,-3.2778
2312908,Sobral,CE,23,-40.2359,-3.7884
2313005,Solonópole,CE,23,-38.9986,-5.8418
2313104,Tabuleiro do Norte,CE,23,-38.0292,-5.3961
2313203,Tamboril,CE,23,-40.3114,-4.9014
2313252,Tarrafas,CE,23,-39.7325,-6.7307
2313302,Tauá,CE,23,-40.2705,-5.9032
2313351,Tejuçuoca,CE,23,-39.5719,-3.9249
2313401,Tianguá,CE,23,-41.0304,-3.6952
2313500,Trairi,CE,23,-39.3643,-3.352
2313559,Tururu,CE,23,-39.4247,-3.5638
2313609,Ubajara,CE,23,-41.0191,-3.8698
2313708,Umari,CE,23,-38.7378,-6.6082
2313757,Umirim,CE,23,-39.3846,-3.691
2313807,Uruburetama,CE,23,-39.5167,-3.6267
2313906,Uruoca,CE,23,-40.6898,-3.349
2313955,Varjota,CE,23,-40.4994,-4.1623
2314003,Várzea Alegre,CE,23,-39.3093,-6.7578
2314102,Viçosa do Ceará,CE,23,-41.1699,-3.5388
2400109,Acari,RN,24,-36.6579,-6.417
2400208,Assú,RN,24,-36.968,-5.5984
2400307,Afonso Bezerra,RN,24,-36.6593,-5.464
2400406,Água Nova,RN,24,-38.3079,-6.203
2400505,Alexandria,RN,24,-37.976,-6.3502
2400604,Almino Afonso,RN,24,-37.7621,-6.1476
2400703,Alto do Rodrigues,RN,24,-36.6712,-5.3717
2400802,Angicos,RN,24,-36.5579,-5.6573
2400901,Antônio Martins,RN,24,-37.9237,-6.2198
2401008,Apodi,RN,24,-37.8511,-5.6519
2401107,Areia Branca,RN,24,-37.041,-5.0074
2401206,Arez,RN,24,-35.1942,-6.1907
2401305,Campo Grande,RN,24,-37.315,-5.9283
2401404,Baía Formosa,RN,24,-35.0544,-6.433
2401453,Baraúna,RN,24,-37.6374,-5.0694
2401503,Barcelona,RN,24,-35.9248,-5.9718
2401602,Bento Fernandes,RN,24,-35.8017,-5.6619
2401651,Bodó,RN,24,-36.4267,-5.9526
2401701,Bom Jesus,RN,24,-35.5848,-6.0134
2401800,Brejinho,RN,24,-35.3793,-6.2208
2401859,Caiçara do Norte,RN,24,-36.0822,-5.2142
2401909,Caiçara do Rio do Vento,RN,24,-36.0002,-5.7642
2402006,Caicó,RN,24,-37.0531,-6.4685
2402105,Campo Redondo,RN,24,-36.2076,-6.236
2402204,Canguaretama,RN,24,-35.1287,-6.3677
2402303,Caraúbas,RN,24,-37.5947,-5.7907
2402402,Carnaúba dos Dantas,RN,24,-36.5502,-6.5569
2402501,Carnaubais,RN,24,-36.8484,-5.2791
2402600,Ceará-Mirim,RN,24,-35.4131,-5.6173
2402709,Cerro Corá,RN,24,-36.3447,-5.9871
2402808,Coronel Ezequiel,RN,24,-36.1937,-6.3529
2402907,Coronel João Pessoa,RN,24,-38.4103,-6.2433
2403004,Cruzeta,RN,24,-36.8199,-6.3563
2403103,Currais Novos,RN,24,-36.46,-6.2323
2403202,Doutor Severiano,RN,24,-38.3963,-6.1098
2403251,Parnamirim,RN,24,-35.212,-5.9319
2403301,Encanto,RN,24,-38.3108,-6.143
2403400,Equador,RN,24,-36.6507,-6.8613
2403509,Espírito Santo,RN,24,-35.3001,-6.3204
2403608,Extremoz,RN,24,-35.2696,-5.6945
2403707,Felipe Guerra,RN,24,-37.6606,-5.5486
2403756,Fernando Pedroza,RN,24,-36.4296,-5.7568
2403806,Florânia,RN,24,-36.8164,-6.1718
2403905,Francisco Dantas,RN,24,-38.1133,-6.0499
2404002,Frutuoso Gomes,RN,24,-37.8353,-6.1532
2404101,Galinhos,RN,24,-36.2192,-5.1415
2404200,Goianinha,RN,24,-35.2126,-6.2877
2404309,Governador Dix-Sept Rosado,RN,24,-37.5498,-5.4223
2404408,Grossos,RN,24,-37.1949,-4.9569
2404507,Guamaré,RN,24,-36.3327,-5.153
2404606,Ielmo Marinho,RN,24,-35.5581,-5.7616
2404705,Ipanguaçu,RN,24,-36.8131,-5.5569
2404804,Ipueira,RN,24,-37.191,-6.7693
2404853,Itajá,RN,24,-36.8148,-5.689
2404903,Itaú,RN,24,-37.9213,-5.8088
2405009,Jaçanã,RN,24,-36.2433,-6.4002
2405108,Jandaíra,RN,24,-36.106,-5.3637
2405207,Janduís,RN,24,-37.4785,-5.9822
2405306,Januário Cicco,RN,24,-35.6042,-6.1379
2405405,Japi,RN,24,-35.8913,-6.4239
2405504,Jardim de Angicos,RN,24,-35.9685,-5.6468
2405603,Jardim de Piranhas,RN,24,-37.2668,-6.2904
2405702,Jardim do Seridó,RN,24,-36.7991,-6.5846
2405801,João Câmara,RN,24,-35.8482,-5.5168
2405900,João Dias,RN,24,-37.8375,-6.2886
2406007,José da Penha,RN,24,-38.2848,-6.3487
2406106,Jucurutu,RN,24,-37.008,-6.0272
2406155,Jundiá,RN,24,-35.3406,-6.2458
2406205,Lagoa d'Anta,RN,24,-35.6211,-6.3804
2406304,Lagoa de Pedras,RN,24,-35.4562,-6.1859
2406403,Lagoa de Velhos,RN,24,-35.8473,-6.0167
2406502,Lagoa Nova,RN,24,-36.5214,-6.0968
2406601,Lagoa Salgada,RN,24,-35.5062,-6.1564
2406700,Lajes,RN,24,-36.1833,-5.6811
2406809,Lajes Pintadas,RN,24,-36.1477,-6.1559
2406908,Lucrécia,RN,24,-37.8188,-6.0989
2407005,Luís Gomes,RN,24,-38.4095,-6.3781
2407104,Macaíba,RN,24,-35.4454,-5.9236
2407203,Macau,RN,24,-36.5387,-5.194
2407252,Major Sales,RN,24,-38.3229,-6.4029
2407302,Marcelino Vieira,RN,24,-38.1651,-6.2907
2407401,Martins,RN,24,-37.8994,-6.0901
2407500,Maxaranguape,RN,24,-35.3438,-5.4674
2407609,Messias Targino,RN,24,-37.4486,-6.0745
2407708,Montanhas,RN,24,-35.2762,-6.5007
2407807,Monte Alegre,RN,24,-35.4132,-6.1041
2407906,Monte das Gameleiras,RN,24,-35.8049,-6.4476
2408003,Mossoró,RN,24,-37.279,-5.1188
2408102,Natal,RN,24,-35.2276,-5.812
2408201,Nísia Floresta,RN,24,-35.1848,-6.0667
2408300,Nova Cruz,RN,24,-35.4591,-6.444
2408409,Olho d'Água do Borges,RN,24,-37.7148,-5.9775
2408508,Ouro Branco,RN,24,-36.928,-6.6803
2408607,Paraná,RN,24,-38.2943,-6.4448
2408706,Paraú,RN,24,-37.126,-5.7642
2408805,Parazinho,RN,24,-35.9584,-5.2874
2408904,Parelhas,RN,24,-36.6299,-6.713
2408953,Rio do Fogo,RN,24,-35.3827,-5.3619
2409100,Passa e Fica,RN,24,-35.6252,-6.4419
2409209,Passagem,RN,24,-35.4025,-6.2806
2409308,Patu,RN,24,-37.6263,-6.0889
2409332,Santa Maria,RN,24,-35.7243,-5.7939
2409407,Pau dos Ferros,RN,24,-38.1556,-6.1263
2409506,Pedra Grande,RN,24,-35.863,-5.1589
2409605,Pedra Preta,RN,24,-36.1003,-5.5087
2409704,Pedro Avelino,RN,24,-36.3377,-5.4664
2409803,Pedro Velho,RN,24,-35.2324,-6.4671
2409902,Pendências,RN,24,-36.6054,-5.3072
2410009,Pilões,RN,24,-38.0231,-6.2914
2410108,Poço Branco,RN,24,-35.6723,-5.5994
2410207,Portalegre,RN,24,-38.014,-6.0379
2410256,Porto do Mangue,RN,24,-36.8491,-5.0916
2410306,Serra Caiada,RN,24,-35.7284,-6.1048
2410405,Pureza,RN,24,-35.6003,-5.4204
2410504,Rafael Fernandes,RN,24,-38.2293,-6.1977
2410603,Rafael Godeiro,RN,24,-37.7237,-6.0714
2410702,Riacho da Cruz,RN,24,-37.961,-5.9231
2410801,Riacho de Santana,RN,24,-38.3275,-6.2709
2410900,Riachuelo,RN,24,-35.8526,-5.8335
2411007,Rodolfo Fernandes,RN,24,-38.078,-5.8746
2411056,Tibau,RN,24,-37.3126,-4.9032
2411106,Ruy Barbosa,RN,24,-35.9316,-5.8612
2411205,Santa Cruz,RN,24,-36.026,-6.2505
2411403,Santana do Matos,RN,24,-36.6211,-5.8924
2411429,Santana do Seridó,RN,24,-36.7581,-6.7478
2411502,Santo Antônio,RN,24,-35.4959,-6.3278
2411601,São Bento do Norte,RN,24,-35.992,-5.1616
2411700,São Bento do Trairí,RN,24,-36.0499,-6.4016
2411809,São Fernando,RN,24,-37.1351,-6.324
2411908,São Francisco do Oeste,RN,24,-38.1651,-5.9791
2412005,São Gonçalo do Amarante,RN,24,-35.3445,-5.7708
2412104,São João do Sabugi,RN,24,-37.1806,-6.6878
2412203,São José de Mipibu,RN,24,-35.293,-6.0948
2412302,São José do Campestre,RN,24,-35.7403,-6.2904
2412401,São José do Seridó,RN,24,-36.8458,-6.4853
2412500,São Miguel,RN,24,-38.4613,-6.2113
2412559,São Miguel do Gostoso,RN,24,-35.7394,-5.2113
2412609,São Paulo do Potengi,RN,24,-35.7652,-5.9302
2412708,São Pedro,RN,24,-35.6264,-5.8947
2412807,São Rafael,RN,24,-36.903,-5.8401
2412906,São Tomé,RN,24,-36.1306,-5.9901
2413003,São Vicente,RN,24,-36.6567,-6.2138
2413102,Senador Elói de Souza,RN,24,-35.688,-6.0313
2413201,Senador Georgino Avelino,RN,24,-35.1141,-6.169
2413300,Serra de São Bento,RN,24,-35.7066,-6.4213
2413359,Serra do Mel,RN,24,-37.0251,-5.1327
2413409,Serra Negra do Norte,RN,24,-37.3512,-6.5948
2413508,Serrinha,RN,24,-35.5813,-6.2507
2413557,Serrinha dos Pintos,RN,24,-37.9918,-6.1452
2413607,Severiano Melo,RN,24,-37.9829,-5.7769
2413706,Sítio Novo,RN,24,-35.9436,-6.097
2413805,Taboleiro Grande,RN,24,-38.0491,-5.9399
2413904,Taipu,RN,24,-35.5678,-5.5944
2414001,Tangará,RN,24,-35.7978,-6.2019
2414100,Tenente Ananias,RN,24,-38.1553,-6.4458
2414159,Tenente Laurentino Cruz,RN,24,-36.7137,-6.1682
2414209,Tibau do Sul,RN,24,-35.0978,-6.246
2414308,Timbaúba dos Batistas,RN,24,-37.2325,-6.4795
2414407,Touros,RN,24,-35.6124,-5.293
2414456,Triunfo Potiguar,RN,24,-37.1217,-5.9225
2414506,Umarizal,RN,24,-37.8277,-6.0022
2414605,Upanema,RN,24,-37.2836,-5.6187
2414704,Várzea,RN,24,-35.3588,-6.3242
2414753,Venha-Ver,RN,24,-38.5117,-6.3215
2414803,Vera Cruz,RN,24,-35.4619,-6.0456
2414902,Viçosa,RN,24,-37.9494,-5.9872
2415008,Vila Flor,RN,24,-35.0752,-6.3017
2500106,Água Branca,PB,25,-37.6628,-7.473
2500205,Aguiar,PB,25,-38.2261,-7.086
2500304,Alagoa Grande,PB,25,-35.6071,-7.0477
2500403,Alagoa Nova,PB,25,-35.7631,-7.0505
2500502,Alagoinha,PB,25,-35.5341,-6.9568
2500536,Alcantil,PB,25,-36.0617,-7.6988
2500577,Algodão de Jandaíra,PB,25,-35.9324,-6.8796
2500601,Alhandra,PB,25,-34.9337,-7.3617
2500700,São João do Rio do Peixe,PB,25,-38.4324,-6.7262
2500734,Amparo,PB,25,-37.0419,-7.5686
2500775,Aparecida,PB,25,-38.0651,-6.7851
2500809,Araçagi,PB,25,-35.358,-6.8504
2500908,Arara,PB,25,-35.7373,-6.8545
2501005,Araruna,PB,25,-35.7375,-6.5331
2501104,Areia,PB,25,-35.7094,-6.9553
2501153,Areia de Baraúnas,PB,25,-36.9672,-7.1084
2501203,Areial,PB,25,-35.9311,-7.0537
2501302,Aroeiras,PB,25,-35.7176,-7.5252
2501351,Assunção,PB,25,-36.7129,-7.0651
2501401,Baía da Traição,PB,25,-34.9804,-6.6712
2501500,Bananeiras,PB,25,-35.6032,-6.6882
2501534,Baraúna,PB,25,-36.2582,-6.6243
2501575,Barra de Santana,PB,25,-35.9616,-7.5725
2501609,Barra de Santa Rosa,PB,25,-36.0246,-6.7728
2501708,Barra de São Miguel,PB,25,-36.2585,-7.7017
2501807,Bayeux,PB,25,-34.9175,-7.1246
2501906,Belém,PB,25,-35.495,-6.7118
2502003,Belém do Brejo do Cruz,PB,25,-37.3667,-6.1484
2502052,Bernardino Batista,PB,25,-38.552,-6.477
2502102,Boa Ventura,PB,25,-38.1903,-7.429
2502151,Boa Vista,PB,25,-36.2117,-7.2877
2502201,Bom Jesus,PB,25,-38.6338,-6.8291
2502300,Bom Sucesso,PB,25,-37.9578,-6.4846
2502409,Bonito de Santa Fé,PB,25,-38.4779,-7.2858
2502508,Boqueirão,PB,25,-36.1357,-7.4938
2502607,Igaracy,PB,25,-38.1322,-7.1562
2502706,Borborema,PB,25,-35.6015,-6.7905
2502805,Brejo do Cruz,PB,25,-37.498,-6.3219
2502904,Brejo dos Santos,PB,25,-37.8585,-6.4043
2503001,Caaporã,PB,25,-34.9267,-7.4781
2503100,Cabaceiras,PB,25,-36.2585,-7.4408
2503209,Cabedelo,PB,25,-34.8518,-7.0506
2503308,Cachoeira dos Índios,PB,25,-38.6939,-6.9385
2503407,Cacimba de Areia,PB,25,-37.1735,-7.1421
2503506,Cacimba de Dentro,PB,25,-35.8052,-6.6198
2503555,Cacimbas,PB,25,-37.0967,-7.2155
2503605,Caiçara,PB,25,-35.4081,-6.6033
2503704,Cajazeiras,PB,25,-38.5617,-6.9433
2503753,Cajazeirinhas,PB,25,-37.7953,-6.9601
2503803,Caldas Brandão,PB,25,-35.3469,-7.1158
2503902,Camalaú,PB,25,-36.8049,-7.9156
2504009,Campina Grande,PB,25,-35.9265,-7.2603
2504033,Capim,PB,25,-35.1724,-6.8995
2504074,Caraúbas,PB,25,-36.511,-7.7505
2504108,Carrapateira,PB,25,-38.3287,-7.0388
2504157,Casserengue,PB,25,-35.842,-6.7644
2504207,Catingueira,PB,25,-37.6084,-7.1663
2504306,Catolé do Rocha,PB,25,-37.699,-6.3304
2504355,Caturité,PB,25,-36.0533,-7.4186
2504405,Conceição,PB,25,-38.5182,-7.5232
2504504,Condado,PB,25,-37.6244,-6.8822
2504603,Conde,PB,25,-34.8599,-7.2936
2504702,Congo,PB,25,-36.63,-7.8209
2504801,Coremas,PB,25,-37.9746,-7.0693
2504850,Coxixola,PB,25,-36.6142,-7.6583
2504900,Cruz do Espírito Santo,PB,25,-35.1108,-7.1545
2505006,Cubati,PB,25,-36.3272,-6.854
2505105,Cuité,PB,25,-36.0483,-6.5385
2505204,Cuitegi,PB,25,-35.5198,-6.9024
2505238,Cuité de Mamanguape,PB,25,-35.2486,-6.9117
2505279,Curral de Cima,PB,25,-35.2934,-6.7344
2505303,Curral Velho,PB,25,-38.1818,-7.5314
2505352,Damião,PB,25,-35.9266,-6.6613
2505402,Desterro,PB,25,-37.0862,-7.2892
2505501,Vista Serrana,PB,25,-37.5732,-6.7604
2505600,Diamante,PB,25,-38.3101,-7.4426
2505709,Dona Inês,PB,25,-35.6538,-6.6142
2505808,Duas Estradas,PB,25,-35.3891,-6.7294
2505907,Emas,PB,25,-37.7687,-7.0951
2506004,Esperança,PB,25,-35.8711,-7.0069
2506103,Fagundes,PB,25,-35.7915,-7.4032
2506202,Frei Martinho,PB,25,-36.4291,-6.4031
2506251,Gado Bravo,PB,25,-35.8257,-7.5607
2506301,Guarabira,PB,25,-35.4594,-6.8824
2506400,Gurinhém,PB,25,-35.4383,-7.152
2506509,Gurjão,PB,25,-36.4727,-7.2643
2506608,Ibiara,PB,25,-38.3949,-7.5051
2506707,Imaculada,PB,25,-37.5441,-7.3732
2506806,Ingá,PB,25,-35.628,-7.2642
2506905,Itabaiana,PB,25,-35.3593,-7.3305
2507002,Itaporanga,PB,25,-38.1964,-7.2857
2507101,Itapororoca,PB,25,-35.2683,-6.8155
2507200,Itatuba,PB,25,-35.6311,-7.4194
2507309,Jacaraú,PB,25,-35.2749,-6.6042
2507408,Jericó,PB,25,-37.8157,-6.5161
2507507,João Pessoa,PB,25,-34.8781,-7.1566
2507606,Juarez Távora,PB,25,-35.5726,-7.1672
2507705,Juazeirinho,PB,25,-36.5754,-7.0655
2507804,Junco do Seridó,PB,25,-36.7462,-6.9875
2507903,Juripiranga,PB,25,-35.2168,-7.3654
2508000,Juru,PB,25,-37.7945,-7.5065
2508109,Lagoa,PB,25,-37.8893,-6.5814
2508208,Lagoa de Dentro,PB,25,-35.3598,-6.6834
2508307,Lagoa Seca,PB,25,-35.8595,-7.1518
2508406,Lastro,PB,25,-38.1814,-6.5594
2508505,Livramento,PB,25,-36.9289,-7.3434
2508554,Logradouro,PB,25,-35.4246,-6.5335
2508604,Lucena,PB,25,-34.8936,-6.9274
2508703,Mãe d'Água,PB,25,-37.4401,-7.257
2508802,Malta,PB,25,-37.5265,-6.8833
2508901,Mamanguape,PB,25,-35.1476,-6.6986
2509008,Manaíra,PB,25,-38.194,-7.7009
2509057,Marcação,PB,25,-35.0059,-6.7457
2509107,Mari,PB,25,-35.3047,-7.0246
2509156,Marizópolis,PB,25,-38.3401,-6.8312
2509206,Massaranduba,PB,25,-35.754,-7.1954
2509305,Mataraca,PB,25,-35.0504,-6.553
2509339,Matinhas,PB,25,-35.7599,-7.1126
2509370,Mato Grosso,PB,25,-37.7509,-6.5591
2509396,Maturéia,PB,25,-37.3586,-7.2993
2509404,Mogeiro,PB,25,-35.4949,-7.2857
2509503,Montadas,PB,25,-35.9435,-7.0898
2509602,Monte Horebe,PB,25,-38.5136,-7.2068
2509701,Monteiro,PB,25,-37.1273,-7.9148
2509800,Mulungu,PB,25,-35.4188,-7.0039
2509909,Natuba,PB,25,-35.5776,-7.5772
2510006,Nazarezinho,PB,25,-38.3265,-6.9519
2510105,Nova Floresta,PB,25,-36.1962,-6.465
2510204,Nova Olinda,PB,25,-38.0246,-7.4674
2510303,Nova Palmeira,PB,25,-36.4163,-6.6913
2510402,Olho d'Água,PB,25,-37.7376,-7.2828
2510501,Olivedos,PB,25,-36.2392,-6.9762
2510600,Ouro Velho,PB,25,-37.1304,-7.6071
2510659,Parari,PB,25,-36.6555,-7.3204
2510709,Passagem,PB,25,-37.0433,-7.1206
2510808,Patos,PB,25,-37.3278,-7.0229
2510907,Paulista,PB,25,-37.6012,-6.6131
2511004,Pedra Branca,PB,25,-38.082,-7.464
2511103,Pedra Lavrada,PB,25,-36.3826,-6.7603
2511202,Pedras de Fogo,PB,25,-35.0758,-7.3434
2511301,Piancó,PB,25,-37.9688,-7.1828
2511400,Picuí,PB,25,-36.3355,-6.4974
2511509,Pilar,PB,25,-35.277,-7.2893
2511608,Pilões,PB,25,-35.5962,-6.8921
2511707,Pilõezinhos,PB,25,-35.5419,-6.8483
2511806,Pirpirituba,PB,25,-35.491,-6.7853
2511905,Pitimbu,PB,25,-34.8432,-7.4434
2512002,Pocinhos,PB,25,-36.0911,-7.0433
2512036,Poço Dantas,PB,25,-38.5189,-6.4012
2512077,Poço de José de Moura,PB,25,-38.4964,-6.5846
2512101,Pombal,PB,25,-37.88,-6.8022
2512200,Prata,PB,25,-37.0954,-7.6711
2512309,Princesa Isabel,PB,25,-38.0174,-7.6333
2512408,Puxinanã,PB,25,-35.9539,-7.1512
2512507,Queimadas,PB,25,-35.892,-7.4031
2512606,Quixaba,PB,25,-37.1235,-7.0499
2512705,Remígio,PB,25,-35.8597,-6.9308
2512721,Pedro Régis,PB,25,-35.2904,-6.6722
2512747,Riachão,PB,25,-35.6569,-6.5521
2512754,Riachão do Bacamarte,PB,25,-35.6727,-7.2366
2512762,Riachão do Poço,PB,25,-35.292,-7.1582
2512788,Riacho de Santo Antônio,PB,25,-36.127,-7.6645
2512804,Riacho dos Cavalos,PB,25,-37.6227,-6.4958
2512903,Rio Tinto,PB,25,-35.04,-6.7624
2513000,Salgadinho,PB,25,-36.8329,-7.0944
2513109,Salgado de São Félix,PB,25,-35.4593,-7.3976
2513158,Santa Cecília,PB,25,-35.9141,-7.7298
2513208,Santa Cruz,PB,25,-38.0557,-6.5491
2513307,Santa Helena,PB,25,-38.5785,-6.7237
2513356,Santa Inês,PB,25,-38.5806,-7.6489
2513406,Santa Luzia,PB,25,-36.9152,-6.9308
2513505,Santana de Mangueira,PB,25,-38.3324,-7.6361
2513604,Santana dos Garrotes,PB,25,-37.9661,-7.3891
2513653,Joca Claudino,PB,25,-38.491,-6.4781
2513703,Santa Rita,PB,25,-34.9957,-7.1095
2513802,Santa Teresinha,PB,25,-37.4364,-7.1132
2513851,Santo André,PB,25,-36.6139,-7.2243
2513901,São Bento,PB,25,-37.4872,-6.4579
2513927,São Bentinho,PB,25,-37.7137,-6.8899
2513943,São Domingos do Cariri,PB,25,-36.3718,-7.599
2513968,São Domingos,PB,25,-37.9487,-6.8172
2513984,São Francisco,PB,25,-38.0451,-6.636
2514008,São João do Cariri,PB,25,-36.4998,-7.4518
2514107,São João do Tigre,PB,25,-36.809,-8.1288
2514206,São José da Lagoa Tapada,PB,25,-38.1373,-6.9429
2514305,São José de Caiana,PB,25,-38.3192,-7.2455
2514404,São José de Espinharas,PB,25,-37.4158,-6.7988
2514453,São José dos Ramos,PB,25,-35.3599,-7.2404
2514503,São José de Piranhas,PB,25,-38.4929,-7.1034
2514552,São José de Princesa,PB,25,-38.1006,-7.7044
2514602,São José do Bonfim,PB,25,-37.3074,-7.1491
2514651,São José do Brejo do Cruz,PB,25,-37.3594,-6.2384
2514701,São José do Sabugi,PB,25,-36.813,-6.8446
2514800,São José dos Cordeiros,PB,25,-36.8706,-7.414
2514909,São Mamede,PB,25,-37.0713,-6.9349
2515005,São Miguel de Taipu,PB,25,-35.1977,-7.2339
2515104,São Sebastião de Lagoa de Roça,PB,25,-35.862,-7.0811
2515203,São Sebastião do Umbuzeiro,PB,25,-37.0069,-8.1549
2515302,Sapé,PB,25,-35.1984,-7.0435
2515401,São Vicente do Seridó,PB,25,-36.452,-6.8999
2515500,Serra Branca,PB,25,-36.7342,-7.5737
2515609,Serra da Raiz,PB,25,-35.4519,-6.7059
2515708,Serra Grande,PB,25,-38.3869,-7.2359
2515807,Serra Redonda,PB,25,-35.6661,-7.1728
2515906,Serraria,PB,25,-35.6396,-6.8335
2515930,Sertãozinho,PB,25,-35.4172,-6.7448
2515971,Sobrado,PB,25,-35.2678,-7.1755
2516003,Solânea,PB,25,-35.7124,-6.7504
2516102,Soledade,PB,25,-36.3636,-7.1204
2516151,Sossêgo,PB,25,-36.2099,-6.7107
2516201,Sousa,PB,25,-38.2356,-6.7432
2516300,Sumé,PB,25,-36.9277,-7.6326
2516409,Tacima,PB,25,-35.5404,-6.5398
2516508,Taperoá,PB,25,-36.8185,-7.2082
2516607,Tavares,PB,25,-37.8809,-7.596
2516706,Teixeira,PB,25,-37.2566,-7.2397
2516755,Tenório,PB,25,-36.6298,-6.9614
2516805,Triunfo,PB,25,-38.5554,-6.598
2516904,Uiraúna,PB,25,-38.3951,-6.5109
2517001,Umbuzeiro,PB,25,-35.7265,-7.6787
2517100,Várzea,PB,25,-37.0352,-6.7854
2517209,Vieirópolis,PB,25,-38.2901,-6.5658
2517407,Zabelê,PB,25,-37.1051,-8.07
2600054,Abreu e Lima,PE,26,-35.0162,-7.8877
2600104,Afogados da Ingazeira,PE,26,-37.635,-7.7053
2600203,Afrânio,PE,26,-41.0447,-8.6144
2600302,Agrestina,PE,26,-35.9313,-8.4717
2600401,Água Preta,PE,26,-35.4789,-8.7223
2600500,Águas Belas,PE,26,-37.0364,-9.1016
2600609,Alagoinha,PE,26,-36.7715,-8.4898
2600708,Aliança,PE,26,-35.191,-7.6166
2600807,Altinho,PE,26,-36.0948,-8.4653
2600906,Amaraji,PE,26,-35.4809,-8.3703
2601003,Angelim,PE,26,-36.2838,-8.8766
2601052,Araçoiaba,PE,26,-35.067,-7.8036
2601102,Araripina,PE,26,-40.5255,-7.6653
2601201,Arcoverde,PE,26,-37.0162,-8.3843
2601300,Barra de Guabiraba,PE,26,-35.6434,-8.4067
2601409,Barreiros,PE,26,-35.2347,-8.823
2601508,Belém de Maria,PE,26,-35.8234,-8.5985
2601607,Belém do São Francisco,PE,26,-38.9913,-8.5624
2601706,Belo Jardim,PE,26,-36.4184,-8.2643
2601805,Betânia,PE,26,-37.9928,-8.2588
2601904,Bezerros,PE,26,-35.7999,-8.2557
2602001,Bodocó,PE,26,-39.9698,-7.6836
2602100,Bom Conselho,PE,26,-36.6779,-9.1787
2602209,Bom Jardim,PE,26,-35.5648,-7.7722
2602308,Bonito,PE,26,-35.7031,-8.4893
2602407,Brejão,PE,26,-36.5395,-9.0415
2602506,Brejinho,PE,26,-37.3275,-7.3472
2602605,Brejo da Madre de Deus,PE,26,-36.2365,-8.0992
2602704,Buenos Aires,PE,26,-35.3472,-7.7394
2602803,Buíque,PE,26,-37.1279,-8.6921
2602902,Cabo de Santo Agostinho,PE,26,-35.0797,-8.2711
2603009,Cabrobó,PE,26,-39.3341,-8.4008
2603108,Cachoeirinha,PE,26,-36.2951,-8.4975
2603207,Caetés,PE,26,-36.655,-8.8078
2603306,Calçado,PE,26,-36.3286,-8.76
2603405,Calumbi,PE,26,-38.0534,-8.0076
2603454,Camaragibe,PE,26,-35.0023,-7.9846
2603504,Camocim de São Félix,PE,26,-35.7832,-8.3568
2603603,Camutanga,PE,26,-35.285,-7.4317
2603702,Canhotinho,PE,26,-36.172,-8.884
2603801,Capoeiras,PE,26,-36.5788,-8.6999
2603900,Carnaíba,PE,26,-37.7174,-7.7673
2603926,Carnaubeira da Penha,PE,26,-38.7522,-8.4273
2604007,Carpina,PE,26,-35.3136,-7.8216
2604106,Caruaru,PE,26,-36.0195,-8.1722
2604155,Casinhas,PE,26,-35.7042,-7.7553
2604205,Catende,PE,26,-35.7468,-8.6798
2604304,Cedro,PE,26,-39.1979,-7.732
2604403,Chã de Alegria,PE,26,-35.2247,-8.0046
2604502,Chã Grande,PE,26,-35.4738,-8.2422
2604601,Condado,PE,26,-35.0989,-7.6042
2604700,Correntes,PE,26,-36.3182,-9.0974
2604809,Cortês,PE,26,-35.5312,-8.4244
2604908,Cumaru,PE,26,-35.7227,-8.033
2605004,Cupira,PE,26,-35.9219,-8.5746
2605103,Custódia,PE,26,-37.6881,-8.1531
2605152,Dormentes,PE,26,-40.6239,-8.4512
2605202,Escada,PE,26,-35.2651,-8.3674
2605301,Exu,PE,26,-39.6962,-7.5421
2605400,Feira Nova,PE,26,-35.3929,-7.9538
2605459,Fernando de Noronha,PE,26,-32.4286,-3.8562
2605509,Ferreiros,PE,26,-35.2365,-7.4866
2605608,Flores,PE,26,-37.9165,-7.9349
2605707,Floresta,PE,26,-38.3035,-8.5844
2605806,Frei Miguelinho,PE,26,-35.8819,-7.9368
2605905,Gameleira,PE,26,-35.3876,-8.6141
2606002,Garanhuns,PE,26,-36.5092,-8.9444
2606101,Glória do Goitá,PE,26,-35.3375,-8.0136
2606200,Goiana,PE,26,-34.9523,-7.6059
2606309,Granito,PE,26,-39.6754,-7.7599
2606408,Gravatá,PE,26,-35.5529,-8.2181
2606507,Iati,PE,26,-36.9204,-9.1587
2606606,Ibimirim,PE,26,-37.6127,-8.5599
2606705,Ibirajuba,PE,26,-36.2175,-8.6176
2606804,Igarassu,PE,26,-34.972,-7.7906
2606903,Iguaracy,PE,26,-37.4106,-7.8435
2607000,Inajá,PE,26,-37.8029,-8.8014
2607109,Ingazeira,PE,26,-37.4093,-7.7104
2607208,Ipojuca,PE,26,-35.0758,-8.4448
2607307,Ipubi,PE,26,-40.2303,-7.5033
2607406,Itacuruba,PE,26,-38.7252,-8.7729
2607505,Itaíba,PE,26,-37.2963,-8.9833
2607604,Ilha de Itamaracá,PE,26,-34.8559,-7.7433
2607653,Itambé,PE,26,-35.1589,-7.4549
2607703,Itapetim,PE,26,-37.1523,-7.3954
2607752,Itapissuma,PE,26,-34.9041,-7.732
2607802,Itaquitinga,PE,26,-35.0454,-7.6934
2607901,Jaboatão dos Guararapes,PE,26,-34.9942,-8.1658
2607950,Jaqueira,PE,26,-35.8161,-8.7298
2608008,Jataúba,PE,26,-36.5589,-8.0519
2608057,Jatobá,PE,26,-38.2208,-9.2157
2608107,João Alfredo,PE,26,-35.6023,-7.8652
2608206,Joaquim Nabuco,PE,26,-35.5276,-8.5496
2608255,Jucati,PE,26,-36.4732,-8.7542
2608305,Jupi,PE,26,-36.3754,-8.7324
2608404,Jurema,PE,26,-36.137,-8.7611
2608453,Lagoa do Carro,PE,26,-35.3537,-7.8522
2608503,Lagoa de Itaenga,PE,26,-35.2961,-7.9034
2608602,Lagoa do Ouro,PE,26,-36.4767,-9.1724
2608701,Lagoa dos Gatos,PE,26,-35.8792,-8.6746
2608750,Lagoa Grande,PE,26,-40.2414,-8.788
2608800,Lajedo,PE,26,-36.2886,-8.6533
2608909,Limoeiro,PE,26,-35.449,-7.8335
2609006,Macaparana,PE,26,-35.4581,-7.5281
2609105,Machados,PE,26,-35.5012,-7.6989
2609154,Manari,PE,26,-37.5352,-8.8827
2609204,Maraial,PE,26,-35.7677,-8.8288
2609303,Mirandiba,PE,26,-38.7319,-8.1557
2609402,Moreno,PE,26,-35.1335,-8.1511
2609501,Nazaré da Mata,PE,26,-35.2361,-7.7298
2609600,Olinda,PE,26,-34.8632,-8.0046
2609709,Orobó,PE,26,-35.5885,-7.7044
2609808,Orocó,PE,26,-39.5843,-8.4766
2609907,Ouricuri,PE,26,-40.2022,-8.0069
2610004,Palmares,PE,26,-35.6289,-8.6578
2610103,Palmeirina,PE,26,-36.2577,-9.0055
2610202,Panelas,PE,26,-36.0395,-8.6871
2610301,Paranatama,PE,26,-36.7463,-8.8971
2610400,Parnamirim,PE,26,-39.756,-8.1915
2610509,Passira,PE,26,-35.5383,-8.0245
2610608,Paudalho,PE,26,-35.1362,-7.9014
2610707,Paulista,PE,26,-34.9271,-7.9273
2610806,Pedra,PE,26,-36.8799,-8.663
2610905,Pesqueira,PE,26,-36.7305,-8.4322
2611002,Petrolândia,PE,26,-38.321,-8.8858
2611101,Petrolina,PE,26,-40.5844,-9.0858
2611200,Poção,PE,26,-36.7218,-8.2134
2611309,Pombos,PE,26,-35.4035,-8.2005
2611408,Primavera,PE,26,-35.3884,-8.3465
2611507,Quipapá,PE,26,-36.0278,-8.8291
2611533,Quixaba,PE,26,-37.8378,-7.7018
2611606,Recife,PE,26,-34.953,-8.0151
2611705,Riacho das Almas,PE,26,-35.8571,-8.0849
2611804,Ribeirão,PE,26,-35.3805,-8.5075
2611903,Rio Formoso,PE,26,-35.2335,-8.6698
2612000,Sairé,PE,26,-35.6883,-8.3133
2612109,Salgadinho,PE,26,-35.5996,-7.9154
2612208,Salgueiro,PE,26,-39.082,-8.088
2612307,Saloá,PE,26,-36.7281,-9.0131
2612406,Sanharó,PE,26,-36.5368,-8.3383
2612455,Santa Cruz,PE,26,-40.2846,-8.2972
2612471,Santa Cruz da Baixa Verde,PE,26,-38.1676,-7.855
2612505,Santa Cruz do Capibaribe,PE,26,-36.3064,-7.8997
2612554,Santa Filomena,PE,26,-40.5847,-8.2549
2612604,Santa Maria da Boa Vista,PE,26,-39.9276,-8.6517
2612703,Santa Maria do Cambucá,PE,26,-35.8765,-7.8247
2612802,Santa Terezinha,PE,26,-37.4386,-7.4279
2612901,São Benedito do Sul,PE,26,-35.9045,-8.817
2613008,São Bento do Una,PE,26,-36.4622,-8.5461
2613107,São Caitano,PE,26,-36.1587,-8.3435
2613206,São João,PE,26,-36.3789,-8.8705
2613305,São Joaquim do Monte,PE,26,-35.8475,-8.4764
2613404,São José da Coroa Grande,PE,26,-35.1825,-8.8694
2613503,São José do Belmonte,PE,26,-38.7541,-7.891
2613602,São José do Egito,PE,26,-37.2707,-7.5245
2613701,São Lourenço da Mata,PE,26,-35.0914,-8.0207
2613800,São Vicente Férrer,PE,26,-35.4911,-7.6029
2613909,Serra Talhada,PE,26,-38.3574,-8.0696
2614006,Serrita,PE,26,-39.3835,-7.8364
2614105,Sertânia,PE,26,-37.3306,-8.2373
2614204,Sirinhaém,PE,26,-35.1771,-8.5775
2614303,Moreilândia,PE,26,-39.5243,-7.6251
2614402,Solidão,PE,26,-37.6466,-7.5988
2614501,Surubim,PE,26,-35.7487,-7.8882
2614600,Tabira,PE,26,-37.5087,-7.5917
2614709,Tacaimbó,PE,26,-36.2624,-8.3353
2614808,Tacaratu,PE,26,-38.0353,-8.9519
2614857,Tamandaré,PE,26,-35.1966,-8.7495
2615003,Taquaritinga do Norte,PE,26,-36.1345,-7.8855
2615102,Terezinha,PE,26,-36.6134,-9.0804
2615201,Terra Nova,PE,26,-39.3952,-8.1585
2615300,Timbaúba,PE,26,-35.3161,-7.5189
2615409,Toritama,PE,26,-36.0548,-7.9966
2615508,Tracunhaém,PE,26,-35.1576,-7.7418
2615607,Trindade,PE,26,-40.3073,-7.7568
2615706,Triunfo,PE,26,-38.0649,-7.8499
2615805,Tupanatinga,PE,26,-37.2508,-8.7004
2615904,Tuparetama,PE,26,-37.2463,-7.7072
2616001,Venturosa,PE,26,-36.8024,-8.579
2616100,Verdejante,PE,26,-38.9755,-7.9631
2616183,Vertente do Lério,PE,26,-35.8181,-7.7755
2616209,Vertentes,PE,26,-35.9783,-7.8995
2616308,Vicência,PE,26,-35.3606,-7.6585
2616407,Vitória de Santo Antão,PE,26,-35.295,-8.1519
2616506,Xexéu,PE,26,-35.6447,-8.8336
2700102,Água Branca,AL,27,-37.9042,-9.2823
2700201,Anadia,AL,27,-36.32,-9.6642
2700300,Arapiraca,AL,27,-36.6208,-9.7612
2700409,Atalaia,AL,27,-36.0914,-9.5109
2700508,Barra de Santo Antônio,AL,27,-35.56,-9.3823
2700607,Barra de São Miguel,AL,27,-35.9488,-9.8115
2700706,Batalha,AL,27,-37.1076,-9.7054
2700805,Belém,AL,27,-36.5093,-9.5461
2700904,Belo Monte,AL,27,-37.192,-9.8134
2701001,Boca da Mata,AL,27,-36.1875,-9.6676
2701100,Branquinha,AL,27,-36.0432,-9.214
2701209,Cacimbinhas,AL,27,-36.9211,-9.4308
2701308,Cajueiro,AL,27,-36.161,-9.4167
2701357,Campestre,AL,27,-35.5452,-8.8911
2701407,Campo Alegre,AL,27,-36.2724,-9.8095
2701506,Campo Grande,AL,27,-36.7591,-9.9686
2701605,Canapi,AL,27,-37.536,-9.1441
2701704,Capela,AL,27,-36.094,-9.3561
2701803,Carneiros,AL,27,-37.3518,-9.4734
2701902,Chã Preta,AL,27,-36.278,-9.2329
2702009,Coité do Nóia,AL,27,-36.585,-9.6438
2702108,Colônia Leopoldina,AL,27,-35.74,-8.9347
2702207,Coqueiro Seco,AL,27,-35.8238,-9.6401
2702306,Coruripe,AL,27,-36.2384,-10.1013
2702355,Craíbas,AL,27,-36.7903,-9.6351
2702405,Delmiro Gouveia,AL,27,-38.0605,-9.4175
2702504,Dois Riachos,AL,27,-37.0532,-9.38
2702553,Estrela de Alagoas,AL,27,-36.7784,-9.4051
2702603,Feira Grande,AL,27,-36.6714,-9.8959
2702702,Feliz Deserto,AL,27,-36.3459,-10.2809
2702801,Flexeiras,AL,27,-35.7753,-9.2627
2702900,Girau do Ponciano,AL,27,-36.8426,-9.8057
2703007,Ibateguara,AL,27,-35.8973,-8.9465
2703106,Igaci,AL,27,-36.6737,-9.5539
2703205,Igreja Nova,AL,27,-36.6372,-10.1491
2703304,Inhapi,AL,27,-37.6886,-9.2626
2703403,Jacaré dos Homens,AL,27,-37.2228,-9.6468
2703502,Jacuípe,AL,27,-35.4551,-8.8881
2703601,Japaratinga,AL,27,-35.2946,-9.0954
2703700,Jaramataia,AL,27,-36.9766,-9.658
2703759,Jequiá da Praia,AL,27,-36.1307,-9.9058
2703809,Joaquim Gomes,AL,27,-35.7419,-9.0945
2703908,Jundiá,AL,27,-35.5402,-8.9524
2704005,Junqueiro,AL,27,-36.4542,-9.8529
2704104,Lagoa da Canoa,AL,27,-36.7479,-9.7776
2704203,Limoeiro de Anadia,AL,27,-36.4604,-9.7384
2704302,Maceió,AL,27,-35.7021,-9.5321
2704401,Major Isidoro,AL,27,-37.002,-9.5494
2704500,Maragogi,AL,27,-35.281,-8.9628
2704609,Maravilha,AL,27,-37.4035,-9.2405
2704708,Marechal Deodoro,AL,27,-35.9136,-9.7052
2704807,Maribondo,AL,27,-36.288,-9.5602
2704906,Mar Vermelho,AL,27,-36.3924,-9.4817
2705002,Mata Grande,AL,27,-37.7349,-9.036
2705101,Matriz de Camaragibe,AL,27,-35.5873,-9.1024
2705200,Messias,AL,27,-35.8176,-9.3188
2705309,Minador do Negrão,AL,27,-36.865,-9.3409
2705408,Monteirópolis,AL,27,-37.2839,-9.5957
2705507,Murici,AL,27,-35.9353,-9.3114
2705606,Novo Lino,AL,27,-35.6196,-8.9382
2705705,Olho d'Água das Flores,AL,27,-37.2378,-9.549
2705804,Olho d'Água do Casado,AL,27,-37.8208,-9.4278
2705903,Olho d'Água Grande,AL,27,-36.7997,-10.0516
2706000,Olivença,AL,27,-37.1833,-9.4765
2706109,Ouro Branco,AL,27,-37.3738,-9.1316
2706208,Palestina,AL,27,-37.2969,-9.6767
2706307,Palmeira dos Índios,AL,27,-36.5899,-9.4387
2706406,Pão de Açúcar,AL,27,-37.446,-9.6861
2706422,Pariconha,AL,27,-38.0353,-9.229
2706448,Paripueira,AL,27,-35.6105,-9.4358
2706505,Passo de Camaragibe,AL,27,-35.5074,-9.2465
2706604,Paulo Jacinto,AL,27,-36.4073,-9.3696
2706703,Penedo,AL,27,-36.4737,-10.2371
2706802,Piaçabuçu,AL,27,-36.4292,-10.3864
2706901,Pilar,AL,27,-36.0334,-9.6263
2707008,Pindoba,AL,27,-36.2747,-9.4761
2707107,Piranhas,AL,27,-37.7228,-9.5291
2707206,Poço das Trincheiras,AL,27,-37.3787,-9.297
2707305,Porto Calvo,AL,27,-35.4116,-9.0248
2707404,Porto de Pedras,AL,27,-35.3998,-9.149
2707503,Porto Real do Colégio,AL,27,-36.7321,-10.1133
2707602,Quebrangulo,AL,27,-36.4667,-9.2933
2707701,Rio Largo,AL,27,-35.8785,-9.4771
2707800,Roteiro,AL,27,-35.9784,-9.8675
2707909,Santa Luzia do Norte,AL,27,-35.8196,-9.6039
2708006,Santana do Ipanema,AL,27,-37.2028,-9.3484
2708105,Santana do Mundaú,AL,27,-36.2006,-9.127
2708204,São Brás,AL,27,-36.8536,-10.1069
2708303,São José da Laje,AL,27,-36.0548,-8.9879
2708402,São José da Tapera,AL,27,-37.5113,-9.5304
2708501,São Luís do Quitunde,AL,27,-35.615,-9.2293
2708600,São Miguel dos Campos,AL,27,-36.0798,-9.7758
2708709,São Miguel dos Milagres,AL,27,-35.4074,-9.2359
2708808,São Sebastião,AL,27,-36.5435,-9.9497
2708907,Satuba,AL,27,-35.8378,-9.5763
2708956,Senador Rui Palmeira,AL,27,-37.5022,-9.3861
2709004,Tanque d'Arca,AL,27,-36.4071,-9.563
2709103,Taquarana,AL,27,-36.4677,-9.6235
2709152,Teotônio Vilela,AL,27,-36.3748,-9.9598
2709202,Traipu,AL,27,-36.9587,-9.8949
2709301,União dos Palmares,AL,27,-36.0337,-9.1177
2709400,Viçosa,AL,27,-36.2686,-9.343
2800100,Amparo do São Francisco,SE,28,-36.9193,-10.149
2800209,Aquidabã,SE,28,-37.0563,-10.269
2800308,Aracaju,SE,28,-37.1039,-11.0065
2800407,Arauá,SE,28,-37.5887,-11.2504
2800506,Areia Branca,SE,28,-37.3267,-10.7867
2800605,Barra dos Coqueiros,SE,28,-36.9659,-10.8458
2800670,Boquim,SE,28,-37.6063,-11.122
2800704,Brejo Grande,SE,28,-36.4873,-10.4788
2801009,Campo do Brito,SE,28,-37.4922,-10.784
2801108,Canhoba,SE,28,-36.9921,-10.1404
2801207,Canindé de São Francisco,SE,28,-37.919,-9.7186
2801306,Capela,SE,28,-37.0522,-10.4658
2801405,Carira,SE,28,-37.7188,-10.3496
2801504,Carmópolis,SE,28,-36.9611,-10.6687
2801603,Cedro de São João,SE,28,-36.9124,-10.2703
2801702,Cristinápolis,SE,28,-37.7345,-11.4796
2801900,Cumbe,SE,28,-37.1971,-10.3387
2802007,Divina Pastora,SE,28,-37.1626,-10.6636
2802106,Estância,SE,28,-37.4121,-11.2652
2802205,Feira Nova,SE,28,-37.3176,-10.2786
2802304,Frei Paulo,SE,28,-37.5961,-10.5207
2802403,Gararu,SE,28,-37.1908,-10.0308
2802502,General Maynard,SE,28,-36.9782,-10.6886
2802601,Graccho Cardoso,SE,28,-37.2014,-10.2255
2802700,Ilha das Flores,SE,28,-36.5465,-10.4494
2802809,Indiaroba,SE,28,-37.526,-11.4758
2802908,Itabaiana,SE,28,-37.412,-10.6785
2803005,Itabaianinha,SE,28,-37.7819,-11.2557
2803104,Itabi,SE,28,-37.1547,-10.1101
2803203,Itaporanga d'Ajuda,SE,28,-37.3073,-11.0405
2803302,Japaratuba,SE,28,-36.9,-10.5364
2803401,Japoatã,SE,28,-36.8026,-10.4399
2803500,Lagarto,SE,28,-37.6523,-10.8849
2803609,Laranjeiras,SE,28,-37.1764,-10.813
2803708,Macambira,SE,28,-37.5883,-10.6775
2803807,Malhada dos Bois,SE,28,-36.9481,-10.3203
2803906,Malhador,SE,28,-37.2881,-10.6828
2804003,Maruim,SE,28,-37.1104,-10.7252
2804102,Moita Bonita,SE,28,-37.3248,-10.6032
2804201,Monte Alegre de Sergipe,SE,28,-37.6305,-10.0713
2804300,Muribeca,SE,28,-36.9658,-10.3819
2804409,Neópolis,SE,28,-36.6677,-10.3458
2804458,Nossa Senhora Aparecida,SE,28,-37.5082,-10.3436
2804508,Nossa Senhora da Glória,SE,28,-37.5476,-10.1866
2804607,Nossa Senhora das Dores,SE,28,-37.2384,-10.4609
2804706,Nossa Senhora de Lourdes,SE,28,-37.0042,-10.0737
2804805,Nossa Senhora do Socorro,SE,28,-37.1534,-10.859
2804904,Pacatuba,SE,28,-36.6439,-10.5045
2805000,Pedra Mole,SE,28,-37.6854,-10.6336
2805109,Pedrinhas,SE,28,-37.6444,-11.2051
2805208,Pinhão,SE,28,-37.7622,-10.5678
2805307,Pirambu,SE,28,-36.8247,-10.6758
2805406,Poço Redondo,SE,28,-37.7284,-9.8737
2805505,Poço Verde,SE,28,-38.1214,-10.8086
2805604,Porto da Folha,SE,28,-37.3954,-9.9262
2805703,Propriá,SE,28,-36.7946,-10.2541
2805802,Riachão do Dantas,SE,28,-37.8071,-11.0114
2805901,Riachuelo,SE,28,-37.2262,-10.725
2806008,Ribeirópolis,SE,28,-37.4279,-10.5103
2806107,Rosário do Catete,SE,28,-37.04,-10.6793
2806206,Salgado,SE,28,-37.4858,-11.0718
2806305,Santa Luzia do Itanhy,SE,28,-37.5473,-11.3527
2806404,Santana do São Francisco,SE,28,-36.6267,-10.2902
2806503,Santa Rosa de Lima,SE,28,-37.234,-10.6295
2806602,Santo Amaro das Brotas,SE,28,-36.9824,-10.7794
2806701,São Cristóvão,SE,28,-37.2215,-10.9664
2806800,São Domingos,SE,28,-37.569,-10.7779
2806909,São Francisco,SE,28,-36.8683,-10.3393
2807006,São Miguel do Aleixo,SE,28,-37.3654,-10.3792
2807105,Simão Dias,SE,28,-37.8131,-10.7394
2807204,Siriri,SE,28,-37.1235,-10.5643
2807303,Telha,SE,28,-36.8975,-10.1984
2807402,Tobias Barreto,SE,28,-38.0011,-11.0725
2807501,Tomar do Geru,SE,28,-37.8751,-11.3861
2807600,Umbaúba,SE,28,-37.6769,-11.3769
2900108,Abaíra,BA,29,-41.7635,-13.302
2900207,Abaré,BA,29,-39.2702,-8.791
2900306,Acajutiba,BA,29,-38.0065,-11.6609
2900355,Adustina,BA,29,-38.0087,-10.5606
2900405,Água Fria,BA,29,-38.6845,-11.8351
2900504,Érico Cardoso,BA,29,-42.0723,-13.3985
2900603,Aiquara,BA,29,-39.8807,-14.0967
2900702,Alagoinhas,BA,29,-38.3955,-12.0926
2900801,Alcobaça,BA,29,-39.431,-17.4618
2900900,Almadina,BA,29,-39.6621,-14.7078
2901007,Amargosa,BA,29,-39.6241,-13.0556
2901106,Amélia Rodrigues,BA,29,-38.7253,-12.4267
2901155,América Dourada,BA,29,-41.5059,-11.3965
2901205,Anagé,BA,29,-40.8995,-14.5863
2901304,Andaraí,BA,29,-41.2117,-12.7725
2901353,Andorinha,BA,29,-39.8665,-10.2884
2901403,Angical,BA,29,-44.7059,-12.0192
2901502,Anguera,BA,29,-39.1979,-12.177
2901601,Antas,BA,29,-38.3075,-10.4203
2901700,Antônio Cardoso,BA,29,-39.1479,-12.3848
2901809,Antônio Gonçalves,BA,29,-40.3455,-10.6125
2901908,Aporá,BA,29,-38.1976,-11.7115
2901957,Apuarema,BA,29,-39.7664,-13.8025
2902005,Aracatu,BA,29,-41.3447,-14.3915
2902054,Araçás,BA,29,-38.2325,-12.1517
2902104,Araci,BA,29,-39.052,-11.2323
2902203,Aramari,BA,29,-38.5452,-12.0352
2902252,Arataca,BA,29,-39.4288,-15.2596
2902302,Aratuípe,BA,29,-39.0819,-13.0851
2902401,Aurelino Leal,BA,29,-39.4855,-14.3574
2902500,Baianópolis,BA,29,-44.4328,-12.6274
2902609,Baixa Grande,BA,29,-40.1779,-11.9665
2902658,Banzaê,BA,29,-38.6599,-10.6135
2902708,Barra,BA,29,-43.37,-11.1227
2902807,Barra da Estiva,BA,29,-41.1113,-13.6765
2902906,Barra do Choça,BA,29,-40.5981,-14.9293
2903003,Barra do Mendes,BA,29,-42.0586,-11.9885
2903102,Barra do Rocha,BA,29,-39.5868,-14.0866
2903201,Barreiras,BA,29,-45.5489,-11.9825
2903235,Barro Alto,BA,29,-41.8549,-11.8289
2903276,Barrocas,BA,29,-39.0937,-11.5353
2903300,Barro Preto,BA,29,-39.4541,-14.7702
2903409,Belmonte,BA,29,-39.2741,-15.9159
2903508,Belo Campo,BA,29,-41.2044,-14.9569
2903607,Biritinga,BA,29,-38.8132,-11.6259
2903706,Boa Nova,BA,29,-40.2162,-14.3596
2903805,Boa Vista do Tupim,BA,29,-40.6974,-12.7885
2903904,Bom Jesus da Lapa,BA,29,-43.3129,-13.2092
2903953,Bom Jesus da Serra,BA,29,-40.5984,-14.3908
2904001,Boninal,BA,29,-41.8413,-12.7882
2904050,Bonito,BA,29,-41.3142,-11.9819
2904100,Boquira,BA,29,-42.7221,-12.7514
2904209,Botuporã,BA,29,-42.5339,-13.3248
2904308,Brejões,BA,29,-39.8452,-13.0721
2904407,Brejolândia,BA,29,-43.8594,-12.4411
2904506,Brotas de Macaúbas,BA,29,-42.4832,-12.13
2904605,Brumado,BA,29,-41.7014,-14.1637
2904704,Buerarema,BA,29,-39.2502,-15.0109
2904753,Buritirama,BA,29,-43.7269,-10.5295
2904803,Caatiba,BA,29,-40.3571,-15.0015
2904852,Cabaceiras do Paraguaçu,BA,29,-39.1887,-12.5599
2904902,Cachoeira,BA,29,-38.8867,-12.675
2905008,Caculé,BA,29,-42.3131,-14.4915
2905107,Caém,BA,29,-40.2343,-11.1564
2905156,Caetanos,BA,29,-40.9659,-14.2974
2905206,Caetité,BA,29,-42.4643,-13.8859
2905305,Cafarnaum,BA,29,-41.5204,-11.7267
2905404,Cairu,BA,29,-38.9734,-13.5384
2905503,Caldeirão Grande,BA,29,-40.1963,-11.0505
2905602,Camacan,BA,29,-39.5193,-15.4414
2905701,Camaçari,BA,29,-38.212,-12.6313
2905800,Camamu,BA,29,-39.1396,-13.9973
2905909,Campo Alegre de Lourdes,BA,29,-43.1343,-9.4926
2906006,Campo Formoso,BA,29,-40.7853,-10.2501
2906105,Canápolis,BA,29,-44.2235,-13.0862
2906204,Canarana,BA,29,-41.6997,-11.7367
2906303,Canavieiras,BA,29,-39.1553,-15.6549
2906402,Candeal,BA,29,-39.1971,-11.89
2906501,Candeias,BA,29,-38.4971,-12.6741
2906600,Candiba,BA,29,-42.84,-14.4044
2906709,Cândido Sales,BA,29,-41.2495,-15.3269
2906808,Cansanção,BA,29,-39.4375,-10.7696
2906824,Canudos,BA,29,-38.9525,-9.9676
2906857,Capela do Alto Alegre,BA,29,-39.8412,-11.6783
2906873,Capim Grosso,BA,29,-40.0166,-11.2705
2906899,Caraíbas,BA,29,-41.2748,-14.6226
2906907,Caravelas,BA,29,-39.7398,-17.6418
2907004,Cardeal da Silva,BA,29,-37.9381,-12.05
2907103,Carinhanha,BA,29,-43.9032,-14.0143
2907202,Casa Nova,BA,29,-41.1847,-9.1657
2907301,Castro Alves,BA,29,-39.3575,-12.7448
2907400,Catolândia,BA,29,-44.6868,-12.2644
2907509,Catu,BA,29,-38.4204,-12.3369
2907558,Caturama,BA,29,-42.3141,-13.211
2907608,Central,BA,29,-42.0676,-11.1416
2907707,Chorrochó,BA,29,-39.1873,-9.2868
2907806,Cícero Dantas,BA,29,-38.4478,-10.5007
2907905,Cipó,BA,29,-38.5453,-11.1159
2908002,Coaraci,BA,29,-39.5977,-14.6626
2908101,Cocos,BA,29,-45.2897,-14.5675
2908200,Conceição da Feira,BA,29,-39.0028,-12.4946
2908309,Conceição do Almeida,BA,29,-39.2382,-12.8486
2908408,Conceição do Coité,BA,29,-39.2319,-11.5069
2908507,Conceição do Jacuípe,BA,29,-38.741,-12.3415
2908606,Conde,BA,29,-37.6918,-11.8019
2908705,Condeúba,BA,29,-42.0634,-14.9243
2908804,Contendas do Sincorá,BA,29,-41.0733,-13.8404
2908903,Coração de Maria,BA,29,-38.7776,-12.225
2909000,Cordeiros,BA,29,-41.9129,-15.0446
2909109,Coribe,BA,29,-44.3563,-13.7892
2909208,Coronel João Sá,BA,29,-37.9343,-10.3007
2909307,Correntina,BA,29,-45.4136,-13.5148
2909406,Cotegipe,BA,29,-44.1998,-11.6329
2909505,Cravolândia,BA,29,-39.7765,-13.4384
2909604,Crisópolis,BA,29,-38.1568,-11.5393
2909703,Cristópolis,BA,29,-44.2187,-12.1894
2909802,Cruz das Almas,BA,29,-39.1331,-12.6776
2909901,Curaçá,BA,29,-39.6708,-9.1457
2910008,Dário Meira,BA,29,-40.0049,-14.3941
2910057,Dias d'Ávila,BA,29,-38.2831,-12.5963
2910107,Dom Basílio,BA,29,-41.72,-13.8312
2910206,Dom Macedo Costa,BA,29,-39.1731,-12.914
2910305,Elísio Medrado,BA,29,-39.5154,-12.9511
2910404,Encruzilhada,BA,29,-40.9251,-15.5903
2910503,Entre Rios,BA,29,-38.0304,-12.1003
2910602,Esplanada,BA,29,-37.8953,-11.9338
2910701,Euclides da Cunha,BA,29,-38.9388,-10.4906
2910727,Eunápolis,BA,29,-39.585,-16.315
2910750,Fátima,BA,29,-38.201,-10.5861
2910776,Feira da Mata,BA,29,-44.2568,-14.1315
2910800,Feira de Santana,BA,29,-39.0797,-12.1955
2910859,Filadélfia,BA,29,-40.1588,-10.6965
2910909,Firmino Alves,BA,29,-39.9103,-14.9203
2911006,Floresta Azul,BA,29,-39.7267,-14.8528
2911105,Formosa do Rio Preto,BA,29,-45.6499,-10.9484
2911204,Gandu,BA,29,-39.4876,-13.7938
2911253,Gavião,BA,29,-39.7673,-11.5042
2911303,Gentio do Ouro,BA,29,-42.5951,-11.4183
2911402,Glória,BA,29,-38.438,-9.2058
2911501,Gongogi,BA,29,-39.5861,-14.2864
2911600,Governador Mangabeira,BA,29,-39.0712,-12.587
2911659,Guajeru,BA,29,-41.9713,-14.5953
2911709,Guanambi,BA,29,-42.8152,-14.183
2911808,Guaratinga,BA,29,-39.9515,-16.5568
2911857,Heliópolis,BA,29,-38.2816,-10.7227
2911907,Iaçu,BA,29,-40.1313,-12.7934
2912004,Ibiassucê,BA,29,-42.2916,-14.3017
2912103,Ibicaraí,BA,29,-39.5709,-14.8347
2912202,Ibicoara,BA,29,-41.3089,-13.381
2912301,Ibicuí,BA,29,-39.8799,-14.6724
2912400,Ibipeba,BA,29,-42.1303,-11.5662
2912509,Ibipitanga,BA,29,-42.3694,-12.8613
2912608,Ibiquera,BA,29,-40.8963,-12.6303
2912707,Ibirapitanga,BA,29,-39.443,-14.0492
2912806,Ibirapuã,BA,29,-40.0031,-17.7401
2912905,Ibirataia,BA,29,-39.6315,-13.9705
2913002,Ibitiara,BA,29,-42.3033,-12.58
2913101,Ibititá,BA,29,-41.9143,-11.5939
2913200,Ibotirama,BA,29,-43.2211,-11.9847
2913309,Ichu,BA,29,-39.1672,-11.7341
2913408,Igaporã,BA,29,-42.7189,-13.8402
2913457,Igrapiúna,BA,29,-39.2009,-13.8742
2913507,Iguaí,BA,29,-40.0722,-14.6488
2913606,Ilhéus,BA,29,-39.2481,-14.7368
2913705,Inhambupe,BA,29,-38.3978,-11.8075
2913804,Ipecaetá,BA,29,-39.3192,-12.3235
2913903,Ipiaú,BA,29,-39.721,-14.0436
2914000,Ipirá,BA,29,-39.8232,-12.2171
2914109,Ipupiara,BA,29,-42.4881,-11.7914
2914208,Irajuba,BA,29,-40.0637,-13.248
2914307,Iramaia,BA,29,-40.9293,-13.5001
2914406,Iraquara,BA,29,-41.5651,-12.2595
2914505,Irará,BA,29,-38.7482,-12.0405
2914604,Irecê,BA,29,-41.8462,-11.3261
2914653,Itabela,BA,29,-39.5422,-16.668
2914703,Itaberaba,BA,29,-40.2326,-12.5169
2914802,Itabuna,BA,29,-39.3289,-14.8711
2914901,Itacaré,BA,29,-39.1463,-14.3455
2915007,Itaeté,BA,29,-41.0676,-13.0841
2915106,Itagi,BA,29,-40.0226,-14.1681
2915205,Itagibá,BA,29,-39.8426,-14.2394
2915304,Itagimirim,BA,29,-39.7389,-16.1059
2915353,Itaguaçu da Bahia,BA,29,-42.2599,-10.7385
2915403,Itaju do Colônia,BA,29,-39.7089,-15.1504
2915502,Itajuípe,BA,29,-39.4237,-14.6873
2915601,Itamaraju,BA,29,-39.7383,-16.991
2915700,Itamari,BA,29,-39.6771,-13.7935
2915809,Itambé,BA,29,-40.4646,-15.1597
2915908,Itanagra,BA,29,-38.0543,-12.3172
2916005,Itanhém,BA,29,-40.3513,-17.1164
2916104,Itaparica,BA,29,-38.6692,-12.8876
2916203,Itapé,BA,29,-39.5064,-14.9449
2916302,Itapebi,BA,29,-39.6732,-15.9118
2916401,Itapetinga,BA,29,-40.0485,-15.3347
2916500,Itapicuru,BA,29,-38.1628,-11.2245
2916609,Itapitanga,BA,29,-39.6163,-14.4497
2916708,Itaquara,BA,29,-39.8994,-13.4367
2916807,Itarantim,BA,29,-40.0346,-15.6949
2916856,Itatim,BA,29,-39.7318,-12.7017
2916906,Itiruçu,BA,29,-40.1579,-13.5082
2917003,Itiúba,BA,29,-39.8591,-10.7153
2917102,Itororó,BA,29,-40.0275,-15.0487
2917201,Ituaçu,BA,29,-41.3821,-13.8208
2917300,Ituberá,BA,29,-39.138,-13.7724
2917334,Iuiu,BA,29,-43.5973,-14.5065
2917359,Jaborandi,BA,29,-45.3829,-14.0414
2917409,Jacaraci,BA,29,-42.3285,-14.777
2917508,Jacobina,BA,29,-40.5548,-11.1238
2917607,Jaguaquara,BA,29,-39.9377,-13.5752
2917706,Jaguarari,BA,29,-40.0588,-10.0619
2917805,Jaguaripe,BA,29,-39.0048,-13.1097
2917904,Jandaíra,BA,29,-37.6224,-11.5992
2918001,Jequié,BA,29,-40.0814,-13.9056
2918100,Jeremoabo,BA,29,-38.5005,-10.0373
2918209,Jiquiriçá,BA,29,-39.5863,-13.3128
2918308,Jitaúna,BA,29,-39.8503,-13.9785
2918357,João Dourado,BA,29,-41.5719,-11.2209
2918407,Juazeiro,BA,29,-40.2816,-9.4782
2918456,Jucuruçu,BA,29,-40.1048,-16.8351
2918506,Jussara,BA,29,-41.8292,-10.953
2918555,Jussari,BA,29,-39.5071,-15.1463
2918605,Jussiape,BA,29,-41.6107,-13.4945
2918704,Lafaiete Coutinho,BA,29,-40.2903,-13.6376
2918753,Lagoa Real,BA,29,-42.2152,-14.0387
2918803,Laje,BA,29,-39.3231,-13.1683
2918902,Lajedão,BA,29,-40.3092,-17.5788
2919009,Lajedinho,BA,29,-40.9874,-12.3989
2919058,Lajedo do Tabocal,BA,29,-40.2749,-13.443
2919108,Lamarão,BA,29,-38.8976,-11.7784
2919157,Lapão,BA,29,-41.7786,-11.493
2919207,Lauro de Freitas,BA,29,-38.3324,-12.8508
2919306,Lençóis,BA,29,-41.3408,-12.4601
2919405,Licínio de Almeida,BA,29,-42.4798,-14.5966
2919504,Livramento de Nossa Senhora,BA,29,-41.9911,-13.799
2919553,Luís Eduardo Magalhães,BA,29,-46.1311,-12.2293
2919603,Macajuba,BA,29,-40.2763,-12.1132
2919702,Macarani,BA,29,-40.4128,-15.5801
2919801,Macaúbas,BA,29,-42.6899,-13.1428
2919900,Macururé,BA,29,-38.9329,-9.4141
2919926,Madre de Deus,BA,29,-38.626,-12.7381
2919959,Maetinga,BA,29,-41.5196,-14.6822
2920007,Maiquinique,BA,29,-40.2687,-15.6637
2920106,Mairi,BA,29,-40.1391,-11.7479
2920205,Malhada,BA,29,-43.6236,-14.1385
2920304,Malhada de Pedras,BA,29,-41.8673,-14.3351
2920403,Manoel Vitorino,BA,29,-40.5593,-14.0428
2920452,Mansidão,BA,29,-44.1009,-11.0984
2920502,Maracás,BA,29,-40.5672,-13.5582
2920601,Maragogipe,BA,29,-38.9348,-12.8206
2920700,Maraú,BA,29,-39.1282,-14.1127
2920809,Marcionílio Souza,BA,29,-40.6739,-13.1394
2920908,Mascote,BA,29,-39.4178,-15.6818
2921005,Mata de São João,BA,29,-38.1574,-12.4912
2921054,Matina,BA,29,-42.9729,-13.8604
2921104,Medeiros Neto,BA,29,-40.2353,-17.3705
2921203,Miguel Calmon,BA,29,-40.5851,-11.429
2921302,Milagres,BA,29,-39.7743,-12.9067
2921401,Mirangaba,BA,29,-40.7087,-10.7759
2921450,Mirante,BA,29,-40.7359,-14.147
2921500,Monte Santo,BA,29,-39.4587,-10.3692
2921609,Morpará,BA,29,-43.0368,-11.726
2921708,Morro do Chapéu,BA,29,-41.2455,-11.3756
2921807,Mortugaba,BA,29,-42.3127,-14.9909
2921906,Mucugê,BA,29,-41.4671,-13.1082
2922003,Mucuri,BA,29,-39.9384,-17.9652
2922052,Mulungu do Morro,BA,29,-41.5156,-12.0042
2922102,Mundo Novo,BA,29,-40.5429,-11.939
2922201,Muniz Ferreira,BA,29,-39.0887,-13.0099
2922250,Muquém do São Francisco,BA,29,-43.5131,-12.1491
2922300,Muritiba,BA,29,-39.0739,-12.6236
2922409,Mutuípe,BA,29,-39.5118,-13.3293
2922508,Nazaré,BA,29,-38.9788,-12.9678
2922607,Nilo Peçanha,BA,29,-39.193,-13.6576
2922656,Nordestina,BA,29,-39.4625,-10.872
2922706,Nova Canaã,BA,29,-40.1859,-14.8367
2922730,Nova Fátima,BA,29,-39.6451,-11.6258
2922755,Nova Ibiá,BA,29,-39.571,-13.8314
2922805,Nova Itarana,BA,29,-40.008,-13.0556
2922854,Nova Redenção,BA,29,-41.1115,-12.8079
2922904,Nova Soure,BA,29,-38.5267,-11.333
2923001,Nova Viçosa,BA,29,-39.6641,-17.8759
2923035,Novo Horizonte,BA,29,-42.111,-12.8588
2923050,Novo Triunfo,BA,29,-38.4804,-10.3414
2923100,Olindina,BA,29,-38.3504,-11.4261
2923209,Oliveira dos Brejinhos,BA,29,-42.7188,-12.2759
2923308,Ouriçangas,BA,29,-38.6473,-12.0109
2923357,Ourolândia,BA,29,-41.1165,-10.8404
2923407,Palmas de Monte Alto,BA,29,-43.1551,-14.1355
2923506,Palmeiras,BA,29,-41.5404,-12.5392
2923605,Paramirim,BA,29,-42.2289,-13.5129
2923704,Paratinga,BA,29,-43.0574,-12.761
2923803,Paripiranga,BA,29,-37.9178,-10.6196
2923902,Pau Brasil,BA,29,-39.6847,-15.4712
2924009,Paulo Afonso,BA,29,-38.2687,-9.5391
2924058,Pé de Serra,BA,29,-39.6171,-11.8954
2924108,Pedrão,BA,29,-38.6355,-12.1255
2924207,Pedro Alexandre,BA,29,-37.9376,-10.0866
2924306,Piatã,BA,29,-41.8932,-13.0587
2924405,Pilão Arcado,BA,29,-43.184,-9.9734
2924504,Pindaí,BA,29,-42.6724,-14.5053
2924603,Pindobaçu,BA,29,-40.3471,-10.7116
2924652,Pintadas,BA,29,-39.8846,-11.8705
2924678,Piraí do Norte,BA,29,-39.3783,-13.8102
2924702,Piripá,BA,29,-41.7448,-14.9847
2924801,Piritiba,BA,29,-40.5993,-11.6788
2924900,Planaltino,BA,29,-40.2869,-13.1811
2925006,Planalto,BA,29,-40.4563,-14.7138
2925105,Poções,BA,29,-40.4025,-14.5629
2925204,Pojuca,BA,29,-38.256,-12.3591
2925253,Ponto Novo,BA,29,-40.0965,-10.9667
2925303,Porto Seguro,BA,29,-39.3201,-16.6619
2925402,Potiraguá,BA,29,-39.7546,-15.6702
2925501,Prado,BA,29,-39.3721,-17.1379
2925600,Presidente Dutra,BA,29,-42.0022,-11.3013
2925709,Presidente Jânio Quadros,BA,29,-41.7292,-14.6871
2925758,Presidente Tancredo Neves,BA,29,-39.4407,-13.4648
2925808,Queimadas,BA,29,-39.7116,-10.9975
2925907,Quijingue,BA,29,-38.9994,-10.7634
2925931,Quixabeira,BA,29,-40.1019,-11.3831
2925956,Rafael Jambeiro,BA,29,-39.5767,-12.4906
2926004,Remanso,BA,29,-42.3068,-9.6034
2926103,Retirolândia,BA,29,-39.4152,-11.4924
2926202,Riachão das Neves,BA,29,-45.2841,-11.6324
2926301,Riachão do Jacuípe,BA,29,-39.4291,-11.8052
2926400,Riacho de Santana,BA,29,-43.0211,-13.6632
2926509,Ribeira do Amparo,BA,29,-38.3979,-10.9691
2926608,Ribeira do Pombal,BA,29,-38.5732,-10.8123
2926657,Ribeirão do Largo,BA,29,-40.688,-15.4283
2926707,Rio de Contas,BA,29,-41.7324,-13.5894
2926806,Rio do Antônio,BA,29,-42.1022,-14.2863
2926905,Rio do Pires,BA,29,-42.1537,-13.1268
2927002,Rio Real,BA,29,-37.9075,-11.5567
2927101,Rodelas,BA,29,-38.6504,-9.1562
2927200,Ruy Barbosa,BA,29,-40.5773,-12.2506
2927309,Salinas da Margarida,BA,29,-38.7525,-12.8815
2927408,Salvador,BA,29,-38.4993,-12.8578
2927507,Santa Bárbara,BA,29,-38.987,-11.9423
2927606,Santa Brígida,BA,29,-38.1507,-9.7701
2927705,Santa Cruz Cabrália,BA,29,-39.2329,-16.2329
2927804,Santa Cruz da Vitória,BA,29,-39.805,-14.8985
2927903,Santa Inês,BA,29,-39.857,-13.2695
2928000,Santaluz,BA,29,-39.4948,-11.2151
2928059,Santa Luzia,BA,29,-39.2788,-15.4448
2928109,Santa Maria da Vitória,BA,29,-44.3302,-13.2335
2928208,Santana,BA,29,-43.9753,-13.0806
2928307,Santanópolis,BA,29,-38.861,-11.9685
2928406,Santa Rita de Cássia,BA,29,-44.6173,-11.0032
2928505,Santa Terezinha,BA,29,-39.5812,-12.7348
2928604,Santo Amaro,BA,29,-38.7705,-12.5456
2928703,Santo Antônio de Jesus,BA,29,-39.2201,-13.0093
2928802,Santo Estêvão,BA,29,-39.2642,-12.4659
2928901,São Desidério,BA,29,-45.595,-12.8258
2928950,São Domingos,BA,29,-39.5805,-11.4645
2929008,São Félix,BA,29,-38.996,-12.6614
2929057,São Félix do Coribe,BA,29,-44.0203,-13.5304
2929107,São Felipe,BA,29,-39.1039,-12.8494
2929206,São Francisco do Conde,BA,29,-38.6253,-12.6485
2929255,São Gabriel,BA,29,-41.6695,-11.0456
2929305,São Gonçalo dos Campos,BA,29,-38.9608,-12.4294
2929354,São José da Vitória,BA,29,-39.3476,-15.0734
2929370,São José do Jacuípe,BA,29,-39.9199,-11.443
2929404,São Miguel das Matas,BA,29,-39.4059,-13.0519
2929503,São Sebastião do Passé,BA,29,-38.4947,-12.5163
2929602,Sapeaçu,BA,29,-39.2109,-12.7209
2929701,Sátiro Dias,BA,29,-38.5559,-11.5614
2929750,Saubara,BA,29,-38.7891,-12.7791
2929800,Saúde,BA,29,-40.3845,-10.9133
2929909,Seabra,BA,29,-41.9165,-12.3827
2930006,Sebastião Laranjeiras,BA,29,-43.1138,-14.601
2930105,Senhor do Bonfim,BA,29,-40.1168,-10.4449
2930154,Serra do Ramalho,BA,29,-43.6694,-13.4493
2930204,Sento Sé,BA,29,-41.561,-10.0986
2930303,Serra Dourada,BA,29,-43.92,-12.8345
2930402,Serra Preta,BA,29,-39.3632,-12.0757
2930501,Serrinha,BA,29,-39.0182,-11.6783
2930600,Serrolândia,BA,29,-40.266,-11.4208
2930709,Simões Filho,BA,29,-38.3959,-12.7637
2930758,Sítio do Mato,BA,29,-43.4629,-12.9098
2930766,Sítio do Quinto,BA,29,-38.128,-10.3275
2930774,Sobradinho,BA,29,-40.8903,-9.6786
2930808,Souto Soares,BA,29,-41.8465,-12.0237
2930907,Tabocas do Brejo Velho,BA,29,-44.1051,-12.4963
2931004,Tanhaçu,BA,29,-41.1595,-14.1176
2931053,Tanque Novo,BA,29,-42.5211,-13.5601
2931103,Tanquinho,BA,29,-39.0975,-11.953
2931202,Taperoá,BA,29,-39.2075,-13.5603
2931301,Tapiramutá,BA,29,-40.8027,-11.8759
2931350,Teixeira de Freitas,BA,29,-39.8473,-17.3478
2931400,Teodoro Sampaio,BA,29,-38.6214,-12.2637
2931509,Teofilândia,BA,29,-38.9821,-11.4647
2931608,Teolândia,BA,29,-39.5038,-13.5474
2931707,Terra Nova,BA,29,-38.6038,-12.4006
2931806,Tremedal,BA,29,-41.4409,-15.0102
2931905,Tucano,BA,29,-38.8098,-11.0227
2932002,Uauá,BA,29,-39.4768,-9.9319
2932101,Ubaíra,BA,29,-39.6776,-13.282
2932200,Ubaitaba,BA,29,-39.4274,-14.2666
2932309,Ubatã,BA,29,-39.5252,-14.0781
2932408,Uibaí,BA,29,-42.1065,-11.4002
2932457,Umburanas,BA,29,-41.2598,-10.5724
2932507,Una,BA,29,-39.1808,-15.2098
2932606,Urandi,BA,29,-42.6704,-14.721
2932705,Uruçuca,BA,29,-39.2368,-14.5204
2932804,Utinga,BA,29,-41.0733,-12.0471
2932903,Valença,BA,29,-39.1971,-13.3375
2933000,Valente,BA,29,-39.4099,-11.3786
2933059,Várzea da Roça,BA,29,-40.0657,-11.5979
2933109,Várzea do Poço,BA,29,-40.299,-11.5425
2933158,Várzea Nova,BA,29,-41.0695,-11.1035
2933174,Varzedo,BA,29,-39.3913,-12.9515
2933208,Vera Cruz,BA,29,-38.6995,-13.0144
2933257,Vereda,BA,29,-40.0078,-17.1559
2933307,Vitória da Conquista,BA,29,-40.9596,-15.1048
2933406,Wagner,BA,29,-41.1318,-12.2279
2933455,Wanderley,BA,29,-43.9368,-11.8313
2933505,Wenceslau Guimarães,BA,29,-39.6165,-13.6276
2933604,Xique-Xique,BA,29,-42.752,-10.9356
3100104,Abadia dos Dourados,MG,31,-47.4431,-18.3882
3100203,Abaeté,MG,31,-45.3798,-19.0849
3100302,Abre Campo,MG,31,-42.4473,-20.2788
3100401,Acaiaca,MG,31,-43.1022,-20.398
3100500,Açucena,MG,31,-42.4415,-19.0586
3100609,Água Boa,MG,31,-42.288,-18.0098
3100708,Água Comprida,MG,31,-48.0967,-19.9845
3100807,Aguanil,MG,31,-45.4249,-20.9798
3100906,Águas Formosas,MG,31,-40.9785,-17.0486
3101003,Águas Vermelhas,MG,31,-41.5558,-15.6989
3101102,Aimorés,MG,31,-41.215,-19.6253
3101201,Aiuruoca,MG,31,-44.6296,-21.9603
3101300,Alagoa,MG,31,-44.672,-22.1803
3101409,Albertina,MG,31,-46.608,-22.1979
3101508,Além Paraíba,MG,31,-42.7787,-21.8325
3101607,Alfenas,MG,31,-45.9767,-21.3819
3101631,Alfredo Vasconcelos,MG,31,-43.7235,-21.1313
3101706,Almenara,MG,31,-40.7587,-16.0974
3101805,Alpercata,MG,31,-42.0044,-18.982
3101904,Alpinópolis,MG,31,-46.3826,-20.8485
3102001,Alterosa,MG,31,-46.1608,-21.2146
3102050,Alto Caparaó,MG,31,-41.8735,-20.4604
3102100,Alto Rio Doce,MG,31,-43.3901,-21.0331
3102209,Alvarenga,MG,31,-41.6931,-19.4166
3102308,Alvinópolis,MG,31,-43.1514,-20.107
3102407,Alvorada de Minas,MG,31,-43.3792,-18.7783
3102506,Amparo do Serra,MG,31,-42.7841,-20.5148
3102605,Andradas,MG,31,-46.5695,-22.0755
3102704,Cachoeira de Pajeú,MG,31,-41.5199,-15.9731
3102803,Andrelândia,MG,31,-44.2818,-21.7155
3102852,Angelândia,MG,31,-42.2799,-17.7121
3102902,Antônio Carlos,MG,31,-43.7533,-21.4194
3103009,Antônio Dias,MG,31,-42.8878,-19.5592
3103108,Antônio Prado de Minas,MG,31,-42.1533,-21.0259
3103207,Araçaí,MG,31,-44.2301,-19.2398
3103306,Aracitaba,MG,31,-43.403,-21.34
3103405,Araçuaí,MG,31,-41.9613,-16.9085
3103504,Araguari,MG,31,-48.2531,-18.5775
3103603,Arantina,MG,31,-44.2263,-21.8969
3103702,Araponga,MG,31,-42.5172,-20.6812
3103751,Araporã,MG,31,-49.1251,-18.4853
3103801,Arapuá,MG,31,-46.1232,-19.0461
3103900,Araújos,MG,31,-45.1715,-19.8748
3104007,Araxá,MG,31,-46.9703,-19.6233
3104106,Arceburgo,MG,31,-46.9449,-21.3566
3104205,Arcos,MG,31,-45.5588,-20.2524
3104304,Areado,MG,31,-46.1333,-21.3611
3104403,Argirita,MG,31,-42.8321,-21.6452
3104452,Aricanduva,MG,31,-42.5908,-17.8741
3104502,Arinos,MG,31,-46.0471,-15.784
3104601,Astolfo Dutra,MG,31,-42.8747,-21.3204
3104700,Ataléia,MG,31,-41.1822,-18.1751
3104809,Augusto de Lima,MG,31,-44.2034,-18.1038
3104908,Baependi,MG,31,-44.8418,-21.9945
3105004,Baldim,MG,31,-43.8574,-19.2532
3105103,Bambuí,MG,31,-45.9938,-20.1043
3105202,Bandeira,MG,31,-40.5898,-15.8782
3105301,Bandeira do Sul,MG,31,-46.3933,-21.7333
3105400,Barão de Cocais,MG,31,-43.4991,-19.8941
3105509,Barão do Monte Alto,MG,31,-42.2944,-21.2733
3105608,Barbacena,MG,31,-43.8254,-21.251
3105707,Barra Longa,MG,31,-43.0659,-20.2889
3105905,Barroso,MG,31,-43.9561,-21.1776
3106002,Bela Vista de Minas,MG,31,-43.1013,-19.8066
3106101,Belmiro Braga,MG,31,-43.4603,-21.979
3106200,Belo Horizonte,MG,31,-43.965,-19.9139
3106309,Belo Oriente,MG,31,-42.4434,-19.2621
3106408,Belo Vale,MG,31,-44.054,-20.4274
3106507,Berilo,MG,31,-42.4931,-16.8641
3106606,Bertópolis,MG,31,-40.5735,-16.9506
3106655,Berizal,MG,31,-41.7473,-15.6913
3106705,Betim,MG,31,-44.1938,-19.9503
3106804,Bias Fortes,MG,31,-43.7846,-21.6256
3106903,Bicas,MG,31,-43.0983,-21.737
3107000,Biquinhas,MG,31,-45.5586,-18.7507
3107109,Boa Esperança,MG,31,-45.6413,-21.056
3107208,Bocaina de Minas,MG,31,-44.5085,-22.2297
3107307,Bocaiúva,MG,31,-43.678,-17.3178
3107406,Bom Despacho,MG,31,-45.3049,-19.7031
3107505,Bom Jardim de Minas,MG,31,-44.1305,-21.9402
3107604,Bom Jesus da Penha,MG,31,-46.5278,-20.9998
3107703,Bom Jesus do Amparo,MG,31,-43.4682,-19.7131
3107802,Bom Jesus do Galho,MG,31,-42.3673,-19.733
3107901,Bom Repouso,MG,31,-46.188,-22.4484
3108008,Bom Sucesso,MG,31,-44.7918,-21.0444
3108107,Bonfim,MG,31,-44.2105,-20.324
3108206,Bonfinópolis de Minas,MG,31,-46.1871,-16.5169
3108255,Bonito de Minas,MG,31,-44.8773,-14.9318
3108305,Borda da Mata,MG,31,-46.1572,-22.2603
3108404,Botelhos,MG,31,-46.426,-21.6394
3108503,Botumirim,MG,31,-42.9988,-16.9372
3108552,Brasilândia de Minas,MG,31,-45.8997,-16.96
3108602,Brasília de Minas,MG,31,-44.4488,-16.2313
3108701,Brás Pires,MG,31,-43.2228,-20.8802
3108800,Braúnas,MG,31,-42.7112,-19.0208
3108909,Brazópolis,MG,31,-45.6262,-22.4945
3109006,Brumadinho,MG,31,-44.1344,-20.1882
3109105,Bueno Brandão,MG,31,-46.3577,-22.4816
3109204,Buenópolis,MG,31,-44.0366,-17.8966
3109253,Bugre,MG,31,-42.3219,-19.362
3109303,Buritis,MG,31,-46.6034,-15.4401
3109402,Buritizeiro,MG,31,-45.2035,-17.2666
3109451,Cabeceira Grande,MG,31,-47.1433,-16.0752
3109501,Cabo Verde,MG,31,-46.3917,-21.4974
3109600,Cachoeira da Prata,MG,31,-44.4712,-19.5133
3109709,Cachoeira de Minas,MG,31,-45.788,-22.3621
3109808,Cachoeira Dourada,MG,31,-49.478,-18.5867
3109907,Caetanópolis,MG,31,-44.3879,-19.3558
3110004,Caeté,MG,31,-43.6393,-19.8777
3110103,Caiana,MG,31,-41.913,-20.7368
3110202,Cajuri,MG,31,-42.7697,-20.7878
3110301,Caldas,MG,31,-46.361,-21.8866
3110400,Camacho,MG,31,-45.1417,-20.6543
3110509,Camanducaia,MG,31,-46.0778,-22.781
3110608,Cambuí,MG,31,-46.0745,-22.5869
3110707,Cambuquira,MG,31,-45.2831,-21.8564
3110806,Campanário,MG,31,-41.7345,-18.2714
3110905,Campanha,MG,31,-45.3999,-21.8288
3111002,Campestre,MG,31,-46.2365,-21.7443
3111101,Campina Verde,MG,31,-49.8026,-19.4484
3111150,Campo Azul,MG,31,-44.7575,-16.5185
3111200,Campo Belo,MG,31,-45.2722,-20.9304
3111309,Campo do Meio,MG,31,-45.8212,-21.1234
3111408,Campo Florido,MG,31,-48.6484,-19.7141
3111507,Campos Altos,MG,31,-46.184,-19.602
3111606,Campos Gerais,MG,31,-45.7391,-21.257
3111705,Canaã,MG,31,-42.6205,-20.6741
3111804,Canápolis,MG,31,-49.2688,-18.7619
3111903,Cana Verde,MG,31,-45.1917,-21.0455
3112000,Candeias,MG,31,-45.2576,-20.7454
3112059,Cantagalo,MG,31,-42.6514,-18.5123
3112109,Caparaó,MG,31,-41.9581,-20.5219
3112208,Capela Nova,MG,31,-43.6085,-20.9185
3112307,Capelinha,MG,31,-42.4836,-17.6844
3112406,Capetinga,MG,31,-47.0227,-20.6573
3112505,Capim Branco,MG,31,-44.1709,-19.5817
3112604,Capinópolis,MG,31,-49.5774,-18.6853
3112653,Capitão Andrade,MG,31,-41.8376,-19.0371
3112703,Capitão Enéas,MG,31,-43.671,-16.0639
3112802,Capitólio,MG,31,-46.168,-20.6137
3112901,Caputira,MG,31,-42.2639,-20.1809
3113008,Caraí,MG,31,-41.6206,-17.1646
3113107,Caranaíba,MG,31,-43.7075,-20.8854
3113206,Carandaí,MG,31,-43.8426,-20.9937
3113305,Carangola,MG,31,-42.0877,-20.7115
3113404,Caratinga,MG,31,-42.1413,-19.6962
3113503,Carbonita,MG,31,-43.0573,-17.4785
3113602,Careaçu,MG,31,-45.6707,-22.0725
3113701,Carlos Chagas,MG,31,-40.8423,-17.6654
3113800,Carmésia,MG,31,-43.1776,-19.0567
3113909,Carmo da Cachoeira,MG,31,-45.1908,-21.4596
3114006,Carmo da Mata,MG,31,-44.8841,-20.563
3114105,Carmo de Minas,MG,31,-45.1562,-22.0971
3114204,Carmo do Cajuru,MG,31,-44.7014,-20.2046
3114303,Carmo do Paranaíba,MG,31,-46.1847,-18.8977
3114402,Carmo do Rio Claro,MG,31,-46.1036,-20.9762
3114501,Carmópolis de Minas,MG,31,-44.6588,-20.5737
3114550,Carneirinho,MG,31,-50.8314,-19.7528
3114600,Carrancas,MG,31,-44.6482,-21.4811
3114709,Carvalhópolis,MG,31,-45.8274,-21.7787
3114808,Carvalhos,MG,31,-44.4758,-22.026
3114907,Casa Grande,MG,31,-43.9345,-20.8359
3115003,Cascalho Rico,MG,31,-47.8784,-18.5717
3115102,Cássia,MG,31,-46.9216,-20.569
3115201,Conceição da Barra de Minas,MG,31,-44.4811,-21.1547
3115300,Cataguases,MG,31,-42.6687,-21.3482
3115359,Catas Altas,MG,31,-43.3992,-20.0763
3115409,Catas Altas da Noruega,MG,31,-43.4995,-20.6731
3115458,Catuji,MG,31,-41.5229,-17.3568
3115474,Catuti,MG,31,-43.0969,-15.3385
3115508,Caxambu,MG,31,-44.9605,-21.9725
3115607,Cedro do Abaeté,MG,31,-45.6867,-19.1178
3115706,Central de Minas,MG,31,-41.2962,-18.769
3115805,Centralina,MG,31,-49.1586,-18.6385
3115904,Chácara,MG,31,-43.2052,-21.677
3116001,Chalé,MG,31,-41.6548,-20.0281
3116100,Chapada do Norte,MG,31,-42.3824,-17.1582
3116159,Chapada Gaúcha,MG,31,-45.4883,-15.453
3116209,Chiador,MG,31,-42.9965,-21.9674
3116308,Cipotânea,MG,31,-43.3581,-20.9304
3116407,Claraval,MG,31,-47.2394,-20.3531
3116506,Claro dos Poções,MG,31,-44.2105,-17.0699
3116605,Cláudio,MG,31,-44.7959,-20.4024
3116704,Coimbra,MG,31,-42.7997,-20.8366
3116803,Coluna,MG,31,-42.8321,-18.2376
3116902,Comendador Gomes,MG,31,-49.0996,-19.6617
3117009,Comercinho,MG,31,-41.7678,-16.2986
3117108,Conceição da Aparecida,MG,31,-46.2084,-21.1106
3117207,Conceição das Pedras,MG,31,-45.4073,-22.1349
3117306,Conceição das Alagoas,MG,31,-48.3434,-19.9525
3117405,Conceição de Ipanema,MG,31,-41.6932,-19.9234
3117504,Conceição do Mato Dentro,MG,31,-43.4931,-18.927
3117603,Conceição do Pará,MG,31,-44.8833,-19.7803
3117702,Conceição do Rio Verde,MG,31,-45.0771,-21.9018
3117801,Conceição dos Ouros,MG,31,-45.7714,-22.4433
3117836,Cônego Marinho,MG,31,-44.5734,-15.0364
3117876,Confins,MG,31,-43.975,-19.6436
3117900,Congonhal,MG,31,-46.0385,-22.1443
3118007,Congonhas,MG,31,-43.8633,-20.5227
3118106,Congonhas do Norte,MG,31,-43.6877,-18.8977
3118205,Conquista,MG,31,-47.6271,-19.8662
3118304,Conselheiro Lafaiete,MG,31,-43.7939,-20.6472
3118403,Conselheiro Pena,MG,31,-41.4194,-19.1628
3118502,Consolação,MG,31,-45.9191,-22.5212
3118601,Contagem,MG,31,-44.0808,-19.8909
3118700,Coqueiral,MG,31,-45.4172,-21.1559
3118809,Coração de Jesus,MG,31,-44.4064,-16.618
3118908,Cordisburgo,MG,31,-44.2043,-19.111
3119005,Cordislândia,MG,31,-45.6535,-21.7755
3119104,Corinto,MG,31,-44.6073,-18.3316
3119203,Coroaci,MG,31,-42.2453,-18.6058
3119302,Coromandel,MG,31,-47.1215,-18.3808
3119401,Coronel Fabriciano,MG,31,-42.6913,-19.4461
3119500,Coronel Murta,MG,31,-42.1849,-16.5899
3119609,Coronel Pacheco,MG,31,-43.2801,-21.6117
3119708,Coronel Xavier Chaves,MG,31,-44.2022,-21.0247
3119807,Córrego Danta,MG,31,-45.9696,-19.776
3119906,Córrego do Bom Jesus,MG,31,-45.9945,-22.6411
3119955,Córrego Fundo,MG,31,-45.5319,-20.4479
3120003,Córrego Novo,MG,31,-42.4364,-19.8286
3120102,Couto de Magalhães de Minas,MG,31,-43.4241,-18.0931
3120151,Crisólita,MG,31,-40.9662,-17.2292
3120201,Cristais,MG,31,-45.5725,-20.8122
3120300,Cristália,MG,31,-42.8128,-16.7278
3120409,Cristiano Otoni,MG,31,-43.824,-20.8368
3120508,Cristina,MG,31,-45.2878,-22.2021
3120607,Crucilândia,MG,31,-44.3607,-20.4002
3120706,Cruzeiro da Fortaleza,MG,31,-46.6644,-18.965
3120805,Cruzília,MG,31,-44.7864,-21.7278
3120839,Cuparaque,MG,31,-41.1315,-19.0015
3120870,Curral de Dentro,MG,31,-41.7622,-15.8502
3120904,Curvelo,MG,31,-44.3871,-18.7767
3121001,Datas,MG,31,-43.6529,-18.4868
3121100,Delfim Moreira,MG,31,-45.2941,-22.5116
3121209,Delfinópolis,MG,31,-46.7721,-20.3503
3121258,Delta,MG,31,-47.805,-19.9381
3121308,Descoberto,MG,31,-42.9559,-21.4391
3121407,Desterro de Entre Rios,MG,31,-44.2716,-20.6221
3121506,Desterro do Melo,MG,31,-43.5223,-21.1434
3121605,Diamantina,MG,31,-43.5773,-17.966
3121704,Diogo de Vasconcelos,MG,31,-43.187,-20.472
3121803,Dionísio,MG,31,-42.659,-19.8306
3121902,Divinésia,MG,31,-42.99,-20.9901
3122009,Divino,MG,31,-42.1828,-20.57
3122108,Divino das Laranjeiras,MG,31,-41.5005,-18.7158
3122207,Divinolândia de Minas,MG,31,-42.5567,-18.7759
3122306,Divinópolis,MG,31,-44.9215,-20.1023
3122355,Divisa Alegre,MG,31,-41.373,-15.7215
3122405,Divisa Nova,MG,31,-46.2389,-21.5153
3122454,Divisópolis,MG,31,-40.9245,-15.7705
3122470,Dom Bosco,MG,31,-46.2803,-16.7203
3122504,Dom Cavati,MG,31,-42.0968,-19.3868
3122603,Dom Joaquim,MG,31,-43.2588,-18.9231
3122702,Dom Silvério,MG,31,-42.9465,-20.1195
3122801,Dom Viçoso,MG,31,-45.1454,-22.2307
3122900,Dona Euzébia,MG,31,-42.8062,-21.3314
3123007,Dores de Campos,MG,31,-43.98,-21.1042
3123106,Dores de Guanhães,MG,31,-42.9116,-19.0668
3123205,Dores do Indaiá,MG,31,-45.5534,-19.4836
3123304,Dores do Turvo,MG,31,-43.1601,-21.0295
3123403,Doresópolis,MG,31,-45.8987,-20.2991
3123502,Douradoquara,MG,31,-47.6158,-18.4317
3123528,Durandé,MG,31,-41.793,-20.1526
3123601,Elói Mendes,MG,31,-45.5917,-21.6195
3123700,Engenheiro Caldas,MG,31,-42.0235,-19.1229
3123809,Engenheiro Navarro,MG,31,-44.0126,-17.2775
3123858,Entre Folhas,MG,31,-42.2381,-19.6662
3123908,Entre Rios de Minas,MG,31,-44.0949,-20.7137
3124005,Ervália,MG,31,-42.605,-20.8517
3124104,Esmeraldas,MG,31,-44.306,-19.7437
3124203,Espera Feliz,MG,31,-41.9209,-20.589
3124302,Espinosa,MG,31,-42.981,-14.8604
3124401,Espírito Santo do Dourado,MG,31,-45.9767,-22.0159
3124500,Estiva,MG,31,-46.0182,-22.448
3124609,Estrela Dalva,MG,31,-42.4729,-21.7039
3124708,Estrela do Indaiá,MG,31,-45.8084,-19.594
3124807,Estrela do Sul,MG,31,-47.728,-18.7324
3124906,Eugenópolis,MG,31,-42.2163,-21.0228
3125002,Ewbank da Câmara,MG,31,-43.5682,-21.5702
3125101,Extrema,MG,31,-46.2849,-22.83
3125200,Fama,MG,31,-45.8306,-21.4678
3125309,Faria Lemos,MG,31,-42.0201,-20.7768
3125408,Felício dos Santos,MG,31,-43.2436,-18.1485
3125507,São Gonçalo do Rio Preto,MG,31,-43.357,-18.0825
3125606,Felisburgo,MG,31,-40.7158,-16.6685
3125705,Felixlândia,MG,31,-44.9678,-18.7077
3125804,Fernandes Tourinho,MG,31,-42.0991,-19.087
3125903,Ferros,MG,31,-42.9461,-19.2515
3125952,Fervedouro,MG,31,-42.3638,-20.6897
3126000,Florestal,MG,31,-44.4293,-19.86
3126109,Formiga,MG,31,-45.5131,-20.5423
3126208,Formoso,MG,31,-46.1558,-15.1161
3126307,Fortaleza de Minas,MG,31,-46.7647,-20.8884
3126406,Fortuna de Minas,MG,31,-44.5085,-19.5404
3126505,Francisco Badaró,MG,31,-42.3013,-16.9714
3126604,Francisco Dumont,MG,31,-44.2647,-17.433
3126703,Francisco Sá,MG,31,-43.4714,-16.4436
3126752,Franciscópolis,MG,31,-41.9631,-17.9956
3126802,Frei Gaspar,MG,31,-41.4889,-18.142
3126901,Frei Inocêncio,MG,31,-41.8789,-18.529
3126950,Frei Lagonegro,MG,31,-42.7488,-18.1538
3127008,Fronteira,MG,31,-49.1796,-20.221
3127057,Fronteira dos Vales,MG,31,-40.838,-16.8804
3127073,Fruta de Leite,MG,31,-42.5138,-16.1398
3127107,Frutal,MG,31,-48.9879,-20.0583
3127206,Funilândia,MG,31,-44.0636,-19.3763
3127305,Galiléia,MG,31,-41.5075,-18.8717
3127339,Gameleiras,MG,31,-43.2725,-14.9737
3127354,Glaucilândia,MG,31,-43.6526,-16.8881
3127370,Goiabeira,MG,31,-41.2477,-19.0494
3127388,Goianá,MG,31,-43.1948,-21.5636
3127404,Gonçalves,MG,31,-45.8279,-22.6814
3127503,Gonzaga,MG,31,-42.5024,-18.8756
3127602,Gouveia,MG,31,-43.8366,-18.5252
3127701,Governador Valadares,MG,31,-41.9532,-18.7719
3127800,Grão Mogol,MG,31,-42.9651,-16.4992
3127909,Grupiara,MG,31,-47.7613,-18.497
3128006,Guanhães,MG,31,-42.7994,-18.8653
3128105,Guapé,MG,31,-45.9156,-20.7667
3128204,Guaraciaba,MG,31,-43.0188,-20.5622
3128253,Guaraciama,MG,31,-43.6104,-17.0822
3128303,Guaranésia,MG,31,-46.81,-21.2914
3128402,Guarani,MG,31,-43.0517,-21.3538
3128501,Guarará,MG,31,-43.0295,-21.759
3128600,Guarda-Mor,MG,31,-47.14,-17.7251
3128709,Guaxupé,MG,31,-46.6888,-21.2844
3128808,Guidoval,MG,31,-42.7868,-21.1839
3128907,Guimarânia,MG,31,-46.7717,-18.7898
3129004,Guiricema,MG,31,-42.7078,-21.0014
3129103,Gurinhatã,MG,31,-49.8729,-19.0995
3129202,Heliodora,MG,31,-45.5384,-22.0494
3129301,Iapu,MG,31,-42.2455,-19.3471
3129400,Ibertioga,MG,31,-43.952,-21.4461
3129509,Ibiá,MG,31,-46.6005,-19.5724
3129608,Ibiaí,MG,31,-44.8052,-16.8125
3129657,Ibiracatu,MG,31,-44.1241,-15.6537
3129707,Ibiraci,MG,31,-47.1234,-20.3806
3129806,Ibirité,MG,31,-44.0675,-20.02
3129905,Ibitiúra de Minas,MG,31,-46.4071,-22.0726
3130002,Ibituruna,MG,31,-44.7914,-21.1657
3130051,Icaraí de Minas,MG,31,-44.8943,-16.2108
3130101,Igarapé,MG,31,-44.3175,-20.0666
3130200,Igaratinga,MG,31,-44.7252,-19.9644
3130309,Iguatama,MG,31,-45.7592,-20.155
3130408,Ijaci,MG,31,-44.921,-21.1674
3130507,Ilicínea,MG,31,-45.8172,-20.9266
3130556,Imbé de Minas,MG,31,-41.97,-19.6274
3130606,Inconfidentes,MG,31,-46.2807,-22.3445
3130655,Indaiabira,MG,31,-42.1558,-15.5795
3130705,Indianópolis,MG,31,-47.8718,-18.9582
3130804,Ingaí,MG,31,-44.9453,-21.4118
3130903,Inhapim,MG,31,-41.9515,-19.5023
3131000,Inhaúma,MG,31,-44.4315,-19.504
3131109,Inimutaba,MG,31,-44.2778,-18.7218
3131158,Ipaba,MG,31,-42.3694,-19.3957
3131208,Ipanema,MG,31,-41.7645,-19.7682
3131307,Ipatinga,MG,31,-42.5948,-19.4402
3131406,Ipiaçu,MG,31,-49.9422,-18.7018
3131505,Ipuiúna,MG,31,-46.148,-22.0268
3131604,Iraí de Minas,MG,31,-47.4776,-19.0502
3131703,Itabira,MG,31,-43.2804,-19.5965
3131802,Itabirinha,MG,31,-41.2498,-18.5274
3131901,Itabirito,MG,31,-43.8254,-20.2484
3132008,Itacambira,MG,31,-43.3106,-16.886
3132107,Itacarambi,MG,31,-44.1712,-15.1343
3132206,Itaguara,MG,31,-44.5235,-20.3607
3132305,Itaipé,MG,31,-41.6567,-17.4145
3132404,Itajubá,MG,31,-45.4027,-22.4199
3132503,Itamarandiba,MG,31,-42.8638,-17.8487
3132602,Itamarati de Minas,MG,31,-42.8533,-21.4138
3132701,Itambacuri,MG,31,-41.8473,-18.1622
3132800,Itambé do Mato Dentro,MG,31,-43.3547,-19.3851
3132909,Itamogi,MG,31,-47.0452,-21.0805
3133006,Itamonte,MG,31,-44.7586,-22.2814
3133105,Itanhandu,MG,31,-44.905,-22.3288
3133204,Itanhomi,MG,31,-41.8597,-19.1364
3133303,Itaobim,MG,31,-41.5078,-16.564
3133402,Itapagipe,MG,31,-49.4366,-19.7755
3133501,Itapecerica,MG,31,-45.098,-20.4459
3133600,Itapeva,MG,31,-46.1998,-22.6937
3133709,Itatiaiuçu,MG,31,-44.4446,-20.2074
3133758,Itaú de Minas,MG,31,-46.7786,-20.7362
3133808,Itaúna,MG,31,-44.579,-20.0862
3133907,Itaverava,MG,31,-43.6043,-20.678
3134004,Itinga,MG,31,-41.8445,-16.595
3134103,Itueta,MG,31,-41.089,-19.3726
3134202,Ituiutaba,MG,31,-49.5435,-19.0043
3134301,Itumirim,MG,31,-44.8322,-21.2708
3134400,Iturama,MG,31,-50.3856,-19.6872
3134509,Itutinga,MG,31,-44.7012,-21.3545
3134608,Jaboticatubas,MG,31,-43.7331,-19.4532
3134707,Jacinto,MG,31,-40.3398,-16.1783
3134806,Jacuí,MG,31,-46.7406,-21.0227
3134905,Jacutinga,MG,31,-46.5922,-22.2727
3135001,Jaguaraçu,MG,31,-42.7283,-19.6433
3135050,Jaíba,MG,31,-43.6844,-15.2214
3135076,Jampruca,MG,31,-41.7481,-18.4568
3135100,Janaúba,MG,31,-43.396,-15.793
3135209,Januária,MG,31,-44.7874,-15.2924
3135308,Japaraíba,MG,31,-45.5406,-20.1267
3135357,Japonvar,MG,31,-44.3346,-15.9409
3135407,Jeceaba,MG,31,-44.0576,-20.5466
3135456,Jenipapo de Minas,MG,31,-42.2207,-17.1723
3135506,Jequeri,MG,31,-42.6109,-20.4691
3135605,Jequitaí,MG,31,-44.4587,-17.2019
3135704,Jequitibá,MG,31,-44.016,-19.2096
3135803,Jequitinhonha,MG,31,-41.0736,-16.3892
3135902,Jesuânia,MG,31,-45.2854,-22.0211
3136009,Joaíma,MG,31,-41.0135,-16.7986
3136108,Joanésia,MG,31,-42.705,-19.212
3136207,João Monlevade,MG,31,-43.1692,-19.8291
3136306,João Pinheiro,MG,31,-45.9615,-17.5159
3136405,Joaquim Felício,MG,31,-44.1194,-17.6481
3136504,Jordânia,MG,31,-40.3355,-15.8803
3136520,José Gonçalves de Minas,MG,31,-42.6579,-16.8956
3136553,José Raydan,MG,31,-42.4781,-18.2553
3136579,Josenópolis,MG,31,-42.5353,-16.5436
3136603,Nova União,MG,31,-43.5679,-19.6089
3136652,Juatuba,MG,31,-44.3494,-19.9595
3136702,Juiz de Fora,MG,31,-43.4261,-21.7633
3136801,Juramento,MG,31,-43.5653,-16.8539
3136900,Juruaia,MG,31,-46.5304,-21.2258
3136959,Juvenília,MG,31,-44.095,-14.4001
3137007,Ladainha,MG,31,-41.8198,-17.6228
3137106,Lagamar,MG,31,-46.7253,-18.0631
3137205,Lagoa da Prata,MG,31,-45.5069,-20.0124
3137304,Lagoa dos Patos,MG,31,-44.6636,-17.033
3137403,Lagoa Dourada,MG,31,-44.0737,-20.8996
3137502,Lagoa Formosa,MG,31,-46.2987,-18.771
3137536,Lagoa Grande,MG,31,-46.5155,-17.766
3137601,Lagoa Santa,MG,31,-43.8927,-19.6153
3137700,Lajinha,MG,31,-41.5786,-20.1261
3137809,Lambari,MG,31,-45.3869,-22.004
3137908,Lamim,MG,31,-43.4818,-20.7738
3138005,Laranjal,MG,31,-42.4501,-21.3632
3138104,Lassance,MG,31,-44.6766,-17.8903
3138203,Lavras,MG,31,-45.0363,-21.2676
3138302,Leandro Ferreira,MG,31,-45.0337,-19.6849
3138351,Leme do Prado,MG,31,-42.7505,-17.0712
3138401,Leopoldina,MG,31,-42.6496,-21.5295
3138500,Liberdade,MG,31,-44.3299,-22.0149
3138609,Lima Duarte,MG,31,-43.8795,-21.81
3138625,Limeira do Oeste,MG,31,-50.6232,-19.4206
3138658,Lontra,MG,31,-44.2722,-15.8496
3138674,Luisburgo,MG,31,-42.0729,-20.4504
3138682,Luislândia,MG,31,-44.5829,-16.2014
3138708,Luminárias,MG,31,-44.9113,-21.5225
3138807,Luz,MG,31,-45.676,-19.8353
3138906,Machacalis,MG,31,-40.7183,-17.1036
3139003,Machado,MG,31,-45.8865,-21.6898
3139102,Madre de Deus de Minas,MG,31,-44.3183,-21.4886
3139201,Malacacheta,MG,31,-42.0946,-17.8415
3139250,Mamonas,MG,31,-42.9632,-15.0154
3139300,Manga,MG,31,-44.1041,-14.6611
3139409,Manhuaçu,MG,31,-42.104,-20.1965
3139508,Manhumirim,MG,31,-41.9442,-20.3443
3139607,Mantena,MG,31,-41.1142,-18.6879
3139706,Maravilhas,MG,31,-44.6594,-19.5093
3139805,Mar de Espanha,MG,31,-42.9967,-21.8627
3139904,Maria da Fé,MG,31,-45.305,-22.3184
3140001,Mariana,MG,31,-43.3099,-20.3238
3140100,Marilac,MG,31,-42.067,-18.4979
3140159,Mário Campos,MG,31,-44.1772,-20.0694
3140209,Maripá de Minas,MG,31,-42.9616,-21.6872
3140308,Marliéria,MG,31,-42.6276,-19.6955
3140407,Marmelópolis,MG,31,-45.1664,-22.4753
3140506,Martinho Campos,MG,31,-45.2008,-19.4143
3140530,Martins Soares,MG,31,-41.8404,-20.2525
3140555,Mata Verde,MG,31,-40.7031,-15.759
3140605,Materlândia,MG,31,-43.027,-18.4526
3140704,Mateus Leme,MG,31,-44.4514,-20.0208
3140803,Matias Barbosa,MG,31,-43.304,-21.8788
3140852,Matias Cardoso,MG,31,-43.7314,-14.8664
3140902,Matipó,MG,31,-42.311,-20.3106
3141009,Mato Verde,MG,31,-42.8859,-15.4369
3141108,Matozinhos,MG,31,-44.0613,-19.5301
3141207,Matutina,MG,31,-45.9852,-19.1847
3141306,Medeiros,MG,31,-46.3555,-19.994
3141405,Medina,MG,31,-41.5407,-16.2968
3141504,Mendes Pimentel,MG,31,-41.338,-18.6192
3141603,Mercês,MG,31,-43.34,-21.1875
3141702,Mesquita,MG,31,-42.6165,-19.2386
3141801,Minas Novas,MG,31,-42.4094,-17.3623
3141900,Minduri,MG,31,-44.6181,-21.6853
3142007,Mirabela,MG,31,-44.166,-16.261
3142106,Miradouro,MG,31,-42.3821,-20.8385
3142205,Miraí,MG,31,-42.6062,-21.1595
3142254,Miravânia,MG,31,-44.4254,-14.7543
3142304,Moeda,MG,31,-44.0006,-20.3338
3142403,Moema,MG,31,-45.4171,-19.8423
3142502,Monjolos,MG,31,-44.0321,-18.3881
3142601,Monsenhor Paulo,MG,31,-45.4775,-21.7281
3142700,Montalvânia,MG,31,-44.504,-14.4929
3142809,Monte Alegre de Minas,MG,31,-48.9296,-18.8054
3142908,Monte Azul,MG,31,-42.9726,-15.2294
3143005,Monte Belo,MG,31,-46.3337,-21.3081
3143104,Monte Carmelo,MG,31,-47.4833,-18.6825
3143153,Monte Formoso,MG,31,-41.2848,-16.8743
3143203,Monte Santo de Minas,MG,31,-46.9519,-21.1911
3143302,Montes Claros,MG,31,-43.9549,-16.6205
3143401,Monte Sião,MG,31,-46.5163,-22.4096
3143450,Montezuma,MG,31,-42.4747,-15.1799
3143500,Morada Nova de Minas,MG,31,-45.3892,-18.5893
3143609,Morro da Garça,MG,31,-44.6633,-18.6387
3143708,Morro do Pilar,MG,31,-43.4128,-19.218
3143807,Munhoz,MG,31,-46.3028,-22.6273
3143906,Muriaé,MG,31,-42.434,-21.0846
3144003,Mutum,MG,31,-41.461,-19.909
3144102,Muzambinho,MG,31,-46.5189,-21.3692
3144201,Nacip Raydan,MG,31,-42.1714,-18.4828
3144300,Nanuque,MG,31,-40.5035,-17.7823
3144359,Naque,MG,31,-42.3286,-19.1745
3144375,Natalândia,MG,31,-46.4784,-16.5323
3144409,Natércia,MG,31,-45.5056,-22.1319
3144508,Nazareno,MG,31,-44.6086,-21.2144
3144607,Nepomuceno,MG,31,-45.2621,-21.2049
3144656,Ninheira,MG,31,-41.6894,-15.3834
3144672,Nova Belém,MG,31,-41.1151,-18.4879
3144706,Nova Era,MG,31,-43.0182,-19.7038
3144805,Nova Lima,MG,31,-43.9018,-20.0827
3144904,Nova Módica,MG,31,-41.517,-18.456
3145000,Nova Ponte,MG,31,-47.6985,-19.2415
3145059,Nova Porteirinha,MG,31,-43.2733,-15.7208
3145109,Nova Resende,MG,31,-46.4214,-21.0876
3145208,Nova Serrana,MG,31,-44.9833,-19.852
3145307,Novo Cruzeiro,MG,31,-41.9533,-17.3672
3145356,Novo Oriente de Minas,MG,31,-41.209,-17.2335
3145372,Novorizonte,MG,31,-42.4003,-16.0084
3145406,Olaria,MG,31,-43.9689,-21.9108
3145455,Olhos-d'Água,MG,31,-43.6134,-17.5108
3145505,Olímpio Noronha,MG,31,-45.2811,-22.0836
3145604,Oliveira,MG,31,-44.7182,-20.7461
3145703,Oliveira Fortes,MG,31,-43.5083,-21.3348
3145802,Onça de Pitangui,MG,31,-44.7435,-19.7017
3145851,Oratórios,MG,31,-42.776,-20.4218
3145877,Orizânia,MG,31,-42.212,-20.514
3145901,Ouro Branco,MG,31,-43.6948,-20.5347
3146008,Ouro Fino,MG,31,-46.3749,-22.2542
3146107,Ouro Preto,MG,31,-43.6425,-20.4107
3146206,Ouro Verde de Minas,MG,31,-41.2945,-18.0335
3146255,Padre Carvalho,MG,31,-42.6008,-16.2947
3146305,Padre Paraíso,MG,31,-41.5452,-17.0514
3146404,Paineiras,MG,31,-45.4464,-18.9195
3146503,Pains,MG,31,-45.7064,-20.3795
3146552,Pai Pedro,MG,31,-43.1644,-15.3792
3146602,Paiva,MG,31,-43.4172,-21.29
3146701,Palma,MG,31,-42.3273,-21.4146
3146750,Palmópolis,MG,31,-40.3796,-16.7768
3146909,Papagaios,MG,31,-44.7065,-19.3756
3147006,Paracatu,MG,31,-46.9328,-17.1769
3147105,Pará de Minas,MG,31,-44.6173,-19.8251
3147204,Paraguaçu,MG,31,-45.7551,-21.5782
3147303,Paraisópolis,MG,31,-45.8223,-22.5796
3147402,Paraopeba,MG,31,-44.4317,-19.2968
3147501,Passabém,MG,31,-43.1687,-19.3549
3147600,Passa Quatro,MG,31,-44.9518,-22.4055
3147709,Passa Tempo,MG,31,-44.4895,-20.6408
3147808,Passa Vinte,MG,31,-44.2603,-22.1752
3147907,Passos,MG,31,-46.6357,-20.7199
3147956,Patis,MG,31,-44.1233,-16.076
3148004,Patos de Minas,MG,31,-46.4865,-18.6087
3148103,Patrocínio,MG,31,-47.0505,-18.9512
3148202,Patrocínio do Muriaé,MG,31,-42.2488,-21.1724
3148301,Paula Cândido,MG,31,-42.9748,-20.8584
3148400,Paulistas,MG,31,-42.8706,-18.4443
3148509,Pavão,MG,31,-41.0613,-17.4628
3148608,Peçanha,MG,31,-42.5185,-18.5585
3148707,Pedra Azul,MG,31,-41.1962,-15.9514
3148756,Pedra Bonita,MG,31,-42.3795,-20.478
3148806,Pedra do Anta,MG,31,-42.7262,-20.5968
3148905,Pedra do Indaiá,MG,31,-45.2235,-20.3024
3149002,Pedra Dourada,MG,31,-42.1634,-20.8335
3149101,Pedralva,MG,31,-45.4679,-22.2489
3149150,Pedras de Maria da Cruz,MG,31,-44.324,-15.6251
3149200,Pedrinópolis,MG,31,-47.5161,-19.1846
3149309,Pedro Leopoldo,MG,31,-44.0395,-19.6264
3149408,Pedro Teixeira,MG,31,-43.7312,-21.732
3149507,Pequeri,MG,31,-43.1354,-21.8142
3149606,Pequi,MG,31,-44.6298,-19.5913
3149705,Perdigão,MG,31,-45.0616,-19.9321
3149804,Perdizes,MG,31,-47.1469,-19.3997
3149903,Perdões,MG,31,-45.0721,-21.0681
3149952,Periquito,MG,31,-42.245,-19.0873
3150000,Pescador,MG,31,-41.5523,-18.3276
3150109,Piau,MG,31,-43.2977,-21.499
3150158,Piedade de Caratinga,MG,31,-42.0453,-19.7638
3150208,Piedade de Ponte Nova,MG,31,-42.7144,-20.2415
3150307,Piedade do Rio Grande,MG,31,-44.1589,-21.5001
3150406,Piedade dos Gerais,MG,31,-44.2362,-20.4828
3150505,Pimenta,MG,31,-45.824,-20.519
3150539,Pingo-d'Água,MG,31,-42.4323,-19.7433
3150570,Pintópolis,MG,31,-45.2425,-16.062
3150604,Piracema,MG,31,-44.4193,-20.524
3150703,Pirajuba,MG,31,-48.681,-19.9309
3150802,Piranga,MG,31,-43.3043,-20.6403
3150901,Piranguçu,MG,31,-45.5201,-22.5583
3151008,Piranguinho,MG,31,-45.5786,-22.3877
3151107,Pirapetinga,MG,31,-42.3637,-21.6733
3151206,Pirapora,MG,31,-44.8688,-17.38
3151305,Piraúba,MG,31,-43.0207,-21.2632
3151404,Pitangui,MG,31,-44.8818,-19.5983
3151503,Piumhi,MG,31,-46.062,-20.4259
3151602,Planura,MG,31,-48.6458,-20.0713
3151701,Poço Fundo,MG,31,-46.0092,-21.8092
3151800,Poços de Caldas,MG,31,-46.5445,-21.8098
3151909,Pocrane,MG,31,-41.5423,-19.5857
3152006,Pompéu,MG,31,-44.9541,-19.102
3152105,Ponte Nova,MG,31,-42.9235,-20.4034
3152131,Ponto Chique,MG,31,-44.9724,-16.6089
3152170,Ponto dos Volantes,MG,31,-41.4651,-16.8513
3152204,Porteirinha,MG,31,-43.1018,-15.7176
3152303,Porto Firme,MG,31,-43.0707,-20.6653
3152402,Poté,MG,31,-41.7697,-17.8121
3152501,Pouso Alegre,MG,31,-45.9469,-22.2692
3152600,Pouso Alto,MG,31,-44.946,-22.1697
3152709,Prados,MG,31,-44.0582,-21.1021
3152808,Prata,MG,31,-48.9852,-19.3463
3152907,Pratápolis,MG,31,-46.8488,-20.7854
3153004,Pratinha,MG,31,-46.3963,-19.7501
3153103,Presidente Bernardes,MG,31,-43.1644,-20.7779
3153202,Presidente Juscelino,MG,31,-44.0906,-18.7261
3153301,Presidente Kubitschek,MG,31,-43.5663,-18.6513
3153400,Presidente Olegário,MG,31,-46.3549,-18.1995
3153509,Alto Jequitibá,MG,31,-41.9453,-20.4374
3153608,Prudente de Morais,MG,31,-44.1155,-19.4717
3153707,Quartel Geral,MG,31,-45.6423,-19.2744
3153806,Queluzito,MG,31,-43.8961,-20.7476
3153905,Raposos,MG,31,-43.7803,-19.9812
3154002,Raul Soares,MG,31,-42.3725,-20.006
3154101,Recreio,MG,31,-42.4333,-21.5187
3154150,Reduto,MG,31,-41.934,-20.2377
3154200,Resende Costa,MG,31,-44.2881,-20.8529
3154309,Resplendor,MG,31,-41.1629,-19.2218
3154408,Ressaquinha,MG,31,-43.7536,-21.0934
3154457,Riachinho,MG,31,-45.944,-16.272
3154507,Riacho dos Machados,MG,31,-43.0128,-16.0662
3154606,Ribeirão das Neves,MG,31,-44.0665,-19.7694
3154705,Ribeirão Vermelho,MG,31,-45.0699,-21.1405
3154804,Rio Acima,MG,31,-43.7742,-20.0996
3154903,Rio Casca,MG,31,-42.6627,-20.1566
3155009,Rio Doce,MG,31,-42.9055,-20.2181
3155108,Rio do Prado,MG,31,-40.5588,-16.6901
3155207,Rio Espera,MG,31,-43.4874,-20.8646
3155306,Rio Manso,MG,31,-44.3457,-20.2583
3155405,Rio Novo,MG,31,-43.1547,-21.469
3155504,Rio Paranaíba,MG,31,-46.3082,-19.2335
3155603,Rio Pardo de Minas,MG,31,-42.5525,-15.7274
3155702,Rio Piracicaba,MG,31,-43.1496,-19.9698
3155801,Rio Pomba,MG,31,-43.1634,-21.2364
3155900,Rio Preto,MG,31,-43.8928,-22.0435
3156007,Rio Vermelho,MG,31,-43.0685,-18.2412
3156106,Ritápolis,MG,31,-44.3646,-20.9886
3156205,Rochedo de Minas,MG,31,-43.034,-21.6471
3156304,Rodeiro,MG,31,-42.8417,-21.2125
3156403,Romaria,MG,31,-47.5661,-18.9055
3156452,Rosário da Limeira,MG,31,-42.52,-20.9789
3156502,Rubelita,MG,31,-42.1979,-16.3627
3156601,Rubim,MG,31,-40.4957,-16.4641
3156700,Sabará,MG,31,-43.7953,-19.8482
3156809,Sabinópolis,MG,31,-43.0651,-18.6489
3156908,Sacramento,MG,31,-47.2648,-19.894
3157005,Salinas,MG,31,-42.1795,-16.102
3157104,Salto da Divisa,MG,31,-40.0322,-16.092
3157203,Santa Bárbara,MG,31,-43.4345,-20.0138
3157252,Santa Bárbara do Leste,MG,31,-42.107,-19.9391
3157278,Santa Bárbara do Monte Verde,MG,31,-43.6919,-21.9656
3157302,Santa Bárbara do Tugúrio,MG,31,-43.5307,-21.2523
3157336,Santa Cruz de Minas,MG,31,-44.2119,-21.1193
3157377,Santa Cruz de Salinas,MG,31,-41.7777,-16.0363
3157401,Santa Cruz do Escalvado,MG,31,-42.8131,-20.2262
3157500,Santa Efigênia de Minas,MG,31,-42.3881,-18.8676
3157609,Santa Fé de Minas,MG,31,-45.5398,-16.6927
3157658,Santa Helena de Minas,MG,31,-40.6478,-16.899
3157708,Santa Juliana,MG,31,-47.53,-19.362
3157807,Santa Luzia,MG,31,-43.8318,-19.7339
3157906,Santa Margarida,MG,31,-42.2665,-20.4387
3158003,Santa Maria de Itabira,MG,31,-43.0366,-19.4532
3158102,Santa Maria do Salto,MG,31,-40.1242,-16.3289
3158201,Santa Maria do Suaçuí,MG,31,-42.3376,-18.2333
3158300,Santana da Vargem,MG,31,-45.5059,-21.2782
3158409,Santana de Cataguases,MG,31,-42.5592,-21.2762
3158508,Santana de Pirapama,MG,31,-43.9125,-18.9079
3158607,Santana do Deserto,MG,31,-43.1829,-21.9434
3158706,Santana do Garambéu,MG,31,-44.0765,-21.6442
3158805,Santana do Jacaré,MG,31,-45.0717,-20.8892
3158904,Santana do Manhuaçu,MG,31,-41.8858,-20.0319
3158953,Santana do Paraíso,MG,31,-42.5099,-19.381
3159001,Santana do Riacho,MG,31,-43.6539,-19.1759
3159100,Santana dos Montes,MG,31,-43.661,-20.8
3159209,Santa Rita de Caldas,MG,31,-46.2855,-22.028
3159308,Santa Rita de Jacutinga,MG,31,-44.1035,-22.1027
3159357,Santa Rita de Minas,MG,31,-42.1221,-19.8798
3159407,Santa Rita de Ibitipoca,MG,31,-43.9288,-21.5697
3159506,Santa Rita do Itueto,MG,31,-41.3931,-19.4248
3159605,Santa Rita do Sapucaí,MG,31,-45.6771,-22.2512
3159704,Santa Rosa da Serra,MG,31,-46.0155,-19.5714
3159803,Santa Vitória,MG,31,-50.3341,-19.037
3159902,Santo Antônio do Amparo,MG,31,-44.9592,-20.9154
3160009,Santo Antônio do Aventureiro,MG,31,-42.8111,-21.7502
3160108,Santo Antônio do Grama,MG,31,-42.6037,-20.3249
3160207,Santo Antônio do Itambé,MG,31,-43.249,-18.5016
3160306,Santo Antônio do Jacinto,MG,31,-40.2756,-16.4987
3160405,Santo Antônio do Monte,MG,31,-45.3021,-20.0715
3160454,Santo Antônio do Retiro,MG,31,-42.6494,-15.2658
3160504,Santo Antônio do Rio Abaixo,MG,31,-43.2577,-19.2357
3160603,Santo Hipólito,MG,31,-44.1787,-18.3845
3160702,Santos Dumont,MG,31,-43.5374,-21.4684
3160801,São Bento Abade,MG,31,-45.0781,-21.5623
3160900,São Brás do Suaçuí,MG,31,-43.9592,-20.6277
3160959,São Domingos das Dores,MG,31,-42.0225,-19.5251
3161007,São Domingos do Prata,MG,31,-42.8873,-19.8948
3161056,São Félix de Minas,MG,31,-41.446,-18.5641
3161106,São Francisco,MG,31,-44.7763,-15.9043
3161205,São Francisco de Paula,MG,31,-45.0004,-20.7188
3161304,São Francisco de Sales,MG,31,-49.8773,-19.7823
3161403,São Francisco do Glória,MG,31,-42.2777,-20.7883
3161502,São Geraldo,MG,31,-42.8389,-20.9122
3161601,São Geraldo da Piedade,MG,31,-42.31,-18.8986
3161650,São Geraldo do Baixio,MG,31,-41.3743,-18.9093
3161700,São Gonçalo do Abaeté,MG,31,-45.5544,-18.188
3161809,São Gonçalo do Pará,MG,31,-44.8237,-19.9643
3161908,São Gonçalo do Rio Abaixo,MG,31,-43.3148,-19.8252
3162005,São Gonçalo do Sapucaí,MG,31,-45.5907,-21.9008
3162104,São Gotardo,MG,31,-45.9939,-19.3505
3162203,São João Batista do Glória,MG,31,-46.4482,-20.5561
3162252,São João da Lagoa,MG,31,-44.3224,-16.8514
3162302,São João da Mata,MG,31,-45.9435,-21.9454
3162401,São João da Ponte,MG,31,-43.8681,-15.894
3162450,São João das Missões,MG,31,-44.2225,-14.9074
3162500,São João del Rei,MG,31,-44.2814,-21.2517
3162559,São João do Manhuaçu,MG,31,-42.1526,-20.38
3162575,São João do Manteninha,MG,31,-41.1663,-18.7476
3162609,São João do Oriente,MG,31,-42.1647,-19.3535
3162658,São João do Pacuí,MG,31,-44.5333,-16.553
3162708,São João do Paraíso,MG,31,-41.9567,-15.3345
3162807,São João Evangelista,MG,31,-42.7792,-18.5186
3162906,São João Nepomuceno,MG,31,-43.0094,-21.59
3162922,São Joaquim de Bicas,MG,31,-44.248,-20.0509
3162948,São José da Barra,MG,31,-46.2494,-20.762
3162955,São José da Lapa,MG,31,-43.9947,-19.6898
3163003,São José da Safira,MG,31,-42.1216,-18.323
3163102,São José da Varginha,MG,31,-44.5652,-19.699
3163201,São José do Alegre,MG,31,-45.5123,-22.3286
3163300,São José do Divino,MG,31,-41.3709,-18.388
3163409,São José do Goiabal,MG,31,-42.6745,-19.9191
3163508,São José do Jacuri,MG,31,-42.6707,-18.2453
3163607,São José do Mantimento,MG,31,-41.7615,-20.0218
3163706,São Lourenço,MG,31,-45.0372,-22.1172
3163805,São Miguel do Anta,MG,31,-42.708,-20.7405
3163904,São Pedro da União,MG,31,-46.6384,-21.122
3164001,São Pedro dos Ferros,MG,31,-42.5617,-20.0877
3164100,São Pedro do Suaçuí,MG,31,-42.5945,-18.3544
3164209,São Romão,MG,31,-45.3994,-16.3748
3164308,São Roque de Minas,MG,31,-46.5191,-20.1941
3164407,São Sebastião da Bela Vista,MG,31,-45.7876,-22.1618
3164431,São Sebastião da Vargem Alegre,MG,31,-42.6009,-21.0114
3164472,São Sebastião do Anta,MG,31,-41.9485,-19.5144
3164506,São Sebastião do Maranhão,MG,31,-42.542,-18.0513
3164605,São Sebastião do Oeste,MG,31,-45.0508,-20.2568
3164704,São Sebastião do Paraíso,MG,31,-47.017,-20.9139
3164803,São Sebastião do Rio Preto,MG,31,-43.2258,-19.2987
3164902,São Sebastião do Rio Verde,MG,31,-45.0301,-22.2092
3165008,São Tiago,MG,31,-44.5653,-20.9287
3165107,São Tomás de Aquino,MG,31,-47.1278,-20.7886
3165206,São Tomé das Letras,MG,31,-44.9471,-21.759
3165305,São Vicente de Minas,MG,31,-44.4698,-21.6734
3165404,Sapucaí-Mirim,MG,31,-45.85,-22.7933
3165503,Sardoá,MG,31,-42.3919,-18.7714
3165537,Sarzedo,MG,31,-44.1283,-20.0589
3165552,Setubinha,MG,31,-42.1543,-17.6229
3165560,Sem-Peixe,MG,31,-42.8199,-20.0883
3165578,Senador Amaral,MG,31,-46.2076,-22.5586
3165602,Senador Cortes,MG,31,-42.9105,-21.7555
3165701,Senador Firmino,MG,31,-43.1117,-20.9012
3165800,Senador José Bento,MG,31,-46.1352,-22.1581
3165909,Senador Modestino Gonçalves,MG,31,-43.2376,-17.8882
3166006,Senhora de Oliveira,MG,31,-43.3308,-20.8012
3166105,Senhora do Porto,MG,31,-43.0798,-18.9142
3166204,Senhora dos Remédios,MG,31,-43.609,-21.0415
3166303,Sericita,MG,31,-42.4633,-20.4933
3166402,Seritinga,MG,31,-44.4818,-21.9217
3166501,Serra Azul de Minas,MG,31,-43.2057,-18.3855
3166600,Serra da Saudade,MG,31,-45.7834,-19.3788
3166709,Serra dos Aimorés,MG,31,-40.2737,-17.7593
3166808,Serra do Salitre,MG,31,-46.6488,-19.1547
3166907,Serrania,MG,31,-46.0832,-21.563
3166956,Serranópolis de Minas,MG,31,-42.8638,-15.8757
3167004,Serranos,MG,31,-44.5444,-21.8255
3167103,Serro,MG,31,-43.3865,-18.5295
3167202,Sete Lagoas,MG,31,-44.2688,-19.4273
3167301,Silveirânia,MG,31,-43.2089,-21.1446
3167400,Silvianópolis,MG,31,-45.8033,-22.0316
3167509,Simão Pereira,MG,31,-43.2852,-21.9717
3167608,Simonésia,MG,31,-41.9689,-19.9785
3167707,Sobrália,MG,31,-42.1426,-19.2048
3167806,Soledade de Minas,MG,31,-45.0394,-22.0416
3167905,Tabuleiro,MG,31,-43.2487,-21.3661
3168002,Taiobeiras,MG,31,-42.0671,-15.8194
3168051,Taparuba,MG,31,-41.6,-19.7349
3168101,Tapira,MG,31,-46.8612,-19.9254
3168200,Tapiraí,MG,31,-46.1609,-19.8763
3168309,Taquaraçu de Minas,MG,31,-43.6762,-19.6302
3168408,Tarumirim,MG,31,-41.9059,-19.2985
3168507,Teixeiras,MG,31,-42.8482,-20.6382
3168606,Teófilo Otoni,MG,31,-41.3492,-17.7151
3168705,Timóteo,MG,31,-42.5963,-19.5575
3168804,Tiradentes,MG,31,-44.1659,-21.1098
3168903,Tiros,MG,31,-45.8058,-18.8398
3169000,Tocantins,MG,31,-43.0323,-21.1775
3169059,Tocos do Moji,MG,31,-46.1402,-22.3613
3169109,Toledo,MG,31,-46.3796,-22.7051
3169208,Tombos,MG,31,-42.0815,-20.8824
3169307,Três Corações,MG,31,-45.2231,-21.6947
3169356,Três Marias,MG,31,-45.0627,-18.2845
3169406,Três Pontas,MG,31,-45.4996,-21.3956
3169505,Tumiritinga,MG,31,-41.728,-19.009
3169604,Tupaciguara,MG,31,-48.7492,-18.5408
3169703,Turmalina,MG,31,-42.8116,-17.2598
3169802,Turvolândia,MG,31,-45.798,-21.87
3169901,Ubá,MG,31,-42.9733,-21.1158
3170008,Ubaí,MG,31,-44.8897,-16.3842
3170057,Ubaporanga,MG,31,-42.083,-19.6683
3170107,Uberaba,MG,31,-47.9774,-19.5681
3170206,Uberlândia,MG,31,-48.3085,-19.0172
3170305,Umburatiba,MG,31,-40.6674,-17.257
3170404,Unaí,MG,31,-46.7658,-16.4267
3170438,União de Minas,MG,31,-50.349,-19.4103
3170479,Uruana de Minas,MG,31,-46.3278,-16.0902
3170503,Urucânia,MG,31,-42.724,-20.3264
3170529,Urucuia,MG,31,-45.5753,-16.0513
3170578,Vargem Alegre,MG,31,-42.3244,-19.6094
3170602,Vargem Bonita,MG,31,-46.3024,-20.4335
3170651,Vargem Grande do Rio Pardo,MG,31,-42.305,-15.3454
3170701,Varginha,MG,31,-45.417,-21.5662
3170750,Varjão de Minas,MG,31,-45.9255,-18.4626
3170800,Várzea da Palma,MG,31,-44.737,-17.4429
3170909,Varzelândia,MG,31,-43.9309,-15.6501
3171006,Vazante,MG,31,-46.8609,-17.882
3171030,Verdelândia,MG,31,-43.6768,-15.5465
3171071,Veredinha,MG,31,-42.7162,-17.4991
3171105,Veríssimo,MG,31,-48.358,-19.6154
3171154,Vermelho Novo,MG,31,-42.2464,-20.0376
3171204,Vespasiano,MG,31,-43.9504,-19.7281
3171303,Viçosa,MG,31,-42.8687,-20.7359
3171402,Vieiras,MG,31,-42.2762,-20.9067
3171501,Mathias Lobato,MG,31,-41.9363,-18.5972
3171600,Virgem da Lapa,MG,31,-42.3325,-16.711
3171709,Virgínia,MG,31,-45.1243,-22.343
3171808,Virginópolis,MG,31,-42.6363,-18.7928
3171907,Virgolândia,MG,31,-42.2936,-18.4498
3172004,Visconde do Rio Branco,MG,31,-42.8452,-20.9964
3172103,Volta Grande,MG,31,-42.5652,-21.7553
3172202,Wenceslau Braz,MG,31,-45.3875,-22.5393
3200102,Afonso Cláudio,ES,32,-41.1219,-20.102
3200136,Águia Branca,ES,32,-40.7323,-18.9868
3200169,Água Doce do Norte,ES,32,-41.005,-18.4975
3200201,Alegre,ES,32,-41.5137,-20.6928
3200300,Alfredo Chaves,ES,32,-40.8258,-20.5403
3200359,Alto Rio Novo,ES,32,-40.9966,-19.0172
3200409,Anchieta,ES,32,-40.7035,-20.6964
3200508,Apiacá,ES,32,-41.5679,-21.0858
3200607,Aracruz,ES,32,-40.1849,-19.7859
3200706,Atílio Vivácqua,ES,32,-41.1885,-20.9465
3200805,Baixo Guandu,ES,32,-40.9605,-19.5211
3200904,Barra de São Francisco,ES,32,-40.8214,-18.647
3201001,Boa Esperança,ES,32,-40.3329,-18.4765
3201100,Bom Jesus do Norte,ES,32,-41.6244,-21.0681
3201159,Brejetuba,ES,32,-41.2961,-20.1256
3201209,Cachoeiro de Itapemirim,ES,32,-41.1641,-20.7759
3201308,Cariacica,ES,32,-40.4754,-20.2932
3201407,Castelo,ES,32,-41.2185,-20.5518
3201506,Colatina,ES,32,-40.6553,-19.4791
3201605,Conceição da Barra,ES,32,-39.8453,-18.4783
3201704,Conceição do Castelo,ES,32,-41.2572,-20.36
3201803,Divino de São Lourenço,ES,32,-41.7316,-20.581
3201902,Domingos Martins,ES,32,-40.858,-20.3288
3202009,Dores do Rio Preto,ES,32,-41.8127,-20.6236
3202108,Ecoporanga,ES,32,-40.8128,-18.2769
3202207,Fundão,ES,32,-40.3333,-19.9731
3202256,Governador Lindenberg,ES,32,-40.4986,-19.2024
3202306,Guaçuí,ES,32,-41.702,-20.769
3202405,Guarapari,ES,32,-40.5543,-20.5675
3202454,Ibatiba,ES,32,-41.545,-20.2698
3202504,Ibiraçu,ES,32,-40.4358,-19.8319
3202553,Ibitirama,ES,32,-41.6761,-20.507
3202603,Iconha,ES,32,-40.8604,-20.7486
3202652,Irupi,ES,32,-41.6357,-20.3258
3202702,Itaguaçu,ES,32,-40.8632,-19.7235
3202801,Itapemirim,ES,32,-40.9498,-20.9738
3202900,Itarana,ES,32,-40.8892,-19.9683
3203007,Iúna,ES,32,-41.6434,-20.3689
3203056,Jaguaré,ES,32,-40.0035,-18.9625
3203106,Jerônimo Monteiro,ES,32,-41.4078,-20.8307
3203130,João Neiva,ES,32,-40.4454,-19.7189
3203163,Laranja da Terra,ES,32,-41.0591,-19.875
3203205,Linhares,ES,32,-40.1502,-19.3907
3203304,Mantenópolis,ES,32,-41.0964,-18.8757
3203320,Marataízes,ES,32,-40.8924,-21.089
3203346,Marechal Floriano,ES,32,-40.7701,-20.4287
3203353,Marilândia,ES,32,-40.4989,-19.4388
3203403,Mimoso do Sul,ES,32,-41.3947,-21.0825
3203502,Montanha,ES,32,-40.2944,-18.1457
3203601,Mucurici,ES,32,-40.5108,-18.0199
3203700,Muniz Freire,ES,32,-41.4405,-20.4286
3203809,Muqui,ES,32,-41.3283,-20.9359
3203908,Nova Venécia,ES,32,-40.5604,-18.6659
3204005,Pancas,ES,32,-40.8315,-19.1367
3204054,Pedro Canário,ES,32,-40.0551,-18.181
3204104,Pinheiros,ES,32,-40.2213,-18.3562
3204203,Piúma,ES,32,-40.7664,-20.835
3204252,Ponto Belo,ES,32,-40.5135,-18.2744
3204302,Presidente Kennedy,ES,32,-41.0715,-21.1554
3204351,Rio Bananal,ES,32,-40.316,-19.2228
3204401,Rio Novo do Sul,ES,32,-40.9286,-20.7847
3204500,Santa Leopoldina,ES,32,-40.5375,-20.122
3204559,Santa Maria de Jetibá,ES,32,-40.8144,-20.0821
3204609,Santa Teresa,ES,32,-40.6358,-19.8849
3204658,São Domingos do Norte,ES,32,-40.5544,-19.1261
3204708,São Gabriel da Palha,ES,32,-40.5234,-18.9778
3204807,São José do Calçado,ES,32,-41.6579,-20.9767
3204906,São Mateus,ES,32,-40.0587,-18.7645
3204955,São Roque do Canaã,ES,32,-40.6847,-19.73
3205002,Serra,ES,32,-40.3032,-20.1237
3205010,Sooretama,ES,32,-40.1703,-19.0834
3205036,Vargem Alta,ES,32,-41.005,-20.6506
3205069,Venda Nova do Imigrante,ES,32,-41.1438,-20.3718
3205101,Viana,ES,32,-40.5207,-20.3889
3205150,Vila Pavão,ES,32,-40.6442,-18.6055
3205176,Vila Valério,ES,32,-40.3422,-18.9564
3205200,Vila Velha,ES,32,-40.3638,-20.4291
3205309,Vitória,ES,32,-40.2926,-20.283
3300100,Angra dos Reis,RJ,33,-44.3802,-22.9495
3300159,Aperibé,RJ,33,-42.1156,-21.649
3300209,Araruama,RJ,33,-42.2923,-22.7498
3300225,Areal,RJ,33,-43.1227,-22.2498
3300233,Armação dos Búzios,RJ,33,-41.9402,-22.7826
3300258,Arraial do Cabo,RJ,33,-42.1688,-22.9195
3300308,Barra do Piraí,RJ,33,-43.8954,-22.4243
3300407,Barra Mansa,RJ,33,-44.1622,-22.4827
3300456,Belford Roxo,RJ,33,-43.3813,-22.7307
3300506,Bom Jardim,RJ,33,-42.3746,-22.1782
3300605,Bom Jesus do Itabapoana,RJ,33,-41.6898,-21.1047
3300704,Cabo Frio,RJ,33,-42.0457,-22.7388
3300803,Cachoeiras de Macacu,RJ,33,-42.7325,-22.5203
3300902,Cambuci,RJ,33,-41.9363,-21.5085
3300936,Carapebus,RJ,33,-41.6551,-22.209
3300951,Comendador Levy Gasparian,RJ,33,-43.2477,-22.0457
3301009,Campos dos Goytacazes,RJ,33,-41.4277,-21.6887
3301108,Cantagalo,RJ,33,-42.3371,-21.8657
3301157,Cardoso Moreira,RJ,33,-41.4891,-21.5313
3301207,Carmo,RJ,33,-42.53,-21.8845
3301306,Casimiro de Abreu,RJ,33,-42.144,-22.4807
3301405,Conceição de Macabu,RJ,33,-41.839,-22.1297
3301504,Cordeiro,RJ,33,-42.3293,-22.0658
3301603,Duas Barras,RJ,33,-42.4986,-22.0631
3301702,Duque de Caxias,RJ,33,-43.3048,-22.6473
3301801,Engenheiro Paulo de Frontin,RJ,33,-43.6402,-22.5298
3301850,Guapimirim,RJ,33,-42.9668,-22.5684
3301876,Iguaba Grande,RJ,33,-42.2168,-22.833
3301900,Itaboraí,RJ,33,-42.8754,-22.7468
3302007,Itaguaí,RJ,33,-43.8084,-22.8258
3302056,Italva,RJ,33,-41.6637,-21.4341
3302106,Itaocara,RJ,33,-42.0781,-21.7254
3302205,Itaperuna,RJ,33,-41.9184,-21.2158
3302254,Itatiaia,RJ,33,-44.5885,-22.4357
3302270,Japeri,RJ,33,-43.6051,-22.663
3302304,Laje do Muriaé,RJ,33,-42.1522,-21.2483
3302403,Macaé,RJ,33,-41.9826,-22.2954
3302452,Macuco,RJ,33,-42.2755,-22.0232
3302502,Magé,RJ,33,-43.1246,-22.6199
3302601,Mangaratiba,RJ,33,-44.0391,-22.9355
3302700,Maricá,RJ,33,-42.8221,-22.9137
3302809,Mendes,RJ,33,-43.7486,-22.5167
3302858,Mesquita,RJ,33,-43.4391,-22.7912
3302908,Miguel Pereira,RJ,33,-43.4775,-22.5171
3303005,Miracema,RJ,33,-42.1539,-21.379
3303104,Natividade,RJ,33,-41.9312,-21.0259
3303203,Nilópolis,RJ,33,-43.4342,-22.8251
3303302,Niterói,RJ,33,-43.0403,-22.9215
3303401,Nova Friburgo,RJ,33,-42.487,-22.3251
3303500,Nova Iguaçu,RJ,33,-43.5151,-22.694
3303609,Paracambi,RJ,33,-43.7151,-22.6161
3303708,Paraíba do Sul,RJ,33,-43.271,-22.1829
3303807,Paraty,RJ,33,-44.6912,-23.1389
3303856,Paty do Alferes,RJ,33,-43.4105,-22.3998
3303906,Petrópolis,RJ,33,-43.1574,-22.379
3303955,Pinheiral,RJ,33,-44.0119,-22.5414
3304003,Piraí,RJ,33,-43.8993,-22.6509
3304102,Porciúncula,RJ,33,-41.9545,-20.8958
3304110,Porto Real,RJ,33,-44.321,-22.4503
3304128,Quatis,RJ,33,-44.2384,-22.3558
3304144,Queimados,RJ,33,-43.5876,-22.7242
3304151,Quissamã,RJ,33,-41.4462,-22.1133
3304201,Resende,RJ,33,-44.5067,-22.4485
3304300,Rio Bonito,RJ,33,-42.6025,-22.7308
3304409,Rio Claro,RJ,33,-44.0986,-22.787
3304508,Rio das Flores,RJ,33,-43.5523,-22.1673
3304524,Rio das Ostras,RJ,33,-41.9472,-22.4589
3304557,Rio de Janeiro,RJ,33,-43.4484,-22.918
3304607,Santa Maria Madalena,RJ,33,-41.9176,-21.9689
3304706,Santo Antônio de Pádua,RJ,33,-42.1984,-21.5589
3304755,São Francisco de Itabapoana,RJ,33,-41.1419,-21.4444
3304805,São Fidélis,RJ,33,-41.78,-21.686
3304904,São Gonçalo,RJ,33,-43.0027,-22.8132
3305000,São João da Barra,RJ,33,-41.0905,-21.7606
3305109,São João de Meriti,RJ,33,-43.3773,-22.7837
3305133,São José de Ubá,RJ,33,-41.9368,-21.374
3305158,São José do Vale do Rio Preto,RJ,33,-42.9007,-22.17
3305208,São Pedro da Aldeia,RJ,33,-42.1616,-22.8078
3305307,São Sebastião do Alto,RJ,33,-42.0959,-21.8824
3305406,Sapucaia,RJ,33,-42.8108,-22.0324
3305505,Saquarema,RJ,33,-42.5406,-22.87
3305554,Seropédica,RJ,33,-43.6854,-22.7378
3305604,Silva Jardim,RJ,33,-42.3765,-22.548
3305703,Sumidouro,RJ,33,-42.6713,-22.1277
3305752,Tanguá,RJ,33,-42.7255,-22.7879
3305802,Teresópolis,RJ,33,-42.8568,-22.3096
3305901,Trajano de Moraes,RJ,33,-42.1699,-22.1371
3306008,Três Rios,RJ,33,-43.1023,-22.1154
3306107,Valença,RJ,33,-43.8545,-22.2469
3306156,Varre-Sai,RJ,33,-41.8263,-20.9089
3306206,Vassouras,RJ,33,-43.5793,-22.3607
3306305,Volta Redonda,RJ,33,-44.0818,-22.5085
3500105,Adamantina,SP,35,-51.0716,-21.5771
3500204,Adolfo,SP,35,-49.6559,-21.2815
3500303,Aguaí,SP,35,-47.0323,-22.0432
3500402,Águas da Prata,SP,35,-46.6967,-21.8999
3500501,Águas de Lindóia,SP,35,-46.6063,-22.4774
3500550,Águas de Santa Bárbara,SP,35,-49.2546,-22.8526
3500600,Águas de São Pedro,SP,35,-47.8734,-22.6003
3500709,Agudos,SP,35,-49.1322,-22.588
3500758,Alambari,SP,35,-47.8714,-23.5469
3500808,Alfredo Marcondes,SP,35,-51.4112,-21.9391
3500907,Altair,SP,35,-49.0933,-20.5366
3501004,Altinópolis,SP,35,-47.3964,-21.0312
3501103,Alto Alegre,SP,35,-50.1808,-21.612
3501152,Alumínio,SP,35,-47.2861,-23.5349
3501202,Álvares Florence,SP,35,-49.9123,-20.2795
3501301,Álvares Machado,SP,35,-51.4971,-22.1112
3501400,Álvaro de Carvalho,SP,35,-49.7372,-22.0857
3501509,Alvinlândia,SP,35,-49.7466,-22.4342
3501608,Americana,SP,35,-47.3001,-22.7283
3501707,Américo Brasiliense,SP,35,-48.0249,-21.7205
3501806,Américo de Campos,SP,35,-49.7753,-20.2838
3501905,Amparo,SP,35,-46.7992,-22.692
3502002,Analândia,SP,35,-47.6921,-22.133
3502101,Andradina,SP,35,-51.3152,-20.8505
3502200,Angatuba,SP,35,-48.4528,-23.4568
3502309,Anhembi,SP,35,-48.1715,-22.8025
3502408,Anhumas,SP,35,-51.4217,-22.3623
3502507,Aparecida,SP,35,-45.2381,-22.9115
3502606,Aparecida d'Oeste,SP,35,-50.924,-20.4662
3502705,Apiaí,SP,35,-48.8638,-24.3962
3502754,Araçariguama,SP,35,-47.0803,-23.4299
3502804,Araçatuba,SP,35,-50.5755,-21.1409
3502903,Araçoiaba da Serra,SP,35,-47.6335,-23.5446
3503000,Aramina,SP,35,-47.8234,-20.1507
3503109,Arandu,SP,35,-49.0522,-23.188
3503158,Arapeí,SP,35,-44.4433,-22.66
3503208,Araraquara,SP,35,-48.1686,-21.7887
3503307,Araras,SP,35,-47.3206,-22.3404
3503356,Arco-Íris,SP,35,-50.4186,-21.7564
3503406,Arealva,SP,35,-48.9877,-22.0583
3503505,Areias,SP,35,-44.7182,-22.6786
3503604,Areiópolis,SP,35,-48.6594,-22.6176
3503703,Ariranha,SP,35,-48.7922,-21.1797
3503802,Artur Nogueira,SP,35,-47.138,-22.5555
3503901,Arujá,SP,35,-46.3135,-23.3852
3503950,Aspásia,SP,35,-50.7242,-20.1802
3504008,Assis,SP,35,-50.4297,-22.6009
3504107,Atibaia,SP,35,-46.5813,-23.1364
3504206,Auriflama,SP,35,-50.5892,-20.6396
3504305,Avaí,SP,35,-49.3171,-22.2098
3504404,Avanhandava,SP,35,-49.9381,-21.4631
3504503,Avaré,SP,35,-48.8801,-23.0765
3504602,Bady Bassitt,SP,35,-49.4458,-20.934
3504701,Balbinos,SP,35,-49.3254,-21.8798
3504800,Bálsamo,SP,35,-49.5523,-20.7025
3504909,Bananal,SP,35,-44.3542,-22.7548
3505005,Barão de Antonina,SP,35,-49.5735,-23.5632
3505104,Barbosa,SP,35,-49.9102,-21.3009
3505203,Bariri,SP,35,-48.7373,-22.0749
3505302,Barra Bonita,SP,35,-48.5444,-22.4914
3505351,Barra do Chapéu,SP,35,-49.081,-24.4412
3505401,Barra do Turvo,SP,35,-48.416,-24.8841
3505500,Barretos,SP,35,-48.6494,-20.5073
3505609,Barrinha,SP,35,-48.1032,-21.2212
3505708,Barueri,SP,35,-46.8664,-23.502
3505807,Bastos,SP,35,-50.7675,-21.9448
3505906,Batatais,SP,35,-47.5839,-20.8674
3506003,Bauru,SP,35,-49.1329,-22.2664
3506102,Bebedouro,SP,35,-48.5111,-20.9478
3506201,Bento de Abreu,SP,35,-50.8534,-21.3062
3506300,Bernardino de Campos,SP,35,-49.4894,-23.0222
3506359,Bertioga,SP,35,-46.0438,-23.7677
3506409,Bilac,SP,35,-50.4838,-21.4391
3506508,Birigui,SP,35,-50.3507,-21.2562
3506607,Biritiba Mirim,SP,35,-46.0202,-23.6331
3506706,Boa Esperança do Sul,SP,35,-48.4725,-21.9293
3506805,Bocaina,SP,35,-48.5423,-22.1143
3506904,Bofete,SP,35,-48.2862,-23.1271
3507001,Boituva,SP,35,-47.6742,-23.289
3507100,Bom Jesus dos Perdões,SP,35,-46.4752,-23.178
3507159,Bom Sucesso de Itararé,SP,35,-49.1707,-24.3144
3507209,Borá,SP,35,-50.4944,-22.2335
3507308,Boracéia,SP,35,-48.7966,-22.1681
3507407,Borborema,SP,35,-49.0695,-21.598
3507456,Borebi,SP,35,-48.9949,-22.6779
3507506,Botucatu,SP,35,-48.4954,-22.8434
3507605,Bragança Paulista,SP,35,-46.5547,-22.944
3507704,Braúna,SP,35,-50.3324,-21.5638
3507753,Brejo Alegre,SP,35,-50.2167,-21.1822
3507803,Brodowski,SP,35,-47.6307,-21.0389
3507902,Brotas,SP,35,-48.0846,-22.2712
3508009,Buri,SP,35,-48.576,-23.7381
3508108,Buritama,SP,35,-50.2116,-21.0521
3508207,Buritizal,SP,35,-47.7095,-20.2177
3508306,Cabrália Paulista,SP,35,-49.3852,-22.484
3508405,Cabreúva,SP,35,-47.0843,-23.3027
3508504,Caçapava,SP,35,-45.706,-23.0994
3508603,Cachoeira Paulista,SP,35,-45.0078,-22.6881
3508702,Caconde,SP,35,-46.6211,-21.5398
3508801,Cafelândia,SP,35,-49.5427,-21.7121
3508900,Caiabu,SP,35,-51.2104,-21.9372
3509007,Caieiras,SP,35,-46.7443,-23.379
3509106,Caiuá,SP,35,-51.9815,-21.8043
3509205,Cajamar,SP,35,-46.8722,-23.3544
3509254,Cajati,SP,35,-48.1965,-24.7892
3509304,Cajobi,SP,35,-48.8533,-20.8744
3509403,Cajuru,SP,35,-47.3218,-21.2606
3509452,Campina do Monte Alegre,SP,35,-48.4522,-23.6062
3509502,Campinas,SP,35,-47.0396,-22.8999
3509601,Campo Limpo Paulista,SP,35,-46.7612,-23.2196
3509700,Campos do Jordão,SP,35,-45.5454,-22.7048
3509809,Campos Novos Paulista,SP,35,-50.0213,-22.5976
3509908,Cananéia,SP,35,-47.9903,-24.959
3509957,Canas,SP,35,-45.0344,-22.7334
3510005,Cândido Mota,SP,35,-50.4264,-22.8061
3510104,Cândido Rodrigues,SP,35,-48.6299,-21.3436
3510153,Canitar,SP,35,-49.7895,-23.0125
3510203,Capão Bonito,SP,35,-48.2806,-24.0484
3510302,Capela do Alto,SP,35,-47.7322,-23.4695
3510401,Capivari,SP,35,-47.4922,-22.9781
3510500,Caraguatatuba,SP,35,-45.4782,-23.637
3510609,Carapicuíba,SP,35,-46.8477,-23.551
3510708,Cardoso,SP,35,-49.9557,-20.08
3510807,Casa Branca,SP,35,-47.0853,-21.7861
3510906,Cássia dos Coqueiros,SP,35,-47.1431,-21.2666
3511003,Castilho,SP,35,-51.595,-20.9212
3511102,Catanduva,SP,35,-48.9616,-21.1316
3511201,Catiguá,SP,35,-49.0487,-21.0644
3511300,Cedral,SP,35,-49.2677,-20.9154
3511409,Cerqueira César,SP,35,-49.1454,-23.0653
3511508,Cerquilho,SP,35,-47.7552,-23.1919
3511607,Cesário Lange,SP,35,-47.9022,-23.2116
3511706,Charqueada,SP,35,-47.7548,-22.5155
3511904,Clementina,SP,35,-50.4637,-21.5706
3512001,Colina,SP,35,-48.5894,-20.7453
3512100,Colômbia,SP,35,-48.708,-20.2806
3512209,Conchal,SP,35,-47.1438,-22.3721
3512308,Conchas,SP,35,-48.0533,-22.9728
3512407,Cordeirópolis,SP,35,-47.4159,-22.4823
3512506,Coroados,SP,35,-50.3264,-21.3856
3512605,Coronel Macedo,SP,35,-49.314,-23.6221
3512704,Corumbataí,SP,35,-47.6128,-22.234
3512803,Cosmópolis,SP,35,-47.1853,-22.6527
3512902,Cosmorama,SP,35,-49.7761,-20.4388
3513009,Cotia,SP,35,-46.9366,-23.6487
3513108,Cravinhos,SP,35,-47.7483,-21.3337
3513207,Cristais Paulista,SP,35,-47.3875,-20.3683
3513306,Cruzália,SP,35,-50.7641,-22.7409
3513405,Cruzeiro,SP,35,-44.9979,-22.5707
3513504,Cubatão,SP,35,-46.4121,-23.8674
3513603,Cunha,SP,35,-44.9114,-23.0402
3513702,Descalvado,SP,35,-47.6509,-21.8853
3513801,Diadema,SP,35,-46.6239,-23.7068
3513850,Dirce Reis,SP,35,-50.6204,-20.4417
3513900,Divinolândia,SP,35,-46.7093,-21.6612
3514007,Dobrada,SP,35,-48.3448,-21.5119
3514106,Dois Córregos,SP,35,-48.3378,-22.4195
3514205,Dolcinópolis,SP,35,-50.5401,-20.1123
3514304,Dourado,SP,35,-48.355,-22.1067
3514403,Dracena,SP,35,-51.5872,-21.5432
3514502,Duartina,SP,35,-49.4206,-22.3892
3514601,Dumont,SP,35,-47.9865,-21.2478
3514700,Echaporã,SP,35,-50.1867,-22.4405
3514809,Eldorado,SP,35,-48.2535,-24.4963
3514908,Elias Fausto,SP,35,-47.3806,-23.0779
3514924,Elisiário,SP,35,-49.0899,-21.1623
3514957,Embaúba,SP,35,-48.8632,-20.9474
3515004,Embu das Artes,SP,35,-46.8532,-23.6507
3515103,Embu-Guaçu,SP,35,-46.8331,-23.8634
3515129,Emilianópolis,SP,35,-51.4849,-21.7909
3515152,Engenheiro Coelho,SP,35,-47.1755,-22.483
3515186,Espírito Santo do Pinhal,SP,35,-46.8002,-22.1825
3515194,Espírito Santo do Turvo,SP,35,-49.4129,-22.6688
3515202,Estrela d'Oeste,SP,35,-50.4146,-20.2649
3515301,Estrela do Norte,SP,35,-51.667,-22.4774
3515350,Euclides da Cunha Paulista,SP,35,-52.5789,-22.5275
3515400,Fartura,SP,35,-49.5194,-23.401
3515509,Fernandópolis,SP,35,-50.2824,-20.3004
3515608,Fernando Prestes,SP,35,-48.7027,-21.321
3515657,Fernão,SP,35,-49.5443,-22.3727
3515707,Ferraz de Vasconcelos,SP,35,-46.3748,-23.5782
3515806,Flora Rica,SP,35,-51.3767,-21.6957
3515905,Floreal,SP,35,-50.1507,-20.6583
3516002,Flórida Paulista,SP,35,-51.1669,-21.5332
3516101,Florínea,SP,35,-50.6918,-22.8771
3516200,Franca,SP,35,-47.3869,-20.5788
3516309,Francisco Morato,SP,35,-46.7127,-23.2683
3516408,Franco da Rocha,SP,35,-46.7212,-23.3027
3516507,Gabriel Monteiro,SP,35,-50.5632,-21.4983
3516606,Gália,SP,35,-49.5934,-22.3486
3516705,Garça,SP,35,-49.6977,-22.2249
3516804,Gastão Vidigal,SP,35,-50.1901,-20.8008
3516853,Gavião Peixoto,SP,35,-48.4481,-21.7921
3516903,General Salgado,SP,35,-50.4239,-20.6436
3517000,Getulina,SP,35,-50.0697,-21.7736
3517109,Glicério,SP,35,-50.1929,-21.3301
3517208,Guaiçara,SP,35,-49.7624,-21.5652
3517307,Guaimbê,SP,35,-49.8666,-21.8815
3517406,Guaíra,SP,35,-48.3782,-20.2972
3517505,Guapiaçu,SP,35,-49.161,-20.7197
3517604,Guapiara,SP,35,-48.5662,-24.2248
3517703,Guará,SP,35,-47.7968,-20.484
3517802,Guaraçaí,SP,35,-51.2755,-21.0526
3517901,Guaraci,SP,35,-48.997,-20.4031
3518008,Guarani d'Oeste,SP,35,-50.3474,-20.0663
3518107,Guarantã,SP,35,-49.6025,-21.9326
3518206,Guararapes,SP,35,-50.7071,-21.2839
3518305,Guararema,SP,35,-46.0634,-23.4324
3518404,Guaratinguetá,SP,35,-45.2217,-22.8272
3518503,Guareí,SP,35,-48.2084,-23.3692
3518602,Guariba,SP,35,-48.2325,-21.3988
3518701,Guarujá,SP,35,-46.2205,-23.9335
3518800,Guarulhos,SP,35,-46.4341,-23.3915
3518859,Guatapará,SP,35,-47.9733,-21.4556
3518909,Guzolândia,SP,35,-50.7229,-20.6202
3519006,Herculândia,SP,35,-50.3657,-21.9439
3519055,Holambra,SP,35,-47.0677,-22.6319
3519071,Hortolândia,SP,35,-47.2017,-22.8769
3519105,Iacanga,SP,35,-49.0334,-21.9018
3519204,Iacri,SP,35,-50.628,-21.792
3519253,Iaras,SP,35,-49.122,-22.8329
3519303,Ibaté,SP,35,-48.0303,-21.9441
3519402,Ibirá,SP,35,-49.2123,-21.0735
3519501,Ibirarema,SP,35,-50.0779,-22.8074
3519600,Ibitinga,SP,35,-48.829,-21.797
3519709,Ibiúna,SP,35,-47.2217,-23.7965
3519808,Icém,SP,35,-49.18,-20.3647
3519907,Iepê,SP,35,-51.0518,-22.6332
3520004,Igaraçu do Tietê,SP,35,-48.578,-22.5399
3520103,Igarapava,SP,35,-47.6981,-20.0606
3520202,Igaratá,SP,35,-46.1383,-23.1224
3520301,Iguape,SP,35,-47.4951,-24.5413
3520400,Ilhabela,SP,35,-45.3195,-23.8677
3520426,Ilha Comprida,SP,35,-47.7167,-24.8658
3520442,Ilha Solteira,SP,35,-51.2763,-20.4865
3520509,Indaiatuba,SP,35,-47.1875,-23.1177
3520608,Indiana,SP,35,-51.2641,-22.1238
3520707,Indiaporã,SP,35,-50.264,-19.9429
3520806,Inúbia Paulista,SP,35,-50.9515,-21.7245
3520905,Ipaussu,SP,35,-49.6005,-23.0603
3521002,Iperó,SP,35,-47.6249,-23.4084
3521101,Ipeúna,SP,35,-47.7019,-22.4483
3521150,Ipiguá,SP,35,-49.4106,-20.6535
3521200,Iporanga,SP,35,-48.5629,-24.4982
3521309,Ipuã,SP,35,-48.0741,-20.4107
3521408,Iracemápolis,SP,35,-47.5224,-22.5799
3521507,Irapuã,SP,35,-49.4009,-21.2596
3521606,Irapuru,SP,35,-51.3441,-21.4758
3521705,Itaberá,SP,35,-49.1475,-23.883
3521804,Itaí,SP,35,-49.0798,-23.4628
3521903,Itajobi,SP,35,-49.0467,-21.3679
3522000,Itaju,SP,35,-48.7927,-21.956
3522109,Itanhaém,SP,35,-46.8228,-24.0658
3522158,Itaoca,SP,35,-48.8434,-24.6156
3522208,Itapecerica da Serra,SP,35,-46.8603,-23.7382
3522307,Itapetininga,SP,35,-48.0872,-23.6286
3522406,Itapeva,SP,35,-48.8667,-23.9317
3522505,Itapevi,SP,35,-46.9705,-23.5495
3522604,Itapira,SP,35,-46.7747,-22.4483
3522653,Itapirapuã Paulista,SP,35,-49.2224,-24.5566
3522703,Itápolis,SP,35,-48.8109,-21.5538
3522802,Itaporanga,SP,35,-49.4643,-23.6613
3522901,Itapuí,SP,35,-48.7104,-22.2376
3523008,Itapura,SP,35,-51.43,-20.6041
3523107,Itaquaquecetuba,SP,35,-46.3387,-23.4614
3523206,Itararé,SP,35,-49.3057,-24.0995
3523305,Itariri,SP,35,-47.132,-24.2905
3523404,Itatiba,SP,35,-46.8086,-22.9893
3523503,Itatinga,SP,35,-48.6507,-23.1556
3523602,Itirapina,SP,35,-47.8224,-22.2936
3523701,Itirapuã,SP,35,-47.1597,-20.6459
3523800,Itobi,SP,35,-46.9237,-21.7649
3523909,Itu,SP,35,-47.2762,-23.3016
3524006,Itupeva,SP,35,-47.0638,-23.1496
3524105,Ituverava,SP,35,-47.8045,-20.3181
3524204,Jaborandi,SP,35,-48.4163,-20.6453
3524303,Jaboticabal,SP,35,-48.2994,-21.2213
3524402,Jacareí,SP,35,-45.9718,-23.3062
3524501,Jaci,SP,35,-49.5851,-20.9534
3524600,Jacupiranga,SP,35,-48.0594,-24.8022
3524709,Jaguariúna,SP,35,-47.0188,-22.688
3524808,Jales,SP,35,-50.5586,-20.2836
3524907,Jambeiro,SP,35,-45.7163,-23.2815
3525003,Jandira,SP,35,-46.8982,-23.5398
3525102,Jardinópolis,SP,35,-47.8352,-20.9756
3525201,Jarinu,SP,35,-46.7244,-23.097
3525300,Jaú,SP,35,-48.5428,-22.2827
3525409,Jeriquara,SP,35,-47.5948,-20.3345
3525508,Joanópolis,SP,35,-46.2145,-22.9378
3525607,João Ramalho,SP,35,-50.7876,-22.2627
3525706,José Bonifácio,SP,35,-49.7778,-21.0997
3525805,Júlio Mesquita,SP,35,-49.7895,-21.9743
3525854,Jumirim,SP,35,-47.7854,-23.105
3525904,Jundiaí,SP,35,-46.9008,-23.2078
3526001,Junqueirópolis,SP,35,-51.4503,-21.4588
3526100,Juquiá,SP,35,-47.6344,-24.2048
3526209,Juquitiba,SP,35,-47.0052,-23.9619
3526308,Lagoinha,SP,35,-45.2229,-23.0883
3526407,Laranjal Paulista,SP,35,-47.8537,-23.0099
3526506,Lavínia,SP,35,-51.0305,-21.1414
3526605,Lavrinhas,SP,35,-44.8931,-22.5246
3526704,Leme,SP,35,-47.3172,-22.1784
3526803,Lençóis Paulista,SP,35,-48.8275,-22.6721
3526902,Limeira,SP,35,-47.3604,-22.6053
3527009,Lindóia,SP,35,-46.6544,-22.5098
3527108,Lins,SP,35,-49.6753,-21.6475
3527207,Lorena,SP,35,-45.0525,-22.7781
3527256,Lourdes,SP,35,-50.2215,-20.9537
3527306,Louveira,SP,35,-46.9399,-23.0819
3527405,Lucélia,SP,35,-50.9935,-21.631
3527504,Lucianópolis,SP,35,-49.5375,-22.4754
3527603,Luís Antônio,SP,35,-47.8025,-21.5537
3527702,Luiziânia,SP,35,-50.3503,-21.6717
3527801,Lupércio,SP,35,-49.8028,-22.4185
3527900,Lutécia,SP,35,-50.3827,-22.3382
3528007,Macatuba,SP,35,-48.7212,-22.4822
3528106,Macaubal,SP,35,-49.9706,-20.8395
3528205,Macedônia,SP,35,-50.1728,-20.0894
3528304,Magda,SP,35,-50.2301,-20.6018
3528403,Mairinque,SP,35,-47.2411,-23.5114
3528502,Mairiporã,SP,35,-46.5714,-23.3215
3528601,Manduri,SP,35,-49.2987,-23.053
3528700,Marabá Paulista,SP,35,-52.0532,-22.1225
3528809,Maracaí,SP,35,-50.7491,-22.6581
3528858,Marapoama,SP,35,-49.1457,-21.2537
3528908,Mariápolis,SP,35,-51.1695,-21.7749
3529005,Marília,SP,35,-49.9892,-22.1867
3529104,Marinópolis,SP,35,-50.8454,-20.4875
3529203,Martinópolis,SP,35,-51.114,-22.1513
3529302,Matão,SP,35,-48.4236,-21.5973
3529401,Mauá,SP,35,-46.4349,-23.6534
3529500,Mendonça,SP,35,-49.5719,-21.1994
3529609,Meridiano,SP,35,-50.203,-20.4031
3529658,Mesópolis,SP,35,-50.6331,-19.965
3529708,Miguelópolis,SP,35,-48.138,-20.1713
3529807,Mineiros do Tietê,SP,35,-48.4415,-22.4694
3529906,Miracatu,SP,35,-47.3943,-24.1887
3530003,Mira Estrela,SP,35,-50.1153,-19.9682
3530102,Mirandópolis,SP,35,-51.1445,-21.1085
3530201,Mirante do Paranapanema,SP,35,-51.9652,-22.3211
3530300,Mirassol,SP,35,-49.4985,-20.8175
3530409,Mirassolândia,SP,35,-49.4848,-20.6019
3530508,Mococa,SP,35,-47.0006,-21.4523
3530607,Mogi das Cruzes,SP,35,-46.1955,-23.5732
3530706,Mogi Guaçu,SP,35,-47.0109,-22.2271
3530805,Mogi Mirim,SP,35,-46.9959,-22.4622
3530904,Mombuca,SP,35,-47.5826,-22.9313
3531001,Monções,SP,35,-50.099,-20.8641
3531100,Mongaguá,SP,35,-46.6724,-24.0694
3531209,Monte Alegre do Sul,SP,35,-46.6722,-22.7174
3531308,Monte Alto,SP,35,-48.5488,-21.248
3531407,Monte Aprazível,SP,35,-49.7908,-20.7459
3531506,Monte Azul Paulista,SP,35,-48.6742,-20.895
3531605,Monte Castelo,SP,35,-51.5746,-21.2376
3531704,Monteiro Lobato,SP,35,-45.7976,-22.9318
3531803,Monte Mor,SP,35,-47.284,-22.9382
3531902,Morro Agudo,SP,35,-48.1866,-20.6922
3532009,Morungaba,SP,35,-46.8012,-22.8942
3532058,Motuca,SP,35,-48.1747,-21.5099
3532108,Murutinga do Sul,SP,35,-51.3066,-20.9982
3532157,Nantes,SP,35,-51.201,-22.6019
3532207,Narandiba,SP,35,-51.5201,-22.5318
3532306,Natividade da Serra,SP,35,-45.3796,-23.4218
3532405,Nazaré Paulista,SP,35,-46.3908,-23.1966
3532504,Neves Paulista,SP,35,-49.6409,-20.846
3532603,Nhandeara,SP,35,-50.0563,-20.6879
3532702,Nipoã,SP,35,-49.7737,-20.8956
3532801,Nova Aliança,SP,35,-49.5215,-21.0552
3532827,Nova Campina,SP,35,-48.9904,-24.2109
3532843,Nova Canaã Paulista,SP,35,-50.9049,-20.378
3532868,Nova Castilho,SP,35,-50.3519,-20.7836
3532900,Nova Europa,SP,35,-48.5689,-21.7899
3533007,Nova Granada,SP,35,-49.3254,-20.4602
3533106,Nova Guataporanga,SP,35,-51.6458,-21.3148
3533205,Nova Independência,SP,35,-51.5186,-21.1407
3533254,Novais,SP,35,-48.909,-20.9859
3533304,Nova Luzitânia,SP,35,-50.2539,-20.8682
3533403,Nova Odessa,SP,35,-47.2827,-22.7785
3533502,Novo Horizonte,SP,35,-49.2999,-21.4669
3533601,Nuporanga,SP,35,-47.7242,-20.7092
3533700,Ocauçu,SP,35,-49.9533,-22.4517
3533809,Óleo,SP,35,-49.3837,-22.9582
3533908,Olímpia,SP,35,-48.9706,-20.6956
3534005,Onda Verde,SP,35,-49.2515,-20.61
3534104,Oriente,SP,35,-50.0982,-22.1544
3534203,Orindiúva,SP,35,-49.3563,-20.2081
3534302,Orlândia,SP,35,-47.9072,-20.7021
3534401,Osasco,SP,35,-46.7971,-23.5391
3534500,Oscar Bressane,SP,35,-50.2506,-22.2856
3534609,Osvaldo Cruz,SP,35,-50.8603,-21.6999
3534708,Ourinhos,SP,35,-49.8592,-22.965
3534757,Ouroeste,SP,35,-50.4004,-19.9367
3534807,Ouro Verde,SP,35,-51.728,-21.4975
3534906,Pacaembu,SP,35,-51.2762,-21.5044
3535002,Palestina,SP,35,-49.5133,-20.3055
3535101,Palmares Paulista,SP,35,-48.8239,-21.1111
3535200,Palmeira d'Oeste,SP,35,-50.7658,-20.4257
3535309,Palmital,SP,35,-50.2324,-22.8364
3535408,Panorama,SP,35,-51.8635,-21.462
3535507,Paraguaçu Paulista,SP,35,-50.6341,-22.4643
3535606,Paraibuna,SP,35,-45.6285,-23.4863
3535705,Paraíso,SP,35,-48.7759,-21.0007
3535804,Paranapanema,SP,35,-48.7643,-23.4375
3535903,Paranapuã,SP,35,-50.5835,-20.0559
3536000,Parapuã,SP,35,-50.8288,-21.8488
3536109,Pardinho,SP,35,-48.3857,-23.097
3536208,Pariquera-Açu,SP,35,-47.846,-24.6861
3536257,Parisi,SP,35,-50.0362,-20.2579
3536307,Patrocínio Paulista,SP,35,-47.2823,-20.705
3536406,Paulicéia,SP,35,-51.7892,-21.2047
3536505,Paulínia,SP,35,-47.1438,-22.7416
3536570,Paulistânia,SP,35,-49.308,-22.5693
3536604,Paulo de Faria,SP,35,-49.4348,-20.0699
3536703,Pederneiras,SP,35,-48.8569,-22.3036
3536802,Pedra Bela,SP,35,-46.4445,-22.7777
3536901,Pedranópolis,SP,35,-50.1099,-20.2033
3537008,Pedregulho,SP,35,-47.4412,-20.1926
3537107,Pedreira,SP,35,-46.8908,-22.7507
3537156,Pedrinhas Paulista,SP,35,-50.8081,-22.8069
3537206,Pedro de Toledo,SP,35,-47.1632,-24.1723
3537305,Penápolis,SP,35,-50.1129,-21.4133
3537404,Pereira Barreto,SP,35,-51.1013,-20.6799
3537503,Pereiras,SP,35,-47.9842,-23.1346
3537602,Peruíbe,SP,35,-47.024,-24.2972
3537701,Piacatu,SP,35,-50.6433,-21.5755
3537800,Piedade,SP,35,-47.4461,-23.79
3537909,Pilar do Sul,SP,35,-47.7383,-23.8428
3538006,Pindamonhangaba,SP,35,-45.4747,-22.8806
3538105,Pindorama,SP,35,-48.9085,-21.2005
3538204,Pinhalzinho,SP,35,-46.5783,-22.7833
3538303,Piquerobi,SP,35,-51.7447,-21.853
3538501,Piquete,SP,35,-45.1599,-22.5819
3538600,Piracaia,SP,35,-46.3069,-23.049
3538709,Piracicaba,SP,35,-47.7907,-22.7276
3538808,Piraju,SP,35,-49.3873,-23.1927
3538907,Pirajuí,SP,35,-49.408,-21.9325
3539004,Pirangi,SP,35,-48.6885,-21.0906
3539103,Pirapora do Bom Jesus,SP,35,-46.9774,-23.3803
3539202,Pirapozinho,SP,35,-51.6188,-22.4636
3539301,Pirassununga,SP,35,-47.3952,-21.998
3539400,Piratininga,SP,35,-49.1944,-22.4103
3539509,Pitangueiras,SP,35,-48.2789,-21.0154
3539608,Planalto,SP,35,-49.9339,-20.995
3539707,Platina,SP,35,-50.2148,-22.6301
3539806,Poá,SP,35,-46.3456,-23.5408
3539905,Poloni,SP,35,-49.8387,-20.7514
3540002,Pompéia,SP,35,-50.1931,-22.0319
3540101,Pongaí,SP,35,-49.3598,-21.7312
3540200,Pontal,SP,35,-48.0575,-20.9719
3540259,Pontalinda,SP,35,-50.5338,-20.4596
3540309,Pontes Gestal,SP,35,-49.7541,-20.1817
3540408,Populina,SP,35,-50.5006,-19.9169
3540507,Porangaba,SP,35,-48.1286,-23.1702
3540606,Porto Feliz,SP,35,-47.5182,-23.2341
3540705,Porto Ferreira,SP,35,-47.4566,-21.8454
3540754,Potim,SP,35,-45.2874,-22.8283
3540804,Potirendaba,SP,35,-49.399,-21.0833
3540853,Pracinha,SP,35,-51.0799,-21.8433
3540903,Pradópolis,SP,35,-48.0894,-21.3323
3541000,Praia Grande,SP,35,-46.5122,-24.0105
3541059,Pratânia,SP,35,-48.6887,-22.8216
3541109,Presidente Alves,SP,35,-49.4216,-22.1158
3541208,Presidente Bernardes,SP,35,-51.6239,-22.1005
3541307,Presidente Epitácio,SP,35,-52.157,-21.8609
3541406,Presidente Prudente,SP,35,-51.349,-21.9848
3541505,Presidente Venceslau,SP,35,-51.8554,-21.7933
3541604,Promissão,SP,35,-49.8625,-21.4984
3541653,Quadra,SP,35,-48.0355,-23.2973
3541703,Quatá,SP,35,-50.6568,-22.2288
3541802,Queiroz,SP,35,-50.2487,-21.7973
3541901,Queluz,SP,35,-44.776,-22.5167
3542008,Quintana,SP,35,-50.3638,-22.085
3542107,Rafard,SP,35,-47.5817,-23.0458
3542206,Rancharia,SP,35,-50.9266,-22.3239
3542305,Redenção da Serra,SP,35,-45.5086,-23.2373
3542404,Regente Feijó,SP,35,-51.3082,-22.2386
3542503,Reginópolis,SP,35,-49.1739,-21.867
3542602,Registro,SP,35,-47.8589,-24.5097
3542701,Restinga,SP,35,-47.4872,-20.6505
3542800,Ribeira,SP,35,-49.0361,-24.604
3542909,Ribeirão Bonito,SP,35,-48.1872,-22.0493
3543006,Ribeirão Branco,SP,35,-48.7871,-24.2454
3543105,Ribeirão Corrente,SP,35,-47.5709,-20.4458
3543204,Ribeirão do Sul,SP,35,-49.9297,-22.7647
3543238,Ribeirão dos Índios,SP,35,-51.5852,-21.7771
3543253,Ribeirão Grande,SP,35,-48.3552,-24.1941
3543303,Ribeirão Pires,SP,35,-46.3982,-23.6818
3543402,Ribeirão Preto,SP,35,-47.8179,-21.1968
3543501,Riversul,SP,35,-49.4485,-23.8427
3543600,Rifaina,SP,35,-47.4379,-20.0656
3543709,Rincão,SP,35,-48.0186,-21.5954
3543808,Rinópolis,SP,35,-50.7059,-21.6821
3543907,Rio Claro,SP,35,-47.6063,-22.3813
3544004,Rio das Pedras,SP,35,-47.5988,-22.8509
3544103,Rio Grande da Serra,SP,35,-46.3814,-23.7433
3544202,Riolândia,SP,35,-49.7284,-20.0389
3544251,Rosana,SP,35,-52.8509,-22.4951
3544301,Roseira,SP,35,-45.3003,-22.9277
3544400,Rubiácea,SP,35,-50.7885,-21.3546
3544509,Rubinéia,SP,35,-51.0125,-20.2672
3544608,Sabino,SP,35,-49.5785,-21.4799
3544707,Sagres,SP,35,-51.0034,-21.8617
3544806,Sales,SP,35,-49.5158,-21.357
3544905,Sales Oliveira,SP,35,-47.8478,-20.8369
3545001,Salesópolis,SP,35,-45.8441,-23.5864
3545100,Salmourão,SP,35,-50.8782,-21.5795
3545159,Saltinho,SP,35,-47.7322,-22.8728
3545209,Salto,SP,35,-47.2911,-23.1734
3545308,Salto de Pirapora,SP,35,-47.5974,-23.6495
3545407,Salto Grande,SP,35,-49.9649,-22.8835
3545506,Sandovalina,SP,35,-51.8409,-22.4681
3545605,Santa Adélia,SP,35,-48.8217,-21.3256
3545704,Santa Albertina,SP,35,-50.729,-20.029
3545803,Santa Bárbara d'Oeste,SP,35,-47.42,-22.7932
3546009,Santa Branca,SP,35,-45.8635,-23.4266
3546108,Santa Clara d'Oeste,SP,35,-50.9156,-20.07
3546207,Santa Cruz da Conceição,SP,35,-47.4945,-22.1245
3546256,Santa Cruz da Esperança,SP,35,-47.4439,-21.267
3546306,Santa Cruz das Palmeiras,SP,35,-47.2502,-21.8614
3546405,Santa Cruz do Rio Pardo,SP,35,-49.5507,-22.8033
3546504,Santa Ernestina,SP,35,-48.355,-21.4576
3546603,Santa Fé do Sul,SP,35,-50.9542,-20.2634
3546702,Santa Gertrudes,SP,35,-47.5112,-22.4704
3546801,Santa Isabel,SP,35,-46.2451,-23.2947
3546900,Santa Lúcia,SP,35,-48.0416,-21.6762
3547007,Santa Maria da Serra,SP,35,-48.1559,-22.5828
3547106,Santa Mercedes,SP,35,-51.7387,-21.3187
3547205,Santana da Ponte Pensa,SP,35,-50.7969,-20.2453
3547304,Santana de Parnaíba,SP,35,-46.9271,-23.4561
3547403,Santa Rita d'Oeste,SP,35,-50.8048,-20.0932
3547502,Santa Rita do Passa Quatro,SP,35,-47.5176,-21.7011
3547601,Santa Rosa de Viterbo,SP,35,-47.3671,-21.4987
3547650,Santa Salete,SP,35,-50.7259,-20.2588
3547700,Santo Anastácio,SP,35,-51.72,-22.0365
3547809,Santo André,SP,35,-46.4351,-23.7259
3547908,Santo Antônio da Alegria,SP,35,-47.2038,-21.0929
3548005,Santo Antônio de Posse,SP,35,-46.9372,-22.6037
3548054,Santo Antônio do Aracanguá,SP,35,-50.5402,-20.8652
3548104,Santo Antônio do Jardim,SP,35,-46.6786,-22.135
3548203,Santo Antônio do Pinhal,SP,35,-45.6908,-22.825
3548302,Santo Expedito,SP,35,-51.3702,-21.8193
3548401,Santópolis do Aguapeí,SP,35,-50.5103,-21.6608
3548500,Santos,SP,35,-46.2738,-23.8691
3548609,São Bento do Sapucaí,SP,35,-45.6881,-22.6742
3548708,São Bernardo do Campo,SP,35,-46.5498,-23.7937
3548807,São Caetano do Sul,SP,35,-46.5629,-23.6251
3548906,São Carlos,SP,35,-47.88,-21.9003
3549003,São Francisco,SP,35,-50.6753,-20.364
3549102,São João da Boa Vista,SP,35,-46.8135,-21.986
3549201,São João das Duas Pontes,SP,35,-50.3866,-20.4104
3549250,São João de Iracema,SP,35,-50.3613,-20.5123
3549300,São João do Pau d'Alho,SP,35,-51.662,-21.2125
3549409,São Joaquim da Barra,SP,35,-47.9428,-20.5389
3549508,São José da Bela Vista,SP,35,-47.6185,-20.5897
3549607,São José do Barreiro,SP,35,-44.5766,-22.7415
3549706,São José do Rio Pardo,SP,35,-46.8777,-21.5961
3549805,São José do Rio Preto,SP,35,-49.363,-20.7781
3549904,São José dos Campos,SP,35,-45.9314,-23.0816
3549953,São Lourenço da Serra,SP,35,-46.9323,-23.8479
3550001,São Luiz do Paraitinga,SP,35,-45.2371,-23.2447
3550100,São Manuel,SP,35,-48.5545,-22.6802
3550209,São Miguel Arcanjo,SP,35,-47.9736,-23.9241
3550308,São Paulo,SP,35,-46.6605,-23.6547
3550407,São Pedro,SP,35,-47.9128,-22.5548
3550506,São Pedro do Turvo,SP,35,-49.7865,-22.6701
3550605,São Roque,SP,35,-47.1198,-23.5218
3550704,São Sebastião,SP,35,-45.5989,-23.7494
3550803,São Sebastião da Grama,SP,35,-46.7566,-21.7507
3550902,São Simão,SP,35,-47.5742,-21.4542
3551009,São Vicente,SP,35,-46.5032,-23.9614
3551108,Sarapuí,SP,35,-47.7849,-23.6615
3551207,Sarutaiá,SP,35,-49.4806,-23.2626
3551306,Sebastianópolis do Sul,SP,35,-49.9174,-20.6261
3551405,Serra Azul,SP,35,-47.5526,-21.2996
3551504,Serrana,SP,35,-47.6056,-21.1962
3551603,Serra Negra,SP,35,-46.7079,-22.5871
3551702,Sertãozinho,SP,35,-48.0135,-21.1183
3551801,Sete Barras,SP,35,-47.9448,-24.2556
3551900,Severínia,SP,35,-48.8044,-20.7882
3552007,Silveiras,SP,35,-44.8383,-22.7213
3552106,Socorro,SP,35,-46.5239,-22.6076
3552205,Sorocaba,SP,35,-47.4505,-23.4718
3552304,Sud Mennucci,SP,35,-50.8941,-20.64
3552403,Sumaré,SP,35,-47.2484,-22.8408
3552502,Suzano,SP,35,-46.3156,-23.6285
3552551,Suzanápolis,SP,35,-51.0686,-20.4851
3552601,Tabapuã,SP,35,-49.0093,-20.9421
3552700,Tabatinga,SP,35,-48.6255,-21.7117
3552809,Taboão da Serra,SP,35,-46.796,-23.6197
3552908,Taciba,SP,35,-51.3595,-22.5102
3553005,Taguaí,SP,35,-49.4007,-23.4922
3553104,Taiaçu,SP,35,-48.5279,-21.1251
3553203,Taiúva,SP,35,-48.4394,-21.1339
3553302,Tambaú,SP,35,-47.2446,-21.5971
3553401,Tanabi,SP,35,-49.6755,-20.5492
3553500,Tapiraí,SP,35,-47.6203,-24.0157
3553609,Tapiratiba,SP,35,-46.7321,-21.4472
3553658,Taquaral,SP,35,-48.4074,-21.0669
3553708,Taquaritinga,SP,35,-48.544,-21.4182
3553807,Taquarituba,SP,35,-49.2384,-23.5362
3553856,Taquarivaí,SP,35,-48.6892,-23.9333
3553906,Tarabai,SP,35,-51.6216,-22.359
3553955,Tarumã,SP,35,-50.5984,-22.7542
3554003,Tatuí,SP,35,-47.8793,-23.3592
3554102,Taubaté,SP,35,-45.5062,-23.082
3554201,Tejupá,SP,35,-49.3158,-23.3518
3554300,Teodoro Sampaio,SP,35,-52.3836,-22.4246
3554409,Terra Roxa,SP,35,-48.3529,-20.7803
3554508,Tietê,SP,35,-47.7104,-23.0522
3554607,Timburi,SP,35,-49.6027,-23.1923
3554656,Torre de Pedra,SP,35,-48.2102,-23.2572
3554706,Torrinha,SP,35,-48.1717,-22.457
3554755,Trabiju,SP,35,-48.363,-22.0395
3554805,Tremembé,SP,35,-45.6136,-22.9386
3554904,Três Fronteiras,SP,35,-50.8625,-20.2972
3554953,Tuiuti,SP,35,-46.6901,-22.8196
3555000,Tupã,SP,35,-50.5244,-21.9335
3555109,Tupi Paulista,SP,35,-51.5885,-21.3873
3555208,Turiúba,SP,35,-50.1103,-20.9542
3555307,Turmalina,SP,35,-50.4637,-20.0744
3555356,Ubarana,SP,35,-49.7403,-21.2211
3555406,Ubatuba,SP,35,-45.0391,-23.3943
3555505,Ubirajara,SP,35,-49.6683,-22.539
3555604,Uchoa,SP,35,-49.1518,-20.9458
3555703,União Paulista,SP,35,-49.8974,-20.8972
3555802,Urânia,SP,35,-50.6601,-20.2087
3555901,Uru,SP,35,-49.2998,-21.7721
3556008,Urupês,SP,35,-49.2539,-21.2084
3556107,Valentim Gentil,SP,35,-50.0997,-20.4131
3556206,Valinhos,SP,35,-46.9848,-22.9787
3556305,Valparaíso,SP,35,-50.9215,-21.2099
3556354,Vargem,SP,35,-46.4075,-22.8967
3556404,Vargem Grande do Sul,SP,35,-46.8832,-21.863
3556453,Vargem Grande Paulista,SP,35,-47.0069,-23.6161
3556503,Várzea Paulista,SP,35,-46.8186,-23.211
3556602,Vera Cruz,SP,35,-49.8357,-22.2309
3556701,Vinhedo,SP,35,-46.9646,-23.0491
3556800,Viradouro,SP,35,-48.3202,-20.8792
3556909,Vista Alegre do Alto,SP,35,-48.6471,-21.183
3556958,Vitória Brasil,SP,35,-50.4843,-20.1969
3557006,Votorantim,SP,35,-47.4019,-23.5858
3557105,Votuporanga,SP,35,-50.0013,-20.4498
3557154,Zacarias,SP,35,-50.0487,-21.1313
3557204,Chavantes,SP,35,-49.7387,-23.0649
3557303,Estiva Gerbi,SP,35,-46.9338,-22.2305
4100103,Abatiá,PR,41,-50.3372,-23.3012
4100202,Adrianópolis,PR,41,-48.8294,-24.7871
4100301,Agudos do Sul,PR,41,-49.3203,-26.0384
4100400,Almirante Tamandaré,PR,41,-49.3215,-25.2955
4100459,Altamira do Paraná,PR,41,-52.6984,-24.8306
4100509,Altônia,PR,41,-53.951,-23.913
4100608,Alto Paraná,PR,41,-52.3288,-23.0483
4100707,Alto Piquiri,PR,41,-53.3965,-24.1123
4100806,Alvorada do Sul,PR,41,-51.2612,-22.8203
4100905,Amaporã,PR,41,-52.8396,-23.1374
4101002,Ampére,PR,41,-53.4897,-25.9143
4101051,Anahy,PR,41,-53.1397,-24.6406
4101101,Andirá,PR,41,-50.2707,-23.0265
4101150,Ângulo,PR,41,-51.9279,-23.2003
4101200,Antonina,PR,41,-48.7228,-25.2955
4101309,Antônio Olinto,PR,41,-50.141,-25.9545
4101408,Apucarana,PR,41,-51.4335,-23.5684
4101507,Arapongas,PR,41,-51.4198,-23.4449
4101606,Arapoti,PR,41,-49.984,-24.0676
4101655,Arapuã,PR,41,-51.816,-24.3376
4101705,Araruna,PR,41,-52.5745,-23.951
4101804,Araucária,PR,41,-49.4572,-25.6163
4101853,Ariranha do Ivaí,PR,41,-51.5418,-24.3722
4101903,Assaí,PR,41,-50.8712,-23.4049
4102000,Assis Chateaubriand,PR,41,-53.566,-24.3833
4102109,Astorga,PR,41,-51.7043,-23.2367
4102208,Atalaia,PR,41,-52.0625,-23.1283
4102307,Balsa Nova,PR,41,-49.6794,-25.4987
4102406,Bandeirantes,PR,41,-50.3309,-23.162
4102505,Barbosa Ferraz,PR,41,-52.0637,-24.1011
4102604,Barracão,PR,41,-53.5503,-26.2399
4102703,Barra do Jacaré,PR,41,-50.1684,-23.1013
4102752,Bela Vista da Caroba,PR,41,-53.6305,-25.8762
4102802,Bela Vista do Paraíso,PR,41,-51.2566,-22.9793
4102901,Bituruna,PR,41,-51.56,-26.1518
4103008,Boa Esperança,PR,41,-52.7511,-24.2541
4103024,Boa Esperança do Iguaçu,PR,41,-53.2086,-25.6458
4103040,Boa Ventura de São Roque,PR,41,-51.5713,-24.8497
4103057,Boa Vista da Aparecida,PR,41,-53.4234,-25.4541
4103107,Bocaiúva do Sul,PR,41,-48.8966,-25.0931
4103156,Bom Jesus do Sul,PR,41,-53.5605,-26.1661
4103206,Bom Sucesso,PR,41,-51.8161,-23.6971
4103222,Bom Sucesso do Sul,PR,41,-52.8317,-26.0901
4103305,Borrazópolis,PR,41,-51.5974,-23.9483
4103354,Braganey,PR,41,-53.0816,-24.7978
4103370,Brasilândia do Sul,PR,41,-53.5568,-24.1751
4103404,Cafeara,PR,41,-51.7079,-22.805
4103453,Cafelândia,PR,41,-53.3469,-24.678
4103479,Cafezal do Sul,PR,41,-53.5751,-23.9469
4103503,Califórnia,PR,41,-51.3287,-23.6725
4103602,Cambará,PR,41,-50.0868,-22.9895
4103701,Cambé,PR,41,-51.2843,-23.2107
4103800,Cambira,PR,41,-51.5804,-23.6007
4103909,Campina da Lagoa,PR,41,-52.8054,-24.6378
4103958,Campina do Simão,PR,41,-51.7766,-25.1019
4104006,Campina Grande do Sul,PR,41,-48.8392,-25.1866
4104055,Campo Bonito,PR,41,-53.0107,-24.9183
4104105,Campo do Tenente,PR,41,-49.646,-25.9866
4104204,Campo Largo,PR,41,-49.6183,-25.2874
4104253,Campo Magro,PR,41,-49.4566,-25.2922
4104303,Campo Mourão,PR,41,-52.3961,-24.1148
4104402,Cândido de Abreu,PR,41,-51.2538,-24.6666
4104428,Candói,PR,41,-52.0599,-25.5476
4104451,Cantagalo,PR,41,-52.1361,-25.2832
4104501,Capanema,PR,41,-53.7822,-25.5995
4104600,Capitão Leônidas Marques,PR,41,-53.5929,-25.459
4104659,Carambeí,PR,41,-50.1618,-24.8879
4104709,Carlópolis,PR,41,-49.7103,-23.4593
4104808,Cascavel,PR,41,-53.3748,-25.0123
4104907,Castro,PR,41,-49.8711,-24.7996
4105003,Catanduvas,PR,41,-53.1514,-25.2499
4105102,Centenário do Sul,PR,41,-51.5656,-22.8184
4105201,Cerro Azul,PR,41,-49.2672,-24.86
4105300,Céu Azul,PR,41,-53.7619,-25.3169
4105409,Chopinzinho,PR,41,-52.4879,-25.7906
4105508,Cianorte,PR,41,-52.6179,-23.7184
4105607,Cidade Gaúcha,PR,41,-52.9478,-23.3754
4105706,Clevelândia,PR,41,-52.3703,-26.3325
4105805,Colombo,PR,41,-49.1802,-25.3084
4105904,Colorado,PR,41,-51.979,-22.8284
4106001,Congonhinhas,PR,41,-50.5064,-23.6352
4106100,Conselheiro Mairinck,PR,41,-50.1292,-23.6045
4106209,Contenda,PR,41,-49.5165,-25.6979
4106308,Corbélia,PR,41,-53.2268,-24.7322
4106407,Cornélio Procópio,PR,41,-50.599,-23.2205
4106456,Coronel Domingos Soares,PR,41,-51.9453,-26.186
4106506,Coronel Vivida,PR,41,-52.6008,-25.9952
4106555,Corumbataí do Sul,PR,41,-52.1564,-24.1228
4106571,Cruzeiro do Iguaçu,PR,41,-53.1315,-25.5915
4106605,Cruzeiro do Oeste,PR,41,-53.0769,-23.7824
4106704,Cruzeiro do Sul,PR,41,-52.1625,-22.9896
4106803,Cruz Machado,PR,41,-51.2329,-25.9203
4106852,Cruzmaltina,PR,41,-51.4875,-24.0215
4106902,Curitiba,PR,41,-49.3026,-25.469
4107009,Curiúva,PR,41,-50.4739,-24.0012
4107108,Diamante do Norte,PR,41,-52.886,-22.6386
4107124,Diamante do Sul,PR,41,-52.6944,-24.9741
4107157,Diamante D'Oeste,PR,41,-54.1032,-24.9635
4107207,Dois Vizinhos,PR,41,-53.0977,-25.7352
4107256,Douradina,PR,41,-53.2975,-23.3348
4107306,Doutor Camargo,PR,41,-52.2036,-23.5626
4107405,Enéas Marques,PR,41,-53.1607,-25.8867
4107504,Engenheiro Beltrão,PR,41,-52.2242,-23.7413
4107520,Esperança Nova,PR,41,-53.8069,-23.7154
4107538,Entre Rios do Oeste,PR,41,-54.2263,-24.7047
4107546,Espigão Alto do Iguaçu,PR,41,-52.7978,-25.3684
4107553,Farol,PR,41,-52.6415,-24.123
4107603,Faxinal,PR,41,-51.3024,-24.0095
4107652,Fazenda Rio Grande,PR,41,-49.2955,-25.6806
4107702,Fênix,PR,41,-52.0318,-23.9071
4107736,Fernandes Pinheiro,PR,41,-50.5017,-25.4998
4107751,Figueira,PR,41,-50.4267,-23.8625
4107801,Floraí,PR,41,-52.3216,-23.3136
4107850,Flor da Serra do Sul,PR,41,-53.2997,-26.2407
4107900,Floresta,PR,41,-52.1048,-23.6259
4108007,Florestópolis,PR,41,-51.3958,-22.8825
4108106,Flórida,PR,41,-51.9648,-23.113
4108205,Formosa do Oeste,PR,41,-53.3442,-24.2838
4108304,Foz do Iguaçu,PR,41,-54.471,-25.4617
4108320,Francisco Alves,PR,41,-53.8754,-24.1049
4108403,Francisco Beltrão,PR,41,-53.1376,-26.041
4108452,Foz do Jordão,PR,41,-52.1113,-25.7169
4108502,General Carneiro,PR,41,-51.3999,-26.4359
4108551,Godoy Moreira,PR,41,-51.9158,-24.1569
4108601,Goioerê,PR,41,-53.0692,-24.1875
4108650,Goioxim,PR,41,-52.0109,-25.1151
4108700,Grandes Rios,PR,41,-51.4549,-24.1858
4108809,Guaíra,PR,41,-54.2244,-24.1967
4108908,Guairaçá,PR,41,-52.7434,-22.9314
4108957,Guamiranga,PR,41,-50.8286,-25.1849
4109005,Guapirama,PR,41,-50.0819,-23.4654
4109104,Guaporema,PR,41,-52.8366,-23.3122
4109203,Guaraci,PR,41,-51.6732,-22.9532
4109302,Guaraniaçu,PR,41,-52.8616,-25.0648
4109401,Guarapuava,PR,41,-51.5419,-25.3757
4109500,Guaraqueçaba,PR,41,-48.3791,-25.2299
4109609,Guaratuba,PR,41,-48.7964,-25.7952
4109658,Honório Serpa,PR,41,-52.3968,-26.1638
4109708,Ibaiti,PR,41,-50.3025,-23.7977
4109757,Ibema,PR,41,-53.0103,-25.1441
4109807,Ibiporã,PR,41,-51.0308,-23.2333
4109906,Icaraíma,PR,41,-53.5816,-23.3558
4110003,Iguaraçu,PR,41,-51.852,-23.2404
4110052,Iguatu,PR,41,-53.0971,-24.6928
4110078,Imbaú,PR,41,-50.748,-24.4347
4110102,Imbituva,PR,41,-50.6727,-25.2293
4110201,Inácio Martins,PR,41,-51.1937,-25.6349
4110300,Inajá,PR,41,-52.2241,-22.7117
4110409,Indianópolis,PR,41,-52.6549,-23.4838
4110508,Ipiranga,PR,41,-50.5747,-25.003
4110607,Iporã,PR,41,-53.7618,-24.0295
4110656,Iracema do Oeste,PR,41,-53.3445,-24.4302
4110706,Irati,PR,41,-50.8854,-25.4865
4110805,Iretama,PR,41,-52.1039,-24.3379
4110904,Itaguajé,PR,41,-51.9662,-22.6838
4110953,Itaipulândia,PR,41,-54.3533,-25.1539
4111001,Itambaracá,PR,41,-50.4193,-22.9737
4111100,Itambé,PR,41,-52.0045,-23.7081
4111209,Itapejara d'Oeste,PR,41,-52.8249,-25.9847
4111258,Itaperuçu,PR,41,-49.4744,-25.1311
4111308,Itaúna do Sul,PR,41,-52.9065,-22.7245
4111407,Ivaí,PR,41,-50.8731,-24.9959
4111506,Ivaiporã,PR,41,-51.6235,-24.2834
4111555,Ivaté,PR,41,-53.4241,-23.3357
4111605,Ivatuba,PR,41,-52.193,-23.5986
4111704,Jaboti,PR,41,-50.0877,-23.7056
4111803,Jacarezinho,PR,41,-49.9378,-23.1505
4111902,Jaguapitã,PR,41,-51.5619,-23.0765
4112009,Jaguariaíva,PR,41,-49.7054,-24.3382
4112108,Jandaia do Sul,PR,41,-51.6983,-23.6285
4112207,Janiópolis,PR,41,-52.8073,-24.1389
4112306,Japira,PR,41,-50.1737,-23.6907
4112405,Japurá,PR,41,-52.5528,-23.4344
4112504,Jardim Alegre,PR,41,-51.756,-24.2137
4112603,Jardim Olinda,PR,41,-52.0762,-22.569
4112702,Jataizinho,PR,41,-50.922,-23.2491
4112751,Jesuítas,PR,41,-53.4179,-24.4276
4112801,Joaquim Távora,PR,41,-49.9043,-23.4582
4112900,Jundiaí do Sul,PR,41,-50.2229,-23.4493
4112959,Juranda,PR,41,-52.8267,-24.3909
4113007,Jussara,PR,41,-52.4698,-23.6585
4113106,Kaloré,PR,41,-51.6933,-23.8596
4113205,Lapa,PR,41,-49.9125,-25.7822
4113254,Laranjal,PR,41,-52.5295,-24.9097
4113304,Laranjeiras do Sul,PR,41,-52.3786,-25.3231
4113403,Leópolis,PR,41,-50.7101,-23.0144
4113429,Lidianópolis,PR,41,-51.6424,-24.058
4113452,Lindoeste,PR,41,-53.5691,-25.2696
4113502,Loanda,PR,41,-53.027,-22.9356
4113601,Lobato,PR,41,-52.0018,-22.9833
4113700,Londrina,PR,41,-51.1033,-23.4836
4113734,Luiziana,PR,41,-52.2937,-24.3315
4113759,Lunardelli,PR,41,-51.765,-24.0791
4113809,Lupionópolis,PR,41,-51.6706,-22.7531
4113908,Mallet,PR,41,-50.8651,-25.8913
4114005,Mamborê,PR,41,-52.6129,-24.3592
4114104,Mandaguaçu,PR,41,-52.0518,-23.2664
4114203,Mandaguari,PR,41,-51.7196,-23.4924
4114302,Mandirituba,PR,41,-49.3224,-25.8501
4114351,Manfrinópolis,PR,41,-53.3432,-26.0955
4114401,Mangueirinha,PR,41,-52.2185,-26.0352
4114500,Manoel Ribas,PR,41,-51.6414,-24.5012
4114609,Marechal Cândido Rondon,PR,41,-54.1386,-24.5756
4114708,Maria Helena,PR,41,-53.2424,-23.5523
4114807,Marialva,PR,41,-51.8718,-23.5088
4114906,Marilândia do Sul,PR,41,-51.2886,-23.7503
4115002,Marilena,PR,41,-53.0651,-22.7383
4115101,Mariluz,PR,41,-53.2425,-24.0623
4115200,Maringá,PR,41,-51.9655,-23.3918
4115309,Mariópolis,PR,41,-52.5796,-26.3222
4115358,Maripá,PR,41,-53.8119,-24.4671
4115408,Marmeleiro,PR,41,-53.097,-26.2482
4115457,Marquinho,PR,41,-52.2387,-25.1089
4115507,Marumbi,PR,41,-51.6646,-23.7712
4115606,Matelândia,PR,41,-53.9059,-25.3446
4115705,Matinhos,PR,41,-48.565,-25.7621
4115739,Mato Rico,PR,41,-52.2401,-24.715
4115754,Mauá da Serra,PR,41,-51.163,-23.9174
4115804,Medianeira,PR,41,-54.1133,-25.263
4115853,Mercedes,PR,41,-54.1908,-24.4228
4115903,Mirador,PR,41,-52.7645,-23.214
4116000,Miraselva,PR,41,-51.4835,-22.9742
4116059,Missal,PR,41,-54.2583,-25.0946
4116109,Moreira Sales,PR,41,-53.0075,-24.0126
4116208,Morretes,PR,41,-48.861,-25.5103
4116307,Munhoz de Melo,PR,41,-51.7344,-23.1259
4116406,Nossa Senhora das Graças,PR,41,-51.7851,-22.9012
4116505,Nova Aliança do Ivaí,PR,41,-52.6254,-23.1792
4116604,Nova América da Colina,PR,41,-50.7142,-23.3439
4116703,Nova Aurora,PR,41,-53.2844,-24.4963
4116802,Nova Cantu,PR,41,-52.5569,-24.6387
4116901,Nova Esperança,PR,41,-52.2667,-23.1842
4116950,Nova Esperança do Sudoeste,PR,41,-53.2589,-25.8988
4117008,Nova Fátima,PR,41,-50.5322,-23.412
4117057,Nova Laranjeiras,PR,41,-52.5951,-25.2221
4117107,Nova Londrina,PR,41,-52.9617,-22.7584
4117206,Nova Olímpia,PR,41,-53.0619,-23.423
4117214,Nova Santa Bárbara,PR,41,-50.7419,-23.5848
4117222,Nova Santa Rosa,PR,41,-53.959,-24.4468
4117255,Nova Prata do Iguaçu,PR,41,-53.3798,-25.5692
4117271,Nova Tebas,PR,41,-51.9369,-24.4501
4117297,Novo Itacolomi,PR,41,-51.5478,-23.7648
4117305,Ortigueira,PR,41,-50.9607,-24.0954
4117404,Ourizona,PR,41,-52.2319,-23.4624
4117453,Ouro Verde do Oeste,PR,41,-53.9495,-24.7866
4117503,Paiçandu,PR,41,-52.1256,-23.4682
4117602,Palmas,PR,41,-51.8328,-26.4283
4117701,Palmeira,PR,41,-50.0743,-25.4243
4117800,Palmital,PR,41,-52.2619,-24.8714
4117909,Palotina,PR,41,-53.7768,-24.2591
4118006,Paraíso do Norte,PR,41,-52.6422,-23.2724
4118105,Paranacity,PR,41,-52.1298,-22.8293
4118204,Paranaguá,PR,41,-48.5137,-25.5483
4118303,Paranapoema,PR,41,-52.0894,-22.6566
4118402,Paranavaí,PR,41,-52.5216,-22.9418
4118451,Pato Bragado,PR,41,-54.2441,-24.6417
4118501,Pato Branco,PR,41,-52.6704,-26.1403
4118600,Paula Freitas,PR,41,-50.8459,-26.1963
4118709,Paulo Frontin,PR,41,-50.7561,-26.0701
4118808,Peabiru,PR,41,-52.3242,-23.9445
4118857,Perobal,PR,41,-53.3449,-23.9499
4118907,Pérola,PR,41,-53.7132,-23.8217
4119004,Pérola d'Oeste,PR,41,-53.7273,-25.8364
4119103,Piên,PR,41,-49.4635,-26.0761
4119152,Pinhais,PR,41,-49.1587,-25.4197
4119202,Pinhalão,PR,41,-50.0625,-23.8978
4119251,Pinhal de São Bento,PR,41,-53.4828,-26.008
4119301,Pinhão,PR,41,-51.6548,-25.7852
4119400,Piraí do Sul,PR,41,-49.9149,-24.4845
4119509,Piraquara,PR,41,-49.0516,-25.4651
4119608,Pitanga,PR,41,-51.7944,-24.6515
4119657,Pitangueiras,PR,41,-51.5718,-23.2089
4119707,Planaltina do Paraná,PR,41,-52.9229,-23.0939
4119806,Planalto,PR,41,-53.7094,-25.7399
4119905,Ponta Grossa,PR,41,-50.0339,-25.1412
4119954,Pontal do Paraná,PR,41,-48.4793,-25.6421
4120002,Porecatu,PR,41,-51.4101,-22.7432
4120101,Porto Amazonas,PR,41,-49.8812,-25.5183
4120150,Porto Barreiro,PR,41,-52.3884,-25.5937
4120200,Porto Rico,PR,41,-53.3102,-22.8488
4120309,Porto Vitória,PR,41,-51.223,-26.248
4120333,Prado Ferreira,PR,41,-51.4047,-23.0206
4120358,Pranchita,PR,41,-53.693,-25.9559
4120408,Presidente Castelo Branco,PR,41,-52.151,-23.2608
4120507,Primeiro de Maio,PR,41,-51.0786,-22.8695
4120606,Prudentópolis,PR,41,-51.1059,-25.145
4120655,Quarto Centenário,PR,41,-53.1699,-24.3051
4120705,Quatiguá,PR,41,-49.9387,-23.5595
4120804,Quatro Barras,PR,41,-49.0196,-25.3743
4120853,Quatro Pontes,PR,41,-53.9771,-24.5846
4120903,Quedas do Iguaçu,PR,41,-52.9522,-25.4659
4121000,Querência do Norte,PR,41,-53.5406,-23.0858
4121109,Quinta do Sol,PR,41,-52.1376,-23.813
4121208,Quitandinha,PR,41,-49.471,-25.9135
4121257,Ramilândia,PR,41,-54.0657,-25.1028
4121307,Rancho Alegre,PR,41,-50.9271,-23.082
4121356,Rancho Alegre D'Oeste,PR,41,-52.9526,-24.2624
4121406,Realeza,PR,41,-53.5458,-25.675
4121505,Rebouças,PR,41,-50.6173,-25.6682
4121604,Renascença,PR,41,-52.9472,-26.2105
4121703,Reserva,PR,41,-50.9452,-24.6053
4121752,Reserva do Iguaçu,PR,41,-51.9823,-25.8652
4121802,Ribeirão Claro,PR,41,-49.78,-23.2664
4121901,Ribeirão do Pinhal,PR,41,-50.4267,-23.377
4122008,Rio Azul,PR,41,-50.7918,-25.7131
4122107,Rio Bom,PR,41,-51.4336,-23.7832
4122156,Rio Bonito do Iguaçu,PR,41,-52.6205,-25.5541
4122172,Rio Branco do Ivaí,PR,41,-51.3417,-24.3492
4122206,Rio Branco do Sul,PR,41,-49.323,-25.0926
4122305,Rio Negro,PR,41,-49.7084,-26.0816
4122404,Rolândia,PR,41,-51.4008,-23.2805
4122503,Roncador,PR,41,-52.2716,-24.5605
4122602,Rondon,PR,41,-52.8365,-23.4664
4122651,Rosário do Ivaí,PR,41,-51.218,-24.3198
4122701,Sabáudia,PR,41,-51.5934,-23.3548
4122800,Salgado Filho,PR,41,-53.4307,-26.13
4122909,Salto do Itararé,PR,41,-49.6727,-23.6049
4123006,Salto do Lontra,PR,41,-53.2846,-25.7618
4123105,Santa Amélia,PR,41,-50.3852,-23.2619
4123204,Santa Cecília do Pavão,PR,41,-50.8155,-23.5482
4123303,Santa Cruz de Monte Castelo,PR,41,-53.3734,-23.1421
4123402,Santa Fé,PR,41,-51.8259,-23.0696
4123501,Santa Helena,PR,41,-54.2939,-24.8866
4123600,Santa Inês,PR,41,-51.9011,-22.7276
4123709,Santa Isabel do Ivaí,PR,41,-53.2494,-23.1428
4123808,Santa Izabel do Oeste,PR,41,-53.4156,-25.7843
4123824,Santa Lúcia,PR,41,-53.5641,-25.3785
4123857,Santa Maria do Oeste,PR,41,-51.9307,-24.9215
4123907,Santa Mariana,PR,41,-50.5472,-23.0372
4123956,Santa Mônica,PR,41,-53.1116,-23.1579
4124004,Santana do Itararé,PR,41,-49.6491,-23.7614
4124020,Santa Tereza do Oeste,PR,41,-53.6165,-25.0115
4124053,Santa Terezinha de Itaipu,PR,41,-54.4185,-25.4435
4124103,Santo Antônio da Platina,PR,41,-50.1111,-23.2979
4124202,Santo Antônio do Caiuá,PR,41,-52.3356,-22.6884
4124301,Santo Antônio do Paraíso,PR,41,-50.6304,-23.5805
4124400,Santo Antônio do Sudoeste,PR,41,-53.6081,-26.0587
4124509,Santo Inácio,PR,41,-51.7805,-22.7282
4124608,São Carlos do Ivaí,PR,41,-52.4942,-23.3501
4124707,São Jerônimo da Serra,PR,41,-50.795,-23.698
4124806,São João,PR,41,-52.8048,-25.7506
4124905,São João do Caiuá,PR,41,-52.3118,-22.8334
4125001,São João do Ivaí,PR,41,-51.8661,-23.9741
4125100,São João do Triunfo,PR,41,-50.2794,-25.6983
4125209,São Jorge d'Oeste,PR,41,-52.9557,-25.658
4125308,São Jorge do Ivaí,PR,41,-52.3147,-23.4394
4125357,São Jorge do Patrocínio,PR,41,-53.9171,-23.7617
4125407,São José da Boa Vista,PR,41,-49.676,-23.9661
4125456,São José das Palmeiras,PR,41,-54.1071,-24.828
4125506,São José dos Pinhais,PR,41,-49.0838,-25.6849
4125555,São Manoel do Paraná,PR,41,-52.6091,-23.383
4125605,São Mateus do Sul,PR,41,-50.4646,-25.9222
4125704,São Miguel do Iguaçu,PR,41,-54.2514,-25.3836
4125753,São Pedro do Iguaçu,PR,41,-53.8927,-24.9071
4125803,São Pedro do Ivaí,PR,41,-51.8721,-23.8423
4125902,São Pedro do Paraná,PR,41,-53.1979,-22.7943
4126009,São Sebastião da Amoreira,PR,41,-50.726,-23.4503
4126108,São Tomé,PR,41,-52.5232,-23.5209
4126207,Sapopema,PR,41,-50.6106,-23.8795
4126256,Sarandi,PR,41,-51.8596,-23.4597
4126272,Saudade do Iguaçu,PR,41,-52.6013,-25.7183
4126306,Sengés,PR,41,-49.4597,-24.2636
4126355,Serranópolis do Iguaçu,PR,41,-54.0306,-25.4882
4126405,Sertaneja,PR,41,-50.8872,-22.9358
4126504,Sertanópolis,PR,41,-51.0542,-23.0521
4126603,Siqueira Campos,PR,41,-49.7831,-23.6196
4126652,Sulina,PR,41,-52.6983,-25.695
4126678,Tamarana,PR,41,-51.047,-23.8241
4126702,Tamboara,PR,41,-52.4629,-23.1936
4126801,Tapejara,PR,41,-52.9018,-23.6394
4126900,Tapira,PR,41,-53.1291,-23.2849
4127007,Teixeira Soares,PR,41,-50.4074,-25.3333
4127106,Telêmaco Borba,PR,41,-50.5323,-24.2374
4127205,Terra Boa,PR,41,-52.3681,-23.6864
4127304,Terra Rica,PR,41,-52.7112,-22.7246
4127403,Terra Roxa,PR,41,-54.0727,-24.1696
4127502,Tibagi,PR,41,-50.4939,-24.6776
4127601,Tijucas do Sul,PR,41,-49.1199,-25.9057
4127700,Toledo,PR,41,-53.807,-24.6967
4127809,Tomazina,PR,41,-49.9803,-23.7081
4127858,Três Barras do Paraná,PR,41,-53.2266,-25.451
4127882,Tunas do Paraná,PR,41,-48.9108,-24.958
4127908,Tuneiras do Oeste,PR,41,-52.8214,-23.8758
4127957,Tupãssi,PR,41,-53.5183,-24.6388
4127965,Turvo,PR,41,-51.497,-24.9771
4128005,Ubiratã,PR,41,-53.0389,-24.5183
4128104,Umuarama,PR,41,-53.4159,-23.6767
4128203,União da Vitória,PR,41,-51.1008,-26.117
4128302,Uniflor,PR,41,-52.1074,-23.0616
4128401,Uraí,PR,41,-50.8112,-23.2135
4128500,Wenceslau Braz,PR,41,-49.7811,-23.887
4128534,Ventania,PR,41,-50.2412,-24.1815
4128559,Vera Cruz do Oeste,PR,41,-53.9176,-24.9698
4128609,Verê,PR,41,-52.9629,-25.8637
4128625,Alto Paraíso,PR,41,-53.8296,-23.5378
4128633,Doutor Ulysses,PR,41,-49.4152,-24.6246
4128658,Virmond,PR,41,-52.2398,-25.4145
4128708,Vitorino,PR,41,-52.806,-26.269
4128807,Xambrê,PR,41,-53.5981,-23.7319
4200051,Abdon Batista,SC,42,-51.0568,-27.5908
4200101,Abelardo Luz,SC,42,-52.2727,-26.5835
4200200,Agrolândia,SC,42,-49.8206,-27.4626
4200309,Agronômica,SC,42,-49.7257,-27.3186
4200408,Água Doce,SC,42,-51.6152,-26.8082
4200507,Águas de Chapecó,SC,42,-52.9709,-27.0539
4200556,Águas Frias,SC,42,-52.8541,-26.8566
4200606,Águas Mornas,SC,42,-48.9242,-27.7387
4200705,Alfredo Wagner,SC,42,-49.3304,-27.7028
4200754,Alto Bela Vista,SC,42,-51.9337,-27.4149
4200804,Anchieta,SC,42,-53.346,-26.5358
4200903,Angelina,SC,42,-49.0714,-27.5552
4201000,Anita Garibaldi,SC,42,-51.0796,-27.72
4201109,Anitápolis,SC,42,-49.1415,-27.8702
4201208,Antônio Carlos,SC,42,-48.83,-27.5002
4201257,Apiúna,SC,42,-49.3719,-27.1337
4201273,Arabutã,SC,42,-52.1847,-27.1451
4201307,Araquari,SC,42,-48.7482,-26.4478
4201406,Araranguá,SC,42,-49.4738,-28.941
4201505,Armazém,SC,42,-49.026,-28.2372
4201604,Arroio Trinta,SC,42,-51.3408,-26.912
4201653,Arvoredo,SC,42,-52.4495,-27.0782
4201703,Ascurra,SC,42,-49.3864,-26.9763
4201802,Atalanta,SC,42,-49.7565,-27.4492
4201901,Aurora,SC,42,-49.5986,-27.3258
4201950,Balneário Arroio do Silva,SC,42,-49.4846,-29.0173
4202008,Balneário Camboriú,SC,42,-48.626,-26.9992
4202057,Balneário Barra do Sul,SC,42,-48.6478,-26.4415
4202073,Balneário Gaivota,SC,42,-49.62,-29.1455
4202081,Bandeirante,SC,42,-53.6527,-26.7569
4202099,Barra Bonita,SC,42,-53.4198,-26.664
4202107,Barra Velha,SC,42,-48.7298,-26.6411
4202131,Bela Vista do Toldo,SC,42,-50.4881,-26.4217
4202156,Belmonte,SC,42,-53.6299,-26.8613
4202206,Benedito Novo,SC,42,-49.4402,-26.8127
4202305,Biguaçu,SC,42,-48.6965,-27.4247
4202404,Blumenau,SC,42,-49.0937,-26.8651
4202438,Bocaina do Sul,SC,42,-49.9334,-27.7528
4202453,Bombinhas,SC,42,-48.5371,-27.1716
4202503,Bom Jardim da Serra,SC,42,-49.6623,-28.3811
4202537,Bom Jesus,SC,42,-52.3922,-26.7303
4202578,Bom Jesus do Oeste,SC,42,-53.0937,-26.6914
4202602,Bom Retiro,SC,42,-49.5681,-27.7665
4202701,Botuverá,SC,42,-49.106,-27.2072
4202800,Braço do Norte,SC,42,-49.1409,-28.2436
4202859,Braço do Trombudo,SC,42,-49.9017,-27.3696
4202875,Brunópolis,SC,42,-50.8452,-27.3418
4202909,Brusque,SC,42,-48.9279,-27.1333
4203006,Caçador,SC,42,-51.1304,-26.767
4203105,Caibi,SC,42,-53.275,-27.0274
4203154,Calmon,SC,42,-51.0195,-26.6438
4203204,Camboriú,SC,42,-48.6976,-27.0628
4203253,Capão Alto,SC,42,-50.6197,-28.0516
4203303,Campo Alegre,SC,42,-49.1687,-26.0956
4203402,Campo Belo do Sul,SC,42,-50.7822,-27.8329
4203501,Campo Erê,SC,42,-53.134,-26.4564
4203600,Campos Novos,SC,42,-51.2612,-27.4
4203709,Canelinha,SC,42,-48.8106,-27.2474
4203808,Canoinhas,SC,42,-50.5136,-26.2641
4203907,Capinzal,SC,42,-51.6428,-27.4104
4203956,Capivari de Baixo,SC,42,-48.9527,-28.4408
4204004,Catanduvas,SC,42,-51.7056,-27.0436
4204103,Caxambu do Sul,SC,42,-52.9389,-27.1592
4204152,Celso Ramos,SC,42,-51.3132,-27.6455
4204178,Cerro Negro,SC,42,-50.9392,-27.7602
4204194,Chapadão do Lageado,SC,42,-49.5629,-27.5906
4204202,Chapecó,SC,42,-52.6721,-27.1251
4204251,Cocal do Sul,SC,42,-49.3215,-28.5973
4204301,Concórdia,SC,42,-52.0262,-27.2479
4204350,Cordilheira Alta,SC,42,-52.6329,-26.9837
4204400,Coronel Freitas,SC,42,-52.7484,-26.8847
4204459,Coronel Martins,SC,42,-52.6685,-26.531
4204509,Corupá,SC,42,-49.3104,-26.4207
4204558,Correia Pinto,SC,42,-50.3743,-27.5906
4204608,Criciúma,SC,42,-49.3707,-28.7196
4204707,Cunha Porã,SC,42,-53.1919,-26.8927
4204756,Cunhataí,SC,42,-53.1076,-26.9728
4204806,Curitibanos,SC,42,-50.6154,-27.2743
4204905,Descanso,SC,42,-53.4962,-26.8655
4205001,Dionísio Cerqueira,SC,42,-53.5162,-26.3266
4205100,Dona Emma,SC,42,-49.7822,-26.9928
4205159,Doutor Pedrinho,SC,42,-49.5575,-26.692
4205175,Entre Rios,SC,42,-52.5822,-26.7501
4205191,Ermo,SC,42,-49.6497,-28.9821
4205209,Erval Velho,SC,42,-51.4224,-27.2834
4205308,Faxinal dos Guedes,SC,42,-52.248,-26.8351
4205357,Flor do Sertão,SC,42,-53.3398,-26.7644
4205407,Florianópolis,SC,42,-48.5173,-27.6092
4205431,Formosa do Sul,SC,42,-52.7958,-26.6388
4205456,Forquilhinha,SC,42,-49.5006,-28.7724
4205506,Fraiburgo,SC,42,-50.8645,-27.0639
4205555,Frei Rogério,SC,42,-50.7631,-27.2009
4205605,Galvão,SC,42,-52.6516,-26.4613
4205704,Garopaba,SC,42,-48.6565,-28.0499
4205803,Garuva,SC,42,-48.8907,-26.061
4205902,Gaspar,SC,42,-48.9814,-26.9211
4206009,Governador Celso Ramos,SC,42,-48.5876,-27.3916
4206108,Grão-Pará,SC,42,-49.3152,-28.1273
4206207,Gravatal,SC,42,-49.0393,-28.3425
4206306,Guabiruba,SC,42,-49.0402,-27.1087
4206405,Guaraciaba,SC,42,-53.5824,-26.5832
4206504,Guaramirim,SC,42,-48.9427,-26.4845
4206603,Guarujá do Sul,SC,42,-53.4828,-26.4069
4206652,Guatambú,SC,42,-52.7856,-27.112
4206702,Herval d'Oeste,SC,42,-51.426,-27.1916
4206751,Ibiam,SC,42,-51.2185,-27.2043
4206801,Ibicaré,SC,42,-51.3633,-27.0998
4206900,Ibirama,SC,42,-49.5239,-27.0071
4207007,Içara,SC,42,-49.2655,-28.7536
4207106,Ilhota,SC,42,-48.8484,-26.8812
4207205,Imaruí,SC,42,-48.8403,-28.231
4207304,Imbituba,SC,42,-48.7071,-28.1899
4207403,Imbuia,SC,42,-49.3848,-27.5223
4207502,Indaial,SC,42,-49.2303,-26.9838
4207577,Iomerê,SC,42,-51.2806,-26.9918
4207601,Ipira,SC,42,-51.805,-27.3814
4207650,Iporã do Oeste,SC,42,-53.4921,-26.9993
4207684,Ipuaçu,SC,42,-52.4589,-26.6734
4207700,Ipumirim,SC,42,-52.1341,-27.0406
4207759,Iraceminha,SC,42,-53.3253,-26.8618
4207809,Irani,SC,42,-51.9064,-27.0175
4207858,Irati,SC,42,-52.8781,-26.6176
4207908,Irineópolis,SC,42,-50.772,-26.3266
4208005,Itá,SC,42,-52.306,-27.2351
4208104,Itaiópolis,SC,42,-49.8677,-26.5042
4208203,Itajaí,SC,42,-48.7431,-26.9649
4208302,Itapema,SC,42,-48.6259,-27.1004
4208401,Itapiranga,SC,42,-53.6994,-27.1277
4208450,Itapoá,SC,42,-48.649,-26.0783
4208500,Ituporanga,SC,42,-49.5325,-27.4591
4208609,Jaborá,SC,42,-51.7705,-27.1344
4208708,Jacinto Machado,SC,42,-49.8407,-28.9987
4208807,Jaguaruna,SC,42,-49.0612,-28.6608
4208906,Jaraguá do Sul,SC,42,-49.1622,-26.4456
4208955,Jardinópolis,SC,42,-52.8736,-26.7089
4209003,Joaçaba,SC,42,-51.5927,-27.1388
4209102,Joinville,SC,42,-48.9621,-26.2643
4209151,José Boiteux,SC,42,-49.6492,-26.8475
4209177,Jupiá,SC,42,-52.7262,-26.3942
4209201,Lacerdópolis,SC,42,-51.5848,-27.2534
4209300,Lages,SC,42,-50.3452,-27.9845
4209409,Laguna,SC,42,-48.8251,-28.4724
4209458,Lajeado Grande,SC,42,-52.5453,-26.8414
4209508,Laurentino,SC,42,-49.7476,-27.2161
4209607,Lauro Müller,SC,42,-49.4493,-28.3873
4209706,Lebon Régis,SC,42,-50.7036,-26.8539
4209805,Leoberto Leal,SC,42,-49.2483,-27.5133
4209854,Lindóia do Sul,SC,42,-52.0593,-27.0371
4209904,Lontras,SC,42,-49.5057,-27.1773
4210001,Luiz Alves,SC,42,-48.8955,-26.732
4210035,Luzerna,SC,42,-51.5138,-27.086
4210050,Macieira,SC,42,-51.3476,-26.8188
4210100,Mafra,SC,42,-49.8762,-26.2192
4210209,Major Gercino,SC,42,-49.0594,-27.4341
4210308,Major Vieira,SC,42,-50.3789,-26.5319
4210407,Maracajá,SC,42,-49.4515,-28.8631
4210506,Maravilha,SC,42,-53.1905,-26.7535
4210555,Marema,SC,42,-52.6324,-26.8097
4210605,Massaranduba,SC,42,-49.0011,-26.6331
4210704,Matos Costa,SC,42,-51.1345,-26.4764
4210803,Meleiro,SC,42,-49.5934,-28.8407
4210852,Mirim Doce,SC,42,-50.1747,-27.1767
4210902,Modelo,SC,42,-53.0551,-26.7727
4211009,Mondaí,SC,42,-53.4509,-27.108
4211058,Monte Carlo,SC,42,-50.9056,-27.1982
4211108,Monte Castelo,SC,42,-50.2888,-26.6475
4211207,Morro da Fumaça,SC,42,-49.2703,-28.6377
4211256,Morro Grande,SC,42,-49.738,-28.7314
4211306,Navegantes,SC,42,-48.7293,-26.8289
4211405,Nova Erechim,SC,42,-52.9011,-26.921
4211454,Nova Itaberaba,SC,42,-52.8342,-26.9592
4211504,Nova Trento,SC,42,-49.0581,-27.3129
4211603,Nova Veneza,SC,42,-49.6029,-28.6929
4211652,Novo Horizonte,SC,42,-52.7861,-26.5082
4211702,Orleans,SC,42,-49.3473,-28.3077
4211751,Otacílio Costa,SC,42,-49.969,-27.5231
4211801,Ouro,SC,42,-51.6745,-27.288
4211850,Ouro Verde,SC,42,-52.2877,-26.7087
4211876,Paial,SC,42,-52.4927,-27.2132
4211892,Painel,SC,42,-50.0546,-27.9575
4211900,Palhoça,SC,42,-48.6625,-27.7616
4212007,Palma Sola,SC,42,-53.3175,-26.3802
4212056,Palmeira,SC,42,-50.1687,-27.564
4212106,Palmitos,SC,42,-53.1857,-27.0973
4212205,Papanduva,SC,42,-50.1623,-26.5369
4212239,Paraíso,SC,42,-53.6765,-26.6632
4212254,Passo de Torres,SC,42,-49.7272,-29.2637
4212270,Passos Maia,SC,42,-51.9691,-26.7066
4212304,Paulo Lopes,SC,42,-48.7552,-27.9627
4212403,Pedras Grandes,SC,42,-49.2122,-28.4847
4212502,Penha,SC,42,-48.6482,-26.8102
4212601,Peritiba,SC,42,-51.8783,-27.3626
4212650,Pescaria Brava,SC,42,-48.8893,-28.4094
4212700,Petrolândia,SC,42,-49.6949,-27.5519
4212809,Balneário Piçarras,SC,42,-48.7369,-26.756
4212908,Pinhalzinho,SC,42,-52.9697,-26.8331
4213005,Pinheiro Preto,SC,42,-51.2436,-27.051
4213104,Piratuba,SC,42,-51.7895,-27.4591
4213153,Planalto Alegre,SC,42,-52.8717,-27.0496
4213203,Pomerode,SC,42,-49.1725,-26.7218
4213302,Ponte Alta,SC,42,-50.2895,-27.4253
4213351,Ponte Alta do Norte,SC,42,-50.4127,-27.1942
4213401,Ponte Serrada,SC,42,-51.9248,-26.8676
4213500,Porto Belo,SC,42,-48.6028,-27.1678
4213609,Porto União,SC,42,-51.0064,-26.3824
4213708,Pouso Redondo,SC,42,-49.9767,-27.2797
4213807,Praia Grande,SC,42,-49.9788,-29.1696
4213906,Presidente Castello Branco,SC,42,-51.776,-27.2432
4214003,Presidente Getúlio,SC,42,-49.7252,-27.054
4214102,Presidente Nereu,SC,42,-49.3542,-27.2605
4214151,Princesa,SC,42,-53.6316,-26.4308
4214201,Quilombo,SC,42,-52.7067,-26.737
4214300,Rancho Queimado,SC,42,-49.0888,-27.6717
4214409,Rio das Antas,SC,42,-51.0578,-26.9042
4214508,Rio do Campo,SC,42,-50.1054,-26.8912
4214607,Rio do Oeste,SC,42,-49.8398,-27.1495
4214706,Rio dos Cedros,SC,42,-49.3887,-26.6138
4214805,Rio do Sul,SC,42,-49.6201,-27.2062
4214904,Rio Fortuna,SC,42,-49.1836,-28.0987
4215000,Rio Negrinho,SC,42,-49.5935,-26.4562
4215059,Rio Rufino,SC,42,-49.7577,-27.91
4215075,Riqueza,SC,42,-53.3459,-26.9764
4215109,Rodeio,SC,42,-49.3576,-26.9034
4215208,Romelândia,SC,42,-53.3155,-26.6542
4215307,Salete,SC,42,-50.0067,-26.9625
4215356,Saltinho,SC,42,-53.0213,-26.5913
4215406,Salto Veloso,SC,42,-51.4414,-26.8907
4215455,Sangão,SC,42,-49.1399,-28.6613
4215505,Santa Cecília,SC,42,-50.4724,-26.9137
4215554,Santa Helena,SC,42,-53.6152,-26.9206
4215604,Santa Rosa de Lima,SC,42,-49.1787,-28.0005
4215653,Santa Rosa do Sul,SC,42,-49.7286,-29.1202
4215679,Santa Terezinha,SC,42,-50.0155,-26.6618
4215687,Santa Terezinha do Progresso,SC,42,-53.1658,-26.6021
4215695,Santiago do Sul,SC,42,-52.6909,-26.6299
4215703,Santo Amaro da Imperatriz,SC,42,-48.8066,-27.741
4215752,São Bernardino,SC,42,-52.9829,-26.5067
4215802,São Bento do Sul,SC,42,-49.3647,-26.3082
4215901,São Bonifácio,SC,42,-48.9404,-27.9596
4216008,São Carlos,SC,42,-53.0335,-27.0317
4216057,São Cristóvão do Sul,SC,42,-50.3634,-27.2836
4216107,São Domingos,SC,42,-52.5524,-26.5407
4216206,São Francisco do Sul,SC,42,-48.6526,-26.2822
4216255,São João do Oeste,SC,42,-53.582,-27.093
4216305,São João Batista,SC,42,-48.8648,-27.3384
4216354,São João do Itaperiú,SC,42,-48.7996,-26.5892
4216404,São João do Sul,SC,42,-49.833,-29.1974
4216503,São Joaquim,SC,42,-50.0498,-28.3107
4216602,São José,SC,42,-48.6614,-27.5858
4216701,São José do Cedro,SC,42,-53.538,-26.4865
4216800,São José do Cerrito,SC,42,-50.6806,-27.6017
4216909,São Lourenço do Oeste,SC,42,-52.8541,-26.4722
4217006,São Ludgero,SC,42,-49.1706,-28.346
4217105,São Martinho,SC,42,-48.9752,-28.1135
4217154,São Miguel da Boa Vista,SC,42,-53.243,-26.6917
4217204,São Miguel do Oeste,SC,42,-53.5056,-26.73
4217253,São Pedro de Alcântara,SC,42,-48.8548,-27.5852
4217303,Saudades,SC,42,-53.0422,-26.8908
4217402,Schroeder,SC,42,-49.0629,-26.3598
4217501,Seara,SC,42,-52.3375,-27.1388
4217550,Serra Alta,SC,42,-53.0207,-26.7026
4217600,Siderópolis,SC,42,-49.5182,-28.5699
4217709,Sombrio,SC,42,-49.6591,-29.0697
4217758,Sul Brasil,SC,42,-52.9492,-26.6998
4217808,Taió,SC,42,-50.0849,-27.0843
4217907,Tangará,SC,42,-51.133,-27.152
4217956,Tigrinhos,SC,42,-53.1581,-26.6761
4218004,Tijucas,SC,42,-48.6851,-27.2645
4218103,Timbé do Sul,SC,42,-49.8769,-28.812
4218202,Timbó,SC,42,-49.268,-26.8112
4218251,Timbó Grande,SC,42,-50.638,-26.6432
4218301,Três Barras,SC,42,-50.2654,-26.1743
4218350,Treviso,SC,42,-49.5045,-28.5055
4218400,Treze de Maio,SC,42,-49.1265,-28.5545
4218509,Treze Tílias,SC,42,-51.446,-26.962
4218608,Trombudo Central,SC,42,-49.8135,-27.3189
4218707,Tubarão,SC,42,-49.0415,-28.4765
4218756,Tunápolis,SC,42,-53.6412,-26.9794
4218806,Turvo,SC,42,-49.6854,-28.9058
4218855,União do Oeste,SC,42,-52.8561,-26.7969
4218905,Urubici,SC,42,-49.5359,-28.0421
4218954,Urupema,SC,42,-49.915,-28.0365
4219002,Urussanga,SC,42,-49.3126,-28.4911
4219101,Vargeão,SC,42,-52.1277,-26.7977
4219150,Vargem,SC,42,-50.9581,-27.4731
4219176,Vargem Bonita,SC,42,-51.7421,-26.9331
4219200,Vidal Ramos,SC,42,-49.3367,-27.3854
4219309,Videira,SC,42,-51.1511,-26.9759
4219358,Vitor Meireles,SC,42,-49.8491,-26.82
4219408,Witmarsum,SC,42,-49.8396,-26.9413
4219507,Xanxerê,SC,42,-52.4037,-26.8737
4219606,Xavantina,SC,42,-52.3378,-27.0277
4219705,Xaxim,SC,42,-52.5273,-26.9712
4219853,Zortéa,SC,42,-51.5412,-27.4819
4220000,Balneário Rincão,SC,42,-49.2639,-28.8338
4300034,Aceguá,RS,43,-54.0869,-31.6738
4300059,Água Santa,RS,43,-52.0485,-28.2081
4300109,Agudo,RS,43,-53.233,-29.6327
4300208,Ajuricaba,RS,43,-53.7321,-28.2161
4300307,Alecrim,RS,43,-54.7773,-27.6424
4300406,Alegrete,RS,43,-55.8908,-29.705
4300455,Alegria,RS,43,-54.0692,-27.7997
4300471,Almirante Tamandaré do Sul,RS,43,-52.9173,-28.1302
4300505,Alpestre,RS,43,-53.0452,-27.2115
4300554,Alto Alegre,RS,43,-52.9911,-28.8043
4300570,Alto Feliz,RS,43,-51.3093,-29.3735
4300604,Alvorada,RS,43,-51.0392,-30.0035
4300638,Amaral Ferrador,RS,43,-52.2958,-30.8272
4300646,Ametista do Sul,RS,43,-53.1841,-27.3719
4300661,André da Rocha,RS,43,-51.5017,-28.5906
4300703,Anta Gorda,RS,43,-51.989,-28.9735
4300802,Antônio Prado,RS,43,-51.3024,-28.8859
4300851,Arambaré,RS,43,-51.572,-30.9301
4300877,Araricá,RS,43,-50.928,-29.6416
4300901,Aratiba,RS,43,-52.3091,-27.3788
4301008,Arroio do Meio,RS,43,-51.9537,-29.3595
4301057,Arroio do Sal,RS,43,-49.89,-29.5218
4301073,Arroio do Padre,RS,43,-52.4015,-31.4473
4301107,Arroio dos Ratos,RS,43,-51.7324,-30.1623
4301206,Arroio do Tigre,RS,43,-53.0653,-29.2586
4301305,Arroio Grande,RS,43,-52.8808,-32.1985
4301404,Arvorezinha,RS,43,-52.179,-28.8679
4301503,Augusto Pestana,RS,43,-54.0183,-28.5324
4301552,Áurea,RS,43,-52.0695,-27.7161
4301602,Bagé,RS,43,-54.0237,-31.2615
4301636,Balneário Pinhal,RS,43,-50.2883,-30.2179
4301651,Barão,RS,43,-51.5187,-29.3976
4301701,Barão de Cotegipe,RS,43,-52.4377,-27.5531
4301750,Barão do Triunfo,RS,43,-51.7971,-30.4071
4301800,Barracão,RS,43,-51.4446,-27.7269
4301859,Barra do Guarita,RS,43,-53.7596,-27.213
4301875,Barra do Quaraí,RS,43,-57.3484,-30.1614
4301909,Barra do Ribeiro,RS,43,-51.3412,-30.3766
4301925,Barra do Rio Azul,RS,43,-52.4056,-27.388
4301958,Barra Funda,RS,43,-53.0137,-27.9205
4302006,Barros Cassal,RS,43,-52.5993,-29.1209
4302055,Benjamin Constant do Sul,RS,43,-52.6581,-27.4826
4302105,Bento Gonçalves,RS,43,-51.5666,-29.1217
4302154,Boa Vista das Missões,RS,43,-53.3238,-27.6992
4302204,Boa Vista do Buricá,RS,43,-54.1004,-27.6772
4302220,Boa Vista do Cadeado,RS,43,-53.8286,-28.6332
4302238,Boa Vista do Incra,RS,43,-53.4529,-28.8649
4302253,Boa Vista do Sul,RS,43,-51.665,-29.3579
4302303,Bom Jesus,RS,43,-50.437,-28.5761
4302352,Bom Princípio,RS,43,-51.3611,-29.4679
4302378,Bom Progresso,RS,43,-53.8472,-27.5446
4302402,Bom Retiro do Sul,RS,43,-51.9232,-29.6348
4302451,Boqueirão do Leão,RS,43,-52.4194,-29.3047
4302501,Bossoroca,RS,43,-54.9932,-28.6532
4302584,Bozano,RS,43,-53.7585,-28.3479
4302600,Braga,RS,43,-53.7501,-27.5767
4302659,Brochier,RS,43,-51.6185,-29.5352
4302709,Butiá,RS,43,-51.9958,-30.1588
4302808,Caçapava do Sul,RS,43,-53.4469,-30.5957
4302907,Cacequi,RS,43,-54.8383,-29.9273
4303004,Cachoeira do Sul,RS,43,-52.9711,-30.2236
4303103,Cachoeirinha,RS,43,-51.0964,-29.9203
4303202,Cacique Doble,RS,43,-51.6825,-27.8098
4303301,Caibaté,RS,43,-54.6617,-28.3354
4303400,Caiçara,RS,43,-53.468,-27.2363
4303509,Camaquã,RS,43,-51.8284,-30.9156
4303558,Camargo,RS,43,-52.2336,-28.6218
4303608,Cambará do Sul,RS,43,-50.1573,-29.049
4303673,Campestre da Serra,RS,43,-51.1055,-28.738
4303707,Campina das Missões,RS,43,-54.827,-27.9686
4303806,Campinas do Sul,RS,43,-52.6521,-27.7281
4303905,Campo Bom,RS,43,-51.0511,-29.661
4304002,Campo Novo,RS,43,-53.8348,-27.6666
4304101,Campos Borges,RS,43,-53.0503,-28.905
4304200,Candelária,RS,43,-52.7837,-29.7071
4304309,Cândido Godói,RS,43,-54.7351,-27.9351
4304358,Candiota,RS,43,-53.7643,-31.5777
4304408,Canela,RS,43,-50.7768,-29.3447
4304507,Canguçu,RS,43,-52.6325,-31.1909
4304606,Canoas,RS,43,-51.172,-29.9191
4304614,Canudos do Vale,RS,43,-52.2378,-29.3303
4304622,Capão Bonito do Sul,RS,43,-51.3855,-28.1585
4304630,Capão da Canoa,RS,43,-50.01,-29.6879
4304655,Capão do Cipó,RS,43,-54.6054,-28.9431
4304663,Capão do Leão,RS,43,-52.5354,-31.8502
4304671,Capivari do Sul,RS,43,-50.5038,-30.1488
4304689,Capela de Santana,RS,43,-51.3566,-29.7055
4304697,Capitão,RS,43,-51.9742,-29.2781
4304705,Carazinho,RS,43,-52.8597,-28.2678
4304713,Caraá,RS,43,-50.3427,-29.7693
4304804,Carlos Barbosa,RS,43,-51.5015,-29.3187
4304853,Carlos Gomes,RS,43,-51.9337,-27.7137
4304903,Casca,RS,43,-51.9771,-28.5831
4304952,Caseiros,RS,43,-51.7531,-28.2407
4305009,Catuípe,RS,43,-54.0345,-28.1671
4305108,Caxias do Sul,RS,43,-51.0243,-29.0649
4305116,Centenário,RS,43,-52.0073,-27.7776
4305124,Cerrito,RS,43,-52.8025,-31.7386
4305132,Cerro Branco,RS,43,-53.0008,-29.6317
4305157,Cerro Grande,RS,43,-53.1482,-27.6288
4305173,Cerro Grande do Sul,RS,43,-51.7461,-30.5894
4305207,Cerro Largo,RS,43,-54.7309,-28.143
4305306,Chapada,RS,43,-53.1199,-28.0861
4305355,Charqueadas,RS,43,-51.5656,-30.0071
4305371,Charrua,RS,43,-51.992,-27.9487
4305405,Chiapetta,RS,43,-53.9109,-28.0053
4305439,Chuí,RS,43,-53.435,-33.6499
4305447,Chuvisca,RS,43,-51.9876,-30.762
4305454,Cidreira,RS,43,-50.2703,-30.1201
4305504,Ciríaco,RS,43,-51.9227,-28.3598
4305587,Colinas,RS,43,-51.8882,-29.3953
4305603,Colorado,RS,43,-52.9914,-28.4544
4305702,Condor,RS,43,-53.5004,-28.1691
4305801,Constantina,RS,43,-52.9961,-27.6809
4305835,Coqueiro Baixo,RS,43,-52.1268,-29.1738
4305850,Coqueiros do Sul,RS,43,-52.7769,-28.1327
4305871,Coronel Barros,RS,43,-54.0723,-28.4147
4305900,Coronel Bicaco,RS,43,-53.6617,-27.7769
4305934,Coronel Pilar,RS,43,-51.7201,-29.272
4305959,Cotiporã,RS,43,-51.6934,-29.0128
4305975,Coxilha,RS,43,-52.3397,-28.1117
4306007,Crissiumal,RS,43,-54.1521,-27.4922
4306056,Cristal,RS,43,-52.0254,-31.0127
4306072,Cristal do Sul,RS,43,-53.2506,-27.4231
4306106,Cruz Alta,RS,43,-53.5549,-28.7112
4306130,Cruzaltense,RS,43,-52.6506,-27.6334
4306205,Cruzeiro do Sul,RS,43,-52.0227,-29.5587
4306304,David Canabarro,RS,43,-51.8138,-28.4226
4306320,Derrubadas,RS,43,-53.8982,-27.2278
4306353,Dezesseis de Novembro,RS,43,-55.089,-28.1888
4306379,Dilermando de Aguiar,RS,43,-54.1624,-29.8414
4306403,Dois Irmãos,RS,43,-51.0812,-29.6105
4306429,Dois Irmãos das Missões,RS,43,-53.4893,-27.6706
4306452,Dois Lajeados,RS,43,-51.8383,-28.9784
4306502,Dom Feliciano,RS,43,-52.1886,-30.6216
4306551,Dom Pedro de Alcântara,RS,43,-49.8535,-29.3698
4306601,Dom Pedrito,RS,43,-54.6161,-31.0238
4306700,Dona Francisca,RS,43,-53.3449,-29.5619
4306734,Doutor Maurício Cardoso,RS,43,-54.3512,-27.4846
4306759,Doutor Ricardo,RS,43,-51.9712,-29.0859
4306767,Eldorado do Sul,RS,43,-51.4963,-30.0864
4306809,Encantado,RS,43,-51.9349,-29.2128
4306908,Encruzilhada do Sul,RS,43,-52.6556,-30.6038
4306924,Engenho Velho,RS,43,-52.9128,-27.6847
4306932,Entre-Ijuís,RS,43,-54.2948,-28.4649
4306957,Entre Rios do Sul,RS,43,-52.7277,-27.5131
4306973,Erebango,RS,43,-52.3222,-27.8253
4307005,Erechim,RS,43,-52.2568,-27.6486
4307054,Ernestina,RS,43,-52.5538,-28.4344
4307104,Herval,RS,43,-53.355,-32.0125
4307203,Erval Grande,RS,43,-52.5837,-27.3633
4307302,Erval Seco,RS,43,-53.5226,-27.5035
4307401,Esmeralda,RS,43,-51.175,-28.0163
4307450,Esperança do Sul,RS,43,-54.022,-27.3218
4307500,Espumoso,RS,43,-52.8705,-28.8249
4307559,Estação,RS,43,-52.2948,-27.9293
4307609,Estância Velha,RS,43,-51.1784,-29.6529
4307708,Esteio,RS,43,-51.149,-29.8555
4307807,Estrela,RS,43,-51.9323,-29.4937
4307815,Estrela Velha,RS,43,-53.1762,-29.2343
4307831,Eugênio de Castro,RS,43,-54.2701,-28.5777
4307864,Fagundes Varela,RS,43,-51.7212,-28.8887
4307906,Farroupilha,RS,43,-51.3691,-29.2025
4308003,Faxinal do Soturno,RS,43,-53.4547,-29.5543
4308052,Faxinalzinho,RS,43,-52.673,-27.3785
4308078,Fazenda Vilanova,RS,43,-51.8459,-29.5921
4308102,Feliz,RS,43,-51.2833,-29.4561
4308201,Flores da Cunha,RS,43,-51.2474,-29.0338
4308250,Floriano Peixoto,RS,43,-52.0466,-27.8525
4308300,Fontoura Xavier,RS,43,-52.3482,-29.0259
4308409,Formigueiro,RS,43,-53.4738,-29.9757
4308433,Forquetinha,RS,43,-52.1386,-29.3854
4308458,Fortaleza dos Valos,RS,43,-53.3076,-28.9242
4308508,Frederico Westphalen,RS,43,-53.3601,-27.3303
4308607,Garibaldi,RS,43,-51.5965,-29.2499
4308656,Garruchos,RS,43,-55.5455,-28.2468
4308706,Gaurama,RS,43,-52.1086,-27.584
4308805,General Câmara,RS,43,-51.8971,-29.8547
4308854,Gentil,RS,43,-52.0483,-28.3713
4308904,Getúlio Vargas,RS,43,-52.1719,-27.862
4309001,Giruá,RS,43,-54.3192,-28.0193
4309050,Glorinha,RS,43,-50.7661,-29.8753
4309100,Gramado,RS,43,-50.9036,-29.3804
4309126,Gramado dos Loureiros,RS,43,-52.9134,-27.458
4309159,Gramado Xavier,RS,43,-52.604,-29.2908
4309209,Gravataí,RS,43,-50.9259,-29.9025
4309258,Guabiju,RS,43,-51.6542,-28.5781
4309308,Guaíba,RS,43,-51.4374,-30.1812
4309407,Guaporé,RS,43,-51.9061,-28.8663
4309506,Guarani das Missões,RS,43,-54.5779,-28.1915
4309555,Harmonia,RS,43,-51.4222,-29.5405
4309571,Herveiras,RS,43,-52.6685,-29.4562
4309605,Horizontina,RS,43,-54.3009,-27.5759
4309654,Hulha Negra,RS,43,-53.8958,-31.4834
4309704,Humaitá,RS,43,-53.9929,-27.5907
4309753,Ibarama,RS,43,-53.1803,-29.4156
4309803,Ibiaçá,RS,43,-51.7841,-28.0985
4309902,Ibiraiaras,RS,43,-51.6389,-28.3794
4309951,Ibirapuitã,RS,43,-52.4604,-28.6212
4310009,Ibirubá,RS,43,-53.2094,-28.5765
4310108,Igrejinha,RS,43,-50.7965,-29.5554
4310207,Ijuí,RS,43,-53.8927,-28.2872
4310306,Ilópolis,RS,43,-52.138,-28.9312
4310330,Imbé,RS,43,-50.1259,-29.9416
4310363,Imigrante,RS,43,-51.7581,-29.3397
4310405,Independência,RS,43,-54.1959,-27.8915
4310413,Inhacorá,RS,43,-54.0451,-27.9201
4310439,Ipê,RS,43,-51.2822,-28.7347
4310462,Ipiranga do Sul,RS,43,-52.4087,-27.9253
4310504,Iraí,RS,43,-53.2479,-27.256
4310538,Itaara,RS,43,-53.7511,-29.5603
4310553,Itacurubi,RS,43,-55.2697,-28.792
4310579,Itapuca,RS,43,-52.1976,-28.7651
4310603,Itaqui,RS,43,-56.1452,-29.2152
4310652,Itati,RS,43,-50.1537,-29.4466
4310702,Itatiba do Sul,RS,43,-52.4793,-27.36
4310751,Ivorá,RS,43,-53.5735,-29.5202
4310801,Ivoti,RS,43,-51.1499,-29.5822
4310850,Jaboticaba,RS,43,-53.2695,-27.6272
4310876,Jacuizinho,RS,43,-53.0233,-29.0544
4310900,Jacutinga,RS,43,-52.556,-27.7903
4311007,Jaguarão,RS,43,-53.3221,-32.4134
4311106,Jaguari,RS,43,-54.6387,-29.4654
4311122,Jaquirana,RS,43,-50.3691,-28.9485
4311130,Jari,RS,43,-54.2871,-29.2987
4311155,Jóia,RS,43,-54.1388,-28.7628
4311205,Júlio de Castilhos,RS,43,-53.6105,-29.2828
4311239,Lagoa Bonita do Sul,RS,43,-53.0314,-29.5043
4311254,Lagoão,RS,43,-52.7821,-29.2275
4311270,Lagoa dos Três Cantos,RS,43,-52.8449,-28.5665
4311304,Lagoa Vermelha,RS,43,-51.4971,-28.2105
4311403,Lajeado,RS,43,-52.017,-29.4381
4311429,Lajeado do Bugre,RS,43,-53.2148,-27.7054
4311502,Lavras do Sul,RS,43,-54.1453,-30.7447
4311601,Liberato Salzano,RS,43,-53.0531,-27.5567
4311627,Lindolfo Collor,RS,43,-51.2185,-29.5836
4311643,Linha Nova,RS,43,-51.2283,-29.4707
4311700,Machadinho,RS,43,-51.6732,-27.5781
4311718,Maçambará,RS,43,-55.6589,-29.0688
4311734,Mampituba,RS,43,-49.9955,-29.2702
4311759,Manoel Viana,RS,43,-55.5613,-29.4295
4311775,Maquiné,RS,43,-50.2125,-29.6319
4311791,Maratá,RS,43,-51.56,-29.5549
4311809,Marau,RS,43,-52.2788,-28.4702
4311908,Marcelino Ramos,RS,43,-51.9528,-27.4639
4311981,Mariana Pimentel,RS,43,-51.5771,-30.3121
4312005,Mariano Moro,RS,43,-52.1727,-27.3465
4312054,Marques de Souza,RS,43,-52.1506,-29.287
4312104,Mata,RS,43,-54.4752,-29.5455
4312138,Mato Castelhano,RS,43,-52.1859,-28.2727
4312153,Mato Leitão,RS,43,-52.1415,-29.5147
4312179,Mato Queimado,RS,43,-54.6552,-28.242
4312203,Maximiliano de Almeida,RS,43,-51.8219,-27.6066
4312252,Minas do Leão,RS,43,-52.0745,-30.044
4312302,Miraguaí,RS,43,-53.7492,-27.4971
4312351,Montauri,RS,43,-52.0655,-28.6574
4312377,Monte Alegre dos Campos,RS,43,-50.8105,-28.7142
4312385,Monte Belo do Sul,RS,43,-51.6629,-29.1319
4312401,Montenegro,RS,43,-51.4981,-29.7034
4312427,Mormaço,RS,43,-52.6651,-28.6926
4312443,Morrinhos do Sul,RS,43,-49.9588,-29.3454
4312450,Morro Redondo,RS,43,-52.6423,-31.6397
4312476,Morro Reuter,RS,43,-51.0417,-29.5279
4312500,Mostardas,RS,43,-50.8485,-30.9342
4312609,Muçum,RS,43,-51.828,-29.1363
4312617,Muitos Capões,RS,43,-51.2467,-28.407
4312625,Muliterno,RS,43,-51.7919,-28.3115
4312658,Não-Me-Toque,RS,43,-52.8281,-28.464
4312674,Nicolau Vergueiro,RS,43,-52.4693,-28.5191
4312708,Nonoai,RS,43,-52.8675,-27.3646
4312757,Nova Alvorada,RS,43,-52.1804,-28.7027
4312807,Nova Araçá,RS,43,-51.7701,-28.6519
4312906,Nova Bassano,RS,43,-51.7735,-28.7359
4312955,Nova Boa Vista,RS,43,-52.9779,-28.0039
4313003,Nova Bréscia,RS,43,-52.0243,-29.2225
4313011,Nova Candelária,RS,43,-54.1145,-27.6057
4313037,Nova Esperança do Sul,RS,43,-54.8311,-29.3915
4313060,Nova Hartz,RS,43,-50.9015,-29.5903
4313086,Nova Pádua,RS,43,-51.3195,-28.9968
4313102,Nova Palma,RS,43,-53.3928,-29.4369
4313201,Nova Petrópolis,RS,43,-51.0965,-29.376
4313300,Nova Prata,RS,43,-51.622,-28.7431
4313334,Nova Ramada,RS,43,-53.7011,-28.0753
4313359,Nova Roma do Sul,RS,43,-51.4041,-29.0022
4313375,Nova Santa Rita,RS,43,-51.2883,-29.8498
4313391,Novo Cabrais,RS,43,-52.9871,-29.7747
4313409,Novo Hamburgo,RS,43,-51.0812,-29.7134
4313425,Novo Machado,RS,43,-54.5346,-27.5403
4313441,Novo Tiradentes,RS,43,-53.1677,-27.5617
4313466,Novo Xingu,RS,43,-53.0533,-27.7402
4313490,Novo Barreiro,RS,43,-53.1183,-27.9044
4313508,Osório,RS,43,-50.2502,-29.9093
4313607,Paim Filho,RS,43,-51.7639,-27.7369
4313656,Palmares do Sul,RS,43,-50.5116,-30.3418
4313706,Palmeira das Missões,RS,43,-53.3667,-27.9406
4313805,Palmitinho,RS,43,-53.5882,-27.3272
4313904,Panambi,RS,43,-53.558,-28.3289
4313953,Pantano Grande,RS,43,-52.3349,-30.2715
4314001,Paraí,RS,43,-51.7877,-28.5956
4314027,Paraíso do Sul,RS,43,-53.1323,-29.7054
4314035,Pareci Novo,RS,43,-51.4173,-29.6238
4314050,Parobé,RS,43,-50.8611,-29.6566
4314068,Passa Sete,RS,43,-52.8721,-29.4346
4314076,Passo do Sobrado,RS,43,-52.2361,-29.7574
4314100,Passo Fundo,RS,43,-52.4479,-28.289
4314134,Paulo Bento,RS,43,-52.404,-27.715
4314159,Paverama,RS,43,-51.7263,-29.5744
4314175,Pedras Altas,RS,43,-53.7263,-31.8485
4314209,Pedro Osório,RS,43,-52.8937,-31.9489
4314308,Pejuçara,RS,43,-53.5873,-28.4566
4314407,Pelotas,RS,43,-52.3022,-31.5709
4314423,Picada Café,RS,43,-51.1014,-29.4567
4314456,Pinhal,RS,43,-53.2325,-27.5212
4314464,Pinhal da Serra,RS,43,-51.2253,-27.8451
4314472,Pinhal Grande,RS,43,-53.3337,-29.2819
4314498,Pinheirinho do Vale,RS,43,-53.6436,-27.2124
4314506,Pinheiro Machado,RS,43,-53.3943,-31.3732
4314548,Pinto Bandeira,RS,43,-51.4559,-29.0895
4314555,Pirapó,RS,43,-55.2262,-28.0674
4314605,Piratini,RS,43,-53.0782,-31.4301
4314704,Planalto,RS,43,-53.0871,-27.3426
4314753,Poço das Antas,RS,43,-51.631,-29.4377
4314779,Pontão,RS,43,-52.6391,-28.0407
4314787,Ponte Preta,RS,43,-52.5035,-27.6534
4314803,Portão,RS,43,-51.2495,-29.6994
4314902,Porto Alegre,RS,43,-51.1605,-30.0848
4315008,Porto Lucena,RS,43,-54.9473,-27.8471
4315057,Porto Mauá,RS,43,-54.6602,-27.5912
4315073,Porto Vera Cruz,RS,43,-54.9074,-27.7589
4315107,Porto Xavier,RS,43,-55.1507,-27.9246
4315131,Pouso Novo,RS,43,-52.2178,-29.1639
4315149,Presidente Lucena,RS,43,-51.168,-29.5321
4315156,Progresso,RS,43,-52.31,-29.2215
4315172,Protásio Alves,RS,43,-51.4954,-28.738
4315206,Putinga,RS,43,-52.1485,-29.0323
4315305,Quaraí,RS,43,-56.1611,-30.2745
4315313,Quatro Irmãos,RS,43,-52.4514,-27.8295
4315321,Quevedos,RS,43,-54.0791,-29.3118
4315354,Quinze de Novembro,RS,43,-53.1276,-28.7613
4315404,Redentora,RS,43,-53.6456,-27.565
4315453,Relvado,RS,43,-52.0634,-29.1275
4315503,Restinga Sêca,RS,43,-53.3237,-29.8122
4315552,Rio dos Índios,RS,43,-52.8955,-27.2493
4315602,Rio Grande,RS,43,-52.3198,-32.0879
4315701,Rio Pardo,RS,43,-52.4221,-30.0535
4315750,Riozinho,RS,43,-50.3974,-29.6246
4315800,Roca Sales,RS,43,-51.8353,-29.2636
4315909,Rodeio Bonito,RS,43,-53.1778,-27.4654
4315958,Rolador,RS,43,-54.8493,-28.2466
4316006,Rolante,RS,43,-50.5267,-29.6233
4316105,Ronda Alta,RS,43,-52.7477,-27.8189
4316204,Rondinha,RS,43,-52.8721,-27.8266
4316303,Roque Gonzales,RS,43,-55.1122,-28.059
4316402,Rosário do Sul,RS,43,-55.1167,-30.3286
4316428,Sagrada Família,RS,43,-53.135,-27.7048
4316436,Saldanha Marinho,RS,43,-53.0856,-28.3774
4316451,Salto do Jacuí,RS,43,-53.2204,-29.0833
4316477,Salvador das Missões,RS,43,-54.8357,-28.0804
4316501,Salvador do Sul,RS,43,-51.5573,-29.4513
4316600,Sananduva,RS,43,-51.805,-27.9475
4316709,Santa Bárbara do Sul,RS,43,-53.2818,-28.3987
4316733,Santa Cecília do Sul,RS,43,-51.8999,-28.1908
4316758,Santa Clara do Sul,RS,43,-52.1154,-29.455
4316808,Santa Cruz do Sul,RS,43,-52.4129,-29.6501
4316907,Santa Maria,RS,43,-53.8266,-29.7623
4316956,Santa Maria do Herval,RS,43,-50.9769,-29.4701
4316972,Santa Margarida do Sul,RS,43,-54.0668,-30.3987
4317004,Santana da Boa Vista,RS,43,-53.1955,-30.784
4317103,Sant'Ana do Livramento,RS,43,-55.5477,-30.7514
4317202,Santa Rosa,RS,43,-54.4995,-27.8455
4317251,Santa Tereza,RS,43,-51.7,-29.1612
4317301,Santa Vitória do Palmar,RS,43,-53.132,-33.1935
4317400,Santiago,RS,43,-54.7658,-29.1403
4317509,Santo Ângelo,RS,43,-54.3183,-28.2563
4317558,Santo Antônio do Palma,RS,43,-51.9937,-28.4969
4317608,Santo Antônio da Patrulha,RS,43,-50.5747,-29.8493
4317707,Santo Antônio das Missões,RS,43,-55.4283,-28.4796
4317756,Santo Antônio do Planalto,RS,43,-52.6844,-28.36
4317806,Santo Augusto,RS,43,-53.7438,-27.9126
4317905,Santo Cristo,RS,43,-54.7251,-27.7787
4317954,Santo Expedito do Sul,RS,43,-51.6586,-27.9196
4318002,São Borja,RS,43,-55.7743,-28.7242
4318051,São Domingos do Sul,RS,43,-51.8767,-28.5339
4318101,São Francisco de Assis,RS,43,-55.1526,-29.4322
4318200,São Francisco de Paula,RS,43,-50.51,-29.2028
4318309,São Gabriel,RS,43,-54.3363,-30.3334
4318408,São Jerônimo,RS,43,-51.8928,-30.254
4318424,São João da Urtiga,RS,43,-51.8301,-27.79
4318432,São João do Polêsine,RS,43,-53.4536,-29.6309
4318440,São Jorge,RS,43,-51.7273,-28.5016
4318457,São José das Missões,RS,43,-53.1324,-27.7905
4318465,São José do Herval,RS,43,-52.2742,-29.0763
4318481,São José do Hortêncio,RS,43,-51.2536,-29.5345
4318499,São José do Inhacorá,RS,43,-54.1247,-27.7386
4318507,São José do Norte,RS,43,-51.7114,-31.773
4318606,São José do Ouro,RS,43,-51.559,-27.7642
4318614,São José do Sul,RS,43,-51.4768,-29.5438
4318622,São José dos Ausentes,RS,43,-49.9634,-28.6658
4318705,São Leopoldo,RS,43,-51.1538,-29.737
4318804,São Lourenço do Sul,RS,43,-52.085,-31.2053
4318903,São Luiz Gonzaga,RS,43,-54.8765,-28.4016
4319000,São Marcos,RS,43,-51.0898,-28.9595
4319109,São Martinho,RS,43,-53.9647,-27.7332
4319125,São Martinho da Serra,RS,43,-53.9,-29.4764
4319158,São Miguel das Missões,RS,43,-54.5225,-28.6807
4319208,São Nicolau,RS,43,-55.239,-28.2144
4319307,São Paulo das Missões,RS,43,-54.9766,-27.9811
4319356,São Pedro da Serra,RS,43,-51.5161,-29.4183
4319364,São Pedro das Missões,RS,43,-53.2394,-27.765
4319372,São Pedro do Butiá,RS,43,-54.8885,-28.131
4319406,São Pedro do Sul,RS,43,-54.2548,-29.6065
4319505,São Sebastião do Caí,RS,43,-51.3374,-29.5936
4319604,São Sepé,RS,43,-53.6137,-30.1801
4319703,São Valentim,RS,43,-52.5583,-27.5313
4319711,São Valentim do Sul,RS,43,-51.757,-29.0612
4319737,São Valério do Sul,RS,43,-53.9196,-27.8122
4319752,São Vendelino,RS,43,-51.3644,-29.3792
4319802,São Vicente do Sul,RS,43,-54.8008,-29.7034
4319901,Sapiranga,RS,43,-50.9955,-29.6252
4320008,Sapucaia do Sul,RS,43,-51.134,-29.8266
4320107,Sarandi,RS,43,-52.9184,-27.9304
4320206,Seberi,RS,43,-53.3621,-27.5006
4320230,Sede Nova,RS,43,-53.96,-27.6405
4320263,Segredo,RS,43,-52.9284,-29.3005
4320305,Selbach,RS,43,-52.9757,-28.6724
4320321,Senador Salgado Filho,RS,43,-54.5254,-28.0229
4320354,Sentinela do Sul,RS,43,-51.6175,-30.6256
4320404,Serafina Corrêa,RS,43,-51.9614,-28.6789
4320453,Sério,RS,43,-52.243,-29.3998
4320503,Sertão,RS,43,-52.3146,-28.0014
4320552,Sertão Santana,RS,43,-51.654,-30.4774
4320578,Sete de Setembro,RS,43,-54.4712,-28.1398
4320602,Severiano de Almeida,RS,43,-52.0918,-27.4078
4320651,Silveira Martins,RS,43,-53.5586,-29.6394
4320677,Sinimbu,RS,43,-52.5793,-29.4383
4320701,Sobradinho,RS,43,-53.0134,-29.4055
4320800,Soledade,RS,43,-52.5206,-28.8282
4320859,Tabaí,RS,43,-51.7381,-29.667
4320909,Tapejara,RS,43,-52.0124,-28.0611
4321006,Tapera,RS,43,-52.8477,-28.6672
4321105,Tapes,RS,43,-51.421,-30.6853
4321204,Taquara,RS,43,-50.7748,-29.6718
4321303,Taquari,RS,43,-51.8248,-29.7383
4321329,Taquaruçu do Sul,RS,43,-53.4956,-27.4057
4321352,Tavares,RS,43,-51.0864,-31.2588
4321402,Tenente Portela,RS,43,-53.7527,-27.362
4321436,Terra de Areia,RS,43,-50.0405,-29.5965
4321451,Teutônia,RS,43,-51.7556,-29.4629
4321469,Tio Hugo,RS,43,-52.5935,-28.5722
4321477,Tiradentes do Sul,RS,43,-54.1144,-27.3666
4321493,Toropi,RS,43,-54.3015,-29.4611
4321501,Torres,RS,43,-49.826,-29.3243
4321600,Tramandaí,RS,43,-50.2238,-30.0364
4321626,Travesseiro,RS,43,-52.0919,-29.2789
4321634,Três Arroios,RS,43,-52.1785,-27.4968
4321667,Três Cachoeiras,RS,43,-49.9702,-29.464
4321709,Três Coroas,RS,43,-50.7924,-29.4805
4321808,Três de Maio,RS,43,-54.2504,-27.7324
4321832,Três Forquilhas,RS,43,-50.0741,-29.4316
4321857,Três Palmeiras,RS,43,-52.8283,-27.6132
4321907,Três Passos,RS,43,-53.9269,-27.443
4321956,Trindade do Sul,RS,43,-52.9035,-27.5209
4322004,Triunfo,RS,43,-51.5334,-29.8485
4322103,Tucunduva,RS,43,-54.4315,-27.6321
4322152,Tunas,RS,43,-52.886,-29.1115
4322186,Tupanci do Sul,RS,43,-51.5292,-27.9318
4322202,Tupanciretã,RS,43,-54.013,-29.0137
4322251,Tupandi,RS,43,-51.43,-29.4716
4322301,Tuparendi,RS,43,-54.5656,-27.6962
4322327,Turuçu,RS,43,-52.1523,-31.4835
4322343,Ubiretama,RS,43,-54.6551,-28.0305
4322350,União da Serra,RS,43,-52.0241,-28.7846
4322376,Unistalda,RS,43,-55.1941,-29.0674
4322400,Uruguaiana,RS,43,-56.7032,-29.8602
4322509,Vacaria,RS,43,-50.9322,-28.3688
4322525,Vale Verde,RS,43,-52.1095,-29.8318
4322533,Vale do Sol,RS,43,-52.6834,-29.6017
4322541,Vale Real,RS,43,-51.2549,-29.3584
4322558,Vanini,RS,43,-51.8449,-28.4902
4322608,Venâncio Aires,RS,43,-52.1856,-29.566
4322707,Vera Cruz,RS,43,-52.5408,-29.7403
4322806,Veranópolis,RS,43,-51.563,-28.963
4322855,Vespasiano Corrêa,RS,43,-51.863,-29.0771
4322905,Viadutos,RS,43,-51.9939,-27.5744
4323002,Viamão,RS,43,-50.8897,-30.1691
4323101,Vicente Dutra,RS,43,-53.393,-27.1701
4323200,Victor Graeff,RS,43,-52.688,-28.5486
4323309,Vila Flores,RS,43,-51.548,-28.8617
4323358,Vila Lângaro,RS,43,-52.1405,-28.128
4323408,Vila Maria,RS,43,-52.1496,-28.5713
4323457,Vila Nova do Sul,RS,43,-53.8786,-30.3443
4323507,Vista Alegre,RS,43,-53.5198,-27.3172
4323606,Vista Alegre do Prata,RS,43,-51.7721,-28.8217
4323705,Vista Gaúcha,RS,43,-53.7058,-27.2661
4323754,Vitória das Missões,RS,43,-54.4851,-28.3569
4323770,Westfália,RS,43,-51.7393,-29.4007
4323804,Xangri-lá,RS,43,-50.0735,-29.8043
5000203,Água Clara,MS,50,-52.8466,-20.0354
5000252,Alcinópolis,MS,50,-53.7127,-18.2024
5000609,Amambai,MS,50,-54.937,-23.155
5000708,Anastácio,MS,50,-55.7285,-20.7593
5000807,Anaurilândia,MS,50,-52.8139,-22.1372
5000856,Angélica,MS,50,-53.8782,-22.0555
5000906,Antônio João,MS,50,-55.9597,-22.2041
5001003,Aparecida do Taboado,MS,50,-51.2846,-20.0352
5001102,Aquidauana,MS,50,-55.7891,-19.8195
5001243,Aral Moreira,MS,50,-55.4125,-22.9469
5001508,Bandeirantes,MS,50,-54.3279,-19.808
5001904,Bataguassu,MS,50,-52.5852,-21.8104
5002001,Batayporã,MS,50,-53.1556,-22.4054
5002100,Bela Vista,MS,50,-56.5444,-21.9774
5002159,Bodoquena,MS,50,-56.727,-20.4916
5002209,Bonito,MS,50,-56.4217,-21.0043
5002308,Brasilândia,MS,50,-52.4443,-21.0728
5002407,Caarapó,MS,50,-54.7896,-22.608
5002605,Camapuã,MS,50,-53.861,-19.3474
5002704,Campo Grande,MS,50,-54.2901,-20.8638
5002803,Caracol,MS,50,-57.1044,-21.9408
5002902,Cassilândia,MS,50,-52.1,-19.1119
5002951,Chapadão do Sul,MS,50,-52.6989,-19.0237
5003108,Corguinho,MS,50,-55.0289,-19.7923
5003157,Coronel Sapucaia,MS,50,-55.4118,-23.3297
5003207,Corumbá,MS,50,-57.0483,-18.9451
5003256,Costa Rica,MS,50,-53.1982,-18.4731
5003306,Coxim,MS,50,-54.6662,-18.2361
5003454,Deodápolis,MS,50,-54.1671,-22.1136
5003488,Dois Irmãos do Buriti,MS,50,-55.361,-20.5618
5003504,Douradina,MS,50,-54.603,-22.0209
5003702,Dourados,MS,50,-54.851,-22.1396
5003751,Eldorado,MS,50,-54.2203,-23.7496
5003801,Fátima do Sul,MS,50,-54.4617,-22.3418
5003900,Figueirão,MS,50,-53.8748,-18.7455
5004007,Glória de Dourados,MS,50,-54.1703,-22.4281
5004106,Guia Lopes da Laguna,MS,50,-55.9998,-21.5554
5004304,Iguatemi,MS,50,-54.5413,-23.4046
5004403,Inocência,MS,50,-52.0355,-19.6419
5004502,Itaporã,MS,50,-54.8588,-21.98
5004601,Itaquiraí,MS,50,-54.1148,-23.3609
5004700,Ivinhema,MS,50,-53.784,-22.3609
5004809,Japorã,MS,50,-54.5019,-23.819
5004908,Jaraguari,MS,50,-54.3526,-20.2028
5005004,Jardim,MS,50,-56.3484,-21.5973
5005103,Jateí,MS,50,-53.8789,-22.7346
5005152,Juti,MS,50,-54.4843,-22.7866
5005202,Ladário,MS,50,-57.5642,-19.1037
5005251,Laguna Carapã,MS,50,-55.0788,-22.6902
5005400,Maracaju,MS,50,-55.3846,-21.4725
5005608,Miranda,MS,50,-56.5497,-20.1734
5005681,Mundo Novo,MS,50,-54.2736,-23.9318
5005707,Naviraí,MS,50,-53.9998,-23.0954
5005806,Nioaque,MS,50,-55.8697,-21.0907
5006002,Nova Alvorada do Sul,MS,50,-54.2022,-21.5069
5006200,Nova Andradina,MS,50,-53.4609,-21.9222
5006259,Novo Horizonte do Sul,MS,50,-53.756,-22.6019
5006275,Paraíso das Águas,MS,50,-53.103,-19.2156
5006309,Paranaíba,MS,50,-51.3832,-19.504
5006358,Paranhos,MS,50,-55.3496,-23.7337
5006408,Pedro Gomes,MS,50,-54.2705,-17.8656
5006606,Ponta Porã,MS,50,-55.6255,-22.1605
5006903,Porto Murtinho,MS,50,-57.4174,-21.2064
5007109,Ribas do Rio Pardo,MS,50,-53.5546,-20.6541
5007208,Rio Brilhante,MS,50,-54.5051,-21.7093
5007307,Rio Negro,MS,50,-54.9756,-19.4652
5007406,Rio Verde de Mato Grosso,MS,50,-54.9134,-18.8667
5007505,Rochedo,MS,50,-54.7322,-19.9826
5007554,Santa Rita do Pardo,MS,50,-52.7077,-21.3393
5007695,São Gabriel do Oeste,MS,50,-54.4839,-19.1558
5007703,Sete Quedas,MS,50,-54.9997,-23.8754
5007802,Selvíria,MS,50,-51.7617,-20.2892
5007901,Sidrolândia,MS,50,-54.959,-21.0692
5007935,Sonora,MS,50,-54.3955,-17.6591
5007950,Tacuru,MS,50,-55.0069,-23.6416
5007976,Taquarussu,MS,50,-53.4706,-22.722
5008008,Terenos,MS,50,-55.0719,-20.4496
5008305,Três Lagoas,MS,50,-52.1824,-20.4354
5008404,Vicentina,MS,50,-54.4371,-22.4967
5100102,Acorizal,MT,51,-56.3158,-15.1568
5100201,Água Boa,MT,51,-52.4247,-14.1012
5100250,Alta Floresta,MT,51,-56.3588,-10.1129
5100300,Alto Araguaia,MT,51,-53.4297,-17.4696
5100359,Alto Boa Vista,MT,51,-51.714,-11.8084
5100409,Alto Garças,MT,51,-53.5769,-16.7981
5100508,Alto Paraguai,MT,51,-56.6566,-14.7371
5100607,Alto Taquari,MT,51,-53.3056,-17.8306
5100805,Apiacás,MT,51,-57.8128,-8.7867
5101001,Araguaiana,MT,51,-51.7766,-15.1144
5101209,Araguainha,MT,51,-53.109,-16.7652
5101258,Araputanga,MT,51,-58.4731,-15.2233
5101308,Arenápolis,MT,51,-56.8667,-14.4994
5101407,Aripuanã,MT,51,-59.8293,-10.1769
5101605,Barão de Melgaço,MT,51,-56.199,-16.8886
5101704,Barra do Bugres,MT,51,-57.4445,-15.0823
5101803,Barra do Garças,MT,51,-52.4546,-15.3428
5101852,Bom Jesus do Araguaia,MT,51,-51.7093,-12.2369
5101902,Brasnorte,MT,51,-58.091,-12.0605
5102504,Cáceres,MT,51,-57.828,-16.4894
5102603,Campinápolis,MT,51,-53.129,-14.3348
5102637,Campo Novo do Parecis,MT,51,-57.9148,-13.6033
5102678,Campo Verde,MT,51,-54.9813,-15.418
5102686,Campos de Júlio,MT,51,-59.1776,-13.5484
5102694,Canabrava do Norte,MT,51,-51.8196,-11.1644
5102702,Canarana,MT,51,-52.3105,-13.2427
5102793,Carlinda,MT,51,-55.9015,-10.1366
5102850,Castanheira,MT,51,-58.6051,-10.9231
5103007,Chapada dos Guimarães,MT,51,-55.5794,-15.0861
5103056,Cláudia,MT,51,-55.0663,-11.4407
5103106,Cocalinho,MT,51,-51.1272,-13.7942
5103205,Colíder,MT,51,-55.4809,-10.5872
5103254,Colniza,MT,51,-60.1762,-9.5411
5103304,Comodoro,MT,51,-59.7373,-13.2203
5103353,Confresa,MT,51,-51.701,-10.3523
5103361,Conquista D'Oeste,MT,51,-59.3055,-14.5879
5103379,Cotriguaçu,MT,51,-58.7477,-9.4259
5103403,Cuiabá,MT,51,-55.7967,-15.5636
5103437,Curvelândia,MT,51,-57.8738,-15.6187
5103452,Denise,MT,51,-56.9548,-14.7146
5103502,Diamantino,MT,51,-56.8519,-14.0985
5103601,Dom Aquino,MT,51,-54.8013,-15.6736
5103700,Feliz Natal,MT,51,-54.1879,-11.8894
5103809,Figueirópolis D'Oeste,MT,51,-58.7111,-15.5212
5103858,Gaúcha do Norte,MT,51,-53.4706,-13.0523
5103908,General Carneiro,MT,51,-53.3081,-15.5239
5103957,Glória D'Oeste,MT,51,-58.319,-15.8443
5104104,Guarantã do Norte,MT,51,-54.578,-9.8268
5104203,Guiratinga,MT,51,-53.6046,-16.3734
5104500,Indiavaí,MT,51,-58.5924,-15.3206
5104526,Ipiranga do Norte,MT,51,-56.0184,-11.9682
5104542,Itanhangá,MT,51,-56.7359,-12.1429
5104559,Itaúba,MT,51,-55.538,-11.1147
5104609,Itiquira,MT,51,-54.5905,-17.3423
5104807,Jaciara,MT,51,-55.1911,-15.9789
5104906,Jangada,MT,51,-56.5827,-15.3495
5105002,Jauru,MT,51,-58.8759,-15.3153
5105101,Juara,MT,51,-57.5851,-11.1223
5105150,Juína,MT,51,-59.3917,-11.4103
5105176,Juruena,MT,51,-58.6299,-10.4688
5105200,Juscimeira,MT,51,-54.8512,-16.1781
5105234,Lambari D'Oeste,MT,51,-57.8095,-15.4244
5105259,Lucas do Rio Verde,MT,51,-56.2084,-13.0471
5105309,Luciara,MT,51,-50.9627,-10.9259
5105507,Vila Bela da Santíssima Trindade,MT,51,-59.9407,-15.0608
5105580,Marcelândia,MT,51,-54.0881,-10.9588
5105606,Matupá,MT,51,-54.4375,-10.0106
5105622,Mirassol d'Oeste,MT,51,-58.019,-15.6677
5105903,Nobres,MT,51,-55.8593,-14.4188
5106000,Nortelândia,MT,51,-56.7237,-14.3693
5106109,Nossa Senhora do Livramento,MT,51,-56.4994,-15.8966
5106158,Nova Bandeirantes,MT,51,-58.1083,-9.7129
5106174,Nova Nazaré,MT,51,-51.8944,-14.1373
5106182,Nova Lacerda,MT,51,-59.7424,-14.3399
5106190,Nova Santa Helena,MT,51,-54.8789,-10.9128
5106208,Nova Brasilândia,MT,51,-55.0565,-14.7768
5106216,Nova Canaã do Norte,MT,51,-56.0612,-10.7023
5106224,Nova Mutum,MT,51,-56.1419,-13.5577
5106232,Nova Olímpia,MT,51,-57.3888,-14.7934
5106240,Nova Ubiratã,MT,51,-54.6146,-12.8038
5106257,Nova Xavantina,MT,51,-52.3463,-14.6014
5106265,Novo Mundo,MT,51,-55.405,-9.8702
5106273,Novo Horizonte do Norte,MT,51,-57.2648,-11.3907
5106281,Novo São Joaquim,MT,51,-53.2738,-15.0729
5106299,Paranaíta,MT,51,-56.7449,-9.5716
5106307,Paranatinga,MT,51,-54.0616,-13.5057
5106315,Novo Santo Antônio,MT,51,-50.8613,-12.2918
5106372,Pedra Preta,MT,51,-54.1777,-16.7703
5106422,Peixoto de Azevedo,MT,51,-53.8787,-10.2096
5106455,Planalto da Serra,MT,51,-54.6717,-14.5886
5106505,Poconé,MT,51,-56.9476,-16.8175
5106653,Pontal do Araguaia,MT,51,-52.7082,-15.9474
5106703,Ponte Branca,MT,51,-52.9574,-16.6323
5106752,Pontes e Lacerda,MT,51,-59.3976,-15.464
5106778,Porto Alegre do Norte,MT,51,-51.7375,-10.8381
5106802,Porto dos Gaúchos,MT,51,-56.7649,-11.7186
5106828,Porto Esperidião,MT,51,-58.9633,-15.8924
5106851,Porto Estrela,MT,51,-57.2339,-15.5388
5107008,Poxoréu,MT,51,-54.1804,-15.8122
5107040,Primavera do Leste,MT,51,-54.2265,-15.1239
5107065,Querência,MT,51,-52.7163,-12.2371
5107107,São José dos Quatro Marcos,MT,51,-58.3238,-15.551
5107156,Reserva do Cabaçal,MT,51,-58.4339,-14.9556
5107180,Ribeirão Cascalheira,MT,51,-51.5856,-12.8583
5107198,Ribeirãozinho,MT,51,-52.7479,-16.4933
5107206,Rio Branco,MT,51,-58.1466,-15.2746
5107248,Santa Carmem,MT,51,-54.8755,-11.9248
5107263,Santo Afonso,MT,51,-57.3749,-14.4478
5107297,São José do Povo,MT,51,-54.2653,-16.439
5107305,São José do Rio Claro,MT,51,-56.8331,-13.5885
5107354,São José do Xingu,MT,51,-52.5816,-10.6679
5107404,São Pedro da Cipa,MT,51,-54.7649,-15.9564
5107578,Rondolândia,MT,51,-60.9575,-10.2544
5107602,Rondonópolis,MT,51,-54.6407,-16.5281
5107701,Rosário Oeste,MT,51,-55.8396,-14.7097
5107743,Santa Cruz do Xingu,MT,51,-52.5159,-10.0963
5107750,Salto do Céu,MT,51,-58.0805,-15.0193
5107768,Santa Rita do Trivelato,MT,51,-55.2928,-13.789
5107776,Santa Terezinha,MT,51,-50.8198,-10.3617
5107792,Santo Antônio do Leste,MT,51,-53.7086,-14.7755
5107800,Santo Antônio de Leverger,MT,51,-55.4057,-16.4714
5107859,São Félix do Araguaia,MT,51,-51.935,-11.5034
5107875,Sapezal,MT,51,-58.6602,-12.9098
5107883,Serra Nova Dourada,MT,51,-51.3455,-12.0377
5107909,Sinop,MT,51,-55.4964,-11.7321
5107925,Sorriso,MT,51,-55.6219,-12.764
5107941,Tabaporã,MT,51,-56.5698,-11.1462
5107958,Tangará da Serra,MT,51,-58.0114,-14.5626
5108006,Tapurah,MT,51,-56.5459,-12.5569
5108055,Terra Nova do Norte,MT,51,-55.0269,-10.5666
5108105,Tesouro,MT,51,-53.4665,-15.925
5108204,Torixoréu,MT,51,-52.8546,-16.2817
5108303,União do Sul,MT,51,-54.3554,-11.5093
5108352,Vale de São Domingos,MT,51,-58.9784,-15.0447
5108402,Várzea Grande,MT,51,-56.2335,-15.5758
5108501,Vera,MT,51,-55.3449,-12.4212
5108600,Vila Rica,MT,51,-51.4749,-10.0788
5108808,Nova Guarita,MT,51,-55.3669,-10.2524
5108857,Nova Marilândia,MT,51,-57.3126,-14.2946
5108907,Nova Maringá,MT,51,-57.2557,-12.7443
5108956,Nova Monte Verde,MT,51,-57.2497,-9.9254
5200050,Abadia de Goiás,GO,52,-49.4641,-16.7935
5200100,Abadiânia,GO,52,-48.7038,-16.2032
5200134,Acreúna,GO,52,-50.3153,-17.4628
5200159,Adelândia,GO,52,-50.1875,-16.3702
5200175,Água Fria de Goiás,GO,52,-47.7836,-14.8951
5200209,Água Limpa,GO,52,-48.7836,-18.0717
5200258,Águas Lindas de Goiás,GO,52,-48.2844,-15.7603
5200308,Alexânia,GO,52,-48.4637,-16.1137
5200506,Aloândia,GO,52,-49.4546,-17.6916
5200555,Alto Horizonte,GO,52,-49.4356,-14.1712
5200605,Alto Paraíso de Goiás,GO,52,-47.4905,-14.1785
5200803,Alvorada do Norte,GO,52,-46.6403,-14.5406
5200829,Amaralina,GO,52,-49.6265,-13.8455
5200852,Americano do Brasil,GO,52,-49.9827,-16.2585
5200902,Amorinópolis,GO,52,-51.1096,-16.6383
5201108,Anápolis,GO,52,-48.9904,-16.2918
5201207,Anhanguera,GO,52,-48.2335,-18.311
5201306,Anicuns,GO,52,-49.9714,-16.3899
5201405,Aparecida de Goiânia,GO,52,-49.2622,-16.8219
5201454,Aparecida do Rio Doce,GO,52,-51.2722,-18.2219
5201504,Aporé,GO,52,-52.0826,-18.7533
5201603,Araçu,GO,52,-49.7121,-16.3763
5201702,Aragarças,GO,52,-52.1258,-15.9422
5201801,Aragoiânia,GO,52,-49.4176,-16.9458
5202155,Araguapaz,GO,52,-50.4501,-15.1286
5202353,Arenópolis,GO,52,-51.6053,-16.3262
5202502,Aruanã,GO,52,-50.9252,-14.72
5202601,Aurilândia,GO,52,-50.5193,-16.6837
5202809,Avelinópolis,GO,52,-49.7751,-16.4878
5203104,Baliza,GO,52,-52.4311,-16.3559
5203203,Barro Alto,GO,52,-48.8855,-14.9122
5203302,Bela Vista de Goiás,GO,52,-48.9102,-16.9531
5203401,Bom Jardim de Goiás,GO,52,-52.0684,-16.2195
5203500,Bom Jesus de Goiás,GO,52,-49.88,-18.201
5203559,Bonfinópolis,GO,52,-49.008,-16.605
5203575,Bonópolis,GO,52,-49.8711,-13.5705
5203609,Brazabrantes,GO,52,-49.3703,-16.3786
5203807,Britânia,GO,52,-51.1968,-15.2194
5203906,Buriti Alegre,GO,52,-49.031,-18.1269
5203939,Buriti de Goiás,GO,52,-50.4588,-16.1644
5203962,Buritinópolis,GO,52,-46.3133,-14.4131
5204003,Cabeceiras,GO,52,-47.0061,-15.7324
5204102,Cachoeira Alta,GO,52,-50.9898,-18.5186
5204201,Cachoeira de Goiás,GO,52,-50.6942,-16.7196
5204250,Cachoeira Dourada,GO,52,-49.6301,-18.4952
5204300,Caçu,GO,52,-51.0656,-18.7484
5204409,Caiapônia,GO,52,-51.7918,-16.9788
5204508,Caldas Novas,GO,52,-48.634,-17.753
5204557,Caldazinha,GO,52,-48.9406,-16.7341
5204607,Campestre de Goiás,GO,52,-49.6963,-16.7879
5204656,Campinaçu,GO,52,-48.5639,-13.8992
5204706,Campinorte,GO,52,-48.9342,-13.9657
5204805,Campo Alegre de Goiás,GO,52,-47.7515,-17.5592
5204854,Campo Limpo de Goiás,GO,52,-49.1244,-16.2821
5204904,Campos Belos,GO,52,-46.4925,-13.0067
5204953,Campos Verdes,GO,52,-49.6522,-14.1907
5205000,Carmo do Rio Verde,GO,52,-49.7394,-15.4228
5205059,Castelândia,GO,52,-50.3614,-18.1535
5205109,Catalão,GO,52,-47.696,-17.9812
5205208,Caturaí,GO,52,-49.581,-16.456
5205307,Cavalcante,GO,52,-47.7012,-13.6024
5205406,Ceres,GO,52,-49.6324,-15.2774
5205455,Cezarina,GO,52,-49.7519,-17.0961
5205471,Chapadão do Céu,GO,52,-52.5825,-18.4742
5205497,Cidade Ocidental,GO,52,-47.8258,-16.1376
5205513,Cocalzinho de Goiás,GO,52,-48.5971,-15.6561
5205521,Colinas do Sul,GO,52,-48.0674,-13.9773
5205703,Córrego do Ouro,GO,52,-50.5869,-16.3667
5205802,Corumbá de Goiás,GO,52,-48.6627,-15.9221
5205901,Corumbaíba,GO,52,-48.5576,-18.1566
5206206,Cristalina,GO,52,-47.5186,-16.7079
5206305,Cristianópolis,GO,52,-48.708,-17.2129
5206404,Crixás,GO,52,-50.0483,-14.6652
5206503,Cromínia,GO,52,-49.3653,-17.2496
5206602,Cumari,GO,52,-48.1445,-18.3239
5206701,Damianópolis,GO,52,-46.1888,-14.5648
5206800,Damolândia,GO,52,-49.3371,-16.2533
5206909,Davinópolis,GO,52,-47.5804,-18.119
5207105,Diorama,GO,52,-51.3851,-16.2043
5207253,Doverlândia,GO,52,-52.4682,-16.8435
5207352,Edealina,GO,52,-49.7584,-17.4278
5207402,Edéia,GO,52,-49.9708,-17.5068
5207501,Estrela do Norte,GO,52,-49.0905,-13.7904
5207535,Faina,GO,52,-50.4131,-15.4148
5207600,Fazenda Nova,GO,52,-50.8799,-16.1305
5207808,Firminópolis,GO,52,-50.3249,-16.6304
5207907,Flores de Goiás,GO,52,-46.9098,-14.5844
5208004,Formosa,GO,52,-47.2264,-15.331
5208103,Formoso,GO,52,-48.866,-13.7254
5208152,Gameleira de Goiás,GO,52,-48.6772,-16.4
5208301,Divinópolis de Goiás,GO,52,-46.5301,-13.2261
5208400,Goianápolis,GO,52,-49.0679,-16.5072
5208509,Goiandira,GO,52,-48.1503,-18.1125
5208608,Goianésia,GO,52,-49.159,-15.2808
5208707,Goiânia,GO,52,-49.2569,-16.6463
5208806,Goianira,GO,52,-49.4318,-16.4919
5208905,Goiás,GO,52,-50.2651,-15.8414
5209101,Goiatuba,GO,52,-49.7027,-17.9928
5209150,Gouvelândia,GO,52,-50.1316,-18.4932
5209200,Guapó,GO,52,-49.5793,-16.9064
5209291,Guaraíta,GO,52,-50.0653,-15.6785
5209408,Guarani de Goiás,GO,52,-46.4423,-13.8794
5209457,Guarinos,GO,52,-49.7415,-14.688
5209606,Heitoraí,GO,52,-49.8114,-15.7493
5209705,Hidrolândia,GO,52,-49.2762,-17.0165
5209804,Hidrolina,GO,52,-49.349,-14.7443
5209903,Iaciara,GO,52,-46.7367,-14.0836
5209937,Inaciolândia,GO,52,-49.9332,-18.4931
5209952,Indiara,GO,52,-49.9536,-17.1907
5210000,Inhumas,GO,52,-49.5314,-16.3349
5210109,Ipameri,GO,52,-48.032,-17.4555
5210158,Ipiranga de Goiás,GO,52,-49.6491,-15.1607
5210208,Iporá,GO,52,-51.1361,-16.4568
5210307,Israelândia,GO,52,-50.8971,-16.3503
5210406,Itaberaí,GO,52,-49.8193,-16.1436
5210562,Itaguari,GO,52,-49.62,-15.9352
5210604,Itaguaru,GO,52,-49.6213,-15.777
5210802,Itajá,GO,52,-51.2482,-19.138
5210901,Itapaci,GO,52,-49.6569,-14.9327
5211008,Itapirapuã,GO,52,-50.7656,-15.7308
5211206,Itapuranga,GO,52,-49.932,-15.5567
5211305,Itarumã,GO,52,-51.2992,-18.884
5211404,Itauçu,GO,52,-49.5889,-16.2106
5211503,Itumbiara,GO,52,-49.4274,-18.3531
5211602,Ivolândia,GO,52,-51.0782,-16.6394
5211701,Jandaia,GO,52,-50.1801,-17.1148
5211800,Jaraguá,GO,52,-49.4099,-15.6973
5211909,Jataí,GO,52,-51.7204,-17.8968
5212006,Jaupaci,GO,52,-51.0688,-16.1819
5212055,Jesúpolis,GO,52,-49.3989,-15.965
5212105,Joviânia,GO,52,-49.6205,-17.7906
5212204,Jussara,GO,52,-51.2945,-15.6091
5212253,Lagoa Santa,GO,52,-51.2838,-19.1897
5212303,Leopoldo de Bulhões,GO,52,-48.8915,-16.5879
5212501,Luziânia,GO,52,-47.9866,-16.4998
5212600,Mairipotaba,GO,52,-49.4519,-17.3061
5212709,Mambaí,GO,52,-46.0599,-14.4428
5212808,Mara Rosa,GO,52,-49.3659,-14.0078
5212907,Marzagão,GO,52,-48.698,-17.988
5212956,Matrinchã,GO,52,-50.7713,-15.3393
5213004,Maurilândia,GO,52,-50.3378,-18.0444
5213053,Mimoso de Goiás,GO,52,-48.3251,-15.0254
5213087,Minaçu,GO,52,-48.377,-13.4885
5213103,Mineiros,GO,52,-52.6842,-17.502
5213400,Moiporá,GO,52,-50.7844,-16.4951
5213509,Monte Alegre de Goiás,GO,52,-46.9128,-13.2762
5213707,Montes Claros de Goiás,GO,52,-51.5617,-15.9197
5213756,Montividiu,GO,52,-51.1993,-17.2729
5213772,Montividiu do Norte,GO,52,-48.7393,-13.1313
5213806,Morrinhos,GO,52,-49.132,-17.7834
5213855,Morro Agudo de Goiás,GO,52,-50.0255,-15.3097
5213905,Mossâmedes,GO,52,-50.1567,-16.189
5214002,Mozarlândia,GO,52,-50.6162,-14.8058
5214051,Mundo Novo,GO,52,-50.2053,-13.736
5214101,Mutunópolis,GO,52,-49.2862,-13.7095
5214408,Nazário,GO,52,-49.8645,-16.5815
5214507,Nerópolis,GO,52,-49.1969,-16.4261
5214606,Niquelândia,GO,52,-48.4677,-14.4995
5214705,Nova América,GO,52,-49.9409,-15.0559
5214804,Nova Aurora,GO,52,-48.2918,-18.1004
5214838,Nova Crixás,GO,52,-50.587,-14.1347
5214861,Nova Glória,GO,52,-49.4905,-15.0828
5214879,Nova Iguaçu de Goiás,GO,52,-49.2856,-14.2989
5214903,Nova Roma,GO,52,-47.0005,-13.7975
5215009,Nova Veneza,GO,52,-49.3013,-16.3595
5215207,Novo Brasil,GO,52,-50.6216,-16.0682
5215231,Novo Gama,GO,52,-48.0616,-16.1109
5215256,Novo Planalto,GO,52,-49.7403,-13.3464
5215306,Orizona,GO,52,-48.1859,-17.0101
5215405,Ouro Verde de Goiás,GO,52,-49.2178,-16.2612
5215504,Ouvidor,GO,52,-47.7415,-18.2218
5215603,Padre Bernardo,GO,52,-48.3283,-15.356
5215652,Palestina de Goiás,GO,52,-51.4541,-16.7123
5215702,Palmeiras de Goiás,GO,52,-49.9185,-16.8613
5215801,Palmelo,GO,52,-48.4038,-17.2879
5215900,Palminópolis,GO,52,-50.2142,-16.8197
5216007,Panamá,GO,52,-49.4045,-18.2113
5216304,Paranaiguara,GO,52,-50.6183,-18.8067
5216403,Paraúna,GO,52,-50.5949,-17.0538
5216452,Perolândia,GO,52,-52.2408,-17.4744
5216809,Petrolina de Goiás,GO,52,-49.286,-16.109
5216908,Pilar de Goiás,GO,52,-49.5143,-14.5858
5217104,Piracanjuba,GO,52,-49.0273,-17.3366
5217203,Piranhas,GO,52,-51.8347,-16.4115
5217302,Pirenópolis,GO,52,-48.9837,-15.8105
5217401,Pires do Rio,GO,52,-48.3863,-17.3371
5217609,Planaltina,GO,52,-47.805,-15.2316
5217708,Pontalina,GO,52,-49.5757,-17.5536
5218003,Porangatu,GO,52,-49.2733,-13.3234
5218052,Porteirão,GO,52,-50.1668,-17.8941
5218102,Portelândia,GO,52,-52.7029,-17.3531
5218300,Posse,GO,52,-46.4584,-14.2465
5218391,Professor Jamil,GO,52,-49.2498,-17.2838
5218508,Quirinópolis,GO,52,-50.518,-18.4335
5218607,Rialma,GO,52,-49.538,-15.3232
5218706,Rianápolis,GO,52,-49.4375,-15.4752
5218789,Rio Quente,GO,52,-48.7806,-17.8358
5218805,Rio Verde,GO,52,-51.022,-17.7173
5218904,Rubiataba,GO,52,-49.9051,-15.1818
5219001,Sanclerlândia,GO,52,-50.3768,-16.309
5219100,Santa Bárbara de Goiás,GO,52,-49.6804,-16.5997
5219209,Santa Cruz de Goiás,GO,52,-48.565,-17.3944
5219258,Santa Fé de Goiás,GO,52,-51.184,-15.6639
5219308,Santa Helena de Goiás,GO,52,-50.5651,-17.8029
5219357,Santa Isabel,GO,52,-49.3845,-15.2657
5219407,Santa Rita do Araguaia,GO,52,-53.0572,-17.2228
5219456,Santa Rita do Novo Destino,GO,52,-49.0644,-14.8403
5219506,Santa Rosa de Goiás,GO,52,-49.4745,-16.0696
5219605,Santa Tereza de Goiás,GO,52,-48.9972,-13.5795
5219704,Santa Terezinha de Goiás,GO,52,-49.7162,-14.2815
5219712,Santo Antônio da Barra,GO,52,-50.623,-17.5167
5219738,Santo Antônio de Goiás,GO,52,-49.2996,-16.4796
5219753,Santo Antônio do Descoberto,GO,52,-48.2933,-16.0642
5219803,São Domingos,GO,52,-46.4633,-13.5171
5219902,São Francisco de Goiás,GO,52,-49.2697,-15.9449
5220009,São João d'Aliança,GO,52,-47.4298,-14.445
5220058,São João da Paraúna,GO,52,-50.3771,-16.8133
5220108,São Luís de Montes Belos,GO,52,-50.3695,-16.4544
5220157,São Luiz do Norte,GO,52,-49.258,-14.9138
5220207,São Miguel do Araguaia,GO,52,-50.3089,-13.0615
5220264,São Miguel do Passa Quatro,GO,52,-48.6663,-17.0068
5220280,São Patrício,GO,52,-49.8184,-15.3642
5220405,São Simão,GO,52,-50.5845,-18.9986
5220454,Senador Canedo,GO,52,-49.1157,-16.7144
5220504,Serranópolis,GO,52,-52.1439,-18.2455
5220603,Silvânia,GO,52,-48.5987,-16.5902
5220686,Simolândia,GO,52,-46.5753,-14.4347
5220702,Sítio d'Abadia,GO,52,-46.2673,-14.7022
5221007,Taquaral de Goiás,GO,52,-49.5976,-16.0505
5221080,Teresina de Goiás,GO,52,-47.2442,-13.6952
5221197,Terezópolis de Goiás,GO,52,-49.0614,-16.4398
5221304,Três Ranchos,GO,52,-47.7818,-18.369
5221403,Trindade,GO,52,-49.5639,-16.6467
5221452,Trombas,GO,52,-48.7586,-13.4107
5221502,Turvânia,GO,52,-50.1605,-16.5538
5221551,Turvelândia,GO,52,-50.2986,-17.7747
5221577,Uirapuru,GO,52,-49.9359,-14.1193
5221601,Uruaçu,GO,52,-49.0515,-14.4134
5221700,Uruana,GO,52,-49.6511,-15.5876
5221809,Urutaí,GO,52,-48.2002,-17.4334
5221858,Valparaíso de Goiás,GO,52,-47.9792,-16.0859
5221908,Varjão,GO,52,-49.5942,-17.0637
5222005,Vianópolis,GO,52,-48.4587,-16.8638
5222054,Vicentinópolis,GO,52,-49.8791,-17.7368
5222203,Vila Boa,GO,52,-47.055,-15.0127
5222302,Vila Propício,GO,52,-48.8024,-15.2315
5300108,Brasília,DF,53,-47.7666,-15.7945
