codigo_ibge,ano_censo,ano_pib,populacao,area_km2,densidade,pib_mil_brl
1100015,2022,2023,21494,7067.127,3.04,1046343
1100023,2022,2023,96833,4426.571,21.88,4383815
1100031,2022,2023,5351,1314.352,4.07,300832
1100049,2022,2023,86887,3793,22.91,3848468
1100056,2022,2023,15890,2783.3,5.71,1006389
1100064,2022,2023,15663,1451.06,10.79,580899
1100072,2022,2023,7519,3060.321,2.46,509566
1100080,2022,2023,12627,4987.177,2.53,413943
1100098,2022,2023,29414,4518.038,6.51,1023973
1100106,2022,2023,39387,24856.877,1.58,1145034
1100114,2022,2023,50591,2944.128,17.18,2515558
1100122,2022,2023,124333,6896.649,18.03,5824472
1100130,2022,2023,30707,8509.27,3.61,1055806
1100148,2022,2023,15679,1703.008,9.21,731952
1100155,2022,2023,35044,1969.85,17.79,1275479
1100189,2022,2023,35079,6241.016,5.62,2124340
1100205,2022,2023,460434,34090.952,13.51,25402193
1100254,2022,2023,19327,1758.465,10.99,776281
1100262,2022,2023,3471,1717.64,2.02,265160
1100288,2022,2023,56406,1457.811,38.69,2287631
1100296,2022,2023,7419,1197.796,6.19,291887
1100304,2022,2023,95832,11699.15,8.19,5115785
1100320,2022,2023,21635,7460.117,2.9,1549192
1100338,2022,2023,25444,10070.49,2.53,1060566
1100346,2022,2023,13117,3029.189,4.33,486626
1100379,2022,2023,11479,3958.273,2.9,575129
1100403,2022,2023,16320,2651.822,6.15,667923
1100452,2022,2023,27992,3265.809,8.57,1221008
1100502,2022,2023,7667,843.446,9.09,331958
1100601,2022,2023,4150,1961.778,2.12,238989
1100700,2022,2023,8844,3442.005,2.57,455251
1100809,2022,2023,22310,6843.868,3.26,1001610
1100908,2022,2023,3233,892.841,3.62,138594
1100924,2022,2023,9324,5126.723,1.82,673990
1100940,2022,2023,14863,3863.946,3.85,582148
1101005,2022,2023,8001,5067.384,1.58,320123
1101104,2022,2023,8548,4081.58,2.09,340162
1101203,2022,2023,6466,798.083,8.1,440282
1101302,2022,2023,9235,1191.875,7.75,380179
1101401,2022,2023,11548,1931.378,5.98,526990
1101435,2022,2023,6200,807.125,7.68,193557
1101450,2022,2023,4125,2548.683,1.62,201510
1101468,2022,2023,2156,6014.733,0.36,355185
1101476,2022,2023,3076,605.692,5.08,131193
1101484,2022,2023,5258,541.647,9.71,177906
1101492,2022,2023,16286,10948.593,1.49,716411
1101500,2022,2023,11171,3773.505,2.96,446997
1101559,2022,2023,4256,459.978,9.25,156426
1101609,2022,2023,8113,2197.413,3.69,307754
1101708,2022,2023,10725,831.857,12.89,370214
1101757,2022,2023,7788,3135.106,2.48,257311
1101807,2022,2023,6479,965.676,6.71,225187
1200013,2022,2023,14021,1811.613,7.74,502663
1200054,2022,2023,8100,4979.073,1.63,187366
1200104,2022,2023,26000,3928.174,6.62,929800
1200138,2022,2023,12917,3034.869,4.26,365419
1200179,2022,2023,10392,1705.824,6.09,530657
1200203,2022,2023,91888,8783.47,10.46,2680143
1200252,2022,2023,18757,1652.674,11.35,793427
1200302,2022,2023,35426,27976.874,1.27,741344
1200328,2022,2023,9222,5357.227,1.72,150648
1200336,2022,2023,19294,5451.617,3.54,339224
1200344,2022,2023,11996,10630.6,1.13,262614
1200351,2022,2023,17093,8190.953,2.09,288045
1200385,2022,2023,16560,1952.555,8.48,764818
1200393,2022,2023,10735,6446.385,1.67,200512
1200401,2022,2023,364756,8835.154,41.28,12960966
1200427,2022,2023,14938,3076.342,4.86,293645
1200435,2022,2023,6723,6155.858,1.09,124070
1200450,2022,2023,21454,2320.169,9.25,1111821
1200500,2022,2023,41343,23759.512,1.74,972648
1200609,2022,2023,43467,20169.485,2.16,932080
1200708,2022,2023,18243,5350.586,3.41,626026
1200807,2022,2023,16693,2604.417,6.41,533386
1300029,2022,2023,15866,5923.461,2.68,242584
1300060,2022,2023,10819,4754.109,2.28,134732
1300086,2022,2023,9962,2446.121,4.07,154694
1300102,2022,2023,17194,6036.38,2.85,297171
1300144,2022,2023,20647,54240.545,0.38,386133
1300201,2022,2023,15314,76507.617,0.2,206769
1300300,2022,2023,41564,7652.852,5.43,584990
1300409,2022,2023,18834,122461.086,0.15,242100
1300508,2022,2023,31051,5751.765,5.4,398068
1300607,2022,2023,37648,8705.441,4.32,469445
1300631,2022,2023,20718,17472.779,1.19,262121
1300680,2022,2023,23785,2589.407,9.19,243779
1300706,2022,2023,35447,21938.583,1.62,661735
1300805,2022,2023,33080,44236.184,0.75,435684
1300839,2022,2023,13469,9455.539,1.42,219112
1300904,2022,2023,16869,33642.732,0.5,208247
1301001,2022,2023,28742,25778.658,1.11,433322
1301100,2022,2023,30792,6096.212,5.05,436682
1301159,2022,2023,19637,2627.474,7.47,418938
1301209,2022,2023,70616,57970.768,1.22,3893679
1301308,2022,2023,23549,18700.713,1.26,637713
1301407,2022,2023,33170,14966.242,2.22,683640
1301506,2022,2023,17186,7505.794,2.29,236124
1301605,2022,2023,25871,12155.427,2.13,324329
1301654,2022,2023,13815,7583.534,1.82,184646
1301704,2022,2023,57473,33111.129,1.74,926065
1301803,2022,2023,24311,12109.779,2.01,247844
1301852,2022,2023,61163,2216.817,27.59,1263496
1301902,2022,2023,103598,8891.906,11.65,3321936
1301951,2022,2023,10937,25260.429,0.43,161777
1302009,2022,2023,10162,4335.075,2.34,196557
1302108,2022,2023,8858,55827.203,0.16,145337
1302207,2022,2023,10742,19442.548,0.55,147950
1302306,2022,2023,25172,69457.415,0.36,394550
1302405,2022,2023,45448,68262.68,0.67,742982
1302504,2022,2023,101883,7336.579,13.89,1917413
1302553,2022,2023,17107,3973.258,4.31,303947
1302603,2022,2023,2063689,11401.092,181.01,127649795
1302702,2022,2023,53914,48315.038,1.12,926410
1302801,2022,2023,15529,16830.827,0.92,202680
1302900,2022,2023,61204,39991.066,1.53,695907
1303007,2022,2023,20136,14107.04,1.43,239731
1303106,2022,2023,27062,5578.132,4.85,354693
1303205,2022,2023,15761,37776.77,0.42,243316
1303304,2022,2023,23818,41179.656,0.58,311737
1303403,2022,2023,96372,5956.047,16.18,1656949
1303502,2022,2023,19373,41624.664,0.47,237839
1303536,2022,2023,30668,25459.099,1.2,730303
1303569,2022,2023,24936,5815.622,4.29,495858
1303601,2022,2023,14164,62800.078,0.23,197857
1303700,2022,2023,28211,12366.214,2.28,354277
1303809,2022,2023,51795,109192.562,0.47,584409
1303908,2022,2023,32967,19658.502,1.68,358400
1303957,2022,2023,11670,10647.463,1.1,145515
1304005,2022,2023,11559,3723.382,3.1,434235
1304062,2022,2023,66764,3260.103,20.48,849681
1304104,2022,2023,19599,84946.035,0.23,318010
1304203,2022,2023,73669,23692.223,3.11,1619517
1304237,2022,2023,19247,6446.894,2.99,214602
1304260,2022,2023,14431,10274.677,1.4,265246
1304302,2022,2023,18631,27901.962,0.67,244547
1304401,2022,2023,23945,2886.494,8.3,297173
1400027,2022,2023,13927,28473.45,0.49,329100
1400050,2022,2023,21096,25454.297,0.83,802540
1400100,2022,2023,413486,5687.037,72.71,18234169
1400159,2022,2023,13923,8079.914,1.72,772903
1400175,2022,2023,18682,7664.831,2.44,498394
1400209,2022,2023,20957,47379.903,0.44,637454
1400233,2022,2023,10656,12065.896,0.88,317377
1400282,2022,2023,10023,14011.695,0.72,279559
1400308,2022,2023,18095,12337.851,1.47,552044
1400407,2022,2023,13986,6959.868,2.01,370956
1400456,2022,2023,19305,8025.045,2.41,447421
1400472,2022,2023,32647,33579.739,0.97,981040
1400506,2022,2023,8858,4284.505,2.07,425809
1400605,2022,2023,7315,1526.898,4.79,221585
1400704,2022,2023,13751,8113.598,1.69,254453
1500107,2022,2023,158188,1610.654,98.21,2441092
1500131,2022,2023,6136,614.131,9.99,131077
1500206,2022,2023,59023,4344.384,13.59,2111467
1500305,2022,2023,37765,8338.438,4.53,665557
1500347,2022,2023,18080,7113.955,2.54,1047226
1500404,2022,2023,69377,23645.452,2.93,1578584
1500503,2022,2023,34280,72954.798,0.47,593847
1500602,2022,2023,126279,159533.306,0.79,3887894
1500701,2022,2023,28011,6913.64,4.05,370838
1500800,2022,2023,478778,190.581,2512.2,11473897
1500859,2022,2023,31850,11895.27,2.68,715999
1500909,2022,2023,44573,1099.619,40.53,490157
1500958,2022,2023,23774,1811.84,13.12,390415
1501006,2022,2023,18290,17074.053,1.07,228317
1501105,2022,2023,31892,4397.321,7.25,329848
1501204,2022,2023,51641,3759.834,13.73,799363
1501253,2022,2023,4031,2956.649,1.36,153995
1501303,2022,2023,126650,1310.338,96.65,9190033
1501402,2022,2023,1303403,1059.466,1230.25,40536062
1501451,2022,2023,18099,4398.418,4.11,352844
1501501,2022,2023,63567,187.826,338.44,3338145
1501576,2022,2023,18005,2816.604,6.39,336974
1501600,2022,2023,12622,586.976,21.5,147258
1501709,2022,2023,123082,2124.734,57.93,1977330
1501725,2022,2023,24718,6362.575,3.88,517482
1501758,2022,2023,6783,1288.477,5.26,143221
1501782,2022,2023,45712,3941.904,11.6,802221
1501808,2022,2023,106968,9566.572,11.18,1515250
1501907,2022,2023,24383,994.691,24.51,688320
1501956,2022,2023,19630,2419.6,8.11,237908
1502004,2022,2023,23981,3100.261,7.74,354702
1502103,2022,2023,134184,3081.367,43.55,1901553
1502152,2022,2023,77079,3146.821,24.49,16621560
1502202,2022,2023,70394,621.483,113.27,1883282
1502301,2022,2023,56506,2901.026,19.48,900134
1502400,2022,2023,192256,1029.3,186.78,6318091
1502509,2022,2023,20757,12534.995,1.66,331190
1502608,2022,2023,12868,384.068,33.5,136194
1502707,2022,2023,44617,5829.482,7.65,985296
1502756,2022,2023,26881,700.59,38.37,520832
1502764,2022,2023,14036,17085.001,0.82,479032
1502772,2022,2023,19950,2369.096,8.42,737806
1502806,2022,2023,33903,3617.252,9.37,396832
1502855,2022,2023,14117,1431.134,9.86,192168
1502905,2022,2023,41262,676.322,61.01,485458
1502939,2022,2023,58484,5268.809,11.1,1332437
1502954,2022,2023,28192,2956.691,9.53,736064
1503002,2022,2023,8728,11771.669,0.74,102052
1503044,2022,2023,17898,3444.285,5.2,657025
1503077,2022,2023,24703,1608.014,15.36,426847
1503093,2022,2023,26362,7023.948,3.75,595811
1503101,2022,2023,31786,8570.286,3.71,489497
1503200,2022,2023,35797,785.983,45.54,599286
1503309,2022,2023,64831,1996.79,32.47,1021946
1503408,2022,2023,10325,472.605,21.85,230530
1503457,2022,2023,30329,5215.555,5.82,612707
1503507,2022,2023,30955,1385.209,22.35,377735
1503606,2022,2023,123314,62042.472,1.99,3806020
1503705,2022,2023,49754,7880.109,6.31,979792
1503754,2022,2023,24042,53304.563,0.45,732418
1503804,2022,2023,37707,2008.315,18.78,800237
1503903,2022,2023,50881,8305.454,6.13,1184842
1504000,2022,2023,29569,1490.186,19.84,601991
1504059,2022,2023,34353,469.341,73.19,488400
1504109,2022,2023,8115,323.984,25.05,121851
1504208,2022,2023,266533,15128.058,17.62,9748965
1504307,2022,2023,25971,807.628,32.16,361786
1504406,2022,2023,26573,804.625,33.03,333941
1504422,2022,2023,111785,103.214,1083.04,2780522
1504455,2022,2023,27094,8272.629,3.28,1140469
1504505,2022,2023,27881,6774.065,4.12,347499
1504604,2022,2023,27198,871.171,31.22,480360
1504703,2022,2023,84094,9094.139,9.25,2156273
1504752,2022,2023,23501,4988.236,4.71,457251
1504802,2022,2023,60012,18152.559,3.31,1227319
1504901,2022,2023,45368,3763.337,12.06,464374
1504950,2022,2023,20478,2808.195,7.29,334512
1504976,2022,2023,13955,1564.184,8.92,231145
1505007,2022,2023,12806,489.853,26.14,185077
1505031,2022,2023,33638,38162.002,0.88,1541048
1505064,2022,2023,60732,15398.723,3.94,1406400
1505106,2022,2023,52229,28011.041,1.86,921982
1505205,2022,2023,33844,3852.291,8.79,535992
1505304,2022,2023,68294,107613.838,0.63,1739412
1505403,2022,2023,17855,561.71,31.79,279081
1505437,2022,2023,32467,14410.567,2.25,1053014
1505486,2022,2023,41097,11832.323,3.47,1114328
1505494,2022,2023,6885,984.362,6.99,127592
1505502,2022,2023,105550,19342.565,5.46,5308605
1505536,2022,2023,267836,6885.794,38.9,26421067
1505551,2022,2023,6931,1671.419,4.15,153521
1505601,2022,2023,8285,450.224,18.4,100657
1505635,2022,2023,12832,3312.708,3.87,361690
1505650,2022,2023,18668,7173.194,2.6,491402
1505700,2022,2023,24984,3363.749,7.43,313392
1505809,2022,2023,62503,25384.96,2.46,1153540
1505908,2022,2023,40597,17423.017,2.33,507177
1506005,2022,2023,35577,14786.953,2.41,548886
1506104,2022,2023,10851,258.6,41.96,564056
1506112,2022,2023,11524,302.939,38.04,147129
1506138,2022,2023,85597,3823.809,22.39,3681706
1506161,2022,2023,18384,4114.627,4.47,1007363
1506187,2022,2023,53143,8246.394,6.44,1083239
1506195,2022,2023,35769,7021.321,5.09,605554
1506203,2022,2023,44772,226.12,198,802287
1506302,2022,2023,24129,918.563,26.27,270698
1506351,2022,2023,21087,278.154,75.81,300184
1506401,2022,2023,7445,1076.652,6.91,115245
1506500,2022,2023,73019,717.662,101.75,1828145
1506559,2022,2023,20370,1346.502,15.13,258360
1506583,2022,2023,16548,10330.214,1.6,943386
1506609,2022,2023,24624,457.724,53.8,570081
1506708,2022,2023,32413,11591.441,2.8,1978254
1506807,2022,2023,331942,17898.389,18.55,8681869
1506906,2022,2023,6116,229.51,26.65,81217
1507003,2022,2023,27461,537.618,51.08,687291
1507102,2022,2023,16666,464.166,35.91,241829
1507151,2022,2023,21092,1392.464,15.15,490029
1507201,2022,2023,30599,1686.765,18.14,654079
1507300,2022,2023,65418,84212.903,0.78,2352014
1507409,2022,2023,14894,479.441,31.07,359790
1507458,2022,2023,24255,3168.384,7.66,1028625
1507466,2022,2023,4430,195.918,22.61,79287
1507474,2022,2023,20689,668.434,30.95,232878
1507508,2022,2023,13664,1279.889,10.68,235495
1507607,2022,2023,52894,1094.564,48.32,1132578
1507706,2022,2023,25643,1632.251,15.71,309743
1507755,2022,2023,5847,1298.19,4.5,172700
1507805,2022,2023,22576,14419.916,1.57,341244
1507904,2022,2023,24204,2857.349,8.47,338748
1507953,2022,2023,72493,4430.477,16.36,2023568
1507961,2022,2023,10400,204.97,50.74,114731
1507979,2022,2023,18782,1895.883,9.91,590339
1508001,2022,2023,67585,5145.361,13.14,1746483
1508035,2022,2023,28595,868.025,32.94,391638
1508050,2022,2023,15242,11991.085,1.27,454558
1508084,2022,2023,39550,2512.594,15.74,1347919
1508100,2022,2023,91306,2084.289,43.81,5457108
1508126,2022,2023,37972,5088.468,7.46,2344285
1508159,2022,2023,43558,10791.406,4.04,1057794
1508209,2022,2023,50832,401.589,126.58,602141
1508308,2022,2023,58692,4972.897,11.8,869709
1508357,2022,2023,15607,3089.537,5.05,3987037
1508407,2022,2023,52893,3779.348,14,2321585
1600055,2022,2023,4673,7713.046,0.61,126544
1600105,2022,2023,7943,8454.847,0.94,219045
1600154,2022,2023,12847,9622.29,1.34,375827
1600204,2022,2023,10612,14117.297,0.75,295401
1600212,2022,2023,4461,2179.114,2.05,115359
1600238,2022,2023,6666,4973.855,1.34,557990
1600253,2022,2023,5599,1622.867,3.45,132723
1600279,2022,2023,35114,30782.998,1.14,1335225
1600303,2022,2023,442933,6563.849,67.48,18470858
1600402,2022,2023,21924,13294.778,1.65,583553
1600501,2022,2023,27482,23034.392,1.19,820364
1600535,2022,2023,17848,4428.013,4.03,527655
1600550,2022,2023,3803,4948.508,0.77,101033
1600600,2022,2023,107618,1541.224,69.83,3725688
1600709,2022,2023,12945,6684.705,1.94,329305
1600808,2022,2023,11291,2508.979,4.5,303549
1700251,2022,2023,2576,1906.295,1.35,141930
1700301,2022,2023,4497,236.792,18.99,226238
1700350,2022,2023,5147,1580.999,3.26,423070
1700400,2022,2023,6499,4007.152,1.62,336120
1700707,2022,2023,8802,1207.201,7.29,886077
1701002,2022,2023,10325,1581.058,6.53,199526
1701051,2022,2023,2876,447.549,6.43,54433
1701101,2022,2023,4856,1159.034,4.19,283247
1701309,2022,2023,5290,1168.213,4.53,113908
1701903,2022,2023,5927,2774.505,2.14,411911
1702000,2022,2023,8133,5155.223,1.58,474483
1702109,2022,2023,171301,4004.646,42.78,7357638
1702158,2022,2023,4310,834.834,5.16,107609
1702208,2022,2023,31918,2633.278,12.12,641440
1702307,2022,2023,5550,1558.138,3.56,158572
1702406,2022,2023,10287,5803.085,1.77,239090
1702554,2022,2023,17484,388.81,44.97,396227
1702703,2022,2023,3342,696.194,4.8,69896
1702901,2022,2023,10262,153.539,66.84,173373
1703008,2022,2023,7880,1790.297,4.4,169441
1703057,2022,2023,3407,1540.541,2.21,249696
1703073,2022,2023,4476,1105.84,4.05,100382
1703107,2022,2023,4846,697.759,6.95,140103
1703206,2022,2023,4229,924.045,4.58,128560
1703305,2022,2023,4038,1326.947,3.04,143623
1703602,2022,2023,1974,645.908,3.06,75010
1703701,2022,2023,4725,1722.59,2.74,267584
1703800,2022,2023,10307,252.73,40.78,149973
1703826,2022,2023,1961,351.535,5.58,62095
1703842,2022,2023,8653,3234.445,2.68,665857
1703867,2022,2023,4007,1126.291,3.56,997800
1703883,2022,2023,2201,339.366,6.49,73172
1703891,2022,2023,3318,190.352,17.43,56192
1703909,2022,2023,4847,1680.014,2.89,474488
1704105,2022,2023,2131,1953.134,1.09,109325
1704600,2022,2023,1501,658.564,2.28,51576
1705102,2022,2023,3117,1640.833,1.9,155377
1705508,2022,2023,34233,842.488,40.63,1161301
1705557,2022,2023,4756,208.791,22.78,95001
1705607,2022,2023,3887,2530.647,1.54,88973
1706001,2022,2023,5331,1584.196,3.37,249462
1706100,2022,2023,6371,1850.75,3.44,214100
1706258,2022,2023,1470,983.766,1.49,77387
1706506,2022,2023,5827,1641.77,3.55,252543
1707009,2022,2023,17739,3318.094,5.35,781673
1707108,2022,2023,7024,2358.282,2.98,323159
1707207,2022,2023,6327,3747.645,1.69,289149
1707306,2022,2023,4248,3420.657,1.24,290818
1707405,2022,2023,7530,506.175,14.88,119197
1707553,2022,2023,3467,380.373,9.11,127672
1707652,2022,2023,5211,1935.709,2.69,350090
1707702,2022,2023,7712,1991.258,3.87,161707
1708205,2022,2023,18881,13431.861,1.41,988169
1708254,2022,2023,3455,624.463,5.53,173517
1708304,2022,2023,4738,1797.229,2.64,178252
1709005,2022,2023,12433,6414.846,1.94,309167
1709302,2022,2023,24775,2106.753,11.76,1130106
1709500,2022,2023,85125,1844.164,46.16,3695017
1709807,2022,2023,1590,821.152,1.94,71887
1710508,2022,2023,6819,3047.204,2.24,199694
1710706,2022,2023,5172,730.163,7.08,100220
1710904,2022,2023,3577,1246.349,2.87,153090
1711100,2022,2023,2404,969.794,2.48,76489
1711506,2022,2023,3334,2167.201,1.54,110816
1711803,2022,2023,2243,483.452,4.64,55560
1711902,2022,2023,15288,10563.181,1.45,1089844
1711951,2022,2023,3516,917.632,3.83,85970
1712009,2022,2023,3357,318.292,10.55,79405
1712157,2022,2023,1626,468.006,3.47,41517
1712405,2022,2023,2999,5716.641,0.52,78341
1712454,2022,2023,2717,281.543,9.65,58820
1712504,2022,2023,4615,2089.575,2.21,373197
1712702,2022,2023,2748,9589.273,0.29,467179
1712801,2022,2023,3095,736.303,4.2,63313
1713205,2022,2023,18566,2663.745,6.97,860438
1713304,2022,2023,12701,1033.301,12.29,483394
1713601,2022,2023,5694,3601.205,1.58,398705
1713700,2022,2023,2396,1072.92,2.23,86604
1713809,2022,2023,4872,743.407,6.55,108235
1713957,2022,2023,3367,1194.368,2.82,79966
1714203,2022,2023,8754,3241.672,2.7,352748
1714302,2022,2023,4521,395.997,11.42,78447
1714880,2022,2023,10367,1567.834,6.61,442504
1715002,2022,2023,3362,514.791,6.53,110147
1715101,2022,2023,3969,2678.262,1.48,176373
1715150,2022,2023,1846,200.412,9.21,38612
1715259,2022,2023,2230,1213.893,1.84,49097
1715507,2022,2023,1164,209.292,5.56,50178
1715705,2022,2023,4798,2638.465,1.82,247597
1715754,2022,2023,6975,1708.981,4.08,218426
1716109,2022,2023,52360,1292.267,40.52,2288330
1716208,2022,2023,10542,11217.373,0.94,353206
1716307,2022,2023,4043,1375.551,2.94,110802
1716505,2022,2023,14055,2019.556,6.96,1090443
1716604,2022,2023,9317,5303.612,1.76,897174
1716653,2022,2023,4921,1206.118,4.08,129256
1716703,2022,2023,8941,1161.03,7.7,228040
1717008,2022,2023,4478,1560.551,2.87,110783
1717206,2022,2023,2282,1363.412,1.67,98238
1717503,2022,2023,7128,10003.549,0.71,458625
1717800,2022,2023,4220,1718.791,2.46,82503
1717909,2022,2023,7586,6542.838,1.16,141531
1718006,2022,2023,2866,506.717,5.66,59927
1718204,2022,2023,64418,4434.68,14.53,3195894
1718303,2022,2023,9044,300.999,30.05,114473
1718402,2022,2023,3047,771.716,3.95,88843
1718451,2022,2023,2193,401.174,5.47,127927
1718501,2022,2023,3421,2215.669,1.54,101805
1718550,2022,2023,3960,512.156,7.73,75295
1718659,2022,2023,1768,845.823,2.09,45739
1718709,2022,2023,2738,847.255,3.23,88775
1718758,2022,2023,4841,6346.279,0.76,150795
1718808,2022,2023,4215,222.435,18.95,70136
1718840,2022,2023,3723,3535.135,1.05,134402
1718865,2022,2023,7216,1671.239,4.32,202707
1718881,2022,2023,2680,1412.318,1.9,118353
1718899,2022,2023,2219,3281.219,0.68,275185
1718907,2022,2023,4653,1804.687,2.58,419882
1719004,2022,2023,2781,539.511,5.15,57246
1720002,2022,2023,2406,274.104,8.78,46686
1720101,2022,2023,5654,1099.58,5.14,90982
1720150,2022,2023,1783,1913.11,0.93,42355
1720200,2022,2023,13241,406.957,32.54,239634
1720259,2022,2023,2385,1424.753,1.67,59857
1720309,2022,2023,4100,289.597,14.16,68702
1720499,2022,2023,4422,2520.465,1.75,229618
1720655,2022,2023,5108,1258.771,4.06,284767
1720804,2022,2023,10830,307.095,35.27,179637
1720853,2022,2023,1577,1018.222,1.55,310361
1720903,2022,2023,14011,2341.919,5.98,386846
1720937,2022,2023,2021,1105.303,1.83,41627
1720978,2022,2023,2456,2155.503,1.14,173125
1721000,2022,2023,302692,2227.329,135.9,14168469
1721109,2022,2023,7459,2609.775,2.86,327560
1721208,2022,2023,22615,1083.6,20.87,529093
1721257,2022,2023,1909,706.883,2.7,96851
1721307,2022,2023,1874,889.126,2.11,48417
1722081,2022,2023,10522,1365.431,7.71,245767
1722107,2022,2023,10517,1190.489,8.83,722713
2100055,2022,2023,106550,5805.159,18.35,4274162
2100105,2022,2023,6144,371.338,16.55,105581
2100154,2022,2023,12142,442.292,27.45,130746
2100204,2022,2023,18467,1167.964,15.81,170261
2100303,2022,2023,23286,1942.121,11.99,335246
2100402,2022,2023,6447,524.374,12.29,88343
2100436,2022,2023,24048,392.75,61.23,378314
2100477,2022,2023,25710,1875.901,13.71,310142
2100501,2022,2023,11109,11127.384,1,573769
2100550,2022,2023,7170,502.402,14.27,95026
2100600,2022,2023,37085,7439.615,4.98,500782
2100709,2022,2023,25322,940.489,26.92,255439
2100808,2022,2023,13793,608.903,22.65,192813
2100832,2022,2023,17519,341.12,51.36,170117
2100873,2022,2023,11181,805.194,13.89,127935
2100907,2022,2023,39052,1789.73,21.82,351324
2100956,2022,2023,25517,2976.039,8.57,320623
2101004,2022,2023,29472,1100.275,26.79,422713
2101103,2022,2023,11790,160.462,73.48,118131
2101202,2022,2023,103711,1656.736,62.6,1912868
2101251,2022,2023,16966,542.962,31.25,466226
2101301,2022,2023,16290,850.491,19.15,156363
2101350,2022,2023,5252,413.651,12.7,52138
2101400,2022,2023,101767,13141.162,7.74,7529798
2101509,2022,2023,18984,2209.414,8.59,309910
2101608,2022,2023,84532,5187.673,16.29,1157930
2101707,2022,2023,65589,3046.308,21.53,816789
2101731,2022,2023,8460,569.606,14.85,100863
2101772,2022,2023,11750,147.954,79.42,133414
2101806,2022,2023,5469,1784.64,3.06,94454
2101905,2022,2023,19584,790.222,24.78,166173
2101939,2022,2023,5840,247.186,23.63,276118
2101970,2022,2023,7574,400.35,18.92,93312
2102002,2022,2023,33100,6588.38,5.02,571101
2102036,2022,2023,28599,2676.98,10.68,456766
2102077,2022,2023,12212,445.171,27.43,149056
2102101,2022,2023,34120,1073.258,31.79,426439
2102150,2022,2023,9218,986.036,9.35,90089
2102200,2022,2023,29685,1475.779,20.11,332530
2102309,2022,2023,22455,1582.552,14.19,309327
2102325,2022,2023,55499,2544.857,21.81,1008378
2102358,2022,2023,12918,820.968,15.74,156524
2102374,2022,2023,9732,707.236,13.76,85043
2102408,2022,2023,10121,545.244,18.56,81775
2102507,2022,2023,16412,662.066,24.79,155103
2102556,2022,2023,12301,613.529,20.05,303257
2102606,2022,2023,19932,1634.861,12.19,204526
2102705,2022,2023,24303,773.01,31.44,233273
2102754,2022,2023,11374,590.267,19.27,215754
2102804,2022,2023,24062,6267.675,3.84,595614
2102903,2022,2023,24238,1260.977,19.22,246447
2103000,2022,2023,156973,5201.927,30.18,2696021
2103109,2022,2023,10208,285.211,35.79,86165
2103125,2022,2023,7094,319.538,22.2,69154
2103158,2022,2023,12342,1167.848,10.57,137520
2103174,2022,2023,16267,8401.003,1.94,236610
2103208,2022,2023,81386,3247.385,25.06,1130462
2103257,2022,2023,12878,1462.809,8.8,242330
2103307,2022,2023,114275,4361.606,26.2,1808033
2103406,2022,2023,41658,977.079,42.64,486211
2103505,2022,2023,40316,1978.695,20.38,729810
2103554,2022,2023,14915,725.664,20.55,159750
2103604,2022,2023,59566,2263.692,26.31,637484
2103703,2022,2023,31558,1257.608,25.09,343104
2103752,2022,2023,14404,332.249,43.35,218072
2103802,2022,2023,23053,358.493,64.31,314608
2103901,2022,2023,10223,317.494,32.2,108748
2104008,2022,2023,18311,452.411,40.47,202856
2104057,2022,2023,33294,2720.266,12.24,1195399
2104073,2022,2023,8048,1625.822,4.95,132983
2104081,2022,2023,10873,5086.589,2.14,159761
2104099,2022,2023,17719,3690.61,4.8,257048
2104107,2022,2023,12640,1853.406,6.82,354448
2104206,2022,2023,16976,834.83,20.33,214307
2104305,2022,2023,10186,720.129,14.14,855186
2104404,2022,2023,17206,883.588,19.47,187080
2104503,2022,2023,10231,445.856,22.95,123047
2104552,2022,2023,18411,615.957,29.89,448007
2104602,2022,2023,13930,647.989,21.5,195174
2104628,2022,2023,7063,401.587,17.59,108305
2104651,2022,2023,10713,1144.146,9.36,120254
2104677,2022,2023,23128,1037.13,22.3,324762
2104701,2022,2023,6023,271.445,22.19,66886
2104800,2022,2023,73872,8861.717,8.34,1415488
2104909,2022,2023,10290,478.857,21.49,104271
2105005,2022,2023,25680,1714.625,14.98,241228
2105104,2022,2023,24794,1124.445,22.05,211921
2105153,2022,2023,13974,368.685,37.9,464887
2105203,2022,2023,10231,346.218,29.55,138144
2105302,2022,2023,273110,1369.039,199.49,9475802
2105351,2022,2023,13828,1244.398,11.11,136089
2105401,2022,2023,60440,1480.641,40.82,889928
2105427,2022,2023,22513,3583.423,6.28,687514
2105450,2022,2023,7471,591.616,12.63,83460
2105476,2022,2023,17076,1962.362,8.7,174125
2105500,2022,2023,24709,1137.104,21.73,362692
2105609,2022,2023,14924,703.081,21.23,139774
2105658,2022,2023,5146,568.499,9.05,71491
2105708,2022,2023,44403,1240.444,35.8,621148
2105807,2022,2023,9506,328.525,28.94,108264
2105906,2022,2023,14769,631.455,23.39,169405
2105922,2022,2023,10572,1512.985,6.99,211547
2105948,2022,2023,8758,220.776,39.67,104301
2105963,2022,2023,11411,744.199,15.33,128791
2105989,2022,2023,7057,1063.619,6.63,122752
2106003,2022,2023,11297,321.932,35.09,237817
2106102,2022,2023,11597,3597.231,3.22,390947
2106201,2022,2023,7161,472.296,15.16,72747
2106300,2022,2023,13807,434.433,31.78,181567
2106326,2022,2023,21149,635.758,33.27,275246
2106359,2022,2023,7027,1402.593,5.01,116023
2106375,2022,2023,13761,760.947,18.08,146664
2106409,2022,2023,17090,548.548,31.15,226303
2106508,2022,2023,22034,410.632,53.66,232534
2106607,2022,2023,32174,2108.671,15.26,334401
2106631,2022,2023,17432,794.454,21.94,134625
2106672,2022,2023,8818,634.818,13.89,94017
2106706,2022,2023,21030,8522.351,2.47,389857
2106755,2022,2023,23864,341.107,69.96,578366
2106805,2022,2023,13978,686.942,20.35,133235
2106904,2022,2023,27751,1245.548,22.28,280367
2107001,2022,2023,9106,1488.513,6.12,119453
2107100,2022,2023,18554,1712.121,10.84,190452
2107209,2022,2023,14176,570.938,24.83,109174
2107258,2022,2023,5021,743.085,6.76,95718
2107308,2022,2023,4320,978.34,4.42,53436
2107357,2022,2023,14314,2452.615,5.84,171963
2107407,2022,2023,17919,695.333,25.77,225755
2107456,2022,2023,13577,199.879,67.93,132761
2107506,2022,2023,145643,127.193,1145.06,1643537
2107605,2022,2023,21059,532.161,39.57,188190
2107704,2022,2023,18274,530.517,34.45,210302
2107803,2022,2023,31250,3245.525,9.63,381793
2107902,2022,2023,17220,1358.327,12.68,207014
2108009,2022,2023,18802,1635.181,11.5,322652
2108058,2022,2023,17056,979.482,17.41,157984
2108108,2022,2023,20341,1168.609,17.41,261075
2108207,2022,2023,37050,262.066,141.38,830171
2108256,2022,2023,24320,1753.867,13.87,225795
2108306,2022,2023,32511,800.916,40.59,313292
2108405,2022,2023,11108,397.994,27.91,110020
2108454,2022,2023,20479,824.725,24.83,277935
2108504,2022,2023,31429,268.285,117.15,356584
2108603,2022,2023,84621,1512.969,55.93,1333000
2108702,2022,2023,21886,545.14,40.15,269345
2108801,2022,2023,17714,688.761,25.72,185469
2108900,2022,2023,17161,990.415,17.33,221327
2109007,2022,2023,23903,1420.51,16.83,1252850
2109056,2022,2023,5954,244.979,24.3,63769
2109106,2022,2023,45155,771.574,58.52,990073
2109205,2022,2023,11356,355.568,31.94,102458
2109239,2022,2023,4696,437.687,10.73,74488
2109270,2022,2023,17511,726.172,24.11,186043
2109304,2022,2023,10549,460.004,22.93,108884
2109403,2022,2023,13614,1337.161,10.18,120508
2109452,2022,2023,30839,79.213,389.32,381071
2109502,2022,2023,22145,6402.83,3.46,687701
2109551,2022,2023,7420,733.458,10.12,149001
2109601,2022,2023,38475,647.998,59.38,522395
2109700,2022,2023,5568,2476.132,2.25,433340
2109759,2022,2023,6697,623.213,10.75,71886
2109809,2022,2023,41561,2191.168,18.97,483903
2109908,2022,2023,85014,786.689,108.07,1837615
2110005,2022,2023,57635,4837.169,11.92,985809
2110039,2022,2023,24307,1010.483,24.05,382764
2110104,2022,2023,23957,1430.33,16.75,391678
2110203,2022,2023,37035,756.797,48.94,364746
2110237,2022,2023,10567,932.03,11.34,115748
2110278,2022,2023,13949,1582.806,8.81,131658
2110302,2022,2023,14304,770.923,18.55,5184564
2110401,2022,2023,18364,931.485,19.71,186474
2110500,2022,2023,46395,456.997,101.52,404149
2110609,2022,2023,26943,1005.824,26.79,384189
2110658,2022,2023,7992,961.249,8.31,339609
2110708,2022,2023,34034,1151.978,29.54,479852
2110807,2022,2023,4402,2032.599,2.17,92001
2110856,2022,2023,9051,745.357,12.14,138737
2110906,2022,2023,12064,2284.217,5.28,127389
2111003,2022,2023,18544,649.956,28.53,152916
2111029,2022,2023,12251,910.065,13.46,143797
2111052,2022,2023,9904,2052.328,4.83,226525
2111078,2022,2023,16889,1438.067,11.74,208559
2111102,2022,2023,25020,1483.255,16.87,444285
2111201,2022,2023,244579,180.363,1356.04,3135579
2111250,2022,2023,6957,353.72,19.67,75930
2111300,2022,2023,1037775,583.063,1779.87,42389051
2111409,2022,2023,17818,909.164,19.6,198315
2111508,2022,2023,38829,800.045,48.53,586548
2111532,2022,2023,14338,720.461,19.9,149359
2111573,2022,2023,5783,979.915,5.9,103928
2111607,2022,2023,18672,3524.501,5.3,1090033
2111631,2022,2023,5650,419.55,13.47,62616
2111672,2022,2023,4544,226.811,20.03,58526
2111706,2022,2023,19498,393.928,49.5,183735
2111722,2022,2023,8784,441.811,19.88,107921
2111748,2022,2023,10207,426.437,23.94,145324
2111763,2022,2023,14700,738.187,19.91,225141
2111789,2022,2023,10202,1165.318,8.75,118312
2111805,2022,2023,17074,3114.683,5.48,292191
2111904,2022,2023,10238,1074.435,9.53,193909
2111953,2022,2023,4985,862.226,5.78,63214
2112001,2022,2023,8862,4369.159,2.03,2616708
2112100,2022,2023,26484,1486.584,17.82,248536
2112209,2022,2023,174465,1763.22,98.95,2840126
2112233,2022,2023,22484,291.61,77.1,436529
2112274,2022,2023,5507,270.934,20.33,75760
2112308,2022,2023,36251,3369.121,10.76,410127
2112407,2022,2023,37491,2622.281,14.3,414975
2112456,2022,2023,31638,1507.622,20.99,280000
2112506,2022,2023,53356,1566.08,34.07,642713
2112605,2022,2023,32812,1707.621,19.22,315151
2112704,2022,2023,43261,1958.702,22.09,467351
2112803,2022,2023,51442,1166.745,44.09,608731
2112852,2022,2023,10362,1190.008,8.71,191495
2112902,2022,2023,30805,716.719,42.98,410267
2113009,2022,2023,30845,1193.385,25.85,411453
2114007,2022,2023,40801,2140.109,19.06,685858
2200053,2022,2023,6420,1280.838,5.01,84924
2200103,2022,2023,4940,112.392,43.95,57335
2200202,2022,2023,17573,96.843,181.46,303532
2200251,2022,2023,6819,535.89,12.72,80787
2200277,2022,2023,4634,243.732,19.01,56359
2200301,2022,2023,13479,1743.331,7.73,146913
2200400,2022,2023,47453,957.232,49.57,764914
2200459,2022,2023,5322,2131.506,2.5,109088
2200509,2022,2023,17234,1152.127,14.96,243954
2200608,2022,2023,6827,222.008,30.75,84772
2200707,2022,2023,9407,337.877,27.84,124990
2200806,2022,2023,3152,644.8,4.89,197619
2200905,2022,2023,5369,821.212,6.54,69489
2200954,2022,2023,2690,316.235,8.51,31540
2201002,2022,2023,4520,682.727,6.62,60133
2201051,2022,2023,7452,1690.703,4.41,81045
2201101,2022,2023,10866,1220.371,8.9,127137
2201150,2022,2023,13272,7808.915,1.7,2657264
2201176,2022,2023,3995,263.943,15.14,47271
2201200,2022,2023,47938,1722.507,27.83,673463
2201309,2022,2023,3264,2168.713,1.51,137542
2201408,2022,2023,6640,159.436,41.65,104885
2201507,2022,2023,26300,1589.01,16.55,306176
2201556,2022,2023,4091,499.092,8.2,63283
2201572,2022,2023,3423,243.234,14.07,47523
2201606,2022,2023,9929,937.098,10.6,118265
2201705,2022,2023,5562,1216.116,4.57,90844
2201739,2022,2023,6220,579.576,10.73,120127
2201770,2022,2023,6902,336.954,20.48,77969
2201804,2022,2023,4078,261.651,15.59,53637
2201903,2022,2023,28796,5471.024,5.26,1661674
2201919,2022,2023,5636,523.142,10.77,82659
2201929,2022,2023,5913,289.149,20.45,68106
2201945,2022,2023,6545,269.786,24.26,67424
2201960,2022,2023,8436,880.836,9.58,101117
2201988,2022,2023,3904,2267.327,1.72,57956
2202000,2022,2023,19654,690.54,28.46,276426
2202026,2022,2023,7434,2437.326,3.05,98669
2202059,2022,2023,10212,608.747,16.78,107817
2202075,2022,2023,3108,514.106,6.05,45637
2202083,2022,2023,7957,271.165,29.34,152471
2202091,2022,2023,5503,467.083,11.78,243767
2202109,2022,2023,4938,783.842,6.3,75221
2202117,2022,2023,4616,657.796,7.02,62191
2202133,2022,2023,6020,311.682,19.31,77243
2202174,2022,2023,7419,478.078,15.52,80881
2202208,2022,2023,45793,1680.861,27.24,940802
2202251,2022,2023,3414,2165.277,1.58,52032
2202307,2022,2023,19365,4325.643,4.48,342972
2202406,2022,2023,11100,571.658,19.42,133031
2202455,2022,2023,3974,1132.995,3.51,58704
2202505,2022,2023,10318,1610.959,6.4,127543
2202539,2022,2023,5630,471.217,11.95,67977
2202554,2022,2023,5033,498.793,10.09,72564
2202604,2022,2023,19288,2378.847,8.11,234521
2202653,2022,2023,5496,491.093,11.19,68616
2202703,2022,2023,28212,1294.133,21.8,351832
2202711,2022,2023,4911,310.291,15.83,60324
2202729,2022,2023,6386,324.856,19.66,73414
2202737,2022,2023,4117,484.46,8.5,50029
2202752,2022,2023,6150,429.591,14.32,92949
2202778,2022,2023,6994,950.193,7.36,82383
2202802,2022,2023,4932,824.729,5.98,88408
2202851,2022,2023,4250,1926.103,2.21,55718
2202901,2022,2023,27278,3048.747,8.95,764222
2203008,2022,2023,7356,1202.896,6.12,89547
2203107,2022,2023,10503,1845.698,5.69,155696
2203206,2022,2023,11270,2344.949,4.81,186259
2203230,2022,2023,4854,3156.657,1.54,569946
2203255,2022,2023,4413,345.811,12.76,53723
2203271,2022,2023,5073,755.251,6.72,98620
2203305,2022,2023,16352,216.807,75.42,343573
2203354,2022,2023,7054,1005.571,7.01,89611
2203404,2022,2023,6320,218.808,28.88,93969
2203420,2022,2023,4075,848.705,4.8,55943
2203453,2022,2023,9159,3871.824,2.37,212410
2203503,2022,2023,13607,1383.976,9.83,208873
2203602,2022,2023,4377,1097.79,3.99,65844
2203701,2022,2023,40970,908.748,45.08,630893
2203750,2022,2023,5284,713.046,7.41,63132
2203800,2022,2023,4414,946.719,4.66,55149
2203859,2022,2023,2333,223.199,10.45,31642
2203909,2022,2023,62036,3407.979,18.2,1693508
2204006,2022,2023,4505,268.704,16.77,57191
2204105,2022,2023,4412,656.475,6.72,66833
2204154,2022,2023,2929,179.245,16.34,37456
2204204,2022,2023,8237,492.191,16.74,111541
2204303,2022,2023,10259,777.179,13.2,140145
2204352,2022,2023,5445,440.606,12.36,70886
2204402,2022,2023,10892,3495.692,3.12,490465
2204501,2022,2023,10270,1026.538,10,584966
2204550,2022,2023,4276,3118.231,1.37,60294
2204600,2022,2023,3518,224.573,15.67,41161
2204659,2022,2023,9274,129.696,71.51,132842
2204709,2022,2023,14958,978.222,15.29,190110
2204808,2022,2023,9420,529.417,17.79,101790
2204907,2022,2023,7774,800.688,9.71,93919
2205003,2022,2023,10790,827.62,13.04,126851
2205102,2022,2023,10323,2554.179,4.04,164342
2205151,2022,2023,5613,1333.796,4.21,91192
2205201,2022,2023,17527,866.788,20.22,214290
2205250,2022,2023,4180,510.226,8.19,51476
2205276,2022,2023,4494,650.393,6.91,70003
2205300,2022,2023,4497,1865.94,2.41,68875
2205359,2022,2023,2970,1800.23,1.65,82059
2205409,2022,2023,13886,740.561,18.75,145543
2205458,2022,2023,5394,169.005,31.92,58125
2205508,2022,2023,42559,1538.172,27.67,553848
2205516,2022,2023,5214,935.404,5.57,67355
2205524,2022,2023,5388,1283.916,4.2,107847
2205532,2022,2023,4425,1271.881,3.48,58058
2205540,2022,2023,2939,67.649,43.44,46590
2205557,2022,2023,8256,394.205,20.94,96065
2205565,2022,2023,4995,1331.025,3.75,368693
2205573,2022,2023,6331,155.86,40.62,68299
2205581,2022,2023,4810,427.841,11.24,100849
2205599,2022,2023,4520,805.018,5.61,53534
2205607,2022,2023,5213,1088.583,4.79,129242
2205706,2022,2023,30641,1074.132,28.53,461806
2205805,2022,2023,25375,705.599,35.96,318552
2205854,2022,2023,8032,178.842,44.91,87322
2205904,2022,2023,5209,1620.413,3.21,69457
2205953,2022,2023,8533,136.785,62.38,194855
2206001,2022,2023,4724,677.416,6.97,68705
2206050,2022,2023,5218,530.169,9.84,60923
2206100,2022,2023,10641,226.785,46.92,132516
2206209,2022,2023,32150,1392.123,23.09,421897
2206308,2022,2023,1318,93.412,14.11,34693
2206357,2022,2023,6542,1309.128,5,67925
2206407,2022,2023,10255,567.86,18.06,161627
2206506,2022,2023,7577,401.568,18.87,91424
2206605,2022,2023,10660,2417.382,4.41,391314
2206654,2022,2023,4377,2207.658,1.98,53314
2206670,2022,2023,6425,328.408,19.56,75684
2206696,2022,2023,9797,475.72,20.59,103630
2206704,2022,2023,6665,1315.841,5.07,78812
2206720,2022,2023,10262,362.376,28.32,134076
2206753,2022,2023,5228,356.872,14.65,69230
2206803,2022,2023,8525,357.896,23.82,117751
2206902,2022,2023,6097,525.906,11.59,66803
2206951,2022,2023,2827,443.872,6.37,38563
2207009,2022,2023,38161,2703.138,14.12,740096
2207108,2022,2023,2637,183.603,14.36,38346
2207207,2022,2023,6382,278.696,22.9,88445
2207306,2022,2023,4088,401.378,10.18,58224
2207355,2022,2023,3000,986.961,3.04,61084
2207405,2022,2023,4952,2024.02,2.45,180249
2207504,2022,2023,13264,1493.764,8.88,167663
2207553,2022,2023,3813,432.572,8.81,53217
2207603,2022,2023,10103,3428.811,2.95,133949
2207702,2022,2023,162159,436.907,371.15,3682146
2207751,2022,2023,4135,643.226,6.43,62728
2207777,2022,2023,5425,801.403,6.77,65641
2207793,2022,2023,3880,430.023,9.02,43954
2207801,2022,2023,21055,1941.111,10.85,359215
2207850,2022,2023,3628,1090.697,3.33,45823
2207900,2022,2023,37894,1544.413,24.54,499936
2207934,2022,2023,2458,870.614,2.82,38185
2207959,2022,2023,4076,909.734,4.48,51654
2208007,2022,2023,83090,577.284,143.93,2456682
2208106,2022,2023,11341,4562.58,2.49,120257
2208205,2022,2023,17613,1948.142,9.04,234055
2208304,2022,2023,28846,2368.935,12.18,464676
2208403,2022,2023,65538,1407.192,46.57,1242361
2208502,2022,2023,12052,253.113,47.62,143077
2208551,2022,2023,2364,1168.044,2.02,47843
2208601,2022,2023,3042,196.787,15.46,43355
2208650,2022,2023,8738,1283.369,6.81,188828
2208700,2022,2023,8394,2470.531,3.4,125613
2208809,2022,2023,17133,1251.321,13.69,337226
2208858,2022,2023,4165,2220.598,1.88,61503
2208874,2022,2023,4055,1012.479,4.01,278046
2208908,2022,2023,6164,3987.147,1.55,927445
2209005,2022,2023,5801,635.953,9.12,75898
2209104,2022,2023,5831,582.658,10.01,78053
2209153,2022,2023,3435,978.547,3.51,51690
2209203,2022,2023,6087,5293.693,1.15,789358
2209302,2022,2023,5336,1185.398,4.5,87685
2209351,2022,2023,4125,112.189,36.77,52380
2209377,2022,2023,4650,338.336,13.74,63445
2209401,2022,2023,5839,385.286,15.15,97849
2209450,2022,2023,2138,33.64,63.56,25284
2209500,2022,2023,3646,852.106,4.28,49248
2209559,2022,2023,4358,656.042,6.64,53740
2209609,2022,2023,2842,627.033,4.53,38023
2209658,2022,2023,5572,1072.311,5.2,68222
2209708,2022,2023,5392,1341.451,4.02,67264
2209757,2022,2023,2947,1385.255,2.13,64213
2209807,2022,2023,4837,150.495,32.14,80523
2209856,2022,2023,4242,480.537,8.83,54282
2209872,2022,2023,5522,817.111,6.76,74940
2209906,2022,2023,6114,994.224,6.15,72738
2209955,2022,2023,4383,394.456,11.11,45940
2209971,2022,2023,8186,213.377,38.36,95904
2210003,2022,2023,21421,1527.497,14.02,418479
2210052,2022,2023,4841,319.367,15.16,83009
2210102,2022,2023,3297,1287.174,2.56,50039
2210201,2022,2023,6597,373.347,17.67,81017
2210300,2022,2023,6025,291.089,20.7,67832
2210359,2022,2023,4410,673.822,6.54,54907
2210375,2022,2023,2309,217.924,10.6,28433
2210383,2022,2023,2269,444.528,5.1,32909
2210391,2022,2023,2829,813.444,3.48,36836
2210409,2022,2023,17554,4988.973,3.52,206592
2210508,2022,2023,13755,518.288,26.54,159452
2210607,2022,2023,38934,2415.287,16.12,761785
2210623,2022,2023,3202,893.488,3.58,57577
2210631,2022,2023,4446,3148.857,1.41,724911
2210656,2022,2023,9460,1031.101,9.17,97006
2210706,2022,2023,14350,1076.055,13.34,543068
2210805,2022,2023,13870,1360.028,10.2,236711
2210904,2022,2023,4141,761.854,5.44,52907
2210938,2022,2023,6220,205.194,30.31,85293
2210953,2022,2023,2949,1587.296,1.86,39134
2210979,2022,2023,2316,398.007,5.82,44035
2211001,2022,2023,866300,1391.293,622.66,29449063
2211100,2022,2023,46119,1170.742,39.39,609122
2211209,2022,2023,25203,8413.016,3,4226266
2211308,2022,2023,22279,1333.722,16.7,385864
2211357,2022,2023,5055,450.429,11.22,60846
2211407,2022,2023,4417,236.453,18.68,54664
2211506,2022,2023,3185,341.974,9.31,38796
2211605,2022,2023,2935,221.627,13.24,41921
2211704,2022,2023,4059,270.427,15.01,58144
2300101,2022,2023,10038,180.833,55.51,143730
2300150,2022,2023,14027,130.002,107.9,220474
2300200,2022,2023,65264,842.471,77.47,1250251
2300309,2022,2023,44962,2254.279,19.95,693535
2300408,2022,2023,14076,2438.563,5.77,169076
2300507,2022,2023,11369,135.76,83.74,115643
2300606,2022,2023,6782,72.675,93.32,92128
2300705,2022,2023,14155,1147.208,12.34,273863
2300754,2022,2023,42156,1175.044,35.88,808126
2300804,2022,2023,7245,259.706,27.9,101191
2300903,2022,2023,12928,543.98,23.77,166864
2301000,2022,2023,80645,480.236,167.93,4851008
2301109,2022,2023,75113,1227.197,61.21,1966473
2301208,2022,2023,25553,643.988,39.68,336284
2301257,2022,2023,11096,342.301,32.42,143424
2301307,2022,2023,19783,1097.339,18.03,259168
2301406,2022,2023,11224,119.758,93.72,191055
2301505,2022,2023,7429,1068.437,6.95,88078
2301604,2022,2023,21697,1155.124,18.78,309804
2301703,2022,2023,23714,885.87,26.77,291950
2301802,2022,2023,5704,145.556,39.19,72488
2301851,2022,2023,17195,1080.986,15.91,318579
2301901,2022,2023,75033,608.158,123.38,1646404
2301950,2022,2023,22392,260.003,86.12,289445
2302008,2022,2023,19381,711.346,27.25,286557
2302057,2022,2023,14567,385.583,37.78,169758
2302107,2022,2023,35218,314.075,112.13,578203
2302206,2022,2023,53114,1596.751,33.26,1445505
2302305,2022,2023,32775,842.106,38.92,381568
2302404,2022,2023,50411,2835.037,17.78,717721
2302503,2022,2023,51090,654.658,78.04,1263863
2302602,2022,2023,62326,1120.452,55.63,982887
2302701,2022,2023,25135,1082.582,23.22,370107
2302800,2022,2023,74174,3032.39,24.46,1194867
2302909,2022,2023,17254,226.549,76.16,226541
2303006,2022,2023,16377,926.271,17.68,209728
2303105,2022,2023,17632,755.597,23.34,244538
2303204,2022,2023,26320,634.179,41.5,295136
2303303,2022,2023,17015,1036.417,16.42,229771
2303402,2022,2023,17210,363.22,47.38,210865
2303501,2022,2023,72720,838.115,86.77,1334364
2303600,2022,2023,10243,488.153,20.98,151959
2303659,2022,2023,10444,784.022,13.32,137704
2303709,2022,2023,355679,1223.246,290.77,9873557
2303808,2022,2023,22344,729.97,30.61,304070
2303907,2022,2023,12462,237.248,52.53,141211
2303931,2022,2023,12113,815.268,14.86,211479
2303956,2022,2023,20163,296.431,68.02,268766
2304004,2022,2023,20953,750.332,27.92,265519
2304103,2022,2023,76390,2981.459,25.62,1258625
2304202,2022,2023,131050,1138.15,115.14,2445567
2304236,2022,2023,17481,696.348,25.1,282767
2304251,2022,2023,29761,335.921,88.6,565663
2304269,2022,2023,8932,471.134,18.96,124422
2304277,2022,2023,6474,362.906,17.84,102445
2304285,2022,2023,74170,78.818,941.03,4940352
2304301,2022,2023,18217,530.54,34.34,242210
2304350,2022,2023,24173,568.778,42.5,346304
2304400,2022,2023,2428708,312.353,7775.52,86939832
2304459,2022,2023,17294,285.024,60.68,391326
2304509,2022,2023,15657,210.284,74.46,423490
2304608,2022,2023,6734,230.371,29.23,97406
2304657,2022,2023,13801,258.942,53.3,159506
2304707,2022,2023,53344,2663.174,20.03,561374
2304806,2022,2023,4841,111.528,43.41,67463
2304905,2022,2023,10910,155.681,70.08,135967
2304954,2022,2023,24325,256.053,95,315522
2305001,2022,2023,42053,624.606,67.33,878354
2305100,2022,2023,5654,90.817,62.26,104816
2305209,2022,2023,17855,926.592,19.27,239627
2305233,2022,2023,74755,160.557,465.6,2964814
2305266,2022,2023,11956,879.255,13.6,163765
2305308,2022,2023,23965,414.092,57.87,431905
2305332,2022,2023,11611,423.856,27.39,150877
2305357,2022,2023,21433,421.44,50.86,453185
2305407,2022,2023,62642,1865.862,33.57,923966
2305506,2022,2023,98064,992.208,98.83,2342034
2305605,2022,2023,24024,3222.381,7.46,408128
2305654,2022,2023,11575,704.773,16.42,134150
2305704,2022,2023,12083,276.508,43.7,186861
2305803,2022,2023,41081,626.049,65.62,676519
2305902,2022,2023,36798,1483.258,24.81,406831
2306009,2022,2023,14001,839.174,16.68,253154
2306108,2022,2023,23915,1466.412,16.31,271622
2306207,2022,2023,7536,213.604,35.28,103646
2306256,2022,2023,64650,153.686,420.66,2352737
2306306,2022,2023,46426,432.188,107.42,741513
2306405,2022,2023,131123,1600.358,81.93,2550371
2306504,2022,2023,17841,593.231,30.07,213999
2306553,2022,2023,42957,714.833,60.09,711165
2306603,2022,2023,20424,829.626,24.62,236128
2306702,2022,2023,17232,1826.826,9.43,316967
2306801,2022,2023,10356,622.963,16.62,196533
2306900,2022,2023,33726,1877.062,17.97,740827
2307007,2022,2023,31701,854.362,37.1,665090
2307106,2022,2023,27411,544.98,50.3,369628
2307205,2022,2023,7861,368.359,21.34,129952
2307254,2022,2023,25555,209.029,122.26,711193
2307304,2022,2023,286120,258.788,1105.62,6457543
2307403,2022,2023,23922,940.336,25.44,390390
2307502,2022,2023,30802,945.263,32.59,445000
2307601,2022,2023,59560,744.525,80,1854065
2307635,2022,2023,16896,997.781,16.93,215696
2307650,2022,2023,234509,105.071,2231.91,13540094
2307700,2022,2023,105093,583.505,180.11,2011194
2307809,2022,2023,25799,573.61,44.98,453537
2307908,2022,2023,10846,303.445,35.74,125472
2308005,2022,2023,37697,567.78,66.39,483230
2308104,2022,2023,45561,1079.011,42.22,707667
2308203,2022,2023,15157,151.651,99.95,166664
2308302,2022,2023,25900,579.097,44.72,335239
2308351,2022,2023,14123,502.137,28.13,250241
2308377,2022,2023,14196,708.678,20.03,141462
2308401,2022,2023,36822,613.317,60.04,598261
2308500,2022,2023,37735,2115.748,17.84,551794
2308609,2022,2023,17149,892.538,19.21,210938
2308708,2022,2023,61443,2763.971,22.23,1877982
2308807,2022,2023,8254,414.446,19.92,86070
2308906,2022,2023,22753,411.586,55.28,239995
2309003,2022,2023,13666,192.19,71.11,172104
2309102,2022,2023,10569,97.951,107.9,146503
2309201,2022,2023,15399,282.584,54.49,206839
2309300,2022,2023,30699,736.911,41.66,432948
2309409,2022,2023,27545,947.44,29.07,343682
2309458,2022,2023,24493,763.075,32.1,322686
2309508,2022,2023,19675,577.526,34.07,267791
2309607,2022,2023,70983,250.304,283.59,1808068
2309706,2022,2023,81524,133.236,611.88,1714352
2309805,2022,2023,11186,112.433,99.49,175379
2309904,2022,2023,6175,88.355,69.89,81237
2310001,2022,2023,9346,436.98,21.39,125162
2310100,2022,2023,10242,128.896,79.46,141264
2310209,2022,2023,38980,304.734,127.91,679587
2310258,2022,2023,32216,289.231,111.39,614090
2310308,2022,2023,31445,2313.868,13.59,349488
2310407,2022,2023,10384,539.238,19.26,137553
2310506,2022,2023,40187,1302.081,30.86,481197
2310605,2022,2023,8972,150.536,59.6,149293
2310704,2022,2023,37813,1379.836,27.4,522218
2310803,2022,2023,15274,435.868,35.04,663694
2310852,2022,2023,23391,74.033,315.95,363294
2310902,2022,2023,16616,589.601,28.18,203533
2310951,2022,2023,10606,244.464,43.38,103591
2311009,2022,2023,12065,1310.771,9.2,138933
2311108,2022,2023,17050,224.86,75.82,232418
2311207,2022,2023,8833,343.264,25.73,120981
2311231,2022,2023,5974,409.137,14.6,104345
2311264,2022,2023,20213,1041.832,19.4,249898
2311306,2022,2023,84168,2020.586,41.66,1424438
2311355,2022,2023,15910,605.345,26.28,241297
2311405,2022,2023,82177,3324.987,24.71,1928559
2311504,2022,2023,20874,613.099,34.05,805778
2311603,2022,2023,27214,247.989,109.74,520806
2311702,2022,2023,18606,372.949,49.89,238538
2311801,2022,2023,72928,1611.091,45.27,1517580
2311900,2022,2023,13854,1381.274,10.03,190822
2311959,2022,2023,16633,806.253,20.63,222379
2312007,2022,2023,30628,972.573,31.49,352192
2312106,2022,2023,16954,855.165,19.83,191197
2312205,2022,2023,40183,4262.293,9.43,859225
2312304,2022,2023,47640,350.847,135.79,883024
2312403,2022,2023,54143,842.635,64.25,6908373
2312502,2022,2023,5855,279.451,20.95,137068
2312601,2022,2023,10822,122.865,88.08,160997
2312700,2022,2023,24266,956.882,25.36,473900
2312809,2022,2023,7262,424.642,17.1,82270
2312908,2022,2023,203023,2068.474,98.15,6588929
2313005,2022,2023,18179,1535.855,11.84,370693
2313104,2022,2023,30652,1047.637,29.26,584614
2313203,2022,2023,24815,2014.543,12.32,319202
2313252,2022,2023,7529,412.719,18.24,116827
2313302,2022,2023,61227,4010.618,15.27,934349
2313351,2022,2023,17154,758.707,22.61,174349
2313401,2022,2023,81506,909.853,89.58,2265253
2313500,2022,2023,58415,928.725,62.9,1039083
2313559,2022,2023,15412,201.27,76.57,164401
2313609,2022,2023,32767,423.673,77.34,839887
2313708,2022,2023,6871,263.183,26.11,85633
2313757,2022,2023,17470,315.648,55.35,210672
2313807,2022,2023,20189,99.4,203.11,445294
2313906,2022,2023,13746,697.683,19.7,254534
2313955,2022,2023,18105,179.239,101.01,488084
2314003,2022,2023,38984,829.976,46.97,575214
2314102,2022,2023,59712,1310.91,45.55,723250
2400109,2022,2023,10597,608.466,17.42,195828
2400208,2022,2023,56496,1303.442,43.34,2170177
2400307,2022,2023,10839,576.179,18.81,160921
2400406,2022,2023,2946,50.684,58.12,42554
2400505,2022,2023,13640,381.205,35.78,209117
2400604,2022,2023,4687,128.038,36.61,68329
2400703,2022,2023,12484,191.334,65.25,902783
2400802,2022,2023,11632,741.582,15.69,257919
2400901,2022,2023,6577,244.897,26.86,79464
2401008,2022,2023,36093,1602.477,22.52,941920
2401107,2022,2023,24093,342.749,70.29,1089647
2401206,2022,2023,13251,115.407,114.82,471284
2401305,2022,2023,9730,890.89,10.92,136391
2401404,2022,2023,8825,247.484,35.66,335923
2401453,2022,2023,26913,825.681,32.59,991164
2401503,2022,2023,3986,152.626,26.12,63583
2401602,2022,2023,4807,301.069,15.97,128584
2401651,2022,2023,2306,253.519,9.1,240166
2401701,2022,2023,9952,122.035,81.55,140519
2401800,2022,2023,12202,61.559,198.22,168163
2401859,2022,2023,6293,225.633,27.89,119611
2401909,2022,2023,3268,261.194,12.51,474184
2402006,2022,2023,61146,1228.584,49.77,1735797
2402105,2022,2023,10215,213.727,47.79,131975
2402204,2022,2023,29668,245.485,120.85,615957
2402303,2022,2023,19727,1095.803,18,540233
2402402,2022,2023,7992,246.308,32.45,150902
2402501,2022,2023,9714,517.737,18.76,231816
2402600,2022,2023,79115,724.838,109.15,1260346
2402709,2022,2023,11000,393.573,27.95,225342
2402808,2022,2023,5117,185.748,27.55,65460
2402907,2022,2023,4237,117.139,36.17,54170
2403004,2022,2023,8005,295.83,27.06,154742
2403103,2022,2023,41313,864.349,47.8,955847
2403202,2022,2023,7044,113.737,61.93,106164
2403251,2022,2023,252716,124.006,2037.93,7608526
2403301,2022,2023,6016,125.749,47.84,75044
2403400,2022,2023,5360,264.985,20.23,90161
2403509,2022,2023,10620,135.838,78.18,126682
2403608,2022,2023,61635,140.639,438.25,986508
2403707,2022,2023,5944,268.591,22.13,302413
2403756,2022,2023,2938,322.628,9.11,61994
2403806,2022,2023,10196,507.892,20.08,152502
2403905,2022,2023,2700,181.558,14.87,42580
2404002,2022,2023,4122,63.279,65.14,58994
2404101,2022,2023,2104,340.769,6.17,165672
2404200,2022,2023,26741,192.279,139.07,646383
2404309,2022,2023,11938,1129.55,10.57,595842
2404408,2022,2023,9924,124.538,79.69,185921
2404507,2022,2023,15295,258.307,59.21,2581922
2404606,2022,2023,11615,312.028,37.22,168954
2404705,2022,2023,14131,374.245,37.76,263825
2404804,2022,2023,2035,127.348,15.98,42669
2404853,2022,2023,7292,203.624,35.81,179988
2404903,2022,2023,5320,133.031,39.99,90976
2405009,2022,2023,7834,54.561,143.58,100644
2405108,2022,2023,6562,442.754,14.82,363648
2405207,2022,2023,4746,303.448,15.64,104812
2405306,2022,2023,9051,170.737,53.01,102924
2405405,2022,2023,5117,188.99,27.08,69177
2405504,2022,2023,2437,254.022,9.59,69280
2405603,2022,2023,13977,330.53,42.29,276161
2405702,2022,2023,11655,367.645,31.7,244663
2405801,2022,2023,33290,714.961,46.56,1527022
2405900,2022,2023,2076,88.173,23.54,33800
2406007,2022,2023,5803,117.635,49.33,88302
2406106,2022,2023,17793,933.73,19.06,442765
2406155,2022,2023,3739,44.641,83.76,47291
2406205,2022,2023,6654,105.652,62.98,89996
2406304,2022,2023,7338,117.971,62.2,101030
2406403,2022,2023,2567,111.607,23,48944
2406502,2022,2023,15573,176.302,88.33,326107
2406601,2022,2023,8319,79.128,105.13,124483
2406700,2022,2023,9866,676.625,14.58,632670
2406809,2022,2023,4787,130.211,36.76,68290
2406908,2022,2023,3490,30.931,112.83,61082
2407005,2022,2023,9070,166.638,54.43,112399
2407104,2022,2023,82249,510.092,161.24,2455739
2407203,2022,2023,27369,775.302,35.3,1315680
2407252,2022,2023,3924,31.971,122.74,65725
2407302,2022,2023,7896,345.711,22.84,101177
2407401,2022,2023,8179,169.464,48.26,130557
2407500,2022,2023,10255,132.129,77.61,165454
2407609,2022,2023,4274,142.608,29.97,65325
2407708,2022,2023,11444,82.214,139.2,158962
2407807,2022,2023,23031,211.259,109.02,348751
2407906,2022,2023,2276,71.946,31.63,45922
2408003,2022,2023,264577,2099.334,126.03,10323666
2408102,2022,2023,751300,167.401,4488.03,31162043
2408201,2022,2023,31942,307.719,103.8,573358
2408300,2022,2023,34269,277.658,123.42,629221
2408409,2022,2023,3905,141.17,27.66,58972
2408508,2022,2023,4913,253.21,19.4,80889
2408607,2022,2023,3934,81.39,48.34,56062
2408706,2022,2023,3579,383.214,9.34,62150
2408805,2022,2023,4801,231.007,20.78,524974
2408904,2022,2023,21499,513.507,41.87,473775
2408953,2022,2023,10351,151.097,68.51,207249
2409100,2022,2023,10896,42.137,258.59,179582
2409209,2022,2023,3115,41.215,75.58,46583
2409308,2022,2023,11007,319.135,34.49,198146
2409332,2022,2023,4847,219.57,22.07,89729
2409407,2022,2023,30479,259.959,117.25,827724
2409506,2022,2023,3618,221.167,16.36,325405
2409605,2022,2023,2441,294.985,8.27,65240
2409704,2022,2023,6242,952.755,6.55,282103
2409803,2022,2023,13824,192.708,71.74,200896
2409902,2022,2023,12278,419.137,29.29,668530
2410009,2022,2023,2965,82.69,35.86,50550
2410108,2022,2023,12390,230.401,53.78,161103
2410207,2022,2023,7601,110.054,69.07,99832
2410256,2022,2023,5228,361.237,14.47,170409
2410306,2022,2023,10125,217.539,46.54,150413
2410405,2022,2023,9362,504.294,18.56,182889
2410504,2022,2023,5432,78.231,69.44,61865
2410603,2022,2023,2934,100.073,29.32,48290
2410702,2022,2023,2701,127.223,21.23,42857
2410801,2022,2023,4127,128.106,32.22,53836
2410900,2022,2023,7389,262.887,28.11,319931
2411007,2022,2023,4242,154.84,27.4,67765
2411056,2022,2023,5382,169.365,31.78,155095
2411106,2022,2023,3206,125.809,25.48,218239
2411205,2022,2023,37313,624.356,59.76,716309
2411403,2022,2023,12456,1422.268,8.76,207088
2411429,2022,2023,2696,188.403,14.31,51449
2411502,2022,2023,22177,301.082,73.66,339515
2411601,2022,2023,3304,288.761,11.44,394853
2411700,2022,2023,3792,190.818,19.87,58251
2411809,2022,2023,3492,404.427,8.63,77560
2411908,2022,2023,4161,75.588,55.05,74357
2412005,2022,2023,115838,249.8,463.72,2588564
2412104,2022,2023,5956,277.011,21.5,100073
2412203,2022,2023,47286,289.987,163.06,1457800
2412302,2022,2023,11121,341.115,32.6,165230
2412401,2022,2023,4558,174.505,26.12,106548
2412500,2022,2023,23537,166.233,141.59,420064
2412559,2022,2023,10221,431.444,23.69,712098
2412609,2022,2023,16786,240.425,69.82,290640
2412708,2022,2023,5776,195.237,29.58,72504
2412807,2022,2023,7711,469.101,16.44,108235
2412906,2022,2023,9972,862.585,11.56,184856
2413003,2022,2023,6310,197.817,31.9,100458
2413102,2022,2023,5965,152.376,39.15,79950
2413201,2022,2023,4065,26.1,155.75,114536
2413300,2022,2023,5703,96.628,59.02,84833
2413359,2022,2023,13091,620.241,21.11,685341
2413409,2022,2023,7597,562.396,13.51,162339
2413508,2022,2023,6436,193.351,33.29,92368
2413557,2022,2023,4659,122.375,38.07,64722
2413607,2022,2023,5487,157.85,34.76,96870
2413706,2022,2023,4654,213.456,21.8,64195
2413805,2022,2023,2338,124.093,18.84,43556
2413904,2022,2023,11422,352.818,32.37,184091
2414001,2022,2023,13281,339.484,39.12,225000
2414100,2022,2023,10262,223.671,45.88,142795
2414159,2022,2023,5891,68.556,85.93,120493
2414209,2022,2023,16929,102.68,164.87,576215
2414308,2022,2023,2348,135.456,17.33,47341
2414407,2022,2023,33035,753.961,43.82,1015670
2414456,2022,2023,3376,268.725,12.56,55944
2414506,2022,2023,10078,213.584,47.19,167072
2414605,2022,2023,13577,873.14,15.55,370220
2414704,2022,2023,5233,72.684,72,72803
2414753,2022,2023,3014,71.621,42.08,47870
2414803,2022,2023,10735,84.127,127.6,167326
2414902,2022,2023,1822,37.905,48.07,29717
2415008,2022,2023,3174,47.656,66.6,49863
2500106,2022,2023,9335,241.662,38.63,107368
2500205,2022,2023,5003,351.607,14.23,68585
2500304,2022,2023,26062,322.071,80.92,367232
2500403,2022,2023,21013,128.23,163.87,376825
2500502,2022,2023,13725,111.361,123.25,166686
2500536,2022,2023,5578,309.896,18,70348
2500577,2022,2023,2953,222.74,13.26,38483
2500601,2022,2023,21730,183.974,118.11,3148252
2500700,2022,2023,17964,476.238,37.72,286060
2500734,2022,2023,2234,122.094,18.3,37039
2500775,2022,2023,7960,291.478,27.31,147637
2500809,2022,2023,16646,232.177,71.7,233113
2500908,2022,2023,12212,91.306,133.75,133977
2501005,2022,2023,17189,246.717,69.67,244109
2501104,2022,2023,22633,269.13,84.1,355512
2501153,2022,2023,2005,114.078,17.58,27916
2501203,2022,2023,7128,35.81,199.05,81463
2501302,2022,2023,18705,376.118,49.73,327699
2501351,2022,2023,4152,132.139,31.42,56279
2501401,2022,2023,9224,102.756,89.77,130462
2501500,2022,2023,23134,255.641,90.49,370980
2501534,2022,2023,4762,50.03,95.18,62002
2501575,2022,2023,8059,375.177,21.48,115121
2501609,2022,2023,12904,781.187,16.52,187975
2501708,2022,2023,5906,609.697,9.69,101524
2501807,2022,2023,82742,27.705,2986.54,1899000
2501906,2022,2023,16401,99.609,164.65,268655
2502003,2022,2023,6268,601.549,10.42,93160
2502052,2022,2023,3504,57.453,60.99,53721
2502102,2022,2023,5207,168.664,30.87,63601
2502151,2022,2023,6377,468.933,13.6,319446
2502201,2022,2023,2286,47.367,48.26,40310
2502300,2022,2023,4661,186.059,25.05,66561
2502409,2022,2023,10252,226.798,45.2,119586
2502508,2022,2023,17598,373.077,47.17,302850
2502607,2022,2023,5648,197.058,28.66,73095
2502706,2022,2023,4214,26.107,161.41,80671
2502805,2022,2023,13613,401.315,33.92,207305
2502904,2022,2023,5742,93.857,61.18,79111
2503001,2022,2023,21193,151.018,140.33,545157
2503100,2022,2023,5335,469.171,11.37,171069
2503209,2022,2023,66519,29.873,2226.73,4092777
2503308,2022,2023,9151,193.215,47.36,153125
2503407,2022,2023,3291,213.018,15.45,45669
2503506,2022,2023,16064,165.072,97.32,179299
2503555,2022,2023,7223,124.068,58.22,84005
2503605,2022,2023,6602,123.677,53.38,83428
2503704,2022,2023,63239,562.703,112.38,1808447
2503753,2022,2023,2740,282.693,9.69,51075
2503803,2022,2023,5753,55.963,102.8,92129
2503902,2022,2023,6085,541.841,11.23,87713
2504009,2022,2023,419379,591.658,708.82,12908743
2504033,2022,2023,6970,79.876,87.26,101592
2504074,2022,2023,3944,486.622,8.1,55068
2504108,2022,2023,2312,59.07,39.14,39802
2504157,2022,2023,6889,202.761,33.98,83914
2504207,2022,2023,4491,527.424,8.51,63519
2504306,2022,2023,30661,551.765,55.57,622714
2504355,2022,2023,5254,117.823,44.59,87217
2504405,2022,2023,18260,580.65,31.45,257651
2504504,2022,2023,6451,265.473,24.3,89037
2504603,2022,2023,27605,171.267,161.18,1648300
2504702,2022,2023,4933,324.686,15.19,85465
2504801,2022,2023,14683,372.012,39.47,255021
2504850,2022,2023,1824,173.942,10.49,30936
2504900,2022,2023,17095,192.512,88.8,253013
2505006,2022,2023,7580,163.57,46.34,102129
2505105,2022,2023,19719,733.818,26.87,273447
2505204,2022,2023,6730,42.091,159.89,87664
2505238,2022,2023,6251,107.68,58.05,85105
2505279,2022,2023,5254,86.428,60.79,74436
2505303,2022,2023,2292,217.624,10.53,33783
2505352,2022,2023,4982,186.198,26.76,62654
2505402,2022,2023,8067,182.018,44.32,94774
2505501,2022,2023,3641,60.39,60.29,50452
2505600,2022,2023,6299,271.791,23.18,75548
2505709,2022,2023,10380,173.648,59.78,117418
2505808,2022,2023,3327,27.012,123.17,51973
2505907,2022,2023,3011,248.226,12.13,46042
2506004,2022,2023,31231,157.851,197.85,851650
2506103,2022,2023,11049,185.061,59.7,135441
2506202,2022,2023,2846,238.658,11.93,38774
2506251,2022,2023,8179,192.42,42.51,101801
2506301,2022,2023,57484,162.387,353.99,1489288
2506400,2022,2023,13766,340.408,40.44,201227
2506509,2022,2023,3242,344.502,9.41,50413
2506608,2022,2023,5631,240.357,23.43,63597
2506707,2022,2023,10392,317.804,32.7,105988
2506806,2022,2023,17692,262.179,67.48,270159
2506905,2022,2023,23182,210.572,110.09,417387
2507002,2022,2023,23940,460.21,52.02,445867
2507101,2022,2023,18382,145.806,126.07,261025
2507200,2022,2023,10499,251.749,41.7,211522
2507309,2022,2023,14477,256.845,56.36,217258
2507408,2022,2023,7516,177.356,42.38,95979
2507507,2022,2023,833932,210.044,3970.27,28442131
2507606,2022,2023,7796,75.678,103.02,93223
2507705,2022,2023,17007,474.606,35.83,259622
2507804,2022,2023,6793,180.425,37.65,128192
2507903,2022,2023,10012,78.706,127.21,150461
2508000,2022,2023,9234,395.075,23.37,111022
2508109,2022,2023,4415,176.649,24.99,65991
2508208,2022,2023,7819,83.508,93.63,104437
2508307,2022,2023,27730,108.219,256.24,416794
2508406,2022,2023,3162,107.416,29.44,37248
2508505,2022,2023,6877,266.948,25.76,83602
2508554,2022,2023,4797,42.876,111.88,65569
2508604,2022,2023,12560,93.8,133.9,279944
2508703,2022,2023,3583,228.676,15.67,45505
2508802,2022,2023,6046,172.01,35.15,77516
2508901,2022,2023,44599,337.434,132.17,1086800
2509008,2022,2023,10434,352.025,29.64,110034
2509057,2022,2023,8999,122.665,73.36,123336
2509107,2022,2023,21512,155.265,138.55,303052
2509156,2022,2023,6705,69.952,95.85,97757
2509206,2022,2023,14139,209.402,67.52,196173
2509305,2022,2023,8244,182.439,45.19,231046
2509339,2022,2023,4571,36.522,125.16,80821
2509370,2022,2023,2543,85.275,29.82,38900
2509396,2022,2023,6433,83.053,77.46,79510
2509404,2022,2023,13899,214.093,64.92,220317
2509503,2022,2023,5812,31.793,182.81,68335
2509602,2022,2023,4338,116.854,37.12,59800
2509701,2022,2023,32277,992.62,32.52,842417
2509800,2022,2023,8791,187.259,46.95,111589
2509909,2022,2023,8945,202.173,44.24,116149
2510006,2022,2023,7203,193.203,37.28,81441
2510105,2022,2023,9724,47.572,204.41,114955
2510204,2022,2023,5787,81.516,70.99,69482
2510303,2022,2023,4259,314.748,13.53,54633
2510402,2022,2023,6060,580.47,10.44,76534
2510501,2022,2023,3580,314.625,11.38,53270
2510600,2022,2023,2918,128.11,22.78,47542
2510659,2022,2023,1720,207.814,8.28,28042
2510709,2022,2023,2463,123.422,19.96,35352
2510808,2022,2023,103165,472.892,218.16,2555214
2510907,2022,2023,11834,577.379,20.5,200281
2511004,2022,2023,3739,116.873,31.99,48602
2511103,2022,2023,6859,335.615,20.44,94715
2511202,2022,2023,29662,406.729,72.93,836969
2511301,2022,2023,16441,576.986,28.49,246685
2511400,2022,2023,18333,667.714,27.46,270316
2511509,2022,2023,12311,103.306,119.17,158901
2511608,2022,2023,6815,65.574,103.93,133896
2511707,2022,2023,5329,40.908,130.27,64516
2511806,2022,2023,9340,80.672,115.78,120990
2511905,2022,2023,16751,135.801,123.35,479172
2512002,2022,2023,17469,623.967,28,334112
2512036,2022,2023,3830,97.758,39.18,56713
2512077,2022,2023,4006,94.646,42.33,61655
2512101,2022,2023,32473,894.099,36.32,594290
2512200,2022,2023,3915,201.788,19.4,83660
2512309,2022,2023,21114,368.569,57.29,343379
2512408,2022,2023,14277,71.118,200.75,189387
2512507,2022,2023,47658,402.748,118.33,788732
2512606,2022,2023,1743,147.158,11.84,30647
2512705,2022,2023,17885,183.459,97.49,224366
2512721,2022,2023,5766,74.216,77.69,70516
2512747,2022,2023,2927,85.291,34.32,42007
2512754,2022,2023,4690,40.281,116.43,68122
2512762,2022,2023,4738,40.46,117.1,73546
2512788,2022,2023,1955,93.654,20.87,35322
2512804,2022,2023,8493,262.532,32.35,111761
2512903,2022,2023,24581,465.24,52.84,393104
2513000,2022,2023,3355,179.005,18.74,40278
2513109,2022,2023,11505,204.079,56.38,177321
2513158,2022,2023,7670,217.577,35.25,90463
2513208,2022,2023,5947,217.677,27.32,74312
2513307,2022,2023,5865,211.143,27.78,84256
2513356,2022,2023,3227,327.635,9.85,40015
2513406,2022,2023,14959,440.766,33.94,573425
2513505,2022,2023,5010,405.164,12.37,60940
2513604,2022,2023,6569,361.484,18.17,81502
2513653,2022,2023,2539,71.799,35.36,43129
2513703,2022,2023,149910,718.576,208.62,3163544
2513802,2022,2023,4402,359.442,12.25,66909
2513851,2022,2023,2622,197.791,13.26,40211
2513901,2022,2023,32235,245.84,131.12,724346
2513927,2022,2023,4327,199.635,21.67,64264
2513943,2022,2023,2585,233.835,11.05,39709
2513968,2022,2023,2595,170.361,15.23,44068
2513984,2022,2023,3137,90.724,34.58,48447
2514008,2022,2023,4226,612.966,6.89,71555
2514107,2022,2023,4263,812.617,5.25,51496
2514206,2022,2023,7126,333.724,21.35,87269
2514305,2022,2023,5034,183.273,27.47,63973
2514404,2022,2023,4083,726.757,5.62,66469
2514453,2022,2023,5891,100.642,58.53,78200
2514503,2022,2023,19067,686.918,27.76,289437
2514552,2022,2023,3416,158.052,21.61,43362
2514602,2022,2023,3242,153.629,21.1,41022
2514651,2022,2023,1699,253.787,6.69,36303
2514701,2022,2023,4138,213.555,19.38,129591
2514800,2022,2023,3411,376.661,9.06,44795
2514909,2022,2023,7470,533.446,14,101241
2515005,2022,2023,7066,92.413,76.46,122551
2515104,2022,2023,11040,46.372,238.07,133993
2515203,2022,2023,3279,464.327,7.06,46472
2515302,2022,2023,51306,313.678,163.56,852471
2515401,2022,2023,10291,262.751,39.17,112003
2515500,2022,2023,13614,698.102,19.5,187052
2515609,2022,2023,3094,31.679,97.67,47507
2515708,2022,2023,2942,64.352,45.72,40406
2515807,2022,2023,6828,55.197,123.7,74715
2515906,2022,2023,4885,65.062,75.08,79579
2515930,2022,2023,5054,32.455,155.72,71175
2515971,2022,2023,8236,61.953,132.94,135262
2516003,2022,2023,26774,233.043,114.89,428475
2516102,2022,2023,13968,578.178,24.16,319643
2516151,2022,2023,3345,147.264,22.71,47775
2516201,2022,2023,67259,728.492,92.33,1714770
2516300,2022,2023,17166,833.315,20.6,255601
2516409,2022,2023,8010,245.236,32.66,106670
2516508,2022,2023,14068,628.365,22.39,169781
2516607,2022,2023,14101,239.507,58.88,167333
2516706,2022,2023,14631,155.452,94.12,222479
2516755,2022,2023,2966,87.452,33.92,40231
2516805,2022,2023,9892,224.336,44.09,121796
2516904,2022,2023,14930,293.182,50.92,245510
2517001,2022,2023,9124,185.578,49.17,118557
2517100,2022,2023,2668,191.282,13.95,46408
2517209,2022,2023,4864,147.098,33.07,59242
2517407,2022,2023,2228,106.811,20.86,35337
2600054,2022,2023,98462,126.384,779.07,2129775
2600104,2022,2023,40241,377.696,106.54,651001
2600203,2022,2023,18674,1490.594,12.53,271668
2600302,2022,2023,23779,200.369,118.68,368076
2600401,2022,2023,26461,531.935,49.74,263642
2600500,2022,2023,41548,885.988,46.89,489637
2600609,2022,2023,13542,214.267,63.2,199751
2600708,2022,2023,35741,272.773,131.03,472449
2600807,2022,2023,20674,450.178,45.92,302022
2600906,2022,2023,18205,233.239,78.05,307792
2601003,2022,2023,10241,118.088,86.72,186927
2601052,2022,2023,19243,96.36,199.7,203113
2601102,2022,2023,85088,2037.394,41.76,1777713
2601201,2022,2023,77742,343.923,226.04,1503621
2601300,2022,2023,12263,118.639,103.36,197017
2601409,2022,2023,40121,233.433,171.87,645437
2601508,2022,2023,10378,73.145,141.88,110733
2601607,2022,2023,18301,1830.797,10,715390
2601706,2022,2023,79507,647.445,122.8,3429628
2601805,2022,2023,11232,1244.074,9.03,125498
2601904,2022,2023,61694,492.632,125.23,1089685
2602001,2022,2023,34478,1621.786,21.26,388247
2602100,2022,2023,44294,792.185,55.91,801671
2602209,2022,2023,37629,224.108,167.91,419042
2602308,2022,2023,37474,393.191,95.31,736191
2602407,2022,2023,9079,159.786,56.82,226948
2602506,2022,2023,7720,106.039,72.8,95683
2602605,2022,2023,48648,762.346,63.81,530035
2602704,2022,2023,12808,93.187,137.44,163217
2602803,2022,2023,52097,1336.544,38.98,647063
2602902,2022,2023,203440,445.386,456.77,15897620
2603009,2022,2023,30294,1658.616,18.26,536175
2603108,2022,2023,19899,179.262,111.01,290338
2603207,2022,2023,28827,294.946,97.74,503212
2603306,2022,2023,11093,121.945,90.97,134331
2603405,2022,2023,5228,179.314,29.16,62249
2603454,2022,2023,147771,51.321,2879.35,2436552
2603504,2022,2023,17419,72.01,241.9,209246
2603603,2022,2023,7750,39.116,198.13,427495
2603702,2022,2023,24329,423.168,57.49,364996
2603801,2022,2023,18338,337.13,54.39,266090
2603900,2022,2023,18644,427.802,43.58,212891
2603926,2022,2023,12239,1004.667,12.18,107059
2604007,2022,2023,79293,147.017,539.35,1937470
2604106,2022,2023,378048,923.15,409.52,11238434
2604155,2022,2023,12967,115.868,111.91,125631
2604205,2022,2023,32156,208.594,154.16,390075
2604304,2022,2023,10518,148.746,70.71,133554
2604403,2022,2023,12984,49.327,263.22,190273
2604502,2022,2023,20546,84.787,242.32,325129
2604601,2022,2023,24587,89.645,274.27,294987
2604700,2022,2023,17131,317.793,53.91,211880
2604809,2022,2023,10198,102.852,99.15,147761
2604908,2022,2023,15920,292.231,54.48,163890
2605004,2022,2023,23518,95.155,247.15,355809
2605103,2022,2023,37699,1404.126,26.85,759609
2605152,2022,2023,17188,1539.052,11.17,311854
2605202,2022,2023,59891,342.584,174.82,1582303
2605301,2022,2023,31843,1336.786,23.82,440315
2605400,2022,2023,21427,107.726,198.9,274542
2605459,2022,2023,3167,18.609,170.19,304923
2605509,2022,2023,15026,92.516,162.42,171423
2605608,2022,2023,20347,995.558,20.44,245679
2605707,2022,2023,30137,3604.948,8.36,583259
2605806,2022,2023,13636,212.707,64.11,152032
2605905,2022,2023,18214,257.781,70.66,248184
2606002,2022,2023,142506,458.552,310.77,3834635
2606101,2022,2023,29347,234.708,125.04,626114
2606200,2022,2023,81055,445.405,181.98,13893623
2606309,2022,2023,6967,521.69,13.35,91071
2606408,2022,2023,86516,507.36,170.52,1637743
2606507,2022,2023,17165,635.137,27.03,236013
2606606,2022,2023,26593,1882.498,14.13,425355
2606705,2022,2023,7140,189.596,37.66,99153
2606804,2022,2023,115196,306.879,375.38,3770816
2606903,2022,2023,11081,838.132,13.22,122068
2607000,2022,2023,25603,1231.362,20.79,276204
2607109,2022,2023,4765,243.586,19.56,65457
2607208,2022,2023,98932,521.801,189.6,17972323
2607307,2022,2023,29009,693.914,41.8,412535
2607406,2022,2023,4284,430.038,9.96,82430
2607505,2022,2023,32650,1061.694,30.75,390249
2607604,2022,2023,24540,66.146,371,298295
2607653,2022,2023,34935,304.006,114.92,586823
2607703,2022,2023,13791,411.901,33.48,170269
2607752,2022,2023,27749,73.968,375.15,3258624
2607802,2022,2023,16554,162.739,101.72,223249
2607901,2022,2023,644037,258.724,2489.28,20281298
2607950,2022,2023,10247,87.208,117.5,129334
2608008,2022,2023,15843,714.601,22.17,192384
2608057,2022,2023,14020,277.862,50.46,183614
2608107,2022,2023,27725,134.147,206.68,354879
2608206,2022,2023,13269,122.592,108.24,164491
2608255,2022,2023,11517,120.527,95.56,142790
2608305,2022,2023,15329,104.835,146.22,247150
2608404,2022,2023,13648,148.254,92.06,146166
2608453,2022,2023,17981,69.666,258.1,327921
2608503,2022,2023,19003,56.131,338.55,551074
2608602,2022,2023,11933,198.762,60.04,150180
2608701,2022,2023,14076,224.947,62.57,168831
2608750,2022,2023,24088,1850.07,13.02,713609
2608800,2022,2023,39582,189.096,209.32,706467
2608909,2022,2023,56510,273.733,206.44,991140
2609006,2022,2023,23879,108.049,221,359208
2609105,2022,2023,11333,61.619,183.92,271714
2609154,2022,2023,23763,344.685,68.94,183154
2609204,2022,2023,9359,199.865,46.83,110045
2609303,2022,2023,14166,821.676,17.24,221207
2609402,2022,2023,55292,194.197,284.72,1118309
2609501,2022,2023,30648,130.572,234.72,777087
2609600,2022,2023,349976,41.3,8474,7024917
2609709,2022,2023,21808,138.521,157.43,582870
2609808,2022,2023,13613,554.76,24.54,192309
2609907,2022,2023,65245,2381.57,27.4,1016704
2610004,2022,2023,54584,339.401,160.82,1156052
2610103,2022,2023,7031,168.796,41.65,91362
2610202,2022,2023,22991,380.428,60.43,239945
2610301,2022,2023,12199,185.371,65.81,306364
2610400,2022,2023,18612,2609.548,7.13,268156
2610509,2022,2023,28340,327.21,86.61,293500
2610608,2022,2023,56665,269.651,210.14,1151981
2610707,2022,2023,342167,96.932,3529.97,6999013
2610806,2022,2023,22795,922.602,24.71,426036
2610905,2022,2023,62722,960.042,65.33,1082144
2611002,2022,2023,34161,1056.589,32.33,1568603
2611101,2022,2023,386791,4561.87,84.79,10577530
2611200,2022,2023,10500,205.119,51.19,132807
2611309,2022,2023,27552,239.832,114.88,635845
2611408,2022,2023,13838,113.135,122.31,320399
2611507,2022,2023,17928,230.617,77.74,211463
2611533,2022,2023,6554,210.705,31.11,75902
2611606,2022,2023,1488920,218.843,6803.6,66351305
2611705,2022,2023,20639,314.003,65.73,289327
2611804,2022,2023,33507,289.566,115.71,601649
2611903,2022,2023,20009,227.458,87.97,374545
2612000,2022,2023,10887,190.455,57.16,204199
2612109,2022,2023,5727,87.217,65.66,76619
2612208,2022,2023,62372,1678.564,37.16,1389969
2612307,2022,2023,13836,251.549,55,251854
2612406,2022,2023,18624,268.065,69.48,269694
2612455,2022,2023,13841,1245.983,11.11,156125
2612471,2022,2023,11567,114.932,100.64,143723
2612505,2022,2023,98254,335.309,293.03,2125695
2612554,2022,2023,12106,1005.341,12.04,133150
2612604,2022,2023,40578,3000.774,13.52,781893
2612703,2022,2023,14013,92.148,152.07,151435
2612802,2022,2023,10244,200.327,51.14,122739
2612901,2022,2023,13113,160.477,81.71,129076
2613008,2022,2023,49449,719.148,68.76,1909078
2613107,2022,2023,37126,382.483,97.07,575982
2613206,2022,2023,23837,258.519,92.21,374387
2613305,2022,2023,20037,227.385,88.12,258411
2613404,2022,2023,18825,69.184,272.1,389471
2613503,2022,2023,34843,1474.086,23.64,529903
2613602,2022,2023,31004,774.037,40.05,471426
2613701,2022,2023,111249,263.687,421.9,1791059
2613800,2022,2023,16677,112.554,148.17,384212
2613909,2022,2023,92228,2980.007,30.95,2003113
2614006,2022,2023,18207,1535.19,11.86,195989
2614105,2022,2023,32811,2421.527,13.55,404067
2614204,2022,2023,37596,374.321,100.44,861417
2614303,2022,2023,10540,404.287,26.07,106462
2614402,2022,2023,5210,138.398,37.65,63051
2614501,2022,2023,64120,252.896,253.54,1131954
2614600,2022,2023,27681,390.434,70.9,358223
2614709,2022,2023,13738,227.601,60.36,221749
2614808,2022,2023,23902,1264.532,18.9,262198
2614857,2022,2023,23561,213.75,110.23,432297
2615003,2022,2023,24736,475.184,52.06,402088
2615102,2022,2023,6513,151.45,43,91621
2615201,2022,2023,8920,318.709,27.99,125359
2615300,2022,2023,46147,287.683,160.41,905265
2615409,2022,2023,41137,25.704,1600.41,812755
2615508,2022,2023,13867,137.321,100.98,198570
2615607,2022,2023,30321,295.765,102.52,654211
2615706,2022,2023,14705,191.518,76.78,202205
2615805,2022,2023,26937,934.801,28.82,275931
2615904,2022,2023,8005,189.509,42.24,95042
2616001,2022,2023,17251,336.107,51.33,291065
2616100,2022,2023,9169,476.039,19.26,103221
2616183,2022,2023,7558,73.631,102.65,93452
2616209,2022,2023,21959,196.325,111.85,228836
2616308,2022,2023,26359,228.017,115.6,615581
2616407,2022,2023,134084,336.573,398.38,6095992
2616506,2022,2023,11611,110.815,104.78,201330
2700102,2022,2023,19008,468.229,40.6,246052
2700201,2022,2023,13966,186.134,75.03,276952
2700300,2022,2023,234696,345.655,678.99,6880940
2700409,2022,2023,37512,533.258,70.34,1637107
2700508,2022,2023,16365,131.364,124.58,358501
2700607,2022,2023,7944,74.247,106.99,304436
2700706,2022,2023,16448,315.87,52.07,308733
2700805,2022,2023,4722,66.628,70.87,187160
2700904,2022,2023,5936,334.136,17.77,196377
2701001,2022,2023,21187,193.002,109.78,565491
2701100,2022,2023,9603,168.048,57.14,849267
2701209,2022,2023,10482,281.692,37.21,195083
2701308,2022,2023,16024,94.357,169.82,223748
2701357,2022,2023,6665,65.91,101.12,109805
2701407,2022,2023,32106,312.726,102.66,884685
2701506,2022,2023,8143,170.144,47.86,113470
2701605,2022,2023,15559,602.778,25.81,235141
2701704,2022,2023,15032,263.735,57,250653
2701803,2022,2023,8999,111.696,80.57,97601
2701902,2022,2023,5910,157.831,37.45,289693
2702009,2022,2023,10810,88.759,121.79,234385
2702108,2022,2023,15816,207.935,76.06,367109
2702207,2022,2023,5581,39.608,140.91,115662
2702306,2022,2023,50414,897.8,56.15,2400819
2702355,2022,2023,25397,278.879,91.07,450187
2702405,2022,2023,51318,628.545,81.65,911191
2702504,2022,2023,9805,141.621,69.23,140027
2702553,2022,2023,15429,260.772,59.17,177063
2702603,2022,2023,22712,175.906,129.11,500385
2702702,2022,2023,3963,110.062,36.01,218958
2702801,2022,2023,9618,333.756,28.82,251580
2702900,2022,2023,36102,513.454,70.31,602812
2703007,2022,2023,13731,265.312,51.75,223883
2703106,2022,2023,23995,334.346,71.77,328695
2703205,2022,2023,21372,426.538,50.11,697572
2703304,2022,2023,15167,372.019,40.77,210039
2703403,2022,2023,5083,148.992,34.12,78412
2703502,2022,2023,5352,208.738,25.64,144753
2703601,2022,2023,9219,85.356,108.01,329293
2703700,2022,2023,4985,105.416,47.29,81577
2703759,2022,2023,9470,334.265,28.33,456621
2703809,2022,2023,17150,298.17,57.52,541697
2703908,2022,2023,4092,88.793,46.08,92728
2704005,2022,2023,23907,247.724,96.51,705482
2704104,2022,2023,18457,83.621,220.72,333780
2704203,2022,2023,24740,309.205,80.01,806003
2704302,2022,2023,957916,509.32,1880.77,33749576
2704401,2022,2023,17700,442.744,39.98,296433
2704500,2022,2023,32174,334.165,96.28,1219926
2704609,2022,2023,9534,332.37,28.68,134024
2704708,2022,2023,60370,340.98,177.05,3185683
2704807,2022,2023,13679,180.107,75.95,222264
2704906,2022,2023,3155,91.741,34.39,51607
2705002,2022,2023,21844,914.722,23.88,400974
2705101,2022,2023,23857,238.113,100.19,514991
2705200,2022,2023,15405,114.156,134.95,351253
2705309,2022,2023,4845,167.462,28.93,90125
2705408,2022,2023,7184,86.604,82.95,109208
2705507,2022,2023,25187,418.028,60.25,1080389
2705606,2022,2023,10020,215.547,46.49,240603
2705705,2022,2023,20695,188.221,109.95,343111
2705804,2022,2023,8349,327.678,25.48,100592
2705903,2022,2023,4330,117.006,37.01,72758
2706000,2022,2023,10812,175.288,61.68,135134
2706109,2022,2023,11446,196.56,58.23,150495
2706208,2022,2023,4325,38.189,113.25,48822
2706307,2022,2023,71574,450.99,158.7,1367252
2706406,2022,2023,23823,688.87,34.58,282237
2706422,2022,2023,10573,254.719,41.51,119510
2706448,2022,2023,13835,92.788,149.1,302559
2706505,2022,2023,13804,251.29,54.93,378391
2706604,2022,2023,6576,118.457,55.51,108187
2706703,2022,2023,58650,688.452,85.19,1159276
2706802,2022,2023,15908,243.686,65.28,480484
2706901,2022,2023,35370,259.614,136.24,957605
2707008,2022,2023,2731,117.086,23.32,53808
2707107,2022,2023,22609,403.995,55.96,358241
2707206,2022,2023,12518,284.26,44.04,146801
2707305,2022,2023,24071,313.231,76.85,544520
2707404,2022,2023,9295,257.105,36.15,451598
2707503,2022,2023,20082,235.852,85.15,294351
2707602,2022,2023,11080,319.829,34.64,195018
2707701,2022,2023,93927,293.816,319.68,2032761
2707800,2022,2023,6474,128.926,50.21,247076
2707909,2022,2023,6919,28.857,239.77,199948
2708006,2022,2023,46220,436.16,105.97,863267
2708105,2022,2023,11323,232.169,48.77,1127361
2708204,2022,2023,6555,139.038,47.15,123934
2708303,2022,2023,20813,256.603,81.11,816993
2708402,2022,2023,30604,490.879,62.35,421128
2708501,2022,2023,30873,397.257,77.72,1052903
2708600,2022,2023,51990,335.683,154.88,1594206
2708709,2022,2023,8482,76.731,110.54,308510
2708808,2022,2023,31786,314.924,100.93,736908
2708907,2022,2023,24278,41.268,588.3,369184
2708956,2022,2023,12303,338.569,36.34,137332
2709004,2022,2023,5796,124.617,46.51,92869
2709103,2022,2023,19032,153.841,123.71,664759
2709152,2022,2023,38053,299.221,127.17,941856
2709202,2022,2023,23565,681.577,34.57,357715
2709301,2022,2023,59280,420.376,141.02,1693998
2709400,2022,2023,24092,367.888,65.49,596814
2800100,2022,2023,2170,35.683,60.81,49412
2800209,2022,2023,20131,359.543,55.99,362299
2800308,2022,2023,602757,182.163,3308.89,22291877
2800407,2022,2023,10318,198.967,51.86,203787
2800506,2022,2023,18081,148.134,122.06,353834
2800605,2022,2023,41511,92.268,449.9,2478982
2800670,2022,2023,24636,205.443,119.92,436636
2800704,2022,2023,7841,141.464,55.43,122926
2801009,2022,2023,18149,201.518,90.06,354386
2801108,2022,2023,3791,171.581,22.09,95135
2801207,2022,2023,26834,934.167,28.73,2967957
2801306,2022,2023,31645,442.211,71.56,595061
2801405,2022,2023,19939,638.743,31.22,723769
2801504,2022,2023,13853,46.395,298.59,464417
2801603,2022,2023,5391,83.711,64.4,84949
2801702,2022,2023,17100,228.556,74.82,589914
2801900,2022,2023,3824,128.393,29.78,82671
2802007,2022,2023,4340,90.508,47.95,240797
2802106,2022,2023,65078,647.344,100.53,1473225
2802205,2022,2023,5975,183.273,32.6,169357
2802304,2022,2023,14530,399.178,36.4,551019
2802403,2022,2023,11096,656.956,16.89,217566
2802502,2022,2023,3037,19.793,153.44,50397
2802601,2022,2023,5834,242.679,24.04,139799
2802700,2022,2023,8321,52.693,157.91,118392
2802809,2022,2023,16549,316.316,52.32,322888
2802908,2022,2023,103440,337.295,306.68,2942686
2803005,2022,2023,40678,501.794,81.07,865772
2803104,2022,2023,4745,183.422,25.87,101138
2803203,2022,2023,34411,739.702,46.52,562366
2803302,2022,2023,16209,365.677,44.33,549070
2803401,2022,2023,13407,402.353,33.32,298620
2803500,2022,2023,101579,968.921,104.84,2177825
2803609,2022,2023,23975,162.273,147.74,638033
2803708,2022,2023,6838,137.496,49.73,136318
2803807,2022,2023,3579,63.199,56.63,67244
2803906,2022,2023,11533,101.888,113.19,224467
2804003,2022,2023,15719,95.554,164.5,320963
2804102,2022,2023,11050,95.416,115.81,280140
2804201,2022,2023,14336,386.912,37.05,337201
2804300,2022,2023,7822,74.31,105.26,112544
2804409,2022,2023,16426,271.323,60.54,382705
2804458,2022,2023,9232,340.772,27.09,209605
2804508,2022,2023,41212,758.429,54.34,1048320
2804607,2022,2023,24996,482.412,51.81,540610
2804706,2022,2023,6268,83.767,74.83,115910
2804805,2022,2023,192330,155.018,1240.69,2852077
2804904,2022,2023,12502,381.428,32.78,219432
2805000,2022,2023,2778,82.211,33.79,74512
2805109,2022,2023,7396,33.344,221.81,128570
2805208,2022,2023,5677,156.373,36.3,141417
2805307,2022,2023,7913,208.681,37.92,155336
2805406,2022,2023,33439,1220.426,27.4,763539
2805505,2022,2023,21794,441.326,49.38,388823
2805604,2022,2023,26576,878.043,30.27,637808
2805703,2022,2023,26618,96.32,276.35,614880
2805802,2022,2023,18313,530.607,34.51,419339
2805901,2022,2023,8748,78.308,111.71,240563
2806008,2022,2023,17033,259.044,65.75,372071
2806107,2022,2023,9295,102.683,90.52,391878
2806206,2022,2023,20279,247.579,81.91,320943
2806305,2022,2023,13616,325.258,41.86,238278
2806404,2022,2023,7346,44.017,166.89,160615
2806503,2022,2023,3937,67.672,58.18,59186
2806602,2022,2023,11092,236.965,46.81,227942
2806701,2022,2023,95612,438.037,218.27,1392938
2806800,2022,2023,10327,101.999,101.25,161345
2806909,2022,2023,3243,83.985,38.61,61511
2807006,2022,2023,3434,144.868,23.7,79123
2807105,2022,2023,42578,560.199,76.01,925387
2807204,2022,2023,7834,168.343,46.54,201981
2807303,2022,2023,3274,47.86,68.41,53467
2807402,2022,2023,50905,1024.645,49.68,1150010
2807501,2022,2023,12012,304.837,39.4,208833
2807600,2022,2023,23917,117.514,203.52,721872
2900108,2022,2023,7301,538.677,13.55,84854
2900207,2022,2023,17639,1604.923,10.99,224239
2900306,2022,2023,13795,181.475,76.02,186446
2900355,2022,2023,14201,629.099,22.57,275494
2900405,2022,2023,14497,742.775,19.52,174798
2900504,2022,2023,10604,735.249,14.42,102934
2900603,2022,2023,4447,167.877,26.49,75418
2900702,2022,2023,151055,707.835,213.4,5705227
2900801,2022,2023,24530,1477.929,16.6,439082
2900900,2022,2023,5218,245.236,21.28,79711
2901007,2022,2023,36521,431.655,84.61,608765
2901106,2022,2023,24138,166.872,144.65,521349
2901155,2022,2023,15137,822.373,18.41,198616
2901205,2022,2023,25438,1899.683,13.39,299895
2901304,2022,2023,13080,1590.316,8.22,178408
2901353,2022,2023,15012,1362.386,11.02,252206
2901403,2022,2023,13732,1530.05,8.97,229298
2901502,2022,2023,11031,187.84,58.73,118552
2901601,2022,2023,14206,319.745,44.43,197870
2901700,2022,2023,11146,293.53,37.97,138793
2901809,2022,2023,10862,345.284,31.46,108500
2901908,2022,2023,15922,479.262,33.22,191758
2901957,2022,2023,6913,150.83,45.83,90729
2902005,2022,2023,13936,1489.803,9.35,174004
2902054,2022,2023,11557,474.577,24.35,325622
2902104,2022,2023,48294,1496.245,32.28,642812
2902203,2022,2023,9833,368.947,26.65,138749
2902252,2022,2023,10191,435.962,23.38,135073
2902302,2022,2023,8677,174.012,49.86,107370
2902401,2022,2023,11179,445.394,25.1,180021
2902500,2022,2023,13614,3320.723,4.1,362686
2902609,2022,2023,18220,967.514,18.83,226704
2902658,2022,2023,11958,409.507,29.2,152081
2902708,2022,2023,51092,11428.112,4.47,558493
2902807,2022,2023,26026,1657.413,15.7,589439
2902906,2022,2023,36539,765.936,47.71,540750
2903003,2022,2023,13836,1436.298,9.63,143356
2903102,2022,2023,5775,214.411,26.93,107927
2903201,2022,2023,159734,8051.274,19.84,9499499
2903235,2022,2023,13453,414.51,32.46,137538
2903276,2022,2023,15203,207.297,73.34,289668
2903300,2022,2023,5833,201.585,28.94,112869
2903409,2022,2023,20121,1939.447,10.37,432368
2903508,2022,2023,18412,772.756,23.83,217596
2903607,2022,2023,15146,553.762,27.35,234654
2903706,2022,2023,13690,848.857,16.13,144910
2903805,2022,2023,16873,2972.109,5.68,187249
2903904,2022,2023,65550,4115.51,15.93,1554154
2903953,2022,2023,9730,467.909,20.79,92366
2904001,2022,2023,13622,896.857,15.19,146376
2904050,2022,2023,15844,791.276,20.02,265009
2904100,2022,2023,19322,1426.233,13.55,221071
2904209,2022,2023,11024,627.612,17.56,132225
2904308,2022,2023,12943,518.566,24.96,168676
2904407,2022,2023,9108,2247.208,4.05,146903
2904506,2022,2023,11765,2520.817,4.67,141253
2904605,2022,2023,70510,2207.612,31.94,1931839
2904704,2022,2023,14804,219.487,67.45,237932
2904753,2022,2023,19589,4046.736,4.84,191820
2904803,2022,2023,6205,512.436,12.11,97532
2904852,2022,2023,16559,222.026,74.58,186028
2904902,2022,2023,29250,394.894,74.07,521416
2905008,2022,2023,22462,610.983,36.76,429993
2905107,2022,2023,10384,540.908,19.2,127401
2905156,2022,2023,11266,767.146,14.69,114113
2905206,2022,2023,52012,2651.536,19.62,1216743
2905305,2022,2023,17466,643.66,27.14,277214
2905404,2022,2023,17761,448.846,39.57,1442325
2905503,2022,2023,13080,458.311,28.54,138755
2905602,2022,2023,22579,584.848,38.61,470760
2905701,2022,2023,300372,785.421,382.43,27418878
2905800,2022,2023,30469,839.702,36.29,557662
2905909,2022,2023,30671,2914.587,10.52,383421
2906006,2022,2023,71377,7161.827,9.97,1617786
2906105,2022,2023,10225,460.388,22.21,110069
2906204,2022,2023,24206,579.726,41.75,305656
2906303,2022,2023,32683,1334.284,24.49,510979
2906402,2022,2023,7772,447.578,17.36,84961
2906501,2022,2023,72382,251.808,287.45,5750026
2906600,2022,2023,13016,433.642,30.02,170088
2906709,2022,2023,25247,1169.814,21.58,289057
2906808,2022,2023,37439,1351.891,27.69,510493
2906824,2022,2023,16105,3565.377,4.52,203667
2906857,2022,2023,10744,629.586,17.07,164342
2906873,2022,2023,33235,464.776,71.51,801016
2906899,2022,2023,9940,805.629,12.34,123402
2906907,2022,2023,20580,2377.889,8.65,413319
2907004,2022,2023,8365,293.456,28.51,140042
2907103,2022,2023,28869,2525.906,11.43,377035
2907202,2022,2023,72086,9647.072,7.47,1135276
2907301,2022,2023,24712,713.789,34.62,431938
2907400,2022,2023,3434,702.504,4.89,93082
2907509,2022,2023,48148,426.955,112.77,928641
2907558,2022,2023,8841,716.261,12.34,105134
2907608,2022,2023,16348,566.974,28.83,180701
2907707,2022,2023,10579,3005.319,3.52,137581
2907806,2022,2023,30907,819.969,37.69,503222
2907905,2022,2023,17230,168.33,102.36,214616
2908002,2022,2023,17333,274.5,63.14,256643
2908101,2022,2023,19151,10140.572,1.89,733217
2908200,2022,2023,20800,164.798,126.22,430602
2908309,2022,2023,15794,284.836,55.45,236507
2908408,2022,2023,67825,1015.252,66.81,1122063
2908507,2022,2023,35308,114.869,307.38,2634469
2908606,2022,2023,23654,931.106,25.4,365282
2908705,2022,2023,17053,1348.039,12.65,203311
2908804,2022,2023,4333,977.455,4.43,63627
2908903,2022,2023,26692,378.42,70.54,325844
2909000,2022,2023,7546,523.64,14.41,79050
2909109,2022,2023,13990,2662.819,5.25,207786
2909208,2022,2023,17056,797.434,21.39,258088
2909307,2022,2023,32457,11504.314,2.82,3806363
2909406,2022,2023,13063,4282.775,3.05,214457
2909505,2022,2023,4415,182.585,24.18,57703
2909604,2022,2023,19729,636.609,30.99,262120
2909703,2022,2023,13993,1052.837,13.29,218525
2909802,2022,2023,60348,139.117,433.79,1279175
2909901,2022,2023,34180,5950.614,5.74,499932
2910008,2022,2023,10820,413.637,26.16,155287
2910057,2022,2023,71485,183.759,389.01,2377818
2910107,2022,2023,11884,689.516,17.24,177243
2910206,2022,2023,4407,94.778,46.5,60840
2910305,2022,2023,7808,179.329,43.54,104130
2910404,2022,2023,19107,1890.133,10.11,254828
2910503,2022,2023,38098,1187.766,32.08,790786
2910602,2022,2023,32554,1299.355,25.05,810980
2910701,2022,2023,61456,2025.368,30.34,959548
2910727,2022,2023,113710,1425.97,79.74,4264493
2910750,2022,2023,17895,364.419,49.11,298891
2910776,2022,2023,5631,1176.111,4.79,83140
2910800,2022,2023,616272,1304.425,472.45,21846455
2910859,2022,2023,17897,579.686,30.87,201628
2910909,2022,2023,4873,172.353,28.27,88592
2911006,2022,2023,11059,321.013,34.45,134079
2911105,2022,2023,25899,15634.328,1.66,5334933
2911204,2022,2023,32178,229.661,140.11,598643
2911253,2022,2023,4360,384.592,11.34,64349
2911303,2022,2023,10884,3817.946,2.85,563487
2911402,2022,2023,15524,1566.609,9.91,297615
2911501,2022,2023,5555,202.194,27.47,91564
2911600,2022,2023,20605,106.848,192.84,284847
2911659,2022,2023,8050,872.867,9.22,86286
2911709,2022,2023,87817,1272.366,69.02,2028013
2911808,2022,2023,19049,2189.404,8.7,318837
2911857,2022,2023,12309,313.438,39.27,170531
2911907,2022,2023,24607,2342.497,10.5,309737
2912004,2022,2023,10429,483.274,21.58,121230
2912103,2022,2023,21665,230.953,93.81,265632
2912202,2022,2023,20785,817.355,25.43,517754
2912301,2022,2023,13934,1139.378,12.23,224503
2912400,2022,2023,16603,1382.008,12.01,201181
2912509,2022,2023,13863,954.373,14.53,155050
2912608,2022,2023,3725,698.245,5.33,48874
2912707,2022,2023,25344,472.664,53.62,385351
2912806,2022,2023,8896,771.098,11.54,486182
2912905,2022,2023,18792,318.129,59.07,274185
2913002,2022,2023,14637,1834.002,7.98,145140
2913101,2022,2023,16969,573.033,29.61,181670
2913200,2022,2023,26309,1740.113,15.12,544229
2913309,2022,2023,6190,138.016,44.85,72148
2913408,2022,2023,15527,836.586,18.56,237186
2913457,2022,2023,13151,591.312,22.24,248015
2913507,2022,2023,21491,860.223,24.98,282578
2913606,2022,2023,178649,1588.555,112.46,7234381
2913705,2022,2023,33790,1082.283,31.22,728057
2913804,2022,2023,13709,372.565,36.8,141404
2913903,2022,2023,40706,280.454,145.14,714938
2914000,2022,2023,56876,3105.281,18.32,799164
2914109,2022,2023,9935,1055.76,9.41,138064
2914208,2022,2023,6101,459.047,13.29,81310
2914307,2022,2023,10752,1708.115,6.29,128688
2914406,2022,2023,23879,991.822,24.08,695113
2914505,2022,2023,28043,267.88,104.68,385665
2914604,2022,2023,74507,319.174,233.44,1963173
2914653,2022,2023,28165,924.914,30.45,669663
2914703,2022,2023,65073,2386.39,27.27,1267187
2914802,2022,2023,186708,401.028,465.57,5152367
2914901,2022,2023,27704,726.265,38.15,563115
2915007,2022,2023,13472,1331.822,10.12,151142
2915106,2022,2023,13803,310.621,44.44,162850
2915205,2022,2023,15310,810.993,18.88,746823
2915304,2022,2023,6347,876.8,7.24,153619
2915353,2022,2023,12311,4310.238,2.86,173901
2915403,2022,2023,6037,1225.287,4.93,110197
2915502,2022,2023,18781,270.752,69.37,382795
2915601,2022,2023,59605,2360.584,25.25,1395506
2915700,2022,2023,7051,143.479,49.14,118906
2915809,2022,2023,24394,1534.575,15.9,403898
2915908,2022,2023,5914,533.634,11.08,110577
2916005,2022,2023,17813,1394.174,12.78,341096
2916104,2022,2023,19789,121.373,163.04,298514
2916203,2022,2023,10341,453.144,22.82,135712
2916302,2022,2023,9174,1013.074,9.06,329116
2916401,2022,2023,65897,1651.158,39.91,1938472
2916500,2022,2023,31679,1557.685,20.34,534863
2916609,2022,2023,10279,420.663,24.44,124199
2916708,2022,2023,8153,344.093,23.69,105758
2916807,2022,2023,17052,1674.029,10.19,375540
2916856,2022,2023,15737,547.51,28.74,513401
2916906,2022,2023,10999,322.243,34.13,152011
2917003,2022,2023,33872,1650.593,20.52,429678
2917102,2022,2023,16617,313.839,52.95,281112
2917201,2022,2023,17914,1199.374,14.94,341991
2917300,2022,2023,21902,415.428,52.72,420873
2917334,2022,2023,11118,1525.142,7.29,179353
2917359,2022,2023,9275,9955.113,0.93,1527845
2917409,2022,2023,14436,1332.42,10.83,150696
2917508,2022,2023,82590,2192.905,37.66,2030142
2917607,2022,2023,45964,924.512,49.72,807069
2917706,2022,2023,32703,2466.009,13.26,805704
2917805,2022,2023,17659,863.424,20.45,261121
2917904,2022,2023,9285,640.772,14.49,217807
2918001,2022,2023,158813,2969.039,53.49,3882707
2918100,2022,2023,37626,4267.488,8.82,623856
2918209,2022,2023,13629,238.66,57.11,195943
2918308,2022,2023,14355,262.05,54.78,253023
2918357,2022,2023,24854,913.258,27.21,347835
2918407,2022,2023,237821,6721.237,35.38,6159604
2918456,2022,2023,9655,1457.656,6.62,152424
2918506,2022,2023,16354,1355.173,12.07,151838
2918555,2022,2023,5888,329.19,17.89,90404
2918605,2022,2023,7379,589.763,12.51,87228
2918704,2022,2023,4075,498.11,8.18,70953
2918753,2022,2023,14105,912.222,15.46,147332
2918803,2022,2023,21052,449.834,46.8,344541
2918902,2022,2023,3845,624.353,6.16,132126
2919009,2022,2023,3527,846.728,4.17,66280
2919058,2022,2023,7494,382.937,19.57,102350
2919108,2022,2023,9015,189.257,47.63,83252
2919157,2022,2023,25736,642.882,40.03,381812
2919207,2022,2023,203331,57.942,3509.22,8918480
2919306,2022,2023,10774,1283.328,8.4,210370
2919405,2022,2023,11834,856.626,13.81,165212
2919504,2022,2023,43903,1952.51,22.49,705491
2919553,2022,2023,107909,4036.094,26.74,11559024
2919603,2022,2023,10454,701.171,14.91,108592
2919702,2022,2023,21599,1210.106,17.85,269681
2919801,2022,2023,41859,2459.102,17.02,549586
2919900,2022,2023,7256,2545.856,2.85,80972
2919926,2022,2023,18504,32.201,574.64,710438
2919959,2022,2023,6973,614.834,11.34,81860
2920007,2022,2023,8731,588.297,14.84,210896
2920106,2022,2023,17674,906.68,19.49,211982
2920205,2022,2023,15398,1979.193,7.78,238293
2920304,2022,2023,8670,550.55,15.75,111365
2920403,2022,2023,13860,2201.764,6.29,165432
2920452,2022,2023,13919,3129.588,4.45,117787
2920502,2022,2023,27620,2413.27,11.45,692349
2920601,2022,2023,35859,437.61,81.94,479212
2920700,2022,2023,24527,848.885,28.89,434712
2920809,2022,2023,9267,1099.283,8.43,119538
2920908,2022,2023,13544,742.689,18.24,193317
2921005,2022,2023,42566,605.168,70.34,1734857
2921054,2022,2023,10330,773.278,13.36,123261
2921104,2022,2023,22194,1311.739,16.92,505592
2921203,2022,2023,24661,1599.672,15.42,340200
2921302,2022,2023,11071,420.358,26.34,181064
2921401,2022,2023,15734,1751.778,8.98,167191
2921450,2022,2023,10187,1172.86,8.69,102822
2921500,2022,2023,47780,3034.197,15.75,590805
2921609,2022,2023,7996,2093.872,3.82,102667
2921708,2022,2023,33594,5744.969,5.85,1565321
2921807,2022,2023,11143,528.214,21.1,132840
2921906,2022,2023,12137,2462.153,4.93,599591
2922003,2022,2023,37977,1787.626,21.24,3127407
2922052,2022,2023,13152,646.621,20.34,283456
2922102,2022,2023,17305,1491.99,11.6,219477
2922201,2022,2023,7190,104.54,68.78,86329
2922250,2022,2023,10443,3852.111,2.71,266937
2922300,2022,2023,28707,86.311,332.6,375977
2922409,2022,2023,20037,275.854,72.64,511682
2922508,2022,2023,27060,278.629,97.12,463721
2922607,2022,2023,12063,388.936,31.02,201028
2922656,2022,2023,18523,465.407,39.8,184562
2922706,2022,2023,13715,804.617,17.05,227966
2922730,2022,2023,7967,346.784,22.97,121799
2922755,2022,2023,6501,203.198,31.99,127888
2922805,2022,2023,7780,475.381,16.37,89840
2922854,2022,2023,7538,565.356,13.33,93115
2922904,2022,2023,24236,966.993,25.06,341842
2923001,2022,2023,39509,1316.379,30.01,699744
2923035,2022,2023,11162,627.5,17.79,137372
2923050,2022,2023,10660,278.487,38.28,130774
2923100,2022,2023,22633,637.317,35.51,296049
2923209,2022,2023,20715,3313.418,6.25,420124
2923308,2022,2023,7716,156.982,49.15,110003
2923357,2022,2023,19243,1544.988,12.46,318032
2923407,2022,2023,20078,2560.027,7.84,291639
2923506,2022,2023,10339,737.454,14.02,153919
2923605,2022,2023,20351,1087.06,18.72,310453
2923704,2022,2023,29252,2624.998,11.14,327813
2923803,2022,2023,26604,442.186,60.16,559999
2923902,2022,2023,9370,626.306,14.96,135359
2924009,2022,2023,112870,1544.388,73.08,4258891
2924058,2022,2023,13243,596.771,22.19,166031
2924108,2022,2023,6235,158.488,39.34,68924
2924207,2022,2023,13954,889.572,15.69,178830
2924306,2022,2023,20086,1825.857,11,220692
2924405,2022,2023,35357,11597.923,3.05,367179
2924504,2022,2023,14731,628.468,23.44,285213
2924603,2022,2023,19083,495.845,38.49,215103
2924652,2022,2023,10325,647.144,15.95,132345
2924678,2022,2023,10974,193.427,56.73,157001
2924702,2022,2023,9152,511.756,17.88,92317
2924801,2022,2023,17566,980.328,17.92,218911
2924900,2022,2023,8022,955.454,8.4,88316
2925006,2022,2023,23334,769,30.34,324874
2925105,2022,2023,48293,937.855,51.49,681871
2925204,2022,2023,32136,314.932,102.04,3036559
2925253,2022,2023,17938,530.144,33.84,246410
2925303,2022,2023,168326,2285.734,73.64,5009894
2925402,2022,2023,10274,1111.567,9.24,151243
2925501,2022,2023,35003,1692.1,20.69,776982
2925600,2022,2023,15130,232.064,65.2,167733
2925709,2022,2023,12621,1208.549,10.44,122014
2925758,2022,2023,27734,441.82,62.77,417933
2925808,2022,2023,25988,2011.06,12.92,321603
2925907,2022,2023,25272,1380.798,18.3,277904
2925931,2022,2023,9461,366.387,25.82,117642
2925956,2022,2023,19662,1090.552,18.03,422266
2926004,2022,2023,40586,4573.505,8.87,573383
2926103,2022,2023,13651,242.329,56.33,175548
2926202,2022,2023,21642,5977.931,3.62,1896806
2926301,2022,2023,33386,1155.418,28.9,565913
2926400,2022,2023,30711,3183.911,9.65,406700
2926509,2022,2023,13841,644.229,21.48,199747
2926608,2022,2023,54010,1252.144,43.13,918880
2926657,2022,2023,9740,1363.7,7.14,134074
2926707,2022,2023,13184,1115.252,11.82,198436
2926806,2022,2023,13146,777.903,16.9,143762
2926905,2022,2023,10497,656.223,16,119203
2927002,2022,2023,35362,739.775,47.8,1275892
2927101,2022,2023,10308,2207.159,4.67,162518
2927200,2022,2023,28282,1991.772,14.2,537946
2927309,2022,2023,14987,150.569,99.54,250081
2927408,2022,2023,2417678,693.442,3486.49,76698777
2927507,2022,2023,20952,347.021,60.38,229692
2927606,2022,2023,14965,934.461,16.01,161580
2927705,2022,2023,29185,1462.942,19.95,649502
2927804,2022,2023,4681,284.083,16.48,77737
2927903,2022,2023,10300,379.27,27.16,113748
2928000,2022,2023,37834,1623.445,23.3,678133
2928059,2022,2023,13896,824.473,16.85,165145
2928109,2022,2023,38604,1984.91,19.45,696761
2928208,2022,2023,24755,1909.353,12.97,426643
2928307,2022,2023,8716,222.686,39.14,84482
2928406,2022,2023,27390,6030.491,4.54,389400
2928505,2022,2023,10441,719.257,14.52,165369
2928604,2022,2023,56012,494.502,113.27,1375771
2928703,2022,2023,103055,261.74,393.73,3028414
2928802,2022,2023,52276,360.334,145.08,1295366
2928901,2022,2023,32828,15156.712,2.17,8525862
2928950,2022,2023,8426,289.963,29.06,109020
2929008,2022,2023,11026,103.226,106.81,198066
2929057,2022,2023,15194,1751.671,8.67,276484
2929107,2022,2023,20283,222.407,91.2,282891
2929206,2022,2023,38733,269.715,143.61,26505737
2929255,2022,2023,18600,1146.054,16.23,193553
2929305,2022,2023,39513,294.768,134.05,1673386
2929354,2022,2023,5315,127.925,41.55,71407
2929370,2022,2023,10187,362.365,28.11,154211
2929404,2022,2023,10334,230.906,44.75,207568
2929503,2022,2023,40958,536.678,76.32,957089
2929602,2022,2023,17963,131.218,136.89,343805
2929701,2022,2023,16008,949.223,16.86,352993
2929750,2022,2023,11438,166.428,68.73,179572
2929800,2022,2023,10478,509.098,20.58,120918
2929909,2022,2023,46160,2402.17,19.22,861825
2930006,2022,2023,9360,1984.511,4.72,123933
2930105,2022,2023,74523,789.361,94.41,1260522
2930154,2022,2023,34222,2340.684,14.62,521086
2930204,2022,2023,38154,11980.172,3.18,1566194
2930303,2022,2023,17066,1592.245,10.72,261412
2930402,2022,2023,17996,595.297,30.23,175258
2930501,2022,2023,80435,583.314,137.89,1420689
2930600,2022,2023,13335,322.022,41.41,153750
2930709,2022,2023,114559,201.528,568.45,8508321
2930758,2022,2023,13408,1627.806,8.24,154008
2930766,2022,2023,14773,684.089,21.6,168209
2930774,2022,2023,25475,1355.972,18.79,908544
2930808,2022,2023,17054,1026.634,16.61,177203
2930907,2022,2023,11979,1437.189,8.34,341963
2931004,2022,2023,21006,1277.514,16.44,315577
2931053,2022,2023,17158,729.516,23.52,297435
2931103,2022,2023,7717,243.839,31.65,83841
2931202,2022,2023,18044,454.081,39.74,254682
2931301,2022,2023,15818,714.691,22.13,174265
2931350,2022,2023,145216,1165.622,124.58,3670771
2931400,2022,2023,7110,244.613,29.07,123381
2931509,2022,2023,21176,351.892,60.18,238098
2931608,2022,2023,15332,289.782,52.91,279612
2931707,2022,2023,10798,193.241,55.88,164871
2931806,2022,2023,16296,2010.316,8.11,172959
2931905,2022,2023,48736,2198.237,22.17,823511
2932002,2022,2023,24665,3060.116,8.06,318312
2932101,2022,2023,18626,659.08,28.26,305087
2932200,2022,2023,17596,181.102,97.16,316059
2932309,2022,2023,16094,177.643,90.6,264213
2932408,2022,2023,13432,545.298,24.63,177265
2932457,2022,2023,13642,1775.633,7.68,238955
2932507,2022,2023,18131,1126.733,16.09,453711
2932606,2022,2023,15355,902.402,17.02,232370
2932705,2022,2023,21420,510.098,41.99,384146
2932804,2022,2023,16277,633.76,25.68,297919
2932903,2022,2023,85655,1123.975,76.21,2194454
2933000,2022,2023,24362,394.877,61.7,350571
2933059,2022,2023,13800,468.407,29.46,152110
2933109,2022,2023,8101,206.478,39.23,154661
2933158,2022,2023,13377,1225.892,10.91,573060
2933174,2022,2023,9913,221.399,44.77,172935
2933208,2022,2023,42529,297.537,142.94,709330
2933257,2022,2023,6003,782.159,7.67,116334
2933307,2022,2023,370879,3254.186,113.97,12666571
2933406,2022,2023,9503,522.37,18.19,115311
2933455,2022,2023,12968,2920.579,4.44,230492
2933505,2022,2023,24474,655.057,37.36,424520
2933604,2022,2023,44757,5079.662,8.81,780080
3100104,2022,2023,6272,880.461,7.12,190397
3100203,2022,2023,22675,1817.067,12.48,641971
3100302,2022,2023,13927,470.551,29.6,331512
3100401,2022,2023,3909,101.886,38.37,85066
3100500,2022,2023,8943,815.422,10.97,172094
3100609,2022,2023,12589,1320.344,9.53,235422
3100708,2022,2023,2108,492.167,4.28,330940
3100807,2022,2023,4357,232.091,18.77,111494
3100906,2022,2023,18448,820.079,22.5,362826
3101003,2022,2023,14037,1256.607,11.17,278390
3101102,2022,2023,25269,1348.913,18.73,793376
3101201,2022,2023,6233,649.68,9.59,154422
3101300,2022,2023,2749,161.356,17.04,63840
3101409,2022,2023,2952,58.01,50.89,90906
3101508,2022,2023,30717,510.25,60.2,1045759
3101607,2022,2023,78970,850.446,92.86,3669899
3101631,2022,2023,6931,130.815,52.98,176964
3101706,2022,2023,40364,2294.426,17.59,813917
3101805,2022,2023,6903,166.972,41.34,112973
3101904,2022,2023,18300,460.685,39.72,618618
3102001,2022,2023,13915,362.01,38.44,332256
3102050,2022,2023,5795,103.69,55.89,131678
3102100,2022,2023,10891,518.053,21.02,222897
3102209,2022,2023,3975,278.175,14.29,64939
3102308,2022,2023,15059,599.443,25.12,402513
3102407,2022,2023,4159,374.008,11.12,95009
3102506,2022,2023,4541,136.186,33.34,71597
3102605,2022,2023,40553,469.396,86.39,1483245
3102704,2022,2023,9110,695.672,13.1,146445
3102803,2022,2023,11927,1005.285,11.86,340782
3102852,2022,2023,7718,185.211,41.67,193853
3102902,2022,2023,11095,529.915,20.94,412676
3103009,2022,2023,9219,787.061,11.71,535451
3103108,2022,2023,1538,83.802,18.35,35792
3103207,2022,2023,2181,187.538,11.63,75709
3103306,2022,2023,2049,106.608,19.22,40166
3103405,2022,2023,34297,2236.279,15.34,1081893
3103504,2022,2023,117808,2729.777,43.16,6858534
3103603,2022,2023,2915,89.42,32.6,77723
3103702,2022,2023,8048,303.793,26.49,143377
3103751,2022,2023,8479,294.354,28.81,1209045
3103801,2022,2023,2631,173.894,15.13,249487
3103900,2022,2023,9199,245.522,37.47,464947
3104007,2022,2023,111691,1164.062,95.95,8847240
3104106,2022,2023,9177,162.875,56.34,460319
3104205,2022,2023,41416,509.873,81.23,3058033
3104304,2022,2023,13881,283.124,49.03,380056
3104403,2022,2023,2688,159.378,16.87,51372
3104452,2022,2023,4719,243.329,19.39,86410
3104502,2022,2023,17272,5279.419,3.27,544568
3104601,2022,2023,14138,158.891,88.98,453516
3104700,2022,2023,13736,1836.925,7.48,259696
3104809,2022,2023,4538,1254.832,3.62,113862
3104908,2022,2023,18366,750.554,24.47,451940
3105004,2022,2023,7492,556.266,13.47,132125
3105103,2022,2023,23546,1455.819,16.17,861016
3105202,2022,2023,4741,483.789,9.8,66317
3105301,2022,2023,5943,47.266,125.74,113862
3105400,2022,2023,30778,340.14,90.49,1547170
3105509,2022,2023,4964,198.313,25.03,73841
3105608,2022,2023,125317,759.186,165.07,4108617
3105707,2022,2023,5666,383.628,14.77,101736
3105905,2022,2023,20080,82.07,244.67,801810
3106002,2022,2023,10167,109.143,93.15,407734
3106101,2022,2023,3244,393.086,8.25,79258
3106200,2022,2023,2315560,331.354,6988.18,130197671
3106309,2022,2023,23928,334.909,71.45,2329754
3106408,2022,2023,8627,365.923,23.58,268616
3106507,2022,2023,9826,587.106,16.74,139373
3106606,2022,2023,4451,427.803,10.4,62780
3106655,2022,2023,4201,488.756,8.6,70041
3106705,2022,2023,411846,344.062,1197.01,52614325
3106804,2022,2023,3361,283.535,11.85,51305
3106903,2022,2023,13978,140.082,99.78,357491
3107000,2022,2023,2383,458.948,5.19,75634
3107109,2022,2023,39848,860.669,46.3,1413664
3107208,2022,2023,5348,503.77,10.62,105938
3107307,2022,2023,48032,3206.757,14.98,1435951
3107406,2022,2023,51737,1213.546,42.63,2193212
3107505,2022,2023,6783,412.021,16.46,152445
3107604,2022,2023,4474,208.349,21.47,203053
3107703,2022,2023,5631,195.611,28.79,178433
3107802,2022,2023,14536,592.289,24.54,221368
3107901,2022,2023,12649,229.845,55.03,209757
3108008,2022,2023,17151,705.046,24.33,468363
3108107,2022,2023,7434,301.865,24.63,142868
3108206,2022,2023,5528,1850.487,2.99,473316
3108255,2022,2023,10204,3936.455,2.59,127474
3108305,2022,2023,17404,301.108,57.8,465206
3108404,2022,2023,14828,334.089,44.38,346227
3108503,2022,2023,5790,1568.884,3.69,85707
3108552,2022,2023,15020,2509.694,5.98,466969
3108602,2022,2023,32025,1399.484,22.88,510728
3108701,2022,2023,4260,223.351,19.07,60376
3108800,2022,2023,4441,378.318,11.74,224250
3108909,2022,2023,14246,367.688,38.74,277926
3109006,2022,2023,38915,639.434,60.86,2845330
3109105,2022,2023,10911,356.15,30.64,256721
3109204,2022,2023,9150,1599.881,5.72,191748
3109253,2022,2023,4041,161.491,25.02,56472
3109303,2022,2023,24030,5225.186,4.6,1446139
3109402,2022,2023,23910,7218.401,3.31,852046
3109451,2022,2023,6627,1033.055,6.41,529789
3109501,2022,2023,11410,368.206,30.99,320280
3109600,2022,2023,3693,61.381,60.17,68105
3109709,2022,2023,11883,304.243,39.06,609745
3109808,2022,2023,2315,203.07,11.4,156900
3109907,2022,2023,11435,156.039,73.28,361894
3110004,2022,2023,38776,542.531,71.47,1004131
3110103,2022,2023,5304,106.465,49.82,103764
3110202,2022,2023,4088,83.038,49.23,128296
3110301,2022,2023,14217,711.414,19.98,372574
3110400,2022,2023,2838,223.001,12.73,89251
3110509,2022,2023,26097,528.688,49.36,1318310
3110608,2022,2023,29536,244.567,120.77,2451443
3110707,2022,2023,12313,246.38,49.98,455159
3110806,2022,2023,2923,442.398,6.61,61167
3110905,2022,2023,15935,335.587,47.48,561947
3111002,2022,2023,20696,577.843,35.82,564549
3111101,2022,2023,18011,3650.749,4.93,677668
3111150,2022,2023,3714,505.914,7.34,52497
3111200,2022,2023,52277,528.225,98.97,1458096
3111309,2022,2023,11377,275.426,41.31,244375
3111408,2022,2023,8466,1264.245,6.7,1054872
3111507,2022,2023,12979,710.645,18.26,524859
3111606,2022,2023,26105,769.504,33.92,841150
3111705,2022,2023,4715,174.9,26.96,102039
3111804,2022,2023,10608,843.599,12.57,937761
3111903,2022,2023,5272,212.721,24.78,95423
3112000,2022,2023,14001,720.512,19.43,442692
3112059,2022,2023,3974,141.855,28.01,63289
3112109,2022,2023,5048,130.694,38.62,129596
3112208,2022,2023,4362,111.073,39.27,70184
3112307,2022,2023,39626,965.292,41.05,1111827
3112406,2022,2023,6562,297.937,22.02,233338
3112505,2022,2023,10663,95.333,111.85,179521
3112604,2022,2023,14655,620.716,23.61,861974
3112653,2022,2023,4585,279.088,16.43,71144
3112703,2022,2023,14108,971.576,14.52,580398
3112802,2022,2023,10380,521.802,19.89,443829
3112901,2022,2023,8936,187.704,47.61,196872
3113008,2022,2023,19548,1242.345,15.73,273823
3113107,2022,2023,2933,159.95,18.34,49306
3113206,2022,2023,23812,487.28,48.87,883369
3113305,2022,2023,31240,353.404,88.4,780303
3113404,2022,2023,87360,1258.479,69.42,2871549
3113503,2022,2023,8512,1456.095,5.85,199922
3113602,2022,2023,6816,181.009,37.66,199576
3113701,2022,2023,18615,3202.984,5.81,629832
3113800,2022,2023,2605,259.103,10.05,45529
3113909,2022,2023,11547,506.333,22.81,367738
3114006,2022,2023,11019,357.178,30.85,315082
3114105,2022,2023,13797,322.285,42.81,330268
3114204,2022,2023,23479,455.808,51.51,779793
3114303,2022,2023,29011,1307.862,22.18,1195269
3114402,2022,2023,20954,1065.685,19.66,843687
3114501,2022,2023,18003,400.01,45.01,541381
3114550,2022,2023,9422,2063.462,4.57,684512
3114600,2022,2023,4049,727.894,5.56,174307
3114709,2022,2023,3341,81.101,41.2,86224
3114808,2022,2023,4422,282.254,15.67,103816
3114907,2022,2023,2214,157.727,14.04,81954
3115003,2022,2023,2712,367.308,7.38,101297
3115102,2022,2023,17155,665.802,25.77,519892
3115201,2022,2023,3560,273.014,13.04,87501
3115300,2022,2023,66261,491.767,134.74,2139616
3115359,2022,2023,5473,240.042,22.8,1779684
3115409,2022,2023,3110,141.622,21.96,51640
3115458,2022,2023,7030,419.38,16.76,109880
3115474,2022,2023,4739,287.812,16.47,70828
3115508,2022,2023,21056,100.483,209.55,464911
3115607,2022,2023,1081,283.211,3.82,27975
3115706,2022,2023,6171,204.328,30.2,100034
3115805,2022,2023,10207,322.385,31.66,448883
3115904,2022,2023,3075,152.807,20.12,62304
3116001,2022,2023,6075,212.674,28.56,139736
3116100,2022,2023,10337,830.833,12.44,121416
3116159,2022,2023,12355,3255.189,3.8,581137
3116209,2022,2023,2800,252.852,11.07,47110
3116308,2022,2023,5581,153.479,36.36,80891
3116407,2022,2023,4658,227.627,20.46,261983
3116506,2022,2023,7166,720.424,9.95,113053
3116605,2022,2023,30159,630.706,47.82,1426310
3116704,2022,2023,7117,106.875,66.59,149609
3116803,2022,2023,8163,348.492,23.42,134748
3116902,2022,2023,2773,1041.047,2.66,225390
3117009,2022,2023,6660,654.961,10.17,84176
3117108,2022,2023,10371,352.521,29.42,325806
3117207,2022,2023,2772,102.206,27.12,78790
3117306,2022,2023,28381,1340.25,21.18,1782238
3117405,2022,2023,4409,253.935,17.36,91447
3117504,2022,2023,23163,1720.04,13.47,3194401
3117603,2022,2023,5415,250.306,21.63,313543
3117702,2022,2023,12541,369.681,33.92,352054
3117801,2022,2023,10880,180.236,60.37,308533
3117836,2022,2023,7237,1610.47,4.49,78705
3117876,2022,2023,7350,42.355,173.53,1617017
3117900,2022,2023,11083,205.125,54.03,274057
3118007,2022,2023,52890,304.067,173.94,7693794
3118106,2022,2023,4831,405.671,11.91,63889
3118205,2022,2023,6694,618.363,10.83,671619
3118304,2022,2023,131621,370.246,355.5,3482648
3118403,2022,2023,20824,1483.883,14.03,500871
3118502,2022,2023,1563,89.122,17.54,36259
3118601,2022,2023,621863,194.746,3193.2,45092393
3118700,2022,2023,9023,296.163,30.47,279820
3118809,2022,2023,25377,2225.216,11.4,357956
3118908,2022,2023,7547,823.654,9.16,164132
3119005,2022,2023,3200,179.543,17.82,131187
3119104,2022,2023,23532,2525.397,9.32,546844
3119203,2022,2023,10884,576.274,18.89,160041
3119302,2022,2023,28894,3313.313,8.72,2051785
3119401,2022,2023,104736,221.252,473.38,2387846
3119500,2022,2023,8200,815.413,10.06,116044
3119609,2022,2023,2762,131.511,21,72440
3119708,2022,2023,3486,140.954,24.73,89841
3119807,2022,2023,2960,657.425,4.5,181310
3119906,2022,2023,4272,123.651,34.55,65483
3119955,2022,2023,6133,101.112,60.66,508108
3120003,2022,2023,2875,205.385,14,63742
3120102,2022,2023,4245,485.654,8.74,76758
3120151,2022,2023,5265,966.202,5.45,92302
3120201,2022,2023,12197,628.434,19.41,343069
3120300,2022,2023,5121,840.702,6.09,74447
3120409,2022,2023,4667,132.872,35.12,168668
3120508,2022,2023,10374,311.33,33.32,316773
3120607,2022,2023,5434,167.164,32.51,100692
3120706,2022,2023,3521,187.446,18.78,183246
3120805,2022,2023,15362,522.419,29.41,421201
3120839,2022,2023,3983,226.75,17.57,83623
3120870,2022,2023,7406,570.95,12.97,94747
3120904,2022,2023,80665,3296.2,24.47,2706326
3121001,2022,2023,5465,310.099,17.62,88055
3121100,2022,2023,7952,408.473,19.47,141824
3121209,2022,2023,8393,1378.423,6.09,355640
3121258,2022,2023,10494,102.784,102.1,708459
3121308,2022,2023,4928,213.168,23.12,116298
3121407,2022,2023,7653,377.165,20.29,249745
3121506,2022,2023,2994,142.279,21.04,62041
3121605,2022,2023,47702,3891.659,12.26,1201221
3121704,2022,2023,3549,165.091,21.5,55355
3121803,2022,2023,6847,339.375,20.18,104803
3121902,2022,2023,4226,116.97,36.13,87003
3122009,2022,2023,20706,337.776,61.3,442810
3122108,2022,2023,4178,342.249,12.21,70321
3122207,2022,2023,6516,133.12,48.95,91614
3122306,2022,2023,231091,708.115,326.35,9339332
3122355,2022,2023,6321,117.802,53.66,216686
3122405,2022,2023,5851,216.955,26.97,157089
3122454,2022,2023,10213,572.926,17.83,118503
3122470,2022,2023,3697,817.383,4.52,85437
3122504,2022,2023,4904,59.52,82.39,85391
3122603,2022,2023,4899,398.793,12.28,81864
3122702,2022,2023,5228,194.972,26.81,128826
3122801,2022,2023,3095,113.921,27.17,50704
3122900,2022,2023,6093,70.231,86.76,126627
3123007,2022,2023,10007,124.842,80.16,485977
3123106,2022,2023,5029,382.124,13.16,190470
3123205,2022,2023,12630,1111.202,11.37,398845
3123304,2022,2023,4987,231.169,21.57,76798
3123403,2022,2023,1461,152.912,9.55,134727
3123502,2022,2023,1829,312.878,5.85,88741
3123528,2022,2023,7817,217.461,35.95,154213
3123601,2022,2023,26336,499.537,52.72,948342
3123700,2022,2023,13622,187.058,72.82,188885
3123809,2022,2023,6354,608.306,10.45,116459
3123858,2022,2023,5179,85.39,60.65,82275
3123908,2022,2023,14746,456.796,32.28,417307
3124005,2022,2023,20255,357.489,56.66,576909
3124104,2022,2023,85598,909.727,94.09,1314691
3124203,2022,2023,24102,317.638,75.88,570799
3124302,2022,2023,30443,1868.97,16.29,472197
3124401,2022,2023,6611,263.879,25.05,151056
3124500,2022,2023,11502,243.872,47.16,572584
3124609,2022,2023,2186,131.365,16.64,51736
3124708,2022,2023,2772,635.981,4.36,163896
3124807,2022,2023,6840,822.454,8.32,458303
3124906,2022,2023,10801,309.395,34.91,243155
3125002,2022,2023,3875,103.834,37.32,71576
3125101,2022,2023,53482,244.575,218.67,20204999
3125200,2022,2023,2578,86.024,29.97,68126
3125309,2022,2023,3188,165.224,19.3,79466
3125408,2022,2023,5133,357.622,14.35,90314
3125507,2022,2023,3032,314.458,9.64,59522
3125606,2022,2023,6489,596.215,10.88,91368
3125705,2022,2023,13978,1554.627,8.99,315867
3125804,2022,2023,2789,151.875,18.36,55720
3125903,2022,2023,9590,1088.791,8.81,163549
3125952,2022,2023,10445,357.683,29.2,184762
3126000,2022,2023,8045,194.242,41.42,182909
3126109,2022,2023,68248,1501.915,45.44,2969264
3126208,2022,2023,7949,3686.004,2.16,536208
3126307,2022,2023,3477,218.792,15.89,98575
3126406,2022,2023,3093,198.709,15.57,70961
3126505,2022,2023,7366,461.481,15.96,91212
3126604,2022,2023,4503,1576.128,2.86,106412
3126703,2022,2023,23476,2747.295,8.55,532918
3126752,2022,2023,5034,717.087,7.02,95098
3126802,2022,2023,5640,626.672,9,91083
3126901,2022,2023,8226,469.557,17.52,173509
3126950,2022,2023,3391,167.474,20.25,50933
3127008,2022,2023,14540,199.987,72.7,1090434
3127057,2022,2023,4345,320.757,13.55,57796
3127073,2022,2023,4647,762.837,6.09,57437
3127107,2022,2023,58588,2426.965,24.14,4026769
3127206,2022,2023,4686,199.797,23.45,111148
3127305,2022,2023,6222,720.303,8.64,126802
3127339,2022,2023,4793,1733.203,2.77,74869
3127354,2022,2023,2928,145.861,20.07,55390
3127370,2022,2023,2830,112.443,25.17,57042
3127388,2022,2023,4053,152.039,26.66,104454
3127404,2022,2023,4727,187.353,25.23,124200
3127503,2022,2023,5230,209.348,24.98,92850
3127602,2022,2023,11331,866.601,13.08,205957
3127701,2022,2023,257171,2342.376,109.79,8612266
3127800,2022,2023,13901,3885.294,3.58,817459
3127909,2022,2023,1392,193.141,7.21,51558
3128006,2022,2023,32244,1075.124,29.99,1284432
3128105,2022,2023,13772,934.345,14.74,499822
3128204,2022,2023,9753,348.596,27.98,132454
3128253,2022,2023,5051,390.263,12.94,83745
3128303,2022,2023,19150,294.828,64.95,811249
3128402,2022,2023,7714,264.194,29.2,226180
3128501,2022,2023,3149,88.655,35.52,72283
3128600,2022,2023,6539,2068.808,3.16,889875
3128709,2022,2023,50911,286.398,177.76,2431560
3128808,2022,2023,7131,158.375,45.03,134343
3128907,2022,2023,8478,366.833,23.11,359324
3129004,2022,2023,7778,293.578,26.49,135880
3129103,2022,2023,5192,1849.137,2.81,238368
3129202,2022,2023,6134,153.95,39.84,156943
3129301,2022,2023,12030,340.994,35.28,206569
3129400,2022,2023,5198,346.24,15.01,120875
3129509,2022,2023,22229,2704.132,8.22,1701475
3129608,2022,2023,6286,874.76,7.19,123724
3129657,2022,2023,5081,353.257,14.38,62188
3129707,2022,2023,10948,562.095,19.48,895829
3129806,2022,2023,170537,72.395,2355.65,3235632
3129905,2022,2023,3365,68.316,49.26,75924
3130002,2022,2023,2698,153.106,17.62,72846
3130051,2022,2023,10677,625.664,17.07,126584
3130101,2022,2023,45847,110.942,413.25,1401824
3130200,2022,2023,10830,218.343,49.6,831527
3130309,2022,2023,6826,628.2,10.87,569669
3130408,2022,2023,7003,105.246,66.54,601865
3130507,2022,2023,12741,376.341,33.85,314565
3130556,2022,2023,6986,196.735,35.51,129945
3130606,2022,2023,7301,149.611,48.8,175313
3130655,2022,2023,6346,1004.149,6.32,96825
3130705,2022,2023,6171,830.03,7.43,2150117
3130804,2022,2023,2580,305.591,8.44,163203
3130903,2022,2023,22692,858.024,26.45,543260
3131000,2022,2023,6239,244.996,25.47,157760
3131109,2022,2023,7371,527.06,13.99,109322
3131158,2022,2023,17136,113.246,151.32,225485
3131208,2022,2023,19522,456.641,42.75,423411
3131307,2022,2023,227731,164.884,1381.16,16870239
3131406,2022,2023,3775,466.02,8.1,230521
3131505,2022,2023,9135,298.195,30.63,223413
3131604,2022,2023,7180,356.264,20.15,455214
3131703,2022,2023,113343,1253.704,90.41,7434200
3131802,2022,2023,10362,209.034,49.57,182487
3131901,2022,2023,53365,544.027,98.09,7160444
3132008,2022,2023,4252,1788.445,2.38,72423
3132107,2022,2023,17208,1225.273,14.04,292850
3132206,2022,2023,13846,410.468,33.73,466010
3132305,2022,2023,10463,480.829,21.76,143639
3132404,2022,2023,93073,294.835,315.68,4497959
3132503,2022,2023,32948,2735.573,12.04,669900
3132602,2022,2023,3690,94.568,39.02,73660
3132701,2022,2023,21042,1419.209,14.83,415055
3132800,2022,2023,2142,380.34,5.63,43138
3132909,2022,2023,10770,243.714,44.19,348467
3133006,2022,2023,14786,431.792,34.24,1087903
3133105,2022,2023,15236,143.363,106.28,649276
3133204,2022,2023,11128,488.843,22.76,178778
3133303,2022,2023,19151,679.024,28.2,375952
3133402,2022,2023,13690,1802.438,7.6,714872
3133501,2022,2023,21046,1040.519,20.23,665952
3133600,2022,2023,12692,177.347,71.57,1698907
3133709,2022,2023,12966,295.145,43.93,2434575
3133758,2022,2023,14406,153.421,93.9,899163
3133808,2022,2023,97669,495.769,197.01,4975969
3133907,2022,2023,5642,284.22,19.85,83986
3134004,2022,2023,13745,1649.622,8.33,283613
3134103,2022,2023,6055,452.676,13.38,163923
3134202,2022,2023,102217,2598.046,39.34,4975265
3134301,2022,2023,6638,234.802,28.27,110967
3134400,2022,2023,38295,1404.663,27.26,2864935
3134509,2022,2023,4217,372.018,11.34,221742
3134608,2022,2023,20406,1114.972,18.3,373789
3134707,2022,2023,11042,1393.609,7.92,159690
3134806,2022,2023,7495,409.229,18.31,186299
3134905,2022,2023,25525,347.667,73.42,1708890
3135001,2022,2023,3092,163.76,18.88,157329
3135050,2022,2023,37660,2635.467,14.29,969914
3135076,2022,2023,4296,517.095,8.31,84853
3135100,2022,2023,70699,2181.319,32.41,1965161
3135209,2022,2023,65150,6661.588,9.78,1040489
3135308,2022,2023,4506,172.141,26.18,126375
3135357,2022,2023,8127,375.181,21.66,100136
3135407,2022,2023,6197,236.25,26.23,1689755
3135456,2022,2023,6100,284.453,21.44,87874
3135506,2022,2023,12419,547.897,22.67,245642
3135605,2022,2023,6484,1268.443,5.11,157284
3135704,2022,2023,5883,445.03,13.22,161753
3135803,2022,2023,24007,3514.216,6.83,383948
3135902,2022,2023,5138,153.852,33.4,113093
3136009,2022,2023,13888,1664.19,8.35,211126
3136108,2022,2023,4329,233.292,18.56,120064
3136207,2022,2023,80187,99.158,808.68,4286349
3136306,2022,2023,46801,10727.097,4.36,2562732
3136405,2022,2023,3854,790.935,4.87,83620
3136504,2022,2023,10304,546.705,18.85,129429
3136520,2022,2023,3969,381.332,10.41,62251
3136553,2022,2023,4268,180.822,23.6,113810
3136579,2022,2023,3630,541.393,6.7,59635
3136603,2022,2023,5909,172.131,34.33,147089
3136652,2022,2023,30716,97.017,316.6,2124349
3136702,2022,2023,540756,1435.749,376.64,23271627
3136801,2022,2023,3768,431.63,8.73,63719
3136900,2022,2023,11084,220.353,50.3,303328
3136959,2022,2023,5789,1064.692,5.44,89871
3137007,2022,2023,14383,866.29,16.6,168094
3137106,2022,2023,6631,1474.562,4.5,265409
3137205,2022,2023,51412,439.984,116.85,2471545
3137304,2022,2023,3313,600.547,5.52,65868
3137403,2022,2023,12769,476.693,26.79,376999
3137502,2022,2023,18904,840.92,22.48,713683
3137536,2022,2023,8969,1236.301,7.25,312254
3137601,2022,2023,75145,229.409,327.56,2825380
3137700,2022,2023,20835,431.92,48.24,508139
3137809,2022,2023,20414,213.11,95.79,538928
3137908,2022,2023,3184,118.602,26.85,66918
3138005,2022,2023,5963,204.882,29.1,116195
3138104,2022,2023,7124,3204.217,2.22,231342
3138203,2022,2023,104761,564.744,185.5,3916682
3138302,2022,2023,3199,352.005,9.09,67066
3138351,2022,2023,4341,280.036,15.5,73646
3138401,2022,2023,51145,943.077,54.23,1344583
3138500,2022,2023,4737,401.337,11.8,117803
3138609,2022,2023,17221,848.564,20.29,432497
3138625,2022,2023,8687,1317.153,6.6,775261
3138658,2022,2023,8790,258.925,33.95,110763
3138674,2022,2023,6956,145.418,47.83,155370
3138682,2022,2023,6210,411.714,15.08,82468
3138708,2022,2023,5586,500.143,11.17,166134
3138807,2022,2023,17875,1171.659,15.26,863686
3138906,2022,2023,6487,332.378,19.52,136850
3139003,2022,2023,37684,585.958,64.31,1406358
3139102,2022,2023,5191,492.909,10.53,408511
3139201,2022,2023,17516,727.886,24.06,272762
3139250,2022,2023,5997,284.365,21.09,79983
3139300,2022,2023,18886,1950.184,9.68,315779
3139409,2022,2023,91886,628.318,146.24,3710638
3139508,2022,2023,20613,182.9,112.7,587887
3139607,2022,2023,26535,685.208,38.73,610897
3139706,2022,2023,7333,261.604,28.03,243502
3139805,2022,2023,12721,371.6,34.23,288911
3139904,2022,2023,14247,202.898,70.22,273430
3140001,2022,2023,61387,1194.208,51.4,4656946
3140100,2022,2023,4224,158.809,26.6,75214
3140159,2022,2023,15900,35.196,451.76,240477
3140209,2022,2023,3387,77.338,43.79,111015
3140308,2022,2023,4592,545.813,8.41,67779
3140407,2022,2023,3200,107.902,29.66,61730
3140506,2022,2023,14003,1058.418,13.23,584258
3140530,2022,2023,8396,113.268,74.13,298805
3140555,2022,2023,9112,227.539,40.05,112644
3140605,2022,2023,3963,280.53,14.13,76740
3140704,2022,2023,37841,301.383,125.56,1095994
3140803,2022,2023,14121,157.066,89.9,879159
3140852,2022,2023,8895,1940.598,4.58,200579
3140902,2022,2023,18552,266.99,69.49,482096
3141009,2022,2023,12038,472.245,25.49,229089
3141108,2022,2023,37618,252.453,149.01,1895426
3141207,2022,2023,3814,260.957,14.62,128623
3141306,2022,2023,3900,946.437,4.12,273185
3141405,2022,2023,20156,1435.903,14.04,330715
3141504,2022,2023,5606,305.507,18.35,98141
3141603,2022,2023,10373,348.271,29.78,189388
3141702,2022,2023,5040,274.938,18.33,73562
3141801,2022,2023,24405,1812.398,13.47,412128
3141900,2022,2023,3741,219.774,17.02,199019
3142007,2022,2023,13651,723.278,18.87,193762
3142106,2022,2023,8968,301.672,29.73,206069
3142205,2022,2023,13633,320.695,42.51,368817
3142254,2022,2023,3985,602.128,6.62,57919
3142304,2022,2023,5125,155.112,33.04,104132
3142403,2022,2023,7548,202.705,37.24,160124
3142502,2022,2023,2169,650.911,3.33,41815
3142601,2022,2023,8340,216.54,38.51,280175
3142700,2022,2023,14060,1503.755,9.35,206964
3142809,2022,2023,20170,2595.957,7.77,903721
3142908,2022,2023,20328,1001.296,20.3,325958
3143005,2022,2023,13046,421.283,30.97,486081
3143104,2022,2023,47692,1343.035,35.51,1957161
3143153,2022,2023,4381,385.553,11.36,52678
3143203,2022,2023,20890,594.632,35.13,632535
3143302,2022,2023,414240,3589.811,115.39,13326239
3143401,2022,2023,24089,291.594,82.61,723678
3143450,2022,2023,6888,1130.419,6.09,104692
3143500,2022,2023,9067,2084.275,4.35,570683
3143609,2022,2023,2411,414.772,5.81,62850
3143708,2022,2023,3133,477.548,6.56,56083
3143807,2022,2023,7451,191.564,38.9,159929
3143906,2022,2023,104108,841.693,123.69,3211391
3144003,2022,2023,27635,1250.824,22.09,662869
3144102,2022,2023,21891,409.948,53.4,742833
3144201,2022,2023,2459,233.493,10.53,40636
3144300,2022,2023,35038,1518.166,23.08,1074889
3144359,2022,2023,6303,127.173,49.56,108081
3144375,2022,2023,3520,468.66,7.51,92799
3144409,2022,2023,4691,188.719,24.86,133965
3144508,2022,2023,8179,341.453,23.95,826959
3144607,2022,2023,25018,582.553,42.95,757417
3144656,2022,2023,10588,1108.255,9.55,166816
3144672,2022,2023,3151,146.775,21.47,133538
3144706,2022,2023,17438,361.926,48.18,480775
3144805,2022,2023,111697,429.313,260.18,12447551
3144904,2022,2023,3663,375.973,9.74,71916
3145000,2022,2023,14598,1111.011,13.14,1581648
3145059,2022,2023,6706,120.943,55.45,158901
3145109,2022,2023,16387,390.152,42,492956
3145208,2022,2023,105552,282.472,373.67,3936358
3145307,2022,2023,26975,1702.981,15.84,416700
3145356,2022,2023,10275,755.151,13.61,150989
3145372,2022,2023,4571,271.61,16.83,92594
3145406,2022,2023,1945,178.242,10.91,44676
3145455,2022,2023,5385,2092.078,2.57,204857
3145505,2022,2023,2555,54.633,46.77,55156
3145604,2022,2023,39262,897.294,43.76,1463237
3145703,2022,2023,2027,111.13,18.24,44412
3145802,2022,2023,2969,246.976,12.02,82367
3145851,2022,2023,4917,89.068,55.21,84109
3145877,2022,2023,8437,121.8,69.27,146988
3145901,2022,2023,38724,258.726,149.67,4310767
3146008,2022,2023,32094,533.714,60.13,1223791
3146107,2022,2023,74821,1245.865,60.06,6765810
3146206,2022,2023,5757,175.482,32.81,87363
3146255,2022,2023,5058,446.275,11.33,68448
3146305,2022,2023,17334,544.375,31.84,254681
3146404,2022,2023,4224,637.309,6.63,98947
3146503,2022,2023,8142,421.862,19.3,676496
3146552,2022,2023,5551,839.805,6.61,73623
3146602,2022,2023,1474,58.419,25.23,33859
3146701,2022,2023,5707,316.476,18.03,114459
3146750,2022,2023,6301,433.154,14.55,82988
3146909,2022,2023,13920,553.577,25.15,378421
3147006,2022,2023,94023,8231.029,11.42,6798922
3147105,2022,2023,97139,551.247,176.22,5161430
3147204,2022,2023,21723,424.296,51.2,801200
3147303,2022,2023,20445,331.238,61.72,769516
3147402,2022,2023,24107,625.623,38.53,1108133
3147501,2022,2023,1600,94.183,16.99,30002
3147600,2022,2023,15515,277.221,55.97,739447
3147709,2022,2023,8473,429.172,19.74,310555
3147808,2022,2023,2233,246.565,9.06,47565
3147907,2022,2023,111939,1338.07,83.66,4080106
3147956,2022,2023,4837,444.196,10.89,61642
3148004,2022,2023,159235,3190.456,49.91,8151369
3148103,2022,2023,89826,2874.344,31.25,4895785
3148202,2022,2023,5576,108.246,51.51,152118
3148301,2022,2023,8659,268.321,32.27,143373
3148400,2022,2023,4389,220.564,19.9,80481
3148509,2022,2023,8047,601.19,13.39,111033
3148608,2022,2023,17446,996.646,17.5,293485
3148707,2022,2023,24410,1594.651,15.31,428870
3148756,2022,2023,7320,173.928,42.09,124988
3148806,2022,2023,3311,173.168,19.12,65218
3148905,2022,2023,4112,347.92,11.82,133810
3149002,2022,2023,2757,69.99,39.39,65492
3149101,2022,2023,10760,217.989,49.36,221497
3149150,2022,2023,10433,1525.648,6.84,132256
3149200,2022,2023,3344,357.891,9.34,333527
3149309,2022,2023,62580,292.831,213.71,2514377
3149408,2022,2023,1810,112.959,16.02,37357
3149507,2022,2023,3351,90.833,36.89,78666
3149606,2022,2023,4155,203.991,20.37,103925
3149705,2022,2023,12268,249.322,49.21,378766
3149804,2022,2023,17151,2451.112,7,2577884
3149903,2022,2023,21384,270.657,79.01,811684
3149952,2022,2023,6553,228.907,28.63,119988
3150000,2022,2023,3570,317.463,11.25,57197
3150109,2022,2023,2796,192.196,14.55,114475
3150158,2022,2023,8529,109.345,78,214395
3150208,2022,2023,3976,83.733,47.48,76207
3150307,2022,2023,4604,322.814,14.26,135158
3150406,2022,2023,5019,259.638,19.33,128442
3150505,2022,2023,8563,414.969,20.64,314466
3150539,2022,2023,4706,66.57,70.69,70142
3150570,2022,2023,7084,1228.736,5.77,94230
3150604,2022,2023,6700,280.335,23.9,248565
3150703,2022,2023,5537,337.98,16.38,639003
3150802,2022,2023,17018,658.812,25.83,253176
3150901,2022,2023,6041,203.619,29.67,118615
3151008,2022,2023,9120,124.803,73.08,171573
3151107,2022,2023,11077,190.681,58.09,707928
3151206,2022,2023,55606,549.514,101.19,3361259
3151305,2022,2023,11610,144.289,80.46,246401
3151404,2022,2023,26685,569.636,46.85,702867
3151503,2022,2023,36062,902.468,39.96,1568574
3151602,2022,2023,11145,317.52,35.1,843201
3151701,2022,2023,16390,474.244,34.56,548879
3151800,2022,2023,163742,546.958,299.37,10732908
3151909,2022,2023,8350,691.066,12.08,151974
3152006,2022,2023,31047,2551.074,12.17,1229908
3152105,2022,2023,57776,470.643,122.76,2594059
3152131,2022,2023,3747,602.799,6.22,63931
3152170,2022,2023,10883,1212.413,8.98,149416
3152204,2022,2023,37438,1749.683,21.4,625525
3152303,2022,2023,10569,284.777,37.11,151759
3152402,2022,2023,13666,625.111,21.86,213766
3152501,2022,2023,152217,542.797,280.43,14201206
3152600,2022,2023,6566,263.034,24.96,542609
3152709,2022,2023,9048,264.115,34.26,257819
3152808,2022,2023,28342,4847.544,5.85,1702675
3152907,2022,2023,8406,215.516,39,249604
3153004,2022,2023,3559,622.478,5.72,230172
3153103,2022,2023,4850,236.798,20.48,80596
3153202,2022,2023,3465,695.882,4.98,62647
3153301,2022,2023,3071,189.235,16.23,45373
3153400,2022,2023,18765,3503.848,5.36,904883
3153509,2022,2023,8397,152.272,55.14,160653
3153608,2022,2023,11466,124.189,92.33,333022
3153707,2022,2023,3179,556.436,5.71,89894
3153806,2022,2023,1770,153.56,11.53,51169
3153905,2022,2023,16279,72.228,225.38,232669
3154002,2022,2023,23423,763.364,30.68,497923
3154101,2022,2023,11007,234.296,46.98,152511
3154150,2022,2023,7848,151.859,51.68,131257
3154200,2022,2023,11230,618.312,18.16,243888
3154309,2022,2023,17226,1081.796,15.92,376309
3154408,2022,2023,4548,183.062,24.84,507032
3154457,2022,2023,6863,1719.266,3.99,187878
3154507,2022,2023,8756,1315.54,6.66,301730
3154606,2022,2023,329794,155.105,2126.26,6336695
3154705,2022,2023,4080,49.251,82.84,132863
3154804,2022,2023,10261,228.394,44.93,260362
3154903,2022,2023,12789,384.381,33.27,277814
3155009,2022,2023,2484,112.094,22.16,107641
3155108,2022,2023,4639,479.815,9.67,68107
3155207,2022,2023,5429,238.602,22.75,75489
3155306,2022,2023,5568,231.54,24.05,138279
3155405,2022,2023,8518,209.31,40.7,143556
3155504,2022,2023,14532,1352.353,10.75,1148101
3155603,2022,2023,28271,3117.675,9.07,404312
3155702,2022,2023,14631,373.037,39.22,270261
3155801,2022,2023,17443,252.418,69.1,574081
3155900,2022,2023,5141,348.046,14.77,82690
3156007,2022,2023,12641,986.561,12.81,177450
3156106,2022,2023,4994,404.805,12.34,124811
3156205,2022,2023,2291,79.402,28.85,187591
3156304,2022,2023,8664,72.673,119.22,704898
3156403,2022,2023,3386,407.557,8.31,288148
3156452,2022,2023,4734,111.156,42.59,90798
3156502,2022,2023,5679,1110.295,5.11,85775
3156601,2022,2023,10298,965.174,10.67,139214
3156700,2022,2023,129380,302.453,427.77,3837192
3156809,2022,2023,14240,919.811,15.48,415038
3156908,2022,2023,26670,3073.268,8.68,2387150
3157005,2022,2023,40178,1862.117,21.58,903694
3157104,2022,2023,6110,938.008,6.51,118710
3157203,2022,2023,30466,684.505,44.51,1019088
3157252,2022,2023,8458,107.402,78.75,153222
3157278,2022,2023,3095,417.925,7.41,71438
3157302,2022,2023,4208,194.564,21.63,78007
3157336,2022,2023,8109,3.565,2274.61,154995
3157377,2022,2023,3910,589.607,6.63,59169
3157401,2022,2023,4673,258.726,18.06,90331
3157500,2022,2023,4039,131.965,30.61,58652
3157609,2022,2023,3522,2917.448,1.21,70867
3157658,2022,2023,5938,276.433,21.48,69029
3157708,2022,2023,15734,723.784,21.74,912073
3157807,2022,2023,219132,235.205,931.66,6608097
3157906,2022,2023,16395,255.73,64.11,497578
3158003,2022,2023,10485,597.441,17.55,327050
3158102,2022,2023,4755,440.605,10.79,60852
3158201,2022,2023,12788,624.047,20.49,223266
3158300,2022,2023,6691,172.444,38.8,258303
3158409,2022,2023,3489,161.486,21.61,61153
3158508,2022,2023,7030,1255.832,5.6,135533
3158607,2022,2023,3747,182.655,20.51,84574
3158706,2022,2023,2137,203.074,10.52,48322
3158805,2022,2023,4214,106.169,39.69,129242
3158904,2022,2023,8987,347.362,25.87,227887
3158953,2022,2023,44800,276.067,162.28,1250978
3159001,2022,2023,5313,677.207,7.85,139841
3159100,2022,2023,3469,196.565,17.65,64537
3159209,2022,2023,8460,503.011,16.82,249061
3159308,2022,2023,4755,420.94,11.3,87242
3159357,2022,2023,6773,68.153,99.38,208456
3159407,2022,2023,3301,324.234,10.18,72264
3159506,2022,2023,5826,485.081,12.01,233545
3159605,2022,2023,40635,352.969,115.12,2514298
3159704,2022,2023,3382,284.334,11.89,119336
3159803,2022,2023,20973,2998.364,6.99,1006615
3159902,2022,2023,17285,488.885,35.36,477372
3160009,2022,2023,3769,202.032,18.66,79245
3160108,2022,2023,4229,130.213,32.48,102566
3160207,2022,2023,3915,305.737,12.81,59343
3160306,2022,2023,10327,503.706,20.5,131044
3160405,2022,2023,27295,1125.78,24.25,942155
3160454,2022,2023,6629,796.29,8.32,84684
3160504,2022,2023,1808,107.269,16.85,38142
3160603,2022,2023,2717,430.656,6.31,71685
3160702,2022,2023,42406,637.373,66.53,1259406
3160801,2022,2023,4713,80.403,58.62,96683
3160900,2022,2023,3989,110.019,36.26,100032
3160959,2022,2023,5626,60.865,92.43,120618
3161007,2022,2023,17392,743.768,23.38,402896
3161056,2022,2023,3200,162.56,19.69,59108
3161106,2022,2023,52762,3308.1,15.95,859289
3161205,2022,2023,6187,316.822,19.53,231806
3161304,2022,2023,5732,1128.864,5.08,249352
3161403,2022,2023,4800,164.613,29.16,89843
3161502,2022,2023,10282,185.578,55.41,351897
3161601,2022,2023,3305,152.336,21.7,53463
3161650,2022,2023,3143,280.954,11.19,56811
3161700,2022,2023,7375,2692.545,2.74,376329
3161809,2022,2023,11770,265.73,44.29,380221
3161908,2022,2023,11850,363.828,32.57,3766222
3162005,2022,2023,23959,516.683,46.37,1189277
3162104,2022,2023,40910,866.087,47.24,1555361
3162203,2022,2023,7652,547.908,13.97,294819
3162252,2022,2023,4822,998.015,4.83,73610
3162302,2022,2023,2914,120.536,24.18,65323
3162401,2022,2023,23930,1851.102,12.93,358301
3162450,2022,2023,13024,678.274,19.2,119038
3162500,2022,2023,90225,1452.002,62.14,3505346
3162559,2022,2023,11246,143.096,78.59,245232
3162575,2022,2023,5331,137.928,38.65,92757
3162609,2022,2023,7070,120.122,58.86,129881
3162658,2022,2023,3972,415.922,9.55,52787
3162708,2022,2023,23910,1925.575,12.42,343637
3162807,2022,2023,15315,478.183,32.03,292736
3162906,2022,2023,25565,407.427,62.75,672478
3162922,2022,2023,34348,71.758,478.66,1065144
3162948,2022,2023,7793,308.319,25.28,911245
3162955,2022,2023,26090,47.93,544.34,1026319
3163003,2022,2023,3806,213.881,17.79,53062
3163102,2022,2023,4536,205.501,22.07,136884
3163201,2022,2023,4133,88.794,46.55,78981
3163300,2022,2023,3464,328.704,10.54,60348
3163409,2022,2023,5396,189.578,28.46,87323
3163508,2022,2023,6197,345.146,17.95,157541
3163607,2022,2023,2753,54.701,50.33,56992
3163706,2022,2023,44798,58.019,772.13,1412020
3163805,2022,2023,6334,152.111,41.64,129740
3163904,2022,2023,4885,260.827,18.73,157484
3164001,2022,2023,7166,402.739,17.79,160626
3164100,2022,2023,5103,308.106,16.56,117362
3164209,2022,2023,10315,2434.004,4.24,228105
3164308,2022,2023,7129,2098.867,3.4,424172
3164407,2022,2023,6387,167.428,38.15,718487
3164431,2022,2023,3113,73.629,42.28,64187
3164472,2022,2023,6194,80.618,76.83,128460
3164506,2022,2023,10079,517.83,19.46,126120
3164605,2022,2023,8815,408.09,21.6,882568
3164704,2022,2023,71796,814.925,88.1,2834250
3164803,2022,2023,1259,128.002,9.84,31555
3164902,2022,2023,2300,90.848,25.32,48145
3165008,2022,2023,11192,572.4,19.55,280531
3165107,2022,2023,6740,277.928,24.25,236784
3165206,2022,2023,6904,369.747,18.67,159506
3165305,2022,2023,6804,392.651,17.33,248336
3165404,2022,2023,6311,285.073,22.14,174274
3165503,2022,2023,5104,141.904,35.97,85294
3165537,2022,2023,36844,62.134,592.98,1642522
3165552,2022,2023,9917,534.655,18.55,135060
3165560,2022,2023,2433,176.634,13.77,41763
3165578,2022,2023,6206,151.097,41.07,115730
3165602,2022,2023,2240,98.336,22.78,48570
3165701,2022,2023,7716,166.495,46.34,142956
3165800,2022,2023,2068,93.892,22.03,43395
3165909,2022,2023,4008,952.055,4.21,92679
3166006,2022,2023,5483,170.749,32.11,91128
3166105,2022,2023,3067,381.328,8.04,56070
3166204,2022,2023,10384,237.815,43.66,138814
3166303,2022,2023,7345,166.012,44.24,156438
3166402,2022,2023,1819,114.769,15.85,54766
3166501,2022,2023,3792,218.595,17.35,56049
3166600,2022,2023,833,335.659,2.48,25562
3166709,2022,2023,6944,213.574,32.51,159079
3166808,2022,2023,11801,1295.272,9.11,898489
3166907,2022,2023,7621,209.27,36.42,202565
3166956,2022,2023,4399,551.954,7.97,61271
3167004,2022,2023,1990,213.173,9.34,48320
3167103,2022,2023,21952,1217.813,18.03,386923
3167202,2022,2023,227397,536.928,423.51,14904465
3167301,2022,2023,2323,157.456,14.75,45007
3167400,2022,2023,6179,312.166,19.79,178703
3167509,2022,2023,2947,135.689,21.72,116089
3167608,2022,2023,19750,486.543,40.59,371230
3167707,2022,2023,5137,206.787,24.84,82141
3167806,2022,2023,5613,196.866,28.51,104147
3167905,2022,2023,4014,211.084,19.02,86585
3168002,2022,2023,33050,1220.046,27.09,705373
3168051,2022,2023,3387,193.082,17.54,59981
3168101,2022,2023,4118,1179.248,3.49,631716
3168200,2022,2023,1690,407.92,4.14,70281
3168309,2022,2023,4224,329.287,12.83,84703
3168408,2022,2023,14709,731.753,20.1,236378
3168507,2022,2023,12255,166.735,73.5,220040
3168606,2022,2023,137418,3242.27,42.38,3540248
3168705,2022,2023,81579,144.381,565.03,4648992
3168804,2022,2023,7744,83.047,93.25,297551
3168903,2022,2023,7883,2091.774,3.77,441044
3169000,2022,2023,16185,173.866,93.09,450784
3169059,2022,2023,3826,114.705,33.36,82673
3169109,2022,2023,7214,136.776,52.74,125618
3169208,2022,2023,8609,285.124,30.19,168052
3169307,2022,2023,75485,828.038,91.16,3568710
3169356,2022,2023,28895,2678.253,10.79,2582531
3169406,2022,2023,55255,689.794,80.1,2288500
3169505,2022,2023,5886,500.073,11.77,94510
3169604,2022,2023,25470,1822.53,13.98,1400211
3169703,2022,2023,20000,1153.111,17.34,486869
3169802,2022,2023,4935,221,22.33,158832
3169901,2022,2023,103365,407.452,253.69,4462212
3170008,2022,2023,11708,820.524,14.27,142057
3170057,2022,2023,13017,189.045,68.86,227184
3170107,2022,2023,337836,4523.957,74.68,23689377
3170206,2022,2023,713224,4115.206,173.31,51065684
3170305,2022,2023,2684,405.834,6.61,54271
3170404,2022,2023,86619,8445.432,10.26,5221529
3170438,2022,2023,3828,1147.407,3.34,187679
3170479,2022,2023,3282,598.221,5.49,96142
3170503,2022,2023,10600,138.792,76.37,356137
3170529,2022,2023,17479,2076.942,8.42,230887
3170578,2022,2023,5780,116.664,49.54,86774
3170602,2022,2023,2158,409.888,5.26,92402
3170651,2022,2023,4633,491.512,9.43,77007
3170701,2022,2023,136467,395.396,345.14,10068568
3170750,2022,2023,6969,651.505,10.7,361878
3170800,2022,2023,33744,2220.279,15.2,1351754
3170909,2022,2023,18840,814.994,23.12,235098
3171006,2022,2023,19975,1913.396,10.44,1203159
3171030,2022,2023,7672,1570.582,4.88,136751
3171071,2022,2023,5181,631.692,8.2,114943
3171105,2022,2023,3411,1031.823,3.31,306968
3171154,2022,2023,4899,115.242,42.51,87809
3171204,2022,2023,129246,71.04,1819.34,3619031
3171303,2022,2023,76430,299.418,255.26,2234764
3171402,2022,2023,3700,112.691,32.83,69385
3171501,2022,2023,3038,172.297,17.63,58002
3171600,2022,2023,11804,868.914,13.58,162588
3171709,2022,2023,8908,326.515,27.28,238863
3171808,2022,2023,10314,439.878,23.45,210992
3171907,2022,2023,4552,281.022,16.2,67748
3172004,2022,2023,39160,243.351,160.92,2052278
3172103,2022,2023,4443,205.552,21.61,146386
3172202,2022,2023,2356,102.487,22.99,43767
3200102,2022,2023,30684,941.188,32.6,740220
3200136,2022,2023,9711,454.448,21.37,313558
3200169,2022,2023,12042,473.729,25.42,234307
3200201,2022,2023,29177,756.86,38.55,702107
3200300,2022,2023,13836,615.677,22.47,565385
3200359,2022,2023,7434,227.617,32.66,152485
3200409,2022,2023,29984,409.691,73.19,2317579
3200508,2022,2023,7223,193.984,37.24,146814
3200607,2022,2023,94765,1420.285,66.72,7724839
3200706,2022,2023,10540,232.868,45.26,453839
3200805,2022,2023,30674,909.039,33.74,910611
3200904,2022,2023,42498,944.521,44.99,1326677
3201001,2022,2023,13608,428.716,31.74,372418
3201100,2022,2023,10254,89.084,115.1,269758
3201159,2022,2023,12985,354.404,36.64,342658
3201209,2022,2023,185786,864.583,214.89,7593554
3201308,2022,2023,353491,279.718,1263.74,19710843
3201407,2022,2023,36930,663.515,55.66,1395638
3201506,2022,2023,120033,1398.219,85.85,5157945
3201605,2022,2023,27458,1182.587,23.22,676074
3201704,2022,2023,11937,369.778,32.28,356679
3201803,2022,2023,5083,174.039,29.21,101958
3201902,2022,2023,35416,1229.21,28.81,1294974
3202009,2022,2023,6596,159.298,41.41,232278
3202108,2022,2023,21992,2285.369,9.62,481243
3202207,2022,2023,18014,286.854,62.8,595415
3202256,2022,2023,11009,360.016,30.58,428413
3202306,2022,2023,29358,468.185,62.71,783590
3202405,2022,2023,124656,589.825,211.34,3391095
3202454,2022,2023,25380,240.278,105.63,560947
3202504,2022,2023,11723,201.248,58.25,359707
3202553,2022,2023,9520,330.874,28.77,206693
3202603,2022,2023,12326,203.528,60.56,385081
3202652,2022,2023,13710,184.807,74.19,280698
3202702,2022,2023,13589,535.021,25.4,453183
3202801,2022,2023,39832,550.71,72.33,6134486
3202900,2022,2023,10597,295.189,35.9,441241
3203007,2022,2023,28590,460.586,62.07,722976
3203056,2022,2023,28931,659.751,43.85,1252073
3203106,2022,2023,11575,177.342,65.27,218904
3203130,2022,2023,14079,284.735,49.45,615682
3203163,2022,2023,11094,458.37,24.2,272934
3203205,2022,2023,166786,3496.263,47.7,10014356
3203304,2022,2023,12770,321.418,39.73,250803
3203320,2022,2023,41929,130.268,321.87,7102418
3203346,2022,2023,17641,285.495,61.79,682791
3203353,2022,2023,12387,327.642,37.81,404453
3203403,2022,2023,24475,869.439,28.15,702863
3203502,2022,2023,18900,1099.06,17.2,564549
3203601,2022,2023,5466,540.529,10.11,136015
3203700,2022,2023,18153,678.804,26.74,509938
3203809,2022,2023,13745,327.268,42,307885
3203908,2022,2023,49065,1439.571,34.08,1886121
3204005,2022,2023,18893,837.842,22.55,467082
3204054,2022,2023,21522,433.453,49.65,545057
3204104,2022,2023,23915,973.136,24.58,1024676
3204203,2022,2023,22300,74.046,301.16,1056103
3204252,2022,2023,6497,360.11,18.04,141034
3204302,2022,2023,13696,594.897,23.02,7368211
3204351,2022,2023,19274,641.929,30.03,787898
3204401,2022,2023,11069,204.464,54.14,293579
3204500,2022,2023,13106,718.325,18.25,439644
3204559,2022,2023,41636,735.198,56.63,2592685
3204609,2022,2023,22808,683.032,33.39,820679
3204658,2022,2023,8589,298.58,28.77,391545
3204708,2022,2023,32252,434.887,74.16,988351
3204807,2022,2023,10878,273.489,39.77,230812
3204906,2022,2023,123752,2346.049,52.75,4355437
3204955,2022,2023,10886,341.944,31.84,301801
3205002,2022,2023,520653,547.631,950.74,37649155
3205010,2022,2023,26502,587.036,45.15,911932
3205036,2022,2023,19563,417.76,46.83,523374
3205069,2022,2023,23831,185.909,128.19,945412
3205101,2022,2023,73423,312.279,235.12,5957536
3205150,2022,2023,8911,433.257,20.57,213352
3205176,2022,2023,13728,470.343,29.19,615692
3205200,2022,2023,467722,210.225,2224.86,19711328
3205309,2022,2023,322869,97.123,3324.33,28257606
3300100,2022,2023,167434,813.42,205.84,11900498
3300159,2022,2023,11034,94.542,116.71,301129
3300209,2022,2023,129671,638.276,203.16,13156181
3300225,2022,2023,11828,110.724,106.82,597072
3300233,2022,2023,40006,70.977,563.65,5019621
3300258,2022,2023,30986,152.106,203.71,9335374
3300308,2022,2023,92883,584.61,158.88,3225723
3300407,2022,2023,169894,547.133,310.52,6831115
3300456,2022,2023,483087,78.985,6116.19,9686339
3300506,2022,2023,28102,382.43,73.48,1018920
3300605,2022,2023,35173,596.659,58.95,1207611
3300704,2022,2023,222161,413.449,537.34,16964472
3300803,2022,2023,56943,954.749,59.64,1702402
3300902,2022,2023,14616,558.281,26.18,479568
3300936,2022,2023,13847,304.885,45.42,1045633
3300951,2022,2023,8741,108.639,80.46,633562
3301009,2022,2023,483540,4032.487,119.91,42953469
3301108,2022,2023,19390,747.21,25.95,1075296
3301157,2022,2023,12958,522.596,24.8,393125
3301207,2022,2023,17198,305.749,56.25,671866
3301306,2022,2023,46110,462.918,99.61,3363239
3301405,2022,2023,21104,338.26,62.39,504000
3301504,2022,2023,20783,113.048,183.84,530533
3301603,2022,2023,10980,379.619,28.92,285448
3301702,2022,2023,808161,467.319,1729.36,70068007
3301801,2022,2023,12242,139.381,87.83,320438
3301850,2022,2023,51696,358.443,144.22,1589983
3301876,2022,2023,27920,50.977,547.7,814661
3301900,2022,2023,224267,429.961,521.6,6278393
3302007,2022,2023,116841,282.606,413.44,11383962
3302056,2022,2023,14073,291.193,48.33,431493
3302106,2022,2023,22919,433.182,52.91,756489
3302205,2022,2023,101041,1106.694,91.3,4067637
3302254,2022,2023,30908,241.035,128.23,6988685
3302270,2022,2023,96289,81.697,1178.61,1874798
3302304,2022,2023,7336,253.53,28.94,208603
3302403,2022,2023,246391,1216.989,202.46,22394860
3302452,2022,2023,5415,78.364,69.1,282626
3302502,2022,2023,228127,390.775,583.78,5301411
3302601,2022,2023,41220,367.606,112.13,3443660
3302700,2022,2023,197277,361.572,545.61,134092034
3302809,2022,2023,17502,95.324,183.61,444764
3302858,2022,2023,167127,41.169,4059.54,3029007
3302908,2022,2023,26582,287.933,92.32,847198
3303005,2022,2023,26881,303.27,88.64,742077
3303104,2022,2023,15074,387.073,38.94,408436
3303203,2022,2023,146774,19.393,7568.4,3339769
3303302,2022,2023,481749,133.757,3601.67,76268005
3303401,2022,2023,189939,935.429,203.05,7367567
3303500,2022,2023,785867,520.581,1509.6,20518624
3303609,2022,2023,41375,190.949,216.68,1085489
3303708,2022,2023,42063,571.118,73.65,1399157
3303807,2022,2023,45243,924.296,48.95,6324392
3303856,2022,2023,29619,314.341,94.23,862740
3303906,2022,2023,278881,791.144,352.5,19907335
3303955,2022,2023,24298,82.254,295.4,1187697
3304003,2022,2023,27474,490.255,56.04,3388747
3304102,2022,2023,17288,291.847,59.24,559253
3304110,2022,2023,20373,50.892,400.32,3205582
3304128,2022,2023,13682,284.826,48.04,400781
3304144,2022,2023,140523,75.927,1850.76,4938812
3304151,2022,2023,22393,719.643,31.12,5669644
3304201,2022,2023,129612,1099.336,117.9,12267696
3304300,2022,2023,56276,459.458,122.48,2038466
3304409,2022,2023,17401,846.797,20.55,577431
3304508,2022,2023,8954,478.783,18.7,338695
3304524,2022,2023,156491,228.044,686.23,10599898
3304557,2022,2023,6211223,1200.329,5174.6,418462360
3304607,2022,2023,10232,810.963,12.62,275098
3304706,2022,2023,41325,603.633,68.46,1686337
3304755,2022,2023,45059,1118.037,40.3,1481367
3304805,2022,2023,38961,1034.833,37.65,985938
3304904,2022,2023,896744,248.16,3613.57,23063689
3305000,2022,2023,36573,452.396,80.84,13986152
3305109,2022,2023,440962,35.216,12521.64,11534047
3305133,2022,2023,7070,249.688,28.32,232730
3305158,2022,2023,22080,220.178,100.28,941645
3305208,2022,2023,104029,332.488,312.88,3359011
3305307,2022,2023,7750,397.214,19.51,272845
3305406,2022,2023,17729,540.673,32.79,1227721
3305505,2022,2023,89559,352.13,254.34,64701140
3305554,2022,2023,80596,265.189,303.92,3760076
3305604,2022,2023,21352,937.755,22.77,705912
3305703,2022,2023,15206,413.407,36.78,733841
3305752,2022,2023,31086,143.007,217.37,858815
3305802,2022,2023,165123,773.338,213.52,7104546
3305901,2022,2023,10302,591.151,17.43,290439
3306008,2022,2023,78346,322.843,242.68,6017636
3306107,2022,2023,68088,1300.767,52.34,3104489
3306156,2022,2023,10207,201.938,50.55,407915
3306206,2022,2023,33976,536.073,63.38,1472880
3306305,2022,2023,261563,182.105,1436.33,15307615
3500105,2022,2023,34687,411.987,84.19,1705895
3500204,2022,2023,4351,211.055,20.62,215283
3500303,2022,2023,32072,474.554,67.58,1773843
3500402,2022,2023,7369,142.673,51.65,272359
3500501,2022,2023,17930,60.126,298.21,801115
3500550,2022,2023,7177,404.463,17.74,375562
3500600,2022,2023,2780,3.612,769.66,185390
3500709,2022,2023,37680,966.708,38.98,3415809
3500758,2022,2023,6141,159.6,38.48,160252
3500808,2022,2023,4445,118.915,37.38,158137
3500907,2022,2023,3451,313.007,11.03,210529
3501004,2022,2023,16818,928.956,18.1,946538
3501103,2022,2023,3841,318.574,12.06,172396
3501152,2022,2023,17301,83.619,206.9,3438994
3501202,2022,2023,3915,362.411,10.8,175598
3501301,2022,2023,27255,347.647,78.4,859771
3501400,2022,2023,4808,153.662,31.29,69377
3501509,2022,2023,2885,84.879,33.99,82613
3501608,2022,2023,237240,133.912,1771.61,17600566
3501707,2022,2023,33019,122.958,268.54,1504962
3501806,2022,2023,5870,252.876,23.21,175848
3501905,2022,2023,68008,445.323,152.72,6698469
3502002,2022,2023,4589,325.953,14.08,266292
3502101,2022,2023,59783,964.226,62,4464940
3502200,2022,2023,24022,1027.288,23.38,1776475
3502309,2022,2023,5674,736.557,7.7,315144
3502408,2022,2023,4023,320.84,12.54,132376
3502507,2022,2023,32569,120.89,269.41,1369699
3502606,2022,2023,4086,179.004,22.83,225794
3502705,2022,2023,24585,974.322,25.23,1235626
3502754,2022,2023,21522,145.204,148.22,4832077
3502804,2022,2023,200124,1167.126,171.47,11457740
3502903,2022,2023,32443,255.305,127.08,1523194
3503000,2022,2023,5420,202.829,26.72,219179
3503109,2022,2023,6885,285.908,24.08,217238
3503158,2022,2023,2330,156.903,14.85,53236
3503208,2022,2023,242228,1003.625,241.35,14689500
3503307,2022,2023,130866,644.831,202.95,10022873
3503356,2022,2023,2044,264.904,7.72,136329
3503406,2022,2023,8130,506.226,16.06,301110
3503505,2022,2023,3577,305.227,11.72,75042
3503604,2022,2023,10130,85.907,117.92,221707
3503703,2022,2023,7602,132.624,57.32,1252002
3503802,2022,2023,51456,178.026,289.04,2162833
3503901,2022,2023,86678,96.167,901.33,10426127
3503950,2022,2023,1842,69.373,26.55,65851
3504008,2022,2023,101409,460.609,220.16,4682609
3504107,2022,2023,158647,478.521,331.54,9426584
3504206,2022,2023,13692,434.498,31.51,443572
3504305,2022,2023,4483,540.689,8.29,500953
3504404,2022,2023,11263,338.37,33.29,295755
3504503,2022,2023,92805,1213.055,76.51,4408538
3504602,2022,2023,27260,110.372,246.98,762195
3504701,2022,2023,3887,91.635,42.42,82895
3504800,2022,2023,9596,149.881,64.02,367871
3504909,2022,2023,9969,616.429,16.17,282444
3505005,2022,2023,3531,153.142,23.06,80403
3505104,2022,2023,5640,205.212,27.48,186923
3505203,2022,2023,31595,444.405,71.1,1863764
3505302,2022,2023,34346,150.121,228.79,2077901
3505351,2022,2023,5179,405.681,12.77,202870
3505401,2022,2023,6876,1007.684,6.82,145159
3505500,2022,2023,122485,1566.161,78.21,6715414
3505609,2022,2023,32092,146.025,219.77,737580
3505708,2022,2023,316473,65.701,4816.87,71646710
3505807,2022,2023,21503,170.912,125.81,1596603
3505906,2022,2023,58402,849.526,68.75,3328690
3506003,2022,2023,379146,667.684,567.85,20654759
3506102,2022,2023,76373,683.192,111.79,5343661
3506201,2022,2023,2606,301.687,8.64,288020
3506300,2022,2023,11607,244.158,47.54,605499
3506359,2022,2023,64188,491.546,130.58,2663550
3506409,2022,2023,7319,158.025,46.32,307745
3506508,2022,2023,118979,530.031,224.48,4866490
3506607,2022,2023,29683,317.406,93.52,1111541
3506706,2022,2023,12978,690.748,18.79,633216
3506805,2022,2023,11259,363.926,30.94,381376
3506904,2022,2023,10460,653.541,16.01,309773
3507001,2022,2023,61081,248.954,245.35,4474130
3507100,2022,2023,22006,108.366,203.07,1627411
3507159,2022,2023,3555,133.578,26.61,77487
3507209,2022,2023,907,118.951,7.62,120962
3507308,2022,2023,4715,122.11,38.61,657535
3507407,2022,2023,14226,552.256,25.76,704921
3507456,2022,2023,2713,347.989,7.8,118452
3507506,2022,2023,145155,1482.642,97.9,7992148
3507605,2022,2023,176811,512.584,344.94,10443288
3507704,2022,2023,5356,195.176,27.44,157855
3507753,2022,2023,2565,105.689,24.27,90697
3507803,2022,2023,25201,278.458,90.5,1210305
3507902,2022,2023,23898,1101.373,21.7,1555980
3508009,2022,2023,20250,1196.463,16.92,907833
3508108,2022,2023,17210,326.921,52.64,746204
3508207,2022,2023,4356,266.42,16.35,305568
3508306,2022,2023,4299,239.974,17.91,177481
3508405,2022,2023,47011,260.234,180.65,7240981
3508504,2022,2023,96202,368.99,260.72,6516271
3508603,2022,2023,31564,287.99,109.6,847786
3508702,2022,2023,17101,468.214,36.52,554109
3508801,2022,2023,16654,920.28,18.1,930635
3508900,2022,2023,3712,253.352,14.65,88015
3509007,2022,2023,95032,97.642,973.27,5507619
3509106,2022,2023,5466,551.159,9.92,111895
3509205,2022,2023,92689,131.386,705.47,28984602
3509254,2022,2023,28515,454.436,62.75,1987670
3509304,2022,2023,9133,176.929,51.62,275001
3509403,2022,2023,23830,660.088,36.1,1123799
3509452,2022,2023,5954,184.479,32.27,211436
3509502,2022,2023,1139047,794.571,1433.54,91968328
3509601,2022,2023,77632,79.403,977.7,3233935
3509700,2022,2023,46974,289.981,161.99,1946799
3509809,2022,2023,4888,484.199,10.1,342295
3509908,2022,2023,12289,1237.354,9.93,330538
3509957,2022,2023,4931,53.261,92.58,121017
3510005,2022,2023,29449,595.811,49.43,2482755
3510104,2022,2023,2889,70.892,40.75,157951
3510153,2022,2023,6283,57.459,109.35,218328
3510203,2022,2023,46337,1640.229,28.25,1668882
3510302,2022,2023,22866,169.89,134.59,536048
3510401,2022,2023,50068,322.878,155.07,3824460
3510500,2022,2023,134873,484.947,278.12,5822815
3510609,2022,2023,386984,34.546,11201.99,8436817
3510708,2022,2023,11345,639.248,17.75,440025
3510807,2022,2023,28083,864.225,32.5,1494279
3510906,2022,2023,2799,191.683,14.6,306056
3511003,2022,2023,19977,1065.318,18.75,2275541
3511102,2022,2023,115791,290.596,398.46,7029953
3511201,2022,2023,7003,148.393,47.19,196946
3511300,2022,2023,12618,197.838,63.78,808870
3511409,2022,2023,21469,511.621,41.96,1400618
3511508,2022,2023,44695,127.803,349.72,2891328
3511607,2022,2023,19048,190.392,100.05,1215884
3511706,2022,2023,15535,175.846,88.34,790607
3511904,2022,2023,6982,168.59,41.41,254107
3512001,2022,2023,18486,422.303,43.77,2052576
3512100,2022,2023,6629,728.648,9.1,743433
3512209,2022,2023,28101,182.793,153.73,1093664
3512308,2022,2023,15232,466.12,32.68,551103
3512407,2022,2023,24514,137.579,178.18,4167915
3512506,2022,2023,5400,246.825,21.88,335405
3512605,2022,2023,4280,303.83,14.09,165849
3512704,2022,2023,4195,278.622,15.06,354604
3512803,2022,2023,59773,154.665,386.47,2313364
3512902,2022,2023,8719,441.68,19.74,878427
3513009,2022,2023,274413,323.994,846.97,19060773
3513108,2022,2023,33281,311.423,106.87,2357353
3513207,2022,2023,9272,385.23,24.07,449171
3513306,2022,2023,2108,149.33,14.12,218199
3513405,2022,2023,74961,305.699,245.21,4281962
3513504,2022,2023,112476,142.879,787.21,27813388
3513603,2022,2023,22110,1407.25,15.71,432941
3513702,2022,2023,31756,753.706,42.13,2584483
3513801,2022,2023,393237,30.732,12795.69,21229085
3513850,2022,2023,1620,88.133,18.38,99485
3513900,2022,2023,11158,223.749,49.87,528584
3514007,2022,2023,8759,149.729,58.5,213755
3514106,2022,2023,24510,632.972,38.72,1187097
3514205,2022,2023,2207,77.939,28.32,84390
3514304,2022,2023,8096,205.874,39.33,1178140
3514403,2022,2023,45474,487.688,93.24,1855224
3514502,2022,2023,12328,264.557,46.6,435780
3514601,2022,2023,9471,111.376,85.04,414002
3514700,2022,2023,6205,515.258,12.04,187403
3514809,2022,2023,13069,1654.256,7.9,423995
3514908,2022,2023,17699,202.36,87.46,2159509
3514924,2022,2023,3138,93.98,33.39,121971
3514957,2022,2023,2323,83.129,27.94,93032
3515004,2022,2023,250691,70.398,3561.05,17290650
3515103,2022,2023,66970,155.641,430.29,1742920
3515129,2022,2023,3014,225.167,13.39,97866
3515152,2022,2023,19566,109.941,177.97,814390
3515186,2022,2023,39816,389.235,102.29,2715247
3515194,2022,2023,4157,193.666,21.46,181809
3515202,2022,2023,9417,296.281,31.78,1317163
3515301,2022,2023,2703,264.987,10.2,69692
3515350,2022,2023,7924,573.894,13.81,162208
3515400,2022,2023,16641,429.171,38.77,566395
3515509,2022,2023,71186,549.797,129.48,2790708
3515608,2022,2023,5942,169.99,34.95,281662
3515657,2022,2023,1656,100.504,16.48,102634
3515707,2022,2023,179198,29.547,6064.85,5523981
3515806,2022,2023,1487,224.711,6.62,65665
3515905,2022,2023,2733,204.236,13.38,131171
3516002,2022,2023,12958,524.138,24.72,361684
3516101,2022,2023,3851,225.886,17.05,216161
3516200,2022,2023,352536,605.679,582.05,14375667
3516309,2022,2023,165139,49.001,3370.11,2237469
3516408,2022,2023,144849,132.775,1090.94,5438089
3516507,2022,2023,2763,138.681,19.92,123956
3516606,2022,2023,6380,355.914,17.93,220849
3516705,2022,2023,42110,555.807,75.76,1893766
3516804,2022,2023,3252,180.569,18.01,101942
3516853,2022,2023,4702,243.766,19.29,1735633
3516903,2022,2023,10312,494.376,20.86,348923
3517000,2022,2023,10232,676.755,15.12,272841
3517109,2022,2023,4138,272.8,15.17,188392
3517208,2022,2023,11239,277.154,40.55,310852
3517307,2022,2023,5512,217.811,25.31,593772
3517406,2022,2023,39279,1258.465,31.21,3233958
3517505,2022,2023,21711,325.126,66.78,1134077
3517604,2022,2023,17071,408.292,41.81,585182
3517703,2022,2023,18606,362.183,51.37,854715
3517802,2022,2023,7441,569.197,13.07,374454
3517901,2022,2023,10350,641.501,16.13,660486
3518008,2022,2023,1968,85.7,22.96,48665
3518107,2022,2023,6427,461.746,13.92,312045
3518206,2022,2023,31043,955.637,32.48,1718488
3518305,2022,2023,31236,270.816,115.34,2034663
3518404,2022,2023,118044,752.636,156.84,8369821
3518503,2022,2023,15013,567.884,26.44,386201
3518602,2022,2023,37498,270.289,138.73,1517994
3518701,2022,2023,287634,144.794,1986.5,11536359
3518800,2022,2023,1291771,318.675,4053.57,97557674
3518859,2022,2023,7320,413.567,17.7,353798
3518909,2022,2023,4246,252.477,16.82,120156
3519006,2022,2023,9125,364.252,25.05,552689
3519055,2022,2023,15094,65.577,230.17,1806633
3519071,2022,2023,236641,62.416,3791.35,22163924
3519105,2022,2023,10437,547.393,19.07,687530
3519204,2022,2023,6131,321.948,19.04,372134
3519253,2022,2023,8010,401.381,19.96,326007
3519303,2022,2023,32178,290.978,110.59,1516837
3519402,2022,2023,11690,271.912,42.99,418178
3519501,2022,2023,6385,228.23,27.98,331387
3519600,2022,2023,60033,689.391,87.08,2528835
3519709,2022,2023,75605,1058.082,71.45,3023501
3519808,2022,2023,7819,362.355,21.58,263932
3519907,2022,2023,7619,594.974,12.81,503732
3520004,2022,2023,23106,97.747,236.39,477976
3520103,2022,2023,26212,468.355,55.97,1422122
3520202,2022,2023,10605,292.953,36.2,353163
3520301,2022,2023,29115,1978.795,14.71,1896850
3520400,2022,2023,34934,346.389,100.85,14830715
3520426,2022,2023,13419,196.567,68.27,2802536
3520442,2022,2023,25549,652.641,39.15,917732
3520509,2022,2023,255748,311.545,820.9,28264863
3520608,2022,2023,5090,129.367,39.35,99886
3520707,2022,2023,4035,279.606,14.43,167087
3520806,2022,2023,3615,87.119,41.49,176723
3520905,2022,2023,13712,209.554,65.43,678118
3521002,2022,2023,36459,170.289,214.1,1291003
3521101,2022,2023,6831,190.01,35.95,1055776
3521150,2022,2023,6761,136.028,49.7,173091
3521200,2022,2023,4046,1152.059,3.51,70829
3521309,2022,2023,14454,466.461,30.99,589810
3521408,2022,2023,21967,115.118,190.82,2403778
3521507,2022,2023,6867,257.612,26.66,282416
3521606,2022,2023,7085,214.461,33.04,142422
3521705,2022,2023,17983,1100.247,16.34,1058159
3521804,2022,2023,25180,1092.884,23.04,1082752
3521903,2022,2023,16989,502.066,33.84,1278534
3522000,2022,2023,3618,230.355,15.71,308305
3522109,2022,2023,112476,601.711,186.93,2956406
3522158,2022,2023,3422,183.015,18.7,67982
3522208,2022,2023,158522,150.742,1051.61,6215134
3522307,2022,2023,157790,1789.35,88.18,7962802
3522406,2022,2023,89728,1826.258,49.13,4558512
3522505,2022,2023,232297,82.658,2810.34,15615097
3522604,2022,2023,72022,518.416,138.93,6365974
3522653,2022,2023,4306,406.478,10.59,77308
3522703,2022,2023,39493,996.747,39.62,2524858
3522802,2022,2023,14085,507.997,27.73,408307
3522901,2022,2023,13659,140.023,97.55,1311338
3523008,2022,2023,3979,301.653,13.19,209349
3523107,2022,2023,369275,82.622,4469.45,11979260
3523206,2022,2023,44438,1003.86,44.27,1406445
3523305,2022,2023,15528,273.667,56.74,400627
3523404,2022,2023,121590,322.269,377.29,10327467
3523503,2022,2023,19070,979.817,19.46,601161
3523602,2022,2023,16148,564.603,28.6,1570273
3523701,2022,2023,5779,161.118,35.87,190876
3523800,2022,2023,8046,138.986,57.89,251138
3523909,2022,2023,168240,640.719,262.58,14012530
3524006,2022,2023,70616,200.876,351.54,10529260
3524105,2022,2023,37571,704.659,53.32,2218625
3524204,2022,2023,6221,273.438,22.75,247095
3524303,2022,2023,71821,706.602,101.64,4156253
3524402,2022,2023,240275,464.272,517.53,19692996
3524501,2022,2023,7613,145.133,52.46,880800
3524600,2022,2023,16097,704.189,22.86,698901
3524709,2022,2023,59347,141.391,419.74,14680878
3524808,2022,2023,48776,368.574,132.34,2590208
3524907,2022,2023,6397,184.413,34.69,461642
3525003,2022,2023,118045,17.449,6765.14,5547107
3525102,2022,2023,45282,501.87,90.23,2398612
3525201,2022,2023,37535,207.549,180.85,3546444
3525300,2022,2023,133497,687.103,194.29,6542933
3525409,2022,2023,3863,141.971,27.21,308789
3525508,2022,2023,12815,374.293,34.24,335737
3525607,2022,2023,4371,415.452,10.52,187000
3525706,2022,2023,36633,860.2,42.59,1940540
3525805,2022,2023,4254,128.183,33.19,82839
3525854,2022,2023,3056,56.685,53.91,287951
3525904,2022,2023,443221,431.204,1027.87,65418378
3526001,2022,2023,20448,582.565,35.1,940871
3526100,2022,2023,17154,812.799,21.1,446418
3526209,2022,2023,27404,522.169,52.48,660665
3526308,2022,2023,5083,255.472,19.9,101411
3526407,2022,2023,26261,384.274,68.34,1688979
3526506,2022,2023,9689,537.675,18.02,262294
3526605,2022,2023,7171,167.067,42.92,169896
3526704,2022,2023,98161,402.871,243.65,4938512
3526803,2022,2023,66505,809.541,82.15,6564648
3526902,2022,2023,291869,580.711,502.61,20876940
3527009,2022,2023,7014,48.756,143.86,405308
3527108,2022,2023,74779,570.058,131.18,8610363
3527207,2022,2023,84855,414.16,204.88,4501318
3527256,2022,2023,1950,113.94,17.11,55440
3527306,2022,2023,51847,55.738,930.19,20154612
3527405,2022,2023,20061,314.81,63.72,600068
3527504,2022,2023,2372,189.536,12.51,138654
3527603,2022,2023,12265,598.257,20.5,2385617
3527702,2022,2023,4701,166.576,28.22,117809
3527801,2022,2023,3981,155.171,25.66,115244
3527900,2022,2023,2661,475.226,5.6,135645
3528007,2022,2023,16829,224.514,74.96,691847
3528106,2022,2023,7481,248.087,30.15,245038
3528205,2022,2023,3963,327.567,12.1,123750
3528304,2022,2023,3165,312.282,10.14,168949
3528403,2022,2023,50027,210.149,238.05,2923463
3528502,2022,2023,93853,320.697,292.65,2767181
3528601,2022,2023,9871,229.046,43.1,361118
3528700,2022,2023,4573,919.519,4.97,201668
3528809,2022,2023,12673,533.498,23.75,1039676
3528858,2022,2023,3292,111.267,29.59,163562
3528908,2022,2023,3513,186.544,18.83,90255
3529005,2022,2023,237627,1170.515,203.01,12507571
3529104,2022,2023,1860,77.827,23.9,56365
3529203,2022,2023,24881,1253.564,19.85,949416
3529302,2022,2023,79033,524.899,150.57,7646780
3529401,2022,2023,418261,61.937,6753.01,25000732
3529500,2022,2023,6159,195.151,31.56,593745
3529609,2022,2023,4572,228.199,20.04,437548
3529658,2022,2023,1952,148.636,13.13,108331
3529708,2022,2023,19441,820.849,23.68,1113098
3529807,2022,2023,11230,213.242,52.66,309941
3529906,2022,2023,18553,1001.484,18.53,560827
3530003,2022,2023,3126,216.825,14.42,77240
3530102,2022,2023,27983,917.694,30.49,978818
3530201,2022,2023,15917,1238.931,12.85,651108
3530300,2022,2023,63337,243.228,260.4,3345888
3530409,2022,2023,4669,166.125,28.11,378154
3530508,2022,2023,67681,855.156,79.14,4014553
3530607,2022,2023,451505,712.541,633.65,26072522
3530706,2022,2023,153658,812.753,189.06,9433838
3530805,2022,2023,92558,497.708,185.97,8092719
3530904,2022,2023,3722,133.698,27.84,179189
3531001,2022,2023,1937,104.352,18.56,77881
3531100,2022,2023,61951,142.755,433.97,1535906
3531209,2022,2023,8627,110.308,78.21,304555
3531308,2022,2023,47574,346.95,137.12,3062782
3531407,2022,2023,22280,495.559,44.96,1038560
3531506,2022,2023,18151,263.462,68.89,958014
3531605,2022,2023,4222,233.547,18.08,161947
3531704,2022,2023,4138,332.742,12.44,113891
3531803,2022,2023,64662,240.566,268.79,6049398
3531902,2022,2023,27933,1388.127,20.12,1980195
3532009,2022,2023,13720,146.752,93.49,765641
3532058,2022,2023,4034,228.7,17.64,171027
3532108,2022,2023,3737,250.873,14.9,113474
3532157,2022,2023,2660,286.647,9.28,189556
3532207,2022,2023,5713,357.325,15.99,896057
3532306,2022,2023,6999,833.372,8.4,159425
3532405,2022,2023,18217,326.254,55.84,595410
3532504,2022,2023,9699,219.05,44.28,384592
3532603,2022,2023,9852,436.159,22.59,507862
3532702,2022,2023,4750,137.609,34.52,146719
3532801,2022,2023,6693,217.515,30.77,361490
3532827,2022,2023,8497,385.375,22.05,260753
3532843,2022,2023,2032,124.473,16.32,57172
3532868,2022,2023,1062,183.396,5.79,91228
3532900,2022,2023,9311,160.25,58.1,556400
3533007,2022,2023,19419,531.796,36.52,732341
3533106,2022,2023,2156,34.158,63.12,47451
3533205,2022,2023,4609,265.029,17.39,285939
3533254,2022,2023,4412,117.772,37.46,105507
3533304,2022,2023,2837,73.816,38.43,70080
3533403,2022,2023,62019,73.788,840.5,5613297
3533502,2022,2023,38324,931.743,41.13,2313783
3533601,2022,2023,7391,348.265,21.22,1235537
3533700,2022,2023,4331,301.036,14.39,163910
3533809,2022,2023,2512,198.938,12.63,143212
3533908,2022,2023,55074,802.555,68.62,3569676
3534005,2022,2023,4771,242.946,19.64,370589
3534104,2022,2023,6085,218.668,27.83,194079
3534203,2022,2023,6024,247.378,24.35,830370
3534302,2022,2023,38319,291.765,131.34,3247648
3534401,2022,2023,728615,64.954,11217.4,119404053
3534500,2022,2023,2470,222.13,11.12,123399
3534609,2022,2023,31272,248.038,126.08,1615248
3534708,2022,2023,103970,295.818,351.47,4902762
3534757,2022,2023,10294,288.648,35.66,670735
3534807,2022,2023,7779,266.778,29.16,186891
3534906,2022,2023,14877,339.375,43.84,285244
3535002,2022,2023,11476,697.701,16.45,603348
3535101,2022,2023,9650,82.125,117.5,209646
3535200,2022,2023,8903,318.74,27.93,308864
3535309,2022,2023,19594,548.407,35.73,1405807
3535408,2022,2023,14964,356.05,42.03,397153
3535507,2022,2023,41120,1001.492,41.06,3133902
3535606,2022,2023,17667,809.576,21.82,408569
3535705,2022,2023,6099,155.186,39.3,436076
3535804,2022,2023,19395,1018.724,19.04,1222547
3535903,2022,2023,4031,140.354,28.72,160653
3536000,2022,2023,10580,366.664,28.85,1150356
3536109,2022,2023,7153,209.894,34.08,515971
3536208,2022,2023,19233,359.414,53.51,753097
3536257,2022,2023,2892,84.737,34.13,67931
3536307,2022,2023,14512,602.848,24.07,1850012
3536406,2022,2023,7955,374.091,21.26,322394
3536505,2022,2023,110537,138.777,796.51,67067300
3536570,2022,2023,2090,256.178,8.16,74506
3536604,2022,2023,7400,737.986,10.03,426146
3536703,2022,2023,44827,727.482,61.62,3840421
3536802,2022,2023,6557,158.587,41.35,147569
3536901,2022,2023,2787,260.101,10.72,116928
3537008,2022,2023,15525,712.604,21.79,1417488
3537107,2022,2023,43112,108.817,396.19,1817292
3537156,2022,2023,2804,152.309,18.41,177967
3537206,2022,2023,11281,670.44,16.83,208399
3537305,2022,2023,61679,711.315,86.71,2743180
3537404,2022,2023,24095,974.247,24.73,1495859
3537503,2022,2023,8737,223.136,39.16,410463
3537602,2022,2023,68352,326.216,209.53,2366996
3537701,2022,2023,5519,232.488,23.74,160075
3537800,2022,2023,52970,746.868,70.92,1839652
3537909,2022,2023,27619,681.248,40.54,1502794
3538006,2022,2023,165428,731.355,226.19,13674680
3538105,2022,2023,14542,184.825,78.68,733296
3538204,2022,2023,15224,154.529,98.52,416405
3538303,2022,2023,3264,482.769,6.76,100296
3538501,2022,2023,12490,175.996,70.97,227361
3538600,2022,2023,26029,385.568,67.51,799449
3538709,2022,2023,423323,1378.069,307.19,44351588
3538808,2022,2023,29436,504.591,58.34,1088629
3538907,2022,2023,22431,823.758,27.23,737809
3539004,2022,2023,10885,215.809,50.44,535545
3539103,2022,2023,18370,108.489,169.33,693314
3539202,2022,2023,25348,477.673,53.07,1410928
3539301,2022,2023,73545,727.118,101.15,4304413
3539400,2022,2023,15108,402.409,37.54,389655
3539509,2022,2023,33674,430.638,78.2,1830160
3539608,2022,2023,4389,289.825,15.14,331487
3539707,2022,2023,3025,327.48,9.24,160406
3539806,2022,2023,103765,17.264,6010.48,4610760
3539905,2022,2023,5592,135.12,41.39,199994
3540002,2022,2023,20196,784.674,25.74,2509065
3540101,2022,2023,3395,183.399,18.51,124380
3540200,2022,2023,37607,356.371,105.53,2153954
3540259,2022,2023,4127,209.525,19.7,131997
3540309,2022,2023,2387,217.505,10.97,152499
3540408,2022,2023,4127,315.938,13.06,156037
3540507,2022,2023,10451,265.689,39.34,309200
3540606,2022,2023,56497,556.706,101.48,5067049
3540705,2022,2023,52649,244.906,214.98,3069355
3540754,2022,2023,20392,44.643,456.78,355271
3540804,2022,2023,18496,342.492,54,1017223
3540853,2022,2023,2578,63.054,40.89,44001
3540903,2022,2023,17078,167.378,102.03,1456796
3541000,2022,2023,349935,149.652,2338.32,11396646
3541059,2022,2023,5126,175.1,29.27,252655
3541109,2022,2023,3804,286.642,13.27,112972
3541208,2022,2023,14490,749.233,19.34,351783
3541307,2022,2023,39505,1260.281,31.35,1521762
3541406,2022,2023,225668,560.637,402.52,11617599
3541505,2022,2023,35201,755.203,46.61,1096298
3541604,2022,2023,35131,779.2,45.09,3349681
3541653,2022,2023,3405,205.672,16.56,209960
3541703,2022,2023,13163,651.341,20.21,1087543
3541802,2022,2023,3265,234.914,13.9,1095800
3541901,2022,2023,9159,249.399,36.72,481509
3542008,2022,2023,7038,318.937,22.07,371696
3542107,2022,2023,8965,121.645,73.7,594930
3542206,2022,2023,28588,1587.498,18.01,1999657
3542305,2022,2023,4494,309.441,14.52,122059
3542404,2022,2023,20145,263.28,76.52,1293798
3542503,2022,2023,7662,410.406,18.67,270644
3542602,2022,2023,59947,722.201,83.01,2931915
3542701,2022,2023,6404,245.746,26.06,311797
3542800,2022,2023,3132,335.759,9.33,61922
3542909,2022,2023,10989,471.553,23.3,494054
3543006,2022,2023,18627,697.5,26.71,640749
3543105,2022,2023,4608,148.332,31.07,282574
3543204,2022,2023,4677,203.208,23.02,326855
3543238,2022,2023,2025,196.446,10.31,56509
3543253,2022,2023,7450,333.363,22.35,127269
3543303,2022,2023,115559,98.972,1167.59,4853229
3543402,2022,2023,698642,650.916,1073.32,52306820
3543501,2022,2023,5599,385.878,14.51,119164
3543600,2022,2023,4049,162.508,24.92,232911
3543709,2022,2023,9098,316.639,28.73,346937
3543808,2022,2023,9259,358.481,25.83,495680
3543907,2022,2023,201418,498.422,404.11,15427117
3544004,2022,2023,31328,226.657,138.22,2037526
3544103,2022,2023,44170,36.341,1215.43,1166050
3544202,2022,2023,10309,631.897,16.31,390635
3544251,2022,2023,17440,744.011,23.44,1542731
3544301,2022,2023,10832,129.847,83.42,450314
3544400,2022,2023,2700,236.484,11.42,88679
3544509,2022,2023,3833,242.877,15.78,196382
3544608,2022,2023,5112,305.285,16.75,183225
3544707,2022,2023,2474,147.935,16.72,72625
3544806,2022,2023,6437,308.555,20.86,266234
3544905,2022,2023,11411,305.776,37.32,529464
3545001,2022,2023,15202,424.997,35.77,310985
3545100,2022,2023,4808,172.934,27.8,114824
3545159,2022,2023,8161,99.738,81.82,471342
3545209,2022,2023,134319,133.057,1009.48,11498959
3545308,2022,2023,43748,280.412,156.01,2856415
3545407,2022,2023,9050,188.441,48.03,394928
3545506,2022,2023,3645,455.856,8,455962
3545605,2022,2023,14018,330.269,42.44,560339
3545704,2022,2023,6393,272.692,23.44,333897
3545803,2022,2023,183347,271.03,676.48,10803992
3546009,2022,2023,13975,272.238,51.33,357556
3546108,2022,2023,2598,183.458,14.16,130553
3546207,2022,2023,4277,150.13,28.49,200490
3546256,2022,2023,2116,148.062,14.29,101459
3546306,2022,2023,28864,295.337,97.73,788978
3546405,2022,2023,46442,1114.747,41.66,4319822
3546504,2022,2023,6118,134.421,45.51,152155
3546603,2022,2023,34794,206.537,168.46,1988880
3546702,2022,2023,23611,98.291,240.22,3568257
3546801,2022,2023,53174,363.332,146.35,2298061
3546900,2022,2023,7149,153.86,46.46,185362
3547007,2022,2023,5243,252.621,20.75,197769
3547106,2022,2023,2956,166.753,17.73,97262
3547205,2022,2023,1670,129.888,12.86,56776
3547304,2022,2023,154105,179.949,856.38,14328397
3547403,2022,2023,2733,209.8,13.03,105525
3547502,2022,2023,24833,754.141,32.93,992180
3547601,2022,2023,23411,288.576,81.13,1131989
3547650,2022,2023,1645,79.192,20.77,66140
3547700,2022,2023,17963,552.876,32.49,630473
3547809,2022,2023,748919,175.782,4260.5,36931351
3547908,2022,2023,6775,310.311,21.83,282937
3548005,2022,2023,23244,154.133,150.8,2146890
3548054,2022,2023,8379,1308.432,6.4,380219
3548104,2022,2023,6126,109.956,55.71,253743
3548203,2022,2023,7133,133.008,53.63,191747
3548302,2022,2023,3000,94.465,31.76,60256
3548401,2022,2023,3899,128.026,30.45,97802
3548500,2022,2023,418608,281.033,1489.53,30961718
3548609,2022,2023,11674,252.579,46.22,354768
3548708,2022,2023,810729,409.532,1979.65,71965791
3548807,2022,2023,165655,15.331,10805.23,22553448
3548906,2022,2023,254857,1136.907,224.17,18386920
3549003,2022,2023,2602,75.579,34.43,59556
3549102,2022,2023,92547,516.399,179.22,5011181
3549201,2022,2023,2580,129.462,19.93,72713
3549250,2022,2023,1846,178.396,10.35,69614
3549300,2022,2023,2242,117.665,19.05,83376
3549409,2022,2023,48558,410.863,118.19,2733786
3549508,2022,2023,7626,276.952,27.54,336022
3549607,2022,2023,3853,570.685,6.75,80553
3549706,2022,2023,52205,419.684,124.39,2876973
3549805,2022,2023,480393,431.944,1112.17,26390121
3549904,2022,2023,697054,1099.409,634.03,61394524
3549953,2022,2023,16067,186.456,86.17,346115
3550001,2022,2023,10337,617.315,16.75,252579
3550100,2022,2023,37289,650.734,57.3,1889877
3550209,2022,2023,32039,930.339,34.44,1157726
3550308,2022,2023,11451999,1521.202,7528.26,1066825105
3550407,2022,2023,38256,611.278,62.58,1243177
3550506,2022,2023,7217,731.221,9.87,393936
3550605,2022,2023,79484,306.908,258.98,4532567
3550704,2022,2023,81595,402.395,202.77,17400619
3550803,2022,2023,10441,252.41,41.37,481876
3550902,2022,2023,13442,617.252,21.78,648092
3551009,2022,2023,329911,148.151,2226.86,7414656
3551108,2022,2023,10369,352.592,29.41,270123
3551207,2022,2023,3704,141.608,26.16,115635
3551306,2022,2023,3130,167.848,18.65,454542
3551405,2022,2023,12746,283.144,45.02,269297
3551504,2022,2023,43909,126.046,348.36,1454535
3551603,2022,2023,29894,203.734,146.73,1025007
3551702,2022,2023,126887,403.089,314.79,9075018
3551801,2022,2023,12730,1062.699,11.98,461849
3551900,2022,2023,14576,140.46,103.77,340597
3552007,2022,2023,6186,414.782,14.91,116266
3552106,2022,2023,40122,449.029,89.35,1449301
3552205,2022,2023,723682,449.872,1608.64,58816286
3552304,2022,2023,7355,594.744,12.37,302801
3552403,2022,2023,279545,153.465,1821.56,19026093
3552502,2022,2023,307429,206.236,1490.67,18618698
3552551,2022,2023,3408,330.587,10.31,511504
3552601,2022,2023,11323,345.792,32.75,397691
3552700,2022,2023,14769,368.604,40.07,512361
3552809,2022,2023,273542,20.388,13416.81,12084179
3552908,2022,2023,6260,607.267,10.31,242091
3553005,2022,2023,12669,145.332,87.17,409335
3553104,2022,2023,5677,107.059,53.03,155640
3553203,2022,2023,6548,132.459,49.43,188353
3553302,2022,2023,21435,561.788,38.15,966714
3553401,2022,2023,25265,747.218,33.81,1592467
3553500,2022,2023,7996,755.1,10.59,223954
3553609,2022,2023,11816,221.891,53.25,358653
3553658,2022,2023,2619,53.892,48.6,92383
3553708,2022,2023,52260,594.335,87.93,2307145
3553807,2022,2023,24350,448.515,54.29,1279103
3553856,2022,2023,6876,231.792,29.66,433014
3553906,2022,2023,6536,201.385,32.46,187171
3553955,2022,2023,14882,302.913,49.13,1153083
3554003,2022,2023,123942,523.749,236.64,6784535
3554102,2022,2023,310739,625.003,497.18,22607800
3554201,2022,2023,4127,296.189,13.93,341127
3554300,2022,2023,22173,1555.803,14.25,822760
3554409,2022,2023,7904,221.541,35.68,237426
3554508,2022,2023,37663,404.396,93.13,2954948
3554607,2022,2023,2464,196.79,12.52,80268
3554656,2022,2023,2046,71.348,28.68,44087
3554706,2022,2023,9335,315.267,29.61,380075
3554755,2022,2023,1682,63.421,26.52,66641
3554805,2022,2023,51173,191.094,267.79,1091771
3554904,2022,2023,6804,151.594,44.88,155505
3554953,2022,2023,6778,126.731,53.48,239682
3555000,2022,2023,63928,627.986,101.8,3128302
3555109,2022,2023,15854,244.77,64.77,446938
3555208,2022,2023,1818,153.235,11.86,88091
3555307,2022,2023,1669,147.797,11.29,100226
3555356,2022,2023,5365,209.861,25.56,298746
3555406,2022,2023,92981,708.105,131.31,3506919
3555505,2022,2023,5132,282.179,18.19,201026
3555604,2022,2023,10394,252.434,41.18,521824
3555703,2022,2023,1603,79.056,20.28,72244
3555802,2022,2023,8833,209.262,42.21,366620
3555901,2022,2023,1387,146.901,9.44,66750
3556008,2022,2023,13744,323.916,42.43,647135
3556107,2022,2023,14098,149.741,94.15,565653
3556206,2022,2023,126373,148.538,850.78,10200701
3556305,2022,2023,24241,857.661,28.26,1426927
3556354,2022,2023,10512,142.595,73.72,222012
3556404,2022,2023,40133,267.178,150.21,1431642
3556453,2022,2023,50415,42.489,1186.54,3524293
3556503,2022,2023,115771,35.12,3296.44,4736062
3556602,2022,2023,10176,247.716,41.08,302805
3556701,2022,2023,76540,80.95,945.52,14699664
3556800,2022,2023,17414,217.726,79.98,563836
3556909,2022,2023,8109,95.429,84.97,705941
3556958,2022,2023,1794,49.832,36,64481
3557006,2022,2023,127923,184.186,694.53,5209654
3557105,2022,2023,96634,420.703,229.7,4582203
3557154,2022,2023,2692,319.056,8.44,177562
3557204,2022,2023,12211,188.727,64.7,477220
3557303,2022,2023,11295,74.144,152.34,532212
4100103,2022,2023,7241,228.717,31.66,297166
4100202,2022,2023,6256,1349.311,4.64,467129
4100301,2022,2023,10233,192.261,53.22,279388
4100400,2022,2023,119825,194.228,616.93,2242620
4100459,2022,2023,3590,386.945,9.28,115509
4100509,2022,2023,18742,661.56,28.33,546401
4100608,2022,2023,13909,407.719,34.11,562667
4100707,2022,2023,9727,447.666,21.73,488594
4100806,2022,2023,10326,424.25,24.34,436443
4100905,2022,2023,4762,384.735,12.38,163899
4101002,2022,2023,19620,298.349,65.76,1001174
4101051,2022,2023,2918,102.895,28.36,124323
4101101,2022,2023,19878,235.944,84.25,861173
4101150,2022,2023,3235,106.021,30.51,179778
4101200,2022,2023,18091,891.582,20.29,1001675
4101309,2022,2023,7018,469.62,14.94,282611
4101408,2022,2023,130134,556.99,233.64,4834013
4101507,2022,2023,119138,382.215,311.7,5715471
4101606,2022,2023,25777,1358.176,18.98,1632919
4101655,2022,2023,3527,217.371,16.23,154285
4101705,2022,2023,14485,493.191,29.37,630796
4101804,2022,2023,151666,469.24,323.22,34075052
4101853,2022,2023,2329,234.076,9.95,144973
4101903,2022,2023,13797,440.347,31.33,637194
4102000,2022,2023,36808,980.727,37.53,2033731
4102109,2022,2023,25475,434.792,58.59,1164816
4102208,2022,2023,3980,137.663,28.91,254752
4102307,2022,2023,13395,348.926,38.39,1302016
4102406,2022,2023,31273,445.192,70.25,1362233
4102505,2022,2023,10795,538.636,20.04,342155
4102604,2022,2023,9759,161.213,60.53,323297
4102703,2022,2023,2814,115.855,24.29,187138
4102752,2022,2023,4031,148.107,27.22,126095
4102802,2022,2023,14833,242.689,61.12,564054
4102901,2022,2023,15533,1234.946,12.58,656377
4103008,2022,2023,4558,302.739,15.06,342930
4103024,2022,2023,2455,151.797,16.17,165031
4103040,2022,2023,6378,620.453,10.28,449414
4103057,2022,2023,7924,266.175,29.77,222437
4103107,2022,2023,13299,825.665,16.11,305498
4103156,2022,2023,3980,176.129,22.6,142418
4103206,2022,2023,6581,322.755,20.39,221658
4103222,2022,2023,3202,195.931,16.34,331505
4103305,2022,2023,7735,334.378,23.13,296465
4103354,2022,2023,4854,343.321,14.14,261007
4103370,2022,2023,3708,291.036,12.74,298634
4103404,2022,2023,2627,185.8,14.14,121532
4103453,2022,2023,18997,274.904,69.1,2697734
4103479,2022,2023,4473,335.392,13.34,199026
4103503,2022,2023,8710,141.817,61.42,250999
4103602,2022,2023,23212,366.153,63.39,985512
4103701,2022,2023,107208,495.375,216.42,6771173
4103800,2022,2023,9460,164.786,57.41,349367
4103909,2022,2023,15723,796.614,19.74,674422
4103958,2022,2023,3936,448.424,8.78,195120
4104006,2022,2023,47825,539.245,88.69,2871767
4104055,2022,2023,4027,433.832,9.28,237197
4104105,2022,2023,7508,304.488,24.66,306673
4104204,2022,2023,136327,1243.551,109.63,7070393
4104253,2022,2023,30160,275.352,109.53,700583
4104303,2022,2023,99432,749.637,132.64,5991908
4104402,2022,2023,15244,1510.16,10.09,475235
4104428,2022,2023,14973,1512.786,9.9,901449
4104451,2022,2023,10933,583.304,18.74,386335
4104501,2022,2023,20481,419.036,48.88,1592681
4104600,2022,2023,14648,280.063,52.3,1300220
4104659,2022,2023,23283,649.68,35.84,1989896
4104709,2022,2023,16905,451.418,37.45,575814
4104808,2022,2023,348051,2091.199,166.44,19204178
4104907,2022,2023,73075,2531.503,28.87,4517501
4105003,2022,2023,10446,580.421,18,413685
4105102,2022,2023,10832,371.834,29.13,376525
4105201,2022,2023,16134,1341.189,12.03,374010
4105300,2022,2023,11087,1179.449,9.4,1070583
4105409,2022,2023,21085,959.692,21.97,1196360
4105508,2022,2023,79527,811.666,97.98,3986697
4105607,2022,2023,11467,403.045,28.45,620524
4105706,2022,2023,15070,703.638,21.42,915575
4105805,2022,2023,232212,197.58,1175.28,7628975
4105904,2022,2023,22896,407.568,56.18,1171688
4106001,2022,2023,8320,535.963,15.52,309517
4106100,2022,2023,3461,204.705,16.91,168785
4106209,2022,2023,19128,299.037,63.97,627818
4106308,2022,2023,17470,529.137,33.02,993480
4106407,2022,2023,45206,635.1,71.18,2382241
4106456,2022,2023,5649,1556.186,3.63,328942
4106506,2022,2023,23331,684.417,34.09,1109441
4106555,2022,2023,3760,164.341,22.88,104935
4106571,2022,2023,4133,161.862,25.53,206651
4106605,2022,2023,23831,775.984,30.71,1089269
4106704,2022,2023,4494,259.103,17.34,281275
4106803,2022,2023,15978,1478.35,10.81,507964
4106852,2022,2023,2892,312.299,9.26,189224
4106902,2022,2023,1773718,434.892,4078.53,120065276
4107009,2022,2023,13647,576.263,23.68,332954
4107108,2022,2023,5142,242.887,21.17,413933
4107124,2022,2023,3171,347.233,9.13,85754
4107157,2022,2023,4557,309.11,14.74,134493
4107207,2022,2023,44869,418.648,107.18,2609173
4107256,2022,2023,9161,420.604,21.78,859150
4107306,2022,2023,6327,118.279,53.49,242635
4107405,2022,2023,5999,192.203,31.21,389460
4107504,2022,2023,12454,467.47,26.64,698650
4107520,2022,2023,1849,141.286,13.09,75224
4107538,2022,2023,4575,120.967,37.82,420778
4107546,2022,2023,4797,326.44,14.69,201752
4107553,2022,2023,3039,289.232,10.51,255636
4107603,2022,2023,16389,715.943,22.89,625079
4107652,2022,2023,148873,116.678,1275.93,4139461
4107702,2022,2023,4492,234.099,19.19,243624
4107736,2022,2023,6255,406.5,15.39,323922
4107751,2022,2023,8062,129.769,62.13,191682
4107801,2022,2023,4792,191.133,25.07,310640
4107850,2022,2023,4364,255.721,17.07,206357
4107900,2022,2023,10458,158.226,66.1,364240
4108007,2022,2023,11446,246.853,46.37,623832
4108106,2022,2023,2652,83.046,31.93,101261
4108205,2022,2023,7635,275.901,27.67,405549
4108304,2022,2023,285415,609.192,468.51,16973251
4108320,2022,2023,8116,321.898,25.21,254090
4108403,2022,2023,96666,735.111,131.5,4525403
4108452,2022,2023,4926,235.382,20.93,187782
4108502,2022,2023,11062,1071.183,10.33,437294
4108551,2022,2023,2977,131.012,22.72,96133
4108601,2022,2023,28437,564.163,50.41,1335666
4108650,2022,2023,6566,702.471,9.35,308612
4108700,2022,2023,5641,314.198,17.95,177555
4108809,2022,2023,32097,563.742,56.94,1438846
4108908,2022,2023,6587,493.94,13.34,404827
4108957,2022,2023,7856,244.795,32.09,357064
4109005,2022,2023,4626,189.1,24.46,228919
4109104,2022,2023,2191,201.15,10.89,106183
4109203,2022,2023,4748,211.68,22.43,192291
4109302,2022,2023,13735,1238.32,11.09,604224
4109401,2022,2023,182093,3168.087,57.48,9864113
4109500,2022,2023,7430,2011.357,3.69,146081
4109609,2022,2023,42062,1326.67,31.7,1220949
4109658,2022,2023,4941,502.235,9.84,386521
4109708,2022,2023,28830,898.221,32.1,1236457
4109757,2022,2023,6218,145.446,42.75,208091
4109807,2022,2023,51603,297.742,173.31,4037855
4109906,2022,2023,8991,675.24,13.32,329106
4110003,2022,2023,5338,164.983,32.35,267158
4110052,2022,2023,2144,106.937,20.05,94791
4110078,2022,2023,14249,330.734,43.08,320471
4110102,2022,2023,29924,756.535,39.55,1503418
4110201,2022,2023,9670,936.208,10.33,249949
4110300,2022,2023,2536,194.704,13.02,76239
4110409,2022,2023,4448,122.622,36.27,772540
4110508,2022,2023,14142,900.721,15.7,776104
4110607,2022,2023,15746,647.894,24.3,850007
4110656,2022,2023,2343,81.538,28.74,126065
4110706,2022,2023,59250,999.517,59.28,2816144
4110805,2022,2023,10684,570.459,18.73,409528
4110904,2022,2023,4481,194.353,23.06,164295
4110953,2022,2023,11485,330.846,34.71,566776
4111001,2022,2023,5908,207.342,28.49,279453
4111100,2022,2023,6111,243.822,25.06,276022
4111209,2022,2023,12344,254.014,48.6,970545
4111258,2022,2023,31217,322.991,96.65,799718
4111308,2022,2023,3572,128.87,27.72,151825
4111407,2022,2023,13229,607.848,21.76,711073
4111506,2022,2023,32720,436.989,74.88,1142266
4111555,2022,2023,6831,410.156,16.65,280430
4111605,2022,2023,2708,96.661,28.02,167215
4111704,2022,2023,5427,139.277,38.97,156576
4111803,2022,2023,40375,602.528,67.01,1956993
4111902,2022,2023,15122,475.004,31.84,1452483
4112009,2022,2023,35141,1453.066,24.18,2062535
4112108,2022,2023,21408,187.6,114.12,962904
4112207,2022,2023,5870,335.65,17.49,336925
4112306,2022,2023,4972,187.802,26.47,169940
4112405,2022,2023,9144,165.185,55.36,441907
4112504,2022,2023,12004,413.386,29.04,424449
4112603,2022,2023,1343,128.515,10.45,78979
4112702,2022,2023,11813,159.178,74.21,301470
4112751,2022,2023,10506,247.496,42.45,556586
4112801,2022,2023,11945,289.173,41.31,872246
4112900,2022,2023,3333,320.816,10.39,157361
4112959,2022,2023,7771,354.364,21.93,497087
4113007,2022,2023,6690,210.869,31.73,370465
4113106,2022,2023,4582,193.299,23.7,201236
4113205,2022,2023,45003,2093.859,21.49,2647566
4113254,2022,2023,5600,559.439,10.01,125483
4113304,2022,2023,32227,673.688,47.84,1230924
4113403,2022,2023,3752,344.918,10.88,226118
4113429,2022,2023,3938,151.456,26,146837
4113452,2022,2023,5175,347.093,14.91,249057
4113502,2022,2023,23225,722.496,32.15,909384
4113601,2022,2023,4601,240.904,19.1,333368
4113700,2022,2023,555965,1652.569,336.42,27999537
4113734,2022,2023,6690,916.839,7.3,599341
4113759,2022,2023,4872,199.213,24.46,147290
4113809,2022,2023,4813,121.066,39.76,164846
4113908,2022,2023,13428,760.224,17.66,973316
4114005,2022,2023,13452,788.061,17.07,859221
4114104,2022,2023,31457,294.019,106.99,995410
4114203,2022,2023,36716,335.814,109.33,2916500
4114302,2022,2023,27439,379.179,72.36,801433
4114351,2022,2023,2770,215.779,12.84,104399
4114401,2022,2023,16603,1055.458,15.73,1869715
4114500,2022,2023,14240,571.135,24.93,656196
4114609,2022,2023,55836,745.748,74.87,3919007
4114708,2022,2023,5865,486.224,12.06,176407
4114807,2022,2023,41851,475.564,88,2964620
4114906,2022,2023,8677,384.424,22.57,510268
4115002,2022,2023,7253,232.363,31.21,237237
4115101,2022,2023,9847,433.17,22.73,403957
4115200,2022,2023,409657,487.012,841.16,27817346
4115309,2022,2023,6371,230.365,27.66,554034
4115358,2022,2023,6555,283.793,23.1,535683
4115408,2022,2023,15901,387.612,41.02,738403
4115457,2022,2023,4504,503.858,8.94,134982
4115507,2022,2023,4699,208.47,22.54,134313
4115606,2022,2023,18450,639.746,28.84,1440815
4115705,2022,2023,39259,117.899,332.99,1148205
4115739,2022,2023,3267,394.533,8.28,157348
4115754,2022,2023,9383,108.324,86.62,527212
4115804,2022,2023,54369,328.732,165.39,3007596
4115853,2022,2023,5931,197.136,30.09,311869
4115903,2022,2023,2238,221.708,10.09,178999
4116000,2022,2023,1966,90.294,21.77,69394
4116059,2022,2023,11064,324.397,34.11,496708
4116109,2022,2023,11175,353.772,31.59,382098
4116208,2022,2023,18309,684.58,26.74,534712
4116307,2022,2023,3951,137.018,28.84,176663
4116406,2022,2023,3669,185.769,19.75,126913
4116505,2022,2023,1323,131.272,10.08,71238
4116604,2022,2023,3280,129.476,25.33,108097
4116703,2022,2023,13765,470.642,29.25,1040813
4116802,2022,2023,6790,555.488,12.22,341725
4116901,2022,2023,26585,401.587,66.2,1253498
4116950,2022,2023,5597,208.472,26.85,198770
4117008,2022,2023,7225,283.423,25.49,327433
4117057,2022,2023,12074,1210.205,9.98,378372
4117107,2022,2023,12923,269.389,47.97,718418
4117206,2022,2023,5833,136.347,42.78,132741
4117214,2022,2023,4184,76.887,54.42,131609
4117222,2022,2023,8322,204.665,40.66,484275
4117255,2022,2023,12699,352.565,36.02,560124
4117271,2022,2023,6848,545.686,12.55,237202
4117297,2022,2023,3125,161.411,19.36,124923
4117305,2022,2023,24192,2429.52,9.96,3592270
4117404,2022,2023,3187,176.457,18.06,186573
4117453,2022,2023,6785,293.042,23.15,297137
4117503,2022,2023,45962,171.379,268.19,1342362
4117602,2022,2023,48247,1557.903,30.97,1728162
4117701,2022,2023,33855,1470.072,23.03,2220003
4117800,2022,2023,13033,817.647,15.94,406781
4117909,2022,2023,35011,651.238,53.76,3698095
4118006,2022,2023,13245,204.564,64.75,533427
4118105,2022,2023,9557,348.631,27.41,517609
4118204,2022,2023,145829,822.838,177.23,15291703
4118303,2022,2023,2398,175.875,13.63,88781
4118402,2022,2023,92001,1202.266,76.52,4189765
4118451,2022,2023,5733,135.6,42.28,269744
4118501,2022,2023,91836,539.087,170.35,5817896
4118600,2022,2023,5666,421.409,13.45,488532
4118709,2022,2023,6343,363.351,17.46,473855
4118808,2022,2023,13346,468.594,28.48,530693
4118857,2022,2023,7189,409.05,17.57,354948
4118907,2022,2023,11878,236.186,50.29,364026
4119004,2022,2023,6221,205.279,30.31,270487
4119103,2022,2023,13655,254.792,53.59,853225
4119152,2022,2023,127019,60.869,2086.76,9852601
4119202,2022,2023,6566,220.625,29.76,251911
4119251,2022,2023,2761,97.463,28.33,82104
4119301,2022,2023,29886,2001.588,14.93,1851108
4119400,2022,2023,23651,1345.417,17.58,1441276
4119509,2022,2023,118730,227.042,522.94,1901529
4119608,2022,2023,33567,1663.747,20.18,1448744
4119657,2022,2023,3046,123.229,24.72,160573
4119707,2022,2023,4070,356.192,11.43,149540
4119806,2022,2023,14374,346.241,41.51,526048
4119905,2022,2023,358371,2054.732,174.41,25583325
4119954,2022,2023,30425,200.41,151.81,809708
4120002,2022,2023,11624,291.663,39.85,732948
4120101,2022,2023,4098,186.581,21.96,391662
4120150,2022,2023,3110,361.02,8.61,169168
4120200,2022,2023,3182,217.676,14.62,152980
4120309,2022,2023,3562,213.013,16.72,98341
4120333,2022,2023,3709,152.876,24.26,207955
4120358,2022,2023,5737,226.14,25.37,378687
4120408,2022,2023,4336,155.734,27.84,197136
4120507,2022,2023,10082,414.442,24.33,462476
4120606,2022,2023,49393,2247.141,21.98,1905943
4120655,2022,2023,4201,321.875,13.05,409019
4120705,2022,2023,8099,112.689,71.87,244507
4120804,2022,2023,24191,180.471,134.04,2336181
4120853,2022,2023,4480,114.393,39.16,307122
4120903,2022,2023,30738,821.503,37.42,1927945
4121000,2022,2023,10685,914.763,11.68,342244
4121109,2022,2023,5001,326.177,15.33,314953
4121208,2022,2023,18398,447.024,41.16,594459
4121257,2022,2023,4221,237.196,17.8,126585
4121307,2022,2023,3512,167.646,20.95,197170
4121356,2022,2023,2618,241.386,10.85,235642
4121406,2022,2023,19247,353.416,54.46,958987
4121505,2022,2023,14514,481.84,30.12,635752
4121604,2022,2023,6845,425.273,16.1,460072
4121703,2022,2023,24573,1635.535,15.02,764371
4121752,2022,2023,6553,834.232,7.86,257839
4121802,2022,2023,12364,629.224,19.65,609741
4121901,2022,2023,13060,374.732,34.85,487933
4122008,2022,2023,14025,599.056,23.41,996992
4122107,2022,2023,3197,177.836,17.98,118815
4122156,2022,2023,13929,681.406,20.44,514285
4122172,2022,2023,3808,376.109,10.12,174700
4122206,2022,2023,37558,811.425,46.29,1850826
4122305,2022,2023,31324,604.138,51.85,1456165
4122404,2022,2023,71670,459.024,156.14,4602704
4122503,2022,2023,11251,742.121,15.16,639474
4122602,2022,2023,9097,555.125,16.39,538736
4122651,2022,2023,5435,377.47,14.4,166638
4122701,2022,2023,8822,190.329,46.35,741345
4122800,2022,2023,4075,181.015,22.51,144581
4122909,2022,2023,5192,200.52,25.89,124160
4123006,2022,2023,15223,312.717,48.68,628454
4123105,2022,2023,3394,78.045,43.49,141542
4123204,2022,2023,3365,105.076,32.02,179166
4123303,2022,2023,8613,442.013,19.49,387175
4123402,2022,2023,11378,276.241,41.19,449906
4123501,2022,2023,25492,754.701,33.78,1641044
4123600,2022,2023,1748,156.935,11.14,85155
4123709,2022,2023,8912,349.497,25.5,293692
4123808,2022,2023,14070,321.182,43.81,514079
4123824,2022,2023,3644,126.813,28.74,158188
4123857,2022,2023,9934,836.669,11.87,353046
4123907,2022,2023,11066,427.193,25.9,497961
4123956,2022,2023,3356,259.957,12.91,115471
4124004,2022,2023,5514,251.269,21.94,184042
4124020,2022,2023,13174,326.19,40.39,713315
4124053,2022,2023,24262,268.258,90.44,765144
4124103,2022,2023,44369,721.472,61.5,1837884
4124202,2022,2023,2493,219.068,11.38,70027
4124301,2022,2023,2125,167.014,12.72,114799
4124400,2022,2023,23673,325.651,72.69,804866
4124509,2022,2023,6181,280.133,22.06,836727
4124608,2022,2023,6587,225.079,29.27,567836
4124707,2022,2023,10830,823.774,13.15,349306
4124806,2022,2023,11886,388.059,30.63,1220178
4124905,2022,2023,5586,304.413,18.35,191656
4125001,2022,2023,10667,353.331,30.19,410617
4125100,2022,2023,13726,720.407,19.05,875907
4125209,2022,2023,9378,379.545,24.71,531521
4125308,2022,2023,5168,315.088,16.4,417316
4125357,2022,2023,6504,406.413,16,183232
4125407,2022,2023,6040,399.667,15.11,232641
4125456,2022,2023,3957,182.419,21.69,109674
4125506,2022,2023,329628,946.435,348.28,33957964
4125555,2022,2023,2138,95.381,22.42,83030
4125605,2022,2023,42366,1341.714,31.58,1934142
4125704,2022,2023,29122,851.917,34.18,1484412
4125753,2022,2023,5784,308.324,18.76,267877
4125803,2022,2023,8690,322.692,26.93,453058
4125902,2022,2023,2661,250.654,10.62,111291
4126009,2022,2023,8063,226.872,35.54,277569
4126108,2022,2023,5232,218.623,23.93,221194
4126207,2022,2023,6695,677.609,9.88,183023
4126256,2022,2023,118455,103.501,1144.48,2398690
4126272,2022,2023,6108,152.084,40.16,1143427
4126306,2022,2023,17270,1441.333,11.98,690924
4126355,2022,2023,5007,482.394,10.38,272573
4126405,2022,2023,5616,444.492,12.63,465712
4126504,2022,2023,15930,505.532,31.51,863931
4126603,2022,2023,22811,278.035,82.04,851121
4126652,2022,2023,3440,170.759,20.15,190979
4126678,2022,2023,10707,472.155,22.68,474596
4126702,2022,2023,4880,193.346,25.24,184145
4126801,2022,2023,15869,591.399,26.83,731143
4126900,2022,2023,5745,434.371,13.23,187714
4127007,2022,2023,9547,902.793,10.57,633083
4127106,2022,2023,75042,1382.86,54.27,6409425
4127205,2022,2023,17568,320.85,54.75,709922
4127304,2022,2023,14842,700.599,21.18,539546
4127403,2022,2023,18119,800.807,22.63,921400
4127502,2022,2023,19961,2977.933,6.7,1448624
4127601,2022,2023,17621,671.889,26.23,554175
4127700,2022,2023,150470,1198.049,125.6,9508572
4127809,2022,2023,8426,591.438,14.25,350465
4127858,2022,2023,11135,505.505,22.03,453550
4127882,2022,2023,6219,668.478,9.3,142467
4127908,2022,2023,8067,698.871,11.54,297521
4127957,2022,2023,8077,299.769,26.94,520417
4127965,2022,2023,14231,938.966,15.16,697870
4128005,2022,2023,24749,652.581,37.92,2129922
4128104,2022,2023,117095,1234.537,94.85,5096996
4128203,2022,2023,55033,719.998,76.43,2223373
4128302,2022,2023,2136,94.819,22.53,131665
4128401,2022,2023,10406,237.81,43.76,395053
4128500,2022,2023,19188,397.916,48.22,767256
4128534,2022,2023,9681,819.334,11.82,378784
4128559,2022,2023,8215,327.09,25.12,335607
4128609,2022,2023,7932,311.801,25.44,606828
4128625,2022,2023,3055,967.772,3.16,147760
4128633,2022,2023,5697,777.482,7.33,116147
4128658,2022,2023,3811,249.094,15.3,241579
4128708,2022,2023,9706,308.218,31.49,631025
4128807,2022,2023,5798,359.712,16.12,138498
4200051,2022,2023,2598,237.517,10.94,115985
4200101,2022,2023,17392,953.992,18.23,1085858
4200200,2022,2023,10990,206.815,53.14,496110
4200309,2022,2023,6055,129.774,46.66,279406
4200408,2022,2023,6508,1319.137,4.93,747812
4200507,2022,2023,6036,139.511,43.27,240633
4200556,2022,2023,2839,76.631,37.05,183332
4200606,2022,2023,6743,326.66,20.64,281792
4200705,2022,2023,10481,733.489,14.29,414787
4200754,2022,2023,1856,103.433,17.94,94012
4200804,2022,2023,5943,232.348,25.58,261385
4200903,2022,2023,5358,499.998,10.72,192262
4201000,2022,2023,8285,589.812,14.05,251491
4201109,2022,2023,3593,540.636,6.65,117403
4201208,2022,2023,11224,234.422,47.88,1163092
4201257,2022,2023,9811,493.49,19.88,510610
4201273,2022,2023,4378,132.779,32.97,400561
4201307,2022,2023,45283,386.693,117.1,9900040
4201406,2022,2023,71922,301.819,238.3,3023100
4201505,2022,2023,8834,173.958,50.78,343668
4201604,2022,2023,3556,93.53,38.02,154297
4201653,2022,2023,2510,90.503,27.73,194588
4201703,2022,2023,8319,112.884,73.7,315202
4201802,2022,2023,3227,94.383,34.19,146755
4201901,2022,2023,6780,207.045,32.75,468008
4201950,2022,2023,15820,94.477,167.45,302101
4202008,2022,2023,139155,45.214,3077.7,9004373
4202057,2022,2023,14912,108.914,136.92,321609
4202073,2022,2023,15669,146.834,106.71,308869
4202081,2022,2023,3144,148.074,21.23,130220
4202099,2022,2023,1668,92.561,18.02,66206
4202107,2022,2023,45369,138.947,326.52,2468505
4202131,2022,2023,5872,535.682,10.96,277735
4202156,2022,2023,2658,93.852,28.32,86050
4202206,2022,2023,10520,388.291,27.09,496824
4202305,2022,2023,76773,365.755,209.9,3523318
4202404,2022,2023,361261,518.619,696.58,24871920
4202438,2022,2023,3515,510.673,6.88,145084
4202453,2022,2023,25058,35.143,713.03,1178868
4202503,2022,2023,4026,938.516,4.29,338788
4202537,2022,2023,2777,63.883,43.47,187852
4202578,2022,2023,2187,67.777,32.27,103572
4202602,2022,2023,8418,1057.034,7.96,454470
4202701,2022,2023,5363,296.256,18.1,554189
4202800,2022,2023,33773,212.045,159.27,2195935
4202859,2022,2023,4026,89.411,45.03,273816
4202875,2022,2023,2489,336.439,7.4,143766
4202909,2022,2023,141385,284.675,496.65,11071535
4203006,2022,2023,73720,983.424,74.96,5375161
4203105,2022,2023,6304,173.079,36.42,382027
4203154,2022,2023,3443,636.208,5.41,135173
4203204,2022,2023,103074,210.568,489.5,2703378
4203253,2022,2023,2625,1331.962,1.97,281798
4203303,2022,2023,12501,499.216,25.04,872665
4203402,2022,2023,7257,1025.638,7.08,401476
4203501,2022,2023,9623,479.161,20.08,532119
4203600,2022,2023,36932,1717.697,21.5,3456854
4203709,2022,2023,12821,151.008,84.9,412708
4203808,2022,2023,55016,1148.036,47.92,2759648
4203907,2022,2023,23314,244.057,95.53,1482554
4203956,2022,2023,23975,53.222,450.47,689019
4204004,2022,2023,10566,199.166,53.05,676611
4204103,2022,2023,4614,140.873,32.75,248344
4204152,2022,2023,2805,208.391,13.46,96487
4204178,2022,2023,3317,418.544,7.93,152293
4204194,2022,2023,2950,124.866,23.63,147115
4204202,2022,2023,254785,624.846,407.76,17619284
4204251,2022,2023,17240,70.965,242.94,1084930
4204301,2022,2023,81646,799.194,102.16,5510392
4204350,2022,2023,4781,83.556,57.22,529198
4204400,2022,2023,10388,233.698,44.45,484593
4204459,2022,2023,2065,107.502,19.21,74761
4204509,2022,2023,15267,405.761,37.63,1055553
4204558,2022,2023,15727,647.388,24.29,763282
4204608,2022,2023,214493,234.865,913.26,12339548
4204707,2022,2023,10953,220.099,49.76,1090031
4204756,2022,2023,1968,54.811,35.91,106831
4204806,2022,2023,40045,949.865,42.16,2003888
4204905,2022,2023,8530,287.057,29.72,382121
4205001,2022,2023,15008,378.843,39.62,674813
4205100,2022,2023,4221,178.157,23.69,184448
4205159,2022,2023,3637,374.205,9.72,184032
4205175,2022,2023,3402,103.888,32.75,75981
4205191,2022,2023,2269,65.311,34.74,241247
4205209,2022,2023,4885,208.841,23.39,253179
4205308,2022,2023,11192,340.07,32.91,845387
4205357,2022,2023,1783,58.457,30.5,95653
4205407,2022,2023,537211,674.844,796.05,31190132
4205431,2022,2023,2682,100.408,26.71,104803
4205456,2022,2023,31431,183.351,171.43,1525924
4205506,2022,2023,33481,549.188,60.96,1596213
4205555,2022,2023,2411,158.775,15.19,114310
4205605,2022,2023,3210,139.836,22.96,159894
4205704,2022,2023,29959,114.773,261.03,1005308
4205803,2022,2023,18545,503.595,36.83,1982039
4205902,2022,2023,72570,386.616,187.71,5058949
4206009,2022,2023,16915,127.556,132.61,661697
4206108,2022,2023,6277,334.362,18.77,406387
4206207,2022,2023,12435,165.718,75.04,456981
4206306,2022,2023,24543,172.173,142.55,1492565
4206405,2022,2023,10796,331.766,32.54,615278
4206504,2022,2023,46711,267.514,174.61,3136750
4206603,2022,2023,4829,100.63,47.99,262918
4206652,2022,2023,8425,206.196,40.86,617585
4206702,2022,2023,21724,216.581,100.3,723522
4206751,2022,2023,2008,146.009,13.75,90693
4206801,2022,2023,3269,156.439,20.9,174344
4206900,2022,2023,19862,247.102,80.38,774395
4207007,2022,2023,59035,230.393,256.24,4878274
4207106,2022,2023,17046,253.024,67.37,1190605
4207205,2022,2023,11881,542.238,21.91,320780
4207304,2022,2023,52579,181.577,289.57,3250688
4207403,2022,2023,5982,119.113,50.22,319441
4207502,2022,2023,71549,430.799,166.08,4484718
4207577,2022,2023,2877,113.986,25.24,381384
4207601,2022,2023,4578,155.651,29.41,134995
4207650,2022,2023,9335,200.96,46.45,486274
4207684,2022,2023,7730,261.081,29.61,435900
4207700,2022,2023,7816,245.921,31.78,564808
4207759,2022,2023,3986,165.147,24.14,258923
4207809,2022,2023,10195,325.862,31.29,339803
4207858,2022,2023,2069,77.912,26.56,78560
4207908,2022,2023,10285,589.698,17.44,636426
4208005,2022,2023,7067,166.265,42.5,550222
4208104,2022,2023,22051,1297.543,16.99,1404662
4208203,2022,2023,264054,289.215,913,48195909
4208302,2022,2023,75940,58.21,1304.59,3799730
4208401,2022,2023,16638,281.782,59.05,1369949
4208450,2022,2023,30750,245.394,125.31,1990651
4208500,2022,2023,26525,336.588,78.81,1565743
4208609,2022,2023,4310,182.483,23.62,236970
4208708,2022,2023,10624,430.704,24.67,733562
4208807,2022,2023,20375,326.362,62.43,887386
4208906,2022,2023,182660,530.894,344.06,15509263
4208955,2022,2023,1776,68.499,25.93,82849
4209003,2022,2023,30146,241.637,124.76,2754514
4209102,2022,2023,616317,1127.947,546.41,49815877
4209151,2022,2023,5985,405.552,14.76,171772
4209177,2022,2023,2555,91.448,27.94,109999
4209201,2022,2023,2248,69.036,32.56,186584
4209300,2022,2023,164981,2637.66,62.55,8341650
4209409,2022,2023,42785,333.26,128.38,1404150
4209458,2022,2023,1702,65.348,26.05,108719
4209508,2022,2023,7932,79.333,99.98,536261
4209607,2022,2023,14381,271.852,52.9,481730
4209706,2022,2023,11472,941.64,12.18,466724
4209805,2022,2023,3330,293.6,11.34,169622
4209854,2022,2023,4549,190.171,23.92,201026
4209904,2022,2023,12873,197.586,65.15,579987
4210001,2022,2023,11684,260.106,44.92,1138042
4210035,2022,2023,5794,117.099,49.48,346309
4210050,2022,2023,1778,261.208,6.81,70008
4210100,2022,2023,55286,1404.084,39.38,3296812
4210209,2022,2023,3214,306.058,10.5,86474
4210308,2022,2023,7425,520.816,14.26,417209
4210407,2022,2023,7815,62.902,124.24,355365
4210506,2022,2023,28251,170.339,165.85,2499223
4210555,2022,2023,2184,104.184,20.96,111255
4210605,2022,2023,17162,374.459,45.83,1050211
4210704,2022,2023,2761,435.391,6.34,77764
4210803,2022,2023,7006,186.439,37.58,469316
4210852,2022,2023,2511,337.991,7.43,106937
4210902,2022,2023,4080,92.346,44.18,203356
4211009,2022,2023,10066,200.276,50.26,1249317
4211058,2022,2023,9117,191.278,47.66,325033
4211108,2022,2023,7736,560.743,13.8,285959
4211207,2022,2023,18537,82.818,223.83,1019641
4211256,2022,2023,3010,260.143,11.57,194418
4211306,2022,2023,86401,111.377,775.75,7939674
4211405,2022,2023,5155,65.087,79.2,266502
4211454,2022,2023,4536,137.388,33.02,191952
4211504,2022,2023,13727,402.852,34.07,972888
4211603,2022,2023,13664,295.061,46.31,1333549
4211652,2022,2023,2643,151.722,17.42,160908
4211702,2022,2023,23661,549.859,43.03,1408944
4211751,2022,2023,17312,847.253,20.43,1267788
4211801,2022,2023,7032,213.543,32.93,307202
4211850,2022,2023,2181,188.568,11.57,170820
4211876,2022,2023,1927,86.048,22.39,73788
4211892,2022,2023,2215,738.331,3,111006
4211900,2022,2023,222598,394.85,563.75,10294550
4212007,2022,2023,7605,330.878,22.98,361215
4212056,2022,2023,2561,289.097,8.86,205053
4212106,2022,2023,15626,351.051,44.51,1211264
4212205,2022,2023,19150,764.737,25.04,1183058
4212239,2022,2023,4267,180.338,23.66,194244
4212254,2022,2023,12897,92.638,139.22,301934
4212270,2022,2023,4034,617.092,6.54,218824
4212304,2022,2023,9063,446.165,20.31,417795
4212403,2022,2023,4245,159.891,26.55,305366
4212502,2022,2023,33663,57.752,582.89,1340663
4212601,2022,2023,2992,96.168,31.11,166701
4212650,2022,2023,10190,106.853,95.36,164483
4212700,2022,2023,6716,306.76,21.89,265682
4212809,2022,2023,27127,99.355,273.03,2097521
4212908,2022,2023,21972,128.726,170.69,1941701
4213005,2022,2023,3473,61.011,56.92,323209
4213104,2022,2023,5769,146.088,39.49,953671
4213153,2022,2023,2946,63.1,46.69,144007
4213203,2022,2023,34289,214.299,160.01,3184672
4213302,2022,2023,4437,575.17,7.71,205504
4213351,2022,2023,3210,396.882,8.09,158355
4213401,2022,2023,10649,560.731,18.99,390492
4213500,2022,2023,27688,93.673,295.58,2090678
4213609,2022,2023,32970,848.779,38.84,1314938
4213708,2022,2023,17123,356.539,48.03,912670
4213807,2022,2023,8270,284.36,29.08,312294
4213906,2022,2023,1689,65.433,25.81,88879
4214003,2022,2023,20010,297.16,67.34,1091871
4214102,2022,2023,2301,224.748,10.24,81283
4214151,2022,2023,2964,85.598,34.63,134567
4214201,2022,2023,11022,278.983,39.51,670409
4214300,2022,2023,3279,286.461,11.45,227902
4214409,2022,2023,6253,314.913,19.86,328940
4214508,2022,2023,6452,502.095,12.85,265323
4214607,2022,2023,7747,245.057,31.61,348708
4214706,2022,2023,10865,555.473,19.56,565977
4214805,2022,2023,72587,260.817,278.31,4621903
4214904,2022,2023,4847,302.39,16.03,373208
4215000,2022,2023,39261,907.42,43.27,1731868
4215059,2022,2023,2397,282.571,8.48,96784
4215075,2022,2023,4768,191.061,24.96,198674
4215109,2022,2023,12757,129.001,98.89,456660
4215208,2022,2023,4823,223.333,21.6,132525
4215307,2022,2023,7489,177.887,42.1,383453
4215356,2022,2023,3632,156.568,23.2,115351
4215406,2022,2023,4390,104.531,42,347636
4215455,2022,2023,12882,82.984,155.23,701076
4215505,2022,2023,15546,1145.845,13.57,672250
4215554,2022,2023,2425,81.004,29.94,128409
4215604,2022,2023,2088,203.218,10.27,108834
4215653,2022,2023,9792,150.299,65.15,277594
4215679,2022,2023,8066,715.551,11.27,342769
4215687,2022,2023,2576,119.653,21.53,89006
4215695,2022,2023,1651,73.335,22.51,62417
4215703,2022,2023,27272,344.235,79.22,1749916
4215752,2022,2023,2684,149.891,17.91,110781
4215802,2022,2023,83277,495.772,167.97,5038223
4215901,2022,2023,2946,461.438,6.38,265330
4216008,2022,2023,10282,162.12,63.42,794990
4216057,2022,2023,6084,345.903,17.59,197299
4216107,2022,2023,9226,367.525,25.1,536174
4216206,2022,2023,52674,493.266,106.79,7396332
4216255,2022,2023,6295,163.747,38.44,463168
4216305,2022,2023,32687,200.765,162.81,1303724
4216354,2022,2023,4463,151.885,29.38,455830
4216404,2022,2023,8668,184.375,47.01,434705
4216503,2022,2023,25939,1888.634,13.73,1484851
4216602,2022,2023,270299,150.499,1796.02,15575672
4216701,2022,2023,14167,280.76,50.46,681891
4216800,2022,2023,8708,948.714,9.18,355894
4216909,2022,2023,24791,356.193,69.6,1843473
4217006,2022,2023,13509,106.765,126.53,1241478
4217105,2022,2023,3405,224.566,15.16,148541
4217154,2022,2023,1781,72.755,24.48,73871
4217204,2022,2023,44330,234.202,189.28,3105098
4217253,2022,2023,5776,139.196,41.5,148311
4217303,2022,2023,10265,205.781,49.88,718463
4217402,2022,2023,20061,165.237,121.41,906591
4217501,2022,2023,18620,309.627,60.14,1506648
4217550,2022,2023,3303,90.564,36.47,147398
4217600,2022,2023,13714,262.004,52.34,804482
4217709,2022,2023,29991,143.457,209.06,1304359
4217758,2022,2023,2832,113.125,25.03,123620
4217808,2022,2023,18310,693.847,26.39,1038273
4217907,2022,2023,8143,390.044,20.88,760285
4217956,2022,2023,2329,56.962,40.89,88349
4218004,2022,2023,51592,279.159,184.81,3687049
4218103,2022,2023,5386,328.507,16.4,197892
4218202,2022,2023,46099,128.313,359.27,2737817
4218251,2022,2023,7342,596.344,12.31,304453
4218301,2022,2023,19746,436.496,45.24,2060110
4218350,2022,2023,3782,156.61,24.15,198900
4218400,2022,2023,7362,159.833,46.06,255516
4218509,2022,2023,8787,185.937,47.26,1194854
4218608,2022,2023,7274,109.648,66.34,433330
4218707,2022,2023,110088,301.485,365.15,6007108
4218756,2022,2023,4916,132.939,36.98,229506
4218806,2022,2023,13043,235.104,55.48,992639
4218855,2022,2023,2774,92.857,29.87,116753
4218905,2022,2023,10834,1021.371,10.61,471776
4218954,2022,2023,2656,350.472,7.58,131850
4219002,2022,2023,20919,254.954,82.05,1222447
4219101,2022,2023,3634,166.685,21.8,301834
4219150,2022,2023,2627,350.606,7.49,100064
4219176,2022,2023,4576,299.807,15.26,661591
4219200,2022,2023,6189,346.932,17.84,401953
4219309,2022,2023,55466,384.127,144.39,4129523
4219358,2022,2023,5370,370.414,14.5,193745
4219408,2022,2023,4255,153.776,27.67,197839
4219507,2022,2023,51607,377.426,136.73,3145565
4219606,2022,2023,3653,218.032,16.75,249450
4219705,2022,2023,31918,293.628,108.7,1737477
4219853,2022,2023,3930,190.179,20.66,135060
4220000,2022,2023,15981,63.42,251.99,420208
4300034,2022,2023,4170,1551.339,2.69,382340
4300059,2022,2023,3912,291.503,13.42,418738
4300109,2022,2023,16041,534.624,30,780152
4300208,2022,2023,6720,322.674,20.83,383525
4300307,2022,2023,6123,316.394,19.35,153719
4300406,2022,2023,72409,7800.428,9.28,3102028
4300455,2022,2023,3651,172.794,21.13,136099
4300471,2022,2023,1969,265.042,7.43,223167
4300505,2022,2023,7117,325.979,21.83,302869
4300554,2022,2023,1800,115.335,15.61,72442
4300570,2022,2023,3072,78.175,39.3,203171
4300604,2022,2023,187315,71.7,2612.48,4129934
4300638,2022,2023,5310,505.983,10.49,174054
4300646,2022,2023,7650,93.704,81.64,203478
4300661,2022,2023,1135,331.208,3.43,112013
4300703,2022,2023,5957,242.1,24.61,333257
4300802,2022,2023,13045,347.541,37.54,926443
4300851,2022,2023,4112,518.193,7.94,233582
4300877,2022,2023,8525,35.391,240.88,322955
4300901,2022,2023,6483,342.279,18.94,1185217
4301008,2022,2023,21958,157.088,139.78,1943138
4301057,2022,2023,11057,119.16,92.79,353687
4301073,2022,2023,2599,124.693,20.84,96551
4301107,2022,2023,14601,425.791,34.29,404985
4301206,2022,2023,12058,315.132,38.26,472739
4301305,2022,2023,17558,2508.557,7,965508
4301404,2022,2023,10322,269.31,38.33,404652
4301503,2022,2023,7149,348.231,20.53,350687
4301552,2022,2023,3396,156.727,21.67,177756
4301602,2022,2023,117938,4090.36,28.83,4414768
4301636,2022,2023,14955,102.387,146.06,333149
4301651,2022,2023,6461,124.757,51.79,462911
4301701,2022,2023,7144,260.505,27.42,324769
4301750,2022,2023,5889,436.101,13.5,142447
4301800,2022,2023,4831,515.469,9.37,300015
4301859,2022,2023,3161,62.801,50.33,63072
4301875,2022,2023,4241,1055.937,4.02,332590
4301909,2022,2023,12225,729.316,16.76,581054
4301925,2022,2023,1696,146.995,11.54,78571
4301958,2022,2023,2498,60.437,41.33,167382
4302006,2022,2023,9296,647.994,14.35,274474
4302055,2022,2023,2082,132.351,15.73,49986
4302105,2022,2023,123151,272.287,452.28,9062598
4302154,2022,2023,1933,196.064,9.86,173200
4302204,2022,2023,6966,109.541,63.59,354602
4302220,2022,2023,2229,701.221,3.18,269991
4302238,2022,2023,2271,504.114,4.5,196998
4302253,2022,2023,2779,94.399,29.44,134912
4302303,2022,2023,11202,2622.837,4.27,593403
4302352,2022,2023,13142,88.66,148.23,951019
4302378,2022,2023,2096,89.206,23.5,73593
4302402,2022,2023,12294,102.54,119.89,509725
4302451,2022,2023,6247,265.952,23.49,199040
4302501,2022,2023,5890,1610.056,3.66,250550
4302584,2022,2023,2151,200.497,10.73,119425
4302600,2022,2023,3268,132.044,24.75,109439
4302659,2022,2023,4966,105.353,47.14,132265
4302709,2022,2023,19084,752.187,25.37,567081
4302808,2022,2023,32515,3048.147,10.67,1175802
4302907,2022,2023,11157,2373.507,4.7,566823
4303004,2022,2023,80070,3736.064,21.43,3371237
4303103,2022,2023,136258,43.778,3112.48,7781824
4303202,2022,2023,4603,204.055,22.56,154022
4303301,2022,2023,4704,261.303,18,180412
4303400,2022,2023,4836,189.16,25.57,159894
4303509,2022,2023,62200,1680.168,37.02,3154677
4303558,2022,2023,2981,138.069,21.59,612435
4303608,2022,2023,6361,1181.811,5.38,275332
4303673,2022,2023,3242,538.487,6.02,236802
4303707,2022,2023,5882,224.801,26.17,203771
4303806,2022,2023,5284,276.162,19.13,294875
4303905,2022,2023,62886,60.579,1038.08,4528757
4304002,2022,2023,4975,220.719,22.54,287302
4304101,2022,2023,3613,226.202,15.97,105020
4304200,2022,2023,28906,944.735,30.6,1234677
4304309,2022,2023,6294,247.047,25.48,375022
4304358,2022,2023,10710,933.628,11.47,1699384
4304408,2022,2023,48946,253.002,193.46,1959719
4304507,2022,2023,49680,3526.253,14.09,1825528
4304606,2022,2023,347657,130.789,2658.15,29166697
4304614,2022,2023,1656,82.908,19.97,66953
4304622,2022,2023,1733,526.85,3.29,223071
4304630,2022,2023,63594,98.383,646.39,2588161
4304655,2022,2023,3119,1007.796,3.09,220126
4304663,2022,2023,26487,783.196,33.82,854022
4304671,2022,2023,3991,412.889,9.67,399405
4304689,2022,2023,11159,182.756,61.06,315947
4304697,2022,2023,2921,73.967,39.49,88569
4304705,2022,2023,61804,666.694,92.7,3744967
4304713,2022,2023,7394,294.606,25.1,158174
4304804,2022,2023,30420,230.061,132.23,3815080
4304853,2022,2023,1368,83.155,16.45,61763
4304903,2022,2023,9465,272.041,34.79,875949
4304952,2022,2023,3000,235.863,12.72,177158
4305009,2022,2023,8674,583.184,14.87,425026
4305108,2022,2023,463501,1652.32,280.52,37860602
4305116,2022,2023,2721,134.23,20.27,123347
4305124,2022,2023,5808,451.699,12.86,131166
4305132,2022,2023,3802,158.025,24.06,104220
4305157,2022,2023,2379,73.438,32.39,61938
4305173,2022,2023,9178,324.908,28.25,251120
4305207,2022,2023,13705,176.643,77.59,807007
4305306,2022,2023,9540,684.247,13.94,603053
4305355,2022,2023,35012,217.362,161.08,1857420
4305371,2022,2023,2768,198.748,13.93,125647
4305405,2022,2023,3913,397.179,9.85,265708
4305439,2022,2023,6262,202.387,30.94,522360
4305447,2022,2023,4597,220.471,20.85,163415
4305454,2022,2023,17071,243.419,70.13,406916
4305504,2022,2023,4149,274.35,15.12,233410
4305587,2022,2023,2423,60.732,39.9,90398
4305603,2022,2023,3258,286.295,11.38,198977
4305702,2022,2023,6406,463.568,13.82,470592
4305801,2022,2023,10385,203.614,51,471925
4305835,2022,2023,1290,112.638,11.45,56011
4305850,2022,2023,2211,277.147,7.98,139283
4305871,2022,2023,2822,163.684,17.24,143058
4305900,2022,2023,6144,492.303,12.48,397095
4305934,2022,2023,1607,105.668,15.21,58153
4305959,2022,2023,3846,173.207,22.2,205102
4305975,2022,2023,2667,422.101,6.32,349364
4306007,2022,2023,12886,362.194,35.58,500660
4306056,2022,2023,7299,682.138,10.7,300530
4306072,2022,2023,2692,97.077,27.73,98787
4306106,2022,2023,58913,1360.548,43.3,4399886
4306130,2022,2023,1635,166.883,9.8,104945
4306205,2022,2023,11600,155.058,74.81,685746
4306304,2022,2023,4321,174.734,24.73,206880
4306320,2022,2023,2751,360.851,7.62,117581
4306353,2022,2023,2507,217.363,11.53,51412
4306379,2022,2023,2806,600.518,4.67,202939
4306403,2022,2023,30709,66.114,464.49,2639523
4306429,2022,2023,2090,226.072,9.24,125757
4306452,2022,2023,3097,133.535,23.19,166002
4306502,2022,2023,13051,1355.195,9.63,418179
4306551,2022,2023,2562,78.219,32.75,83656
4306601,2022,2023,36981,5194.051,7.12,2288172
4306700,2022,2023,3079,114.149,26.97,112216
4306734,2022,2023,4470,255.731,17.48,228266
4306759,2022,2023,1888,107.96,17.49,89704
4306767,2022,2023,39559,509.614,77.63,2623491
4306809,2022,2023,22962,140.006,164.01,1411422
4306908,2022,2023,23819,3347.861,7.11,1189528
4306924,2022,2023,1296,71.191,18.2,50748
4306932,2022,2023,9158,552.986,16.56,478944
4306957,2022,2023,2685,119.912,22.39,209711
4306973,2022,2023,3054,152.793,19.99,152046
4307005,2022,2023,105705,429.164,246.3,8497106
4307054,2022,2023,3034,238.558,12.72,163434
4307104,2022,2023,6191,1759.717,3.52,199383
4307203,2022,2023,4930,285.677,17.26,161672
4307302,2022,2023,6787,357.181,19,299811
4307401,2022,2023,3195,829.587,3.85,363781
4307450,2022,2023,3226,148.909,21.66,101346
4307500,2022,2023,15173,783.642,19.36,861538
4307559,2022,2023,5582,99.757,55.96,397872
4307609,2022,2023,47924,51.779,925.55,2309196
4307708,2022,2023,76137,27.676,2751.01,3998587
4307807,2022,2023,32183,185.026,173.94,2376913
4307815,2022,2023,3070,281.613,10.9,145289
4307831,2022,2023,2633,418.069,6.3,224862
4307864,2022,2023,2566,134.295,19.11,189848
4307906,2022,2023,70286,361.341,194.51,4960621
4308003,2022,2023,6702,169.514,39.54,298533
4308052,2022,2023,2520,143.321,17.58,113640
4308078,2022,2023,4291,84.794,50.6,145766
4308102,2022,2023,13764,94.832,145.14,676581
4308201,2022,2023,30892,276.241,111.83,3336288
4308250,2022,2023,1668,168.521,9.9,77406
4308300,2022,2023,9550,583.239,16.37,260495
4308409,2022,2023,6413,578.875,11.08,263216
4308433,2022,2023,2393,93.275,25.66,64513
4308458,2022,2023,4477,650.512,6.88,330898
4308508,2022,2023,32627,265.181,123.04,1792336
4308607,2022,2023,34335,168.492,203.78,3565442
4308656,2022,2023,2688,803.737,3.34,134739
4308706,2022,2023,5665,204.428,27.71,349016
4308805,2022,2023,7612,510.01,14.93,234058
4308854,2022,2023,1744,184.715,9.44,152256
4308904,2022,2023,16602,287.466,57.75,879960
4309001,2022,2023,16013,857.059,18.68,1017468
4309050,2022,2023,7658,323.955,23.64,595369
4309100,2022,2023,40134,239.341,167.69,3565830
4309126,2022,2023,2014,131.396,15.33,87589
4309159,2022,2023,3304,217.515,15.19,124280
4309209,2022,2023,265074,468.288,566.05,15545558
4309258,2022,2023,1417,146.925,9.64,107684
4309308,2022,2023,92924,376.166,247.03,9001785
4309407,2022,2023,25268,297.545,84.92,1264537
4309506,2022,2023,7415,290.7,25.51,295743
4309555,2022,2023,5378,48.557,110.76,306941
4309571,2022,2023,2565,118.261,21.69,88439
4309605,2022,2023,18851,229.694,82.07,1828050
4309654,2022,2023,5976,822.608,7.26,228860
4309704,2022,2023,4681,135.01,34.67,218021
4309753,2022,2023,3732,195.426,19.1,105469
4309803,2022,2023,4527,348.778,12.98,298761
4309902,2022,2023,6776,292.16,23.19,380199
4309951,2022,2023,3723,307.164,12.12,188102
4310009,2022,2023,21583,607.185,35.55,1708042
4310108,2022,2023,32808,138.303,237.22,2656127
4310207,2022,2023,84780,688.982,123.05,6105244
4310306,2022,2023,4157,123.602,33.63,164900
4310330,2022,2023,26824,39.766,674.55,762866
4310363,2022,2023,3080,71.716,42.95,590476
4310405,2022,2023,6427,358.283,17.94,443606
4310413,2022,2023,2014,113.749,17.71,76396
4310439,2022,2023,5399,599.032,9.01,392922
4310462,2022,2023,1720,158.71,10.84,122376
4310504,2022,2023,7482,181.579,41.21,255785
4310538,2022,2023,5572,172.801,32.25,304167
4310553,2022,2023,2995,1120.874,2.67,114342
4310579,2022,2023,1937,184.673,10.49,93881
4310603,2022,2023,35768,3406.606,10.5,2068939
4310652,2022,2023,2638,205.06,12.86,103483
4310702,2022,2023,3208,212.669,15.08,85113
4310751,2022,2023,1929,122.93,15.69,53952
4310801,2022,2023,22983,63.092,364.28,1538878
4310850,2022,2023,3779,127.589,29.62,106763
4310876,2022,2023,2040,339.399,6.01,125146
4310900,2022,2023,3338,178.009,18.75,188689
4311007,2022,2023,26603,2051.845,12.97,1034802
4311106,2022,2023,10579,675.314,15.67,328937
4311122,2022,2023,3690,908.879,4.06,101810
4311130,2022,2023,3349,853.08,3.93,211635
4311155,2022,2023,7184,1238.918,5.8,345894
4311205,2022,2023,18226,1929.544,9.45,1306882
4311239,2022,2023,2251,109.758,20.51,84224
4311254,2022,2023,5341,387.486,13.78,149771
4311270,2022,2023,1738,138.602,12.54,81864
4311304,2022,2023,27659,1260.227,21.95,1608163
4311403,2022,2023,93646,91.231,1026.47,6705227
4311429,2022,2023,2601,67.947,38.28,65433
4311502,2022,2023,7157,2600.969,2.75,369845
4311601,2022,2023,4781,245.627,19.46,152571
4311627,2022,2023,6248,33.351,187.34,353109
4311643,2022,2023,1683,63.502,26.5,76154
4311700,2022,2023,5735,335.198,17.11,260895
4311718,2022,2023,4425,1682.82,2.63,367963
4311734,2022,2023,3131,156.653,19.99,101220
4311759,2022,2023,6801,1390.696,4.89,303342
4311775,2022,2023,7418,613.58,12.09,228748
4311791,2022,2023,2470,82.063,30.1,104147
4311809,2022,2023,45124,649.77,69.45,3738295
4311908,2022,2023,4320,229.759,18.8,192535
4311981,2022,2023,3916,338.45,11.57,117787
4312005,2022,2023,1858,98.727,18.82,71583
4312054,2022,2023,3969,125.714,31.57,137495
4312104,2022,2023,4698,316.121,14.86,174006
4312138,2022,2023,2553,238.268,10.71,128502
4312153,2022,2023,4859,46.799,103.83,295044
4312179,2022,2023,1795,114.653,15.66,61648
4312203,2022,2023,4191,208.439,20.11,159588
4312252,2022,2023,7505,424.339,17.69,291061
4312302,2022,2023,4427,131.236,33.73,200597
4312351,2022,2023,1499,82.23,18.23,73733
4312377,2022,2023,3180,549.455,5.79,117051
4312385,2022,2023,2557,69.726,36.67,126816
4312401,2022,2023,64322,425.023,151.34,5259437
4312427,2022,2023,2756,146.191,18.85,102289
4312443,2022,2023,3071,166.224,18.48,103248
4312450,2022,2023,6046,244.645,24.71,153226
4312476,2022,2023,6029,89.412,67.43,304040
4312500,2022,2023,12090,1977.442,6.11,494341
4312609,2022,2023,4601,111.247,41.36,273363
4312617,2022,2023,2879,1193.23,2.41,950302
4312625,2022,2023,1721,111.132,15.49,71170
4312658,2022,2023,17898,361.689,49.48,2951960
4312674,2022,2023,1932,154.995,12.46,101823
4312708,2022,2023,13719,468.962,29.25,539374
4312757,2022,2023,3163,148.861,21.25,201942
4312807,2022,2023,4954,75.514,65.6,474775
4312906,2022,2023,9649,211.611,45.6,765058
4312955,2022,2023,2042,93.733,21.79,137786
4313003,2022,2023,3044,102.994,29.56,153973
4313011,2022,2023,3061,97.579,31.37,225892
4313037,2022,2023,4865,191,25.47,197238
4313060,2022,2023,20088,62.319,322.34,1054362
4313086,2022,2023,2343,102.643,22.83,115884
4313102,2022,2023,5586,314.613,17.76,306852
4313201,2022,2023,23300,290.164,80.3,1103618
4313300,2022,2023,25692,259.941,98.84,1559276
4313334,2022,2023,2163,255.264,8.47,204997
4313359,2022,2023,3466,149.767,23.14,206674
4313375,2022,2023,29024,218.153,133.04,3229383
4313391,2022,2023,3568,192.998,18.49,131684
4313409,2022,2023,227646,222.536,1022.96,11936582
4313425,2022,2023,3198,218.836,14.61,140899
4313441,2022,2023,2146,75.428,28.45,73353
4313466,2022,2023,1646,79.851,20.61,67741
4313490,2022,2023,4272,123.344,34.63,120313
4313508,2022,2023,47396,663.878,71.39,2141950
4313607,2022,2023,3629,182.115,19.93,162821
4313656,2022,2023,12844,949.201,13.53,739855
4313706,2022,2023,33216,1421.101,23.37,1708324
4313805,2022,2023,7839,144.181,54.37,265325
4313904,2022,2023,43515,491.57,88.52,4011216
4313953,2022,2023,10212,841.225,12.14,576614
4314001,2022,2023,7194,121.745,59.09,488256
4314027,2022,2023,6519,337.534,19.31,230034
4314035,2022,2023,4319,57.485,75.13,159254
4314050,2022,2023,52058,108.707,478.88,1725746
4314068,2022,2023,3983,304.266,13.09,144618
4314076,2022,2023,6025,265.133,22.72,281871
4314100,2022,2023,206215,784.407,262.89,14069540
4314134,2022,2023,2144,149.669,14.32,238558
4314159,2022,2023,7978,171.863,46.42,301262
4314175,2022,2023,2061,1373.985,1.5,172852
4314209,2022,2023,7484,603.757,12.4,242415
4314308,2022,2023,3745,414.106,9.04,293084
4314407,2022,2023,325685,1608.78,202.44,12480919
4314423,2022,2023,5351,84.28,63.49,393452
4314456,2022,2023,2959,68.222,43.37,154127
4314464,2022,2023,2248,438.11,5.13,249016
4314472,2022,2023,3805,478.11,7.96,500998
4314498,2022,2023,4540,105.385,43.08,140566
4314506,2022,2023,11214,2249.176,4.99,357896
4314548,2022,2023,2723,104.801,25.98,93134
4314555,2022,2023,2260,293.723,7.69,72016
4314605,2022,2023,17504,3538.3,4.95,744361
4314704,2022,2023,10406,228.552,45.53,325778
4314753,2022,2023,2171,67.618,32.11,100774
4314779,2022,2023,3296,502.709,6.56,271978
4314787,2022,2023,1575,99.504,15.83,78317
4314803,2022,2023,34071,159.298,213.88,1816677
4314902,2022,2023,1332845,495.39,2690.5,104743272
4315008,2022,2023,4360,250.876,17.38,128972
4315057,2022,2023,2142,105.811,20.24,79557
4315073,2022,2023,1560,114.284,13.65,48373
4315107,2022,2023,9938,281.497,35.3,230082
4315131,2022,2023,1739,105.338,16.51,57904
4315149,2022,2023,3077,49.628,62,371734
4315156,2022,2023,5340,256.039,20.86,181523
4315172,2022,2023,2025,171.994,11.77,93358
4315206,2022,2023,3747,216.159,17.33,153758
4315305,2022,2023,23500,3139.995,7.48,720057
4315313,2022,2023,1552,268.971,5.77,136523
4315321,2022,2023,2507,543.359,4.61,156253
4315354,2022,2023,3910,223.072,17.53,172891
4315404,2022,2023,9738,303.705,32.06,207604
4315453,2022,2023,1796,108.188,16.6,75597
4315503,2022,2023,14939,968.62,15.42,643230
4315552,2022,2023,2835,235.854,12.02,116660
4315602,2022,2023,191900,2682.867,71.53,14106680
4315701,2022,2023,34654,2051.112,16.9,1248019
4315750,2022,2023,4473,239.09,18.71,165772
4315800,2022,2023,10418,208.108,50.06,626611
4315909,2022,2023,6654,83.278,79.9,301150
4315958,2022,2023,2291,295.326,7.76,91405
4316006,2022,2023,21253,296.09,71.78,951008
4316105,2022,2023,9777,418.675,23.35,402816
4316204,2022,2023,4991,252.454,19.77,227716
4316303,2022,2023,6576,349.074,18.84,396753
4316402,2022,2023,36630,4343.656,8.43,1498313
4316428,2022,2023,2480,77.889,31.84,67102
4316436,2022,2023,2575,221.554,11.62,170089
4316451,2022,2023,10203,507.698,20.1,594921
4316477,2022,2023,2877,94.312,30.51,162260
4316501,2022,2023,6879,99.156,69.38,395636
4316600,2022,2023,16399,504.438,32.51,877957
4316709,2022,2023,8122,975.799,8.32,875561
4316733,2022,2023,1674,200.056,8.37,91361
4316758,2022,2023,6887,86.442,79.67,427744
4316808,2022,2023,133230,733.898,181.54,13396618
4316907,2022,2023,271735,1780.194,152.64,10932024
4316956,2022,2023,6340,140.437,45.14,271501
4316972,2022,2023,2596,955.299,2.72,278310
4317004,2022,2023,7024,1418.805,4.95,237629
4317103,2022,2023,84421,6946.407,12.15,3143614
4317202,2022,2023,76963,489.38,157.27,4530356
4317251,2022,2023,1505,73.669,20.43,53742
4317301,2022,2023,30983,5206.977,5.95,1990739
4317400,2022,2023,48938,2414.195,20.27,1861691
4317509,2022,2023,76917,679.34,113.22,3379818
4317558,2022,2023,2091,126.094,16.58,112425
4317608,2022,2023,42947,1049.583,40.92,2178831
4317707,2022,2023,10300,1710.869,6.02,433323
4317756,2022,2023,2089,203.44,10.27,166647
4317806,2022,2023,13902,467.775,29.72,728450
4317905,2022,2023,15320,367.202,41.72,766616
4317954,2022,2023,2349,125.595,18.7,105537
4318002,2022,2023,59676,3616.69,16.5,2550388
4318051,2022,2023,2754,78.67,35.01,130564
4318101,2022,2023,17618,2506.975,7.03,592569
4318200,2022,2023,21893,3317.794,6.6,1202082
4318309,2022,2023,58487,5053.46,11.57,2682926
4318408,2022,2023,21028,935.596,22.48,712278
4318424,2022,2023,4461,171.029,26.08,198261
4318432,2022,2023,2649,78.32,33.82,117973
4318440,2022,2023,2912,125.62,23.18,113154
4318457,2022,2023,2362,98.125,24.07,76281
4318465,2022,2023,1902,102.912,18.48,55694
4318481,2022,2023,4447,63.709,69.8,149146
4318499,2022,2023,2406,77.732,30.95,214097
4318507,2022,2023,25443,1071.824,23.74,1273464
4318606,2022,2023,6834,335.287,20.38,426238
4318614,2022,2023,2380,54.764,43.46,111514
4318622,2022,2023,4172,1173.907,3.55,177177
4318705,2022,2023,217409,103.009,2110.58,11740913
4318804,2022,2023,41989,2036.125,20.62,1719596
4318903,2022,2023,34752,1295.522,26.82,1712990
4319000,2022,2023,21084,256.159,82.31,1488757
4319109,2022,2023,5481,171.245,32.01,304939
4319125,2022,2023,2860,669.547,4.27,211210
4319158,2022,2023,7056,1228.447,5.74,517182
4319208,2022,2023,5118,485.588,10.54,178749
4319307,2022,2023,5846,223.942,26.1,214703
4319356,2022,2023,3548,35.207,100.78,122651
4319364,2022,2023,1757,79.894,21.99,72911
4319372,2022,2023,3070,107.559,28.54,139485
4319406,2022,2023,15577,873.394,17.84,505803
4319505,2022,2023,24428,114.293,213.73,1123568
4319604,2022,2023,21219,2204.779,9.62,1059509
4319703,2022,2023,3264,154.45,21.13,124878
4319711,2022,2023,2207,91.898,24.02,84857
4319737,2022,2023,2543,107.402,23.68,67841
4319752,2022,2023,2251,31.935,70.49,105311
4319802,2022,2023,8097,1174.822,6.89,469886
4319901,2022,2023,75648,136.473,554.31,4674054
4320008,2022,2023,132107,58.247,2268.05,4729408
4320107,2022,2023,22851,351.717,64.97,1427661
4320206,2022,2023,11950,300.827,39.72,827496
4320230,2022,2023,2704,119.312,22.66,122595
4320263,2022,2023,6009,245.17,24.51,181686
4320305,2022,2023,5107,176.471,28.94,286810
4320321,2022,2023,2673,147.068,18.18,93393
4320354,2022,2023,5306,282.13,18.81,179897
4320404,2022,2023,16961,163.31,103.86,988516
4320453,2022,2023,1941,98.131,19.78,70329
4320503,2022,2023,5541,440.631,12.58,389514
4320552,2022,2023,5863,252.013,23.26,344571
4320578,2022,2023,1830,129.238,14.16,77186
4320602,2022,2023,3406,167.598,20.32,142412
4320651,2022,2023,2028,119.285,17,72204
4320677,2022,2023,8578,510.213,16.81,248267
4320701,2022,2023,14226,128.823,110.43,523240
4320800,2022,2023,29991,1215.056,24.68,1312842
4320859,2022,2023,4461,94.754,47.08,176254
4320909,2022,2023,24557,238.082,103.15,1870497
4321006,2022,2023,10592,179.935,58.87,584149
4321105,2022,2023,14695,805.452,18.24,634090
4321204,2022,2023,53242,452.572,117.64,1815775
4321303,2022,2023,25198,349.967,72,1123745
4321329,2022,2023,3119,76.917,40.55,188337
4321352,2022,2023,5212,610.106,8.54,135924
4321402,2022,2023,14497,337.495,42.95,614914
4321436,2022,2023,10334,142.304,72.62,342570
4321451,2022,2023,32797,177.795,184.47,2003351
4321469,2022,2023,3267,113.944,28.67,173559
4321477,2022,2023,5129,236.653,21.67,162975
4321493,2022,2023,2554,198.316,12.88,82304
4321501,2022,2023,41751,161.627,258.32,1835529
4321600,2022,2023,54387,142.878,380.65,1579725
4321626,2022,2023,2152,80.681,26.67,86078
4321634,2022,2023,2591,148.601,17.44,134291
4321667,2022,2023,10962,251.483,43.59,372783
4321709,2022,2023,24425,165.285,147.78,1046073
4321808,2022,2023,24916,421.461,59.12,1525082
4321832,2022,2023,2760,217.386,12.7,79197
4321857,2022,2023,4716,180.599,26.11,165901
4321907,2022,2023,25436,268.902,94.59,1228032
4321956,2022,2023,7556,268.417,28.15,403531
4322004,2022,2023,27498,817.625,33.63,7571335
4322103,2022,2023,5542,181.198,30.59,231162
4322152,2022,2023,3681,217.302,16.94,94250
4322186,2022,2023,1374,135.243,10.16,79798
4322202,2022,2023,20005,2253.234,8.88,1275254
4322251,2022,2023,5029,59.447,84.6,604244
4322301,2022,2023,8363,307.71,27.18,375006
4322327,2022,2023,3419,253.635,13.48,161326
4322343,2022,2023,1994,125.876,15.84,73526
4322350,2022,2023,1170,131.154,8.92,64313
4322376,2022,2023,1995,602.387,3.31,71038
4322400,2022,2023,117210,5702.098,20.56,3915554
4322509,2022,2023,64197,2124.492,30.22,3701333
4322525,2022,2023,3150,329.727,9.55,156860
4322533,2022,2023,9897,328.275,30.15,380489
4322541,2022,2023,6058,45.085,134.37,298091
4322558,2022,2023,2004,64.905,30.88,81724
4322608,2022,2023,68763,772.588,89,4683134
4322707,2022,2023,26710,309.621,86.27,1126736
4322806,2022,2023,24021,289.397,83,2395417
4322855,2022,2023,1818,113.622,16,104348
4322905,2022,2023,4769,268.072,17.79,191223
4323002,2022,2023,224112,1496.506,149.76,5545184
4323101,2022,2023,4665,193.025,24.17,147864
4323200,2022,2023,2780,238.133,11.67,235754
4323309,2022,2023,3646,107.703,33.85,376709
4323358,2022,2023,2079,151.695,13.71,155271
4323408,2022,2023,4413,181.061,24.37,393600
4323457,2022,2023,3863,508.278,7.6,217498
4323507,2022,2023,2660,77.63,34.27,137185
4323606,2022,2023,1590,119.327,13.32,76367
4323705,2022,2023,2783,90.022,30.91,94256
4323754,2022,2023,3260,258.312,12.62,89071
4323770,2022,2023,3098,63.665,48.66,234678
4323804,2022,2023,16463,60.756,270.97,914704
5000203,2022,2023,16741,7781.558,2.15,1544633
5000252,2022,2023,4537,4397.518,1.03,384368
5000609,2022,2023,39325,4193.742,9.38,2426261
5000708,2022,2023,24114,2913.177,8.28,783841
5000807,2022,2023,7653,3415.657,2.24,623710
5000856,2022,2023,10729,1283.627,8.36,1243471
5000906,2022,2023,9303,1142.895,8.14,851781
5001003,2022,2023,27674,2751.485,10.06,2189222
5001102,2022,2023,46803,17087.021,2.74,1437451
5001243,2022,2023,10748,1653.86,6.5,1348752
5001508,2022,2023,7940,3357.926,2.36,1001346
5001904,2022,2023,23031,2392.476,9.63,1841917
5002001,2022,2023,10712,1826.578,5.86,784829
5002100,2022,2023,21613,4899.44,4.41,1176300
5002159,2022,2023,8567,2591.933,3.31,386420
5002209,2022,2023,23659,5373.016,4.4,1586577
5002308,2022,2023,11579,5803.542,2,1159417
5002407,2022,2023,30612,2115.73,14.47,2553085
5002605,2022,2023,13583,6238.127,2.18,872276
5002704,2022,2023,898100,8082.978,111.11,42269768
5002803,2022,2023,5036,2943.206,1.71,251148
5002902,2022,2023,20988,3658.252,5.74,1059973
5002951,2022,2023,30993,3252.327,9.53,3329527
5003108,2022,2023,4783,2639.657,1.81,172551
5003157,2022,2023,14289,1023.727,13.96,388241
5003207,2022,2023,96268,64432.45,1.49,4187429
5003256,2022,2023,26037,4159.384,6.26,3341491
5003306,2022,2023,32151,6391.486,5.03,1400833
5003454,2022,2023,13663,828.533,16.49,712633
5003488,2022,2023,11100,2431.609,4.56,456777
5003504,2022,2023,5578,280.457,19.89,259999
5003702,2022,2023,243367,4062.236,59.91,20257953
5003751,2022,2023,11386,1012.796,11.24,704592
5003801,2022,2023,20609,315.333,65.36,769333
5003900,2022,2023,3539,4879.932,0.73,186835
5004007,2022,2023,10444,493.434,21.17,449930
5004106,2022,2023,9940,1225.426,8.11,477600
5004304,2022,2023,13808,2957.41,4.67,962593
5004403,2022,2023,8404,5761.19,1.46,946307
5004502,2022,2023,24137,1342.764,17.98,1525654
5004601,2022,2023,19423,2063.717,9.41,1546553
5004700,2022,2023,27821,2003.43,13.89,2005469
5004809,2022,2023,8148,416.605,19.56,242175
5004908,2022,2023,7139,2912.836,2.45,717701
5005004,2022,2023,23981,2126.133,11.28,1130237
5005103,2022,2023,3586,1933.316,1.85,729978
5005152,2022,2023,6729,1569.176,4.29,517930
5005202,2022,2023,21522,354.255,60.75,420685
5005251,2022,2023,6799,1725.78,3.94,1257650
5005400,2022,2023,45047,5396.905,8.35,5921262
5005608,2022,2023,25536,5471.436,4.67,782435
5005681,2022,2023,19193,478.38,40.12,1018195
5005707,2022,2023,50457,3189.667,15.82,3670207
5005806,2022,2023,13220,3909.44,3.38,618784
5006002,2022,2023,21822,4025.012,5.42,2592615
5006200,2022,2023,48563,4770.685,10.18,3568745
5006259,2022,2023,4721,849.19,5.56,450886
5006275,2022,2023,5510,5061.433,1.09,1389706
5006309,2022,2023,40957,5405.48,7.58,2012106
5006358,2022,2023,12921,1307.092,9.89,371183
5006408,2022,2023,6941,3553.782,1.95,460934
5006606,2022,2023,92017,5359.354,17.17,6069790
5006903,2022,2023,12859,17505.2,0.73,571511
5007109,2022,2023,23150,17315.283,1.34,3353286
5007208,2022,2023,37601,3983.562,9.44,3833911
5007307,2022,2023,4841,1828.8,2.65,170386
5007406,2022,2023,19818,8173.868,2.42,926597
5007505,2022,2023,5199,1309.574,3.97,352337
5007554,2022,2023,7027,6142.001,1.14,642967
5007695,2022,2023,29579,3849.875,7.68,2883850
5007703,2022,2023,10994,839.117,13.1,493949
5007802,2022,2023,8142,3254.917,2.5,2691218
5007901,2022,2023,47118,5265.695,8.95,4102346
5007935,2022,2023,14516,4185.528,3.47,1489093
5007950,2022,2023,10808,1784.207,6.06,378151
5007976,2022,2023,3625,1052.232,3.45,215369
5008008,2022,2023,17652,2845.723,6.2,1348544
5008305,2022,2023,132152,10217.071,12.93,14761816
5008404,2022,2023,6336,312.429,20.28,384734
5100102,2022,2023,5014,850.763,5.89,169373
5100201,2022,2023,29219,7549.308,3.87,2479715
5100250,2022,2023,58613,8955.41,6.54,3034593
5100300,2022,2023,17193,5402.308,3.18,2036609
5100359,2022,2023,5715,2248.414,2.54,307732
5100409,2022,2023,13052,3858.153,3.38,1233308
5100508,2022,2023,8009,1847.354,4.34,171251
5100607,2022,2023,10904,1436.582,7.59,1194826
5100805,2022,2023,8590,20489.024,0.42,291453
5101001,2022,2023,3795,6380.7,0.59,169005
5101209,2022,2023,1010,675.231,1.5,31097
5101258,2022,2023,14786,1639.733,9.02,864362
5101308,2022,2023,10576,417.337,25.34,325467
5101407,2022,2023,24626,24678.135,1,1451936
5101605,2022,2023,7253,11374.872,0.64,143657
5101704,2022,2023,29403,5976.864,4.92,1774198
5101803,2022,2023,69210,8363.149,8.28,3537696
5101852,2022,2023,7280,4266.636,1.71,1001994
5101902,2022,2023,17004,15968.355,1.06,2668091
5102504,2022,2023,89681,24495.51,3.66,2795729
5102603,2022,2023,15347,5978.985,2.57,614856
5102637,2022,2023,45899,9428.586,4.87,7917233
5102678,2022,2023,44585,4770.631,9.35,5099105
5102686,2022,2023,8822,6792.808,1.3,2905079
5102694,2022,2023,4485,3449.037,1.3,299035
5102702,2022,2023,25858,10855.181,2.38,3000654
5102793,2022,2023,10332,2421.788,4.27,423098
5102850,2022,2023,7506,3713.466,2.02,261557
5103007,2022,2023,18990,6603.252,2.88,1817596
5103056,2022,2023,9593,3843.561,2.5,1192573
5103106,2022,2023,6220,16563.136,0.38,363690
5103205,2022,2023,31370,3112.091,10.08,1958222
5103254,2022,2023,25766,27960.237,0.92,852175
5103304,2022,2023,18238,21485.018,0.85,1088026
5103353,2022,2023,35075,5802.314,6.05,1967776
5103361,2022,2023,3760,2684.676,1.4,179152
5103379,2022,2023,11011,9469.957,1.16,327751
5103403,2022,2023,650877,4327.448,150.41,39050753
5103437,2022,2023,4903,357.128,13.73,135779
5103452,2022,2023,7014,1273.178,5.51,777254
5103502,2022,2023,21941,8263.397,2.66,5741878
5103601,2022,2023,7872,2183.603,3.61,724834
5103700,2022,2023,10521,11661.514,0.9,1151311
5103809,2022,2023,3187,891.448,3.58,112557
5103858,2022,2023,8642,16908.375,0.51,1385921
5103908,2022,2023,6037,4514.917,1.34,506493
5103957,2022,2023,2905,833.13,3.49,115168
5104104,2022,2023,31024,4725.281,6.57,1286329
5104203,2022,2023,10966,5043.899,2.17,706016
5104500,2022,2023,2213,592.495,3.74,109660
5104526,2022,2023,7815,3422.016,2.28,2175037
5104542,2022,2023,7539,2909.745,2.59,856166
5104559,2022,2023,5020,4521.79,1.11,666707
5104609,2022,2023,12236,8698.814,1.41,2049319
5104807,2022,2023,28569,2429.678,11.76,1711568
5104906,2022,2023,7426,1114.302,6.66,210301
5105002,2022,2023,8367,1345.411,6.22,371424
5105101,2022,2023,34906,22632.713,1.54,1859025
5105150,2022,2023,45869,26397.173,1.74,1845536
5105176,2022,2023,10213,3207.837,3.18,386051
5105200,2022,2023,11480,2291.307,5.01,555049
5105234,2022,2023,4790,1810.547,2.65,284219
5105259,2022,2023,83798,3674.596,22.8,8238966
5105309,2022,2023,2509,4282.733,0.59,95374
5105507,2022,2023,16774,13484.71,1.24,946663
5105580,2022,2023,11396,12285.486,0.93,1029292
5105606,2022,2023,20091,5228.272,3.84,1790694
5105622,2022,2023,26785,1085.486,24.68,1163379
5105903,2022,2023,15492,3908.739,3.96,1492553
5106000,2022,2023,5956,1336.754,4.46,399399
5106109,2022,2023,12940,5537.413,2.34,433626
5106158,2022,2023,13635,9556.661,1.43,506046
5106174,2022,2023,4200,4034.539,1.04,183702
5106182,2022,2023,6670,4780.426,1.4,486837
5106190,2022,2023,4239,2385.611,1.78,483791
5106208,2022,2023,3932,3290.032,1.2,216720
5106216,2022,2023,11707,5953.099,1.97,1057942
5106224,2022,2023,55839,9536.814,5.86,7647129
5106232,2022,2023,16352,1327.266,12.32,771964
5106240,2022,2023,11530,12460.736,0.93,3184847
5106257,2022,2023,24345,5491.972,4.43,1185192
5106265,2022,2023,6520,5800.759,1.12,626984
5106273,2022,2023,3349,920.048,3.64,132646
5106281,2022,2023,6919,5225.595,1.32,930872
5106299,2022,2023,11671,4814.149,2.42,833109
5106307,2022,2023,26423,24166.632,1.09,2920746
5106315,2022,2023,2015,4394.78,0.46,71503
5106372,2022,2023,18066,3841.672,4.7,1490775
5106422,2022,2023,32714,14433.775,2.27,1146389
5106455,2022,2023,3166,2437.59,1.3,296060
5106505,2022,2023,31217,17156.759,1.82,861874
5106653,2022,2023,6932,2742.482,2.53,244682
5106703,2022,2023,2008,701.138,2.86,49856
5106752,2022,2023,52018,8545.292,6.09,2856805
5106778,2022,2023,12127,3971.721,3.05,558330
5106802,2022,2023,5593,6846.668,0.82,1444695
5106828,2022,2023,10204,5835.278,1.75,323734
5106851,2022,2023,3224,2045.467,1.58,99847
5107008,2022,2023,23283,6915.298,3.37,1242007
5107040,2022,2023,85146,5470.383,15.56,8571209
5107065,2022,2023,26769,17799.989,1.5,3771292
5107107,2022,2023,17849,1282.763,13.91,550358
5107156,2022,2023,2122,1331.677,1.59,54024
5107180,2022,2023,10089,11354.555,0.89,814506
5107198,2022,2023,2593,624.997,4.15,192864
5107206,2022,2023,4535,539.287,8.41,129895
5107248,2022,2023,5374,3812.09,1.41,1133113
5107263,2022,2023,2519,1166.382,2.16,193731
5107297,2022,2023,2875,489.737,5.87,70176
5107305,2022,2023,14911,4525.304,3.3,1683036
5107354,2022,2023,5964,7465.563,0.8,843182
5107404,2022,2023,4191,344.33,12.17,81085
5107578,2022,2023,3505,12658.341,0.28,135694
5107602,2022,2023,244911,4824.02,50.77,16568250
5107701,2022,2023,15453,7339.443,2.11,650377
5107743,2022,2023,2661,5623.39,0.47,601239
5107750,2022,2023,3679,1753.378,2.1,120131
5107768,2022,2023,3276,4747.042,0.69,1341337
5107776,2022,2023,7596,6466.223,1.17,306137
5107792,2022,2023,4099,3403.593,1.2,1313632
5107800,2022,2023,15246,9469.139,1.61,743717
5107859,2022,2023,13621,16682.473,0.82,2351792
5107875,2022,2023,28944,13614.552,2.13,6410247
5107883,2022,2023,1800,1490.793,1.21,160052
5107909,2022,2023,196312,3990.87,49.19,11736047
5107925,2022,2023,110635,9293.629,11.9,13748757
5107941,2022,2023,9818,8439.05,1.16,1540339
5107958,2022,2023,106434,11636.825,9.15,5602200
5108006,2022,2023,14370,4492.539,3.2,2467467
5108055,2022,2023,10616,2399.736,4.42,571448
5108105,2022,2023,3025,4244.073,0.71,326968
5108204,2022,2023,4164,2398.383,1.74,241589
5108303,2022,2023,3838,4590.628,0.84,601637
5108352,2022,2023,2904,1901.545,1.53,81318
5108402,2022,2023,300078,724.279,414.31,13984218
5108501,2022,2023,12800,3058.364,4.19,1504304
5108600,2022,2023,19888,7436.383,2.67,920621
5108808,2022,2023,4590,1121.928,4.09,236922
5108857,2022,2023,3529,1905.744,1.85,551799
5108907,2022,2023,5846,11553.479,0.51,1490869
5108956,2022,2023,8313,5139.307,1.62,441951
5200050,2022,2023,19128,143.357,133.43,477983
5200100,2022,2023,17232,1044.555,16.5,633025
5200134,2022,2023,21568,1566.742,13.77,1188179
5200159,2022,2023,2297,115.385,19.91,59486
5200175,2022,2023,4954,2023.636,2.45,476288
5200209,2022,2023,1858,458.836,4.05,74935
5200258,2022,2023,225693,191.817,1176.61,3062185
5200308,2022,2023,27008,846.876,31.89,1832281
5200506,2022,2023,1973,102.094,19.33,66408
5200555,2022,2023,6072,500.342,12.14,623006
5200605,2022,2023,10306,2594.998,3.97,408322
5200803,2022,2023,8446,1268.347,6.66,223109
5200829,2022,2023,3268,1343.742,2.43,124601
5200852,2022,2023,5259,133.834,39.29,106099
5200902,2022,2023,3007,406.93,7.39,130845
5201108,2022,2023,398869,935.672,426.29,20432109
5201207,2022,2023,924,55.569,16.63,26738
5201306,2022,2023,18503,976.038,18.96,730524
5201405,2022,2023,527796,279.954,1885.3,20888937
5201454,2022,2023,2907,603.254,4.82,151337
5201504,2022,2023,4325,2899.237,1.49,518582
5201603,2022,2023,3799,149.776,25.36,87232
5201702,2022,2023,18390,661.677,27.79,360573
5201801,2022,2023,11890,218.125,54.51,237889
5202155,2022,2023,7153,2188.1,3.27,252818
5202353,2022,2023,2946,1075.535,2.74,268947
5202502,2022,2023,8300,3054.773,2.72,379921
5202601,2022,2023,3284,565.514,5.81,111363
5202809,2022,2023,2868,170.228,16.85,83608
5203104,2022,2023,3351,1780.173,1.88,175462
5203203,2022,2023,10371,1080.268,9.6,1686187
5203302,2022,2023,34445,1274.034,27.04,1983166
5203401,2022,2023,7826,1901.137,4.12,418166
5203500,2022,2023,23958,1405.605,17.04,1512295
5203559,2022,2023,10296,121.915,84.45,158520
5203575,2022,2023,3299,1635.319,2.02,282294
5203609,2022,2023,3992,125.326,31.85,106412
5203807,2022,2023,5695,1458.459,3.9,305497
5203906,2022,2023,10495,901.932,11.64,561621
5203939,2022,2023,2732,202.576,13.49,78971
5203962,2022,2023,3145,246.075,12.78,68010
5204003,2022,2023,7560,1126.434,6.71,484328
5204102,2022,2023,11513,1657.226,6.95,365150
5204201,2022,2023,1405,424.49,3.31,45522
5204250,2022,2023,7782,528.281,14.73,890576
5204300,2022,2023,13774,2254.34,6.11,1219984
5204409,2022,2023,16513,8627.961,1.91,1456338
5204508,2022,2023,98622,1608.523,61.31,3782024
5204557,2022,2023,4507,251.72,17.9,103502
5204607,2022,2023,3755,272.734,13.77,78260
5204656,2022,2023,3708,1978.386,1.87,135965
5204706,2022,2023,12510,1064.541,11.75,422671
5204805,2022,2023,7422,2450.111,3.03,964885
5204854,2022,2023,8081,156.113,51.76,237751
5204904,2022,2023,18108,735.126,24.63,404844
5204953,2022,2023,4005,443.125,9.04,80964
5205000,2022,2023,9710,419.821,23.13,543627
5205059,2022,2023,2985,299.228,9.98,140321
5205109,2022,2023,114427,3826.37,29.9,10345993
5205208,2022,2023,5184,205.065,25.28,126676
5205307,2022,2023,9583,6948.78,1.38,373219
5205406,2022,2023,22046,213.07,103.47,986057
5205455,2022,2023,8090,417.08,19.4,533170
5205471,2022,2023,12870,2184.076,5.89,2486006
5205497,2022,2023,91767,389.984,235.31,1351013
5205513,2022,2023,25016,1785.339,14.01,530183
5205521,2022,2023,4030,1707.519,2.36,87397
5205703,2022,2023,2454,458.077,5.36,87370
5205802,2022,2023,10562,1064.833,9.92,340461
5205901,2022,2023,9164,1864.277,4.92,1081678
5206206,2022,2023,62337,6153.921,10.13,5707718
5206305,2022,2023,3504,221.624,15.81,134732
5206404,2022,2023,17065,4673.039,3.65,611859
5206503,2022,2023,3883,364.918,10.64,140959
5206602,2022,2023,2927,568.365,5.15,115381
5206701,2022,2023,3770,417.625,9.03,59529
5206800,2022,2023,2724,86.057,31.65,60604
5206909,2022,2023,1902,482.857,3.94,496504
5207105,2022,2023,2062,685.382,3.01,121731
5207253,2022,2023,6956,3227.558,2.16,682108
5207352,2022,2023,4001,598.218,6.69,516263
5207402,2022,2023,11747,1469.099,8,1196283
5207501,2022,2023,3205,301.139,10.64,113691
5207535,2022,2023,7070,1949.685,3.63,211347
5207600,2022,2023,5877,1279.107,4.59,248809
5207808,2022,2023,10419,422.34,24.67,351013
5207907,2022,2023,13744,3695.106,3.72,287569
5208004,2022,2023,115901,5804.292,19.97,3918239
5208103,2022,2023,4660,843.42,5.53,133520
5208152,2022,2023,3456,588.328,5.87,244382
5208301,2022,2023,4457,828.874,5.38,113665
5208400,2022,2023,13967,166.642,83.81,396359
5208509,2022,2023,4973,569.917,8.73,210732
5208608,2022,2023,73707,1547.319,47.64,2691742
5208707,2022,2023,1437366,729.296,1970.9,75780846
5208806,2022,2023,71916,213.772,336.41,1604687
5208905,2022,2023,24071,3108.423,7.74,793947
5209101,2022,2023,35664,2479.591,14.38,2725200
5209150,2022,2023,4390,827.373,5.31,338160
5209200,2022,2023,19545,514.178,38.01,497334
5209291,2022,2023,2188,205.533,10.65,60565
5209408,2022,2023,4085,1221.054,3.35,100115
5209457,2022,2023,2161,593.188,3.64,73547
5209606,2022,2023,3354,228.615,14.67,96557
5209705,2022,2023,27742,952.122,29.14,1528149
5209804,2022,2023,3545,583.756,6.07,110997
5209903,2022,2023,10584,1547.183,6.84,265592
5209937,2022,2023,5954,689.201,8.64,373361
5209952,2022,2023,17061,955.419,17.86,754047
5210000,2022,2023,52204,614.887,84.9,1880643
5210109,2022,2023,25548,4382.863,5.83,2797965
5210158,2022,2023,2919,244.209,11.95,95822
5210208,2022,2023,35684,1027.249,34.74,1227631
5210307,2022,2023,2560,579.19,4.42,90980
5210406,2022,2023,44734,1461.916,30.6,2305609
5210562,2022,2023,4963,142.652,34.79,126630
5210604,2022,2023,4904,241.029,20.35,119889
5210802,2022,2023,4380,2082.736,2.1,188306
5210901,2022,2023,21087,952.998,22.13,599908
5211008,2022,2023,8007,2047.874,3.91,300251
5211206,2022,2023,26113,1281.404,20.38,734913
5211305,2022,2023,6101,3437.367,1.77,412359
5211404,2022,2023,7736,383.066,20.19,359651
5211503,2022,2023,107970,2447.014,44.12,6555376
5211602,2022,2023,2693,1260.841,2.14,145722
5211701,2022,2023,6272,863.087,7.27,446723
5211800,2022,2023,45223,1848.947,24.46,1205296
5211909,2022,2023,105729,7178.792,14.73,10026117
5212006,2022,2023,2924,528.783,5.53,112607
5212055,2022,2023,2123,115.211,18.43,51232
5212105,2022,2023,7159,446.258,16.04,423165
5212204,2022,2023,19620,4092.34,4.79,884366
5212253,2022,2023,1390,463.289,3,67251
5212303,2022,2023,8745,476.137,18.37,452342
5212501,2022,2023,209129,3962.107,52.78,6264671
5212600,2022,2023,2561,468.029,5.47,101348
5212709,2022,2023,8124,858.27,9.47,139650
5212808,2022,2023,10700,1695.463,6.31,411528
5212907,2022,2023,2758,225.518,12.23,76281
5212956,2022,2023,4042,1150.503,3.51,225035
5213004,2022,2023,10304,389.959,26.42,327508
5213053,2022,2023,2614,1380.701,1.89,179168
5213087,2022,2023,27075,2854.137,9.49,1286497
5213103,2022,2023,70081,9042.844,7.75,4536325
5213400,2022,2023,1685,452.314,3.73,73136
5213509,2022,2023,6692,3119.86,2.14,141790
5213707,2022,2023,8756,2900.397,3.02,818049
5213756,2022,2023,12521,1869.581,6.7,1619839
5213772,2022,2023,3779,1337.232,2.83,124015
5213806,2022,2023,51351,2846.299,18.04,2524023
5213855,2022,2023,2456,282.333,8.7,68988
5213905,2022,2023,4654,684.882,6.8,170963
5214002,2022,2023,14750,1738.516,8.48,1366986
5214051,2022,2023,6189,2141.534,2.89,319880
5214101,2022,2023,3564,955.069,3.73,105711
5214408,2022,2023,8189,281.147,29.13,313258
5214507,2022,2023,31932,204.713,155.98,1548492
5214606,2022,2023,34964,9846.293,3.55,1516123
5214705,2022,2023,2337,209.432,11.16,60721
5214804,2022,2023,2101,307.335,6.84,71369
5214838,2022,2023,12815,7308.681,1.75,932185
5214861,2022,2023,8310,411.753,20.18,196168
5214879,2022,2023,3010,625.625,4.81,72975
5214903,2022,2023,3076,2136.725,1.44,80910
5215009,2022,2023,9481,122.354,77.49,261701
5215207,2022,2023,3527,649.349,5.43,105687
5215231,2022,2023,103804,192.285,539.84,1349983
5215256,2022,2023,3716,1254.491,2.96,190862
5215306,2022,2023,16399,1971.265,8.32,1147584
5215405,2022,2023,4057,208.804,19.43,217326
5215504,2022,2023,7200,411.318,17.5,486717
5215603,2022,2023,34967,3142.615,11.13,1036141
5215652,2022,2023,3132,1318.047,2.38,259528
5215702,2022,2023,31858,1537.196,20.72,2083486
5215801,2022,2023,2259,59.809,37.77,58941
5215900,2022,2023,3851,393.326,9.79,233772
5216007,2022,2023,2455,432.204,5.68,207977
5216304,2022,2023,7607,1153.415,6.6,317830
5216403,2022,2023,10659,3786.578,2.81,1824836
5216452,2022,2023,2964,1033.657,2.87,790811
5216809,2022,2023,9573,530.49,18.05,244843
5216908,2022,2023,2328,906.048,2.57,121147
5217104,2022,2023,24883,2374.232,10.48,1311747
5217203,2022,2023,11712,2045.088,5.73,953112
5217302,2022,2023,26690,2200.369,12.13,830089
5217401,2022,2023,32373,1077.641,30.04,1928362
5217609,2022,2023,105031,2558.924,41.04,1939904
5217708,2022,2023,18309,1434.289,12.77,840052
5218003,2022,2023,44317,4825.287,9.18,2072827
5218052,2022,2023,4070,606.262,6.71,388339
5218102,2022,2023,3280,553.411,5.93,305584
5218300,2022,2023,34914,2076.99,16.81,938125
5218391,2022,2023,3649,356.292,10.24,86823
5218508,2022,2023,48447,3786.026,12.8,3123504
5218607,2022,2023,12165,268.291,45.34,410814
5218706,2022,2023,3980,157.379,25.29,125402
5218789,2022,2023,3864,244.655,15.79,579154
5218805,2022,2023,225696,8374.255,26.95,22310032
5218904,2022,2023,19788,750.659,26.36,767419
5219001,2022,2023,7918,509.402,15.54,279278
5219100,2022,2023,6149,140.957,43.62,183431
5219209,2022,2023,3002,1109.007,2.71,293229
5219258,2022,2023,4951,1164.186,4.25,350881
5219308,2022,2023,38492,1142.337,33.7,1995752
5219357,2022,2023,3538,812.756,4.35,147694
5219407,2022,2023,5924,1357.197,4.36,216189
5219456,2022,2023,2689,970.448,2.77,179620
5219506,2022,2023,2820,166.44,16.94,100777
5219605,2022,2023,3293,789.544,4.17,105474
5219704,2022,2023,10645,1206.6,8.82,259907
5219712,2022,2023,4267,450.336,9.48,329277
5219738,2022,2023,7386,135.022,54.7,200106
5219753,2022,2023,72127,943.948,76.41,972899
5219803,2022,2023,9711,3335.999,2.91,276813
5219902,2022,2023,6378,416.535,15.31,173869
5220009,2022,2023,14041,3334.455,4.21,597270
5220058,2022,2023,1774,286.979,6.18,148707
5220108,2022,2023,33852,829.62,40.8,2008425
5220157,2022,2023,4837,583.832,8.28,221723
5220207,2022,2023,21900,6150.179,3.56,880802
5220264,2022,2023,4464,537.347,8.31,337469
5220280,2022,2023,2143,172.763,12.4,66124
5220405,2022,2023,17020,415.015,41.01,2537275
5220454,2022,2023,155635,247.005,630.09,5495055
5220504,2022,2023,8027,5521.774,1.45,819680
5220603,2022,2023,22245,2349.924,9.47,1594191
5220686,2022,2023,5742,346.811,16.56,233339
5220702,2022,2023,2927,1611.851,1.82,104248
5221007,2022,2023,4026,205.665,19.58,97090
5221080,2022,2023,2701,784.793,3.44,47499
5221197,2022,2023,7944,107.407,73.96,258448
5221304,2022,2023,2921,284.034,10.28,96756
5221403,2022,2023,142431,712.69,199.85,3631624
5221452,2022,2023,3120,802.905,3.89,82138
5221502,2022,2023,4480,482.317,9.29,359274
5221551,2022,2023,4985,935.659,5.33,757326
5221577,2022,2023,2798,1154.305,2.42,86672
5221601,2022,2023,42546,2142.484,19.86,1637352
5221700,2022,2023,13729,522.904,26.26,405664
5221809,2022,2023,3553,623.821,5.7,152304
5221858,2022,2023,198861,61.488,3234.14,3621840
5221908,2022,2023,3716,517.402,7.18,122376
5222005,2022,2023,14956,954.115,15.68,914943
5222054,2022,2023,8768,733.794,11.95,677600
5222203,2022,2023,4215,1052.593,4,201846
5222302,2022,2023,5815,2181.593,2.67,444209
5300108,2022,2023,2817381,5760.784,489.06,365669108
