{"type":"FeatureCollection","features":[{"type":"Feature","geometry":{"type":"Polygon","coordinates":[[[31.29,-22.4],[31.43,-22.3],[32.37,-21.33],[32.35,-21.14],[32.48,-20.95],[32.48,-20.71],[32.67,-20.52],[32.99,-19.98],[33.01,-19.87],[32.78,-19.39],[32.85,-19.1],[32.72,-19],[32.85,-18.76],[32.99,-18.36],[32.96,-18.08],[32.97,-17.25],[32.88,-16.88],[32.95,-16.71],[32.24,-16.45],[31.94,-16.43],[31.69,-16.21],[31.24,-16.02],[30.44,-16],[30.4,-15.64],[29.73,-15.64],[29.29,-15.78],[28.91,-15.99],[28.83,-16.42],[28.76,-16.53],[28.4,-16.66],[27.93,-16.9],[27.76,-17.06],[27.44,-17.51],[27.02,-17.96],[26.78,-18.04],[26.33,-17.93],[25.86,-17.95],[25.64,-17.82],[25.26,-17.79],[25.22,-17.92],[25.49,-18.35],[25.76,-18.65],[26.17,-19.54],[26.68,-19.89],[27.22,-20.15],[27.28,-20.48],[27.7,-20.53],[27.67,-21.06],[28.05,-21.57],[28.53,-21.65],[29.04,-21.81],[29.11,-22.07],[29.36,-22.19],[29.66,-22.15],[30.46,-22.33],[31.07,-22.31],[31.29,-22.4]]]},"properties":{"iso":"ZWE","name":"Zimbábue"}},{"type":"Feature","geometry":{"type":"Polygon","coordinates":[[[30.4,-15.64],[30.23,-14.99],[30.67,-14.82],[31.54,-14.58],[31.73,-14.5],[33.2,-14.01],[32.99,-14.02],[32.67,-13.61],[32.85,-13.46],[32.97,-13.22],[33.02,-12.63],[33.4,-12.49],[33.25,-12.11],[33.3,-11.89],[33.23,-11.53],[33.38,-11.16],[33.26,-10.89],[33.66,-10.59],[33.53,-10.23],[33.31,-10.04],[33.35,-9.86],[33.2,-9.63],[33,-9.62],[32.92,-9.41],[32.43,-9.16],[31.94,-9.05],[31.67,-8.91],[31.35,-8.61],[31.08,-8.61],[30.83,-8.39],[30.75,-8.19],[28.97,-8.46],[28.92,-8.7],[28.62,-9.07],[28.4,-9.22],[28.63,-9.83],[28.61,-10.4],[28.64,-10.67],[28.54,-10.8],[28.36,-11.48],[28.48,-11.81],[29.06,-12.35],[29.43,-12.43],[29.56,-12.2],[29.8,-12.16],[29.8,-13.39],[29.55,-13.25],[29.2,-13.4],[29.01,-13.37],[28.67,-12.86],[28.55,-12.84],[28.36,-12.48],[27.53,-12.2],[27.42,-11.94],[27.05,-11.62],[26.95,-11.9],[26.6,-11.97],[26.03,-11.89],[25.35,-11.62],[25.18,-11.24],[24.67,-11.35],[24.52,-11.44],[24.32,-11.07],[23.97,-10.87],[24.05,-11.41],[23.97,-11.64],[23.99,-12.42],[23.84,-13],[21.98,-13],[21.98,-14.76],[21.98,-15.96],[22.15,-16.6],[22.31,-16.69],[23.38,-17.64],[24.27,-17.48],[24.93,-17.54],[25.26,-17.79],[25.64,-17.82],[25.86,-17.95],[26.33,-17.93],[26.78,-18.04],[27.02,-17.96],[27.44,-17.51],[27.76,-17.06],[27.93,-16.9],[28.4,-16.66],[28.76,-16.53],[28.83,-16.42],[28.91,-15.99],[29.29,-15.78],[29.73,-15.64],[30.4,-15.64]]]},"properties":{"iso":"ZMB","name":"Zâmbia"}},{"type":"Feature","geometry":{"type":"MultiPolygon","coordinates":[[[[53.09,16.65],[52.8,17.27],[52.73,17.3],[51.98,19],[50.36,18.78],[49.19,18.62],[49.04,18.58],[48.17,18.16],[47.58,17.45],[47.44,17.11],[47.14,16.95],[46.98,16.95],[46.68,17.27],[46.31,17.23],[45.41,17.32],[45.15,17.43],[44.16,17.4],[43.92,17.32],[43.42,17.52],[43.19,17.36],[43.12,16.94],[43.17,16.69],[42.8,16.37],[42.84,16.03],[42.72,15.65],[43.02,14.55],[43.09,14.01],[43.23,13.86],[43.28,13.64],[43.23,13.27],[43.48,12.84],[43.93,12.62],[44.36,12.67],[44.62,12.82],[45.04,12.82],[45.16,13],[45.39,13.07],[45.66,13.34],[46.2,13.42],[46.79,13.47],[47.41,13.66],[47.63,13.86],[47.99,14.05],[48.28,14],[48.67,14.05],[49.05,14.46],[49.35,14.64],[49.91,14.83],[50.17,14.85],[50.53,15.04],[51.02,15.14],[51.6,15.34],[52.22,15.66],[52.17,15.96],[52.33,16.29],[52.58,16.47],[53.09,16.65]]],[[[53.76,12.64],[53.43,12.66],[53.32,12.53],[53.6,12.34],[54.13,12.36],[54.51,12.55],[54.19,12.66],[53.76,12.64]]]]},"properties":{"iso":"YEM","name":"Iémen"}},{"type":"Feature","geometry":{"type":"Polygon","coordinates":[[[107.97,21.51],[107.8,21.65],[107.35,21.61],[107.01,21.89],[106.73,22],[106.54,22.4],[106.58,22.57],[106.78,22.78],[106.54,22.91],[106.25,22.87],[106.15,22.97],[105.84,22.92],[105.55,23.07],[105.28,23.35],[104.86,23.14],[104.8,22.91],[104.37,22.7],[104.05,22.75],[103.92,22.54],[103.62,22.78],[103.36,22.75],[103.01,22.45],[102.52,22.74],[102.43,22.73],[102.13,22.38],[102.58,21.9],[102.7,21.66],[102.95,21.57],[102.85,21.27],[103.1,20.89],[103.64,20.7],[104.05,20.94],[104.2,20.91],[104.58,20.65],[104.39,20.42],[104.62,20.37],[104.7,20.21],[104.93,20.02],[104.74,19.75],[104.55,19.61],[104.03,19.68],[104.06,19.48],[103.9,19.34],[104.72,18.8],[105.12,18.68],[105.09,18.45],[105.33,18.19],[105.46,18.15],[105.69,17.74],[106.01,17.42],[106.27,17.22],[106.5,16.95],[106.55,16.65],[106.7,16.46],[106.93,16.35],[107.4,16.04],[107.19,15.75],[107.65,15.26],[107.48,14.98],[107.52,14.71],[107.36,14.37],[107.33,14.13],[107.61,13.44],[107.48,13.03],[107.56,12.54],[107.51,12.36],[107.16,12.28],[106.93,12.08],[106.41,11.95],[106.34,11.68],[106.01,11.76],[105.85,11.64],[105.86,11.29],[106.17,11.01],[106.1,10.8],[105.76,10.99],[105.39,10.94],[105.06,10.73],[104.85,10.53],[104.56,10.52],[104.43,10.41],[104.66,10.17],[104.8,10.2],[105.03,10.07],[105.09,9.9],[104.9,9.82],[104.85,9.61],[104.82,8.8],[104.89,8.58],[105.11,8.63],[105.32,8.8],[105.5,9.09],[106.17,9.4],[106.2,9.68],[106.38,9.56],[106.57,9.64],[106.6,9.86],[106.79,10.12],[106.81,10.43],[107.09,10.5],[107.26,10.4],[107.85,10.7],[108,10.72],[108.09,10.9],[108.27,10.93],[108.82,11.32],[108.99,11.34],[109.04,11.59],[109.2,11.72],[109.22,12.65],[109.42,12.96],[109.27,13.28],[109.3,13.86],[109.09,14.55],[109.08,14.72],[108.82,15.38],[108.67,15.48],[108.03,16.33],[107.83,16.32],[107.72,16.49],[107.18,16.9],[107.12,17.06],[106.74,17.37],[106.48,17.72],[106.5,17.95],[106.24,18.22],[105.89,18.5],[105.62,18.97],[105.79,19.29],[105.81,19.59],[105.98,19.94],[106.17,19.99],[106.52,20.29],[106.55,20.53],[106.75,20.74],[106.68,20.96],[107.35,21.06],[107.41,21.28],[107.97,21.51]]]},"properties":{"iso":"VNM","name":"Vietname"}},{"type":"Feature","geometry":{"type":"MultiPolygon","coordinates":[[[[-60.021,8.558],[-60.3719,8.6354],[-60.4616,8.5344],[-60.6925,8.6047],[-60.9848,8.5705],[-61.284,8.3972],[-61.5231,8.5966],[-61.2095,8.609],[-61.0997,8.9604],[-60.984,9.1674],[-60.7838,9.3386],[-60.8623,9.4561],[-61.1301,9.5725],[-61.4392,9.8184],[-61.5925,9.782],[-61.8768,9.8237],[-62.1965,10.0197],[-62.3254,9.7189],[-62.5176,10.1841],[-62.6185,10.0916],[-62.7774,10.0185],[-63.0131,10.0974],[-62.6566,10.0822],[-62.6266,10.1308],[-62.7364,10.3785],[-62.6623,10.567],[-62.3349,10.5302],[-62.1542,10.6863],[-62.7196,10.76],[-62.9043,10.7022],[-63.1713,10.7316],[-63.5316,10.631],[-63.7569,10.6656],[-63.8204,10.4476],[-64.1435,10.4801],[-64.5361,10.2523],[-64.7481,10.1069],[-65.1695,10.0973],[-65.4258,10.1434],[-65.8685,10.3096],[-66.3136,10.6295],[-67.0124,10.6112],[-67.3918,10.5431],[-67.8692,10.4613],[-68.1295,10.4877],[-68.2517,10.5951],[-68.2738,10.6342],[-68.2627,10.9031],[-68.4176,11.1791],[-68.8632,11.4529],[-69.0619,11.4535],[-69.2704,11.536],[-69.6236,11.4678],[-69.8086,11.8036],[-69.8353,12.0152],[-70.0177,12.1989],[-70.2058,12.112],[-70.2968,11.8719],[-70.1865,11.6027],[-69.8495,11.6937],[-69.8141,11.4256],[-70.0505,11.5211],[-70.18,11.3764],[-70.5139,11.2532],[-70.8697,11.1963],[-71.282,10.9914],[-71.4583,10.9749],[-71.5314,10.7527],[-71.5265,10.5447],[-71.2069,9.9806],[-71.0724,9.8579],[-71.0624,9.6174],[-71.0587,9.3379],[-71.2185,9.187],[-71.5148,9.049],[-71.7589,9.1201],[-71.7304,9.3554],[-71.9675,9.4982],[-72.1244,9.8261],[-71.9825,10.0883],[-71.6295,10.454],[-71.5763,10.7211],[-71.6936,10.8371],[-71.7698,11.1064],[-71.9393,11.3808],[-71.9605,11.5913],[-71.3782,11.7585],[-71.3275,11.85],[-71.9711,11.6619],[-72.2566,11.1678],[-72.4815,11.1325],[-72.7061,10.8113],[-72.9152,10.4282],[-72.9877,9.9994],[-72.9776,9.8381],[-73.3636,9.165],[-73.0097,9.2954],[-72.9364,9.0992],[-72.7831,9.0599],[-72.6754,8.6515],[-72.4156,8.3827],[-72.3358,8.1039],[-72.4878,7.9492],[-72.482,7.508],[-72.3958,7.4075],[-72.2062,7.3819],[-72.1533,7.1926],[-71.9938,7.0129],[-71.964,7.0059],[-71.6543,7.0534],[-71.2835,7.0188],[-71.184,6.9626],[-70.7033,7.0999],[-70.3191,6.9383],[-70.0966,6.9444],[-69.432,6.1222],[-69.2461,6.0807],[-69.0611,6.2178],[-68.6353,6.1359],[-67.9241,6.2346],[-67.8391,6.3075],[-67.451,6.198],[-67.4563,6.1932],[-67.4286,6.0385],[-67.6012,5.8206],[-67.647,5.4834],[-67.8437,5.2972],[-67.7931,5.0633],[-67.8651,4.5121],[-67.7169,4.0399],[-67.6318,3.7619],[-67.4714,3.6801],[-67.3046,3.4257],[-67.4522,3.2437],[-67.8386,2.8861],[-67.6266,2.8134],[-67.3254,2.4746],[-67.0668,1.8941],[-66.8751,1.2225],[-66.3462,0.7594],[-66.1563,0.733],[-65.7454,0.9742],[-65.5829,0.9777],[-65.4512,0.6901],[-65.3272,0.9103],[-65.203,0.9238],[-65.1368,1.1269],[-64.8393,1.2708],[-64.7309,1.2476],[-64.409,1.5075],[-64.3015,1.4467],[-64.0809,1.6474],[-63.995,1.958],[-63.7626,1.9857],[-63.6175,2.1012],[-63.4118,2.1494],[-63.3848,2.4206],[-63.8313,2.4286],[-64.048,2.4713],[-63.9979,2.706],[-64.2229,3.124],[-64.2456,3.4189],[-64.203,3.5947],[-64.6629,3.997],[-64.648,4.2079],[-64.5897,4.1189],[-64.365,4.1519],[-64.1251,4.0885],[-64.0638,3.9116],[-63.4254,3.9684],[-63.286,3.9208],[-62.9971,3.5991],[-62.7496,3.6604],[-62.7662,4.0207],[-62.561,4.0378],[-62.3842,4.1735],[-62.1927,4.0947],[-61.9315,4.1464],[-61.7189,4.2547],[-61.5421,4.263],[-61.4582,4.4191],[-61.2973,4.5237],[-61.012,4.5183],[-60.9034,4.6996],[-60.6126,4.9006],[-60.6643,5.1703],[-60.7399,5.2021],[-61.3796,5.9053],[-61.2694,6.1072],[-61.1216,6.1867],[-61.2048,6.5958],[-61.1298,6.7158],[-60.9338,6.7317],[-60.421,6.9422],[-60.3483,7.1527],[-60.6431,7.2209],[-60.6018,7.3301],[-60.7306,7.5254],[-60.5033,7.8209],[-60.268,7.9213],[-60.0195,8.0603],[-59.8156,8.2878],[-60.021,8.558]]],[[[-60.9514,8.8278],[-61.0939,8.6337],[-60.8466,8.6377],[-60.7376,8.8666],[-60.9514,8.8278]]],[[[-63.8468,11.1354],[-63.9858,11.1093],[-64.0426,10.8685],[-63.7934,11.0011],[-63.8468,11.1354]]],[[[-65.2276,10.9538],[-65.3063,10.9765],[-65.4118,10.9248],[-65.2446,10.885],[-65.2276,10.9538]]],[[[-63.6399,15.696],[-63.6346,15.7006],[-63.6396,15.7029],[-63.6399,15.696]]]]},"properties":{"iso":"VEN","name":"Venezuela"}},{"type":"Feature","geometry":{"type":"Polygon","coordinates":[[[12.44,41.9],[12.44,41.91],[12.43,41.91],[12.43,41.9],[12.44,41.9]]]},"properties":{"iso":"VAT","name":"Vaticano"}},{"type":"Feature","geometry":{"type":"MultiPolygon","coordinates":[[[[166.75,-14.83],[166.53,-14.85],[166.65,-15.21],[166.63,-15.41],[166.83,-15.63],[167.2,-15.49],[167.13,-15.14],[166.81,-15.16],[166.75,-14.83]]],[[[167.41,-16.1],[167.32,-16.12],[167.45,-16.55],[167.84,-16.45],[167.41,-16.1]]],[[[168.3,-16.34],[168.16,-16.08],[168.02,-16.32],[168.3,-16.34]]],[[[168.45,-17.54],[168.27,-17.55],[168.25,-17.78],[168.52,-17.8],[168.45,-17.54]]],[[[169.33,-18.94],[169.14,-18.63],[168.99,-18.87],[169.33,-18.94]]]]},"properties":{"iso":"VUT","name":"Vanuatu"}},{"type":"Feature","geometry":{"type":"Polygon","coordinates":[[[70.95,42.25],[70.61,42.05],[70.42,42.08],[70.1,41.82],[69.66,41.67],[69.06,41.37],[68.99,41.21],[68.58,40.88],[68.6,40.66],[68.29,40.66],[68.05,40.81],[68.11,41.03],[67.94,41.2],[66.81,41.14],[66.67,41.27],[66.5,41.99],[66.01,42],[66.1,42.99],[65.8,42.88],[65.5,43.31],[64.91,43.71],[64.44,43.55],[63.21,43.63],[61.99,43.49],[61.16,44.17],[61.01,44.39],[60.19,44.78],[58.56,45.56],[55.98,44.99],[55.98,43.62],[55.98,42.47],[55.98,41.32],[57.02,41.26],[56.96,41.86],[57.38,42.16],[57.81,42.19],[58.26,42.69],[58.59,42.78],[58.88,42.56],[59.12,42.52],[59.45,42.3],[59.86,42.3],[60.01,42.19],[60.11,41.91],[60.09,41.4],[60.45,41.22],[60.75,41.25],[61.33,41.2],[61.5,41.28],[61.95,41.03],[62.1,40.68],[62.38,40.33],[62.44,40.04],[62.65,39.86],[63.51,39.38],[63.72,39.19],[64.16,38.95],[64.31,38.98],[64.66,38.74],[65.61,38.24],[65.86,38.27],[66.17,38.17],[66.63,37.93],[66.53,37.79],[66.52,37.35],[67.07,37.33],[67.32,37.21],[67.52,37.27],[67.76,37.17],[67.81,37.49],[68.29,38.03],[68.33,38.24],[68.14,38.38],[68.05,38.67],[68.1,38.96],[67.68,39.01],[67.62,39.15],[67.35,39.24],[67.43,39.47],[67.72,39.62],[68.46,39.54],[68.64,39.84],[68.87,39.91],[68.65,40.18],[69.23,40.19],[69.3,40.33],[69.21,40.57],[69.41,40.8],[69.71,40.66],[70.29,40.89],[70.44,41.02],[70.75,40.74],[70.38,40.45],[70.65,40.2],[70.96,40.24],[71.3,40.29],[71.69,40.15],[71.96,40.26],[72.13,40.44],[72.36,40.4],[73.11,40.79],[72.62,40.88],[72.16,41.17],[71.88,41.2],[71.79,41.41],[71.42,41.34],[71.41,41.14],[70.78,41.26],[70.18,41.57],[70.84,42.02],[70.95,42.25]]]},"properties":{"iso":"UZB","name":"Uzbequistão"}},{"type":"Feature","geometry":{"type":"Polygon","coordinates":[[[-58.2001,-32.4472],[-58.1915,-32.4919],[-58.0485,-32.9117],[-58.1744,-33.1104],[-58.3669,-33.1537],[-58.3915,-33.4244],[-58.4156,-33.8756],[-58.1962,-34.1594],[-58.077,-34.192],[-57.8225,-34.4751],[-57.1675,-34.4482],[-56.7953,-34.6985],[-56.3646,-34.7935],[-56.3113,-34.9062],[-56.0384,-34.8858],[-55.7921,-34.7741],[-55.3738,-34.8029],[-55.2602,-34.8976],[-54.9393,-34.9699],[-54.5308,-34.8069],[-54.1459,-34.6676],[-53.9722,-34.4872],[-53.7649,-34.3904],[-53.711,-34.1988],[-53.5395,-34.0624],[-53.4113,-33.7423],[-53.5396,-33.6493],[-53.5207,-33.125],[-53.1828,-32.7999],[-53.1861,-32.6467],[-53.4156,-32.5642],[-53.6487,-32.3386],[-53.7718,-32.0471],[-54.1351,-31.909],[-54.4672,-31.6642],[-54.5915,-31.471],[-54.8198,-31.4353],[-55.26,-31.2287],[-55.3539,-31.0563],[-55.5919,-30.8483],[-55.8643,-31.0768],[-56.0099,-31.0819],[-56.017,-31.0743],[-56.0114,-30.7982],[-56.8313,-30.102],[-57.1023,-30.1212],[-57.2126,-30.2873],[-57.536,-30.2744],[-57.6425,-30.1931],[-57.6527,-30.3291],[-57.8496,-30.4853],[-57.8087,-30.7473],[-57.7994,-30.7915],[-57.9051,-31.241],[-58.039,-31.5086],[-57.9886,-31.6428],[-58.1686,-31.846],[-58.1865,-32.1529],[-58.1016,-32.3114],[-58.2001,-32.4472]]]},"properties":{"iso":"URY","name":"Uruguai"}},{"type":"Feature","geometry":{"type":"Polygon","coordinates":[[[158.31,6.81],[158.29,6.95],[158.13,6.94],[158.18,6.8],[158.31,6.81]]]},"properties":{"iso":"FSM","name":"Micronésia"}},{"type":"Feature","geometry":{"type":"Polygon","coordinates":[[[171.1,7.14],[171.1,7.11],[171.2,7.07],[171.23,7.09],[171.1,7.14]]]},"properties":{"iso":"MHL","name":"Ilhas Marshall"}},{"type":"Feature","geometry":{"type":"Polygon","coordinates":[[[145.75,15.13],[145.78,15.17],[145.71,15.22],[145.68,15.13],[145.75,15.13]]]},"properties":{"iso":"MNP","name":"Ilhas Marianas do Norte"}},{"type":"Feature","geometry":{"type":"Polygon","coordinates":[[[-64.77,17.79],[-64.88,17.77],[-64.89,17.7],[-64.69,17.71],[-64.77,17.79]]]},"properties":{"iso":"VIR","name":"Ilhas Virgens Americanas"}},{"type":"Feature","geometry":{"type":"Polygon","coordinates":[[[144.74,13.26],[144.79,13.53],[144.65,13.43],[144.74,13.26]]]},"properties":{"iso":"GUM","name":"Guam"}},{"type":"Feature","geometry":{"type":"Polygon","coordinates":[[[-170.73,-14.35],[-170.69,-14.26],[-170.82,-14.31],[-170.73,-14.35]]]},"properties":{"iso":"ASM","name":"Samoa Americana"}},{"type":"Feature","geometry":{"type":"Polygon","coordinates":[[[-66.13,18.44],[-66.19,18.48],[-67.16,18.5],[-67.2,17.99],[-66.41,17.95],[-65.97,17.97],[-65.62,18.24],[-65.63,18.38],[-66.13,18.44]]]},"properties":{"iso":"PRI","name":"Porto Rico"}},{"type":"Feature","geometry":{"type":"MultiPolygon","coordinates":[[[[-122.753,48.9925],[-122.4403,48.5807],[-122.5338,48.3747],[-122.3918,48.3098],[-122.3204,47.9421],[-122.4135,47.6417],[-122.3236,47.3725],[-122.7225,47.0893],[-122.7987,47.205],[-122.5859,47.3364],[-122.4684,47.7565],[-122.792,48.0829],[-124.0502,48.1773],[-124.5749,48.3704],[-124.7346,48.1704],[-124.6381,47.9079],[-124.4228,47.7419],[-124.3178,47.3574],[-124.1719,47.0419],[-124.0129,46.9837],[-124.0934,46.7432],[-123.913,46.7278],[-123.9252,46.2515],[-123.693,46.3052],[-123.1801,46.1791],[-123.5193,46.2353],[-123.8669,46.1599],[-123.9811,45.7603],[-123.9207,45.6627],[-123.9711,45.1537],[-124.151,43.8817],[-124.277,43.4215],[-124.3765,43.3402],[-124.5477,42.8454],[-124.4145,42.6624],[-124.4328,42.3293],[-124.3596,42.113],[-124.2145,41.9995],[-124.2188,41.85],[-124.0622,41.4359],[-124.1104,41.0153],[-124.2138,40.7014],[-124.4092,40.4438],[-124.3635,40.2615],[-124.1158,40.1071],[-123.854,39.8335],[-123.7698,39.5446],[-123.8249,39.3473],[-123.6483,38.8495],[-122.9745,38.2662],[-122.9211,38.0349],[-122.5284,37.8164],[-122.4874,38.1048],[-122.1463,37.579],[-122.5205,37.5314],[-122.4003,37.3597],[-122.4045,37.1945],[-122.1536,36.9771],[-121.9372,36.9783],[-121.7898,36.8062],[-121.9463,36.4919],[-121.8956,36.3139],[-121.49,35.9822],[-121.2691,35.6642],[-120.8711,35.4053],[-120.8977,35.2498],[-120.6449,35.1394],[-120.6478,34.5857],[-120.4727,34.4503],[-120.1334,34.4727],[-119.8786,34.4066],[-119.6172,34.4205],[-119.2693,34.255],[-119.2171,34.1455],[-118.9368,34.0432],[-118.5441,34.0389],[-118.3914,33.8359],[-118.0905,33.731],[-117.5088,33.3352],[-117.3222,33.1085],[-117.2575,32.7017],[-117.1251,32.5317],[-115.7941,32.632],[-114.7243,32.7128],[-114.8194,32.4994],[-113.9617,32.2341],[-112.3247,31.728],[-111.0671,31.3336],[-109.9663,31.3272],[-109.0474,31.3274],[-108.9683,31.3274],[-108.2148,31.3274],[-108.2151,31.7778],[-106.5061,31.7703],[-106.3585,31.7175],[-106.1643,31.4478],[-106.0047,31.3969],[-105.3638,30.8504],[-105.0085,30.677],[-104.6816,30.1929],[-104.6805,29.9423],[-104.5308,29.6679],[-104.2672,29.5266],[-104.0573,29.339],[-103.7942,29.2776],[-103.3115,29.026],[-103.148,28.9851],[-102.8831,29.3438],[-102.6835,29.7437],[-102.4061,29.7773],[-102.3022,29.8894],[-101.9722,29.8182],[-101.4093,29.7658],[-101.1636,29.5013],[-100.8161,29.2708],[-100.669,29.1162],[-100.6243,28.9247],[-100.3971,28.5927],[-100.2843,28.2965],[-100.0749,28.1544],[-99.807,27.7714],[-99.7107,27.6701],[-99.5072,27.5738],[-99.4617,27.057],[-99.2483,26.8271],[-99.0855,26.4076],[-98.7959,26.3683],[-98.6406,26.2418],[-98.3693,26.194],[-98.2227,26.0754],[-97.6796,26.0346],[-97.4254,25.8549],[-97.1393,25.9658],[-97.3105,26.1233],[-97.3519,26.3538],[-97.5502,27.0092],[-97.1841,27.8366],[-97.025,28.0414],[-96.6537,28.3195],[-96.4038,28.4349],[-96.5595,28.6543],[-96.2049,28.5867],[-95.8174,28.7325],[-95.6019,28.7639],[-95.1589,29.0457],[-95.1592,29.1524],[-94.8888,29.376],[-95.0239,29.5422],[-94.8761,29.6658],[-94.6543,29.4519],[-94.0601,29.6818],[-93.7984,29.9856],[-93.7394,29.7372],[-93.1996,29.7728],[-92.6831,29.6041],[-92.2765,29.5338],[-92.1074,29.6204],[-91.9844,29.832],[-91.6847,29.7531],[-91.5343,29.534],[-91.2198,29.4044],[-91.2286,29.2386],[-90.7059,29.1195],[-90.562,29.3007],[-90.0802,29.1747],[-90.0363,29.3659],[-89.9077,29.477],[-89.7577,29.3432],[-89.4825,29.2431],[-89.3837,29.0878],[-89.1881,29.0305],[-89.0232,29.1474],[-89.202,29.3529],[-89.3423,29.3461],[-89.6684,29.5218],[-89.4568,29.8293],[-89.8389,29.9953],[-90.3391,30.0661],[-90.405,30.2202],[-90.2224,30.3876],[-89.7084,30.1753],[-89.526,30.1928],[-88.9276,30.4422],[-88.7421,30.3541],[-88.4022,30.3878],[-88.1201,30.3383],[-87.9166,30.4233],[-87.5902,30.2754],[-87.4196,30.4796],[-87.3288,30.3197],[-87.1568,30.4745],[-86.6801,30.4223],[-86.4846,30.48],[-86.3648,30.3808],[-85.6709,30.123],[-85.3565,29.8887],[-85.3079,29.6934],[-84.8866,29.73],[-84.5084,29.9221],[-84.2696,30.0927],[-84.024,30.1066],[-83.6806,29.9213],[-83.4048,29.5317],[-83.2157,29.4106],[-83.0239,29.1748],[-82.8492,29.1822],[-82.6444,28.9004],[-82.6642,28.4479],[-82.7873,28.1938],[-82.8424,27.8285],[-82.6378,27.7011],[-82.596,27.9831],[-82.3982,27.796],[-82.6608,27.5203],[-82.5618,27.2763],[-82.3138,26.8494],[-82.0821,26.6802],[-82.0391,26.5279],[-81.8559,26.4489],[-81.8009,26.0986],[-81.3217,25.7827],[-81.1492,25.3954],[-81.0865,25.1214],[-80.855,25.1862],[-80.7109,25.1453],[-80.4269,25.2217],[-80.3143,25.3712],[-80.3069,25.6182],[-80.1293,25.8879],[-80.0382,26.8112],[-80.0756,26.9732],[-80.3454,27.5146],[-80.381,27.6661],[-80.7383,28.3735],[-80.7659,28.6123],[-80.6094,28.6102],[-80.9221,29.0683],[-81.2558,29.7895],[-81.5,30.7122],[-81.4993,30.9682],[-81.2699,31.2748],[-81.3639,31.4158],[-81.1963,31.7176],[-81.0609,31.7882],[-80.8903,32.0327],[-80.4411,32.3661],[-80.4093,32.4811],[-80.0051,32.6116],[-79.6074,32.9162],[-79.387,33.0173],[-79.203,33.1929],[-79.1331,33.4174],[-78.938,33.6421],[-78.5732,33.8826],[-77.9111,33.9582],[-77.8327,34.207],[-77.5359,34.4686],[-77.2015,34.6507],[-76.8961,34.7392],[-76.6582,34.7219],[-76.3357,34.8995],[-76.5482,34.9993],[-76.4425,35.404],[-76.1504,35.3472],[-75.8972,35.579],[-75.7538,35.6118],[-75.7218,35.8292],[-75.8529,35.98],[-76.1954,35.9936],[-75.9164,36.4027],[-76.0317,36.5503],[-76.0133,36.5502],[-75.9669,36.5498],[-75.9889,36.912],[-76.2689,36.9614],[-76.3785,37.2723],[-76.2445,37.4495],[-76.3565,37.5218],[-76.2479,37.9035],[-76.5306,38.0251],[-76.6146,38.1504],[-76.8818,38.177],[-77.0301,38.3077],[-77.249,38.3299],[-77.3266,38.4509],[-77.2299,38.6567],[-77.0478,38.7157],[-77.0683,38.9019],[-77.0229,38.8028],[-77.0456,38.7007],[-77.267,38.4941],[-77.0216,38.4614],[-76.9222,38.2916],[-76.3205,38.1388],[-76.512,38.5277],[-76.5517,38.7756],[-76.3985,39.0144],[-76.4245,39.3237],[-76.175,39.3162],[-76.1544,38.8953],[-76.3403,38.7284],[-76.1454,38.665],[-76.319,38.4739],[-76.2211,38.3439],[-75.8144,38.1352],[-75.6479,37.9657],[-75.8938,37.5627],[-75.8873,37.357],[-75.3774,38.0152],[-75.0839,38.4536],[-75.1663,38.7944],[-75.3938,39.0556],[-75.4344,39.3149],[-75.5879,39.4628],[-75.6052,39.6167],[-75.4245,39.8066],[-75.0236,40.0163],[-75.1442,39.8749],[-75.4402,39.777],[-75.5316,39.478],[-75.1593,39.1986],[-75.0267,39.2107],[-74.7457,39.0545],[-74.3588,39.5502],[-74.1676,39.6994],[-73.9724,40.3277],[-74.2827,40.4973],[-74.0319,40.7142],[-73.9071,40.9908],[-73.6429,41.0011],[-72.7794,41.2702],[-71.8604,41.3205],[-71.4977,41.3663],[-71.3556,41.7463],[-71.2369,41.7096],[-71.1219,41.513],[-70.5331,41.8162],[-70.631,42.0925],[-70.7838,42.2597],[-71.0384,42.3079],[-70.8614,42.5469],[-70.8143,42.8773],[-70.7441,43.0838],[-70.6601,43.0941],[-70.2391,43.7001],[-69.9858,43.8628],[-69.7873,43.7375],[-69.6494,43.8976],[-69.2634,43.9299],[-69.1188,44.0409],[-68.9866,44.4212],[-68.7562,44.3345],[-68.2698,44.4861],[-68.0975,44.3857],[-67.8996,44.4221],[-67.8066,44.5754],[-67.575,44.5535],[-67.2244,44.6442],[-66.9773,44.8155],[-67.176,45.1787],[-67.475,45.2824],[-67.45,45.6108],[-67.8001,45.6998],[-67.7728,45.8281],[-67.8052,47.0356],[-68.197,47.3414],[-68.9062,47.1902],[-69.0636,47.2908],[-69.2676,47.4398],[-70.0078,46.7041],[-70.0743,46.4195],[-70.1884,46.3584],[-70.3114,46.0719],[-70.2625,45.923],[-70.4074,45.7315],[-70.7228,45.4709],[-71.085,45.3043],[-71.3949,45.2415],[-71.5058,45.0137],[-73.3513,45.0046],[-74.713,44.9993],[-74.8685,45.0101],[-75.2702,44.8638],[-75.6997,44.5817],[-75.8703,44.4086],[-76.0673,44.348],[-76.4546,44.0842],[-76.8415,43.6255],[-78.6881,43.6318],[-79.1743,43.4645],[-79.0538,43.2604],[-79.0194,42.8027],[-79.763,42.5377],[-80.2466,42.3655],[-80.5202,42.3238],[-81.2767,42.2087],[-82.4249,41.6768],[-82.7111,41.6802],[-83.0684,41.8477],[-83.1309,41.938],[-83.1285,42.24],[-82.8001,42.418],[-82.5113,42.6467],[-82.4111,43.0513],[-82.1536,43.5496],[-82.2918,44.2422],[-82.5321,45.2935],[-82.5888,45.3718],[-83.484,45.7719],[-83.4659,45.9931],[-83.6139,46.1156],[-83.9473,46.0606],[-84.1588,46.4333],[-84.5894,46.4751],[-84.7733,46.6334],[-84.8787,46.8979],[-86.6371,47.6241],[-88.3473,48.2987],[-88.6427,48.2566],[-89.3404,47.9842],[-89.499,47.9951],[-89.9803,48.0101],[-90.1786,48.1164],[-90.7865,48.1005],[-90.9232,48.2271],[-91.4279,48.0364],[-91.6925,48.0979],[-92.0434,48.3346],[-92.3031,48.3109],[-92.6486,48.5363],[-93.2577,48.6303],[-93.7568,48.5165],[-93.8749,48.6362],[-94.5929,48.7264],[-94.7112,48.9146],[-94.8273,49.2929],[-95.1606,49.3695],[-95.1771,48.9927],[-97.2261,48.9927],[-98.694,48.9927],[-99.7931,48.9927],[-101.3643,48.9927],[-102.8704,48.9926],[-104.0476,48.9926],[-105.5082,48.9926],[-106.6072,48.9926],[-108.1458,48.9926],[-109.9993,48.9926],[-111.4429,48.9926],[-112.9816,48.9925],[-114.0638,48.9925],[-116.0482,48.9925],[-117.0382,48.9925],[-118.2571,48.9925],[-119.5759,48.9925],[-121.5542,48.9925],[-122.753,48.9925]]],[[[-71.9189,41.0649],[-72.1554,41.055],[-72.4571,40.9103],[-72.6061,40.9899],[-73.4857,40.9456],[-73.9086,40.7887],[-73.7073,40.5828],[-73.2333,40.7145],[-72.6053,40.8013],[-71.9189,41.0649]]],[[[-139.0602,60.0001],[-139.1832,60.1002],[-139.1016,60.3466],[-139.6283,60.3341],[-140.0158,60.1874],[-140.5337,60.2185],[-141.0012,60.3211],[-141.0018,61.6331],[-141.0026,63.3825],[-141.0031,64.5487],[-141.0036,65.5692],[-141.0042,66.5896],[-141.0047,67.7558],[-141.0056,69.6509],[-142.2709,69.856],[-142.6008,70.0131],[-143.2357,70.1182],[-144.9416,69.978],[-145.8802,70.175],[-147.1237,70.1675],[-148.3814,70.3125],[-149.3445,70.5101],[-150.5131,70.5039],[-151.1777,70.4487],[-151.9797,70.4487],[-152.4562,70.5559],[-152.5458,70.8875],[-153.3024,70.9287],[-154.5388,70.8262],[-154.5971,71.0005],[-155.1093,71.1504],[-155.5937,71.0697],[-155.9993,71.1945],[-156.8172,71.3063],[-157.2312,71.0714],[-158.043,70.8369],[-159.3568,70.7602],[-159.9479,70.6364],[-160.8607,70.3473],[-161.3422,70.2588],[-162.015,70.2773],[-162.5378,69.9567],[-162.9498,69.7905],[-163.1558,69.3594],[-163.6225,69.1192],[-164.3464,68.9294],[-165.6647,68.8616],[-166.2368,68.8748],[-166.24,68.5643],[-166.5482,68.3588],[-165.9281,68.1369],[-165.4372,68.0602],[-164.1515,67.6196],[-163.81,67.3352],[-163.6883,67.1032],[-162.4355,66.991],[-161.8352,67.055],[-161.8683,66.7063],[-161.3137,66.5353],[-160.881,66.6724],[-160.2192,66.5321],[-160.2491,66.4023],[-160.7848,66.3745],[-161.061,66.4862],[-161.6072,66.4539],[-162.0808,66.6662],[-162.015,66.7724],[-162.3271,66.9604],[-162.6387,66.8996],[-161.7446,66.4055],[-161.5712,66.258],[-161.9156,66.0424],[-162.6547,66.0385],[-163.6805,66.0786],[-163.8905,66.1676],[-163.9864,66.6123],[-164.7181,66.5563],[-165.3057,66.437],[-165.89,66.241],[-166.725,66.0613],[-167.0599,65.8776],[-167.3459,65.8986],[-168.081,65.5915],[-167.3986,65.4011],[-166.3101,65.3122],[-166.7495,65.062],[-166.3902,64.8985],[-166.4835,64.7296],[-166.1897,64.5852],[-165.0355,64.4483],[-164.3419,64.59],[-162.6072,64.5068],[-162.0809,64.7211],[-161.4222,64.7744],[-161.1826,64.9395],[-160.8847,64.8101],[-160.8032,64.6434],[-161.035,64.5078],[-160.7916,63.7465],[-161.1863,63.5056],[-162.087,63.4523],[-163.094,63.0574],[-163.3505,63.0308],[-163.7673,63.2248],[-164.1454,63.2622],[-164.5791,63.1406],[-164.8832,62.8415],[-164.8132,62.6202],[-165.133,62.5157],[-165.7056,62.1166],[-165.6091,61.8513],[-166.1999,61.5946],[-165.777,61.5158],[-165.9213,61.3994],[-165.6237,61.2805],[-165.6217,61.1435],[-165.0587,61.0629],[-165.129,60.9235],[-164.5644,60.8547],[-163.7659,60.8895],[-163.4243,60.7647],[-163.7944,60.5842],[-163.9556,60.7799],[-164.6691,60.8258],[-165.3143,60.5809],[-164.989,60.3414],[-164.2006,60.0343],[-164.0983,59.8337],[-163.6149,59.8008],[-163.0876,59.8591],[-162.5258,59.9975],[-162.3749,60.1763],[-161.7139,59.5014],[-161.9466,59.3878],[-161.9741,59.1314],[-161.7174,58.7548],[-161.3575,58.7262],[-160.3522,59.0707],[-160.2572,58.9119],[-159.7252,58.9104],[-159.385,58.7558],[-159.0513,58.4247],[-158.77,58.5185],[-158.7939,58.8164],[-158.4083,58.7701],[-158.1537,58.614],[-157.0845,58.8867],[-157.0619,58.7262],[-157.5027,58.4637],[-157.7088,57.7299],[-157.7097,57.5687],[-158.3124,57.3149],[-158.945,56.8429],[-159.4564,56.6293],[-159.7457,56.5793],[-160.3687,56.2768],[-160.5207,55.9352],[-160.8204,55.7392],[-161.1242,55.9612],[-161.8263,55.8799],[-162.227,55.6979],[-163.0411,55.0994],[-162.8776,54.939],[-162.4165,55.0979],[-162.2748,55.0196],[-161.9566,55.1257],[-161.7164,55.3933],[-161.6208,55.613],[-161.3887,55.5722],[-161.2792,55.3549],[-160.4775,55.4946],[-159.8304,55.8527],[-159.6252,55.8127],[-158.8594,56.0129],[-158.4836,56.0324],[-158.3183,56.1747],[-158.3551,56.4711],[-158.068,56.5119],[-157.9134,56.6539],[-157.1894,56.7763],[-156.7675,57.0118],[-156.5742,56.9832],[-156.346,57.1778],[-156.3389,57.4154],[-155.3944,57.7257],[-155.0687,57.8974],[-155.0231,58.0256],[-154.5831,58.025],[-154.1657,58.2168],[-153.8994,58.6167],[-153.4388,58.7336],[-153.3316,58.9338],[-153.7115,59.0707],[-154.1984,59.077],[-154.0764,59.3812],[-153.7247,59.4661],[-153.5732,59.6422],[-153.0553,59.7102],[-153.0212,59.8889],[-152.7379,59.9084],[-152.3401,60.4761],[-151.8407,60.7511],[-151.7469,60.9168],[-151.1548,61.0644],[-150.6336,61.2987],[-149.618,60.9946],[-150.0438,60.9168],[-150.4525,61.0342],[-151.0715,60.7853],[-151.4173,60.7182],[-151.2828,60.5371],[-151.4654,60.1877],[-151.706,60.0417],[-151.8829,59.7865],[-151.7469,59.6828],[-151.2733,59.56],[-151.894,59.4128],[-151.9772,59.2794],[-151.7415,59.1671],[-151.0925,59.2851],[-150.3262,59.476],[-149.7386,59.8909],[-149.3411,60.0224],[-148.5618,59.9571],[-148.402,59.9914],[-147.9419,60.4431],[-148.3065,60.8957],[-147.3646,60.8913],[-146.8155,61.0318],[-146.5115,60.8186],[-145.6918,60.6567],[-145.9388,60.4561],[-145.2359,60.3681],[-144.9145,60.3812],[-144.5711,60.1906],[-144.3476,60.2011],[-143.9186,59.997],[-142.7985,60.1124],[-141.9691,60.0281],[-141.7327,59.9631],[-141.3859,60.0348],[-141.2742,59.8492],[-140.8631,59.7456],[-140.3227,59.7012],[-139.6211,59.8903],[-139.4734,59.7176],[-139.857,59.5463],[-139.2059,59.3198],[-138.1849,59.0256],[-137.931,58.803],[-137.5185,58.5648],[-136.9794,58.4069],[-136.5984,58.223],[-136.0267,58.3881],[-136.2691,58.7641],[-136.0603,58.8259],[-135.8411,58.5284],[-135.0528,58.3093],[-135.2262,58.6123],[-135.1436,58.8339],[-134.7673,58.4003],[-134.498,58.3539],[-134.2416,58.2143],[-134.0677,58.2789],[-134.0597,58.0722],[-133.8612,57.9567],[-133.5729,57.7161],[-133.3915,57.3352],[-133.552,57.1815],[-133.093,57.0865],[-132.4795,56.7428],[-132.4769,56.6045],[-131.9713,56.3564],[-131.9435,56.0069],[-132.2615,55.7397],[-131.9614,55.501],[-131.7359,55.8867],[-131.4144,56.0102],[-131.1652,55.9406],[-130.8899,55.7153],[-130.8732,55.342],[-131.0576,55.1987],[-130.9342,54.8244],[-130.5803,54.8064],[-130.3654,54.9073],[-129.9892,55.284],[-130.1737,55.7495],[-130.0196,55.908],[-130.0715,56.0841],[-130.404,56.1219],[-130.4955,56.2324],[-131.1005,56.4077],[-131.5859,56.595],[-131.7991,56.5877],[-131.8716,56.7935],[-132.1074,56.8588],[-132.0319,57.0284],[-132.5524,57.4991],[-133.4631,58.4622],[-133.8712,58.7359],[-134.2222,58.8427],[-134.398,59.052],[-135.0958,59.4189],[-135.0162,59.5434],[-135.4828,59.7925],[-136.2585,59.6216],[-136.4676,59.4616],[-136.4665,59.2878],[-137.4231,58.9077],[-137.6114,59.2393],[-138.5992,59.7538],[-138.6921,59.8869],[-139.0602,60.0001]]],[[[-130.9619,55.5851],[-131.2803,55.9652],[-131.6706,55.8395],[-131.8103,55.4766],[-131.6615,55.3432],[-131.192,55.1857],[-131.0652,55.2611],[-130.9619,55.5851]]],[[[-132.5484,56.3044],[-132.6814,56.2292],[-132.3034,55.9154],[-132.0922,56.1064],[-132.5484,56.3044]]],[[[-131.9767,54.8315],[-131.9943,55.2681],[-132.4013,55.5168],[-132.3467,55.6431],[-132.7364,55.9966],[-133.0628,56.0523],[-133.1821,56.3323],[-133.5868,56.3529],[-133.6122,56.2123],[-133.2855,56.1674],[-133.2367,55.9003],[-133.3852,55.7093],[-133.0631,55.6235],[-133.213,55.2792],[-132.9596,55.2766],[-132.6086,55.1192],[-132.5794,54.9544],[-132.2648,54.8446],[-131.9767,54.8315]]],[[[-132.9596,56.788],[-132.7917,56.4969],[-132.5334,56.6003],[-132.8163,56.7973],[-132.9596,56.788]]],[[[-133.8847,56.4901],[-133.7057,56.6042],[-133.8012,56.777],[-134.1759,56.922],[-134.4086,56.8429],[-134.3576,56.6766],[-134.0674,56.4776],[-133.8847,56.4901]]],[[[-133.9127,57.0828],[-133.6966,56.832],[-133.6594,56.4642],[-133.1479,56.4621],[-132.9339,56.6416],[-132.9911,56.8084],[-132.9804,56.935],[-133.9127,57.0828]]],[[[-134.6215,56.7438],[-134.8083,57.1814],[-134.9948,57.3978],[-135.3812,57.5536],[-135.6732,57.3497],[-135.3103,57.0473],[-135.3675,56.8289],[-135.1547,56.7459],[-135.0528,56.5378],[-134.75,56.2174],[-134.6264,56.2615],[-134.6215,56.7438]]],[[[-152.1609,57.6271],[-152.4678,57.6572],[-152.4863,57.9107],[-153.2025,57.9462],[-153.1919,57.8052],[-153.9246,57.8105],[-153.754,57.562],[-154.2393,57.6733],[-154.6147,57.5266],[-154.81,57.3466],[-154.535,57.1746],[-154.5286,56.9916],[-153.9625,56.7482],[-153.5598,56.9865],[-153.2533,57.2367],[-152.6922,57.2833],[-152.591,57.4509],[-152.3303,57.446],[-152.1609,57.6271]]],[[[-135.848,57.3944],[-135.5463,57.4661],[-135.628,57.706],[-135.0569,57.4666],[-134.8139,57.4975],[-134.9425,57.8066],[-134.9248,58.0275],[-135.8135,58.2744],[-135.9823,58.1676],[-136.4053,58.1339],[-136.3948,57.8857],[-135.848,57.3944]]],[[[-134.354,57.0927],[-133.865,57.3551],[-133.9379,57.6186],[-134.3122,57.9794],[-134.1864,58.1684],[-134.6932,58.1684],[-134.7978,58.1128],[-134.6536,57.5982],[-134.4639,57.3944],[-134.6229,57.1108],[-134.354,57.0927]]],[[[-151.966,58.3328],[-152.4769,58.3615],[-153.0417,58.3056],[-153.2296,58.1689],[-152.8049,57.9915],[-151.966,58.3328]]],[[[-147.1072,60.2862],[-147.7031,59.9975],[-147.4903,59.9392],[-147.1072,60.2862]]],[[[-167.8575,53.3928],[-168.1998,53.5402],[-168.7595,53.1867],[-168.4899,53.0421],[-168.2876,53.243],[-167.8575,53.3928]]],[[[-166.2943,53.728],[-166.4558,53.8961],[-166.7539,54.016],[-167.1634,53.8574],[-166.9465,53.7158],[-167.1586,53.4771],[-166.6564,53.5024],[-166.2943,53.728]]],[[[173.3766,52.8305],[173.1272,52.9949],[172.6604,53.0086],[172.6404,52.8688],[172.9443,52.7498],[173.3766,52.8305]]],[[[-163.0738,54.6876],[-163.373,54.7927],[-163.5716,55.057],[-163.9167,55.0364],[-164.314,54.893],[-164.5474,54.8828],[-164.7007,54.6783],[-164.9582,54.5852],[-164.8453,54.4235],[-164.4056,54.436],[-164.1327,54.6232],[-163.6225,54.6118],[-163.0738,54.6876]]],[[[-165.5821,59.951],[-165.6844,60.2998],[-166.1854,60.4022],[-166.4592,60.3872],[-166.874,60.2106],[-167.2881,60.2387],[-167.1898,60.0278],[-166.6134,59.8564],[-166.244,59.8078],[-165.5821,59.951]]],[[[-168.7407,63.281],[-169.5495,63.3629],[-170.0386,63.5319],[-170.2974,63.6955],[-170.937,63.5717],[-171.5043,63.6533],[-171.8529,63.5212],[-171.4393,63.3198],[-170.8562,63.4604],[-170.4443,63.3592],[-169.7162,63.0248],[-169.2873,63.1933],[-168.8118,63.1701],[-168.7407,63.281]]],[[[-154.8996,19.567],[-155.0871,19.8604],[-155.3323,20.0467],[-155.8672,20.2631],[-155.8241,20.0201],[-156.0602,19.7312],[-155.8855,19.3342],[-155.8781,19.0291],[-155.6829,18.9329],[-155.5028,19.1377],[-155.2911,19.2595],[-154.9823,19.3392],[-154.8996,19.567]]],[[[-156.0017,20.8004],[-156.2983,20.9527],[-156.4817,20.9044],[-156.4077,20.5872],[-156.0031,20.6859],[-156.0017,20.8004]]],[[[-156.749,21.171],[-157.2598,21.2219],[-157.2731,21.0873],[-156.8696,21.0534],[-156.749,21.171]]],[[[-157.7068,21.352],[-157.9624,21.705],[-158.2276,21.483],[-158.0943,21.2936],[-157.795,21.2547],[-157.7068,21.352]]],[[[-159.3013,22.151],[-159.3997,22.2355],[-159.7165,22.1575],[-159.7598,21.9785],[-159.4373,21.8688],[-159.3013,22.151]]]]},"properties":{"iso":"USA","name":"Estados Unidos"}},{"type":"Feature","geometry":{"type":"Polygon","coordinates":[[[-37.1,-54.07],[-37.38,-53.98],[-37.69,-54.08],[-36.73,-54.47],[-36.51,-54.51],[-36.09,-54.87],[-35.8,-54.76],[-36.33,-54.25],[-36.7,-54.11],[-37.1,-54.07]]]},"properties":{"iso":"SGS","name":"Ilhas Geórgia do Sul e Sandwich do Sul"}},{"type":"Feature","geometry":{"type":"Polygon","coordinates":[[[72.49,-7.38],[72.49,-7.26],[72.45,-7.22],[72.47,-7.31],[72.47,-7.37],[72.49,-7.38]]]},"properties":{"iso":"IOT","name":"Território Britânico do Oceano Índico"}},{"type":"Feature","geometry":{"type":"Polygon","coordinates":[[[-5.69,-16],[-5.71,-15.91],[-5.78,-15.96],[-5.69,-16]]]},"properties":{"iso":"SHN","name":"Santa Helena"}},{"type":"Feature","geometry":{"type":"Polygon","coordinates":[[[-128.29,-24.4],[-128.3,-24.33],[-128.35,-24.34],[-128.32,-24.4],[-128.29,-24.4]]]},"properties":{"iso":"PCN","name":"Ilhas Pitcairn"}},{"type":"Feature","geometry":{"type":"Polygon","coordinates":[[[-63,18.22],[-63.03,18.27],[-63.15,18.2],[-63,18.22]]]},"properties":{"iso":"AIA","name":"Anguilla"}},{"type":"Feature","geometry":{"type":"MultiPolygon","coordinates":[[[[-58.85,-51.27],[-59.1,-51.49],[-59.06,-51.69],[-59.57,-51.93],[-59.65,-52.13],[-59.07,-52.17],[-58.65,-52.1],[-58.68,-51.94],[-57.84,-51.71],[-57.98,-51.38],[-58.47,-51.51],[-58.51,-51.31],[-58.85,-51.27]]],[[[-60.29,-51.46],[-60.24,-51.77],[-60.96,-52.06],[-60.69,-52.19],[-60.35,-52.14],[-60.25,-51.99],[-59.92,-51.97],[-59.27,-51.43],[-60.29,-51.46]]]]},"properties":{"iso":"FLK","name":"Ilhas Malvinas"}},{"type":"Feature","geometry":{"type":"Polygon","coordinates":[[[-81.37,19.35],[-81.3,19.27],[-81.13,19.35],[-81.28,19.36],[-81.37,19.35]]]},"properties":{"iso":"CYM","name":"Ilhas Caimão"}},{"type":"Feature","geometry":{"type":"Polygon","coordinates":[[[-64.73,32.29],[-64.69,32.39],[-64.82,32.26],[-64.73,32.29]]]},"properties":{"iso":"BMU","name":"Bermudas"}},{"type":"Feature","geometry":{"type":"Polygon","coordinates":[[[-64.4,18.46],[-64.32,18.52],[-64.43,18.51],[-64.4,18.46]]]},"properties":{"iso":"VGB","name":"Ilhas Virgens Britânicas"}},{"type":"Feature","geometry":{"type":"Polygon","coordinates":[[[-71.66,21.77],[-71.67,21.83],[-71.81,21.85],[-71.83,21.79],[-71.66,21.77]]]},"properties":{"iso":"TCA","name":"Turks e Caicos"}},{"type":"Feature","geometry":{"type":"Polygon","coordinates":[[[-62.15,16.74],[-62.22,16.75],[-62.22,16.7],[-62.15,16.68],[-62.15,16.74]]]},"properties":{"iso":"MSR","name":"Montserrat"}},{"type":"Feature","geometry":{"type":"Polygon","coordinates":[[[-2.02,49.23],[-2.22,49.27],[-2.24,49.18],[-2.02,49.23]]]},"properties":{"iso":"JEY","name":"Jersey"}},{"type":"Feature","geometry":{"type":"Polygon","coordinates":[[[-2.51,49.49],[-2.65,49.47],[-2.55,49.43],[-2.51,49.49]]]},"properties":{"iso":"GGY","name":"Guernsey"}},{"type":"Feature","geometry":{"type":"Polygon","coordinates":[[[-4.41,54.19],[-4.51,54.38],[-4.75,54.12],[-4.41,54.19]]]},"properties":{"iso":"IMN","name":"Ilha de Man"}},{"type":"Feature","geometry":{"type":"MultiPolygon","coordinates":[[[[-2.67,51.62],[-3.14,51.21],[-3.84,51.23],[-4.19,51.19],[-4.52,50.98],[-4.58,50.78],[-5.34,50.25],[-5.23,50.02],[-4.73,50.29],[-4.17,50.39],[-3.79,50.23],[-3.58,50.32],[-3.4,50.63],[-3,50.72],[-2.55,50.62],[-2.04,50.6],[-2.03,50.73],[-1.52,50.75],[-1.29,50.86],[-0.79,50.77],[-0.2,50.81],[0.21,50.76],[0.96,50.93],[1.4,51.18],[1.41,51.36],[0.69,51.39],[0.89,51.57],[0.96,51.81],[1.27,51.85],[1.56,52.09],[1.75,52.47],[1.66,52.75],[1.06,52.96],[0.56,52.97],[0.28,52.81],[0.05,52.91],[0.36,53.16],[-0.21,54.02],[-0.08,54.12],[-0.67,54.5],[-1.29,54.77],[-1.66,55.57],[-2.15,55.9],[-2.6,56.03],[-3.05,55.95],[-3.18,56.08],[-2.65,56.32],[-2.59,56.56],[-2.26,56.86],[-1.78,57.49],[-2.07,57.7],[-3.08,57.67],[-3.4,57.71],[-3.87,57.6],[-3.99,57.96],[-3.21,58.32],[-3.05,58.63],[-4.72,58.51],[-5.07,58.52],[-5.01,58.26],[-5.34,58.24],[-5.61,57.88],[-5.82,57.44],[-5.56,57.23],[-5.94,56.61],[-5.39,56.51],[-5.61,56.06],[-5.77,55.36],[-5.56,55.39],[-5.25,55.93],[-4.84,56.05],[-4.89,55.7],[-4.72,55.42],[-5.14,54.86],[-4.52,54.76],[-3.96,54.78],[-3.43,54.96],[-3.57,54.47],[-3.17,54.13],[-2.93,53.73],[-3.06,53.43],[-4.11,53.22],[-4.64,52.89],[-4.1,52.92],[-3.98,52.54],[-4.38,52.2],[-5.09,52],[-5.12,51.71],[-4.9,51.63],[-4.39,51.74],[-3.56,51.41],[-3.29,51.39],[-2.67,51.62]]],[[[-5.78,56.34],[-5.76,56.49],[-6.1,56.65],[-6.18,56.29],[-5.78,56.34]]],[[[-6.2,58.36],[-6.24,58.5],[-7.09,58.18],[-6.86,57.93],[-6.43,58.02],[-6.2,58.36]]],[[[-6.14,57.5],[-6.25,57.65],[-6.76,57.44],[-6.14,57.31],[-6.14,57.5]]],[[[-6.22,54.09],[-6.02,54.05],[-5.61,54.27],[-5.47,54.5],[-6.13,55.22],[-6.48,55.24],[-7.22,55.09],[-7.55,54.77],[-7.89,54.67],[-8.12,54.41],[-7.85,54.22],[-7.36,54.12],[-6.94,54.37],[-6.65,54.06],[-6.22,54.09]]]]},"properties":{"iso":"GBR","name":"Reino Unido"}},{"type":"Feature","geometry":{"type":"Polygon","coordinates":[[[56.3,25.65],[56.14,25.69],[56.08,26.06],[55.94,25.79],[55.52,25.5],[55.1,25.04],[54.75,24.81],[54.4,24.28],[53.89,24.08],[52.65,24.15],[52.25,24],[51.91,23.99],[51.77,24.25],[51.57,24.29],[51.59,24.08],[52.56,22.93],[53.83,22.78],[55.1,22.62],[55.19,22.7],[55.2,23.03],[55.51,23.72],[55.55,23.99],[55.99,24.06],[55.76,24.24],[55.8,24.87],[56.06,24.74],[56.39,24.98],[56.36,25.57],[56.3,25.65]]]},"properties":{"iso":"ARE","name":"Emirados Árabes Unidos"}},{"type":"Feature","geometry":{"type":"Polygon","coordinates":[[[38.21,47.09],[38.29,47.56],[38.72,47.71],[38.9,47.86],[39.74,47.84],[39.96,48.24],[39.69,49.01],[40.07,49.2],[40.03,49.6],[39.78,49.57],[39.17,49.86],[38.92,49.82],[38.26,50.05],[38.05,49.92],[37.7,50.11],[37.42,50.41],[36.76,50.29],[36.62,50.21],[35.89,50.44],[35.67,50.35],[35.41,50.54],[35.31,51.04],[35.06,51.2],[34.71,51.17],[34.28,51.31],[34.12,51.68],[34.4,51.78],[33.74,52.34],[33.15,52.34],[32.9,52.26],[32.51,52.31],[32.28,52.11],[31.76,52.1],[30.98,52.05],[30.67,51.81],[30.53,51.6],[30.63,51.36],[30.33,51.33],[30.16,51.48],[29.35,51.38],[29.14,51.62],[28.6,51.54],[28.18,51.61],[27.27,51.61],[27.14,51.75],[26.45,51.81],[25.93,51.91],[25.27,51.94],[24.36,51.87],[23.95,51.59],[23.61,51.52],[23.66,51.31],[24.11,50.84],[23.97,50.41],[23.71,50.38],[23.04,49.9],[22.65,49.54],[22.71,49.17],[22.54,49.07],[22.13,48.41],[22.88,47.95],[23.2,48.08],[24.18,47.91],[24.58,47.93],[24.89,47.72],[25.46,47.91],[26.16,47.99],[26.31,48.2],[26.62,48.26],[26.85,48.39],[27.23,48.37],[27.55,48.48],[27.82,48.42],[28.33,48.16],[28.77,48.12],[29.19,47.88],[29.16,47.46],[29.55,47.25],[29.57,46.96],[29.88,46.83],[29.92,46.54],[29.84,46.35],[29.15,46.53],[28.93,46.42],[28.95,46.05],[28.49,45.67],[28.47,45.51],[28.21,45.45],[28.45,45.29],[28.76,45.23],[29.22,45.4],[29.57,45.37],[29.71,45.26],[29.6,45.68],[30.22,45.87],[30.51,46.11],[30.8,46.55],[31.97,46.71],[32.36,46.47],[32.01,46.43],[32.04,46.26],[32.48,46.08],[33.2,46.18],[33.59,46.1],[33.66,46.22],[34.69,45.98],[35,45.73],[34.85,46.19],[35.23,46.44],[35.4,46.38],[35.83,46.62],[36.28,46.66],[37.34,46.92],[37.54,47.07],[38.21,47.09]]]},"properties":{"iso":"UKR","name":"Ucrânia"}},{"type":"Feature","geometry":{"type":"Polygon","coordinates":[[[33.9,-1],[33.94,0.17],[34.16,0.61],[34.41,0.87],[34.48,1.04],[34.79,1.23],[34.78,1.38],[34.97,1.64],[34.96,2.06],[34.74,2.82],[34.59,2.92],[34.45,3.16],[34.39,3.69],[34.17,3.81],[33.98,4.22],[33.49,3.76],[33.15,3.77],[33,3.88],[32.84,3.8],[32.34,3.71],[32.1,3.53],[31.8,3.8],[31.48,3.68],[31.15,3.79],[30.84,3.49],[30.91,3.41],[30.75,3.04],[30.85,2.85],[30.73,2.46],[31.18,2.27],[31.25,2.04],[30.94,1.68],[30.48,1.24],[30.32,1.19],[30.18,0.97],[29.94,0.82],[29.93,0.5],[29.72,0.1],[29.56,-0.98],[29.58,-1.39],[29.83,-1.34],[30.1,-1.37],[30.36,-1.07],[30.51,-1.07],[30.84,-1],[32.02,-1],[33.9,-1]]]},"properties":{"iso":"UGA","name":"Uganda"}},{"type":"Feature","geometry":{"type":"Polygon","coordinates":[[[55.98,41.32],[55.55,41.26],[55.25,41.46],[54.9,41.92],[54.68,42.08],[54.12,42.34],[53.25,42.21],[52.87,42.06],[52.49,41.78],[52.61,41.53],[52.83,41.34],[52.97,41.98],[53.16,42.09],[53.62,42.14],[53.85,42.09],[54.09,41.52],[54.59,41.19],[54.71,40.89],[54.32,40.83],[53.87,40.65],[53.62,40.82],[53.15,40.82],[52.94,41.04],[52.73,40.4],[52.74,40.22],[52.99,39.99],[53.4,39.96],[53.47,39.67],[53.24,39.61],[53.12,39.43],[53.62,39.22],[53.87,38.95],[53.82,37.93],[53.91,37.34],[54.19,37.33],[54.75,37.5],[54.85,37.72],[55.08,37.9],[55.58,38.1],[56.23,38.07],[56.44,38.25],[57.19,38.22],[57.42,37.95],[57.71,37.91],[58.44,37.64],[58.82,37.68],[59.24,37.52],[59.56,37.18],[60.06,36.96],[60.34,36.64],[61.12,36.64],[61.26,35.62],[61.54,35.46],[61.98,35.44],[62.25,35.25],[62.61,35.23],[63.06,35.45],[63.17,35.68],[63.11,35.82],[63.86,36.01],[64.51,36.34],[64.82,37.13],[65.09,37.24],[65.55,37.25],[65.77,37.57],[66.11,37.41],[66.52,37.35],[66.53,37.79],[66.63,37.93],[66.17,38.17],[65.86,38.27],[65.61,38.24],[64.66,38.74],[64.31,38.98],[64.16,38.95],[63.72,39.19],[63.51,39.38],[62.65,39.86],[62.44,40.04],[62.38,40.33],[62.1,40.68],[61.95,41.03],[61.5,41.28],[61.33,41.2],[60.75,41.25],[60.45,41.22],[60.09,41.4],[60.11,41.91],[60.01,42.19],[59.86,42.3],[59.45,42.3],[59.12,42.52],[58.88,42.56],[58.59,42.78],[58.26,42.69],[57.81,42.19],[57.38,42.16],[56.96,41.86],[57.02,41.26],[55.98,41.32]]]},"properties":{"iso":"TKM","name":"Turquemenistão"}},{"type":"Feature","geometry":{"type":"MultiPolygon","coordinates":[[[[41.51,41.52],[40.96,41.21],[40.27,40.96],[39.81,40.98],[39.43,41.11],[38.38,40.92],[37.77,41.08],[37.07,41.18],[36.78,41.36],[36.51,41.26],[36.18,41.43],[36.05,41.68],[35.56,41.63],[35.3,41.73],[35.01,42.06],[34.75,41.96],[33.38,42.02],[32.31,41.73],[32.09,41.59],[31.46,41.32],[31.25,41.11],[30.81,41.08],[30.34,41.2],[29.92,41.15],[29.32,41.23],[29.09,41.18],[29.05,41.01],[29.36,40.81],[28.79,40.53],[29.01,40.39],[28.29,40.4],[27.48,40.32],[27.28,40.46],[26.74,40.4],[26.31,40.03],[26.18,39.99],[26.11,39.47],[26.83,39.56],[26.68,39.29],[27.01,38.89],[26.76,38.71],[26.86,38.37],[26.43,38.44],[26.29,38.28],[26.68,38.2],[27.23,37.98],[27.22,37.73],[27.08,37.69],[27.22,37.39],[27.52,37.25],[27.35,37.02],[28.13,37.03],[27.8,36.74],[28.48,36.8],[28.72,36.7],[29.04,36.69],[29.14,36.4],[29.35,36.26],[29.69,36.16],[30.23,36.31],[30.48,36.31],[30.64,36.87],[31.35,36.8],[32.02,36.54],[32.38,36.18],[32.79,36.04],[33.69,36.18],[34.02,36.34],[34.3,36.6],[34.6,36.78],[34.81,36.8],[35.18,36.63],[35.54,36.6],[36.05,36.91],[36.19,36.66],[35.81,36.31],[35.96,36],[35.89,35.92],[36.13,35.83],[36.35,36],[36.38,36.17],[36.64,36.26],[36.54,36.46],[36.66,36.8],[37.07,36.65],[37.44,36.64],[38.19,36.9],[38.44,36.86],[38.77,36.69],[39.36,36.68],[40.02,36.83],[40.71,37.1],[41.52,37.09],[42.27,37.28],[42.36,37.11],[42.77,37.37],[43.09,37.37],[43.52,37.24],[43.84,37.22],[44.01,37.31],[44.21,37.2],[44.28,36.98],[44.61,37.18],[44.77,37.14],[44.79,37.29],[44.57,37.44],[44.56,37.74],[44.21,37.91],[44.43,38.36],[44.29,38.42],[44.27,38.84],[44.02,39.38],[44.39,39.42],[44.59,39.77],[44.82,39.65],[44.77,39.7],[44.29,40.04],[43.79,40.07],[43.57,40.48],[43.72,40.72],[43.44,41.11],[42.79,41.56],[42.47,41.44],[41.51,41.52]]],[[[28.01,41.97],[27.53,41.92],[27.29,42.08],[26.62,41.96],[26.32,41.72],[26.58,41.6],[26.62,41.4],[26.33,41.24],[26.33,40.95],[26.04,40.73],[26.11,40.61],[26.79,40.63],[26.25,40.31],[26.33,40.12],[26.77,40.5],[27.26,40.69],[27.5,40.97],[27.93,40.99],[28.17,41.08],[28.78,40.97],[28.96,41.01],[29.06,41.23],[28.35,41.47],[27.99,41.85],[28.01,41.97]]]]},"properties":{"iso":"TUR","name":"Turquia"}},{"type":"Feature","geometry":{"type":"Polygon","coordinates":[[[11.5,33.18],[11.2,33.25],[11.08,33.56],[10.72,33.51],[10.71,33.69],[10.45,33.66],[10.16,33.85],[10.05,34.06],[10.2,34.35],[10.53,34.54],[10.87,34.88],[11.12,35.24],[11,35.63],[10.59,35.89],[10.48,36.18],[10.53,36.32],[10.8,36.49],[11.13,36.87],[11.05,37.07],[10.57,36.88],[10.41,36.73],[10.19,37.03],[10.2,37.21],[9.69,37.34],[9.14,37.19],[8.82,37],[8.58,36.94],[8.23,36.55],[8.35,36.37],[8.25,35.87],[8.39,35.2],[8.25,34.73],[8.12,34.56],[7.84,34.41],[7.51,34.08],[7.5,33.83],[7.76,33.23],[8.08,33.09],[8.21,32.93],[8.33,32.54],[9.04,32.07],[9.52,30.23],[9.9,30.39],[10.22,30.78],[10.24,31.03],[10.11,31.46],[10.31,31.7],[10.48,31.74],[10.83,32.08],[11.5,32.41],[11.45,32.64],[11.5,33.18]]]},"properties":{"iso":"TUN","name":"Tunísia"}},{"type":"Feature","geometry":{"type":"MultiPolygon","coordinates":[[[[-61.3526,10.8041],[-61.4901,10.7546],[-61.5491,10.6671],[-61.4957,10.6356],[-61.4622,10.5381],[-61.4623,10.5226],[-61.4596,10.3097],[-61.4899,10.2493],[-61.5208,10.2402],[-61.6393,10.2101],[-61.7074,10.1659],[-61.637,10.0578],[-61.5041,10.0695],[-61.3791,10.0728],[-61.1777,10.0752],[-60.996,10.1383],[-61.0384,10.4637],[-61.0327,10.6835],[-61.1716,10.8039],[-61.3526,10.8041]]],[[[-60.6547,11.308],[-60.7943,11.2166],[-60.8033,11.1433],[-60.6471,11.2042],[-60.533,11.2665],[-60.5231,11.3437],[-60.6547,11.308]]]]},"properties":{"iso":"TTO","name":"Trinidad e Tobago"}},{"type":"Feature","geometry":{"type":"Polygon","coordinates":[[[-175.16,-21.17],[-175.23,-21.12],[-175.34,-21.16],[-175.16,-21.26],[-175.16,-21.17]]]},"properties":{"iso":"TON","name":"Tonga"}},{"type":"Feature","geometry":{"type":"Polygon","coordinates":[[[0.9,10.99],[0.48,10.99],[-0.07,11.12],[0.01,11.02],[-0.06,10.63],[0.36,10.24],[0.32,9.69],[0.26,9.5],[0.53,9.36],[0.47,9.12],[0.49,8.85],[0.42,8.65],[0.62,8.48],[0.69,8.3],[0.58,8.15],[0.61,7.73],[0.5,7.55],[0.63,7.35],[0.53,6.85],[0.74,6.45],[0.98,6.32],[1.19,6.09],[1.62,6.22],[1.78,6.29],[1.58,6.69],[1.62,7],[1.62,8.27],[1.6,9.05],[1.42,9.29],[1.35,9.57],[1.33,10],[0.78,10.36],[0.79,10.71],[0.9,10.99]]]},"properties":{"iso":"TGO","name":"Togo"}},{"type":"Feature","geometry":{"type":"MultiPolygon","coordinates":[[[[125.07,-9.51],[125.41,-9.28],[126.16,-9],[126.38,-8.96],[126.67,-8.78],[126.92,-8.72],[127.3,-8.42],[126.97,-8.32],[126.62,-8.46],[125.8,-8.49],[125.18,-8.65],[124.92,-8.94],[124.97,-9.29],[125.07,-9.51]]],[[[124.04,-9.34],[124.28,-9.43],[124.44,-9.19],[124.04,-9.34]]]]},"properties":{"iso":"TLS","name":"Timor-Leste"}},{"type":"Feature","geometry":{"type":"Polygon","coordinates":[[[100.12,20.32],[99.89,20.42],[99.64,20.32],[99.34,20.08],[99.02,20.04],[98.92,19.77],[98.24,19.69],[98.11,19.76],[97.82,19.46],[97.8,19.13],[97.71,18.93],[97.75,18.62],[97.48,18.49],[97.72,18.04],[97.79,17.68],[98.44,16.98],[98.48,16.73],[98.69,16.31],[98.82,16.18],[98.59,16.05],[98.57,15.4],[98.19,15.2],[98.25,14.81],[98.57,14.36],[98.93,14.05],[99.14,13.72],[99.18,13.23],[99.11,13.1],[99.22,12.74],[99.41,12.55],[99.46,12.19],[99.61,11.78],[99.19,11.11],[98.76,10.66],[98.7,10.19],[98.37,9.29],[98.24,8.77],[98.24,8.42],[98.42,8.18],[98.58,8.34],[98.79,8.06],[99.05,7.89],[99.3,7.56],[99.36,7.37],[99.53,7.33],[99.72,7.11],[99.7,6.88],[99.87,6.75],[100.12,6.44],[100.35,6.55],[100.79,6.43],[100.87,6.25],[101.05,6.24],[101.08,5.96],[100.98,5.77],[101.11,5.64],[101.26,5.79],[101.56,5.91],[101.65,5.8],[101.87,5.83],[102.1,6.24],[101.8,6.47],[101.5,6.87],[101.3,6.91],[101.02,6.86],[100.59,7.18],[100.42,7.19],[100.45,7.44],[100.28,8.27],[99.96,8.67],[99.9,9.11],[99.72,9.31],[99.39,9.21],[99.16,9.73],[99.17,10.32],[99.49,10.89],[99.63,11.46],[99.99,12.17],[99.96,12.69],[100.09,13.05],[100.02,13.35],[100.24,13.48],[100.66,13.52],[100.96,13.43],[100.86,12.71],[101.44,12.62],[101.72,12.69],[102.03,12.53],[102.54,12.11],[102.76,12.01],[102.93,11.71],[102.74,12.09],[102.76,12.43],[102.5,12.67],[102.46,13.02],[102.33,13.29],[102.32,13.54],[102.73,13.84],[102.91,14.14],[103.2,14.33],[103.6,14.42],[103.82,14.36],[104.41,14.37],[104.78,14.43],[105.18,14.35],[105.48,14.53],[105.55,14.93],[105.51,15.36],[105.62,15.7],[105.37,15.89],[105.41,15.99],[105.05,16.16],[104.75,16.65],[104.76,17.08],[104.82,17.3],[104.74,17.46],[104.43,17.7],[103.95,18.32],[103.37,18.42],[103.15,18.22],[103.05,18.03],[102.72,17.89],[102.35,18.05],[102.1,18.21],[101.77,18.03],[101.69,17.89],[101.11,17.48],[100.91,17.58],[101.11,18.03],[101.14,18.29],[101.05,18.41],[101.29,18.98],[101.15,19.58],[100.97,19.61],[100.63,19.5],[100.4,19.76],[100.54,20.09],[100.32,20.39],[100.12,20.32]]]},"properties":{"iso":"THA","name":"Tailândia"}},{"type":"Feature","geometry":{"type":"MultiPolygon","coordinates":[[[[39.5,-6.17],[39.37,-5.95],[39.19,-5.93],[39.24,-6.27],[39.5,-6.17]]],[[[32.92,-9.41],[33.33,-9.52],[33.42,-9.61],[33.7,-9.6],[33.94,-9.67],[34,-9.5],[34.32,-9.73],[34.52,-10.03],[34.58,-10.53],[34.66,-10.71],[34.6,-11.04],[34.96,-11.58],[35.63,-11.58],[35.79,-11.45],[36.08,-11.54],[36.19,-11.67],[36.52,-11.72],[36.98,-11.57],[37.22,-11.69],[37.54,-11.68],[37.83,-11.48],[37.92,-11.29],[38.18,-11.28],[38.49,-11.41],[38.79,-11.23],[39.32,-11.12],[39.56,-10.98],[39.99,-10.82],[40.46,-10.46],[40.08,-10.16],[39.98,-10.16],[39.78,-9.91],[39.63,-9.41],[39.64,-9.19],[39.45,-8.94],[39.3,-8.44],[39.44,-8.01],[39.29,-7.52],[39.52,-7.12],[39.47,-6.88],[38.87,-6.33],[38.82,-5.88],[38.98,-5.52],[39.22,-4.69],[37.8,-3.67],[37.61,-3.46],[37.69,-3.25],[37.64,-3.05],[35.84,-2.04],[34.98,-1.56],[33.98,-1],[33.9,-1],[32.02,-1],[30.84,-1],[30.51,-1.07],[30.47,-1.13],[30.81,-1.56],[30.83,-2.34],[30.55,-2.4],[30.42,-2.64],[30.52,-2.92],[30.78,-2.98],[30.79,-3.27],[30.43,-3.59],[30.15,-4.09],[29.95,-4.31],[29.72,-4.46],[29.4,-4.45],[29.34,-4.98],[29.59,-5.65],[29.48,-6.02],[29.54,-6.31],[29.71,-6.62],[30.11,-6.92],[30.31,-7.2],[30.75,-8.19],[30.83,-8.39],[31.08,-8.61],[31.35,-8.61],[31.67,-8.91],[31.94,-9.05],[32.43,-9.16],[32.92,-9.41]]]]},"properties":{"iso":"TZA","name":"Tanzânia"}},{"type":"Feature","geometry":{"type":"Polygon","coordinates":[[[67.76,37.17],[68.07,36.95],[68.67,37.26],[68.96,37.33],[69.26,37.11],[69.41,37.21],[69.49,37.55],[70.25,37.66],[70.21,37.92],[70.62,38.33],[70.88,38.46],[71.26,38.31],[71.28,37.92],[71.55,37.93],[71.43,37.13],[71.6,36.73],[71.8,36.69],[72.36,36.98],[72.66,37.03],[72.9,37.27],[73.48,37.47],[73.72,37.42],[73.75,37.23],[74.26,37.42],[74.66,37.39],[74.89,37.23],[75.12,37.39],[74.89,37.6],[74.94,37.77],[74.79,38.1],[74.84,38.4],[74.75,38.51],[74.28,38.66],[74.03,38.54],[73.8,38.61],[73.7,38.85],[73.8,39],[73.61,39.23],[73.63,39.45],[73.23,39.37],[72.04,39.35],[71.73,39.42],[71.4,39.6],[70.73,39.41],[70.61,39.56],[69.6,39.57],[69.3,39.52],[69.23,39.76],[69.53,40.1],[69.97,40.2],[70.45,40.05],[70.96,40.24],[70.65,40.2],[70.38,40.45],[70.75,40.74],[70.44,41.02],[70.29,40.89],[69.71,40.66],[69.41,40.8],[69.21,40.57],[69.3,40.33],[69.23,40.19],[68.65,40.18],[68.87,39.91],[68.64,39.84],[68.46,39.54],[67.72,39.62],[67.43,39.47],[67.35,39.24],[67.62,39.15],[67.68,39.01],[68.1,38.96],[68.05,38.67],[68.14,38.38],[68.33,38.24],[68.29,38.03],[67.81,37.49],[67.76,37.17]]]},"properties":{"iso":"TJK","name":"Tajiquistão"}},{"type":"Feature","geometry":{"type":"Polygon","coordinates":[[[121.01,22.62],[121.3,22.97],[121.48,23.42],[121.64,24.13],[121.83,24.53],[121.82,24.82],[121.93,24.97],[121.59,25.28],[121.04,25.03],[120.63,24.48],[120.16,23.71],[120.07,23.15],[120.33,22.54],[120.58,22.36],[120.69,22.03],[120.84,21.93],[120.9,22.38],[121.01,22.62]]]},"properties":{"iso":"TWN","name":"Taiwan"}},{"type":"Feature","geometry":{"type":"Polygon","coordinates":[[[35.89,35.92],[35.76,35.57],[35.94,35.22],[35.9,34.85],[35.98,34.63],[36.43,34.61],[36.58,34.22],[36.28,33.89],[35.94,33.67],[35.87,33.43],[35.84,33.42],[35.82,33.36],[35.89,32.94],[35.79,32.73],[36.37,32.39],[36.82,32.32],[38.77,33.37],[40.69,34.33],[40.99,34.43],[41.19,34.77],[41.22,35.29],[41.35,35.64],[41.25,36.07],[41.3,36.38],[41.42,36.51],[41.79,36.6],[42.36,37.11],[42.27,37.28],[41.52,37.09],[40.71,37.1],[40.02,36.83],[39.36,36.68],[38.77,36.69],[38.44,36.86],[38.19,36.9],[37.44,36.64],[37.07,36.65],[36.66,36.8],[36.54,36.46],[36.64,36.26],[36.38,36.17],[36.35,36],[36.13,35.83],[35.89,35.92]]]},"properties":{"iso":"SYR","name":"Síria"}},{"type":"Feature","geometry":{"type":"Polygon","coordinates":[[[9.52,47.52],[9.18,47.67],[8.88,47.66],[8.62,47.77],[8.2,47.61],[7.62,47.59],[7.42,47.46],[7,47.32],[6.06,46.43],[6.09,46.15],[6.43,46.43],[6.76,46.42],[6.77,46.17],[7.02,45.93],[7.99,46.02],[8.08,46.26],[8.37,46.45],[8.46,46.25],[8.95,45.83],[9.02,46.05],[9.25,46.29],[9.94,46.36],[10.09,46.6],[10.43,46.55],[10.45,46.86],[10,46.89],[9.58,47.06],[9.49,47.06],[9.53,47.27],[9.52,47.52]]]},"properties":{"iso":"CHE","name":"Suíça"}},{"type":"Feature","geometry":{"type":"MultiPolygon","coordinates":[[[[19.08,57.84],[18.54,57.83],[18.14,57.56],[18.11,57.27],[18.29,57.08],[18.7,57.24],[18.81,57.71],[19.08,57.84]]],[[[11.39,59.04],[11.15,58.99],[11.27,58.48],[11.45,58.12],[11.7,57.97],[11.73,57.72],[12.42,56.91],[12.88,56.62],[12.8,56.26],[12.59,56.14],[12.98,55.69],[12.89,55.41],[13.32,55.35],[13.81,55.43],[14.17,55.4],[14.34,55.53],[14.22,55.83],[14.78,56.16],[15.33,56.15],[16,56.22],[16.35,56.71],[16.53,57.07],[16.48,57.27],[16.65,57.5],[16.56,57.81],[16.77,58.21],[16.65,58.43],[17.46,58.86],[18.29,59.11],[18.51,59.41],[18.97,59.76],[18.93,59.94],[18.56,60.25],[17.96,60.59],[17.25,60.7],[17.13,61.58],[17.42,61.74],[17.56,62.21],[17.37,62.43],[17.83,62.5],[17.9,62.83],[18.46,62.9],[18.61,63.18],[19.03,63.24],[19.35,63.48],[19.72,63.46],[20.76,63.87],[21.02,64.18],[21.47,64.38],[21.14,64.81],[21.57,65.13],[21.57,65.41],[22.25,65.6],[22.37,65.84],[22.75,65.87],[23.1,65.74],[23.69,65.83],[24.16,65.81],[23.7,66.48],[23.99,66.81],[23.47,67.45],[23.64,67.95],[22.78,68.39],[22,68.52],[20.62,69.04],[19.97,68.54],[19.97,68.36],[18.38,68.56],[17.92,67.96],[17.32,68.1],[16.78,67.9],[16.59,67.63],[16.13,67.43],[16.4,67.05],[15.42,66.49],[15.48,66.31],[14.54,66.13],[14.64,65.85],[14.48,65.3],[13.65,64.58],[14.08,64.46],[14.14,64.17],[13.96,64.01],[13.3,64.07],[12.66,63.94],[12.18,63.6],[12,63.29],[12.22,63],[12.11,62.59],[12.3,62.29],[12.16,61.72],[12.88,61.35],[12.68,61.05],[12.29,61],[12.59,60.45],[12.49,60.11],[11.93,59.86],[11.68,59.59],[11.8,59.29],[11.64,58.93],[11.39,59.04]]]]},"properties":{"iso":"SWE","name":"Suécia"}},{"type":"Feature","geometry":{"type":"Polygon","coordinates":[[[31.95,-25.96],[31.87,-25.98],[31.42,-25.75],[31.21,-25.84],[30.8,-26.41],[30.79,-26.76],[31.06,-27.11],[31.47,-27.3],[31.96,-27.31],[31.99,-26.82],[32.11,-26.84],[32.04,-26.28],[32.06,-26.02],[31.95,-25.96]]]},"properties":{"iso":"SWZ","name":"Essuatíni"}},{"type":"Feature","geometry":{"type":"Polygon","coordinates":[[[-56.4818,1.9416],[-56.0197,1.8335],[-55.9258,2.0617],[-56.1168,2.3331],[-55.9892,2.5208],[-55.7243,2.3969],[-55.3996,2.4302],[-55.3545,2.4949],[-55.0177,2.5906],[-54.8803,2.4473],[-54.7032,2.4458],[-54.5203,2.3489],[-54.3594,2.508],[-54.2125,2.7764],[-54.1905,3.1781],[-54.003,3.4554],[-53.9888,3.611],[-54.1874,3.8147],[-54.3552,4.0665],[-54.4508,4.4842],[-54.4821,4.9128],[-54.3207,5.2125],[-54.0736,5.4898],[-53.9864,5.7457],[-54.0367,5.8424],[-54.7049,5.9748],[-55.0139,5.9934],[-55.1286,5.8214],[-55.2298,5.9024],[-55.2532,5.9178],[-55.395,5.9739],[-55.8861,5.963],[-55.8972,5.6767],[-55.8977,5.763],[-56.3038,5.8925],[-56.6037,5.9503],[-56.9565,6.0116],[-57.1258,5.8181],[-57.1637,5.5571],[-57.2477,5.4849],[-57.2325,5.2606],[-57.3152,5.0261],[-57.7205,4.9898],[-57.9185,4.8298],[-57.8374,4.6509],[-58.0677,4.1511],[-58.0321,3.9877],[-57.8298,3.6624],[-57.644,3.5167],[-57.5651,3.3498],[-57.2836,3.3438],[-57.2749,3.1343],[-57.1746,2.819],[-56.7052,2.0296],[-56.4818,1.9416]]]},"properties":{"iso":"SUR","name":"Suriname"}},{"type":"Feature","geometry":{"type":"Polygon","coordinates":[[[33.98,4.22],[35.27,5.49],[35.08,5.67],[34.71,6.66],[34.48,6.9],[34.28,7],[34.06,7.23],[33.9,7.51],[33.67,7.67],[33.23,7.76],[33.01,7.95],[33.23,8.4],[33.41,8.45],[33.95,8.44],[34.09,8.58],[34.08,9.46],[33.89,9.46],[33.96,9.85],[33.89,10.2],[33.17,10.85],[33.07,11.59],[33.2,12.22],[32.72,12.22],[32.74,12.01],[32.07,12.01],[32.34,11.72],[32.4,11.06],[31.93,10.66],[31.65,10.22],[31.22,9.8],[30.74,9.74],[30.47,9.98],[30,10.28],[29.61,10.07],[29.47,9.77],[29,9.61],[28.84,9.33],[28.05,9.33],[27.89,9.6],[27.07,9.61],[26.76,9.5],[26.55,9.53],[26.17,9.97],[25.89,10.2],[25.8,10.42],[25.07,10.29],[25,10.06],[24.79,9.77],[24.78,9.53],[24.66,9.34],[24.53,8.89],[24.21,8.77],[24.15,8.67],[24.29,8.29],[24.85,8.14],[25.25,7.72],[25.19,7.52],[25.38,7.33],[25.89,7.06],[26.36,6.64],[26.31,6.46],[26.51,6.07],[26.73,6],[27.08,5.78],[27.21,5.62],[27.26,5.29],[27.4,5.11],[27.79,4.64],[28.19,4.35],[28.43,4.32],[28.73,4.5],[29.15,4.39],[29.47,4.61],[29.68,4.59],[30.19,3.98],[30.51,3.84],[30.56,3.65],[30.84,3.49],[31.15,3.79],[31.48,3.68],[31.8,3.8],[32.1,3.53],[32.34,3.71],[32.84,3.8],[33,3.88],[33.15,3.77],[33.49,3.76],[33.98,4.22]]]},"properties":{"iso":"SDS","name":"Sudão do Sul"}},{"type":"Feature","geometry":{"type":"Polygon","coordinates":[[[34.08,9.46],[34.12,9.73],[34.29,10.12],[34.28,10.53],[34.43,10.79],[34.57,10.88],[34.77,10.75],[34.93,10.86],[34.96,11.28],[35.11,11.82],[35.25,11.96],[35.6,12.54],[35.82,12.68],[36.11,12.73],[36.21,13.27],[36.39,13.63],[36.52,14.26],[36.43,15.13],[36.52,15.25],[36.68,15.73],[36.91,16.3],[36.89,16.62],[37.01,17.06],[37.41,17.06],[37.51,17.29],[37.78,17.46],[38.25,17.58],[38.61,18.01],[38.2,18.25],[37.92,18.56],[37.47,18.82],[37.36,19.09],[37.25,19.58],[37.19,20.12],[37.23,20.56],[37.15,21.1],[37.21,21.19],[36.93,21.59],[36.87,22],[35.89,22],[34.57,22],[32.61,22],[31.43,22],[29.56,22],[28.04,22],[26.13,22],[24.98,22],[24.98,20],[23.98,20],[23.98,19.5],[23.98,18.16],[23.98,17.27],[23.98,15.78],[23.11,15.7],[22.93,15.53],[22.93,15.16],[22.76,15],[22.67,14.72],[22.38,14.55],[22.51,14.13],[22.17,13.91],[22.11,13.73],[22.23,13.33],[21.99,13.11],[21.83,12.79],[22,12.67],[22.35,12.66],[22.49,12.04],[22.58,11.99],[22.56,11.67],[22.64,11.52],[22.92,11.34],[22.86,10.92],[23.31,10.39],[23.65,9.82],[23.62,9.34],[23.47,9.11],[23.54,8.82],[23.68,8.73],[24.15,8.67],[24.21,8.77],[24.53,8.89],[24.66,9.34],[24.78,9.53],[24.79,9.77],[25,10.06],[25.07,10.29],[25.8,10.42],[25.89,10.2],[26.17,9.97],[26.55,9.53],[26.76,9.5],[27.07,9.61],[27.89,9.6],[28.05,9.33],[28.84,9.33],[29,9.61],[29.47,9.77],[29.61,10.07],[30,10.28],[30.47,9.98],[30.74,9.74],[31.22,9.8],[31.65,10.22],[31.93,10.66],[32.4,11.06],[32.34,11.72],[32.07,12.01],[32.74,12.01],[32.72,12.22],[33.2,12.22],[33.07,11.59],[33.17,10.85],[33.89,10.2],[33.96,9.85],[33.89,9.46],[34.08,9.46]]]},"properties":{"iso":"SDN","name":"Sudão"}},{"type":"Feature","geometry":{"type":"Polygon","coordinates":[[[79.98,9.81],[80.12,9.33],[79.93,8.9],[79.94,8.69],[79.85,8.41],[79.81,8.05],[79.71,8.07],[79.79,7.59],[79.86,6.83],[80.1,6.15],[80.27,6.01],[80.72,5.98],[81.38,6.24],[81.64,6.43],[81.86,6.9],[81.87,7.29],[81.67,7.78],[81.44,8.12],[81.37,8.43],[80.71,9.37],[80.25,9.8],[79.98,9.81]]]},"properties":{"iso":"LKA","name":"Sri Lanka"}},{"type":"Feature","geometry":{"type":"MultiPolygon","coordinates":[[[[3.15,39.79],[3.16,39.97],[2.78,39.85],[2.37,39.61],[2.63,39.56],[2.77,39.41],[3.07,39.3],[3.24,39.39],[3.46,39.7],[3.15,39.79]]],[[[-1.79,43.41],[-2.34,43.33],[-2.88,43.45],[-3.05,43.37],[-3.6,43.52],[-4.52,43.42],[-5.67,43.58],[-7.26,43.59],[-7.7,43.76],[-8.26,43.58],[-8.25,43.44],[-8.54,43.34],[-8.87,43.33],[-9.18,43.17],[-9.24,42.98],[-9.04,42.81],[-8.99,42.59],[-8.69,42.27],[-8.89,42.11],[-8.78,41.94],[-8.21,42.13],[-8.15,41.81],[-7.92,41.88],[-7.4,41.83],[-7.03,41.95],[-6.62,41.94],[-6.54,41.67],[-6.21,41.53],[-6.93,41.01],[-6.82,40.65],[-6.81,40.34],[-7.01,40.21],[-6.9,40.02],[-7.04,39.71],[-7.45,39.68],[-7.45,39.54],[-7.05,38.91],[-7.28,38.71],[-7.34,38.46],[-7.02,38.04],[-7.19,38.01],[-7.5,37.59],[-7.41,37.18],[-6.88,37.19],[-6.49,36.95],[-6.38,36.64],[-6.27,36.6],[-6.04,36.19],[-5.63,36.03],[-5.36,36.13],[-5.17,36.42],[-4.67,36.51],[-4.37,36.72],[-3.83,36.76],[-3.43,36.71],[-3.26,36.76],[-2.79,36.71],[-2.6,36.81],[-2.11,36.78],[-1.8,37.23],[-1.33,37.56],[-0.82,37.58],[-0.65,38.15],[-0.38,38.44],[0.2,38.76],[-0.2,39.06],[-0.33,39.52],[-0.08,39.88],[0.36,40.32],[0.71,40.82],[1.03,41.06],[2.08,41.29],[2.31,41.47],[3,41.77],[3.25,41.94],[3.21,42.43],[2.97,42.47],[2.57,42.35],[2.2,42.42],[2.03,42.35],[1.71,42.5],[1.49,42.43],[1.43,42.6],[1.35,42.69],[0.7,42.85],[0.63,42.69],[-0.04,42.69],[-0.3,42.83],[-0.59,42.8],[-0.76,42.94],[-1.29,43.06],[-1.41,43.24],[-1.79,43.41]]],[[[-16.33,28.38],[-16.52,28.41],[-16.91,28.34],[-16.66,28.01],[-16.42,28.15],[-16.33,28.38]]],[[[-14.2,28.17],[-13.93,28.25],[-13.83,28.59],[-14,28.71],[-14.2,28.17]]],[[[-15.4,28.15],[-15.68,28.15],[-15.81,27.99],[-15.71,27.78],[-15.39,27.87],[-15.4,28.15]]],[[[-17.83,28.49],[-17.74,28.79],[-18,28.76],[-17.83,28.49]]]]},"properties":{"iso":"ESP","name":"Espanha"}},{"type":"Feature","geometry":{"type":"MultiPolygon","coordinates":[[[[126.63,37.78],[126.56,37.72],[126.75,37.19],[126.58,37.02],[126.22,36.87],[126.55,36.48],[126.54,36.17],[126.69,36.01],[126.72,35.77],[126.49,35.65],[126.49,35.5],[126.29,35.15],[126.4,34.93],[126.51,34.35],[127.03,34.61],[127.32,34.46],[127.39,34.74],[127.71,34.95],[128.44,34.87],[128.51,35.1],[128.98,35.1],[129.21,35.18],[129.42,35.5],[129.56,35.95],[129.4,36.05],[129.39,36.32],[129.47,36.74],[129.34,37.27],[129.05,37.68],[128.62,38.18],[128.37,38.62],[128.04,38.31],[127.17,38.3],[127.01,38.24],[126.67,37.92],[126.63,37.78]]],[[[126.33,33.22],[126.87,33.34],[126.7,33.55],[126.34,33.46],[126.33,33.22]]]]},"properties":{"iso":"KOR","name":"Coreia do Sul"}},{"type":"Feature","geometry":{"type":"Polygon","coordinates":[[[29.36,-22.19],[29.13,-22.21],[28.84,-22.48],[28.38,-22.59],[28.21,-22.69],[27.89,-23.07],[27.15,-23.52],[26.99,-23.7],[26.84,-24.24],[26.4,-24.61],[25.91,-24.75],[25.58,-25.61],[25.44,-25.71],[24.75,-25.82],[24.33,-25.74],[24.19,-25.63],[23.89,-25.6],[23.52,-25.34],[23.27,-25.27],[23.02,-25.32],[22.88,-25.46],[22.64,-26.07],[22.22,-26.39],[22.09,-26.58],[21.83,-26.68],[21.65,-26.85],[20.74,-26.85],[20.64,-26.74],[20.63,-26.44],[20.82,-26.16],[20.79,-25.92],[20.47,-25.22],[20.35,-25.03],[19.98,-24.78],[19.98,-26.53],[19.98,-28.45],[19.67,-28.5],[19.03,-28.93],[18.6,-28.86],[18.31,-28.89],[17.45,-28.7],[17.39,-28.35],[17.06,-28.03],[16.93,-28.07],[16.76,-28.45],[16.45,-28.62],[16.74,-29.01],[16.95,-29.4],[17.19,-30.1],[17.68,-31.02],[18.21,-31.74],[18.31,-32.12],[18.33,-32.5],[18.25,-32.65],[17.85,-32.83],[17.88,-32.96],[18.43,-33.72],[18.35,-33.94],[18.53,-34.09],[18.81,-34.11],[18.83,-34.36],[19.1,-34.35],[19.32,-34.57],[19.63,-34.75],[20.02,-34.79],[20.53,-34.46],[21.06,-34.36],[21.25,-34.41],[21.79,-34.37],[22.25,-34.07],[22.55,-34.01],[23.27,-34.08],[23.59,-33.99],[24.18,-34.06],[24.6,-34.17],[24.83,-34.17],[25,-33.97],[25.64,-34.01],[25.65,-33.85],[25.99,-33.71],[26.43,-33.76],[27.08,-33.52],[27.86,-33.05],[28.86,-32.29],[29.13,-32],[29.74,-31.47],[29.97,-31.32],[30.29,-30.97],[31.02,-29.9],[31.34,-29.38],[31.78,-28.94],[32.03,-28.84],[32.29,-28.62],[32.53,-28.2],[32.66,-27.61],[32.85,-27.08],[32.89,-26.85],[32.11,-26.84],[31.99,-26.82],[31.96,-27.31],[31.47,-27.3],[31.06,-27.11],[30.79,-26.76],[30.8,-26.41],[31.21,-25.84],[31.42,-25.75],[31.87,-25.98],[31.95,-25.96],[31.98,-25.63],[31.99,-24.46],[31.8,-23.89],[31.55,-23.48],[31.53,-23.28],[31.29,-22.4],[31.07,-22.31],[30.46,-22.33],[29.66,-22.15],[29.36,-22.19]],[[28.74,-30.1],[28.39,-30.15],[28.02,-30.64],[27.75,-30.6],[27.39,-30.32],[27.36,-30.16],[27.05,-29.66],[27.29,-29.52],[27.74,-28.94],[28.23,-28.7],[28.63,-28.58],[28.95,-28.88],[29.3,-29.09],[29.39,-29.27],[29.29,-29.57],[29.14,-29.7],[29.1,-29.92],[28.74,-30.1]]]},"properties":{"iso":"ZAF","name":"África do Sul"}},{"type":"Feature","geometry":{"type":"Polygon","coordinates":[[[41.53,-1.7],[41.73,-1.43],[41.98,-0.97],[42.56,-0.32],[43.47,0.62],[44.33,1.39],[44.92,1.81],[45.83,2.31],[46.05,2.48],[46.88,3.29],[47.51,3.97],[47.98,4.5],[48.23,4.95],[48.65,5.49],[49.05,6.17],[49.09,6.41],[49.35,6.99],[49.57,7.3],[49.76,7.66],[49.85,7.96],[50.1,8.2],[50.43,8.85],[50.83,9.43],[50.9,10.25],[51.06,10.43],[51.14,10.66],[51.08,11.34],[51.25,11.83],[50.79,11.98],[50.64,11.94],[50.47,11.73],[50.11,11.53],[49.64,11.45],[49.39,11.34],[48.94,11.26],[48.94,9.45],[47.98,8],[46.97,7.03],[45.93,6],[44.94,4.91],[44.03,4.95],[43.54,4.84],[43.02,4.56],[42.79,4.29],[42.02,4.14],[41.88,3.98],[41.34,3.2],[40.96,2.81],[40.97,1.38],[40.97,0.54],[40.98,-0.87],[41.52,-1.57],[41.53,-1.7]]]},"properties":{"iso":"SOM","name":"Somália"}},{"type":"Feature","geometry":{"type":"Polygon","coordinates":[[[48.94,11.26],[48.67,11.32],[48.44,11.29],[48.02,11.14],[47.71,11.11],[47.4,11.17],[46.97,10.93],[46.57,10.75],[45.82,10.84],[45.34,10.65],[44.94,10.44],[44.39,10.43],[43.85,10.78],[43.63,11.04],[43.44,11.35],[43.25,11.5],[42.92,11],[42.66,10.62],[42.84,10.2],[43.18,9.88],[43.48,9.38],[43.62,9.34],[44.02,8.99],[44.89,8.7],[46.3,8.23],[46.98,8],[47.98,8],[48.94,9.45],[48.94,11.26]]]},"properties":{"iso":"SOL","name":"Somalilândia"}},{"type":"Feature","geometry":{"type":"MultiPolygon","coordinates":[[[[160.58,-11.8],[160.08,-11.49],[160,-11.58],[160.58,-11.8]]],[[[157.76,-8.24],[157.43,-7.98],[157.35,-8.28],[157.56,-8.27],[157.59,-8.45],[157.9,-8.51],[157.76,-8.24]]],[[[159.75,-9.27],[159.62,-9.53],[159.85,-9.79],[160.32,-9.82],[160.65,-9.93],[160.82,-9.86],[160.63,-9.59],[160.35,-9.42],[159.97,-9.43],[159.75,-9.27]]],[[[159.88,-8.53],[159.84,-8.33],[159.43,-8.03],[159.11,-7.9],[158.73,-7.6],[158.6,-7.76],[158.94,-8.04],[159.64,-8.37],[159.88,-8.53]]],[[[157.49,-7.33],[157.15,-7.11],[157.03,-6.89],[156.6,-6.64],[156.7,-6.91],[156.9,-7.18],[157.1,-7.32],[157.44,-7.43],[157.49,-7.33]]],[[[160.75,-8.31],[160.59,-8.37],[160.87,-9.16],[161.04,-9.31],[161.26,-9.32],[161.16,-8.96],[160.94,-8.8],[161,-8.61],[160.75,-8.31]]],[[[161.72,-10.39],[161.48,-10.24],[161.54,-10.57],[161.79,-10.72],[162.12,-10.82],[162.29,-10.71],[162.11,-10.45],[161.72,-10.39]]]]},"properties":{"iso":"SLB","name":"Ilhas Salomão"}},{"type":"Feature","geometry":{"type":"Polygon","coordinates":[[[22.54,49.07],[22.02,49.21],[21.64,49.41],[21.08,49.42],[20.95,49.32],[20.62,49.39],[19.8,49.19],[19.44,49.6],[19.15,49.4],[18.83,49.51],[18.6,49.49],[18.16,49.26],[18.09,49.07],[17.76,48.89],[17.19,48.86],[16.95,48.6],[16.87,48.39],[17.15,48.01],[17.76,47.77],[18.72,47.79],[18.91,48.05],[19.47,48.11],[19.63,48.22],[19.9,48.13],[20.33,48.3],[20.49,48.53],[21.07,48.51],[21.45,48.55],[21.77,48.34],[22.13,48.41],[22.54,49.07]]]},"properties":{"iso":"SVK","name":"Eslováquia"}},{"type":"Feature","geometry":{"type":"Polygon","coordinates":[[[16.52,46.5],[16.28,46.86],[16.09,46.86],[15.96,46.68],[15,46.63],[14.5,46.42],[13.7,46.52],[13.4,46.32],[13.63,46.18],[13.49,46.04],[13.72,45.59],[13.58,45.52],[13.88,45.43],[14.73,45.51],[15.34,45.47],[15.28,45.73],[15.62,45.83],[15.64,46.2],[16.52,46.5]]]},"properties":{"iso":"SVN","name":"Eslovénia"}},{"type":"Feature","geometry":{"type":"Polygon","coordinates":[[[103.97,1.33],[103.82,1.45],[103.65,1.33],[103.82,1.27],[103.97,1.33]]]},"properties":{"iso":"SGP","name":"Singapura"}},{"type":"Feature","geometry":{"type":"Polygon","coordinates":[[[-10.28,8.49],[-10.56,8.32],[-10.71,8.34],[-10.5,8.69],[-10.69,9.31],[-11.21,9.98],[-11.91,9.99],[-12.14,9.88],[-12.5,9.86],[-12.76,9.37],[-12.96,9.26],[-13.03,9.1],[-13.29,9.05],[-13.15,8.9],[-13.23,8.7],[-13.09,8.42],[-13.15,8.21],[-12.96,8.15],[-12.88,7.86],[-12.51,7.67],[-12.49,7.39],[-11.73,7.09],[-11.51,6.91],[-11.27,7.23],[-10.65,7.76],[-10.57,8.07],[-10.39,8.16],[-10.28,8.49]]]},"properties":{"iso":"SLE","name":"Serra Leoa"}},{"type":"Feature","geometry":{"type":"Polygon","coordinates":[[[55.54,-4.69],[55.46,-4.56],[55.38,-4.61],[55.54,-4.69]]]},"properties":{"iso":"SYC","name":"Seychelles"}},{"type":"Feature","geometry":{"type":"Polygon","coordinates":[[[22.71,44.24],[22.49,44.44],[22.5,44.71],[22.09,44.54],[21.64,44.71],[21.38,44.87],[21.49,45.12],[20.77,45.48],[20.78,45.75],[20.24,46.11],[19.53,46.16],[19.21,45.98],[18.91,45.93],[18.84,45.84],[19.06,45.53],[19,45.4],[19.33,45.27],[19.06,45.14],[19.01,44.87],[19.36,44.86],[19.15,44.53],[19.15,44.3],[19.58,44.04],[19.26,43.94],[19.49,43.7],[19.19,43.53],[19.55,43.21],[19.94,43.08],[20.34,42.83],[20.62,43.03],[20.62,43.2],[21.06,43.09],[21.39,42.75],[21.75,42.67],[21.56,42.25],[22.24,42.36],[22.34,42.31],[22.52,42.44],[22.47,42.84],[22.71,42.88],[22.98,43.19],[22.55,43.45],[22.39,43.71],[22.42,44.01],[22.71,44.24]]]},"properties":{"iso":"SRB","name":"Sérvia"}},{"type":"Feature","geometry":{"type":"Polygon","coordinates":[[[-12.28,14.81],[-12.86,15.24],[-12.99,15.5],[-13.26,15.7],[-13.41,16.06],[-13.56,16.14],[-13.87,16.15],[-13.98,16.31],[-14.3,16.58],[-14.53,16.66],[-15.11,16.64],[-15.62,16.51],[-16.17,16.55],[-16.44,16.2],[-16.54,15.84],[-16.84,15.29],[-17.15,14.92],[-17.41,14.79],[-17.17,14.64],[-16.8,14.09],[-16.75,13.84],[-16.56,13.59],[-15.51,13.59],[-15.43,13.73],[-15.11,13.81],[-14.94,13.79],[-14.41,13.5],[-13.98,13.54],[-13.85,13.34],[-14.25,13.24],[-14.67,13.35],[-15.15,13.56],[-15.29,13.4],[-15.81,13.33],[-15.83,13.16],[-16.65,13.15],[-16.76,13.06],[-16.71,12.35],[-16.42,12.37],[-16.14,12.46],[-15.57,12.49],[-15.2,12.68],[-13.73,12.67],[-13.08,12.63],[-12.8,12.45],[-12.29,12.33],[-12.04,12.4],[-11.39,12.4],[-11.45,12.53],[-11.39,12.94],[-11.63,13.37],[-11.89,13.44],[-12.05,13.63],[-11.96,13.88],[-12.02,14.21],[-12.23,14.46],[-12.19,14.65],[-12.28,14.81]]]},"properties":{"iso":"SEN","name":"Senegal"}},{"type":"Feature","geometry":{"type":"Polygon","coordinates":[[[51.98,19],[53.67,19.56],[54.98,20],[55.64,22],[55.19,22.7],[55.1,22.62],[53.83,22.78],[52.56,22.93],[51.59,24.08],[51.57,24.29],[51.31,24.34],[51.27,24.61],[50.97,24.57],[50.8,24.79],[50.56,25.09],[50.46,25.42],[50.28,25.57],[50.03,26.11],[50.21,26.31],[50.03,26.53],[49.99,26.83],[49.41,27.18],[49.18,27.44],[48.91,27.63],[48.77,27.96],[48.63,28.13],[48.44,28.54],[47.67,28.53],[47.43,28.99],[46.53,29.1],[46.36,29.06],[44.69,29.2],[42.86,30.5],[42.07,31.08],[40.37,31.94],[39.15,32.12],[38.96,31.99],[36.96,31.49],[37.98,30.5],[37.63,30.31],[37.47,30],[36.76,29.87],[36.48,29.5],[36.02,29.19],[34.95,29.35],[34.78,28.51],[34.62,28.15],[35.18,28.03],[35.42,27.73],[35.58,27.43],[36.25,26.59],[36.52,26.1],[36.68,26.04],[36.76,25.75],[36.92,25.64],[37.15,25.29],[37.27,24.96],[37.18,24.82],[37.54,24.29],[37.92,24.19],[38.29,23.91],[38.46,23.71],[38.94,22.88],[39.1,22.39],[38.99,21.88],[39.15,21.52],[39.09,21.31],[39.28,20.97],[39.61,20.52],[39.88,20.29],[40.08,20.27],[40.76,19.76],[41.12,19.08],[41.23,18.68],[41.43,18.45],[41.75,17.89],[42.29,17.43],[42.38,17.12],[42.7,16.74],[42.8,16.37],[43.17,16.69],[43.12,16.94],[43.19,17.36],[43.42,17.52],[43.92,17.32],[44.16,17.4],[45.15,17.43],[45.41,17.32],[46.31,17.23],[46.68,17.27],[46.98,16.95],[47.14,16.95],[47.44,17.11],[47.58,17.45],[48.17,18.16],[49.04,18.58],[49.19,18.62],[50.36,18.78],[51.98,19]]]},"properties":{"iso":"SAU","name":"Arábia Saudita"}},{"type":"Feature","geometry":{"type":"Polygon","coordinates":[[[6.66,0.12],[6.75,0.24],[6.69,0.4],[6.52,0.34],[6.66,0.12]]]},"properties":{"iso":"STP","name":"São Tomé e Príncipe"}},{"type":"Feature","geometry":{"type":"Polygon","coordinates":[[[12.49,43.9],[12.51,43.95],[12.44,43.98],[12.4,43.93],[12.49,43.9]]]},"properties":{"iso":"SMR","name":"San Marino"}},{"type":"Feature","geometry":{"type":"Polygon","coordinates":[[[-172.33,-13.47],[-172.74,-13.58],[-172.54,-13.79],[-172.22,-13.8],[-172.18,-13.68],[-172.33,-13.47]]]},"properties":{"iso":"WSM","name":"Samoa"}},{"type":"Feature","geometry":{"type":"Polygon","coordinates":[[[-61.17,13.16],[-61.12,13.29],[-61.18,13.36],[-61.28,13.21],[-61.17,13.16]]]},"properties":{"iso":"VCT","name":"São Vicente e Granadinas"}},{"type":"Feature","geometry":{"type":"Polygon","coordinates":[[[-60.9,13.82],[-60.89,14.01],[-61.06,13.92],[-60.9,13.82]]]},"properties":{"iso":"LCA","name":"Santa Lúcia"}},{"type":"Feature","geometry":{"type":"Polygon","coordinates":[[[-62.63,17.24],[-62.71,17.35],[-62.79,17.4],[-62.84,17.34],[-62.63,17.24]]]},"properties":{"iso":"KNA","name":"São Cristóvão e Nevis"}},{"type":"Feature","geometry":{"type":"Polygon","coordinates":[[[29.58,-1.39],[29.35,-1.52],[29.13,-1.86],[29.11,-2.23],[28.88,-2.4],[29.01,-2.72],[29.3,-2.67],[29.39,-2.81],[29.7,-2.79],[29.87,-2.72],[29.93,-2.34],[30.14,-2.41],[30.41,-2.31],[30.55,-2.4],[30.83,-2.34],[30.81,-1.56],[30.47,-1.13],[30.51,-1.07],[30.36,-1.07],[30.1,-1.37],[29.83,-1.34],[29.58,-1.39]]]},"properties":{"iso":"RWA","name":"Ruanda"}},{"type":"Feature","geometry":{"type":"MultiPolygon","coordinates":[[[[87.8163,49.1658],[88.144,49.2707],[88.2,49.4543],[88.8706,49.436],[89.1607,49.5027],[89.2522,49.6294],[89.6823,49.7083],[89.6332,49.9079],[89.9694,49.9671],[90.0512,50.0842],[90.4752,50.2146],[90.6839,50.2162],[91.012,50.4253],[91.4157,50.4614],[91.7498,50.6841],[92.1589,50.6891],[92.3017,50.8434],[92.6498,50.6741],[92.9617,50.7779],[93.0114,50.6233],[94.2376,50.5652],[94.3443,50.2492],[94.6245,50.0152],[94.9216,50.0459],[95.0764,49.9455],[95.4806,49.8922],[95.867,50.015],[96.3729,49.8861],[96.9692,49.8867],[97.3017,49.7255],[97.5666,49.9168],[97.8474,49.9301],[98.1056,50.0639],[98.2625,50.2838],[98.2935,50.5186],[98.0233,50.642],[97.9902,50.8356],[97.8064,51.0011],[98.0509,51.4664],[98.2204,51.4752],[98.3322,51.7183],[98.6187,51.7807],[98.9377,52.1247],[99.3239,51.9342],[99.6793,51.8887],[100.006,51.7317],[100.5109,51.7269],[101.3878,51.4506],[102.0512,51.3836],[102.1839,51.3239],[102.1465,51.0976],[102.3276,50.5455],[102.5866,50.4153],[103.6014,50.1335],[104.1217,50.1483],[104.4058,50.3005],[105.3286,50.4765],[105.9849,50.3998],[106.2449,50.2903],[106.6565,50.327],[106.9737,50.1964],[107.2249,49.9971],[107.7446,49.9674],[107.9465,49.9335],[108.0327,49.5893],[108.5381,49.3274],[109.2867,49.3385],[110.1814,49.162],[110.3712,49.2418],[110.7314,49.1377],[111.3385,49.3647],[112.0302,49.4119],[112.4322,49.5292],[112.7337,49.4928],[113.0437,49.5886],[113.2124,49.822],[113.5797,50.0199],[113.8498,50.0807],[114.2863,50.2769],[114.7538,50.2362],[114.9974,50.1443],[115.3687,49.8954],[115.7509,49.885],[116.2176,50.0138],[116.5754,49.9218],[116.6843,49.8233],[117.0576,49.6729],[117.4729,49.6143],[117.7588,49.5127],[118.1686,49.6715],[118.6444,49.9546],[119.0917,49.9866],[119.3162,50.0927],[119.3529,50.3455],[119.2936,50.5992],[119.4967,50.7371],[119.518,50.9048],[119.7483,51.0834],[120.1082,51.6652],[120.6476,51.911],[120.7792,52.1176],[120.6262,52.3468],[120.724,52.5422],[120.4299,52.6361],[120.0564,52.6005],[120.033,52.7607],[120.2802,52.8659],[120.8743,53.2802],[121.4133,53.3173],[122.0251,53.4298],[122.3378,53.4913],[122.8597,53.4739],[123.2526,53.5678],[123.6396,53.5513],[124.2327,53.3817],[124.4082,53.2357],[124.7202,53.1488],[125.1274,53.2065],[125.6214,53.0621],[126.0351,52.7271],[126.5312,52.1527],[126.4461,51.9825],[126.9546,51.3296],[126.9318,51.0638],[127.2874,50.751],[127.3307,50.3282],[127.5784,50.2206],[127.5081,49.8223],[127.8309,49.5939],[128.0925,49.5416],[128.6662,49.6095],[129.0506,49.3767],[129.7112,49.2742],[129.9134,49.0395],[130.2493,48.8645],[130.6253,48.8744],[130.5333,48.6358],[130.7159,48.4991],[130.8194,48.2819],[130.6634,48.1164],[131.0234,47.6823],[131.4184,47.7426],[131.5774,47.6686],[132.5247,47.7075],[132.6588,47.8698],[133.092,48.1068],[133.4637,48.0895],[133.7213,48.2448],[134.3864,48.3813],[134.7009,48.2615],[134.5672,48.0404],[134.7726,47.7107],[134.4846,47.4302],[134.2928,47.4097],[134.1541,47.2579],[133.9985,46.6377],[133.8493,46.4803],[133.9025,46.259],[133.6874,46.1418],[133.6581,45.9345],[133.5144,45.8793],[133.4135,45.5733],[133.2021,45.5113],[133.1154,45.123],[132.9534,45.0244],[131.9697,45.2338],[131.818,45.3328],[131.4195,44.959],[130.9334,44.8417],[131.0658,44.682],[131.2645,44.0542],[131.1703,43.7811],[131.2528,43.4692],[131.2809,43.3802],[130.9924,42.8487],[130.7695,42.8658],[130.4072,42.7354],[130.5308,42.5305],[130.7348,42.3376],[130.8585,42.5246],[131.4717,42.8732],[131.5177,43.0093],[131.7505,43.2253],[131.9522,43.072],[132.3562,43.286],[132.4044,42.9423],[132.5779,42.8404],[132.7737,42.8751],[133.1577,42.6884],[133.605,42.8463],[133.9268,42.8827],[134.1937,43.0798],[134.5872,43.229],[135.1399,43.5084],[135.2268,43.6822],[135.4879,43.8327],[135.6559,44.1687],[135.8887,44.4015],[136.1226,44.4755],[136.3648,44.7925],[136.5535,44.895],[136.8255,45.2041],[137.1445,45.3747],[137.3967,45.6239],[137.6715,45.7946],[138.1004,46.228],[138.5348,46.9866],[139.0264,47.3894],[139.2617,47.7879],[140.0435,48.3362],[140.3768,49.1435],[140.3438,49.2184],[140.5608,49.5754],[140.4158,49.8627],[140.6607,50.058],[140.523,50.1511],[140.4429,50.5444],[140.5422,50.8771],[140.6567,50.9378],[140.7057,51.3348],[140.896,51.4288],[140.9056,51.6154],[141.1092,51.6788],[141.4295,51.942],[141.5148,52.1719],[141.1672,52.3649],[141.2806,52.5788],[141.1888,52.9875],[141.433,53.1489],[140.9497,53.489],[140.5398,53.6717],[140.252,53.8906],[140.2406,54.057],[139.8159,54.2152],[139.1619,54.2047],[138.7385,54.316],[138.7606,53.9752],[138.5021,53.5435],[137.9182,53.5866],[137.3351,53.5294],[137.5969,53.8242],[137.4514,54.3176],[137.0614,54.1457],[137.2909,54.0357],[137.1857,53.8511],[136.6847,53.8085],[136.8833,54.5914],[136.2493,54.6204],[135.7502,54.571],[135.6541,54.666],[135.2651,54.7217],[135.2196,54.8941],[135.5343,55.0866],[135.8689,55.1739],[136.2198,55.3546],[136.319,55.4866],[136.7733,55.6605],[137.572,56.1165],[137.9141,56.3595],[138.6616,56.9779],[139.1965,57.2727],[139.4185,57.2972],[139.7897,57.4827],[139.9815,57.6877],[140.4957,57.8448],[140.6668,58.1911],[140.9043,58.3828],[141.5837,58.6177],[141.9468,58.943],[142.2624,59.1246],[143.1597,59.3539],[143.4936,59.3185],[143.8405,59.4025],[145.0008,59.3696],[145.6753,59.4235],[146.0503,59.1389],[146.4396,59.4604],[146.8866,59.3647],[147.5911,59.3041],[147.9138,59.3905],[148.3937,59.3793],[148.7879,59.2365],[148.9925,59.3561],[149.1329,59.6407],[149.5977,59.7582],[150.4568,59.6126],[151.6376,59.4825],[151.7603,59.2993],[151.2165,59.0917],[151.3591,58.856],[152.0203,58.875],[152.4048,59.0234],[152.9161,58.9166],[153.3692,59.2413],[153.802,59.1723],[154.0487,59.0528],[154.5016,59.2179],[155.1941,59.1758],[155.2097,59.3439],[154.9629,59.4961],[154.4288,59.547],[154.2208,59.8696],[154.4878,59.8963],[154.5637,60.0937],[154.9524,60.3674],[155.9207,60.7548],[156.0076,60.9496],[156.5469,61.2092],[156.6795,61.524],[157.4645,61.7821],[158.0802,61.734],[158.2602,61.8259],[158.853,61.8263],[159.3599,61.893],[159.5772,61.6528],[159.9667,61.7588],[160.414,61.7648],[159.9652,61.378],[160.0001,61.1061],[160.4249,60.9837],[160.1701,60.8249],[160.3818,60.7016],[160.8285,60.7547],[161.5956,61.2552],[161.9864,61.3726],[162.5105,61.6584],[162.9079,61.5799],[163.3265,61.6579],[162.9784,61.8095],[163.1478,62.0376],[163.0915,62.2266],[163.2671,62.522],[164.0551,62.6561],[164.5979,62.6731],[164.5383,62.4511],[164.1272,62.2624],[164.0448,61.6834],[163.7595,61.479],[164.0288,61.3466],[163.4873,61.0017],[163.3457,60.7993],[162.889,60.7525],[162.7537,60.6459],[162.2062,60.538],[161.9386,60.4168],[161.8972,60.203],[161.5328,60.0676],[160.8049,59.6054],[160.4973,59.5525],[160.3103,59.3461],[159.8644,59.1406],[159.7507,58.9256],[159.0238,58.4148],[158.168,58.0207],[157.7232,58.0246],[157.4699,57.8039],[156.9307,57.6584],[157.0013,57.4255],[156.8316,57.2135],[156.3856,56.9118],[156.1253,56.832],[155.9243,56.5845],[155.6862,56.0391],[155.5512,55.2842],[155.728,54.4268],[155.9358,53.8652],[156.1112,52.9354],[156.3728,52.4046],[156.5012,51.7751],[156.5355,51.2893],[156.7219,51.1955],[156.7197,50.8865],[157.7592,51.544],[158.2869,51.9675],[158.5477,52.296],[158.5156,52.7463],[159.0033,53.0769],[159.6325,53.2571],[159.9224,53.2836],[159.9692,53.5703],[159.8441,53.7969],[160.053,54.1757],[160.7412,54.5352],[161.0664,54.5968],[161.3119,54.4901],[161.7532,54.5198],[162.1532,54.8499],[161.813,55.1792],[161.7771,55.6083],[162.1421,56.1291],[162.5925,56.2685],[162.8216,56.0562],[163.3661,56.1807],[163.241,56.5932],[163.2806,56.688],[162.7835,56.763],[162.8599,57.0514],[162.8331,57.3833],[163.0748,57.461],[163.3295,57.7089],[162.7116,57.9667],[162.4555,57.7844],[162.0256,57.9288],[161.9932,58.0874],[162.1699,58.4059],[162.4053,58.6544],[163.0685,58.9681],[162.8866,59.1135],[163.0806,59.2713],[163.1687,59.5106],[163.3901,59.6315],[163.3782,59.8144],[163.698,59.904],[163.6515,60.0517],[164.3391,59.9915],[164.4885,60.111],[165.0135,59.848],[165.1296,60.0842],[165.7214,60.2697],[166.0523,60.4538],[166.2497,60.3835],[166.1095,59.8275],[166.2878,59.8446],[167.0481,60.3284],[168.0964,60.5715],[169.1665,60.5673],[169.7078,60.3995],[169.9558,60.0592],[170.4006,59.9656],[170.5807,60.4339],[171.1795,60.5589],[171.4065,60.7505],[172.0068,60.8552],[172.4761,61.0557],[172.9313,61.3515],[173.4971,61.5713],[173.5446,61.7491],[173.991,61.7145],[174.138,61.8446],[174.4536,61.8148],[175.6335,62.1913],[176.2793,62.3171],[176.5942,62.4858],[177.3068,62.5821],[178.061,62.5411],[179.1504,62.3419],[179.6091,62.7056],[179.2495,62.9847],[179.3348,63.1965],[178.5955,63.4113],[178.7629,63.6428],[178.6939,63.9105],[178.4683,63.9926],[178.3999,64.2434],[178,64.2104],[177.4536,64.4206],[177.4919,64.7675],[176.9859,64.7111],[176.7274,64.5792],[176.2101,64.874],[177.2977,64.8384],[177.7442,64.7064],[178.758,64.6409],[179.4787,64.8227],[180,65.0662],[180,65.0693],[180,65.5679],[180,66.0665],[180,66.5651],[180,67.0637],[180,67.5623],[180,68.0609],[180,68.5596],[180,68.9811],[178.7726,69.4152],[178.2122,69.4434],[176.5039,69.7541],[175.9262,69.7757],[175.5001,69.8735],[175.0884,69.8457],[173.4608,69.9486],[171.9945,69.9931],[170.6109,70.1163],[170.5842,69.5996],[170.9131,69.3041],[171.0276,69.0548],[170.3511,68.8281],[169.6255,68.7772],[169.4198,69.0236],[168.8506,69.1881],[168.2883,69.2427],[168.241,69.5583],[167.6741,69.7719],[166.9387,69.5021],[166.0752,69.5233],[165.6747,69.596],[164.8343,69.5674],[164.027,69.7738],[163.773,69.6944],[163.1651,69.7209],[162.4318,69.6771],[161.4358,69.3799],[161.5657,69.0149],[160.9629,69.1055],[160.9255,69.6421],[160.384,69.6749],[159.689,69.8908],[160.1063,70.2637],[159.6895,70.671],[159.2378,70.8293],[158.5236,70.9688],[157.5858,71.0749],[155.9364,71.0994],[154.2388,70.965],[153.9304,70.8941],[152.613,70.8346],[151.9691,70.9448],[152.1035,71.0501],[151.4924,71.3332],[149.968,71.5347],[149.7095,71.7729],[150.0669,71.9219],[149.6113,72.1484],[148.402,72.3109],[147.1956,72.3299],[146.1565,71.8207],[145.3438,71.6633],[145.216,71.8433],[145.7476,71.9099],[145.8494,72.1622],[146.4954,72.066],[146.9292,72.3126],[145.4095,72.5559],[141.5506,72.7743],[141.013,72.6908],[140.8778,72.5377],[139.5418,72.4976],[139.1358,72.3041],[139.8742,72.1782],[139.5739,71.9329],[139.7178,71.4573],[138.756,71.643],[138.0386,71.5587],[138.0095,71.3393],[137.3556,71.3742],[136.7746,71.5234],[135.9851,71.6348],[135.033,71.5391],[134.7785,71.4288],[134.1677,71.3708],[133.1516,71.5792],[132.8131,71.8315],[132.2642,71.682],[131.5462,70.8871],[131.2263,70.7502],[130.3006,70.9401],[129.3921,71.3468],[129.2487,71.5499],[128.1921,72.2283],[129.1458,72.1003],[129.5217,72.2494],[129.1174,72.4815],[128.6113,72.4827],[127.9606,72.6621],[128.2908,72.9086],[129.4435,73.0289],[128.8926,73.217],[128.4393,73.2363],[127.9876,73.4709],[126.2266,73.5546],[125.6519,73.5255],[124.3362,73.8048],[123.2461,73.5459],[123.5535,73.2176],[123.138,72.918],[122.6138,73.031],[121.0547,72.9318],[119.7834,73.018],[118.9177,73.1195],[118.3533,73.2824],[118.4502,73.5888],[117.4439,73.5888],[116.6029,73.6748],[115.4131,73.7104],[114.6747,73.5926],[113.1314,73.4497],[113.3955,73.6858],[112.8215,73.7468],[111.8037,73.7442],[111.2952,73.8691],[110.0215,74.0145],[109.5311,73.7753],[109.7996,73.7051],[110.8777,73.7679],[110.9072,73.6919],[109.7139,73.4526],[108.3933,73.3173],[107.7223,73.1685],[106.3599,73.1943],[106.2546,72.9672],[105.4826,72.7681],[106.2324,73.3228],[106.648,73.3067],[107.1336,73.5302],[108.4917,73.7725],[108.9961,74.0156],[109.8901,74.197],[109.9995,74.3737],[111.7438,74.6632],[112.1468,74.8784],[112.8796,74.9929],[113.6052,75.285],[113.3368,75.5351],[113.8901,75.854],[113.5212,75.9306],[113.2593,76.2664],[112.6709,76.3631],[111.5554,76.6841],[109.3325,76.7585],[107.9846,76.6227],[107.5916,76.505],[106.6123,76.5596],[107.2505,77.007],[106.5,77.0216],[105.4558,77.2405],[105.9836,77.4383],[104.6782,77.7095],[104.0233,77.7331],[102.1577,77.4023],[100.9193,76.9759],[101.2346,76.7673],[101.036,76.5202],[99.5086,76.4687],[99.2615,76.1292],[98.5762,76.2316],[96.8306,75.9154],[96.1105,76.1107],[95.3898,76.164],[93.6858,76.1323],[93.5498,75.853],[91.2913,75.629],[90.8635,75.6683],[89.1323,75.4528],[88.3145,75.1809],[87.3543,75.0439],[87.0817,74.773],[86.6392,74.6973],[86.4753,74.4582],[86.02,74.2625],[86.803,74.184],[86.7832,73.9022],[83.4837,73.6555],[81.9569,73.6627],[80.8322,73.5718],[80.2727,73.3098],[80.842,72.9221],[80.6321,72.7338],[80.7041,72.5454],[81.2082,72.3549],[82.1981,72.2816],[82.1851,72.0935],[82.787,71.9055],[83.3605,71.8406],[83.6282,71.6109],[83.1476,71.2448],[83.7747,70.4766],[83.4839,70.335],[82.9517,70.3251],[83.1338,70.8824],[82.2031,71.0163],[82.2966,71.2873],[82.8201,71.3913],[83.3205,71.6833],[82.8674,71.7864],[81.7367,71.6999],[79.3914,72.3856],[78.5028,72.3819],[77.7414,72.2162],[78.2036,72.001],[77.5846,71.8311],[76.9461,72.0443],[76.0267,71.9238],[76.3255,71.5595],[77.6709,71.2861],[78.279,71.2589],[78.6138,70.9626],[78.0017,70.9636],[77.7827,71.1425],[76.0173,71.237],[75.3426,71.3349],[75.5329,71.5423],[75.2632,71.7435],[75.2868,71.9599],[75.7212,72.2496],[75.702,72.547],[75.3189,72.8192],[74.9995,72.6739],[75.1111,72.3464],[74.9284,72.0981],[73.5259,71.8222],[73.4818,71.6527],[73.0374,71.441],[73.5562,71.2551],[73.9522,70.8368],[74.3179,70.6678],[74.3162,70.5203],[73.7345,70.1809],[73.516,69.7464],[73.8996,69.414],[73.7518,69.1835],[74.7151,69.085],[75.5086,69.2614],[76.042,69.2391],[76.7549,69.1247],[76.929,69.0093],[77.6826,68.8858],[77.7151,68.621],[78.1033,68.2484],[77.537,68.1286],[77.4595,67.7863],[78.1135,67.657],[78.047,67.5435],[77.1203,67.7685],[77.3566,68.2329],[77.3159,68.5306],[76.6626,68.7626],[76.3757,68.994],[75.1907,68.8748],[74.4544,68.694],[74.3316,68.3856],[74.7014,68.1807],[74.825,67.9405],[74.7303,67.6863],[73.8996,67.2962],[73.8713,67.0063],[73.4924,66.8234],[72.4937,66.6188],[72.3473,66.3064],[71.9901,66.2308],[71.1455,66.3656],[70.3626,66.3344],[69.3865,66.5134],[69.1126,66.6188],[69.1307,66.8307],[69.598,66.789],[69.9362,66.863],[70.4133,66.5632],[70.9803,66.5359],[71.5769,66.6588],[71.722,66.9153],[72.2313,67.1692],[72.4059,67.48],[73.2046,67.8659],[73.0908,68.2143],[73.6444,68.5019],[72.5774,68.9404],[72.4893,69.1992],[72.6477,69.2922],[72.5017,69.6467],[72.6917,69.8369],[72.492,70.0412],[72.4595,70.3044],[72.7713,70.4252],[72.6882,70.6344],[72.8274,70.8876],[72.6707,71.109],[72.1057,71.2904],[71.8381,71.5324],[72.2093,71.6147],[72.3508,71.8642],[72.8649,72.2717],[72.7307,72.6174],[72.4961,72.7877],[71.5632,72.916],[70.1721,72.9001],[69.2766,72.8408],[68.9891,72.7059],[68.4789,71.8362],[67.9473,71.5276],[66.927,71.2984],[66.6082,70.8807],[67.3179,70.7841],[67.0942,70.2209],[67.3276,70.106],[66.8742,69.9959],[66.771,69.7407],[67.9691,69.4913],[68.1253,69.2224],[68.4872,68.9702],[69.1091,68.879],[68.9235,68.6373],[68.3828,68.2285],[67.9046,68.4704],[67.0555,68.7814],[65.8172,69.1426],[65.0379,69.2711],[64.548,69.4517],[63.4105,69.6713],[60.7703,69.8491],[60.6536,69.6728],[60.1388,69.5779],[60.8438,69.1575],[60.9383,68.9633],[60.4666,68.7223],[59.7736,68.6682],[59.9639,68.466],[59.6748,68.3362],[59.1095,68.4047],[59.0564,68.6195],[59.4155,68.7667],[58.8788,69.0031],[57.9779,68.853],[57.3298,68.5648],[56.6296,68.642],[55.3929,68.5643],[54.2398,68.2113],[53.2389,68.2535],[53.3191,68.348],[53.9319,68.391],[53.7205,68.6569],[54.1038,69.0007],[53.437,68.9182],[52.8065,68.768],[52.4988,68.6195],[52.7313,68.4742],[52.402,68.3377],[52.0601,68.5438],[51.5606,68.4831],[50.4347,68.2205],[49.1333,67.8626],[48.925,67.6877],[48.2557,67.6827],[47.8247,67.5603],[47.9479,67.4443],[47.6951,67.2047],[47.7256,67.0009],[46.9269,66.845],[45.8532,66.887],[45.5939,67.1582],[44.9517,67.3207],[45.0282,67.5319],[45.3504,67.7304],[46.722,67.8449],[46.5349,68.1326],[46.0293,68.324],[45.9439,68.4462],[45.3064,68.5453],[43.9845,68.5513],[44.2444,68.2557],[44.003,67.576],[43.7614,67.2211],[44.2063,67.1247],[44.4993,66.9215],[44.4878,66.6762],[44.2142,66.4081],[44.0457,66.081],[43.2522,66.4368],[42.7492,66.3951],[42.2009,66.5322],[41.8576,66.2963],[41.3425,66.0629],[40.7959,65.9917],[40.2798,65.73],[39.8269,65.607],[39.7121,65.4018],[40.3781,64.9225],[40.5285,64.5779],[40.0628,64.6219],[39.5665,64.5453],[39.3031,64.6462],[38.0464,64.8537],[37.706,65.0174],[37.0077,65.173],[36.8074,64.9591],[36.5686,64.9025],[37.1215,64.3947],[37.6871,64.4309],[38.0029,64.317],[38.0018,63.9555],[37.291,63.8182],[37.1694,63.8951],[36.5234,63.9714],[35.9767,64.199],[35.8108,64.342],[35.4105,64.2868],[34.9556,64.4522],[34.798,64.7563],[34.8161,65.0434],[34.369,65.3918],[34.7766,65.5966],[34.8662,65.8779],[34.4968,66.1162],[33.6199,66.3093],[33.7046,66.4438],[32.8836,66.5862],[32.891,66.7816],[32.4783,66.91],[32.3826,67.1597],[33.4832,66.7304],[34.284,66.6724],[34.4343,66.5473],[34.8877,66.5998],[35.3806,66.4179],[36.4063,66.2947],[36.8874,66.2852],[37.9271,66.0888],[38.5544,66.055],[39.3436,66.1347],[40.4443,66.4055],[41.1781,66.8096],[41.36,67.0136],[41.1089,67.2538],[41.0166,67.6979],[40.8006,67.7282],[39.8594,68.0576],[39.5208,68.076],[38.6629,68.3793],[38.4346,68.3559],[37.6805,68.7134],[37.4639,68.7424],[36.2495,69.111],[35.3303,69.2761],[34.6618,69.2495],[33.8521,69.3389],[33.5237,69.4283],[32.687,69.5028],[33.119,69.6611],[32.0545,69.9638],[31.409,69.7158],[30.841,69.8058],[30.853,69.5274],[30.5117,69.5363],[29.9007,69.3582],[29.3345,69.2774],[29.2405,69.1151],[28.4562,68.9001],[28.8015,68.8355],[28.4474,68.5149],[28.6638,68.204],[29.2987,68.0818],[29.6512,67.8236],[30.0094,67.6858],[29.9162,67.5081],[29.1001,66.9912],[29.0892,66.8375],[29.3625,66.6266],[29.9002,66.1081],[30.1117,65.712],[29.7029,65.6294],[29.8205,65.0937],[29.5881,64.9914],[30.0931,64.3612],[30.5585,64.2197],[30.5093,63.9914],[29.9808,63.7415],[30.4887,63.4621],[31.2257,63.196],[31.5695,62.9059],[31.2222,62.4917],[30.635,62.184],[29.7791,61.5931],[29.2771,61.3046],[28.1481,60.7577],[28.2158,60.5476],[28.7219,60.7212],[28.6067,60.3895],[29.0923,60.178],[29.4179,60.1689],[29.849,60.1669],[30.115,59.8706],[29.6971,59.95],[29.1614,60.0026],[28.846,59.7902],[28.4275,59.8134],[28.3753,59.6663],[27.9934,59.7033],[28.0191,59.4818],[27.6959,58.9772],[27.4106,58.7549],[27.5549,58.3952],[27.4954,58.2215],[27.6731,57.9128],[27.4077,57.689],[27.3529,57.5276],[27.8403,57.2906],[27.6487,56.8793],[27.9189,56.8059],[28.1261,56.5478],[28.2898,56.0466],[28.6207,56.083],[28.7064,55.9598],[29.0308,56.0242],[29.3774,55.954],[29.461,55.6873],[29.8695,55.8305],[30.2178,55.8551],[30.9071,55.5778],[30.7943,55.2855],[31.0064,55.0424],[30.7706,54.786],[31.1679,54.6216],[31.3247,54.2292],[31.7481,54.0863],[31.7538,53.8196],[32.0836,53.8096],[32.4806,53.6624],[32.4529,53.5464],[32.7178,53.4311],[32.2059,53.1004],[31.9072,53.0919],[31.7386,53.1925],[31.3785,53.182],[31.2471,53.0144],[31.5051,52.8489],[31.6081,52.3725],[31.7643,52.1006],[32.0956,52.0407],[32.5284,52.3162],[32.9269,52.2469],[33.1965,52.3689],[33.8041,52.3546],[34.0557,52.1703],[34.0682,52.031],[34.3711,51.8268],[34.128,51.6807],[34.2803,51.3613],[34.7481,51.1647],[35.0992,51.1832],[35.2822,50.9611],[35.4454,50.6875],[35.4253,50.5005],[35.6969,50.3451],[36.1058,50.4211],[36.269,50.2814],[36.6826,50.2607],[37.4353,50.4249],[37.7276,50.0787],[37.9953,49.9213],[38.3442,49.9921],[38.8522,49.8658],[39.181,49.8595],[39.238,49.7651],[39.5704,49.7133],[39.8015,49.5422],[40.1185,49.5885],[40.0409,49.4555],[40.1417,49.2458],[39.7587,48.8954],[39.6317,48.5869],[39.8092,48.5838],[39.9932,48.2732],[39.8431,48.1198],[39.7591,47.8329],[38.8772,47.8612],[38.7345,47.6771],[38.3529,47.6071],[38.201,47.2906],[38.2654,47.1188],[38.9378,47.1898],[39.264,47.2608],[39.2619,47.0086],[39.0752,47.0327],[38.6735,46.863],[38.3744,46.7293],[37.8522,46.6225],[37.8273,46.4765],[38.1229,46.3775],[38.3001,46.2187],[37.9401,46.0203],[37.8294,45.7532],[37.5951,45.6353],[37.7376,45.3747],[37.1589,45.3261],[36.7816,45.3876],[36.8401,45.1094],[37.1919,44.991],[37.4783,44.6772],[37.9226,44.6138],[38.1777,44.406],[38.5951,44.3319],[38.9783,44.1483],[39.7183,43.5678],[39.986,43.389],[40.2331,43.5758],[40.69,43.5231],[41.0118,43.3754],[41.3807,43.3348],[41.5506,43.2263],[42.0753,43.1853],[42.3626,43.2352],[42.5959,43.14],[43.0001,43.0987],[43.1556,42.9424],[43.3862,42.8869],[43.8006,42.7465],[43.9397,42.5522],[44.272,42.7024],[44.6388,42.7401],[45.076,42.6914],[45.356,42.52],[45.7395,42.4706],[45.6214,42.2245],[45.9476,42.0229],[46.745,41.8401],[47.2684,41.3028],[47.7437,41.1927],[47.8711,41.2082],[48.0535,41.4613],[48.3702,41.5802],[48.5789,41.8453],[48.4164,41.915],[48.304,42.1027],[47.8677,42.5847],[47.7156,42.6967],[47.6981,42.8671],[47.4619,43.0208],[47.4909,43.4628],[47.3799,43.5597],[47.5028,43.781],[47.2459,44.212],[47.0442,44.3463],[46.7009,44.4462],[46.722,44.6553],[46.8881,44.7519],[47.0715,44.7851],[47.2971,45.1874],[47.5365,45.5077],[47.4964,45.5653],[47.6262,45.7091],[47.897,45.6938],[48.2698,45.7795],[48.4656,45.9402],[48.7411,45.923],[48.8871,46.1223],[49.2271,46.3279],[48.4551,46.6608],[49.0063,46.7691],[48.6973,47.101],[48.5251,47.4102],[48.0445,47.7697],[47.6497,47.7656],[47.4353,47.8344],[47.1745,47.7705],[47.0512,47.9746],[47.0783,48.2753],[46.4793,48.4102],[46.6202,48.6696],[46.7538,48.9141],[47.0209,49.0968],[46.7751,49.3325],[46.8999,49.8203],[47.3087,50.0448],[47.2948,50.2754],[47.4345,50.3765],[47.6247,50.4408],[47.9932,50.1818],[48.2393,49.8648],[48.4176,49.8117],[48.8857,50.0199],[48.7013,50.3346],[48.6734,50.5795],[49.3694,50.8268],[49.4231,51.102],[49.7791,51.1022],[49.9868,51.2298],[50.3254,51.3035],[50.767,51.7594],[50.9254,51.6797],[51.3719,51.6296],[51.6205,51.5187],[51.8692,51.6731],[52.3349,51.7637],[52.5058,51.4789],[53.1533,51.5127],[53.6103,51.3884],[53.6739,51.2199],[53.9359,51.1856],[54.1766,50.9679],[54.4786,50.8535],[54.3798,50.6194],[54.6763,50.6025],[54.6382,51.0277],[55.3054,50.665],[55.66,50.53],[56.0789,50.7248],[56.508,51.0663],[57.1682,51.0938],[57.3527,50.886],[57.7373,50.9382],[57.7688,51.1197],[58.595,51.0234],[58.6644,50.7899],[58.9259,50.6781],[59.4376,50.6311],[59.5228,50.4746],[59.7747,50.5337],[60.0213,50.8541],[60.3004,50.6847],[60.7185,50.6527],[61.3721,50.7825],[61.5932,51.2778],[61.4738,51.4258],[61.0233,51.4855],[60.9374,51.6112],[60.5151,51.6179],[60.4521,51.8055],[60.0298,51.9926],[60.2028,51.9927],[60.5065,52.1516],[60.6722,52.1443],[61.0399,52.335],[60.6962,52.7349],[61.1903,53.0131],[61.5743,52.9558],[62.0942,52.9925],[62.0507,53.1248],[61.2029,53.2764],[61.2807,53.5424],[61.0076,53.6357],[61.202,53.8196],[61.1935,54.0183],[62.5506,54.0268],[63.0847,54.0856],[63.3286,54.1631],[63.9804,54.3037],[64.9106,54.4027],[65.4774,54.6327],[65.9775,54.6117],[66.4465,54.7109],[67.6227,54.8539],[67.8173,54.9522],[68.1661,54.9561],[68.2624,55.194],[68.6053,55.1956],[68.7342,55.3517],[69.6739,55.334],[70.197,55.1335],[70.4686,55.2855],[70.6657,55.3092],[70.9771,55.078],[71.006,54.7742],[71.1803,54.7274],[71.1823,54.1016],[71.7087,54.1322],[72.0667,54.2224],[72.1518,54.3683],[72.6562,54.0425],[72.9568,54.1175],[73.0628,53.9791],[73.4853,53.8749],[73.2297,53.6624],[73.3912,53.5202],[73.8727,53.6321],[74.2139,53.597],[74.6165,53.6807],[74.772,53.8309],[75.0279,53.8079],[75.6912,54.1131],[76.4331,54.3166],[76.7661,54.3646],[76.5257,53.9613],[77.6128,53.4428],[77.7847,53.3274],[78.4765,52.6379],[79.4698,51.4926],[79.9901,50.7881],[80.439,50.9581],[80.4762,51.2096],[80.6828,51.302],[81.1472,51.136],[81.0583,50.9471],[81.4008,50.9591],[81.4602,50.7303],[81.7635,50.7843],[82.0731,50.7157],[82.9759,50.8819],[83.1076,50.9927],[83.434,50.9927],[83.8205,50.868],[84.0886,50.6346],[84.25,50.2599],[84.9758,50.0752],[85.0326,49.885],[85.2631,49.5815],[85.384,49.6157],[86.1115,49.5202],[86.3918,49.625],[86.6102,49.7955],[86.7759,49.695],[86.9051,49.3519],[87.218,49.2298],[87.3238,49.0853],[87.8163,49.1658]]],[[[21.3749,55.29],[21.1813,55.1933],[21.2302,54.9389],[20.0337,54.9482],[19.6803,54.4367],[20.9296,54.3978],[22.6984,54.3429],[22.6817,54.5699],[22.8089,54.8938],[22.5807,55.0576],[22.0999,55.0299],[21.5039,55.1944],[21.3749,55.29]]],[[[138.0467,55.0581],[137.6061,55.2001],[137.4854,54.8793],[137.7061,54.625],[137.9862,54.7974],[138.0467,55.0581]]],[[[33.5705,44.8525],[33.3796,44.5645],[33.73,44.398],[33.9579,44.383],[34.3412,44.5585],[34.469,44.7298],[35.0057,44.8352],[35.5474,45.1197],[35.848,44.9924],[36.4401,45.0675],[36.418,45.2299],[36.6135,45.4089],[36.3,45.4733],[36.0223,45.3681],[35.7918,45.4123],[35.4807,45.2978],[35.3322,45.3712],[35.0444,45.6701],[34.789,45.8037],[34.6886,45.974],[33.8462,46.1957],[33.6285,46.1249],[33.7087,45.9097],[32.9368,45.6625],[32.5252,45.4582],[32.5129,45.3406],[32.8993,45.3542],[33.2596,45.1561],[33.5625,45.0939],[33.5705,44.8525]]],[[[142.5291,54.2972],[142.4095,54.2316],[142.7083,53.9482],[142.5767,53.5001],[142.2297,53.5208],[141.7688,53.3716],[141.9284,53.0207],[141.8438,52.5908],[141.661,52.3825],[141.6755,51.9124],[141.8171,51.6723],[142.0789,51.4714],[142.2669,51.0743],[142.1284,50.8945],[142.0452,50.5283],[142.1501,50.3457],[142.1597,49.678],[142.0772,49.1982],[141.9673,48.8624],[141.8574,48.7742],[142.1387,48.3181],[142.1911,47.9667],[141.9658,47.6125],[141.9751,47.2976],[142.0567,47.0537],[141.8223,46.6023],[141.9326,46.0358],[142.2017,46.0307],[142.2819,46.3275],[142.4572,46.6308],[143.3428,46.5628],[143.4214,46.2231],[143.6257,46.3747],[143.4187,46.7997],[143.1729,46.7078],[143.0164,47.2536],[142.7595,47.4312],[142.5453,47.7667],[142.5496,48.0201],[142.9885,48.9167],[142.9746,49.0459],[143.1742,49.246],[143.499,49.3492],[144.2827,49.2502],[144.2222,49.5326],[144.0027,50.0128],[143.7903,50.3092],[143.4618,51.4696],[143.2212,51.5316],[143.3104,51.7543],[143.1631,51.874],[143.1187,52.3378],[143.3379,52.7038],[143.2901,53.1519],[142.9397,53.7497],[143.0039,54.1355],[142.7336,54.4215],[142.5291,54.2972]]],[[[146.4692,44.4288],[146.1193,44.506],[145.9749,44.2923],[146.3259,44.2922],[146.4692,44.4288]]],[[[148.7992,45.4157],[148.6211,45.4982],[148.3119,45.2753],[147.8862,45.2187],[147.2644,44.8676],[147.3884,44.7367],[147.7683,44.9433],[147.9903,45.0058],[148.2158,45.1957],[148.7992,45.4157]]],[[[150.3342,46.2108],[150.0202,46.073],[149.4823,45.6694],[149.6378,45.6109],[150.1423,45.898],[150.3633,46.0815],[150.3342,46.2108]]],[[[156.1253,50.6375],[155.8895,50.6909],[155.7178,50.4231],[155.4102,50.3602],[155.2209,50.1099],[155.8849,50.2537],[156.1253,50.6375]]],[[[-180,68.9824],[-180,68.5596],[-180,68.0609],[-180,67.5623],[-180,67.0637],[-180,66.5651],[-180,66.0665],[-180,65.5679],[-180,65.0693],[-180,65.0662],[-179.6631,65.1413],[-179.277,65.6303],[-179.7233,65.7815],[-179.7683,66.1029],[-178.9824,66.1589],[-178.6824,66.1019],[-178.8725,65.8939],[-178.4111,65.6818],[-178.284,65.4443],[-177.4159,65.4407],[-176.9766,65.6081],[-175.9088,65.403],[-175.7407,65.1234],[-175.7748,64.9394],[-175.4568,64.7972],[-174.6523,64.7253],[-174.0724,64.5491],[-173.9893,64.4123],[-173.1063,64.241],[-172.3877,64.4074],[-172.4651,64.5584],[-172.8159,64.6117],[-172.7009,64.8776],[-172.0931,65.0504],[-172.1625,65.4207],[-171.8084,65.4893],[-170.6674,65.5995],[-170.5324,65.8527],[-169.7009,66.1286],[-170.5653,66.3536],[-171.3634,66.6748],[-171.3309,66.745],[-171.8952,66.9707],[-172.6658,66.885],[-172.9957,66.9174],[-173.5471,67.0907],[-174.0262,66.9611],[-173.8331,66.5063],[-174.4345,66.3564],[-174.4357,66.5315],[-174.9713,66.6654],[-174.686,66.7623],[-174.9076,67.0374],[-174.8061,67.3647],[-175.1596,67.3375],[-175.2865,67.6671],[-175.824,67.813],[-176.3005,67.7242],[-176.718,68.0263],[-177.2591,68.2111],[-177.6085,68.1968],[-178.0418,68.4277],[-178.6999,68.5432],[-178.8448,68.7524],[-180,68.9824]]],[[[169.4465,69.8491],[168.2647,70.0241],[167.7909,69.8083],[168.8745,69.5679],[169.1895,69.5752],[169.4465,69.8491]]],[[[-180,71.5367],[-180,71.0526],[-180,70.992],[-179.3421,70.908],[-177.9305,71.0414],[-177.4434,71.237],[-178.3948,71.5407],[-179.0746,71.6],[-180,71.5367]]],[[[180,70.9924],[180,71.0526],[180,71.5364],[178.9054,71.237],[178.6227,71.0377],[178.832,70.8085],[179.667,70.8748],[180,70.9924]]],[[[70.1306,66.5563],[70.0857,66.6901],[69.4246,66.7684],[69.5454,66.591],[70.1306,66.5563]]],[[[78.2791,72.5522],[77.6102,72.6347],[76.918,72.293],[77.5864,72.2853],[78.2791,72.5522]]],[[[71.6691,73.2275],[70.9487,73.5175],[69.9827,73.4081],[69.9343,73.1317],[70.2566,73.0383],[71.4947,73.1501],[71.6691,73.2275]]],[[[50.323,69.1505],[50.1644,69.2609],[49.2717,69.508],[48.8063,69.4932],[48.3042,69.2768],[48.2188,68.9092],[48.5921,68.7309],[49.2485,68.78],[49.7197,68.89],[49.9549,69.0747],[50.323,69.1505]]],[[[60.5398,69.8187],[60.4759,69.9205],[59.7829,70.1315],[59.0236,70.4798],[58.5223,70.3311],[58.6956,70.0028],[59.4315,69.8895],[59.5635,69.715],[60.201,69.6851],[60.5398,69.8187]]],[[[128.3171,72.8123],[129.207,72.7619],[129.2197,72.9264],[128.3171,72.8123]]],[[[143.4749,73.3206],[143.4072,73.5428],[142.5828,73.8253],[142.0452,73.9166],[141.1272,73.8817],[140.4933,73.485],[141.5124,73.2994],[143.1749,73.1766],[143.4749,73.3206]]],[[[141.0978,74.1492],[140.8914,74.2765],[140.2219,74.2201],[140.4378,73.9084],[141.0378,74.0039],[141.0978,74.1492]]],[[[113.4058,74.444],[112.1101,74.5512],[111.5813,74.2602],[112.7749,74.0881],[113.4058,74.444]]],[[[150.8276,75.1634],[149.1268,75.2686],[148.6104,75.2155],[148.4077,75.4211],[147.3739,75.4404],[146.3892,75.5852],[146.0718,75.2403],[147.0879,75.0052],[148.1721,74.8035],[149.209,74.758],[150.6092,74.8935],[150.8276,75.1634]]],[[[145.3662,75.5402],[143.9471,75.8348],[142.5469,75.863],[141.7022,76.121],[140.9089,75.9841],[140.8644,75.7388],[140.1504,75.8005],[139.9116,75.9374],[139.1096,76.0969],[138.138,76.1188],[137.433,75.9532],[137.5884,75.7736],[137.0676,75.7258],[137.4307,75.3893],[136.8622,75.362],[137.1491,75.1342],[137.7938,74.9754],[138.1657,74.7762],[139.3434,74.6874],[140.0687,74.8279],[141.8438,74.999],[142.3556,74.8245],[143.4645,74.9001],[143.448,75.0058],[142.6282,75.097],[142.0832,75.5259],[142.324,75.7119],[143.0135,75.6024],[142.4943,75.3757],[142.8722,75.1566],[143.4148,75.0671],[144.3312,75.0468],[144.6882,75.16],[144.7293,75.4316],[145.3662,75.5402]]],[[[51.4095,71.8061],[51.5324,71.5659],[51.862,71.4562],[52.5739,71.5759],[52.8684,71.4022],[53.2517,71.456],[53.577,71.1993],[53.4919,71.0725],[54.0065,70.7578],[54.4924,70.7845],[54.7606,70.6806],[55.8176,70.6133],[57.1719,70.6132],[57.6387,70.7299],[57.0632,70.8625],[56.1057,71.259],[55.6721,71.611],[55.3428,72.0656],[55.377,72.3027],[55.6848,72.5733],[55.7385,72.7842],[56.2199,72.8266],[56.4352,73.2301],[55.3042,73.3393],[54.9348,73.4254],[54.1908,73.2722],[53.7532,73.2989],[53.1556,73.1506],[53.1419,72.9625],[52.3976,72.7179],[52.9142,72.597],[52.3323,72.0706],[51.61,72.0917],[51.4095,71.8061]]],[[[56.987,74.6905],[56.3871,74.7214],[55.5296,74.6549],[55.709,74.5224],[55.6227,74.1902],[55.0189,74.173],[54.7258,73.9779],[53.8687,73.7787],[54.4739,73.3908],[55.0207,73.4435],[56.5788,73.2608],[57.2539,73.4572],[57.946,73.8066],[57.8784,73.9343],[58.5083,74.2175],[58.5705,74.3889],[59.2214,74.6154],[59.8748,74.6285],[60.5606,74.8663],[60.8325,75.1529],[62.0482,75.4503],[63.3044,75.5886],[66.1786,75.962],[68.2879,76.2813],[68.9307,76.7194],[68.4629,76.9667],[67.5881,77.0134],[66.9435,76.949],[65.7534,76.6828],[65.169,76.4753],[62.9568,76.2069],[61.637,76.312],[61.0769,76.28],[60.8384,76.123],[60.2681,76.1101],[58.2591,75.6929],[58.1867,75.5888],[57.0462,75.3981],[56.8809,75.2233],[55.8084,75.1566],[55.865,75.0036],[56.5428,74.9249],[56.987,74.6905]]],[[[53.2318,71.2159],[52.7411,71.4058],[52.2578,71.3489],[52.7998,71.093],[53.2318,71.2159]]],[[[46.6873,80.5293],[46.9207,80.7487],[45.0947,80.6492],[45.489,80.5242],[46.6873,80.5293]]],[[[62.2219,80.8132],[59.6939,80.8371],[59.2293,80.6441],[59.6364,80.4312],[61.0446,80.4052],[62.0723,80.6142],[62.2219,80.8132]]],[[[51.6893,80.7273],[50.7243,80.8955],[49.0037,80.7757],[49.631,80.6396],[47.428,80.3227],[47.6331,80.1178],[49.1072,80.1895],[49.7278,80.4943],[50.9496,80.5368],[51.6893,80.7273]]],[[[54.5641,80.9954],[55.7988,80.8544],[56.0192,81.0436],[54.5641,80.9954]]],[[[55.7121,80.1035],[56.9568,80.0663],[57.131,80.3061],[55.9893,80.3367],[55.7121,80.1035]]],[[[62.7705,80.8856],[63.1307,80.6831],[64.4256,80.7409],[65.4458,80.9196],[65.2298,81.1367],[64.4229,81.1938],[64.0365,80.9869],[62.7705,80.8856]]],[[[79.563,72.7683],[79.1404,73.0954],[78.5923,72.8621],[78.9099,72.7413],[79.563,72.7683]]],[[[105.4155,78.5834],[105.1751,78.8093],[104.4992,78.8638],[103.9891,79.1308],[102.7429,79.1588],[103.1384,79.3251],[102.3029,79.4328],[101.3099,79.2388],[100.2546,78.6654],[100.0497,78.3432],[99.2683,78.0416],[100.0373,77.9616],[101.2098,78.1935],[102.8657,78.2191],[104.7874,78.3364],[105.4155,78.5834]]],[[[93.6282,79.9334],[91.7821,80.0638],[91.2624,79.903],[92.6248,79.6728],[93.6699,79.8317],[93.6282,79.9334]]],[[[99.886,79.0415],[99.5832,79.1728],[99.7072,79.5691],[100.0225,79.8236],[99.199,80.05],[98.5779,79.9826],[97.5921,80.1749],[94.9356,80.0713],[94.2883,79.8986],[93.7489,79.5439],[94.3123,79.4792],[94.3645,79.2369],[95.0182,79.0385],[96.7985,78.9892],[97.7608,78.8088],[99.4056,78.8225],[99.886,79.0415]]],[[[97.7471,80.7416],[96.973,80.9061],[95.7766,81.2888],[94.8897,81.1444],[93.0527,80.9954],[92.7188,80.888],[92.7405,80.513],[91.9185,80.4684],[92.5049,80.1577],[93.6941,79.9981],[95.0339,80.1383],[97.188,80.2336],[97.0208,80.5259],[97.7471,80.7416]]],[[[166.6644,54.7564],[166.2503,55.1523],[166.2878,55.3039],[165.9556,55.3642],[166.0829,55.0606],[166.3565,54.8395],[166.6644,54.7564]]],[[[164.7069,58.9768],[164.5581,59.2397],[163.9667,59.0286],[163.5855,58.5579],[164.1212,58.7807],[164.6319,58.8654],[164.7069,58.9768]]],[[[67.3812,68.7923],[67.2356,68.8204],[67.2072,68.8015],[67.3333,68.7585],[67.3812,68.7923]]]]},"properties":{"iso":"RUS","name":"Rússia"}},{"type":"Feature","geometry":{"type":"Polygon","coordinates":[[[28.21,45.45],[28.1,45.97],[28.24,46.45],[28.07,46.98],[27.85,47.11],[27.34,47.64],[26.98,48.16],[26.62,48.26],[26.31,48.2],[26.16,47.99],[25.46,47.91],[24.89,47.72],[24.58,47.93],[24.18,47.91],[23.2,48.08],[22.88,47.95],[22.68,47.8],[22.29,47.73],[22,47.51],[21.79,47.14],[21.32,46.61],[21.15,46.3],[20.61,46.13],[20.24,46.11],[20.78,45.75],[20.77,45.48],[21.49,45.12],[21.38,44.87],[21.64,44.71],[22.09,44.54],[22.5,44.71],[22.49,44.44],[22.71,44.24],[23.03,44.08],[23.22,43.87],[24.23,43.76],[24.43,43.79],[25.5,43.67],[25.82,43.77],[26.22,44.01],[27.09,44.17],[27.43,44.02],[27.88,43.99],[28.05,43.82],[28.59,43.74],[28.65,44.3],[29.05,44.76],[29.56,44.84],[29.71,45.26],[29.57,45.37],[29.22,45.4],[28.76,45.23],[28.45,45.29],[28.21,45.45]]]},"properties":{"iso":"ROU","name":"Roménia"}},{"type":"Feature","geometry":{"type":"Polygon","coordinates":[[[51.27,24.61],[51.43,24.67],[51.59,24.96],[51.6,25.15],[51.49,25.52],[51.54,25.9],[51.26,26.15],[51,25.98],[50.76,25.44],[50.85,24.89],[50.8,24.79],[50.97,24.57],[51.27,24.61]]]},"properties":{"iso":"QAT","name":"Catar"}},{"type":"Feature","geometry":{"type":"MultiPolygon","coordinates":[[[[-17.19,32.87],[-17.17,32.72],[-16.84,32.65],[-16.69,32.76],[-17.19,32.87]]],[[[-8.78,41.94],[-8.81,41.65],[-8.66,41.03],[-8.89,40.18],[-8.84,40.12],[-9.15,39.54],[-9.37,39.34],[-9.47,38.73],[-9.25,38.66],[-9.21,38.45],[-8.91,38.51],[-8.8,38.18],[-8.88,37.96],[-8.79,37.73],[-8.81,37.43],[-9,37.03],[-8.6,37.12],[-7.83,37.01],[-7.41,37.18],[-7.5,37.59],[-7.19,38.01],[-7.02,38.04],[-7.34,38.46],[-7.28,38.71],[-7.05,38.91],[-7.45,39.54],[-7.45,39.68],[-7.04,39.71],[-6.9,40.02],[-7.01,40.21],[-6.81,40.34],[-6.82,40.65],[-6.93,41.01],[-6.21,41.53],[-6.54,41.67],[-6.62,41.94],[-7.03,41.95],[-7.4,41.83],[-7.92,41.88],[-8.15,41.81],[-8.21,42.13],[-8.78,41.94]]]]},"properties":{"iso":"PRT","name":"Portugal"}},{"type":"Feature","geometry":{"type":"Polygon","coordinates":[[[23.61,51.52],[23.54,51.71],[23.65,52.04],[23.2,52.26],[23.48,52.55],[23.84,52.66],[23.89,53.03],[23.6,53.6],[23.48,53.94],[23.45,54.14],[23.02,54.35],[22.77,54.36],[22.17,54.36],[20.21,54.42],[19.6,54.46],[18.98,54.35],[18.67,54.43],[18.32,54.84],[17.26,54.73],[16.56,54.55],[16.19,54.29],[14.72,54.02],[14.21,53.95],[14.21,53.87],[14.26,53.73],[14.41,53.28],[14.13,52.88],[14.62,52.53],[14.55,52.36],[14.75,52.08],[14.6,51.83],[15.02,51.25],[14.81,50.86],[14.99,51.01],[15.35,50.81],[16.01,50.61],[16.68,50.1],[17.15,50.38],[17.87,49.97],[18.03,50.04],[18.56,49.88],[18.83,49.51],[19.15,49.4],[19.44,49.6],[19.8,49.19],[20.62,49.39],[20.95,49.32],[21.08,49.42],[21.64,49.41],[22.02,49.21],[22.54,49.07],[22.71,49.17],[22.65,49.54],[23.04,49.9],[23.71,50.38],[23.97,50.41],[24.11,50.84],[23.66,51.31],[23.61,51.52]]]},"properties":{"iso":"POL","name":"Polónia"}},{"type":"Feature","geometry":{"type":"MultiPolygon","coordinates":[[[[121.1,18.62],[120.81,18.6],[120.6,18.51],[120.36,17.64],[120.42,17.44],[120.41,16.96],[120.31,16.53],[120.39,16.22],[120.16,16.05],[119.83,16.33],[119.77,16.01],[119.89,15.84],[119.93,15.43],[120.08,14.85],[120.25,14.79],[120.44,14.45],[120.59,14.48],[120.55,14.77],[120.89,14.72],[120.92,14.49],[120.62,14.19],[120.64,13.8],[120.84,13.88],[121.2,13.64],[121.45,13.71],[121.5,13.84],[121.78,13.94],[122.07,13.79],[122.41,13.49],[122.52,13.26],[122.67,13.4],[122.51,13.66],[122.6,13.91],[122.9,13.59],[123.16,13.44],[123.31,13.04],[123.63,12.91],[123.92,12.94],[123.88,12.69],[124.06,12.57],[124.14,13.04],[123.79,13.11],[123.82,13.27],[123.61,13.53],[123.73,13.88],[123.43,13.97],[123.23,13.75],[122.86,14.25],[122.49,14.32],[122.2,14.15],[122.21,13.93],[121.8,14.11],[121.65,14.48],[121.7,14.74],[121.39,15.32],[121.61,15.67],[121.6,15.93],[121.79,16.08],[122.14,16.18],[122.43,16.82],[122.52,17.12],[122.24,17.43],[122.15,17.76],[122.18,18.06],[122.3,18.4],[121.85,18.3],[121.1,18.62]]],[[[117.31,8.44],[117.52,8.54],[117.99,8.88],[118.13,9.1],[118.43,9.26],[118.77,9.77],[118.78,9.92],[119.19,10.06],[119.28,10.25],[119.6,10.41],[119.68,10.55],[119.53,10.95],[119.47,11.29],[119.26,10.85],[119.29,10.57],[119.02,10.35],[118.11,9.35],[117.88,9.24],[117.35,8.71],[117.31,8.44]]],[[[122.5,11.62],[122.29,11.77],[122.1,11.64],[122.05,11.1],[121.96,10.87],[121.99,10.46],[122.2,10.62],[122.52,10.69],[122.77,10.82],[122.8,10.99],[123.02,11.12],[123.16,11.54],[122.93,11.53],[122.5,11.62]]],[[[123.13,9.06],[123.31,9.36],[123.15,9.61],[123.16,9.86],[123.57,10.78],[123.51,10.92],[123.26,10.99],[122.98,10.89],[122.82,10.5],[122.86,10.09],[122.47,9.96],[122.41,9.69],[122.56,9.48],[122.87,9.32],[122.99,9.06],[123.13,9.06]]],[[[124.57,11.34],[124.33,11.54],[124.45,10.92],[124.66,10.96],[124.79,10.78],[124.74,10.44],[124.78,10.17],[125.03,10.03],[125.25,10.26],[125.19,10.58],[125.01,10.79],[125.03,11.21],[124.93,11.37],[124.57,11.34]]],[[[125.24,12.53],[125.15,12.57],[124.57,12.53],[124.29,12.57],[124.38,12.24],[124.68,12.02],[124.88,11.78],[125.03,11.34],[125.23,11.15],[125.63,11.13],[125.51,11.54],[125.46,11.95],[125.54,12.19],[125.32,12.32],[125.24,12.53]]],[[[120.7,13.48],[120.4,13.52],[120.51,13.26],[120.76,12.97],[120.92,12.51],[121.24,12.22],[121.39,12.3],[121.54,12.64],[121.48,12.84],[121.52,13.13],[121.2,13.43],[120.7,13.48]]],[[[126.01,9.32],[125.88,9.51],[125.52,9.76],[125.41,9.67],[125.53,9.14],[125.5,9.01],[125.21,9.03],[125.14,8.87],[124.87,8.97],[124.73,8.56],[124.45,8.61],[124.23,8.27],[123.88,8.19],[123.85,8.43],[123.68,8.62],[123.43,8.7],[123.34,8.57],[123.02,8.4],[122.91,8.16],[122.34,8.03],[122.13,7.81],[122.05,7.36],[121.92,7.2],[121.96,6.97],[122.18,7],[122.5,7.67],[122.79,7.72],[122.84,7.53],[123.18,7.53],[123.39,7.41],[123.49,7.81],[123.67,7.82],[123.97,7.66],[124.21,7.4],[124.19,7.27],[123.99,6.99],[124.08,6.4],[124.21,6.23],[124.64,6],[125.04,5.87],[125.17,6.05],[125.29,5.63],[125.46,5.66],[125.67,5.98],[125.59,6.47],[125.38,6.69],[125.4,6.8],[125.82,7.33],[126.08,6.73],[126.44,7.01],[126.58,7.25],[126.57,7.68],[126.44,7.83],[126.46,8.2],[126.37,8.48],[126.14,8.63],[126.32,8.84],[126.19,9.28],[126.01,9.32]]],[[[123.37,9.45],[123.49,9.59],[123.64,10.02],[123.95,10.32],[124.05,10.59],[124.05,10.93],[123.93,10.96],[123.71,10.47],[123.39,9.97],[123.32,9.49],[123.37,9.45]]],[[[124.59,9.79],[124.58,10.03],[124.34,10.16],[124.17,10.14],[123.82,9.82],[123.94,9.62],[124.36,9.63],[124.59,9.79]]],[[[122.09,6.43],[122.29,6.64],[122.06,6.74],[121.81,6.61],[121.96,6.42],[122.09,6.43]]],[[[121.91,13.54],[121.83,13.33],[122,13.2],[122.11,13.46],[121.91,13.54]]],[[[123.72,12.29],[123.46,12.5],[123.27,12.4],[123.42,12.19],[123.98,11.82],[124.04,11.97],[123.91,12.17],[123.72,12.29]]],[[[124.35,13.63],[124.42,13.87],[124.22,14.08],[124.12,13.98],[124.04,13.66],[124.18,13.53],[124.35,13.63]]]]},"properties":{"iso":"PHL","name":"Filipinas"}},{"type":"Feature","geometry":{"type":"Polygon","coordinates":[[[-69.5101,-17.5066],[-69.6644,-17.2886],[-69.4274,-17.0869],[-69.1917,-16.743],[-69.0371,-16.6702],[-69.0017,-16.4228],[-68.8436,-16.302],[-69.2196,-16.1528],[-69.4243,-15.6563],[-69.2912,-15.3508],[-69.1481,-15.2333],[-69.3907,-14.9644],[-69.2475,-14.5937],[-68.9903,-14.379],[-68.8837,-14.2115],[-68.983,-13.9722],[-68.9739,-13.0318],[-68.981,-12.8679],[-68.6895,-12.4934],[-69.5776,-10.9523],[-69.9561,-10.9193],[-70.2894,-11.0647],[-70.5341,-10.9381],[-70.6413,-11.0108],[-70.6387,-9.9559],[-70.5434,-9.7269],[-70.6808,-9.5277],[-71.1965,-9.9399],[-71.3914,-10.0068],[-72.1957,-10.0056],[-72.1604,-9.8877],[-72.2617,-9.6674],[-72.4302,-9.4822],[-72.8133,-9.4109],[-73.215,-9.409],[-72.9594,-9.0856],[-73.1746,-8.7207],[-73.3506,-8.5983],[-73.3564,-8.4798],[-73.5265,-8.3724],[-73.668,-8.0138],[-73.7122,-7.7882],[-73.9845,-7.5294],[-73.9794,-7.3745],[-73.7608,-7.3374],[-73.8123,-7.1029],[-73.7655,-6.9042],[-73.3707,-6.5839],[-73.1318,-6.4353],[-73.2348,-6.0776],[-73.0014,-5.7088],[-72.8967,-5.2716],[-72.9179,-5.1321],[-72.6273,-5.0224],[-72.0711,-4.6051],[-71.7743,-4.4815],[-70.9687,-4.3853],[-70.8322,-4.1794],[-70.5853,-4.1945],[-70.4299,-4.1342],[-70.2313,-4.3037],[-69.9649,-4.2365],[-70.1884,-4.029],[-70.3111,-3.8293],[-70.5443,-3.8652],[-70.7341,-3.782],[-70.0506,-2.7151],[-70.2361,-2.6251],[-70.8742,-2.2296],[-70.9927,-2.1974],[-71.2199,-2.3415],[-71.387,-2.3689],[-71.4565,-2.2551],[-71.7679,-2.1422],[-71.9663,-2.3285],[-72.3966,-2.4465],[-72.6443,-2.3341],[-72.9433,-2.419],[-73.1953,-2.1872],[-73.1111,-2.0734],[-73.1863,-1.7996],[-73.3403,-1.7922],[-73.531,-1.6737],[-73.4972,-1.478],[-73.6366,-1.2552],[-74.2891,-0.943],[-74.4147,-0.5638],[-74.8247,-0.1705],[-74.9335,-0.2094],[-75.1417,-0.0435],[-75.2835,-0.107],[-75.4553,-0.1612],[-75.4342,-0.403],[-75.272,-0.5257],[-75.2666,-0.6427],[-75.2273,-0.9698],[-75.4126,-0.9239],[-75.5807,-1.5466],[-76.0912,-2.1289],[-76.6697,-2.5646],[-77.8104,-2.9671],[-77.9415,-3.0545],[-78.3759,-3.5293],[-78.5018,-3.9537],[-78.6824,-4.3269],[-78.7089,-4.5851],[-78.8531,-4.6523],[-79.0093,-4.9601],[-79.2337,-4.9656],[-79.4608,-4.7705],[-79.5072,-4.5316],[-79.658,-4.4387],[-79.7957,-4.4847],[-80.0797,-4.309],[-80.4085,-4.4775],[-80.4885,-4.396],[-80.5123,-4.065],[-80.3046,-4.0052],[-80.1651,-3.8807],[-80.2164,-3.6316],[-80.3407,-3.3935],[-80.7717,-3.7101],[-81.0625,-4.0857],[-81.2528,-4.2387],[-81.3376,-4.6783],[-81.0634,-5.022],[-81.1985,-5.2081],[-80.9318,-5.4638],[-80.8562,-5.6505],[-80.9399,-5.8508],[-81.1502,-5.8831],[-81.1015,-6.0721],[-80.6307,-6.3777],[-80.1189,-6.6506],[-79.6921,-7.1614],[-79.4659,-7.7159],[-79.2997,-7.9387],[-78.9857,-8.2174],[-78.9403,-8.4355],[-78.7593,-8.6083],[-78.7643,-8.7751],[-78.649,-8.9637],[-78.4974,-9.1895],[-78.3699,-9.6154],[-78.2294,-9.7938],[-78.1666,-10.1414],[-77.8906,-10.6025],[-77.6705,-10.9275],[-77.5947,-11.1651],[-77.6473,-11.2923],[-77.3205,-11.4937],[-77.1976,-11.6808],[-77.1407,-11.999],[-77.1749,-12.0719],[-77.1144,-12.0813],[-76.8536,-12.3026],[-76.7991,-12.5093],[-76.5162,-12.8699],[-76.4833,-13.0363],[-76.2492,-13.3204],[-76.1813,-13.5395],[-76.2774,-13.9451],[-76.2821,-14.1409],[-76.1492,-14.2239],[-75.9806,-14.4611],[-75.9307,-14.6493],[-75.5506,-14.8849],[-75.3618,-15.1448],[-75.2411,-15.2053],[-75.0757,-15.4377],[-74.4631,-15.7267],[-74.4417,-15.798],[-74.0466,-15.9601],[-73.7003,-16.2207],[-73.4203,-16.2931],[-73.2801,-16.3884],[-72.6924,-16.6607],[-72.3622,-16.7613],[-72.2934,-16.8806],[-71.8076,-17.1913],[-71.4885,-17.318],[-71.4003,-17.4003],[-71.3596,-17.6331],[-71.1758,-17.7933],[-70.9146,-17.9465],[-70.6833,-18.1617],[-70.3947,-18.3377],[-69.9703,-18.2506],[-69.7831,-17.9816],[-69.8576,-17.7342],[-69.5101,-17.5066]]]},"properties":{"iso":"PER","name":"Peru"}},{"type":"Feature","geometry":{"type":"Polygon","coordinates":[[[-62.3414,-22.4723],[-61.9564,-23.0344],[-61.4918,-23.4132],[-61.1099,-23.607],[-61.0063,-23.8055],[-60.7878,-23.8734],[-60.328,-24.018],[-60.0337,-24.007],[-59.4597,-24.3585],[-59.341,-24.4876],[-58.8092,-24.7768],[-58.4734,-24.8513],[-57.8905,-25.0787],[-57.672,-25.2898],[-57.5975,-25.4034],[-57.6231,-25.6154],[-57.7537,-25.6727],[-57.8197,-25.8498],[-57.8727,-26.0103],[-58.0865,-26.1272],[-58.2062,-26.4027],[-58.2479,-26.7582],[-58.3513,-26.8858],[-58.6533,-27.1563],[-58.6042,-27.3163],[-58.022,-27.2598],[-57.5357,-27.4072],[-57.3101,-27.4292],[-57.1801,-27.4873],[-56.9044,-27.4187],[-56.638,-27.4529],[-56.3675,-27.5806],[-56.2798,-27.3896],[-56.1246,-27.2989],[-55.9661,-27.3317],[-55.7547,-27.4437],[-55.5913,-27.3284],[-55.599,-27.1826],[-55.414,-26.9799],[-54.9753,-26.7878],[-54.7065,-26.4418],[-54.665,-26.2389],[-54.5879,-25.8108],[-54.6002,-25.5749],[-54.6098,-25.4328],[-54.4297,-25.1306],[-54.4623,-25.0372],[-54.3584,-24.7314],[-54.261,-24.3295],[-54.3346,-24.1489],[-54.2453,-24.0506],[-54.6126,-23.8112],[-54.9436,-23.9692],[-55.2009,-24.0195],[-55.398,-23.9768],[-55.5338,-23.5304],[-55.5352,-23.2291],[-55.6378,-23.0007],[-55.6312,-22.6268],[-55.8929,-22.3068],[-56.1968,-22.2793],[-56.4218,-22.0745],[-56.6547,-22.2373],[-56.8429,-22.289],[-57.2138,-22.1882],[-57.385,-22.2133],[-57.8439,-22.1437],[-57.9731,-22.081],[-57.8956,-21.6884],[-57.9299,-21.4531],[-57.8556,-21.3307],[-57.8254,-20.9986],[-57.8602,-20.7303],[-57.991,-20.6206],[-57.9894,-20.4331],[-58.1588,-20.1651],[-58.1753,-19.8214],[-59.0895,-19.2867],[-60.0064,-19.2981],[-61.7612,-19.6578],[-61.9247,-20.0651],[-62.2106,-20.4713],[-62.2773,-20.5798],[-62.2719,-21.0004],[-62.2757,-21.0666],[-62.6504,-22.2345],[-62.3414,-22.4723]]]},"properties":{"iso":"PRY","name":"Paraguai"}},{"type":"Feature","geometry":{"type":"MultiPolygon","coordinates":[[[[152.97,-4.76],[153.12,-4.25],[153.02,-4.11],[152.18,-3.41],[152.03,-3.25],[151.58,-3.15],[151.97,-3.45],[152.19,-3.51],[152.6,-3.99],[152.7,-4.28],[152.68,-4.5],[152.97,-4.76]]],[[[151.92,-4.3],[151.59,-4.2],[151.55,-4.35],[151.66,-4.64],[151.67,-4.88],[151.33,-4.96],[151.14,-5.11],[150.95,-5.42],[150.63,-5.52],[150.3,-5.54],[150.11,-5.43],[149.83,-5.52],[149.25,-5.57],[149,-5.48],[148.34,-5.54],[148.4,-5.77],[148.81,-5.92],[149.13,-6.13],[149.38,-6.08],[149.65,-6.29],[150.43,-6.28],[150.81,-6.07],[151.23,-5.92],[151.42,-5.75],[151.52,-5.55],[151.87,-5.56],[152.14,-5.36],[151.99,-5.15],[152.01,-5],[152.26,-4.95],[152.4,-4.73],[152.41,-4.34],[152.12,-4.21],[151.92,-4.3]]],[[[140.98,-9.12],[141.13,-9.22],[141.41,-9.15],[141.62,-9.21],[142.23,-9.17],[142.65,-9.33],[143.37,-8.96],[143.39,-8.8],[143.11,-8.47],[143.09,-8.31],[143.61,-8.2],[143.94,-7.94],[143.9,-7.67],[144.23,-7.76],[144.51,-7.57],[144.77,-7.64],[144.97,-7.8],[145.47,-7.93],[145.73,-7.95],[146.03,-8.08],[146.18,-8.25],[146.7,-9.03],[146.91,-9.09],[147.02,-9.39],[147.41,-9.67],[147.55,-9.91],[147.77,-10.07],[148.15,-10.11],[148.38,-10.19],[148.71,-10.17],[148.94,-10.26],[149.75,-10.35],[150.02,-10.58],[150.48,-10.64],[150.49,-10.43],[150.67,-10.26],[149.87,-10.01],[149.76,-9.81],[149.97,-9.66],[149.48,-9.59],[149.2,-9.41],[149.25,-9.07],[149.1,-9.02],[148.79,-9.09],[148.58,-9.05],[148.45,-8.69],[148.25,-8.55],[148.13,-8.1],[147.72,-7.88],[147.19,-7.38],[146.96,-6.93],[147.12,-6.72],[147.71,-6.72],[147.85,-6.66],[147.8,-6.32],[147.57,-6.06],[147.38,-5.95],[147.03,-5.92],[146.4,-5.62],[145.85,-5.47],[145.77,-4.82],[145.33,-4.39],[145.09,-4.35],[144.48,-3.83],[144.02,-3.78],[143.51,-3.43],[142.91,-3.32],[142.21,-3.08],[141.19,-2.63],[140.97,-2.61],[140.97,-4.23],[140.98,-6.35],[140.86,-6.74],[140.98,-6.91],[140.98,-9.12]]],[[[147.07,-1.96],[146.66,-1.97],[146.75,-2.15],[147.21,-2.18],[147.4,-2.03],[147.07,-1.96]]],[[[150.44,-2.66],[150.43,-2.47],[150.23,-2.38],[150.04,-2.51],[150.17,-2.66],[150.44,-2.66]]],[[[150.53,-9.35],[150.44,-9.62],[150.89,-9.67],[150.88,-9.51],[150.53,-9.35]]],[[[155.96,-6.69],[155.82,-6.38],[155.47,-6.15],[155,-5.54],[154.74,-5.55],[154.71,-5.75],[154.78,-5.97],[155.01,-6.21],[155.2,-6.31],[155.21,-6.53],[155.34,-6.72],[155.72,-6.86],[155.96,-6.69]]]]},"properties":{"iso":"PNG","name":"Papua-Nova Guiné"}},{"type":"Feature","geometry":{"type":"Polygon","coordinates":[[[-82.5736,9.5762],[-82.829,9.6027],[-82.9443,9.4372],[-82.9395,9.0706],[-82.7202,8.9202],[-82.9242,8.7412],[-82.8498,8.6299],[-82.9437,8.2486],[-82.8976,8.0347],[-82.8772,8.2191],[-82.6589,8.3228],[-82.5117,8.2764],[-82.2801,8.3432],[-82.1094,8.2333],[-81.7115,8.1303],[-81.6636,7.9973],[-81.5258,7.7115],[-81.1952,7.6389],[-81.0854,7.7943],[-80.9463,7.5557],[-80.8731,7.2126],[-80.6041,7.2367],[-80.4448,7.2459],[-80.3576,7.382],[-79.9947,7.5034],[-80.1438,7.7528],[-80.3755,7.9972],[-80.4785,8.0914],[-80.3807,8.3104],[-80.225,8.3011],[-80.0408,8.398],[-79.7744,8.5796],[-79.7563,8.7963],[-79.482,8.9984],[-79.176,9.0107],[-78.7576,8.8293],[-78.5044,8.634],[-78.4097,8.353],[-78.2864,8.0807],[-78.4308,8.0771],[-78.1442,7.4979],[-77.8958,7.2351],[-77.8202,7.4765],[-77.58,7.5284],[-77.3397,7.7072],[-77.3216,7.881],[-77.2012,7.982],[-77.2694,8.1677],[-77.4694,8.5378],[-77.3735,8.6647],[-77.5741,8.7928],[-78.0246,9.2265],[-78.4377,9.4044],[-79.0581,9.4579],[-79.0745,9.562],[-79.1938,9.5396],[-79.551,9.6293],[-79.909,9.3084],[-80.6371,9.0517],[-80.8626,8.8851],[-81.2131,8.7918],[-81.5391,8.8129],[-81.7934,8.9316],[-82.0067,8.9466],[-82.246,9.0141],[-82.3496,9.402],[-82.5736,9.5762]]]},"properties":{"iso":"PAN","name":"Panamá"}},{"type":"Feature","geometry":{"type":"Polygon","coordinates":[[[134.6,7.38],[134.66,7.66],[134.56,7.59],[134.51,7.44],[134.6,7.38]]]},"properties":{"iso":"PLW","name":"Palau"}},{"type":"Feature","geometry":{"type":"Polygon","coordinates":[[[76.77,35.66],[76.56,35.77],[76.25,35.81],[75.95,36.02],[75.97,36.38],[75.84,36.65],[75.42,36.74],[75.35,36.91],[74.54,37.02],[74,36.82],[73.77,36.89],[72.62,36.83],[72.16,36.7],[71.82,36.49],[71.62,36.44],[71.19,36.04],[71.43,35.83],[71.6,35.41],[71.62,35.18],[70.97,34.53],[71.1,34.37],[71.05,34.05],[70.42,33.95],[69.99,34.05],[69.87,33.9],[70.06,33.72],[70.28,33.37],[69.92,33.11],[69.5,33.02],[69.41,32.68],[69.24,32.43],[69.28,31.94],[68.87,31.63],[68.6,31.8],[68.21,31.81],[67.58,31.51],[67.74,31.34],[67.29,31.22],[66.92,31.31],[66.4,30.91],[66.29,30.61],[66.31,30.32],[66.18,29.84],[65.1,29.56],[64.52,29.56],[64.1,29.39],[63.57,29.5],[62.48,29.41],[60.84,29.86],[61.32,29.37],[61.62,28.79],[61.89,28.55],[62.35,28.41],[62.56,28.24],[62.76,28.2],[62.74,28],[62.81,27.5],[62.76,27.25],[63.17,27.25],[63.25,26.88],[63.17,26.67],[62.79,26.64],[62.44,26.56],[62.24,26.36],[61.87,26.24],[61.75,25.84],[61.67,25.77],[61.59,25.2],[61.74,25.14],[62.32,25.13],[62.57,25.25],[63.49,25.21],[63.72,25.39],[64.15,25.33],[64.66,25.18],[64.78,25.31],[65.41,25.37],[65.68,25.36],[66.43,25.58],[66.7,25.23],[66.7,24.86],[67.17,24.76],[67.31,24.17],[67.67,23.81],[68.17,23.86],[68.28,23.93],[68.72,23.96],[68.73,24.27],[69.56,24.27],[69.72,24.17],[70.02,24.19],[70.1,24.29],[70.55,24.42],[70.72,24.24],[71.04,24.4],[71.05,24.69],[70.88,25.06],[70.65,25.42],[70.65,25.67],[70.26,25.71],[70.08,26.07],[70.16,26.47],[70.06,26.58],[69.74,26.63],[69.47,26.8],[69.57,27.17],[69.9,27.47],[70.14,27.85],[70.4,28.03],[70.63,27.94],[70.74,27.73],[71.54,27.87],[71.87,27.96],[71.95,28.18],[72.18,28.42],[72.34,28.75],[72.9,29.03],[73.23,29.55],[73.38,29.93],[73.81,30.09],[73.93,30.22],[73.9,30.44],[74.22,30.77],[74.63,31.03],[74.52,31.19],[74.59,31.47],[74.51,31.71],[74.74,31.95],[75.25,32.14],[75.33,32.28],[74.99,32.46],[74.66,32.52],[74.66,32.76],[74.35,32.77],[74.3,32.99],[73.99,33.24],[74.15,33.51],[74,33.79],[73.98,34.19],[73.81,34.33],[73.96,34.65],[74.3,34.77],[75.19,34.64],[75.71,34.5],[76.04,34.67],[76.59,34.74],[77,34.99],[77.05,35.11],[76.77,35.66]]]},"properties":{"iso":"PAK","name":"Paquistão"}},{"type":"Feature","geometry":{"type":"MultiPolygon","coordinates":[[[[53.09,16.65],[53.61,16.76],[54.07,17.01],[54.57,17.03],[54.77,16.96],[55.06,17.04],[55.3,17.38],[55.26,17.59],[55.48,17.84],[56.27,17.95],[56.55,18.17],[56.66,18.59],[56.83,18.75],[57.18,18.9],[57.81,19.02],[57.72,19.61],[57.86,20.24],[58.1,20.57],[58.21,20.42],[58.47,20.41],[58.9,21.11],[59.37,21.5],[59.8,22.22],[59.82,22.51],[59.54,22.58],[59.03,23.13],[58.77,23.52],[58.58,23.64],[58.32,23.62],[58.12,23.72],[57.61,23.8],[57.22,23.92],[56.91,24.15],[56.64,24.47],[56.39,24.98],[56.06,24.74],[55.8,24.87],[55.76,24.24],[55.99,24.06],[55.55,23.99],[55.51,23.72],[55.2,23.03],[55.19,22.7],[55.64,22],[54.98,20],[53.67,19.56],[51.98,19],[52.73,17.3],[52.8,17.27],[53.09,16.65]]],[[[56.3,25.65],[56.37,25.8],[56.43,26.33],[56.16,26.21],[56.08,26.06],[56.14,25.69],[56.3,25.65]]]]},"properties":{"iso":"OMN","name":"Omã"}},{"type":"Feature","geometry":{"type":"MultiPolygon","coordinates":[[[[20.62,69.04],[21.13,69.08],[21.62,69.27],[22.41,68.72],[23.32,68.65],[23.85,68.81],[24.94,68.59],[25.75,68.99],[25.75,69.23],[26.01,69.65],[26.53,69.92],[27.11,69.9],[27.89,70.06],[28.41,69.82],[29.14,69.67],[29.33,69.47],[28.85,69.18],[28.97,69.02],[29.39,69.3],[29.99,69.39],[30.23,69.63],[30.86,69.54],[30.87,69.78],[29.79,69.73],[29.6,69.98],[30.94,70.27],[30.6,70.52],[30.21,70.54],[29.1,70.86],[27.6,71.09],[27.24,70.95],[26.51,70.91],[25.47,70.34],[25.27,70.55],[25.77,70.85],[24.66,71],[24.42,70.7],[23.05,70.1],[22.68,70.37],[21.4,70.17],[21.16,69.89],[20.07,69.88],[19.2,69.75],[18.99,69.56],[18.29,69.48],[18.1,69.16],[17.7,69.1],[17.39,68.8],[16.65,68.63],[16.58,68.47],[16.06,68.2],[15.32,68.07],[14.8,67.81],[14.75,67.5],[13.62,66.79],[13.1,66.54],[12.98,66.02],[12.27,65.57],[12.16,65.18],[11.35,64.91],[11.23,64.68],[10.57,64.42],[9.71,63.86],[9.92,63.52],[10.73,63.63],[10.76,63.46],[10.08,63.43],[9.7,63.62],[9.32,63.57],[8.84,63.65],[8.4,63.54],[8.1,63.09],[7.57,63.1],[7.01,62.96],[7.28,62.6],[6.35,62.61],[6.12,62.45],[5.53,62.31],[4.93,61.71],[5.05,60.71],[5.24,60.57],[5.12,59.83],[5.73,59.86],[5.77,59.66],[5.3,59.64],[5.13,59.23],[5.36,59.17],[5.85,59.35],[5.97,59.19],[5.85,58.96],[5.56,58.98],[5.52,58.73],[5.71,58.52],[6.39,58.27],[6.66,58.26],[7,58.02],[7.47,58.02],[8.17,58.15],[8.52,58.3],[9.62,58.95],[10.18,59.01],[10.64,59.39],[10.83,59.18],[11.39,59.04],[11.64,58.93],[11.8,59.29],[11.68,59.59],[11.93,59.86],[12.49,60.11],[12.59,60.45],[12.29,61],[12.68,61.05],[12.88,61.35],[12.16,61.72],[12.3,62.29],[12.11,62.59],[12.22,63],[12,63.29],[12.18,63.6],[12.66,63.94],[13.3,64.07],[13.96,64.01],[14.14,64.17],[14.08,64.46],[13.65,64.58],[14.48,65.3],[14.64,65.85],[14.54,66.13],[15.48,66.31],[15.42,66.49],[16.4,67.05],[16.13,67.43],[16.59,67.63],[16.78,67.9],[17.32,68.1],[17.92,67.96],[18.38,68.56],[19.97,68.36],[19.97,68.54],[20.62,69.04]]],[[[15.21,68.94],[14.37,68.71],[15.22,68.62],[15.21,68.94]]],[[[19.26,70.07],[18.35,69.77],[18.78,69.58],[19.59,69.97],[19.26,70.07]]],[[[17.5,69.6],[17,69.36],[16.97,69.14],[17.95,69.2],[18,69.5],[17.5,69.6]]],[[[15.76,68.56],[15.41,68.62],[14.93,68.31],[15.91,68.39],[15.76,68.56]]],[[[21.61,78.6],[20.23,78.48],[21.04,78.06],[21.61,77.92],[21.05,77.44],[22.06,77.5],[22.8,77.28],[23.84,77.5],[24.24,77.9],[23.12,77.99],[23.45,78.15],[22.3,78.23],[22.04,78.58],[21.61,78.6]]],[[[20.9,80.25],[20.36,80.4],[18.34,80.06],[18.73,79.76],[20.86,79.4],[22.7,79.33],[23.95,79.19],[25.64,79.4],[26.01,79.62],[27.2,79.91],[26.86,80.16],[22.45,80.4],[22.38,80.09],[20.9,80.25]]],[[[16.79,79.91],[15.82,79.68],[15.05,79.68],[13.38,79.48],[12.75,79.78],[10.87,79.8],[10.74,79.52],[11.21,79.13],[12.05,78.98],[11.77,78.72],[13.15,78.24],[14.11,78.27],[14.64,78.41],[16.45,78.5],[14.99,78.15],[13.68,78.03],[13.79,77.85],[14.92,77.69],[14,77.45],[14.37,77.23],[16.7,76.58],[17.62,77.4],[18.23,77.52],[18.44,78.03],[19,78.08],[19.06,78.32],[19.77,78.62],[21.39,78.74],[20.5,78.98],[20.46,79.13],[19.09,79.16],[18.58,79.57],[17.58,79.88],[16.79,79.91]]]]},"properties":{"iso":"NOR","name":"Noruega"}},{"type":"Feature","geometry":{"type":"Polygon","coordinates":[[[128.37,38.62],[127.79,39.08],[127.39,39.21],[127.55,39.46],[127.57,39.78],[127.97,40],[128.3,40.04],[128.7,40.32],[129.11,40.49],[129.34,40.73],[129.71,40.86],[129.77,41.3],[129.68,41.49],[129.76,41.71],[130.07,42.05],[130.46,42.3],[130.69,42.3],[130.53,42.54],[130.25,42.74],[130.24,42.89],[129.9,43],[129.72,42.48],[129.31,42.41],[129.2,42.22],[128.92,42.04],[128.05,41.99],[128.29,41.56],[128.11,41.39],[127.18,41.53],[126.9,41.78],[126.6,41.64],[126.49,41.36],[125.99,40.9],[125.73,40.87],[125.42,40.66],[124.89,40.46],[124.39,40.1],[124.36,40],[124.56,39.79],[124.78,39.76],[125.36,39.53],[125.41,39.29],[125.16,38.87],[125.31,38.67],[125.07,38.56],[124.69,38.13],[125.19,38.04],[125.45,37.73],[125.77,37.99],[125.94,37.87],[126.37,37.88],[126.63,37.78],[126.67,37.92],[127.01,38.24],[127.17,38.3],[128.04,38.31],[128.37,38.62]]]},"properties":{"iso":"PRK","name":"Coreia do Norte"}},{"type":"Feature","geometry":{"type":"Polygon","coordinates":[[[13.61,13.7],[13.32,13.67],[12.65,13.33],[12.46,13.09],[12.12,13.09],[11.99,13.19],[11.41,13.35],[10.96,13.37],[10.18,13.27],[9.93,13.14],[9.62,12.81],[9.2,12.82],[8.75,12.91],[8.1,13.29],[7.79,13.34],[7.36,13.11],[7.06,13],[6.8,13.11],[6.39,13.6],[5.49,13.87],[5.24,13.76],[4.82,13.76],[4.42,13.65],[4.15,13.46],[4.09,13.06],[3.95,12.78],[3.65,12.53],[3.6,11.7],[3.49,11.4],[3.72,11.08],[3.83,10.61],[3.58,10.27],[3.65,10.16],[3.56,9.91],[3.33,9.78],[3.14,9.45],[3.04,9.08],[2.77,9.05],[2.73,8.78],[2.69,7.87],[2.75,7.4],[2.72,6.98],[2.77,6.71],[2.71,6.37],[3.49,6.41],[4.13,6.41],[4.43,6.35],[4.86,6.03],[5.23,5.48],[5.39,5.4],[5.38,5.13],[5.59,4.65],[6.08,4.29],[6.76,4.34],[7.01,4.4],[7.15,4.51],[8.29,4.56],[8.56,4.76],[8.8,5.2],[8.94,5.78],[9.06,6.01],[9.37,6.32],[9.66,6.53],[9.78,6.76],[10.14,7],[10.21,6.89],[10.48,6.89],[10.61,7.06],[11.03,6.7],[11.15,6.44],[11.32,6.48],[11.55,6.7],[11.58,6.89],[11.86,7.12],[11.77,7.27],[12.02,7.59],[12.23,8.28],[12.4,8.6],[12.58,8.62],[12.81,8.89],[12.93,9.43],[13.18,9.54],[13.27,10.04],[13.41,10.17],[13.54,10.61],[13.89,11.14],[14.2,11.27],[14.56,11.49],[14.63,12.11],[14.52,12.3],[14.2,12.38],[14.06,13.08],[13.61,13.7]]]},"properties":{"iso":"NGA","name":"Nigéria"}},{"type":"Feature","geometry":{"type":"Polygon","coordinates":[[[13.61,13.7],[13.45,14.38],[13.64,14.63],[13.81,14.97],[14.37,15.75],[15.47,16.91],[15.64,18.81],[15.74,19.9],[15.95,20.3],[15.93,20.4],[15.59,20.73],[15.61,20.95],[15.18,21.52],[15.17,21.92],[14.98,23],[14.23,22.62],[13.48,23.18],[11.97,23.52],[10.93,22.91],[9.38,21.99],[8.34,21.38],[7.48,20.87],[6.99,20.47],[5.84,19.48],[5.75,19.43],[4.23,19.14],[4.23,17],[4.12,16.36],[4.01,16.19],[3.88,15.76],[3.52,15.48],[3.5,15.36],[3.06,15.43],[3,15.34],[1.3,15.27],[0.96,14.99],[0.29,14.98],[0.22,14.91],[0.16,14.5],[0.38,14.25],[0.43,13.97],[0.62,13.7],[0.98,13.55],[0.99,13.04],[1.56,12.64],[1.79,12.61],[2.07,12.71],[2.21,12.54],[2.09,12.28],[2.39,11.9],[2.37,12.22],[2.88,12.37],[3.36,11.88],[3.6,11.7],[3.65,12.53],[3.95,12.78],[4.09,13.06],[4.15,13.46],[4.42,13.65],[4.82,13.76],[5.24,13.76],[5.49,13.87],[6.39,13.6],[6.8,13.11],[7.06,13],[7.36,13.11],[7.79,13.34],[8.1,13.29],[8.75,12.91],[9.2,12.82],[9.62,12.81],[9.93,13.14],[10.18,13.27],[10.96,13.37],[11.41,13.35],[11.99,13.19],[12.12,13.09],[12.46,13.09],[12.65,13.33],[13.32,13.67],[13.61,13.7]]]},"properties":{"iso":"NER","name":"Níger"}},{"type":"Feature","geometry":{"type":"Polygon","coordinates":[[[-84.1577,10.7884],[-83.9333,10.7181],[-83.7638,10.7737],[-83.6965,10.9366],[-83.7183,10.944],[-83.8373,11.1425],[-83.868,11.3749],[-83.653,11.6115],[-83.7132,12.0493],[-83.6637,12.2561],[-83.7672,12.5467],[-83.5891,12.6321],[-83.5077,12.9028],[-83.5296,13.0326],[-83.5701,13.2871],[-83.4313,13.9567],[-83.2186,14.2503],[-83.1918,14.3869],[-83.2992,14.7712],[-83.1304,14.997],[-83.3903,15.031],[-83.8695,14.7771],[-84.4827,14.6195],[-84.6993,14.6747],[-84.7702,14.8051],[-84.9999,14.742],[-85.0237,14.6025],[-85.4317,14.1328],[-85.5631,14.042],[-85.7431,13.824],[-86.0967,14.0441],[-86.4101,13.749],[-86.7272,13.7683],[-86.7712,13.7079],[-86.7641,13.6373],[-86.7327,13.2685],[-86.9108,13.2396],[-86.9484,13.0697],[-87.314,12.9816],[-87.6465,12.8724],[-87.1208,12.4584],[-86.7975,12.2185],[-86.6707,12.0005],[-86.5023,11.7668],[-86.1752,11.5195],[-85.7017,11.0809],[-85.6312,11.1962],[-85.2365,11.0531],[-84.885,10.9477],[-84.6765,11.0704],[-84.2084,10.861],[-84.1577,10.7884]]]},"properties":{"iso":"NIC","name":"Nicarágua"}},{"type":"Feature","geometry":{"type":"MultiPolygon","coordinates":[[[[173.12,-41.28],[172.99,-40.85],[172.77,-40.77],[172.64,-40.52],[172.27,-40.76],[172.14,-40.95],[172.01,-41.44],[171.83,-41.66],[171.49,-41.79],[171.26,-42.47],[170.74,-42.93],[170.3,-43.11],[169.66,-43.59],[169.17,-43.78],[168.81,-43.99],[168.37,-44.08],[167.79,-44.6],[167.19,-44.96],[166.73,-45.54],[166.84,-45.77],[166.73,-46.2],[167.37,-46.24],[167.68,-46.19],[167.84,-46.37],[168.19,-46.36],[168.38,-46.61],[168.77,-46.57],[169.1,-46.63],[169.69,-46.55],[170.42,-45.94],[170.78,-45.87],[170.7,-45.68],[170.94,-45.22],[171.11,-45.04],[171.23,-44.52],[171.44,-44.14],[171.66,-44.12],[172.39,-43.83],[172.48,-43.73],[172.92,-43.89],[173.07,-43.68],[172.81,-43.62],[172.72,-43.26],[173.22,-42.98],[173.55,-42.52],[173.84,-42.27],[173.89,-42.13],[174.28,-41.74],[174.09,-41.51],[174.24,-41.31],[174.3,-41.02],[173.74,-40.99],[173.23,-41.28],[173.12,-41.28]]],[[[168.14,-46.86],[167.96,-46.69],[167.63,-47.14],[167.91,-47.18],[168.24,-47.07],[168.14,-46.86]]],[[[173.27,-34.93],[172.96,-34.54],[172.71,-34.46],[173.19,-35.02],[173.12,-35.21],[173.95,-36.18],[174.05,-36.36],[174.25,-36.25],[174.45,-36.45],[174.38,-36.73],[174.48,-36.94],[174.78,-36.94],[174.73,-37.45],[174.93,-37.8],[174.72,-38.23],[174.6,-38.79],[174.4,-38.96],[173.84,-39.14],[173.76,-39.32],[173.93,-39.51],[174.35,-39.64],[174.57,-39.81],[175.01,-39.95],[175.25,-40.29],[175.16,-40.62],[174.64,-41.29],[174.91,-41.43],[175.17,-41.42],[175.31,-41.61],[175.98,-41.21],[176.39,-40.67],[176.84,-40.16],[177.11,-39.67],[176.97,-39.61],[176.95,-39.37],[177.13,-39.19],[177.41,-39.08],[177.97,-39.14],[177.98,-38.72],[178.27,-38.55],[178.39,-37.96],[178.54,-37.69],[178.27,-37.57],[178.01,-37.55],[177.34,-37.99],[176.77,-37.89],[176.11,-37.65],[175.99,-37.44],[175.88,-36.96],[175.46,-36.48],[175.54,-37.2],[175.3,-36.99],[174.72,-36.84],[174.82,-36.61],[174.8,-36.31],[174.39,-35.77],[174.54,-35.58],[174.32,-35.25],[173.84,-35.03],[173.27,-34.93]]]]},"properties":{"iso":"NZL","name":"Nova Zelândia"}},{"type":"Feature","geometry":{"type":"Polygon","coordinates":[[[-169.8,-19.08],[-169.83,-18.97],[-169.95,-19.07],[-169.9,-19.14],[-169.8,-19.08]]]},"properties":{"iso":"NIU","name":"Niue"}},{"type":"Feature","geometry":{"type":"Polygon","coordinates":[[[-159.74,-21.25],[-159.77,-21.19],[-159.83,-21.2],[-159.84,-21.24],[-159.74,-21.25]]]},"properties":{"iso":"COK","name":"Ilhas Cook"}},{"type":"Feature","geometry":{"type":"MultiPolygon","coordinates":[[[[5.99,50.75],[5.89,50.98],[6.19,51.49],[5.95,51.76],[6.74,51.91],[6.75,52.1],[7.04,52.38],[7.01,52.63],[7.19,53],[7.2,53.28],[6.82,53.44],[6.06,53.41],[5.53,53.27],[5.36,53.1],[4.68,52.81],[4.48,52.31],[3.59,51.45],[4.23,51.39],[4.5,51.47],[5.51,51.28],[5.83,51.13],[5.69,50.77],[5.99,50.75]]],[[[4.23,51.39],[3.35,51.38],[3.9,51.21],[4.23,51.39]]]]},"properties":{"iso":"NLD","name":"Países Baixos"}},{"type":"Feature","geometry":{"type":"Polygon","coordinates":[[[-69.9,12.45],[-69.97,12.57],[-70.07,12.55],[-69.94,12.44],[-69.9,12.45]]]},"properties":{"iso":"ABW","name":"Aruba"}},{"type":"Feature","geometry":{"type":"Polygon","coordinates":[[[-68.75,12.06],[-68.83,12.16],[-69.01,12.23],[-69.08,12.34],[-69.15,12.3],[-69,12.14],[-68.8,12.05],[-68.75,12.06]]]},"properties":{"iso":"CUW","name":"Curaçao"}},{"type":"Feature","geometry":{"type":"Polygon","coordinates":[[[88.11,27.87],[87.68,27.82],[87.14,27.84],[86.55,28.09],[86.41,27.93],[86.08,28.08],[85.95,27.93],[85.68,28.28],[85.12,28.32],[85.16,28.59],[84.71,28.6],[84.23,28.91],[84.1,29.22],[83.94,29.28],[83.58,29.18],[83.16,29.61],[82.85,29.68],[82.16,30.12],[82.04,30.33],[81.64,30.39],[81.42,30.34],[81.26,30.09],[81.01,30.16],[80.91,30.17],[80.4,29.73],[80.13,29.1],[80.07,28.83],[80.42,28.61],[80.59,28.65],[81.17,28.34],[81.31,28.18],[81.85,27.87],[81.99,27.91],[82.45,27.67],[82.68,27.67],[82.73,27.52],[83.29,27.37],[83.45,27.47],[83.83,27.38],[84.09,27.49],[84.61,27.3],[84.69,27.04],[85.29,26.74],[85.57,26.84],[85.74,26.64],[86.01,26.65],[86.37,26.57],[86.7,26.44],[87.02,26.56],[87.29,26.36],[88.05,26.43],[88.16,26.72],[87.98,27.13],[88.15,27.75],[88.11,27.87]]]},"properties":{"iso":"NPL","name":"Nepal"}},{"type":"Feature","geometry":{"type":"Polygon","coordinates":[[[166.96,-0.52],[166.91,-0.5],[166.92,-0.55],[166.96,-0.52]]]},"properties":{"iso":"NRU","name":"Nauru"}},{"type":"Feature","geometry":{"type":"Polygon","coordinates":[[[23.38,-17.64],[21.42,-18],[21.11,-17.96],[20.63,-18],[20.39,-17.89],[19.64,-17.87],[19.08,-17.82],[18.72,-17.7],[18.4,-17.4],[16.53,-17.39],[15.77,-17.39],[13.94,-17.39],[13.4,-17.01],[13.1,-16.97],[12.55,-17.21],[12.01,-17.17],[11.74,-17.25],[11.73,-17.75],[11.78,-18],[12.1,-18.54],[12.46,-18.93],[13.04,-20.03],[13.17,-20.18],[13.45,-20.92],[13.84,-21.47],[13.97,-21.77],[14.32,-22.19],[14.53,-22.7],[14.4,-22.97],[14.47,-23.28],[14.5,-24.2],[14.84,-25.03],[14.85,-25.73],[14.97,-26.32],[15.16,-26.6],[15.13,-26.79],[15.34,-27.39],[15.72,-27.97],[16.45,-28.62],[16.76,-28.45],[16.93,-28.07],[17.06,-28.03],[17.39,-28.35],[17.45,-28.7],[18.31,-28.89],[18.6,-28.86],[19.03,-28.93],[19.67,-28.5],[19.98,-28.45],[19.98,-26.53],[19.98,-24.78],[19.98,-23.1],[19.98,-22],[20.97,-22],[20.98,-20.97],[20.98,-19.74],[20.97,-18.32],[22.01,-18.2],[23.1,-18.01],[23.3,-18.03],[23.58,-18.45],[23.9,-18.23],[24.36,-17.98],[24.53,-18.05],[24.91,-17.82],[25.26,-17.79],[24.93,-17.54],[24.27,-17.48],[23.38,-17.64]]]},"properties":{"iso":"NAM","name":"Namíbia"}},{"type":"Feature","geometry":{"type":"Polygon","coordinates":[[[31.29,-22.4],[31.53,-23.28],[31.55,-23.48],[31.8,-23.89],[31.99,-24.46],[31.98,-25.63],[31.95,-25.96],[32.06,-26.02],[32.04,-26.28],[32.11,-26.84],[32.89,-26.85],[32.93,-26.25],[32.7,-26.16],[32.59,-26],[32.79,-25.64],[33.35,-25.26],[33.84,-25.07],[34.61,-24.82],[35.16,-24.54],[35.44,-24.17],[35.54,-23.82],[35.37,-23.8],[35.58,-22.96],[35.49,-22.66],[35.54,-22.38],[35.32,-22.4],[35.33,-22.04],[35.27,-21.65],[35.13,-21.4],[35.12,-21.2],[34.98,-20.81],[34.7,-20.4],[34.76,-19.82],[34.95,-19.81],[35.37,-19.49],[35.65,-19.16],[36.13,-18.84],[36.4,-18.77],[36.54,-18.52],[36.9,-18.13],[36.94,-17.99],[37.24,-17.74],[38.14,-17.24],[38.63,-17.08],[39.08,-16.97],[39.24,-16.79],[39.84,-16.44],[40.11,-15.98],[40.56,-15.47],[40.62,-15.12],[40.84,-14.79],[40.82,-14.47],[40.64,-14.39],[40.55,-13.46],[40.58,-13.37],[40.58,-12.64],[40.4,-11.33],[40.54,-11.07],[40.49,-10.77],[40.61,-10.66],[40.46,-10.46],[39.99,-10.82],[39.56,-10.98],[39.32,-11.12],[38.79,-11.23],[38.49,-11.41],[38.18,-11.28],[37.92,-11.29],[37.83,-11.48],[37.54,-11.68],[37.22,-11.69],[36.98,-11.57],[36.52,-11.72],[36.19,-11.67],[36.08,-11.54],[35.79,-11.45],[35.63,-11.58],[34.96,-11.58],[34.66,-11.59],[34.36,-12.21],[34.48,-12.67],[34.56,-13.36],[34.85,-13.52],[35.25,-13.9],[35.85,-14.67],[35.83,-15.42],[35.76,-16.06],[35.36,-16.16],[35.17,-16.56],[35.28,-16.81],[35.29,-17.1],[34.4,-16.2],[34.25,-15.89],[34.54,-15.3],[34.51,-14.6],[34.33,-14.41],[33.64,-14.57],[33.2,-14.01],[31.73,-14.5],[31.54,-14.58],[30.67,-14.82],[30.23,-14.99],[30.4,-15.64],[30.44,-16],[31.24,-16.02],[31.69,-16.21],[31.94,-16.43],[32.24,-16.45],[32.95,-16.71],[32.88,-16.88],[32.97,-17.25],[32.96,-18.08],[32.99,-18.36],[32.85,-18.76],[32.72,-19],[32.85,-19.1],[32.78,-19.39],[33.01,-19.87],[32.99,-19.98],[32.67,-20.52],[32.48,-20.71],[32.48,-20.95],[32.35,-21.14],[32.37,-21.33],[31.43,-22.3],[31.29,-22.4]]]},"properties":{"iso":"MOZ","name":"Moçambique"}},{"type":"Feature","geometry":{"type":"Polygon","coordinates":[[[-2.22,35.1],[-2.84,35.13],[-2.97,35.41],[-3.21,35.24],[-3.69,35.28],[-4.33,35.16],[-4.84,35.28],[-5.11,35.47],[-5.34,35.75],[-5.4,35.93],[-5.92,35.79],[-6.35,34.78],[-6.76,34.13],[-6.9,33.97],[-7.56,33.64],[-8.3,33.37],[-8.6,33.19],[-8.84,32.92],[-9.25,32.57],[-9.35,32.09],[-9.67,31.71],[-9.81,31.42],[-9.88,30.72],[-9.65,30.45],[-9.67,30.11],[-9.85,29.81],[-10.49,29.06],[-11.08,28.71],[-11.43,28.38],[-11.99,28.13],[-12.95,27.91],[-13.18,27.66],[-13.58,26.74],[-13.95,26.49],[-14.41,26.25],[-14.52,25.93],[-14.79,25.4],[-14.86,24.87],[-15.04,24.55],[-15.19,24.48],[-15.59,24.07],[-15.9,23.84],[-15.81,23.75],[-16.21,23.1],[-16.36,22.59],[-16.51,22.33],[-16.79,22.16],[-16.93,21.9],[-17,21.42],[-16.73,21.47],[-15.75,21.49],[-15.46,21.45],[-14.84,21.45],[-14.67,21.6],[-14.63,21.86],[-14.22,22.31],[-14.17,22.76],[-14.02,23.41],[-13.77,23.79],[-13.31,23.98],[-13.06,24.4],[-12.43,24.83],[-12.31,25.11],[-12.03,26.03],[-11.72,26.1],[-11.64,26.3],[-11.34,26.63],[-11.39,26.88],[-10.92,27.01],[-10.55,26.99],[-10.25,26.86],[-10.03,26.91],[-9.74,26.86],[-9.41,27.09],[-9,27.09],[-8.75,27.19],[-8.82,27.66],[-8.68,27.66],[-8.66,28.72],[-7.69,29.35],[-7.49,29.39],[-7.09,29.63],[-6.64,29.57],[-6.5,29.81],[-5.77,29.87],[-5.45,29.96],[-5.18,30.17],[-4.97,30.47],[-4.32,30.7],[-3.99,30.91],[-3.7,30.94],[-3.83,31.2],[-3.83,31.66],[-3.44,31.7],[-3.02,31.83],[-2.93,32.04],[-2.45,32.13],[-1.28,32.09],[-1.24,32.34],[-1.07,32.47],[-1.51,32.88],[-1.68,33.32],[-1.71,34.18],[-1.85,34.61],[-1.8,34.75],[-2.22,35.1]]]},"properties":{"iso":"MAR","name":"Marrocos"}},{"type":"Feature","geometry":{"type":"Polygon","coordinates":[[[-17,21.42],[-17.1,20.86],[-17.05,20.81],[-16.96,21.33],[-15.23,21.33],[-13.02,21.33],[-13.09,22.5],[-13.17,22.75],[-13.03,23],[-12.62,23.27],[-12.02,23.47],[-12.02,24.65],[-12.02,26],[-10.38,26],[-8.68,26],[-8.68,27.29],[-8.68,27.66],[-8.82,27.66],[-8.75,27.19],[-9,27.09],[-9.41,27.09],[-9.74,26.86],[-10.03,26.91],[-10.25,26.86],[-10.55,26.99],[-10.92,27.01],[-11.39,26.88],[-11.34,26.63],[-11.64,26.3],[-11.72,26.1],[-12.03,26.03],[-12.31,25.11],[-12.43,24.83],[-13.06,24.4],[-13.31,23.98],[-13.77,23.79],[-14.02,23.41],[-14.17,22.76],[-14.22,22.31],[-14.63,21.86],[-14.67,21.6],[-14.84,21.45],[-15.46,21.45],[-15.75,21.49],[-16.73,21.47],[-17,21.42]]]},"properties":{"iso":"SAH","name":"Sara Ocidental"}},{"type":"Feature","geometry":{"type":"Polygon","coordinates":[[[19.19,43.53],[18.94,43.5],[18.44,42.97],[18.54,42.67],[18.44,42.56],[18.52,42.43],[18.89,42.25],[19.34,41.87],[19.28,42.17],[19.65,42.63],[19.79,42.48],[20.06,42.55],[20.03,42.73],[20.34,42.83],[19.94,43.08],[19.55,43.21],[19.19,43.53]]]},"properties":{"iso":"MNE","name":"Montenegro"}},{"type":"Feature","geometry":{"type":"Polygon","coordinates":[[[87.81,49.16],[87.74,48.88],[88.03,48.74],[87.98,48.56],[88.52,48.38],[88.58,48.22],[89.05,48],[89.56,48],[89.78,47.83],[90.03,47.88],[90.31,47.68],[90.5,47.29],[90.87,46.95],[91.03,46.53],[90.91,46.27],[91,46.04],[90.71,45.73],[90.66,45.53],[90.88,45.2],[91.05,45.22],[91.58,45.08],[92.42,45.01],[92.79,45.04],[93.66,44.9],[93.96,44.67],[94.2,44.65],[94.71,44.35],[95.05,44.26],[95.35,44.28],[95.36,44.01],[95.53,43.95],[95.91,43.21],[96.3,42.93],[96.39,42.72],[97.21,42.79],[99.47,42.57],[99.98,42.68],[101.71,42.47],[101.97,42.22],[103.07,42.01],[103.71,41.75],[104.5,41.88],[104.5,41.66],[105.05,41.62],[105.2,41.74],[105.87,41.99],[106.77,42.29],[108.17,42.45],[108.69,42.42],[109.44,42.46],[110.4,42.77],[111.01,43.34],[111.55,43.5],[111.93,43.71],[111.84,43.93],[111.4,44.37],[111.62,44.83],[111.9,45.06],[112.41,45.06],[112.6,44.92],[113.05,44.81],[113.59,44.75],[114.03,44.94],[114.42,45.2],[114.52,45.36],[115.68,45.46],[116.24,45.8],[116.21,45.89],[116.56,46.29],[116.86,46.39],[117.33,46.36],[117.41,46.57],[117.67,46.52],[118.31,46.72],[119.71,46.61],[119.9,46.86],[119.71,47.15],[118.76,47.76],[118.5,47.98],[117.77,47.99],[117.35,47.65],[116.76,47.87],[116.23,47.86],[115.9,47.69],[115.56,47.95],[115.53,48.13],[115.79,48.25],[115.82,48.58],[115.95,48.69],[116.68,49.82],[116.13,50.01],[115.72,49.88],[115.27,49.95],[114.74,50.23],[114.3,50.27],[113.57,50.01],[113.16,49.8],[113.06,49.62],[112.08,49.42],[111.34,49.36],[110.83,49.17],[110.2,49.17],[109.24,49.33],[108.61,49.32],[108.03,49.59],[107.95,49.92],[107.23,49.99],[106.71,50.31],[106.22,50.3],[105.38,50.47],[104.47,50.31],[104.18,50.17],[103.63,50.14],[102.68,50.39],[102.29,50.59],[102.11,51.35],[101.38,51.45],[100.54,51.71],[99.92,51.76],[99.72,51.87],[98.85,52.07],[98.64,51.8],[98.35,51.72],[98.22,51.51],[97.95,51.35],[97.83,50.99],[98.03,50.64],[98.28,50.53],[98.1,50.08],[97.21,49.73],[96.99,49.88],[96.32,49.9],[95.85,50.01],[95.52,49.91],[94.61,50.02],[94.35,50.22],[94.25,50.56],[93.1,50.6],[92.94,50.78],[92.63,50.69],[92.35,50.86],[92.19,50.7],[91.8,50.69],[91.34,50.47],[91.02,50.42],[89.64,49.9],[89.65,49.72],[88.83,49.45],[88.19,49.45],[88.12,49.26],[87.81,49.16]]]},"properties":{"iso":"MNG","name":"Mongólia"}},{"type":"Feature","geometry":{"type":"Polygon","coordinates":[[[26.62,48.26],[26.98,48.16],[27.34,47.64],[27.85,47.11],[28.07,46.98],[28.24,46.45],[28.1,45.97],[28.21,45.45],[28.47,45.51],[28.49,45.67],[28.95,46.05],[28.93,46.42],[29.15,46.53],[29.84,46.35],[29.92,46.54],[29.88,46.83],[29.57,46.96],[29.55,47.25],[29.16,47.46],[29.19,47.88],[28.77,48.12],[28.33,48.16],[27.82,48.42],[27.55,48.48],[27.23,48.37],[26.85,48.39],[26.62,48.26]]]},"properties":{"iso":"MDA","name":"Moldávia"}},{"type":"Feature","geometry":{"type":"Polygon","coordinates":[[[7.44,43.75],[7.41,43.77],[7.38,43.73],[7.44,43.75]]]},"properties":{"iso":"MCO","name":"Mónaco"}},{"type":"Feature","geometry":{"type":"MultiPolygon","coordinates":[[[[-114.8194,32.4994],[-114.7243,32.7128],[-115.7941,32.632],[-117.1251,32.5317],[-116.8423,31.9865],[-116.6197,31.8576],[-116.6756,31.5526],[-116.3094,31.1485],[-116.2497,30.9568],[-116.068,30.8132],[-116.0493,30.4796],[-115.8373,30.3465],[-115.6976,29.7558],[-115.1871,29.4286],[-114.972,29.3778],[-114.2718,28.6588],[-114.0426,28.4584],[-114.1249,28.2557],[-114.0628,28.0005],[-114.1046,27.7077],[-114.9234,27.8363],[-114.7342,27.5213],[-114.5065,27.4062],[-114.4875,27.2381],[-114.1144,27.1055],[-114.0052,26.9774],[-113.8164,26.949],[-113.6371,26.7255],[-113.5039,26.7934],[-113.1431,26.7577],[-113.0607,26.5991],[-112.7284,26.3702],[-112.3435,26.1781],[-112.1983,25.9951],[-112.076,25.7134],[-112.0779,25.2587],[-112.1425,25.086],[-112.088,24.7734],[-111.9667,24.7783],[-111.679,24.5863],[-111.4444,24.3244],[-111.0397,24.1042],[-110.5773,23.6816],[-110.3074,23.541],[-110.1673,23.3211],[-110.0984,23.0176],[-109.8954,22.8742],[-109.5317,23.1082],[-109.4256,23.2972],[-109.4765,23.5602],[-109.6798,23.6482],[-109.6984,23.7984],[-110.1728,24.253],[-110.4021,24.1755],[-110.5624,24.2125],[-110.7386,24.5546],[-110.657,24.8069],[-110.9045,25.143],[-111.0263,25.4586],[-111.3071,25.7792],[-111.3183,26.0737],[-111.5691,26.5762],[-111.5601,26.6957],[-111.8181,26.8962],[-112.0172,26.9785],[-112.3731,27.5641],[-112.598,27.6543],[-112.7732,27.8639],[-112.7636,27.9994],[-112.9024,28.4753],[-113.103,28.5046],[-113.2604,28.8401],[-113.4787,28.9462],[-113.7709,29.4078],[-114.2712,29.7721],[-114.3922,29.783],[-114.6603,30.1833],[-114.6295,30.4248],[-114.7203,30.9411],[-114.8887,31.1629],[-114.8529,31.5266],[-114.7806,31.6558],[-114.9336,31.9088],[-114.159,31.4945],[-113.8757,31.5967],[-113.6596,31.4975],[-113.5489,31.2957],[-113.1169,31.2176],[-113.0487,31.1567],[-113.1288,30.8124],[-112.8707,30.4285],[-112.6863,29.9078],[-112.506,29.6169],[-112.2635,29.33],[-112.1507,28.963],[-111.8944,28.7807],[-111.7084,28.4601],[-111.4735,28.381],[-111.2507,28.052],[-111.0591,27.937],[-110.8082,27.9278],[-110.5866,27.8371],[-110.6267,27.6085],[-110.5548,27.3848],[-110.2876,27.1484],[-109.917,27.0601],[-109.8563,26.801],[-109.6944,26.6782],[-109.5499,26.728],[-109.2557,26.498],[-109.1393,26.3318],[-109.2929,26.2369],[-109.4333,26.0217],[-109.4405,25.7934],[-109.1712,25.6487],[-109.1161,25.5363],[-108.8878,25.4897],[-108.4508,25.2694],[-108.1864,24.9866],[-107.9952,24.6484],[-107.6241,24.4585],[-107.3778,24.2069],[-107.0359,23.9808],[-106.7932,23.6324],[-106.5228,23.4075],[-106.4298,23.2304],[-105.7241,22.5095],[-105.6323,21.9557],[-105.4141,21.6011],[-105.185,21.443],[-105.2431,21.3421],[-105.2343,21.061],[-105.5141,20.7703],[-105.2908,20.6852],[-105.3287,20.5137],[-105.6987,20.4069],[-105.5532,20.2015],[-105.5256,20.0319],[-105.2508,19.6661],[-105.0877,19.5611],[-105.0171,19.3685],[-104.5926,19.1496],[-103.98,18.8749],[-103.742,18.6904],[-103.4984,18.3335],[-102.7423,18.067],[-102.1689,17.9212],[-102.0367,17.9907],[-101.8111,17.8903],[-101.6445,17.6683],[-101.4558,17.5263],[-101.1822,17.4125],[-101.0082,17.253],[-99.9917,16.9097],[-99.7412,16.7306],[-99.3743,16.6679],[-98.8565,16.5282],[-98.7769,16.5551],[-98.5545,16.3183],[-98.1238,16.2092],[-97.7727,15.9795],[-97.266,15.9359],[-96.8451,15.7326],[-96.556,15.659],[-96.2366,15.6833],[-95.9599,15.8279],[-95.4345,15.9754],[-94.8521,16.4289],[-94.6544,16.3636],[-94.4396,16.1868],[-94.3636,16.287],[-94.0836,16.1489],[-93.656,15.8393],[-92.824,15.1728],[-92.6999,14.9991],[-92.2463,14.5463],[-92.1617,14.7023],[-92.1542,14.9959],[-92.2034,15.2372],[-92.1059,15.4545],[-91.7238,16.0688],[-90.9948,16.0699],[-90.4482,16.0793],[-90.4478,16.0797],[-90.3988,16.3476],[-90.6482,16.5296],[-90.7353,16.7466],[-91.0669,16.9182],[-91.2904,17.1891],[-91.4333,17.2545],[-90.992,17.2519],[-90.9909,17.802],[-90.2597,17.8153],[-89.1605,17.8143],[-89.1463,17.9515],[-88.8803,17.8885],[-88.6141,18.247],[-88.4892,18.4845],[-88.3038,18.4814],[-88.1039,18.8027],[-88.0022,18.6901],[-88.0778,18.4986],[-87.7712,18.4064],[-87.7234,18.6812],[-87.4232,19.558],[-87.6664,19.5525],[-87.6287,19.7086],[-87.4715,19.8847],[-87.444,20.1911],[-87.235,20.4926],[-86.8753,20.855],[-86.7416,21.1641],[-86.828,21.4333],[-86.9979,21.5659],[-87.2382,21.443],[-87.5398,21.4993],[-88.1295,21.616],[-88.4478,21.5751],[-88.7027,21.4586],[-89.1232,21.3635],[-89.786,21.2846],[-90.3324,21.0325],[-90.3811,20.824],[-90.4899,20.5341],[-90.4778,19.9221],[-90.7095,19.6875],[-90.7301,19.3759],[-90.9355,19.1631],[-91.4312,18.8801],[-91.2655,18.7357],[-91.3328,18.5734],[-91.5444,18.4492],[-91.9907,18.5393],[-92.0601,18.7016],[-92.4861,18.6485],[-92.681,18.6229],[-92.9398,18.4457],[-93.4447,18.4418],[-94.1371,18.2074],[-94.4669,18.1442],[-94.5809,18.1898],[-94.8079,18.5236],[-95.0026,18.5554],[-95.2084,18.7086],[-95.7284,18.7572],[-95.852,18.7168],[-95.9772,19.0583],[-96.2783,19.3146],[-96.4561,19.8688],[-96.676,20.1579],[-97.1505,20.647],[-97.1972,20.8102],[-97.4968,21.4006],[-97.6576,21.6365],[-97.6105,21.8358],[-97.7606,22.0959],[-97.7819,22.2733],[-97.8894,22.6254],[-97.7423,22.9721],[-97.7685,23.2601],[-97.7167,24.0081],[-97.6514,24.5159],[-97.459,25.1794],[-97.1652,25.7233],[-97.1393,25.9658],[-97.4254,25.8549],[-97.6796,26.0346],[-98.2227,26.0754],[-98.3693,26.194],[-98.6406,26.2418],[-98.7959,26.3683],[-99.0855,26.4076],[-99.2483,26.8271],[-99.4617,27.057],[-99.5072,27.5738],[-99.7107,27.6701],[-99.807,27.7714],[-100.0749,28.1544],[-100.2843,28.2965],[-100.3971,28.5927],[-100.6243,28.9247],[-100.669,29.1162],[-100.8161,29.2708],[-101.1636,29.5013],[-101.4093,29.7658],[-101.9722,29.8182],[-102.3022,29.8894],[-102.4061,29.7773],[-102.6835,29.7437],[-102.8831,29.3438],[-103.148,28.9851],[-103.3115,29.026],[-103.7942,29.2776],[-104.0573,29.339],[-104.2672,29.5266],[-104.5308,29.6679],[-104.6805,29.9423],[-104.6816,30.1929],[-105.0085,30.677],[-105.3638,30.8504],[-106.0047,31.3969],[-106.1643,31.4478],[-106.3585,31.7175],[-106.5061,31.7703],[-108.2151,31.7778],[-108.2148,31.3274],[-108.9683,31.3274],[-109.0474,31.3274],[-109.9663,31.3272],[-111.0671,31.3336],[-112.3247,31.728],[-113.9617,32.2341],[-114.8194,32.4994]]],[[[-112.2747,28.7684],[-112.1956,29.0213],[-112.2816,29.2255],[-112.4387,29.2021],[-112.583,28.8754],[-112.2747,28.7684]]],[[[-113.1382,29.0649],[-113.1828,29.2897],[-113.4768,29.5321],[-113.5891,29.4096],[-113.2295,29.0596],[-113.1382,29.0649]]],[[[-89.6642,22.3711],[-89.6102,22.4611],[-89.6552,22.472],[-89.698,22.4175],[-89.6642,22.3711]]]]},"properties":{"iso":"MEX","name":"México"}},{"type":"Feature","geometry":{"type":"Polygon","coordinates":[[[57.65,-20.48],[57.79,-20.21],[57.58,-20],[57.39,-20.23],[57.38,-20.5],[57.65,-20.48]]]},"properties":{"iso":"MUS","name":"Maurícia"}},{"type":"Feature","geometry":{"type":"Polygon","coordinates":[[[-12.28,14.81],[-12.1,14.75],[-11.87,15],[-11.76,15.43],[-11.5,15.64],[-10.9,15.15],[-10.7,15.42],[-10.41,15.44],[-9.94,15.37],[-9.18,15.5],[-7.56,15.5],[-5.51,15.5],[-5.36,16.28],[-5.63,16.57],[-5.74,17.56],[-5.88,18.8],[-6.08,20.54],[-6.2,21.53],[-6.37,23.03],[-6.59,24.99],[-4.82,25],[-6.24,25.85],[-7.37,26.51],[-8.68,27.29],[-8.68,26],[-10.38,26],[-12.02,26],[-12.02,24.65],[-12.02,23.47],[-12.62,23.27],[-13.03,23],[-13.17,22.75],[-13.09,22.5],[-13.02,21.33],[-15.23,21.33],[-16.96,21.33],[-17.05,20.81],[-16.88,21.09],[-16.62,20.63],[-16.43,20.65],[-16.21,20.23],[-16.28,19.79],[-16.51,19.36],[-16.21,19],[-16.08,18.52],[-16.03,17.89],[-16.08,17.55],[-16.35,16.93],[-16.54,16.29],[-16.54,15.84],[-16.44,16.2],[-16.17,16.55],[-15.62,16.51],[-15.11,16.64],[-14.53,16.66],[-14.3,16.58],[-13.98,16.31],[-13.87,16.15],[-13.56,16.14],[-13.41,16.06],[-13.26,15.7],[-12.99,15.5],[-12.86,15.24],[-12.28,14.81]]]},"properties":{"iso":"MRT","name":"Mauritânia"}},{"type":"Feature","geometry":{"type":"Polygon","coordinates":[[[14.57,35.85],[14.45,35.96],[14.35,35.87],[14.44,35.82],[14.57,35.85]]]},"properties":{"iso":"MLT","name":"Malta"}},{"type":"Feature","geometry":{"type":"Polygon","coordinates":[[[-11.39,12.4],[-11.5,12.2],[-11.31,12.02],[-10.93,12.21],[-10.68,11.9],[-10.47,12.14],[-10.27,12.21],[-9.82,12.04],[-9.36,12.26],[-9.37,12.48],[-9.04,12.4],[-8.82,11.92],[-8.82,11.67],[-8.41,11.39],[-8.66,11.04],[-8.34,10.99],[-8.23,10.44],[-8.01,10.32],[-7.99,10.16],[-7.81,10.24],[-7.66,10.43],[-7.5,10.44],[-7.36,10.26],[-7.1,10.2],[-6.95,10.34],[-6.69,10.35],[-6.56,10.59],[-6.26,10.72],[-6.19,10.4],[-6.03,10.19],[-5.84,10.39],[-5.52,10.43],[-5.46,10.77],[-5.49,11.04],[-5.3,11.21],[-5.23,11.52],[-5.29,11.83],[-5.11,11.97],[-4.8,12.03],[-4.43,12.34],[-4.48,12.67],[-4.23,12.79],[-4.33,13.12],[-4.05,13.38],[-3.85,13.37],[-3.58,13.19],[-3.3,13.28],[-3.2,13.67],[-2.92,13.68],[-2.87,13.95],[-2.59,14.23],[-2.46,14.27],[-2.11,14.17],[-1.97,14.46],[-1.77,14.49],[-1.05,14.82],[-0.76,15.05],[-0.24,15.06],[0.22,14.91],[0.29,14.98],[0.96,14.99],[1.3,15.27],[3,15.34],[3.06,15.43],[3.5,15.36],[3.52,15.48],[3.88,15.76],[4.01,16.19],[4.12,16.36],[4.23,17],[4.23,19.14],[3.4,18.99],[3.11,19.15],[3.26,19.41],[3.2,19.79],[2.87,19.96],[2.41,20.06],[2.22,20.25],[1.93,20.27],[1.69,20.38],[1.61,20.56],[1.17,20.82],[1.15,21.1],[-0.31,22.05],[-1.29,22.7],[-2.28,23.34],[-3.26,23.98],[-4.82,25],[-6.59,24.99],[-6.37,23.03],[-6.2,21.53],[-6.08,20.54],[-5.88,18.8],[-5.74,17.56],[-5.63,16.57],[-5.36,16.28],[-5.51,15.5],[-7.56,15.5],[-9.18,15.5],[-9.94,15.37],[-10.41,15.44],[-10.7,15.42],[-10.9,15.15],[-11.5,15.64],[-11.76,15.43],[-11.87,15],[-12.1,14.75],[-12.28,14.81],[-12.19,14.65],[-12.23,14.46],[-12.02,14.21],[-11.96,13.88],[-12.05,13.63],[-11.89,13.44],[-11.63,13.37],[-11.39,12.94],[-11.45,12.53],[-11.39,12.4]]]},"properties":{"iso":"MLI","name":"Mali"}},{"type":"Feature","geometry":{"type":"Polygon","coordinates":[[[73.51,4.16],[73.53,4.24],[73.5,4.23],[73.47,4.17],[73.51,4.16]]]},"properties":{"iso":"MDV","name":"Maldivas"}},{"type":"Feature","geometry":{"type":"MultiPolygon","coordinates":[[[[100.12,6.44],[100.34,5.98],[100.35,5.59],[100.47,5.04],[100.61,4.65],[100.61,4.37],[100.8,4.02],[100.72,3.97],[101.02,3.62],[101.3,3.25],[101.3,2.89],[101.52,2.68],[101.78,2.57],[102.15,2.25],[102.55,2.04],[102.73,1.86],[103.36,1.55],[103.48,1.33],[103.69,1.45],[103.99,1.45],[104.18,1.36],[104.29,1.48],[104.22,1.72],[103.81,2.58],[103.54,2.77],[103.44,2.93],[103.45,3.52],[103.36,3.77],[103.47,4.39],[103.42,4.85],[103.2,5.26],[102.98,5.52],[102.53,5.86],[102.34,6.17],[102.1,6.24],[101.87,5.83],[101.65,5.8],[101.56,5.91],[101.26,5.79],[101.11,5.64],[100.98,5.77],[101.08,5.96],[101.05,6.24],[100.87,6.25],[100.79,6.43],[100.35,6.55],[100.12,6.44]]],[[[117.57,4.17],[117.74,4.34],[118.01,4.25],[118.5,4.36],[118.56,4.5],[118.19,4.83],[118.38,5.02],[118.67,4.96],[119.13,5.1],[119.25,5.2],[119.22,5.41],[118.96,5.43],[118.59,5.59],[118.46,5.76],[118.12,5.86],[118,6.05],[117.82,5.94],[117.62,5.94],[117.65,6.47],[117.29,6.68],[117.25,6.92],[117.13,6.97],[116.91,6.66],[116.81,6.69],[116.75,6.98],[116.49,6.52],[116.14,6.13],[116.06,5.88],[115.8,5.54],[115.56,5.57],[115.42,5.41],[115.52,5.05],[115.37,4.93],[115.14,4.9],[115.27,4.63],[115.11,4.39],[115.03,4.9],[114.75,4.72],[114.84,4.39],[114.78,4.17],[114.61,4.02],[114.22,4.48],[114.06,4.59],[113.92,4.24],[113.45,3.74],[113.04,3.21],[112.74,3.07],[112.12,2.91],[111.73,2.85],[111.44,2.63],[111.44,2.38],[111.24,2.44],[111.27,2.14],[111.15,1.74],[110.94,1.52],[110.68,1.55],[110.35,1.72],[109.98,1.72],[109.72,1.86],[109.63,2.03],[109.54,1.9],[109.65,1.61],[110.32,1],[110.51,0.86],[110.94,1.02],[111.29,1.04],[111.77,1],[112.08,1.14],[112.19,1.44],[112.48,1.56],[112.94,1.57],[113.01,1.43],[113.62,1.24],[113.9,1.43],[114.39,1.5],[114.55,1.47],[114.7,1.85],[114.83,1.98],[114.79,2.25],[115.18,2.52],[115.09,2.84],[115.25,3.03],[115.45,3.03],[115.57,3.45],[115.57,3.94],[115.68,4.19],[115.9,4.35],[116.41,4.31],[116.51,4.37],[117.1,4.34],[117.57,4.17]]]]},"properties":{"iso":"MYS","name":"Malásia"}},{"type":"Feature","geometry":{"type":"Polygon","coordinates":[[[33.2,-14.01],[33.64,-14.57],[34.33,-14.41],[34.51,-14.6],[34.54,-15.3],[34.25,-15.89],[34.4,-16.2],[35.29,-17.1],[35.28,-16.81],[35.17,-16.56],[35.36,-16.16],[35.76,-16.06],[35.83,-15.42],[35.85,-14.67],[35.25,-13.9],[34.85,-13.52],[34.56,-13.36],[34.48,-12.67],[34.36,-12.21],[34.66,-11.59],[34.96,-11.58],[34.6,-11.04],[34.66,-10.71],[34.58,-10.53],[34.52,-10.03],[34.32,-9.73],[34,-9.5],[33.94,-9.67],[33.7,-9.6],[33.42,-9.61],[33.33,-9.52],[32.92,-9.41],[33,-9.62],[33.2,-9.63],[33.35,-9.86],[33.31,-10.04],[33.53,-10.23],[33.66,-10.59],[33.26,-10.89],[33.38,-11.16],[33.23,-11.53],[33.3,-11.89],[33.25,-12.11],[33.4,-12.49],[33.02,-12.63],[32.97,-13.22],[32.85,-13.46],[32.67,-13.61],[32.99,-14.02],[33.2,-14.01]]]},"properties":{"iso":"MWI","name":"Malawi"}},{"type":"Feature","geometry":{"type":"Polygon","coordinates":[[[49.54,-12.43],[49.21,-12.08],[48.9,-12.46],[48.91,-12.94],[48.8,-13.27],[48.41,-13.54],[48.26,-13.72],[48.04,-13.6],[47.9,-13.73],[48,-13.96],[47.77,-14.37],[47.81,-14.54],[47.28,-14.94],[46.99,-15.24],[46.88,-15.23],[46.48,-15.51],[46.33,-15.71],[45.7,-15.81],[45.6,-15.99],[45.17,-15.98],[44.91,-16.17],[44.48,-16.22],[44.42,-16.7],[43.98,-17.39],[44.04,-18.29],[44.23,-18.74],[44.24,-19.08],[44.45,-19.43],[44.4,-19.92],[44.24,-20.38],[43.91,-20.87],[43.8,-21.18],[43.5,-21.36],[43.44,-21.65],[43.27,-22.05],[43.26,-22.38],[43.4,-22.89],[43.57,-23.08],[43.72,-23.53],[43.65,-23.74],[43.69,-24.36],[43.85,-24.54],[44.04,-25],[44.35,-25.23],[44.81,-25.33],[45.12,-25.54],[45.51,-25.56],[46.16,-25.23],[46.73,-25.15],[47.03,-24.98],[47.18,-24.79],[47.37,-24.22],[47.56,-23.87],[47.74,-23.23],[47.91,-22.47],[48.18,-21.84],[48.35,-21.35],[48.61,-20.46],[48.8,-19.95],[49.06,-19.12],[49.36,-18.34],[49.48,-17.9],[49.44,-17.35],[49.54,-17.03],[49.77,-16.82],[49.83,-16.26],[49.71,-16.08],[49.65,-15.57],[49.89,-15.46],[50.02,-15.8],[50.21,-15.96],[50.4,-15.63],[50.48,-15.39],[50.44,-15.15],[50.24,-14.73],[50.17,-14.04],[49.94,-13.07],[49.54,-12.43]]]},"properties":{"iso":"MDG","name":"Madagáscar"}},{"type":"Feature","geometry":{"type":"Polygon","coordinates":[[[21.56,42.25],[21.26,42.1],[21.06,42.17],[20.78,42.07],[20.57,41.87],[20.45,41.52],[20.49,41.27],[20.74,40.91],[20.96,40.85],[21.58,40.87],[21.93,41.11],[22.49,41.12],[22.92,41.34],[23.01,41.72],[22.84,41.99],[22.34,42.31],[22.24,42.36],[21.56,42.25]]]},"properties":{"iso":"MKD","name":"Macedónia do Norte"}},{"type":"Feature","geometry":{"type":"Polygon","coordinates":[[[6.12,50.12],[5.74,49.92],[5.88,49.64],[5.79,49.54],[6.34,49.45],[6.49,49.8],[6.26,49.87],[6.12,50.12]]]},"properties":{"iso":"LUX","name":"Luxemburgo"}},{"type":"Feature","geometry":{"type":"Polygon","coordinates":[[[22.77,54.36],[23.02,54.35],[23.45,54.14],[23.48,53.94],[24.77,53.97],[25.55,54.33],[25.86,54.92],[26.18,55],[26.46,55.34],[26.59,55.67],[26.28,55.75],[25.59,56.13],[25.07,56.2],[24.9,56.4],[24.12,56.26],[23.81,56.33],[22.08,56.41],[21.65,56.31],[21.05,56.07],[21.24,55.26],[22.07,55.06],[22.57,55.06],[22.83,54.84],[22.68,54.49],[22.77,54.36]]]},"properties":{"iso":"LTU","name":"Lituânia"}},{"type":"Feature","geometry":{"type":"Polygon","coordinates":[[[9.58,47.06],[9.53,47.27],[9.49,47.06],[9.58,47.06]]]},"properties":{"iso":"LIE","name":"Liechtenstein"}},{"type":"Feature","geometry":{"type":"Polygon","coordinates":[[[9.52,30.23],[9.31,30.12],[9.67,29.57],[9.84,28.97],[9.82,28.56],[9.92,27.79],[9.75,27.33],[9.89,26.85],[9.86,26.55],[9.49,26.33],[9.45,26.07],[10,25.33],[10.03,25.05],[10.26,24.59],[10.44,24.48],[10.69,24.55],[11.54,24.29],[11.97,23.52],[13.48,23.18],[14.23,22.62],[14.98,23],[15.98,23.45],[16.79,23.05],[18.23,22.34],[19.67,21.63],[21.58,20.68],[23.02,19.97],[23.98,19.5],[23.98,20],[24.98,20],[24.98,22],[24.98,24.02],[24.98,25.59],[24.98,27.16],[24.98,29.18],[24.73,30.25],[24.88,30.46],[24.97,30.78],[24.85,31.33],[25.15,31.65],[25.03,31.88],[24.68,32.02],[24.13,32.01],[23.8,32.16],[23.29,32.21],[23.11,32.33],[23.09,32.62],[22.19,32.92],[21.64,32.94],[21.42,32.8],[21.06,32.78],[20.62,32.58],[20.12,32.22],[19.93,31.82],[19.96,31.56],[20.15,31.08],[20.01,30.8],[19.71,30.49],[19.29,30.29],[18.94,30.29],[18.67,30.42],[18.19,30.78],[17.35,31.08],[16.78,31.21],[16.12,31.26],[15.71,31.43],[15.5,31.66],[15.36,32.16],[15.18,32.39],[14.51,32.51],[14.24,32.68],[13.65,32.8],[13.28,32.91],[12.75,32.8],[12.28,32.86],[11.81,33.09],[11.5,33.18],[11.45,32.64],[11.5,32.41],[10.83,32.08],[10.48,31.74],[10.31,31.7],[10.11,31.46],[10.24,31.03],[10.22,30.78],[9.9,30.39],[9.52,30.23]]]},"properties":{"iso":"LBY","name":"Líbia"}},{"type":"Feature","geometry":{"type":"Polygon","coordinates":[[[-11.51,6.91],[-11.29,6.69],[-10.85,6.47],[-10.79,6.31],[-10.28,6.08],[-9.13,5.05],[-8.26,4.59],[-7.54,4.35],[-7.59,4.82],[-7.57,5.08],[-7.43,5.32],[-7.45,5.84],[-7.8,5.98],[-7.89,6.23],[-8.2,6.29],[-8.6,6.51],[-8.33,6.8],[-8.3,7.07],[-8.49,7.56],[-8.71,7.66],[-8.89,7.26],[-9.12,7.22],[-9.26,7.38],[-9.46,7.44],[-9.37,7.64],[-9.52,8.35],[-9.77,8.53],[-10.06,8.43],[-10.28,8.49],[-10.39,8.16],[-10.57,8.07],[-10.65,7.76],[-11.27,7.23],[-11.51,6.91]]]},"properties":{"iso":"LBR","name":"Libéria"}},{"type":"Feature","geometry":{"type":"Polygon","coordinates":[[[28.74,-30.1],[29.1,-29.92],[29.14,-29.7],[29.29,-29.57],[29.39,-29.27],[29.3,-29.09],[28.95,-28.88],[28.63,-28.58],[28.23,-28.7],[27.74,-28.94],[27.29,-29.52],[27.05,-29.66],[27.36,-30.16],[27.39,-30.32],[27.75,-30.6],[28.02,-30.64],[28.39,-30.15],[28.74,-30.1]]]},"properties":{"iso":"LSO","name":"Lesoto"}},{"type":"Feature","geometry":{"type":"Polygon","coordinates":[[[35.98,34.63],[35.65,34.25],[35.61,34.03],[35.11,33.08],[35.41,33.08],[35.53,33.25],[35.84,33.42],[35.87,33.43],[35.94,33.67],[36.28,33.89],[36.58,34.22],[36.43,34.61],[35.98,34.63]]]},"properties":{"iso":"LBN","name":"Líbano"}},{"type":"Feature","geometry":{"type":"Polygon","coordinates":[[[27.35,57.53],[26.9,57.61],[26.53,57.53],[25.99,57.84],[25.11,58.06],[24.32,57.87],[24.4,57.33],[24.28,57.17],[23.65,56.97],[23.29,57.09],[23.14,57.32],[22.55,57.72],[21.73,57.57],[21.46,57.32],[21.35,57.02],[21.07,56.82],[21.05,56.07],[21.65,56.31],[22.08,56.41],[23.81,56.33],[24.12,56.26],[24.9,56.4],[25.07,56.2],[25.59,56.13],[26.28,55.75],[26.59,55.67],[27.05,55.83],[27.58,55.8],[27.9,56.08],[28.15,56.14],[28.1,56.55],[27.81,56.87],[27.8,57.32],[27.35,57.53]]]},"properties":{"iso":"LVA","name":"Letónia"}},{"type":"Feature","geometry":{"type":"Polygon","coordinates":[[[102.13,22.38],[101.67,22.46],[101.52,22.25],[101.74,21.83],[101.7,21.15],[101.54,21.23],[101.22,21.22],[101.14,21.57],[100.76,21.31],[100.54,20.99],[100.57,20.83],[100.25,20.73],[100.12,20.32],[100.32,20.39],[100.54,20.09],[100.4,19.76],[100.63,19.5],[100.97,19.61],[101.15,19.58],[101.29,18.98],[101.05,18.41],[101.14,18.29],[101.11,18.03],[100.91,17.58],[101.11,17.48],[101.69,17.89],[101.77,18.03],[102.1,18.21],[102.35,18.05],[102.72,17.89],[103.05,18.03],[103.15,18.22],[103.37,18.42],[103.95,18.32],[104.43,17.7],[104.74,17.46],[104.82,17.3],[104.76,17.08],[104.75,16.65],[105.05,16.16],[105.41,15.99],[105.37,15.89],[105.62,15.7],[105.51,15.36],[105.55,14.93],[105.48,14.53],[105.18,14.35],[105.35,14.11],[105.53,14.16],[105.9,13.92],[106.12,14.05],[105.98,14.34],[106.35,14.45],[106.5,14.58],[106.82,14.31],[107.11,14.42],[107.52,14.71],[107.48,14.98],[107.65,15.26],[107.19,15.75],[107.4,16.04],[106.93,16.35],[106.7,16.46],[106.55,16.65],[106.5,16.95],[106.27,17.22],[106.01,17.42],[105.69,17.74],[105.46,18.15],[105.33,18.19],[105.09,18.45],[105.12,18.68],[104.72,18.8],[103.9,19.34],[104.06,19.48],[104.03,19.68],[104.55,19.61],[104.74,19.75],[104.93,20.02],[104.7,20.21],[104.62,20.37],[104.39,20.42],[104.58,20.65],[104.2,20.91],[104.05,20.94],[103.64,20.7],[103.1,20.89],[102.85,21.27],[102.95,21.57],[102.7,21.66],[102.58,21.9],[102.13,22.38]]]},"properties":{"iso":"LAO","name":"Laos"}},{"type":"Feature","geometry":{"type":"Polygon","coordinates":[[[70.96,40.24],[70.45,40.05],[69.97,40.2],[69.53,40.1],[69.23,39.76],[69.3,39.52],[69.6,39.57],[70.61,39.56],[70.73,39.41],[71.4,39.6],[71.73,39.42],[72.04,39.35],[73.23,39.37],[73.63,39.45],[73.91,39.61],[73.84,39.8],[73.99,40.04],[74.41,40.14],[75,40.45],[75.58,40.61],[75.66,40.33],[75.87,40.3],[76.48,40.45],[76.82,40.98],[76.99,41.04],[77.58,40.99],[78.12,41.08],[78.36,41.37],[79.29,41.78],[79.77,41.9],[79.84,42],[80.22,42.03],[80.21,42.19],[79.92,42.41],[79.49,42.46],[79.16,42.76],[78.52,42.86],[78.02,42.86],[77.24,42.91],[77.06,42.97],[76.51,42.92],[75.79,42.93],[75.64,42.81],[75.05,42.9],[74.21,43.24],[73.56,43],[73.42,42.59],[73.28,42.5],[71.82,42.82],[71.26,42.73],[71.02,42.54],[70.95,42.25],[70.84,42.02],[70.18,41.57],[70.78,41.26],[71.41,41.14],[71.42,41.34],[71.79,41.41],[71.88,41.2],[72.16,41.17],[72.62,40.88],[73.11,40.79],[72.36,40.4],[72.13,40.44],[71.96,40.26],[71.69,40.15],[71.3,40.29],[70.96,40.24]]]},"properties":{"iso":"KGZ","name":"Quirguistão"}},{"type":"Feature","geometry":{"type":"Polygon","coordinates":[[[48.44,28.54],[48.18,28.98],[48.05,29.36],[47.73,29.42],[47.97,29.62],[48.14,29.62],[47.98,29.98],[47.67,30.1],[47.33,30.08],[47.11,29.96],[46.91,29.54],[46.53,29.1],[47.43,28.99],[47.67,28.53],[48.44,28.54]]]},"properties":{"iso":"KWT","name":"Kuwait"}},{"type":"Feature","geometry":{"type":"Polygon","coordinates":[[[20.34,42.83],[20.03,42.73],[20.06,42.55],[20.24,42.34],[20.49,42.22],[20.57,41.87],[20.78,42.07],[21.06,42.17],[21.26,42.1],[21.56,42.25],[21.75,42.67],[21.39,42.75],[21.06,43.09],[20.62,43.2],[20.62,43.03],[20.34,42.83]]]},"properties":{"iso":"KOS","name":"Kosovo"}},{"type":"Feature","geometry":{"type":"Polygon","coordinates":[[[-157.34,1.86],[-157.42,1.79],[-157.25,1.73],[-157.34,1.86]]]},"properties":{"iso":"KIR","name":"Kiribati"}},{"type":"Feature","geometry":{"type":"Polygon","coordinates":[[[33.9,-1],[33.98,-1],[34.98,-1.56],[35.84,-2.04],[37.64,-3.05],[37.69,-3.25],[37.61,-3.46],[37.8,-3.67],[39.22,-4.69],[39.49,-4.48],[39.82,-3.79],[39.86,-3.58],[40.12,-3.25],[40.22,-2.69],[40.4,-2.56],[40.64,-2.54],[40.9,-2.27],[41,-1.95],[41.39,-1.87],[41.53,-1.7],[41.52,-1.57],[40.98,-0.87],[40.97,0.54],[40.97,1.38],[40.96,2.81],[41.34,3.2],[41.88,3.98],[41.22,3.94],[41.09,3.99],[40.77,4.27],[39.84,3.85],[39.66,3.58],[39.49,3.46],[38.61,3.6],[38.09,3.65],[36.91,4.41],[36.08,4.45],[35.76,4.81],[35.8,5.16],[35.75,5.34],[35.27,5.49],[33.98,4.22],[34.17,3.81],[34.39,3.69],[34.45,3.16],[34.59,2.92],[34.74,2.82],[34.96,2.06],[34.97,1.64],[34.78,1.38],[34.79,1.23],[34.48,1.04],[34.41,0.87],[34.16,0.61],[33.94,0.17],[33.9,-1]]]},"properties":{"iso":"KEN","name":"Quénia"}},{"type":"Feature","geometry":{"type":"Polygon","coordinates":[[[70.95,42.25],[71.02,42.54],[71.26,42.73],[71.82,42.82],[73.28,42.5],[73.42,42.59],[73.56,43],[74.21,43.24],[75.05,42.9],[75.64,42.81],[75.79,42.93],[76.51,42.92],[77.06,42.97],[77.24,42.91],[78.02,42.86],[78.52,42.86],[79.16,42.76],[79.49,42.46],[79.92,42.41],[80.21,42.19],[80.17,42.67],[80.54,42.91],[80.39,43.04],[80.79,43.16],[80.5,43.89],[80.36,44.1],[80.34,44.44],[80.46,44.75],[80,44.8],[80.06,45.01],[80.85,45.13],[81.6,45.31],[81.99,45.16],[82.27,45.22],[82.48,45.12],[82.58,45.44],[82.33,45.52],[82.56,46.16],[83,47.03],[83.19,47.19],[84.02,46.97],[84.67,46.97],[84.79,46.83],[85.23,47.04],[85.48,47.06],[85.66,47.25],[85.53,47.92],[85.75,48.39],[86.55,48.53],[86.72,48.7],[86.75,49.01],[86.89,49.09],[87.32,49.09],[86.61,49.61],[86.18,49.5],[85.21,49.66],[84.99,50.06],[84.26,50.29],[83.95,50.77],[83.36,50.99],[82.76,50.89],[82.49,50.73],[81.47,50.74],[81.39,50.96],[81.12,50.95],[81.13,51.19],[80.88,51.28],[80.45,51.18],[80.42,50.95],[79.99,50.77],[79.47,51.49],[78.48,52.64],[77.7,53.38],[76.58,53.94],[76.79,54.32],[76.27,54.31],[75.66,54.11],[75.05,53.83],[74.83,53.83],[74.45,53.65],[73.29,53.6],[73.4,53.81],[72.91,54.11],[72.39,54.12],[72,54.21],[71.34,54.16],[71.09,54.21],[71.19,54.6],[70.91,55.13],[70.74,55.31],[70.18,55.16],[69.49,55.36],[68.98,55.39],[68.52,55.2],[68.21,55.16],[68.07,54.96],[67.69,54.87],[66.22,54.67],[65.48,54.62],[65.16,54.36],[64.46,54.38],[64,54.27],[63.19,54.17],[63.07,54.11],[61.93,53.95],[61.33,54.05],[61.14,53.96],[60.98,53.62],[61.25,53.55],[61.2,53.29],[62.01,53.11],[61.97,52.94],[61.05,52.97],[60.8,52.74],[60.94,52.28],[60.07,51.98],[60.46,51.65],[61.36,51.44],[61.59,51.23],[61.39,50.86],[60.94,50.7],[60.64,50.66],[59.96,50.8],[59.81,50.58],[58.88,50.69],[58.36,51.06],[57.84,51.09],[57.44,50.89],[57.01,51.07],[56.49,51.02],[55.8,50.6],[55.54,50.6],[54.73,51],[54.42,50.78],[54.04,51.12],[53.69,51.25],[53.34,51.48],[52.57,51.48],[52.33,51.68],[52.01,51.67],[51.61,51.48],[51.34,51.48],[51.16,51.65],[50.79,51.73],[50.25,51.29],[49.5,51.08],[49.32,50.85],[48.81,50.6],[48.7,50.35],[48.84,50.01],[48.43,49.83],[48.22,49.93],[47.71,50.38],[47.33,50.27],[47.3,50.06],[46.99,49.85],[46.8,49.37],[47.01,49.1],[46.7,48.81],[46.66,48.41],[47,48.28],[47.09,47.95],[47.29,47.74],[47.48,47.8],[48.11,47.75],[48.55,47.32],[48.96,46.77],[48.61,46.57],[49.23,46.34],[49.35,46.52],[50,46.63],[50.42,46.88],[50.58,46.88],[51.18,47.11],[51.65,47.02],[52.19,46.84],[52.48,46.99],[52.92,46.95],[53.17,46.67],[53.08,46.55],[53.14,46.19],[52.77,45.57],[53.08,45.31],[52.53,45.4],[51.73,45.4],[51.42,45.36],[51.04,44.98],[51.18,44.5],[50.86,44.63],[50.41,44.62],[50.33,44.33],[50.83,44.19],[51.14,43.65],[51.3,43.48],[51.3,43.17],[51.62,43.16],[51.84,42.91],[52.6,42.76],[52.62,42.43],[52.46,42.1],[52.49,41.78],[52.87,42.06],[53.25,42.21],[54.12,42.34],[54.68,42.08],[54.9,41.92],[55.25,41.46],[55.55,41.26],[55.98,41.32],[55.98,42.47],[55.98,43.62],[55.98,44.99],[58.56,45.56],[60.19,44.78],[61.01,44.39],[61.16,44.17],[61.99,43.49],[63.21,43.63],[64.44,43.55],[64.91,43.71],[65.5,43.31],[65.8,42.88],[66.1,42.99],[66.01,42],[66.5,41.99],[66.67,41.27],[66.81,41.14],[67.94,41.2],[68.11,41.03],[68.05,40.81],[68.29,40.66],[68.6,40.66],[68.58,40.88],[68.99,41.21],[69.06,41.37],[69.66,41.67],[70.1,41.82],[70.42,42.08],[70.61,42.05],[70.95,42.25]]]},"properties":{"iso":"KAZ","name":"Cazaquistão"}},{"type":"Feature","geometry":{"type":"Polygon","coordinates":[[[35.79,32.73],[35.57,32.64],[35.55,32.4],[35.56,31.77],[35.45,31.48],[35.44,31.13],[35.17,30.52],[35.14,30.14],[34.97,29.56],[34.95,29.35],[36.02,29.19],[36.48,29.5],[36.76,29.87],[37.47,30],[37.63,30.31],[37.98,30.5],[36.96,31.49],[38.96,31.99],[39.15,32.12],[39.06,32.49],[38.77,33.37],[36.82,32.32],[36.37,32.39],[35.79,32.73]]]},"properties":{"iso":"JOR","name":"Jordânia"}},{"type":"Feature","geometry":{"type":"MultiPolygon","coordinates":[[[[143.82,44.12],[143.29,44.4],[142.7,44.82],[142.42,45.13],[141.94,45.51],[141.67,45.4],[141.58,45.16],[141.78,44.72],[141.64,44.02],[141.4,43.64],[141.41,43.38],[141.3,43.2],[140.78,43.21],[140.49,43.34],[140.49,43.05],[140.22,42.8],[139.89,42.65],[139.82,42.39],[140.11,41.91],[140,41.58],[140.15,41.42],[140.38,41.52],[140.66,41.82],[141,41.74],[141.15,41.81],[140.73,42.12],[140.53,42.13],[140.32,42.33],[140.48,42.56],[140.71,42.56],[140.99,42.34],[141.41,42.55],[141.85,42.58],[142.51,42.26],[143.24,42],[143.43,42.42],[143.97,42.88],[144.3,42.98],[144.63,42.95],[145.03,43.03],[145.35,43.18],[145.1,43.76],[145.35,44.23],[144.8,43.94],[144.48,43.95],[144.1,44.1],[143.82,44.12]]],[[[131.17,33.6],[130.95,33.87],[130.72,33.93],[130.48,33.83],[130.37,33.63],[129.66,33.36],[129.58,33.24],[129.9,33.02],[129.83,32.73],[130.18,32.85],[130.13,33.1],[130.38,33.09],[130.64,32.62],[130.46,32.3],[130.19,32.09],[130.19,31.77],[130.32,31.6],[130.2,31.29],[130.59,31.18],[130.79,31.27],[131.1,31.26],[131.34,31.4],[131.46,31.67],[131.46,31.88],[131.73,32.59],[131.98,32.84],[131.9,33.25],[131.54,33.27],[131.71,33.5],[131.58,33.65],[131.17,33.6]]],[[[134.36,34.26],[134.08,34.36],[133.71,34.24],[133.58,34.02],[133.13,33.93],[132.99,34.09],[132.78,33.99],[132.64,33.69],[132.37,33.51],[132.51,33.29],[132.5,32.92],[132.98,32.84],[133.29,33.36],[133.63,33.51],[133.96,33.45],[134.18,33.25],[134.38,33.61],[134.74,33.82],[134.64,34.23],[134.36,34.26]]],[[[141.23,41.37],[140.94,41.51],[140.8,41.14],[141.2,41.24],[141.26,41.1],[141.12,40.88],[140.68,40.89],[140.63,41.2],[140.39,41.23],[140.28,40.85],[139.92,40.6],[140.01,40.31],[139.91,40.02],[140.05,39.75],[140.05,39.46],[139.8,38.88],[139.58,38.6],[139.4,38.14],[138.89,37.84],[138.71,37.56],[138.32,37.22],[137.51,36.95],[137.34,36.77],[137.02,36.84],[136.84,37.38],[136.72,37.2],[136.7,36.74],[136.01,35.99],[136.1,35.77],[135.68,35.5],[135.33,35.53],[135.17,35.75],[134.88,35.66],[134.46,35.63],[134.21,35.54],[133.38,35.46],[133.27,35.56],[132.92,35.51],[131.86,34.73],[131.35,34.41],[131,34.39],[130.89,34.26],[130.92,33.98],[131.23,33.95],[131.74,34.05],[132.09,33.86],[132.24,34.23],[132.42,34.35],[132.66,34.25],[133.14,34.3],[133.45,34.43],[133.97,34.53],[134.21,34.7],[134.74,34.77],[135.04,34.63],[135.36,34.65],[135.38,34.5],[135.1,34.29],[135.18,33.9],[135.45,33.55],[135.7,33.49],[135.92,33.56],[136.33,34.18],[136.85,34.32],[136.88,34.43],[136.53,34.68],[136.69,34.98],[136.88,34.81],[137.28,34.77],[137.54,34.66],[138.19,34.6],[138.58,35.09],[138.8,34.97],[138.76,34.7],[138.98,34.7],[139.12,35.1],[139.25,35.28],[139.65,35.41],[139.83,35.66],[140.09,35.54],[139.83,35.3],[139.8,34.96],[140.06,35.04],[140.42,35.27],[140.46,35.51],[140.87,35.72],[140.62,36.06],[140.63,36.5],[140.79,36.85],[140.97,37],[141.04,37.47],[140.93,37.95],[141.11,38.34],[141.47,38.4],[141.66,38.97],[141.9,39.11],[141.98,39.43],[141.98,39.84],[141.8,40.29],[141.46,40.61],[141.4,41.1],[141.46,41.4],[141.23,41.37]]]]},"properties":{"iso":"JPN","name":"Japão"}},{"type":"Feature","geometry":{"type":"Polygon","coordinates":[[[-77.4653,18.4761],[-77.7355,18.5067],[-78.0002,18.4467],[-78.2306,18.4442],[-78.346,18.298],[-78.0752,18.1984],[-77.9646,18.0506],[-77.7239,17.8536],[-77.5646,17.8571],[-77.3946,17.8534],[-77.2161,17.7167],[-77.1346,17.8851],[-76.9553,17.8334],[-76.85,17.9923],[-76.8125,17.9715],[-76.727,17.9538],[-76.6572,17.9297],[-76.3074,17.8701],[-76.2568,17.9963],[-76.3511,18.156],[-76.7015,18.2668],[-76.8949,18.4093],[-77.0703,18.4134],[-77.4653,18.4761]]]},"properties":{"iso":"JAM","name":"Jamaica"}},{"type":"Feature","geometry":{"type":"MultiPolygon","coordinates":[[[[7.02,45.93],[6.8,45.81],[7.15,45.4],[7.08,45.24],[6.63,45.12],[6.74,44.92],[7.03,44.72],[6.84,44.51],[6.97,44.28],[7.65,44.03],[7.49,43.77],[8.08,43.92],[8.55,44.35],[8.77,44.42],[9.29,44.32],[9.73,44.1],[10.05,44.02],[10.25,43.85],[10.32,43.51],[10.71,42.94],[11.17,42.54],[11.64,42.29],[11.81,42.08],[12.08,41.94],[12.63,41.47],[13.09,41.24],[13.25,41.29],[13.73,41.24],[14.1,40.83],[14.31,40.81],[14.46,40.63],[14.77,40.67],[14.99,40.38],[14.95,40.24],[15.29,40.07],[15.69,39.99],[16.02,39.35],[16.2,38.76],[15.97,38.71],[15.82,38.3],[15.64,38.18],[15.72,37.94],[16.06,37.94],[16.28,38.25],[16.55,38.41],[16.56,38.71],[16.76,38.89],[17.17,39],[17.11,39.38],[16.6,39.64],[16.53,39.86],[16.93,40.46],[17.22,40.49],[17.48,40.31],[17.87,40.28],[18.08,39.94],[18.34,39.82],[18.49,40.1],[18.33,40.37],[17.95,40.66],[17.47,40.84],[17.1,41.06],[16.01,41.44],[15.91,41.62],[16.15,41.76],[15.96,41.94],[15.17,41.93],[14.87,42.05],[14.18,42.51],[14.01,42.69],[13.8,43.18],[13.56,43.57],[12.69,43.99],[12.4,44.22],[12.25,44.72],[12.52,44.97],[12.23,45.24],[12.27,45.45],[12.5,45.46],[13.03,45.64],[13.21,45.77],[13.72,45.59],[13.49,46.04],[13.63,46.18],[13.4,46.32],[13.7,46.52],[13.17,46.57],[12.39,46.7],[12.15,46.94],[11.24,46.98],[11.03,46.8],[10.45,46.86],[10.43,46.55],[10.09,46.6],[9.94,46.36],[9.25,46.29],[9.02,46.05],[8.95,45.83],[8.46,46.25],[8.37,46.45],[8.08,46.26],[7.99,46.02],[7.02,45.93]],[[12.44,41.9],[12.43,41.9],[12.43,41.91],[12.44,41.91],[12.44,41.9]],[[12.49,43.9],[12.4,43.93],[12.44,43.98],[12.51,43.95],[12.49,43.9]]],[[[15.58,38.22],[15.5,38.29],[15.12,38.15],[14.85,38.17],[14.51,38.05],[13.68,38],[13.35,38.18],[13.16,38.19],[12.9,38.03],[12.73,38.18],[12.55,38.05],[12.44,37.82],[12.7,37.57],[12.92,37.57],[13.91,37.1],[14.14,37.1],[14.5,36.8],[15.11,36.69],[15.29,37.01],[15.1,37.46],[15.23,37.78],[15.58,38.22]]],[[[9.63,40.88],[9.62,41.02],[9.28,41.2],[9,41.11],[8.82,40.95],[8.47,40.83],[8.2,40.87],[8.19,40.65],[8.47,40.29],[8.41,39.92],[8.45,39.72],[8.42,39.21],[8.65,38.93],[8.88,38.91],[9.06,39.24],[9.56,39.17],[9.7,40.09],[9.64,40.27],[9.81,40.5],[9.63,40.88]]]]},"properties":{"iso":"ITA","name":"Itália"}},{"type":"Feature","geometry":{"type":"Polygon","coordinates":[[[35.84,33.42],[35.53,33.25],[35.41,33.08],[35.11,33.08],[34.68,31.9],[34.48,31.58],[34.25,31.21],[34.66,30.19],[34.9,29.48],[34.97,29.56],[35.14,30.14],[35.17,30.52],[35.44,31.13],[35.45,31.48],[35.1,31.37],[34.87,31.4],[34.95,31.6],[35.2,31.78],[34.99,31.91],[34.96,32.16],[35.07,32.46],[35.19,32.53],[35.55,32.4],[35.57,32.64],[35.79,32.73],[35.89,32.94],[35.82,33.36],[35.84,33.42]]]},"properties":{"iso":"ISR","name":"Israel"}},{"type":"Feature","geometry":{"type":"MultiPolygon","coordinates":[[[[34.48,31.58],[34.2,31.32],[34.25,31.21],[34.48,31.58]]],[[[35.55,32.4],[35.19,32.53],[35.07,32.46],[34.96,32.16],[34.99,31.91],[35.2,31.78],[34.95,31.6],[34.87,31.4],[35.1,31.37],[35.45,31.48],[35.56,31.77],[35.55,32.4]]]]},"properties":{"iso":"PSX","name":"Palestina"}},{"type":"Feature","geometry":{"type":"Polygon","coordinates":[[[-7.22,55.09],[-6.96,55.24],[-7.25,55.35],[-7.8,55.2],[-8.27,55.15],[-8.38,54.89],[-8.76,54.68],[-8.23,54.51],[-8.62,54.35],[-8.59,54.23],[-9.32,54.3],[-10,54.28],[-9.86,54],[-9.88,53.59],[-9.8,53.39],[-9.3,53.1],[-9.59,52.56],[-9.91,52.4],[-9.96,52.14],[-10.38,51.87],[-9.58,51.69],[-9.84,51.48],[-9.3,51.5],[-8.81,51.58],[-7.66,51.98],[-7.53,52.1],[-6.78,52.21],[-6.56,52.19],[-6.22,52.54],[-6.03,52.93],[-6.14,53.58],[-6.35,53.99],[-6.22,54.09],[-6.65,54.06],[-6.94,54.37],[-7.36,54.12],[-7.85,54.22],[-8.12,54.41],[-7.89,54.67],[-7.55,54.77],[-7.22,55.09]]]},"properties":{"iso":"IRL","name":"República da Irlanda"}},{"type":"Feature","geometry":{"type":"Polygon","coordinates":[[[42.36,37.11],[41.79,36.6],[41.42,36.51],[41.3,36.38],[41.25,36.07],[41.35,35.64],[41.22,35.29],[41.19,34.77],[40.99,34.43],[40.69,34.33],[38.77,33.37],[39.06,32.49],[39.15,32.12],[40.37,31.94],[42.07,31.08],[42.86,30.5],[44.69,29.2],[46.36,29.06],[46.53,29.1],[46.91,29.54],[47.11,29.96],[47.33,30.08],[47.67,30.1],[47.98,29.98],[48.14,30.04],[48.55,29.96],[48.33,30.29],[48.01,30.47],[48.01,30.99],[47.68,31],[47.68,31.4],[47.83,31.79],[47.51,32.15],[47.37,32.42],[47.12,32.47],[46.38,32.93],[46.11,32.96],[46.15,33.23],[45.88,33.61],[45.74,33.6],[45.4,33.97],[45.53,34.15],[45.44,34.42],[45.64,34.57],[45.68,34.8],[46.13,35.13],[45.97,35.52],[46.17,35.82],[45.72,35.84],[45.36,36.02],[45.24,36.36],[45.03,36.53],[44.77,37.14],[44.61,37.18],[44.28,36.98],[44.21,37.2],[44.01,37.31],[43.84,37.22],[43.52,37.24],[43.09,37.37],[42.77,37.37],[42.36,37.11]]]},"properties":{"iso":"IRQ","name":"Iraque"}},{"type":"Feature","geometry":{"type":"MultiPolygon","coordinates":[[[[56.19,26.92],[56.07,26.98],[55.76,26.81],[55.95,26.7],[56.19,26.92]]],[[[53.91,37.34],[54.02,36.95],[53.37,36.87],[52.19,36.62],[51.76,36.61],[51.12,36.74],[50.53,37.01],[50.13,37.41],[49.47,37.5],[49.08,37.67],[48.96,37.89],[48.87,38.44],[48.59,38.41],[48.42,38.59],[48.02,38.82],[48.24,38.98],[48.14,39.31],[48.32,39.4],[48,39.68],[47.77,39.65],[46.85,39.15],[46.49,38.91],[46.11,38.88],[45.48,39.01],[45.14,39.25],[44.82,39.65],[44.59,39.77],[44.39,39.42],[44.02,39.38],[44.27,38.84],[44.29,38.42],[44.43,38.36],[44.21,37.91],[44.56,37.74],[44.57,37.44],[44.79,37.29],[44.77,37.14],[45.03,36.53],[45.24,36.36],[45.36,36.02],[45.72,35.84],[46.17,35.82],[45.97,35.52],[46.13,35.13],[45.68,34.8],[45.64,34.57],[45.44,34.42],[45.53,34.15],[45.4,33.97],[45.74,33.6],[45.88,33.61],[46.15,33.23],[46.11,32.96],[46.38,32.93],[47.12,32.47],[47.37,32.42],[47.51,32.15],[47.83,31.79],[47.68,31.4],[47.68,31],[48.01,30.99],[48.01,30.47],[48.33,30.29],[48.55,29.96],[48.92,30.12],[48.92,30.4],[49.55,30.03],[49.98,30.21],[50.17,29.92],[50.65,29.42],[50.68,29.15],[50.88,29.06],[50.87,28.87],[51.06,28.73],[51.09,28.51],[51.28,28.13],[51.67,27.84],[52.03,27.82],[52.48,27.62],[52.69,27.32],[52.98,27.14],[53.45,26.94],[53.71,26.73],[54.25,26.7],[54.64,26.51],[54.9,26.56],[55.29,26.79],[55.42,26.77],[55.65,26.98],[56.36,27.2],[56.81,27.09],[56.98,26.91],[57.1,26.37],[57.33,25.79],[57.8,25.65],[58.8,25.55],[59.05,25.42],[59.46,25.48],[59.62,25.4],[60.02,25.38],[60.66,25.28],[61.41,25.1],[61.59,25.2],[61.67,25.77],[61.75,25.84],[61.87,26.24],[62.24,26.36],[62.44,26.56],[62.79,26.64],[63.17,26.67],[63.25,26.88],[63.17,27.25],[62.76,27.25],[62.81,27.5],[62.74,28],[62.76,28.2],[62.56,28.24],[62.35,28.41],[61.89,28.55],[61.62,28.79],[61.32,29.37],[60.84,29.86],[61.78,30.83],[61.81,31.07],[61.66,31.38],[60.85,31.48],[60.79,31.66],[60.83,32.25],[60.56,33.14],[60.92,33.51],[60.51,33.64],[60.49,34.09],[60.73,34.52],[60.95,34.65],[61.08,34.86],[61.26,35.62],[61.12,36.64],[60.34,36.64],[60.06,36.96],[59.56,37.18],[59.24,37.52],[58.82,37.68],[58.44,37.64],[57.71,37.91],[57.42,37.95],[57.19,38.22],[56.44,38.25],[56.23,38.07],[55.58,38.1],[55.08,37.9],[54.85,37.72],[54.75,37.5],[54.19,37.33],[53.91,37.34]]]]},"properties":{"iso":"IRN","name":"Irão"}},{"type":"Feature","geometry":{"type":"MultiPolygon","coordinates":[[[[97.48,1.47],[97.24,1.42],[97.41,0.95],[97.6,0.83],[97.68,0.6],[97.88,0.63],[97.93,0.97],[97.48,1.47]]],[[[99.16,-1.78],[99.27,-1.63],[98.87,-0.92],[98.68,-0.97],[98.6,-1.2],[98.87,-1.66],[99.16,-1.78]]],[[[116.64,-8.61],[116.73,-8.39],[116.4,-8.2],[116.06,-8.44],[116.08,-8.74],[116.38,-8.93],[116.64,-8.61]]],[[[115.45,-8.16],[115.15,-8.07],[115,-8.17],[114.48,-8.12],[114.61,-8.38],[114.84,-8.43],[115.06,-8.57],[115.24,-8.8],[115.33,-8.62],[115.7,-8.41],[115.45,-8.16]]],[[[106.05,-1.67],[105.91,-1.5],[105.59,-1.53],[105.37,-1.66],[105.37,-1.81],[105.13,-2.04],[105.34,-2.13],[105.55,-2.08],[105.79,-2.18],[105.94,-2.49],[106,-2.82],[106.55,-3.06],[106.68,-2.7],[106.82,-2.57],[106.37,-2.46],[106.21,-2.19],[106.16,-1.87],[106.05,-1.67]]],[[[123.18,-4.55],[123.04,-4.39],[122.85,-4.62],[122.77,-5.21],[122.58,-5.54],[122.81,-5.67],[122.99,-5.39],[123.2,-5.27],[122.97,-5.14],[123.06,-4.75],[123.18,-4.55]]],[[[122.65,-5.27],[122.61,-5.14],[122.76,-4.93],[122.7,-4.62],[122.37,-4.77],[122.4,-5.07],[122.28,-5.32],[122.56,-5.39],[122.65,-5.27]]],[[[108.32,3.69],[108.39,3.99],[108.2,4.2],[108,4.04],[108.09,3.85],[108.32,3.69]]],[[[108.21,-3],[108.29,-2.83],[108.07,-2.6],[107.67,-2.57],[107.6,-2.8],[107.61,-3.21],[107.94,-3.13],[108.06,-3.23],[108.21,-3]]],[[[135.38,-0.65],[135.84,-1.12],[136.11,-1.22],[136.28,-1.06],[135.89,-0.73],[135.38,-0.65]]],[[[135.47,-1.59],[135.49,-1.67],[136.19,-1.86],[136.2,-1.65],[135.47,-1.59]]],[[[130.81,0],[130.29,-0.1],[130.24,-0.21],[130.69,-0.3],[130.75,-0.44],[131.1,-0.33],[131.28,-0.15],[130.81,0]]],[[[128.45,2.05],[128.62,2.22],[128.69,2.47],[128.6,2.6],[128.33,2.47],[128.22,2.3],[128.3,2.03],[128.45,2.05]]],[[[128.15,-1.66],[127.74,-1.36],[127.46,-1.45],[127.39,-1.64],[127.56,-1.73],[128.15,-1.66]]],[[[126.02,-1.79],[125.52,-1.8],[125.48,-1.94],[125.96,-1.92],[126.02,-1.79]]],[[[124.97,-1.71],[124.66,-1.64],[124.38,-1.69],[124.42,-2.01],[124.83,-1.89],[125.01,-1.94],[125.32,-1.81],[124.97,-1.71]]],[[[131.33,-8],[131.62,-7.63],[131.69,-7.44],[131.56,-7.14],[131.26,-7.47],[131.09,-7.87],[131.33,-8]]],[[[126.8,-7.67],[126.61,-7.57],[126.21,-7.71],[125.98,-7.66],[125.84,-7.82],[126.47,-7.95],[126.8,-7.67]]],[[[124.58,-8.14],[124.43,-8.18],[124.44,-8.44],[125.1,-8.35],[125.12,-8.2],[124.58,-8.14]]],[[[131,-1.32],[131.07,-0.97],[130.9,-0.89],[130.67,-0.96],[130.78,-1.26],[131,-1.32]]],[[[96.49,5.23],[96.13,5.29],[95.84,5.51],[95.4,5.63],[95.23,5.56],[95.21,5.28],[95.49,4.76],[95.99,4.26],[96.23,4.07],[96.44,3.82],[96.8,3.71],[96.97,3.58],[97.39,2.98],[97.59,2.85],[97.7,2.36],[98.01,2.24],[98.56,1.9],[98.8,1.49],[99.16,0.35],[99.6,0.1],[99.86,-0.31],[100.31,-0.83],[100.49,-1.3],[100.86,-1.93],[100.85,-2.14],[101.12,-2.59],[101.31,-2.73],[101.58,-3.17],[102.13,-3.6],[102.54,-4.15],[102.92,-4.47],[103.83,-5.08],[104.07,-5.39],[104.6,-5.9],[104.64,-5.52],[105.08,-5.75],[105.35,-5.55],[105.62,-5.8],[105.82,-5.68],[105.89,-5.01],[105.89,-4.55],[105.83,-4.16],[105.93,-3.88],[105.84,-3.61],[106.04,-3.11],[105.58,-2.49],[105.4,-2.38],[105.03,-2.36],[104.74,-2.57],[104.67,-2.39],[104.85,-2.09],[104.57,-1.92],[104.36,-1.04],[104.2,-1.05],[103.72,-0.89],[103.53,-0.75],[103.43,-0.53],[103.43,-0.19],[103.79,0.05],[103.67,0.29],[103.48,0.48],[103.07,0.49],[102.85,0.72],[102.47,0.78],[102.24,0.99],[102.16,1.26],[101.78,1.62],[101.48,1.69],[101.3,2.01],[101.05,2.26],[100.83,2.24],[100.69,2.12],[100.46,2.26],[100.13,2.65],[99.73,3.18],[99.15,3.58],[98.78,3.76],[98.66,3.93],[98.31,4.09],[98.25,4.41],[98.02,4.64],[97.91,4.88],[97.55,5.21],[97.19,5.21],[96.84,5.27],[96.49,5.23]]],[[[122.78,-8.61],[122.85,-8.3],[122.6,-8.4],[122.43,-8.6],[122.26,-8.62],[121.97,-8.46],[121.44,-8.58],[121.28,-8.48],[120.61,-8.24],[120.23,-8.29],[119.92,-8.45],[119.81,-8.7],[119.91,-8.86],[120.12,-8.78],[120.55,-8.8],[121.04,-8.94],[121.33,-8.92],[121.41,-8.81],[121.65,-8.9],[122.09,-8.74],[122.47,-8.73],[122.78,-8.61]]],[[[120.01,-9.37],[119.61,-9.35],[119.19,-9.38],[118.96,-9.52],[119.09,-9.71],[119.6,-9.77],[119.93,-9.97],[120.14,-10.2],[120.44,-10.29],[120.7,-10.21],[120.83,-10.04],[120.5,-9.67],[120.29,-9.65],[120.01,-9.37]]],[[[118.24,-8.32],[118.12,-8.12],[117.76,-8.15],[117.81,-8.34],[118.23,-8.59],[117.97,-8.73],[117.81,-8.71],[117.57,-8.43],[117.16,-8.37],[116.84,-8.53],[116.79,-9.01],[117.06,-9.1],[118.19,-8.84],[118.38,-8.67],[118.48,-8.86],[119.01,-8.75],[118.99,-8.34],[118.49,-8.27],[118.24,-8.32]]],[[[124.89,1],[125.23,1.5],[124.99,1.7],[124.79,1.47],[124.6,1.39],[124.53,1.23],[124.27,1.02],[123.85,0.84],[123.28,0.93],[122.89,0.85],[122.44,1.02],[121.87,1.09],[121.59,1.07],[121.44,1.21],[121.08,1.33],[120.91,1.29],[120.75,1.04],[120.52,0.82],[120.27,0.97],[120.06,0.69],[119.81,0.24],[119.87,0.04],[119.72,-0.09],[119.77,-0.48],[119.71,-0.68],[119.51,-0.91],[119.31,-1.41],[119.32,-1.93],[119.17,-2.14],[119.09,-2.48],[118.78,-2.76],[118.86,-2.93],[118.81,-3.16],[118.87,-3.4],[118.99,-3.54],[119.42,-3.48],[119.62,-4.03],[119.61,-4.42],[119.52,-4.88],[119.36,-5.31],[119.38,-5.42],[119.72,-5.69],[119.95,-5.58],[120.31,-5.54],[120.39,-5.39],[120.28,-5.15],[120.42,-4.62],[120.36,-4.09],[120.44,-3.71],[120.39,-3.35],[120.25,-3.05],[120.34,-2.87],[120.65,-2.67],[120.99,-2.67],[121.05,-2.75],[121.05,-3.17],[120.91,-3.4],[120.91,-3.56],[121.31,-3.92],[121.62,-4.09],[121.49,-4.58],[121.59,-4.76],[121.92,-4.85],[122.21,-4.5],[122.9,-4.35],[122.88,-4.11],[122.69,-4.08],[122.61,-3.92],[122.25,-3.62],[122.32,-3.28],[122.4,-3.2],[122.29,-2.91],[122.08,-2.75],[121.85,-2.33],[121.35,-1.95],[121.72,-1.86],[121.86,-1.69],[122.16,-1.59],[122.51,-1.35],[122.81,-0.97],[123.05,-0.87],[123.38,-1],[123.38,-0.65],[123.17,-0.57],[122.89,-0.76],[122.28,-0.76],[121.97,-0.93],[121.52,-0.86],[121.03,-1.41],[120.67,-1.37],[120.52,-1.04],[120.27,-0.9],[120.1,-0.65],[120.01,-0.2],[120.13,0.17],[120.35,0.45],[120.7,0.51],[121.01,0.44],[121.43,0.49],[121.84,0.44],[122.28,0.48],[123.08,0.49],[123.27,0.33],[123.75,0.31],[124.22,0.38],[124.43,0.47],[124.7,0.83],[124.89,1]]],[[[107.37,-6.01],[107.05,-5.9],[106.83,-6.1],[106.08,-5.91],[105.87,-6.12],[105.79,-6.46],[105.66,-6.47],[105.48,-6.78],[105.94,-6.86],[106.52,-7.05],[106.42,-7.24],[106.63,-7.42],[107.28,-7.47],[107.55,-7.54],[107.92,-7.72],[108.45,-7.8],[108.74,-7.67],[109.28,-7.7],[110.04,-7.89],[110.61,-8.15],[111.51,-8.31],[112.12,-8.32],[112.68,-8.41],[113.25,-8.29],[113.69,-8.48],[114.58,-8.77],[114.39,-8.41],[114.44,-7.9],[114.38,-7.77],[114.07,-7.63],[113.75,-7.7],[113.25,-7.72],[112.79,-7.55],[112.79,-7.3],[112.65,-7.22],[112.54,-6.93],[112.09,-6.89],[111.54,-6.65],[111.15,-6.67],[110.97,-6.44],[110.74,-6.47],[110.58,-6.81],[110.43,-6.95],[110.2,-6.9],[109.82,-6.9],[109.5,-6.81],[109.29,-6.87],[108.68,-6.79],[108.52,-6.47],[108.3,-6.27],[108.14,-6.3],[107.67,-6.22],[107.37,-6.01]]],[[[109.63,2.03],[109.38,1.92],[109.08,1.5],[108.96,1.13],[108.91,0.79],[108.94,0.36],[109.26,0.03],[109.12,-0.27],[109.16,-0.49],[109.37,-0.64],[109.45,-0.87],[109.79,-1.01],[110.02,-1.4],[109.96,-1.86],[110.08,-1.95],[110.22,-2.69],[110.23,-2.93],[110.57,-2.89],[110.7,-3.02],[111.04,-3.06],[111.37,-2.93],[111.82,-3.06],[111.82,-3.53],[111.95,-3.53],[112.28,-3.32],[112.6,-3.4],[112.97,-3.19],[113.03,-2.93],[113.34,-3.25],[113.53,-3.18],[113.63,-3.42],[113.8,-3.46],[114.08,-3.28],[114.54,-3.49],[114.61,-3.7],[114.63,-4.11],[114.69,-4.17],[115.96,-3.6],[116.17,-3.18],[116.17,-3.03],[116.33,-2.9],[116.38,-2.58],[116.53,-2.51],[116.57,-2.3],[116.42,-2.05],[116.42,-1.78],[116.55,-1.47],[116.77,-1.27],[117,-1.19],[117.24,-0.93],[117.56,-0.77],[117.46,-0.32],[117.52,0.24],[117.75,0.73],[117.92,0.83],[118.02,1.04],[118.2,0.87],[118.53,0.81],[118.89,0.89],[118.98,0.98],[118.64,1.32],[118.08,1.7],[117.86,1.97],[118.07,2.32],[117.79,2.75],[117.64,2.83],[117.61,3.06],[117.35,3.19],[117.38,3.37],[117.17,3.59],[117.63,3.64],[117.73,3.8],[117.47,4.08],[117.57,4.17],[117.1,4.34],[116.51,4.37],[116.41,4.31],[115.9,4.35],[115.68,4.19],[115.57,3.94],[115.57,3.45],[115.45,3.03],[115.25,3.03],[115.09,2.84],[115.18,2.52],[114.79,2.25],[114.83,1.98],[114.7,1.85],[114.55,1.47],[114.39,1.5],[113.9,1.43],[113.62,1.24],[113.01,1.43],[112.94,1.57],[112.48,1.56],[112.19,1.44],[112.08,1.14],[111.77,1],[111.29,1.04],[110.94,1.02],[110.51,0.86],[110.32,1],[109.65,1.61],[109.54,1.9],[109.63,2.03]]],[[[127.73,0.85],[127.65,1.01],[128.01,1.33],[128.01,1.7],[127.89,1.83],[127.9,2.14],[127.63,1.84],[127.54,1.47],[127.42,1.25],[127.52,0.92],[127.56,0.49],[127.71,0.29],[127.69,-0.24],[127.89,-0.42],[128.05,-0.71],[128.25,-0.73],[127.98,-0.25],[127.89,0.05],[127.89,0.3],[127.98,0.47],[128.69,0.36],[128.61,0.55],[128.26,0.73],[128.3,0.88],[128.7,1.11],[128.69,1.57],[128.42,1.52],[128.16,1.32],[128.16,1.16],[127.97,1.04],[127.88,0.83],[127.73,0.85]]],[[[129.75,-2.87],[129.43,-2.79],[129.12,-2.94],[129.06,-2.84],[128.2,-2.87],[128.08,-3.18],[128.28,-3.24],[128.42,-3.42],[128.64,-3.43],[128.86,-3.23],[128.97,-3.33],[129.47,-3.45],[129.51,-3.33],[129.84,-3.33],[130.02,-3.47],[130.81,-3.86],[130.86,-3.57],[130.67,-3.39],[130.57,-3.13],[130.38,-2.99],[129.98,-2.98],[129.75,-2.87]]],[[[126.86,-3.09],[126.56,-3.07],[126.03,-3.17],[126.06,-3.42],[126.21,-3.61],[126.69,-3.82],[127.23,-3.63],[127.23,-3.39],[126.86,-3.09]]],[[[124.92,-8.94],[124.44,-9.19],[124.28,-9.43],[124.04,-9.34],[123.71,-9.61],[123.59,-9.97],[123.72,-10.08],[123.64,-10.31],[123.86,-10.34],[124.18,-10.18],[124.43,-10.15],[124.96,-9.67],[125.07,-9.51],[124.97,-9.29],[124.92,-8.94]]],[[[134.75,-5.71],[134.62,-5.44],[134.34,-5.71],[134.3,-6.01],[134.15,-6.06],[134.44,-6.33],[134.64,-6.37],[134.76,-6.17],[134.75,-5.71]]],[[[134.54,-6.44],[134.17,-6.18],[134.06,-6.77],[134.2,-6.91],[134.36,-6.81],[134.54,-6.44]]],[[[138.54,-8.27],[138.79,-8.06],[138.99,-7.7],[138.77,-7.39],[138.3,-7.44],[138.01,-7.64],[137.69,-8.26],[137.87,-8.38],[138.3,-8.41],[138.54,-8.27]]],[[[140.97,-2.61],[140.75,-2.61],[140.62,-2.45],[140.15,-2.35],[139.79,-2.35],[138.65,-1.79],[137.81,-1.48],[137.12,-1.84],[137.17,-2.03],[136.84,-2.2],[136.39,-2.27],[136.24,-2.58],[136.01,-2.73],[135.86,-3],[135.49,-3.35],[135.04,-3.33],[134.7,-2.93],[134.63,-2.54],[134.48,-2.58],[134.46,-2.83],[134.16,-2.2],[134.11,-1.72],[134.26,-1.36],[133.97,-0.74],[133.47,-0.73],[133.08,-0.51],[132.63,-0.36],[132.39,-0.36],[132.13,-0.45],[131.8,-0.7],[131.26,-0.86],[131.12,-1.46],[131.29,-1.39],[131.73,-1.54],[131.93,-1.56],[132.02,-1.99],[132.31,-2.24],[132.5,-2.22],[132.96,-2.27],[133.49,-2.23],[133.92,-2.1],[133.9,-2.39],[133.61,-2.55],[133.19,-2.44],[133.03,-2.49],[132.73,-2.79],[132.23,-2.68],[131.97,-2.79],[132.05,-2.91],[132.35,-2.98],[132.75,-3.29],[132.87,-3.55],[132.75,-3.7],[132.97,-4.09],[133.25,-4.06],[133.4,-3.9],[133.42,-3.73],[133.65,-3.36],[133.72,-3.58],[133.97,-3.82],[134.15,-3.8],[134.68,-4.08],[134.75,-4.2],[135.2,-4.45],[135.45,-4.44],[135.98,-4.53],[136.62,-4.82],[137.09,-4.92],[137.76,-5.26],[138.06,-5.47],[138.09,-5.71],[138.25,-5.69],[138.44,-6.34],[138.86,-6.86],[138.6,-6.94],[138.75,-7.25],[139.09,-7.59],[138.86,-8.15],[138.93,-8.26],[139.19,-8.09],[139.39,-8.19],[139.93,-8.1],[140.1,-8.3],[140.49,-8.62],[140.66,-8.85],[140.98,-9.12],[140.98,-6.91],[140.86,-6.74],[140.98,-6.35],[140.97,-4.23],[140.97,-2.61]]],[[[101.71,2.08],[101.41,2.02],[101.47,1.76],[101.6,1.72],[101.77,1.94],[101.71,2.08]]],[[[103.03,0.75],[103,0.86],[102.55,1.13],[102.54,0.83],[103.03,0.75]]],[[[104.59,1.22],[104.36,1.18],[104.25,1.01],[104.58,0.83],[104.65,0.96],[104.59,1.22]]],[[[104.47,-0.33],[104.26,-0.46],[104.49,-0.61],[104.59,-0.47],[104.47,-0.33]]],[[[109.71,-1.18],[109.74,-1.04],[109.48,-0.99],[109.43,-1.24],[109.71,-1.18]]],[[[113.84,-7.11],[113.97,-6.87],[112.87,-6.9],[112.76,-7.14],[113.04,-7.21],[113.47,-7.22],[113.84,-7.11]]],[[[127.57,-0.32],[127.3,-0.5],[127.47,-0.64],[127.68,-0.47],[127.57,-0.32]]],[[[130.35,-1.69],[129.99,-1.76],[129.89,-1.99],[130.25,-2.05],[130.42,-1.97],[130.35,-1.69]]],[[[96.46,2.36],[96.42,2.52],[95.81,2.92],[95.81,2.66],[96.02,2.6],[96.46,2.36]]],[[[123.21,-1.17],[122.91,-1.18],[122.81,-1.43],[122.89,-1.59],[123.15,-1.3],[123.37,-1.51],[123.55,-1.34],[123.21,-1.17]]],[[[116.3,-3.87],[116.26,-3.39],[116.12,-3.34],[116.02,-3.7],[116.09,-4.05],[116.3,-3.87]]],[[[122.95,-10.91],[123.42,-10.65],[123.37,-10.47],[123.06,-10.7],[122.95,-10.91]]],[[[124.29,-8.33],[123.97,-8.35],[124.07,-8.55],[124.29,-8.33]]],[[[123.92,-8.27],[123.78,-8.19],[123.53,-8.27],[123.33,-8.44],[123.41,-8.59],[123.92,-8.27]]]]},"properties":{"iso":"IDN","name":"Indonésia"}},{"type":"Feature","geometry":{"type":"MultiPolygon","coordinates":[[[[68.17,23.86],[68.23,23.6],[68.42,23.57],[68.64,23.19],[69.24,22.85],[69.66,22.76],[70.25,22.97],[70.33,22.82],[70.18,22.57],[69.55,22.41],[69.28,22.29],[69.13,22.42],[69.01,22.2],[69.19,21.99],[69.75,21.51],[70.13,21.09],[70.49,20.84],[70.72,20.74],[71.02,20.74],[71.4,20.87],[72.02,21.16],[72.25,21.53],[72.26,21.66],[72.04,21.82],[72.24,22.03],[72.33,22.27],[72.59,22.28],[72.52,21.98],[72.54,21.7],[72.69,21.18],[72.81,21.12],[72.88,20.56],[72.71,20.08],[72.67,19.83],[72.81,19.3],[72.87,18.68],[72.99,18.1],[73.16,17.62],[73.34,16.46],[73.48,16.05],[73.77,15.57],[73.93,15.4],[73.95,15.07],[74.38,14.49],[74.5,14.05],[74.67,13.67],[74.77,13.08],[74.95,12.56],[75.2,12.06],[75.52,11.7],[75.72,11.36],[75.92,10.78],[76.35,9.92],[76.46,9.54],[76.32,9.45],[76.55,8.9],[76.97,8.41],[77.3,8.15],[77.52,8.08],[78.06,8.38],[78.19,8.89],[78.42,9.11],[78.98,9.27],[78.92,9.45],[79,9.68],[79.26,10.04],[79.39,10.31],[79.84,10.32],[79.85,11.2],[79.75,11.58],[79.86,11.99],[80.14,12.45],[80.23,12.69],[80.34,13.36],[80.06,13.61],[80.24,13.77],[80.11,14.21],[80.17,14.58],[80.05,15.07],[80.1,15.32],[80.29,15.71],[80.65,15.9],[80.98,15.76],[81.13,15.96],[81.24,16.26],[81.4,16.37],[81.76,16.33],[82.26,16.56],[82.36,16.78],[82.36,17.1],[82.59,17.27],[83.2,17.61],[83.65,18.07],[84.1,18.29],[84.46,18.69],[84.77,19.13],[85.23,19.51],[85.25,19.76],[85.46,19.9],[85.58,19.69],[86.28,19.92],[86.5,20.17],[86.75,20.31],[86.98,20.7],[86.84,21.11],[86.86,21.24],[87.1,21.5],[87.68,21.65],[87.95,21.83],[88.25,21.62],[89.05,21.65],[89.05,22.09],[89.05,22.27],[88.92,22.63],[88.85,23.04],[88.72,23.25],[88.74,23.44],[88.57,23.67],[88.73,24.23],[88.64,24.33],[88.15,24.49],[88.02,24.63],[88.15,24.91],[88.31,24.88],[88.46,25.19],[88.89,25.19],[88.77,25.49],[88.45,25.57],[88.08,25.89],[88.15,26.09],[88.44,26.37],[89.11,26.2],[89.29,26.04],[89.82,25.94],[89.81,25.31],[90.44,25.16],[91.29,25.18],[91.48,25.14],[92.05,25.17],[92.25,24.9],[92.06,24.37],[91.88,24.2],[91.37,24.09],[91.16,23.66],[91.32,23.1],[91.62,22.98],[91.77,23.11],[91.75,23.29],[91.94,23.5],[91.93,23.69],[92.25,23.68],[92.33,23.32],[92.36,22.93],[92.49,22.69],[92.57,21.98],[92.69,22.13],[92.96,22],[93.16,22.36],[93.08,22.72],[93.37,23.13],[93.41,23.68],[93.31,24.02],[93.68,24.01],[94.13,23.88],[94.29,24.32],[94.58,24.77],[94.71,25.05],[94.55,25.24],[94.62,25.41],[94.99,25.77],[95.13,26.04],[95.06,26.47],[95.13,26.6],[95.46,26.76],[95.91,27.05],[96.06,27.22],[96.67,27.34],[96.88,27.18],[96.9,27.64],[97.34,27.94],[97.32,28.22],[97.08,28.37],[96.78,28.37],[96.6,28.46],[96.28,28.43],[96.58,28.76],[96.44,29.05],[96.16,28.91],[96.23,29.25],[96.04,29.45],[95.52,29.21],[95.42,29.05],[94.77,29.18],[94.62,29.31],[94.29,29.14],[93.9,28.8],[93.66,28.69],[93.21,28.59],[93.12,28.4],[92.7,28.15],[92.66,27.95],[92.41,27.82],[91.98,27.73],[91.63,27.76],[91.59,27.56],[91.74,27.44],[91.99,27.45],[92.08,27.29],[92,26.85],[91.67,26.8],[91.43,26.87],[91.29,26.79],[90.74,26.77],[90.35,26.89],[90.12,26.75],[89.76,26.7],[89.33,26.85],[89.15,26.82],[88.86,26.96],[88.74,27.18],[88.89,27.32],[88.75,27.52],[88.85,27.87],[88.62,28.09],[88.11,27.87],[88.15,27.75],[87.98,27.13],[88.16,26.72],[88.05,26.43],[87.29,26.36],[87.02,26.56],[86.7,26.44],[86.37,26.57],[86.01,26.65],[85.74,26.64],[85.57,26.84],[85.29,26.74],[84.69,27.04],[84.61,27.3],[84.09,27.49],[83.83,27.38],[83.45,27.47],[83.29,27.37],[82.73,27.52],[82.68,27.67],[82.45,27.67],[81.99,27.91],[81.85,27.87],[81.31,28.18],[81.17,28.34],[80.59,28.65],[80.42,28.61],[80.07,28.83],[80.13,29.1],[80.4,29.73],[80.91,30.17],[81.01,30.16],[80.68,30.41],[80.19,30.57],[80.19,30.76],[79.79,30.97],[79.57,30.95],[79.34,31.11],[79.11,31.4],[78.79,31.29],[78.69,31.74],[78.74,31.96],[78.5,32.22],[78.39,32.52],[78.7,32.6],[78.92,32.36],[79.22,32.5],[79.2,32.95],[79.11,33.23],[78.8,33.5],[78.75,34.09],[78.94,34.35],[78.67,34.52],[78.28,34.65],[78.01,35.25],[78.05,35.45],[77.8,35.5],[77.05,35.11],[77,34.99],[76.59,34.74],[76.04,34.67],[75.71,34.5],[75.19,34.64],[74.3,34.77],[73.96,34.65],[73.81,34.33],[73.98,34.19],[74,33.79],[74.15,33.51],[73.99,33.24],[74.3,32.99],[74.35,32.77],[74.66,32.76],[74.66,32.52],[74.99,32.46],[75.33,32.28],[75.25,32.14],[74.74,31.95],[74.51,31.71],[74.59,31.47],[74.52,31.19],[74.63,31.03],[74.22,30.77],[73.9,30.44],[73.93,30.22],[73.81,30.09],[73.38,29.93],[73.23,29.55],[72.9,29.03],[72.34,28.75],[72.18,28.42],[71.95,28.18],[71.87,27.96],[71.54,27.87],[70.74,27.73],[70.63,27.94],[70.4,28.03],[70.14,27.85],[69.9,27.47],[69.57,27.17],[69.47,26.8],[69.74,26.63],[70.06,26.58],[70.16,26.47],[70.08,26.07],[70.26,25.71],[70.65,25.67],[70.65,25.42],[70.88,25.06],[71.05,24.69],[71.04,24.4],[70.72,24.24],[70.55,24.42],[70.1,24.29],[70.02,24.19],[69.72,24.17],[69.56,24.27],[68.73,24.27],[68.72,23.96],[68.28,23.93],[68.17,23.86]]],[[[92.72,11.54],[92.8,11.87],[92.75,11.99],[92.88,12.23],[92.86,12.44],[92.99,12.54],[92.89,12.94],[93.07,13.25],[92.86,13.36],[92.81,12.88],[92.74,12.78],[92.69,12.21],[92.53,11.87],[92.72,11.54]]]]},"properties":{"iso":"IND","name":"Índia"}},{"type":"Feature","geometry":{"type":"Polygon","coordinates":[[[-15.54,66.23],[-15.99,66.51],[-16.54,66.45],[-16.43,66.28],[-16.75,66.13],[-17.15,66.2],[-17.58,65.97],[-17.91,66.14],[-18.78,66.17],[-19.38,66.08],[-19.59,65.78],[-20.03,66.05],[-20.36,66.03],[-20.36,65.72],[-20.74,65.66],[-21.23,65.42],[-21.47,65.64],[-21.3,65.88],[-21.63,66.09],[-22.43,66.43],[-22.97,66.32],[-22.62,66],[-23.53,66.16],[-24.22,65.49],[-23.9,65.41],[-22.9,65.58],[-22.01,65.49],[-22.68,65.03],[-24.03,64.86],[-22.47,64.79],[-22.28,64.59],[-21.95,64.51],[-21.83,64.21],[-22.51,63.99],[-22.61,63.84],[-21.45,63.86],[-21.25,63.94],[-20.2,63.56],[-18.65,63.41],[-17.95,63.54],[-17.82,63.71],[-16.64,63.87],[-16.06,64.11],[-15.02,64.3],[-14.55,64.45],[-13.57,65.07],[-13.8,65.35],[-13.62,65.49],[-14.76,65.76],[-14.74,66.05],[-15.54,66.23]]]},"properties":{"iso":"ISL","name":"Islândia"}},{"type":"Feature","geometry":{"type":"Polygon","coordinates":[[[22.13,48.41],[21.77,48.34],[21.45,48.55],[21.07,48.51],[20.49,48.53],[20.33,48.3],[19.9,48.13],[19.63,48.22],[19.47,48.11],[18.91,48.05],[18.72,47.79],[17.76,47.77],[17.15,48.01],[17.07,47.71],[16.75,47.69],[16.62,47.45],[16.43,47.37],[16.45,47.01],[16.09,46.86],[16.28,46.86],[16.52,46.5],[16.75,46.42],[17.31,46],[17.96,45.77],[18.44,45.77],[18.91,45.93],[19.21,45.98],[19.53,46.16],[20.24,46.11],[20.61,46.13],[21.15,46.3],[21.32,46.61],[21.79,47.14],[22,47.51],[22.29,47.73],[22.68,47.8],[22.88,47.95],[22.13,48.41]]]},"properties":{"iso":"HUN","name":"Hungria"}},{"type":"Feature","geometry":{"type":"MultiPolygon","coordinates":[[[[-89.3462,14.4131],[-89.0266,14.3113],[-88.9702,14.2102],[-88.6908,14.0118],[-88.4971,13.9691],[-88.4968,13.8512],[-88.2742,13.9191],[-88.2177,13.9908],[-87.9526,13.892],[-87.7495,13.8456],[-87.7126,13.8005],[-87.8172,13.4066],[-87.721,13.359],[-87.379,13.3931],[-87.5122,13.2867],[-87.314,12.9816],[-86.9484,13.0697],[-86.9108,13.2396],[-86.7327,13.2685],[-86.7641,13.6373],[-86.7712,13.7079],[-86.7272,13.7683],[-86.4101,13.749],[-86.0967,14.0441],[-85.7431,13.824],[-85.5631,14.042],[-85.4317,14.1328],[-85.0237,14.6025],[-84.9999,14.742],[-84.7702,14.8051],[-84.6993,14.6747],[-84.4827,14.6195],[-83.8695,14.7771],[-83.3903,15.031],[-83.1304,14.997],[-83.2538,15.0446],[-83.408,15.2664],[-83.7745,15.2857],[-83.9051,15.3835],[-84.2946,15.811],[-84.6601,15.7745],[-84.6766,15.8762],[-84.9999,15.9879],[-85.2542,15.8841],[-85.4886,15.8696],[-85.7032,15.9765],[-85.9032,15.9835],[-86.3747,15.7709],[-86.4379,15.7908],[-86.8787,15.7641],[-87.3451,15.8503],[-87.5096,15.7987],[-87.7284,15.921],[-87.9088,15.8681],[-88.1189,15.6959],[-88.2209,15.7257],[-88.4674,15.5207],[-88.7609,15.3],[-89.1469,15.0713],[-89.1892,14.9131],[-89.1462,14.7109],[-89.3616,14.4155],[-89.3462,14.4131]]],[[[-86.6065,16.285],[-86.491,16.3255],[-86.3121,16.4125],[-86.3321,16.4294],[-86.5307,16.3562],[-86.6065,16.285]]]]},"properties":{"iso":"HND","name":"Honduras"}},{"type":"Feature","geometry":{"type":"Polygon","coordinates":[[[-71.7574,19.7101],[-72.0479,19.712],[-72.3304,19.7521],[-72.5652,19.8757],[-72.776,19.9439],[-73.1437,19.9203],[-73.4681,19.7248],[-73.4095,19.636],[-73.1208,19.6291],[-72.7283,19.4256],[-72.8034,19.2319],[-72.706,18.9442],[-72.5495,18.7856],[-72.3251,18.6714],[-72.3538,18.5301],[-72.6283,18.5541],[-72.755,18.4294],[-73.0559,18.4585],[-73.7394,18.5438],[-74.2559,18.6703],[-74.4263,18.6082],[-74.4526,18.361],[-74.1834,18.2933],[-73.9678,18.1414],[-73.6542,18.2527],[-73.3773,18.2581],[-73.008,18.1811],[-72.8859,18.1414],[-72.4403,18.2239],[-72.0718,18.2375],[-71.7762,18.0393],[-71.7217,18.293],[-71.7211,18.294],[-71.9122,18.4307],[-72.0009,18.5825],[-71.7918,18.6807],[-71.7849,18.6847],[-71.7188,18.7842],[-71.7837,18.9963],[-71.6517,19.2179],[-71.7495,19.2797],[-71.746,19.649],[-71.7574,19.7101]]]},"properties":{"iso":"HTI","name":"Haiti"}},{"type":"Feature","geometry":{"type":"Polygon","coordinates":[[[-57.2325,5.2606],[-57.2477,5.4849],[-57.1615,5.6389],[-57.1673,6.0851],[-57.2898,6.2347],[-57.5204,6.278],[-57.5986,6.4272],[-57.9139,6.7128],[-58.1737,6.8154],[-58.3984,6.8834],[-58.567,6.6367],[-58.5812,6.4634],[-58.602,6.4166],[-58.617,6.4881],[-58.5977,6.8083],[-58.5196,6.9776],[-58.4642,7.3122],[-58.6632,7.5852],[-58.7807,7.6651],[-59.1652,8.0587],[-60.021,8.558],[-59.8156,8.2878],[-60.0195,8.0603],[-60.268,7.9213],[-60.5033,7.8209],[-60.7306,7.5254],[-60.6018,7.3301],[-60.6431,7.2209],[-60.3483,7.1527],[-60.421,6.9422],[-60.9338,6.7317],[-61.1298,6.7158],[-61.2048,6.5958],[-61.1216,6.1867],[-61.2694,6.1072],[-61.3796,5.9053],[-60.7399,5.2021],[-60.4564,5.1747],[-60.2134,5.2672],[-60.0887,5.1554],[-59.9831,5.0859],[-60.0877,4.6075],[-59.6871,4.3715],[-59.7385,4.2028],[-59.5292,3.9319],[-59.6801,3.7017],[-59.8377,3.6093],[-59.8285,3.3834],[-59.9594,3.0665],[-60.0001,2.694],[-59.9031,2.3596],[-59.7417,2.2638],[-59.7645,1.9205],[-59.2421,1.3778],[-59.0111,1.3276],[-58.8979,1.2178],[-58.5189,1.2673],[-58.5018,1.4538],[-58.3319,1.5934],[-58.0272,1.5169],[-57.991,1.6504],[-57.5612,1.709],[-57.4295,1.9003],[-57.1045,2.0215],[-57.0112,1.9186],[-56.8065,1.8736],[-56.4818,1.9416],[-56.7052,2.0296],[-57.1746,2.819],[-57.2749,3.1343],[-57.2836,3.3438],[-57.5651,3.3498],[-57.644,3.5167],[-57.8298,3.6624],[-58.0321,3.9877],[-58.0677,4.1511],[-57.8374,4.6509],[-57.9185,4.8298],[-57.7205,4.9898],[-57.3152,5.0261],[-57.2325,5.2606]]]},"properties":{"iso":"GUY","name":"Guiana"}},{"type":"Feature","geometry":{"type":"Polygon","coordinates":[[[-16.71,12.35],[-16.44,12.2],[-16.14,11.92],[-15.96,11.96],[-15.82,11.76],[-15.43,11.94],[-15.5,11.72],[-15.48,11.41],[-15.39,11.22],[-15.22,11.16],[-15.04,10.94],[-14.68,11.51],[-14.27,11.66],[-13.73,11.74],[-13.74,12.01],[-13.95,12.18],[-13.71,12.31],[-13.73,12.67],[-15.2,12.68],[-15.57,12.49],[-16.14,12.46],[-16.42,12.37],[-16.71,12.35]]]},"properties":{"iso":"GNB","name":"Guiné-Bissau"}},{"type":"Feature","geometry":{"type":"Polygon","coordinates":[[[-10.28,8.49],[-10.06,8.43],[-9.77,8.53],[-9.52,8.35],[-9.37,7.64],[-9.46,7.44],[-9.26,7.38],[-9.12,7.22],[-8.89,7.26],[-8.71,7.66],[-8.49,7.56],[-8.23,7.56],[-8.02,8.14],[-8.26,8.25],[-8.24,8.46],[-7.82,8.47],[-7.69,8.56],[-7.95,8.79],[-7.9,9.42],[-8.14,9.5],[-8.14,10.02],[-7.99,10.16],[-8.01,10.32],[-8.23,10.44],[-8.34,10.99],[-8.66,11.04],[-8.41,11.39],[-8.82,11.67],[-8.82,11.92],[-9.04,12.4],[-9.37,12.48],[-9.36,12.26],[-9.82,12.04],[-10.27,12.21],[-10.47,12.14],[-10.68,11.9],[-10.93,12.21],[-11.31,12.02],[-11.5,12.2],[-11.39,12.4],[-12.04,12.4],[-12.29,12.33],[-12.8,12.45],[-13.08,12.63],[-13.73,12.67],[-13.71,12.31],[-13.95,12.18],[-13.74,12.01],[-13.73,11.74],[-14.27,11.66],[-14.68,11.51],[-15.04,10.94],[-14.78,10.93],[-14.43,10.25],[-13.7,9.85],[-13.69,9.54],[-13.57,9.54],[-13.27,9.17],[-13.29,9.05],[-13.03,9.1],[-12.96,9.26],[-12.76,9.37],[-12.5,9.86],[-12.14,9.88],[-11.91,9.99],[-11.21,9.98],[-10.69,9.31],[-10.5,8.69],[-10.71,8.34],[-10.56,8.32],[-10.28,8.49]]]},"properties":{"iso":"GIN","name":"Guiné"}},{"type":"Feature","geometry":{"type":"Polygon","coordinates":[[[-89.748,14.0449],[-89.5309,14.2256],[-89.4961,14.4229],[-89.3616,14.4155],[-89.1462,14.7109],[-89.1892,14.9131],[-89.1469,15.0713],[-88.7609,15.3],[-88.4674,15.5207],[-88.2209,15.7257],[-88.4479,15.8587],[-88.626,15.7539],[-88.914,15.8939],[-89.236,15.9065],[-89.1931,16.3926],[-89.1507,17.321],[-89.1605,17.8143],[-90.2597,17.8153],[-90.9909,17.802],[-90.992,17.2519],[-91.4333,17.2545],[-91.2904,17.1891],[-91.0669,16.9182],[-90.7353,16.7466],[-90.6482,16.5296],[-90.3988,16.3476],[-90.4478,16.0797],[-90.4482,16.0793],[-90.9948,16.0699],[-91.7238,16.0688],[-92.1059,15.4545],[-92.2034,15.2372],[-92.1542,14.9959],[-92.1617,14.7023],[-92.2463,14.5463],[-92.1624,14.4873],[-91.6585,14.1173],[-91.5519,14.0573],[-91.3165,13.9557],[-90.9103,13.9111],[-90.6273,13.9207],[-90.2406,13.7887],[-90.0983,13.7314],[-90.099,13.8585],[-89.8801,14.0427],[-89.748,14.0449]]]},"properties":{"iso":"GTM","name":"Guatemala"}},{"type":"Feature","geometry":{"type":"Polygon","coordinates":[[[-61.72,12.01],[-61.63,12.05],[-61.61,12.22],[-61.71,12.19],[-61.72,12.01]]]},"properties":{"iso":"GRD","name":"Granada"}},{"type":"Feature","geometry":{"type":"MultiPolygon","coordinates":[[[[20.08,39.43],[19.94,39.75],[19.65,39.73],[19.88,39.46],[20.08,39.43]]],[[[23.42,38.96],[23.25,38.8],[23.76,38.4],[24.04,38.39],[24.21,38.12],[24.5,37.97],[24.56,38.15],[24.28,38.22],[24.1,38.67],[23.88,38.69],[23.47,38.85],[23.42,38.96]]],[[[26.41,39.33],[26.17,39.37],[25.91,39.29],[25.91,39.14],[26.47,38.97],[26.58,39.11],[26.41,39.33]]],[[[25.44,39.98],[25.06,40],[25.06,39.85],[25.36,39.81],[25.44,39.98]]],[[[27.84,35.93],[28.14,36.21],[27.91,36.35],[27.72,36.17],[27.84,35.93]]],[[[23.85,35.54],[23.57,35.53],[23.56,35.3],[24.46,35.16],[24.71,35.09],[24.8,34.93],[26.24,35.04],[26.3,35.27],[25.75,35.14],[25.73,35.35],[25.48,35.31],[24.72,35.42],[24.31,35.36],[24.17,35.6],[23.85,35.54]]],[[[26.32,41.72],[26.07,41.67],[26.16,41.43],[25.25,41.24],[24.6,41.44],[24.52,41.55],[24.06,41.53],[23.64,41.39],[22.92,41.34],[22.49,41.12],[21.93,41.11],[21.58,40.87],[20.96,40.85],[21.03,40.66],[20.81,40.45],[20.66,40.12],[20.31,39.98],[20.38,39.84],[20.21,39.65],[20,39.71],[20.3,39.33],[20.78,39.01],[20.78,38.81],[20.99,38.65],[21.11,38.38],[21.47,38.32],[21.97,38.41],[22.23,38.35],[22.42,38.44],[23.12,38.07],[22.8,37.98],[22.56,38.11],[21.82,38.33],[21.66,38.18],[21.4,38.2],[21.15,37.92],[21.33,37.67],[21.57,37.54],[21.69,37.31],[21.58,37.08],[21.89,36.74],[22.08,37.03],[22.49,36.57],[22.61,36.78],[23.07,36.77],[22.77,37.39],[22.78,37.59],[23.16,37.33],[23.49,37.44],[23.2,37.62],[23.19,37.96],[23.58,38.01],[24.06,37.71],[23.97,38.28],[23.68,38.35],[23.25,38.66],[22.77,38.8],[22.97,39.03],[22.84,39.26],[22.99,39.33],[22.92,39.63],[22.59,40.04],[22.63,40.5],[23.31,40.22],[23.66,40.22],[23.88,40.54],[24.38,40.91],[24.79,40.86],[25.1,40.99],[25.86,40.84],[26.04,40.73],[26.33,40.95],[26.33,41.24],[26.62,41.4],[26.58,41.6],[26.32,41.72]]]]},"properties":{"iso":"GRC","name":"Grécia"}},{"type":"Feature","geometry":{"type":"Polygon","coordinates":[[[-0.07,11.12],[-0.3,11.17],[-0.65,10.93],[-0.7,10.99],[-2.83,11],[-2.91,10.59],[-2.79,10.4],[-2.77,9.66],[-2.7,9.48],[-2.75,9.11],[-2.6,8.8],[-2.51,8.21],[-2.79,7.93],[-2.96,7.45],[-2.99,7.2],[-3.24,6.81],[-3.2,6.35],[-2.96,5.64],[-2.79,5.6],[-2.8,5.18],[-3.02,5.13],[-3.09,5.13],[-3.11,5.09],[-2.4,4.93],[-2,4.76],[-1.64,4.98],[-1.06,5.18],[-0.8,5.23],[-0.35,5.5],[0.26,5.76],[0.75,5.76],[0.95,5.81],[1.19,6.09],[0.98,6.32],[0.74,6.45],[0.53,6.85],[0.63,7.35],[0.5,7.55],[0.61,7.73],[0.58,8.15],[0.69,8.3],[0.62,8.48],[0.42,8.65],[0.49,8.85],[0.47,9.12],[0.53,9.36],[0.26,9.5],[0.32,9.69],[0.36,10.24],[-0.06,10.63],[0.01,11.02],[-0.07,11.12]]]},"properties":{"iso":"GHA","name":"Gana"}},{"type":"Feature","geometry":{"type":"MultiPolygon","coordinates":[[[[9.52,47.52],[9.75,47.58],[10.31,47.31],[10.43,47.54],[10.87,47.52],[10.98,47.4],[11.3,47.42],[11.72,47.58],[12.69,47.67],[13.01,47.48],[12.95,47.89],[12.81,48.16],[13.41,48.39],[13.49,48.58],[13.79,48.59],[13.81,48.77],[13.55,48.96],[12.63,49.46],[12.39,49.74],[12.46,49.96],[12.28,50.18],[12.45,50.35],[13.47,50.62],[13.53,50.69],[14.37,50.9],[14.81,50.86],[15.02,51.25],[14.6,51.83],[14.75,52.08],[14.55,52.36],[14.62,52.53],[14.13,52.88],[14.41,53.28],[14.26,53.73],[13.87,53.85],[13.72,54.15],[13.45,54.14],[13.03,54.41],[12.58,54.47],[12.11,54.17],[11.8,54.15],[11.4,53.94],[10.81,54.08],[11.01,54.18],[10.36,54.44],[9.74,54.83],[9.34,54.81],[8.67,54.9],[8.96,54.54],[8.65,54.4],[8.91,54.26],[8.9,53.84],[8.62,53.88],[8.54,53.56],[8.01,53.69],[7.29,53.68],[7.05,53.38],[7.2,53.28],[7.19,53],[7.01,52.63],[7.04,52.38],[6.75,52.1],[6.74,51.91],[5.95,51.76],[6.19,51.49],[5.89,50.98],[5.99,50.75],[6.24,50.6],[6.36,50.32],[6.12,50.12],[6.26,49.87],[6.49,49.8],[6.34,49.45],[6.74,49.16],[7.45,49.15],[7.61,49.06],[8.13,48.97],[7.84,48.64],[7.58,48.06],[7.53,47.67],[7.62,47.59],[8.2,47.61],[8.62,47.77],[8.88,47.66],[9.18,47.67],[9.52,47.52]]],[[[13.71,54.38],[13.42,54.7],[13.18,54.54],[13.36,54.25],[13.71,54.38]]]]},"properties":{"iso":"DEU","name":"Alemanha"}},{"type":"Feature","geometry":{"type":"Polygon","coordinates":[[[43.44,41.11],[44.23,41.21],[44.84,41.21],[45,41.29],[45.28,41.45],[45.72,41.34],[45.79,41.22],[46.17,41.2],[46.46,41.07],[46.62,41.34],[46.18,41.66],[46.43,41.89],[45.95,42.04],[45.64,42.21],[45.73,42.48],[45.34,42.53],[44.87,42.76],[44.51,42.75],[43.96,42.57],[43.78,42.75],[43.09,42.99],[42.99,43.09],[42.42,43.22],[41.58,43.22],[40.65,43.53],[40.15,43.57],[39.98,43.42],[40.52,43.12],[40.84,43.06],[41.13,42.83],[41.49,42.66],[41.76,41.97],[41.7,41.71],[41.51,41.52],[42.47,41.44],[42.79,41.56],[43.44,41.11]]]},"properties":{"iso":"GEO","name":"Geórgia"}},{"type":"Feature","geometry":{"type":"Polygon","coordinates":[[[-16.56,13.59],[-16.82,13.34],[-16.76,13.06],[-16.65,13.15],[-15.83,13.16],[-15.81,13.33],[-15.29,13.4],[-15.15,13.56],[-14.67,13.35],[-14.25,13.24],[-13.85,13.34],[-13.98,13.54],[-14.41,13.5],[-14.94,13.79],[-15.11,13.81],[-15.43,13.73],[-15.51,13.59],[-16.56,13.59]]]},"properties":{"iso":"GMB","name":"Gâmbia"}},{"type":"Feature","geometry":{"type":"Polygon","coordinates":[[[13.29,2.16],[13.22,2.26],[12.87,2.25],[12.36,2.3],[11.35,2.3],[11.33,2.17],[11.34,1],[10.03,1],[9.76,1.07],[9.59,1.03],[9.5,0.66],[9.33,0.61],[9.47,0.36],[9.78,0.19],[9.74,0.08],[9.41,0.2],[9.3,-0.35],[9.14,-0.57],[8.82,-0.71],[8.84,-0.91],[9.06,-1.3],[9.33,-1.53],[9.27,-1.83],[9.76,-2.52],[10.35,-3.01],[10.64,-3.4],[10.95,-3.66],[11.13,-3.92],[11.29,-3.64],[11.5,-3.52],[11.69,-3.68],[11.93,-3.32],[11.72,-3.18],[11.76,-2.98],[11.54,-2.84],[11.58,-2.4],[11.95,-2.34],[12.06,-2.41],[12.45,-2.33],[12.43,-1.93],[12.59,-1.83],[12.79,-1.93],[12.99,-2.31],[13.46,-2.4],[13.78,-2.16],[13.89,-2.47],[14.09,-2.47],[14.25,-2],[14.38,-1.89],[14.46,-1.41],[14.41,-0.97],[14.48,-0.62],[14.07,-0.27],[13.86,-0.2],[13.88,0.19],[14.09,0.54],[14.32,0.62],[14.43,0.81],[14.39,1],[14.18,1.37],[13.85,1.42],[13.27,1.24],[13.16,1.65],[13.29,2.16]]]},"properties":{"iso":"GAB","name":"Gabão"}},{"type":"Feature","geometry":{"type":"MultiPolygon","coordinates":[[[[9.48,42.81],[8.71,42.55],[8.57,42.22],[8.7,42.1],[8.81,41.59],[9.19,41.38],[9.39,41.73],[9.55,42.13],[9.48,42.81]]],[[[7.62,47.59],[7.53,47.67],[7.58,48.06],[7.84,48.64],[8.13,48.97],[7.61,49.06],[7.45,49.15],[6.74,49.16],[6.34,49.45],[5.79,49.54],[5.51,49.51],[5.28,49.68],[4.87,49.79],[4.66,50],[4.18,49.96],[4.17,50.25],[3.75,50.34],[3.27,50.53],[3.11,50.78],[2.84,50.71],[2.6,50.88],[2.52,51.1],[1.91,50.99],[1.58,50.74],[1.55,50.29],[1.25,50],[0.62,49.86],[0.19,49.7],[0.28,49.46],[-0.16,49.3],[-1.14,49.39],[-1.26,49.68],[-1.86,49.68],[-1.58,49.2],[-1.57,48.81],[-1.44,48.64],[-2.45,48.65],[-2.69,48.54],[-3,48.79],[-3.23,48.84],[-3.71,48.71],[-4.06,48.71],[-4.72,48.54],[-4.72,48.36],[-4.39,48.37],[-4.63,48.09],[-4.31,47.82],[-3.9,47.84],[-3.16,47.69],[-2.77,47.51],[-2.43,47.47],[-2.5,47.31],[-2.02,47.04],[-2.06,46.81],[-1.79,46.51],[-1.15,46.31],[-1.07,45.81],[-1.19,45.16],[-1.25,44.56],[-1.35,44.02],[-1.48,43.56],[-1.79,43.41],[-1.41,43.24],[-1.29,43.06],[-0.76,42.94],[-0.59,42.8],[-0.3,42.83],[-0.04,42.69],[0.63,42.69],[0.7,42.85],[1.35,42.69],[1.43,42.6],[1.71,42.5],[2.03,42.35],[2.2,42.42],[2.57,42.35],[2.97,42.47],[3.21,42.43],[3.09,42.59],[3.05,42.92],[3.26,43.19],[4.05,43.59],[4.63,43.39],[5.06,43.44],[5.41,43.23],[5.81,43.1],[6.12,43.07],[6.49,43.17],[7.18,43.66],[7.38,43.73],[7.41,43.77],[7.44,43.75],[7.49,43.77],[7.65,44.03],[6.97,44.28],[6.84,44.51],[7.03,44.72],[6.74,44.92],[6.63,45.12],[7.08,45.24],[7.15,45.4],[6.8,45.81],[7.02,45.93],[6.77,46.17],[6.76,46.42],[6.43,46.43],[6.09,46.15],[6.06,46.43],[7,47.32],[7.42,47.46],[7.62,47.59]]],[[[55.8,-21.34],[55.84,-21.14],[55.66,-20.91],[55.31,-20.9],[55.23,-21.06],[55.36,-21.27],[55.56,-21.36],[55.8,-21.34]]],[[[-60.83,14.49],[-60.92,14.74],[-61.22,14.8],[-61.06,14.47],[-60.83,14.49]]],[[[-61.59,16.01],[-61.55,16.27],[-61.79,16.3],[-61.76,16.06],[-61.59,16.01]]]]},"properties":{"iso":"FRA","name":"França"}},{"type":"Feature","properties":{"iso":"GUF","name":"Guiana Francesa"},"geometry":{"type":"MultiPolygon","coordinates":[[[[-54.62,2.33],[-54.13,2.12],[-53.77,2.35],[-53.51,2.25],[-53.33,2.34],[-53.23,2.2],[-52.96,2.18],[-52.7,2.36],[-52.36,3.05],[-51.99,3.7],[-51.65,4.06],[-51.79,4.57],[-51.92,4.52],[-52.29,4.94],[-52.45,5.02],[-52.9,5.43],[-53.45,5.56],[-53.85,5.78],[-53.99,5.68],[-54.16,5.36],[-54.45,5.01],[-54.45,4.49],[-54.35,4.05],[-53.99,3.59],[-54.2,3.14],[-54.2,2.82],[-54.4,2.46],[-54.62,2.33]]]]}},{"type":"Feature","geometry":{"type":"Polygon","coordinates":[[[-56.27,46.84],[-56.31,46.95],[-56.29,47.07],[-56.39,47.07],[-56.27,46.84]]]},"properties":{"iso":"SPM","name":"Saint-Pierre e Miquelon"}},{"type":"Feature","geometry":{"type":"Polygon","coordinates":[[[-178.05,-14.32],[-178.14,-14.24],[-178.16,-14.31],[-178.05,-14.32]]]},"properties":{"iso":"WLF","name":"Wallis e Futuna"}},{"type":"Feature","geometry":{"type":"Polygon","coordinates":[[[-63.01,18.07],[-63.06,18.12],[-63.12,18.07],[-63.01,18.07]]]},"properties":{"iso":"MAF","name":"São Martinho"}},{"type":"Feature","geometry":{"type":"Polygon","coordinates":[[[-62.83,17.88],[-62.8,17.91],[-62.87,17.92],[-62.83,17.88]]]},"properties":{"iso":"BLM","name":"Coletividade de São Bartolomeu"}},{"type":"Feature","geometry":{"type":"Polygon","coordinates":[[[-149.32,-17.69],[-149.38,-17.52],[-149.61,-17.53],[-149.58,-17.73],[-149.32,-17.69]]]},"properties":{"iso":"PYF","name":"Polinésia Francesa"}},{"type":"Feature","geometry":{"type":"MultiPolygon","coordinates":[[[[164.2,-20.25],[164.17,-20.48],[164.45,-20.83],[164.93,-21.29],[165.24,-21.53],[166.1,-21.96],[166.18,-22.09],[166.77,-22.38],[166.97,-22.32],[166.94,-22.09],[166.69,-21.95],[166.3,-21.64],[165.66,-21.27],[165.19,-20.77],[164.98,-20.68],[164.44,-20.28],[164.2,-20.25]]],[[[167.4,-21.16],[167.29,-20.89],[167.13,-21.06],[167.4,-21.16]]]]},"properties":{"iso":"NCL","name":"Nova Caledónia"}},{"type":"Feature","geometry":{"type":"Polygon","coordinates":[[[69.18,-49.11],[68.77,-49.07],[68.87,-49.44],[69.61,-49.65],[69.86,-49.54],[69.92,-49.35],[70.3,-49.42],[70.56,-49.2],[70.32,-49.06],[69.85,-49.22],[69.54,-49.26],[69.53,-48.97],[69.18,-49.11]]]},"properties":{"iso":"ATF","name":"Terras Austrais e Antárticas Francesas"}},{"type":"Feature","geometry":{"type":"Polygon","coordinates":[[[19.99,60.35],[19.69,60.27],[19.75,60.1],[20.26,60.26],[19.99,60.35]]]},"properties":{"iso":"ALD","name":"Åland"}},{"type":"Feature","geometry":{"type":"Polygon","coordinates":[[[24.16,65.81],[24.58,65.76],[25.35,65.48],[25.26,65.14],[25.37,65.01],[24.56,64.8],[24.28,64.52],[23.25,63.9],[22.24,63.44],[22.12,63.24],[21.55,63.2],[21.65,63.04],[21.2,62.79],[21.1,62.62],[21.35,62.22],[21.26,61.99],[21.61,61.59],[21.36,60.97],[21.44,60.6],[22.58,60.36],[22.46,60.03],[22.79,60.08],[23.72,59.97],[25.16,60.19],[25.66,60.33],[26.53,60.41],[27.24,60.54],[27.8,60.54],[28.41,60.9],[29.25,61.29],[29.69,61.55],[31.29,62.57],[31.53,62.89],[31.18,63.21],[30.06,63.69],[30.5,64.02],[30.49,64.24],[30.11,64.37],[30.07,64.77],[29.6,64.97],[29.72,65.62],[30.1,65.68],[29.9,66.09],[29.09,66.85],[29.09,66.97],[29.94,67.55],[29.98,67.69],[29.34,68.06],[28.69,68.19],[28.47,68.49],[28.97,69.02],[28.85,69.18],[29.33,69.47],[29.14,69.67],[28.41,69.82],[27.89,70.06],[27.11,69.9],[26.53,69.92],[26.01,69.65],[25.75,69.23],[25.75,68.99],[24.94,68.59],[23.85,68.81],[23.32,68.65],[22.41,68.72],[21.62,69.27],[21.13,69.08],[20.62,69.04],[22,68.52],[22.78,68.39],[23.64,67.95],[23.47,67.45],[23.99,66.81],[23.7,66.48],[24.16,65.81]]]},"properties":{"iso":"FIN","name":"Finlândia"}},{"type":"Feature","geometry":{"type":"MultiPolygon","coordinates":[[[[180,-16.17],[180,-16.15],[179.55,-16.25],[179.36,-16.38],[179.09,-16.44],[178.81,-16.63],[178.58,-16.62],[178.71,-16.98],[179.01,-16.9],[179.2,-16.71],[179.42,-16.81],[179.93,-16.74],[179.75,-16.45],[180,-16.17]]],[[[178.28,-17.37],[178.19,-17.31],[177.62,-17.46],[177.4,-17.63],[177.26,-17.86],[177.32,-18.08],[177.85,-18.25],[178.16,-18.25],[178.33,-18.14],[178.67,-18.08],[178.59,-17.65],[178.28,-17.37]]]]},"properties":{"iso":"FJI","name":"Fiji"}},{"type":"Feature","geometry":{"type":"Polygon","coordinates":[[[35.27,5.49],[35.75,5.34],[35.8,5.16],[35.76,4.81],[36.08,4.45],[36.91,4.41],[38.09,3.65],[38.61,3.6],[39.49,3.46],[39.66,3.58],[39.84,3.85],[40.77,4.27],[41.09,3.99],[41.22,3.94],[41.88,3.98],[42.02,4.14],[42.79,4.29],[43.02,4.56],[43.54,4.84],[44.03,4.95],[44.94,4.91],[45.93,6],[46.97,7.03],[47.98,8],[46.98,8],[46.3,8.23],[44.89,8.7],[44.02,8.99],[43.62,9.34],[43.48,9.38],[43.18,9.88],[42.84,10.2],[42.66,10.62],[42.92,11],[42.56,11.08],[41.96,10.94],[41.8,10.98],[41.77,11.59],[42.38,12.47],[42.13,12.77],[41.95,12.88],[41.77,13.18],[41.36,13.5],[40.77,14.14],[40.52,14.23],[40.22,14.43],[39.9,14.44],[39.53,14.54],[39.2,14.48],[39.07,14.63],[38.81,14.48],[38.5,14.42],[37.88,14.85],[37.57,14.15],[37.26,14.45],[37.02,14.27],[36.81,14.32],[36.52,14.26],[36.39,13.63],[36.21,13.27],[36.11,12.73],[35.82,12.68],[35.6,12.54],[35.25,11.96],[35.11,11.82],[34.96,11.28],[34.93,10.86],[34.77,10.75],[34.57,10.88],[34.43,10.79],[34.28,10.53],[34.29,10.12],[34.12,9.73],[34.08,9.46],[34.09,8.58],[33.95,8.44],[33.41,8.45],[33.23,8.4],[33.01,7.95],[33.23,7.76],[33.67,7.67],[33.9,7.51],[34.06,7.23],[34.28,7],[34.48,6.9],[34.71,6.66],[35.08,5.67],[35.27,5.49]]]},"properties":{"iso":"ETH","name":"Etiópia"}},{"type":"Feature","geometry":{"type":"MultiPolygon","coordinates":[[[[28.01,59.48],[27.89,59.41],[26.97,59.45],[26.63,59.55],[25.51,59.64],[25.44,59.52],[24.38,59.47],[24.08,59.29],[23.49,59.2],[23.51,58.66],[23.77,58.36],[24.11,58.27],[24.53,58.35],[24.32,57.87],[25.11,58.06],[25.99,57.84],[26.53,57.53],[26.9,57.61],[27.35,57.53],[27.54,57.8],[27.75,57.84],[27.49,58.27],[27.46,58.84],[27.76,59.05],[28.01,59.48]]],[[[22.62,58.62],[22.08,58.48],[21.88,58.26],[22.15,58.12],[22.76,58.26],[23.29,58.48],[22.62,58.62]]],[[[22.92,58.83],[22.91,58.99],[22.59,59.08],[22.41,58.86],[22.54,58.69],[22.92,58.83]]]]},"properties":{"iso":"EST","name":"Estónia"}},{"type":"Feature","geometry":{"type":"Polygon","coordinates":[[[36.52,14.26],[36.81,14.32],[37.02,14.27],[37.26,14.45],[37.57,14.15],[37.88,14.85],[38.5,14.42],[38.81,14.48],[39.07,14.63],[39.2,14.48],[39.53,14.54],[39.9,14.44],[40.22,14.43],[40.52,14.23],[40.77,14.14],[41.36,13.5],[41.77,13.18],[41.95,12.88],[42.13,12.77],[42.38,12.47],[42.67,12.38],[42.88,12.62],[43.12,12.71],[43.08,12.82],[42.8,12.86],[42.52,13.22],[42.4,13.21],[42.25,13.59],[41.66,13.98],[41.18,14.62],[40.8,14.74],[40.63,14.88],[40.2,15.01],[40.04,15.33],[39.86,15.47],[39.51,15.53],[39.3,15.92],[39.14,16.73],[38.91,17.43],[38.61,18.01],[38.25,17.58],[37.78,17.46],[37.51,17.29],[37.41,17.06],[37.01,17.06],[36.89,16.62],[36.91,16.3],[36.68,15.73],[36.52,15.25],[36.43,15.13],[36.52,14.26]]]},"properties":{"iso":"ERI","name":"Eritreia"}},{"type":"Feature","geometry":{"type":"MultiPolygon","coordinates":[[[[8.74,3.76],[8.47,3.26],[8.7,3.22],[8.95,3.63],[8.74,3.76]]],[[[11.33,2.17],[9.98,2.17],[9.8,2.3],[9.81,1.93],[9.63,1.57],[9.49,1.44],[9.39,1.14],[9.59,1.03],[9.76,1.07],[10.03,1],[11.34,1],[11.33,2.17]]]]},"properties":{"iso":"GNQ","name":"Guiné Equatorial"}},{"type":"Feature","geometry":{"type":"Polygon","coordinates":[[[-90.0983,13.7314],[-89.9535,13.6651],[-89.808,13.5269],[-89.6094,13.5131],[-89.2515,13.4723],[-89.1357,13.4145],[-88.8316,13.2661],[-88.8166,13.2593],[-88.1125,13.1712],[-88.0915,13.1727],[-87.9282,13.1586],[-87.7981,13.2657],[-87.8172,13.4066],[-87.7126,13.8005],[-87.7495,13.8456],[-87.9526,13.892],[-88.2177,13.9908],[-88.2742,13.9191],[-88.4968,13.8512],[-88.4971,13.9691],[-88.6908,14.0118],[-88.9702,14.2102],[-89.0266,14.3113],[-89.3462,14.4131],[-89.3616,14.4155],[-89.4961,14.4229],[-89.5309,14.2256],[-89.748,14.0449],[-89.8801,14.0427],[-90.099,13.8585],[-90.0983,13.7314]]]},"properties":{"iso":"SLV","name":"El Salvador"}},{"type":"Feature","geometry":{"type":"Polygon","coordinates":[[[36.87,22],[36.83,22.1],[36.41,22.39],[36.23,22.63],[35.91,22.74],[35.7,22.95],[35.52,23.44],[35.5,23.78],[35.62,24.07],[35.19,24.48],[34.57,25.69],[34.33,26.02],[33.96,26.65],[33.89,27.05],[33.55,27.61],[33.55,27.9],[33.2,28.21],[32.9,28.57],[32.63,28.99],[32.57,29.39],[32.36,29.63],[32.57,29.97],[32.72,29.52],[33.08,29.07],[33.25,28.57],[33.76,28.05],[34.22,27.76],[34.4,28.02],[34.45,28.36],[34.62,28.76],[34.74,29.27],[34.9,29.48],[34.66,30.19],[34.25,31.21],[34.2,31.32],[33.67,31.13],[33.13,31.17],[32.6,31.07],[32.32,31.26],[32.1,31.09],[31.77,31.29],[31.89,31.54],[31.52,31.46],[31.19,31.59],[31,31.46],[30.7,31.4],[30.4,31.46],[30.22,31.26],[29.93,31.23],[29.59,31.01],[29.07,30.83],[28.51,31.05],[27.97,31.1],[27.54,31.21],[27.25,31.38],[25.89,31.62],[25.38,31.51],[25.15,31.65],[24.85,31.33],[24.97,30.78],[24.88,30.46],[24.73,30.25],[24.98,29.18],[24.98,27.16],[24.98,25.59],[24.98,24.02],[24.98,22],[26.13,22],[28.04,22],[29.56,22],[31.43,22],[32.61,22],[34.57,22],[35.89,22],[36.87,22]]]},"properties":{"iso":"EGY","name":"Egito"}},{"type":"Feature","geometry":{"type":"MultiPolygon","coordinates":[[[[-78.8287,1.4343],[-78.9578,1.1634],[-79.4565,1.0725],[-80.0758,0.8161],[-79.9995,0.3451],[-80.0665,0.0522],[-80.4965,-0.3814],[-80.422,-0.5996],[-80.6163,-0.9414],[-80.8164,-0.9463],[-80.9162,-1.0655],[-80.7443,-1.3438],[-80.8516,-1.5769],[-80.8182,-1.677],[-80.733,-1.904],[-80.745,-2.1029],[-80.9136,-2.3188],[-80.6566,-2.4158],[-80.5427,-2.5298],[-80.3205,-2.7106],[-80.1751,-2.5867],[-79.7251,-2.5698],[-79.8959,-3.0454],[-79.9532,-3.1974],[-80.3407,-3.3935],[-80.2164,-3.6316],[-80.1651,-3.8807],[-80.3046,-4.0052],[-80.5123,-4.065],[-80.4885,-4.396],[-80.4085,-4.4775],[-80.0797,-4.309],[-79.7957,-4.4847],[-79.658,-4.4387],[-79.5072,-4.5316],[-79.4608,-4.7705],[-79.2337,-4.9656],[-79.0093,-4.9601],[-78.8531,-4.6523],[-78.7089,-4.5851],[-78.6824,-4.3269],[-78.5018,-3.9537],[-78.3759,-3.5293],[-77.9415,-3.0545],[-77.8104,-2.9671],[-76.6697,-2.5646],[-76.0912,-2.1289],[-75.5807,-1.5466],[-75.4126,-0.9239],[-75.2273,-0.9698],[-75.2666,-0.6427],[-75.272,-0.5257],[-75.4342,-0.403],[-75.4553,-0.1612],[-75.2835,-0.107],[-75.6467,0.0854],[-75.7897,0.0844],[-76.0535,0.3635],[-76.3116,0.4585],[-76.408,0.2545],[-76.8968,0.2453],[-77.1039,0.3541],[-77.4244,0.4083],[-77.5141,0.6605],[-77.7279,0.8433],[-78.12,0.9212],[-78.4781,1.1871],[-78.5701,1.1958],[-78.8287,1.4343]]],[[[-80.0599,-2.6628],[-80.2107,-2.7249],[-80.2659,-3.0185],[-80.131,-3.0209],[-79.9458,-2.7066],[-80.0599,-2.6628]]],[[[-90.192,-0.5383],[-90.4877,-0.5255],[-90.5445,-0.6816],[-90.3371,-0.777],[-90.1988,-0.6816],[-90.192,-0.5383]]],[[[-91.4011,-0.4529],[-91.4742,-0.2493],[-91.6437,-0.4036],[-91.4011,-0.4529]]],[[[-90.8114,-0.7306],[-90.956,-0.6071],[-90.9623,-0.442],[-91.1846,-0.211],[-91.2093,-0.0107],[-91.4233,-0.0286],[-91.352,-0.3072],[-91.0942,-0.5694],[-91.4359,-0.7784],[-91.3997,-1.0185],[-91.1598,-1.0302],[-90.9287,-0.9703],[-90.8114,-0.7306]]]]},"properties":{"iso":"ECU","name":"Equador"}},{"type":"Feature","geometry":{"type":"Polygon","coordinates":[[[-71.746,19.649],[-71.7495,19.2797],[-71.6517,19.2179],[-71.7837,18.9963],[-71.7188,18.7842],[-71.7849,18.6847],[-71.7918,18.6807],[-72.0009,18.5825],[-71.9122,18.4307],[-71.7211,18.294],[-71.7217,18.293],[-71.7762,18.0393],[-71.6309,17.8168],[-71.4172,17.6048],[-71.281,17.8531],[-70.9656,18.2621],[-70.7038,18.4301],[-70.5794,18.2718],[-70.1804,18.2341],[-70.004,18.4175],[-69.9809,18.4265],[-69.8794,18.4712],[-69.5281,18.4103],[-69.2363,18.4505],[-69.0854,18.3959],[-68.9011,18.4037],[-68.743,18.2045],[-68.4443,18.4195],[-68.3562,18.6566],[-68.7851,18.9799],[-69.2117,19.021],[-69.42,19.1112],[-69.6209,19.102],[-69.5394,19.3394],[-69.7715,19.3033],[-69.8979,19.636],[-70.094,19.6367],[-70.3727,19.7142],[-70.6237,19.7665],[-71.0009,19.9377],[-71.2218,19.8346],[-71.6486,19.8967],[-71.7574,19.7101],[-71.746,19.649]]]},"properties":{"iso":"DOM","name":"República Dominicana"}},{"type":"Feature","geometry":{"type":"Polygon","coordinates":[[[-61.28,15.25],[-61.32,15.59],[-61.48,15.53],[-61.28,15.25]]]},"properties":{"iso":"DMA","name":"Dominica"}},{"type":"Feature","geometry":{"type":"Polygon","coordinates":[[[43.25,11.5],[43.16,11.57],[42.64,11.56],[42.8,11.74],[43.27,11.97],[43.41,12.19],[43.3,12.46],[43.12,12.71],[42.88,12.62],[42.67,12.38],[42.38,12.47],[41.77,11.59],[41.8,10.98],[41.96,10.94],[42.56,11.08],[42.92,11],[43.25,11.5]]]},"properties":{"iso":"DJI","name":"Djibouti"}},{"type":"Feature","geometry":{"type":"MultiPolygon","coordinates":[[[[-29.95,83.56],[-32.98,83.6],[-37.83,83.49],[-38.75,83.33],[-40.36,83.33],[-41.3,83.1],[-43.19,83.26],[-46.48,82.95],[-44.58,82.54],[-44.24,82.37],[-44.53,81.85],[-45.29,81.83],[-48.86,82.41],[-50.99,82.46],[-50.71,82.24],[-49.69,81.97],[-50.89,81.9],[-52.78,82.32],[-54.73,82.35],[-58.72,82.09],[-59.28,81.88],[-60.43,81.92],[-61.2,81.75],[-61.1,81.4],[-61.44,81.13],[-62.99,81.21],[-63.44,81.01],[-64.52,81],[-65.65,80.69],[-67,80.41],[-66.84,80.08],[-64.79,80],[-65.42,79.34],[-65.97,79.13],[-67.48,79.12],[-68.99,78.86],[-72.4,78.5],[-72.82,78.19],[-71.65,77.9],[-69.35,77.47],[-68.62,77.6],[-67.98,77.52],[-66.69,77.68],[-66.45,77.39],[-68.14,77.38],[-68.98,77.2],[-70.86,77.18],[-70.79,76.87],[-69.89,76.83],[-69.25,76.69],[-69.37,76.33],[-68.15,76.07],[-66.83,75.97],[-65.95,76.24],[-65.46,76.13],[-64.39,76.3],[-63.44,76.34],[-61.19,76.16],[-58.52,75.69],[-58.6,75.39],[-56.8,74.67],[-56.71,74.22],[-56.3,74.16],[-55.93,73.9],[-56.1,73.56],[-55.3,73.26],[-55.67,73.01],[-54.74,72.87],[-54.79,72.64],[-55.6,72.45],[-55.66,72.22],[-55.32,72.11],[-55.59,71.55],[-54.69,71.37],[-53.96,71.46],[-53.48,71.64],[-52.75,71.5],[-53.12,71.31],[-52.06,71.12],[-51.38,71.12],[-51.13,70.97],[-51.52,70.44],[-52.41,70.69],[-54.17,70.82],[-54.5,70.66],[-54.01,70.42],[-53.02,70.3],[-52.25,70.06],[-51.42,69.99],[-51.11,70.06],[-50.5,69.94],[-51.08,69.21],[-51.25,68.74],[-51.78,68.55],[-52.3,68.7],[-53.04,68.61],[-53.38,68.3],[-52.78,68.31],[-52.2,68.22],[-51.21,68.33],[-51.6,68.05],[-53.15,68.21],[-53.58,67.84],[-53.42,67.57],[-53.8,67.42],[-53.88,67.14],[-53.69,66.99],[-53.04,66.83],[-53.63,66.41],[-53.61,66.15],[-53.11,65.98],[-53.2,65.59],[-52.76,65.59],[-52.26,65.15],[-52.09,64.42],[-51.76,64.28],[-51.45,63.9],[-51.47,63.64],[-50.74,63.05],[-50.34,62.83],[-50.32,62.47],[-49.55,62.23],[-49.62,62],[-49.38,61.89],[-49.29,61.59],[-49.05,61.52],[-48.92,61.28],[-48.49,61.22],[-48.39,61],[-48.01,60.72],[-47.8,60.83],[-46.87,60.82],[-46.01,61.1],[-46.14,60.78],[-46.05,60.62],[-45.59,60.52],[-45.38,60.2],[-44.81,60.05],[-44.07,59.92],[-43.32,59.93],[-43.12,60.06],[-43.16,60.33],[-42.72,60.77],[-42.42,61.54],[-42.11,61.86],[-42.32,62.15],[-42.15,62.57],[-41.63,62.97],[-41.11,63.27],[-41.05,63.51],[-40.55,63.73],[-40.62,64.13],[-40.78,64.22],[-40.18,64.48],[-40.66,64.92],[-39.58,65.34],[-39.96,65.56],[-38.64,65.62],[-38,65.71],[-37.75,65.59],[-36.93,65.78],[-36.38,65.83],[-35.63,66.14],[-34.63,66.43],[-34.1,66.73],[-33.16,67.63],[-32.27,67.92],[-32.37,68.21],[-32.14,68.38],[-31.42,68.13],[-30.98,68.06],[-29.87,68.31],[-29.25,68.3],[-26.34,68.7],[-25.7,68.89],[-25.54,69.05],[-23.71,69.63],[-23.09,69.88],[-23.17,70.11],[-25.53,70.35],[-26.16,70.25],[-26.75,70.48],[-28.02,70.4],[-28.54,70.48],[-27.69,70.99],[-26.72,70.95],[-25.74,71.18],[-25.66,71.53],[-24.38,71.15],[-24.13,70.79],[-23.79,70.56],[-23.33,70.45],[-21.94,70.44],[-21.52,70.53],[-21.67,70.86],[-21.75,71.48],[-22.01,71.69],[-22.87,71.97],[-24.67,72.44],[-24.07,72.5],[-22.29,72.12],[-22.07,72.4],[-22.04,72.92],[-22.85,73.08],[-23.9,73.4],[-22.19,73.27],[-21.55,73.43],[-20.51,73.49],[-20.37,73.85],[-22.34,74.06],[-22.32,74.3],[-21.13,74.11],[-19.37,74.28],[-19.23,74.48],[-19.98,74.98],[-20.99,75.07],[-20.48,75.31],[-19.43,75.23],[-19.51,75.76],[-20.1,76.22],[-21.57,76.29],[-21.88,76.57],[-20.94,76.89],[-20.06,76.93],[-18.51,76.78],[-18.34,77.22],[-19.3,77.22],[-20.23,77.37],[-20.68,77.62],[-19.49,77.72],[-20.86,77.91],[-21.75,77.79],[-20.96,78.56],[-21.13,78.66],[-20.05,78.84],[-19.07,79.15],[-19.41,79.35],[-19.28,79.68],[-20.14,79.8],[-20.15,80.01],[-19.43,80.26],[-18.07,80.17],[-16.87,80.2],[-15.93,80.4],[-16.76,80.57],[-14.5,80.76],[-14.49,80.97],[-13.45,81.04],[-11.53,81.42],[-12.19,81.65],[-13.7,81.79],[-15.56,81.83],[-17.23,81.43],[-20.02,81.56],[-20.76,81.31],[-21.72,81.35],[-21.15,81.7],[-21.34,82.07],[-23.1,82.01],[-23.64,81.74],[-25.15,82],[-27.84,82.05],[-29.54,81.94],[-29.58,82.16],[-23.86,82.29],[-22.47,82.38],[-21.52,82.6],[-22.52,82.79],[-24.47,82.88],[-25.95,83.29],[-29.95,83.56]]],[[[-52.73,69.94],[-53.38,70.22],[-54.37,70.32],[-54.83,70.16],[-54.66,69.97],[-54.8,69.63],[-53.78,69.51],[-53.58,69.26],[-52.11,69.49],[-52.05,69.81],[-52.73,69.94]]],[[[-55.02,72.79],[-55.99,72.78],[-55.52,72.57],[-55.02,72.79]]],[[[-44.86,82.08],[-44.75,82.4],[-46.4,82.69],[-47.27,82.66],[-46.75,82.35],[-44.86,82.08]]],[[[-25.43,70.92],[-25.82,71.04],[-26.98,70.86],[-27.71,70.9],[-27.9,70.45],[-26.6,70.55],[-26.22,70.45],[-25.4,70.65],[-25.43,70.92]]],[[[-18,75.41],[-18.86,75.32],[-18.67,75],[-17.59,74.99],[-18,75.41]]]]},"properties":{"iso":"GRL","name":"Groenlândia"}},{"type":"Feature","geometry":{"type":"Polygon","coordinates":[[[-6.63,62.23],[-7.17,62.29],[-7.01,62.09],[-6.63,62.23]]]},"properties":{"iso":"FRO","name":"Ilhas Feroe"}},{"type":"Feature","geometry":{"type":"MultiPolygon","coordinates":[[[[12.57,55.79],[12.58,56.06],[12.22,56.12],[11.87,55.97],[11.47,55.94],[11.32,55.75],[10.98,55.72],[11.29,55.2],[11.65,55.19],[11.74,54.92],[12.05,54.82],[12.09,55.19],[12.41,55.29],[12.22,55.47],[12.57,55.79]]],[[[9.74,54.83],[9.59,55.49],[10.18,55.87],[10.32,56.21],[10.86,56.3],[10.85,56.52],[10.28,56.62],[10.3,57],[10.52,57.24],[10.54,57.45],[10.26,57.62],[9.96,57.58],[9.55,57.23],[9.3,57.15],[8.62,57.11],[8.28,56.85],[8.16,56.61],[8.12,56.14],[8.2,55.98],[8.13,55.6],[8.62,55.42],[8.67,54.9],[9.34,54.81],[9.74,54.83]]],[[[10.65,55.61],[9.86,55.52],[9.99,55.16],[10.44,55.05],[10.79,55.13],[10.82,55.32],[10.65,55.61]]],[[[11.36,54.89],[11.04,54.77],[11.46,54.63],[11.74,54.81],[11.36,54.89]]],[[[15.09,55.02],[15.13,55.14],[14.77,55.3],[14.68,55.1],[15.09,55.02]]]]},"properties":{"iso":"DNK","name":"Dinamarca"}},{"type":"Feature","geometry":{"type":"Polygon","coordinates":[[[18.83,49.51],[18.56,49.88],[18.03,50.04],[17.87,49.97],[17.15,50.38],[16.68,50.1],[16.01,50.61],[15.35,50.81],[14.99,51.01],[14.81,50.86],[14.37,50.9],[13.53,50.69],[13.47,50.62],[12.45,50.35],[12.28,50.18],[12.46,49.96],[12.39,49.74],[12.63,49.46],[13.55,48.96],[13.81,48.77],[14.05,48.6],[14.69,48.6],[14.92,48.77],[14.97,48.98],[15.31,48.97],[16.06,48.75],[16.48,48.8],[16.95,48.6],[17.19,48.86],[17.76,48.89],[18.09,49.07],[18.16,49.26],[18.6,49.49],[18.83,49.51]]]},"properties":{"iso":"CZE","name":"Chéquia"}},{"type":"Feature","geometry":{"type":"Polygon","coordinates":[[[34,35.07],[33.94,35.29],[34.06,35.47],[33.46,35.34],[32.94,35.39],[32.71,35.17],[32.92,35.09],[33.38,35.16],[33.53,35.04],[34,35.07]]]},"properties":{"iso":"CYN","name":"República Turca do Chipre do Norte"}},{"type":"Feature","geometry":{"type":"Polygon","coordinates":[[[32.71,35.17],[32.56,35.16],[32.32,34.95],[32.45,34.73],[32.94,34.58],[33.12,34.7],[33.51,34.81],[33.7,34.97],[34,35.07],[33.53,35.04],[33.38,35.16],[32.92,35.09],[32.71,35.17]]]},"properties":{"iso":"CYP","name":"Chipre"}},{"type":"Feature","geometry":{"type":"MultiPolygon","coordinates":[[[[-74.7152,20.5561],[-74.9984,20.7008],[-75.3942,20.739],[-75.7089,20.6906],[-75.7839,20.7464],[-75.5785,21.0134],[-75.8218,21.1369],[-76.1168,21.0915],[-76.3135,21.2519],[-76.6536,21.2941],[-76.9448,21.4578],[-77.0699,21.5958],[-77.5076,21.8625],[-77.6647,21.7812],[-77.895,21.8769],[-78.0818,22.0828],[-78.3815,22.2466],[-78.7818,22.3906],[-78.9272,22.3987],[-79.1487,22.3776],[-79.4167,22.4725],[-79.7002,22.7469],[-80.0246,22.9467],[-80.2796,22.912],[-80.5931,23.068],[-80.7593,23.097],[-81.1849,23.0521],[-81.2722,23.142],[-81.4807,23.1003],[-81.6839,23.1569],[-82.1001,23.1876],[-82.4069,23.1474],[-82.5387,23.0736],[-82.9444,22.9851],[-83.2076,23.0027],[-83.3694,22.894],[-84.0211,22.6787],[-84.391,22.3528],[-84.4293,22.2017],[-84.3052,21.8845],[-83.993,21.9514],[-83.9254,22.1715],[-83.4155,22.1861],[-83.2874,22.3187],[-82.8246,22.6106],[-82.7807,22.6961],[-82.3916,22.6884],[-81.8775,22.6797],[-81.6507,22.5751],[-81.6835,22.4636],[-82.1187,22.4318],[-82.0882,22.3422],[-81.8245,22.1889],[-81.3961,22.1707],[-81.1976,22.2125],[-80.9921,22.0543],[-80.5934,22.0542],[-80.4372,22.0412],[-80.101,21.8248],[-79.4503,21.5955],[-79.1693,21.5517],[-78.96,21.5996],[-78.7665,21.6397],[-78.6416,21.5339],[-78.4947,21.0479],[-78.0655,20.7117],[-77.8311,20.7256],[-77.4934,20.6775],[-77.3367,20.7163],[-77.1134,20.5124],[-77.1818,20.2949],[-77.4014,20.1981],[-77.7372,19.8557],[-77.0346,19.8878],[-76.8664,19.9377],[-76.2482,19.9906],[-75.7218,19.9575],[-75.3821,19.8825],[-74.9779,19.923],[-74.813,20.0373],[-74.2674,20.0683],[-74.142,20.1826],[-74.2136,20.311],[-74.4011,20.3073],[-74.7152,20.5561]]],[[[-82.568,21.6365],[-82.6902,21.8818],[-82.9895,21.9484],[-83.0735,21.7606],[-82.8356,21.4447],[-82.5946,21.5418],[-82.568,21.6365]]]]},"properties":{"iso":"CUB","name":"Cuba"}},{"type":"Feature","geometry":{"type":"MultiPolygon","coordinates":[[[[13.58,45.52],[13.63,45.11],[13.97,44.84],[14.39,45.34],[14.85,45.08],[14.9,44.71],[15.27,44.38],[15.12,44.26],[15.5,43.91],[15.94,43.66],[15.99,43.52],[16.39,43.54],[16.9,43.39],[17.59,42.94],[17.62,43.04],[17.08,43.52],[16.71,43.78],[16.21,44.22],[16.13,44.47],[15.74,44.77],[15.79,45.18],[16.03,45.19],[16.29,45.01],[16.53,45.22],[16.92,45.28],[17.13,45.17],[17.81,45.08],[18,45.14],[18.66,45.08],[19.01,44.87],[19.06,45.14],[19.33,45.27],[19,45.4],[19.06,45.53],[18.84,45.84],[18.91,45.93],[18.44,45.77],[17.96,45.77],[17.31,46],[16.75,46.42],[16.52,46.5],[15.64,46.2],[15.62,45.83],[15.28,45.73],[15.34,45.47],[14.73,45.51],[13.88,45.43],[13.58,45.52]]],[[[18.44,42.56],[17.67,42.9],[18.52,42.43],[18.44,42.56]]]]},"properties":{"iso":"HRV","name":"Croácia"}},{"type":"Feature","geometry":{"type":"Polygon","coordinates":[[[-7.99,10.16],[-8.14,10.02],[-8.14,9.5],[-7.9,9.42],[-7.95,8.79],[-7.69,8.56],[-7.82,8.47],[-8.24,8.46],[-8.26,8.25],[-8.02,8.14],[-8.23,7.56],[-8.49,7.56],[-8.3,7.07],[-8.33,6.8],[-8.6,6.51],[-8.2,6.29],[-7.89,6.23],[-7.8,5.98],[-7.45,5.84],[-7.43,5.32],[-7.57,5.08],[-7.59,4.82],[-7.54,4.35],[-6.85,4.67],[-5.91,5.01],[-5.56,5.09],[-4.9,5.14],[-4.04,5.23],[-3.35,5.13],[-3.02,5.13],[-2.8,5.18],[-2.79,5.6],[-2.96,5.64],[-3.2,6.35],[-3.24,6.81],[-2.99,7.2],[-2.96,7.45],[-2.79,7.93],[-2.51,8.21],[-2.6,8.8],[-2.75,9.11],[-2.7,9.48],[-2.82,9.43],[-2.99,9.69],[-3.22,9.9],[-3.88,9.89],[-4.27,9.74],[-4.33,9.65],[-4.63,9.71],[-4.97,9.93],[-5.1,10.24],[-5.52,10.43],[-5.84,10.39],[-6.03,10.19],[-6.19,10.4],[-6.26,10.72],[-6.56,10.59],[-6.69,10.35],[-6.95,10.34],[-7.1,10.2],[-7.36,10.26],[-7.5,10.44],[-7.66,10.43],[-7.81,10.24],[-7.99,10.16]]]},"properties":{"iso":"CIV","name":"Costa do Marfim"}},{"type":"Feature","geometry":{"type":"Polygon","coordinates":[[[-85.2365,11.0531],[-85.6312,11.1962],[-85.7017,11.0809],[-85.741,10.9396],[-85.6317,10.6212],[-85.8092,10.4945],[-85.8616,10.347],[-85.7786,10.0799],[-85.6386,9.9055],[-85.3324,9.8266],[-85.2293,9.7248],[-85.1458,9.6126],[-84.8646,9.8229],[-84.9596,9.9465],[-85.1674,10.0194],[-85.0686,10.1558],[-84.6346,9.7834],[-84.6784,9.6926],[-84.5216,9.5193],[-84.2727,9.4816],[-83.9181,9.2947],[-83.6299,9.0353],[-83.5876,8.8354],[-83.7399,8.6238],[-83.5756,8.445],[-83.1509,8.3693],[-82.9685,8.2212],[-82.8976,8.0347],[-82.9437,8.2486],[-82.8498,8.6299],[-82.9242,8.7412],[-82.7202,8.9202],[-82.9395,9.0706],[-82.9443,9.4372],[-82.829,9.6027],[-82.5736,9.5762],[-82.7723,9.661],[-83.0167,9.9631],[-83.2037,10.1293],[-83.4662,10.4945],[-83.6243,10.9029],[-83.6965,10.9366],[-83.7638,10.7737],[-83.9333,10.7181],[-84.1577,10.7884],[-84.2084,10.861],[-84.6765,11.0704],[-84.885,10.9477],[-85.2365,11.0531]]]},"properties":{"iso":"CRI","name":"Costa Rica"}},{"type":"Feature","geometry":{"type":"Polygon","coordinates":[[[30.75,-8.19],[30.31,-7.2],[30.11,-6.92],[29.71,-6.62],[29.54,-6.31],[29.48,-6.02],[29.59,-5.65],[29.34,-4.98],[29.4,-4.45],[29.33,-4.1],[29.22,-3.91],[29.22,-3.05],[29.01,-2.72],[28.88,-2.4],[29.11,-2.23],[29.13,-1.86],[29.35,-1.52],[29.58,-1.39],[29.56,-0.98],[29.72,0.1],[29.93,0.5],[29.94,0.82],[30.18,0.97],[30.32,1.19],[30.48,1.24],[30.94,1.68],[31.25,2.04],[31.18,2.27],[30.73,2.46],[30.85,2.85],[30.75,3.04],[30.91,3.41],[30.84,3.49],[30.56,3.65],[30.51,3.84],[30.19,3.98],[29.68,4.59],[29.47,4.61],[29.15,4.39],[28.73,4.5],[28.43,4.32],[28.19,4.35],[27.79,4.64],[27.4,5.11],[27.11,5.2],[26.82,5.06],[26.17,5.17],[25.53,5.31],[25.25,5.02],[24.77,4.93],[24.32,4.99],[23.42,4.66],[23.12,4.74],[22.76,4.65],[22.42,4.13],[21.91,4.25],[21.54,4.24],[20.96,4.41],[20.56,4.46],[20.23,4.83],[19.81,5.09],[19.5,5.13],[19.07,4.89],[18.83,4.52],[18.57,4.26],[18.63,3.95],[18.61,3.48],[18.62,3.3],[18.49,2.92],[18.21,2.41],[18.07,2.01],[18.06,1.53],[17.9,1.12],[17.93,0.54],[17.89,0.23],[17.72,-0.28],[17.75,-0.55],[17.28,-1],[16.88,-1.23],[16.54,-1.84],[16.22,-2.18],[16.22,-3.03],[16.15,-3.46],[15.87,-3.93],[15.6,-4.03],[15.11,-4.46],[14.71,-4.88],[14.41,-4.83],[14.36,-4.3],[13.94,-4.48],[13.72,-4.45],[13.69,-4.69],[13.41,-4.84],[13.07,-4.63],[12.83,-4.74],[12.57,-5],[12.52,-5.15],[12.5,-5.7],[12.21,-5.76],[12.41,-5.99],[12.79,-5.88],[13.07,-5.86],[13.98,-5.86],[14.4,-5.89],[15.73,-5.86],[16.32,-5.87],[16.54,-5.97],[16.72,-6.24],[16.74,-6.62],[16.92,-6.93],[16.98,-7.26],[17.16,-7.46],[17.54,-8.08],[17.91,-8.07],[18.65,-7.94],[18.9,-8],[19.34,-7.97],[19.37,-7.66],[19.48,-7.47],[19.53,-7.14],[19.88,-6.99],[20.48,-6.92],[20.61,-7.28],[21.75,-7.31],[21.84,-7.42],[21.78,-7.87],[21.9,-8.34],[21.91,-8.69],[21.81,-9.47],[21.95,-9.73],[22.2,-10.04],[22.3,-10.4],[22.28,-10.78],[22.18,-10.89],[22.28,-11.19],[22.56,-11.06],[23.16,-11.07],[23.4,-10.98],[23.83,-11.01],[23.97,-10.87],[24.32,-11.07],[24.52,-11.44],[24.67,-11.35],[25.18,-11.24],[25.35,-11.62],[26.03,-11.89],[26.6,-11.97],[26.95,-11.9],[27.05,-11.62],[27.42,-11.94],[27.53,-12.2],[28.36,-12.48],[28.55,-12.84],[28.67,-12.86],[29.01,-13.37],[29.2,-13.4],[29.55,-13.25],[29.8,-13.39],[29.8,-12.16],[29.56,-12.2],[29.43,-12.43],[29.06,-12.35],[28.48,-11.81],[28.36,-11.48],[28.54,-10.8],[28.64,-10.67],[28.61,-10.4],[28.63,-9.83],[28.4,-9.22],[28.62,-9.07],[28.92,-8.7],[28.97,-8.46],[30.75,-8.19]]]},"properties":{"iso":"COD","name":"República Democrática do Congo"}},{"type":"Feature","geometry":{"type":"Polygon","coordinates":[[[11.13,-3.92],[11.78,-4.57],[11.78,-4.68],[12.02,-5],[12.38,-4.62],[12.88,-4.45],[13.07,-4.63],[13.41,-4.84],[13.69,-4.69],[13.72,-4.45],[13.94,-4.48],[14.36,-4.3],[14.41,-4.83],[14.71,-4.88],[15.11,-4.46],[15.6,-4.03],[15.87,-3.93],[16.15,-3.46],[16.22,-3.03],[16.22,-2.18],[16.54,-1.84],[16.88,-1.23],[17.28,-1],[17.75,-0.55],[17.72,-0.28],[17.89,0.23],[17.93,0.54],[17.9,1.12],[18.06,1.53],[18.07,2.01],[18.21,2.41],[18.49,2.92],[18.62,3.3],[18.61,3.48],[18.47,3.62],[18.16,3.5],[17.44,3.68],[17,3.56],[16.67,3.54],[16.5,3.21],[16.47,2.83],[16.18,2.27],[16.08,2.11],[16.14,1.72],[16.06,1.68],[15.74,1.91],[15.34,1.94],[15.2,2.02],[14.9,2.01],[14.58,2.2],[14.48,2.15],[13.29,2.16],[13.16,1.65],[13.27,1.24],[13.85,1.42],[14.18,1.37],[14.39,1],[14.43,0.81],[14.32,0.62],[14.09,0.54],[13.88,0.19],[13.86,-0.2],[14.07,-0.27],[14.48,-0.62],[14.41,-0.97],[14.46,-1.41],[14.38,-1.89],[14.25,-2],[14.09,-2.47],[13.89,-2.47],[13.78,-2.16],[13.46,-2.4],[12.99,-2.31],[12.79,-1.93],[12.59,-1.83],[12.43,-1.93],[12.45,-2.33],[12.06,-2.41],[11.95,-2.34],[11.58,-2.4],[11.54,-2.84],[11.76,-2.98],[11.72,-3.18],[11.93,-3.32],[11.69,-3.68],[11.5,-3.52],[11.29,-3.64],[11.13,-3.92]]]},"properties":{"iso":"COG","name":"República do Congo"}},{"type":"Feature","geometry":{"type":"Polygon","coordinates":[[[43.47,-11.9],[43.38,-11.61],[43.23,-11.75],[43.47,-11.9]]]},"properties":{"iso":"COM","name":"Comores"}},{"type":"Feature","geometry":{"type":"MultiPolygon","coordinates":[[[[-78.4781,1.1871],[-78.12,0.9212],[-77.7279,0.8433],[-77.5141,0.6605],[-77.4244,0.4083],[-77.1039,0.3541],[-76.8968,0.2453],[-76.408,0.2545],[-76.3116,0.4585],[-76.0535,0.3635],[-75.7897,0.0844],[-75.6467,0.0854],[-75.2835,-0.107],[-75.1417,-0.0435],[-74.9335,-0.2094],[-74.8247,-0.1705],[-74.4147,-0.5638],[-74.2891,-0.943],[-73.6366,-1.2552],[-73.4972,-1.478],[-73.531,-1.6737],[-73.3403,-1.7922],[-73.1863,-1.7996],[-73.1111,-2.0734],[-73.1953,-2.1872],[-72.9433,-2.419],[-72.6443,-2.3341],[-72.3966,-2.4465],[-71.9663,-2.3285],[-71.7679,-2.1422],[-71.4565,-2.2551],[-71.387,-2.3689],[-71.2199,-2.3415],[-70.9927,-2.1974],[-70.8742,-2.2296],[-70.2361,-2.6251],[-70.0506,-2.7151],[-70.7341,-3.782],[-70.5443,-3.8652],[-70.3111,-3.8293],[-70.1884,-4.029],[-69.9649,-4.2365],[-69.7712,-3.2342],[-69.5657,-2.106],[-69.4211,-1.2393],[-69.45,-0.9968],[-69.6284,-0.7334],[-69.6321,-0.5069],[-69.9444,-0.3055],[-70.0738,-0.1249],[-70.0542,0.5881],[-69.6192,0.6507],[-69.5037,0.7296],[-69.3626,0.6409],[-69.1375,0.6501],[-69.2043,0.9437],[-69.3709,1.063],[-69.8522,1.0594],[-69.8412,1.7076],[-69.5803,1.7702],[-69.3524,1.7202],[-68.1633,1.7213],[-68.2608,1.8582],[-68.2008,2.0078],[-67.9982,1.75],[-67.7905,1.8126],[-67.5929,2.0548],[-67.3406,2.0901],[-67.1172,1.7098],[-67.0736,1.5412],[-67.0982,1.2534],[-66.8751,1.2225],[-67.0668,1.8941],[-67.3254,2.4746],[-67.6266,2.8134],[-67.8386,2.8861],[-67.4522,3.2437],[-67.3046,3.4257],[-67.4714,3.6801],[-67.6318,3.7619],[-67.7169,4.0399],[-67.8651,4.5121],[-67.7931,5.0633],[-67.8437,5.2972],[-67.647,5.4834],[-67.6012,5.8206],[-67.4286,6.0385],[-67.4563,6.1932],[-67.451,6.198],[-67.8391,6.3075],[-67.9241,6.2346],[-68.6353,6.1359],[-69.0611,6.2178],[-69.2461,6.0807],[-69.432,6.1222],[-70.0966,6.9444],[-70.3191,6.9383],[-70.7033,7.0999],[-71.184,6.9626],[-71.2835,7.0188],[-71.6543,7.0534],[-71.964,7.0059],[-71.9938,7.0129],[-72.1533,7.1926],[-72.2062,7.3819],[-72.3958,7.4075],[-72.482,7.508],[-72.4878,7.9492],[-72.3358,8.1039],[-72.4156,8.3827],[-72.6754,8.6515],[-72.7831,9.0599],[-72.9364,9.0992],[-73.0097,9.2954],[-73.3636,9.165],[-72.9776,9.8381],[-72.9877,9.9994],[-72.9152,10.4282],[-72.7061,10.8113],[-72.4815,11.1325],[-72.2566,11.1678],[-71.9711,11.6619],[-71.3275,11.85],[-71.1139,12.0944],[-71.2423,12.3277],[-71.6562,12.4653],[-71.9053,12.2077],[-72.1387,12.1046],[-72.2631,11.886],[-72.7597,11.6971],[-73.2924,11.294],[-73.5656,11.2771],[-73.826,11.2768],[-74.0046,11.3553],[-74.1875,11.317],[-74.2181,11.0791],[-74.3622,10.7757],[-74.5028,10.9743],[-74.8475,11.0877],[-75.2287,10.8109],[-75.2563,10.7093],[-75.5098,10.5858],[-75.4933,10.4346],[-75.5816,10.092],[-75.6578,9.7052],[-75.5764,9.6211],[-75.6983,9.4169],[-75.91,9.4282],[-76.1681,9.247],[-76.2563,9.0074],[-76.4448,8.8699],[-76.6732,8.6804],[-76.8937,8.6203],[-76.7701,8.398],[-76.7572,7.9236],[-76.9337,7.9646],[-76.8323,8.1365],[-76.9425,8.1289],[-76.9855,8.2562],[-77.2747,8.4958],[-77.3735,8.6647],[-77.4694,8.5378],[-77.2694,8.1677],[-77.2012,7.982],[-77.3216,7.881],[-77.3397,7.7072],[-77.58,7.5284],[-77.8202,7.4765],[-77.8958,7.2351],[-77.6527,6.9766],[-77.5318,6.7121],[-77.343,6.5438],[-77.4151,6.2391],[-77.2464,5.7873],[-77.3556,5.6079],[-77.4908,5.5948],[-77.3592,5.2973],[-77.3667,4.9989],[-77.3196,4.5466],[-77.3872,4.3472],[-77.2544,4.2422],[-77.4352,4.1528],[-77.425,4.0046],[-77.1515,3.8004],[-77.4649,3.3016],[-77.6477,3.0739],[-77.6434,2.8981],[-77.9043,2.58],[-78.0739,2.6468],[-78.0867,2.5106],[-78.4322,2.587],[-78.7032,2.1898],[-78.5863,2.0004],[-78.5712,1.7822],[-78.8461,1.8216],[-78.998,1.6079],[-78.8287,1.4343],[-78.5701,1.1958],[-78.4781,1.1871]]],[[[-81.7115,12.5229],[-81.6864,12.5801],[-81.7064,12.5803],[-81.7198,12.5432],[-81.7115,12.5229]]],[[[-81.6117,3.959],[-81.5787,3.9782],[-81.5962,3.9912],[-81.6117,3.959]]]]},"properties":{"iso":"COL","name":"Colômbia"}},{"type":"Feature","geometry":{"type":"MultiPolygon","coordinates":[[[[87.3238,49.0853],[86.8873,49.1068],[86.7275,48.9903],[86.7445,48.7035],[86.5651,48.5273],[86.192,48.4182],[85.7837,48.4076],[85.5864,48.1412],[85.5154,47.9203],[85.6704,47.3843],[85.6597,47.2065],[85.4986,47.0518],[85.2051,47.0337],[84.916,46.8506],[84.6635,46.9839],[83.9053,46.974],[83.1504,47.2115],[83.0135,47.1946],[82.9855,46.9425],[82.839,46.7324],[82.4889,45.9017],[82.2915,45.5332],[82.6157,45.4354],[82.5852,45.1768],[82.2946,45.2282],[81.9501,45.1445],[81.7393,45.3381],[80.8539,45.1265],[80.0617,45.019],[79.8582,44.9037],[79.9917,44.7936],[80.2183,44.8181],[80.3763,44.6713],[80.3451,44.1031],[80.7127,43.4589],[80.7734,43.1129],[80.3681,43.0285],[80.4762,42.8639],[80.2275,42.791],[80.14,42.623],[80.2684,42.238],[80.1819,42.021],[79.8429,42.0018],[79.7475,41.8797],[79.3041,41.7876],[78.6721,41.5384],[78.3599,41.3775],[78.3597,41.2875],[78.075,41.0395],[77.8667,41.0641],[77.4749,40.982],[76.861,41.0132],[76.4491,40.4155],[76.2442,40.4412],[75.9215,40.3091],[75.6818,40.2917],[75.5599,40.6329],[75.1939,40.4413],[74.8354,40.5116],[74.7058,40.3313],[74.3699,40.1058],[74.004,40.0608],[73.823,39.8057],[73.9268,39.5929],[73.6326,39.4483],[73.6023,39.2358],[73.816,38.9938],[73.6837,38.8549],[73.7974,38.6028],[73.9329,38.5297],[74.1404,38.6692],[74.3342,38.667],[74.7763,38.5107],[74.7907,38.0814],[74.9652,37.7675],[74.8919,37.5992],[75.1641,37.4006],[74.7833,37.2197],[74.6625,37.0545],[74.9105,36.9626],[75.1001,36.9941],[75.3513,36.9158],[75.4105,36.7473],[75.7905,36.6878],[75.9766,36.4626],[76.0144,36.2304],[75.8943,36.0974],[76.0614,35.9916],[76.166,35.8062],[76.5653,35.8655],[76.5708,35.7513],[76.8964,35.5896],[77.4128,35.4694],[77.8831,35.4311],[78.13,35.0554],[78.2732,34.6589],[78.6073,34.5465],[78.9569,34.34],[78.9762,34.2172],[78.7301,34.0793],[78.8243,33.4611],[79.098,33.2877],[79.4561,33.2504],[79.4141,32.9721],[79.6207,32.7287],[79.4435,32.5348],[79.1129,32.4724],[78.9434,32.3464],[78.6302,32.578],[78.4475,32.5663],[78.458,32.2297],[78.7446,31.9642],[78.6709,31.7705],[78.8189,31.6074],[78.6995,31.51],[78.7385,31.335],[78.921,31.2697],[79.0702,31.4614],[79.2383,31.3297],[79.395,31.0367],[79.5296,30.9536],[79.8335,30.9615],[80.2528,30.565],[80.7231,30.392],[80.976,30.2552],[81.0978,30.0169],[81.1945,30.0045],[81.5916,30.4143],[82.0888,30.3301],[82.1445,30.0694],[82.5418,29.9232],[82.8366,29.6598],[83.1621,29.6252],[83.328,29.485],[83.5171,29.1917],[83.9456,29.2918],[84.0991,29.247],[84.2351,28.9],[84.6778,28.6044],[84.9187,28.5357],[85.168,28.5832],[85.0802,28.3188],[85.2596,28.2669],[85.6751,28.3064],[85.8483,28.1589],[85.9803,27.8852],[86.203,28.0026],[86.4388,27.9109],[86.662,28.1068],[87.1558,27.8258],[87.7564,27.8204],[87.8259,27.9066],[88.3788,27.9826],[88.6105,28.1058],[88.8177,27.9947],[88.8539,27.8437],[88.741,27.5457],[88.8923,27.3155],[89.051,27.6083],[89.336,27.8691],[89.5615,28.1346],[89.8629,28.2958],[90.2618,28.3354],[90.5877,28.2333],[90.6839,28.0871],[91.0926,27.9717],[91.2697,28.0729],[91.6217,27.9507],[91.8649,27.73],[92.2396,27.8653],[92.575,27.8478],[92.7364,27.9859],[92.6548,28.1058],[93.1863,28.432],[93.4462,28.6719],[93.8631,28.7049],[93.992,28.8446],[94.2502,28.9331],[94.2708,29.0979],[94.6304,29.3195],[94.7766,29.1667],[95.2249,29.0594],[95.4876,29.069],[95.5153,29.2094],[95.7448,29.3404],[96.142,29.3685],[96.4576,28.9946],[96.598,28.7099],[96.3365,28.4797],[96.7169,28.4365],[96.934,28.3366],[97.1156,28.3666],[97.3235,28.2175],[97.4367,28.2864],[97.5277,28.5295],[97.6996,28.488],[98.115,28.1439],[98.1071,27.9731],[98.2947,27.5366],[98.4,27.6757],[98.6793,27.5773],[98.6726,27.1756],[98.7492,26.7714],[98.7055,26.1749],[98.5455,26.1056],[98.6924,25.879],[98.4613,25.7947],[98.3326,25.567],[98.1502,25.6131],[98.1084,25.3889],[97.7375,25.0905],[97.6639,24.8298],[97.5361,24.745],[97.5196,24.4308],[97.6399,24.4393],[97.7077,24.1253],[97.5165,23.9428],[97.6371,23.8636],[97.89,24.0226],[98.1815,24.1187],[98.5033,24.1213],[98.6633,23.9695],[98.8574,23.6043],[98.9107,23.2976],[99.2166,23.0574],[99.351,23.1193],[99.5346,22.9493],[99.3079,22.7196],[99.3578,22.4955],[99.1664,22.2046],[99.4386,22.1242],[99.9424,22.0455],[99.9503,21.7212],[100.0823,21.6845],[100.1871,21.4279],[100.3265,21.5243],[100.6217,21.4691],[100.797,21.6261],[101.0687,21.762],[101.1739,21.6119],[101.1714,21.4034],[101.2753,21.1741],[101.7225,21.3042],[101.7515,21.8064],[101.6068,21.9676],[101.5182,22.2282],[101.6545,22.4461],[102.218,22.4107],[102.4427,22.7652],[102.8452,22.5852],[102.9891,22.4376],[103.142,22.5378],[103.3096,22.7879],[103.4731,22.5916],[103.6469,22.799],[103.8668,22.5754],[104.2133,22.825],[104.3402,22.6864],[104.5535,22.836],[104.7282,22.8391],[104.7979,23.0856],[105.0611,23.2325],[105.3323,23.318],[105.5213,23.1631],[105.8539,22.9047],[105.9992,22.9754],[106.3157,22.8538],[106.4878,22.9254],[106.6675,22.8675],[106.7355,22.6954],[106.5688,22.5746],[106.5269,22.4278],[106.6629,22.2233],[106.7224,22.007],[107.0211,21.8923],[107.3482,21.5994],[107.7448,21.6575],[107.9912,21.4857],[108.1353,21.5819],[108.4481,21.6581],[108.5714,21.8128],[108.7516,21.6501],[109.1358,21.603],[109.2146,21.4174],[109.7481,21.5749],[109.7732,21.2154],[109.6702,21.1232],[109.6612,20.9276],[109.7732,20.8215],[109.7459,20.6298],[110.0155,20.4184],[110.1275,20.248],[110.4,20.3008],[110.5342,20.4783],[110.3375,20.7258],[110.1567,20.8489],[110.1567,20.986],[110.4815,21.2172],[110.6365,21.2302],[110.8694,21.3847],[111.2063,21.5321],[111.6305,21.5299],[111.992,21.7638],[112.2449,21.7065],[112.4432,21.8284],[112.608,21.7751],[112.826,21.9661],[113.0286,21.9611],[113.2306,22.0432],[113.3027,22.1833],[113.5877,22.2379],[113.5992,22.5752],[113.3679,22.8807],[113.6121,22.9947],[113.8903,22.4527],[114.3956,22.6135],[114.7167,22.7908],[114.8658,22.6017],[115.0655,22.796],[115.2456,22.8354],[115.3735,22.6942],[115.584,22.8803],[115.8099,22.8083],[116.171,22.8645],[116.2985,22.9632],[116.4947,22.9394],[116.5336,23.1091],[116.7313,23.2577],[116.9176,23.6379],[117.1746,23.6163],[117.2923,23.7622],[117.8936,24.028],[117.9893,24.1931],[117.9894,24.3948],[118.131,24.6201],[118.5711,24.569],[118.7468,24.7207],[118.7161,24.8436],[118.9873,25.2222],[119.2888,25.1891],[119.2887,25.3254],[119.1096,25.4068],[119.5584,25.5638],[119.6165,25.8926],[119.5664,26.0502],[119.6736,26.2805],[119.6751,26.6188],[119.5846,26.7946],[120.0797,26.6461],[120.1257,26.9273],[120.4192,27.2064],[120.6769,27.4946],[120.6665,27.6254],[120.8353,27.956],[121.2368,28.3061],[121.6563,28.3393],[121.5101,28.6571],[121.6699,28.8253],[121.6817,29.0268],[121.8406,29.1611],[121.9663,29.6025],[121.983,29.8232],[121.6778,30.0006],[121.3774,30.3251],[121.1497,30.3258],[120.8928,30.1698],[120.7344,30.2322],[120.9778,30.5433],[121.2748,30.6912],[121.6311,30.8366],[121.9774,30.9149],[121.7252,31.2816],[121.3409,31.491],[121.1151,31.7963],[121.2864,31.8906],[121.6756,31.7236],[121.9221,31.7544],[121.8219,31.9525],[121.4434,32.1143],[121.3541,32.4148],[120.9112,32.6301],[120.8958,33.0136],[120.7302,33.2049],[120.6278,33.478],[120.4071,33.8598],[120.2571,34.3118],[119.641,34.5505],[119.3467,34.7808],[119.2019,34.785],[119.2803,35.0766],[119.648,35.5839],[119.8116,35.6479],[120.2428,35.9736],[120.1053,36.2009],[120.3616,36.1916],[120.3535,36.0408],[120.6968,36.144],[120.6477,36.3309],[120.7506,36.4592],[121.4089,36.754],[121.5601,36.7676],[122.0396,36.9846],[122.3198,36.8229],[122.5254,36.9445],[122.4476,37.1474],[122.5491,37.3109],[122.1299,37.4835],[121.4769,37.468],[121.1915,37.5752],[121.138,37.7012],[120.738,37.834],[120.4634,37.7477],[120.0598,37.4404],[119.8589,37.3602],[119.7706,37.1518],[119.4412,37.1206],[119.1455,37.1789],[118.9724,37.2807],[118.9767,37.6109],[119.2431,37.7695],[118.8401,38.1526],[118.543,38.0683],[118.0848,38.1387],[117.8372,38.2709],[117.5435,38.6213],[117.7183,39.093],[118.0096,39.2186],[118.3443,39.0307],[118.6194,39.161],[118.9402,39.1389],[119.3051,39.433],[119.3396,39.7156],[119.5356,39.8908],[119.8502,39.9863],[120.436,40.1945],[120.6209,40.4744],[120.9402,40.6912],[120.991,40.8313],[121.3613,40.9396],[121.575,40.8415],[121.8511,40.8323],[122.0491,40.7461],[122.3019,40.5023],[122.0916,40.2272],[121.7744,39.9208],[121.5359,39.8618],[121.436,39.5086],[121.6741,39.088],[121.0904,38.8991],[121.1531,38.7276],[121.6548,38.8579],[122.1275,39.142],[122.3963,39.411],[123.0091,39.6805],[123.1743,39.6658],[123.6226,39.8717],[123.9857,39.8102],[124.2022,39.8786],[124.3582,40.0891],[124.8955,40.4836],[125.5331,40.7218],[125.7041,40.8592],[126.0078,40.8993],[126.5013,41.4344],[126.6179,41.6659],[126.8871,41.7849],[127.2691,41.505],[127.6383,41.4299],[127.9442,41.4709],[128.1857,41.4045],[128.303,41.5834],[128.04,41.8796],[128.0346,41.9937],[128.5024,41.9961],[128.9638,42.0885],[129.2112,42.22],[129.2431,42.3787],[129.7033,42.4424],[129.7613,42.746],[129.8798,42.996],[130.239,42.9022],[130.243,42.7434],[130.5308,42.5305],[130.4072,42.7354],[130.7695,42.8658],[130.9924,42.8487],[131.2809,43.3802],[131.2528,43.4692],[131.1703,43.7811],[131.2645,44.0542],[131.0658,44.682],[130.9334,44.8417],[131.4195,44.959],[131.818,45.3328],[131.9697,45.2338],[132.9534,45.0244],[133.1154,45.123],[133.2021,45.5113],[133.4135,45.5733],[133.5144,45.8793],[133.6581,45.9345],[133.6874,46.1418],[133.9025,46.259],[133.8493,46.4803],[133.9985,46.6377],[134.1541,47.2579],[134.2928,47.4097],[134.4846,47.4302],[134.7726,47.7107],[134.5672,48.0404],[134.7009,48.2615],[134.3864,48.3813],[133.7213,48.2448],[133.4637,48.0895],[133.092,48.1068],[132.6588,47.8698],[132.5247,47.7075],[131.5774,47.6686],[131.4184,47.7426],[131.0234,47.6823],[130.6634,48.1164],[130.8194,48.2819],[130.7159,48.4991],[130.5333,48.6358],[130.6253,48.8744],[130.2493,48.8645],[129.9134,49.0395],[129.7112,49.2742],[129.0506,49.3767],[128.6662,49.6095],[128.0925,49.5416],[127.8309,49.5939],[127.5081,49.8223],[127.5784,50.2206],[127.3307,50.3282],[127.2874,50.751],[126.9318,51.0638],[126.9546,51.3296],[126.4461,51.9825],[126.5312,52.1527],[126.0351,52.7271],[125.6214,53.0621],[125.1274,53.2065],[124.7202,53.1488],[124.4082,53.2357],[124.2327,53.3817],[123.6396,53.5513],[123.2526,53.5678],[122.8597,53.4739],[122.3378,53.4913],[122.0251,53.4298],[121.4133,53.3173],[120.8743,53.2802],[120.2802,52.8659],[120.033,52.7607],[120.0564,52.6005],[120.4299,52.6361],[120.724,52.5422],[120.6262,52.3468],[120.7792,52.1176],[120.6476,51.911],[120.1082,51.6652],[119.7483,51.0834],[119.518,50.9048],[119.4967,50.7371],[119.2936,50.5992],[119.3529,50.3455],[119.3162,50.0927],[119.0917,49.9866],[118.6444,49.9546],[118.1686,49.6715],[117.7588,49.5127],[117.4729,49.6143],[117.0576,49.6729],[116.6843,49.8233],[115.8004,48.5304],[115.8093,48.274],[115.5145,48.1221],[115.5619,47.9332],[115.8527,47.7056],[116.2439,47.8629],[116.8533,47.8721],[117.3171,47.6541],[117.7417,47.9776],[118.1825,48.0282],[118.5423,47.9662],[118.7674,47.7562],[119.0835,47.6616],[119.1576,47.5177],[119.7,47.1595],[119.9029,46.8424],[119.9042,46.7089],[119.6801,46.5916],[119.3169,46.6117],[118.8162,46.7582],[118.7201,46.6767],[118.2383,46.7154],[117.6962,46.5123],[117.3938,46.5714],[117.3017,46.3501],[116.8046,46.3829],[116.6036,46.3093],[116.2132,45.9082],[116.1699,45.7091],[116.012,45.6786],[115.6378,45.4444],[114.9389,45.3738],[114.5337,45.3855],[114.4189,45.2015],[114.0553,44.9406],[113.6351,44.7463],[113.1049,44.7944],[112.6142,44.9088],[112.4413,45.0524],[112.0115,45.0875],[111.7385,44.9663],[111.4064,44.4165],[111.5194,44.1886],[111.8388,43.9388],[111.9334,43.6966],[111.5973,43.5234],[110.9337,43.2878],[110.4067,42.7686],[109.6673,42.549],[109.4851,42.4493],[108.9945,42.4495],[108.7969,42.3984],[108.1774,42.4543],[106.7678,42.2866],[105.8686,41.9935],[105.2745,41.7555],[105.0148,41.5961],[104.498,41.6658],[104.5008,41.8706],[103.721,41.7556],[103.0735,42.0045],[102.0342,42.1846],[101.6376,42.5154],[101.2187,42.5298],[100.017,42.6765],[99.4745,42.5642],[97.1907,42.7871],[96.3663,42.7229],[96.2943,42.9333],[95.9085,43.2145],[95.5103,43.9791],[95.3275,44.0067],[95.3794,44.2871],[95.0368,44.255],[94.6982,44.3435],[94.3385,44.5121],[94.195,44.6543],[93.9751,44.66],[93.5253,44.9513],[92.7527,45.038],[92.4751,44.9975],[92.0094,45.0762],[91.663,45.0595],[91.135,45.1979],[90.9055,45.186],[90.6511,45.4931],[90.7108,45.7522],[91.0024,46.0218],[90.8962,46.302],[91.0475,46.5664],[90.8282,46.9823],[90.7121,47.0147],[90.4687,47.3089],[90.4412,47.493],[90.0829,47.7561],[89.7513,47.8243],[89.5418,48.031],[89.0456,47.993],[88.5808,48.212],[88.5651,48.343],[87.9428,48.5995],[87.8059,48.8006],[87.8163,49.1658],[87.3238,49.0853]]],[[[111.0105,19.6838],[110.9346,19.9951],[110.6401,20.1083],[110.5803,19.9797],[110.383,20.081],[110.0896,19.9781],[109.719,20.0106],[109.3037,19.9217],[109.1668,19.8055],[109.1565,19.6496],[108.6317,19.2863],[108.6152,19.1016],[108.6936,18.7199],[108.695,18.5048],[109.0007,18.3672],[109.44,18.289],[109.568,18.1932],[109.7461,18.3959],[110.0526,18.3902],[110.1033,18.5394],[110.2708,18.6682],[110.4268,18.6809],[110.4656,18.8819],[110.6983,19.4169],[111.0105,19.6838]]],[[[121.8441,31.6079],[121.2641,31.8411],[121.3145,31.6556],[121.8514,31.4392],[121.8441,31.6079]]],[[[111.1965,15.7754],[111.2075,15.7822],[111.1994,15.7892],[111.1965,15.7754]]]]},"properties":{"iso":"CHN","name":"China"}},{"type":"Feature","geometry":{"type":"Polygon","coordinates":[[[113.48,22.2],[113.53,22.25],[113.49,22.24],[113.48,22.2]]]},"properties":{"iso":"MAC","name":"Macau"}},{"type":"Feature","geometry":{"type":"Polygon","coordinates":[[[114.02,22.51],[114.27,22.3],[114.27,22.54],[114.02,22.51]]]},"properties":{"iso":"HKG","name":"Hong Kong"}},{"type":"Feature","geometry":{"type":"MultiPolygon","coordinates":[[[[-69.5101,-17.5066],[-69.8576,-17.7342],[-69.7831,-17.9816],[-69.9703,-18.2506],[-70.3947,-18.3377],[-70.3036,-18.4454],[-70.3566,-18.7734],[-70.2703,-19.1715],[-70.2144,-19.5964],[-70.1512,-19.7194],[-70.1233,-20.0722],[-70.1921,-20.3668],[-70.2056,-20.7394],[-70.0614,-21.4483],[-70.152,-21.6648],[-70.297,-22.9177],[-70.4508,-23.0971],[-70.5622,-23.0598],[-70.5851,-23.4236],[-70.4131,-23.5113],[-70.4985,-23.7846],[-70.5003,-24.0974],[-70.5828,-24.5248],[-70.5764,-24.7317],[-70.4727,-24.9753],[-70.4448,-25.3449],[-70.6514,-25.5408],[-70.7104,-25.8354],[-70.6346,-26.0286],[-70.6424,-26.3153],[-70.7886,-26.9963],[-70.96,-27.1614],[-70.9124,-27.6218],[-71.0387,-27.6664],[-71.1381,-27.946],[-71.1739,-28.3606],[-71.3019,-28.6749],[-71.522,-28.9401],[-71.4871,-29.2113],[-71.3072,-29.4212],[-71.2866,-29.9103],[-71.3826,-30.1477],[-71.6392,-30.2522],[-71.7134,-30.6149],[-71.6678,-31.1505],[-71.515,-31.7755],[-71.5438,-32.193],[-71.4125,-32.3696],[-71.4459,-32.6428],[-71.5682,-33.0019],[-71.7203,-33.1676],[-71.6408,-33.5006],[-71.6877,-33.7209],[-71.8713,-33.9328],[-72.0268,-34.1627],[-72.0572,-34.6588],[-72.103,-34.7609],[-72.2306,-35.1161],[-72.364,-35.2078],[-72.5297,-35.4904],[-72.6466,-35.5666],[-72.598,-35.8102],[-72.7991,-36.0531],[-72.8959,-36.4381],[-73.002,-36.7138],[-73.1597,-36.735],[-73.1733,-37.0763],[-73.2826,-37.214],[-73.6718,-37.3626],[-73.6041,-37.5124],[-73.6681,-37.7194],[-73.4628,-38.0917],[-73.5251,-38.4757],[-73.2834,-39.0753],[-73.2467,-39.3859],[-73.4019,-39.8041],[-73.6832,-39.9425],[-73.7486,-40.273],[-73.7285,-40.5442],[-73.8415,-40.6667],[-73.9469,-40.9728],[-73.7982,-41.5657],[-73.66,-41.7575],[-73.2014,-41.7848],[-73.1119,-41.5862],[-72.9573,-41.4836],[-72.7516,-41.5484],[-72.6451,-41.7228],[-72.8636,-41.9059],[-72.488,-42.0647],[-72.8097,-42.2433],[-72.8422,-42.8381],[-72.7611,-43.009],[-73.1113,-43.461],[-72.973,-43.6214],[-73.0423,-43.7296],[-73.2777,-44.11],[-72.6868,-44.4885],[-72.7277,-44.7586],[-73.1171,-44.9483],[-73.3483,-44.9578],[-73.3044,-45.1448],[-73.4607,-45.2663],[-73.5548,-45.8776],[-73.7698,-46.2346],[-74.1894,-45.7936],[-74.6909,-45.8416],[-74.7134,-45.9845],[-74.9581,-46.2153],[-75.0907,-46.2161],[-75.5171,-46.5543],[-75.7047,-46.6393],[-75.5517,-46.9483],[-75.3526,-46.9006],[-75.4372,-46.6498],[-75.0834,-46.6409],[-74.6509,-46.7883],[-74.2668,-46.7817],[-73.9576,-47.0603],[-74.1391,-47.2223],[-74.3247,-47.2189],[-74.7362,-47.7045],[-74.6284,-47.7678],[-73.7097,-47.7761],[-73.5917,-48.1407],[-73.8911,-48.0222],[-74.4154,-47.9837],[-74.1971,-48.4733],[-74.3922,-48.5991],[-74.3062,-48.7277],[-74.1693,-48.7033],[-74.0667,-48.742],[-74.2006,-48.7192],[-74.3069,-48.7499],[-74.3719,-48.7192],[-74.4241,-49.3712],[-74.2149,-49.5231],[-74.3223,-49.6325],[-74.2507,-50.081],[-74.5737,-50.0993],[-74.1261,-50.7625],[-74.2564,-50.9394],[-74.1295,-51.1877],[-73.7843,-51.2236],[-73.9343,-51.3993],[-73.9042,-51.6117],[-73.6804,-51.7692],[-73.54,-52.0553],[-73.3162,-52.1661],[-73.1453,-51.94],[-72.4669,-51.7897],[-72.529,-51.9548],[-72.8028,-51.9374],[-73.3339,-52.2187],[-73.5806,-52.2084],[-73.5309,-52.457],[-73.6879,-52.5978],[-73.2689,-52.6736],[-73.3273,-53.0715],[-72.9536,-53.0236],[-73.0053,-52.8333],[-72.7908,-52.7527],[-72.6561,-52.5217],[-71.5716,-52.5613],[-71.8505,-52.6947],[-72.1609,-52.6521],[-72.5622,-52.8337],[-72.9604,-52.825],[-72.891,-53.0568],[-73.1991,-53.2408],[-72.5225,-53.5444],[-72.4669,-53.2831],[-71.5308,-52.8667],[-71.1693,-52.8128],[-71.2541,-53.0168],[-71.835,-53.252],[-72.2823,-53.2428],[-72.4533,-53.4073],[-72.0535,-53.707],[-71.6446,-53.8237],[-71.2287,-53.8747],[-70.9736,-53.756],[-70.9927,-53.383],[-70.8169,-52.9924],[-70.8121,-52.8214],[-70.583,-52.672],[-69.8466,-52.4865],[-69.6724,-52.5309],[-69.4825,-52.2905],[-69.2347,-52.2031],[-68.8985,-52.3035],[-68.4486,-52.3466],[-69.2123,-52.138],[-69.4853,-52.1325],[-69.9528,-52.0074],[-71.9177,-51.9901],[-71.9585,-51.868],[-72.2811,-51.7015],[-72.3822,-51.1606],[-72.2635,-50.8363],[-72.3028,-50.6489],[-72.7784,-50.6196],[-73.0961,-50.7706],[-73.2619,-50.5566],[-73.3229,-50.2684],[-73.5306,-50.1408],[-73.5727,-49.9324],[-73.4651,-49.76],[-73.5866,-49.53],[-73.4579,-49.3077],[-73.0982,-49.2728],[-73.1704,-49.2509],[-73.0097,-48.9904],[-72.5923,-48.7911],[-72.5768,-48.4521],[-72.3256,-48.2855],[-72.343,-48.0704],[-72.5439,-47.9148],[-72.3444,-47.6023],[-72.0098,-47.1982],[-71.9341,-46.7995],[-71.6872,-46.6901],[-71.7702,-46.1126],[-71.6492,-45.9994],[-71.7985,-45.7399],[-71.7651,-45.5724],[-71.5258,-45.519],[-71.3115,-45.2995],[-71.5887,-44.9781],[-71.8545,-44.791],[-71.4971,-44.7429],[-71.336,-44.8016],[-71.1227,-44.5303],[-71.2098,-44.4276],[-71.822,-44.4032],[-71.8587,-44.1078],[-71.7453,-44.045],[-71.6599,-43.9263],[-71.8192,-43.7581],[-71.7238,-43.5948],[-71.9373,-43.4569],[-71.743,-43.1901],[-72.0098,-43.1204],[-72.1485,-42.9987],[-72.1484,-42.5926],[-72.0419,-42.491],[-72.1247,-42.2633],[-71.7363,-42.0839],[-71.7693,-41.9996],[-71.926,-41.6229],[-71.8674,-41.0102],[-71.9556,-40.7204],[-71.8606,-40.5594],[-71.6785,-40.3402],[-71.8238,-40.2101],[-71.6248,-39.931],[-71.7144,-39.7263],[-71.6411,-39.6],[-71.4617,-39.4338],[-71.402,-39.236],[-71.4158,-38.9353],[-71.228,-38.8088],[-70.8738,-38.6914],[-70.8487,-38.5276],[-70.9738,-38.4247],[-71.0161,-38.1437],[-71.185,-37.7061],[-71.1231,-37.4432],[-71.2056,-37.2927],[-71.0891,-37.1034],[-71.1952,-36.8391],[-71.0553,-36.6713],[-71.0278,-36.4812],[-70.7186,-36.4146],[-70.7031,-36.2601],[-70.4307,-36.1294],[-70.4082,-35.5062],[-70.5429,-35.2093],[-70.3724,-35.0274],[-70.2278,-34.5853],[-70.0482,-34.2835],[-69.8328,-34.2432],[-69.9096,-33.9557],[-69.8954,-33.6623],[-69.7877,-33.3794],[-69.9053,-33.2382],[-70.1008,-33.1869],[-70.1061,-33.0526],[-70.0002,-32.8766],[-70.14,-32.7683],[-70.1725,-32.4649],[-70.2561,-32.3143],[-70.3308,-32.2096],[-70.4283,-31.8701],[-70.5914,-31.5496],[-70.4798,-31.0967],[-70.3398,-31.0417],[-70.3195,-30.8008],[-70.2171,-30.5151],[-69.9028,-30.3127],[-69.8497,-30.1266],[-69.9756,-30.0586],[-69.9294,-29.7179],[-70.0426,-29.3631],[-69.8039,-29.0987],[-69.7409,-28.6406],[-69.654,-28.401],[-69.4203,-28.2126],[-69.1341,-27.7723],[-68.8011,-27.1128],[-68.5859,-27.1628],[-68.3305,-27.045],[-68.3201,-26.8701],[-68.5702,-26.5506],[-68.5752,-26.3035],[-68.4199,-26.1793],[-68.4985,-25.7549],[-68.606,-25.437],[-68.5542,-25.2912],[-68.4965,-25.16],[-68.3792,-25.1368],[-68.5724,-24.7699],[-68.5037,-24.6123],[-68.2445,-24.3854],[-67.3624,-24.0304],[-67.2513,-23.7331],[-67.014,-23.0007],[-67.1939,-22.8222],[-67.5471,-22.8925],[-67.8763,-22.8336],[-67.8587,-22.5668],[-67.9902,-22.0576],[-68.0962,-21.954],[-68.1984,-21.5719],[-68.2075,-21.2843],[-68.4163,-20.9598],[-68.5316,-20.9277],[-68.5728,-20.7429],[-68.4816,-20.643],[-68.6855,-20.5168],[-68.6785,-20.3286],[-68.7755,-20.0897],[-68.5883,-20.0556],[-68.5535,-19.8579],[-68.6984,-19.7463],[-68.5767,-19.5646],[-68.4932,-19.377],[-68.6633,-19.2736],[-68.9896,-18.9465],[-68.9546,-18.857],[-69.0344,-18.4783],[-69.1554,-18.1402],[-69.0823,-18.0391],[-69.3024,-17.9762],[-69.3342,-17.8058],[-69.5101,-17.5066]]],[[[-74.3346,-43.2817],[-73.877,-43.422],[-73.6817,-43.3811],[-73.7214,-43.1417],[-73.4901,-43.1],[-73.6497,-42.8832],[-73.5167,-42.7892],[-73.8092,-42.6087],[-73.6815,-42.37],[-73.374,-42.2574],[-73.4891,-42.1456],[-73.537,-41.84],[-73.691,-41.809],[-74.0553,-41.945],[-74.0533,-42.1303],[-74.1896,-42.4319],[-74.1275,-42.6711],[-74.3346,-43.2817]]],[[[-74.4991,-48.5832],[-74.6673,-48.2643],[-75.0331,-48.5045],[-74.9471,-48.6196],[-74.621,-48.6918],[-74.4991,-48.5832]]],[[[-75.1608,-48.2984],[-74.8374,-48.3448],[-74.8278,-48.1455],[-75.2563,-48.0686],[-75.1608,-48.2984]]],[[[-75.1499,-48.6584],[-75.0714,-48.5963],[-75.3781,-48.0082],[-75.5853,-48.0857],[-75.555,-48.3786],[-75.2706,-48.4181],[-75.1499,-48.6584]]],[[[-74.7529,-45.8075],[-75.1129,-45.8857],[-75.0743,-46.0938],[-74.7663,-45.9889],[-74.7529,-45.8075]]],[[[-74.5028,-45.7324],[-74.208,-45.6355],[-74.4213,-45.4543],[-74.5028,-45.7324]]],[[[-73.7319,-45.2148],[-73.9147,-44.9953],[-74.2069,-45.0427],[-74.0074,-45.2321],[-73.7319,-45.2148]]],[[[-73.9268,-44.6288],[-74.4005,-44.6261],[-74.2797,-44.8038],[-73.9268,-44.6288]]],[[[-73.3825,-44.5878],[-73.4076,-44.8224],[-73.1475,-44.9119],[-72.8376,-44.7101],[-72.7212,-44.528],[-73.002,-44.3613],[-73.3825,-44.5878]]],[[[-68.6276,-52.6396],[-68.746,-52.5569],[-69.1402,-52.6838],[-69.3742,-52.4703],[-69.5839,-52.5099],[-69.7344,-52.7745],[-70.0011,-52.8417],[-70.4735,-53.3093],[-70.2567,-53.461],[-69.6755,-53.3584],[-69.3527,-53.3557],[-69.3608,-53.5217],[-70.137,-53.7387],[-70.073,-54.2488],[-70.3225,-54.3253],[-70.9327,-54.1135],[-70.8603,-54.3178],[-71.0109,-54.4487],[-71.725,-54.4054],[-71.94,-54.5108],[-71.4774,-54.6764],[-71.2897,-54.6764],[-70.2397,-54.8578],[-69.7949,-54.7877],[-69.067,-54.9488],[-68.6541,-54.8862],[-68.6419,-54.783],[-68.6347,-53.7109],[-68.6276,-52.6396]]],[[[-67.9993,-55.6275],[-68.2392,-55.2922],[-68.5306,-55.1098],[-68.4412,-54.9397],[-69.3197,-54.9933],[-69.886,-55.0636],[-70.0315,-55.1533],[-69.6077,-55.3655],[-69.2721,-55.2135],[-68.8558,-55.2575],[-68.9674,-55.4299],[-68.2525,-55.5245],[-67.9993,-55.6275]]],[[[-67.8832,-55.2438],[-67.4232,-55.2165],[-67.0619,-55.072],[-67.3018,-54.9289],[-67.9418,-54.9054],[-68.1863,-54.9782],[-68.1569,-55.1961],[-67.8832,-55.2438]]],[[[-71.6309,-54.0788],[-71.4999,-54.211],[-71.1139,-54.3798],[-70.9901,-54.2658],[-71.4633,-53.9416],[-71.6309,-54.0788]]],[[[-72.0151,-54.2023],[-71.7134,-54.1477],[-71.7273,-53.8986],[-71.9457,-53.8528],[-72.2582,-53.9451],[-72.0151,-54.2023]]],[[[-70.455,-53.6116],[-70.8815,-53.8423],[-70.8227,-54.1135],[-70.5404,-54.2216],[-70.3363,-54.0074],[-70.4522,-53.8869],[-70.455,-53.6116]]],[[[-72.5297,-54.0754],[-72.187,-53.7765],[-72.6559,-53.5368],[-73.1317,-53.4892],[-73.5847,-53.5828],[-73.0665,-53.8313],[-72.7431,-53.8936],[-72.9337,-54.0584],[-72.5297,-54.0754]]],[[[-73.2074,-53.3178],[-73.4351,-53.1402],[-73.8759,-53.0032],[-74.4072,-52.9138],[-74.2626,-53.0912],[-73.8804,-53.0577],[-73.4203,-53.2831],[-73.2074,-53.3178]]],[[[-73.8374,-52.7009],[-73.6779,-52.4733],[-73.8949,-52.4081],[-74.1278,-52.6659],[-73.8374,-52.7009]]],[[[-74.3856,-50.9811],[-74.8787,-50.8863],[-74.8932,-51.0492],[-74.3856,-50.9811]]],[[[-74.3104,-50.8342],[-74.3831,-50.456],[-74.5812,-50.6336],[-74.3104,-50.8342]]],[[[-75.0406,-50.2895],[-75.1334,-50.0834],[-75.3975,-50.1716],[-75.4609,-50.35],[-75.0406,-50.2895]]],[[[-75.1983,-49.7712],[-74.9615,-49.7853],[-74.8677,-50.0162],[-74.4855,-49.9531],[-74.4205,-49.6896],[-74.5364,-49.508],[-74.4481,-49.3224],[-74.5255,-48.7228],[-74.7563,-48.6782],[-75.0515,-48.857],[-74.8045,-49.1039],[-74.9302,-49.3142],[-75.4673,-49.3327],[-75.1983,-49.7712]]]]},"properties":{"iso":"CHL","name":"Chile"}},{"type":"Feature","geometry":{"type":"Polygon","coordinates":[[[23.98,19.5],[23.02,19.97],[21.58,20.68],[19.67,21.63],[18.23,22.34],[16.79,23.05],[15.98,23.45],[14.98,23],[15.17,21.92],[15.18,21.52],[15.61,20.95],[15.59,20.73],[15.93,20.4],[15.95,20.3],[15.74,19.9],[15.64,18.81],[15.47,16.91],[14.37,15.75],[13.81,14.97],[13.64,14.63],[13.45,14.38],[13.61,13.7],[14.06,13.08],[14.52,12.98],[14.54,12.82],[14.76,12.66],[14.88,12.27],[15.08,11.85],[15.12,11.54],[15.03,11.11],[15.07,10.85],[15.28,10.36],[15.53,10.09],[15.54,9.96],[15.19,9.98],[14.84,9.94],[14.24,9.98],[13.98,9.69],[14,9.59],[14.33,9.2],[15.12,8.56],[15.44,7.85],[15.55,7.79],[15.48,7.52],[15.85,7.48],[16.38,7.68],[16.52,7.86],[16.78,7.55],[17.25,7.81],[17.65,7.98],[18.46,8.03],[18.91,8.41],[19.11,8.66],[18.89,8.89],[19.15,9.02],[19.67,9.02],[20.07,9.13],[20.34,9.13],[20.77,9.41],[21.26,9.97],[21.4,10],[21.73,10.37],[21.71,10.57],[22.04,10.82],[22.49,11],[22.86,10.92],[22.92,11.34],[22.64,11.52],[22.56,11.67],[22.58,11.99],[22.49,12.04],[22.35,12.66],[22,12.67],[21.83,12.79],[21.99,13.11],[22.23,13.33],[22.11,13.73],[22.17,13.91],[22.51,14.13],[22.38,14.55],[22.67,14.72],[22.76,15],[22.93,15.16],[22.93,15.53],[23.11,15.7],[23.98,15.78],[23.98,17.27],[23.98,18.16],[23.98,19.5]]]},"properties":{"iso":"TCD","name":"Chade"}},{"type":"Feature","geometry":{"type":"Polygon","coordinates":[[[24.15,8.67],[23.68,8.73],[23.54,8.82],[23.47,9.11],[23.62,9.34],[23.65,9.82],[23.31,10.39],[22.86,10.92],[22.49,11],[22.04,10.82],[21.71,10.57],[21.73,10.37],[21.4,10],[21.26,9.97],[20.77,9.41],[20.34,9.13],[20.07,9.13],[19.67,9.02],[19.15,9.02],[18.89,8.89],[19.11,8.66],[18.91,8.41],[18.46,8.03],[17.65,7.98],[17.25,7.81],[16.78,7.55],[16.52,7.86],[16.38,7.68],[15.85,7.48],[15.48,7.52],[15.25,7.26],[15.03,6.78],[14.74,6.28],[14.43,6.04],[14.62,5.87],[14.64,5.18],[14.71,4.67],[15.02,4.36],[15.14,4.07],[15.13,3.83],[15.78,3.13],[16.06,2.91],[16.11,2.47],[16.18,2.27],[16.47,2.83],[16.5,3.21],[16.67,3.54],[17,3.56],[17.44,3.68],[18.16,3.5],[18.47,3.62],[18.61,3.48],[18.63,3.95],[18.57,4.26],[18.83,4.52],[19.07,4.89],[19.5,5.13],[19.81,5.09],[20.23,4.83],[20.56,4.46],[20.96,4.41],[21.54,4.24],[21.91,4.25],[22.42,4.13],[22.76,4.65],[23.12,4.74],[23.42,4.66],[24.32,4.99],[24.77,4.93],[25.25,5.02],[25.53,5.31],[26.17,5.17],[26.82,5.06],[27.11,5.2],[27.4,5.11],[27.26,5.29],[27.21,5.62],[27.08,5.78],[26.73,6],[26.51,6.07],[26.31,6.46],[26.36,6.64],[25.89,7.06],[25.38,7.33],[25.19,7.52],[25.25,7.72],[24.85,8.14],[24.29,8.29],[24.15,8.67]]]},"properties":{"iso":"CAF","name":"República Centro-Africana"}},{"type":"Feature","geometry":{"type":"Polygon","coordinates":[[[-23.44,15.01],[-23.7,15.27],[-23.71,14.96],[-23.44,15.01]]]},"properties":{"iso":"CPV","name":"Cabo Verde"}},{"type":"Feature","geometry":{"type":"MultiPolygon","coordinates":[[[[-117.0382,48.9925],[-116.0482,48.9925],[-114.0638,48.9925],[-112.9816,48.9925],[-111.4429,48.9926],[-109.9993,48.9926],[-108.1458,48.9926],[-106.6072,48.9926],[-105.5082,48.9926],[-104.0476,48.9926],[-102.8704,48.9926],[-101.3643,48.9927],[-99.7931,48.9927],[-98.694,48.9927],[-97.2261,48.9927],[-95.1771,48.9927],[-95.1606,49.3695],[-94.8273,49.2929],[-94.7112,48.9146],[-94.5929,48.7264],[-93.8749,48.6362],[-93.7568,48.5165],[-93.2577,48.6303],[-92.6486,48.5363],[-92.3031,48.3109],[-92.0434,48.3346],[-91.6925,48.0979],[-91.4279,48.0364],[-90.9232,48.2271],[-90.7865,48.1005],[-90.1786,48.1164],[-89.9803,48.0101],[-89.499,47.9951],[-89.3404,47.9842],[-88.6427,48.2566],[-88.3473,48.2987],[-86.6371,47.6241],[-84.8787,46.8979],[-84.7733,46.6334],[-84.5894,46.4751],[-84.1588,46.4333],[-83.9473,46.0606],[-83.6139,46.1156],[-83.4659,45.9931],[-83.484,45.7719],[-82.5888,45.3718],[-82.5321,45.2935],[-82.2918,44.2422],[-82.1536,43.5496],[-82.4111,43.0513],[-82.5113,42.6467],[-82.8001,42.418],[-83.1285,42.24],[-83.1309,41.938],[-83.0684,41.8477],[-82.7111,41.6802],[-82.4249,41.6768],[-81.2767,42.2087],[-80.5202,42.3238],[-80.2466,42.3655],[-79.763,42.5377],[-79.0194,42.8027],[-79.0538,43.2604],[-79.1743,43.4645],[-78.6881,43.6318],[-76.8415,43.6255],[-76.4546,44.0842],[-76.0673,44.348],[-75.8703,44.4086],[-75.6997,44.5817],[-75.2702,44.8638],[-74.8685,45.0101],[-74.713,44.9993],[-74.3462,45.2206],[-73.7554,45.6764],[-73.4954,45.7279],[-73.2899,45.8751],[-73.1586,46.0749],[-72.9945,46.2108],[-72.6025,46.3013],[-72.2279,46.5534],[-71.8805,46.6907],[-71.354,46.739],[-70.9569,47.0207],[-70.715,47.1176],[-70.4971,47.4293],[-70.2369,47.4956],[-69.932,47.7731],[-69.736,48.1225],[-69.4466,48.2962],[-69.1444,48.6005],[-69.0696,48.7562],[-68.1224,49.2713],[-67.3763,49.3392],[-67.2451,49.4588],[-67.1315,49.8313],[-66.5431,50.2161],[-66.1619,50.1958],[-65.2583,50.3223],[-64.8883,50.2745],[-64.47,50.3223],[-64.2475,50.2707],[-63.7222,50.3043],[-63.4422,50.2229],[-62.8524,50.2943],[-61.8458,50.2198],[-61.7179,50.1],[-60.8356,50.2563],[-60.0637,50.254],[-59.8031,50.4457],[-59.5815,50.4841],[-59.4099,50.6666],[-58.9933,50.7908],[-58.9477,51.0416],[-58.7164,51.1065],[-58.4537,51.3166],[-58.234,51.2769],[-57.25,51.5083],[-57.1003,51.419],[-56.9665,51.4252],[-56.3379,51.7821],[-55.9342,51.9252],[-55.6848,52.1117],[-55.8201,52.3082],[-55.6476,52.4432],[-56.0004,52.5151],[-56.0594,52.7657],[-55.8116,52.8304],[-55.9557,53.0222],[-55.7469,53.1457],[-55.8121,53.3301],[-56.0349,53.4337],[-56.0362,53.5804],[-57.1527,53.7399],[-57.3569,54.1395],[-58.0116,54.2397],[-58.2203,54.0638],[-58.8531,53.942],[-59.0768,53.687],[-59.5111,53.5554],[-60.0417,53.4802],[-60.1083,53.7577],[-59.7913,53.848],[-59.5316,53.8216],[-58.9745,53.9715],[-58.1861,54.3586],[-57.6783,54.3774],[-57.391,54.5019],[-57.847,54.7387],[-58.6815,54.8185],[-59.0259,55.0199],[-59.008,55.1537],[-59.862,55.1409],[-60.2871,55.2334],[-60.4189,55.4277],[-60.3548,55.5751],[-60.7816,55.8597],[-61.3454,55.9693],[-61.547,56.2004],[-61.8302,56.3769],[-61.8092,56.7885],[-61.3819,57.1211],[-61.8651,57.1706],[-61.817,57.3774],[-62.2892,57.5236],[-61.8899,57.625],[-62.305,58.0312],[-62.6614,58.1758],[-62.5786,58.5042],[-63.0097,58.4287],[-62.8465,58.6693],[-62.9269,58.8232],[-63.4422,59.1206],[-63.7281,59.5091],[-64.1479,59.6828],[-64.2205,60.0466],[-64.4515,60.0661],[-64.5314,60.3039],[-64.8488,60.3657],[-65.1378,59.9002],[-65.5463,59.7313],[-65.4067,59.4174],[-65.7427,59.2679],[-65.6425,59.0733],[-66.1086,58.7791],[-66.3912,58.8513],[-66.6288,58.5929],[-67.0642,58.3929],[-67.649,58.2518],[-68.3502,58.6215],[-68.3616,58.7835],[-68.7869,58.9225],[-69.2563,58.8992],[-69.834,58.6041],[-70.0345,58.8126],[-69.4516,58.8952],[-69.5281,59.186],[-69.2548,59.3248],[-69.6715,59.457],[-69.568,59.6026],[-69.5898,59.8761],[-69.7698,59.9711],[-69.6024,60.2247],[-69.7533,60.333],[-69.7198,60.684],[-69.3813,60.7999],[-69.5366,61.0797],[-69.9159,60.81],[-70.1102,61.0601],[-70.6037,61.0328],[-71.395,61.1495],[-71.8553,61.4238],[-71.652,61.6498],[-71.9568,61.7112],[-72.2323,61.8813],[-72.6052,61.9437],[-72.6214,62.1019],[-73.0622,62.1876],[-73.6707,62.4821],[-74.4169,62.2525],[-75.3277,62.3175],[-75.8297,62.3133],[-76.7577,62.5108],[-77.4908,62.5883],[-78.1549,62.2973],[-78.0848,61.888],[-77.7084,61.6163],[-77.8124,61.0881],[-78.1655,60.8684],[-77.6068,60.7591],[-77.8293,60.6433],[-77.7423,60.4258],[-77.2831,60.0266],[-77.4629,59.6766],[-77.8812,59.4849],[-77.8192,59.293],[-78.1066,59.2099],[-78.3047,58.9599],[-78.56,58.9446],[-78.4737,58.7202],[-78.0315,58.3881],[-77.6007,58.2713],[-77.0793,57.9615],[-76.8087,57.6755],[-76.5893,57.2713],[-76.5037,56.7838],[-76.5452,56.295],[-76.6587,56.073],[-77.1129,55.6754],[-77.7816,55.2735],[-78.3922,55.0275],[-78.9674,54.852],[-79.6763,54.6938],[-79.5294,54.5772],[-79.464,54.3102],[-79.1294,54.1075],[-79.0135,53.8459],[-79.0563,53.6203],[-78.9017,53.201],[-78.9774,53.07],[-78.7831,52.8715],[-78.7856,52.6591],[-78.5215,52.4809],[-78.5913,52.1061],[-78.8406,51.8423],[-78.7924,51.6108],[-78.8822,51.4033],[-79.346,51.6618],[-79.5208,51.4667],[-79.7008,51.3854],[-79.7471,51.1955],[-79.5208,50.9655],[-79.5208,50.9429],[-79.7445,51.1235],[-80.1083,51.2961],[-80.4298,51.3572],[-80.5949,51.7114],[-80.9791,52.0018],[-81.3906,52.1278],[-81.5815,52.3165],[-81.5638,52.4562],[-82.3012,52.9676],[-82.1185,53.2773],[-82.2192,53.6044],[-82.126,53.8122],[-82.2426,54.0651],[-82.4309,54.2282],[-82.421,54.3839],[-82.2014,54.8339],[-82.2786,55.0455],[-82.4585,55.1412],[-82.8151,55.1468],[-83.9291,55.3265],[-84.6131,55.2452],[-85.1266,55.3026],[-85.6826,55.5866],[-86.2893,55.7257],[-86.8749,55.9113],[-87.3163,55.9623],[-87.6223,56.0956],[-87.9796,56.4429],[-88.3113,56.538],[-88.947,56.8532],[-89.827,56.976],[-90.5855,57.2299],[-91.0311,57.2646],[-92.2235,57.0215],[-92.6658,57.0006],[-92.4568,57.223],[-92.4569,57.449],[-92.757,57.8659],[-92.8078,58.0758],[-93.1285,58.5284],[-93.1895,58.7597],[-93.7174,58.7922],[-94.3995,58.7125],[-94.8074,59.0181],[-94.7184,59.3667],[-94.8219,59.6503],[-94.8031,60.0001],[-94.7118,60.2657],[-94.3516,60.8581],[-94.0068,61.2378],[-93.985,61.458],[-93.3029,61.7519],[-93.5021,61.8558],[-92.5934,62.2394],[-92.7183,62.4647],[-92.2609,62.5626],[-92.4539,62.7939],[-91.9794,62.8474],[-91.442,62.7869],[-90.6436,63.0689],[-90.6954,63.2748],[-91.0174,63.4711],[-91.5867,63.5823],[-91.371,63.7017],[-90.9745,63.5787],[-90.1684,63.6577],[-89.8127,63.9602],[-89.1774,64.0385],[-88.7346,63.9724],[-88.0443,64.1843],[-87.7643,64.5224],[-87.6,64.5582],[-86.9382,65.142],[-87.0469,65.238],[-89.0399,65.3282],[-89.3938,65.5012],[-89.8375,65.8309],[-89.688,65.9468],[-88.9701,65.6965],[-88.5846,65.6453],[-88.2055,65.4051],[-87.9275,65.3334],[-87.3808,65.3297],[-86.4747,65.734],[-86.4125,65.9045],[-85.9744,66.0356],[-85.8567,66.1628],[-86.6206,66.3144],[-86.6205,66.5069],[-85.7516,66.5177],[-85.4161,66.567],[-85.2678,66.2869],[-84.3817,66.1901],[-83.6908,66.1992],[-83.9632,66.4779],[-83.6781,66.5253],[-83.3694,66.3503],[-82.6335,66.5633],[-82.1844,66.7686],[-81.9549,66.9768],[-81.5274,66.996],[-81.2379,67.4605],[-81.4572,67.6284],[-82.0882,67.8995],[-82.1094,68.1118],[-82.3697,68.3563],[-81.2665,68.6387],[-81.3652,68.8617],[-81.7025,68.9075],[-81.3372,69.1876],[-81.753,69.2679],[-82.2373,69.2352],[-82.5755,69.6741],[-83.7541,69.7117],[-84.3398,69.8597],[-85.3332,69.7914],[-85.534,69.4633],[-85.22,69.1328],[-84.7672,69.088],[-85.2248,68.7213],[-85.6681,68.727],[-85.7172,68.3983],[-85.9017,68.0544],[-86.5293,67.6872],[-86.5019,67.3794],[-87.3278,67.1733],[-87.4838,67.3631],[-88.153,67.6804],[-88.3736,67.9758],[-88.2833,68.126],[-87.7922,68.3312],[-88.0226,68.8087],[-88.7286,69.0839],[-88.942,69.2336],[-89.3317,69.2495],[-89.6722,69.0445],[-89.688,68.8175],[-89.9449,68.6158],[-90.0002,68.3793],[-90.6035,68.4408],[-90.4465,68.8863],[-91.0336,69.2196],[-90.6544,69.5369],[-91.11,69.5133],[-91.426,69.6684],[-91.8027,69.5133],[-92.4714,69.6976],[-91.9429,70.0241],[-91.5452,70.145],[-91.9907,70.3251],[-92.2499,70.6254],[-92.6145,70.6889],[-92.9077,70.902],[-92.9906,71.3571],[-94.0541,71.7892],[-94.5399,71.7713],[-94.5487,72.0021],[-95.2252,71.9495],[-95.4921,71.723],[-95.9445,71.5522],[-95.4647,71.484],[-95.6583,71.2915],[-96.2117,71.3868],[-96.5615,71.1271],[-96.6164,70.8258],[-96.1903,70.6247],[-96.5615,70.3153],[-96.4863,70.097],[-95.9759,69.7862],[-95.6503,69.7839],[-94.3222,69.453],[-93.4344,69.3568],[-94.1352,69.1328],[-94.6361,68.756],[-94.1099,68.7591],[-93.7305,68.6118],[-94.3409,68.2443],[-94.861,68.0309],[-95.2335,68.0697],[-95.582,67.8995],[-95.6957,67.7115],[-95.4632,67.6393],[-95.2556,67.2623],[-95.735,67.3765],[-96.0751,67.2258],[-96.4652,67.5495],[-96.2164,67.7803],[-96.0094,68.2523],[-96.3981,68.1714],[-97.2604,68.4687],[-98.1924,68.3077],[-98.449,68.0709],[-98.1715,67.8757],[-97.6409,68.0094],[-97.0611,67.6804],[-97.5903,67.603],[-98.361,67.8113],[-98.9154,67.7116],[-99.4237,67.7941],[-100.717,67.847],[-101.5294,67.6804],[-101.9391,67.7858],[-102.2421,67.7251],[-102.7626,67.8151],[-103.3661,68.0185],[-104.4839,68.0339],[-104.602,68.2353],[-105.0951,68.2695],[-105.536,68.4499],[-105.4696,68.722],[-106.1975,68.9444],[-107.2926,68.7014],[-108.2808,68.6216],[-108.8151,68.2742],[-108.3376,68.1551],[-107.7296,68.2072],[-106.5731,68.4202],[-106.522,68.5267],[-105.8791,68.6393],[-105.6976,68.4888],[-106.276,68.3869],[-106.4944,68.2458],[-107.4287,68.0427],[-107.9416,67.8543],[-107.9896,67.6933],[-107.5858,67.5012],[-107.527,67.2123],[-107.2464,67.0842],[-107.6587,66.7077],[-108.215,67.0274],[-107.8797,67.0534],[-107.9925,67.2825],[-108.444,67.434],[-108.5991,67.6253],[-109.6984,67.8101],[-109.9712,67.9673],[-110.4208,67.9484],[-111.019,67.7681],[-111.292,67.8261],[-112.421,67.6824],[-113.8588,67.6962],[-114.7892,67.817],[-115.1182,67.8039],[-115.5338,67.9344],[-114.837,68.2626],[-114.0568,68.3042],[-114.201,68.5719],[-114.9878,68.8674],[-115.5878,68.9752],[-116.1605,68.9841],[-116.2081,68.8312],[-118.0409,69.0246],[-118.6664,69.2255],[-120.2786,69.4078],[-120.6808,69.5567],[-121.4278,69.7668],[-122.951,69.8386],[-123.1573,69.7703],[-123.1776,69.4959],[-123.5447,69.377],[-124.4385,69.3696],[-124.0718,69.6658],[-124.5067,69.7362],[-124.3839,70.1402],[-124.9877,70.0456],[-125.0323,69.7473],[-125.4159,69.6032],[-125.151,69.4543],[-125.4488,69.3192],[-125.9386,69.414],[-126.7018,69.7674],[-127.1365,70.2529],[-127.9283,70.5671],[-128.1959,70.447],[-128.0324,70.2937],[-128.3104,69.9894],[-128.9941,69.6794],[-129.1737,69.8323],[-130.3382,69.7023],[-130.7502,69.4543],[-131.5952,69.4743],[-131.8804,69.2847],[-132.8622,69.0733],[-132.7712,69.2563],[-132.1143,69.3615],[-131.9836,69.5369],[-131.0858,69.6331],[-129.5998,69.9912],[-130.3245,70.1402],[-130.9429,70.0788],[-132.1389,69.6879],[-132.8873,69.6611],[-133.1958,69.414],[-133.6319,69.3992],[-134.4101,69.6569],[-134.6413,69.4822],[-135.1554,69.4797],[-135.8379,69.3091],[-135.9906,69.0159],[-136.4449,68.9099],[-137.1912,68.9479],[-138.6367,69.2837],[-139.1438,69.5137],[-139.918,69.6213],[-141.0056,69.6509],[-141.0047,67.7558],[-141.0042,66.5896],[-141.0036,65.5692],[-141.0031,64.5487],[-141.0026,63.3825],[-141.0018,61.6331],[-141.0012,60.3211],[-140.5337,60.2185],[-140.0158,60.1874],[-139.6283,60.3341],[-139.1016,60.3466],[-139.1832,60.1002],[-139.0602,60.0001],[-138.6921,59.8869],[-138.5992,59.7538],[-137.6114,59.2393],[-137.4231,58.9077],[-136.4665,59.2878],[-136.4676,59.4616],[-136.2585,59.6216],[-135.4828,59.7925],[-135.0162,59.5434],[-135.0958,59.4189],[-134.398,59.052],[-134.2222,58.8427],[-133.8712,58.7359],[-133.4631,58.4622],[-132.5524,57.4991],[-132.0319,57.0284],[-132.1074,56.8588],[-131.8716,56.7935],[-131.7991,56.5877],[-131.5859,56.595],[-131.1005,56.4077],[-130.4955,56.2324],[-130.404,56.1219],[-130.0715,56.0841],[-130.0196,55.908],[-130.1306,55.7363],[-129.9579,55.2735],[-130.1674,55.0854],[-130.0638,55.0029],[-130.2015,54.7285],[-130.3724,54.6643],[-130.4582,54.3486],[-130.1122,54.1593],[-130.1047,53.9471],[-129.3349,53.3969],[-129.2283,53.6327],[-128.8616,53.8302],[-128.7755,53.5556],[-128.8755,53.3062],[-128.5467,53.136],[-128.4779,52.8683],[-128.1256,52.7528],[-128.243,52.5588],[-127.8005,52.2563],[-127.225,52.4561],[-127.2836,52.2377],[-127.6381,52.0837],[-127.8496,51.9201],[-127.8737,51.6734],[-127.6643,51.3981],[-127.777,51.1672],[-127.429,50.9431],[-127.0218,50.8219],[-126.8586,50.9431],[-126.4887,50.8167],[-126.1789,50.8532],[-126.2423,50.501],[-125.7033,50.4379],[-125.391,50.4973],[-125.0617,50.3276],[-124.7054,50.3223],[-124.6052,50.2329],[-124.7322,49.9543],[-124.4037,49.7673],[-124.171,49.781],[-123.9638,49.5211],[-123.5546,49.39],[-123.2486,49.5978],[-123.212,49.13],[-122.753,48.9925],[-121.5542,48.9925],[-119.5759,48.9925],[-118.2571,48.9925],[-117.0382,48.9925]]],[[[-127.2408,52.4264],[-127.8202,52.1957],[-127.6422,52.1381],[-127.277,52.2894],[-127.2408,52.4264]]],[[[-131.1127,52.1719],[-131.4144,52.4537],[-131.6608,52.5424],[-131.8524,52.8672],[-131.613,53.0563],[-131.904,53.2407],[-132.3731,53.1327],[-132.5044,53.0404],[-131.8826,52.5762],[-131.6829,52.4897],[-131.38,52.2029],[-131.1127,52.1719]]],[[[-128.8038,52.7007],[-128.6056,52.6112],[-128.5387,53.0197],[-128.6347,53.1632],[-129.0781,53.3028],[-129.1898,53.0233],[-129.057,52.741],[-128.8038,52.7007]]],[[[-129.7429,53.2353],[-129.974,53.458],[-130.3145,53.3928],[-129.9394,53.1689],[-129.7429,53.2353]]],[[[-130.2528,53.8925],[-130.2024,53.7303],[-129.9331,53.6003],[-129.7969,53.3785],[-129.5675,53.2153],[-129.3365,53.3606],[-129.831,53.7354],[-130.2528,53.8925]]],[[[-132.5794,53.2072],[-132.4005,53.1479],[-132.0079,53.2536],[-131.8705,53.7829],[-131.6933,53.9919],[-132.1304,54.0337],[-132.2967,54.1123],[-133.0405,54.1645],[-133.1444,53.8969],[-132.8911,53.6197],[-132.9289,53.5225],[-132.5179,53.4127],[-132.5794,53.2072]]],[[[-123.3212,48.4958],[-123.5409,48.6365],[-123.5938,48.837],[-123.8134,49.1186],[-124.1592,49.3105],[-124.7947,49.4726],[-124.8821,49.7249],[-125.1783,49.925],[-125.4362,50.3136],[-126.1173,50.4554],[-126.4598,50.4748],[-127.1986,50.6213],[-127.5052,50.7733],[-128.077,50.8703],[-128.4068,50.7805],[-128.3198,50.6098],[-127.9155,50.4663],[-127.7753,50.2329],[-127.4879,50.1304],[-127.1419,49.8666],[-126.6497,49.898],[-126.5727,49.4143],[-126.0765,49.3837],[-125.7358,49.053],[-125.3663,48.9874],[-124.9676,48.9879],[-125.1852,48.801],[-124.6654,48.5732],[-123.8908,48.3669],[-123.5546,48.3279],[-123.3212,48.4958]]],[[[-73.3513,45.0046],[-71.5058,45.0137],[-71.3949,45.2415],[-71.085,45.3043],[-70.7228,45.4709],[-70.4074,45.7315],[-70.2625,45.923],[-70.3114,46.0719],[-70.1884,46.3584],[-70.0743,46.4195],[-70.0078,46.7041],[-69.2676,47.4398],[-69.0636,47.2908],[-68.9062,47.1902],[-68.197,47.3414],[-67.8052,47.0356],[-67.7728,45.8281],[-67.8001,45.6998],[-67.45,45.6108],[-67.475,45.2824],[-67.176,45.1787],[-67.0864,45.0976],[-66.7458,45.0645],[-66.491,45.1556],[-65.9094,45.2103],[-65.3151,45.4592],[-64.7563,45.6278],[-64.5854,45.8259],[-64.2734,45.8357],[-64.6488,45.5591],[-64.3881,45.3673],[-64.066,45.413],[-64.2235,45.1084],[-64.5106,45.2286],[-64.8632,45.1396],[-65.7859,44.6964],[-65.8479,44.5565],[-66.1137,44.3434],[-66.2103,44.1057],[-66.1217,43.7436],[-65.7716,43.6688],[-65.6677,43.5001],[-65.4626,43.5276],[-65.2504,43.6734],[-65.0344,43.7123],[-64.8157,43.9541],[-64.5609,44.08],[-64.3397,44.3326],[-64.3539,44.4561],[-63.943,44.6205],[-63.7159,44.4561],[-63.2813,44.6435],[-62.5515,44.8676],[-61.6396,45.0873],[-61.3318,45.2307],[-61.0712,45.2239],[-61.4705,45.6831],[-61.6198,45.6143],[-61.8942,45.7037],[-61.9243,45.8891],[-62.4704,45.6145],[-62.7386,45.7625],[-63.1898,45.7364],[-63.8059,45.8887],[-64.0427,45.992],[-63.8131,46.1403],[-64.514,46.2394],[-64.9058,46.8869],[-64.8254,47.0891],[-65.3315,47.1006],[-64.9596,47.2943],[-64.8922,47.5615],[-64.6849,47.7227],[-64.8263,47.8155],[-65.2093,47.8197],[-65.6288,47.6706],[-65.8179,47.9074],[-66.3859,48.0751],[-66.843,47.9968],[-66.5154,48.1081],[-65.7838,48.1156],[-65.2856,48.0126],[-64.7794,48.204],[-64.7047,48.3237],[-64.3291,48.4196],[-64.1622,48.6296],[-64.2212,48.8944],[-64.6134,49.123],[-64.9635,49.2193],[-65.5658,49.2665],[-66.2193,49.2079],[-66.6221,49.1226],[-67.962,48.7016],[-68.2056,48.6419],[-69.0544,48.2324],[-69.8022,47.6224],[-70.0311,47.4696],[-70.5349,47.0106],[-71.1579,46.8408],[-71.3025,46.7452],[-71.7142,46.6322],[-71.8457,46.6683],[-72.496,46.3605],[-72.731,46.1766],[-73.1398,46.0583],[-73.2593,45.8541],[-73.4128,45.7515],[-73.5573,45.4143],[-73.6874,45.4312],[-74.0485,45.2325],[-74.3996,45.1448],[-74.713,44.9993],[-73.3513,45.0046]]],[[[-64.3192,49.7912],[-63.9252,49.6749],[-63.6414,49.5135],[-63.5868,49.39],[-63.0933,49.2329],[-62.2482,49.0679],[-61.8116,49.069],[-61.6608,49.151],[-61.8826,49.3545],[-62.2043,49.4142],[-62.5342,49.6047],[-63.3747,49.8294],[-64.1328,49.9501],[-64.3192,49.7912]]],[[[-95.2149,68.8622],[-95.8455,68.8906],[-95.952,69.1396],[-96.2198,69.314],[-96.8934,69.4977],[-97.2248,69.6823],[-97.9252,69.8959],[-98.2193,69.7976],[-98.4111,69.3525],[-98.7128,69.2021],[-99.3093,69.1588],[-99.5915,69.0411],[-99.4172,68.8904],[-97.7606,68.6521],[-97.562,68.5643],[-96.2959,68.4801],[-95.8074,68.7294],[-95.2149,68.8622]]],[[[-110.0037,72.9851],[-110.4835,72.8392],[-110.0037,72.7554],[-110.0037,72.4581],[-110.7291,72.5713],[-111.4071,72.4262],[-111.2196,72.7241],[-112.0773,72.898],[-113.015,73.016],[-113.604,72.7775],[-114.0231,72.7978],[-113.962,73.1229],[-114.5843,73.3846],[-115.5704,73.2018],[-117.3693,72.9178],[-118.5934,72.4287],[-118.1278,72.2272],[-118.6782,72.1423],[-119.0543,71.9353],[-119.0509,71.6268],[-118.0763,71.665],[-118.3088,71.4322],[-117.5513,71.3742],[-116.1849,71.5003],[-115.9039,71.3935],[-117.4749,71.1855],[-118.3865,71.0222],[-118.1868,70.8394],[-117.5854,70.6064],[-116.2334,70.6397],[-115.5809,70.5801],[-114.1831,70.6678],[-113.9884,70.7162],[-112.9259,70.5654],[-112.144,70.4939],[-111.8088,70.3521],[-112.5863,70.2],[-114.1847,70.3157],[-116.0327,70.2203],[-116.9651,70.1291],[-117.442,69.9894],[-117.2521,69.7641],[-116.8558,69.6476],[-116.6327,69.4618],[-115.9748,69.3002],[-115.189,69.2427],[-114.3973,69.2882],[-113.584,69.2012],[-113.6555,68.8005],[-113.3505,68.5915],[-112.5833,68.5097],[-111.251,68.5197],[-110.6051,68.6169],[-109.6246,68.6417],[-108.9516,68.7424],[-108.5395,68.947],[-107.9412,68.9411],[-107.3348,69.0256],[-106.5839,69.5036],[-106.3198,69.4047],[-106.204,69.1499],[-105.8859,69.1765],[-103.3832,68.7823],[-102.5231,68.8655],[-101.9645,68.9696],[-101.7684,69.123],[-102.0548,69.4844],[-103.0371,69.3662],[-103.0411,69.5153],[-102.5096,69.5642],[-102.5823,69.7435],[-102.0248,69.8086],[-101.7068,69.6912],[-100.9643,69.6645],[-100.8722,69.8078],[-100.9957,70.175],[-101.5823,70.1325],[-102.4093,70.4255],[-103.5377,70.5995],[-104.5912,71.0732],[-104.2824,71.364],[-104.3803,71.6],[-105.0389,72.114],[-105.2769,72.44],[-105.3325,72.7511],[-105.8293,73.0513],[-106.234,73.0872],[-106.8234,73.3096],[-107.1724,73.195],[-107.662,73.3284],[-108.2983,73.1338],[-107.7178,72.3027],[-107.7792,72.1413],[-107.2516,71.9017],[-107.6684,71.7082],[-108.2869,71.7987],[-108.1883,71.9495],[-108.6631,72.361],[-108.6334,72.5656],[-110.0037,72.9851]]],[[[-72.949,66.7346],[-74.3454,66.2258],[-74.4204,66.0834],[-73.7178,65.7746],[-73.496,65.494],[-74.1793,65.5285],[-74.5029,65.3435],[-74.8722,65.3981],[-75.2154,65.2541],[-75.7573,65.2138],[-76.6769,65.4111],[-77.4357,65.4596],[-77.3128,65.2001],[-77.9636,65.0519],[-78.1848,64.5867],[-77.7578,64.343],[-76.7279,64.2961],[-75.8621,64.3776],[-75.7069,64.5793],[-74.7131,64.382],[-74.5507,64.631],[-74.0839,64.6409],[-73.8916,64.5542],[-73.4523,64.5915],[-73.3863,64.2815],[-73.1301,64.2917],[-72.3176,63.6789],[-71.5656,63.6908],[-71.7665,63.2841],[-71.3726,63.0485],[-71.0289,63.0786],[-70.8297,62.8968],[-70.2403,62.7541],[-69.6269,62.791],[-69.4451,62.5535],[-68.5537,62.2497],[-67.4006,62.1498],[-66.2745,61.8581],[-65.9504,61.8969],[-66.1285,62.0886],[-65.93,62.1978],[-66.302,62.3511],[-66.5515,62.5607],[-66.982,62.7031],[-67.198,62.8769],[-68.1469,63.1606],[-68.7603,63.5548],[-68.9282,63.7607],[-68.4962,63.7403],[-67.8689,63.4637],[-67.5007,63.4428],[-67.0124,63.2878],[-66.6979,63.0385],[-66.5192,63.0773],[-65.6659,62.9123],[-65.1696,62.5684],[-64.9625,62.6627],[-64.765,63.0551],[-64.7717,63.3288],[-64.4844,63.2878],[-64.6761,63.7403],[-65.3074,64.1934],[-65.081,64.4792],[-65.7261,64.5152],[-65.5828,64.7568],[-65.824,64.8828],[-66.6494,64.9699],[-67.1688,65.2685],[-67.0603,65.4534],[-67.4331,65.5036],[-67.4549,65.6789],[-67.927,65.6201],[-67.81,65.8784],[-67.1701,65.9326],[-67.3032,66.2807],[-66.9613,66.5408],[-66.4718,66.3441],[-65.8994,65.9537],[-65.3533,65.9141],[-65.5031,65.7668],[-64.9021,65.2821],[-64.1785,65.1767],[-63.6551,64.9184],[-63.4052,65.0328],[-63.4975,65.3708],[-63.1601,65.6492],[-62.5942,65.664],[-62.3064,65.8289],[-62.4289,65.9787],[-61.9542,66.0198],[-62.5385,66.2274],[-62.2196,66.3972],[-61.9346,66.2895],[-61.4923,66.3674],[-61.5763,66.5505],[-61.2705,66.6048],[-61.6056,66.8716],[-62.0041,67.0368],[-62.284,66.9461],[-62.905,66.973],[-63.2504,67.1323],[-63.8885,67.2416],[-64.2897,67.7294],[-64.7196,67.9852],[-66.2141,68.0051],[-66.766,68.2421],[-67.064,68.4749],[-67.9312,68.5282],[-68.5472,68.7531],[-68.1332,68.8372],[-67.678,69.1772],[-66.6688,69.1846],[-66.788,69.34],[-67.2276,69.4643],[-68.0051,69.462],[-68.5875,69.591],[-68.0131,69.7761],[-67.1155,69.7287],[-67.2495,69.9634],[-67.8085,70.2637],[-68.157,70.3183],[-68.3369,70.0688],[-69.4702,70.2481],[-68.4586,70.373],[-68.3623,70.5843],[-70.5164,70.9371],[-70.7872,71.1146],[-71.3228,70.8872],[-71.9531,70.7913],[-72.3373,70.7578],[-72.1642,70.8304],[-72.3563,70.8787],[-72.0451,71.0848],[-71.445,71.0735],[-71.1171,71.2705],[-71.5819,71.5151],[-72.4726,71.6473],[-73.2539,71.33],[-73.6879,71.5932],[-73.5964,71.7639],[-74.2627,71.8198],[-74.2368,72.0761],[-75.0632,72.1282],[-74.9417,72.2574],[-75.1984,72.4976],[-76.652,72.6387],[-76.8891,72.7435],[-77.601,72.7558],[-78.5351,72.5146],[-78.5696,72.3557],[-78.9433,72.196],[-79.2834,72.3944],[-80.049,72.3979],[-80.4829,72.1807],[-80.5585,72.6276],[-80.2689,72.7252],[-80.6403,72.9279],[-80.6428,73.1698],[-81.1335,73.2471],[-81.2291,73.5397],[-81.5284,73.7162],[-82.8311,73.7367],[-84.0075,73.5049],[-84.8367,73.3891],[-85.4636,73.1119],[-85.7025,72.6347],[-85.0358,72.2547],[-85.5009,72.2144],[-85.7473,71.9486],[-85.2579,71.6684],[-84.8916,71.633],[-84.9597,71.4288],[-85.4969,71.5144],[-86.1276,71.7943],[-86.4604,72.2034],[-86.2534,72.3946],[-86.6802,72.6462],[-86.6986,72.8161],[-86.0303,73.3024],[-85.5772,73.5124],[-84.952,73.6677],[-85.1057,73.812],[-86.7142,73.8474],[-87.7645,73.7167],[-89.0512,73.2517],[-89.3209,72.8823],[-89.7532,72.6108],[-89.963,72.2574],[-89.7617,72.1256],[-90.1047,71.9163],[-89.8134,71.329],[-88.067,71.2128],[-87.2283,71.0111],[-87.3586,70.9496],[-88.3249,70.9584],[-89.1263,71.0316],[-89.4491,70.908],[-88.6941,70.465],[-88.1413,70.3959],[-87.8525,70.238],[-87.0314,70.4685],[-86.2697,70.1135],[-85.7829,69.9952],[-84.952,70.0666],[-84.6948,70.0066],[-83.6728,69.9464],[-83.0516,70.0105],[-82.1258,69.8181],[-81.0715,70.0993],[-79.8352,69.9534],[-79.6809,69.8486],[-78.8881,69.8938],[-78.6651,70.0138],[-78.7669,70.1914],[-79.5651,70.3902],[-79.1562,70.4971],[-78.7447,70.4561],[-78.3891,70.2164],[-77.6826,70.1837],[-77.4909,69.8627],[-76.8733,69.8187],[-77.0384,69.6058],[-76.6296,69.546],[-75.6874,69.2871],[-75.5717,69.1571],[-75.9899,69.0109],[-76.4225,69.0599],[-76.6732,68.7658],[-76.3256,68.6985],[-75.4967,68.9342],[-74.8789,68.8255],[-74.3725,68.5438],[-73.8852,68.5549],[-73.728,68.3137],[-73.2003,68.2753],[-72.9884,68.1733],[-72.8574,67.8605],[-72.4361,67.5315],[-72.3509,67.1195],[-72.8035,67.043],[-72.949,66.7346]]],[[[-67.8808,60.4968],[-68.2413,60.5856],[-68.439,60.2593],[-67.9601,60.3326],[-67.8808,60.4968]]],[[[-64.8406,61.3515],[-64.717,61.6635],[-65.0466,61.6977],[-65.4858,61.5993],[-64.8406,61.3515]]],[[[-79.2825,62.2699],[-79.5586,62.4204],[-79.8308,62.4108],[-80.215,62.1377],[-80.1804,61.7743],[-79.7502,61.5859],[-79.2695,62.1452],[-79.2825,62.2699]]],[[[-70.2406,62.6156],[-70.4925,62.767],[-70.9596,62.8032],[-70.6822,62.5473],[-70.2406,62.6156]]],[[[-82.1913,62.9862],[-83.5198,62.8264],[-83.5528,62.6997],[-83.907,62.4914],[-83.673,62.1451],[-83.1346,62.1766],[-82.7467,62.3105],[-82.296,62.5852],[-81.9569,62.6977],[-81.8624,62.9248],[-82.1913,62.9862]]],[[[-77.538,63.2878],[-77.7033,63.4382],[-78.1863,63.4932],[-78.5317,63.3902],[-77.9408,63.0871],[-77.538,63.2878]]],[[[-76.6889,63.4858],[-77.1203,63.685],[-77.4183,63.5906],[-76.9821,63.4073],[-76.6889,63.4858]]],[[[-80.1833,63.7676],[-80.8888,64.1226],[-81.0585,64.0265],[-81.6272,64.1236],[-81.7713,64.512],[-82.366,64.768],[-82.7145,64.781],[-83.2084,64.9477],[-83.3977,65.1366],[-84.0985,65.2095],[-84.1523,65.3322],[-84.5774,65.4894],[-84.848,65.2135],[-85.0767,65.4564],[-85.201,65.8093],[-85.6098,65.9105],[-86.0284,65.665],[-86.1739,65.2865],[-86.1593,64.9394],[-86.4058,64.4385],[-86.1929,64.1034],[-86.8959,63.9302],[-87.2238,63.6601],[-87.0644,63.5548],[-86.6612,63.6577],[-85.617,63.6749],[-85.6352,63.2431],[-85.2739,63.1234],[-84.5902,63.3151],[-84.4053,63.5548],[-83.6338,63.771],[-83.6853,64.0141],[-82.5339,63.973],[-82.0746,63.6918],[-81.0189,63.4503],[-80.4664,63.7273],[-80.1833,63.7676]]],[[[-84.4735,66.0902],[-83.8697,65.7829],[-83.6927,65.9257],[-84.0688,66.0629],[-84.4735,66.0902]]],[[[-73.3583,67.8381],[-73.4129,67.9684],[-74.277,68.0776],[-74.756,68.0634],[-74.4023,67.7789],[-73.4095,67.776],[-73.3583,67.8381]]],[[[-86.5771,68.2906],[-86.9857,68.0674],[-86.8366,67.7918],[-86.4127,67.8449],[-86.4078,68.2078],[-86.5771,68.2906]]],[[[-75.0335,68.1733],[-75.9112,68.3446],[-76.6889,68.2626],[-77.3227,67.708],[-76.9816,67.2433],[-75.8893,67.258],[-75.3905,67.3577],[-75.0651,67.5524],[-75.1614,67.9531],[-75.0335,68.1733]]],[[[-74.838,68.4202],[-74.9894,68.6688],[-75.379,68.4988],[-74.838,68.4202]]],[[[-79.0798,68.879],[-78.83,68.9174],[-78.3127,69.3871],[-78.7309,69.3253],[-78.8633,69.1484],[-79.2042,69.0849],[-79.0798,68.879]]],[[[-76.6923,69.4109],[-77.3605,69.3898],[-77.265,69.1467],[-76.9915,69.1451],[-76.6923,69.4109]]],[[[-71.508,71.0173],[-72.0116,71.0522],[-72.0461,70.9459],[-72.228,70.9217],[-72.1182,70.8254],[-71.4387,70.9099],[-71.508,71.0173]]],[[[-104.6809,73.6298],[-105.1671,73.7567],[-106.5996,73.7106],[-107.0393,73.4844],[-106.1207,73.2927],[-105.4857,72.9558],[-105.2025,72.9445],[-104.5727,73.3322],[-104.6809,73.6298]]],[[[-80.9034,73.6074],[-80.795,73.2853],[-80.1638,73.2334],[-79.9486,72.8475],[-79.1754,72.7546],[-78.1709,72.8986],[-76.319,72.8167],[-76.2716,73.1021],[-77.2135,73.5108],[-78.1385,73.6689],[-79.4503,73.6353],[-80.5602,73.7725],[-80.9034,73.6074]]],[[[-96.3213,72.4669],[-96.4523,72.6422],[-96.932,72.6757],[-97.6607,73.0367],[-98.3486,73.0436],[-97.8283,73.2783],[-97.6683,73.4863],[-96.9947,73.6259],[-96.9564,73.7373],[-97.5705,73.8937],[-99.2184,73.7394],[-100.0013,73.95],[-100.8858,73.8321],[-101.5616,73.4686],[-100.4674,73.2033],[-100.1112,73.0327],[-100.4312,72.7404],[-101.2962,72.7186],[-101.7628,73.019],[-102.4848,73.0412],[-102.756,72.8123],[-102.6142,72.6613],[-101.9665,72.4971],[-101.8401,72.3265],[-100.6365,72.1865],[-99.8644,71.8594],[-99.2351,71.3496],[-98.5415,71.2922],[-98.2152,71.4094],[-97.9698,71.6615],[-97.4612,71.6174],[-96.9616,71.8068],[-96.5597,71.8398],[-96.4848,72.1285],[-96.7185,72.2995],[-96.3213,72.4669]]],[[[-99.2474,73.855],[-98.1434,73.8784],[-97.7252,74.1216],[-98.7525,74.0336],[-99.2474,73.855]]],[[[-90.291,73.9233],[-90.9939,74.0059],[-92.1138,73.9843],[-93.2726,74.178],[-94.3739,74.1323],[-95.2486,74.0099],[-95.6129,73.5964],[-95.582,73.1623],[-95.7192,73.0115],[-95.5927,72.6994],[-95.1357,72.4634],[-95.1453,71.9659],[-94.0878,72.0635],[-93.4642,72.4634],[-93.7932,72.6931],[-93.4032,72.7943],[-92.3849,72.7099],[-91.8577,72.848],[-91.1758,73.3542],[-90.5107,73.6979],[-90.291,73.9233]]],[[[-103.6384,75.1995],[-103.8205,75.3667],[-104.4032,75.4326],[-104.9065,75.1241],[-104.2295,75.0189],[-103.6384,75.1995]]],[[[-93.4369,74.9443],[-93.4994,75.268],[-94.3939,75.6042],[-94.8995,75.6447],[-95.7915,75.501],[-96.6046,75.0648],[-95.8976,74.8259],[-95.3054,74.8055],[-94.7242,74.6318],[-93.6077,74.6542],[-93.4369,74.9443]]],[[[-103.8114,76.0336],[-102.8376,76.0806],[-102.7266,76.3156],[-104.312,76.2124],[-103.8114,76.0336]]],[[[-104.398,76.4687],[-104.3777,76.3249],[-103.3363,76.3317],[-103.0226,76.4156],[-103.883,76.5779],[-104.398,76.4687]]],[[[-97.4249,75.5197],[-97.5702,75.8652],[-97.5004,76.1573],[-97.6651,76.4862],[-98.508,76.6369],[-100.2696,76.6496],[-100.963,76.4803],[-102.0351,76.4128],[-102.1028,76.2208],[-101.5895,75.9245],[-102.2623,75.8698],[-102.7761,75.545],[-102.0638,75.5477],[-100.2233,75.6667],[-100.6758,75.3365],[-100.2523,75.263],[-100.3302,75.0141],[-99.6454,74.976],[-98.035,75.0263],[-97.6849,75.1702],[-98.1167,75.298],[-97.9237,75.5196],[-97.4249,75.5197]]],[[[-110.0037,76.4862],[-110.3972,76.3967],[-110.0037,76.2264],[-109.4333,76.0036],[-110.0037,75.9114],[-109.102,75.7501],[-108.8964,75.4924],[-110.0037,75.5447],[-111.2743,75.5272],[-111.3614,75.7152],[-112.4325,76.1708],[-112.9942,76.2733],[-113.963,76.1906],[-114.2059,76.471],[-115.5123,76.4562],[-115.8411,76.185],[-116.5262,76.1601],[-116.7081,75.8996],[-117.6749,75.2932],[-117.5101,75.2011],[-115.7154,74.9704],[-114.9585,74.9705],[-113.8866,75.0582],[-111.0279,75.1772],[-111.5555,75.0126],[-112.7978,74.9851],[-114.4398,74.6837],[-113.693,74.4445],[-112.4374,74.4135],[-111.001,74.6164],[-110.0037,74.8526],[-109.5819,74.8581],[-108.8242,75.0715],[-108.4166,74.9171],[-107.6863,74.9822],[-107.0052,74.9238],[-106.0089,75.0566],[-105.3905,75.6597],[-105.7599,75.9902],[-106.6068,76.0616],[-107.0461,75.889],[-107.8576,76.0659],[-108.0809,76.2869],[-108.6159,76.4235],[-108.4508,76.7326],[-109.1844,76.8219],[-110.0037,76.4862]]],[[[-79.5602,74.9915],[-79.501,75.3919],[-81.1131,75.7791],[-82.331,75.8436],[-83.089,75.7403],[-83.9181,75.8145],[-85.2991,75.5749],[-86.0104,75.5359],[-86.1964,75.4154],[-87.1115,75.5948],[-88.2454,75.4784],[-88.5799,75.6585],[-90.1882,76.0678],[-89.3801,76.1845],[-89.2976,76.3005],[-90.4478,76.4113],[-90.5717,76.564],[-91.4411,76.6937],[-92.693,76.596],[-93.7009,76.921],[-95.7707,77.0767],[-96.8511,76.9296],[-95.8233,76.3991],[-94.8481,76.2692],[-93.5911,76.2997],[-93.1283,76.3702],[-92.1846,75.8949],[-92.0044,75.6016],[-92.3,75.5125],[-92.504,75.218],[-92.0611,74.9628],[-92.0185,74.7775],[-91.6208,74.7116],[-90.8941,74.7609],[-90.7013,74.6461],[-89.9486,74.5328],[-89.1474,74.6079],[-88.5178,74.5012],[-87.6436,74.4583],[-84.2583,74.5065],[-83.4935,74.5778],[-81.7887,74.4584],[-81.3202,74.5618],[-80.5419,74.5635],[-80.2454,74.7587],[-79.3952,74.8763],[-79.5602,74.9915]]],[[[-89.6613,77.3564],[-90.3041,77.6294],[-91.1687,77.6175],[-91.1996,77.4079],[-90.0939,77.2041],[-89.6613,77.3564]]],[[[-104.3945,77.1925],[-104.4213,77.3079],[-105.503,77.7211],[-105.765,77.4662],[-105.5363,77.3044],[-104.754,77.1112],[-104.3945,77.1925]]],[[[-93.252,77.6444],[-93.608,77.7815],[-95.5065,77.8107],[-96.2355,77.7055],[-95.9876,77.4791],[-93.4784,77.4881],[-93.252,77.6444]]],[[[-110.0037,78.6869],[-110.4269,78.7663],[-113.2142,78.4066],[-112.1755,78.3774],[-111.7785,78.2702],[-110.0037,78.329],[-109.3389,78.3547],[-109.3467,78.5353],[-110.0037,78.6869]]],[[[-96.9103,77.7952],[-96.6322,77.8774],[-95.0607,77.9726],[-94.8893,78.1093],[-95.3699,78.2468],[-94.8279,78.3637],[-96.5431,78.6856],[-97.451,78.7971],[-98.3559,78.7739],[-98.3597,78.4517],[-97.7668,78.247],[-97.7423,78.0423],[-96.9935,77.9249],[-96.9103,77.7952]]],[[[-105.6068,79.1036],[-104.9534,79.0539],[-103.384,78.7746],[-103.4972,78.5065],[-104.641,78.5834],[-104.8196,78.3616],[-103.9465,78.2428],[-102.7441,78.3806],[-101.036,78.1992],[-100.61,77.864],[-99.9386,77.7829],[-99.0172,77.8938],[-99.0445,78.0819],[-99.8027,78.3085],[-99.5579,78.5987],[-101.6484,79.081],[-102.6072,79.0765],[-103.1209,79.2907],[-103.7216,79.3633],[-105.449,79.2695],[-105.6068,79.1036]]],[[[-100.1522,79.998],[-99.3001,79.7594],[-98.6514,79.7922],[-98.8738,80.0838],[-99.7794,80.1508],[-100.1522,79.998]]],[[[-96.6231,80.0443],[-96.5427,79.8484],[-95.6115,79.559],[-95.646,79.3943],[-92.5804,79.3848],[-92.6273,79.2454],[-94.2716,78.9682],[-92.9527,78.4367],[-92.1163,78.227],[-90.8841,78.1446],[-89.7135,78.2261],[-88.77,78.1855],[-88.5512,78.4328],[-88.0421,78.4793],[-87.8588,78.6927],[-84.9186,79.296],[-85.5638,79.5798],[-87.1887,79.6278],[-86.9713,79.8816],[-87.5756,80.1796],[-87.7006,80.4126],[-89.3249,80.5368],[-90.6392,80.5685],[-92.2369,81.2563],[-93.2172,81.2145],[-95.2318,81.0153],[-95.4997,80.808],[-94.3754,80.6174],[-96.027,80.5839],[-96.3216,80.2616],[-94.8457,80.0454],[-96.6231,80.0443]]],[[[-61.0855,82.3312],[-61.5789,82.4889],[-63.0655,82.5373],[-63.4471,82.8267],[-65.8516,82.8424],[-69.4834,83.0456],[-69.6875,83.1165],[-72.5916,83.1024],[-74.2,83.0021],[-76.1355,83.0537],[-78.4206,82.8723],[-79.3405,82.9755],[-81.5762,82.7912],[-82.7116,82.3815],[-85.7619,82.4675],[-85.3506,82.2903],[-86.848,82.2206],[-86.9648,82.0515],[-88.6807,82.0584],[-91.7085,81.7344],[-91.9492,81.6323],[-90.8336,81.4643],[-89.8262,81.013],[-86.5219,81.1252],[-86.6992,81.0054],[-88.4132,80.9988],[-89.3864,80.8789],[-88.1011,80.6808],[-86.1178,80.5368],[-84.397,80.51],[-82.9131,80.5394],[-81.2171,80.6277],[-79.6145,80.8276],[-80.3523,80.4726],[-83.1592,80.3354],[-83.7879,80.2509],[-86.4377,80.32],[-86.6431,80.1532],[-86.4499,79.7542],[-85.3216,79.6797],[-84.4866,79.4127],[-84.3296,79.1924],[-85.7573,78.8317],[-86.6099,78.8093],[-87.4825,78.452],[-87.4879,78.1272],[-86.2277,78.0621],[-85.1895,77.7983],[-85.2825,77.6597],[-84.617,77.3837],[-85.4023,77.4007],[-86.2156,77.7933],[-87.192,77.9045],[-88.181,77.8015],[-88.1883,77.6404],[-87.6812,77.3534],[-87.1326,77.2136],[-87.4746,77.1114],[-88.2936,77.1363],[-89.5372,76.8568],[-89.6567,76.5654],[-89.1702,76.4242],[-87.6299,76.3356],[-86.2174,76.375],[-85.2491,76.3161],[-84.235,76.4468],[-82.8009,76.39],[-81.9353,76.495],[-80.7725,76.42],[-81.0952,76.2186],[-80.6672,76.164],[-78.1413,76.5272],[-77.7162,76.822],[-78.0908,77.0228],[-78.8675,76.9244],[-79.4324,77.2386],[-78.2891,77.3776],[-77.7368,77.6008],[-77.9807,77.8167],[-76.8807,77.905],[-75.5819,78.113],[-75.1077,78.3755],[-74.7738,78.8348],[-75.7443,78.8972],[-74.4687,79.2272],[-75.028,79.3733],[-73.1278,79.5592],[-71.1424,79.7895],[-70.2108,80.1882],[-69.3742,80.3974],[-68.2794,80.7599],[-66.6721,81.0399],[-65.9889,81.2283],[-64.6921,81.3908],[-64.5461,81.5504],[-66.6541,81.4999],[-65.3612,81.7344],[-64.3726,81.725],[-62.2576,82.0235],[-61.0855,82.3312]]],[[[-80.7593,52.9192],[-81.1228,53.2022],[-81.4244,53.2288],[-81.8828,53.1799],[-82.0627,53.0228],[-81.0268,52.7526],[-80.6696,52.742],[-80.7593,52.9192]]],[[[-79.5459,56.0438],[-79.4693,55.8794],[-79.0426,56.3659],[-79.235,56.5515],[-79.4093,56.2329],[-79.7372,56.1614],[-80.0257,55.9003],[-79.8671,55.8435],[-79.5459,56.0438]]],[[[-52.6288,47.5267],[-52.7042,47.756],[-53.1138,47.4306],[-53.2436,47.5926],[-53.0536,47.9326],[-53.2765,48.0164],[-53.6051,47.5394],[-53.8468,47.7068],[-53.6216,48.005],[-53.6395,48.1693],[-53.0585,48.4359],[-52.9829,48.6042],[-53.4142,48.6238],[-53.5215,48.4622],[-53.7745,48.5508],[-53.9239,48.9177],[-53.609,49.0437],[-53.4537,49.2422],[-54.0411,49.4809],[-54.7429,49.3198],[-55.2229,49.2646],[-55.1557,49.5493],[-55.5824,49.4724],[-55.9386,49.6097],[-55.7226,49.9312],[-56.1488,50.1557],[-56.7253,49.6903],[-56.7388,50.0268],[-55.8731,50.9173],[-55.7191,51.1843],[-55.4919,51.3884],[-55.5141,51.6039],[-56.1062,51.529],[-56.7202,51.3193],[-56.9772,50.8815],[-57.4569,50.4831],[-57.6102,50.1657],[-57.9398,49.7053],[-57.9261,49.5893],[-58.1859,49.4427],[-58.1362,49.0949],[-58.4433,49.0568],[-58.6666,48.7258],[-58.7032,48.5545],[-58.5362,48.4536],[-59.3988,47.8803],[-59.3011,47.6142],[-59.1116,47.5608],[-58.0978,47.6952],[-57.3297,47.6328],[-56.7775,47.5334],[-56.672,47.6267],[-56.235,47.632],[-55.9685,47.7598],[-55.7742,47.4578],[-55.4378,47.4714],[-55.3759,47.6865],[-55.0722,47.5974],[-55.3013,47.2676],[-55.4872,47.1403],[-55.8699,47.0751],[-55.8513,46.871],[-55.2509,46.9189],[-54.8661,47.3796],[-54.4584,47.4994],[-54.141,47.8358],[-54.0133,47.8072],[-53.8859,47.5275],[-53.9106,47.3727],[-54.1505,47.0053],[-54.0504,46.8081],[-53.5726,47.1621],[-53.6229,46.6558],[-53.3738,46.7348],[-53.2113,46.6353],[-52.9413,46.7913],[-52.7856,47.3115],[-52.6288,47.5267]]],[[[-60.0809,45.7924],[-59.862,45.9357],[-59.8822,46.1767],[-60.351,46.3121],[-60.6213,46.101],[-60.7301,45.7139],[-60.9819,45.8207],[-60.4269,46.284],[-60.5094,46.3685],[-60.3505,46.6159],[-60.3108,46.8544],[-60.6033,47.0336],[-60.8692,46.8],[-61.0948,46.4539],[-61.5411,46.0405],[-61.4553,45.7099],[-61.3349,45.5662],[-61.0097,45.6081],[-60.7269,45.5656],[-60.3954,45.6425],[-60.0809,45.7924]]],[[[-115.3236,73.5087],[-116.867,74.0876],[-117.4165,74.2325],[-118.066,74.2807],[-118.7254,74.2208],[-120.1566,74.279],[-121.5808,74.5559],[-122.6232,74.4631],[-124.7557,74.3486],[-124.1453,73.8511],[-123.7738,73.7656],[-124.4453,73.4193],[-124.8599,73.0903],[-124.4904,72.9251],[-125.0384,72.8325],[-124.9455,72.703],[-125.7521,72.1477],[-125.7904,71.9492],[-125.2323,71.9413],[-124.0646,71.7004],[-123.0999,71.0846],[-122.1561,71.2612],[-121.7006,71.4681],[-121.4232,71.3803],[-120.6352,71.4914],[-120.3834,71.7015],[-120.434,71.9643],[-120.1967,72.217],[-119.3402,72.3467],[-119.1639,72.6298],[-117.2155,73.0661],[-116.4591,73.2612],[-115.7538,73.3575],[-115.3236,73.5087]]],[[[-117.7847,75.8965],[-118.6212,75.9221],[-119.409,75.6016],[-118.6139,75.5037],[-117.9325,75.7398],[-117.7847,75.8965]]],[[[-119.3175,76.1999],[-118.007,76.4025],[-117.3524,76.2596],[-116.9343,76.3558],[-117.0748,76.5261],[-115.8928,76.6984],[-115.8314,76.9728],[-116.2472,77.196],[-115.4042,77.3184],[-116.4067,77.5624],[-117.2311,77.2857],[-117.8524,77.3904],[-118.8205,77.361],[-120.0911,77.0056],[-120.368,76.8145],[-121.2043,76.6782],[-121.5536,76.437],[-122.3806,76.4085],[-122.8617,76.1824],[-121.4368,75.9443],[-120.7174,76.0268],[-120.489,75.8471],[-119.8629,75.8591],[-119.3175,76.1999]]],[[[-113.6863,77.8666],[-114.1146,78.0004],[-115.1182,77.9597],[-114.3007,77.7133],[-113.6863,77.8666]]],[[[-110.0037,78.0993],[-112.2709,78.0153],[-113.2413,77.905],[-113.1996,77.5277],[-112.1092,77.3258],[-110.2354,77.5042],[-110.0037,77.9314],[-110.0037,78.0993]]],[[[-62.004,46.4641],[-62.5169,46.4758],[-63.1947,46.4311],[-63.8336,46.6124],[-64.2313,46.9033],[-64.4168,46.6828],[-64.108,46.5444],[-63.6278,46.2238],[-63.2334,46.1455],[-62.9974,46.1793],[-62.7774,45.9643],[-62.5452,45.9718],[-62.5764,46.239],[-62.004,46.4641]]]]},"properties":{"iso":"CAN","name":"Canadá"}},{"type":"Feature","geometry":{"type":"Polygon","coordinates":[[[8.56,4.76],[8.9,4.44],[9,4.09],[9.43,3.92],[9.67,3.54],[9.88,3.31],[9.95,3.08],[9.89,2.92],[9.8,2.3],[9.98,2.17],[11.33,2.17],[11.35,2.3],[12.36,2.3],[12.87,2.25],[13.22,2.26],[13.29,2.16],[14.48,2.15],[14.58,2.2],[14.9,2.01],[15.2,2.02],[15.34,1.94],[15.74,1.91],[16.06,1.68],[16.14,1.72],[16.08,2.11],[16.18,2.27],[16.11,2.47],[16.06,2.91],[15.78,3.13],[15.13,3.83],[15.14,4.07],[15.02,4.36],[14.71,4.67],[14.64,5.18],[14.62,5.87],[14.43,6.04],[14.74,6.28],[15.03,6.78],[15.25,7.26],[15.48,7.52],[15.55,7.79],[15.44,7.85],[15.12,8.56],[14.33,9.2],[14,9.59],[13.98,9.69],[14.24,9.98],[14.84,9.94],[15.19,9.98],[15.54,9.96],[15.53,10.09],[15.28,10.36],[15.07,10.85],[15.03,11.11],[15.12,11.54],[15.08,11.85],[14.88,12.27],[14.76,12.66],[14.54,12.82],[14.52,12.98],[14.06,13.08],[14.2,12.38],[14.52,12.3],[14.63,12.11],[14.56,11.49],[14.2,11.27],[13.89,11.14],[13.54,10.61],[13.41,10.17],[13.27,10.04],[13.18,9.54],[12.93,9.43],[12.81,8.89],[12.58,8.62],[12.4,8.6],[12.23,8.28],[12.02,7.59],[11.77,7.27],[11.86,7.12],[11.58,6.89],[11.55,6.7],[11.32,6.48],[11.15,6.44],[11.03,6.7],[10.61,7.06],[10.48,6.89],[10.21,6.89],[10.14,7],[9.78,6.76],[9.66,6.53],[9.37,6.32],[9.06,6.01],[8.94,5.78],[8.8,5.2],[8.56,4.76]]]},"properties":{"iso":"CMR","name":"Camarões"}},{"type":"Feature","geometry":{"type":"Polygon","coordinates":[[[107.52,14.71],[107.11,14.42],[106.82,14.31],[106.5,14.58],[106.35,14.45],[105.98,14.34],[106.12,14.05],[105.9,13.92],[105.53,14.16],[105.35,14.11],[105.18,14.35],[104.78,14.43],[104.41,14.37],[103.82,14.36],[103.6,14.42],[103.2,14.33],[102.91,14.14],[102.73,13.84],[102.32,13.54],[102.33,13.29],[102.46,13.02],[102.5,12.67],[102.76,12.43],[102.74,12.09],[102.93,11.71],[103.13,11.46],[103.09,11.21],[103.15,10.91],[103.35,10.92],[103.53,11.15],[103.72,10.89],[103.53,10.6],[103.66,10.51],[103.94,10.59],[104.26,10.54],[104.43,10.41],[104.56,10.52],[104.85,10.53],[105.06,10.73],[105.39,10.94],[105.76,10.99],[106.1,10.8],[106.17,11.01],[105.86,11.29],[105.85,11.64],[106.01,11.76],[106.34,11.68],[106.41,11.95],[106.93,12.08],[107.16,12.28],[107.51,12.36],[107.56,12.54],[107.48,13.03],[107.61,13.44],[107.33,14.13],[107.36,14.37],[107.52,14.71]]]},"properties":{"iso":"KHM","name":"Camboja"}},{"type":"Feature","geometry":{"type":"Polygon","coordinates":[[[100.12,20.32],[100.25,20.73],[100.57,20.83],[100.54,20.99],[100.76,21.31],[101.14,21.57],[101.12,21.75],[100.84,21.66],[100.53,21.46],[100.21,21.46],[99.93,21.82],[99.92,22.03],[99.19,22.13],[99.34,22.5],[99.39,22.83],[99.51,22.96],[99.34,23.1],[98.86,23.19],[98.83,23.62],[98.68,23.84],[98.76,24.12],[98.21,24.11],[97.69,23.9],[97.67,24.38],[97.53,24.49],[97.58,24.77],[97.72,24.84],[97.82,25.25],[98.01,25.29],[98.17,25.59],[98.33,25.59],[98.65,25.92],[98.73,26.58],[98.65,27.57],[98.5,27.65],[98.3,27.55],[98.1,28.14],[97.86,28.36],[97.54,28.51],[97.32,28.22],[97.34,27.94],[96.9,27.64],[96.88,27.18],[96.67,27.34],[96.06,27.22],[95.91,27.05],[95.46,26.76],[95.13,26.6],[95.06,26.47],[95.13,26.04],[94.99,25.77],[94.62,25.41],[94.55,25.24],[94.71,25.05],[94.58,24.77],[94.29,24.32],[94.13,23.88],[93.68,24.01],[93.31,24.02],[93.41,23.68],[93.37,23.13],[93.08,22.72],[93.16,22.36],[92.96,22],[92.69,22.13],[92.57,21.98],[92.59,21.47],[92.33,21.44],[92.18,21.29],[92.32,20.79],[92.61,20.47],[92.74,20.56],[92.89,20.34],[92.79,20.21],[93,20.07],[93.36,20.06],[93.58,19.91],[93.61,19.78],[94,19.44],[93.82,19.24],[93.49,19.37],[93.71,19.03],[94.07,18.89],[94.25,18.61],[94.43,18.2],[94.59,17.57],[94.35,16.64],[94.27,16.52],[94.21,16.13],[94.3,16.01],[94.59,16.29],[94.68,16.13],[94.66,15.9],[94.89,15.98],[94.94,15.82],[95.18,15.83],[95.39,15.72],[95.68,15.98],[95.76,16.17],[96.01,16.25],[96.62,16.56],[96.81,16.78],[96.97,17.32],[97.18,17.06],[97.38,16.52],[97.62,16.54],[97.58,16.02],[97.71,15.88],[97.81,14.86],[98.1,14.16],[98.11,13.71],[98.25,13.73],[98.58,13.16],[98.7,12.23],[98.64,11.74],[98.74,11.59],[98.74,11.24],[98.68,10.99],[98.46,10.68],[98.52,10.35],[98.7,10.19],[98.76,10.66],[99.19,11.11],[99.61,11.78],[99.46,12.19],[99.41,12.55],[99.22,12.74],[99.11,13.1],[99.18,13.23],[99.14,13.72],[98.93,14.05],[98.57,14.36],[98.25,14.81],[98.19,15.2],[98.57,15.4],[98.59,16.05],[98.82,16.18],[98.69,16.31],[98.48,16.73],[98.44,16.98],[97.79,17.68],[97.72,18.04],[97.48,18.49],[97.75,18.62],[97.71,18.93],[97.8,19.13],[97.82,19.46],[98.11,19.76],[98.24,19.69],[98.92,19.77],[99.02,20.04],[99.34,20.08],[99.64,20.32],[99.89,20.42],[100.12,20.32]]]},"properties":{"iso":"MMR","name":"Myanmar"}},{"type":"Feature","geometry":{"type":"Polygon","coordinates":[[[30.55,-2.4],[30.41,-2.31],[30.14,-2.41],[29.93,-2.34],[29.87,-2.72],[29.7,-2.79],[29.39,-2.81],[29.3,-2.67],[29.01,-2.72],[29.22,-3.05],[29.22,-3.91],[29.33,-4.1],[29.4,-4.45],[29.72,-4.46],[29.95,-4.31],[30.15,-4.09],[30.43,-3.59],[30.79,-3.27],[30.78,-2.98],[30.52,-2.92],[30.42,-2.64],[30.55,-2.4]]]},"properties":{"iso":"BDI","name":"Burundi"}},{"type":"Feature","geometry":{"type":"Polygon","coordinates":[[[0.9,10.99],[1.06,11.06],[1.15,11.25],[1.43,11.45],[1.98,11.42],[2.29,11.69],[2.39,11.9],[2.09,12.28],[2.21,12.54],[2.07,12.71],[1.79,12.61],[1.56,12.64],[0.99,13.04],[0.98,13.55],[0.62,13.7],[0.43,13.97],[0.38,14.25],[0.16,14.5],[0.22,14.91],[-0.24,15.06],[-0.76,15.05],[-1.05,14.82],[-1.77,14.49],[-1.97,14.46],[-2.11,14.17],[-2.46,14.27],[-2.59,14.23],[-2.87,13.95],[-2.92,13.68],[-3.2,13.67],[-3.3,13.28],[-3.58,13.19],[-3.85,13.37],[-4.05,13.38],[-4.33,13.12],[-4.23,12.79],[-4.48,12.67],[-4.43,12.34],[-4.8,12.03],[-5.11,11.97],[-5.29,11.83],[-5.23,11.52],[-5.3,11.21],[-5.49,11.04],[-5.46,10.77],[-5.52,10.43],[-5.1,10.24],[-4.97,9.93],[-4.63,9.71],[-4.33,9.65],[-4.27,9.74],[-3.88,9.89],[-3.22,9.9],[-2.99,9.69],[-2.82,9.43],[-2.7,9.48],[-2.77,9.66],[-2.79,10.4],[-2.91,10.59],[-2.83,11],[-0.7,10.99],[-0.65,10.93],[-0.3,11.17],[-0.07,11.12],[0.48,10.99],[0.9,10.99]]]},"properties":{"iso":"BFA","name":"Burkina Faso"}},{"type":"Feature","geometry":{"type":"Polygon","coordinates":[[[28.01,41.97],[27.71,42.35],[27.48,42.47],[27.89,42.75],[27.93,43.19],[28.13,43.4],[28.47,43.39],[28.59,43.74],[28.05,43.82],[27.88,43.99],[27.43,44.02],[27.09,44.17],[26.22,44.01],[25.82,43.77],[25.5,43.67],[24.43,43.79],[24.23,43.76],[23.22,43.87],[23.03,44.08],[22.71,44.24],[22.42,44.01],[22.39,43.71],[22.55,43.45],[22.98,43.19],[22.71,42.88],[22.47,42.84],[22.52,42.44],[22.34,42.31],[22.84,41.99],[23.01,41.72],[22.92,41.34],[23.64,41.39],[24.06,41.53],[24.52,41.55],[24.6,41.44],[25.25,41.24],[26.16,41.43],[26.07,41.67],[26.32,41.72],[26.62,41.96],[27.29,42.08],[27.53,41.92],[28.01,41.97]]]},"properties":{"iso":"BGR","name":"Bulgária"}},{"type":"Feature","geometry":{"type":"MultiPolygon","coordinates":[[[[115.14,4.9],[115.03,4.9],[115.11,4.39],[115.27,4.63],[115.14,4.9]]],[[[115.03,4.9],[115,5.02],[114.3,4.61],[114.06,4.59],[114.22,4.48],[114.61,4.02],[114.78,4.17],[114.84,4.39],[114.75,4.72],[115.03,4.9]]]]},"properties":{"iso":"BRN","name":"Brunei"}},{"type":"Feature","geometry":{"type":"Polygon","coordinates":[[[25.26,-17.79],[24.91,-17.82],[24.53,-18.05],[24.36,-17.98],[23.9,-18.23],[23.58,-18.45],[23.3,-18.03],[23.1,-18.01],[22.01,-18.2],[20.97,-18.32],[20.98,-19.74],[20.98,-20.97],[20.97,-22],[19.98,-22],[19.98,-23.1],[19.98,-24.78],[20.35,-25.03],[20.47,-25.22],[20.79,-25.92],[20.82,-26.16],[20.63,-26.44],[20.64,-26.74],[20.74,-26.85],[21.65,-26.85],[21.83,-26.68],[22.09,-26.58],[22.22,-26.39],[22.64,-26.07],[22.88,-25.46],[23.02,-25.32],[23.27,-25.27],[23.52,-25.34],[23.89,-25.6],[24.19,-25.63],[24.33,-25.74],[24.75,-25.82],[25.44,-25.71],[25.58,-25.61],[25.91,-24.75],[26.4,-24.61],[26.84,-24.24],[26.99,-23.7],[27.15,-23.52],[27.89,-23.07],[28.21,-22.69],[28.38,-22.59],[28.84,-22.48],[29.13,-22.21],[29.36,-22.19],[29.11,-22.07],[29.04,-21.81],[28.53,-21.65],[28.05,-21.57],[27.67,-21.06],[27.7,-20.53],[27.28,-20.48],[27.22,-20.15],[26.68,-19.89],[26.17,-19.54],[25.76,-18.65],[25.49,-18.35],[25.22,-17.92],[25.26,-17.79]]]},"properties":{"iso":"BWA","name":"Botsuana"}},{"type":"Feature","geometry":{"type":"Polygon","coordinates":[[[19.01,44.87],[18.66,45.08],[18,45.14],[17.81,45.08],[17.13,45.17],[16.92,45.28],[16.53,45.22],[16.29,45.01],[16.03,45.19],[15.79,45.18],[15.74,44.77],[16.13,44.47],[16.21,44.22],[16.71,43.78],[17.08,43.52],[17.62,43.04],[17.59,42.94],[17.67,42.9],[18.44,42.56],[18.54,42.67],[18.44,42.97],[18.94,43.5],[19.19,43.53],[19.49,43.7],[19.26,43.94],[19.58,44.04],[19.15,44.3],[19.15,44.53],[19.36,44.86],[19.01,44.87]]]},"properties":{"iso":"BIH","name":"Bósnia e Herzegovina"}},{"type":"Feature","geometry":{"type":"Polygon","coordinates":[[[-69.0823,-18.0391],[-69.1554,-18.1402],[-69.0344,-18.4783],[-68.9546,-18.857],[-68.9896,-18.9465],[-68.6633,-19.2736],[-68.4932,-19.377],[-68.5767,-19.5646],[-68.6984,-19.7463],[-68.5535,-19.8579],[-68.5883,-20.0556],[-68.7755,-20.0897],[-68.6785,-20.3286],[-68.6855,-20.5168],[-68.4816,-20.643],[-68.5728,-20.7429],[-68.5316,-20.9277],[-68.4163,-20.9598],[-68.2075,-21.2843],[-68.1984,-21.5719],[-68.0962,-21.954],[-67.9902,-22.0576],[-67.8587,-22.5668],[-67.8763,-22.8336],[-67.5471,-22.8925],[-67.1939,-22.8222],[-67.0377,-22.6546],[-67.0327,-22.5246],[-66.7965,-22.4349],[-66.7359,-22.2251],[-66.3775,-22.1271],[-66.24,-21.7924],[-66.0945,-21.8329],[-65.7446,-22.114],[-65.1905,-22.0985],[-65.0204,-22.0966],[-64.5869,-22.2128],[-64.572,-22.3432],[-64.294,-22.6909],[-63.9476,-22.0076],[-62.8044,-22.0041],[-62.6504,-22.2345],[-62.2757,-21.0666],[-62.2719,-21.0004],[-62.2773,-20.5798],[-62.2106,-20.4713],[-61.9247,-20.0651],[-61.7612,-19.6578],[-60.0064,-19.2981],[-59.0895,-19.2867],[-58.1753,-19.8214],[-58.1588,-20.1651],[-57.8597,-19.9801],[-58.1246,-19.7299],[-57.789,-19.0592],[-57.7823,-18.9104],[-57.5511,-18.1836],[-57.7301,-17.8461],[-57.7908,-17.5558],[-58.0102,-17.4968],[-58.3812,-17.2672],[-58.4803,-16.6837],[-58.3561,-16.5095],[-58.4647,-16.3312],[-60.1298,-16.2731],[-60.1798,-16.222],[-60.238,-15.5027],[-60.5295,-15.1437],[-60.275,-15.0951],[-60.2917,-14.6301],[-60.4735,-14.1172],[-60.3897,-13.9749],[-60.4653,-13.8166],[-60.8967,-13.5529],[-61.3477,-13.4937],[-61.5931,-13.5068],[-61.8686,-13.4639],[-62.2216,-13.1213],[-62.8074,-12.9889],[-62.9753,-12.8529],[-63.075,-12.6527],[-63.2473,-12.7013],[-63.4961,-12.5533],[-63.8014,-12.4549],[-63.9212,-12.5443],[-64.3957,-12.4573],[-64.4691,-12.2611],[-64.7163,-12.1465],[-64.7925,-12.0325],[-64.9974,-11.9963],[-65.0656,-11.7531],[-65.353,-11.3906],[-65.303,-10.9907],[-65.4047,-10.7992],[-65.45,-10.4681],[-65.3946,-10.3921],[-65.2881,-10.2162],[-65.3044,-9.8257],[-65.4518,-9.6814],[-65.584,-9.8372],[-65.7886,-9.733],[-66.6319,-9.9043],[-67.0643,-10.2569],[-67.3378,-10.3261],[-67.5846,-10.5018],[-67.7558,-10.7142],[-67.8626,-10.6588],[-68.0979,-10.6977],[-68.2933,-10.979],[-68.6157,-11.1125],[-68.787,-11.126],[-68.884,-11.0164],[-69.3959,-10.935],[-69.5776,-10.9523],[-68.6895,-12.4934],[-68.981,-12.8679],[-68.9739,-13.0318],[-68.983,-13.9722],[-68.8837,-14.2115],[-68.9903,-14.379],[-69.2475,-14.5937],[-69.3907,-14.9644],[-69.1481,-15.2333],[-69.2912,-15.3508],[-69.4243,-15.6563],[-69.2196,-16.1528],[-68.8436,-16.302],[-69.0017,-16.4228],[-69.0371,-16.6702],[-69.1917,-16.743],[-69.4274,-17.0869],[-69.6644,-17.2886],[-69.5101,-17.5066],[-69.3342,-17.8058],[-69.3024,-17.9762],[-69.0823,-18.0391]]]},"properties":{"iso":"BOL","name":"Bolívia"}},{"type":"Feature","geometry":{"type":"Polygon","coordinates":[[[91.63,27.76],[91.61,27.95],[91.23,28.07],[91.08,27.97],[90.72,28.07],[90.35,28.08],[90.35,28.24],[89.98,28.31],[89.54,28.11],[88.95,27.46],[88.89,27.32],[88.74,27.18],[88.86,26.96],[89.15,26.82],[89.33,26.85],[89.76,26.7],[90.12,26.75],[90.35,26.89],[90.74,26.77],[91.29,26.79],[91.43,26.87],[91.67,26.8],[92,26.85],[92.08,27.29],[91.99,27.45],[91.74,27.44],[91.59,27.56],[91.63,27.76]]]},"properties":{"iso":"BTN","name":"Butão"}},{"type":"Feature","geometry":{"type":"Polygon","coordinates":[[[1.62,6.22],[2.71,6.37],[2.77,6.71],[2.72,6.98],[2.75,7.4],[2.69,7.87],[2.73,8.78],[2.77,9.05],[3.04,9.08],[3.14,9.45],[3.33,9.78],[3.56,9.91],[3.65,10.16],[3.58,10.27],[3.83,10.61],[3.72,11.08],[3.49,11.4],[3.6,11.7],[3.36,11.88],[2.88,12.37],[2.37,12.22],[2.39,11.9],[2.29,11.69],[1.98,11.42],[1.43,11.45],[1.15,11.25],[1.06,11.06],[0.9,10.99],[0.79,10.71],[0.78,10.36],[1.33,10],[1.35,9.57],[1.42,9.29],[1.6,9.05],[1.62,8.27],[1.62,7],[1.58,6.69],[1.78,6.29],[1.62,6.22]]]},"properties":{"iso":"BEN","name":"Benim"}},{"type":"Feature","geometry":{"type":"Polygon","coordinates":[[[-89.1931,16.3926],[-89.236,15.9065],[-88.914,15.8939],[-88.9276,15.9839],[-88.536,16.2741],[-88.3901,16.4977],[-88.3062,16.6529],[-88.2894,17.1358],[-88.2308,17.4965],[-88.2833,17.5803],[-88.1669,17.9599],[-88.0915,18.1184],[-88.3038,18.4814],[-88.4892,18.4845],[-88.6141,18.247],[-88.8803,17.8885],[-89.1463,17.9515],[-89.1605,17.8143],[-89.1507,17.321],[-89.1931,16.3926]]]},"properties":{"iso":"BLZ","name":"Belize"}},{"type":"Feature","geometry":{"type":"Polygon","coordinates":[[[4.23,51.39],[3.9,51.21],[3.35,51.38],[2.52,51.1],[2.6,50.88],[2.84,50.71],[3.11,50.78],[3.27,50.53],[3.75,50.34],[4.17,50.25],[4.18,49.96],[4.66,50],[4.87,49.79],[5.28,49.68],[5.51,49.51],[5.79,49.54],[5.88,49.64],[5.74,49.92],[6.12,50.12],[6.36,50.32],[6.24,50.6],[5.99,50.75],[5.69,50.77],[5.83,51.13],[5.51,51.28],[4.5,51.47],[4.23,51.39]]]},"properties":{"iso":"BEL","name":"Bélgica"}},{"type":"Feature","geometry":{"type":"Polygon","coordinates":[[[31.76,52.1],[31.58,52.31],[31.54,52.8],[31.26,53.02],[31.42,53.2],[32.14,53.09],[32.7,53.34],[32.2,53.78],[31.75,53.81],[31.79,54.06],[31.4,54.2],[31.12,54.65],[30.8,54.78],[30.98,55.05],[30.81,55.28],[30.91,55.57],[30.23,55.85],[29.94,55.85],[29.48,55.68],[29.38,55.94],[29.09,56.02],[28.79,55.94],[28.56,56.09],[28.15,56.14],[27.9,56.08],[27.58,55.8],[27.05,55.83],[26.59,55.67],[26.46,55.34],[26.18,55],[25.86,54.92],[25.55,54.33],[24.77,53.97],[23.48,53.94],[23.6,53.6],[23.89,53.03],[23.84,52.66],[23.48,52.55],[23.2,52.26],[23.65,52.04],[23.54,51.71],[23.61,51.52],[23.95,51.59],[24.36,51.87],[25.27,51.94],[25.93,51.91],[26.45,51.81],[27.14,51.75],[27.27,51.61],[28.18,51.61],[28.6,51.54],[29.14,51.62],[29.35,51.38],[30.16,51.48],[30.33,51.33],[30.63,51.36],[30.53,51.6],[30.67,51.81],[30.98,52.05],[31.76,52.1]]]},"properties":{"iso":"BLR","name":"Bielorrússia"}},{"type":"Feature","geometry":{"type":"Polygon","coordinates":[[[-59.49,13.08],[-59.43,13.15],[-59.59,13.32],[-59.61,13.1],[-59.49,13.08]]]},"properties":{"iso":"BRB","name":"Barbados"}},{"type":"Feature","geometry":{"type":"Polygon","coordinates":[[[89.05,22.09],[89.09,21.87],[89.23,21.72],[89.57,21.77],[89.81,21.98],[90.09,22.02],[90.16,21.82],[90.59,22.26],[90.6,22.44],[90.44,22.75],[90.47,23.05],[90.63,23.09],[90.95,22.6],[91.15,22.61],[91.48,22.8],[91.69,22.5],[92.01,21.68],[92.06,21.17],[92.32,20.79],[92.18,21.29],[92.33,21.44],[92.59,21.47],[92.57,21.98],[92.49,22.69],[92.36,22.93],[92.33,23.32],[92.25,23.68],[91.93,23.69],[91.94,23.5],[91.75,23.29],[91.77,23.11],[91.62,22.98],[91.32,23.1],[91.16,23.66],[91.37,24.09],[91.88,24.2],[92.06,24.37],[92.25,24.9],[92.05,25.17],[91.48,25.14],[91.29,25.18],[90.44,25.16],[89.81,25.31],[89.82,25.94],[89.29,26.04],[89.11,26.2],[88.44,26.37],[88.15,26.09],[88.08,25.89],[88.45,25.57],[88.77,25.49],[88.89,25.19],[88.46,25.19],[88.31,24.88],[88.15,24.91],[88.02,24.63],[88.15,24.49],[88.64,24.33],[88.73,24.23],[88.57,23.67],[88.74,23.44],[88.72,23.25],[88.85,23.04],[88.92,22.63],[89.05,22.27],[89.05,22.09]]]},"properties":{"iso":"BGD","name":"Bangladesh"}},{"type":"Feature","geometry":{"type":"Polygon","coordinates":[[[50.61,25.88],[50.61,26.12],[50.45,26.19],[50.47,25.97],[50.61,25.88]]]},"properties":{"iso":"BHR","name":"Bahrein"}},{"type":"Feature","geometry":{"type":"MultiPolygon","coordinates":[[[[-73.6471,21.0616],[-73.4926,20.9245],[-73.1298,20.9937],[-73.3982,21.2248],[-73.6471,21.0616]]],[[[-73.1391,22.3633],[-72.755,22.3497],[-73.0631,22.4447],[-73.1391,22.3633]]],[[[-73.9957,22.6575],[-73.9134,22.5945],[-73.8449,22.7202],[-73.9547,22.7202],[-73.9957,22.6575]]],[[[-74.2869,22.7333],[-74.0907,22.6575],[-74.2285,22.8158],[-74.2869,22.7333]]],[[[-75.7982,23.5386],[-75.9822,23.6827],[-75.9877,23.6008],[-75.8734,23.5284],[-75.7982,23.5386]]],[[[-74.8591,22.9803],[-74.8448,23.0001],[-74.9464,23.0937],[-75.0316,23.1234],[-75.0769,23.1717],[-75.0941,23.3053],[-75.1827,23.4464],[-75.1949,23.5141],[-75.2501,23.4902],[-75.1969,23.4101],[-75.1317,23.3558],[-75.1129,23.2813],[-75.1322,23.186],[-75.0751,23.1274],[-74.9905,23.0786],[-74.9244,23.0117],[-74.8591,22.9803]]],[[[-74.9001,23.7065],[-74.8909,23.6647],[-74.7937,23.6713],[-74.8124,23.7197],[-74.9001,23.7065]]],[[[-76.3252,23.974],[-76.319,23.9802],[-76.3768,24.1014],[-76.375,24.0466],[-76.3252,23.974]]],[[[-74.4687,24.0218],[-74.4271,24.0832],[-74.4582,24.1413],[-74.5297,24.1004],[-74.4687,24.0218]]],[[[-77.7418,24.6347],[-77.9866,25.0129],[-78.1577,25.0002],[-78.3351,24.6728],[-78.1344,24.5016],[-78.0633,24.3162],[-77.7187,24.4998],[-77.7418,24.6347]]],[[[-77.8226,23.9802],[-77.643,23.7549],[-77.5175,23.8642],[-77.5495,24.1259],[-77.744,24.0355],[-77.8397,24.2067],[-77.942,24.0969],[-77.8226,23.9802]]],[[[-75.3147,24.2174],[-75.4761,24.3706],[-75.6126,24.5624],[-75.6263,24.645],[-75.7089,24.7002],[-75.7566,24.6603],[-75.6527,24.5884],[-75.5715,24.4888],[-75.534,24.3892],[-75.3358,24.1585],[-75.3147,24.2174]]],[[[-77.48,24.9914],[-77.3795,25.0015],[-77.3261,25.0793],[-77.456,25.077],[-77.48,24.9914]]],[[[-76.314,25.2996],[-76.3683,25.3427],[-76.4609,25.3546],[-76.6246,25.4625],[-76.7298,25.5636],[-76.7128,25.4469],[-76.5912,25.4226],[-76.4896,25.3513],[-76.3716,25.3225],[-76.3326,25.2853],[-76.1649,25.1298],[-76.1703,24.9889],[-76.2109,24.901],[-76.137,24.9022],[-76.1544,24.9814],[-76.1129,25.1149],[-76.314,25.2996]]],[[[-77.8192,25.7076],[-77.8583,25.7773],[-77.8873,25.7814],[-77.8315,25.7087],[-77.8192,25.7076]]],[[[-77.538,26.3066],[-77.5704,26.3327],[-77.5793,26.318],[-77.567,26.291],[-77.538,26.3066]]],[[[-78.5981,26.5314],[-78.4112,26.5942],[-77.9029,26.6816],[-77.9717,26.7296],[-78.2871,26.6855],[-78.4744,26.7128],[-78.5759,26.6948],[-78.638,26.6097],[-78.6464,26.5049],[-78.5981,26.5314]]],[[[-77.2306,26.2851],[-77.3479,26.0706],[-77.1907,25.9163],[-77.1649,26.2454],[-77.0316,26.3553],[-77.0588,26.5294],[-77.328,26.7091],[-77.5113,26.8695],[-77.7745,26.9272],[-77.7546,26.8795],[-77.5175,26.8522],[-77.3754,26.6995],[-77.2301,26.4475],[-77.2306,26.2851]]],[[[-79.2501,25.7747],[-79.2803,25.7572],[-79.267,25.7325],[-79.2432,25.7429],[-79.2501,25.7747]]],[[[-75.7221,22.2026],[-75.7497,22.2045],[-75.7344,22.175],[-75.7147,22.1829],[-75.7221,22.2026]]],[[[-76.7702,25.5513],[-76.7874,25.5419],[-76.7498,25.5396],[-76.7702,25.5513]]],[[[-76.829,25.5317],[-76.8572,25.5239],[-76.8485,25.5168],[-76.829,25.5168],[-76.829,25.5317]]]]},"properties":{"iso":"BHS","name":"Bahamas"}},{"type":"Feature","geometry":{"type":"MultiPolygon","coordinates":[[[[44.82,39.65],[45.14,39.25],[45.48,39.01],[46.11,38.88],[45.77,39.38],[45.75,39.56],[45.46,39.49],[45.03,39.77],[44.77,39.7],[44.82,39.65]]],[[[46.43,41.89],[46.18,41.66],[46.62,41.34],[46.46,41.07],[46.17,41.2],[45.79,41.22],[45.72,41.34],[45.28,41.45],[45,41.29],[45.59,40.85],[45.38,40.64],[45.57,40.42],[45.96,40.23],[45.79,39.88],[46.2,39.59],[46.55,39.2],[46.49,38.91],[46.85,39.15],[47.77,39.65],[48,39.68],[48.32,39.4],[48.14,39.31],[48.24,38.98],[48.02,38.82],[48.42,38.59],[48.59,38.41],[48.87,38.44],[48.85,38.82],[49.01,39.13],[49.2,39.07],[49.36,39.35],[49.32,39.61],[49.55,40.19],[50.31,40.41],[49.99,40.58],[49.78,40.58],[49.23,41.03],[49.11,41.3],[48.57,41.84],[48.39,41.6],[48.06,41.46],[47.86,41.21],[47.26,41.32],[47.21,41.46],[46.75,41.81],[46.43,41.89]]]]},"properties":{"iso":"AZE","name":"Azerbaijão"}},{"type":"Feature","geometry":{"type":"Polygon","coordinates":[[[9.53,47.27],[9.58,47.06],[10,46.89],[10.45,46.86],[11.03,46.8],[11.24,46.98],[12.15,46.94],[12.39,46.7],[13.17,46.57],[13.7,46.52],[14.5,46.42],[15,46.63],[15.96,46.68],[16.09,46.86],[16.45,47.01],[16.43,47.37],[16.62,47.45],[16.75,47.69],[17.07,47.71],[17.15,48.01],[16.87,48.39],[16.95,48.6],[16.48,48.8],[16.06,48.75],[15.31,48.97],[14.97,48.98],[14.92,48.77],[14.69,48.6],[14.05,48.6],[13.81,48.77],[13.79,48.59],[13.49,48.58],[13.41,48.39],[12.81,48.16],[12.95,47.89],[13.01,47.48],[12.69,47.67],[11.72,47.58],[11.3,47.42],[10.98,47.4],[10.87,47.52],[10.43,47.54],[10.31,47.31],[9.75,47.58],[9.52,47.52],[9.53,47.27]]]},"properties":{"iso":"AUT","name":"Áustria"}},{"type":"Feature","geometry":{"type":"MultiPolygon","coordinates":[[[[129.0001,-31.6892],[130.1569,-31.5739],[130.8338,-31.6017],[131.1775,-31.4776],[131.5359,-31.6056],[132.0779,-31.9078],[132.2337,-32.033],[132.4832,-32.0265],[132.5873,-31.9347],[132.798,-31.9563],[133.1478,-32.1967],[133.4118,-32.2114],[133.5862,-32.1031],[133.95,-32.3894],[134.2733,-32.5881],[134.0741,-32.714],[134.2788,-33.1627],[134.6624,-33.2255],[134.814,-33.3528],[134.8499,-33.6384],[135.1898,-33.893],[135.3464,-34.2756],[135.4295,-34.7127],[135.604,-34.8801],[135.7415,-34.861],[135.9368,-34.5346],[136.1248,-34.4529],[136.3694,-34.0734],[136.6074,-33.9029],[137.2249,-33.6533],[137.4522,-33.1401],[137.9024,-32.7875],[138.044,-33.1251],[137.8104,-33.26],[137.9375,-33.5278],[137.6021,-33.8766],[137.4539,-34.164],[137.5127,-34.6178],[137.4461,-34.9174],[137.0306,-34.8998],[136.9534,-35.2839],[137.4035,-35.1242],[137.6714,-35.1808],[137.9104,-34.624],[137.9309,-34.4148],[138.0378,-34.308],[138.2599,-34.4384],[138.5363,-34.7409],[138.4274,-35.3526],[138.1227,-35.5554],[138.1768,-35.6682],[138.5313,-35.6459],[138.9612,-35.4138],[139.0414,-35.6041],[139.4754,-35.8964],[139.8537,-36.6218],[139.8635,-36.7673],[139.672,-36.9534],[139.7415,-37.1808],[139.988,-37.4871],[140.1143,-37.5175],[140.3599,-37.8821],[140.7136,-38.0706],[140.9682,-38.0594],[141.1343,-38.1276],[141.4344,-38.3751],[141.6725,-38.2843],[141.9468,-38.2829],[142.2246,-38.4057],[142.3977,-38.3671],[142.8102,-38.5784],[143.0601,-38.6359],[143.2415,-38.7628],[143.537,-38.8583],[143.8449,-38.6912],[144.0525,-38.4858],[144.4019,-38.3012],[144.6528,-38.2858],[144.5233,-38.0842],[144.9827,-37.8993],[145.1193,-38.1594],[144.8864,-38.4821],[145.0247,-38.4939],[145.2966,-38.2317],[145.4766,-38.2449],[145.4312,-38.4428],[145.5708,-38.6617],[145.8093,-38.6502],[145.9158,-38.8958],[146.2557,-38.7018],[146.4118,-38.7398],[146.8786,-38.6443],[147.5894,-38.0807],[147.9165,-37.9186],[148.3064,-37.8234],[149.479,-37.7859],[149.7871,-37.5528],[149.9721,-37.5103],[150.0195,-37.2209],[149.9038,-36.9284],[150.1423,-36.32],[150.1634,-35.9566],[150.613,-35.1873],[150.7595,-35.1789],[150.7038,-35.1204],[150.9189,-34.4864],[150.9249,-34.3304],[151.169,-34.1101],[151.2925,-33.8918],[151.3431,-33.5483],[151.4242,-33.5278],[151.6706,-33.0611],[151.834,-32.865],[152.1895,-32.7586],[152.2359,-32.607],[152.5216,-32.4275],[152.5101,-32.1619],[152.9345,-31.4828],[152.9806,-31.1659],[153.0879,-30.9267],[152.9878,-30.7346],[153.0505,-30.4733],[153.2038,-30.1292],[153.3216,-29.6975],[153.3403,-29.3227],[153.4538,-29.0356],[153.606,-28.8674],[153.6306,-28.6616],[153.5635,-28.4609],[153.5911,-28.2685],[153.5065,-28.1493],[153.4456,-27.8105],[153.3154,-27.6549],[153.1136,-27.2424],[153.2062,-27.0461],[153.0775,-26.2809],[153.1216,-25.9338],[152.8938,-25.6882],[152.9138,-25.2877],[152.6771,-25.2419],[152.506,-24.9994],[152.4048,-24.7487],[152.1504,-24.6191],[151.9334,-24.211],[151.7804,-24.0226],[151.5806,-24.0575],[151.1872,-23.8041],[151.0274,-23.58],[150.8566,-23.52],[150.7644,-23.1589],[150.8264,-22.6979],[150.7583,-22.4824],[150.5676,-22.3232],[150.513,-22.5354],[150.2156,-22.3948],[150.0536,-22.1415],[149.8308,-22.3886],[149.6086,-22.2443],[149.4354,-21.7897],[149.4783,-21.7184],[149.293,-21.3193],[149.2312,-21.0898],[148.7398,-20.7189],[148.6553,-20.5554],[148.8508,-20.4211],[148.7923,-20.2873],[148.6109,-20.2136],[148.5667,-20.06],[148.2649,-20.0831],[148.2539,-19.9635],[147.8592,-19.8249],[147.6843,-19.8281],[147.5505,-19.5209],[147.4214,-19.4128],[147.1672,-19.4],[146.7463,-19.1728],[146.4465,-19.0597],[146.2766,-18.8743],[146.3394,-18.527],[146.0238,-18.2631],[146.0979,-17.9313],[146.0711,-17.392],[145.7777,-16.8853],[145.4004,-16.4433],[145.4624,-16.0605],[145.3558,-15.9034],[145.3664,-15.7493],[145.2738,-15.5357],[145.3026,-15.2846],[145.2359,-15.1659],[145.2771,-14.947],[144.9417,-14.7263],[144.886,-14.6096],[144.6776,-14.5558],[144.5149,-14.1728],[143.952,-14.499],[143.7827,-14.4023],[143.6873,-14.0143],[143.5344,-13.7657],[143.5946,-13.4358],[143.5266,-13.3298],[143.4972,-12.8565],[143.3651,-12.8049],[143.4339,-12.6131],[143.2529,-12.3889],[143.0772,-12.3288],[143.0863,-12.149],[143.2039,-11.9825],[142.8729,-11.8507],[142.742,-10.975],[142.4486,-10.7145],[142.3234,-10.9016],[142.1746,-10.9301],[142.1318,-11.3381],[141.9476,-11.8962],[141.801,-12.0551],[141.6657,-12.4411],[141.8114,-12.5841],[141.7547,-12.8185],[141.5855,-12.9775],[141.6908,-13.2599],[141.5598,-13.492],[141.4741,-13.7763],[141.584,-14.0761],[141.5217,-14.4838],[141.6657,-15.0114],[141.4871,-15.4789],[141.4017,-15.9036],[141.4248,-16.0817],[141.1995,-16.7031],[140.947,-17.0183],[140.8333,-17.4508],[140.5075,-17.6363],[139.9995,-17.7061],[139.9253,-17.6214],[139.641,-17.5324],[139.4387,-17.3757],[139.2742,-17.3483],[139.0373,-16.9156],[138.6572,-16.7797],[138.4927,-16.7944],[138.1843,-16.6972],[138.0002,-16.5416],[137.7461,-16.2521],[137.3612,-16.1222],[137.0459,-15.9223],[136.7679,-15.9008],[136.6121,-15.7547],[136.2679,-15.545],[136.2401,-15.4241],[135.4696,-14.948],[135.3913,-14.7399],[135.7591,-14.2654],[135.9033,-14.1358],[136.0049,-13.798],[135.8448,-13.6002],[135.8834,-13.3258],[136.3084,-13.1628],[136.4505,-13.2164],[136.6369,-12.9549],[136.4738,-12.7922],[136.6792,-12.6713],[136.7402,-12.4758],[136.9493,-12.3559],[136.8764,-12.2234],[136.6906,-12.2828],[136.4507,-11.9423],[136.18,-12.1878],[136.3639,-12.2564],[136.2527,-12.4411],[136.0232,-12.4557],[136.0261,-12.3115],[135.7393,-11.9415],[135.5353,-12.0806],[135.3029,-12.1283],[135.0702,-12.2599],[134.8611,-12.1266],[134.7686,-11.9477],[134.6047,-12.0495],[134.3822,-12.0427],[134.1322,-11.8864],[133.9431,-11.9137],[133.8025,-11.7149],[133.6221,-11.8333],[133.3467,-11.6882],[133.1411,-11.6746],[132.911,-11.3318],[132.6742,-11.5084],[132.4749,-11.2341],[132.3499,-11.1463],[132.1883,-11.3513],[132.0143,-11.1396],[131.8562,-11.3034],[132.0847,-11.518],[132.3699,-11.435],[132.595,-11.622],[132.6511,-11.8658],[132.6272,-12.0439],[132.0457,-12.3074],[131.9046,-12.2198],[131.4929,-12.2978],[131.3279,-12.1853],[131.0002,-12.1713],[130.7839,-12.435],[130.345,-12.695],[130.3518,-12.8425],[130.1299,-12.9405],[130.1187,-13.1562],[130.2732,-13.3188],[129.9689,-13.5304],[129.8377,-13.5105],[129.8159,-13.762],[129.7175,-14.0156],[129.4959,-14.0891],[129.3581,-14.4088],[129.5852,-14.5663],[129.7241,-14.7907],[129.6118,-14.9426],[129.2214,-14.8435],[129.0001,-14.8682],[128.5324,-14.7529],[128.1958,-15.0568],[128.1753,-14.6984],[127.9056,-14.4975],[127.666,-14.1784],[127.3224,-13.9174],[127.1074,-13.9528],[126.9529,-13.7236],[126.7474,-13.7918],[126.8182,-13.9426],[126.5692,-14.1952],[126.3903,-14.0051],[126.2477,-14.2232],[126.1413,-14.1955],[126.0413,-14.5087],[125.9251,-14.5186],[125.6581,-14.3603],[125.1443,-14.7284],[125.3545,-14.9939],[125.3108,-15.1506],[125.1262,-15.0495],[124.842,-15.1412],[124.6296,-15.505],[124.4033,-15.5593],[124.4043,-15.8748],[124.59,-16.0942],[124.3784,-16.2149],[124.4002,-16.3531],[124.2227,-16.3956],[124.1262,-16.2722],[123.8352,-16.3683],[123.6516,-16.3603],[123.5662,-16.616],[123.6931,-16.7299],[123.8371,-17.1324],[123.6443,-17.1847],[123.5676,-17.362],[123.3997,-17.3293],[123.1509,-16.8077],[122.8864,-16.5123],[122.7588,-16.6044],[122.7043,-16.7867],[122.2761,-17.0893],[122.172,-17.2612],[122.1432,-17.5637],[122.1961,-17.9454],[122.3607,-18.0002],[122.2204,-18.1972],[121.9103,-18.4645],[121.6426,-18.8102],[121.5194,-19.0696],[121.1935,-19.4724],[120.9544,-19.6337],[120.2383,-19.9068],[119.8023,-19.9658],[119.5667,-20.0688],[119.2124,-19.9612],[119.0685,-19.9828],[118.8318,-20.262],[118.3688,-20.3621],[118.1356,-20.3621],[117.8394,-20.6169],[117.3538,-20.7277],[117.0625,-20.6217],[116.8796,-20.7131],[116.7432,-20.6169],[116.4347,-20.8224],[116.2659,-20.8626],[115.9367,-21.059],[115.8062,-21.2354],[115.6027,-21.3435],[115.4546,-21.5138],[115.1052,-21.6652],[114.929,-21.6939],[114.6467,-21.8434],[114.3919,-22.358],[114.1714,-22.3175],[114.0775,-22.1755],[114.1592,-21.7919],[114.0115,-21.86],[113.804,-22.3308],[113.6467,-22.5777],[113.7598,-22.7888],[113.8115,-23.0514],[113.7376,-23.527],[113.5995,-23.634],[113.4597,-23.9103],[113.3853,-24.2491],[113.4395,-24.5328],[113.6043,-24.7283],[113.6106,-24.8928],[113.8024,-25.1718],[113.9284,-25.4498],[114.1553,-25.7897],[114.2586,-25.8419],[114.1919,-26.1959],[114.2344,-26.3166],[114.1038,-26.4479],[113.9355,-26.1917],[113.7044,-26.148],[113.7606,-25.9048],[113.5329,-25.6183],[113.4208,-25.7282],[113.6841,-26.2216],[113.8848,-26.3427],[113.8525,-26.5448],[113.5983,-26.5185],[113.4501,-26.2006],[113.2447,-26.2401],[113.2978,-26.3973],[113.5906,-26.6757],[114.0125,-27.3154],[114.1439,-27.6878],[114.0972,-27.8194],[114.166,-28.1067],[114.5311,-28.5224],[114.5775,-28.7851],[114.832,-29.0921],[114.9788,-29.4799],[114.9461,-29.6581],[114.9749,-30.214],[115.1809,-30.8272],[115.313,-30.9908],[115.4546,-31.3035],[115.6803,-31.6486],[115.7437,-31.9278],[115.7144,-32.303],[115.7693,-32.6023],[115.6009,-32.6617],[115.6746,-33.025],[115.6668,-33.2877],[115.4341,-33.5955],[114.9568,-33.6823],[115.0178,-34.2621],[115.3347,-34.3142],[115.7455,-34.5402],[116.0198,-34.8294],[116.4651,-35.0007],[116.8996,-35.0504],[117.3595,-35.0242],[117.5386,-35.0922],[118.1199,-34.9871],[118.4798,-34.7171],[118.7059,-34.6477],[118.932,-34.4459],[119.3821,-34.4401],[119.572,-34.142],[120.0022,-33.926],[120.4227,-33.9699],[120.5723,-33.8915],[121.1664,-33.8679],[121.5329,-33.8195],[121.813,-33.8951],[122.0156,-33.8254],[122.1873,-34.0207],[122.3123,-33.9249],[122.5603,-33.9592],[122.7879,-33.881],[123.5667,-33.8844],[123.9525,-33.5673],[124.1165,-33.1215],[124.3569,-32.9528],[124.7088,-32.9039],[125.0003,-32.7372],[125.5373,-32.5484],[125.87,-32.333],[126.1857,-32.2325],[126.6777,-32.3166],[127.2887,-32.2734],[127.7663,-32.1231],[128.0173,-32.0842],[129.0001,-31.6892]]],[[[136.9515,-14.1816],[136.7168,-14.0637],[136.7914,-13.9177],[136.6843,-13.7205],[136.4302,-13.8771],[136.4608,-14.2164],[136.9031,-14.2989],[136.9515,-14.1816]]],[[[130.5368,-11.705],[130.3968,-11.5346],[130.3499,-11.3395],[130.147,-11.489],[130.2015,-11.6535],[130.4963,-11.839],[130.5368,-11.705]]],[[[131.5374,-11.4133],[131.4277,-11.2497],[131.2744,-11.1896],[131.0098,-11.3549],[130.888,-11.3132],[130.6917,-11.4228],[130.5736,-11.2753],[130.366,-11.2324],[130.4966,-11.6495],[130.98,-11.9264],[131.4324,-11.607],[131.5374,-11.4133]]],[[[138.1296,-35.8163],[137.9085,-35.7291],[137.5808,-35.7268],[137.6229,-35.5821],[137.3522,-35.5856],[136.6211,-35.7512],[136.5326,-35.9119],[136.7156,-36.0628],[137.2117,-35.9802],[137.4592,-36.0827],[137.7567,-35.8715],[138.0477,-35.9186],[138.1296,-35.8163]]],[[[153.37,-24.989],[153.0383,-25.1835],[153.0685,-25.329],[152.9483,-25.5522],[153.0835,-25.6658],[153.37,-24.989]]],[[[151.2699,-23.6663],[151.1914,-23.5138],[150.9796,-23.4874],[151.2139,-23.7781],[151.2699,-23.6663]]],[[[139.7341,-16.4433],[139.6038,-16.3984],[139.2879,-16.4706],[139.137,-16.6972],[139.4447,-16.6646],[139.7341,-16.4433]]],[[[147.9985,-43.2304],[148.0047,-42.9089],[147.8887,-42.8195],[148.006,-42.5141],[147.9834,-42.319],[148.261,-41.8004],[148.3311,-41.3225],[148.3314,-41.0022],[148.2093,-40.8408],[147.9842,-40.7365],[147.8198,-40.8935],[147.5974,-40.8469],[147.4448,-41.0084],[147.286,-40.9413],[147.0176,-40.9767],[146.4237,-41.1662],[146.2144,-41.1554],[145.7913,-41.017],[145.7116,-40.9304],[144.9847,-40.7448],[144.6892,-40.7045],[144.6058,-40.9965],[144.926,-41.7091],[145.2066,-41.9666],[145.2642,-42.5953],[145.8733,-43.2584],[146.0308,-43.4827],[146.5135,-43.5339],[146.7107,-43.629],[146.936,-43.4952],[147.0998,-43.2994],[147.2576,-43.2543],[147.3602,-42.9252],[147.5856,-42.8212],[147.8403,-42.902],[147.6478,-43.0728],[147.7925,-43.2441],[147.9985,-43.2304]]],[[[148.0149,-40.1506],[148.3074,-40.2377],[148.299,-39.9618],[148.167,-39.9356],[147.9533,-39.7117],[147.8537,-39.8277],[148.0149,-40.1506]]],[[[144.1055,-39.893],[144.0842,-39.6262],[143.862,-39.7006],[143.8381,-39.9345],[143.9225,-40.1274],[144.1125,-40.0309],[144.1055,-39.893]]],[[[158.8934,-54.5108],[158.8324,-54.7117],[158.8926,-54.6869],[158.9556,-54.5512],[158.8934,-54.5108]]],[[[159.0444,-31.5192],[159.0752,-31.5398],[159.083,-31.5584],[159.0801,-31.5763],[159.0896,-31.589],[159.1065,-31.5676],[159.0689,-31.5209],[159.0444,-31.5192]]]]},"properties":{"iso":"AUS","name":"Austrália"}},{"type":"Feature","geometry":{"type":"Polygon","coordinates":[[[105.73,-10.49],[105.71,-10.43],[105.58,-10.51],[105.7,-10.56],[105.73,-10.49]]]},"properties":{"iso":"IOA","name":"Territórios australianos do Oceano Índico"}},{"type":"Feature","geometry":{"type":"Polygon","coordinates":[[[73.71,-53.14],[73.59,-53.03],[73.34,-53.03],[73.47,-53.18],[73.71,-53.14]]]},"properties":{"iso":"HMD","name":"Ilha Heard e Ilhas McDonald"}},{"type":"Feature","geometry":{"type":"Polygon","coordinates":[[[167.94,-29.02],[167.92,-29.08],[167.98,-29.08],[167.94,-29.02]]]},"properties":{"iso":"NFK","name":"Ilha Norfolk"}},{"type":"Feature","geometry":{"type":"Polygon","coordinates":[[[123.59,-12.43],[123.57,-12.42],[123.57,-12.43],[123.6,-12.44],[123.59,-12.43]]]},"properties":{"iso":"ATC","name":"Ilhas Ashmore e Cartier"}},{"type":"Feature","geometry":{"type":"Polygon","coordinates":[[[44.77,39.7],[45.03,39.77],[45.46,39.49],[45.75,39.56],[45.77,39.38],[46.11,38.88],[46.49,38.91],[46.55,39.2],[46.2,39.59],[45.79,39.88],[45.96,40.23],[45.57,40.42],[45.38,40.64],[45.59,40.85],[45,41.29],[44.84,41.21],[44.23,41.21],[43.44,41.11],[43.72,40.72],[43.57,40.48],[43.79,40.07],[44.29,40.04],[44.77,39.7]]]},"properties":{"iso":"ARM","name":"Arménia"}},{"type":"Feature","geometry":{"type":"MultiPolygon","coordinates":[[[[-58.2001,-32.4472],[-58.1016,-32.3114],[-58.1865,-32.1529],[-58.1686,-31.846],[-57.9886,-31.6428],[-58.039,-31.5086],[-57.9051,-31.241],[-57.7994,-30.7915],[-57.8087,-30.7473],[-57.8496,-30.4853],[-57.6527,-30.3291],[-57.6425,-30.1931],[-57.3252,-29.981],[-57.3085,-29.8485],[-57.0942,-29.752],[-56.677,-29.3134],[-56.6173,-29.1609],[-56.4158,-29.0514],[-56.1847,-28.7442],[-55.8981,-28.4607],[-55.7725,-28.232],[-55.623,-28.1443],[-55.4407,-28.0789],[-55.3299,-27.9281],[-55.0258,-27.8402],[-54.8275,-27.5451],[-54.6997,-27.553],[-54.4608,-27.4126],[-54.2869,-27.4284],[-54.1895,-27.2609],[-53.8192,-27.1397],[-53.7107,-26.8738],[-53.746,-26.6939],[-53.6667,-26.2192],[-53.8262,-25.9727],[-53.91,-25.6292],[-54.2148,-25.5315],[-54.4606,-25.6421],[-54.6002,-25.5749],[-54.5879,-25.8108],[-54.665,-26.2389],[-54.7065,-26.4418],[-54.9753,-26.7878],[-55.414,-26.9799],[-55.599,-27.1826],[-55.5913,-27.3284],[-55.7547,-27.4437],[-55.9661,-27.3317],[-56.1246,-27.2989],[-56.2798,-27.3896],[-56.3675,-27.5806],[-56.638,-27.4529],[-56.9044,-27.4187],[-57.1801,-27.4873],[-57.3101,-27.4292],[-57.5357,-27.4072],[-58.022,-27.2598],[-58.6042,-27.3163],[-58.6533,-27.1563],[-58.3513,-26.8858],[-58.2479,-26.7582],[-58.2062,-26.4027],[-58.0865,-26.1272],[-57.8727,-26.0103],[-57.8197,-25.8498],[-57.7537,-25.6727],[-57.6231,-25.6154],[-57.5975,-25.4034],[-57.672,-25.2898],[-57.8905,-25.0787],[-58.4734,-24.8513],[-58.8092,-24.7768],[-59.341,-24.4876],[-59.4597,-24.3585],[-60.0337,-24.007],[-60.328,-24.018],[-60.7878,-23.8734],[-61.0063,-23.8055],[-61.1099,-23.607],[-61.4918,-23.4132],[-61.9564,-23.0344],[-62.3414,-22.4723],[-62.6504,-22.2345],[-62.8044,-22.0041],[-63.9476,-22.0076],[-64.294,-22.6909],[-64.572,-22.3432],[-64.5869,-22.2128],[-65.0204,-22.0966],[-65.1905,-22.0985],[-65.7446,-22.114],[-66.0945,-21.8329],[-66.24,-21.7924],[-66.3775,-22.1271],[-66.7359,-22.2251],[-66.7965,-22.4349],[-67.0327,-22.5246],[-67.0377,-22.6546],[-67.1939,-22.8222],[-67.014,-23.0007],[-67.2513,-23.7331],[-67.3624,-24.0304],[-68.2445,-24.3854],[-68.5037,-24.6123],[-68.5724,-24.7699],[-68.3792,-25.1368],[-68.4965,-25.16],[-68.5542,-25.2912],[-68.606,-25.437],[-68.4985,-25.7549],[-68.4199,-26.1793],[-68.5752,-26.3035],[-68.5702,-26.5506],[-68.3201,-26.8701],[-68.3305,-27.045],[-68.5859,-27.1628],[-68.8011,-27.1128],[-69.1341,-27.7723],[-69.4203,-28.2126],[-69.654,-28.401],[-69.7409,-28.6406],[-69.8039,-29.0987],[-70.0426,-29.3631],[-69.9294,-29.7179],[-69.9756,-30.0586],[-69.8497,-30.1266],[-69.9028,-30.3127],[-70.2171,-30.5151],[-70.3195,-30.8008],[-70.3398,-31.0417],[-70.4798,-31.0967],[-70.5914,-31.5496],[-70.4283,-31.8701],[-70.3308,-32.2096],[-70.2561,-32.3143],[-70.1725,-32.4649],[-70.14,-32.7683],[-70.0002,-32.8766],[-70.1061,-33.0526],[-70.1008,-33.1869],[-69.9053,-33.2382],[-69.7877,-33.3794],[-69.8954,-33.6623],[-69.9096,-33.9557],[-69.8328,-34.2432],[-70.0482,-34.2835],[-70.2278,-34.5853],[-70.3724,-35.0274],[-70.5429,-35.2093],[-70.4082,-35.5062],[-70.4307,-36.1294],[-70.7031,-36.2601],[-70.7186,-36.4146],[-71.0278,-36.4812],[-71.0553,-36.6713],[-71.1952,-36.8391],[-71.0891,-37.1034],[-71.2056,-37.2927],[-71.1231,-37.4432],[-71.185,-37.7061],[-71.0161,-38.1437],[-70.9738,-38.4247],[-70.8487,-38.5276],[-70.8738,-38.6914],[-71.228,-38.8088],[-71.4158,-38.9353],[-71.402,-39.236],[-71.4617,-39.4338],[-71.6411,-39.6],[-71.7144,-39.7263],[-71.6248,-39.931],[-71.8238,-40.2101],[-71.6785,-40.3402],[-71.8606,-40.5594],[-71.9556,-40.7204],[-71.8674,-41.0102],[-71.926,-41.6229],[-71.7693,-41.9996],[-71.7363,-42.0839],[-72.1247,-42.2633],[-72.0419,-42.491],[-72.1484,-42.5926],[-72.1485,-42.9987],[-72.0098,-43.1204],[-71.743,-43.1901],[-71.9373,-43.4569],[-71.7238,-43.5948],[-71.8192,-43.7581],[-71.6599,-43.9263],[-71.7453,-44.045],[-71.8587,-44.1078],[-71.822,-44.4032],[-71.2098,-44.4276],[-71.1227,-44.5303],[-71.336,-44.8016],[-71.4971,-44.7429],[-71.8545,-44.791],[-71.5887,-44.9781],[-71.3115,-45.2995],[-71.5258,-45.519],[-71.7651,-45.5724],[-71.7985,-45.7399],[-71.6492,-45.9994],[-71.7702,-46.1126],[-71.6872,-46.6901],[-71.9341,-46.7995],[-72.0098,-47.1982],[-72.3444,-47.6023],[-72.5439,-47.9148],[-72.343,-48.0704],[-72.3256,-48.2855],[-72.5768,-48.4521],[-72.5923,-48.7911],[-73.0097,-48.9904],[-73.1704,-49.2509],[-73.0982,-49.2728],[-73.0597,-49.555],[-73.4651,-49.76],[-73.5727,-49.9324],[-73.5306,-50.1408],[-73.3229,-50.2684],[-73.2619,-50.5566],[-73.0961,-50.7706],[-72.7784,-50.6196],[-72.3028,-50.6489],[-72.2635,-50.8363],[-72.3822,-51.1606],[-72.2811,-51.7015],[-71.9585,-51.868],[-71.9177,-51.9901],[-69.9528,-52.0074],[-69.4853,-52.1325],[-69.2123,-52.138],[-68.4486,-52.3466],[-68.9359,-51.6455],[-69.1678,-50.9782],[-69.0765,-50.5602],[-68.8764,-50.3306],[-68.0763,-50.0873],[-67.8332,-49.9545],[-67.732,-49.7813],[-67.5565,-49.0158],[-67.1983,-48.8184],[-67.1143,-48.6737],[-66.651,-48.4311],[-66.4685,-48.4003],[-65.8471,-47.9444],[-65.7357,-47.5095],[-65.7449,-47.2042],[-65.9796,-47.0662],[-66.2005,-47.0896],[-66.7864,-47.0066],[-67.13,-46.7066],[-67.4232,-46.5674],[-67.6225,-46.1638],[-67.5817,-46],[-67.3606,-45.7767],[-67.3319,-45.6135],[-66.8689,-45.2356],[-66.524,-45.2161],[-66.4677,-45.077],[-66.2004,-44.9929],[-65.6026,-45.0277],[-65.6855,-44.7125],[-65.3257,-44.5083],[-65.2169,-44.3664],[-65.3087,-44.2001],[-65.2224,-44.0369],[-65.3341,-43.6726],[-64.7652,-43.1474],[-64.4476,-43.0686],[-64.5131,-42.9363],[-64.9971,-42.7848],[-64.946,-42.6542],[-64.6149,-42.5153],[-64.3226,-42.5424],[-64.1079,-42.8837],[-63.6203,-42.7512],[-63.5905,-42.3412],[-63.81,-42.0702],[-64.1622,-42.2094],[-64.1276,-42.4327],[-64.5663,-42.436],[-64.5315,-42.2442],[-64.8573,-42.1936],[-65.0546,-42.0107],[-64.9933,-41.553],[-65.1751,-41.0102],[-65.1219,-40.8337],[-64.9465,-40.7114],[-64.773,-40.8061],[-63.7794,-41.1588],[-63.0995,-41.1549],[-62.8016,-41.0417],[-62.3378,-40.8727],[-62.2506,-40.6222],[-62.4842,-40.2875],[-62.3687,-40.2112],[-62.3146,-39.8694],[-62.1642,-39.8588],[-62.0558,-39.4519],[-62.3164,-39.2652],[-62.3578,-39.1022],[-62.1573,-38.8105],[-62.0267,-38.9376],[-61.5181,-39.0115],[-60.8657,-38.9757],[-59.8893,-38.8385],[-59.0632,-38.6938],[-58.1557,-38.4301],[-57.5936,-38.1528],[-57.5119,-37.8723],[-57.0559,-37.4127],[-56.6649,-36.851],[-56.6976,-36.3962],[-56.9287,-36.3637],[-57.248,-36.1703],[-57.3664,-35.9879],[-57.3526,-35.7275],[-57.1449,-35.4842],[-57.2488,-35.2488],[-57.522,-35.0132],[-57.871,-34.8299],[-58.315,-34.6572],[-58.4742,-34.5216],[-58.5115,-34.4359],[-58.3786,-34.1882],[-58.447,-34.0069],[-58.5494,-33.683],[-58.5217,-33.4493],[-58.4123,-33.2983],[-58.3832,-33.0755],[-58.1468,-33.05],[-58.2001,-32.4472]]],[[[-68.6419,-54.783],[-68.5203,-54.8522],[-68.0776,-54.8461],[-67.031,-54.9052],[-66.5405,-55.051],[-65.9934,-54.9724],[-65.9662,-54.9021],[-65.3323,-54.9138],[-65.1556,-54.6406],[-65.8442,-54.6474],[-66.4822,-54.4658],[-66.7666,-54.2498],[-67.2978,-54.0538],[-67.5582,-53.8362],[-67.9836,-53.6013],[-68.1114,-53.3438],[-68.4514,-53.2977],[-68.5207,-53.1206],[-68.266,-52.9806],[-68.6276,-52.6396],[-68.6347,-53.7109],[-68.6419,-54.783]]]]},"properties":{"iso":"ARG","name":"Argentina"}},{"type":"Feature","geometry":{"type":"Polygon","coordinates":[[[-61.72,17.04],[-61.82,17.17],[-61.86,17.01],[-61.72,17.04]]]},"properties":{"iso":"ATG","name":"Antígua e Barbuda"}},{"type":"Feature","geometry":{"type":"MultiPolygon","coordinates":[[[[13.07,-4.63],[12.88,-4.45],[12.38,-4.62],[12.02,-5],[12.18,-5.32],[12.21,-5.76],[12.5,-5.7],[12.52,-5.15],[12.57,-5],[12.83,-4.74],[13.07,-4.63]]],[[[23.97,-10.87],[23.83,-11.01],[23.4,-10.98],[23.16,-11.07],[22.56,-11.06],[22.28,-11.19],[22.18,-10.89],[22.28,-10.78],[22.3,-10.4],[22.2,-10.04],[21.95,-9.73],[21.81,-9.47],[21.91,-8.69],[21.9,-8.34],[21.78,-7.87],[21.84,-7.42],[21.75,-7.31],[20.61,-7.28],[20.48,-6.92],[19.88,-6.99],[19.53,-7.14],[19.48,-7.47],[19.37,-7.66],[19.34,-7.97],[18.9,-8],[18.65,-7.94],[17.91,-8.07],[17.54,-8.08],[17.16,-7.46],[16.98,-7.26],[16.92,-6.93],[16.74,-6.62],[16.72,-6.24],[16.54,-5.97],[16.32,-5.87],[15.73,-5.86],[14.4,-5.89],[13.98,-5.86],[13.07,-5.86],[12.79,-6],[12.3,-6.09],[12.52,-6.59],[12.82,-6.95],[12.86,-7.23],[13.09,-7.78],[13.38,-8.37],[13.36,-8.69],[13,-9.05],[13.16,-9.39],[13.21,-9.7],[13.54,-10.42],[13.72,-10.63],[13.85,-11.05],[13.79,-11.81],[13.69,-12.12],[13.42,-12.52],[12.98,-12.78],[12.9,-13.03],[12.55,-13.44],[12.5,-13.76],[12.38,-14.04],[12.28,-14.64],[11.97,-15.63],[11.75,-15.83],[11.8,-15.99],[11.82,-16.7],[11.74,-17.25],[12.01,-17.17],[12.55,-17.21],[13.1,-16.97],[13.4,-17.01],[13.94,-17.39],[15.77,-17.39],[16.53,-17.39],[18.4,-17.4],[18.72,-17.7],[19.08,-17.82],[19.64,-17.87],[20.39,-17.89],[20.63,-18],[21.11,-17.96],[21.42,-18],[23.38,-17.64],[22.31,-16.69],[22.15,-16.6],[21.98,-15.96],[21.98,-14.76],[21.98,-13],[23.84,-13],[23.99,-12.42],[23.97,-11.64],[24.05,-11.41],[23.97,-10.87]]]]},"properties":{"iso":"AGO","name":"Angola"}},{"type":"Feature","geometry":{"type":"Polygon","coordinates":[[[1.71,42.5],[1.43,42.6],[1.49,42.43],[1.71,42.5]]]},"properties":{"iso":"AND","name":"Andorra"}},{"type":"Feature","geometry":{"type":"Polygon","coordinates":[[[8.58,36.94],[7.91,36.86],[7.61,37],[6.93,36.92],[6.49,37.09],[6.06,36.86],[5.42,36.68],[5.2,36.68],[4.76,36.9],[3.78,36.9],[3.52,36.8],[2.97,36.78],[2.59,36.6],[1.26,36.52],[0.51,36.26],[0.15,36.06],[0.05,35.9],[-0.19,35.82],[-0.43,35.86],[-0.92,35.67],[-1.34,35.36],[-1.91,35.09],[-2.22,35.1],[-1.8,34.75],[-1.85,34.61],[-1.71,34.18],[-1.68,33.32],[-1.51,32.88],[-1.07,32.47],[-1.24,32.34],[-1.28,32.09],[-2.45,32.13],[-2.93,32.04],[-3.02,31.83],[-3.44,31.7],[-3.83,31.66],[-3.83,31.2],[-3.7,30.94],[-3.99,30.91],[-4.32,30.7],[-4.97,30.47],[-5.18,30.17],[-5.45,29.96],[-5.77,29.87],[-6.5,29.81],[-6.64,29.57],[-7.09,29.63],[-7.49,29.39],[-7.69,29.35],[-8.66,28.72],[-8.68,27.66],[-8.68,27.29],[-7.37,26.51],[-6.24,25.85],[-4.82,25],[-3.26,23.98],[-2.28,23.34],[-1.29,22.7],[-0.31,22.05],[1.15,21.1],[1.17,20.82],[1.61,20.56],[1.69,20.38],[1.93,20.27],[2.22,20.25],[2.41,20.06],[2.87,19.96],[3.2,19.79],[3.26,19.41],[3.11,19.15],[3.4,18.99],[4.23,19.14],[5.75,19.43],[5.84,19.48],[6.99,20.47],[7.48,20.87],[8.34,21.38],[9.38,21.99],[10.93,22.91],[11.97,23.52],[11.54,24.29],[10.69,24.55],[10.44,24.48],[10.26,24.59],[10.03,25.05],[10,25.33],[9.45,26.07],[9.49,26.33],[9.86,26.55],[9.89,26.85],[9.75,27.33],[9.92,27.79],[9.82,28.56],[9.84,28.97],[9.67,29.57],[9.31,30.12],[9.52,30.23],[9.04,32.07],[8.33,32.54],[8.21,32.93],[8.08,33.09],[7.76,33.23],[7.5,33.83],[7.51,34.08],[7.84,34.41],[8.12,34.56],[8.25,34.73],[8.39,35.2],[8.25,35.87],[8.35,36.37],[8.23,36.55],[8.58,36.94]]]},"properties":{"iso":"DZA","name":"Argélia"}},{"type":"Feature","geometry":{"type":"Polygon","coordinates":[[[19.34,41.87],[19.58,41.79],[19.44,41.42],[19.46,40.93],[19.34,40.62],[19.4,40.28],[19.85,40.04],[20,39.71],[20.21,39.65],[20.38,39.84],[20.31,39.98],[20.66,40.12],[20.81,40.45],[21.03,40.66],[20.96,40.85],[20.74,40.91],[20.49,41.27],[20.45,41.52],[20.57,41.87],[20.49,42.22],[20.24,42.34],[20.06,42.55],[19.79,42.48],[19.65,42.63],[19.28,42.17],[19.34,41.87]]]},"properties":{"iso":"ALB","name":"Albânia"}},{"type":"Feature","geometry":{"type":"Polygon","coordinates":[[[66.52,37.35],[66.11,37.41],[65.77,37.57],[65.55,37.25],[65.09,37.24],[64.82,37.13],[64.51,36.34],[63.86,36.01],[63.11,35.82],[63.17,35.68],[63.06,35.45],[62.61,35.23],[62.25,35.25],[61.98,35.44],[61.54,35.46],[61.26,35.62],[61.08,34.86],[60.95,34.65],[60.73,34.52],[60.49,34.09],[60.51,33.64],[60.92,33.51],[60.56,33.14],[60.83,32.25],[60.79,31.66],[60.85,31.48],[61.66,31.38],[61.81,31.07],[61.78,30.83],[60.84,29.86],[62.48,29.41],[63.57,29.5],[64.1,29.39],[64.52,29.56],[65.1,29.56],[66.18,29.84],[66.31,30.32],[66.29,30.61],[66.4,30.91],[66.92,31.31],[67.29,31.22],[67.74,31.34],[67.58,31.51],[68.21,31.81],[68.6,31.8],[68.87,31.63],[69.28,31.94],[69.24,32.43],[69.41,32.68],[69.5,33.02],[69.92,33.11],[70.28,33.37],[70.06,33.72],[69.87,33.9],[69.99,34.05],[70.42,33.95],[71.05,34.05],[71.1,34.37],[70.97,34.53],[71.62,35.18],[71.6,35.41],[71.43,35.83],[71.19,36.04],[71.62,36.44],[71.82,36.49],[72.16,36.7],[72.62,36.83],[73.77,36.89],[74,36.82],[74.54,37.02],[74.37,37.16],[74.73,37.29],[74.89,37.23],[74.66,37.39],[74.26,37.42],[73.75,37.23],[73.72,37.42],[73.48,37.47],[72.9,37.27],[72.66,37.03],[72.36,36.98],[71.8,36.69],[71.6,36.73],[71.43,37.13],[71.55,37.93],[71.28,37.92],[71.26,38.31],[70.88,38.46],[70.62,38.33],[70.21,37.92],[70.25,37.66],[69.49,37.55],[69.41,37.21],[69.26,37.11],[68.96,37.33],[68.67,37.26],[68.07,36.95],[67.76,37.17],[67.52,37.27],[67.32,37.21],[67.07,37.33],[66.52,37.35]]]},"properties":{"iso":"AFG","name":"Afeganistão"}},{"type":"Feature","geometry":{"type":"Polygon","coordinates":[[[77.05,35.11],[77.8,35.5],[77.45,35.48],[76.77,35.66],[77.05,35.11]]]},"properties":{"iso":"KAS","name":"Glaciar de Siachen"}},{"type":"Feature","geometry":{"type":"Polygon","coordinates":[[[-63.12,18.07],[-63.02,18.02],[-63.01,18.07],[-63.12,18.07]]]},"properties":{"iso":"SXM","name":"São Martinho"}},{"type":"Feature","geometry":{"type":"Polygon","coordinates":[[[179.21,-8.52],[179.21,-8.49],[179.2,-8.49],[179.2,-8.51],[179.21,-8.52]]]},"properties":{"iso":"TUV","name":"Tuvalu"}}]}