{"type":"FeatureCollection", "features": [
{"type":"Feature","geometry":{"type":"Polygon","coordinates":[[[-58.2001,-32.4472],[-58.1016,-32.3114],[-58.1865,-32.1529],[-58.1483,-32.0629],[-58.1686,-31.846],[-58.0593,-31.8115],[-57.9886,-31.6428],[-58.039,-31.5086],[-57.9051,-31.241],[-57.8552,-31.059],[-57.9117,-30.9474],[-57.8072,-30.9076],[-57.7994,-30.7915],[-57.8087,-30.7473],[-57.9873,-30.6035],[-58.068,-30.4207],[-58.2608,-30.2307],[-58.6297,-30.1523],[-58.8762,-30.227],[-59.005,-30.2041],[-59.2413,-30.3435],[-59.3885,-30.306],[-59.6615,-30.3369],[-59.6181,-30.4468],[-59.6606,-30.7361],[-59.841,-30.9773],[-60.094,-31.3537],[-60.4141,-31.6735],[-60.6478,-31.716],[-60.7225,-31.9472],[-60.6662,-32.0483],[-60.709,-32.1747],[-60.7271,-32.4352],[-60.7657,-32.5411],[-60.6755,-32.8465],[-60.4954,-33.1221],[-60.2941,-33.2566],[-60.1181,-33.3936],[-59.8601,-33.524],[-59.6406,-33.671],[-59.5207,-33.6553],[-59.3926,-33.7394],[-59.2623,-33.7242],[-59.1627,-33.8288],[-59.0318,-33.8296],[-58.6798,-34.0312],[-58.447,-34.0069],[-58.4694,-33.8425],[-58.5494,-33.683],[-58.5217,-33.4493],[-58.4123,-33.2983],[-58.3832,-33.0755],[-58.2414,-33.0951],[-58.1468,-33.05],[-58.2228,-32.5343],[-58.2001,-32.4472]]]},"properties":{"iso":"ARG","name":"Entre Ríos","country":"Argentina","code":"AR-E"}},
{"type":"Feature","geometry":{"type":"Polygon","coordinates":[[[-58.2001,-32.4472],[-58.1915,-32.4919],[-58.111,-32.4847],[-57.9956,-32.5821],[-57.7846,-32.6076],[-57.5835,-32.5362],[-57.4703,-32.4451],[-57.2512,-32.4376],[-57.0397,-32.3634],[-56.9275,-32.4053],[-56.7252,-32.4115],[-56.5594,-32.4925],[-56.506,-32.3565],[-56.3588,-32.2319],[-56.2449,-31.9071],[-56.3216,-31.7513],[-56.4624,-31.8649],[-56.8413,-31.7934],[-57.1772,-31.7944],[-57.3697,-31.6908],[-57.7425,-31.5831],[-57.9066,-31.4706],[-58.039,-31.5086],[-57.9886,-31.6428],[-58.0593,-31.8115],[-58.1686,-31.846],[-58.1483,-32.0629],[-58.1865,-32.1529],[-58.1016,-32.3114],[-58.2001,-32.4472]]]},"properties":{"iso":"URY","name":"Paysandú","country":"Uruguai","code":"UY-PA"}},
{"type":"Feature","geometry":{"type":"Polygon","coordinates":[[[-69.5101,-17.5066],[-69.6839,-17.656],[-69.8181,-17.6591],[-69.8576,-17.7342],[-69.7831,-17.9816],[-69.8653,-18.1446],[-69.9703,-18.2506],[-70.1342,-18.3189],[-70.3947,-18.3377],[-70.3036,-18.4454],[-70.3566,-18.7734],[-70.2703,-19.1715],[-70.0132,-19.0456],[-69.7883,-18.9882],[-69.6604,-18.9882],[-69.193,-19.1029],[-69.0783,-19.0499],[-68.9896,-18.9465],[-68.9546,-18.857],[-69.0428,-18.6005],[-69.0344,-18.4783],[-69.1004,-18.2343],[-69.1554,-18.1402],[-69.0823,-18.0391],[-69.3024,-17.9762],[-69.3342,-17.8058],[-69.4758,-17.6524],[-69.5101,-17.5066]]]},"properties":{"iso":"CHL","name":"Arica y Parinacota","country":"Chile","code":"CL-AP"}},
{"type":"Feature","geometry":{"type":"Polygon","coordinates":[[[-69.0823,-18.0391],[-68.8677,-17.9668],[-68.6964,-17.8471],[-68.5423,-17.6884],[-68.4466,-17.6524],[-68.1704,-17.65],[-68.0058,-17.7185],[-67.8093,-17.8604],[-67.7559,-17.7387],[-67.3024,-17.4451],[-67.1508,-17.401],[-66.9899,-17.5513],[-66.8419,-17.4681],[-66.8972,-17.175],[-67.0152,-17.0469],[-66.9323,-16.8351],[-66.7614,-16.7578],[-66.7659,-16.5895],[-66.8162,-16.483],[-66.7996,-16.2833],[-66.9456,-16.0753],[-66.9345,-15.8447],[-66.7844,-15.6993],[-67.1186,-15.3785],[-67.1155,-15.2898],[-67.2927,-15.0154],[-67.4176,-14.9685],[-67.4363,-14.7381],[-67.536,-14.5986],[-67.4879,-14.5116],[-67.5607,-14.3691],[-67.5079,-14.2747],[-67.536,-13.9984],[-67.4717,-13.7105],[-67.3696,-13.5909],[-67.3956,-13.4025],[-67.3367,-13.3045],[-67.0523,-13.0159],[-66.9486,-12.6708],[-66.9278,-12.3822],[-67.9555,-11.9093],[-68.0128,-11.97],[-68.1845,-12.0056],[-68.2462,-12.1537],[-68.3902,-12.2425],[-68.4584,-12.387],[-68.5935,-12.4209],[-68.6895,-12.4934],[-68.8562,-12.7414],[-68.981,-12.8679],[-68.9739,-13.0318],[-68.9628,-13.2836],[-68.9857,-13.5502],[-69.081,-13.6954],[-69.016,-13.7531],[-68.983,-13.9722],[-68.9162,-14.0249],[-68.8837,-14.2115],[-69.0101,-14.2459],[-68.9903,-14.379],[-69.2475,-14.5937],[-69.2676,-14.7507],[-69.3614,-14.788],[-69.3907,-14.9644],[-69.1481,-15.2333],[-69.2912,-15.3508],[-69.2929,-15.4099],[-69.4212,-15.5964],[-69.4243,-15.6563],[-69.2196,-16.1528],[-69.1447,-16.2235],[-68.982,-16.21],[-68.8436,-16.302],[-68.8558,-16.3632],[-69.0017,-16.4228],[-69.0389,-16.4919],[-69.0371,-16.6702],[-69.1917,-16.743],[-69.2245,-16.8182],[-69.4072,-17.0157],[-69.4274,-17.0869],[-69.6228,-17.1856],[-69.6644,-17.2886],[-69.5226,-17.3691],[-69.5101,-17.5066],[-69.4758,-17.6524],[-69.3342,-17.8058],[-69.3024,-17.9762],[-69.0823,-18.0391]]]},"properties":{"iso":"BOL","name":"La Paz","country":"Bolívia","code":"BO-L"}},
{"type":"Feature","geometry":{"type":"Polygon","coordinates":[[[-68.9896,-18.9465],[-68.9197,-19.0538],[-68.8154,-19.1133],[-68.6633,-19.2736],[-68.4932,-19.377],[-68.5767,-19.5646],[-67.8319,-19.8079],[-67.6875,-19.826],[-67.5519,-19.7824],[-66.7281,-19.4415],[-66.4301,-19.2329],[-66.0971,-19.2091],[-66.0586,-19.1408],[-66.1821,-18.9958],[-66.2994,-18.7545],[-66.503,-18.6984],[-66.6273,-18.6094],[-66.6906,-18.4943],[-66.6846,-18.2374],[-66.7483,-18.1627],[-66.7348,-18.0539],[-66.6249,-17.9913],[-66.6805,-17.864],[-66.8261,-17.6712],[-66.9899,-17.5513],[-67.1508,-17.401],[-67.3024,-17.4451],[-67.7559,-17.7387],[-67.8093,-17.8604],[-68.0058,-17.7185],[-68.1704,-17.65],[-68.4466,-17.6524],[-68.5423,-17.6884],[-68.6964,-17.8471],[-68.8677,-17.9668],[-69.0823,-18.0391],[-69.1554,-18.1402],[-69.1004,-18.2343],[-69.0344,-18.4783],[-69.0428,-18.6005],[-68.9546,-18.857],[-68.9896,-18.9465]]]},"properties":{"iso":"BOL","name":"Oruro","country":"Bolívia","code":"BO-O"}},
{"type":"Feature","geometry":{"type":"Polygon","coordinates":[[[-70.2703,-19.1715],[-70.2877,-19.301],[-70.2263,-19.4108],[-70.2144,-19.5964],[-70.1512,-19.7194],[-70.1233,-20.0722],[-70.1921,-20.3668],[-70.2056,-20.7394],[-70.1275,-20.9353],[-70.1644,-21.0405],[-70.0801,-21.2333],[-70.0614,-21.4483],[-69.9133,-21.4513],[-69.8134,-21.3895],[-69.6127,-21.3932],[-69.5059,-21.4446],[-69.3449,-21.4171],[-68.7943,-21.2409],[-68.6535,-21.1006],[-68.5697,-21.0732],[-68.5316,-20.9277],[-68.5728,-20.7429],[-68.4816,-20.643],[-68.6855,-20.5168],[-68.769,-20.3905],[-68.6785,-20.3286],[-68.7755,-20.0897],[-68.5883,-20.0556],[-68.5535,-19.8579],[-68.6984,-19.7463],[-68.5767,-19.5646],[-68.4932,-19.377],[-68.6633,-19.2736],[-68.8154,-19.1133],[-68.9197,-19.0538],[-68.9896,-18.9465],[-69.0783,-19.0499],[-69.193,-19.1029],[-69.6604,-18.9882],[-69.7883,-18.9882],[-70.0132,-19.0456],[-70.2703,-19.1715]]]},"properties":{"iso":"CHL","name":"Tarapacá","country":"Chile","code":"CL-TA"}},
{"type":"Feature","geometry":{"type":"Polygon","coordinates":[[[-68.5767,-19.5646],[-68.6984,-19.7463],[-68.5535,-19.8579],[-68.5883,-20.0556],[-68.7755,-20.0897],[-68.6785,-20.3286],[-68.769,-20.3905],[-68.6855,-20.5168],[-68.4816,-20.643],[-68.5728,-20.7429],[-68.5316,-20.9277],[-68.4163,-20.9598],[-68.2075,-21.2843],[-68.1984,-21.5719],[-68.1076,-21.7896],[-68.0962,-21.954],[-67.9902,-22.0576],[-67.9348,-22.2517],[-67.9453,-22.3542],[-67.8587,-22.5668],[-67.8763,-22.8336],[-67.7714,-22.8887],[-67.5471,-22.8925],[-67.1939,-22.8222],[-67.0377,-22.6546],[-67.0327,-22.5246],[-66.7965,-22.4349],[-66.7359,-22.2251],[-66.3775,-22.1271],[-66.2972,-22.0503],[-66.24,-21.7924],[-66.0945,-21.8329],[-66.0465,-21.918],[-65.9327,-21.9446],[-65.7446,-22.114],[-65.5799,-22.0865],[-65.1905,-22.0985],[-65.2115,-21.9465],[-65.3285,-21.8029],[-65.2349,-21.5354],[-65.4585,-21.3351],[-65.472,-21.1013],[-65.4227,-20.8368],[-65.296,-20.5338],[-65.3661,-20.269],[-65.3166,-20.0484],[-65.2513,-20.0001],[-65.0564,-19.9687],[-64.8677,-19.8684],[-64.7469,-19.7324],[-64.8607,-19.5667],[-64.8687,-19.4541],[-64.9637,-19.3504],[-65.155,-19.3714],[-65.3728,-19.2542],[-65.5405,-19.0187],[-65.47,-18.905],[-65.5025,-18.8047],[-65.4574,-18.683],[-65.6078,-18.6741],[-65.6286,-18.4583],[-65.6944,-18.3642],[-65.3439,-18.4226],[-65.4363,-18.3693],[-65.6424,-18.1291],[-65.8433,-17.9683],[-65.9311,-17.9838],[-66.0185,-17.8622],[-66.1752,-17.8668],[-66.3355,-17.9829],[-66.6249,-17.9913],[-66.7348,-18.0539],[-66.7483,-18.1627],[-66.6846,-18.2374],[-66.6906,-18.4943],[-66.6273,-18.6094],[-66.503,-18.6984],[-66.2994,-18.7545],[-66.1821,-18.9958],[-66.0586,-19.1408],[-66.0971,-19.2091],[-66.4301,-19.2329],[-66.7281,-19.4415],[-67.5519,-19.7824],[-67.6875,-19.826],[-67.8319,-19.8079],[-68.5767,-19.5646]]]},"properties":{"iso":"BOL","name":"Potosí","country":"Bolívia","code":"BO-P"}},
{"type":"Feature","geometry":{"type":"Polygon","coordinates":[[[-70.0614,-21.4483],[-70.152,-21.6648],[-70.1501,-21.862],[-70.2001,-22.0055],[-70.2811,-22.6952],[-70.297,-22.9177],[-70.3729,-23.0509],[-70.4508,-23.0971],[-70.5622,-23.0598],[-70.6001,-23.2442],[-70.5851,-23.4236],[-70.4131,-23.5113],[-70.4053,-23.6508],[-70.4985,-23.7846],[-70.5264,-23.9963],[-70.5003,-24.0974],[-70.5828,-24.5248],[-70.5764,-24.7317],[-70.4727,-24.9753],[-70.4972,-25.1043],[-70.437,-25.1935],[-70.4448,-25.3449],[-70.6514,-25.5408],[-70.7104,-25.8354],[-70.6346,-26.0286],[-70.5514,-25.9217],[-70.3987,-25.8231],[-70.2714,-25.8262],[-70.1473,-25.7371],[-69.8832,-25.7467],[-69.7114,-25.6608],[-69.441,-25.6799],[-69.0795,-25.6495],[-68.9998,-25.4955],[-69.0002,-25.3827],[-68.7167,-25.3794],[-68.5542,-25.2912],[-68.4965,-25.16],[-68.3792,-25.1368],[-68.4793,-24.8996],[-68.5724,-24.7699],[-68.5037,-24.6123],[-68.3977,-24.5005],[-68.314,-24.4873],[-68.2445,-24.3854],[-67.3624,-24.0304],[-67.2513,-23.7331],[-67.014,-23.0007],[-67.1939,-22.8222],[-67.5471,-22.8925],[-67.7714,-22.8887],[-67.8763,-22.8336],[-67.8587,-22.5668],[-67.9453,-22.3542],[-67.9348,-22.2517],[-67.9902,-22.0576],[-68.0962,-21.954],[-68.1076,-21.7896],[-68.1984,-21.5719],[-68.2075,-21.2843],[-68.4163,-20.9598],[-68.5316,-20.9277],[-68.5697,-21.0732],[-68.6535,-21.1006],[-68.7943,-21.2409],[-69.3449,-21.4171],[-69.5059,-21.4446],[-69.6127,-21.3932],[-69.8134,-21.3895],[-69.9133,-21.4513],[-70.0614,-21.4483]]]},"properties":{"iso":"CHL","name":"Antofagasta","country":"Chile","code":"CL-AN"}},
{"type":"Feature","geometry":{"type":"Polygon","coordinates":[[[-69.5101,-17.5066],[-69.5226,-17.3691],[-69.6644,-17.2886],[-69.741,-17.2911],[-69.9121,-17.2101],[-70.0392,-17.1079],[-70.178,-16.8701],[-70.2693,-16.93],[-70.3555,-16.82],[-70.433,-16.8356],[-70.4924,-16.9725],[-70.4768,-17.0602],[-70.5969,-17.2035],[-70.7005,-17.2493],[-70.9318,-17.6234],[-71.1261,-17.7208],[-71.1758,-17.7933],[-71.0866,-17.8691],[-70.9146,-17.9465],[-70.6833,-18.1617],[-70.3947,-18.3377],[-70.1342,-18.3189],[-69.9703,-18.2506],[-69.8653,-18.1446],[-69.7831,-17.9816],[-69.8576,-17.7342],[-69.8181,-17.6591],[-69.6839,-17.656],[-69.5101,-17.5066]]]},"properties":{"iso":"PER","name":"Tacna","country":"Peru","code":"PE-TAC"}},
{"type":"Feature","geometry":{"type":"Polygon","coordinates":[[[-68.4965,-25.16],[-67.8069,-25.2832],[-66.601,-25.2691],[-66.5516,-25.279],[-66.4692,-25.4798],[-66.5125,-25.6309],[-66.7354,-25.674],[-66.8068,-25.725],[-66.7817,-25.8949],[-66.6194,-26.0969],[-66.5333,-26.26],[-66.4198,-26.3767],[-66.2248,-26.171],[-66.0538,-26.2535],[-65.7118,-26.2954],[-65.6653,-26.0748],[-65.4421,-26.1201],[-65.3144,-26.076],[-65.2673,-26.1636],[-64.9664,-26.2688],[-64.7674,-26.2114],[-64.4863,-26.2202],[-64.425,-26.0276],[-64.2116,-25.6037],[-64.1534,-25.5847],[-63.9244,-25.6523],[-63.3986,-25.6594],[-63.0919,-25.3013],[-62.3344,-24.4029],[-62.3392,-24.1206],[-62.3388,-23.5562],[-62.3414,-22.4723],[-62.6327,-22.296],[-62.6504,-22.2345],[-62.7909,-22.1132],[-62.8044,-22.0041],[-63.6394,-21.9975],[-63.7404,-22.0506],[-63.8131,-22.003],[-63.9476,-22.0076],[-64.1605,-22.4385],[-64.2508,-22.5407],[-64.294,-22.6909],[-64.369,-22.7297],[-64.4537,-22.6429],[-64.4283,-22.5423],[-64.572,-22.3432],[-64.5869,-22.2128],[-65.0204,-22.0966],[-65.1905,-22.0985],[-65.2419,-22.3262],[-65.3343,-22.5023],[-65.2687,-22.6298],[-65.2684,-22.8437],[-65.1925,-22.9805],[-65.0393,-23.0023],[-65.0072,-23.0746],[-65.0429,-23.2514],[-64.9642,-23.2985],[-64.8159,-23.5046],[-64.6601,-23.4546],[-64.4383,-23.6196],[-64.347,-23.5046],[-64.1811,-23.5416],[-64.1588,-24.1836],[-64.3149,-24.414],[-64.3994,-24.424],[-64.5565,-24.5258],[-64.6255,-24.6132],[-64.8166,-24.4589],[-64.9017,-24.5926],[-65.0315,-24.5649],[-65.1746,-24.4547],[-65.2769,-24.5018],[-65.5871,-24.4026],[-65.7593,-24.1558],[-65.7591,-24.0768],[-65.9641,-23.9897],[-66.026,-23.8476],[-65.987,-23.7142],[-65.9868,-23.5433],[-66.1702,-23.4207],[-66.3522,-23.3678],[-66.4029,-23.5569],[-66.3379,-23.7238],[-66.352,-24.0414],[-66.381,-24.1281],[-66.5045,-24.2371],[-66.6753,-24.1991],[-66.8574,-24.0602],[-67.0922,-23.8263],[-67.2513,-23.7331],[-67.3624,-24.0304],[-68.2445,-24.3854],[-68.314,-24.4873],[-68.3977,-24.5005],[-68.5037,-24.6123],[-68.5724,-24.7699],[-68.4793,-24.8996],[-68.3792,-25.1368],[-68.4965,-25.16]]]},"properties":{"iso":"ARG","name":"Salta","country":"Argentina","code":"AR-A"}},
{"type":"Feature","geometry":{"type":"Polygon","coordinates":[[[-67.1939,-22.8222],[-67.014,-23.0007],[-67.2513,-23.7331],[-67.0922,-23.8263],[-66.8574,-24.0602],[-66.6753,-24.1991],[-66.5045,-24.2371],[-66.381,-24.1281],[-66.352,-24.0414],[-66.3379,-23.7238],[-66.4029,-23.5569],[-66.3522,-23.3678],[-66.1702,-23.4207],[-65.9868,-23.5433],[-65.987,-23.7142],[-66.026,-23.8476],[-65.9641,-23.9897],[-65.7591,-24.0768],[-65.7593,-24.1558],[-65.5871,-24.4026],[-65.2769,-24.5018],[-65.1746,-24.4547],[-65.0315,-24.5649],[-64.9017,-24.5926],[-64.8166,-24.4589],[-64.6255,-24.6132],[-64.5565,-24.5258],[-64.3994,-24.424],[-64.3149,-24.414],[-64.1588,-24.1836],[-64.1811,-23.5416],[-64.347,-23.5046],[-64.4383,-23.6196],[-64.6601,-23.4546],[-64.8159,-23.5046],[-64.9642,-23.2985],[-65.0429,-23.2514],[-65.0072,-23.0746],[-65.0393,-23.0023],[-65.1925,-22.9805],[-65.2684,-22.8437],[-65.2687,-22.6298],[-65.3343,-22.5023],[-65.2419,-22.3262],[-65.1905,-22.0985],[-65.5799,-22.0865],[-65.7446,-22.114],[-65.9327,-21.9446],[-66.0465,-21.918],[-66.0945,-21.8329],[-66.24,-21.7924],[-66.2972,-22.0503],[-66.3775,-22.1271],[-66.7359,-22.2251],[-66.7965,-22.4349],[-67.0327,-22.5246],[-67.0377,-22.6546],[-67.1939,-22.8222]]]},"properties":{"iso":"ARG","name":"Jujuy","country":"Argentina","code":"AR-Y"}},
{"type":"Feature","geometry":{"type":"Polygon","coordinates":[[[87.3238,49.0853],[87.1163,49.1298],[86.8873,49.1068],[86.7275,48.9903],[86.7895,48.8391],[86.7445,48.7035],[86.5651,48.5273],[86.3338,48.4904],[86.192,48.4182],[85.7837,48.4076],[85.5864,48.1412],[85.5154,47.9203],[85.5954,47.6241],[85.58,47.5238],[85.6704,47.3843],[85.6597,47.2065],[85.5568,47.1787],[85.4986,47.0518],[85.2051,47.0337],[84.916,46.8506],[84.7396,46.8148],[84.6635,46.9839],[84.1591,46.9933],[83.9053,46.974],[83.5245,47.0671],[83.1504,47.2115],[83.0135,47.1946],[82.9855,46.9425],[82.839,46.7324],[82.6744,46.3311],[82.5683,46.1965],[82.4889,45.9017],[82.3722,45.7342],[82.2915,45.5332],[82.3627,45.4812],[82.6157,45.4354],[82.5852,45.1768],[82.4758,45.1157],[82.2946,45.2282],[81.9501,45.1445],[81.8073,45.1887],[81.7393,45.3381],[80.8539,45.1265],[80.6971,45.1437],[80.4251,45.0921],[80.365,45.0432],[80.0617,45.019],[79.8582,44.9037],[79.9917,44.7936],[80.2183,44.8181],[80.4762,44.7354],[80.3763,44.6713],[80.3329,44.4174],[80.373,44.2702],[80.3451,44.1031],[80.4762,43.9102],[80.7127,43.4589],[80.6429,43.3262],[80.7355,43.2889],[80.7734,43.1129],[80.5759,43.1194],[80.3681,43.0285],[80.4762,42.8639],[80.2275,42.791],[80.14,42.623],[80.2684,42.238],[80.2565,42.0844],[80.1819,42.021],[79.8429,42.0018],[79.7475,41.8797],[79.611,41.8676],[79.411,41.7786],[79.3041,41.7876],[78.9762,41.6418],[78.6721,41.5384],[78.6192,41.4781],[78.3599,41.3775],[78.3597,41.2875],[78.075,41.0395],[77.8667,41.0641],[77.6656,41.0013],[77.4749,40.982],[77.333,41.0207],[76.861,41.0132],[76.7708,40.8671],[76.6308,40.7289],[76.6242,40.6275],[76.4491,40.4155],[76.3302,40.3481],[76.2442,40.4412],[75.9215,40.3091],[75.6818,40.2917],[75.6669,40.4502],[75.5599,40.6329],[75.4818,40.6141],[75.1939,40.4413],[75.0391,40.4411],[74.8354,40.5116],[74.7058,40.3313],[74.3699,40.1058],[74.1676,40.1064],[74.004,40.0608],[73.823,39.8057],[73.9268,39.5929],[73.8207,39.4682],[73.6326,39.4483],[73.6023,39.2358],[73.6982,39.0784],[73.816,38.9938],[73.6837,38.8549],[73.7974,38.6028],[73.9329,38.5297],[74.1404,38.6692],[74.3342,38.667],[74.7763,38.5107],[74.8383,38.3794],[74.7711,38.2915],[74.7907,38.0814],[74.8928,37.994],[74.8832,37.8439],[74.9652,37.7675],[74.8919,37.5992],[75.1641,37.4006],[75.0684,37.3121],[74.7833,37.2197],[74.4873,37.2259],[74.3661,37.1478],[74.5424,37.0217],[74.6625,37.0545],[74.9105,36.9626],[75.1001,36.9941],[75.3513,36.9158],[75.4105,36.7473],[75.5705,36.7667],[75.7905,36.6878],[75.9766,36.4626],[75.9688,36.302],[76.0144,36.2304],[75.8943,36.0974],[76.0614,35.9916],[76.166,35.8062],[76.312,35.8097],[76.5653,35.8655],[76.5708,35.7513],[76.8964,35.5896],[77.2508,35.5307],[77.4128,35.4694],[77.6606,35.4581],[77.8003,35.4954],[77.8831,35.4311],[78.0556,35.4529],[78.0012,35.2689],[78.13,35.0554],[78.2732,34.6589],[78.3794,34.5787],[78.6073,34.5465],[78.9569,34.34],[79.2045,34.4394],[79.5126,34.4717],[79.7173,34.4128],[79.794,34.431],[79.9563,34.6848],[79.8838,34.9196],[80.0469,35.0177],[80.0142,35.0859],[80.1762,35.2532],[80.3192,35.5093],[80.486,35.4042],[80.8585,35.3471],[80.9789,35.2934],[81.0609,35.3886],[81.2102,35.3169],[81.3573,35.3324],[81.5451,35.2518],[81.7114,35.2457],[82.0022,35.3194],[82.086,35.448],[82.2892,35.545],[82.3189,35.6337],[82.4282,35.6898],[82.7104,35.6502],[82.9359,35.6741],[82.9718,35.4904],[83.0987,35.4128],[83.2461,35.4212],[83.5648,35.3607],[83.8707,35.3745],[83.9844,35.416],[84.2147,35.389],[84.5634,35.5595],[84.7776,35.6005],[84.9236,35.6893],[85.1498,35.7498],[85.3893,35.7567],[85.6198,35.6754],[85.7169,35.7593],[85.9299,35.7617],[86.0874,35.8756],[86.2123,36.1159],[86.4594,36.2194],[87.1938,36.304],[87.3456,36.3741],[87.5709,36.3338],[87.9245,36.3826],[88.0001,36.4284],[88.4592,36.4489],[88.7117,36.3684],[88.8281,36.3737],[88.9583,36.2873],[89.2236,36.2636],[89.6778,36.082],[89.8668,36.0656],[89.972,36.1049],[90.0138,36.2528],[90.1657,36.1292],[90.6227,36.1111],[90.8294,36.0104],[91.1113,36.0739],[91.1358,36.1406],[91.0067,36.5035],[90.8053,36.5585],[90.6881,36.6985],[90.7124,36.8215],[90.8078,36.9106],[91.055,36.9451],[91.2876,37.0135],[91.3163,37.119],[91.235,37.1954],[91.0737,37.4879],[90.4365,37.7786],[90.4393,37.9961],[90.1935,38.3257],[90.1509,38.4328],[90.3125,38.4658],[90.636,38.6243],[90.6535,38.6741],[91.0125,38.6987],[91.2944,38.7451],[91.4916,38.8173],[91.6286,38.8257],[92.1227,38.9406],[92.3331,39.0499],[92.936,39.1529],[92.948,39.4525],[92.7724,39.8105],[92.7774,39.9055],[92.9195,40.1181],[92.9259,40.4229],[93.0368,40.4899],[93.2863,40.4693],[93.5775,40.588],[94.011,41.104],[94.5809,41.5852],[95.0583,41.7886],[95.492,41.856],[95.7719,41.8297],[95.8639,41.855],[96.0358,41.9953],[96.0178,42.1387],[96.0438,42.4999],[96.0909,42.5869],[96.3663,42.7229],[96.2943,42.9333],[95.9085,43.2145],[95.8328,43.4089],[95.6925,43.6305],[95.5103,43.9791],[95.3275,44.0067],[95.3214,44.1484],[95.3794,44.2871],[95.0368,44.255],[94.6982,44.3435],[94.5881,44.4361],[94.3385,44.5121],[94.195,44.6543],[93.9751,44.66],[93.714,44.8746],[93.5253,44.9513],[93.1657,45.0076],[92.7527,45.038],[92.4751,44.9975],[92.1937,45.0145],[92.0094,45.0762],[91.663,45.0595],[91.4561,45.1375],[91.2491,45.1297],[91.135,45.1979],[90.9055,45.186],[90.7966,45.2928],[90.738,45.4417],[90.6511,45.4931],[90.7108,45.7522],[91.0024,46.0218],[90.8962,46.302],[91.0475,46.5664],[91.0048,46.7404],[90.8282,46.9823],[90.7121,47.0147],[90.4687,47.3089],[90.4412,47.493],[90.3274,47.623],[90.0829,47.7561],[90.0446,47.8798],[89.7513,47.8243],[89.5418,48.031],[89.3343,48.0324],[89.244,47.9802],[89.0456,47.993],[88.9323,48.097],[88.8054,48.106],[88.5808,48.212],[88.5651,48.343],[87.9428,48.5995],[88.0338,48.7291],[87.8059,48.8006],[87.7569,48.9204],[87.8219,49.0287],[87.8163,49.1658],[87.3238,49.0853]]]},"properties":{"iso":"CHN","name":"Xinjiang","country":"China","code":"CN-XJ"}},
{"type":"Feature","geometry":{"type":"Polygon","coordinates":[[[78.9569,34.34],[78.9762,34.2172],[78.7301,34.0793],[78.7211,33.9944],[78.7941,33.7439],[78.7814,33.5528],[78.8243,33.4611],[78.965,33.3443],[79.098,33.2877],[79.2601,33.2918],[79.4561,33.2504],[79.3732,33.1121],[79.4141,32.9721],[79.6207,32.7287],[79.4435,32.5348],[79.2874,32.5326],[79.1129,32.4724],[79.0917,32.3906],[78.9434,32.3464],[78.7715,32.4617],[78.7133,32.6375],[78.6302,32.578],[78.4475,32.5663],[78.458,32.2297],[78.7446,31.9642],[78.6709,31.7705],[78.8189,31.6074],[78.6995,31.51],[78.7626,31.4451],[78.7385,31.335],[78.921,31.2697],[79.0702,31.4614],[79.2383,31.3297],[79.3022,31.1635],[79.395,31.0367],[79.5296,30.9536],[79.8335,30.9615],[80.0625,30.7848],[80.1693,30.7853],[80.1669,30.6619],[80.2528,30.565],[80.7231,30.392],[80.7817,30.321],[80.976,30.2552],[81.0978,30.0169],[81.1945,30.0045],[81.3573,30.1736],[81.3875,30.3739],[81.4831,30.3319],[81.5916,30.4143],[81.779,30.358],[82.0888,30.3301],[82.1445,30.0694],[82.3944,30.0031],[82.5418,29.9232],[82.8366,29.6598],[83.1621,29.6252],[83.328,29.485],[83.5171,29.1917],[83.656,29.1608],[83.7197,29.2336],[83.9456,29.2918],[84.0991,29.247],[84.2314,29.026],[84.2351,28.9],[84.354,28.8613],[84.4508,28.7339],[84.6072,28.6982],[84.6778,28.6044],[84.9187,28.5357],[85.0549,28.6387],[85.168,28.5832],[85.0776,28.4357],[85.0802,28.3188],[85.2596,28.2669],[85.4316,28.2971],[85.6118,28.2511],[85.6751,28.3064],[85.8483,28.1589],[85.9803,27.8852],[86.1129,27.9268],[86.0687,28.0768],[86.156,28.1565],[86.203,28.0026],[86.4388,27.9109],[86.4969,27.9379],[86.5442,28.093],[86.662,28.1068],[86.8931,27.9542],[87.0305,27.9381],[87.1558,27.8258],[87.3868,27.8044],[87.5316,27.8368],[87.7564,27.8204],[87.8259,27.9066],[88.0957,27.8653],[88.1267,27.9504],[88.3788,27.9826],[88.6105,28.1058],[88.8177,27.9947],[88.8539,27.8437],[88.8057,27.6551],[88.741,27.5457],[88.7736,27.4085],[88.8923,27.3155],[89.051,27.6083],[89.1274,27.6273],[89.2249,27.8078],[89.336,27.8691],[89.4445,28.0312],[89.5615,28.1346],[89.7558,28.1844],[89.8629,28.2958],[90.0709,28.3452],[90.2618,28.3354],[90.5877,28.2333],[90.4752,28.0723],[90.6839,28.0871],[91.0926,27.9717],[91.2697,28.0729],[91.4188,27.9947],[91.6217,27.9507],[91.7299,27.8041],[91.8649,27.73],[92.0649,27.7617],[92.2396,27.8653],[92.3039,27.7862],[92.4044,27.8538],[92.575,27.8478],[92.7364,27.9859],[92.6548,28.1058],[92.8503,28.192],[92.9749,28.2823],[93.2078,28.3405],[93.1863,28.432],[93.3172,28.6035],[93.4462,28.6719],[93.8631,28.7049],[93.9278,28.6828],[93.992,28.8446],[94.2502,28.9331],[94.3473,29.0243],[94.2708,29.0979],[94.3964,29.2071],[94.5286,29.2312],[94.6304,29.3195],[94.7766,29.1667],[95.0477,29.1408],[95.2249,29.0594],[95.3674,29.0365],[95.4876,29.069],[95.5153,29.2094],[95.7172,29.2183],[95.7448,29.3404],[96.142,29.3685],[96.2054,29.2569],[96.3164,29.1719],[96.1746,29.1088],[96.1953,28.9411],[96.3666,29.0365],[96.4576,28.9946],[96.5767,28.8085],[96.598,28.7099],[96.3365,28.4797],[96.3696,28.3781],[96.5615,28.4473],[96.7169,28.4365],[96.934,28.3366],[97.1156,28.3666],[97.3235,28.2175],[97.4367,28.2864],[97.4453,28.383],[97.5277,28.5295],[97.6996,28.488],[97.74,28.3826],[97.8975,28.3553],[97.9911,28.214],[98.115,28.1439],[98.2302,28.2029],[98.2998,28.3548],[98.41,28.2506],[98.4899,28.2481],[98.6404,28.4241],[98.5892,28.6703],[98.6781,28.7571],[98.6387,28.8787],[98.6648,28.9742],[98.785,29.0002],[98.8735,28.8118],[99.0063,29.0732],[98.9902,29.202],[99.1088,29.2238],[99.0625,29.3083],[99.042,29.5625],[98.9868,29.6509],[99.0055,29.8201],[99.0563,29.9153],[98.9868,30.1444],[98.9607,30.46],[98.9054,30.6638],[98.9543,30.7479],[98.7751,30.9022],[98.803,30.991],[98.6203,31.1879],[98.7678,31.2304],[98.885,31.3541],[98.5922,31.5988],[98.4455,31.8036],[98.453,31.9841],[98.2202,32.2522],[98.2058,32.3556],[98.0142,32.4645],[97.7157,32.5442],[97.5623,32.4843],[97.3609,32.5002],[97.3932,32.385],[97.3598,32.2605],[97.2544,32.204],[97.2549,32.0758],[97.1241,32.0093],[97.0181,32.0229],[96.7541,31.9738],[96.7954,31.7155],[96.4832,31.7535],[96.2782,31.9091],[96.1826,31.8712],[96.0942,31.7005],[95.8489,31.7143],[95.5927,31.7616],[95.4971,31.7417],[95.4068,31.8107],[95.3543,31.9544],[95.4253,32.0948],[95.2591,32.2441],[95.0618,32.2612],[94.9513,32.3372],[94.9389,32.4282],[94.5822,32.6722],[94.3169,32.5408],[94.1108,32.4782],[93.8774,32.4954],[93.7342,32.5725],[93.5104,32.5161],[93.2185,32.6598],[93.0313,32.6635],[93.0059,32.7346],[92.65,32.7404],[92.4658,32.7694],[92.2214,32.745],[92.1961,32.8686],[91.9768,32.8486],[91.8131,32.9683],[91.5427,33.0803],[91.3765,33.2713],[91.3616,33.337],[91.1892,33.337],[91.1279,33.2543],[90.9499,33.2394],[90.8041,33.1405],[90.6603,33.1559],[90.4363,33.2822],[90.3232,33.2887],[90.2057,33.4015],[90.1406,33.5782],[89.9751,33.6306],[89.8772,33.8227],[89.7419,33.9095],[89.6367,34.0934],[89.7866,34.1985],[89.8403,34.3833],[89.7239,34.7396],[89.8252,34.8461],[89.7877,34.9264],[89.5836,34.9409],[89.5717,35.0733],[89.4548,35.2128],[89.4843,35.3422],[89.7301,35.4437],[89.6903,35.5086],[89.7888,35.8269],[89.4846,35.8802],[89.4351,35.9878],[89.5147,36.0533],[89.6778,36.082],[89.2236,36.2636],[88.9583,36.2873],[88.8281,36.3737],[88.7117,36.3684],[88.4592,36.4489],[88.0001,36.4284],[87.9245,36.3826],[87.5709,36.3338],[87.3456,36.3741],[87.1938,36.304],[86.4594,36.2194],[86.2123,36.1159],[86.0874,35.8756],[85.9299,35.7617],[85.7169,35.7593],[85.6198,35.6754],[85.3893,35.7567],[85.1498,35.7498],[84.9236,35.6893],[84.7776,35.6005],[84.5634,35.5595],[84.2147,35.389],[83.9844,35.416],[83.8707,35.3745],[83.5648,35.3607],[83.2461,35.4212],[83.0987,35.4128],[82.9718,35.4904],[82.9359,35.6741],[82.7104,35.6502],[82.4282,35.6898],[82.3189,35.6337],[82.2892,35.545],[82.086,35.448],[82.0022,35.3194],[81.7114,35.2457],[81.5451,35.2518],[81.3573,35.3324],[81.2102,35.3169],[81.0609,35.3886],[80.9789,35.2934],[80.8585,35.3471],[80.486,35.4042],[80.3192,35.5093],[80.1762,35.2532],[80.0142,35.0859],[80.0469,35.0177],[79.8838,34.9196],[79.9563,34.6848],[79.794,34.431],[79.7173,34.4128],[79.5126,34.4717],[79.2045,34.4394],[78.9569,34.34]]]},"properties":{"iso":"CHN","name":"Xizang","country":"China","code":"CN-XZ"}},
{"type":"Feature","geometry":{"type":"Polygon","coordinates":[[[-56.4818,1.9416],[-56.3672,1.9289],[-56.0197,1.8335],[-55.9168,1.9222],[-55.9258,2.0617],[-56.0313,2.1635],[-56.1168,2.3331],[-56.0133,2.3988],[-55.9892,2.5208],[-55.7243,2.3969],[-55.6083,2.434],[-55.3996,2.4302],[-55.3545,2.4949],[-55.1125,2.5278],[-55.0177,2.5906],[-54.8803,2.4473],[-54.7032,2.4458],[-54.7041,2.3248],[-54.5203,2.3489],[-54.3594,2.508],[-54.2125,2.7764],[-54.1634,2.9697],[-54.1905,3.1781],[-54.003,3.4554],[-53.9888,3.611],[-54.0507,3.6406],[-54.1255,3.7887],[-54.1874,3.8147],[-54.3552,4.0665],[-54.4105,4.2086],[-54.403,4.3129],[-54.4508,4.4842],[-54.4355,4.7094],[-54.4787,4.7552],[-54.4821,4.9128],[-54.4302,5.0534],[-54.3207,5.2125],[-54.473,5.3065],[-54.6549,5.3746],[-54.8032,5.1626],[-54.8513,4.9809],[-54.7401,4.8903],[-54.8185,4.6491],[-54.8319,4.5157],[-54.899,4.4291],[-54.875,4.2893],[-54.9401,4.1414],[-55.0113,4.1721],[-55.2493,4.0156],[-55.311,4.0699],[-55.331,4.4221],[-55.3672,4.4972],[-55.3765,4.8537],[-55.503,5.0805],[-55.6334,4.9872],[-55.8169,5.108],[-55.9988,5.1029],[-55.9695,5.3808],[-55.9169,5.5399],[-56.06,5.395],[-56.3222,5.3729],[-56.4839,5.3168],[-56.7239,5.3333],[-57.2325,5.2606],[-57.3152,5.0261],[-57.4903,4.9914],[-57.7205,4.9898],[-57.8503,4.9228],[-57.9185,4.8298],[-57.8374,4.6509],[-57.9527,4.4097],[-57.965,4.282],[-58.0677,4.1511],[-58.0321,3.9877],[-57.8539,3.7667],[-57.8298,3.6624],[-57.644,3.5167],[-57.6582,3.3952],[-57.5651,3.3498],[-57.2836,3.3438],[-57.2749,3.1343],[-57.1746,2.819],[-57.0272,2.6482],[-56.9941,2.5049],[-56.8844,2.3037],[-56.7052,2.0296],[-56.5798,2.0168],[-56.4818,1.9416]]]},"properties":{"iso":"SUR","name":"Sipaliwini","country":"Suriname","code":"SR-SI"}},
{"type":"Feature","geometry":{"type":"Polygon","coordinates":[[[-57.2325,5.2606],[-57.3241,5.3386],[-57.2477,5.4849],[-57.1615,5.6389],[-57.1831,5.7314],[-57.1373,5.8821],[-57.1673,6.0851],[-57.2898,6.2347],[-57.4664,6.3379],[-57.5204,6.278],[-57.6254,6.1659],[-57.5974,6.0801],[-57.6894,5.9805],[-57.683,5.875],[-57.6076,5.7738],[-57.6984,5.3473],[-57.8232,5.1436],[-57.8724,5.0148],[-57.9955,4.8707],[-58.066,4.654],[-58.2822,4.6343],[-58.3784,4.4475],[-58.4399,4.2512],[-58.3644,4.1388],[-58.2822,3.7526],[-58.1516,3.5344],[-58.1005,3.2044],[-57.9951,3.0537],[-57.9324,2.8783],[-58.0309,2.7066],[-58.0393,2.4745],[-58.108,2.3416],[-58.2671,1.8971],[-58.5018,1.4538],[-58.4135,1.472],[-58.3319,1.5934],[-58.0272,1.5169],[-57.991,1.6504],[-57.7908,1.7049],[-57.5612,1.709],[-57.4295,1.9003],[-57.3415,1.9688],[-57.2384,1.9485],[-57.1045,2.0215],[-57.0112,1.9186],[-56.8065,1.8736],[-56.6396,1.9369],[-56.4818,1.9416],[-56.5798,2.0168],[-56.7052,2.0296],[-56.8844,2.3037],[-56.9941,2.5049],[-57.0272,2.6482],[-57.1746,2.819],[-57.2749,3.1343],[-57.2836,3.3438],[-57.5651,3.3498],[-57.6582,3.3952],[-57.644,3.5167],[-57.8298,3.6624],[-57.8539,3.7667],[-58.0321,3.9877],[-58.0677,4.1511],[-57.965,4.282],[-57.9527,4.4097],[-57.8374,4.6509],[-57.9185,4.8298],[-57.8503,4.9228],[-57.7205,4.9898],[-57.4903,4.9914],[-57.3152,5.0261],[-57.2325,5.2606]]]},"properties":{"iso":"GUY","name":"Mahaica-Berbice","country":"Guiana","code":"GY-MA"}},
{"type":"Feature","geometry":{"type":"Polygon","coordinates":[[[-84.1577,10.7884],[-84.2084,10.861],[-84.6765,11.0704],[-84.885,10.9477],[-84.9314,10.9419],[-85.2365,11.0531],[-85.4375,10.9069],[-85.2827,10.7596],[-85.1796,10.7675],[-85.0167,10.6927],[-84.9747,10.6041],[-84.7933,10.4966],[-84.7866,10.3153],[-84.6839,10.2788],[-84.6494,10.0912],[-84.5935,10.0132],[-84.6744,9.8844],[-84.5711,9.8245],[-84.461,9.9173],[-84.3271,9.9115],[-84.2,9.9572],[-84.1658,10.1584],[-84.1577,10.7884]]]},"properties":{"iso":"CRI","name":"Alajuela","country":"Costa Rica","code":"CR-A"}},
{"type":"Feature","geometry":{"type":"Polygon","coordinates":[[[-84.1577,10.7884],[-84.0227,10.7872],[-83.9333,10.7181],[-83.7638,10.7737],[-83.663,10.807],[-83.6965,10.9366],[-83.7183,10.944],[-83.8956,11.1127],[-84.0096,11.0875],[-84.1744,11.1444],[-84.3276,11.2769],[-84.3775,11.362],[-84.5526,11.4524],[-84.5343,11.6521],[-84.6074,11.8625],[-84.795,11.8678],[-85.1015,11.6315],[-85.341,11.1471],[-85.3002,11.1105],[-84.885,10.9477],[-84.6765,11.0704],[-84.2084,10.861],[-84.1577,10.7884]]]},"properties":{"iso":"NIC","name":"Rio San Juan","country":"Nicarágua","code":"NI-SJ"}},
{"type":"Feature","geometry":{"type":"Polygon","coordinates":[[[-57.7994,-30.7915],[-57.7013,-30.7649],[-57.5721,-30.8633],[-57.4792,-30.8754],[-57.0714,-31.0779],[-56.9104,-31.0439],[-56.6785,-31.0419],[-56.4155,-30.8871],[-56.1833,-30.9375],[-56.017,-31.0743],[-56.0114,-30.7982],[-56.2351,-30.5654],[-56.3726,-30.4859],[-56.6737,-30.2113],[-56.8313,-30.102],[-57.1023,-30.1212],[-57.2126,-30.2873],[-57.536,-30.2744],[-57.6425,-30.1931],[-57.6527,-30.3291],[-57.8496,-30.4853],[-57.8858,-30.5899],[-57.8087,-30.7473],[-57.7994,-30.7915]]]},"properties":{"iso":"URY","name":"Artigas","country":"Uruguai","code":"UY-AR"}},
{"type":"Feature","geometry":{"type":"Polygon","coordinates":[[[116.6843,49.8233],[116.0378,48.8701],[116.0282,48.7675],[115.8004,48.5304],[115.8093,48.274],[115.5145,48.1221],[115.5619,47.9332],[115.8527,47.7056],[115.9729,47.7091],[116.0843,47.8069],[116.2439,47.8629],[116.4997,47.8364],[116.8533,47.8721],[117.0697,47.8102],[117.3171,47.6541],[117.5272,47.7865],[117.7417,47.9776],[118.1825,48.0282],[118.5423,47.9662],[118.7674,47.7562],[119.0835,47.6616],[119.1576,47.5177],[119.7,47.1595],[119.7701,46.993],[119.9029,46.8424],[119.9042,46.7089],[119.6801,46.5916],[119.3169,46.6117],[119.0624,46.661],[118.9672,46.7405],[118.8162,46.7582],[118.7201,46.6767],[118.2383,46.7154],[117.8783,46.5964],[117.6962,46.5123],[117.582,46.592],[117.3938,46.5714],[117.3017,46.3501],[116.8046,46.3829],[116.6036,46.3093],[116.3572,46.1056],[116.2132,45.9082],[116.2516,45.8033],[116.1699,45.7091],[116.012,45.6786],[115.6378,45.4444],[115.3373,45.3947],[114.9389,45.3738],[114.7373,45.425],[114.5337,45.3855],[114.4189,45.2015],[114.0553,44.9406],[113.8893,44.9083],[113.6351,44.7463],[113.1049,44.7944],[112.6142,44.9088],[112.4413,45.0524],[112.0115,45.0875],[111.7385,44.9663],[111.5514,44.6932],[111.5438,44.6013],[111.4064,44.4165],[111.5194,44.1886],[111.6345,44.0659],[111.8388,43.9388],[111.9443,43.7864],[111.9334,43.6966],[111.7538,43.6632],[111.5973,43.5234],[111.0961,43.3667],[110.9337,43.2878],[110.6801,43.0577],[110.6082,42.9447],[110.4067,42.7686],[110.0749,42.6435],[109.9127,42.6288],[109.6673,42.549],[109.4851,42.4493],[109.2534,42.4259],[108.9945,42.4495],[108.7969,42.3984],[108.5365,42.4351],[108.1774,42.4543],[106.7678,42.2866],[105.8686,41.9935],[105.2745,41.7555],[105.2009,41.7435],[105.0148,41.5961],[104.8923,41.6448],[104.498,41.6658],[104.5008,41.8706],[103.721,41.7556],[103.0735,42.0045],[102.0342,42.1846],[101.8865,42.278],[101.7354,42.4612],[101.6376,42.5154],[101.4107,42.5449],[101.2187,42.5298],[100.017,42.6765],[99.4745,42.5642],[98.6622,42.6436],[97.1907,42.7871],[97.8469,41.6193],[97.6476,41.4555],[97.7085,41.3494],[97.9505,41.1198],[98.3265,40.8557],[98.2348,40.5417],[98.5152,40.5335],[98.6458,40.5676],[98.8257,40.7266],[99.1574,40.8363],[99.496,40.8429],[99.6645,40.9013],[100.0112,40.8963],[100.176,40.7351],[100.2038,40.617],[100.0142,40.4025],[99.8994,40.2048],[99.627,40.0692],[99.4309,39.8788],[99.6861,39.876],[100.0435,39.7277],[100.1889,39.6949],[100.3068,39.5498],[100.455,39.4956],[100.5435,39.4089],[100.8332,39.3801],[100.852,39.1675],[101.0485,39.0008],[101.18,39.0206],[101.2478,38.87],[101.414,38.7492],[101.5802,38.6882],[101.8311,38.6898],[102.0228,38.8927],[101.8255,39.0644],[102.3931,39.2372],[102.5935,39.1779],[102.9654,39.1194],[103.284,39.293],[103.7493,39.4249],[104.024,39.4411],[104.06,39.3078],[104.2248,39.0907],[104.1716,38.9595],[104.0426,38.8741],[103.9795,38.759],[103.7943,38.5908],[103.4712,38.4359],[103.5217,38.1398],[103.3881,38.102],[103.4382,37.8424],[103.6787,37.775],[104.1085,37.4618],[104.2625,37.3903],[104.3585,37.4012],[104.4252,37.4986],[104.9443,37.5457],[105.0849,37.6607],[105.3544,37.7526],[105.6587,37.7398],[105.7881,37.8051],[105.8247,38.0055],[105.7556,38.1355],[105.8281,38.2268],[105.8412,38.5713],[105.8966,38.7362],[106.0603,38.9791],[106.1132,39.1208],[106.2834,39.1565],[106.2757,39.2692],[106.4969,39.2858],[106.6141,39.3583],[106.7891,39.361],[106.8082,39.1991],[106.9778,39.0356],[106.9317,38.9211],[106.7044,38.6372],[106.645,38.4592],[106.4701,38.2907],[106.8292,38.1504],[107.0608,38.1149],[107.1626,38.1386],[107.3242,38.0659],[107.4047,37.9217],[107.6576,37.8529],[107.885,37.8016],[108.0387,37.6325],[108.333,37.6336],[108.7643,37.6819],[108.7907,37.9418],[108.9543,37.9255],[109.028,38.111],[108.9535,38.1991],[108.9864,38.3352],[109.16,38.5421],[109.3132,38.6205],[109.4239,38.7691],[109.538,38.7852],[109.6743,39.0112],[109.8206,39.0545],[109.9633,39.1813],[110.1769,39.2852],[110.4942,39.3743],[110.6849,39.2644],[110.8457,39.4652],[111.0131,39.5649],[111.041,39.423],[111.11,39.3852],[111.3427,39.4444],[111.4899,39.6522],[111.7612,39.598],[111.9215,39.6888],[112.099,40.0054],[112.2793,40.229],[112.3992,40.2883],[112.7342,40.1728],[112.8438,40.2257],[112.9614,40.3559],[113.2299,40.4167],[113.3341,40.3187],[113.5183,40.3437],[113.6766,40.4285],[114.0438,40.488],[114.027,40.6352],[114.1541,40.7426],[113.8807,41.0993],[113.9849,41.2409],[113.9089,41.294],[113.928,41.4184],[114.0273,41.5313],[114.1971,41.5936],[114.2557,41.8601],[114.4197,41.9563],[114.4813,42.0753],[114.5963,42.1413],[114.8049,42.1784],[114.9203,41.9369],[114.8758,41.8117],[114.889,41.61],[115.2259,41.5858],[115.3474,41.6241],[115.3398,41.7208],[115.5275,41.7723],[115.8588,41.9275],[115.9373,41.9275],[116.0379,41.8006],[116.3775,42.0097],[116.5997,41.9237],[116.8581,42.0195],[116.8789,42.2202],[116.8266,42.3082],[116.8871,42.3954],[117.0559,42.4628],[117.4124,42.4581],[117.4504,42.5493],[117.8005,42.5688],[118.0242,42.3826],[118.1339,42.0219],[118.2679,42.0739],[118.3222,41.8635],[118.2782,41.7527],[118.1594,41.7191],[118.3136,41.5696],[118.3703,41.314],[118.4784,41.3551],[119.1527,41.3122],[119.231,41.2734],[119.3616,41.375],[119.3897,41.4726],[119.2986,41.7773],[119.3659,42.1005],[119.2453,42.1919],[119.3357,42.2894],[119.5628,42.3718],[119.6294,42.2505],[119.8215,42.2086],[119.8082,42.1202],[120.0303,41.8606],[120.1408,41.7893],[120.3402,41.9658],[120.4688,42.038],[120.5092,42.1487],[120.6279,42.1604],[120.9126,42.2966],[121.0342,42.2601],[121.3689,42.5],[121.5444,42.5352],[121.6461,42.4536],[121.8778,42.5396],[121.9183,42.6466],[122.045,42.7209],[122.2994,42.6365],[122.4257,42.722],[122.4764,42.8496],[122.7279,42.741],[122.8928,42.7449],[123.1313,42.8264],[123.1819,42.9441],[123.612,43.0814],[123.6963,43.3535],[123.3781,43.4532],[123.3614,43.5398],[123.49,43.5914],[123.5222,43.697],[123.3223,44.0419],[123.3591,44.1513],[123.2576,44.2041],[123.1238,44.4944],[122.3766,44.22],[122.2541,44.2459],[122.2819,44.4287],[122.046,44.6949],[122.0108,45.1183],[122.1918,45.201],[122.234,45.2871],[122.1365,45.4491],[122.0271,45.4845],[121.9344,45.69],[121.6664,45.7158],[121.8148,45.9137],[121.996,45.9803],[122.2398,45.8135],[122.3986,45.9492],[122.4979,45.8254],[122.647,45.7251],[122.7734,45.7885],[122.7987,46.0893],[123.0689,46.1087],[123.1617,46.2201],[122.9889,46.4066],[123.0197,46.6123],[123.3973,46.5978],[123.6087,46.7746],[123.38,46.8981],[123.1868,46.7616],[122.9962,46.8403],[122.7973,47.0337],[122.574,47.1311],[122.4052,47.3317],[122.5654,47.5312],[123.2068,47.8138],[123.2933,47.9457],[123.5776,48.0543],[123.7269,48.1911],[124.0779,48.4483],[124.3008,48.4919],[124.3272,48.3322],[124.4256,48.1744],[124.5622,48.2362],[124.5207,48.369],[124.5381,48.5717],[124.8216,49.0609],[124.8639,49.1754],[125.1581,49.1511],[125.2229,49.22],[125.2674,49.4385],[125.2196,49.6681],[125.2348,49.848],[125.1885,49.9419],[125.2952,50.0145],[125.2644,50.1057],[125.4184,50.1946],[125.5308,50.393],[125.8094,50.5622],[125.824,50.7668],[126.0563,50.9803],[125.9844,51.1042],[125.7195,51.2537],[125.4866,51.5074],[125.3333,51.5827],[125.1275,51.6157],[124.8206,51.3659],[124.5019,51.3606],[124.3508,51.2786],[124.1621,51.3284],[123.8663,51.3134],[123.7888,51.2328],[123.5696,51.2039],[123.4383,51.2731],[123.2717,51.2667],[122.9562,51.3861],[122.7145,51.7017],[122.7542,51.8475],[122.6377,52.095],[122.7307,52.2489],[122.4918,52.2948],[122.3386,52.4537],[122.1737,52.4796],[122.0179,52.2831],[121.8313,52.2694],[121.6923,52.3885],[121.4909,52.4447],[121.1739,52.595],[121.5027,52.7747],[121.8002,53.0236],[121.6072,53.2407],[121.4133,53.3173],[121.2035,53.2767],[120.8743,53.2802],[120.4503,53.0083],[120.2802,52.8659],[120.033,52.7607],[120.0564,52.6005],[120.176,52.5837],[120.4299,52.6361],[120.724,52.5422],[120.6262,52.3468],[120.7581,52.2374],[120.7792,52.1176],[120.6476,51.911],[120.4931,51.8757],[120.1082,51.6652],[119.9157,51.3307],[119.7581,51.199],[119.7483,51.0834],[119.518,50.9048],[119.4967,50.7371],[119.2936,50.5992],[119.2437,50.4455],[119.3529,50.3455],[119.3162,50.0927],[119.0917,49.9866],[118.6444,49.9546],[118.1686,49.6715],[117.7588,49.5127],[117.4729,49.6143],[117.2529,49.6225],[117.0576,49.6729],[116.6843,49.8233]]]},"properties":{"iso":"CHN","name":"Inner Mongol","country":"China","code":"CN-NM"}},
{"type":"Feature","geometry":{"type":"Polygon","coordinates":[[[92.936,39.1529],[93.1403,39.1987],[93.2756,39.1887],[93.502,39.2719],[93.7221,39.3067],[93.9089,39.2856],[94.117,39.3219],[94.4793,39.3178],[95.0572,39.1475],[95.3053,39.1828],[95.4609,39.0466],[95.5658,39.0152],[95.7216,38.8747],[96.0076,38.7517],[96.0548,38.6788],[96.3155,38.6269],[96.5026,38.549],[96.5104,38.4701],[96.8451,38.3564],[96.9455,38.3582],[96.9911,38.9968],[96.9625,39.1032],[97.0265,39.1962],[97.3626,39.1504],[98.0686,38.8018],[98.2626,38.9317],[98.3243,39.0233],[98.4446,38.9573],[98.6022,38.9476],[98.7819,39.0677],[98.9621,38.9818],[99.4963,38.6011],[99.5572,38.5154],[99.7999,38.3657],[100.079,38.2784],[100.1408,38.4858],[100.3578,38.307],[100.5543,38.2521],[100.6357,38.1054],[101.0498,37.9637],[101.2929,37.7989],[101.6465,37.6119],[101.7656,37.525],[101.9371,37.7307],[102.0672,37.5483],[102.0327,37.4789],[102.4266,37.2781],[102.5506,37.1638],[102.4601,36.9557],[102.6747,36.8016],[102.6108,36.6572],[102.7697,36.4976],[102.8186,36.3261],[103.0404,36.2165],[102.9333,36.0861],[102.9995,35.9907],[102.976,35.8333],[102.7003,35.8395],[102.7022,35.524],[102.535,35.5356],[102.4264,35.4353],[102.2893,35.4069],[102.3756,35.2037],[102.2671,35.0559],[102.0094,34.9421],[101.9232,34.7873],[101.7551,34.7037],[101.7934,34.6319],[102.1503,34.4951],[102.2123,34.3515],[102.012,34.1776],[101.8625,34.1414],[101.7804,34.0675],[101.6117,34.1912],[101.0358,34.3389],[100.9353,34.3863],[100.8155,34.2946],[100.7917,34.1549],[100.948,33.9298],[101.1295,33.8506],[101.1603,33.6641],[101.3996,33.6451],[101.4956,33.7046],[101.6134,33.5119],[101.7775,33.53],[101.884,33.5463],[101.9232,33.4064],[101.8322,33.2692],[101.8637,33.1226],[102.2788,33.3778],[102.4818,33.465],[102.4818,33.5401],[102.356,33.6094],[102.3431,33.7252],[102.1712,33.9418],[102.4406,34.0597],[102.6176,34.0835],[102.5978,34.1655],[102.7818,34.2742],[102.9306,34.2956],[103.1201,34.1686],[103.1842,33.8221],[103.3507,33.7557],[103.7451,33.676],[104.093,33.6685],[104.1747,33.4902],[104.2929,33.3636],[104.3282,33.1404],[104.4059,33.0633],[104.2889,32.8479],[104.4057,32.8094],[104.5584,32.6883],[104.8983,32.6118],[105.1468,32.6083],[105.27,32.6417],[105.4352,32.7736],[105.4986,32.9074],[105.6393,32.8855],[105.8865,32.978],[105.9127,33.2337],[105.7472,33.294],[105.8324,33.4975],[106.0735,33.6175],[106.1706,33.5622],[106.3927,33.6188],[106.4817,33.7009],[106.4798,33.8682],[106.4302,33.9421],[106.5137,34.1066],[106.656,34.2542],[106.6736,34.3847],[106.4983,34.5202],[106.3177,34.5833],[106.4915,34.741],[106.5497,34.8626],[106.4912,35.0301],[106.5646,35.0796],[106.9148,35.089],[107.0515,35.0381],[107.2109,34.8918],[107.3208,34.9422],[107.4969,34.9258],[107.5696,34.9654],[107.8303,34.9767],[107.6705,35.228],[107.7417,35.3184],[107.9787,35.2235],[108.155,35.2906],[108.2768,35.2628],[108.4926,35.2725],[108.6172,35.3928],[108.6037,35.5479],[108.51,35.7009],[108.4931,35.8812],[108.6771,36.0052],[108.6998,36.1255],[108.6499,36.2265],[108.7037,36.359],[108.6065,36.432],[108.4413,36.4613],[108.3564,36.546],[108.0417,36.5977],[107.8865,36.7554],[107.5009,36.8908],[107.2996,36.9072],[107.2855,37.0685],[107.1878,37.1171],[106.9329,37.1072],[106.7907,37.1897],[106.6441,37.1817],[106.6339,36.9979],[106.5748,36.9313],[106.649,36.8342],[106.6022,36.7258],[106.5024,36.7065],[106.4966,36.2684],[106.6039,36.2778],[106.8137,36.2116],[106.9448,36.0769],[106.9134,35.7888],[106.7671,35.7066],[106.4696,35.7274],[106.4951,35.5531],[106.4649,35.3324],[106.3134,35.2736],[106.2107,35.3952],[105.9361,35.5248],[105.8294,35.4936],[105.687,35.6605],[105.4318,35.7564],[105.3181,35.9332],[105.3515,36.0576],[105.4374,36.1067],[105.4459,36.2546],[105.3928,36.3844],[105.2687,36.5502],[105.2205,36.693],[105.3217,36.7807],[105.1802,36.9721],[104.9224,37.0968],[104.8554,37.2182],[104.7647,37.2505],[104.6895,37.4119],[104.4645,37.4402],[104.3585,37.4012],[104.2625,37.3903],[104.1085,37.4618],[103.6787,37.775],[103.4382,37.8424],[103.3881,38.102],[103.5217,38.1398],[103.4712,38.4359],[103.7943,38.5908],[103.9795,38.759],[104.0426,38.8741],[104.1716,38.9595],[104.2248,39.0907],[104.06,39.3078],[104.024,39.4411],[103.7493,39.4249],[103.284,39.293],[102.9654,39.1194],[102.5935,39.1779],[102.3931,39.2372],[101.8255,39.0644],[102.0228,38.8927],[101.8311,38.6898],[101.5802,38.6882],[101.414,38.7492],[101.2478,38.87],[101.18,39.0206],[101.0485,39.0008],[100.852,39.1675],[100.8332,39.3801],[100.5435,39.4089],[100.455,39.4956],[100.3068,39.5498],[100.1889,39.6949],[100.0435,39.7277],[99.6861,39.876],[99.4309,39.8788],[99.627,40.0692],[99.8994,40.2048],[100.0142,40.4025],[100.2038,40.617],[100.176,40.7351],[100.0112,40.8963],[99.6645,40.9013],[99.496,40.8429],[99.1574,40.8363],[98.8257,40.7266],[98.6458,40.5676],[98.5152,40.5335],[98.2348,40.5417],[98.3265,40.8557],[97.9505,41.1198],[97.7085,41.3494],[97.6476,41.4555],[97.8469,41.6193],[97.1907,42.7871],[96.3663,42.7229],[96.0909,42.5869],[96.0438,42.4999],[96.0178,42.1387],[96.0358,41.9953],[95.8639,41.855],[95.7719,41.8297],[95.492,41.856],[95.0583,41.7886],[94.5809,41.5852],[94.011,41.104],[93.5775,40.588],[93.2863,40.4693],[93.0368,40.4899],[92.9259,40.4229],[92.9195,40.1181],[92.7774,39.9055],[92.7724,39.8105],[92.948,39.4525],[92.936,39.1529]]]},"properties":{"iso":"CHN","name":"Gansu","country":"China","code":"CN-GS"}},
{"type":"Feature","geometry":{"type":"Polygon","coordinates":[[[87.8163,49.1658],[87.9568,49.1689],[88.144,49.2707],[88.1155,49.3566],[88.2,49.4543],[88.3788,49.4758],[88.8706,49.436],[89.1607,49.5027],[89.2522,49.6294],[89.4416,49.6436],[89.6823,49.7083],[89.6332,49.9079],[89.5014,50.2068],[89.3903,50.3193],[89.8436,50.4299],[89.7797,50.5669],[89.6737,50.579],[89.3836,50.8576],[89.0524,51.0646],[88.9458,51.2283],[88.9554,51.4384],[88.7357,51.5594],[88.6654,51.4236],[88.5077,51.3164],[88.1316,51.3859],[87.8615,51.5494],[88.0864,51.7136],[87.8391,51.8106],[88.1215,52.0983],[88.3648,52.168],[88.4132,52.4551],[88.201,52.4159],[87.9238,52.5476],[87.6355,52.4498],[87.3703,52.5183],[87.1732,52.6116],[87.1166,52.6678],[86.8407,52.6483],[86.6177,52.3717],[86.8059,52.2922],[86.7544,52.1087],[86.5052,52.12],[86.4399,52.0229],[86.2654,52.0124],[86.1496,52.0702],[85.9396,52.075],[85.6699,51.754],[85.5368,51.7001],[85.4277,51.5597],[85.2391,51.4708],[85.0077,51.489],[84.9369,51.4296],[84.7052,51.3955],[84.3942,51.266],[84.2695,51.2752],[84.1719,51.1438],[84.018,51.0638],[84.4713,50.9732],[84.5998,50.8584],[84.5416,50.6911],[84.0886,50.6346],[84.1979,50.4931],[84.25,50.2599],[84.3688,50.2118],[84.642,50.1849],[84.8387,50.0808],[84.9758,50.0752],[84.9546,49.9069],[85.0326,49.885],[85.2631,49.5815],[85.384,49.6157],[85.8275,49.541],[85.9314,49.4928],[86.1115,49.5202],[86.3918,49.625],[86.6102,49.7955],[86.7759,49.695],[86.5918,49.5872],[86.8243,49.5092],[86.9051,49.3519],[87.076,49.2369],[87.218,49.2298],[87.3238,49.0853],[87.8163,49.1658]]]},"properties":{"iso":"RUS","name":"Gorno-Altay","country":"Rússia","code":"RU-AL"}},
{"type":"Feature","geometry":{"type":"Polygon","coordinates":[[[27.6959,58.9772],[27.4778,58.8754],[27.4106,58.7549],[27.5549,58.3952],[27.4954,58.2215],[27.6304,58.0883],[27.6731,57.9128],[27.4077,57.689],[27.3529,57.5276],[27.8403,57.2906],[27.8243,57.1591],[27.6487,56.8793],[27.9189,56.8059],[27.9974,56.6038],[28.1261,56.5478],[28.2148,56.2814],[28.1489,56.1424],[28.2898,56.0466],[28.6207,56.083],[28.7064,55.9598],[29.0308,56.0242],[29.3774,55.954],[29.3436,55.787],[29.461,55.6873],[29.8695,55.8305],[30.2178,55.8551],[30.4688,55.7935],[30.5964,55.6653],[30.9071,55.5778],[31.0473,55.7685],[31.4674,55.729],[31.3447,55.964],[31.4975,56.0289],[31.4915,56.3013],[31.2311,56.3462],[31.2154,56.4354],[31.0166,56.5191],[31.0801,56.6228],[30.8168,56.7203],[30.8963,56.8967],[31.0001,56.9652],[30.6448,56.9819],[30.6468,57.1908],[30.7731,57.2577],[30.5156,57.3181],[30.4928,57.4876],[30.6088,57.6174],[30.4721,57.6822],[30.53,57.8866],[29.9505,57.944],[29.8203,58.0835],[29.6794,58.0773],[29.6585,58.2436],[29.975,58.4447],[29.5387,58.4799],[29.4491,58.5945],[29.2315,58.7062],[28.5517,58.8651],[28.2718,58.8565],[28.131,58.9901],[27.8732,59.0144],[27.6959,58.9772]]]},"properties":{"iso":"RUS","name":"Pskov","country":"Rússia","code":"RU-PSK"}},
{"type":"Feature","geometry":{"type":"Polygon","coordinates":[[[38.6735,46.863],[38.4746,46.8619],[38.3744,46.7293],[38.0368,46.6295],[37.8522,46.6225],[37.8273,46.4765],[38.1229,46.3775],[38.3001,46.2187],[38.5568,46.1152],[38.4458,46.0342],[38.2488,46.1415],[37.9401,46.0203],[37.8294,45.7532],[37.5951,45.6353],[37.7376,45.3747],[37.6351,45.3338],[37.1589,45.3261],[36.8333,45.443],[36.7816,45.3876],[36.8298,45.2307],[36.5931,45.1648],[36.7017,45.1038],[36.8401,45.1094],[37.1919,44.991],[37.2871,44.9282],[37.3512,44.7786],[37.4783,44.6772],[37.9226,44.6138],[38.1081,44.4971],[38.1777,44.406],[38.5951,44.3319],[38.9783,44.1483],[39.1164,44.0235],[39.3294,43.8962],[39.7183,43.5678],[39.986,43.389],[40.0592,43.5352],[40.2331,43.5758],[40.4798,43.5087],[40.69,43.5231],[40.7239,43.8105],[40.7817,43.9268],[40.9507,43.9894],[40.9854,44.1156],[41.2559,44.0806],[41.2825,44.0116],[41.4495,43.9939],[41.6325,44.1219],[41.7115,44.243],[41.6022,44.3675],[41.7294,44.4586],[41.5666,44.546],[41.4175,44.7078],[41.5384,44.7363],[41.651,44.8966],[41.6415,44.981],[41.4693,44.987],[41.3471,45.1219],[41.3596,45.212],[41.0383,45.2182],[41.0081,45.3848],[40.8408,45.5388],[40.8703,45.6959],[41.1722,45.7016],[41.2744,45.7541],[41.2606,45.872],[41.1624,45.9536],[41.1259,46.0679],[40.9535,46.198],[40.7346,46.2762],[40.3395,46.2799],[40.2144,46.5249],[40.0587,46.5424],[40.1315,46.7223],[40.0234,46.7648],[39.5775,46.7775],[39.4435,46.8089],[39.1804,46.6884],[39.099,46.6013],[38.8845,46.6348],[38.883,46.808],[38.6735,46.863]],[[39.7515,45.1265],[39.9643,45.0748],[40.1742,45.1096],[40.5276,44.9152],[40.6245,44.767],[40.3936,44.7253],[40.3271,44.564],[40.4064,44.4993],[40.4365,44.2844],[40.3665,44.1981],[40.3834,44.0334],[40.4552,43.981],[40.3364,43.7692],[40.279,43.7512],[39.9305,43.8981],[39.7297,43.918],[39.8003,44.1898],[39.9885,44.0776],[40.0782,44.2442],[39.9709,44.256],[39.7926,44.3571],[39.9148,44.5829],[39.9149,44.6986],[40.0198,44.7238],[39.8838,45.0074],[39.7503,44.9347],[39.6392,45.034],[39.4893,44.9666],[39.6316,44.8576],[39.5527,44.8065],[39.0638,44.8103],[38.7604,44.9386],[38.921,45.0165],[39.0423,44.9659],[39.3242,45.0012],[39.6416,45.193],[39.7515,45.1265]]]},"properties":{"iso":"RUS","name":"Krasnodar","country":"Rússia","code":"RU-KDA"}},
{"type":"Feature","geometry":{"type":"Polygon","coordinates":[[[40.69,43.5231],[41.0118,43.3754],[41.3807,43.3348],[41.5506,43.2263],[42.0753,43.1853],[42.3626,43.2352],[42.4787,43.4998],[42.46,43.6154],[42.6714,43.6956],[42.6832,43.8072],[42.6601,43.9167],[42.497,44.0304],[42.3781,43.9715],[42.3031,44.1285],[42.5555,44.2449],[42.038,44.3639],[41.9046,44.4948],[41.7294,44.4586],[41.6022,44.3675],[41.7115,44.243],[41.6325,44.1219],[41.4495,43.9939],[41.2825,44.0116],[41.2559,44.0806],[40.9854,44.1156],[40.9507,43.9894],[40.7817,43.9268],[40.7239,43.8105],[40.69,43.5231]]]},"properties":{"iso":"RUS","name":"Karachay-Cherkess","country":"Rússia","code":"RU-KC"}},
{"type":"Feature","geometry":{"type":"Polygon","coordinates":[[[42.3626,43.2352],[42.5959,43.14],[42.7515,43.177],[43.0001,43.0987],[43.1556,42.9424],[43.3862,42.8869],[43.5662,42.9388],[43.8982,43.2539],[44.0843,43.2744],[44.3798,43.4902],[44.4331,43.6541],[44.3278,43.6642],[44.2849,43.8189],[44.2585,43.9246],[43.9061,43.9942],[43.7287,43.8387],[43.5018,43.8666],[43.3,43.824],[43.266,43.9098],[42.9751,43.891],[42.8521,43.8171],[42.6832,43.8072],[42.6714,43.6956],[42.46,43.6154],[42.4787,43.4998],[42.3626,43.2352]]]},"properties":{"iso":"RUS","name":"Kabardin-Balkar","country":"Rússia","code":"RU-KB"}},
{"type":"Feature","geometry":{"type":"Polygon","coordinates":[[[43.3862,42.8869],[43.8006,42.7465],[43.7511,42.5987],[43.9397,42.5522],[44.1974,42.6291],[44.272,42.7024],[44.6388,42.7401],[44.6284,42.8828],[44.8522,42.8364],[44.9366,42.9202],[44.9153,43.0709],[44.7129,43.2179],[44.5749,43.2403],[44.4987,43.3921],[44.522,43.5645],[44.6159,43.6099],[44.8385,43.5841],[44.8387,43.6611],[44.8035,43.8021],[44.6936,43.8299],[44.3993,43.7952],[44.2849,43.8189],[44.3278,43.6642],[44.4331,43.6541],[44.3798,43.4902],[44.0843,43.2744],[43.8982,43.2539],[43.5662,42.9388],[43.3862,42.8869]]]},"properties":{"iso":"RUS","name":"North Ossetia","country":"Rússia","code":"RU-SE"}},
{"type":"Feature","geometry":{"type":"Polygon","coordinates":[[[44.6388,42.7401],[44.7364,42.6776],[44.8594,42.7595],[45.076,42.6914],[45.1718,42.7917],[45.121,43.2041],[45.0467,43.4943],[44.8385,43.5841],[44.6159,43.6099],[44.522,43.5645],[44.4987,43.3921],[44.5749,43.2403],[44.7129,43.2179],[44.9153,43.0709],[44.9366,42.9202],[44.8522,42.8364],[44.6284,42.8828],[44.6388,42.7401]]]},"properties":{"iso":"RUS","name":"Ingush","country":"Rússia","code":"RU-IN"}},
{"type":"Feature","geometry":{"type":"Polygon","coordinates":[[[44.8385,43.5841],[45.0467,43.4943],[45.121,43.2041],[45.1718,42.7917],[45.076,42.6914],[45.1842,42.6748],[45.356,42.52],[45.6207,42.5304],[45.7395,42.4706],[45.9483,42.5751],[46.0954,42.7151],[46.1232,42.8431],[46.5335,42.9612],[46.4033,43.1138],[46.423,43.3147],[46.3376,43.4582],[46.4385,43.541],[46.4835,43.6721],[46.585,43.7724],[46.5859,43.8722],[46.3493,43.9977],[46.2203,43.863],[46.0447,43.9336],[45.8029,43.9781],[45.7104,43.9551],[45.5094,44.0152],[45.4318,43.8786],[45.2374,43.8802],[45.0834,43.9528],[45.0799,43.7877],[45,43.7046],[44.8387,43.6611],[44.8385,43.5841]]]},"properties":{"iso":"RUS","name":"Chechnya","country":"Rússia","code":"RU-CE"}},
{"type":"Feature","geometry":{"type":"Polygon","coordinates":[[[45.7395,42.4706],[45.6214,42.2245],[45.9476,42.0229],[46.5255,41.8823],[46.5499,41.7978],[46.745,41.8401],[46.9069,41.7069],[47.027,41.5569],[47.1075,41.5699],[47.2315,41.4275],[47.2684,41.3028],[47.3756,41.2594],[47.7437,41.1927],[47.8711,41.2082],[48.0535,41.4613],[48.3702,41.5802],[48.5789,41.8453],[48.4164,41.915],[48.304,42.1027],[47.8677,42.5847],[47.7156,42.6967],[47.6981,42.8671],[47.4619,43.0208],[47.4909,43.4628],[47.3799,43.5597],[47.5028,43.781],[47.2459,44.212],[47.0783,44.2644],[47.0442,44.3463],[46.7009,44.4462],[46.722,44.6553],[46.8881,44.7519],[46.4337,44.9366],[45.8537,45.0005],[45.706,44.9758],[45.6211,44.899],[45.614,44.766],[45.4349,44.6175],[45.2709,44.5906],[45.2374,44.4601],[45.3984,44.4444],[45.4045,44.3175],[45.1307,44.2683],[45.1241,44.2024],[45.5063,44.1905],[45.5094,44.0152],[45.7104,43.9551],[45.8029,43.9781],[46.0447,43.9336],[46.2203,43.863],[46.3493,43.9977],[46.5859,43.8722],[46.585,43.7724],[46.4835,43.6721],[46.4385,43.541],[46.3376,43.4582],[46.423,43.3147],[46.4033,43.1138],[46.5335,42.9612],[46.1232,42.8431],[46.0954,42.7151],[45.9483,42.5751],[45.7395,42.4706]]]},"properties":{"iso":"RUS","name":"Dagestan","country":"Rússia","code":"RU-DA"}},
{"type":"Feature","geometry":{"type":"Polygon","coordinates":[[[98.115,28.1439],[98.1071,27.9731],[98.1767,27.8981],[98.2044,27.7273],[98.2947,27.5366],[98.3833,27.5558],[98.4,27.6757],[98.6793,27.5773],[98.7042,27.3042],[98.6726,27.1756],[98.7492,26.7714],[98.7556,26.625],[98.7172,26.4087],[98.6578,26.3116],[98.7055,26.1749],[98.5455,26.1056],[98.5824,25.9823],[98.6924,25.879],[98.61,25.8006],[98.4613,25.7947],[98.3326,25.567],[98.1502,25.6131],[98.1084,25.3889],[97.8889,25.2056],[97.8236,25.2616],[97.7375,25.0905],[97.6639,24.8298],[97.5361,24.745],[97.5196,24.4308],[97.6399,24.4393],[97.7184,24.2777],[97.7077,24.1253],[97.5165,23.9428],[97.6371,23.8636],[97.89,24.0226],[98.1815,24.1187],[98.3307,24.0995],[98.5033,24.1213],[98.5852,24.0757],[98.867,24.1433],[98.8562,24.0838],[98.6633,23.9695],[98.6637,23.7969],[98.7779,23.7693],[98.8574,23.6043],[98.7809,23.5329],[98.8755,23.4464],[98.9107,23.2976],[98.859,23.1794],[99.0264,23.1604],[99.2166,23.0574],[99.351,23.1193],[99.4782,23.0658],[99.5346,22.9493],[99.4144,22.8569],[99.3079,22.7196],[99.3578,22.4955],[99.1664,22.2046],[99.1664,22.1321],[99.3649,22.0989],[99.4386,22.1242],[99.7392,22.0668],[99.821,22.0178],[99.9424,22.0455],[99.9202,21.852],[99.9503,21.7212],[100.0823,21.6845],[100.09,21.5289],[100.1871,21.4279],[100.3265,21.5243],[100.4567,21.455],[100.6217,21.4691],[100.797,21.6261],[101.0687,21.762],[101.1739,21.6119],[101.1714,21.4034],[101.2348,21.3637],[101.209,21.2455],[101.2753,21.1741],[101.4951,21.2428],[101.756,21.1433],[101.8237,21.2345],[101.7225,21.3042],[101.7348,21.5544],[101.7936,21.5882],[101.7286,21.7175],[101.7515,21.8064],[101.6068,21.9676],[101.5182,22.2282],[101.6061,22.2848],[101.6545,22.4461],[101.7132,22.4915],[101.8178,22.4063],[102.0146,22.4461],[102.218,22.4107],[102.2525,22.4955],[102.3769,22.6156],[102.4427,22.7652],[102.5358,22.6958],[102.6927,22.6705],[102.8452,22.5852],[102.8937,22.4874],[102.9891,22.4376],[103.142,22.5378],[103.1417,22.607],[103.2525,22.6786],[103.3096,22.7879],[103.4017,22.7378],[103.4731,22.5916],[103.5509,22.6408],[103.6469,22.799],[103.8668,22.5754],[103.9854,22.5272],[104.0238,22.7192],[104.0733,22.7827],[104.2133,22.825],[104.2495,22.7283],[104.3402,22.6864],[104.5535,22.836],[104.7282,22.8391],[104.827,22.9543],[104.7979,23.0856],[105.0611,23.2325],[105.3323,23.318],[105.5213,23.1631],[105.848,23.5194],[105.983,23.469],[106.1281,23.5407],[106.1938,23.8694],[106.1574,23.9737],[105.9708,24.0877],[105.788,24.0207],[105.5321,24.1263],[105.4472,24.0376],[105.1699,24.1674],[105.1762,24.3099],[105.0608,24.4307],[104.9611,24.4164],[104.7527,24.4683],[104.7287,24.3642],[104.5992,24.4025],[104.5019,24.5782],[104.5399,24.7418],[104.5456,24.8134],[104.707,25.0173],[104.7197,25.2109],[104.5658,25.3812],[104.5535,25.4845],[104.3062,25.6648],[104.4206,25.8569],[104.3929,25.9479],[104.499,26.0308],[104.5452,26.2704],[104.6755,26.3793],[104.5594,26.5847],[104.3585,26.6478],[104.1534,26.6512],[104.0204,26.5142],[103.8292,26.5471],[103.7578,26.6294],[103.7173,26.799],[103.7783,26.9559],[103.7009,27.0524],[103.6954,27.1517],[103.9113,27.3904],[103.9811,27.3995],[104.1743,27.2715],[104.3444,27.4412],[104.4437,27.3472],[104.5942,27.3138],[104.8709,27.3098],[105.0826,27.4125],[105.1974,27.3986],[105.297,27.7217],[105.2281,27.8558],[105.2824,28.0007],[105.0557,28.0881],[104.9662,28.0478],[104.8974,27.9011],[104.6048,27.8458],[104.3754,27.9617],[104.3338,28.0467],[104.4446,28.0999],[104.3765,28.2823],[104.2685,28.3338],[104.2501,28.5308],[104.4142,28.6401],[104.0568,28.6305],[103.8367,28.6049],[103.7952,28.5312],[103.8803,28.3257],[103.7089,28.2159],[103.5718,28.2432],[103.4346,28.0682],[103.5142,27.9714],[103.5085,27.8645],[103.4148,27.7429],[103.2181,27.5669],[103.1208,27.4123],[102.9774,27.3889],[102.8895,27.2915],[102.9139,27.1123],[102.9013,26.9247],[102.9753,26.8311],[103.0579,26.5572],[103.0033,26.4004],[102.8782,26.3651],[102.7203,26.2376],[102.6099,26.2602],[102.5681,26.3786],[102.2521,26.2289],[102.1126,26.0844],[101.9216,26.0989],[101.8495,26.0348],[101.7637,26.1763],[101.58,26.3069],[101.6436,26.3495],[101.5442,26.495],[101.4124,26.5697],[101.5029,26.7664],[101.3707,26.7746],[101.3424,26.871],[101.1415,27.0449],[101.1728,27.1911],[101.0038,27.1975],[100.9917,27.3308],[100.8669,27.4947],[100.8721,27.562],[100.6609,27.8751],[100.5326,27.8163],[100.2959,27.8526],[100.2021,27.8988],[100.0588,28.0661],[100.0469,28.1871],[100.162,28.2363],[100.1431,28.3416],[100.001,28.4562],[99.8284,28.6726],[99.6287,28.8146],[99.5029,28.5794],[99.3931,28.5428],[99.3815,28.1845],[99.2747,28.2773],[99.1626,28.4382],[99.1695,28.6025],[99.1177,28.7087],[99.1088,29.2238],[98.9902,29.202],[99.0063,29.0732],[98.8735,28.8118],[98.785,29.0002],[98.6648,28.9742],[98.6387,28.8787],[98.6781,28.7571],[98.5892,28.6703],[98.6404,28.4241],[98.4899,28.2481],[98.41,28.2506],[98.2998,28.3548],[98.2302,28.2029],[98.115,28.1439]]]},"properties":{"iso":"CHN","name":"Yunnan","country":"China","code":"CN-YN"}},
{"type":"Feature","geometry":{"type":"Polygon","coordinates":[[[-60.7399,5.2021],[-60.4564,5.1747],[-60.3331,5.1938],[-60.2134,5.2672],[-60.0887,5.1554],[-59.9914,5.2429],[-59.9182,5.3742],[-59.5732,5.4052],[-59.5881,5.5363],[-59.4924,5.6112],[-59.3809,5.5854],[-59.2068,5.7048],[-59.1016,5.5706],[-58.8447,5.415],[-58.6756,5.4554],[-58.6171,5.6234],[-58.6112,5.8419],[-58.5732,5.9137],[-58.5736,6.2937],[-58.602,6.4166],[-58.617,6.4881],[-58.8271,6.556],[-58.8336,6.714],[-58.9279,6.7662],[-58.9649,6.8538],[-59.0763,6.8342],[-59.1733,6.8718],[-59.1544,6.9843],[-59.2686,7.0184],[-59.3307,6.951],[-59.4866,6.9953],[-59.5825,7.0888],[-59.8317,7.1924],[-59.9577,7.1018],[-60.0877,7.0681],[-60.3483,7.1527],[-60.3134,7.0402],[-60.421,6.9422],[-60.6207,6.8459],[-60.7215,6.7597],[-60.7935,6.7938],[-60.9338,6.7317],[-61.1298,6.7158],[-61.2048,6.5958],[-61.139,6.4248],[-61.1609,6.3424],[-61.1216,6.1867],[-61.2694,6.1072],[-61.3796,5.9053],[-60.7399,5.2021]]]},"properties":{"iso":"GUY","name":"Pomeroon-Supenaam","country":"Guiana","code":"GY-PM"}},
{"type":"Feature","geometry":{"type":"Polygon","coordinates":[[[-58.2822,4.6343],[-58.5678,4.6212],[-58.7943,4.7659],[-58.8459,5.0128],[-58.8206,5.2291],[-58.8849,5.3267],[-58.8447,5.415],[-59.1016,5.5706],[-59.2068,5.7048],[-59.3809,5.5854],[-59.4924,5.6112],[-59.5881,5.5363],[-59.5732,5.4052],[-59.9182,5.3742],[-59.9914,5.2429],[-60.0887,5.1554],[-59.9831,5.0859],[-60.0345,4.7878],[-60.0877,4.6075],[-60.0556,4.4916],[-59.9433,4.5039],[-59.6871,4.3715],[-59.6183,4.3722],[-59.5247,4.4953],[-59.4353,4.4052],[-59.473,4.219],[-59.3847,4.1546],[-59.148,4.1558],[-59.0685,4.1864],[-58.9548,4.0166],[-58.8806,4.0006],[-58.5485,4.2885],[-58.4399,4.2512],[-58.3784,4.4475],[-58.2822,4.6343]]]},"properties":{"iso":"GUY","name":"Potaro-Siparuni","country":"Guiana","code":"GY-PT"}},
{"type":"Feature","geometry":{"type":"Polygon","coordinates":[[[-58.4399,4.2512],[-58.5485,4.2885],[-58.8806,4.0006],[-58.9548,4.0166],[-59.0685,4.1864],[-59.148,4.1558],[-59.3847,4.1546],[-59.473,4.219],[-59.4353,4.4052],[-59.5247,4.4953],[-59.6183,4.3722],[-59.6871,4.3715],[-59.7385,4.2028],[-59.5292,3.9319],[-59.6801,3.7017],[-59.8377,3.6093],[-59.8285,3.3834],[-59.9594,3.0665],[-60.0001,2.694],[-59.9068,2.4588],[-59.9031,2.3596],[-59.7417,2.2638],[-59.7645,1.9205],[-59.6825,1.7656],[-59.5727,1.7272],[-59.2421,1.3778],[-59.0111,1.3276],[-58.8979,1.2178],[-58.7719,1.2013],[-58.6826,1.2825],[-58.5189,1.2673],[-58.5018,1.4538],[-58.2671,1.8971],[-58.108,2.3416],[-58.0393,2.4745],[-58.0309,2.7066],[-57.9324,2.8783],[-57.9951,3.0537],[-58.1005,3.2044],[-58.1516,3.5344],[-58.2822,3.7526],[-58.3644,4.1388],[-58.4399,4.2512]]]},"properties":{"iso":"GUY","name":"Upper Demerara-Berbice","country":"Guiana","code":"GY-UD"}},
{"type":"Feature","geometry":{"type":"Polygon","coordinates":[[[-68.6895,-12.4934],[-69.1316,-11.726],[-69.5776,-10.9523],[-69.7202,-10.9649],[-69.9561,-10.9193],[-70.2894,-11.0647],[-70.4373,-11.0367],[-70.5341,-10.9381],[-70.6413,-11.0108],[-70.6387,-9.9559],[-70.8182,-10.1016],[-70.8674,-10.3736],[-70.9942,-10.5334],[-71.2064,-10.6915],[-71.3513,-10.7491],[-71.7953,-10.976],[-71.9679,-10.9896],[-72.1172,-10.9333],[-72.0865,-11.0845],[-72.1805,-11.3132],[-72.2019,-11.4266],[-72.3319,-11.6669],[-72.3836,-11.9022],[-72.3389,-12.0226],[-72.1723,-12.1173],[-72.1252,-12.2587],[-71.9874,-12.3302],[-71.8907,-12.5575],[-71.913,-12.6675],[-71.8548,-12.7765],[-71.6111,-12.8685],[-71.499,-12.8658],[-71.1749,-12.9823],[-71.0342,-13.0694],[-70.6784,-13.1252],[-70.5535,-13.1177],[-70.5525,-13.0077],[-70.3558,-13.0246],[-70.3213,-13.0145],[-69.6484,-13.3415],[-69.6052,-13.3427],[-68.9739,-13.0318],[-68.981,-12.8679],[-68.8562,-12.7414],[-68.6895,-12.4934]]]},"properties":{"iso":"PER","name":"Madre de Dios","country":"Peru","code":"PE-MDD"}},
{"type":"Feature","geometry":{"type":"Polygon","coordinates":[[[32.8836,66.5862],[33.0348,66.5916],[32.891,66.7816],[32.7051,66.7964],[32.4783,66.91],[32.557,66.989],[32.3141,67.0602],[32.3826,67.1597],[32.8539,67.0745],[32.8433,66.9763],[33.4832,66.7304],[34.284,66.6724],[34.4343,66.5473],[34.8877,66.5998],[35.3806,66.4179],[36.4063,66.2947],[36.8874,66.2852],[37.2731,66.2305],[37.5464,66.1448],[37.9271,66.0888],[38.5544,66.055],[39.3436,66.1347],[40.085,66.2888],[40.4443,66.4055],[40.745,66.5974],[41.1781,66.8096],[41.36,67.0136],[41.3384,67.1711],[41.1089,67.2538],[41.1454,67.4244],[40.9993,67.4675],[41.0166,67.6979],[40.8006,67.7282],[40.3625,67.9029],[39.8594,68.0576],[39.5208,68.076],[38.6629,68.3793],[38.4346,68.3559],[38.0666,68.5097],[37.6805,68.7134],[37.4639,68.7424],[36.2495,69.111],[35.3303,69.2761],[35.2642,69.2154],[34.6618,69.2495],[34.4206,69.311],[33.8521,69.3389],[33.376,69.3076],[33.5237,69.4283],[32.687,69.5028],[32.4202,69.5028],[32.502,69.6331],[32.8718,69.5825],[33.119,69.6611],[32.9196,69.78],[32.5232,69.8032],[32.0545,69.9638],[31.7537,69.8541],[31.6991,69.7443],[31.409,69.7158],[30.841,69.8058],[30.9277,69.6721],[30.853,69.5274],[30.5117,69.5363],[30.2944,69.6202],[30.1234,69.4419],[29.9007,69.3582],[29.3345,69.2774],[29.2405,69.1151],[28.4562,68.9001],[28.8015,68.8355],[28.4474,68.5149],[28.6638,68.204],[29.2987,68.0818],[29.6512,67.8236],[30.0094,67.6858],[29.9162,67.5081],[29.5198,67.2982],[29.1001,66.9912],[29.0892,66.8375],[29.3625,66.6266],[31.0733,66.6841],[31.5553,66.6552],[31.7847,66.5029],[31.9015,66.3564],[32.3287,66.3592],[32.3627,66.4667],[32.5936,66.5823],[32.8836,66.5862]]]},"properties":{"iso":"RUS","name":"Murmansk","country":"Rússia","code":"RU-MUR"}},
{"type":"Feature","geometry":{"type":"MultiPolygon","coordinates":[[[[29.3625,66.6266],[29.5932,66.3459],[29.9002,66.1081],[30.1117,65.712],[29.7029,65.6294],[29.7201,65.3291],[29.8332,65.205],[29.8205,65.0937],[29.5881,64.9914],[29.7803,64.7956],[30.0625,64.7842],[30.1705,64.6817],[29.9658,64.5786],[30.0931,64.3612],[30.5585,64.2197],[30.5093,63.9914],[30.2015,63.7926],[29.9808,63.7415],[30.4887,63.4621],[30.8209,63.3757],[31.2257,63.196],[31.2508,63.1155],[31.5695,62.9059],[31.2222,62.4917],[30.9076,62.2929],[30.635,62.184],[29.7791,61.5931],[29.5397,61.485],[29.2771,61.3046],[29.5764,61.1707],[29.8695,61.1763],[32.7034,60.6457],[33.078,60.7379],[33.4064,60.9893],[33.7523,60.9437],[33.8671,61.0705],[33.4515,61.1337],[33.5349,61.2208],[34.2161,61.2419],[34.4573,61.1678],[34.5439,61.2701],[35.258,61.2542],[35.3922,61.1617],[35.6039,61.1883],[36.4668,61.4066],[36.5776,61.5295],[36.9964,61.5944],[37.2783,61.5005],[37.7729,61.5221],[37.9266,61.9683],[37.8077,61.9976],[37.7188,62.2034],[37.4299,62.2372],[37.5726,62.3606],[37.5049,62.6453],[37.3523,62.6838],[37.0808,62.6561],[36.7595,62.7177],[36.5005,62.826],[36.2589,63.0318],[36.3202,63.1613],[36.2198,63.4165],[35.8823,63.5734],[35.9446,63.6197],[36.375,63.645],[36.5547,63.764],[36.5234,63.9714],[36.2922,64.0097],[36.2353,64.1248],[35.9767,64.199],[35.8108,64.342],[35.4105,64.2868],[35.28,64.3766],[34.9556,64.4522],[34.8466,64.5599],[34.9776,64.6119],[34.798,64.7563],[34.9421,64.8576],[34.7783,64.9668],[34.8161,65.0434],[34.369,65.3918],[34.6335,65.4875],[34.7766,65.5966],[34.7708,65.7749],[34.8662,65.8779],[34.4968,66.1162],[33.9723,66.251],[33.6199,66.3093],[33.7046,66.4438],[33.3548,66.4802],[33.1658,66.5559],[33.0459,66.5762],[32.8836,66.5862],[32.5936,66.5823],[32.3627,66.4667],[32.3287,66.3592],[31.9015,66.3564],[31.7847,66.5029],[31.5553,66.6552],[31.0733,66.6841],[29.3625,66.6266]]],[[[35.8669,65.0313],[35.8153,65.1542],[35.5241,65.1445],[35.6033,65.038],[35.8669,65.0313]]]]},"properties":{"iso":"RUS","name":"Karelia","country":"Rússia","code":"RU-KR"}},
{"type":"Feature","geometry":{"type":"Polygon","coordinates":[[[29.975,58.4447],[30.1672,58.5331],[30.1006,58.7296],[30.4125,58.7109],[30.6874,58.7458],[30.728,58.8286],[31.1598,59.0725],[31.2579,58.9808],[31.4525,59.092],[31.5631,59.3684],[31.8267,59.3145],[31.8821,59.3755],[32.1241,59.3943],[32.2915,59.2072],[32.584,59.1805],[32.9548,59.4218],[33.2457,59.3263],[33.5203,59.373],[33.855,59.1984],[34.0998,59.1447],[34.2475,59.1976],[34.5677,59.1081],[34.7299,59.1032],[34.9005,59.2379],[35.3012,59.301],[35.4485,59.4277],[35.4958,59.5535],[35.3825,59.8754],[35.1571,60.067],[35.1474,60.2688],[35.2311,60.3412],[35.2586,60.5853],[35.1541,60.7873],[35.4399,60.8616],[35.686,61.1209],[35.6039,61.1883],[35.3922,61.1617],[35.258,61.2542],[34.5439,61.2701],[34.4573,61.1678],[34.2161,61.2419],[33.5349,61.2208],[33.4515,61.1337],[33.8671,61.0705],[33.7523,60.9437],[33.4064,60.9893],[33.078,60.7379],[32.7034,60.6457],[29.8695,61.1763],[29.5764,61.1707],[29.2771,61.3046],[29.2032,61.2459],[28.7976,61.0968],[28.6146,60.9619],[28.4809,60.9335],[28.1481,60.7577],[27.8457,60.5578],[28.2158,60.5476],[28.4006,60.6653],[28.7219,60.7212],[28.6067,60.3895],[28.7879,60.3414],[29.0923,60.178],[29.4179,60.1689],[29.633,60.266],[30.1791,60.148],[30.3904,60.1227],[30.3737,60.0362],[30.5273,59.9703],[30.5117,59.8624],[30.7562,59.7775],[30.5025,59.6307],[30.2594,59.6099],[29.85,59.8276],[29.6971,59.95],[29.1614,60.0026],[28.846,59.7902],[28.5819,59.8341],[28.4275,59.8134],[28.3753,59.6663],[27.9934,59.7033],[28.0726,59.578],[28.0191,59.4818],[28.1865,59.3749],[27.9039,59.2904],[27.6959,58.9772],[27.8732,59.0144],[28.131,58.9901],[28.2718,58.8565],[28.5517,58.8651],[29.2315,58.7062],[29.4491,58.5945],[29.5387,58.4799],[29.975,58.4447]]]},"properties":{"iso":"RUS","name":"Leningrad","country":"Rússia","code":"RU-LEN"}},
{"type":"Feature","geometry":{"type":"Polygon","coordinates":[[[-71.7574,19.7101],[-72.0479,19.712],[-72.1107,19.5661],[-71.9789,19.3358],[-71.8876,19.2849],[-71.7495,19.2797],[-71.7039,19.4146],[-71.746,19.649],[-71.7574,19.7101]]]},"properties":{"iso":"HTI","name":"Nord-Est","country":"Haiti","code":"HT-NE"}},
{"type":"Feature","geometry":{"type":"Polygon","coordinates":[[[-71.746,19.649],[-71.5325,19.6196],[-71.4131,19.5445],[-71.1842,19.5365],[-71.134,19.7518],[-71.2218,19.8346],[-71.5046,19.9103],[-71.6486,19.8967],[-71.7445,19.8172],[-71.7574,19.7101],[-71.746,19.649]]]},"properties":{"iso":"DOM","name":"Monte Cristi","country":"República Dominicana","code":"DO-15"}},
{"type":"Feature","geometry":{"type":"Polygon","coordinates":[[[-71.7495,19.2797],[-71.6517,19.2179],[-71.4883,19.2988],[-71.4131,19.5445],[-71.5325,19.6196],[-71.746,19.649],[-71.7039,19.4146],[-71.7495,19.2797]]]},"properties":{"iso":"DOM","name":"Dajabón","country":"República Dominicana","code":"DO-05"}},
{"type":"Feature","geometry":{"type":"Polygon","coordinates":[[[-71.9789,19.3358],[-72.1201,19.2601],[-72.2001,19.3019],[-72.2459,19.2409],[-72.2299,18.9406],[-72.3652,18.867],[-72.1059,18.7051],[-71.9462,18.7435],[-71.7918,18.6807],[-71.7849,18.6847],[-71.7188,18.7842],[-71.7837,18.9963],[-71.6437,19.1525],[-71.6517,19.2179],[-71.7495,19.2797],[-71.8876,19.2849],[-71.9789,19.3358]]]},"properties":{"iso":"HTI","name":"Centre","country":"Haiti","code":"HT-CE"}},
{"type":"Feature","geometry":{"type":"Polygon","coordinates":[[[-71.6517,19.2179],[-71.6437,19.1525],[-71.7837,18.9963],[-71.7188,18.7842],[-71.7849,18.6847],[-71.535,18.6508],[-71.6279,18.8142],[-71.6248,18.9378],[-71.5188,19.0181],[-71.4711,19.1284],[-71.3274,19.1911],[-71.4883,19.2988],[-71.6517,19.2179]]]},"properties":{"iso":"DOM","name":"La Estrelleta","country":"República Dominicana","code":"DO-07"}},
{"type":"Feature","geometry":{"type":"Polygon","coordinates":[[[-71.7918,18.6807],[-71.8416,18.618],[-72.0009,18.5825],[-71.9122,18.4307],[-71.7211,18.294],[-71.7217,18.293],[-71.4219,18.1359],[-71.2008,18.3384],[-71.5926,18.478],[-71.6207,18.5653],[-71.535,18.6508],[-71.7849,18.6847],[-71.7918,18.6807]]]},"properties":{"iso":"DOM","name":"Independencia","country":"República Dominicana","code":"DO-10"}},
{"type":"Feature","geometry":{"type":"MultiPolygon","coordinates":[[[[-72.3652,18.867],[-72.4877,18.9589],[-72.706,18.9442],[-72.5495,18.7856],[-72.3251,18.6714],[-72.3538,18.5301],[-72.6283,18.5541],[-72.755,18.4294],[-73.0559,18.4585],[-72.9977,18.3228],[-72.9713,18.2826],[-72.765,18.2653],[-72.4903,18.4015],[-72.3541,18.3493],[-71.7211,18.294],[-71.9122,18.4307],[-72.0009,18.5825],[-71.8416,18.618],[-71.7918,18.6807],[-71.9462,18.7435],[-72.1059,18.7051],[-72.3652,18.867]]],[[[-73.2587,18.8785],[-73.0374,18.7596],[-72.8087,18.7204],[-72.8461,18.8271],[-73.2008,18.9687],[-73.2587,18.8785]]]]},"properties":{"iso":"HTI","name":"Ouest","country":"Haiti","code":"HT-OU"}},
{"type":"Feature","geometry":{"type":"Polygon","coordinates":[[[-71.7211,18.294],[-72.3541,18.3493],[-72.4903,18.4015],[-72.765,18.2653],[-72.9713,18.2826],[-72.9977,18.3228],[-73.0125,18.2209],[-73.008,18.1811],[-72.8859,18.1414],[-72.4403,18.2239],[-72.0718,18.2375],[-71.9281,18.1838],[-71.7762,18.0393],[-71.7753,18.1723],[-71.7217,18.293],[-71.7211,18.294]]]},"properties":{"iso":"HTI","name":"Sud-Est","country":"Haiti","code":"HT-SE"}},
{"type":"Feature","geometry":{"type":"Polygon","coordinates":[[[-71.7217,18.293],[-71.7753,18.1723],[-71.7762,18.0393],[-71.6588,17.9533],[-71.6309,17.8168],[-71.5149,17.7378],[-71.4172,17.6048],[-71.281,17.8531],[-71.4022,17.9639],[-71.4219,18.1359],[-71.7217,18.293]]]},"properties":{"iso":"DOM","name":"Pedernales","country":"República Dominicana","code":"DO-16"}},
{"type":"Feature","geometry":{"type":"Polygon","coordinates":[[[-90.0983,13.7314],[-89.9535,13.6651],[-89.8198,13.6797],[-89.7707,13.894],[-89.7188,13.909],[-89.748,14.0449],[-89.8801,14.0427],[-90.099,13.8585],[-90.0983,13.7314]]]},"properties":{"iso":"SLV","name":"Ahuachapán","country":"El Salvador","code":"SV-AH"}},
{"type":"Feature","geometry":{"type":"Polygon","coordinates":[[[-89.748,14.0449],[-89.7099,14.1487],[-89.5309,14.2256],[-89.5984,14.328],[-89.4961,14.4229],[-89.5194,14.5259],[-89.6855,14.5776],[-89.7623,14.5005],[-90.0519,14.4335],[-90.1911,14.2529],[-90.0583,14.1697],[-90.0503,14.0982],[-90.1567,13.9768],[-90.2929,14.004],[-90.2406,13.7887],[-90.0983,13.7314],[-90.099,13.8585],[-89.8801,14.0427],[-89.748,14.0449]]]},"properties":{"iso":"GTM","name":"Jutiapa","country":"Guatemala","code":"GT-JU"}},
{"type":"Feature","geometry":{"type":"Polygon","coordinates":[[[-89.7188,13.909],[-89.5934,13.8084],[-89.4566,13.7751],[-89.3714,14.0406],[-89.338,14.1705],[-89.2465,14.3228],[-89.3462,14.4131],[-89.3616,14.4155],[-89.4961,14.4229],[-89.5984,14.328],[-89.5309,14.2256],[-89.7099,14.1487],[-89.748,14.0449],[-89.7188,13.909]]]},"properties":{"iso":"SLV","name":"Santa Ana","country":"El Salvador","code":"SV-SA"}},
{"type":"Feature","geometry":{"type":"Polygon","coordinates":[[[-89.4961,14.4229],[-89.3616,14.4155],[-89.2457,14.573],[-89.1604,14.5813],[-89.1462,14.7109],[-89.2277,14.8346],[-89.1892,14.9131],[-89.4487,14.9138],[-89.5091,14.8667],[-89.6704,14.9011],[-89.7364,14.7799],[-89.667,14.7599],[-89.6855,14.5776],[-89.5194,14.5259],[-89.4961,14.4229]]]},"properties":{"iso":"GTM","name":"Chiquimula","country":"Guatemala","code":"GT-CQ"}},
{"type":"Feature","geometry":{"type":"Polygon","coordinates":[[[-75.3821,19.8825],[-75.2329,19.9001],[-75.1128,20.0575],[-75.095,19.8972],[-74.9779,19.923],[-74.813,20.0373],[-74.393,20.081],[-74.2674,20.0683],[-74.142,20.1826],[-74.2136,20.311],[-74.4011,20.3073],[-74.495,20.3552],[-74.6052,20.4857],[-74.7152,20.5561],[-74.845,20.4082],[-74.9688,20.4721],[-75.0483,20.4337],[-75.1897,20.4717],[-75.2405,20.3968],[-75.3755,20.4229],[-75.4791,20.34],[-75.4333,20.0947],[-75.4883,20.0246],[-75.3821,19.8825]]]},"properties":{"iso":"CUB","name":"Guantánamo","country":"Cuba","code":"CU-14"}},
{"type":"Feature","geometry":{"type":"Polygon","coordinates":[[[-89.3462,14.4131],[-89.0266,14.3113],[-88.9702,14.2102],[-88.9394,14.3442],[-88.7438,14.4422],[-88.7305,14.5488],[-88.9232,14.5613],[-89.0256,14.7208],[-89.1462,14.7109],[-89.1604,14.5813],[-89.2457,14.573],[-89.3616,14.4155],[-89.3462,14.4131]]]},"properties":{"iso":"HND","name":"Ocotepeque","country":"Honduras","code":"HN-OC"}},
{"type":"Feature","geometry":{"type":"Polygon","coordinates":[[[-89.3714,14.0406],[-89.2673,14.0521],[-89.1413,14.067],[-88.9297,13.9479],[-88.6908,14.0118],[-88.7392,14.0999],[-88.8388,14.1004],[-88.9702,14.2102],[-89.0266,14.3113],[-89.3462,14.4131],[-89.2465,14.3228],[-89.338,14.1705],[-89.3714,14.0406]]]},"properties":{"iso":"SLV","name":"Chalatenango","country":"El Salvador","code":"SV-CH"}},
{"type":"Feature","geometry":{"type":"Polygon","coordinates":[[[-88.9702,14.2102],[-88.8388,14.1004],[-88.7392,14.0999],[-88.6908,14.0118],[-88.4971,13.9691],[-88.3362,14.0768],[-88.3282,14.2156],[-88.4215,14.2479],[-88.457,14.4741],[-88.3605,14.491],[-88.3438,14.6543],[-88.3605,14.8192],[-88.4873,14.8119],[-88.5551,14.9348],[-88.6446,14.9274],[-88.6559,14.7239],[-88.7781,14.7182],[-88.7305,14.5488],[-88.7438,14.4422],[-88.9394,14.3442],[-88.9702,14.2102]]]},"properties":{"iso":"HND","name":"Lempira","country":"Honduras","code":"HN-LE"}},
{"type":"Feature","geometry":{"type":"Polygon","coordinates":[[[-88.9297,13.9479],[-88.9765,13.891],[-88.8503,13.7506],[-88.7356,13.8123],[-88.5323,13.7594],[-88.4968,13.8512],[-88.4971,13.9691],[-88.6908,14.0118],[-88.9297,13.9479]]]},"properties":{"iso":"SLV","name":"Cabañas","country":"El Salvador","code":"SV-CA"}},
{"type":"Feature","geometry":{"type":"Polygon","coordinates":[[[-88.4971,13.9691],[-88.4968,13.8512],[-88.2742,13.9191],[-88.2177,13.9908],[-88.2322,14.0787],[-87.922,14.3854],[-87.8531,14.4291],[-87.9691,14.6131],[-88.075,14.6648],[-88.3438,14.6543],[-88.3605,14.491],[-88.457,14.4741],[-88.4215,14.2479],[-88.3282,14.2156],[-88.3362,14.0768],[-88.4971,13.9691]]]},"properties":{"iso":"HND","name":"Intibucá","country":"Honduras","code":"HN-IN"}},
{"type":"Feature","geometry":{"type":"Polygon","coordinates":[[[-88.2742,13.9191],[-88.2594,13.6858],[-88.0919,13.5425],[-88.0085,13.5514],[-87.9364,13.7403],[-87.9526,13.892],[-88.0153,13.8664],[-88.0875,13.9805],[-88.2177,13.9908],[-88.2742,13.9191]]]},"properties":{"iso":"SLV","name":"Morazán","country":"El Salvador","code":"SV-MO"}},
{"type":"Feature","geometry":{"type":"Polygon","coordinates":[[[-88.2177,13.9908],[-88.0875,13.9805],[-88.0153,13.8664],[-87.9526,13.892],[-87.8329,13.9153],[-87.7495,13.8456],[-87.647,13.8342],[-87.5966,13.9573],[-87.6152,14.0885],[-87.781,14.1431],[-87.8287,14.2253],[-87.6395,14.2737],[-87.6961,14.3555],[-87.8531,14.4291],[-87.922,14.3854],[-88.2322,14.0787],[-88.2177,13.9908]]]},"properties":{"iso":"HND","name":"La Paz","country":"Honduras","code":"HN-LP"}},
{"type":"Feature","geometry":{"type":"Polygon","coordinates":[[[-88.5323,13.7594],[-88.4873,13.6883],[-88.3724,13.6538],[-88.3827,13.4244],[-88.3339,13.3388],[-88.2222,13.3023],[-88.1125,13.1712],[-88.0915,13.1727],[-88.0389,13.2562],[-88.0085,13.5514],[-88.0919,13.5425],[-88.2594,13.6858],[-88.2742,13.9191],[-88.4968,13.8512],[-88.5323,13.7594]]]},"properties":{"iso":"SLV","name":"San Miguel","country":"El Salvador","code":"SV-SM"}},
{"type":"Feature","geometry":{"type":"Polygon","coordinates":[[[-88.0085,13.5514],[-88.0389,13.2562],[-88.0915,13.1727],[-87.9282,13.1586],[-87.7981,13.2657],[-87.8172,13.4066],[-87.7126,13.8005],[-87.7495,13.8456],[-87.8329,13.9153],[-87.9526,13.892],[-87.9364,13.7403],[-88.0085,13.5514]]]},"properties":{"iso":"SLV","name":"La Unión","country":"El Salvador","code":"SV-UN"}},
{"type":"Feature","geometry":{"type":"Polygon","coordinates":[[[-87.7495,13.8456],[-87.7126,13.8005],[-87.8172,13.4066],[-87.721,13.359],[-87.6224,13.423],[-87.5476,13.355],[-87.4473,13.4205],[-87.379,13.3931],[-87.3495,13.4533],[-87.4611,13.6702],[-87.6494,13.7612],[-87.647,13.8342],[-87.7495,13.8456]]]},"properties":{"iso":"HND","name":"Valle","country":"Honduras","code":"HN-VA"}},
{"type":"Feature","geometry":{"type":"Polygon","coordinates":[[[-84.9999,14.742],[-85.0237,14.6025],[-84.9702,14.477],[-84.9896,14.3734],[-84.838,14.3068],[-84.864,14.0403],[-85.0518,13.7426],[-85.1569,13.7785],[-85.3651,13.6919],[-85.4041,13.4893],[-85.5064,13.3706],[-85.4344,13.258],[-85.2418,13.1452],[-85.098,13.2922],[-84.9738,13.2988],[-84.8831,13.3815],[-84.7514,13.2157],[-84.2984,13.2739],[-84.1526,13.2754],[-84.1086,13.1973],[-83.9798,13.2516],[-83.8072,13.2182],[-83.8309,13.1473],[-83.6389,13.0315],[-83.5296,13.0326],[-83.5701,13.2871],[-83.4938,13.7377],[-83.4313,13.9567],[-83.2186,14.2503],[-83.1918,14.3869],[-83.2992,14.7712],[-83.4141,14.8277],[-83.1304,14.997],[-83.262,14.9832],[-83.3903,15.031],[-83.8695,14.7771],[-84.0236,14.7583],[-84.4827,14.6195],[-84.6993,14.6747],[-84.7702,14.8051],[-84.9042,14.817],[-84.9999,14.742]]]},"properties":{"iso":"NIC","name":"Atlántico Norte","country":"Nicarágua","code":"NI-AN"}},
{"type":"Feature","geometry":{"type":"Polygon","coordinates":[[[-84.9999,14.742],[-84.9999,15.0687],[-85.0927,15.1668],[-85.2493,15.2366],[-85.3604,15.3811],[-85.6077,15.5349],[-85.7641,15.585],[-85.8731,15.5314],[-85.9699,15.4267],[-86.1486,15.373],[-86.2329,15.4098],[-86.372,15.3294],[-86.5265,15.3862],[-86.6664,15.2823],[-86.8589,15.2536],[-86.8862,15.0816],[-86.9875,15.0159],[-86.8483,14.6659],[-86.7437,14.5753],[-86.7142,14.4238],[-86.5229,14.3649],[-86.4282,14.2908],[-86.2325,14.3414],[-86.1422,14.2689],[-86.0193,14.2546],[-85.9131,14.1328],[-85.7575,14.1987],[-85.6155,14.1474],[-85.5631,14.042],[-85.4317,14.1328],[-85.3214,14.2813],[-85.1902,14.3096],[-85.2058,14.4072],[-85.0237,14.6025],[-84.9999,14.742]]]},"properties":{"iso":"HND","name":"Olancho","country":"Honduras","code":"HN-OL"}},
{"type":"Feature","geometry":{"type":"Polygon","coordinates":[[[-83.1304,14.997],[-83.2538,15.0446],[-83.408,15.2664],[-83.6234,15.2961],[-83.7745,15.2857],[-83.9051,15.3835],[-84.0825,15.3601],[-84.1242,15.4302],[-84.0245,15.5351],[-84.2946,15.811],[-84.6601,15.7745],[-84.6766,15.8762],[-84.9999,15.9879],[-84.9999,15.0687],[-84.9999,14.742],[-84.9042,14.817],[-84.7702,14.8051],[-84.6993,14.6747],[-84.4827,14.6195],[-84.0236,14.7583],[-83.8695,14.7771],[-83.3903,15.031],[-83.262,14.9832],[-83.1304,14.997]]]},"properties":{"iso":"HND","name":"Gracias a Dios","country":"Honduras","code":"HN-GD"}},
{"type":"Feature","geometry":{"type":"Polygon","coordinates":[[[-85.0237,14.6025],[-85.2058,14.4072],[-85.1902,14.3096],[-85.3214,14.2813],[-85.4317,14.1328],[-85.5631,14.042],[-85.6992,13.9615],[-85.7431,13.824],[-85.7831,13.7819],[-85.8313,13.5534],[-85.9201,13.4852],[-86.0597,13.4933],[-86.2129,13.3903],[-86.2479,13.1891],[-86.0995,13.047],[-85.9183,13.0175],[-85.745,13.1622],[-85.605,13.3277],[-85.5064,13.3706],[-85.4041,13.4893],[-85.3651,13.6919],[-85.1569,13.7785],[-85.0518,13.7426],[-84.864,14.0403],[-84.838,14.3068],[-84.9896,14.3734],[-84.9702,14.477],[-85.0237,14.6025]]]},"properties":{"iso":"NIC","name":"Jinotega","country":"Nicarágua","code":"NI-JI"}},
{"type":"Feature","geometry":{"type":"Polygon","coordinates":[[[-86.7142,14.4238],[-86.8969,14.2299],[-86.916,13.9993],[-86.9893,13.9645],[-86.9951,13.8459],[-87.0838,13.7837],[-87.1302,13.66],[-87.2142,13.6711],[-87.1843,13.5663],[-87.0392,13.5255],[-86.9329,13.6606],[-86.7712,13.7079],[-86.7272,13.7683],[-86.5417,13.7821],[-86.4101,13.749],[-86.2841,13.8457],[-86.0967,14.0441],[-85.8242,13.8477],[-85.7431,13.824],[-85.6992,13.9615],[-85.5631,14.042],[-85.6155,14.1474],[-85.7575,14.1987],[-85.9131,14.1328],[-86.0193,14.2546],[-86.1422,14.2689],[-86.2325,14.3414],[-86.4282,14.2908],[-86.5229,14.3649],[-86.7142,14.4238]]]},"properties":{"iso":"HND","name":"El Paraíso","country":"Honduras","code":"HN-EP"}},
{"type":"Feature","geometry":{"type":"Polygon","coordinates":[[[-85.7431,13.824],[-85.8242,13.8477],[-86.0967,14.0441],[-86.2841,13.8457],[-86.4101,13.749],[-86.5417,13.7821],[-86.7272,13.7683],[-86.7712,13.7079],[-86.7641,13.6373],[-86.6483,13.6472],[-86.5053,13.5934],[-86.2269,13.5493],[-86.1644,13.6145],[-86.0597,13.4933],[-85.9201,13.4852],[-85.8313,13.5534],[-85.7831,13.7819],[-85.7431,13.824]]]},"properties":{"iso":"NIC","name":"Nueva Segovia","country":"Nicarágua","code":"NI-NS"}},
{"type":"Feature","geometry":{"type":"Polygon","coordinates":[[[-86.7327,13.2685],[-86.9108,13.2396],[-86.9484,13.0697],[-87.0847,12.9959],[-87.314,12.9816],[-87.435,12.9224],[-87.5839,13.0573],[-87.667,12.9822],[-87.6465,12.8724],[-87.4549,12.7438],[-87.3448,12.6192],[-87.1208,12.4584],[-87.0058,12.4997],[-86.782,12.7521],[-86.67,12.7788],[-86.6639,12.9592],[-86.7207,13.0902],[-86.7149,13.2004],[-86.7327,13.2685]]]},"properties":{"iso":"NIC","name":"Chinandega","country":"Nicarágua","code":"NI-CI"}},
{"type":"Feature","geometry":{"type":"Polygon","coordinates":[[[-87.379,13.3931],[-87.5122,13.2867],[-87.4193,13.1114],[-87.314,12.9816],[-87.0847,12.9959],[-86.9484,13.0697],[-86.9108,13.2396],[-86.7327,13.2685],[-86.7019,13.3142],[-86.7641,13.6373],[-86.7712,13.7079],[-86.9329,13.6606],[-87.0392,13.5255],[-87.1843,13.5663],[-87.2142,13.6711],[-87.4611,13.6702],[-87.3495,13.4533],[-87.379,13.3931]]]},"properties":{"iso":"HND","name":"Choluteca","country":"Honduras","code":"HN-CH"}},
{"type":"Feature","geometry":{"type":"Polygon","coordinates":[[[-86.0597,13.4933],[-86.1644,13.6145],[-86.2269,13.5493],[-86.5053,13.5934],[-86.6483,13.6472],[-86.7641,13.6373],[-86.7019,13.3142],[-86.7327,13.2685],[-86.7149,13.2004],[-86.5628,13.3968],[-86.3094,13.4355],[-86.2129,13.3903],[-86.0597,13.4933]]]},"properties":{"iso":"NIC","name":"Madriz","country":"Nicarágua","code":"NI-MD"}},
{"type":"Feature","geometry":{"type":"Polygon","coordinates":[[[-78.8287,1.4343],[-78.9578,1.1634],[-79.0718,1.2095],[-79.1473,1.1096],[-79.4565,1.0725],[-79.5718,0.9837],[-79.7656,0.9551],[-79.8622,0.8764],[-80.0758,0.8161],[-80.1086,0.7381],[-80.0364,0.6252],[-80.0434,0.5012],[-79.9995,0.3451],[-79.9612,0.2661],[-79.7411,0.3741],[-79.659,0.2681],[-79.7023,0.1937],[-79.568,0.1132],[-79.5955,-0.0136],[-79.493,-0.0256],[-79.3638,0.0469],[-79.2219,0.3156],[-79.0107,0.2674],[-78.86,0.4228],[-78.6754,0.3721],[-78.5392,0.5151],[-78.4263,0.5585],[-78.5112,0.7509],[-78.4421,0.8719],[-78.5235,0.9284],[-78.5306,1.0214],[-78.4781,1.1871],[-78.5701,1.1958],[-78.8287,1.4343]]]},"properties":{"iso":"ECU","name":"Esmeraldas","country":"Equador","code":"EC-E"}},
{"type":"Feature","geometry":{"type":"Polygon","coordinates":[[[-78.4781,1.1871],[-78.3728,1.0738],[-78.12,0.9212],[-77.9085,0.8642],[-77.848,0.8093],[-77.7279,0.8433],[-77.5798,0.6709],[-77.5141,0.6605],[-77.4681,0.6509],[-77.4244,0.4083],[-77.2069,0.3342],[-77.1039,0.3541],[-77.1091,0.5845],[-77.2386,0.6972],[-77.09,0.8842],[-77.0321,1.0413],[-77.0887,1.1861],[-76.9117,1.3132],[-76.9245,1.503],[-76.8448,1.6071],[-76.9244,1.7198],[-77.233,1.6635],[-77.3251,1.6894],[-77.2834,1.8557],[-77.214,1.9864],[-77.3301,2.0704],[-77.313,2.1714],[-77.4314,2.221],[-77.7438,2.1445],[-77.8401,2.1772],[-77.9488,2.382],[-77.9527,2.5557],[-78.0739,2.6468],[-78.0867,2.5106],[-78.2775,2.5425],[-78.334,2.647],[-78.4322,2.587],[-78.5857,2.4031],[-78.7032,2.1898],[-78.6707,2.031],[-78.5863,2.0004],[-78.5463,1.8599],[-78.5712,1.7822],[-78.7594,1.8305],[-78.8461,1.8216],[-78.998,1.6079],[-78.8533,1.5434],[-78.8287,1.4343],[-78.5701,1.1958],[-78.4781,1.1871]]]},"properties":{"iso":"COL","name":"Nariño","country":"Colômbia","code":"CO-NAR"}},
{"type":"Feature","geometry":{"type":"Polygon","coordinates":[[[-78.4421,0.8719],[-78.289,0.8018],[-78.1686,0.6514],[-78.1308,0.5056],[-78.0005,0.4687],[-77.8141,0.3457],[-77.7893,0.4225],[-77.6517,0.5933],[-77.5141,0.6605],[-77.5798,0.6709],[-77.7279,0.8433],[-77.848,0.8093],[-77.9085,0.8642],[-78.12,0.9212],[-78.3728,1.0738],[-78.4781,1.1871],[-78.5306,1.0214],[-78.5235,0.9284],[-78.4421,0.8719]]]},"properties":{"iso":"ECU","name":"Carchi","country":"Equador","code":"EC-C"}},
{"type":"Feature","geometry":{"type":"Polygon","coordinates":[[[-77.5141,0.6605],[-77.6517,0.5933],[-77.7893,0.4225],[-77.8141,0.3457],[-77.8355,0.2692],[-77.9454,0.1613],[-77.8327,0.0319],[-77.7721,-0.0662],[-77.589,-0.1],[-77.459,-0.0261],[-77.4465,-0.1248],[-77.3627,-0.1408],[-77.2994,-0.0585],[-77.186,-0.0928],[-76.9175,-0.0786],[-76.7141,-0.3419],[-76.4102,-0.5103],[-76.2744,-0.4431],[-75.951,-0.4493],[-75.7483,-0.4226],[-75.398,-0.5691],[-75.2666,-0.6427],[-75.272,-0.5257],[-75.4342,-0.403],[-75.4848,-0.2477],[-75.4553,-0.1612],[-75.2835,-0.107],[-75.4214,-0.0622],[-75.6467,0.0854],[-75.7897,0.0844],[-75.9271,0.181],[-76.0535,0.3635],[-76.3116,0.4585],[-76.4159,0.3954],[-76.408,0.2545],[-76.5843,0.2226],[-76.7369,0.2729],[-76.8968,0.2453],[-77.1039,0.3541],[-77.2069,0.3342],[-77.4244,0.4083],[-77.4681,0.6509],[-77.5141,0.6605]]]},"properties":{"iso":"ECU","name":"Sucumbios","country":"Equador","code":"EC-U"}},
{"type":"Feature","geometry":{"type":"Polygon","coordinates":[[[-77.1039,0.3541],[-76.8968,0.2453],[-76.7369,0.2729],[-76.5843,0.2226],[-76.408,0.2545],[-76.4159,0.3954],[-76.3116,0.4585],[-76.0535,0.3635],[-75.9271,0.181],[-75.7897,0.0844],[-75.6467,0.0854],[-75.4214,-0.0622],[-75.2835,-0.107],[-75.1417,-0.0435],[-74.9335,-0.2094],[-74.8247,-0.1705],[-74.6866,-0.3534],[-74.6423,-0.3398],[-74.4147,-0.5638],[-73.8641,-0.3929],[-74.0114,-0.3351],[-74.1167,-0.2463],[-74.2404,-0.2279],[-74.2915,-0.1415],[-74.4132,-0.0903],[-74.4698,-0.1258],[-74.6638,-0.0542],[-74.6829,0.1509],[-74.7429,0.2003],[-74.9624,0.2708],[-74.9962,0.4699],[-75.202,0.5178],[-75.2541,0.719],[-75.4591,0.7495],[-75.5599,0.8286],[-75.8455,0.8895],[-75.9178,1.0192],[-76.0605,1.0437],[-76.2098,0.9721],[-76.351,0.9769],[-76.5366,1.0756],[-76.5161,1.2747],[-76.5884,1.4075],[-76.6705,1.4337],[-76.7457,1.3295],[-76.9117,1.3132],[-77.0887,1.1861],[-77.0321,1.0413],[-77.09,0.8842],[-77.2386,0.6972],[-77.1091,0.5845],[-77.1039,0.3541]]]},"properties":{"iso":"COL","name":"Putumayo","country":"Colômbia","code":"CO-PUT"}},
{"type":"Feature","geometry":{"type":"Polygon","coordinates":[[[-56.4839,5.3168],[-56.4793,5.3892],[-56.5662,5.5018],[-56.5022,5.56],[-56.5988,5.7485],[-56.6037,5.9503],[-56.6595,5.9797],[-56.9565,6.0116],[-57.066,5.9501],[-57.1258,5.8181],[-57.1637,5.5571],[-57.2477,5.4849],[-57.3241,5.3386],[-57.2325,5.2606],[-56.7239,5.3333],[-56.4839,5.3168]]]},"properties":{"iso":"SUR","name":"Nickerie","country":"Suriname","code":"SR-NI"}},
{"type":"Feature","geometry":{"type":"Polygon","coordinates":[[[-54.3207,5.2125],[-54.1905,5.3257],[-54.0736,5.4898],[-53.9864,5.7457],[-54.0367,5.8424],[-54.4718,5.941],[-54.7049,5.9748],[-54.7369,5.7668],[-54.628,5.5593],[-54.6549,5.3746],[-54.473,5.3065],[-54.3207,5.2125]]]},"properties":{"iso":"SUR","name":"Marowijne","country":"Suriname","code":"SR-MA"}},
{"type":"Feature","geometry":{"type":"Polygon","coordinates":[[[-65.1905,-22.0985],[-65.0204,-22.0966],[-64.5869,-22.2128],[-64.572,-22.3432],[-64.4283,-22.5423],[-64.4537,-22.6429],[-64.369,-22.7297],[-64.294,-22.6909],[-64.2508,-22.5407],[-64.1605,-22.4385],[-63.9476,-22.0076],[-63.8131,-22.003],[-63.7404,-22.0506],[-63.6394,-21.9975],[-62.8044,-22.0041],[-62.7909,-22.1132],[-62.6504,-22.2345],[-62.2757,-21.0666],[-62.2719,-21.0004],[-63.8692,-20.9993],[-63.9833,-20.9935],[-64.0743,-20.9143],[-64.1858,-20.9236],[-64.2256,-21.1409],[-64.3406,-21.1381],[-64.546,-21.0765],[-64.6494,-20.9421],[-64.7174,-20.9359],[-64.8296,-21.0975],[-65.0659,-20.9635],[-65.1743,-20.9682],[-65.2349,-21.5354],[-65.3285,-21.8029],[-65.2115,-21.9465],[-65.1905,-22.0985]]]},"properties":{"iso":"BOL","name":"Tarija","country":"Bolívia","code":"BO-T"}},
{"type":"Feature","geometry":{"type":"Polygon","coordinates":[[[-62.3414,-22.4723],[-62.2872,-22.4839],[-62.1708,-22.7173],[-62.0358,-22.8849],[-61.9564,-23.0344],[-61.845,-23.0972],[-61.7443,-23.2348],[-61.6051,-23.2893],[-61.4918,-23.4132],[-61.297,-23.4814],[-61.1099,-23.607],[-61.1188,-23.6664],[-61.0063,-23.8055],[-60.7878,-23.8734],[-60.7651,-23.6638],[-60.554,-23.586],[-60.2302,-23.5694],[-60.0636,-23.4999],[-59.9734,-23.2052],[-59.961,-22.9136],[-59.9344,-22.7958],[-59.741,-22.529],[-59.7391,-22.4506],[-59.6165,-22.412],[-59.5945,-22.2956],[-59.3042,-22.1956],[-59.3423,-22.083],[-59.4204,-22.0465],[-59.9292,-22.0438],[-59.9582,-21.9077],[-59.8518,-21.4696],[-59.6958,-21.3254],[-59.7369,-21.0687],[-59.8297,-20.9183],[-59.951,-20.6516],[-61.8187,-20.1319],[-61.9247,-20.0651],[-62.2106,-20.4713],[-62.2773,-20.5798],[-62.2719,-21.0004],[-62.2757,-21.0666],[-62.6504,-22.2345],[-62.6327,-22.296],[-62.3414,-22.4723]]]},"properties":{"iso":"PRY","name":"Boquerón","country":"Paraguai","code":"PY-19"}},
{"type":"Feature","geometry":{"type":"Polygon","coordinates":[[[-62.3392,-24.1206],[-62.0495,-24.2092],[-61.902,-24.3173],[-61.7757,-24.3417],[-61.6603,-24.4764],[-61.4511,-24.6194],[-61.1987,-24.6749],[-61.0343,-24.898],[-60.7999,-25.0754],[-60.4997,-25.2096],[-60.3603,-25.3633],[-60.1781,-25.6651],[-60.0334,-25.7012],[-59.8625,-25.8231],[-59.6736,-26.0135],[-59.669,-26.1172],[-59.4131,-26.1901],[-59.3872,-26.2914],[-59.2835,-26.3478],[-59.1468,-26.2995],[-58.9535,-26.4056],[-58.8633,-26.5039],[-58.5771,-26.6896],[-58.3513,-26.8858],[-58.2479,-26.7582],[-58.2062,-26.4027],[-58.0865,-26.1272],[-57.8727,-26.0103],[-57.8197,-25.8498],[-57.7537,-25.6727],[-57.6231,-25.6154],[-57.5569,-25.4598],[-57.5975,-25.4034],[-57.672,-25.2898],[-57.7541,-25.1809],[-57.8905,-25.0787],[-57.9698,-25.0785],[-58.2241,-24.9412],[-58.312,-24.9936],[-58.4734,-24.8513],[-58.8092,-24.7768],[-59.0009,-24.6442],[-59.341,-24.4876],[-59.4597,-24.3585],[-60.0337,-24.007],[-60.328,-24.018],[-60.5936,-23.9122],[-60.7878,-23.8734],[-61.0063,-23.8055],[-61.1188,-23.6664],[-61.1099,-23.607],[-61.297,-23.4814],[-61.4918,-23.4132],[-61.6051,-23.2893],[-61.7443,-23.2348],[-61.845,-23.0972],[-61.9564,-23.0344],[-62.0358,-22.8849],[-62.1708,-22.7173],[-62.2872,-22.4839],[-62.3414,-22.4723],[-62.3388,-23.5562],[-62.3392,-24.1206]]]},"properties":{"iso":"ARG","name":"Formosa","country":"Argentina","code":"AR-P"}},
{"type":"Feature","geometry":{"type":"Polygon","coordinates":[[[-60.7878,-23.8734],[-60.5936,-23.9122],[-60.328,-24.018],[-60.0337,-24.007],[-59.4597,-24.3585],[-59.341,-24.4876],[-59.0009,-24.6442],[-58.8092,-24.7768],[-58.4734,-24.8513],[-58.312,-24.9936],[-58.2241,-24.9412],[-57.9698,-25.0785],[-57.8905,-25.0787],[-57.7541,-25.1809],[-57.672,-25.2898],[-57.5835,-25.2344],[-57.5238,-25.1092],[-57.455,-25.1125],[-57.2134,-24.989],[-57.1819,-24.7695],[-57.0907,-24.6775],[-57.1709,-24.298],[-57.2197,-24.1979],[-57.163,-24.1174],[-57.278,-24.0051],[-57.2803,-23.7234],[-57.4504,-23.5738],[-57.4462,-23.4745],[-57.4803,-23.279],[-57.6246,-23.1653],[-57.6321,-23.1111],[-57.7894,-23.0214],[-57.7894,-22.878],[-57.9402,-22.7163],[-57.7847,-22.6653],[-57.849,-22.423],[-58.1941,-22.2809],[-58.2632,-22.198],[-58.9984,-22.1568],[-59.1526,-22.1622],[-59.3423,-22.083],[-59.3042,-22.1956],[-59.5945,-22.2956],[-59.6165,-22.412],[-59.7391,-22.4506],[-59.741,-22.529],[-59.9344,-22.7958],[-59.961,-22.9136],[-59.9734,-23.2052],[-60.0636,-23.4999],[-60.2302,-23.5694],[-60.554,-23.586],[-60.7651,-23.6638],[-60.7878,-23.8734]]]},"properties":{"iso":"PRY","name":"Presidente Hayes","country":"Paraguai","code":"PY-15"}},
{"type":"Feature","geometry":{"type":"Polygon","coordinates":[[[-57.8197,-25.8498],[-57.7038,-25.8097],[-57.5596,-25.9131],[-57.5036,-26.0111],[-57.405,-25.8584],[-57.426,-25.7381],[-57.2383,-25.4797],[-57.1618,-25.4253],[-57.2331,-25.3974],[-57.3182,-25.2559],[-57.455,-25.1125],[-57.5238,-25.1092],[-57.5835,-25.2344],[-57.5975,-25.4034],[-57.5569,-25.4598],[-57.6231,-25.6154],[-57.7537,-25.6727],[-57.8197,-25.8498]]]},"properties":{"iso":"PRY","name":"Central","country":"Paraguai","code":"PY-11"}},
{"type":"Feature","geometry":{"type":"Polygon","coordinates":[[[-57.5975,-25.4034],[-57.5835,-25.2344],[-57.672,-25.2898],[-57.5975,-25.4034]]]},"properties":{"iso":"PRY","name":"Asunción","country":"Paraguai","code":"PY-ASU"}},
{"type":"Feature","geometry":{"type":"Polygon","coordinates":[[[-54.6002,-25.5749],[-54.6098,-25.4328],[-54.4297,-25.1306],[-54.4623,-25.0372],[-54.3584,-24.7314],[-54.6265,-24.6892],[-54.6684,-24.6388],[-54.8854,-24.6202],[-54.9923,-24.5396],[-55.2275,-24.5022],[-55.2916,-24.5837],[-55.3285,-24.7686],[-55.3275,-24.9659],[-55.015,-25.1845],[-55.0242,-25.3399],[-55.2268,-25.2313],[-55.4892,-25.5556],[-55.3995,-25.6089],[-55.5263,-25.8607],[-55.5131,-25.9628],[-55.429,-26.0103],[-55.3053,-25.9907],[-55.2915,-26.0833],[-55.2575,-26.1803],[-55.0673,-26.2168],[-54.9071,-26.1489],[-54.665,-26.2389],[-54.5879,-25.8108],[-54.6431,-25.6879],[-54.6002,-25.5749]]]},"properties":{"iso":"PRY","name":"Alto Paraná","country":"Paraguai","code":"PY-10"}},
{"type":"Feature","geometry":{"type":"Polygon","coordinates":[[[-54.665,-26.2389],[-54.7065,-26.4418],[-54.7898,-26.5285],[-54.7931,-26.645],[-54.9033,-26.6599],[-54.9753,-26.7878],[-55.1258,-26.8636],[-55.1384,-26.9537],[-55.2806,-26.9343],[-55.414,-26.9799],[-55.4619,-27.098],[-55.599,-27.1826],[-55.5913,-27.3284],[-55.7547,-27.4437],[-55.9661,-27.3317],[-56.0173,-27.4516],[-55.8733,-27.7158],[-55.8386,-27.9066],[-55.737,-28.066],[-55.623,-28.1443],[-55.4407,-28.0789],[-55.3299,-27.9281],[-55.1977,-27.8606],[-55.0258,-27.8402],[-54.9132,-27.7369],[-54.8983,-27.6236],[-54.8275,-27.5451],[-54.6997,-27.553],[-54.6053,-27.468],[-54.4608,-27.4126],[-54.2869,-27.4284],[-54.1895,-27.2609],[-54.0918,-27.2852],[-54.0181,-27.2123],[-53.8192,-27.1397],[-53.7107,-26.8738],[-53.746,-26.6939],[-53.7244,-26.3761],[-53.6667,-26.2192],[-53.8262,-25.9727],[-53.8373,-25.8092],[-53.91,-25.6292],[-54.2148,-25.5315],[-54.4606,-25.6421],[-54.6002,-25.5749],[-54.6431,-25.6879],[-54.5879,-25.8108],[-54.665,-26.2389]]]},"properties":{"iso":"ARG","name":"Misiones","country":"Argentina","code":"AR-N"}},
{"type":"Feature","geometry":{"type":"Polygon","coordinates":[[[-55.2915,-26.0833],[-55.3232,-26.1652],[-55.4657,-26.2874],[-55.7399,-26.3569],[-55.8646,-26.472],[-55.9841,-26.498],[-56.1184,-26.6713],[-56.4117,-26.7756],[-56.5723,-26.7224],[-56.532,-27.0864],[-56.655,-27.1892],[-56.6885,-27.294],[-56.638,-27.4529],[-56.5464,-27.4551],[-56.4615,-27.5539],[-56.3675,-27.5806],[-56.2798,-27.3896],[-56.1246,-27.2989],[-55.9661,-27.3317],[-55.7547,-27.4437],[-55.5913,-27.3284],[-55.599,-27.1826],[-55.4619,-27.098],[-55.414,-26.9799],[-55.2806,-26.9343],[-55.1384,-26.9537],[-55.1258,-26.8636],[-54.9753,-26.7878],[-54.9033,-26.6599],[-54.7931,-26.645],[-54.7898,-26.5285],[-54.7065,-26.4418],[-54.665,-26.2389],[-54.9071,-26.1489],[-55.0673,-26.2168],[-55.2575,-26.1803],[-55.2915,-26.0833]]]},"properties":{"iso":"PRY","name":"Itapúa","country":"Paraguai","code":"PY-7"}},
{"type":"Feature","geometry":{"type":"Polygon","coordinates":[[[-58.3513,-26.8858],[-58.4598,-26.9282],[-58.5115,-27.0602],[-58.6533,-27.1563],[-58.6042,-27.3163],[-58.5108,-27.2784],[-58.022,-27.2598],[-57.6978,-27.3335],[-57.5357,-27.4072],[-57.3101,-27.4292],[-57.2021,-27.1338],[-57.2322,-27.0727],[-57.4217,-27.0443],[-57.6348,-26.7808],[-57.7055,-26.4125],[-57.4812,-26.1743],[-57.5036,-26.0111],[-57.5596,-25.9131],[-57.7038,-25.8097],[-57.8197,-25.8498],[-57.8727,-26.0103],[-58.0865,-26.1272],[-58.2062,-26.4027],[-58.2479,-26.7582],[-58.3513,-26.8858]]]},"properties":{"iso":"PRY","name":"Ñeembucú","country":"Paraguai","code":"PY-12"}},
{"type":"Feature","geometry":{"type":"Polygon","coordinates":[[[-63.3986,-25.6594],[-61.7539,-25.6614],[-61.7223,-25.7442],[-61.7105,-26.1466],[-61.7094,-26.7938],[-61.7099,-28.0004],[-60.7447,-28.0027],[-60.0413,-28.0001],[-58.8647,-27.9993],[-58.8179,-27.7726],[-58.8865,-27.4789],[-58.6042,-27.3163],[-58.6533,-27.1563],[-58.5115,-27.0602],[-58.4598,-26.9282],[-58.3513,-26.8858],[-58.5771,-26.6896],[-58.8633,-26.5039],[-58.9535,-26.4056],[-59.1468,-26.2995],[-59.2835,-26.3478],[-59.3872,-26.2914],[-59.4131,-26.1901],[-59.669,-26.1172],[-59.6736,-26.0135],[-59.8625,-25.8231],[-60.0334,-25.7012],[-60.1781,-25.6651],[-60.3603,-25.3633],[-60.4997,-25.2096],[-60.7999,-25.0754],[-61.0343,-24.898],[-61.1987,-24.6749],[-61.4511,-24.6194],[-61.6603,-24.4764],[-61.7757,-24.3417],[-61.902,-24.3173],[-62.0495,-24.2092],[-62.3392,-24.1206],[-62.3344,-24.4029],[-63.0919,-25.3013],[-63.3986,-25.6594]]]},"properties":{"iso":"ARG","name":"Chaco","country":"Argentina","code":"AR-H"}},
{"type":"Feature","geometry":{"type":"Polygon","coordinates":[[[-57.8087,-30.7473],[-57.8858,-30.5899],[-57.8496,-30.4853],[-57.6527,-30.3291],[-57.6425,-30.1931],[-57.5062,-30.1443],[-57.3252,-29.981],[-57.3085,-29.8485],[-57.0942,-29.752],[-56.9658,-29.6009],[-56.677,-29.3134],[-56.6173,-29.1609],[-56.4158,-29.0514],[-56.3916,-28.9522],[-56.301,-28.8814],[-56.2861,-28.7802],[-56.1847,-28.7442],[-56.0219,-28.5857],[-56.0116,-28.4966],[-55.8981,-28.4607],[-55.7725,-28.232],[-55.623,-28.1443],[-55.737,-28.066],[-55.8386,-27.9066],[-55.8733,-27.7158],[-56.0173,-27.4516],[-55.9661,-27.3317],[-56.1246,-27.2989],[-56.2798,-27.3896],[-56.3675,-27.5806],[-56.4615,-27.5539],[-56.5464,-27.4551],[-56.638,-27.4529],[-56.7712,-27.5067],[-56.9044,-27.4187],[-57.1801,-27.4873],[-57.3101,-27.4292],[-57.5357,-27.4072],[-57.6978,-27.3335],[-58.022,-27.2598],[-58.5108,-27.2784],[-58.6042,-27.3163],[-58.8865,-27.4789],[-58.8179,-27.7726],[-58.8647,-27.9993],[-58.9505,-28.1124],[-59.0814,-28.1576],[-59.0662,-28.4014],[-59.0991,-28.6642],[-59.1429,-28.7458],[-59.1974,-29.0221],[-59.3589,-29.1435],[-59.5113,-29.2076],[-59.5891,-29.4112],[-59.5911,-29.615],[-59.6648,-29.8783],[-59.5991,-30.0127],[-59.6615,-30.3369],[-59.3885,-30.306],[-59.2413,-30.3435],[-59.005,-30.2041],[-58.8762,-30.227],[-58.6297,-30.1523],[-58.2608,-30.2307],[-58.068,-30.4207],[-57.9873,-30.6035],[-57.8087,-30.7473]]]},"properties":{"iso":"ARG","name":"Corrientes","country":"Argentina","code":"AR-W"}},
{"type":"Feature","geometry":{"type":"Polygon","coordinates":[[[-56.5723,-26.7224],[-56.7834,-26.5408],[-56.8193,-26.4898],[-57.0393,-26.404],[-57.2008,-26.5894],[-57.3406,-26.6232],[-57.5488,-26.5506],[-57.7055,-26.4125],[-57.6348,-26.7808],[-57.4217,-27.0443],[-57.2322,-27.0727],[-57.2021,-27.1338],[-57.3101,-27.4292],[-57.1801,-27.4873],[-56.9044,-27.4187],[-56.7712,-27.5067],[-56.638,-27.4529],[-56.6885,-27.294],[-56.655,-27.1892],[-56.532,-27.0864],[-56.5723,-26.7224]]]},"properties":{"iso":"PRY","name":"Misiones","country":"Paraguai","code":"PY-8"}},
{"type":"Feature","geometry":{"type":"Polygon","coordinates":[[[-61.9247,-20.0651],[-61.7612,-19.6578],[-60.8339,-19.4679],[-60.0064,-19.2981],[-59.0895,-19.2867],[-58.1753,-19.8214],[-58.1452,-19.9696],[-58.1588,-20.1651],[-57.8597,-19.9801],[-58.1246,-19.7299],[-57.789,-19.0592],[-57.7823,-18.9104],[-57.5511,-18.1836],[-57.7301,-17.8461],[-57.7908,-17.5558],[-57.8541,-17.5085],[-58.0102,-17.4968],[-58.2316,-17.3297],[-58.3812,-17.2672],[-58.4663,-16.8873],[-58.4803,-16.6837],[-58.3561,-16.5095],[-58.3396,-16.2893],[-58.4647,-16.3312],[-59.1082,-16.3087],[-60.1298,-16.2731],[-60.1798,-16.222],[-60.238,-15.5027],[-60.5295,-15.1437],[-60.275,-15.0951],[-60.2917,-14.6301],[-60.3999,-14.3408],[-60.4643,-14.2784],[-60.4735,-14.1172],[-60.3897,-13.9749],[-60.4653,-13.8166],[-60.6527,-13.7188],[-60.8967,-13.5529],[-61.3477,-13.4937],[-61.4587,-13.5437],[-61.5931,-13.5068],[-62.1287,-13.8089],[-63.0129,-14.3055],[-63.5704,-14.6185],[-63.963,-14.7374],[-63.9402,-14.8323],[-63.9498,-15.0856],[-63.8632,-15.2981],[-63.6238,-15.6274],[-63.4987,-15.6921],[-63.4298,-15.8435],[-63.3409,-15.9176],[-64.6575,-15.8505],[-64.7306,-15.9225],[-64.6818,-16.0033],[-64.6842,-16.3884],[-64.7647,-16.5258],[-64.8071,-16.7174],[-64.7561,-16.8743],[-64.6474,-16.996],[-64.3757,-17.1746],[-64.2337,-17.3186],[-64.2246,-17.416],[-64.3395,-17.4207],[-64.5643,-17.7457],[-64.7042,-17.8832],[-64.5893,-18.1149],[-64.4443,-18.3199],[-64.4273,-18.409],[-64.3136,-18.4894],[-64.3402,-18.6569],[-64.289,-18.8142],[-64.1991,-18.9288],[-64.0647,-18.9998],[-64.0163,-19.1606],[-63.9398,-19.1693],[-63.8609,-19.0262],[-63.7413,-19.0444],[-63.7677,-19.2713],[-63.7253,-19.963],[-63.6519,-20.4501],[-63.4974,-20.4575],[-63.3685,-20.3574],[-63.2859,-20.4751],[-62.2106,-20.4713],[-61.9247,-20.0651]]]},"properties":{"iso":"BOL","name":"Santa Cruz","country":"Bolívia","code":"BO-S"}},
{"type":"Feature","geometry":{"type":"Polygon","coordinates":[[[-59.3423,-22.083],[-59.1526,-22.1622],[-58.9984,-22.1568],[-58.2632,-22.198],[-58.1941,-22.2809],[-57.849,-22.423],[-57.8967,-22.2793],[-57.9657,-22.2568],[-57.9731,-22.081],[-57.9254,-21.905],[-57.9559,-21.8511],[-57.8956,-21.6884],[-57.939,-21.6237],[-57.9299,-21.4531],[-57.8556,-21.3307],[-57.8254,-20.9986],[-57.9087,-20.8816],[-57.8602,-20.7303],[-57.991,-20.6206],[-57.9894,-20.4331],[-58.083,-20.3762],[-58.1588,-20.1651],[-58.1452,-19.9696],[-58.1753,-19.8214],[-59.0895,-19.2867],[-60.0064,-19.2981],[-60.8339,-19.4679],[-61.7612,-19.6578],[-61.9247,-20.0651],[-61.8187,-20.1319],[-59.951,-20.6516],[-59.8297,-20.9183],[-59.7369,-21.0687],[-59.6958,-21.3254],[-59.8518,-21.4696],[-59.9582,-21.9077],[-59.9292,-22.0438],[-59.4204,-22.0465],[-59.3423,-22.083]]]},"properties":{"iso":"PRY","name":"Alto Paraguay","country":"Paraguai","code":"PY-16"}},
{"type":"Feature","geometry":{"type":"Polygon","coordinates":[[[-57.4462,-23.4745],[-57.3505,-23.5048],[-56.8385,-23.4217],[-56.6054,-23.4523],[-56.4049,-23.4114],[-56.301,-23.3397],[-56.1905,-23.2089],[-56.1281,-23.0525],[-56.2716,-22.7071],[-56.5008,-22.7982],[-56.5954,-22.8867],[-56.7216,-22.6438],[-56.7093,-22.4796],[-56.6226,-22.3472],[-56.8429,-22.289],[-57.2138,-22.1882],[-57.385,-22.2133],[-57.6141,-22.177],[-57.6545,-22.1045],[-57.8439,-22.1437],[-57.9731,-22.081],[-57.9657,-22.2568],[-57.8967,-22.2793],[-57.849,-22.423],[-57.7847,-22.6653],[-57.9402,-22.7163],[-57.7894,-22.878],[-57.7894,-23.0214],[-57.6321,-23.1111],[-57.6246,-23.1653],[-57.4803,-23.279],[-57.4462,-23.4745]]]},"properties":{"iso":"PRY","name":"Concepción","country":"Paraguai","code":"PY-1"}},
{"type":"Feature","geometry":{"type":"Polygon","coordinates":[[[-56.301,-23.3397],[-56.0843,-23.3242],[-56.043,-23.4234],[-56.1442,-23.5148],[-56.1141,-23.5946],[-55.9362,-23.5302],[-55.9815,-23.7682],[-56.0591,-23.8485],[-55.9066,-23.8374],[-55.7206,-23.7011],[-55.5799,-23.6356],[-55.5338,-23.5304],[-55.5352,-23.2291],[-55.6378,-23.0007],[-55.659,-22.8183],[-55.6312,-22.6268],[-55.7413,-22.5372],[-55.7516,-22.4163],[-55.8929,-22.3068],[-56.1968,-22.2793],[-56.3168,-22.2077],[-56.4218,-22.0745],[-56.5113,-22.0914],[-56.6547,-22.2373],[-56.8429,-22.289],[-56.6226,-22.3472],[-56.7093,-22.4796],[-56.7216,-22.6438],[-56.5954,-22.8867],[-56.5008,-22.7982],[-56.2716,-22.7071],[-56.1281,-23.0525],[-56.1905,-23.2089],[-56.301,-23.3397]]]},"properties":{"iso":"PRY","name":"Amambay","country":"Paraguai","code":"PY-13"}},
{"type":"Feature","geometry":{"type":"Polygon","coordinates":[[[-54.3584,-24.7314],[-54.3348,-24.5273],[-54.261,-24.3295],[-54.3346,-24.1489],[-54.2453,-24.0506],[-54.4229,-23.9138],[-54.6126,-23.8112],[-54.8274,-23.887],[-54.9436,-23.9692],[-55.2009,-24.0195],[-55.398,-23.9768],[-55.4453,-23.7354],[-55.5338,-23.5304],[-55.5799,-23.6356],[-55.7206,-23.7011],[-55.9066,-23.8374],[-56.0591,-23.8485],[-55.9924,-24.0227],[-56.1535,-24.1608],[-56.1566,-24.2616],[-55.9024,-24.649],[-55.7508,-24.7827],[-55.5228,-24.5557],[-55.2275,-24.5022],[-54.9923,-24.5396],[-54.8854,-24.6202],[-54.6684,-24.6388],[-54.6265,-24.6892],[-54.3584,-24.7314]]]},"properties":{"iso":"PRY","name":"Canindeyú","country":"Paraguai","code":"PY-14"}},
{"type":"Feature","geometry":{"type":"Polygon","coordinates":[[[21.3749,55.29],[21.1813,55.1933],[21.2302,54.9389],[21.0789,54.8998],[20.7637,54.9477],[20.0337,54.9482],[19.9207,54.8896],[19.9617,54.7732],[19.6803,54.4367],[20.9296,54.3978],[22.6984,54.3429],[22.6817,54.5699],[22.7248,54.7234],[22.8328,54.7787],[22.8089,54.8938],[22.6335,54.9579],[22.5807,55.0576],[22.2513,55.0709],[22.0999,55.0299],[21.5039,55.1944],[21.3749,55.29]]]},"properties":{"iso":"RUS","name":"Kaliningrad","country":"Rússia","code":"RU-KGD"}},
{"type":"Feature","geometry":{"type":"Polygon","coordinates":[[[30.9071,55.5778],[30.9186,55.4076],[30.7943,55.2855],[30.9598,55.1626],[31.0064,55.0424],[30.8148,54.928],[30.7706,54.786],[31.1679,54.6216],[31.0646,54.4923],[31.209,54.448],[31.3247,54.2292],[31.5064,54.1439],[31.7481,54.0863],[31.8465,53.9923],[31.7538,53.8196],[31.8732,53.7771],[32.0836,53.8096],[32.2904,53.7609],[32.4806,53.6624],[32.4529,53.5464],[32.7178,53.4311],[32.9081,53.4935],[32.899,53.5687],[33.289,53.8217],[33.2874,53.9539],[33.5012,54.0158],[33.6837,54.3213],[33.6167,54.381],[33.7287,54.5617],[34.1075,54.5503],[34.3261,54.4296],[34.4158,54.4508],[34.4996,54.632],[34.8173,54.7094],[35.2845,55.1121],[35.3697,55.2388],[35.3012,55.2991],[35.3031,55.5712],[35.3971,55.6171],[35.3535,55.7794],[35.1741,55.9483],[35.0315,55.9844],[34.6309,55.9179],[34.2007,56.0745],[33.9166,56.0731],[33.8381,55.9495],[33.5053,55.7552],[33.1879,55.6525],[32.9393,55.6318],[32.7218,55.6897],[32.0937,55.6741],[31.8936,55.7705],[31.7549,55.7144],[31.4674,55.729],[31.0473,55.7685],[30.9071,55.5778]]]},"properties":{"iso":"RUS","name":"Smolensk","country":"Rússia","code":"RU-SMO"}},
{"type":"Feature","geometry":{"type":"Polygon","coordinates":[[[32.7178,53.4311],[32.4055,53.1927],[32.2059,53.1004],[31.9072,53.0919],[31.7386,53.1925],[31.3785,53.182],[31.2471,53.0144],[31.5051,52.8489],[31.5702,52.7253],[31.6081,52.3725],[31.7643,52.1006],[31.892,52.0362],[32.0956,52.0407],[32.3067,52.1412],[32.3395,52.2872],[32.5284,52.3162],[32.7254,52.2521],[32.9269,52.2469],[33.1965,52.3689],[33.8041,52.3546],[34.0557,52.1703],[34.0682,52.031],[34.3711,51.8268],[34.4065,52.0127],[34.6723,52.0655],[34.8046,52.1851],[34.8968,52.3532],[34.8329,52.424],[34.9896,52.5105],[35.0915,52.698],[34.8049,52.8682],[34.967,52.9703],[35.1565,52.9695],[35.1821,53.1016],[35.1035,53.3108],[35.0174,53.3808],[34.6726,53.3901],[34.4882,53.5441],[34.4895,53.6665],[34.1992,53.8916],[33.8598,53.8787],[33.6823,54.0264],[33.5012,54.0158],[33.2874,53.9539],[33.289,53.8217],[32.899,53.5687],[32.9081,53.4935],[32.7178,53.4311]]]},"properties":{"iso":"RUS","name":"Bryansk","country":"Rússia","code":"RU-BRY"}},
{"type":"Feature","geometry":{"type":"Polygon","coordinates":[[[34.3711,51.8268],[34.3763,51.7086],[34.128,51.6807],[34.2803,51.3613],[34.409,51.2531],[34.7481,51.1647],[34.9618,51.2153],[35.0992,51.1832],[35.1726,51.0406],[35.2822,50.9611],[35.5464,50.9057],[35.817,50.9447],[35.9996,51.0577],[35.9763,51.1575],[36.6175,51.0798],[37.054,51.2469],[37.1442,51.3429],[37.3791,51.3854],[37.6667,51.3657],[37.8286,51.4205],[38.2915,51.2925],[38.3234,51.3408],[38.2195,51.7078],[38.4098,51.6878],[38.4098,51.9202],[38.2988,51.961],[37.997,51.879],[37.8208,51.9122],[37.7471,52.0169],[37.6518,51.9711],[37.4807,52.0095],[37.3535,51.9362],[37.1583,52.072],[36.8202,52.1203],[36.5523,52.2153],[36.357,52.3658],[35.8926,52.2745],[35.3963,52.414],[35.1237,52.3346],[34.8968,52.3532],[34.8046,52.1851],[34.6723,52.0655],[34.4065,52.0127],[34.3711,51.8268]]]},"properties":{"iso":"RUS","name":"Kursk","country":"Rússia","code":"RU-KRS"}},
{"type":"Feature","geometry":{"type":"Polygon","coordinates":[[[35.2822,50.9611],[35.4454,50.6875],[35.3777,50.6218],[35.4253,50.5005],[35.5702,50.3765],[35.6969,50.3451],[35.8374,50.4232],[36.1058,50.4211],[36.269,50.2814],[36.4002,50.3066],[36.6826,50.2607],[36.9141,50.3391],[37.197,50.3624],[37.4353,50.4249],[37.5992,50.2909],[37.5886,50.2146],[37.7276,50.0787],[37.9159,50.0033],[37.9953,49.9213],[38.3442,49.9921],[38.8522,49.8658],[38.9374,49.8035],[39.181,49.8595],[39.2336,50.0562],[39.099,50.1728],[39.0848,50.3487],[38.9904,50.4327],[39.0977,50.5061],[39.0724,50.6361],[38.9662,50.6465],[38.7245,50.7901],[38.7367,50.9014],[38.8736,50.9113],[38.8458,51.0365],[38.6184,50.9984],[38.3969,51.0765],[38.446,51.2574],[38.2915,51.2925],[37.8286,51.4205],[37.6667,51.3657],[37.3791,51.3854],[37.1442,51.3429],[37.054,51.2469],[36.6175,51.0798],[35.9763,51.1575],[35.9996,51.0577],[35.817,50.9447],[35.5464,50.9057],[35.2822,50.9611]]]},"properties":{"iso":"RUS","name":"Belgorod","country":"Rússia","code":"RU-BEL"}},
{"type":"Feature","geometry":{"type":"Polygon","coordinates":[[[38.2915,51.2925],[38.446,51.2574],[38.3969,51.0765],[38.6184,50.9984],[38.8458,51.0365],[38.8736,50.9113],[38.7367,50.9014],[38.7245,50.7901],[38.9662,50.6465],[39.0724,50.6361],[39.0977,50.5061],[38.9904,50.4327],[39.0848,50.3487],[39.099,50.1728],[39.2336,50.0562],[39.181,49.8595],[39.238,49.7651],[39.5704,49.7133],[39.6229,49.6135],[39.8015,49.5422],[40.0177,49.6079],[40.1185,49.5885],[40.411,49.5968],[40.8848,49.6903],[41.0293,49.7942],[41.0564,49.9162],[41.3415,50.0753],[41.3621,50.2263],[41.5086,50.3921],[41.4235,50.4816],[41.4001,50.625],[41.3144,50.7246],[41.4443,50.9174],[41.737,51.0257],[41.8549,51.1886],[41.977,51.2033],[42.2548,51.1325],[42.573,51.1685],[42.7155,51.2394],[42.8729,51.2313],[42.8609,51.3814],[42.4892,51.6077],[42.2737,51.6004],[42.2477,51.6945],[41.9522,51.6564],[41.5565,51.7667],[41.3113,51.7938],[41.0661,51.7102],[40.8919,51.7426],[40.9377,51.8902],[40.5038,51.9535],[39.913,51.9798],[39.8341,51.9202],[39.4966,51.9727],[39.4471,52.0822],[39.1823,52.0982],[38.9944,52.0007],[38.8799,52.0925],[38.6976,52.0978],[38.2988,51.961],[38.4098,51.9202],[38.4098,51.6878],[38.2195,51.7078],[38.3234,51.3408],[38.2915,51.2925]]]},"properties":{"iso":"RUS","name":"Voronezh","country":"Rússia","code":"RU-VOR"}},
{"type":"Feature","geometry":{"type":"Polygon","coordinates":[[[41.1624,45.9536],[41.3754,45.9468],[41.4201,45.9948],[41.7126,45.996],[41.6558,46.1053],[41.8401,46.1529],[42.0996,46.4071],[42.0343,46.5433],[42.1809,46.5779],[42.4093,46.5249],[42.5968,46.4109],[42.7872,46.3894],[42.9118,46.435],[43.0802,46.3598],[43.3556,46.1724],[43.5594,46.1689],[43.646,46.2157],[43.7859,46.4075],[43.9184,46.416],[43.9277,46.521],[43.8171,46.5887],[43.9304,46.7227],[44.2624,46.9001],[44.3276,47.1108],[44.334,47.4752],[44.2284,47.5746],[44.1168,47.5335],[44.1096,47.4137],[43.8023,47.2825],[43.7315,47.4766],[43.482,47.4837],[43.2625,47.4502],[43.0543,47.5728],[42.9553,47.5103],[42.785,47.7311],[42.7285,47.8541],[42.4919,48.0136],[42.0298,48.0285],[42.0964,48.1541],[42.0741,48.3919],[42.1652,48.464],[42.6337,48.5516],[42.6511,48.7046],[42.7397,48.7863],[42.6443,48.9769],[42.4106,49.0473],[42.3438,49.1521],[42.0952,49.1406],[42.0366,49.2674],[42.072,49.5018],[42.1784,49.6684],[42.1151,49.7503],[41.8761,49.9004],[41.6167,49.9622],[41.3621,50.2263],[41.3415,50.0753],[41.0564,49.9162],[41.0293,49.7942],[40.8848,49.6903],[40.411,49.5968],[40.1185,49.5885],[40.0409,49.4555],[40.1595,49.3336],[40.1417,49.2458],[39.9521,49.1245],[39.9187,49.0478],[39.6811,49.0203],[39.7587,48.8954],[39.6317,48.5869],[39.8092,48.5838],[39.9932,48.2732],[39.8431,48.1198],[39.7591,47.8329],[39.3916,47.8226],[38.8772,47.8612],[38.7345,47.6771],[38.3529,47.6071],[38.2603,47.4929],[38.201,47.2906],[38.2654,47.1188],[38.6255,47.1356],[38.9378,47.1898],[39.0881,47.2864],[39.264,47.2608],[39.2619,47.0086],[39.0752,47.0327],[38.9573,46.9565],[38.6735,46.863],[38.883,46.808],[38.8845,46.6348],[39.099,46.6013],[39.1804,46.6884],[39.4435,46.8089],[39.5775,46.7775],[40.0234,46.7648],[40.1315,46.7223],[40.0587,46.5424],[40.2144,46.5249],[40.3395,46.2799],[40.7346,46.2762],[40.9535,46.198],[41.1259,46.0679],[41.1624,45.9536]]]},"properties":{"iso":"RUS","name":"Rostov","country":"Rússia","code":"RU-ROS"}},
{"type":"Feature","geometry":{"type":"Polygon","coordinates":[[[98.9377,52.1247],[98.9947,52.0583],[99.3239,51.9342],[99.6793,51.8887],[100.006,51.7317],[100.5109,51.7269],[101.3878,51.4506],[101.4821,51.4729],[102.0512,51.3836],[102.1839,51.3239],[102.1465,51.0976],[102.2297,50.9793],[102.2168,50.7989],[102.3294,50.7188],[102.3276,50.5455],[102.4719,50.5249],[102.5866,50.4153],[102.9741,50.2956],[103.2017,50.297],[103.2531,50.215],[103.6014,50.1335],[103.7853,50.1861],[104.1217,50.1483],[104.4058,50.3005],[104.6104,50.3142],[104.9342,50.3933],[105.1313,50.3981],[105.3286,50.4765],[105.6394,50.4219],[105.9849,50.3998],[106.2449,50.2903],[106.6565,50.327],[106.9737,50.1964],[107.0484,50.0846],[107.2249,49.9971],[107.7446,49.9674],[107.7697,50.1472],[107.9263,50.2148],[107.9902,50.3348],[108.1317,50.3182],[108.5536,50.4651],[108.4722,50.5899],[108.1873,50.6576],[108.067,50.7535],[108.2497,50.8435],[108.3527,51.0554],[108.484,51.0567],[108.5547,51.1571],[108.3845,51.2375],[108.5318,51.4228],[108.6491,51.5006],[108.942,51.4405],[109.0471,51.5004],[109.2472,51.366],[109.6287,51.4491],[110.0492,51.6161],[110.3892,51.577],[110.4225,51.5233],[110.677,51.5045],[110.8624,51.595],[110.8447,51.66],[111.125,51.8179],[111.4537,51.8778],[111.7237,52.0057],[112.0618,52.2772],[112.1845,52.2881],[112.4054,52.2084],[112.5448,52.347],[112.9499,52.3433],[113.2361,52.4688],[113.5725,52.4535],[113.7442,52.5736],[114.0878,52.6946],[114.2351,52.8215],[114.233,52.9605],[114.3251,53.0677],[114.1321,53.0996],[114.2008,53.1871],[113.9776,53.2398],[113.8425,53.3818],[113.8776,53.562],[113.7927,53.6297],[113.9835,53.7437],[114.3261,53.79],[114.5883,53.9266],[114.8601,53.9805],[115.1645,54.1617],[115.2691,54.2567],[115.4911,54.3287],[115.6294,54.4423],[116.1905,54.5385],[116.4579,54.5168],[116.6732,54.5478],[116.8836,54.7375],[116.8927,54.9767],[116.7739,55.148],[116.4759,55.2532],[116.376,55.4087],[116.0716,55.4149],[115.8952,55.5254],[115.8448,55.7048],[115.8893,55.9652],[115.7649,56.0857],[115.7736,56.2057],[115.6838,56.4245],[115.8005,56.4661],[115.6879,56.5954],[115.4905,56.6199],[115.5713,56.7319],[115.589,56.902],[115.7108,56.9635],[115.8048,57.0313],[116.1703,57.1414],[116.1557,57.2285],[115.8522,57.2401],[115.6978,57.1367],[115.4499,57.097],[115.0859,57.1186],[115.0504,56.9907],[114.8507,56.8367],[114.7953,56.7097],[114.4985,56.6709],[114.1272,56.676],[114.0102,56.5453],[113.5468,56.6716],[113.3558,56.6264],[112.8855,56.6967],[112.762,56.7525],[112.6621,56.9597],[112.4439,56.863],[112.2349,56.8777],[112.1096,56.9444],[111.8543,56.9133],[111.4625,57.1025],[111.3632,56.8948],[111.1337,56.8147],[110.7525,56.8741],[110.5319,56.8467],[110.3991,56.9212],[109.989,56.969],[109.7804,56.7111],[109.4102,56.7349],[109.1431,56.6761],[108.9296,56.5882],[108.699,56.5829],[108.7186,56.4994],[108.557,56.3457],[108.799,56.2574],[108.9912,56.0397],[108.8541,55.8663],[108.7714,55.6233],[108.6222,55.4559],[108.6513,55.3132],[108.7822,55.1695],[108.6903,55.0623],[108.7161,54.7851],[108.6709,54.5469],[109.0221,54.4936],[109.0073,54.4249],[108.4235,53.7832],[108.041,53.1927],[106.1983,52.4402],[105.9916,52.2209],[105.7515,52.031],[105.4612,51.8633],[105.1231,51.7311],[104.6499,51.6224],[104.6094,51.2683],[104.4942,51.309],[104.2124,51.2811],[103.8137,51.1319],[103.8187,51.3878],[103.5763,51.4792],[103.335,51.4342],[103.1814,51.6208],[103.2216,51.7883],[103.0647,51.8827],[102.777,51.9846],[102.5421,52.2276],[102.188,52.2758],[102.0457,52.2122],[101.9104,52.3171],[101.4756,52.5711],[100.6064,52.9436],[100.3627,53.1368],[100.401,53.2342],[100.2605,53.3748],[100.0798,53.3003],[99.8782,53.2994],[99.6902,53.132],[99.379,53.1128],[99.2498,52.9538],[99.2203,52.8652],[98.9287,52.9185],[98.9371,52.6727],[98.8046,52.6109],[98.8056,52.514],[98.6344,52.4128],[98.6464,52.309],[98.7995,52.2742],[98.9377,52.1247]]]},"properties":{"iso":"RUS","name":"Buryat","country":"Rússia","code":"RU-BU"}},
{"type":"Feature","geometry":{"type":"Polygon","coordinates":[[[89.6332,49.9079],[89.9694,49.9671],[90.0512,50.0842],[90.2229,50.1144],[90.4752,50.2146],[90.6839,50.2162],[91.012,50.4253],[91.4157,50.4614],[91.7498,50.6841],[92.1589,50.6891],[92.3017,50.8434],[92.6498,50.6741],[92.7603,50.7708],[92.9617,50.7779],[93.0114,50.6233],[93.5363,50.5847],[94.2376,50.5652],[94.3275,50.4044],[94.3443,50.2492],[94.6245,50.0152],[94.9216,50.0459],[95.0764,49.9455],[95.3547,49.9477],[95.4806,49.8922],[95.867,50.015],[96.041,49.9979],[96.3729,49.8861],[96.5681,49.8618],[96.7019,49.9138],[96.9692,49.8867],[97.153,49.7502],[97.3017,49.7255],[97.5427,49.8227],[97.5666,49.9168],[97.8474,49.9301],[98.1056,50.0639],[98.2625,50.2838],[98.2935,50.5186],[98.0233,50.642],[97.944,50.7745],[97.9902,50.8356],[97.8064,51.0011],[97.929,51.215],[97.9157,51.3006],[98.0509,51.4664],[98.2204,51.4752],[98.2282,51.5834],[98.3322,51.7183],[98.6187,51.7807],[98.7111,51.8451],[98.9377,52.1247],[98.7995,52.2742],[98.6464,52.309],[98.6344,52.4128],[98.8056,52.514],[98.8046,52.6109],[98.9371,52.6727],[98.9287,52.9185],[99.2203,52.8652],[99.2498,52.9538],[98.9893,53.0345],[99.0557,53.1038],[98.6979,53.1548],[98.6152,53.1075],[98.3032,53.1037],[98.2795,53.2257],[98.0308,53.2526],[97.9715,53.3516],[97.6988,53.3789],[97.4478,53.4615],[97.3284,53.5964],[97.1352,53.613],[96.8749,53.7291],[96.6841,53.6385],[96.6423,53.5481],[96.4179,53.5432],[96.2415,53.6135],[96.0483,53.4537],[95.7676,53.5195],[95.3809,53.3719],[95.2604,53.4564],[95.0411,53.3759],[94.7399,53.3827],[94.5945,53.3157],[94.6037,53.0553],[94.5123,52.9108],[94.2901,52.9],[93.9893,52.5854],[93.7739,52.4462],[93.678,52.2238],[93.3604,52.1294],[93.0746,51.9453],[92.8443,51.8324],[92.4295,51.8019],[91.9867,51.7936],[91.8942,51.8528],[91.5431,51.9009],[91.1804,51.8901],[91.1005,51.9427],[90.8394,51.9124],[90.7436,52.0634],[90.4766,52.1834],[90.1237,52.1286],[90.0275,51.9844],[90.1046,51.7677],[89.9429,51.7502],[89.7304,51.5822],[89.5806,51.553],[89.2327,51.6448],[88.7357,51.5594],[88.9554,51.4384],[88.9458,51.2283],[89.0524,51.0646],[89.3836,50.8576],[89.6737,50.579],[89.7797,50.5669],[89.8436,50.4299],[89.3903,50.3193],[89.5014,50.2068],[89.6332,49.9079]]]},"properties":{"iso":"RUS","name":"Tuva","country":"Rússia","code":"RU-TY"}},
{"type":"Feature","geometry":{"type":"Polygon","coordinates":[[[121.4133,53.3173],[121.889,53.4306],[122.0251,53.4298],[121.947,53.6047],[121.9194,53.8314],[121.7829,53.9725],[121.6431,54.0121],[121.7535,54.1516],[121.7526,54.2717],[121.6548,54.3555],[121.7313,54.4256],[121.9018,54.3691],[122.1274,54.4678],[121.9355,54.5663],[121.9219,54.7329],[121.6666,54.8215],[121.9503,55.0075],[121.9393,55.2141],[121.9836,55.4764],[121.8832,55.6057],[121.6337,55.5348],[121.3634,55.5074],[121.2169,56.0132],[120.986,56.0201],[120.532,55.9143],[120.2597,55.9164],[120.0553,56.0781],[120.0616,56.1382],[120.5326,56.2846],[120.2757,56.3862],[120.2566,56.4592],[119.9604,56.4931],[119.6695,56.7707],[119.8984,56.8894],[119.6453,57.0023],[119.6828,57.1574],[119.5456,57.3398],[119.4424,57.3712],[119.4101,57.6147],[119.1411,57.5389],[119.1651,57.6687],[119.047,57.7276],[119.1544,58.1464],[119.1081,58.2227],[118.6304,58.1752],[118.4051,58.2615],[118.3174,58.3525],[118.1421,58.3859],[117.6838,58.398],[117.4709,58.304],[117.5878,58.1843],[117.4377,58.1518],[117.313,57.847],[117.1283,57.8416],[117.1404,57.6684],[117.2823,57.6172],[117.2571,57.509],[117.427,57.2637],[117.5971,57.3212],[117.7943,57.2874],[117.6009,57.1497],[117.6725,56.9775],[117.5708,56.8512],[117.1795,56.866],[116.815,56.7262],[116.6291,56.7485],[116.3616,56.8473],[116.122,56.8127],[115.7108,56.9635],[115.589,56.902],[115.5713,56.7319],[115.4905,56.6199],[115.6879,56.5954],[115.8005,56.4661],[115.6838,56.4245],[115.7736,56.2057],[115.7649,56.0857],[115.8893,55.9652],[115.8448,55.7048],[115.8952,55.5254],[116.0716,55.4149],[116.376,55.4087],[116.4759,55.2532],[116.7739,55.148],[116.8927,54.9767],[116.8836,54.7375],[116.6732,54.5478],[116.4579,54.5168],[116.1905,54.5385],[115.6294,54.4423],[115.4911,54.3287],[115.2691,54.2567],[115.1645,54.1617],[114.8601,53.9805],[114.5883,53.9266],[114.3261,53.79],[113.9835,53.7437],[113.7927,53.6297],[113.8776,53.562],[113.8425,53.3818],[113.9776,53.2398],[114.2008,53.1871],[114.1321,53.0996],[114.3251,53.0677],[114.233,52.9605],[114.2351,52.8215],[114.0878,52.6946],[113.7442,52.5736],[113.5725,52.4535],[113.2361,52.4688],[112.9499,52.3433],[112.5448,52.347],[112.4054,52.2084],[112.1845,52.2881],[112.0618,52.2772],[111.7237,52.0057],[111.4537,51.8778],[111.125,51.8179],[110.8447,51.66],[110.8624,51.595],[110.677,51.5045],[110.4225,51.5233],[110.3892,51.577],[110.0492,51.6161],[109.6287,51.4491],[109.2472,51.366],[109.0471,51.5004],[108.942,51.4405],[108.6491,51.5006],[108.5318,51.4228],[108.3845,51.2375],[108.5547,51.1571],[108.484,51.0567],[108.3527,51.0554],[108.2497,50.8435],[108.067,50.7535],[108.1873,50.6576],[108.4722,50.5899],[108.5536,50.4651],[108.1317,50.3182],[107.9902,50.3348],[107.9263,50.2148],[107.7697,50.1472],[107.7446,49.9674],[107.9465,49.9335],[107.9558,49.7455],[108.0327,49.5893],[108.2505,49.5224],[108.5381,49.3274],[108.9305,49.3488],[109.2867,49.3385],[109.5162,49.2559],[109.7285,49.2665],[110.1814,49.162],[110.3712,49.2418],[110.6036,49.1453],[110.7314,49.1377],[110.9656,49.2074],[111.3385,49.3647],[111.5035,49.3471],[111.661,49.3964],[112.0302,49.4119],[112.4322,49.5292],[112.7337,49.4928],[113.0437,49.5886],[113.2124,49.822],[113.5797,50.0199],[113.8498,50.0807],[113.9731,50.1605],[114.2863,50.2769],[114.473,50.234],[114.7538,50.2362],[114.9974,50.1443],[115.2102,49.9717],[115.3687,49.8954],[115.7509,49.885],[116.0536,49.9984],[116.2176,50.0138],[116.5754,49.9218],[116.6843,49.8233],[117.0576,49.6729],[117.2529,49.6225],[117.4729,49.6143],[117.7588,49.5127],[118.1686,49.6715],[118.6444,49.9546],[119.0917,49.9866],[119.3162,50.0927],[119.3529,50.3455],[119.2437,50.4455],[119.2936,50.5992],[119.4967,50.7371],[119.518,50.9048],[119.7483,51.0834],[119.7581,51.199],[119.9157,51.3307],[120.1082,51.6652],[120.4931,51.8757],[120.6476,51.911],[120.7792,52.1176],[120.7581,52.2374],[120.6262,52.3468],[120.724,52.5422],[120.4299,52.6361],[120.176,52.5837],[120.0564,52.6005],[120.033,52.7607],[120.2802,52.8659],[120.4503,53.0083],[120.8743,53.2802],[121.2035,53.2767],[121.4133,53.3173]]]},"properties":{"iso":"RUS","name":"Chita","country":"Rússia","code":"RU-ZAB"}},
{"type":"Feature","geometry":{"type":"Polygon","coordinates":[[[123.1617,46.2201],[123.9194,46.2723],[124.0341,46.0185],[124.062,45.8717],[124.0178,45.7817],[124.141,45.6322],[124.2236,45.6355],[124.3956,45.4515],[124.8725,45.4486],[125.0277,45.4984],[125.1035,45.3953],[125.3074,45.417],[125.4325,45.4773],[125.6987,45.5109],[125.7049,45.3597],[125.8407,45.2348],[126.1505,45.1412],[126.5593,45.2467],[126.789,45.1493],[126.9527,45.1342],[127.0766,44.934],[126.9783,44.8261],[127.0323,44.7306],[127.2331,44.616],[127.3752,44.6488],[127.5593,44.5738],[127.4928,44.4109],[127.7147,44.1615],[127.8496,44.0559],[128.0521,44.1258],[128.043,44.3407],[128.3587,44.5017],[128.4188,44.4501],[128.4459,44.1539],[128.7474,43.8022],[128.7645,43.7091],[128.8829,43.5562],[129.0149,43.5397],[129.2289,43.6084],[129.2492,43.7862],[129.5349,43.8703],[129.7524,43.8742],[129.9129,44.0216],[130.1036,43.8454],[130.3328,43.9278],[130.4141,43.6692],[130.5887,43.6277],[130.9166,43.4505],[130.9946,43.5077],[131.1495,43.4361],[131.2528,43.4692],[131.192,43.5886],[131.1703,43.7811],[131.2645,44.0542],[131.0658,44.682],[130.9334,44.8417],[131.4195,44.959],[131.6091,45.0897],[131.818,45.3328],[131.9697,45.2338],[132.8398,45.0592],[132.9534,45.0244],[133.1154,45.123],[133.0975,45.2435],[133.1402,45.4354],[133.2021,45.5113],[133.4135,45.5733],[133.4878,45.6867],[133.5144,45.8793],[133.6581,45.9345],[133.6874,46.1418],[133.9025,46.259],[133.9215,46.4101],[133.8493,46.4803],[133.9985,46.6377],[134.0205,46.834],[134.1242,47.0705],[134.2273,47.1177],[134.1541,47.2579],[134.2928,47.4097],[134.4846,47.4302],[134.6827,47.5878],[134.7726,47.7107],[134.5672,48.0404],[134.683,48.1355],[134.7009,48.2615],[134.5426,48.3573],[134.3864,48.3813],[133.7213,48.2448],[133.4637,48.0895],[133.092,48.1068],[132.6588,47.8698],[132.5247,47.7075],[132.3324,47.7365],[132.1617,47.69],[131.5774,47.6686],[131.4184,47.7426],[131.0234,47.6823],[130.9418,47.718],[130.907,47.8843],[130.6824,48.0504],[130.6634,48.1164],[130.8194,48.2819],[130.7159,48.4991],[130.5333,48.6358],[130.6253,48.8744],[130.3868,48.8963],[130.2493,48.8645],[129.9134,49.0395],[129.7112,49.2742],[129.5718,49.2798],[129.5024,49.4108],[129.3621,49.3498],[129.0506,49.3767],[128.7969,49.5725],[128.6662,49.6095],[128.0925,49.5416],[127.8309,49.5939],[127.6443,49.7671],[127.5081,49.8223],[127.4867,50.0256],[127.5784,50.2206],[127.3307,50.3282],[127.289,50.466],[127.3648,50.5547],[127.2874,50.751],[127.1443,50.9035],[126.9318,51.0638],[126.9546,51.3296],[126.8003,51.419],[126.8074,51.5342],[126.4461,51.9825],[126.5312,52.1527],[126.3167,52.1998],[126.4212,52.2873],[126.2123,52.533],[125.9732,52.6316],[126.0351,52.7271],[125.6214,53.0621],[125.5213,53.0424],[125.1274,53.2065],[124.7202,53.1488],[124.6787,53.1993],[124.4082,53.2357],[124.2327,53.3817],[124.1218,53.3527],[123.9706,53.4552],[123.6396,53.5513],[123.4855,53.526],[123.2526,53.5678],[123.1536,53.5131],[122.8597,53.4739],[122.4712,53.4647],[122.3378,53.4913],[122.0251,53.4298],[121.889,53.4306],[121.4133,53.3173],[121.6072,53.2407],[121.8002,53.0236],[121.5027,52.7747],[121.1739,52.595],[121.4909,52.4447],[121.6923,52.3885],[121.8313,52.2694],[122.0179,52.2831],[122.1737,52.4796],[122.3386,52.4537],[122.4918,52.2948],[122.7307,52.2489],[122.6377,52.095],[122.7542,51.8475],[122.7145,51.7017],[122.9562,51.3861],[123.2717,51.2667],[123.4383,51.2731],[123.5696,51.2039],[123.7888,51.2328],[123.8663,51.3134],[124.1621,51.3284],[124.3508,51.2786],[124.5019,51.3606],[124.8206,51.3659],[125.1275,51.6157],[125.3333,51.5827],[125.4866,51.5074],[125.7195,51.2537],[125.9844,51.1042],[126.0563,50.9803],[125.824,50.7668],[125.8094,50.5622],[125.5308,50.393],[125.4184,50.1946],[125.2644,50.1057],[125.2952,50.0145],[125.1885,49.9419],[125.2348,49.848],[125.2196,49.6681],[125.2674,49.4385],[125.2229,49.22],[125.1581,49.1511],[124.8639,49.1754],[124.8216,49.0609],[124.5381,48.5717],[124.5207,48.369],[124.5622,48.2362],[124.4256,48.1744],[124.3272,48.3322],[124.3008,48.4919],[124.0779,48.4483],[123.7269,48.1911],[123.5776,48.0543],[123.2933,47.9457],[123.2068,47.8138],[122.5654,47.5312],[122.4052,47.3317],[122.574,47.1311],[122.7973,47.0337],[122.9962,46.8403],[123.1868,46.7616],[123.38,46.8981],[123.6087,46.7746],[123.3973,46.5978],[123.0197,46.6123],[122.9889,46.4066],[123.1617,46.2201]]]},"properties":{"iso":"CHN","name":"Heilongjiang","country":"China","code":"CN-HL"}},
{"type":"Feature","geometry":{"type":"Polygon","coordinates":[[[122.0251,53.4298],[122.3378,53.4913],[122.4712,53.4647],[122.8597,53.4739],[123.1536,53.5131],[123.2526,53.5678],[123.4855,53.526],[123.6396,53.5513],[123.9706,53.4552],[124.1218,53.3527],[124.2327,53.3817],[124.4082,53.2357],[124.6787,53.1993],[124.7202,53.1488],[125.1274,53.2065],[125.5213,53.0424],[125.6214,53.0621],[126.0351,52.7271],[125.9732,52.6316],[126.2123,52.533],[126.4212,52.2873],[126.3167,52.1998],[126.5312,52.1527],[126.4461,51.9825],[126.8074,51.5342],[126.8003,51.419],[126.9546,51.3296],[126.9318,51.0638],[127.1443,50.9035],[127.2874,50.751],[127.3648,50.5547],[127.289,50.466],[127.3307,50.3282],[127.5784,50.2206],[127.4867,50.0256],[127.5081,49.8223],[127.6443,49.7671],[127.8309,49.5939],[128.0925,49.5416],[128.6662,49.6095],[128.7969,49.5725],[129.0506,49.3767],[129.3621,49.3498],[129.5024,49.4108],[129.5718,49.2798],[129.7112,49.2742],[129.9134,49.0395],[130.2493,48.8645],[130.3868,48.8963],[130.6253,48.8744],[131.0067,49.051],[131.1824,49.2499],[131.3957,49.2436],[131.494,49.4114],[131.4691,49.73],[131.4994,49.9008],[131.2952,49.9898],[131.4415,50.1862],[131.2898,50.3661],[131.1341,50.4193],[130.9889,50.3818],[130.8655,50.4565],[131.0111,50.5681],[130.954,50.65],[130.6451,50.6573],[130.8407,50.8809],[130.7718,50.9425],[130.9187,51.0243],[131.0649,51.2457],[131.1691,51.2487],[131.2898,51.3639],[131.4884,51.3446],[131.4838,51.4761],[131.395,51.607],[131.4309,51.6883],[131.7278,51.6811],[132.4235,51.8599],[132.5898,52.0815],[132.907,52.1586],[133.3217,52.1983],[133.4204,52.2514],[133.2462,52.4556],[133.2795,52.6639],[133.3694,52.683],[133.6587,52.5716],[134.0031,52.5392],[134.6057,52.4176],[134.6586,52.5751],[134.7824,52.6471],[134.6313,52.8006],[134.6589,52.9391],[134.8121,53.0656],[134.9564,53.2539],[134.9238,53.4166],[134.5552,53.6209],[134.4514,53.5378],[134.2226,53.5149],[134.0106,53.4332],[133.7092,53.4768],[133.5733,53.546],[133.2097,53.4211],[133.1534,53.2912],[132.8933,53.2346],[132.3985,53.2442],[132.1116,53.223],[131.8942,53.128],[131.8002,53.2412],[131.4653,53.2129],[131.5323,53.3194],[131.4982,53.5549],[131.4208,53.7513],[131.0967,53.8129],[130.9211,53.7678],[130.6351,53.8868],[130.4465,53.8824],[130.5069,54.1198],[130.7737,54.2879],[131.1141,54.3233],[131.2202,54.5267],[131.1995,54.6128],[131.3993,54.7191],[131.9945,54.9094],[132.0867,55.0499],[132.3668,55.0564],[132.3548,55.1914],[132.5808,55.1959],[132.7326,55.3487],[132.6629,55.5607],[132.5384,55.6756],[132.2397,55.704],[132.126,55.6448],[131.8037,55.6143],[131.5986,55.6518],[131.0868,55.6181],[130.923,55.6786],[130.7415,55.7191],[129.9947,55.6931],[129.653,55.745],[129.047,55.6542],[129.0888,55.5334],[128.9749,55.4663],[128.5016,55.5156],[128.2902,55.648],[127.7939,55.6292],[127.6746,55.6832],[127.4869,55.555],[127.3296,55.6557],[126.9535,55.6872],[126.8427,55.6059],[126.5507,55.6334],[126.4342,55.555],[126.0473,55.5888],[126.0391,55.7278],[125.7576,55.7964],[125.5463,55.7358],[125.4373,55.8374],[125.2477,55.8796],[124.9577,55.8262],[124.6352,55.9018],[124.448,55.9046],[124.3604,56.0567],[124.0605,56.2313],[123.9154,56.3773],[123.4527,56.4063],[123.1323,56.4574],[122.9185,56.5507],[122.5892,56.4896],[122.4667,56.6019],[122.1596,56.7384],[121.6083,56.7412],[121.5115,56.9223],[121.4069,56.9755],[121.0532,56.9896],[121.0191,57.0312],[120.3028,57.0041],[120.0308,56.899],[119.8984,56.8894],[119.6695,56.7707],[119.9604,56.4931],[120.2566,56.4592],[120.2757,56.3862],[120.5326,56.2846],[120.0616,56.1382],[120.0553,56.0781],[120.2597,55.9164],[120.532,55.9143],[120.986,56.0201],[121.2169,56.0132],[121.3634,55.5074],[121.6337,55.5348],[121.8832,55.6057],[121.9836,55.4764],[121.9393,55.2141],[121.9503,55.0075],[121.6666,54.8215],[121.9219,54.7329],[121.9355,54.5663],[122.1274,54.4678],[121.9018,54.3691],[121.7313,54.4256],[121.6548,54.3555],[121.7526,54.2717],[121.7535,54.1516],[121.6431,54.0121],[121.7829,53.9725],[121.9194,53.8314],[121.947,53.6047],[122.0251,53.4298]]]},"properties":{"iso":"RUS","name":"Amur","country":"Rússia","code":"RU-AMU"}},
{"type":"Feature","geometry":{"type":"Polygon","coordinates":[[[134.3864,48.3813],[134.598,48.4164],[134.7692,48.3737],[134.9774,48.5068],[134.8619,48.6251],[134.7456,48.5691],[134.4825,48.6594],[134.3918,48.743],[134.105,48.6327],[133.9347,48.6398],[133.7701,48.7592],[133.3087,48.826],[133.2012,49.1408],[133.0325,49.2189],[132.8154,49.2347],[132.6386,49.2898],[132.3823,49.2953],[132.3977,49.393],[132.1198,49.4855],[131.9655,49.3053],[131.6119,49.2881],[131.3957,49.2436],[131.1824,49.2499],[131.0067,49.051],[130.6253,48.8744],[130.5333,48.6358],[130.7159,48.4991],[130.8194,48.2819],[130.6634,48.1164],[130.6824,48.0504],[130.907,47.8843],[130.9418,47.718],[131.0234,47.6823],[131.4184,47.7426],[131.5774,47.6686],[132.1617,47.69],[132.3324,47.7365],[132.5247,47.7075],[132.6588,47.8698],[133.092,48.1068],[133.4637,48.0895],[133.7213,48.2448],[134.3864,48.3813]]]},"properties":{"iso":"RUS","name":"Yevrey","country":"Rússia","code":"RU-YEV"}},
{"type":"Feature","geometry":{"type":"MultiPolygon","coordinates":[[[[133.9985,46.6377],[134.412,46.6775],[134.4646,46.786],[134.4429,46.9425],[134.5487,46.9673],[134.6534,47.0918],[134.8511,47.1541],[135.0151,47.1281],[135.2051,47.153],[135.526,46.9535],[135.7459,46.9486],[135.8501,46.8109],[136.062,46.8499],[136.2637,46.765],[136.4511,46.8102],[136.5772,46.7775],[136.7279,46.8415],[136.9343,47.0571],[137.0127,47.2361],[137.0937,47.2966],[137.4524,47.1984],[137.5977,47.3003],[137.7547,47.3293],[138.0868,47.5166],[138.0483,47.6683],[137.8964,47.7243],[137.7869,47.6965],[137.6005,47.7842],[137.5966,47.9104],[137.4169,47.978],[137.3146,48.0842],[137.4489,48.2016],[137.5787,48.2285],[137.8433,48.2091],[137.9949,48.2971],[138.1453,48.3158],[138.3056,48.4446],[138.4888,48.4017],[138.5585,48.1808],[138.7224,48.1361],[138.5814,48.0307],[138.8256,47.8609],[138.6182,47.6286],[138.6287,47.4514],[138.8562,47.4663],[139.0264,47.3894],[139.2617,47.7879],[139.3905,47.9042],[139.6841,48.0955],[139.7339,48.1635],[140.0435,48.3362],[140.1651,48.4494],[140.1858,48.6501],[140.3768,49.1435],[140.3438,49.2184],[140.5608,49.5754],[140.5422,49.7568],[140.4158,49.8627],[140.4946,49.9835],[140.6607,50.058],[140.523,50.1511],[140.5454,50.3441],[140.4429,50.5444],[140.5422,50.8771],[140.6567,50.9378],[140.7057,51.3348],[140.896,51.4288],[140.9056,51.6154],[141.1092,51.6788],[141.2002,51.8237],[141.4295,51.942],[141.3089,52.0371],[141.5148,52.1719],[141.1672,52.3649],[141.1177,52.449],[141.2806,52.5788],[141.2593,52.8466],[140.9661,52.9446],[141.1888,52.9875],[141.433,53.1489],[141.3777,53.3096],[141.2512,53.311],[140.9497,53.489],[140.5398,53.6717],[140.252,53.8906],[140.3308,53.9703],[140.2406,54.057],[140.0017,54.123],[139.8159,54.2152],[139.797,54.2974],[139.3718,54.1959],[139.1619,54.2047],[138.7385,54.316],[138.7606,53.9752],[138.6558,53.7318],[138.5021,53.5435],[138.2468,53.5328],[138.3788,53.6841],[138.5366,53.7861],[138.5589,53.9896],[138.3957,53.9284],[138.2982,53.7562],[137.9182,53.5866],[137.3351,53.5294],[137.3147,53.6528],[137.4772,53.6658],[137.5969,53.8242],[137.7713,53.9435],[137.5462,53.9721],[137.4854,54.1121],[137.6846,54.2766],[137.4514,54.3176],[137.0614,54.1457],[137.157,54.044],[137.2909,54.0357],[137.1857,53.8511],[136.9578,53.8577],[136.7752,53.7731],[136.6847,53.8085],[136.6891,54.0123],[136.7803,54.0638],[136.8206,54.3161],[136.7386,54.4138],[136.8833,54.5914],[136.7612,54.6449],[136.5349,54.5955],[136.2493,54.6204],[135.7502,54.571],[135.6541,54.666],[135.2651,54.7217],[135.2196,54.8941],[135.5343,55.0866],[135.8689,55.1739],[136.2198,55.3546],[136.319,55.4866],[136.5655,55.6232],[136.7733,55.6605],[137.572,56.1165],[137.8344,56.2255],[137.9141,56.3595],[138.2235,56.4242],[138.1148,56.5281],[138.2678,56.6266],[138.6616,56.9779],[138.9225,57.0581],[138.933,57.135],[139.1965,57.2727],[139.4185,57.2972],[139.5631,57.4301],[139.7897,57.4827],[139.9815,57.6877],[140.4957,57.8448],[140.6668,58.1911],[140.9043,58.3828],[141.1856,58.4564],[141.5837,58.6177],[141.7819,58.7647],[141.9468,58.943],[142.2624,59.1246],[142.5818,59.2261],[143.1597,59.3539],[143.4936,59.3185],[143.8405,59.4025],[144.4548,59.3749],[145.0008,59.3696],[145.6753,59.4235],[145.9758,59.3987],[145.8439,59.2927],[146.0503,59.1389],[146.3122,59.2788],[146.3191,59.4017],[146.4396,59.4604],[146.8866,59.3647],[147.0753,59.4109],[147.1586,59.6475],[147.1409,59.8486],[146.9893,59.9478],[146.7868,59.901],[146.6571,59.9822],[146.6801,60.0955],[146.4521,60.1424],[146.3742,60.2712],[145.793,60.1982],[145.5708,60.3351],[145.51,60.4637],[145.6202,60.5573],[146.0689,60.7388],[146.3201,60.6587],[146.4644,60.7087],[146.546,60.958],[146.7473,61.2229],[146.6129,61.4426],[146.5834,61.6355],[146.2189,61.9029],[145.7432,62.0582],[145.5136,61.9641],[145.1558,61.9676],[144.9676,62.0568],[144.7451,62.0469],[144.5855,61.9775],[144.5403,61.8559],[144.245,61.7601],[143.927,61.7663],[143.9541,61.9568],[143.5709,61.9479],[143.1265,62.1011],[142.9278,61.9008],[142.6532,61.9616],[142.4375,61.8697],[142.1869,62.081],[141.8376,62.0412],[141.5448,62.1786],[141.3021,62.4312],[141.0673,62.4174],[140.7047,62.5727],[140.6352,62.4253],[140.4039,62.4217],[140.2944,62.2742],[140.2564,62.0383],[139.9883,61.972],[139.9189,61.8019],[139.6672,61.6409],[139.5482,61.4817],[139.1201,61.4494],[138.9407,61.3211],[138.719,61.3371],[138.703,61.1931],[138.3833,61.0995],[138.1856,60.895],[138.4289,60.7023],[138.2428,60.4927],[138.3152,60.3181],[138.2005,60.2313],[138.2626,59.9383],[138.1737,59.8367],[138.253,59.7125],[137.8334,59.7608],[137.6157,59.7398],[137.1825,59.4456],[136.7587,59.3546],[136.0534,59.438],[135.791,59.5343],[135.4217,59.3869],[135.2091,59.1223],[134.2186,59.2087],[134.0465,59.256],[133.7666,59.2227],[133.5433,59.2939],[133.1258,59.2044],[132.8617,59.0645],[132.8079,58.8802],[132.5993,58.891],[132.5642,58.6399],[132.3719,58.5239],[132.1286,58.4894],[132.196,58.2484],[132.0172,58.1904],[132.0393,58.0196],[131.7048,58.1739],[131.4769,58.1675],[131.6104,57.9954],[131.806,57.9055],[132.0348,57.6909],[131.9747,57.5858],[131.6931,57.5605],[131.5086,57.2511],[131.1833,57.2355],[131.1793,57.1373],[131.4448,57.0358],[131.7511,56.8429],[131.7972,56.7174],[131.3938,56.4791],[131.1844,56.4679],[131.0877,56.3452],[131.0926,56.2059],[130.9636,56.1286],[130.8617,55.8889],[130.923,55.6786],[131.0868,55.6181],[131.5986,55.6518],[131.8037,55.6143],[132.126,55.6448],[132.2397,55.704],[132.5384,55.6756],[132.6629,55.5607],[132.7326,55.3487],[132.5808,55.1959],[132.3548,55.1914],[132.3668,55.0564],[132.0867,55.0499],[131.9945,54.9094],[131.3993,54.7191],[131.1995,54.6128],[131.2202,54.5267],[131.1141,54.3233],[130.7737,54.2879],[130.5069,54.1198],[130.4465,53.8824],[130.6351,53.8868],[130.9211,53.7678],[131.0967,53.8129],[131.4208,53.7513],[131.4982,53.5549],[131.5323,53.3194],[131.4653,53.2129],[131.8002,53.2412],[131.8942,53.128],[132.1116,53.223],[132.3985,53.2442],[132.8933,53.2346],[133.1534,53.2912],[133.2097,53.4211],[133.5733,53.546],[133.7092,53.4768],[134.0106,53.4332],[134.2226,53.5149],[134.4514,53.5378],[134.5552,53.6209],[134.9238,53.4166],[134.9564,53.2539],[134.8121,53.0656],[134.6589,52.9391],[134.6313,52.8006],[134.7824,52.6471],[134.6586,52.5751],[134.6057,52.4176],[134.0031,52.5392],[133.6587,52.5716],[133.3694,52.683],[133.2795,52.6639],[133.2462,52.4556],[133.4204,52.2514],[133.3217,52.1983],[132.907,52.1586],[132.5898,52.0815],[132.4235,51.8599],[131.7278,51.6811],[131.4309,51.6883],[131.395,51.607],[131.4838,51.4761],[131.4884,51.3446],[131.2898,51.3639],[131.1691,51.2487],[131.0649,51.2457],[130.9187,51.0243],[130.7718,50.9425],[130.8407,50.8809],[130.6451,50.6573],[130.954,50.65],[131.0111,50.5681],[130.8655,50.4565],[130.9889,50.3818],[131.1341,50.4193],[131.2898,50.3661],[131.4415,50.1862],[131.2952,49.9898],[131.4994,49.9008],[131.4691,49.73],[131.494,49.4114],[131.3957,49.2436],[131.6119,49.2881],[131.9655,49.3053],[132.1198,49.4855],[132.3977,49.393],[132.3823,49.2953],[132.6386,49.2898],[132.8154,49.2347],[133.0325,49.2189],[133.2012,49.1408],[133.3087,48.826],[133.7701,48.7592],[133.9347,48.6398],[134.105,48.6327],[134.3918,48.743],[134.4825,48.6594],[134.7456,48.5691],[134.8619,48.6251],[134.9774,48.5068],[134.7692,48.3737],[134.598,48.4164],[134.3864,48.3813],[134.5426,48.3573],[134.7009,48.2615],[134.683,48.1355],[134.5672,48.0404],[134.7726,47.7107],[134.6827,47.5878],[134.4846,47.4302],[134.2928,47.4097],[134.1541,47.2579],[134.2273,47.1177],[134.1242,47.0705],[134.0205,46.834],[133.9985,46.6377]]],[[[137.1712,55.1195],[136.7938,55.0097],[137.0179,54.9204],[137.1712,55.1195]]],[[[138.0467,55.0581],[137.6061,55.2001],[137.4614,55.0268],[137.2749,54.8983],[137.4854,54.8793],[137.7061,54.625],[137.9862,54.7974],[138.0467,55.0581]]]]},"properties":{"iso":"RUS","name":"Khabarovsk","country":"Rússia","code":"RU-KHA"}},
{"type":"Feature","geometry":{"type":"Polygon","coordinates":[[[131.2528,43.4692],[131.2809,43.3802],[131.0855,43.0421],[131.103,42.9104],[130.9924,42.8487],[130.7695,42.8658],[130.4072,42.7354],[130.5845,42.5689],[130.5308,42.5305],[130.5756,42.4457],[130.7348,42.3376],[130.8585,42.5246],[130.6567,42.6641],[131.1274,42.6468],[131.2731,42.7773],[131.4717,42.8732],[131.5177,43.0093],[131.7505,43.2253],[131.7643,43.2917],[131.992,43.2731],[131.8499,43.1005],[131.9522,43.072],[132.096,43.181],[132.3562,43.286],[132.2893,42.8827],[132.4044,42.9423],[132.5779,42.8404],[132.7737,42.8751],[132.8159,42.7564],[132.9963,42.8044],[133.1577,42.6884],[133.2986,42.7635],[133.605,42.8463],[133.9268,42.8827],[134.1937,43.0798],[134.5872,43.229],[134.9747,43.4595],[135.1399,43.5084],[135.2268,43.6822],[135.355,43.7195],[135.4879,43.8327],[135.5413,44.004],[135.624,44.0385],[135.6559,44.1687],[135.7862,44.2581],[135.8887,44.4015],[136.1226,44.4755],[136.3648,44.7925],[136.5535,44.895],[136.6565,45.0334],[136.7608,45.0879],[136.8255,45.2041],[137.1445,45.3747],[137.3967,45.6239],[137.6715,45.7946],[137.7821,45.946],[138.1004,46.228],[138.2024,46.4543],[138.3446,46.5487],[138.3491,46.6643],[138.5348,46.9866],[138.8907,47.3052],[139.0264,47.3894],[138.8562,47.4663],[138.6287,47.4514],[138.6182,47.6286],[138.8256,47.8609],[138.5814,48.0307],[138.7224,48.1361],[138.5585,48.1808],[138.4888,48.4017],[138.3056,48.4446],[138.1453,48.3158],[137.9949,48.2971],[137.8433,48.2091],[137.5787,48.2285],[137.4489,48.2016],[137.3146,48.0842],[137.4169,47.978],[137.5966,47.9104],[137.6005,47.7842],[137.7869,47.6965],[137.8964,47.7243],[138.0483,47.6683],[138.0868,47.5166],[137.7547,47.3293],[137.5977,47.3003],[137.4524,47.1984],[137.0937,47.2966],[137.0127,47.2361],[136.9343,47.0571],[136.7279,46.8415],[136.5772,46.7775],[136.4511,46.8102],[136.2637,46.765],[136.062,46.8499],[135.8501,46.8109],[135.7459,46.9486],[135.526,46.9535],[135.2051,47.153],[135.0151,47.1281],[134.8511,47.1541],[134.6534,47.0918],[134.5487,46.9673],[134.4429,46.9425],[134.4646,46.786],[134.412,46.6775],[133.9985,46.6377],[133.8493,46.4803],[133.9215,46.4101],[133.9025,46.259],[133.6874,46.1418],[133.6581,45.9345],[133.5144,45.8793],[133.4878,45.6867],[133.4135,45.5733],[133.2021,45.5113],[133.1402,45.4354],[133.0975,45.2435],[133.1154,45.123],[132.9534,45.0244],[132.8398,45.0592],[131.9697,45.2338],[131.818,45.3328],[131.6091,45.0897],[131.4195,44.959],[130.9334,44.8417],[131.0658,44.682],[131.2645,44.0542],[131.1703,43.7811],[131.192,43.5886],[131.2528,43.4692]]]},"properties":{"iso":"RUS","name":"Primor'ye","country":"Rússia","code":"RU-PRI"}},
{"type":"Feature","geometry":{"type":"Polygon","coordinates":[[[123.6963,43.3535],[123.8065,43.4542],[124.0064,43.3101],[124.2819,43.226],[124.4189,43.0819],[124.3759,42.9856],[124.5196,42.8717],[124.7657,43.1056],[124.8884,43.0867],[124.8603,42.8877],[124.9421,42.8037],[125.102,42.4939],[125.2087,42.4058],[125.284,42.2345],[125.4805,42.1514],[125.2954,41.9572],[125.3063,41.6804],[125.4495,41.6799],[125.4699,41.5746],[125.7664,41.1395],[125.6917,41.0041],[125.5764,40.9126],[125.7041,40.8592],[126.0078,40.8993],[126.1474,41.0923],[126.2607,41.1431],[126.5013,41.4344],[126.6179,41.6659],[126.7886,41.6959],[126.8871,41.7849],[127.2691,41.505],[127.4741,41.4988],[127.6383,41.4299],[127.8489,41.4313],[127.9442,41.4709],[128.0642,41.3884],[128.1857,41.4045],[128.303,41.5834],[128.1591,41.7118],[128.04,41.8796],[128.0346,41.9937],[128.262,42.0329],[128.5024,41.9961],[128.721,42.0476],[128.9401,42.0354],[128.9638,42.0885],[129.2112,42.22],[129.2431,42.3787],[129.3631,42.445],[129.5171,42.391],[129.7033,42.4424],[129.7613,42.746],[129.8798,42.996],[130.1215,42.9818],[130.239,42.9022],[130.243,42.7434],[130.4312,42.5615],[130.5308,42.5305],[130.5845,42.5689],[130.4072,42.7354],[130.7695,42.8658],[130.9924,42.8487],[131.103,42.9104],[131.0855,43.0421],[131.2809,43.3802],[131.2528,43.4692],[131.1495,43.4361],[130.9946,43.5077],[130.9166,43.4505],[130.5887,43.6277],[130.4141,43.6692],[130.3328,43.9278],[130.1036,43.8454],[129.9129,44.0216],[129.7524,43.8742],[129.5349,43.8703],[129.2492,43.7862],[129.2289,43.6084],[129.0149,43.5397],[128.8829,43.5562],[128.7645,43.7091],[128.7474,43.8022],[128.4459,44.1539],[128.4188,44.4501],[128.3587,44.5017],[128.043,44.3407],[128.0521,44.1258],[127.8496,44.0559],[127.7147,44.1615],[127.4928,44.4109],[127.5593,44.5738],[127.3752,44.6488],[127.2331,44.616],[127.0323,44.7306],[126.9783,44.8261],[127.0766,44.934],[126.9527,45.1342],[126.789,45.1493],[126.5593,45.2467],[126.1505,45.1412],[125.8407,45.2348],[125.7049,45.3597],[125.6987,45.5109],[125.4325,45.4773],[125.3074,45.417],[125.1035,45.3953],[125.0277,45.4984],[124.8725,45.4486],[124.3956,45.4515],[124.2236,45.6355],[124.141,45.6322],[124.0178,45.7817],[124.062,45.8717],[124.0341,46.0185],[123.9194,46.2723],[123.1617,46.2201],[123.0689,46.1087],[122.7987,46.0893],[122.7734,45.7885],[122.647,45.7251],[122.4979,45.8254],[122.3986,45.9492],[122.2398,45.8135],[121.996,45.9803],[121.8148,45.9137],[121.6664,45.7158],[121.9344,45.69],[122.0271,45.4845],[122.1365,45.4491],[122.234,45.2871],[122.1918,45.201],[122.0108,45.1183],[122.046,44.6949],[122.2819,44.4287],[122.2541,44.2459],[122.3766,44.22],[123.1238,44.4944],[123.2576,44.2041],[123.3591,44.1513],[123.3223,44.0419],[123.5222,43.697],[123.49,43.5914],[123.3614,43.5398],[123.3781,43.4532],[123.6963,43.3535]]]},"properties":{"iso":"CHN","name":"Jilin","country":"China","code":"CN-JL"}},
{"type":"Feature","geometry":{"type":"Polygon","coordinates":[[[119.231,41.2734],[119.1635,41.1764],[118.9648,41.0747],[118.8547,40.8206],[119.0679,40.6513],[119.2936,40.5307],[119.5637,40.5401],[119.6347,40.2091],[119.8502,39.9863],[119.9503,40.0565],[120.436,40.1945],[120.6209,40.4744],[120.9402,40.6912],[120.991,40.8313],[121.1758,40.9223],[121.3613,40.9396],[121.575,40.8415],[121.8511,40.8323],[122.0491,40.7461],[122.1376,40.624],[122.3019,40.5023],[122.1061,40.3101],[122.0916,40.2272],[121.7744,39.9208],[121.5359,39.8618],[121.4573,39.7485],[121.436,39.5086],[121.5489,39.3619],[121.7798,39.3715],[121.6017,39.2213],[121.6741,39.088],[121.0904,38.8991],[121.1531,38.7276],[121.3447,38.8146],[121.485,38.8099],[121.6548,38.8579],[121.6493,38.9945],[121.8115,38.9728],[122.1275,39.142],[122.115,39.2008],[122.3963,39.411],[123.0091,39.6805],[123.1743,39.6658],[123.249,39.7482],[123.4104,39.7966],[123.5914,39.7843],[123.6226,39.8717],[123.9857,39.8102],[124.2022,39.8786],[124.3523,39.999],[124.3582,40.0891],[124.6426,40.2943],[124.7125,40.3103],[124.8955,40.4836],[125.3636,40.6467],[125.5331,40.7218],[125.7041,40.8592],[125.5764,40.9126],[125.6917,41.0041],[125.7664,41.1395],[125.4699,41.5746],[125.4495,41.6799],[125.3063,41.6804],[125.2954,41.9572],[125.4805,42.1514],[125.284,42.2345],[125.2087,42.4058],[125.102,42.4939],[124.9421,42.8037],[124.8603,42.8877],[124.8884,43.0867],[124.7657,43.1056],[124.5196,42.8717],[124.3759,42.9856],[124.4189,43.0819],[124.2819,43.226],[124.0064,43.3101],[123.8065,43.4542],[123.6963,43.3535],[123.612,43.0814],[123.1819,42.9441],[123.1313,42.8264],[122.8928,42.7449],[122.7279,42.741],[122.4764,42.8496],[122.4257,42.722],[122.2994,42.6365],[122.045,42.7209],[121.9183,42.6466],[121.8778,42.5396],[121.6461,42.4536],[121.5444,42.5352],[121.3689,42.5],[121.0342,42.2601],[120.9126,42.2966],[120.6279,42.1604],[120.5092,42.1487],[120.4688,42.038],[120.3402,41.9658],[120.1408,41.7893],[120.0303,41.8606],[119.8082,42.1202],[119.8215,42.2086],[119.6294,42.2505],[119.5628,42.3718],[119.3357,42.2894],[119.2453,42.1919],[119.3659,42.1005],[119.2986,41.7773],[119.3897,41.4726],[119.3616,41.375],[119.231,41.2734]]]},"properties":{"iso":"CHN","name":"Liaoning","country":"China","code":"CN-LN"}},
{"type":"Feature","geometry":{"type":"Polygon","coordinates":[[[105.5213,23.1631],[105.5516,23.0597],[105.6903,23.044],[105.8539,22.9047],[105.9992,22.9754],[106.2024,22.947],[106.3157,22.8538],[106.4878,22.9254],[106.6675,22.8675],[106.7355,22.6954],[106.6802,22.5795],[106.5688,22.5746],[106.5269,22.4278],[106.6629,22.2233],[106.7224,22.007],[107.0211,21.8923],[107.0658,21.7958],[107.1724,21.7151],[107.2727,21.7183],[107.3482,21.5994],[107.6132,21.6056],[107.7448,21.6575],[107.9912,21.4857],[108.1353,21.5819],[108.4481,21.6581],[108.5714,21.8128],[108.7516,21.6501],[108.8552,21.685],[108.9702,21.6064],[109.1358,21.603],[109.2146,21.4174],[109.4382,21.4551],[109.7481,21.5749],[109.9173,21.6872],[109.9672,21.8667],[110.1424,21.8974],[110.3559,21.889],[110.3555,22.1008],[110.6424,22.1835],[110.7546,22.5802],[111.0238,22.6387],[111.066,22.7406],[111.1815,22.7485],[111.3512,22.9082],[111.411,23.0526],[111.3628,23.273],[111.3912,23.4313],[111.471,23.6132],[111.6012,23.658],[111.6575,23.8417],[111.7933,23.8492],[111.8991,23.9909],[111.8693,24.2318],[111.9759,24.2768],[112.0473,24.3815],[111.9333,24.6014],[111.9966,24.7357],[111.926,24.7749],[111.6671,24.7797],[111.5169,24.6427],[111.4282,24.681],[111.4736,24.7929],[111.4297,24.9434],[111.4269,25.1062],[111.2744,25.1477],[111.1258,25.0445],[111.079,24.9442],[110.9546,25.0253],[110.9932,25.1508],[111.1138,25.2386],[111.1642,25.3649],[111.2538,25.3991],[111.3158,25.5032],[111.3237,25.7298],[111.4113,25.8026],[111.4083,25.9079],[111.2562,25.869],[111.2021,25.9303],[111.2519,26.2797],[110.9355,26.3825],[110.8789,26.2752],[110.724,26.2743],[110.5771,26.3508],[110.4846,26.1716],[110.3417,26.1127],[110.247,25.9782],[110.062,26.1499],[109.9117,26.1812],[109.772,25.9082],[109.6032,26.0527],[109.4567,26.0389],[109.3991,25.9985],[109.3004,25.7431],[109.1486,25.7507],[109.0854,25.8054],[109.0244,25.595],[108.7741,25.5219],[108.6946,25.602],[108.5679,25.4159],[108.4048,25.5149],[108.2934,25.5387],[108.1318,25.3864],[108.1292,25.2688],[107.8619,25.146],[107.776,25.153],[107.6416,25.2675],[107.4989,25.2141],[107.3979,25.3873],[107.2442,25.5586],[107.0219,25.498],[106.9955,25.2554],[106.886,25.197],[106.6668,25.1735],[106.5871,25.1044],[106.3066,24.9815],[106.1557,24.9604],[106.1762,24.7822],[106.0012,24.6485],[105.9165,24.7287],[105.7877,24.7157],[105.6753,24.7897],[105.5086,24.8175],[105.4444,24.9236],[105.2894,24.9332],[105.2059,25.0039],[105.1001,24.9543],[105.0125,24.7975],[104.8767,24.755],[104.7293,24.6314],[104.5399,24.7418],[104.5019,24.5782],[104.5992,24.4025],[104.7287,24.3642],[104.7527,24.4683],[104.9611,24.4164],[105.0608,24.4307],[105.1762,24.3099],[105.1699,24.1674],[105.4472,24.0376],[105.5321,24.1263],[105.788,24.0207],[105.9708,24.0877],[106.1574,23.9737],[106.1938,23.8694],[106.1281,23.5407],[105.983,23.469],[105.848,23.5194],[105.5213,23.1631]]]},"properties":{"iso":"CHN","name":"Guangxi","country":"China","code":"CN-GX"}},
{"type":"Feature","geometry":{"type":"MultiPolygon","coordinates":[[[[-122.753,48.9925],[-122.7725,48.8865],[-122.6496,48.7637],[-122.5299,48.7686],[-122.4403,48.5807],[-122.5338,48.3747],[-122.3918,48.3098],[-122.3623,48.1225],[-122.2073,48.0144],[-122.3204,47.9421],[-122.4061,47.7779],[-122.4135,47.6417],[-122.3236,47.3725],[-122.7225,47.0893],[-122.7987,47.205],[-122.5859,47.3364],[-122.5079,47.5203],[-122.6284,47.6929],[-122.4684,47.7565],[-122.5883,47.9044],[-122.6781,47.9357],[-122.792,48.0829],[-122.9991,48.0917],[-123.1118,48.149],[-123.2469,48.1153],[-123.7003,48.1649],[-124.0502,48.1773],[-124.5749,48.3704],[-124.6615,48.3195],[-124.7346,48.1704],[-124.6381,47.9079],[-124.4228,47.7419],[-124.3178,47.3574],[-124.2117,47.2266],[-124.1719,47.0419],[-124.0129,46.9837],[-124.0934,46.7432],[-123.913,46.7278],[-123.8981,46.4416],[-124.0638,46.3563],[-123.9252,46.2515],[-123.693,46.3052],[-123.4789,46.2759],[-123.2979,46.1515],[-123.1801,46.1791],[-122.9102,46.1079],[-122.8065,45.9781],[-122.7389,45.6628],[-122.2611,45.5663],[-121.9711,45.6423],[-121.7926,45.7214],[-121.2718,45.7088],[-121.1329,45.6242],[-120.9001,45.6418],[-120.621,45.7309],[-120.4702,45.7101],[-120.2299,45.7371],[-119.9342,45.838],[-119.6625,45.8718],[-119.5917,45.9211],[-119.0933,45.9488],[-119.0024,45.9995],[-117.9166,46.0005],[-116.8788,46.0015],[-116.9606,46.1048],[-116.9091,46.1834],[-117.0368,46.3633],[-117.0415,47.4203],[-117.0349,48.3589],[-117.0382,48.9925],[-118.2571,48.9925],[-119.5759,48.9925],[-120.675,48.9925],[-121.5542,48.9925],[-122.753,48.9925]]],[[[-122.3594,47.9766],[-122.5466,48.017],[-122.594,48.3079],[-122.7441,48.2059],[-122.6002,48.1301],[-122.5303,47.9674],[-122.3594,47.9766]]]]},"properties":{"iso":"USA","name":"Washington","country":"Estados Unidos","code":"US-WA"}},
{"type":"Feature","geometry":{"type":"MultiPolygon","coordinates":[[[[-117.0382,48.9925],[-116.0482,48.9925],[-115.1797,48.9925],[-114.0638,48.9925],[-114.2254,49.1859],[-114.3764,49.2046],[-114.5925,49.4178],[-114.5637,49.5389],[-114.7383,49.5809],[-114.6248,49.7802],[-114.6827,49.892],[-114.6438,49.9825],[-114.7194,50.1165],[-114.7751,50.3541],[-114.9997,50.5629],[-115.1881,50.5477],[-115.3433,50.7305],[-115.528,50.7925],[-115.6204,50.9702],[-115.8158,51.0842],[-116.0181,51.1424],[-116.0275,51.2197],[-116.2339,51.3031],[-116.2958,51.4507],[-116.5764,51.6442],[-116.685,51.8094],[-116.9377,51.7199],[-117.0474,51.9152],[-117.3762,52.1341],[-117.5908,52.1304],[-117.8218,52.2795],[-117.7583,52.4051],[-117.992,52.4847],[-118.2113,52.3667],[-118.3524,52.6285],[-118.3062,52.6775],[-118.4172,52.8262],[-118.605,52.8775],[-118.6633,53.0156],[-118.8502,53.1833],[-119.0288,53.1346],[-119.2778,53.2082],[-119.3809,53.356],[-119.7567,53.4146],[-119.9054,53.6173],[-119.8077,53.7047],[-120.001,53.8228],[-120,54.9584],[-120,55.7117],[-120,56.8742],[-120,57.7082],[-120,58.5231],[-120,59.3381],[-120,60.0001],[-121.4322,60.0001],[-122.3869,60.0001],[-123.8191,60.0001],[-124.7712,60.0001],[-126.1992,60.0001],[-127.6272,60.0001],[-128.5793,60.0001],[-130.4833,60.0001],[-132.3874,60.0001],[-133.8154,60.0001],[-135.2434,60.0001],[-136.1955,60.0001],[-137.6235,60.0001],[-139.0602,60.0001],[-138.6921,59.8869],[-138.5992,59.7538],[-137.6114,59.2393],[-137.4231,58.9077],[-137.2819,58.9872],[-136.8408,59.1482],[-136.6135,59.1542],[-136.4665,59.2878],[-136.4676,59.4616],[-136.275,59.4864],[-136.2585,59.6216],[-135.9238,59.6667],[-135.4828,59.7925],[-135.0162,59.5434],[-135.0958,59.4189],[-134.9324,59.2706],[-134.7055,59.2401],[-134.398,59.052],[-134.3994,58.975],[-134.2222,58.8427],[-133.8712,58.7359],[-133.4631,58.4622],[-133.3746,58.291],[-133.1656,58.1473],[-132.5524,57.4991],[-132.231,57.1968],[-132.3412,57.0804],[-132.0319,57.0284],[-132.1074,56.8588],[-131.8716,56.7935],[-131.7991,56.5877],[-131.5859,56.595],[-131.1005,56.4077],[-130.8391,56.3725],[-130.6458,56.2619],[-130.4955,56.2324],[-130.404,56.1219],[-130.0715,56.0841],[-130.0196,55.908],[-130.1306,55.7363],[-130.0998,55.5872],[-129.9579,55.2735],[-130.1674,55.0854],[-130.0638,55.0029],[-130.2015,54.7285],[-130.3724,54.6643],[-130.4312,54.5678],[-130.4582,54.3486],[-130.2722,54.3581],[-130.2773,54.2078],[-130.1122,54.1593],[-130.1047,53.9471],[-129.3349,53.3969],[-129.242,53.4474],[-129.2283,53.6327],[-128.8616,53.8302],[-128.7889,53.7809],[-128.7755,53.5556],[-128.8806,53.4477],[-128.8755,53.3062],[-128.5467,53.136],[-128.4779,52.8683],[-128.1256,52.7528],[-128.243,52.5588],[-128.0924,52.5133],[-128.0159,52.3467],[-127.8005,52.2563],[-127.4951,52.3588],[-127.4525,52.4118],[-127.225,52.4561],[-127.159,52.3555],[-127.2836,52.2377],[-127.6381,52.0837],[-127.6849,51.95],[-127.8496,51.9201],[-127.8737,51.6734],[-127.6643,51.3981],[-127.7895,51.2334],[-127.777,51.1672],[-127.429,50.9431],[-127.0218,50.8219],[-126.8586,50.9431],[-126.4887,50.8167],[-126.1789,50.8532],[-126.0187,50.666],[-126.2215,50.6426],[-126.2423,50.501],[-125.9546,50.4757],[-125.8363,50.5277],[-125.7033,50.4379],[-125.391,50.4973],[-125.1278,50.437],[-125.0617,50.3276],[-124.7054,50.3223],[-124.6052,50.2329],[-124.7322,49.9543],[-124.4037,49.7673],[-124.171,49.781],[-124.0201,49.7326],[-124.0611,49.6308],[-123.9638,49.5211],[-123.5546,49.39],[-123.4895,49.515],[-123.2486,49.5978],[-123.2469,49.2746],[-123.212,49.13],[-123.0905,48.9925],[-123.0353,48.9925],[-122.9513,49.083],[-122.753,48.9925],[-121.5542,48.9925],[-120.675,48.9925],[-119.5759,48.9925],[-118.2571,48.9925],[-117.0382,48.9925]]],[[[-127.9187,51.522],[-128.0099,51.7237],[-128.1566,51.6279],[-128.086,51.4869],[-127.9187,51.522]]],[[[-128.1383,51.864],[-128.036,51.8436],[-127.9534,51.9875],[-128.1592,52.0348],[-128.2222,51.9542],[-128.1383,51.864]]],[[[-127.2408,52.4264],[-127.4145,52.3926],[-127.5116,52.3129],[-127.8202,52.1957],[-127.8883,51.9534],[-127.6981,52.0041],[-127.6422,52.1381],[-127.277,52.2894],[-127.2408,52.4264]]],[[[-128.563,52.6114],[-128.7349,52.5151],[-128.5341,52.4359],[-128.4721,52.4883],[-128.563,52.6114]]],[[[-128.9301,52.6144],[-129.257,52.8281],[-129.292,52.7626],[-129.0602,52.5241],[-128.9301,52.6144]]],[[[-131.1127,52.1719],[-131.1426,52.3162],[-131.3322,52.2972],[-131.4144,52.4537],[-131.6608,52.5424],[-131.7296,52.7007],[-131.8336,52.7261],[-131.8524,52.8672],[-131.6189,52.9202],[-131.613,53.0563],[-131.904,53.2407],[-132.0655,53.1613],[-132.3731,53.1327],[-132.5044,53.0404],[-132.3423,52.9425],[-132.1338,52.7547],[-131.8826,52.5762],[-131.6829,52.4897],[-131.38,52.2029],[-131.175,52.1245],[-131.1127,52.1719]]],[[[-128.8038,52.7007],[-128.7554,52.6039],[-128.6056,52.6112],[-128.5323,52.8466],[-128.5387,53.0197],[-128.6347,53.1632],[-128.905,53.2934],[-129.0781,53.3028],[-129.0906,53.0886],[-129.1898,53.0233],[-129.057,52.741],[-128.9273,52.6728],[-128.8038,52.7007]]],[[[-129.2935,53.1079],[-129.1342,53.1202],[-129.1839,53.3137],[-129.3239,53.2209],[-129.2935,53.1079]]],[[[-128.9136,53.4064],[-129.0217,53.5321],[-129.1482,53.3637],[-128.9136,53.4064]]],[[[-129.7429,53.2353],[-129.974,53.458],[-130.2613,53.5806],[-130.4961,53.6392],[-130.5305,53.5598],[-130.3145,53.3928],[-130.0862,53.3123],[-129.9394,53.1689],[-129.7429,53.2353]]],[[[-129.1662,53.3854],[-129.0939,53.5089],[-128.9805,53.5847],[-128.8843,53.5762],[-128.8422,53.716],[-129.16,53.627],[-129.1662,53.3854]]],[[[-130.4064,53.687],[-130.3319,53.624],[-130.0917,53.5703],[-130.1383,53.7028],[-130.2909,53.7553],[-130.4064,53.687]]],[[[-130.2528,53.8925],[-130.2024,53.7303],[-130.0985,53.7081],[-130.0303,53.5816],[-129.9331,53.6003],[-129.7969,53.3785],[-129.5675,53.2153],[-129.3365,53.3606],[-129.6748,53.5927],[-129.831,53.7354],[-130.1962,53.9166],[-130.2528,53.8925]]],[[[-132.5794,53.2072],[-132.4005,53.1479],[-132.2244,53.2307],[-132.0079,53.2536],[-131.9078,53.3581],[-131.9426,53.5216],[-131.8705,53.7829],[-131.6933,53.9919],[-131.7092,54.1184],[-131.9164,54.0401],[-132.1304,54.0337],[-132.2967,54.1123],[-132.5447,54.0402],[-132.649,54.1413],[-133.0405,54.1645],[-133.0381,54.0439],[-133.1444,53.8969],[-132.8911,53.6197],[-132.9289,53.5225],[-132.5179,53.4127],[-132.7576,53.3171],[-132.5794,53.2072]]],[[[-126.6587,49.7878],[-126.7685,49.8835],[-126.9696,49.8335],[-126.9125,49.6916],[-126.6794,49.5918],[-126.6177,49.6308],[-126.6587,49.7878]]],[[[-126.6177,50.6723],[-126.2881,50.6546],[-126.1859,50.7416],[-126.2723,50.83],[-126.3979,50.8083],[-126.6177,50.6723]]],[[[-123.3212,48.4958],[-123.39,48.6204],[-123.5409,48.6365],[-123.5938,48.837],[-123.7799,48.9859],[-123.8134,49.1186],[-123.9549,49.2292],[-124.1592,49.3105],[-124.5451,49.3772],[-124.7947,49.4726],[-124.9095,49.6213],[-124.8821,49.7249],[-125.1783,49.925],[-125.3501,50.1249],[-125.4362,50.3136],[-125.5892,50.3707],[-125.7403,50.3564],[-126.1173,50.4554],[-126.4598,50.4748],[-127.1986,50.6213],[-127.5052,50.7733],[-127.8825,50.8669],[-128.077,50.8703],[-128.4068,50.7805],[-128.3198,50.6098],[-128.0602,50.4526],[-127.5937,50.5587],[-127.5912,50.4857],[-127.9155,50.4663],[-127.7753,50.2329],[-127.8968,50.143],[-127.7847,50.085],[-127.4879,50.1304],[-127.1419,49.8666],[-126.6497,49.898],[-126.6052,49.7321],[-126.4525,49.6363],[-126.5626,49.5874],[-126.5727,49.4143],[-126.0765,49.3837],[-125.956,49.2329],[-125.8369,49.2731],[-125.6986,49.1811],[-125.7358,49.053],[-125.4894,48.9186],[-125.3663,48.9874],[-124.9676,48.9879],[-125.007,48.9002],[-125.1852,48.801],[-125.094,48.73],[-124.6654,48.5732],[-124.3891,48.518],[-123.8908,48.3669],[-123.5546,48.3279],[-123.3212,48.4958]]]]},"properties":{"iso":"CAN","name":"British Columbia","country":"Canadá","code":"CA-BC"}},
{"type":"Feature","geometry":{"type":"Polygon","coordinates":[[[-116.8788,46.0015],[-116.7594,45.838],[-116.5301,45.7516],[-116.463,45.5819],[-116.649,45.3475],[-116.7174,45.1514],[-116.8235,45.0358],[-116.8328,44.9199],[-117.0106,44.75],[-117.2038,44.4825],[-117.1951,44.2977],[-116.986,44.2719],[-116.8969,44.1859],[-117.0202,43.7851],[-117.0185,42.928],[-117.0166,41.9995],[-115.7155,41.9998],[-114.0425,42.0001],[-112.3594,41.9999],[-111.0502,41.9998],[-111.0506,42.7805],[-111.0509,43.405],[-111.0514,44.4979],[-111.2102,44.5943],[-111.308,44.7324],[-111.4517,44.7218],[-111.5028,44.5476],[-111.682,44.5658],[-112.0816,44.5387],[-112.2335,44.5687],[-112.3599,44.4714],[-112.6803,44.5055],[-112.8275,44.4255],[-112.9955,44.4652],[-113.0451,44.6521],[-113.1833,44.8044],[-113.3241,44.7921],[-113.4814,44.9335],[-113.4301,45.001],[-113.5131,45.1243],[-113.7114,45.3048],[-113.7893,45.584],[-113.9573,45.6926],[-114.1143,45.5705],[-114.3296,45.4833],[-114.5449,45.5765],[-114.4937,45.7051],[-114.5499,45.7835],[-114.3891,45.8959],[-114.4829,46.0558],[-114.4544,46.27],[-114.3405,46.5308],[-114.3598,46.678],[-114.567,46.6443],[-114.6227,46.7201],[-114.9054,46.8419],[-114.9171,46.9177],[-115.2741,47.1919],[-115.3417,47.2685],[-115.5101,47.3127],[-115.6431,47.4858],[-115.7189,47.6998],[-116.0489,48.0037],[-116.0482,48.9925],[-117.0382,48.9925],[-117.0349,48.3589],[-117.0415,47.4203],[-117.0368,46.3633],[-116.9091,46.1834],[-116.9606,46.1048],[-116.8788,46.0015]]]},"properties":{"iso":"USA","name":"Idaho","country":"Estados Unidos","code":"US-ID"}},
{"type":"Feature","geometry":{"type":"Polygon","coordinates":[[[-116.0482,48.9925],[-116.0489,48.0037],[-115.7189,47.6998],[-115.6431,47.4858],[-115.5101,47.3127],[-115.3417,47.2685],[-115.2741,47.1919],[-114.9171,46.9177],[-114.9054,46.8419],[-114.6227,46.7201],[-114.567,46.6443],[-114.3598,46.678],[-114.3405,46.5308],[-114.4544,46.27],[-114.4829,46.0558],[-114.3891,45.8959],[-114.5499,45.7835],[-114.4937,45.7051],[-114.5449,45.5765],[-114.3296,45.4833],[-114.1143,45.5705],[-113.9573,45.6926],[-113.7893,45.584],[-113.7114,45.3048],[-113.5131,45.1243],[-113.4301,45.001],[-113.4814,44.9335],[-113.3241,44.7921],[-113.1833,44.8044],[-113.0451,44.6521],[-112.9955,44.4652],[-112.8275,44.4255],[-112.6803,44.5055],[-112.3599,44.4714],[-112.2335,44.5687],[-112.0816,44.5387],[-111.682,44.5658],[-111.5028,44.5476],[-111.4517,44.7218],[-111.308,44.7324],[-111.2102,44.5943],[-111.0514,44.4979],[-111.0508,45],[-109.9122,45],[-108.7154,45],[-107.1923,45.0001],[-105.7779,45.0001],[-104.0567,45.0001],[-104.0393,44.9999],[-104.0449,45.942],[-104.0463,47.1338],[-104.0463,47.968],[-104.0476,48.9926],[-105.5082,48.9926],[-106.6072,48.9926],[-108.1458,48.9926],[-109.025,48.9926],[-109.9993,48.9926],[-111.4429,48.9926],[-112.9816,48.9925],[-114.0638,48.9925],[-115.1797,48.9925],[-116.0482,48.9925]]]},"properties":{"iso":"USA","name":"Montana","country":"Estados Unidos","code":"US-MT"}},
{"type":"Feature","geometry":{"type":"Polygon","coordinates":[[[-114.0638,48.9925],[-112.9816,48.9925],[-111.4429,48.9926],[-109.9993,48.9926],[-110,49.6876],[-110,50.3751],[-110,51.4063],[-110,52.4376],[-110,53.1251],[-110,54.5],[-110,55.1876],[-110,56.2188],[-110,56.9063],[-110,57.9376],[-110,59.3126],[-110,60.0001],[-111.8749,60.0001],[-113.1249,60.0001],[-115,60.0001],[-116.25,60.0001],[-118.125,60.0001],[-120,60.0001],[-120,59.3381],[-120,58.5231],[-120,57.7082],[-120,56.8742],[-120,55.7117],[-120,54.9584],[-120.001,53.8228],[-119.8077,53.7047],[-119.9054,53.6173],[-119.7567,53.4146],[-119.3809,53.356],[-119.2778,53.2082],[-119.0288,53.1346],[-118.8502,53.1833],[-118.6633,53.0156],[-118.605,52.8775],[-118.4172,52.8262],[-118.3062,52.6775],[-118.3524,52.6285],[-118.2113,52.3667],[-117.992,52.4847],[-117.7583,52.4051],[-117.8218,52.2795],[-117.5908,52.1304],[-117.3762,52.1341],[-117.0474,51.9152],[-116.9377,51.7199],[-116.685,51.8094],[-116.5764,51.6442],[-116.2958,51.4507],[-116.2339,51.3031],[-116.0275,51.2197],[-116.0181,51.1424],[-115.8158,51.0842],[-115.6204,50.9702],[-115.528,50.7925],[-115.3433,50.7305],[-115.1881,50.5477],[-114.9997,50.5629],[-114.7751,50.3541],[-114.7194,50.1165],[-114.6438,49.9825],[-114.6827,49.892],[-114.6248,49.7802],[-114.7383,49.5809],[-114.5637,49.5389],[-114.5925,49.4178],[-114.3764,49.2046],[-114.2254,49.1859],[-114.0638,48.9925]]]},"properties":{"iso":"CAN","name":"Alberta","country":"Canadá","code":"CA-AB"}},
{"type":"Feature","geometry":{"type":"Polygon","coordinates":[[[-104.0476,48.9926],[-102.8704,48.9926],[-101.3643,48.9927],[-101.4213,49.6027],[-101.5013,50.4598],[-101.5812,51.3169],[-101.6812,52.3882],[-101.7612,53.2453],[-101.8811,54.5309],[-102.0011,55.8165],[-102.0011,56.5456],[-102.0013,57.2747],[-102.0014,58.4102],[-102.0015,58.978],[-102.0016,60.0001],[-103.0014,60.0001],[-104.5011,60.0001],[-106.5007,60.0001],[-107.5005,60.0001],[-109.0001,60.0001],[-110,60.0001],[-110,59.3126],[-110,57.9376],[-110,56.9063],[-110,56.2188],[-110,55.1876],[-110,54.5],[-110,53.1251],[-110,52.4376],[-110,51.4063],[-110,50.3751],[-110,49.6876],[-109.9993,48.9926],[-109.025,48.9926],[-108.1458,48.9926],[-106.6072,48.9926],[-105.5082,48.9926],[-104.0476,48.9926]]]},"properties":{"iso":"CAN","name":"Saskatchewan","country":"Canadá","code":"CA-SK"}},
{"type":"Feature","geometry":{"type":"Polygon","coordinates":[[[-104.0449,45.942],[-102.6133,45.942],[-101.2155,45.9419],[-99.8178,45.9419],[-99.1189,45.9419],[-97.4882,45.9418],[-96.5563,45.9418],[-96.6016,46.3239],[-96.7087,46.4337],[-96.7947,46.6423],[-96.7872,46.8719],[-96.8282,47.0023],[-96.8529,47.4883],[-96.8944,47.6791],[-96.9918,47.8152],[-97.1297,48.1706],[-97.1228,48.4286],[-97.1572,48.5341],[-97.101,48.6505],[-97.2261,48.9927],[-98.694,48.9927],[-99.7931,48.9927],[-101.3643,48.9927],[-102.8704,48.9926],[-104.0476,48.9926],[-104.0463,47.968],[-104.0463,47.1338],[-104.0449,45.942]]]},"properties":{"iso":"USA","name":"North Dakota","country":"Estados Unidos","code":"US-ND"}},
{"type":"Feature","geometry":{"type":"Polygon","coordinates":[[[-101.3643,48.9927],[-99.7931,48.9927],[-98.694,48.9927],[-97.2261,48.9927],[-95.8365,48.9927],[-95.1771,48.9927],[-95.1606,49.3695],[-95.1541,50.2904],[-95.1539,51.5863],[-95.1538,52.8214],[-94.4461,53.2506],[-93.6202,53.7469],[-92.938,54.2404],[-91.6863,55.1106],[-90.3313,55.9923],[-88.947,56.8532],[-89.0561,56.8455],[-89.3938,56.9282],[-89.827,56.976],[-90.5855,57.2299],[-91.0311,57.2646],[-92.2235,57.0215],[-92.2787,57.0654],[-92.6658,57.0006],[-92.4568,57.223],[-92.4569,57.449],[-92.757,57.8659],[-92.8078,58.0758],[-92.963,58.2599],[-93.1285,58.5284],[-93.1895,58.7597],[-93.7174,58.7922],[-94.1456,58.7698],[-94.3995,58.7125],[-94.4853,58.8201],[-94.8074,59.0181],[-94.7722,59.298],[-94.7184,59.3667],[-94.8219,59.6503],[-94.7754,59.7778],[-94.8031,60.0001],[-96.6011,60.0001],[-98.4012,60.0001],[-99.3013,60.0001],[-100.6515,60.0001],[-102.0016,60.0001],[-102.0015,58.978],[-102.0014,58.4102],[-102.0013,57.2747],[-102.0011,56.5456],[-102.0011,55.8165],[-101.8811,54.5309],[-101.7612,53.2453],[-101.6812,52.3882],[-101.5812,51.3169],[-101.5013,50.4598],[-101.4213,49.6027],[-101.3643,48.9927]]]},"properties":{"iso":"CAN","name":"Manitoba","country":"Canadá","code":"CA-MB"}},
{"type":"Feature","geometry":{"type":"Polygon","coordinates":[[[-96.5563,45.9418],[-96.6379,45.7635],[-96.8631,45.6008],[-96.6882,45.409],[-96.5665,45.3935],[-96.4536,45.2966],[-96.4536,44.3788],[-96.4536,43.5001],[-94.8275,43.5003],[-93.8519,43.5005],[-92.8762,43.5006],[-91.2501,43.501],[-91.2492,43.7689],[-91.295,43.919],[-91.426,44.0225],[-91.6626,44.0733],[-91.8369,44.1818],[-91.9501,44.3357],[-92.1026,44.4369],[-92.2726,44.4658],[-92.3938,44.5796],[-92.5847,44.608],[-92.8198,44.7578],[-92.7583,44.9257],[-92.8024,45.078],[-92.7509,45.2997],[-92.6677,45.4454],[-92.7509,45.5592],[-92.8832,45.5761],[-92.882,45.7159],[-92.7041,45.9131],[-92.3633,46.0273],[-92.2926,46.0833],[-92.2916,46.6597],[-92.11,46.7687],[-91.9649,46.7287],[-91.4683,46.9241],[-90.654,47.3081],[-89.9576,47.2861],[-89.499,47.9951],[-89.9803,48.0101],[-90.1786,48.1164],[-90.5316,48.0846],[-90.7865,48.1005],[-90.9232,48.2271],[-91.2764,48.0648],[-91.4279,48.0364],[-91.6925,48.0979],[-91.765,48.1873],[-91.9573,48.2283],[-92.0434,48.3346],[-92.3031,48.3109],[-92.3846,48.2324],[-92.5269,48.4456],[-92.6486,48.5363],[-92.9797,48.6177],[-93.2577,48.6303],[-93.4918,48.5423],[-93.7568,48.5165],[-93.8749,48.6362],[-94.2321,48.652],[-94.3116,48.7139],[-94.5929,48.7264],[-94.7109,48.8075],[-94.7112,48.9146],[-94.8273,49.2929],[-94.9825,49.3562],[-95.1606,49.3695],[-95.1771,48.9927],[-95.8365,48.9927],[-97.2261,48.9927],[-97.101,48.6505],[-97.1572,48.5341],[-97.1228,48.4286],[-97.1297,48.1706],[-96.9918,47.8152],[-96.8944,47.6791],[-96.8529,47.4883],[-96.8282,47.0023],[-96.7872,46.8719],[-96.7947,46.6423],[-96.7087,46.4337],[-96.6016,46.3239],[-96.5563,45.9418]]]},"properties":{"iso":"USA","name":"Minnesota","country":"Estados Unidos","code":"US-MN"}},
{"type":"Feature","geometry":{"type":"MultiPolygon","coordinates":[[[[-95.1606,49.3695],[-94.9825,49.3562],[-94.8273,49.2929],[-94.7112,48.9146],[-94.7109,48.8075],[-94.5929,48.7264],[-94.3116,48.7139],[-94.2321,48.652],[-93.8749,48.6362],[-93.7568,48.5165],[-93.4918,48.5423],[-93.2577,48.6303],[-92.9797,48.6177],[-92.6486,48.5363],[-92.5269,48.4456],[-92.3846,48.2324],[-92.3031,48.3109],[-92.0434,48.3346],[-91.9573,48.2283],[-91.765,48.1873],[-91.6925,48.0979],[-91.4279,48.0364],[-91.2764,48.0648],[-90.9232,48.2271],[-90.7865,48.1005],[-90.5316,48.0846],[-90.1786,48.1164],[-89.9803,48.0101],[-89.499,47.9951],[-89.3404,47.9842],[-88.6427,48.2566],[-88.3473,48.2987],[-87.4093,47.93],[-86.6371,47.6241],[-84.8787,46.8979],[-84.7733,46.6334],[-84.5894,46.4751],[-84.4232,46.5116],[-84.1104,46.5265],[-84.1588,46.4333],[-84.0868,46.2012],[-83.9473,46.0606],[-83.8393,46.1192],[-83.6139,46.1156],[-83.4659,45.9931],[-83.6369,45.7739],[-83.484,45.7719],[-82.5888,45.3718],[-82.5321,45.2935],[-82.2918,44.2422],[-82.1476,43.6113],[-82.1536,43.5496],[-82.4111,43.0513],[-82.5113,42.6467],[-82.8001,42.418],[-83.0404,42.3319],[-83.1285,42.24],[-83.1595,42.0463],[-83.1309,41.938],[-83.0684,41.8477],[-82.7111,41.6802],[-82.4249,41.6768],[-81.2767,42.2087],[-80.5202,42.3238],[-80.2466,42.3655],[-79.763,42.5377],[-79.0194,42.8027],[-78.9153,42.9476],[-79.032,43.0134],[-79.0538,43.2604],[-79.1743,43.4645],[-78.6881,43.6318],[-77.534,43.6279],[-76.8415,43.6255],[-76.7972,43.6453],[-76.4546,44.0842],[-76.2066,44.2174],[-76.0673,44.348],[-75.8703,44.4086],[-75.6997,44.5817],[-75.2702,44.8638],[-74.8685,45.0101],[-74.713,44.9993],[-74.3462,45.2206],[-74.478,45.3169],[-74.3935,45.5727],[-74.6437,45.6561],[-74.9375,45.6377],[-75.2836,45.5767],[-75.882,45.3995],[-76.0488,45.5155],[-76.3435,45.4736],[-76.6475,45.5808],[-76.7973,45.8755],[-76.9637,45.7884],[-77.1385,45.8398],[-77.2894,46.0003],[-77.469,46.1151],[-77.6584,46.1839],[-78.1108,46.2626],[-78.3207,46.266],[-78.694,46.3365],[-78.9641,46.533],[-79.1636,46.8239],[-79.4313,47.087],[-79.4454,47.2747],[-79.5803,47.4518],[-79.5165,47.5657],[-79.5208,48.4358],[-79.5208,49.337],[-79.5208,50.2382],[-79.5208,50.9429],[-79.7059,51.0645],[-79.7445,51.1235],[-80.1083,51.2961],[-80.4298,51.3572],[-80.5949,51.7114],[-80.9791,52.0018],[-81.3906,52.1278],[-81.5815,52.3165],[-81.5638,52.4562],[-81.9182,52.6804],[-81.9881,52.7984],[-82.3012,52.9676],[-82.2381,53.2214],[-82.1185,53.2773],[-82.2192,53.6044],[-82.126,53.8122],[-82.2426,54.0651],[-82.4309,54.2282],[-82.421,54.3839],[-82.2014,54.8339],[-82.2786,55.0455],[-82.4585,55.1412],[-82.8151,55.1468],[-82.9203,55.2205],[-83.2395,55.2236],[-83.7676,55.2813],[-83.9291,55.3265],[-84.6131,55.2452],[-85.1266,55.3026],[-85.152,55.3604],[-85.4392,55.4284],[-85.6826,55.5866],[-85.9043,55.662],[-86.2893,55.7257],[-86.8749,55.9113],[-87.3163,55.9623],[-87.6223,56.0956],[-87.9796,56.4429],[-88.3113,56.538],[-88.4955,56.6484],[-88.947,56.8532],[-90.3313,55.9923],[-91.6863,55.1106],[-92.938,54.2404],[-93.6202,53.7469],[-94.4461,53.2506],[-95.1538,52.8214],[-95.1539,51.5863],[-95.1541,50.2904],[-95.1606,49.3695]]],[[[-79.5208,50.9655],[-79.5208,51.4667],[-79.7008,51.3854],[-79.7471,51.1955],[-79.6698,51.0584],[-79.5208,50.9655]]]]},"properties":{"iso":"CAN","name":"Ontario","country":"Canadá","code":"CA-ON"}},
{"type":"Feature","geometry":{"type":"Polygon","coordinates":[[[-89.9576,47.2861],[-90.4125,46.5842],[-90.2303,46.5087],[-90.1185,46.3406],[-89.1192,46.1482],[-88.8373,46.0356],[-88.5373,46.0261],[-88.1152,45.9246],[-88.0725,45.7875],[-87.9096,45.7605],[-87.8026,45.687],[-87.8119,45.4847],[-87.8822,45.3774],[-87.6548,45.3614],[-87.7267,45.2438],[-87.6536,45.1208],[-87.436,45.079],[-87.4033,45.205],[-87.1988,45.3228],[-87.0924,45.4438],[-86.7636,45.4438],[-86.2506,45.2361],[-86.4486,45.115],[-86.7146,44.8452],[-86.8519,44.5628],[-86.9999,44.1677],[-87.1144,43.7652],[-87.1472,43.3799],[-87.0188,42.4962],[-87.2077,41.7597],[-85.8825,41.7592],[-84.8061,41.7583],[-84.8061,41.6968],[-84.3032,41.7073],[-83.4138,41.7353],[-83.1309,41.938],[-83.1595,42.0463],[-83.1285,42.24],[-83.0404,42.3319],[-82.8001,42.418],[-82.5113,42.6467],[-82.4111,43.0513],[-82.1536,43.5496],[-82.1476,43.6113],[-82.2918,44.2422],[-82.5321,45.2935],[-82.5888,45.3718],[-83.484,45.7719],[-83.6369,45.7739],[-83.4659,45.9931],[-83.6139,46.1156],[-83.8393,46.1192],[-83.9473,46.0606],[-84.0868,46.2012],[-84.1588,46.4333],[-84.1104,46.5265],[-84.4232,46.5116],[-84.5894,46.4751],[-84.7733,46.6334],[-84.8787,46.8979],[-86.6371,47.6241],[-87.4093,47.93],[-88.3473,48.2987],[-88.6427,48.2566],[-89.3404,47.9842],[-89.499,47.9951],[-89.9576,47.2861]]]},"properties":{"iso":"USA","name":"Michigan","country":"Estados Unidos","code":"US-MI"}},
{"type":"Feature","geometry":{"type":"Polygon","coordinates":[[[-83.1309,41.938],[-83.4138,41.7353],[-84.3032,41.7073],[-84.8061,41.6968],[-84.8004,41.2937],[-84.8141,39.9922],[-84.8235,39.0974],[-84.6372,39.0773],[-84.4442,39.1018],[-84.3219,39.0295],[-84.1956,38.8106],[-83.8659,38.7622],[-83.7143,38.6385],[-83.5343,38.7074],[-83.3051,38.6014],[-83.1336,38.6279],[-83.031,38.7159],[-82.8863,38.7448],[-82.8266,38.5865],[-82.6982,38.5355],[-82.5894,38.4193],[-82.3317,38.4436],[-82.2631,38.5975],[-82.1927,38.5953],[-82.2087,38.786],[-82.0584,39.0032],[-81.8485,38.9134],[-81.7836,38.9327],[-81.7461,39.1934],[-81.5694,39.2877],[-81.4789,39.4006],[-81.3884,39.3622],[-81.2269,39.3985],[-80.8752,39.6288],[-80.8411,39.7905],[-80.7587,39.9294],[-80.7391,40.0608],[-80.6006,40.3233],[-80.6015,40.4714],[-80.6768,40.5888],[-80.5202,40.6468],[-80.5202,41.6952],[-80.5202,42.3238],[-81.2767,42.2087],[-82.4249,41.6768],[-82.7111,41.6802],[-83.0684,41.8477],[-83.1309,41.938]]]},"properties":{"iso":"USA","name":"Ohio","country":"Estados Unidos","code":"US-OH"}},
{"type":"Feature","geometry":{"type":"Polygon","coordinates":[[[-80.5202,42.3238],[-80.5202,41.6952],[-80.5202,40.6468],[-80.5194,39.7215],[-79.4774,39.7218],[-78.4388,39.7216],[-77.1695,39.7215],[-75.7886,39.7213],[-75.6013,39.8378],[-75.4245,39.8066],[-75.1478,39.9026],[-75.0236,40.0163],[-74.7394,40.1849],[-75.1822,40.5704],[-75.1887,40.7585],[-75.0612,40.8915],[-75.1395,40.9822],[-74.8863,41.1808],[-74.8447,41.273],[-74.699,41.3563],[-74.7491,41.4347],[-74.8863,41.4483],[-75.0639,41.6157],[-75.0789,41.8281],[-75.339,41.9974],[-76.5977,41.9981],[-78.0941,41.999],[-79.7629,41.9999],[-79.763,42.5377],[-80.2466,42.3655],[-80.5202,42.3238]]]},"properties":{"iso":"USA","name":"Pennsylvania","country":"Estados Unidos","code":"US-PA"}},
{"type":"Feature","geometry":{"type":"MultiPolygon","coordinates":[[[[-79.763,42.5377],[-79.7629,41.9999],[-78.0941,41.999],[-76.5977,41.9981],[-75.339,41.9974],[-75.0789,41.8281],[-75.0639,41.6157],[-74.8863,41.4483],[-74.7491,41.4347],[-74.699,41.3563],[-73.9071,40.9908],[-73.9268,40.8048],[-73.8199,40.8391],[-73.6429,41.0011],[-73.723,41.1035],[-73.4841,41.2179],[-73.5447,41.2949],[-73.4805,42.0545],[-73.5072,42.079],[-73.2655,42.7456],[-73.247,43.552],[-73.4207,43.6485],[-73.3683,43.7477],[-73.4385,44.0528],[-73.2947,44.4697],[-73.3667,44.574],[-73.3378,44.8012],[-73.3513,45.0046],[-74.713,44.9993],[-74.8685,45.0101],[-75.2702,44.8638],[-75.6997,44.5817],[-75.8703,44.4086],[-76.0673,44.348],[-76.2066,44.2174],[-76.4546,44.0842],[-76.7972,43.6453],[-76.8415,43.6255],[-77.534,43.6279],[-78.6881,43.6318],[-79.1743,43.4645],[-79.0538,43.2604],[-79.032,43.0134],[-78.9153,42.9476],[-79.0194,42.8027],[-79.763,42.5377]]],[[[-71.9189,41.0649],[-72.109,41.0014],[-72.1554,41.055],[-72.3672,40.9946],[-72.4571,40.9103],[-72.6061,40.9899],[-72.7811,40.9651],[-73.1131,40.9735],[-73.2246,40.9083],[-73.4857,40.9456],[-73.9086,40.7887],[-74.0358,40.6389],[-73.9881,40.5694],[-73.8296,40.6488],[-73.7073,40.5828],[-73.2333,40.7145],[-72.9468,40.7419],[-72.727,40.8078],[-72.6053,40.8013],[-71.9295,41.0378],[-71.9189,41.0649]]]]},"properties":{"iso":"USA","name":"New York","country":"Estados Unidos","code":"US-NY"}},
{"type":"Feature","geometry":{"type":"MultiPolygon","coordinates":[[[[-73.3513,45.0046],[-72.302,45.0098],[-71.5058,45.0137],[-71.3949,45.2415],[-71.2934,45.2923],[-71.085,45.3043],[-70.9516,45.332],[-70.7228,45.4709],[-70.6868,45.5727],[-70.4074,45.7315],[-70.4172,45.7938],[-70.2625,45.923],[-70.3114,46.0719],[-70.2809,46.2119],[-70.1884,46.3584],[-70.0743,46.4195],[-70.0078,46.7041],[-69.2676,47.4398],[-69.054,47.4184],[-69.0636,47.2908],[-68.5527,47.4369],[-68.3868,47.5583],[-68.3779,47.9283],[-68.1135,47.9283],[-68.1135,47.9975],[-67.6128,47.9975],[-67.606,47.9381],[-67.3509,47.8496],[-66.843,47.9968],[-66.5428,48.0587],[-66.5154,48.1081],[-66.0956,48.0972],[-65.953,48.1954],[-65.7838,48.1156],[-65.2856,48.0126],[-64.7794,48.204],[-64.7047,48.3237],[-64.3291,48.4196],[-64.1995,48.5207],[-64.1622,48.6296],[-64.2782,48.7258],[-64.3033,48.8303],[-64.2212,48.8944],[-64.6134,49.123],[-64.9635,49.2193],[-65.5658,49.2665],[-65.8828,49.2247],[-66.2193,49.2079],[-66.6221,49.1226],[-67.4252,48.8736],[-67.5468,48.8624],[-67.962,48.7016],[-68.2056,48.6419],[-68.7261,48.3764],[-68.8061,48.3724],[-69.0544,48.2324],[-69.324,48.0306],[-69.4455,47.9919],[-69.5502,47.8439],[-69.8022,47.6224],[-70.0311,47.4696],[-70.0761,47.369],[-70.1949,47.3153],[-70.3882,47.1159],[-70.5349,47.0106],[-71.1579,46.8408],[-71.3025,46.7452],[-71.7142,46.6322],[-71.8457,46.6683],[-72.0074,46.5714],[-72.1899,46.5262],[-72.2743,46.4206],[-72.496,46.3605],[-72.731,46.1766],[-72.9326,46.1444],[-73.1398,46.0583],[-73.2593,45.8541],[-73.4128,45.7515],[-73.5573,45.4143],[-73.6874,45.4312],[-74.0485,45.2325],[-74.1456,45.234],[-74.3996,45.1448],[-74.4735,45.0671],[-74.713,44.9993],[-73.3513,45.0046]]],[[[-74.3462,45.2206],[-74.1533,45.3201],[-73.9615,45.3542],[-74.0777,45.4567],[-73.9095,45.5347],[-73.7554,45.6764],[-73.4954,45.7279],[-73.2899,45.8751],[-73.1586,46.0749],[-73.022,46.1096],[-72.9945,46.2108],[-72.6025,46.3013],[-72.4623,46.4023],[-72.258,46.4709],[-72.2279,46.5534],[-72.0554,46.5943],[-71.8805,46.6907],[-71.694,46.6744],[-71.354,46.739],[-70.9569,47.0207],[-70.715,47.1176],[-70.4971,47.4293],[-70.2369,47.4956],[-70.1996,47.5955],[-69.932,47.7731],[-69.736,48.1225],[-70.0277,48.2529],[-70.163,48.2451],[-70.4775,48.3564],[-70.7445,48.3553],[-70.7472,48.4276],[-70.3692,48.3741],[-70.1444,48.2734],[-69.9851,48.2784],[-69.7983,48.1567],[-69.6545,48.1629],[-69.4466,48.2962],[-69.1444,48.6005],[-69.0696,48.7562],[-68.7838,48.9108],[-68.6435,48.9177],[-68.6346,49.017],[-68.3719,49.1403],[-68.1811,49.1245],[-68.1224,49.2713],[-67.3763,49.3392],[-67.2451,49.4588],[-67.2309,49.6116],[-67.1315,49.8313],[-67.0449,49.8283],[-66.9509,49.9864],[-66.7459,50.0537],[-66.5431,50.2161],[-66.1619,50.1958],[-65.9292,50.2928],[-65.7372,50.2574],[-65.2583,50.3223],[-64.8883,50.2745],[-64.47,50.3223],[-64.2475,50.2707],[-63.9892,50.307],[-63.7222,50.3043],[-63.4422,50.2229],[-63.1767,50.2901],[-62.8524,50.2943],[-61.8458,50.2198],[-61.7179,50.1],[-61.3113,50.1993],[-61.1659,50.1854],[-60.8356,50.2563],[-60.5404,50.226],[-60.0637,50.254],[-59.8507,50.3136],[-59.8031,50.4457],[-59.5815,50.4841],[-59.4099,50.6666],[-58.9933,50.7908],[-58.9477,51.0416],[-58.7164,51.1065],[-58.6565,51.2109],[-58.4537,51.3166],[-58.234,51.2769],[-57.9777,51.3297],[-57.7485,51.4631],[-57.6706,51.4349],[-57.25,51.5083],[-57.1003,51.419],[-57.101,52.0001],[-58.0566,52],[-59.2993,51.9999],[-60.4608,51.9999],[-61.678,51.9999],[-62.7944,51.9998],[-63.6704,52.0357],[-63.7734,52.3351],[-63.9727,52.3536],[-64.0812,52.4734],[-63.9541,52.5799],[-63.8126,52.6202],[-63.3791,52.6512],[-63.6052,52.7855],[-64.1073,52.7202],[-64.1899,52.5723],[-64.1279,52.3866],[-64.207,52.304],[-64.1555,52.1321],[-64.2346,51.9807],[-64.3618,51.967],[-64.2793,51.74],[-64.5304,51.5921],[-64.6886,51.7228],[-64.8571,51.7744],[-64.9568,51.7228],[-65.1838,51.7744],[-65.459,52.0254],[-65.6825,52.0254],[-65.8236,52.108],[-65.9921,52.0598],[-66.0781,52.1699],[-66.3739,52.1424],[-66.4805,52.335],[-66.3498,52.3591],[-66.4082,52.5895],[-66.2879,52.8474],[-66.3635,53.0022],[-66.6249,52.9369],[-66.6559,52.7959],[-66.8657,52.6617],[-67.0411,52.7752],[-67.3025,52.8681],[-67.385,53.1054],[-67.299,53.157],[-66.9826,53.1054],[-66.962,53.2946],[-66.8898,53.4149],[-67.0308,53.5147],[-67.3231,53.5663],[-67.4125,53.6935],[-67.5742,53.7658],[-67.5226,53.838],[-67.8081,54.034],[-67.6395,54.1888],[-67.7496,54.4261],[-67.5088,54.488],[-67.4985,54.5946],[-67.2612,54.5706],[-67.0858,54.7322],[-67.2646,54.8354],[-67.4229,54.9971],[-67.0159,54.8849],[-66.9362,54.7991],[-66.737,54.7339],[-66.6071,54.8039],[-66.7288,54.9387],[-66.7623,55.1042],[-66.588,55.2554],[-66.2543,54.9981],[-66.0593,54.9188],[-65.8487,54.897],[-65.698,54.7228],[-65.4453,54.7455],[-65.4817,54.8166],[-65.2212,54.8512],[-65.1028,54.9568],[-64.9406,54.9295],[-64.5763,54.7273],[-64.4579,54.7947],[-64.181,54.7109],[-64.1135,54.6308],[-63.8986,54.6016],[-63.7292,54.6471],[-63.904,54.782],[-63.8148,54.9405],[-63.6053,54.9022],[-63.5506,55.2265],[-63.6599,55.2702],[-63.3903,55.405],[-63.7383,55.4396],[-63.669,55.6236],[-63.6927,55.753],[-63.8403,55.9133],[-63.575,55.9917],[-63.7032,56.0473],[-64.0217,56.0898],[-63.9417,56.253],[-64.0911,56.2628],[-64.1081,56.3754],[-63.9426,56.5451],[-64.1241,56.6895],[-63.9154,56.9366],[-63.7433,57.2267],[-63.838,57.3253],[-63.7079,57.3852],[-63.7649,57.5644],[-63.6392,57.6391],[-64.0941,57.806],[-64.2214,58.0452],[-64.4043,58.0645],[-64.3896,58.1877],[-64.242,58.2198],[-64.1671,58.3388],[-63.8182,58.486],[-64.0286,58.6823],[-63.5336,58.7235],[-63.5934,58.8443],[-63.7263,58.8785],[-64.1263,58.7525],[-64.3104,58.8847],[-64.568,58.8873],[-64.8635,58.9937],[-64.7159,59.0657],[-64.414,58.982],[-64.5383,59.2856],[-64.4918,59.4364],[-64.672,59.4503],[-64.8934,59.5647],[-64.7745,59.6992],[-64.8141,59.819],[-64.6707,59.8834],[-64.8354,59.9639],[-64.8172,60.0393],[-64.5992,60.1178],[-64.8447,60.2641],[-64.5314,60.3039],[-64.8488,60.3657],[-65.1177,60.0084],[-65.1378,59.9002],[-65.4177,59.8153],[-65.5463,59.7313],[-65.4067,59.4174],[-65.7427,59.2679],[-65.6425,59.0733],[-65.9822,58.9172],[-66.1086,58.7791],[-66.3912,58.8513],[-66.6288,58.5929],[-66.6151,58.498],[-66.9466,58.4984],[-67.0642,58.3929],[-67.649,58.2518],[-67.9241,58.4117],[-67.8898,58.4987],[-68.1369,58.5234],[-68.3502,58.6215],[-68.3616,58.7835],[-68.7869,58.9225],[-69.2563,58.8992],[-69.834,58.6041],[-70.0345,58.8126],[-69.7198,58.8673],[-69.5653,58.8065],[-69.4516,58.8952],[-69.5281,59.186],[-69.2434,59.2282],[-69.2548,59.3248],[-69.4455,59.3613],[-69.6271,59.3067],[-69.6715,59.457],[-69.568,59.6026],[-69.6577,59.7033],[-69.5898,59.8761],[-69.7698,59.9711],[-69.611,60.1011],[-69.6024,60.2247],[-69.7533,60.333],[-69.688,60.5565],[-69.7198,60.684],[-69.3813,60.7999],[-69.5366,61.0797],[-69.9159,60.81],[-70.0648,60.8581],[-70.1102,61.0601],[-70.3251,61.1004],[-70.6037,61.0328],[-70.9394,61.0738],[-71.2315,61.1675],[-71.395,61.1495],[-71.6964,61.2774],[-71.6719,61.3755],[-71.8553,61.4238],[-71.6915,61.5393],[-71.652,61.6498],[-71.9568,61.7112],[-72.2323,61.8813],[-72.6052,61.9437],[-72.6214,62.1019],[-73.0622,62.1876],[-73.2095,62.3128],[-73.5714,62.3948],[-73.6707,62.4821],[-73.8722,62.4648],[-73.982,62.3767],[-74.2784,62.3235],[-74.4169,62.2525],[-75.0061,62.269],[-75.3277,62.3175],[-75.8297,62.3133],[-76.5957,62.4581],[-76.7577,62.5108],[-77.4908,62.5883],[-78.1549,62.2973],[-78.165,62.1669],[-78.0848,61.888],[-77.9398,61.6936],[-77.7084,61.6163],[-77.6077,61.4647],[-77.7853,61.4547],[-77.7515,61.232],[-77.8124,61.0881],[-78.1655,60.8684],[-77.6068,60.7591],[-77.8293,60.6433],[-77.5917,60.5026],[-77.7423,60.4258],[-77.4697,60.2172],[-77.556,60.0528],[-77.2831,60.0266],[-77.4629,59.6766],[-77.7162,59.6214],[-77.8812,59.4849],[-77.7707,59.4085],[-77.8192,59.293],[-78.1066,59.2099],[-78.1314,59.1079],[-78.2853,59.0528],[-78.3047,58.9599],[-78.56,58.9446],[-78.4737,58.7202],[-78.5488,58.6089],[-78.3126,58.5731],[-78.0315,58.3881],[-77.6007,58.2713],[-77.0793,57.9615],[-76.8087,57.6755],[-76.8056,57.6135],[-76.5893,57.2713],[-76.5037,56.7838],[-76.5452,56.295],[-76.6587,56.073],[-77.0445,55.783],[-77.1129,55.6754],[-77.7816,55.2735],[-78.1556,55.1401],[-78.3922,55.0275],[-78.8749,54.9077],[-78.9674,54.852],[-79.4845,54.7564],[-79.6763,54.6938],[-79.5294,54.5772],[-79.464,54.3102],[-79.3559,54.1986],[-79.1294,54.1075],[-79.0135,53.8459],[-79.0563,53.6203],[-78.9326,53.5551],[-78.9917,53.4536],[-78.9017,53.201],[-78.9774,53.07],[-78.89,52.9221],[-78.7831,52.8715],[-78.7856,52.6591],[-78.5215,52.4809],[-78.4996,52.3558],[-78.5913,52.1061],[-78.7472,51.9769],[-78.8926,51.9468],[-78.8406,51.8423],[-79.015,51.7961],[-78.9293,51.6605],[-78.7924,51.6108],[-78.7938,51.4745],[-78.8822,51.4033],[-79.346,51.6618],[-79.5602,51.5555],[-79.5208,51.4667],[-79.5208,50.9655],[-79.5208,50.9429],[-79.5208,50.2382],[-79.5208,49.337],[-79.5208,48.4358],[-79.5165,47.5657],[-79.5803,47.4518],[-79.4454,47.2747],[-79.4313,47.087],[-79.1636,46.8239],[-78.9641,46.533],[-78.694,46.3365],[-78.3207,46.266],[-78.1108,46.2626],[-77.6584,46.1839],[-77.469,46.1151],[-77.2894,46.0003],[-77.1385,45.8398],[-76.9637,45.7884],[-76.7973,45.8755],[-76.6475,45.5808],[-76.3435,45.4736],[-76.0488,45.5155],[-75.882,45.3995],[-75.2836,45.5767],[-74.9375,45.6377],[-74.6437,45.6561],[-74.3935,45.5727],[-74.478,45.3169],[-74.3462,45.2206]]],[[[-69.102,59.1313],[-69.3542,59.1406],[-69.2315,58.9807],[-69.102,59.1313]]],[[[-73.4993,45.7099],[-73.7948,45.4672],[-73.5414,45.4826],[-73.4993,45.7099]]],[[[-64.3192,49.7912],[-63.9252,49.6749],[-63.6414,49.5135],[-63.5868,49.39],[-63.2777,49.3149],[-63.0933,49.2329],[-62.6818,49.1485],[-62.5063,49.1386],[-62.2482,49.0679],[-61.8116,49.069],[-61.6608,49.151],[-61.8826,49.3545],[-62.2043,49.4142],[-62.3859,49.4904],[-62.5342,49.6047],[-62.893,49.6975],[-62.9621,49.7405],[-63.3747,49.8294],[-63.9447,49.8961],[-64.1328,49.9501],[-64.4513,49.9095],[-64.3192,49.7912]]]]},"properties":{"iso":"CAN","name":"Québec","country":"Canadá","code":"CA-QC"}},
{"type":"Feature","geometry":{"type":"Polygon","coordinates":[[[-73.2655,42.7456],[-72.4668,42.7293],[-72.5555,42.878],[-72.4805,42.9892],[-72.4037,43.3002],[-72.3979,43.5314],[-72.3063,43.7201],[-72.2135,43.7846],[-72.0492,44.1429],[-72.0423,44.2817],[-71.678,44.4461],[-71.55,44.5964],[-71.635,44.7403],[-71.5146,44.895],[-71.5058,45.0137],[-72.302,45.0098],[-73.3513,45.0046],[-73.3378,44.8012],[-73.3667,44.574],[-73.2947,44.4697],[-73.4385,44.0528],[-73.3683,43.7477],[-73.4207,43.6485],[-73.247,43.552],[-73.2655,42.7456]]]},"properties":{"iso":"USA","name":"Vermont","country":"Estados Unidos","code":"US-VT"}},
{"type":"Feature","geometry":{"type":"Polygon","coordinates":[[[-71.5058,45.0137],[-71.5146,44.895],[-71.635,44.7403],[-71.55,44.5964],[-71.678,44.4461],[-72.0423,44.2817],[-72.0492,44.1429],[-72.2135,43.7846],[-72.3063,43.7201],[-72.3979,43.5314],[-72.4037,43.3002],[-72.4805,42.9892],[-72.5555,42.878],[-72.4668,42.7293],[-71.3063,42.7009],[-70.9256,42.8865],[-70.8143,42.8773],[-70.7441,43.0838],[-70.8171,43.2399],[-70.9726,43.3831],[-70.9578,43.5622],[-70.999,44.1273],[-71.085,45.3043],[-71.2934,45.2923],[-71.3949,45.2415],[-71.5058,45.0137]]]},"properties":{"iso":"USA","name":"New Hampshire","country":"Estados Unidos","code":"US-NH"}},
{"type":"Feature","geometry":{"type":"MultiPolygon","coordinates":[[[[-71.085,45.3043],[-70.999,44.1273],[-70.9578,43.5622],[-70.9726,43.3831],[-70.8171,43.2399],[-70.7441,43.0838],[-70.6601,43.0941],[-70.5195,43.3395],[-70.3824,43.3937],[-70.3564,43.527],[-70.2049,43.5611],[-70.2391,43.7001],[-69.9858,43.8628],[-69.7873,43.7375],[-69.6494,43.8976],[-69.4788,43.8803],[-69.3701,44.0215],[-69.2634,43.9299],[-69.1188,44.0409],[-68.999,44.2948],[-68.9866,44.4212],[-68.8276,44.4791],[-68.7562,44.3345],[-68.526,44.2948],[-68.563,44.4006],[-68.2698,44.4861],[-68.1115,44.4801],[-68.0975,44.3857],[-67.8996,44.4221],[-67.8066,44.5754],[-67.575,44.5535],[-67.2244,44.6442],[-66.9773,44.8155],[-67.0627,44.9314],[-67.176,45.1787],[-67.3563,45.1659],[-67.475,45.2824],[-67.4288,45.3871],[-67.4932,45.4931],[-67.45,45.6108],[-67.6603,45.6374],[-67.8001,45.6998],[-67.7728,45.8281],[-67.7897,46.229],[-67.8052,47.0356],[-67.9624,47.1977],[-68.197,47.3414],[-68.5397,47.2999],[-68.6442,47.2453],[-68.9062,47.1902],[-69.0636,47.2908],[-69.054,47.4184],[-69.2676,47.4398],[-70.0078,46.7041],[-70.0743,46.4195],[-70.1884,46.3584],[-70.2809,46.2119],[-70.3114,46.0719],[-70.2625,45.923],[-70.4172,45.7938],[-70.4074,45.7315],[-70.6868,45.5727],[-70.7228,45.4709],[-70.9516,45.332],[-71.085,45.3043]]],[[[-68.2448,44.4245],[-68.355,44.4233],[-68.4141,44.2586],[-68.1765,44.3283],[-68.2448,44.4245]]]]},"properties":{"iso":"USA","name":"Maine","country":"Estados Unidos","code":"US-ME"}},
{"type":"Feature","geometry":{"type":"Polygon","coordinates":[[[-69.0636,47.2908],[-68.9062,47.1902],[-68.6442,47.2453],[-68.5397,47.2999],[-68.197,47.3414],[-67.9624,47.1977],[-67.8052,47.0356],[-67.7897,46.229],[-67.7728,45.8281],[-67.8001,45.6998],[-67.6603,45.6374],[-67.45,45.6108],[-67.4932,45.4931],[-67.4288,45.3871],[-67.475,45.2824],[-67.3563,45.1659],[-67.176,45.1787],[-67.0864,45.0976],[-66.7458,45.0645],[-66.491,45.1556],[-66.4288,45.0837],[-66.1894,45.1778],[-66.1285,45.2791],[-65.9094,45.2103],[-65.545,45.3296],[-65.3151,45.4592],[-64.9945,45.5591],[-64.8828,45.6336],[-64.7563,45.6278],[-64.5854,45.8259],[-64.4195,45.7912],[-64.2734,45.8357],[-64.1595,45.9638],[-64.0427,45.992],[-63.8131,46.1403],[-64.0226,46.1853],[-64.1513,46.1663],[-64.2533,46.2344],[-64.514,46.2394],[-64.6277,46.3336],[-64.6134,46.4193],[-64.7198,46.5763],[-64.7136,46.6872],[-64.8649,46.7832],[-64.9058,46.8869],[-64.8065,46.9854],[-64.8254,47.0891],[-65.3315,47.1006],[-64.9596,47.2943],[-64.8678,47.4857],[-64.8922,47.5615],[-64.6849,47.7227],[-64.8263,47.8155],[-65.0257,47.8496],[-65.2093,47.8197],[-65.4774,47.6837],[-65.6288,47.6706],[-65.8179,47.9074],[-66.262,48.0058],[-66.3859,48.0751],[-66.7315,47.9865],[-66.843,47.9968],[-67.3509,47.8496],[-67.606,47.9381],[-67.6128,47.9975],[-68.1135,47.9975],[-68.1135,47.9283],[-68.3779,47.9283],[-68.3868,47.5583],[-68.5527,47.4369],[-69.0636,47.2908]]]},"properties":{"iso":"CAN","name":"New Brunswick","country":"Canadá","code":"CA-NB"}},
{"type":"Feature","geometry":{"type":"Polygon","coordinates":[[[-114.8194,32.4994],[-113.9617,32.2341],[-113.1432,31.981],[-112.3247,31.728],[-111.0671,31.3336],[-111.0063,31.3272],[-109.9663,31.3272],[-109.0474,31.3274],[-109.0473,32.3952],[-109.0471,33.4578],[-109.0469,34.5204],[-109.0469,35.2288],[-109.0467,36.2914],[-109.0466,36.9998],[-109.8268,37.0003],[-110.7632,37.0009],[-112.0116,37.0018],[-113.416,37.0027],[-114.0402,37.0031],[-114.042,36.2198],[-114.1239,36.0459],[-114.2336,36.0244],[-114.3475,36.1398],[-114.5548,36.1605],[-114.7212,36.0927],[-114.7396,35.9858],[-114.6668,35.8739],[-114.6676,35.517],[-114.5909,35.3529],[-114.5726,35.1912],[-114.6355,35.1372],[-114.6282,35.0036],[-114.617,34.8793],[-114.4943,34.7536],[-114.3672,34.5301],[-114.3638,34.467],[-114.1251,34.3278],[-114.1274,34.2797],[-114.3821,34.1237],[-114.5222,33.9414],[-114.5032,33.7543],[-114.5359,33.5619],[-114.6258,33.4371],[-114.7174,33.4166],[-114.673,33.205],[-114.6967,33.0894],[-114.4737,32.9853],[-114.458,32.8767],[-114.5359,32.7382],[-114.7243,32.7128],[-114.8194,32.4994]]]},"properties":{"iso":"USA","name":"Arizona","country":"Estados Unidos","code":"US-AZ"}},
{"type":"Feature","geometry":{"type":"MultiPolygon","coordinates":[[[[-114.8194,32.4994],[-114.906,32.4917],[-115.0397,32.2772],[-114.9559,32.1416],[-114.9336,31.9088],[-114.159,31.4945],[-114.0289,31.4915],[-113.8757,31.5967],[-113.6596,31.4975],[-113.5489,31.2957],[-113.1169,31.2176],[-113.0487,31.1567],[-113.1288,30.8124],[-113.0799,30.6704],[-112.8707,30.4285],[-112.8486,30.2885],[-112.7532,30.1859],[-112.7515,29.9243],[-112.6863,29.9078],[-112.506,29.6169],[-112.3778,29.4857],[-112.4198,29.3759],[-112.2635,29.33],[-112.1507,28.963],[-111.8944,28.7807],[-111.9204,28.72],[-111.7606,28.584],[-111.7084,28.4601],[-111.4735,28.381],[-111.2507,28.052],[-111.0591,27.937],[-110.9993,27.9641],[-110.8628,27.8763],[-110.8082,27.9278],[-110.5866,27.8371],[-110.6267,27.6085],[-110.5548,27.3848],[-110.4997,27.3934],[-110.4037,27.2454],[-110.2876,27.1484],[-109.917,27.0601],[-109.8563,26.801],[-109.6944,26.6782],[-109.5499,26.728],[-109.4285,26.6719],[-109.2557,26.498],[-109.253,26.3491],[-109.1393,26.3318],[-108.5074,26.8016],[-108.4665,26.9799],[-108.5738,27.0433],[-108.6775,27.1834],[-108.6374,27.3138],[-108.67,27.5379],[-108.7786,27.622],[-108.9063,27.8362],[-109.0207,27.9071],[-109.1456,28.1775],[-109.0692,28.2764],[-108.8799,28.2891],[-108.6573,28.2401],[-108.5402,28.3201],[-108.6457,28.6077],[-108.624,28.7711],[-108.7078,29.4008],[-108.6133,29.4076],[-108.5555,29.9985],[-108.5368,30.0386],[-108.5835,30.5066],[-108.7997,30.6362],[-109.0432,30.8285],[-108.9683,31.3274],[-109.0474,31.3274],[-109.9663,31.3272],[-111.0063,31.3272],[-111.0671,31.3336],[-112.3247,31.728],[-113.1432,31.981],[-113.9617,32.2341],[-114.8194,32.4994]]],[[[-112.2747,28.7684],[-112.1956,29.0213],[-112.2816,29.2255],[-112.4387,29.2021],[-112.5004,29.0756],[-112.4859,28.9716],[-112.583,28.8754],[-112.382,28.7738],[-112.2747,28.7684]]]]},"properties":{"iso":"MEX","name":"Sonora","country":"México","code":"MX-SON"}},
{"type":"Feature","geometry":{"type":"MultiPolygon","coordinates":[[[[-114.7243,32.7128],[-115.7941,32.632],[-117.1251,32.5317],[-117.025,32.2769],[-116.9483,32.247],[-116.8423,31.9865],[-116.6197,31.8576],[-116.6756,31.5526],[-116.5301,31.4403],[-116.3094,31.1485],[-116.3354,30.9563],[-116.2497,30.9568],[-116.068,30.8132],[-116.0311,30.6271],[-116.0493,30.4796],[-115.8373,30.3465],[-115.7833,30.0926],[-115.8112,29.968],[-115.7289,29.9351],[-115.6976,29.7558],[-115.4986,29.6114],[-115.2857,29.5299],[-115.1871,29.4286],[-114.972,29.3778],[-114.722,29.1175],[-114.6314,29.0945],[-114.5299,28.9255],[-114.4023,28.8602],[-114.2718,28.6588],[-114.1658,28.647],[-114.0426,28.4584],[-114.1249,28.2557],[-114.0628,28.0005],[-112.7636,27.9994],[-112.7938,28.1903],[-112.8721,28.2837],[-112.8495,28.3823],[-112.9024,28.4753],[-113.103,28.5046],[-113.1942,28.744],[-113.2604,28.8401],[-113.4787,28.9462],[-113.6566,29.2184],[-113.6231,29.2527],[-113.7709,29.4078],[-114.2712,29.7721],[-114.3922,29.783],[-114.4277,29.9073],[-114.5331,29.968],[-114.6603,30.1833],[-114.6295,30.4248],[-114.6985,30.6372],[-114.7203,30.9411],[-114.8324,31.0067],[-114.8887,31.1629],[-114.8529,31.5266],[-114.7806,31.6558],[-114.828,31.7898],[-114.9336,31.9088],[-114.9559,32.1416],[-115.0397,32.2772],[-114.906,32.4917],[-114.8194,32.4994],[-114.7243,32.7128]]],[[[-115.195,28.3414],[-115.334,28.1249],[-115.2063,28.0379],[-115.1555,28.1707],[-115.195,28.3414]]],[[[-113.1382,29.0649],[-113.1828,29.2897],[-113.3703,29.31],[-113.3498,29.3841],[-113.4768,29.5321],[-113.5891,29.4096],[-113.2295,29.0596],[-113.1382,29.0649]]]]},"properties":{"iso":"MEX","name":"Baja California","country":"México","code":"MX-BCN"}},
{"type":"Feature","geometry":{"type":"MultiPolygon","coordinates":[[[[-114.6282,35.0036],[-115.1938,35.4378],[-116.1776,36.2104],[-116.6595,36.5889],[-117.3929,37.1401],[-118.1262,37.6913],[-118.8289,38.1818],[-120,38.9992],[-120.0004,40.3509],[-120.0006,41.45],[-120.0008,41.9995],[-120.7854,41.9995],[-121.8317,41.9995],[-123.4011,41.9995],[-124.2145,41.9995],[-124.2188,41.85],[-124.0622,41.4359],[-124.1243,41.1818],[-124.1104,41.0153],[-124.2138,40.7014],[-124.2739,40.7],[-124.4092,40.4438],[-124.3635,40.2615],[-124.1158,40.1071],[-123.854,39.8335],[-123.7698,39.5446],[-123.8249,39.3473],[-123.6891,39.0279],[-123.7252,38.9604],[-123.6483,38.8495],[-123.4336,38.6868],[-123.2527,38.5107],[-123.1287,38.4493],[-122.9745,38.2662],[-122.9211,38.0349],[-122.5284,37.8164],[-122.4874,38.1048],[-122.3965,38.1532],[-122.227,38.0584],[-122.395,37.9703],[-122.1463,37.579],[-122.3585,37.5928],[-122.4188,37.8111],[-122.5152,37.7811],[-122.5205,37.5314],[-122.4003,37.3597],[-122.4045,37.1945],[-122.1536,36.9771],[-121.9372,36.9783],[-121.7898,36.8062],[-121.8143,36.6832],[-121.9463,36.4919],[-121.8956,36.3139],[-121.49,35.9822],[-121.4632,35.8867],[-121.3372,35.7865],[-121.2691,35.6642],[-121.1694,35.6369],[-121.0054,35.4607],[-120.8711,35.4053],[-120.8977,35.2498],[-120.6449,35.1394],[-120.6728,34.9075],[-120.6156,34.858],[-120.6031,34.7048],[-120.6478,34.5857],[-120.4727,34.4503],[-120.1334,34.4727],[-119.8786,34.4066],[-119.6172,34.4205],[-119.453,34.3684],[-119.2693,34.255],[-119.2171,34.1455],[-118.9368,34.0432],[-118.7834,34.0218],[-118.5441,34.0389],[-118.3914,33.8359],[-118.0905,33.731],[-117.9785,33.636],[-117.7765,33.5294],[-117.5088,33.3352],[-117.3222,33.1085],[-117.2536,32.8851],[-117.2575,32.7017],[-117.1664,32.6695],[-117.1251,32.5317],[-115.7941,32.632],[-114.7243,32.7128],[-114.5359,32.7382],[-114.458,32.8767],[-114.4737,32.9853],[-114.6967,33.0894],[-114.673,33.205],[-114.7174,33.4166],[-114.6258,33.4371],[-114.5359,33.5619],[-114.5032,33.7543],[-114.5222,33.9414],[-114.3821,34.1237],[-114.1274,34.2797],[-114.1251,34.3278],[-114.3638,34.467],[-114.3672,34.5301],[-114.4943,34.7536],[-114.617,34.8793],[-114.6282,35.0036]]],[[[-120.0441,34.0373],[-120.2176,34.0105],[-120.1099,33.8931],[-119.9996,33.9415],[-120.0441,34.0373]]],[[[-119.5294,34.0252],[-119.6332,34.0136],[-119.8564,34.0706],[-119.8508,33.9674],[-119.7195,33.9591],[-119.5294,34.0252]]]]},"properties":{"iso":"USA","name":"California","country":"Estados Unidos","code":"US-CA"}},
{"type":"Feature","geometry":{"type":"Polygon","coordinates":[[[-109.0474,31.3274],[-108.9683,31.3274],[-108.2148,31.3274],[-108.2151,31.7778],[-107.2835,31.7755],[-106.5061,31.7703],[-106.5915,31.8272],[-106.6622,32.0003],[-105.9534,32.0006],[-104.8427,32.001],[-103.9541,32.0013],[-103.0656,32.0017],[-103.0604,32.9748],[-103.0551,33.948],[-103.0477,35.3381],[-103.0421,36.4996],[-103.0002,36.5002],[-103.0008,36.9998],[-104.5122,36.9998],[-105.8347,36.9998],[-107.1573,36.9998],[-107.9131,36.9998],[-109.0466,36.9998],[-109.0467,36.2914],[-109.0469,35.2288],[-109.0469,34.5204],[-109.0471,33.4578],[-109.0473,32.3952],[-109.0474,31.3274]]]},"properties":{"iso":"USA","name":"New Mexico","country":"Estados Unidos","code":"US-NM"}},
{"type":"Feature","geometry":{"type":"Polygon","coordinates":[[[-108.4665,26.9799],[-108.3743,27.0774],[-108.1973,26.9708],[-108.0451,26.9309],[-107.9996,26.8146],[-107.8351,26.5996],[-107.7854,26.2156],[-107.4141,26.1298],[-107.3438,26.0838],[-107.2594,25.8693],[-106.9369,25.6416],[-106.7209,25.6332],[-106.5445,25.7799],[-106.5249,25.9928],[-106.3783,26.1315],[-106.4273,26.3013],[-106.4015,26.381],[-106.2272,26.4292],[-106.2248,26.5597],[-106.0275,26.8386],[-105.8085,26.6933],[-105.6804,26.6989],[-105.5559,26.5728],[-105.3275,26.4595],[-105.1168,26.5524],[-104.8333,26.4868],[-104.5978,26.351],[-104.5198,26.3715],[-104.2346,26.7232],[-104.1156,26.7731],[-103.9415,26.7604],[-103.6273,26.6439],[-103.9635,27.9189],[-103.3115,29.026],[-103.3721,29.0237],[-103.5417,29.1488],[-103.6731,29.1736],[-103.7942,29.2776],[-104.0573,29.339],[-104.2672,29.5266],[-104.349,29.5376],[-104.5308,29.6679],[-104.5703,29.7875],[-104.6805,29.9423],[-104.6816,30.1929],[-104.8524,30.4389],[-104.8866,30.5519],[-105.0085,30.677],[-105.2293,30.8102],[-105.3638,30.8504],[-105.556,31.0026],[-105.5909,31.0714],[-105.7682,31.18],[-106.0047,31.3969],[-106.1643,31.4478],[-106.2863,31.5801],[-106.3585,31.7175],[-106.5061,31.7703],[-107.2835,31.7755],[-108.2151,31.7778],[-108.2148,31.3274],[-108.9683,31.3274],[-109.0432,30.8285],[-108.7997,30.6362],[-108.5835,30.5066],[-108.5368,30.0386],[-108.5555,29.9985],[-108.6133,29.4076],[-108.7078,29.4008],[-108.624,28.7711],[-108.6457,28.6077],[-108.5402,28.3201],[-108.6573,28.2401],[-108.8799,28.2891],[-109.0692,28.2764],[-109.1456,28.1775],[-109.0207,27.9071],[-108.9063,27.8362],[-108.7786,27.622],[-108.67,27.5379],[-108.6374,27.3138],[-108.6775,27.1834],[-108.5738,27.0433],[-108.4665,26.9799]]]},"properties":{"iso":"MEX","name":"Chihuahua","country":"México","code":"MX-CHH"}},
{"type":"Feature","geometry":{"type":"Polygon","coordinates":[[[-106.5061,31.7703],[-106.3585,31.7175],[-106.2863,31.5801],[-106.1643,31.4478],[-106.0047,31.3969],[-105.7682,31.18],[-105.5909,31.0714],[-105.556,31.0026],[-105.3638,30.8504],[-105.2293,30.8102],[-105.0085,30.677],[-104.8866,30.5519],[-104.8524,30.4389],[-104.6816,30.1929],[-104.6805,29.9423],[-104.5703,29.7875],[-104.5308,29.6679],[-104.349,29.5376],[-104.2672,29.5266],[-104.0573,29.339],[-103.7942,29.2776],[-103.6731,29.1736],[-103.5417,29.1488],[-103.3721,29.0237],[-103.3115,29.026],[-103.148,28.9851],[-102.9884,29.1771],[-102.8969,29.2203],[-102.8831,29.3438],[-102.7797,29.5923],[-102.6835,29.7437],[-102.4061,29.7773],[-102.3022,29.8894],[-102.1093,29.8021],[-101.9722,29.8182],[-101.4093,29.7658],[-101.3644,29.6767],[-101.219,29.6103],[-101.1636,29.5013],[-101.0378,29.4601],[-101.0162,29.3901],[-100.8161,29.2708],[-100.669,29.1162],[-100.6243,28.9247],[-100.5191,28.805],[-100.3971,28.5927],[-100.2843,28.2965],[-100.0749,28.1544],[-100.0006,28.0204],[-99.8788,27.9018],[-99.807,27.7714],[-99.7107,27.6701],[-99.5072,27.5738],[-99.4976,27.3388],[-99.432,27.2076],[-99.4617,27.057],[-99.2483,26.8271],[-99.1649,26.5404],[-99.0855,26.4076],[-98.7959,26.3683],[-98.6406,26.2418],[-98.5816,26.2623],[-98.3693,26.194],[-98.2227,26.0754],[-97.802,26.0637],[-97.6796,26.0346],[-97.4254,25.8549],[-97.2531,25.9635],[-97.1393,25.9658],[-97.2362,25.9842],[-97.3105,26.1233],[-97.3519,26.3538],[-97.4479,26.4202],[-97.4249,26.5349],[-97.4884,26.7751],[-97.5548,26.8251],[-97.5502,27.0092],[-97.446,27.1327],[-97.5211,27.2322],[-97.4224,27.3278],[-97.2628,27.6793],[-97.3856,27.8301],[-97.2672,27.8794],[-97.1841,27.8366],[-97.025,28.0414],[-97.1573,28.1339],[-96.8802,28.1506],[-96.7823,28.2416],[-96.7775,28.4374],[-96.6537,28.3195],[-96.4038,28.4349],[-96.5819,28.5789],[-96.5595,28.6543],[-96.3458,28.6353],[-96.2049,28.5867],[-95.8174,28.7325],[-95.6019,28.7639],[-95.3794,28.8806],[-95.1589,29.0457],[-95.1592,29.1524],[-95.0652,29.2042],[-94.8888,29.376],[-95.0239,29.5422],[-95.0155,29.7203],[-94.8761,29.6658],[-94.8265,29.7681],[-94.6927,29.6963],[-94.7552,29.5243],[-94.6543,29.4519],[-94.0601,29.6818],[-93.8758,29.675],[-93.9327,29.7762],[-93.8541,29.9866],[-93.7984,29.9856],[-93.7172,30.0798],[-93.7152,30.2873],[-93.7524,30.3927],[-93.6868,30.6006],[-93.5738,30.8197],[-93.5148,31.042],[-93.6779,31.3307],[-93.6551,31.3703],[-93.8269,31.5878],[-93.8143,31.7131],[-93.9042,31.8832],[-94.0432,31.9982],[-94.0413,33.0109],[-94.0473,33.5542],[-94.3001,33.5948],[-94.3874,33.5618],[-94.4841,33.6474],[-94.8727,33.7559],[-94.9817,33.8617],[-95.2203,33.9629],[-95.357,33.8682],[-95.5371,33.8899],[-95.5981,33.9521],[-95.7723,33.8619],[-95.9379,33.8956],[-96.1564,33.8212],[-96.2027,33.7637],[-96.4965,33.7866],[-96.6494,33.916],[-96.692,33.8546],[-96.8556,33.8748],[-96.9145,33.9559],[-97.0783,33.8079],[-97.2006,33.7866],[-97.2118,33.9101],[-97.3717,33.8305],[-97.5709,33.899],[-97.68,33.9835],[-97.8008,33.8878],[-97.9591,33.893],[-97.9466,33.9771],[-98.0884,34.0278],[-98.0907,34.1383],[-98.3433,34.1435],[-98.4907,34.0752],[-98.5747,34.1517],[-98.7201,34.1366],[-98.9528,34.2117],[-99.193,34.2322],[-99.2655,34.4116],[-99.4014,34.3864],[-99.6808,34.3947],[-99.882,34.5649],[-99.9993,34.5755],[-100.0009,35.5412],[-100.0024,36.4999],[-100.748,36.5001],[-101.8075,36.5002],[-103.0002,36.5002],[-103.0421,36.4996],[-103.0477,35.3381],[-103.0551,33.948],[-103.0604,32.9748],[-103.0656,32.0017],[-103.9541,32.0013],[-104.8427,32.001],[-105.9534,32.0006],[-106.6622,32.0003],[-106.5915,31.8272],[-106.5061,31.7703]]]},"properties":{"iso":"USA","name":"Texas","country":"Estados Unidos","code":"US-TX"}},
{"type":"Feature","geometry":{"type":"Polygon","coordinates":[[[-103.6273,26.6439],[-103.3257,26.4087],[-103.2813,26.2624],[-103.3453,26.1239],[-103.3202,25.6987],[-103.4878,25.5409],[-103.4249,25.4275],[-103.5092,25.2978],[-103.388,25.1406],[-103.2753,25.0721],[-103.2515,24.923],[-103.1395,24.8478],[-102.9719,24.8067],[-102.8431,24.7283],[-102.8158,24.9044],[-102.6682,25.0789],[-102.5824,25.1251],[-102.1734,25.163],[-101.8607,25.0756],[-101.7678,24.9381],[-101.5908,24.8824],[-101.5744,24.8069],[-101.4617,24.7493],[-101.3416,24.8119],[-101.1969,24.7965],[-101.0966,24.641],[-100.8284,24.565],[-100.7723,24.7501],[-100.7962,24.8935],[-100.7316,24.9624],[-100.8355,25.0413],[-100.7706,25.1473],[-100.5288,25.2294],[-100.3803,25.1929],[-100.2596,25.2091],[-100.2118,25.2916],[-100.3035,25.3449],[-100.4518,25.3413],[-100.5723,25.4139],[-100.8463,25.7853],[-100.8477,25.9569],[-101.0389,26.157],[-101.1087,26.2834],[-101.2157,26.373],[-100.7526,26.7319],[-100.7115,26.6173],[-100.587,26.7646],[-100.5534,27.0326],[-100.6717,27.0981],[-100.7996,27.0597],[-100.802,27.2119],[-100.6275,27.3279],[-100.4352,27.3797],[-100.3847,27.6023],[-100.331,27.7006],[-100.1819,27.7935],[-99.9672,27.6402],[-99.807,27.7714],[-99.8788,27.9018],[-100.0006,28.0204],[-100.0749,28.1544],[-100.2843,28.2965],[-100.3971,28.5927],[-100.5191,28.805],[-100.6243,28.9247],[-100.669,29.1162],[-100.8161,29.2708],[-101.0162,29.3901],[-101.0378,29.4601],[-101.1636,29.5013],[-101.219,29.6103],[-101.3644,29.6767],[-101.4093,29.7658],[-101.9722,29.8182],[-102.1093,29.8021],[-102.3022,29.8894],[-102.4061,29.7773],[-102.6835,29.7437],[-102.7797,29.5923],[-102.8831,29.3438],[-102.8969,29.2203],[-102.9884,29.1771],[-103.148,28.9851],[-103.3115,29.026],[-103.9635,27.9189],[-103.6273,26.6439]]]},"properties":{"iso":"MEX","name":"Coahuila","country":"México","code":"MX-COA"}},
{"type":"Feature","geometry":{"type":"Polygon","coordinates":[[[-99.7107,27.6701],[-99.9099,27.5722],[-99.7779,27.4819],[-99.68,27.1352],[-99.728,26.9931],[-99.7004,26.8963],[-99.5626,26.835],[-99.6097,26.7322],[-99.4132,26.6241],[-99.3838,26.569],[-99.4197,26.3992],[-99.1732,26.2793],[-99.1522,26.084],[-99.0199,26.0929],[-98.8888,25.9708],[-98.8101,26.0601],[-98.5557,25.9713],[-98.561,25.5026],[-98.4457,25.4246],[-98.8687,25.0988],[-99.0338,25.1196],[-99.1425,25.013],[-99.193,24.878],[-99.4785,24.7398],[-99.5473,24.6458],[-99.6506,24.6391],[-99.5751,24.3447],[-99.6165,24.1377],[-99.5928,24.0651],[-99.4637,23.9574],[-99.5997,23.7668],[-99.8401,23.7408],[-99.9521,23.5277],[-99.906,23.3751],[-100.0429,23.4153],[-100.0573,23.2411],[-99.9158,22.9574],[-100.0398,22.8683],[-99.9874,22.7773],[-99.5545,22.621],[-99.3792,22.6834],[-99.2484,22.4589],[-98.9394,22.3723],[-98.6162,22.4186],[-98.4392,22.4327],[-98.2977,22.4066],[-98.1977,22.4805],[-98.0928,22.3726],[-97.7819,22.2733],[-97.8894,22.6254],[-97.7423,22.9721],[-97.7685,23.2601],[-97.7222,23.7393],[-97.7167,24.0081],[-97.6514,24.5159],[-97.459,25.1794],[-97.3194,25.39],[-97.1652,25.7233],[-97.1393,25.9658],[-97.2531,25.9635],[-97.4254,25.8549],[-97.6796,26.0346],[-97.802,26.0637],[-98.2227,26.0754],[-98.3693,26.194],[-98.5816,26.2623],[-98.6406,26.2418],[-98.7959,26.3683],[-99.0855,26.4076],[-99.1649,26.5404],[-99.2483,26.8271],[-99.4617,27.057],[-99.432,27.2076],[-99.4976,27.3388],[-99.5072,27.5738],[-99.7107,27.6701]]]},"properties":{"iso":"MEX","name":"Tamaulipas","country":"México","code":"MX-TAM"}},
{"type":"Feature","geometry":{"type":"Polygon","coordinates":[[[-99.807,27.7714],[-99.9672,27.6402],[-100.1819,27.7935],[-100.331,27.7006],[-100.3847,27.6023],[-100.4352,27.3797],[-100.6275,27.3279],[-100.802,27.2119],[-100.7996,27.0597],[-100.6717,27.0981],[-100.5534,27.0326],[-100.587,26.7646],[-100.7115,26.6173],[-100.7526,26.7319],[-101.2157,26.373],[-101.1087,26.2834],[-101.0389,26.157],[-100.8477,25.9569],[-100.8463,25.7853],[-100.5723,25.4139],[-100.4518,25.3413],[-100.3035,25.3449],[-100.2118,25.2916],[-100.2596,25.2091],[-100.3803,25.1929],[-100.5288,25.2294],[-100.7706,25.1473],[-100.8355,25.0413],[-100.7316,24.9624],[-100.7962,24.8935],[-100.7723,24.7501],[-100.8284,24.565],[-100.6103,24.2833],[-100.5798,23.9305],[-100.4876,23.8215],[-100.4943,23.6616],[-100.4548,23.5134],[-100.4393,23.229],[-100.3268,23.2541],[-100.0573,23.2411],[-100.0429,23.4153],[-99.906,23.3751],[-99.9521,23.5277],[-99.8401,23.7408],[-99.5997,23.7668],[-99.4637,23.9574],[-99.5928,24.0651],[-99.6165,24.1377],[-99.5751,24.3447],[-99.6506,24.6391],[-99.5473,24.6458],[-99.4785,24.7398],[-99.193,24.878],[-99.1425,25.013],[-99.0338,25.1196],[-98.8687,25.0988],[-98.4457,25.4246],[-98.561,25.5026],[-98.5557,25.9713],[-98.8101,26.0601],[-98.8888,25.9708],[-99.0199,26.0929],[-99.1522,26.084],[-99.1732,26.2793],[-99.4197,26.3992],[-99.3838,26.569],[-99.4132,26.6241],[-99.6097,26.7322],[-99.5626,26.835],[-99.7004,26.8963],[-99.728,26.9931],[-99.68,27.1352],[-99.7779,27.4819],[-99.9099,27.5722],[-99.7107,27.6701],[-99.807,27.7714]]]},"properties":{"iso":"MEX","name":"Nuevo León","country":"México","code":"MX-NLE"}},
{"type":"Feature","geometry":{"type":"Polygon","coordinates":[[[-89.1931,16.3926],[-89.1468,16.4568],[-88.8194,16.6136],[-88.7742,16.681],[-88.6805,16.8097],[-88.6631,16.9119],[-88.5671,17.0451],[-88.6024,17.1045],[-88.57,17.2343],[-88.6289,17.454],[-88.7697,17.4111],[-89.079,17.3713],[-89.1507,17.321],[-89.1492,17.0363],[-89.1931,16.3926]]]},"properties":{"iso":"BLZ","name":"Cayo","country":"Belize","code":"BZ-CY"}},
{"type":"Feature","geometry":{"type":"Polygon","coordinates":[[[-89.1507,17.321],[-89.1605,17.8143],[-90.2597,17.8153],[-90.9622,17.816],[-90.9909,17.802],[-90.992,17.2519],[-91.4333,17.2545],[-91.2904,17.1891],[-91.0669,16.9182],[-90.7353,16.7466],[-90.6338,16.5922],[-90.6482,16.5296],[-90.4758,16.4307],[-90.3988,16.3476],[-90.4594,16.2591],[-90.4478,16.0797],[-90.2168,16.0521],[-89.7426,15.9309],[-89.6795,15.892],[-89.3963,15.8613],[-89.236,15.9065],[-89.1931,16.3926],[-89.1492,17.0363],[-89.1507,17.321]]]},"properties":{"iso":"GTM","name":"Petén","country":"Guatemala","code":"GT-PE"}},
{"type":"Feature","geometry":{"type":"Polygon","coordinates":[[[-88.6289,17.454],[-88.6406,17.6168],[-88.5685,17.6884],[-88.5686,17.8526],[-88.5062,17.9176],[-88.2843,17.9723],[-88.4944,18.186],[-88.6141,18.247],[-88.6966,18.1781],[-88.7364,18.0519],[-88.8803,17.8885],[-89.0494,17.9992],[-89.1463,17.9515],[-89.1605,17.8143],[-89.1507,17.321],[-89.079,17.3713],[-88.7697,17.4111],[-88.6289,17.454]]]},"properties":{"iso":"BLZ","name":"Orange Walk","country":"Belize","code":"BZ-OW"}},
{"type":"Feature","geometry":{"type":"Polygon","coordinates":[[[-88.2843,17.9723],[-88.1669,17.9599],[-88.0915,18.1184],[-88.1085,18.3739],[-88.1947,18.3406],[-88.3837,18.385],[-88.3038,18.4814],[-88.4892,18.4845],[-88.6141,18.247],[-88.4944,18.186],[-88.2843,17.9723]]]},"properties":{"iso":"BLZ","name":"Corozal","country":"Belize","code":"BZ-CZL"}},
{"type":"Feature","geometry":{"type":"MultiPolygon","coordinates":[[[[-88.6141,18.247],[-88.4892,18.4845],[-88.3038,18.4814],[-88.1039,18.8027],[-88.0022,18.6901],[-88.0778,18.4986],[-87.9352,18.4431],[-87.8446,18.2622],[-87.7712,18.4064],[-87.7234,18.6812],[-87.662,18.7668],[-87.6062,19.0204],[-87.4957,19.3276],[-87.5261,19.4064],[-87.4232,19.558],[-87.6664,19.5525],[-87.7347,19.6838],[-87.6287,19.7086],[-87.4715,19.8847],[-87.444,20.1911],[-87.235,20.4926],[-87.0675,20.6192],[-86.8753,20.855],[-86.7416,21.1641],[-86.8151,21.2048],[-86.828,21.4333],[-86.9248,21.4461],[-86.9979,21.5659],[-87.2382,21.443],[-87.5398,21.4993],[-87.5251,21.2988],[-87.585,21.1111],[-87.534,20.9557],[-87.6749,20.6479],[-88.0139,20.4347],[-88.2184,20.4326],[-88.2724,20.3434],[-88.3738,20.3006],[-88.4453,20.1837],[-88.7074,20.0808],[-88.9112,19.9487],[-89.0557,19.9318],[-89.202,19.8417],[-89.3688,19.8201],[-89.4154,19.651],[-89.1346,19.4052],[-89.0135,19.2178],[-89.0207,19.0335],[-89.0824,18.9614],[-89.1088,18.6908],[-89.0445,18.4922],[-89.0357,18.2027],[-89.1541,18.0314],[-89.1463,17.9515],[-89.0494,17.9992],[-88.8803,17.8885],[-88.7364,18.0519],[-88.6966,18.1781],[-88.6141,18.247]]],[[[-86.749,20.5922],[-86.9368,20.5472],[-87.0189,20.3325],[-86.9265,20.3137],[-86.7971,20.4775],[-86.749,20.5922]]]]},"properties":{"iso":"MEX","name":"Quintana Roo","country":"México","code":"MX-ROO"}},
{"type":"Feature","geometry":{"type":"Polygon","coordinates":[[[-89.1605,17.8143],[-89.1463,17.9515],[-89.1541,18.0314],[-89.0357,18.2027],[-89.0445,18.4922],[-89.1088,18.6908],[-89.0824,18.9614],[-89.0207,19.0335],[-89.0135,19.2178],[-89.1346,19.4052],[-89.4154,19.651],[-89.4547,19.777],[-89.63,20.0191],[-89.8107,20.1374],[-89.8698,20.2686],[-90.0638,20.4125],[-90.1692,20.4247],[-90.2363,20.51],[-90.392,20.5472],[-90.3811,20.824],[-90.4491,20.7421],[-90.4899,20.5341],[-90.4745,20.4085],[-90.4974,20.0674],[-90.4778,19.9221],[-90.6645,19.7819],[-90.7095,19.6875],[-90.7301,19.3759],[-90.9355,19.1631],[-91.1616,19.0163],[-91.4312,18.8801],[-91.367,18.7712],[-91.2655,18.7357],[-91.3328,18.5734],[-91.5041,18.5119],[-91.5444,18.4492],[-91.8291,18.4773],[-91.9907,18.5393],[-91.9481,18.6912],[-92.0601,18.7016],[-92.4861,18.6485],[-92.3576,18.457],[-92.1491,18.4619],[-92.1556,18.1688],[-91.8909,17.9667],[-91.6331,17.9509],[-91.5687,18.1036],[-91.316,18.0584],[-91.1094,17.9728],[-90.9917,17.9682],[-90.9909,17.802],[-90.9622,17.816],[-90.2597,17.8153],[-89.1605,17.8143]]]},"properties":{"iso":"MEX","name":"Campeche","country":"México","code":"MX-CAM"}},
{"type":"Feature","geometry":{"type":"Polygon","coordinates":[[[-90.9909,17.802],[-90.9917,17.9682],[-91.1094,17.9728],[-91.316,18.0584],[-91.5687,18.1036],[-91.6331,17.9509],[-91.8909,17.9667],[-92.1556,18.1688],[-92.1491,18.4619],[-92.3576,18.457],[-92.4861,18.6485],[-92.681,18.6229],[-92.8557,18.466],[-92.9398,18.4457],[-93.4447,18.4418],[-94.1371,18.2074],[-94.0508,17.9937],[-94.0767,17.882],[-93.9369,17.7586],[-93.7338,17.6715],[-93.6148,17.5465],[-93.6434,17.4208],[-93.5895,17.3755],[-93.5058,17.553],[-93.4144,17.6377],[-93.3134,17.9639],[-93.1959,17.979],[-93.0876,17.9003],[-92.9946,17.9095],[-93.0111,17.7488],[-92.9897,17.5613],[-92.8422,17.4166],[-92.6954,17.3835],[-92.4395,17.6073],[-92.3681,17.6969],[-92.2417,17.7393],[-91.9956,17.9047],[-91.7853,17.8466],[-91.7815,17.7209],[-91.6981,17.7136],[-91.6279,17.5136],[-91.4314,17.3894],[-91.4333,17.2545],[-90.992,17.2519],[-90.9909,17.802]]]},"properties":{"iso":"MEX","name":"Tabasco","country":"México","code":"MX-TAB"}},
{"type":"Feature","geometry":{"type":"Polygon","coordinates":[[[-91.4333,17.2545],[-91.4314,17.3894],[-91.6279,17.5136],[-91.6981,17.7136],[-91.7815,17.7209],[-91.7853,17.8466],[-91.9956,17.9047],[-92.2417,17.7393],[-92.3681,17.6969],[-92.4395,17.6073],[-92.6954,17.3835],[-92.8422,17.4166],[-92.9897,17.5613],[-93.0111,17.7488],[-92.9946,17.9095],[-93.0876,17.9003],[-93.1959,17.979],[-93.3134,17.9639],[-93.4144,17.6377],[-93.5058,17.553],[-93.5895,17.3755],[-93.6366,17.3],[-93.8734,17.1502],[-93.8681,17.0122],[-93.9113,16.8807],[-94.029,16.8132],[-94.0354,16.6626],[-94.1251,16.5088],[-94.0369,16.2733],[-94.0836,16.1489],[-93.8981,16.0889],[-93.9434,16.0106],[-93.656,15.8393],[-93.2286,15.5019],[-92.9831,15.2656],[-92.824,15.1728],[-92.6999,14.9991],[-92.2463,14.5463],[-92.1617,14.7023],[-92.1908,14.8142],[-92.1542,14.9959],[-92.0738,15.0737],[-92.2034,15.2372],[-92.1059,15.4545],[-91.7519,16.0463],[-91.7238,16.0688],[-90.9948,16.0699],[-90.4482,16.0793],[-90.4478,16.0797],[-90.4594,16.2591],[-90.3988,16.3476],[-90.4758,16.4307],[-90.6482,16.5296],[-90.6338,16.5922],[-90.7353,16.7466],[-91.0669,16.9182],[-91.2904,17.1891],[-91.4333,17.2545]]]},"properties":{"iso":"MEX","name":"Chiapas","country":"México","code":"MX-CHP"}},
{"type":"Feature","geometry":{"type":"Polygon","coordinates":[[[-92.2463,14.5463],[-92.1624,14.4873],[-92.0166,14.5309],[-92.0724,14.7018],[-91.8507,14.729],[-91.7953,14.783],[-91.6733,15.0332],[-91.6991,15.1224],[-91.6161,15.2209],[-91.7157,15.3501],[-91.8496,15.3612],[-92.0552,15.2885],[-92.1059,15.4545],[-92.2034,15.2372],[-92.0738,15.0737],[-92.1542,14.9959],[-92.1908,14.8142],[-92.1617,14.7023],[-92.2463,14.5463]]]},"properties":{"iso":"GTM","name":"San Marcos","country":"Guatemala","code":"GT-SM"}},
{"type":"Feature","geometry":{"type":"Polygon","coordinates":[[[-92.1059,15.4545],[-92.0552,15.2885],[-91.8496,15.3612],[-91.7157,15.3501],[-91.6161,15.2209],[-91.5188,15.156],[-91.4458,15.2288],[-91.3154,15.2632],[-91.1791,15.2922],[-91.3322,15.5171],[-91.3034,15.611],[-91.1923,15.6878],[-90.9948,16.0699],[-91.7238,16.0688],[-91.7519,16.0463],[-92.1059,15.4545]]]},"properties":{"iso":"GTM","name":"Huehuetenango","country":"Guatemala","code":"GT-HU"}},
{"type":"Feature","geometry":{"type":"Polygon","coordinates":[[[-90.9948,16.0699],[-91.1923,15.6878],[-91.3034,15.611],[-91.3322,15.5171],[-91.1791,15.2922],[-91.3154,15.2632],[-91.2346,15.0972],[-91.183,14.9107],[-91.0874,14.8263],[-91.0246,14.9166],[-90.8529,14.9419],[-90.6576,14.9039],[-90.7073,15.0002],[-90.8719,15.1485],[-90.8657,15.2568],[-90.5413,15.2125],[-90.5038,15.2622],[-90.4935,15.3397],[-90.6508,15.3631],[-90.6922,15.449],[-90.6037,15.5141],[-90.6327,15.6229],[-90.7806,15.6789],[-90.8118,15.7651],[-90.7635,15.9623],[-90.6601,16.0398],[-90.4693,16.0107],[-90.4482,16.0793],[-90.9948,16.0699]]]},"properties":{"iso":"GTM","name":"Quiché","country":"Guatemala","code":"GT-QC"}},
{"type":"Feature","geometry":{"type":"Polygon","coordinates":[[[-90.4478,16.0797],[-90.4482,16.0793],[-90.4693,16.0107],[-90.6601,16.0398],[-90.7635,15.9623],[-90.8118,15.7651],[-90.7806,15.6789],[-90.6327,15.6229],[-90.6037,15.5141],[-90.6922,15.449],[-90.6508,15.3631],[-90.4935,15.3397],[-90.5038,15.2622],[-90.2962,15.2129],[-90.2564,15.2891],[-90.078,15.2688],[-89.9521,15.2885],[-89.973,15.1565],[-89.878,15.1599],[-89.6055,15.1799],[-89.6471,15.2907],[-89.5881,15.4812],[-89.654,15.5777],[-89.5277,15.75],[-89.3963,15.8613],[-89.6795,15.892],[-89.7426,15.9309],[-90.2168,16.0521],[-90.4478,16.0797]]]},"properties":{"iso":"GTM","name":"Alta Verapaz","country":"Guatemala","code":"GT-AV"}},
{"type":"Feature","geometry":{"type":"Polygon","coordinates":[[[-85.2365,11.0531],[-85.6312,11.1962],[-85.7017,11.0809],[-85.741,10.9396],[-85.8782,10.9464],[-85.9088,10.8864],[-85.6653,10.7788],[-85.6317,10.6212],[-85.8092,10.4945],[-85.8616,10.347],[-85.7786,10.0799],[-85.6386,9.9055],[-85.3324,9.8266],[-85.2293,9.7248],[-85.1757,9.8537],[-85.2899,9.9458],[-85.1674,10.0194],[-85.2401,10.1163],[-85.0686,10.1558],[-84.9369,10.1174],[-84.8738,10.1791],[-84.8658,10.3048],[-84.7866,10.3153],[-84.7933,10.4966],[-84.9747,10.6041],[-85.0167,10.6927],[-85.1796,10.7675],[-85.2827,10.7596],[-85.4375,10.9069],[-85.2365,11.0531]]]},"properties":{"iso":"CRI","name":"Guanacaste","country":"Costa Rica","code":"CR-G"}},
{"type":"Feature","geometry":{"type":"Polygon","coordinates":[[[-84.885,10.9477],[-85.3002,11.1105],[-85.341,11.1471],[-85.1015,11.6315],[-85.5229,11.6805],[-85.8944,11.6821],[-86.1017,11.6108],[-86.1752,11.5195],[-85.928,11.3107],[-85.7858,11.1123],[-85.7017,11.0809],[-85.6312,11.1962],[-85.2365,11.0531],[-84.9314,10.9419],[-84.885,10.9477]]]},"properties":{"iso":"NIC","name":"Rivas","country":"Nicarágua","code":"NI-RI"}},
{"type":"Feature","geometry":{"type":"Polygon","coordinates":[[[-89.3963,15.8613],[-89.5277,15.75],[-89.654,15.5777],[-89.5881,15.4812],[-89.6471,15.2907],[-89.6055,15.1799],[-89.2505,15.3029],[-89.1469,15.0713],[-88.9734,15.1404],[-88.7609,15.3],[-88.4674,15.5207],[-88.3167,15.6746],[-88.2209,15.7257],[-88.4479,15.8587],[-88.626,15.7539],[-88.7873,15.8591],[-88.914,15.8939],[-89.236,15.9065],[-89.3963,15.8613]]]},"properties":{"iso":"GTM","name":"Izabal","country":"Guatemala","code":"GT-IZ"}},
{"type":"Feature","geometry":{"type":"Polygon","coordinates":[[[-88.4674,15.5207],[-88.2409,15.4907],[-88.1309,15.368],[-88.1081,15.1498],[-88.0307,15.0425],[-88.0536,14.9308],[-87.9858,14.8364],[-87.963,14.8035],[-87.7407,14.9625],[-87.7359,15.0166],[-87.7677,15.1397],[-87.9231,15.1908],[-87.7622,15.6102],[-87.7876,15.721],[-87.7284,15.921],[-87.9088,15.8681],[-88.1189,15.6959],[-88.2209,15.7257],[-88.3167,15.6746],[-88.4674,15.5207]]]},"properties":{"iso":"HND","name":"Cortés","country":"Honduras","code":"HN-CR"}},
{"type":"Feature","geometry":{"type":"Polygon","coordinates":[[[-88.3438,14.6543],[-88.075,14.6648],[-87.9858,14.8364],[-88.0536,14.9308],[-88.0307,15.0425],[-88.1081,15.1498],[-88.1309,15.368],[-88.2409,15.4907],[-88.4674,15.5207],[-88.7609,15.3],[-88.6446,15.077],[-88.6446,14.9274],[-88.5551,14.9348],[-88.4873,14.8119],[-88.3605,14.8192],[-88.3438,14.6543]]]},"properties":{"iso":"HND","name":"Santa Bárbara","country":"Honduras","code":"HN-SB"}},
{"type":"Feature","geometry":{"type":"Polygon","coordinates":[[[-89.1462,14.7109],[-89.0256,14.7208],[-88.9232,14.5613],[-88.7305,14.5488],[-88.7781,14.7182],[-88.6559,14.7239],[-88.6446,14.9274],[-88.6446,15.077],[-88.7609,15.3],[-88.9734,15.1404],[-89.1469,15.0713],[-89.1892,14.9131],[-89.2277,14.8346],[-89.1462,14.7109]]]},"properties":{"iso":"HND","name":"Copán","country":"Honduras","code":"HN-CP"}},
{"type":"Feature","geometry":{"type":"Polygon","coordinates":[[[-89.1892,14.9131],[-89.1469,15.0713],[-89.2505,15.3029],[-89.6055,15.1799],[-89.878,15.1599],[-89.7966,15.0433],[-89.7687,14.9095],[-89.834,14.8765],[-89.7364,14.7799],[-89.6704,14.9011],[-89.5091,14.8667],[-89.4487,14.9138],[-89.1892,14.9131]]]},"properties":{"iso":"GTM","name":"Zacapa","country":"Guatemala","code":"GT-ZA"}},
{"type":"Feature","geometry":{"type":"Polygon","coordinates":[[[-82.5736,9.5762],[-82.6189,9.4867],[-82.829,9.6027],[-82.8613,9.4841],[-82.9443,9.4372],[-82.9395,9.0706],[-82.7491,8.9741],[-82.7202,8.9202],[-82.5677,8.8997],[-82.363,8.8088],[-82.3215,9.0094],[-82.1321,8.9006],[-82.0067,8.9466],[-82.1054,8.9352],[-82.246,9.0141],[-82.2555,9.1826],[-82.3876,9.2861],[-82.3496,9.402],[-82.5736,9.5762]]]},"properties":{"iso":"PAN","name":"Bocas del Toro","country":"Panamá","code":"PA-1"}},
{"type":"Feature","geometry":{"type":"Polygon","coordinates":[[[-83.7638,10.7737],[-83.7037,10.6898],[-83.827,10.6392],[-83.8429,10.3332],[-83.9136,10.199],[-83.9427,10.1362],[-83.5891,9.9772],[-83.339,9.9736],[-83.3359,9.821],[-83.5109,9.5664],[-83.4869,9.4676],[-83.4294,9.3537],[-83.3211,9.3659],[-83.1657,9.3168],[-83.0575,9.1639],[-82.9395,9.0706],[-82.9443,9.4372],[-82.8613,9.4841],[-82.829,9.6027],[-82.6189,9.4867],[-82.5736,9.5762],[-82.6359,9.6345],[-82.7723,9.661],[-83.0167,9.9631],[-83.2037,10.1293],[-83.4662,10.4945],[-83.6243,10.9029],[-83.6965,10.9366],[-83.663,10.807],[-83.7638,10.7737]]]},"properties":{"iso":"CRI","name":"Limón","country":"Costa Rica","code":"CR-L"}},
{"type":"Feature","geometry":{"type":"MultiPolygon","coordinates":[[[[-84.7866,10.3153],[-84.8658,10.3048],[-84.8738,10.1791],[-84.9369,10.1174],[-85.0686,10.1558],[-84.8509,9.9669],[-84.7623,9.9757],[-84.6346,9.7834],[-84.6784,9.6926],[-84.6166,9.5781],[-84.5216,9.5193],[-84.2727,9.4816],[-83.9181,9.2947],[-83.7869,9.1992],[-83.6299,9.0353],[-83.5876,8.8354],[-83.63,8.7337],[-83.7399,8.6238],[-83.5756,8.445],[-83.2764,8.4016],[-83.2869,8.5172],[-83.4048,8.589],[-83.4817,8.7126],[-83.3837,8.7398],[-83.1434,8.5502],[-83.0996,8.4313],[-83.1509,8.3693],[-82.9685,8.2212],[-82.8976,8.0347],[-82.9437,8.2486],[-83.0532,8.3151],[-82.8704,8.4381],[-82.8498,8.6299],[-82.9242,8.7412],[-82.8669,8.8381],[-82.7202,8.9202],[-82.7491,8.9741],[-82.9395,9.0706],[-83.0575,9.1639],[-83.1657,9.3168],[-83.3211,9.3659],[-83.4294,9.3537],[-83.4998,9.2501],[-83.4713,9.1559],[-83.5148,9.0661],[-83.6562,9.1386],[-83.7332,9.2364],[-83.8209,9.2391],[-83.9088,9.402],[-84.0102,9.4414],[-84.1569,9.6163],[-84.3971,9.6265],[-84.5261,9.5693],[-84.5913,9.7429],[-84.5711,9.8245],[-84.6744,9.8844],[-84.5935,10.0132],[-84.6494,10.0912],[-84.6839,10.2788],[-84.7866,10.3153]]],[[[-85.2293,9.7248],[-85.1458,9.6126],[-84.9596,9.7274],[-84.8646,9.8229],[-84.9596,9.9465],[-85.1674,10.0194],[-85.2899,9.9458],[-85.1757,9.8537],[-85.2293,9.7248]]]]},"properties":{"iso":"CRI","name":"Puntarenas","country":"Costa Rica","code":"CR-P"}},
{"type":"Feature","geometry":{"type":"Polygon","coordinates":[[[-82.7202,8.9202],[-82.8669,8.8381],[-82.9242,8.7412],[-82.8498,8.6299],[-82.8704,8.4381],[-83.0532,8.3151],[-82.9437,8.2486],[-82.8976,8.0347],[-82.8492,8.0683],[-82.8772,8.2191],[-82.8087,8.2957],[-82.6589,8.3228],[-82.5117,8.2764],[-82.2801,8.3432],[-82.1965,8.2022],[-82.1094,8.2333],[-81.7115,8.1303],[-81.6636,7.9973],[-81.6061,8.1349],[-81.5131,8.251],[-81.5225,8.3793],[-81.6336,8.2971],[-81.7843,8.264],[-81.83,8.3184],[-81.9971,8.34],[-82.1429,8.5573],[-82.1532,8.7626],[-82.363,8.8088],[-82.5677,8.8997],[-82.7202,8.9202]]]},"properties":{"iso":"PAN","name":"Chiriquí","country":"Panamá","code":"PA-4"}},
{"type":"Feature","geometry":{"type":"Polygon","coordinates":[[[-77.3735,8.6647],[-77.477,8.6699],[-77.5741,8.7928],[-77.7208,8.8923],[-77.7444,8.9636],[-77.8902,9.0772],[-78.0246,9.2265],[-78.208,9.2903],[-78.4377,9.4044],[-78.7811,9.4459],[-78.9033,9.4229],[-79.0581,9.4579],[-79.0745,9.562],[-79.075,9.4573],[-79.247,9.3307],[-79.0718,9.2774],[-78.9372,9.3445],[-78.6989,9.3708],[-78.6277,9.3214],[-78.5002,9.338],[-78.4087,9.2436],[-78.2956,9.2573],[-78.257,9.1909],[-78.0425,9.0732],[-77.9119,8.997],[-77.6925,8.7724],[-77.4694,8.5378],[-77.3735,8.6647]]]},"properties":{"iso":"PAN","name":"Kuna Yala","country":"Panamá","code":"PA-KY"}},
{"type":"Feature","geometry":{"type":"Polygon","coordinates":[[[-77.4694,8.5378],[-77.3632,8.2721],[-77.2694,8.1677],[-77.2012,7.982],[-77.3216,7.881],[-77.3799,7.7744],[-77.3397,7.7072],[-77.58,7.5284],[-77.6799,7.671],[-77.7705,7.669],[-77.7312,7.5303],[-77.8202,7.4765],[-77.8958,7.2351],[-77.7869,7.1489],[-77.6527,6.9766],[-77.7013,6.9184],[-77.5734,6.801],[-77.5318,6.7121],[-77.4112,6.6938],[-77.343,6.5438],[-77.4151,6.2391],[-77.4844,6.1888],[-77.353,6.0262],[-77.2464,5.7873],[-77.2611,5.7009],[-77.3556,5.6079],[-77.4908,5.5948],[-77.4083,5.4645],[-77.3592,5.2973],[-77.3667,4.9989],[-77.3188,4.7097],[-77.3196,4.5466],[-77.3872,4.3472],[-77.2544,4.2422],[-77.0658,4.1039],[-76.9568,4.1226],[-76.8927,4.0419],[-76.7304,3.9986],[-76.5941,4.0505],[-76.4462,4.182],[-76.496,4.32],[-76.4273,4.5817],[-76.3033,4.6999],[-76.2912,4.7732],[-76.1695,4.8894],[-76.0759,5.0357],[-76.0976,5.175],[-76.1799,5.3087],[-76.0425,5.5773],[-76.1331,5.8615],[-76.1113,5.9756],[-76.217,6.0348],[-76.2772,6.1873],[-76.7001,6.1687],[-76.7707,6.2869],[-76.7881,6.4835],[-76.8982,6.5946],[-76.9728,6.8102],[-76.8362,6.8406],[-76.8314,6.9997],[-76.6834,7.026],[-76.5461,6.991],[-76.5053,7.0744],[-76.5296,7.2487],[-76.6925,7.3544],[-76.8769,7.5654],[-77.1264,7.7809],[-77.0217,7.8985],[-76.9539,8.0865],[-76.9855,8.2562],[-77.0528,8.2763],[-77.1336,8.4084],[-77.2747,8.4958],[-77.3735,8.6647],[-77.4694,8.5378]]]},"properties":{"iso":"COL","name":"Chocó","country":"Colômbia","code":"CO-CHO"}},
{"type":"Feature","geometry":{"type":"MultiPolygon","coordinates":[[[[-77.6925,8.7724],[-77.8218,8.7329],[-77.9086,8.6217],[-77.8174,8.4013],[-77.7317,8.2583],[-77.6255,8.1997],[-77.5526,8.0848],[-77.2694,8.1677],[-77.3632,8.2721],[-77.4694,8.5378],[-77.6925,8.7724]]],[[[-78.1834,8.0936],[-78.202,8.0012],[-78.3293,7.9597],[-78.2451,7.7309],[-78.0724,7.6015],[-77.9497,7.6188],[-77.9559,7.7392],[-78.0162,7.9314],[-78.1834,8.0936]]]]},"properties":{"iso":"PAN","name":"Emberá","country":"Panamá","code":"PA-EM"}},
{"type":"Feature","geometry":{"type":"Polygon","coordinates":[[[-78.0425,9.0732],[-78.0792,8.9437],[-78.309,8.8067],[-78.4512,8.8197],[-78.4288,8.7145],[-78.4585,8.5604],[-78.4097,8.353],[-78.3033,8.4543],[-78.1556,8.3941],[-78.1829,8.2979],[-78.3058,8.2539],[-78.2375,8.154],[-78.2864,8.0807],[-78.4308,8.0771],[-78.3945,7.9174],[-78.3294,7.8432],[-78.1442,7.4979],[-78.0098,7.3835],[-77.8958,7.2351],[-77.8202,7.4765],[-77.7312,7.5303],[-77.7705,7.669],[-77.6799,7.671],[-77.58,7.5284],[-77.3397,7.7072],[-77.3799,7.7744],[-77.3216,7.881],[-77.2012,7.982],[-77.2694,8.1677],[-77.5526,8.0848],[-77.6255,8.1997],[-77.7317,8.2583],[-77.8174,8.4013],[-77.9086,8.6217],[-77.8218,8.7329],[-77.6925,8.7724],[-77.9119,8.997],[-78.0425,9.0732]],[[-78.1834,8.0936],[-78.0162,7.9314],[-77.9559,7.7392],[-77.9497,7.6188],[-78.0724,7.6015],[-78.2451,7.7309],[-78.3293,7.9597],[-78.202,8.0012],[-78.1834,8.0936]]]},"properties":{"iso":"PAN","name":"Darién","country":"Panamá","code":"PA-5"}},
{"type":"Feature","geometry":{"type":"Polygon","coordinates":[[[-59.1544,6.9843],[-59.1745,7.1109],[-59.1004,7.3943],[-59.0254,7.4981],[-58.8887,7.5558],[-58.7807,7.6651],[-59.0214,7.931],[-59.1652,8.0587],[-59.4541,8.2426],[-59.7558,8.4109],[-59.8094,8.3547],[-60.021,8.558],[-59.8156,8.2878],[-59.8485,8.2277],[-59.9933,8.1685],[-60.0195,8.0603],[-60.1292,8.0288],[-60.268,7.9213],[-60.3748,7.8236],[-60.5033,7.8209],[-60.5821,7.7363],[-60.6013,7.6339],[-60.7306,7.5254],[-60.6018,7.3301],[-60.6431,7.2209],[-60.548,7.1255],[-60.4753,7.1885],[-60.3483,7.1527],[-60.0877,7.0681],[-59.9577,7.1018],[-59.8317,7.1924],[-59.5825,7.0888],[-59.4866,6.9953],[-59.3307,6.951],[-59.2686,7.0184],[-59.1544,6.9843]]]},"properties":{"iso":"GUY","name":"Barima-Waini","country":"Guiana","code":"GY-BA"}},
{"type":"Feature","geometry":{"type":"MultiPolygon","coordinates":[[[[-60.021,8.558],[-60.1978,8.6238],[-60.3719,8.6354],[-60.4616,8.5344],[-60.6063,8.5511],[-60.6925,8.6047],[-60.9848,8.5705],[-60.9924,8.5122],[-61.181,8.4934],[-61.284,8.3972],[-61.3491,8.4793],[-61.4342,8.4792],[-61.5231,8.5966],[-61.2095,8.609],[-61.1268,8.8145],[-61.0997,8.9604],[-61.0066,9.0488],[-60.984,9.1674],[-60.8219,9.2728],[-60.7838,9.3386],[-60.8623,9.4561],[-61.0532,9.5813],[-61.1301,9.5725],[-61.3378,9.7121],[-61.4392,9.8184],[-61.5829,9.8722],[-61.5925,9.782],[-61.8768,9.8237],[-62.0254,9.9574],[-62.1965,10.0197],[-62.2577,9.9378],[-62.243,9.8428],[-62.3254,9.7189],[-62.4402,9.541],[-62.3205,9.3573],[-62.3047,9.1966],[-62.2021,9.071],[-62.0531,9.0454],[-62.0842,8.9448],[-62.0126,8.8552],[-62.0874,8.7251],[-62.4359,8.5138],[-62.5976,8.448],[-62.2472,8.3138],[-61.6352,8.287],[-61.6092,8.1185],[-61.3941,7.8775],[-61.3192,7.8206],[-61.0245,7.9407],[-60.9397,7.921],[-60.797,7.757],[-60.5391,7.9169],[-60.268,7.9213],[-60.1292,8.0288],[-60.0195,8.0603],[-59.9933,8.1685],[-59.8485,8.2277],[-59.8156,8.2878],[-60.021,8.558]]],[[[-60.9514,8.8278],[-61.06,8.7982],[-61.1671,8.6994],[-61.0939,8.6337],[-60.8466,8.6377],[-60.686,8.789],[-60.7376,8.8666],[-60.9514,8.8278]]]]},"properties":{"iso":"VEN","name":"Delta Amacuro","country":"Venezuela","code":"VE-Y"}},
{"type":"Feature","geometry":{"type":"Polygon","coordinates":[[[-60.3483,7.1527],[-60.4753,7.1885],[-60.548,7.1255],[-60.6431,7.2209],[-60.6018,7.3301],[-60.7306,7.5254],[-60.6013,7.6339],[-60.5821,7.7363],[-60.5033,7.8209],[-60.3748,7.8236],[-60.268,7.9213],[-60.5391,7.9169],[-60.797,7.757],[-60.9397,7.921],[-61.0245,7.9407],[-61.3192,7.8206],[-61.3941,7.8775],[-61.6092,8.1185],[-61.6352,8.287],[-62.2472,8.3138],[-62.5976,8.448],[-62.6858,8.3857],[-62.7577,8.3798],[-62.8791,8.2741],[-62.9769,8.3095],[-63.1746,8.3134],[-63.4916,8.1456],[-63.6829,8.1582],[-63.8399,8.1104],[-63.961,7.9736],[-64.1386,7.9744],[-64.2316,8.0714],[-64.3524,8.009],[-64.5236,7.9963],[-64.5232,7.7737],[-64.6203,7.7744],[-64.8573,7.6598],[-65.1037,7.8344],[-65.3567,7.8694],[-65.6482,7.8999],[-65.7466,7.8547],[-65.9395,7.6792],[-66.1309,7.6838],[-66.3305,7.6484],[-66.4405,7.5804],[-66.5957,7.3396],[-66.9952,7.1568],[-67.0898,7.0657],[-67.0344,6.9131],[-67.0495,6.7553],[-67.1034,6.7015],[-67.1702,6.4294],[-67.275,6.3675],[-67.3223,6.2725],[-67.451,6.198],[-67.4563,6.1932],[-67.3962,6.1248],[-67.1895,6.1109],[-67.1446,5.9743],[-67.1996,5.7136],[-67.0925,5.7193],[-66.9773,5.6223],[-66.8176,5.6943],[-66.6949,5.6991],[-66.5353,5.7531],[-66.3455,5.9222],[-66.2205,5.7316],[-65.9935,5.7963],[-65.8271,6.1102],[-65.6333,6.1474],[-65.5803,6.0806],[-65.6383,5.8543],[-65.6089,5.7149],[-65.4711,5.7684],[-65.2659,5.7739],[-65.253,5.6292],[-65.133,5.5131],[-65.1753,5.4213],[-65.1357,5.3114],[-65.2884,5.2489],[-65.0851,4.7992],[-64.942,4.6252],[-64.7022,4.5877],[-64.6601,4.5419],[-64.6292,4.2882],[-64.648,4.2079],[-64.5897,4.1189],[-64.365,4.1519],[-64.1251,4.0885],[-64.0638,3.9116],[-63.9964,3.8808],[-63.8751,3.9498],[-63.6228,3.9352],[-63.5107,3.8545],[-63.4254,3.9684],[-63.286,3.9208],[-62.9971,3.5991],[-62.8894,3.5608],[-62.7496,3.6604],[-62.7888,3.8994],[-62.7662,4.0207],[-62.561,4.0378],[-62.537,4.1254],[-62.3842,4.1735],[-62.1927,4.0947],[-62.035,4.1599],[-61.9315,4.1464],[-61.7189,4.2547],[-61.5421,4.263],[-61.4582,4.4191],[-61.3332,4.4239],[-61.2973,4.5237],[-61.1512,4.4921],[-61.012,4.5183],[-60.9034,4.6996],[-60.7637,4.7551],[-60.6126,4.9006],[-60.5987,4.9969],[-60.6643,5.1703],[-60.7399,5.2021],[-61.3796,5.9053],[-61.2694,6.1072],[-61.1216,6.1867],[-61.1609,6.3424],[-61.139,6.4248],[-61.2048,6.5958],[-61.1298,6.7158],[-60.9338,6.7317],[-60.7935,6.7938],[-60.7215,6.7597],[-60.6207,6.8459],[-60.421,6.9422],[-60.3134,7.0402],[-60.3483,7.1527]]]},"properties":{"iso":"VEN","name":"Bolívar","country":"Venezuela","code":"VE-F"}},
{"type":"Feature","geometry":{"type":"Polygon","coordinates":[[[-69.8412,1.7076],[-69.5803,1.7702],[-69.3524,1.7202],[-68.1633,1.7213],[-68.2608,1.8582],[-68.2008,2.0078],[-68.1012,1.9241],[-67.9982,1.75],[-67.8605,1.7615],[-67.7905,1.8126],[-67.5929,2.0548],[-67.4397,2.1396],[-67.3406,2.0901],[-67.2648,1.9325],[-67.1172,1.7098],[-67.0736,1.5412],[-67.0982,1.2534],[-67.0652,1.1727],[-66.8751,1.2225],[-66.8825,1.326],[-67.0668,1.8941],[-67.1351,2.0033],[-67.2177,2.2845],[-67.1976,2.402],[-67.3254,2.4746],[-67.4852,2.6619],[-67.5756,2.6911],[-67.6266,2.8134],[-67.8386,2.8861],[-67.4522,3.2437],[-67.3958,3.2666],[-67.3046,3.4257],[-67.4039,3.5045],[-67.4714,3.6801],[-67.6318,3.7619],[-67.7169,4.0399],[-67.7971,3.9538],[-67.9875,3.9348],[-68.0927,4.0054],[-68.1694,3.9197],[-68.3555,4.0199],[-68.5464,3.7959],[-68.6888,3.7978],[-68.9624,3.6409],[-69.1089,3.6279],[-69.2924,3.7266],[-69.4307,3.6861],[-69.6032,3.692],[-69.7058,3.5682],[-69.8941,3.5664],[-70.0109,3.5286],[-70.1511,3.3479],[-70.1293,3.2043],[-70.1989,3.196],[-70.305,3.078],[-70.2815,2.942],[-70.4997,2.7845],[-70.8957,2.6209],[-70.7471,2.529],[-70.6223,2.3276],[-70.3412,2.246],[-70.0373,2.2774],[-69.9999,2.1977],[-70.105,2.1012],[-70.1566,1.8693],[-70.0502,1.781],[-69.8412,1.7076]]]},"properties":{"iso":"COL","name":"Guainía","country":"Colômbia","code":"CO-GUA"}},
{"type":"Feature","geometry":{"type":"Polygon","coordinates":[[[-70.105,2.1012],[-70.2017,2.0312],[-70.4445,1.9884],[-70.702,1.9017],[-70.9118,1.915],[-70.9677,1.8533],[-71.1598,1.7562],[-71.2638,1.6734],[-71.3908,1.7322],[-71.433,1.5641],[-71.5421,1.2795],[-71.5073,1.1366],[-71.5858,1.1129],[-71.6731,0.982],[-71.7865,0.9169],[-72.0358,0.664],[-71.9364,0.4867],[-71.7871,0.3733],[-71.689,0.2583],[-71.5385,0.1777],[-71.4214,0.1916],[-71.3223,0.1332],[-71.1739,0.1158],[-71.14,0.0377],[-70.9966,0.0087],[-70.853,-0.3125],[-70.7605,-0.2806],[-70.5009,-0.3596],[-70.4483,-0.4656],[-70.2841,-0.5056],[-70.2401,-0.5807],[-70.2127,-0.8524],[-70.2797,-0.9337],[-70.1241,-0.9744],[-69.9254,-0.9167],[-69.9474,-1.0292],[-69.6618,-1.0398],[-69.6599,-1.1225],[-69.4653,-1.18],[-69.4211,-1.2393],[-69.45,-0.9968],[-69.5392,-0.9206],[-69.6284,-0.7334],[-69.5842,-0.6446],[-69.6321,-0.5069],[-69.7465,-0.453],[-69.9444,-0.3055],[-70.0738,-0.1249],[-70.0542,0.5881],[-69.8053,0.6069],[-69.6947,0.6687],[-69.6192,0.6507],[-69.5037,0.7296],[-69.3626,0.6409],[-69.2262,0.6148],[-69.1375,0.6501],[-69.2043,0.9437],[-69.3709,1.063],[-69.7626,1.0911],[-69.8522,1.0594],[-69.8412,1.7076],[-70.0502,1.781],[-70.1566,1.8693],[-70.105,2.1012]]]},"properties":{"iso":"COL","name":"Vaupés","country":"Colômbia","code":"CO-VAU"}},
{"type":"Feature","geometry":{"type":"Polygon","coordinates":[[[-74.4147,-0.5638],[-74.3106,-0.8014],[-74.2891,-0.943],[-73.9199,-1.1138],[-73.8808,-1.191],[-73.6366,-1.2552],[-73.4972,-1.478],[-73.531,-1.6737],[-73.3403,-1.7922],[-73.1863,-1.7996],[-73.1687,-1.9593],[-73.1111,-2.0734],[-73.1953,-2.1872],[-73.1589,-2.293],[-73.0564,-2.2999],[-72.9433,-2.419],[-72.8047,-2.3778],[-72.7183,-2.4199],[-72.6443,-2.3341],[-72.3966,-2.4465],[-72.1615,-2.4057],[-72.0894,-2.331],[-71.9663,-2.3285],[-71.7679,-2.1422],[-71.4565,-2.2551],[-71.387,-2.3689],[-71.2199,-2.3415],[-71.1428,-2.2629],[-70.9927,-2.1974],[-70.8742,-2.2296],[-70.7066,-2.3283],[-70.6476,-2.4508],[-70.5786,-2.4055],[-70.457,-2.4927],[-70.3575,-2.4869],[-70.2361,-2.6251],[-70.0506,-2.7151],[-70.7341,-3.782],[-70.5443,-3.8652],[-70.3111,-3.8293],[-70.217,-3.925],[-70.1884,-4.029],[-70.0605,-4.1072],[-69.9649,-4.2365],[-69.9472,-4.2011],[-69.7712,-3.2342],[-69.5657,-2.106],[-69.4523,-1.4905],[-69.4211,-1.2393],[-69.4653,-1.18],[-69.6599,-1.1225],[-69.6618,-1.0398],[-69.9474,-1.0292],[-69.9254,-0.9167],[-70.1241,-0.9744],[-70.2797,-0.9337],[-70.2127,-0.8524],[-70.2401,-0.5807],[-70.2841,-0.5056],[-70.4483,-0.4656],[-70.5009,-0.3596],[-70.7605,-0.2806],[-70.853,-0.3125],[-70.9966,0.0087],[-71.14,0.0377],[-71.1739,0.1158],[-71.3223,0.1332],[-71.3897,0.0675],[-71.6259,-0.043],[-71.7742,-0.2247],[-72.0369,-0.2596],[-72.1286,-0.3263],[-72.2324,-0.4673],[-72.2424,-0.5869],[-72.3245,-0.6293],[-72.4219,-0.5566],[-72.5498,-0.6833],[-72.7207,-0.5715],[-72.8848,-0.6017],[-72.9974,-0.5266],[-73.0813,-0.5936],[-73.2055,-0.6047],[-73.3318,-0.5073],[-73.4791,-0.5327],[-73.7284,-0.3865],[-73.8641,-0.3929],[-74.4147,-0.5638]]]},"properties":{"iso":"COL","name":"Amazonas","country":"Colômbia","code":"CO-AMA"}},
{"type":"Feature","geometry":{"type":"Polygon","coordinates":[[[-75.2666,-0.6427],[-75.297,-0.747],[-75.2273,-0.9698],[-75.3487,-0.975],[-75.4126,-0.9239],[-75.5807,-1.5466],[-76.0912,-2.1289],[-76.6697,-2.5646],[-77.8104,-2.9671],[-77.7587,-3.2868],[-77.6696,-3.4801],[-77.6251,-3.7885],[-77.5597,-3.9019],[-77.5785,-4.4387],[-77.7409,-4.7031],[-77.7768,-4.8498],[-77.7107,-5.2281],[-77.64,-5.3846],[-77.5485,-5.4582],[-77.3669,-5.5369],[-77.1757,-5.6799],[-76.9682,-5.6899],[-76.8339,-5.7656],[-76.7341,-5.9765],[-76.6733,-6.03],[-76.5298,-6.0283],[-76.3835,-5.9257],[-76.3157,-5.9213],[-76.1591,-6.0821],[-76.0849,-6.1189],[-75.8455,-6.1079],[-75.6682,-6.1473],[-75.5066,-6.2588],[-75.4663,-6.3566],[-75.5246,-6.7972],[-75.5959,-6.9134],[-75.6825,-6.9245],[-75.7691,-6.8162],[-75.9078,-6.7527],[-76.0112,-6.7849],[-76.1098,-7.0092],[-76.0845,-7.1089],[-76.0985,-7.3284],[-76.0579,-7.5008],[-75.8151,-8.0136],[-75.7986,-8.219],[-75.8938,-8.3333],[-75.9527,-8.5682],[-75.9741,-8.6452],[-75.8732,-8.5984],[-75.5877,-8.3873],[-75.4876,-8.4655],[-75.4233,-8.4296],[-75.5094,-8.2919],[-75.3618,-8.1165],[-75.1843,-8.1162],[-74.9185,-8.0021],[-74.6913,-7.9639],[-74.5527,-7.8511],[-74.5624,-7.5732],[-74.6077,-7.3815],[-74.5191,-7.3263],[-74.4233,-7.3846],[-74.2306,-7.4171],[-73.9845,-7.5294],[-73.9794,-7.3745],[-73.7608,-7.3374],[-73.7345,-7.2251],[-73.8123,-7.1029],[-73.7655,-6.9042],[-73.6851,-6.8119],[-73.3707,-6.5839],[-73.199,-6.5456],[-73.1318,-6.4353],[-73.1777,-6.2024],[-73.2348,-6.0776],[-73.14,-5.8785],[-73.0014,-5.7088],[-72.9735,-5.4661],[-72.8967,-5.2716],[-72.9179,-5.1321],[-72.6273,-5.0224],[-72.4041,-4.8602],[-72.3968,-4.8056],[-72.2511,-4.7588],[-72.0711,-4.6051],[-71.7743,-4.4815],[-71.6652,-4.5076],[-71.5061,-4.4486],[-70.9687,-4.3853],[-70.8322,-4.1794],[-70.5853,-4.1945],[-70.4299,-4.1342],[-70.3111,-4.1709],[-70.2313,-4.3037],[-69.9649,-4.2365],[-70.0605,-4.1072],[-70.1884,-4.029],[-70.217,-3.925],[-70.3111,-3.8293],[-70.5443,-3.8652],[-70.7341,-3.782],[-70.0506,-2.7151],[-70.2361,-2.6251],[-70.3575,-2.4869],[-70.457,-2.4927],[-70.5786,-2.4055],[-70.6476,-2.4508],[-70.7066,-2.3283],[-70.8742,-2.2296],[-70.9927,-2.1974],[-71.1428,-2.2629],[-71.2199,-2.3415],[-71.387,-2.3689],[-71.4565,-2.2551],[-71.7679,-2.1422],[-71.9663,-2.3285],[-72.0894,-2.331],[-72.1615,-2.4057],[-72.3966,-2.4465],[-72.6443,-2.3341],[-72.7183,-2.4199],[-72.8047,-2.3778],[-72.9433,-2.419],[-73.0564,-2.2999],[-73.1589,-2.293],[-73.1953,-2.1872],[-73.1111,-2.0734],[-73.1687,-1.9593],[-73.1863,-1.7996],[-73.3403,-1.7922],[-73.531,-1.6737],[-73.4972,-1.478],[-73.6366,-1.2552],[-73.8808,-1.191],[-73.9199,-1.1138],[-74.2891,-0.943],[-74.3106,-0.8014],[-74.4147,-0.5638],[-74.6423,-0.3398],[-74.6866,-0.3534],[-74.8247,-0.1705],[-74.9335,-0.2094],[-75.1417,-0.0435],[-75.2835,-0.107],[-75.4553,-0.1612],[-75.4848,-0.2477],[-75.4342,-0.403],[-75.272,-0.5257],[-75.2666,-0.6427]]]},"properties":{"iso":"PER","name":"Loreto","country":"Peru","code":"PE-LOR"}},
{"type":"Feature","geometry":{"type":"Polygon","coordinates":[[[-77.2994,-0.0585],[-77.2732,-0.3604],[-77.395,-0.4969],[-77.5515,-0.458],[-77.6202,-0.5366],[-77.5097,-0.6557],[-77.5285,-0.8412],[-77.4992,-0.9453],[-77.2471,-0.8296],[-77.0417,-0.9204],[-77.0516,-1.0104],[-77.0453,-1.0994],[-76.8679,-1.1574],[-76.7609,-1.0979],[-76.5623,-1.0464],[-76.4637,-1.2513],[-76.2453,-1.2821],[-76.0635,-1.2761],[-75.9502,-1.3445],[-75.7475,-1.4053],[-75.5807,-1.5466],[-75.4126,-0.9239],[-75.3487,-0.975],[-75.2273,-0.9698],[-75.297,-0.747],[-75.2666,-0.6427],[-75.398,-0.5691],[-75.7483,-0.4226],[-75.951,-0.4493],[-76.2744,-0.4431],[-76.4102,-0.5103],[-76.7141,-0.3419],[-76.9175,-0.0786],[-77.186,-0.0928],[-77.2994,-0.0585]]]},"properties":{"iso":"ECU","name":"Orellana","country":"Equador","code":"EC-D"}},
{"type":"Feature","geometry":{"type":"Polygon","coordinates":[[[-75.5807,-1.5466],[-75.7475,-1.4053],[-75.9502,-1.3445],[-76.0635,-1.2761],[-76.2453,-1.2821],[-76.4637,-1.2513],[-76.5623,-1.0464],[-76.7609,-1.0979],[-76.8679,-1.1574],[-77.0453,-1.0994],[-77.0516,-1.0104],[-77.2338,-1.0245],[-77.5471,-1.1357],[-77.6956,-1.1517],[-77.846,-1.2247],[-78.1165,-1.2333],[-78.1142,-1.3426],[-78.1726,-1.447],[-78.0698,-1.5207],[-78.0211,-1.6558],[-77.9141,-1.6681],[-77.8383,-1.9128],[-77.7235,-2.011],[-77.3843,-2.1543],[-77.1231,-2.3137],[-77.0171,-2.4772],[-76.9183,-2.5404],[-76.6697,-2.5646],[-76.0912,-2.1289],[-75.5807,-1.5466]]]},"properties":{"iso":"ECU","name":"Pastaza","country":"Equador","code":"EC-Y"}},
{"type":"Feature","geometry":{"type":"Polygon","coordinates":[[[-76.6697,-2.5646],[-76.9183,-2.5404],[-77.0171,-2.4772],[-77.1231,-2.3137],[-77.3843,-2.1543],[-77.7235,-2.011],[-77.8383,-1.9128],[-77.9141,-1.6681],[-78.0211,-1.6558],[-78.0698,-1.5207],[-78.1726,-1.447],[-78.3534,-1.5264],[-78.3594,-1.6217],[-78.4502,-1.7173],[-78.4183,-1.8675],[-78.4895,-1.9648],[-78.4458,-2.0752],[-78.5799,-2.3115],[-78.4812,-2.3807],[-78.4937,-2.5133],[-78.5491,-2.5629],[-78.4368,-2.6453],[-78.5476,-2.7018],[-78.576,-2.8536],[-78.6717,-3.0908],[-78.9376,-3.2878],[-78.939,-3.3227],[-78.856,-3.3817],[-78.8222,-3.547],[-78.3759,-3.5293],[-78.334,-3.3845],[-78.1964,-3.3637],[-77.9415,-3.0545],[-77.8104,-2.9671],[-76.6697,-2.5646]]]},"properties":{"iso":"ECU","name":"Morona Santiago","country":"Equador","code":"EC-S"}},
{"type":"Feature","geometry":{"type":"Polygon","coordinates":[[[-77.8104,-2.9671],[-77.9415,-3.0545],[-78.1964,-3.3637],[-78.334,-3.3845],[-78.3759,-3.5293],[-78.5018,-3.9537],[-78.6824,-4.3269],[-78.6372,-4.4351],[-78.7089,-4.5851],[-78.5848,-4.8942],[-78.587,-4.9983],[-78.65,-5.1473],[-78.6067,-5.3706],[-78.6073,-5.5021],[-78.722,-5.672],[-78.7731,-5.8328],[-78.6194,-6.0595],[-78.4497,-6.1504],[-78.3492,-6.3505],[-78.1753,-6.4589],[-78.0245,-6.7401],[-77.9916,-7.0132],[-77.7424,-6.994],[-77.7775,-6.8901],[-77.7385,-6.6481],[-77.6712,-6.5746],[-77.566,-6.6183],[-77.3436,-6.5742],[-77.3093,-6.4843],[-77.1646,-6.3079],[-77.2547,-6.1211],[-77.5259,-6.0243],[-77.594,-5.9608],[-77.715,-5.7234],[-77.7067,-5.4577],[-77.64,-5.3846],[-77.7107,-5.2281],[-77.7768,-4.8498],[-77.7409,-4.7031],[-77.5785,-4.4387],[-77.5597,-3.9019],[-77.6251,-3.7885],[-77.6696,-3.4801],[-77.7587,-3.2868],[-77.8104,-2.9671]]]},"properties":{"iso":"PER","name":"Amazonas","country":"Peru","code":"PE-AMA"}},
{"type":"Feature","geometry":{"type":"Polygon","coordinates":[[[-78.939,-3.3227],[-79.0461,-3.3992],[-79.0502,-3.5521],[-79.1022,-3.636],[-79.1936,-3.731],[-79.1192,-3.8831],[-79.1495,-4.1513],[-79.1062,-4.1901],[-79.1135,-4.408],[-79.2051,-4.503],[-79.3184,-4.5134],[-79.3316,-4.6082],[-79.4608,-4.7705],[-79.3032,-4.9612],[-79.2337,-4.9656],[-79.0093,-4.9601],[-78.9002,-4.8437],[-78.9286,-4.7475],[-78.8531,-4.6523],[-78.7089,-4.5851],[-78.6372,-4.4351],[-78.6824,-4.3269],[-78.5018,-3.9537],[-78.3759,-3.5293],[-78.8222,-3.547],[-78.856,-3.3817],[-78.939,-3.3227]]]},"properties":{"iso":"ECU","name":"Zamora Chinchipe","country":"Equador","code":"EC-Z"}},
{"type":"Feature","geometry":{"type":"Polygon","coordinates":[[[-78.7089,-4.5851],[-78.8531,-4.6523],[-78.9286,-4.7475],[-78.9002,-4.8437],[-79.0093,-4.9601],[-79.2337,-4.9656],[-79.3806,-5.1555],[-79.3295,-5.3424],[-79.325,-5.5009],[-79.3918,-5.4993],[-79.4202,-5.727],[-79.3553,-5.9068],[-79.4511,-5.989],[-79.2209,-6.028],[-79.2875,-6.1305],[-79.294,-6.2788],[-79.4411,-6.3331],[-79.4463,-6.52],[-79.335,-6.6548],[-79.1829,-6.7037],[-79.1661,-6.7651],[-79.3203,-6.8968],[-79.3477,-7.0105],[-79.3517,-7.3581],[-79.1975,-7.4027],[-79.0953,-7.4929],[-79.0618,-7.6602],[-78.772,-7.5541],[-78.5862,-7.5742],[-78.405,-7.6429],[-78.2393,-7.7569],[-78.1407,-7.6729],[-77.9347,-7.6624],[-77.9183,-7.5089],[-77.8395,-7.3775],[-77.8705,-7.2337],[-77.9916,-7.0132],[-78.0245,-6.7401],[-78.1753,-6.4589],[-78.3492,-6.3505],[-78.4497,-6.1504],[-78.6194,-6.0595],[-78.7731,-5.8328],[-78.722,-5.672],[-78.6073,-5.5021],[-78.6067,-5.3706],[-78.65,-5.1473],[-78.587,-4.9983],[-78.5848,-4.8942],[-78.7089,-4.5851]]]},"properties":{"iso":"PER","name":"Cajamarca","country":"Peru","code":"PE-CAJ"}},
{"type":"Feature","geometry":{"type":"Polygon","coordinates":[[[-79.1022,-3.636],[-79.1788,-3.4482],[-79.2565,-3.4607],[-79.3295,-3.3409],[-79.4578,-3.328],[-79.4617,-3.5007],[-79.3725,-3.6841],[-79.4153,-3.7934],[-79.9542,-3.8339],[-80.1651,-3.8807],[-80.3046,-4.0052],[-80.4811,-3.9988],[-80.5123,-4.065],[-80.4696,-4.2132],[-80.3563,-4.2206],[-80.4885,-4.396],[-80.4085,-4.4775],[-80.2397,-4.3698],[-80.205,-4.2982],[-80.0797,-4.309],[-79.7957,-4.4847],[-79.658,-4.4387],[-79.5072,-4.5316],[-79.5279,-4.6181],[-79.4608,-4.7705],[-79.3316,-4.6082],[-79.3184,-4.5134],[-79.2051,-4.503],[-79.1135,-4.408],[-79.1062,-4.1901],[-79.1495,-4.1513],[-79.1192,-3.8831],[-79.1936,-3.731],[-79.1022,-3.636]]]},"properties":{"iso":"ECU","name":"Loja","country":"Equador","code":"EC-L"}},
{"type":"Feature","geometry":{"type":"Polygon","coordinates":[[[-80.1651,-3.8807],[-80.2216,-3.7694],[-80.2164,-3.6316],[-80.3407,-3.3935],[-80.3682,-3.4655],[-80.5362,-3.5053],[-80.6131,-3.6157],[-80.7717,-3.7101],[-80.8678,-3.8727],[-80.9929,-3.9721],[-81.0625,-4.0857],[-80.928,-4.1693],[-80.69,-4.2104],[-80.5123,-4.065],[-80.4811,-3.9988],[-80.3046,-4.0052],[-80.1651,-3.8807]]]},"properties":{"iso":"PER","name":"Tumbes","country":"Peru","code":"PE-TUM"}},
{"type":"Feature","geometry":{"type":"Polygon","coordinates":[[[-79.4578,-3.328],[-79.65,-3.3288],[-79.6004,-3.1617],[-79.7605,-3.0647],[-79.8959,-3.0454],[-79.9532,-3.1974],[-80.0705,-3.2182],[-80.1356,-3.3276],[-80.3407,-3.3935],[-80.2164,-3.6316],[-80.2216,-3.7694],[-80.1651,-3.8807],[-79.9542,-3.8339],[-79.4153,-3.7934],[-79.3725,-3.6841],[-79.4617,-3.5007],[-79.4578,-3.328]]]},"properties":{"iso":"ECU","name":"El Oro","country":"Equador","code":"EC-O"}},
{"type":"Feature","geometry":{"type":"Polygon","coordinates":[[[-79.4608,-4.7705],[-79.5279,-4.6181],[-79.5072,-4.5316],[-79.658,-4.4387],[-79.7957,-4.4847],[-80.0797,-4.309],[-80.205,-4.2982],[-80.2397,-4.3698],[-80.4085,-4.4775],[-80.4885,-4.396],[-80.3563,-4.2206],[-80.4696,-4.2132],[-80.5123,-4.065],[-80.69,-4.2104],[-80.928,-4.1693],[-81.0625,-4.0857],[-81.2528,-4.2387],[-81.3289,-4.4767],[-81.3376,-4.6783],[-81.0634,-5.022],[-81.1714,-5.0873],[-81.1985,-5.2081],[-80.9318,-5.4638],[-80.8562,-5.6505],[-80.864,-5.7439],[-80.9399,-5.8508],[-81.0383,-5.8181],[-81.1502,-5.8831],[-81.1015,-6.0721],[-80.7905,-6.2997],[-80.6307,-6.3777],[-80.4498,-6.0996],[-80.304,-5.9426],[-79.9942,-5.8537],[-79.9501,-5.822],[-79.9448,-5.5483],[-79.75,-5.7454],[-79.7564,-5.848],[-79.6462,-5.9263],[-79.4511,-5.989],[-79.3553,-5.9068],[-79.4202,-5.727],[-79.3918,-5.4993],[-79.325,-5.5009],[-79.3295,-5.3424],[-79.3806,-5.1555],[-79.2337,-4.9656],[-79.3032,-4.9612],[-79.4608,-4.7705]]]},"properties":{"iso":"PER","name":"Piura","country":"Peru","code":"PE-PIU"}},
{"type":"Feature","geometry":{"type":"Polygon","coordinates":[[[-67.4563,6.1932],[-67.4912,6.1145],[-67.4286,6.0385],[-67.6012,5.8206],[-67.6491,5.6561],[-67.647,5.4834],[-67.8098,5.3788],[-67.8437,5.2972],[-67.7931,5.0633],[-67.8651,4.5121],[-67.782,4.3389],[-67.7862,4.173],[-67.7169,4.0399],[-67.6318,3.7619],[-67.4714,3.6801],[-67.4039,3.5045],[-67.3046,3.4257],[-67.3958,3.2666],[-67.4522,3.2437],[-67.8386,2.8861],[-67.6266,2.8134],[-67.5756,2.6911],[-67.4852,2.6619],[-67.3254,2.4746],[-67.1976,2.402],[-67.2177,2.2845],[-67.1351,2.0033],[-67.0668,1.8941],[-66.8825,1.326],[-66.8751,1.2225],[-66.3462,0.7594],[-66.1563,0.733],[-65.9741,0.807],[-65.872,0.909],[-65.7454,0.9742],[-65.5829,0.9777],[-65.517,0.8628],[-65.5873,0.7391],[-65.5605,0.656],[-65.4512,0.6901],[-65.3272,0.9103],[-65.203,0.9238],[-65.1368,1.1269],[-65.0225,1.14],[-64.8393,1.2708],[-64.7309,1.2476],[-64.6042,1.3313],[-64.5512,1.4195],[-64.409,1.5075],[-64.3015,1.4467],[-64.0809,1.6474],[-64.0536,1.8937],[-63.995,1.958],[-63.7626,1.9857],[-63.6175,2.1012],[-63.4118,2.1494],[-63.3726,2.2668],[-63.3848,2.4206],[-63.8313,2.4286],[-64.048,2.4713],[-63.9979,2.706],[-64.106,2.9472],[-64.2229,3.124],[-64.2456,3.4189],[-64.203,3.5947],[-64.3242,3.7241],[-64.5314,3.8535],[-64.6629,3.997],[-64.7271,4.1408],[-64.8013,4.1885],[-64.7916,4.2844],[-64.648,4.2079],[-64.6292,4.2882],[-64.6601,4.5419],[-64.7022,4.5877],[-64.942,4.6252],[-65.0851,4.7992],[-65.2884,5.2489],[-65.1357,5.3114],[-65.1753,5.4213],[-65.133,5.5131],[-65.253,5.6292],[-65.2659,5.7739],[-65.4711,5.7684],[-65.6089,5.7149],[-65.6383,5.8543],[-65.5803,6.0806],[-65.6333,6.1474],[-65.8271,6.1102],[-65.9935,5.7963],[-66.2205,5.7316],[-66.3455,5.9222],[-66.5353,5.7531],[-66.6949,5.6991],[-66.8176,5.6943],[-66.9773,5.6223],[-67.0925,5.7193],[-67.1996,5.7136],[-67.1446,5.9743],[-67.1895,6.1109],[-67.3962,6.1248],[-67.4563,6.1932]]]},"properties":{"iso":"VEN","name":"Amazonas","country":"Venezuela","code":"VE-Z"}},
{"type":"Feature","geometry":{"type":"Polygon","coordinates":[[[-65.2349,-21.5354],[-65.1743,-20.9682],[-65.0659,-20.9635],[-64.8296,-21.0975],[-64.7174,-20.9359],[-64.6494,-20.9421],[-64.546,-21.0765],[-64.3406,-21.1381],[-64.2256,-21.1409],[-64.1858,-20.9236],[-64.0743,-20.9143],[-63.9833,-20.9935],[-63.8692,-20.9993],[-62.2719,-21.0004],[-62.2773,-20.5798],[-62.2106,-20.4713],[-63.2859,-20.4751],[-63.3685,-20.3574],[-63.4974,-20.4575],[-63.6519,-20.4501],[-63.7253,-19.963],[-63.7677,-19.2713],[-63.7413,-19.0444],[-63.8609,-19.0262],[-63.9398,-19.1693],[-64.0163,-19.1606],[-64.0647,-18.9998],[-64.1991,-18.9288],[-64.289,-18.8142],[-64.3402,-18.6569],[-64.414,-18.6097],[-64.5838,-18.6612],[-64.7032,-18.5281],[-64.8387,-18.4869],[-64.9646,-18.5313],[-65.0939,-18.6507],[-65.2445,-18.6014],[-65.3439,-18.4226],[-65.6944,-18.3642],[-65.6286,-18.4583],[-65.6078,-18.6741],[-65.4574,-18.683],[-65.5025,-18.8047],[-65.47,-18.905],[-65.5405,-19.0187],[-65.3728,-19.2542],[-65.155,-19.3714],[-64.9637,-19.3504],[-64.8687,-19.4541],[-64.8607,-19.5667],[-64.7469,-19.7324],[-64.8677,-19.8684],[-65.0564,-19.9687],[-65.2513,-20.0001],[-65.3166,-20.0484],[-65.3661,-20.269],[-65.296,-20.5338],[-65.4227,-20.8368],[-65.472,-21.1013],[-65.4585,-21.3351],[-65.2349,-21.5354]]]},"properties":{"iso":"BOL","name":"Chuquisaca","country":"Bolívia","code":"BO-H"}},
{"type":"Feature","geometry":{"type":"Polygon","coordinates":[[[-70.6387,-9.9559],[-70.629,-9.8116],[-70.5434,-9.7269],[-70.6808,-9.5277],[-70.8755,-9.6605],[-71.0154,-9.8175],[-71.1611,-9.8756],[-71.1965,-9.9399],[-71.3914,-10.0068],[-72.1957,-10.0056],[-72.1604,-9.8877],[-72.2652,-9.7622],[-72.2617,-9.6674],[-72.3445,-9.5329],[-72.4302,-9.4822],[-72.8133,-9.4109],[-73.215,-9.409],[-72.9594,-9.0856],[-72.9761,-8.9854],[-73.0686,-8.8937],[-73.1746,-8.7207],[-73.3506,-8.5983],[-73.3564,-8.4798],[-73.5265,-8.3724],[-73.668,-8.0138],[-73.7788,-7.9541],[-73.7122,-7.7882],[-73.8388,-7.7206],[-73.9845,-7.5294],[-74.2306,-7.4171],[-74.4233,-7.3846],[-74.5191,-7.3263],[-74.6077,-7.3815],[-74.5624,-7.5732],[-74.5527,-7.8511],[-74.6913,-7.9639],[-74.9185,-8.0021],[-75.1843,-8.1162],[-75.3618,-8.1165],[-75.5094,-8.2919],[-75.4233,-8.4296],[-75.4876,-8.4655],[-75.5877,-8.3873],[-75.8732,-8.5984],[-75.9741,-8.6452],[-75.8997,-8.8141],[-75.8847,-8.9889],[-75.7989,-9.092],[-75.7754,-9.2453],[-75.6487,-9.4054],[-75.5567,-9.3838],[-75.4361,-9.2845],[-75.2959,-9.2305],[-75.0391,-8.8379],[-74.8023,-8.6587],[-74.6786,-8.619],[-74.5643,-8.6323],[-74.5183,-8.7582],[-74.6165,-8.8341],[-74.6791,-9.069],[-74.7016,-9.415],[-74.5383,-9.6498],[-74.4405,-9.8472],[-74.4378,-9.9543],[-74.36,-10.1383],[-74.3693,-10.3152],[-74.28,-10.5127],[-74.1739,-10.6034],[-74.2918,-10.6611],[-74.5085,-10.8482],[-74.4745,-10.9914],[-74.3849,-11.0503],[-73.8864,-10.9401],[-73.7593,-10.7572],[-73.634,-10.7944],[-73.4961,-10.998],[-73.5161,-11.1735],[-73.4352,-11.3241],[-73.1335,-11.295],[-72.9754,-11.2158],[-72.9351,-11.3089],[-72.8225,-11.3704],[-72.7098,-11.3556],[-72.5431,-11.4244],[-72.4092,-11.3317],[-72.2868,-11.295],[-72.1805,-11.3132],[-72.0865,-11.0845],[-72.1172,-10.9333],[-71.9679,-10.9896],[-71.7953,-10.976],[-71.3513,-10.7491],[-71.2064,-10.6915],[-70.9942,-10.5334],[-70.8674,-10.3736],[-70.8182,-10.1016],[-70.6387,-9.9559]]]},"properties":{"iso":"PER","name":"Ucayali","country":"Peru","code":"PE-UCA"}},
{"type":"Feature","geometry":{"type":"Polygon","coordinates":[[[-66.9278,-12.3822],[-66.8774,-12.065],[-66.9176,-11.8418],[-66.7209,-11.5835],[-66.6561,-11.4402],[-66.497,-11.4423],[-66.3169,-11.3859],[-66.2115,-11.1746],[-66.2178,-11.0977],[-66.0781,-10.9511],[-66.0117,-10.7894],[-65.895,-10.8117],[-65.8562,-10.723],[-65.6739,-10.5716],[-65.3946,-10.3921],[-65.2881,-10.2162],[-65.3333,-9.9268],[-65.3044,-9.8257],[-65.3705,-9.7106],[-65.4518,-9.6814],[-65.584,-9.8372],[-65.7886,-9.733],[-65.8744,-9.7813],[-66.1907,-9.8008],[-66.4529,-9.8887],[-66.6319,-9.9043],[-66.9027,-10.0931],[-67.0643,-10.2569],[-67.2018,-10.3268],[-67.3378,-10.3261],[-67.4882,-10.4648],[-67.5846,-10.5018],[-67.7558,-10.7142],[-67.8626,-10.6588],[-68.0979,-10.6977],[-68.2933,-10.979],[-68.6157,-11.1125],[-68.787,-11.126],[-68.884,-11.0164],[-69.0713,-10.97],[-69.3959,-10.935],[-69.5776,-10.9523],[-69.1316,-11.726],[-68.6895,-12.4934],[-68.5935,-12.4209],[-68.4584,-12.387],[-68.3902,-12.2425],[-68.2462,-12.1537],[-68.1845,-12.0056],[-68.0128,-11.97],[-67.9555,-11.9093],[-66.9278,-12.3822]]]},"properties":{"iso":"BOL","name":"Pando","country":"Bolívia","code":"BO-N"}},
{"type":"Feature","geometry":{"type":"Polygon","coordinates":[[[-66.7844,-15.6993],[-66.5035,-15.9719],[-66.4608,-16.0742],[-66.2392,-16.3169],[-65.9916,-16.445],[-65.8044,-16.4657],[-65.4556,-16.3689],[-65.3309,-16.2791],[-65.2732,-16.0719],[-65.1639,-15.9071],[-64.6575,-15.8505],[-63.3409,-15.9176],[-63.4298,-15.8435],[-63.4987,-15.6921],[-63.6238,-15.6274],[-63.8632,-15.2981],[-63.9498,-15.0856],[-63.9402,-14.8323],[-63.963,-14.7374],[-63.5704,-14.6185],[-63.0129,-14.3055],[-62.1287,-13.8089],[-61.5931,-13.5068],[-61.848,-13.5308],[-61.8686,-13.4639],[-62.0033,-13.3605],[-62.1125,-13.2318],[-62.1147,-13.1502],[-62.2216,-13.1213],[-62.3818,-13.1399],[-62.4927,-13.065],[-62.6417,-13.03],[-62.6866,-12.965],[-62.8074,-12.9889],[-62.9753,-12.8529],[-63.075,-12.6527],[-63.2473,-12.7013],[-63.3933,-12.6645],[-63.4961,-12.5533],[-63.6577,-12.4754],[-63.8014,-12.4549],[-63.9212,-12.5443],[-64.1448,-12.5204],[-64.2152,-12.4738],[-64.3957,-12.4573],[-64.4898,-12.3736],[-64.4691,-12.2611],[-64.7163,-12.1465],[-64.7925,-12.0325],[-64.9974,-11.9963],[-65.0656,-11.7531],[-65.1962,-11.7418],[-65.1954,-11.5922],[-65.353,-11.3906],[-65.36,-11.2188],[-65.303,-10.9907],[-65.319,-10.8654],[-65.4047,-10.7992],[-65.3811,-10.6981],[-65.4357,-10.6258],[-65.45,-10.4681],[-65.3946,-10.3921],[-65.6739,-10.5716],[-65.8562,-10.723],[-65.895,-10.8117],[-66.0117,-10.7894],[-66.0781,-10.9511],[-66.2178,-11.0977],[-66.2115,-11.1746],[-66.3169,-11.3859],[-66.497,-11.4423],[-66.6561,-11.4402],[-66.7209,-11.5835],[-66.9176,-11.8418],[-66.8774,-12.065],[-66.9278,-12.3822],[-66.9486,-12.6708],[-67.0523,-13.0159],[-67.3367,-13.3045],[-67.3956,-13.4025],[-67.3696,-13.5909],[-67.4717,-13.7105],[-67.536,-13.9984],[-67.5079,-14.2747],[-67.5607,-14.3691],[-67.4879,-14.5116],[-67.536,-14.5986],[-67.4363,-14.7381],[-67.4176,-14.9685],[-67.2927,-15.0154],[-67.1155,-15.2898],[-67.1186,-15.3785],[-66.7844,-15.6993]]]},"properties":{"iso":"BOL","name":"El Beni","country":"Bolívia","code":"BO-B"}},
{"type":"Feature","geometry":{"type":"Polygon","coordinates":[[[-68.9739,-13.0318],[-69.6052,-13.3427],[-69.6484,-13.3415],[-70.3213,-13.0145],[-70.3558,-13.0246],[-70.3772,-13.2813],[-70.5704,-13.5394],[-70.6644,-13.7602],[-70.8175,-13.8263],[-70.8499,-14.0118],[-70.809,-14.0947],[-70.8894,-14.4102],[-70.9789,-14.4434],[-70.9952,-14.5807],[-71.1231,-14.6825],[-70.9999,-14.768],[-70.9845,-14.9356],[-71.0118,-15.0995],[-70.9764,-15.2097],[-71.0294,-15.3341],[-71.0101,-15.5677],[-70.9054,-15.68],[-70.9373,-15.7863],[-70.8423,-15.9077],[-70.85,-15.9882],[-70.6868,-16.0571],[-70.5676,-16.011],[-70.4307,-16.0499],[-70.331,-16.2499],[-70.3508,-16.3348],[-70.2916,-16.4786],[-70.0281,-16.707],[-70.1685,-16.7894],[-70.178,-16.8701],[-70.0392,-17.1079],[-69.9121,-17.2101],[-69.741,-17.2911],[-69.6644,-17.2886],[-69.6228,-17.1856],[-69.4274,-17.0869],[-69.4072,-17.0157],[-69.2245,-16.8182],[-69.1917,-16.743],[-69.0371,-16.6702],[-69.0389,-16.4919],[-69.0017,-16.4228],[-68.8558,-16.3632],[-68.8436,-16.302],[-68.982,-16.21],[-69.1447,-16.2235],[-69.2196,-16.1528],[-69.4243,-15.6563],[-69.4212,-15.5964],[-69.2929,-15.4099],[-69.2912,-15.3508],[-69.1481,-15.2333],[-69.3907,-14.9644],[-69.3614,-14.788],[-69.2676,-14.7507],[-69.2475,-14.5937],[-68.9903,-14.379],[-69.0101,-14.2459],[-68.8837,-14.2115],[-68.9162,-14.0249],[-68.983,-13.9722],[-69.016,-13.7531],[-69.081,-13.6954],[-68.9857,-13.5502],[-68.9628,-13.2836],[-68.9739,-13.0318]]]},"properties":{"iso":"PER","name":"Puno","country":"Peru","code":"PE-PUN"}},
{"type":"Feature","geometry":{"type":"Polygon","coordinates":[[[-68.5542,-25.2912],[-68.606,-25.437],[-68.5594,-25.663],[-68.4985,-25.7549],[-68.4171,-26.0936],[-68.4199,-26.1793],[-68.5752,-26.3035],[-68.5702,-26.5506],[-68.3201,-26.8701],[-68.3305,-27.045],[-68.518,-27.0769],[-68.5859,-27.1628],[-68.8011,-27.1128],[-68.8797,-27.2215],[-68.9314,-27.3952],[-69.1341,-27.7723],[-68.8496,-27.7934],[-68.6571,-27.7521],[-68.435,-27.7466],[-68.4473,-27.9794],[-68.2958,-28.0745],[-68.0844,-28.1552],[-67.9319,-28.1241],[-67.9121,-28.2534],[-67.8241,-28.3824],[-67.7042,-28.3393],[-67.2601,-28.3583],[-67.0986,-28.3415],[-66.9762,-28.2674],[-66.5844,-28.4042],[-66.496,-28.4991],[-66.4739,-28.6141],[-66.3376,-28.7357],[-66.3344,-28.8745],[-66.1218,-28.9706],[-65.7924,-29.2501],[-65.7295,-29.5022],[-65.5688,-29.8428],[-65.4019,-30.1402],[-65.1382,-30.0631],[-64.9434,-29.8783],[-64.9616,-29.6105],[-64.8825,-29.5571],[-65.0354,-29.2927],[-65.0793,-29.0001],[-65.1022,-28.6949],[-65.18,-28.6451],[-65.0783,-28.4815],[-65.0791,-28.2746],[-65.1691,-27.9097],[-65.3334,-27.8636],[-65.4327,-27.9094],[-65.5707,-28.0502],[-65.6551,-27.9577],[-65.7132,-27.8096],[-65.8211,-27.8057],[-65.9293,-27.6543],[-65.9868,-27.43],[-66.1911,-27.309],[-65.8723,-26.9164],[-65.8535,-26.7232],[-66.1555,-26.4972],[-66.0538,-26.2535],[-66.2248,-26.171],[-66.4198,-26.3767],[-66.5333,-26.26],[-66.6194,-26.0969],[-66.7817,-25.8949],[-66.8068,-25.725],[-66.7354,-25.674],[-66.5125,-25.6309],[-66.4692,-25.4798],[-66.5516,-25.279],[-66.601,-25.2691],[-67.8069,-25.2832],[-68.4965,-25.16],[-68.5542,-25.2912]]]},"properties":{"iso":"ARG","name":"Catamarca","country":"Argentina","code":"AR-K"}},
{"type":"Feature","geometry":{"type":"Polygon","coordinates":[[[-70.6346,-26.0286],[-70.6719,-26.1608],[-70.6424,-26.3153],[-70.7067,-26.4929],[-70.7325,-26.7493],[-70.8227,-26.887],[-70.7886,-26.9963],[-70.8708,-27.1179],[-70.96,-27.1614],[-70.9458,-27.3718],[-70.8917,-27.4931],[-70.9124,-27.6218],[-71.0387,-27.6664],[-71.1381,-27.946],[-71.1739,-28.3606],[-71.3126,-28.5834],[-71.3019,-28.6749],[-71.3913,-28.7995],[-71.4878,-28.8451],[-71.522,-28.9401],[-71.4871,-29.2113],[-71.3924,-29.1845],[-71.2642,-29.2302],[-71.1993,-29.3355],[-71.0221,-29.3614],[-70.9747,-29.2066],[-70.7938,-29.1619],[-70.6728,-29.071],[-70.5738,-29.1171],[-70.4703,-29.4749],[-70.2743,-29.691],[-70.0892,-29.747],[-69.9294,-29.7179],[-70.0426,-29.3631],[-70.0311,-29.2772],[-69.9109,-29.1432],[-69.8039,-29.0987],[-69.8066,-28.9599],[-69.7358,-28.8124],[-69.7409,-28.6406],[-69.6748,-28.5631],[-69.654,-28.401],[-69.4203,-28.2126],[-69.3032,-27.9995],[-69.173,-27.9241],[-69.1341,-27.7723],[-68.9314,-27.3952],[-68.8797,-27.2215],[-68.8011,-27.1128],[-68.5859,-27.1628],[-68.518,-27.0769],[-68.3305,-27.045],[-68.3201,-26.8701],[-68.5702,-26.5506],[-68.5752,-26.3035],[-68.4199,-26.1793],[-68.4171,-26.0936],[-68.4985,-25.7549],[-68.5594,-25.663],[-68.606,-25.437],[-68.5542,-25.2912],[-68.7167,-25.3794],[-69.0002,-25.3827],[-68.9998,-25.4955],[-69.0795,-25.6495],[-69.441,-25.6799],[-69.7114,-25.6608],[-69.8832,-25.7467],[-70.1473,-25.7371],[-70.2714,-25.8262],[-70.3987,-25.8231],[-70.5514,-25.9217],[-70.6346,-26.0286]]]},"properties":{"iso":"CHL","name":"Atacama","country":"Chile","code":"CL-AT"}},
{"type":"Feature","geometry":{"type":"Polygon","coordinates":[[[-69.1341,-27.7723],[-69.173,-27.9241],[-69.3032,-27.9995],[-69.4203,-28.2126],[-69.654,-28.401],[-69.473,-28.4264],[-69.1902,-28.594],[-69.103,-28.7777],[-68.9211,-28.9895],[-68.9988,-29.1179],[-68.943,-29.3053],[-69.022,-29.6117],[-68.8066,-29.6303],[-68.7006,-29.6021],[-68.328,-29.6925],[-68.0986,-29.8685],[-67.9279,-30.0382],[-67.6345,-30.2479],[-67.5662,-30.3797],[-67.1821,-30.7262],[-67.0807,-30.9055],[-67.1184,-31.0092],[-67.06,-31.0818],[-67.1039,-31.3543],[-67.0489,-31.5233],[-66.8665,-31.6277],[-66.8323,-31.7537],[-66.7305,-31.8766],[-66.6015,-31.9137],[-66.2172,-31.9254],[-66.0544,-31.8714],[-65.7596,-31.8855],[-65.7673,-31.0962],[-65.5211,-30.4052],[-65.4019,-30.1402],[-65.5688,-29.8428],[-65.7295,-29.5022],[-65.7924,-29.2501],[-66.1218,-28.9706],[-66.3344,-28.8745],[-66.3376,-28.7357],[-66.4739,-28.6141],[-66.496,-28.4991],[-66.5844,-28.4042],[-66.9762,-28.2674],[-67.0986,-28.3415],[-67.2601,-28.3583],[-67.7042,-28.3393],[-67.8241,-28.3824],[-67.9121,-28.2534],[-67.9319,-28.1241],[-68.0844,-28.1552],[-68.2958,-28.0745],[-68.4473,-27.9794],[-68.435,-27.7466],[-68.6571,-27.7521],[-68.8496,-27.7934],[-69.1341,-27.7723]]]},"properties":{"iso":"ARG","name":"La Rioja","country":"Argentina","code":"AR-F"}},
{"type":"Feature","geometry":{"type":"Polygon","coordinates":[[[-69.9294,-29.7179],[-69.9222,-29.9396],[-69.9756,-30.0586],[-69.8497,-30.1266],[-69.9028,-30.3127],[-70.2171,-30.5151],[-70.3195,-30.8008],[-70.3398,-31.0417],[-70.4798,-31.0967],[-70.569,-31.3042],[-70.5914,-31.5496],[-70.4283,-31.8701],[-70.3133,-31.8821],[-70.2417,-31.9615],[-70.3846,-32.062],[-70.3308,-32.2096],[-70.2561,-32.3143],[-69.9812,-32.3054],[-69.6317,-32.2335],[-69.6126,-32.1234],[-69.4477,-32.0528],[-69.285,-32.0503],[-69.1451,-31.9619],[-69.025,-32.0773],[-68.9222,-32.0762],[-68.9022,-32.3257],[-68.6896,-32.3351],[-68.3937,-32.1501],[-68.2729,-32.1443],[-68.0207,-32.069],[-67.8318,-32.2392],[-67.7391,-32.2529],[-67.4672,-32.2179],[-67.393,-32.2622],[-67.3888,-31.8976],[-67.3444,-31.8468],[-67.1165,-31.8522],[-66.9851,-31.8885],[-66.7305,-31.8766],[-66.8323,-31.7537],[-66.8665,-31.6277],[-67.0489,-31.5233],[-67.1039,-31.3543],[-67.06,-31.0818],[-67.1184,-31.0092],[-67.0807,-30.9055],[-67.1821,-30.7262],[-67.5662,-30.3797],[-67.6345,-30.2479],[-67.9279,-30.0382],[-68.0986,-29.8685],[-68.328,-29.6925],[-68.7006,-29.6021],[-68.8066,-29.6303],[-69.022,-29.6117],[-68.943,-29.3053],[-68.9988,-29.1179],[-68.9211,-28.9895],[-69.103,-28.7777],[-69.1902,-28.594],[-69.473,-28.4264],[-69.654,-28.401],[-69.6748,-28.5631],[-69.7409,-28.6406],[-69.7358,-28.8124],[-69.8066,-28.9599],[-69.8039,-29.0987],[-69.9109,-29.1432],[-70.0311,-29.2772],[-70.0426,-29.3631],[-69.9294,-29.7179]]]},"properties":{"iso":"ARG","name":"San Juan","country":"Argentina","code":"AR-J"}},
{"type":"Feature","geometry":{"type":"Polygon","coordinates":[[[-71.4871,-29.2113],[-71.3761,-29.2824],[-71.3072,-29.4212],[-71.336,-29.525],[-71.3241,-29.7873],[-71.2866,-29.9103],[-71.4125,-29.9918],[-71.3826,-30.1477],[-71.5176,-30.2786],[-71.6392,-30.2522],[-71.6768,-30.3425],[-71.7134,-30.6149],[-71.7073,-30.7795],[-71.6549,-30.976],[-71.6678,-31.1505],[-71.515,-31.7755],[-71.5077,-31.9775],[-71.5438,-32.193],[-71.4243,-32.0382],[-71.339,-32.0792],[-71.1385,-31.9891],[-70.9599,-31.9739],[-70.7212,-32.0305],[-70.3308,-32.2096],[-70.3846,-32.062],[-70.2417,-31.9615],[-70.3133,-31.8821],[-70.4283,-31.8701],[-70.5914,-31.5496],[-70.569,-31.3042],[-70.4798,-31.0967],[-70.3398,-31.0417],[-70.3195,-30.8008],[-70.2171,-30.5151],[-69.9028,-30.3127],[-69.8497,-30.1266],[-69.9756,-30.0586],[-69.9222,-29.9396],[-69.9294,-29.7179],[-70.0892,-29.747],[-70.2743,-29.691],[-70.4703,-29.4749],[-70.5738,-29.1171],[-70.6728,-29.071],[-70.7938,-29.1619],[-70.9747,-29.2066],[-71.0221,-29.3614],[-71.1993,-29.3355],[-71.2642,-29.2302],[-71.3924,-29.1845],[-71.4871,-29.2113]]]},"properties":{"iso":"CHL","name":"Coquimbo","country":"Chile","code":"CL-CO"}},
{"type":"Feature","geometry":{"type":"Polygon","coordinates":[[[-70.2561,-32.3143],[-70.1725,-32.4649],[-70.1804,-32.6302],[-70.14,-32.7683],[-70.0002,-32.8766],[-70.1061,-33.0526],[-70.1008,-33.1869],[-70.01,-33.2991],[-69.9053,-33.2382],[-69.7877,-33.3794],[-69.8954,-33.6623],[-69.9096,-33.9557],[-69.8558,-33.9847],[-69.8732,-34.14],[-69.8328,-34.2432],[-70.0482,-34.2835],[-70.0587,-34.3958],[-70.2278,-34.5853],[-70.2767,-34.7982],[-70.3724,-35.0274],[-70.3866,-35.1667],[-70.5429,-35.2093],[-70.4082,-35.5062],[-70.4215,-35.6597],[-70.3573,-35.8152],[-70.4202,-35.8684],[-70.3803,-36.046],[-70.4307,-36.1294],[-70.3569,-36.2111],[-70.378,-36.3253],[-70.2709,-36.3645],[-70.1754,-36.5681],[-70.0677,-36.6118],[-69.9221,-36.779],[-69.7901,-36.8632],[-69.8099,-37.0113],[-69.6235,-37.1526],[-69.4787,-37.1764],[-69.2604,-37.1526],[-69.0884,-37.2072],[-68.9851,-37.3638],[-68.7567,-37.3717],[-68.526,-37.4412],[-68.4275,-37.5378],[-68.2494,-37.557],[-68.2488,-36.8335],[-68.2568,-36.2768],[-68.2932,-36.1283],[-68.2463,-35.9993],[-67.135,-35.9993],[-66.6172,-35.9999],[-66.6288,-35.9491],[-66.5256,-35.5146],[-66.5066,-35.1415],[-66.572,-34.8529],[-66.738,-34.6154],[-66.8126,-34.3846],[-66.8214,-34.2293],[-66.7471,-34.0642],[-66.832,-33.9139],[-66.9296,-33.8379],[-67.0197,-33.6165],[-67.1426,-33.452],[-67.2269,-32.9161],[-67.1921,-32.7611],[-67.2584,-32.6536],[-67.393,-32.2622],[-67.4672,-32.2179],[-67.7391,-32.2529],[-67.8318,-32.2392],[-68.0207,-32.069],[-68.2729,-32.1443],[-68.3937,-32.1501],[-68.6896,-32.3351],[-68.9022,-32.3257],[-68.9222,-32.0762],[-69.025,-32.0773],[-69.1451,-31.9619],[-69.285,-32.0503],[-69.4477,-32.0528],[-69.6126,-32.1234],[-69.6317,-32.2335],[-69.9812,-32.3054],[-70.2561,-32.3143]]]},"properties":{"iso":"ARG","name":"Mendoza","country":"Argentina","code":"AR-M"}},
{"type":"Feature","geometry":{"type":"Polygon","coordinates":[[[-70.1061,-33.0526],[-70.302,-33.1714],[-70.6162,-32.9736],[-70.9183,-32.9849],[-71.0656,-33.0579],[-71.4443,-33.3369],[-71.4512,-33.4333],[-71.3667,-33.5127],[-71.4007,-33.7971],[-71.5198,-33.8364],[-71.7179,-33.9712],[-71.1824,-34.1648],[-70.9876,-34.1733],[-70.815,-34.0274],[-70.8116,-33.9576],[-70.456,-33.8988],[-70.3299,-34.0442],[-70.2045,-34.0715],[-70.0482,-34.2835],[-69.8328,-34.2432],[-69.8732,-34.14],[-69.8558,-33.9847],[-69.9096,-33.9557],[-69.8954,-33.6623],[-69.7877,-33.3794],[-69.9053,-33.2382],[-70.01,-33.2991],[-70.1008,-33.1869],[-70.1061,-33.0526]]]},"properties":{"iso":"CHL","name":"Región Metropolitana de Santiago","country":"Chile","code":"CL-RM"}},
{"type":"Feature","geometry":{"type":"Polygon","coordinates":[[[-70.3308,-32.2096],[-70.7212,-32.0305],[-70.9599,-31.9739],[-71.1385,-31.9891],[-71.339,-32.0792],[-71.4243,-32.0382],[-71.5438,-32.193],[-71.4125,-32.3696],[-71.4767,-32.5353],[-71.4459,-32.6428],[-71.5682,-33.0019],[-71.6457,-33.019],[-71.7203,-33.1676],[-71.6408,-33.5006],[-71.6877,-33.7209],[-71.8081,-33.777],[-71.8713,-33.9328],[-71.7179,-33.9712],[-71.5198,-33.8364],[-71.4007,-33.7971],[-71.3667,-33.5127],[-71.4512,-33.4333],[-71.4443,-33.3369],[-71.0656,-33.0579],[-70.9183,-32.9849],[-70.6162,-32.9736],[-70.302,-33.1714],[-70.1061,-33.0526],[-70.0002,-32.8766],[-70.14,-32.7683],[-70.1804,-32.6302],[-70.1725,-32.4649],[-70.2561,-32.3143],[-70.3308,-32.2096]]]},"properties":{"iso":"CHL","name":"Valparaíso","country":"Chile","code":"CL-VS"}},
{"type":"Feature","geometry":{"type":"Polygon","coordinates":[[[-70.3724,-35.0274],[-70.6805,-35.0005],[-70.8088,-34.9153],[-70.957,-34.9154],[-71.1886,-34.8199],[-71.3257,-34.8452],[-71.4443,-34.9301],[-71.7368,-34.951],[-72.103,-34.7609],[-72.1878,-34.8855],[-72.2306,-35.1161],[-72.364,-35.2078],[-72.4813,-35.3632],[-72.5297,-35.4904],[-72.6466,-35.5666],[-72.598,-35.8102],[-72.7801,-35.9526],[-72.7991,-36.0531],[-72.6982,-36.0127],[-72.4961,-36.0599],[-72.383,-36.1874],[-72.1904,-36.1956],[-72.0506,-36.124],[-71.8627,-36.2257],[-71.4147,-36.4261],[-71.0692,-36.4191],[-71.0278,-36.4812],[-70.8904,-36.4004],[-70.7186,-36.4146],[-70.7031,-36.2601],[-70.5885,-36.1502],[-70.4307,-36.1294],[-70.3803,-36.046],[-70.4202,-35.8684],[-70.3573,-35.8152],[-70.4215,-35.6597],[-70.4082,-35.5062],[-70.5429,-35.2093],[-70.3866,-35.1667],[-70.3724,-35.0274]]]},"properties":{"iso":"CHL","name":"Maule","country":"Chile","code":"CL-ML"}},
{"type":"Feature","geometry":{"type":"Polygon","coordinates":[[[-70.0482,-34.2835],[-70.2045,-34.0715],[-70.3299,-34.0442],[-70.456,-33.8988],[-70.8116,-33.9576],[-70.815,-34.0274],[-70.9876,-34.1733],[-71.1824,-34.1648],[-71.7179,-33.9712],[-71.8713,-33.9328],[-72.0268,-34.1627],[-71.9952,-34.37],[-72.0481,-34.4039],[-72.0572,-34.6588],[-72.103,-34.7609],[-71.7368,-34.951],[-71.4443,-34.9301],[-71.3257,-34.8452],[-71.1886,-34.8199],[-70.957,-34.9154],[-70.8088,-34.9153],[-70.6805,-35.0005],[-70.3724,-35.0274],[-70.2767,-34.7982],[-70.2278,-34.5853],[-70.0587,-34.3958],[-70.0482,-34.2835]]]},"properties":{"iso":"CHL","name":"Libertador General Bernardo O'Higgins","country":"Chile","code":"CL-LI"}},
{"type":"Feature","geometry":{"type":"Polygon","coordinates":[[[-70.4307,-36.1294],[-70.5885,-36.1502],[-70.7031,-36.2601],[-70.7186,-36.4146],[-70.8904,-36.4004],[-71.0278,-36.4812],[-71.0553,-36.6713],[-71.1453,-36.6882],[-71.1952,-36.8391],[-71.1396,-37.0617],[-71.0891,-37.1034],[-71.2056,-37.2927],[-71.1231,-37.4432],[-71.185,-37.7061],[-71.01,-38.0655],[-71.0161,-38.1437],[-70.9738,-38.4247],[-70.8487,-38.5276],[-70.8738,-38.6914],[-71.228,-38.8088],[-71.4158,-38.9353],[-71.402,-39.236],[-71.4617,-39.4338],[-71.6411,-39.6],[-71.7144,-39.7263],[-71.6248,-39.931],[-71.6837,-40.099],[-71.8007,-40.0797],[-71.8238,-40.2101],[-71.6785,-40.3402],[-71.8042,-40.4264],[-71.8606,-40.5594],[-71.9556,-40.7204],[-71.8514,-40.9383],[-71.8674,-41.0102],[-71.5537,-41.032],[-71.3593,-41.0897],[-71.148,-41.0512],[-71.0311,-40.9288],[-71.1302,-40.7795],[-70.9715,-40.6404],[-70.7177,-40.5973],[-70.5761,-40.5235],[-70.4448,-40.5669],[-70.2142,-40.5382],[-70.0846,-40.4206],[-69.9665,-39.9731],[-69.6804,-39.8231],[-69.5402,-39.8259],[-69.364,-39.7172],[-69.2652,-39.5984],[-68.9622,-39.4887],[-68.809,-39.3077],[-68.5745,-39.1076],[-68.3209,-38.9618],[-68.2584,-38.9963],[-68.0316,-38.9697],[-68.0495,-38.9037],[-68.2521,-38.6593],[-68.2494,-37.557],[-68.4275,-37.5378],[-68.526,-37.4412],[-68.7567,-37.3717],[-68.9851,-37.3638],[-69.0884,-37.2072],[-69.2604,-37.1526],[-69.4787,-37.1764],[-69.6235,-37.1526],[-69.8099,-37.0113],[-69.7901,-36.8632],[-69.9221,-36.779],[-70.0677,-36.6118],[-70.1754,-36.5681],[-70.2709,-36.3645],[-70.378,-36.3253],[-70.3569,-36.2111],[-70.4307,-36.1294]]]},"properties":{"iso":"ARG","name":"Neuquén","country":"Argentina","code":"AR-Q"}},
{"type":"Feature","geometry":{"type":"Polygon","coordinates":[[[-72.7991,-36.0531],[-72.8323,-36.308],[-72.8959,-36.4381],[-72.8177,-36.4587],[-72.7982,-36.606],[-72.6204,-36.6982],[-72.539,-36.9278],[-72.3859,-36.9248],[-72.1919,-37.0332],[-72.2594,-37.098],[-72.204,-37.1983],[-71.8572,-37.1615],[-71.7296,-37.1177],[-71.5723,-37.1309],[-71.3971,-37.0389],[-71.2998,-37.0937],[-71.0891,-37.1034],[-71.1396,-37.0617],[-71.1952,-36.8391],[-71.1453,-36.6882],[-71.0553,-36.6713],[-71.0278,-36.4812],[-71.0692,-36.4191],[-71.4147,-36.4261],[-71.8627,-36.2257],[-72.0506,-36.124],[-72.1904,-36.1956],[-72.383,-36.1874],[-72.4961,-36.0599],[-72.6982,-36.0127],[-72.7991,-36.0531]]]},"properties":{"iso":"CHL","name":"Ñuble","country":"Chile","code":"CL-NB"}},
{"type":"Feature","geometry":{"type":"Polygon","coordinates":[[[-71.0161,-38.1437],[-71.2025,-38.0699],[-71.3897,-38.0892],[-71.4641,-38.1609],[-71.6933,-38.2172],[-71.7179,-38.0719],[-72.0892,-38.0165],[-72.3478,-37.8682],[-72.5056,-37.6795],[-72.8353,-37.6332],[-73.109,-37.7087],[-73.0592,-37.8113],[-73.1307,-37.8931],[-73.1654,-38.048],[-73.0914,-38.1378],[-73.3885,-38.4285],[-73.5251,-38.4757],[-73.3613,-38.9138],[-73.2834,-39.0753],[-73.2211,-39.3417],[-73.2467,-39.3859],[-73.0353,-39.3643],[-72.9426,-39.4075],[-72.9662,-39.5892],[-72.7887,-39.5848],[-72.5453,-39.6232],[-72.3738,-39.733],[-72.0673,-39.7451],[-71.9369,-39.69],[-71.7985,-39.4663],[-71.6809,-39.496],[-71.6411,-39.6],[-71.4617,-39.4338],[-71.402,-39.236],[-71.4158,-38.9353],[-71.228,-38.8088],[-70.8738,-38.6914],[-70.8487,-38.5276],[-70.9738,-38.4247],[-71.0161,-38.1437]]]},"properties":{"iso":"CHL","name":"La Araucanía","country":"Chile","code":"CL-AR"}},
{"type":"Feature","geometry":{"type":"Polygon","coordinates":[[[-71.0891,-37.1034],[-71.2998,-37.0937],[-71.3971,-37.0389],[-71.5723,-37.1309],[-71.7296,-37.1177],[-71.8572,-37.1615],[-72.204,-37.1983],[-72.2594,-37.098],[-72.1919,-37.0332],[-72.3859,-36.9248],[-72.539,-36.9278],[-72.6204,-36.6982],[-72.7982,-36.606],[-72.8177,-36.4587],[-72.8959,-36.4381],[-72.9881,-36.529],[-73.002,-36.7138],[-73.1597,-36.735],[-73.1733,-37.0763],[-73.2826,-37.214],[-73.4674,-37.2346],[-73.6076,-37.1554],[-73.6718,-37.3626],[-73.6041,-37.5124],[-73.6776,-37.5794],[-73.6681,-37.7194],[-73.5032,-37.9333],[-73.4628,-38.0917],[-73.5433,-38.4207],[-73.5251,-38.4757],[-73.3885,-38.4285],[-73.0914,-38.1378],[-73.1654,-38.048],[-73.1307,-37.8931],[-73.0592,-37.8113],[-73.109,-37.7087],[-72.8353,-37.6332],[-72.5056,-37.6795],[-72.3478,-37.8682],[-72.0892,-38.0165],[-71.7179,-38.0719],[-71.6933,-38.2172],[-71.4641,-38.1609],[-71.3897,-38.0892],[-71.2025,-38.0699],[-71.0161,-38.1437],[-71.01,-38.0655],[-71.185,-37.7061],[-71.1231,-37.4432],[-71.2056,-37.2927],[-71.0891,-37.1034]]]},"properties":{"iso":"CHL","name":"Bío-Bío","country":"Chile","code":"CL-BI"}},
{"type":"Feature","geometry":{"type":"Polygon","coordinates":[[[-71.6411,-39.6],[-71.6809,-39.496],[-71.7985,-39.4663],[-71.9369,-39.69],[-72.0673,-39.7451],[-72.3738,-39.733],[-72.5453,-39.6232],[-72.7887,-39.5848],[-72.9662,-39.5892],[-72.9426,-39.4075],[-73.0353,-39.3643],[-73.2467,-39.3859],[-73.2416,-39.4895],[-73.4061,-39.6949],[-73.4019,-39.8041],[-73.6832,-39.9425],[-73.66,-40.1096],[-73.7486,-40.273],[-73.4509,-40.296],[-73.1999,-40.353],[-72.9929,-40.353],[-72.8863,-40.5223],[-72.7206,-40.6183],[-72.5267,-40.6726],[-72.0114,-40.6513],[-71.8606,-40.5594],[-71.8042,-40.4264],[-71.6785,-40.3402],[-71.8238,-40.2101],[-71.8007,-40.0797],[-71.6837,-40.099],[-71.6248,-39.931],[-71.7144,-39.7263],[-71.6411,-39.6]]]},"properties":{"iso":"CHL","name":"Los Ríos","country":"Chile","code":"CL-LR"}},
{"type":"Feature","geometry":{"type":"Polygon","coordinates":[[[-71.7693,-41.9996],[-71.7363,-42.0839],[-71.948,-42.1673],[-72.0399,-42.1447],[-72.1247,-42.2633],[-72.0419,-42.491],[-72.1484,-42.5926],[-72.1127,-42.8638],[-72.1485,-42.9987],[-72.0098,-43.1204],[-71.743,-43.1901],[-71.7507,-43.2953],[-71.9017,-43.322],[-71.9373,-43.4569],[-71.8738,-43.5389],[-71.7238,-43.5948],[-71.7037,-43.6716],[-71.8192,-43.7581],[-71.6599,-43.9263],[-71.7453,-44.045],[-71.8587,-44.1078],[-71.8063,-44.2225],[-71.822,-44.4032],[-71.4378,-44.4015],[-71.2098,-44.4276],[-71.1227,-44.5303],[-71.336,-44.8016],[-71.4971,-44.7429],[-71.8545,-44.791],[-72.0478,-44.7548],[-72.0809,-44.8866],[-71.8894,-44.9472],[-71.7599,-44.9318],[-71.5887,-44.9781],[-71.3115,-45.2995],[-71.5083,-45.4084],[-71.5258,-45.519],[-71.7651,-45.5724],[-71.7985,-45.7399],[-71.6659,-45.884],[-71.6492,-45.9994],[-69.6333,-45.9996],[-68.3669,-45.9994],[-67.5817,-46],[-67.4559,-45.825],[-67.3606,-45.7767],[-67.3319,-45.6135],[-67.0648,-45.3499],[-66.8689,-45.2356],[-66.524,-45.2161],[-66.4677,-45.077],[-66.2004,-44.9929],[-65.8416,-45.0032],[-65.6906,-45.0627],[-65.6026,-45.0277],[-65.5729,-44.8958],[-65.7154,-44.87],[-65.6855,-44.7125],[-65.3257,-44.5083],[-65.2169,-44.3664],[-65.3087,-44.2001],[-65.2224,-44.0369],[-65.3182,-43.8322],[-65.3341,-43.6726],[-65.2754,-43.5873],[-65.0323,-43.3781],[-65.0323,-43.2994],[-64.7652,-43.1474],[-64.4476,-43.0686],[-64.3282,-43.0099],[-64.5131,-42.9363],[-64.9971,-42.7848],[-64.946,-42.6542],[-64.8231,-42.6271],[-64.6149,-42.5153],[-64.3226,-42.5424],[-64.2186,-42.6559],[-64.251,-42.7521],[-64.1079,-42.8837],[-63.7366,-42.8248],[-63.6203,-42.7512],[-63.5793,-42.5929],[-63.5905,-42.3412],[-63.7096,-42.1344],[-63.81,-42.0702],[-64.1622,-42.2094],[-64.0684,-42.2696],[-64.1276,-42.4327],[-64.5663,-42.436],[-64.5315,-42.2442],[-64.8573,-42.1936],[-65.0546,-42.0107],[-65.1272,-42.0002],[-66.0333,-41.9993],[-66.8838,-41.9992],[-68.0806,-41.9993],[-69.3997,-41.9996],[-71.2327,-41.999],[-71.7693,-41.9996]]]},"properties":{"iso":"ARG","name":"Chubut","country":"Argentina","code":"AR-U"}},
{"type":"Feature","geometry":{"type":"MultiPolygon","coordinates":[[[[-71.8606,-40.5594],[-72.0114,-40.6513],[-72.5267,-40.6726],[-72.7206,-40.6183],[-72.8863,-40.5223],[-72.9929,-40.353],[-73.1999,-40.353],[-73.4509,-40.296],[-73.7486,-40.273],[-73.7809,-40.4373],[-73.7285,-40.5442],[-73.8415,-40.6667],[-73.9469,-40.9728],[-73.9197,-41.1527],[-73.8412,-41.3328],[-73.7982,-41.5657],[-73.6941,-41.5924],[-73.66,-41.7575],[-73.515,-41.8036],[-73.2014,-41.7848],[-73.0592,-41.6974],[-73.1119,-41.5862],[-72.9573,-41.4836],[-72.7516,-41.5484],[-72.6451,-41.7228],[-72.8636,-41.9059],[-72.7373,-42.0139],[-72.488,-42.0647],[-72.4762,-42.3078],[-72.6199,-42.1847],[-72.8097,-42.2433],[-72.6798,-42.5042],[-72.8238,-42.5042],[-72.8649,-42.6209],[-72.8422,-42.8381],[-72.7471,-42.9098],[-72.7611,-43.009],[-72.9344,-43.0982],[-72.9122,-43.2354],[-73.0846,-43.3163],[-73.1113,-43.461],[-72.973,-43.6214],[-73.0423,-43.7296],[-72.9426,-43.6923],[-72.5153,-43.7727],[-72.3482,-43.733],[-72.1416,-43.9398],[-71.7964,-44],[-71.7453,-44.045],[-71.6599,-43.9263],[-71.8192,-43.7581],[-71.7037,-43.6716],[-71.7238,-43.5948],[-71.8738,-43.5389],[-71.9373,-43.4569],[-71.9017,-43.322],[-71.7507,-43.2953],[-71.743,-43.1901],[-72.0098,-43.1204],[-72.1485,-42.9987],[-72.1127,-42.8638],[-72.1484,-42.5926],[-72.0419,-42.491],[-72.1247,-42.2633],[-72.0399,-42.1447],[-71.948,-42.1673],[-71.7363,-42.0839],[-71.7693,-41.9996],[-71.794,-41.8675],[-71.926,-41.6229],[-71.8533,-41.5673],[-71.904,-41.3677],[-71.8674,-41.0102],[-71.8514,-40.9383],[-71.9556,-40.7204],[-71.8606,-40.5594]]],[[[-73.4123,-42.5256],[-73.5432,-42.3792],[-73.6252,-42.4435],[-73.4123,-42.5256]]],[[[-74.3346,-43.2817],[-74.2934,-43.32],[-73.877,-43.422],[-73.6817,-43.3811],[-73.7214,-43.1417],[-73.4901,-43.1],[-73.6497,-42.8832],[-73.5167,-42.7892],[-73.8092,-42.6087],[-73.7077,-42.5383],[-73.6815,-42.37],[-73.374,-42.2574],[-73.4891,-42.1456],[-73.4475,-42.0623],[-73.5333,-41.9661],[-73.537,-41.84],[-73.691,-41.809],[-73.866,-41.8923],[-73.9836,-41.8665],[-74.0553,-41.945],[-74.0533,-42.1303],[-74.1471,-42.2165],[-74.1896,-42.4319],[-74.1275,-42.6711],[-74.2295,-43.0229],[-74.3384,-43.1],[-74.3346,-43.2817]]]]},"properties":{"iso":"CHL","name":"Los Lagos","country":"Chile","code":"CL-LL"}},
{"type":"Feature","geometry":{"type":"Polygon","coordinates":[[[-71.8674,-41.0102],[-71.904,-41.3677],[-71.8533,-41.5673],[-71.926,-41.6229],[-71.794,-41.8675],[-71.7693,-41.9996],[-71.2327,-41.999],[-69.3997,-41.9996],[-68.0806,-41.9993],[-66.8838,-41.9992],[-66.0333,-41.9993],[-65.1272,-42.0002],[-65.0546,-42.0107],[-64.9999,-41.7934],[-65.0372,-41.6651],[-64.9933,-41.553],[-65.0612,-41.4484],[-65.1751,-41.0102],[-65.1219,-40.8337],[-64.9465,-40.7114],[-64.7962,-40.7233],[-64.773,-40.8061],[-64.4171,-40.9107],[-64.1743,-41.009],[-64.0621,-40.9994],[-63.7794,-41.1588],[-63.0995,-41.1549],[-62.8016,-41.0417],[-62.8615,-40.9384],[-63.1178,-40.7461],[-63.3874,-40.7091],[-63.3886,-39.3258],[-63.478,-39.3185],[-63.9945,-39.0098],[-64.4715,-38.8537],[-64.8209,-38.8104],[-65.1142,-38.8036],[-65.3674,-38.8384],[-65.5114,-38.7837],[-65.6488,-38.8099],[-65.9602,-38.7421],[-66.2152,-38.7166],[-66.3919,-38.7342],[-66.562,-38.7016],[-66.6479,-38.5574],[-67.0698,-38.409],[-67.1766,-38.2226],[-67.5541,-38.2617],[-67.7057,-38.1006],[-67.8449,-38.0569],[-67.8483,-37.9078],[-67.7105,-37.78],[-67.7486,-37.6691],[-67.8503,-37.6002],[-68.2494,-37.557],[-68.2521,-38.6593],[-68.0495,-38.9037],[-68.0316,-38.9697],[-68.2584,-38.9963],[-68.3209,-38.9618],[-68.5745,-39.1076],[-68.809,-39.3077],[-68.9622,-39.4887],[-69.2652,-39.5984],[-69.364,-39.7172],[-69.5402,-39.8259],[-69.6804,-39.8231],[-69.9665,-39.9731],[-70.0846,-40.4206],[-70.2142,-40.5382],[-70.4448,-40.5669],[-70.5761,-40.5235],[-70.7177,-40.5973],[-70.9715,-40.6404],[-71.1302,-40.7795],[-71.0311,-40.9288],[-71.148,-41.0512],[-71.3593,-41.0897],[-71.5537,-41.032],[-71.8674,-41.0102]]]},"properties":{"iso":"ARG","name":"Río Negro","country":"Argentina","code":"AR-R"}},
{"type":"Feature","geometry":{"type":"MultiPolygon","coordinates":[[[[-71.7453,-44.045],[-71.7964,-44],[-72.1416,-43.9398],[-72.3482,-43.733],[-72.5153,-43.7727],[-72.9426,-43.6923],[-73.0423,-43.7296],[-72.9794,-43.7612],[-73.1391,-43.9851],[-73.2777,-44.11],[-72.9266,-44.3206],[-72.9337,-44.3647],[-72.6868,-44.4885],[-72.7277,-44.7586],[-72.81,-44.7678],[-73.1171,-44.9483],[-73.3483,-44.9578],[-73.4061,-45.0261],[-73.3044,-45.1448],[-73.4607,-45.2663],[-73.3277,-45.3409],[-73.5173,-45.4604],[-73.5752,-45.7232],[-73.5548,-45.8776],[-73.6606,-45.9757],[-73.6481,-46.1948],[-73.5802,-46.3102],[-73.7423,-46.421],[-73.8316,-46.5779],[-73.9892,-46.5597],[-73.7942,-46.3616],[-73.7698,-46.2346],[-73.8818,-46.1418],[-74.1894,-45.7936],[-74.6909,-45.8416],[-74.7134,-45.9845],[-74.9581,-46.2153],[-75.0907,-46.2161],[-75.3905,-46.4273],[-75.5171,-46.5543],[-75.7047,-46.6393],[-75.707,-46.7866],[-75.5517,-46.9483],[-75.3526,-46.9006],[-75.4372,-46.6498],[-75.0834,-46.6409],[-75.0162,-46.7193],[-74.681,-46.8839],[-74.6509,-46.7883],[-74.2668,-46.7817],[-74.1186,-46.9881],[-73.9576,-47.0603],[-74.1391,-47.2223],[-74.3247,-47.2189],[-74.5289,-47.4223],[-74.4199,-47.5634],[-74.6121,-47.5685],[-74.7362,-47.7045],[-74.6284,-47.7678],[-74.0737,-47.773],[-73.9237,-47.8427],[-73.7097,-47.7761],[-73.5782,-47.7997],[-73.6553,-47.9323],[-73.5917,-48.1407],[-73.8911,-48.0222],[-74.4154,-47.9837],[-74.6254,-48.0042],[-74.4425,-48.1824],[-74.3179,-48.2121],[-74.2616,-48.3351],[-73.9955,-48.4142],[-74.0528,-48.5499],[-74.1971,-48.4733],[-74.3922,-48.5991],[-74.3062,-48.7277],[-74.1693,-48.7033],[-74.0667,-48.742],[-73.1704,-49.2509],[-73.1713,-49.1893],[-73.0097,-48.9904],[-72.7429,-48.9138],[-72.5923,-48.7911],[-72.5768,-48.4521],[-72.4331,-48.4004],[-72.3256,-48.2855],[-72.343,-48.0704],[-72.5439,-47.9148],[-72.3444,-47.6023],[-72.3287,-47.4265],[-72.1706,-47.4075],[-72.0098,-47.1982],[-71.8626,-47.1689],[-72,-47.0422],[-71.9341,-46.7995],[-71.6872,-46.6901],[-71.6849,-46.5192],[-71.7519,-46.393],[-71.7702,-46.1126],[-71.6492,-45.9994],[-71.6659,-45.884],[-71.7985,-45.7399],[-71.7651,-45.5724],[-71.5258,-45.519],[-71.5083,-45.4084],[-71.3115,-45.2995],[-71.5887,-44.9781],[-71.7599,-44.9318],[-71.8894,-44.9472],[-72.0809,-44.8866],[-72.0478,-44.7548],[-71.8545,-44.791],[-71.4971,-44.7429],[-71.336,-44.8016],[-71.1227,-44.5303],[-71.2098,-44.4276],[-71.4378,-44.4015],[-71.822,-44.4032],[-71.8063,-44.2225],[-71.8587,-44.1078],[-71.7453,-44.045]]],[[[-75.3284,-48.5522],[-75.3662,-48.4529],[-75.6064,-48.4392],[-75.6754,-48.5832],[-75.6261,-48.632],[-75.3399,-48.6148],[-75.3284,-48.5522]]],[[[-74.4991,-48.5832],[-74.5994,-48.5637],[-74.5869,-48.4034],[-74.6673,-48.2643],[-74.7987,-48.2664],[-74.82,-48.4035],[-75.0331,-48.5045],[-74.9471,-48.6196],[-74.7506,-48.6295],[-74.621,-48.6918],[-74.4991,-48.5832]]],[[[-75.1608,-48.2984],[-75.0311,-48.4438],[-74.8374,-48.3448],[-74.8278,-48.1455],[-75.0175,-48.083],[-75.2563,-48.0686],[-75.1608,-48.2984]]],[[[-75.1499,-48.6584],[-75.0714,-48.5963],[-75.0987,-48.4659],[-75.2039,-48.3355],[-75.3781,-48.0082],[-75.5853,-48.0857],[-75.5205,-48.2332],[-75.555,-48.3786],[-75.2706,-48.4181],[-75.3041,-48.5777],[-75.1499,-48.6584]]],[[[-75.2706,-48.0278],[-75.1024,-47.9902],[-74.7274,-48.1059],[-74.8728,-47.8155],[-74.9429,-47.8837],[-75.207,-47.9169],[-75.2706,-48.0278]]],[[[-74.4137,-47.9382],[-74.3185,-47.9812],[-73.9314,-47.8801],[-74.2452,-47.8064],[-74.3964,-47.8395],[-74.4137,-47.9382]]],[[[-75.1824,-47.8315],[-75.0237,-47.8033],[-75.0916,-47.6805],[-75.334,-47.759],[-75.1824,-47.8315]]],[[[-73.7251,-46.0505],[-73.9405,-46.0681],[-73.7454,-46.1872],[-73.7251,-46.0505]]],[[[-74.7529,-45.8075],[-74.8894,-45.8819],[-75.1129,-45.8857],[-75.0743,-46.0938],[-74.9197,-46.1042],[-74.7663,-45.9889],[-74.7529,-45.8075]]],[[[-73.7419,-45.7939],[-73.9405,-45.9099],[-73.8566,-45.9675],[-73.7419,-45.7939]]],[[[-74.0714,-45.6909],[-73.9206,-45.6977],[-73.9102,-45.591],[-74.1124,-45.5878],[-74.0714,-45.6909]]],[[[-74.5028,-45.7324],[-74.3416,-45.7331],[-74.208,-45.6355],[-74.2935,-45.4791],[-74.4213,-45.4543],[-74.5028,-45.7324]]],[[[-73.6662,-45.4369],[-73.7709,-45.512],[-73.8183,-45.6425],[-73.6804,-45.7529],[-73.586,-45.4802],[-73.6662,-45.4369]]],[[[-73.7319,-45.2148],[-73.7146,-45.1142],[-73.9147,-44.9953],[-74.2069,-45.0427],[-74.0074,-45.2321],[-73.7319,-45.2148]]],[[[-74.2701,-44.9441],[-74.0658,-44.9988],[-73.9696,-44.904],[-74.1883,-44.8691],[-74.2701,-44.9441]]],[[[-73.9268,-44.6288],[-74.0256,-44.6031],[-74.4005,-44.6261],[-74.407,-44.6943],[-74.2797,-44.8038],[-74.0118,-44.7165],[-73.9268,-44.6288]]],[[[-74.393,-44.547],[-74.2231,-44.4674],[-74.3064,-44.3937],[-74.5477,-44.4767],[-74.393,-44.547]]],[[[-73.3825,-44.5878],[-73.4681,-44.6425],[-73.4076,-44.8224],[-73.257,-44.94],[-73.1475,-44.9119],[-72.8376,-44.7101],[-72.7212,-44.528],[-72.9058,-44.4527],[-73.002,-44.3613],[-73.2612,-44.4772],[-73.3825,-44.5878]]],[[[-74.1439,-43.8276],[-73.9957,-43.9367],[-73.7623,-43.8889],[-73.8654,-43.7893],[-74.1439,-43.8276]]]]},"properties":{"iso":"CHL","name":"Aisén del General Carlos Ibáñez del Campo","country":"Chile","code":"CL-AI"}},
{"type":"Feature","geometry":{"type":"Polygon","coordinates":[[[-71.6492,-45.9994],[-71.7702,-46.1126],[-71.7519,-46.393],[-71.6849,-46.5192],[-71.6872,-46.6901],[-71.9341,-46.7995],[-72,-47.0422],[-71.8626,-47.1689],[-72.0098,-47.1982],[-72.1706,-47.4075],[-72.3287,-47.4265],[-72.3444,-47.6023],[-72.5439,-47.9148],[-72.343,-48.0704],[-72.3256,-48.2855],[-72.4331,-48.4004],[-72.5768,-48.4521],[-72.5923,-48.7911],[-72.7429,-48.9138],[-73.0097,-48.9904],[-73.1713,-49.1893],[-73.1704,-49.2509],[-73.0982,-49.2728],[-73.1187,-49.3924],[-73.0597,-49.555],[-73.1967,-49.6824],[-73.4651,-49.76],[-73.5727,-49.9324],[-73.4808,-50.0227],[-73.5306,-50.1408],[-73.3229,-50.2684],[-73.2619,-50.5566],[-73.1777,-50.7495],[-73.0961,-50.7706],[-72.7784,-50.6196],[-72.6181,-50.6668],[-72.506,-50.6013],[-72.3028,-50.6489],[-72.3381,-50.7606],[-72.2635,-50.8363],[-72.2934,-51.0292],[-72.3822,-51.1606],[-72.3134,-51.298],[-72.3515,-51.5835],[-72.2811,-51.7015],[-72.0726,-51.7786],[-71.9585,-51.868],[-71.9177,-51.9901],[-69.9528,-52.0074],[-69.4853,-52.1325],[-69.2123,-52.138],[-68.8205,-52.2432],[-68.4545,-52.2999],[-68.4486,-52.3466],[-68.3656,-52.3062],[-68.6851,-52.005],[-68.9359,-51.6455],[-69.1196,-51.6047],[-68.9637,-51.5007],[-69.0627,-51.3215],[-69.1678,-50.9782],[-69.15,-50.7421],[-69.0765,-50.5602],[-68.8764,-50.3306],[-68.4381,-50.2008],[-68.3283,-50.1202],[-68.0763,-50.0873],[-67.8332,-49.9545],[-67.732,-49.7813],[-67.6533,-49.3771],[-67.7042,-49.3039],[-67.5565,-49.0158],[-67.4057,-48.9042],[-67.1983,-48.8184],[-67.1143,-48.6737],[-66.651,-48.4311],[-66.4685,-48.4003],[-66.3009,-48.2519],[-65.9641,-48.057],[-65.8471,-47.9444],[-65.9018,-47.7699],[-65.8456,-47.7422],[-65.7357,-47.5095],[-65.7449,-47.2042],[-65.9796,-47.0662],[-66.2005,-47.0896],[-66.6288,-47.0512],[-66.7864,-47.0066],[-67.13,-46.7066],[-67.4232,-46.5674],[-67.5409,-46.4013],[-67.6225,-46.1638],[-67.5817,-46],[-68.3669,-45.9994],[-69.6333,-45.9996],[-71.6492,-45.9994]]]},"properties":{"iso":"ARG","name":"Santa Cruz","country":"Argentina","code":"AR-Z"}},
{"type":"Feature","geometry":{"type":"MultiPolygon","coordinates":[[[[-74.0667,-48.742],[-74.2006,-48.7192],[-74.3069,-48.7499],[-74.3719,-48.7192],[-74.4535,-48.831],[-74.4005,-48.9748],[-74.3935,-49.3175],[-74.4241,-49.3712],[-74.2149,-49.5231],[-74.3223,-49.6325],[-74.2663,-49.9325],[-74.3649,-49.9903],[-74.2507,-50.081],[-74.5737,-50.0993],[-74.683,-50.2094],[-74.493,-50.2615],[-74.4755,-50.3442],[-74.1289,-50.4229],[-74.2974,-50.4806],[-74.1261,-50.7625],[-73.947,-50.8298],[-74.2564,-50.9394],[-74.1481,-51.0522],[-74.1295,-51.1877],[-73.7843,-51.2236],[-73.7196,-51.3565],[-73.9343,-51.3993],[-73.9042,-51.6117],[-73.6804,-51.7692],[-73.54,-52.0553],[-73.3162,-52.1661],[-73.1767,-52.0812],[-73.1453,-51.94],[-72.9194,-51.8586],[-72.4669,-51.7897],[-72.529,-51.9548],[-72.8028,-51.9374],[-72.8945,-52.0571],[-73.0869,-52.0825],[-73.3339,-52.2187],[-73.4317,-52.153],[-73.5806,-52.2084],[-73.5309,-52.457],[-73.6879,-52.5978],[-73.6281,-52.7452],[-73.4497,-52.6352],[-73.2689,-52.6736],[-73.2887,-52.9021],[-73.3924,-52.982],[-73.3273,-53.0715],[-73.1163,-53.0969],[-72.9536,-53.0236],[-73.0053,-52.8333],[-72.7908,-52.7527],[-72.7987,-52.6154],[-72.6561,-52.5217],[-72.4136,-52.6489],[-72.3278,-52.5252],[-72.0872,-52.5209],[-71.7599,-52.5684],[-71.5716,-52.5613],[-71.4781,-52.6461],[-71.8505,-52.6947],[-72.1609,-52.6521],[-72.3131,-52.7512],[-72.5622,-52.8337],[-72.6116,-52.7419],[-72.9604,-52.825],[-72.891,-53.0568],[-72.9809,-53.1603],[-73.1991,-53.2408],[-72.5225,-53.5444],[-72.4669,-53.2831],[-72.3276,-53.2213],[-72.286,-53.0299],[-72.0856,-53.1344],[-71.9062,-53.0109],[-71.5308,-52.8667],[-71.2492,-52.7888],[-71.1693,-52.8128],[-71.2541,-53.0168],[-71.4671,-53.1329],[-71.835,-53.252],[-72.2823,-53.2428],[-72.4533,-53.4073],[-72.2841,-53.5812],[-72.0535,-53.707],[-71.8651,-53.7332],[-71.6446,-53.8237],[-71.2287,-53.8747],[-70.9736,-53.756],[-70.9394,-53.5922],[-70.9927,-53.383],[-70.9576,-53.2228],[-70.8169,-52.9924],[-70.8121,-52.8214],[-70.583,-52.672],[-70.5177,-52.7233],[-70.3218,-52.6381],[-69.8466,-52.4865],[-69.6724,-52.5309],[-69.4969,-52.3853],[-69.4825,-52.2905],[-69.2347,-52.2031],[-68.8985,-52.3035],[-68.4486,-52.3466],[-68.4545,-52.2999],[-68.8205,-52.2432],[-69.2123,-52.138],[-69.4853,-52.1325],[-69.9528,-52.0074],[-71.9177,-51.9901],[-71.9585,-51.868],[-72.0726,-51.7786],[-72.2811,-51.7015],[-72.3515,-51.5835],[-72.3134,-51.298],[-72.3822,-51.1606],[-72.2934,-51.0292],[-72.2635,-50.8363],[-72.3381,-50.7606],[-72.3028,-50.6489],[-72.506,-50.6013],[-72.6181,-50.6668],[-72.7784,-50.6196],[-73.0961,-50.7706],[-73.1777,-50.7495],[-73.2619,-50.5566],[-73.3229,-50.2684],[-73.5306,-50.1408],[-73.4808,-50.0227],[-73.5727,-49.9324],[-73.4651,-49.76],[-73.5866,-49.53],[-73.4579,-49.3077],[-73.0982,-49.2728],[-73.1704,-49.2509],[-74.0667,-48.742]]],[[[-68.642,-54.7992],[-68.6419,-54.783],[-68.6347,-53.7109],[-68.6276,-52.6396],[-68.746,-52.5569],[-68.9207,-52.6402],[-69.1402,-52.6838],[-69.3742,-52.4703],[-69.5839,-52.5099],[-69.591,-52.6419],[-69.7344,-52.7745],[-70.0011,-52.8417],[-70.1286,-52.7323],[-70.2747,-52.7356],[-70.2572,-52.8683],[-70.0892,-52.9111],[-70.2435,-53.0617],[-70.419,-53.0117],[-70.4735,-53.3093],[-70.2567,-53.461],[-69.6755,-53.3584],[-69.3527,-53.3557],[-69.3608,-53.5217],[-69.6514,-53.6362],[-69.8793,-53.6579],[-70.137,-53.7387],[-70.1853,-53.8113],[-70.0568,-54.087],[-69.8837,-54.1613],[-69.2796,-54.3215],[-69.5005,-54.3422],[-70.073,-54.2488],[-70.3225,-54.3253],[-70.9327,-54.1135],[-70.8686,-54.2462],[-70.5777,-54.2748],[-70.4276,-54.4377],[-70.8603,-54.3178],[-71.0109,-54.4487],[-71.514,-54.4338],[-71.725,-54.4054],[-71.94,-54.5108],[-71.9619,-54.6471],[-71.7545,-54.5927],[-71.4774,-54.6764],[-71.2897,-54.6764],[-70.6105,-54.7807],[-70.2397,-54.8578],[-69.7949,-54.7877],[-69.067,-54.9488],[-68.6541,-54.8862],[-68.642,-54.7992]]],[[[-67.9993,-55.6275],[-68.2396,-55.3985],[-68.2392,-55.2922],[-68.5306,-55.1098],[-68.3348,-55.0624],[-68.4412,-54.9397],[-68.8344,-54.9815],[-69.3197,-54.9933],[-69.4265,-55.0313],[-69.886,-55.0636],[-70.0315,-55.1533],[-69.8524,-55.2155],[-69.6077,-55.3655],[-69.2062,-55.4378],[-69.3928,-55.2874],[-69.2721,-55.2135],[-68.8558,-55.2575],[-68.9674,-55.4299],[-68.8653,-55.5053],[-68.6025,-55.4623],[-68.2525,-55.5245],[-68.1438,-55.6729],[-67.9993,-55.6275]]],[[[-67.8832,-55.2438],[-67.6474,-55.2615],[-67.4232,-55.2165],[-67.2706,-55.3069],[-67.0885,-55.1905],[-67.0619,-55.072],[-67.3018,-54.9289],[-67.9418,-54.9054],[-68.1863,-54.9782],[-68.1569,-55.1961],[-67.8832,-55.2438]]],[[[-70.2952,-55.0825],[-70.5097,-54.9882],[-70.9872,-54.9484],[-70.9911,-55.0336],[-70.7158,-55.1228],[-70.2952,-55.0825]]],[[[-69.9042,-54.9968],[-69.7764,-55.0346],[-69.2084,-54.9701],[-69.2349,-54.9319],[-69.6715,-54.8665],[-69.9283,-54.8976],[-69.9042,-54.9968]]],[[[-71.6309,-54.0788],[-71.6998,-54.1662],[-71.4999,-54.211],[-71.1139,-54.3798],[-70.9901,-54.2658],[-71.0125,-54.1008],[-71.2145,-54.1501],[-71.3015,-53.9915],[-71.4633,-53.9416],[-71.6571,-53.9832],[-71.6309,-54.0788]]],[[[-72.0151,-54.2023],[-71.7134,-54.1477],[-71.7273,-53.8986],[-71.9457,-53.8528],[-72.0325,-53.9242],[-72.2582,-53.9451],[-72.228,-54.0584],[-72.0151,-54.2023]]],[[[-70.455,-53.6116],[-70.7129,-53.7014],[-70.6993,-53.7872],[-70.8815,-53.8423],[-70.8842,-54.027],[-70.8227,-54.1135],[-70.5404,-54.2216],[-70.4393,-54.0604],[-70.3363,-54.0074],[-70.4522,-53.8869],[-70.455,-53.6116]]],[[[-72.5297,-54.0754],[-72.3852,-53.9811],[-72.3285,-53.8396],[-72.187,-53.7765],[-72.3973,-53.6335],[-72.6559,-53.5368],[-72.8725,-53.5348],[-73.0326,-53.3903],[-73.1317,-53.4892],[-73.5847,-53.5828],[-73.6161,-53.6516],[-73.3625,-53.7133],[-73.2041,-53.9894],[-73.0665,-53.8313],[-72.7431,-53.8936],[-72.9337,-54.0584],[-72.817,-54.1266],[-72.6588,-54.0514],[-72.5297,-54.0754]]],[[[-73.2074,-53.3178],[-73.4351,-53.1402],[-73.8759,-53.0032],[-74.4072,-52.9138],[-74.425,-52.9738],[-74.2626,-53.0912],[-74.0863,-53.1049],[-73.8804,-53.0577],[-73.4203,-53.2831],[-73.2074,-53.3178]]],[[[-73.8374,-52.7009],[-73.6779,-52.4733],[-73.8949,-52.4081],[-74.1278,-52.6659],[-73.8374,-52.7009]]],[[[-74.6726,-52.3905],[-74.5361,-52.2719],[-74.5893,-52.2129],[-74.8152,-52.2366],[-74.8154,-52.3504],[-74.6726,-52.3905]]],[[[-74.1225,-52.3977],[-73.951,-52.3071],[-74.1191,-52.1818],[-74.1873,-52.3674],[-74.1225,-52.3977]]],[[[-73.7077,-52.1869],[-73.784,-52.0597],[-74.0533,-51.9085],[-74.0902,-52.01],[-73.7077,-52.1869]]],[[[-74.7499,-52.0431],[-74.6409,-51.8982],[-74.7799,-51.8717],[-74.7499,-52.0431]]],[[[-74.4346,-51.8449],[-74.2422,-51.9406],[-74.0963,-51.8774],[-74.3179,-51.7624],[-74.4346,-51.8449]]],[[[-73.9439,-51.7413],[-74.0714,-51.6047],[-74.2322,-51.7072],[-74.0496,-51.7934],[-73.9439,-51.7413]]],[[[-75.0236,-51.331],[-75.2198,-51.3054],[-75.2253,-51.4907],[-75.0236,-51.331]]],[[[-74.739,-51.3686],[-74.5942,-51.3995],[-74.6019,-51.206],[-74.7931,-51.2112],[-74.9628,-51.3294],[-74.739,-51.3686]]],[[[-74.3856,-50.9811],[-74.3949,-50.8698],[-74.5506,-50.7516],[-74.6255,-50.9249],[-74.8787,-50.8863],[-74.8932,-51.0492],[-74.6344,-51.0401],[-74.3856,-50.9811]]],[[[-75.126,-50.4943],[-75.4276,-50.5148],[-75.4823,-50.6751],[-75.2904,-50.6458],[-75.126,-50.4943]]],[[[-74.3104,-50.8342],[-74.1861,-50.8331],[-74.2711,-50.6243],[-74.3831,-50.456],[-74.5812,-50.6336],[-74.5171,-50.7316],[-74.3104,-50.8342]]],[[[-75.0406,-50.2895],[-74.9424,-50.2201],[-74.9521,-50.1088],[-75.1334,-50.0834],[-75.198,-50.2563],[-75.3975,-50.1716],[-75.4609,-50.35],[-75.2701,-50.3276],[-75.1808,-50.3808],[-75.0406,-50.2895]]],[[[-75.4481,-49.775],[-75.3397,-49.8596],[-75.2113,-49.7927],[-75.3553,-49.6102],[-75.5087,-49.5638],[-75.6135,-49.6364],[-75.6174,-49.8642],[-75.4481,-49.775]]],[[[-74.9032,-49.0768],[-75.0954,-49.0299],[-75.0898,-49.1584],[-74.9205,-49.2726],[-74.9032,-49.0768]]],[[[-75.558,-49.2473],[-75.3893,-49.1791],[-75.4412,-49.0852],[-75.6073,-49.1511],[-75.558,-49.2473]]],[[[-75.2154,-49.0146],[-75.306,-48.8649],[-75.6147,-48.8587],[-75.6474,-48.9669],[-75.3151,-48.9655],[-75.2154,-49.0146]]],[[[-75.1983,-49.7712],[-75.1339,-49.8583],[-74.9615,-49.7853],[-74.8677,-50.0162],[-74.6606,-50.0506],[-74.4855,-49.9531],[-74.4205,-49.6896],[-74.5364,-49.508],[-74.4481,-49.3224],[-74.4755,-48.9464],[-74.5255,-48.7228],[-74.7563,-48.6782],[-74.985,-48.759],[-75.0515,-48.857],[-74.9547,-49.0071],[-74.8045,-49.1039],[-74.9302,-49.3142],[-75.4272,-49.2795],[-75.4673,-49.3327],[-75.3054,-49.5602],[-75.1983,-49.7712]]]]},"properties":{"iso":"CHL","name":"Magallanes y Antártica Chilena","country":"Chile","code":"CL-MA"}},
{"type":"Feature","geometry":{"type":"MultiPolygon","coordinates":[[[[-68.6419,-54.783],[-68.5203,-54.8522],[-68.0776,-54.8461],[-67.031,-54.9052],[-66.8028,-54.9426],[-66.5405,-55.051],[-66.3171,-54.995],[-65.9934,-54.9724],[-65.9662,-54.9021],[-65.4997,-54.933],[-65.3323,-54.9138],[-65.1556,-54.6406],[-65.3093,-54.6266],[-65.6981,-54.6624],[-65.8442,-54.6474],[-66.4822,-54.4658],[-66.7666,-54.2498],[-67.2978,-54.0538],[-67.5715,-53.908],[-67.5582,-53.8362],[-67.9836,-53.6013],[-68.1114,-53.3438],[-68.4514,-53.2977],[-68.5508,-53.2385],[-68.5207,-53.1206],[-68.266,-52.9806],[-68.6276,-52.6396],[-68.6347,-53.7109],[-68.6419,-54.783]]],[[[-63.8884,-54.7299],[-64.3755,-54.7214],[-64.7587,-54.8323],[-64.6072,-54.9006],[-63.8884,-54.7299]]]]},"properties":{"iso":"ARG","name":"Tierra del Fuego","country":"Argentina","code":"AR-V"}},
{"type":"Feature","geometry":{"type":"MultiPolygon","coordinates":[[[[-71.3275,11.85],[-71.4495,11.7955],[-71.9711,11.6619],[-72.0079,11.6246],[-72.2566,11.1678],[-72.4815,11.1325],[-72.5765,10.9574],[-72.7061,10.8113],[-72.7544,10.6749],[-72.9152,10.4282],[-72.9356,10.1752],[-72.9877,9.9994],[-72.9776,9.8381],[-73.1236,9.5613],[-73.1784,9.523],[-73.3636,9.165],[-73.1762,9.1909],[-73.0097,9.2954],[-72.9364,9.0992],[-72.8267,9.1417],[-72.7831,9.0599],[-72.6754,8.6515],[-72.4156,8.3827],[-72.3448,8.4918],[-72.2407,8.4299],[-72.0486,8.4833],[-71.9449,8.6114],[-71.8488,8.6711],[-71.7213,8.622],[-71.6735,8.7188],[-71.2256,9.0484],[-71.2185,9.187],[-71.2735,9.1351],[-71.5148,9.049],[-71.6861,9.062],[-71.7589,9.1201],[-71.7304,9.3554],[-71.9675,9.4982],[-71.9989,9.6547],[-72.1244,9.8261],[-72.0437,9.9296],[-71.9825,10.0883],[-71.8977,10.1392],[-71.779,10.3417],[-71.6295,10.454],[-71.5763,10.7211],[-71.6936,10.8371],[-71.7698,11.1064],[-71.9393,11.3808],[-71.9605,11.5913],[-71.6744,11.6847],[-71.3782,11.7585],[-71.3275,11.85]]],[[[-71.0624,9.6174],[-70.8596,9.5995],[-70.6413,9.792],[-70.6612,9.9045],[-70.8068,9.9839],[-70.8482,10.0998],[-70.7108,10.1942],[-70.6581,10.3048],[-70.7377,10.3444],[-70.7787,10.4536],[-70.9031,10.4429],[-71.0221,10.5277],[-71.081,10.6386],[-71.0884,10.767],[-71.2561,10.9264],[-71.282,10.9914],[-71.4583,10.9749],[-71.4459,10.7962],[-71.5314,10.7527],[-71.5265,10.5447],[-71.3639,10.22],[-71.2678,10.1519],[-71.2069,9.9806],[-71.0724,9.8579],[-71.0419,9.7609],[-71.0624,9.6174]]]]},"properties":{"iso":"VEN","name":"Zulia","country":"Venezuela","code":"VE-V"}},
{"type":"Feature","geometry":{"type":"Polygon","coordinates":[[[-71.3275,11.85],[-71.2988,11.9202],[-71.1381,12.0158],[-71.1139,12.0944],[-71.2423,12.3277],[-71.5316,12.4472],[-71.6562,12.4653],[-71.8028,12.3237],[-71.8779,12.3448],[-71.9053,12.2077],[-72.0049,12.2629],[-72.1705,12.2343],[-72.1387,12.1046],[-72.2631,11.886],[-72.4521,11.7913],[-72.7597,11.6971],[-72.934,11.5568],[-73.0548,11.494],[-73.2924,11.294],[-73.5656,11.2771],[-73.6378,11.1392],[-73.6497,10.9919],[-73.6058,10.8455],[-73.4522,10.8663],[-73.2716,10.8434],[-73.2499,10.7339],[-73.0752,10.63],[-73.1813,10.4566],[-73.1307,10.4002],[-72.9152,10.4282],[-72.7544,10.6749],[-72.7061,10.8113],[-72.5765,10.9574],[-72.4815,11.1325],[-72.2566,11.1678],[-72.0079,11.6246],[-71.9711,11.6619],[-71.4495,11.7955],[-71.3275,11.85]]]},"properties":{"iso":"COL","name":"La Guajira","country":"Colômbia","code":"CO-LAG"}},
{"type":"Feature","geometry":{"type":"Polygon","coordinates":[[[-72.9152,10.4282],[-73.1307,10.4002],[-73.1813,10.4566],[-73.0752,10.63],[-73.2499,10.7339],[-73.2716,10.8434],[-73.4522,10.8663],[-73.6058,10.8455],[-73.6375,10.7672],[-73.5778,10.5032],[-73.7705,10.3912],[-73.8935,10.3733],[-74.0505,10.1699],[-74.0662,10.0538],[-74.008,9.9583],[-73.8418,9.7899],[-73.7842,9.5975],[-74.0044,9.5933],[-74.1371,9.4982],[-74.001,9.3991],[-73.9535,9.1964],[-73.8738,9.1783],[-73.7998,9.0556],[-73.8704,8.8877],[-73.8076,8.8166],[-73.8296,8.6436],[-73.7622,8.4594],[-73.7856,8.1615],[-73.677,7.8934],[-73.7519,7.7409],[-73.6254,7.7345],[-73.4961,7.6782],[-73.3574,7.8106],[-73.3627,8.0162],[-73.4086,8.1276],[-73.3671,8.3327],[-73.5278,8.3925],[-73.4918,8.4622],[-73.5622,8.5879],[-73.4268,8.7927],[-73.4478,8.8655],[-73.417,9.1507],[-73.3636,9.165],[-73.1784,9.523],[-73.1236,9.5613],[-72.9776,9.8381],[-72.9877,9.9994],[-72.9356,10.1752],[-72.9152,10.4282]]]},"properties":{"iso":"COL","name":"Cesar","country":"Colômbia","code":"CO-CES"}},
{"type":"Feature","geometry":{"type":"Polygon","coordinates":[[[-73.3636,9.165],[-73.417,9.1507],[-73.4478,8.8655],[-73.4268,8.7927],[-73.5622,8.5879],[-73.4918,8.4622],[-73.5278,8.3925],[-73.3671,8.3327],[-73.4086,8.1276],[-73.3627,8.0162],[-73.3574,7.8106],[-73.4961,7.6782],[-73.6254,7.7345],[-73.5043,7.6074],[-73.2607,7.5449],[-73.2164,7.63],[-72.9913,7.6132],[-72.9031,7.4763],[-72.83,7.1621],[-72.8859,7.0738],[-72.7154,7.0033],[-72.5515,6.9804],[-72.5049,6.9151],[-72.3384,6.9132],[-72.1817,7.0401],[-71.9938,7.0129],[-72.081,7.0666],[-72.1533,7.1926],[-72.2062,7.3819],[-72.3958,7.4075],[-72.482,7.508],[-72.4518,7.8328],[-72.4878,7.9492],[-72.3358,8.1039],[-72.4156,8.3827],[-72.6754,8.6515],[-72.7831,9.0599],[-72.8267,9.1417],[-72.9364,9.0992],[-73.0097,9.2954],[-73.1762,9.1909],[-73.3636,9.165]]]},"properties":{"iso":"COL","name":"Norte de Santander","country":"Colômbia","code":"CO-NSA"}},
{"type":"Feature","geometry":{"type":"Polygon","coordinates":[[[-72.4156,8.3827],[-72.3358,8.1039],[-72.4878,7.9492],[-72.4518,7.8328],[-72.482,7.508],[-72.3958,7.4075],[-72.1885,7.4498],[-72.0688,7.375],[-71.875,7.4215],[-71.8416,7.4948],[-71.6676,7.5475],[-71.3829,7.4898],[-71.4909,7.6298],[-71.4836,7.6845],[-71.5315,7.7527],[-71.5077,8.0054],[-71.5889,8.0573],[-71.7209,8.054],[-71.7962,8.1517],[-71.8925,8.1717],[-71.778,8.4594],[-71.8231,8.5903],[-71.9449,8.6114],[-72.0486,8.4833],[-72.2407,8.4299],[-72.3448,8.4918],[-72.4156,8.3827]]]},"properties":{"iso":"VEN","name":"Táchira","country":"Venezuela","code":"VE-S"}},
{"type":"Feature","geometry":{"type":"Polygon","coordinates":[[[-66.3305,7.6484],[-66.3301,7.7035],[-66.552,7.7938],[-66.7648,7.7551],[-67.0568,7.7975],[-67.2265,7.7985],[-67.3379,7.8891],[-67.5381,7.917],[-67.5442,7.9588],[-67.6053,7.9994],[-68.0544,8.0485],[-68.2566,7.9565],[-68.3862,7.9916],[-68.4613,7.9473],[-68.6502,7.9659],[-68.7298,7.9158],[-68.8867,7.9113],[-68.9703,7.9994],[-69.0543,7.9802],[-69.2126,8.0758],[-69.4409,8.0717],[-69.7337,7.8444],[-70.0866,7.7107],[-70.1335,7.6293],[-70.2995,7.5904],[-70.3683,7.4505],[-70.6669,7.2874],[-70.9468,7.308],[-71.02,7.3619],[-71.1892,7.4042],[-71.2488,7.4545],[-71.4722,7.4628],[-71.6396,7.4323],[-71.8416,7.4948],[-71.875,7.4215],[-72.0688,7.375],[-72.1885,7.4498],[-72.3958,7.4075],[-72.2062,7.3819],[-72.1533,7.1926],[-72.081,7.0666],[-71.9938,7.0129],[-71.964,7.0059],[-71.8326,6.9864],[-71.6543,7.0534],[-71.2835,7.0188],[-71.184,6.9626],[-70.9613,7.0094],[-70.9034,7.0632],[-70.7033,7.0999],[-70.5786,7.0858],[-70.5209,7.0156],[-70.3191,6.9383],[-70.1578,6.9795],[-70.0966,6.9444],[-69.4436,6.1222],[-69.432,6.1222],[-69.3113,6.1462],[-69.2461,6.0807],[-69.0611,6.2178],[-68.8291,6.1878],[-68.6353,6.1359],[-68.449,6.195],[-68.3042,6.177],[-68.1465,6.2238],[-67.9241,6.2346],[-67.8391,6.3075],[-67.574,6.2662],[-67.451,6.198],[-67.3223,6.2725],[-67.275,6.3675],[-67.1702,6.4294],[-67.1034,6.7015],[-67.0495,6.7553],[-67.0344,6.9131],[-67.0898,7.0657],[-66.9952,7.1568],[-66.5957,7.3396],[-66.4405,7.5804],[-66.3305,7.6484]]]},"properties":{"iso":"VEN","name":"Apure","country":"Venezuela","code":"VE-C"}},
{"type":"Feature","geometry":{"type":"Polygon","coordinates":[[[-71.964,7.0059],[-72.053,6.7824],[-72.1017,6.7291],[-72.1573,6.4747],[-72.282,6.4222],[-72.3217,6.3513],[-72.3454,6.2628],[-72.2598,6.1384],[-72.1563,6.074],[-71.9259,6.1543],[-71.722,6.2],[-71.4623,6.1989],[-71.2071,6.2741],[-70.8642,6.2153],[-70.5049,6.2247],[-70.3734,6.2758],[-70.1181,6.25],[-69.8558,6.0263],[-69.7849,6.0621],[-69.5719,6.0542],[-69.432,6.1222],[-69.4436,6.1222],[-70.0966,6.9444],[-70.1578,6.9795],[-70.3191,6.9383],[-70.5209,7.0156],[-70.5786,7.0858],[-70.7033,7.0999],[-70.9034,7.0632],[-70.9613,7.0094],[-71.184,6.9626],[-71.2835,7.0188],[-71.6543,7.0534],[-71.8326,6.9864],[-71.964,7.0059]]]},"properties":{"iso":"COL","name":"Arauca","country":"Colômbia","code":"CO-ARA"}},
{"type":"Feature","geometry":{"type":"Polygon","coordinates":[[[-72.5049,6.9151],[-72.478,6.8441],[-72.4978,6.6458],[-72.5424,6.5025],[-72.6167,6.4381],[-72.7334,6.4566],[-72.7546,6.2295],[-72.8937,6.1232],[-73.0348,5.9407],[-73.2192,5.9825],[-73.2862,5.8559],[-73.4008,5.9223],[-73.3975,6.0319],[-73.4993,6.1071],[-73.6137,5.9222],[-73.6384,5.7227],[-73.7371,5.7611],[-73.9732,5.7326],[-74.1745,5.9008],[-74.2903,6.0707],[-74.4412,6.0955],[-74.5194,6.2823],[-74.5798,6.216],[-74.5908,5.9182],[-74.6625,5.7719],[-74.6461,5.7525],[-74.5339,5.7906],[-74.3122,5.7895],[-74.2998,5.586],[-74.2439,5.4839],[-74.0001,5.3743],[-73.8216,5.5585],[-73.7915,5.508],[-73.5901,5.3856],[-73.5216,5.2373],[-73.4784,5.0525],[-73.5453,4.9324],[-73.4027,4.8715],[-73.2181,4.6776],[-73.0925,4.6787],[-73.053,4.7348],[-73.0309,4.9851],[-72.9061,5.083],[-72.9383,5.2405],[-72.8085,5.384],[-72.7096,5.2795],[-72.5901,5.3542],[-72.4206,5.5577],[-72.3193,5.5061],[-72.2377,5.6831],[-72.3514,5.8031],[-72.3928,5.9009],[-72.341,6.0789],[-72.4157,6.2041],[-72.3217,6.3513],[-72.282,6.4222],[-72.1573,6.4747],[-72.1017,6.7291],[-72.053,6.7824],[-71.964,7.0059],[-71.9938,7.0129],[-72.1817,7.0401],[-72.3384,6.9132],[-72.5049,6.9151]]]},"properties":{"iso":"COL","name":"Boyacá","country":"Colômbia","code":"CO-BOY"}},
{"type":"Feature","geometry":{"type":"Polygon","coordinates":[[[-67.451,6.198],[-67.574,6.2662],[-67.8391,6.3075],[-67.9241,6.2346],[-68.1465,6.2238],[-68.3042,6.177],[-68.449,6.195],[-68.6353,6.1359],[-68.8291,6.1878],[-69.0611,6.2178],[-69.2461,6.0807],[-69.3113,6.1462],[-69.432,6.1222],[-69.5719,6.0542],[-69.7849,6.0621],[-69.8558,6.0263],[-69.9694,5.8083],[-70.0685,5.6693],[-70.1852,5.5874],[-70.4488,5.5331],[-70.6787,5.3894],[-70.6873,5.3234],[-70.9603,5.1177],[-71.0603,4.9194],[-71.0637,3.3619],[-71.0637,2.8686],[-70.795,2.7956],[-70.5928,2.8419],[-70.4997,2.7845],[-70.2815,2.942],[-70.305,3.078],[-70.1989,3.196],[-70.1293,3.2043],[-70.1511,3.3479],[-70.0109,3.5286],[-69.8941,3.5664],[-69.7058,3.5682],[-69.6032,3.692],[-69.4307,3.6861],[-69.2924,3.7266],[-69.1089,3.6279],[-68.9624,3.6409],[-68.6888,3.7978],[-68.5464,3.7959],[-68.3555,4.0199],[-68.1694,3.9197],[-68.0927,4.0054],[-67.9875,3.9348],[-67.7971,3.9538],[-67.7169,4.0399],[-67.7862,4.173],[-67.782,4.3389],[-67.8651,4.5121],[-67.7931,5.0633],[-67.8437,5.2972],[-67.8098,5.3788],[-67.647,5.4834],[-67.6491,5.6561],[-67.6012,5.8206],[-67.4286,6.0385],[-67.4912,6.1145],[-67.4563,6.1932],[-67.451,6.198]]]},"properties":{"iso":"COL","name":"Vichada","country":"Colômbia","code":"CO-VID"}},
{"type":"Feature","geometry":{"type":"Polygon","coordinates":[[[68.7342,55.3517],[69.1861,55.3258],[69.3346,55.3851],[69.6739,55.334],[69.9117,55.2116],[70.197,55.1335],[70.4686,55.2855],[70.471,55.418],[70.6755,55.505],[70.7471,55.5903],[70.5493,55.6755],[70.5858,55.8379],[70.8467,55.9634],[70.909,56.1118],[70.7703,56.2959],[70.9275,56.347],[70.8554,56.4559],[71.029,56.5265],[71.1689,56.6757],[71.357,56.6711],[71.5567,56.7322],[71.6733,56.8378],[71.6523,56.9226],[71.3712,57.0638],[71.0798,57.3444],[70.8001,57.3191],[70.6338,57.2646],[70.4908,57.3038],[70.4362,57.4093],[70.6752,57.5113],[70.565,57.7053],[70.4298,57.7848],[70.4361,57.9338],[70.8646,58.5346],[71.0835,58.5185],[71.245,58.3409],[71.2692,58.0764],[71.9889,58.1227],[72.1491,58.0262],[72.8612,58.0105],[73.0874,58.1463],[74.2063,58.1336],[74.6708,58.3544],[75.1052,58.581],[75.1595,58.6502],[74.7431,58.7481],[74.1001,58.7394],[73.9995,58.7996],[73.6206,58.8536],[73.4441,58.8176],[73.0321,58.8631],[72.9756,59.099],[72.8633,59.1574],[72.6569,59.107],[72.4536,59.2151],[72.4372,59.3034],[71.9998,59.5658],[71.2965,59.7991],[71.1934,59.9051],[71.0172,59.8226],[70.7976,59.863],[70.3985,59.8175],[70.1549,59.9],[69.6156,59.9049],[69.5013,59.9892],[69.3061,59.9889],[69.0777,59.8932],[69.2952,59.7829],[68.844,59.6213],[68.5434,59.5509],[68.3581,59.2829],[68.1954,59.2415],[67.7422,59.2119],[67.5645,59.0929],[67.2637,59.0204],[67.0709,58.9249],[66.7737,58.9297],[66.7407,58.6696],[66.3802,58.5891],[65.9345,58.6144],[66.0019,58.2975],[66.1966,58.0325],[65.7023,57.9013],[65.5396,57.7795],[65.4279,57.8339],[64.8393,57.6407],[64.9367,57.5486],[64.8417,57.4461],[64.9918,57.2213],[64.9937,57.0415],[65.1403,56.7701],[64.9954,56.7683],[64.9672,56.5008],[65.0879,56.4483],[65.1169,56.3254],[65.6671,56.2735],[65.8609,56.0646],[66.0279,55.9903],[66.2981,56.0581],[66.4635,55.9505],[66.7605,56.0455],[67.2987,55.8967],[67.4467,55.735],[67.8246,55.7207],[67.9121,55.6648],[68.1895,55.7002],[68.1739,55.596],[68.317,55.5552],[68.4868,55.4012],[68.7342,55.3517]]]},"properties":{"iso":"RUS","name":"Tyumen'","country":"Rússia","code":"RU-TYU"}},
{"type":"Feature","geometry":{"type":"Polygon","coordinates":[[[64.9954,56.7683],[64.8258,56.8411],[64.337,56.7527],[64.3566,56.6529],[64.2193,56.6008],[64.1733,56.4684],[63.7665,56.508],[63.4477,56.6097],[63.3585,56.5634],[63.0011,56.598],[62.333,56.4692],[62.2526,56.3627],[62.0827,56.291],[62.0718,56.1335],[62.3052,55.9787],[62.5168,55.7378],[62.5159,55.5636],[62.5793,55.5175],[62.3039,55.4033],[62.1649,55.2421],[62.2442,55.0794],[61.9891,55.0352],[61.9799,54.9338],[62.1234,54.8151],[62.0248,54.7165],[62.1472,54.6444],[62.4243,54.7234],[62.7106,54.6258],[62.9033,54.6942],[63.1921,54.6864],[63.2955,54.5636],[63.1302,54.4478],[63.1284,54.3059],[63.3286,54.1631],[63.7086,54.2504],[63.856,54.2019],[63.9804,54.3037],[64.5785,54.3856],[64.7202,54.3338],[64.9106,54.4027],[65.0854,54.3086],[65.2129,54.343],[65.2143,54.5279],[65.4275,54.5528],[65.4774,54.6327],[65.713,54.5972],[65.827,54.6727],[65.9775,54.6117],[66.4465,54.7109],[67.2133,54.7972],[67.2839,54.8533],[67.6227,54.8539],[67.8173,54.9522],[68.1661,54.9561],[68.3082,55.0728],[68.2624,55.194],[68.6053,55.1956],[68.7342,55.3517],[68.4868,55.4012],[68.317,55.5552],[68.1739,55.596],[68.1895,55.7002],[67.9121,55.6648],[67.8246,55.7207],[67.4467,55.735],[67.2987,55.8967],[66.7605,56.0455],[66.4635,55.9505],[66.2981,56.0581],[66.0279,55.9903],[65.8609,56.0646],[65.6671,56.2735],[65.1169,56.3254],[65.0879,56.4483],[64.9672,56.5008],[64.9954,56.7683]]]},"properties":{"iso":"RUS","name":"Kurgan","country":"Rússia","code":"RU-KGN"}},
{"type":"Feature","geometry":{"type":"Polygon","coordinates":[[[70.4686,55.2855],[70.6657,55.3092],[70.9771,55.078],[70.9459,54.8879],[71.006,54.7742],[71.1803,54.7274],[71.1476,54.5914],[71.1906,54.3182],[70.98,54.3251],[71.044,54.1859],[71.1823,54.1016],[71.3206,54.201],[71.4771,54.1097],[71.7087,54.1322],[71.7625,54.2476],[72.0667,54.2224],[72.1518,54.3683],[72.4829,54.1356],[72.3569,54.0818],[72.4556,53.9053],[72.6562,54.0425],[72.6242,54.135],[72.9568,54.1175],[73.0628,53.9791],[73.3603,53.9384],[73.7406,54.0579],[73.6971,53.9008],[73.4853,53.8749],[73.2297,53.6624],[73.2306,53.5723],[73.3912,53.5202],[73.8727,53.6321],[74.2139,53.597],[74.4091,53.4776],[74.4535,53.685],[74.6165,53.6807],[74.772,53.8309],[75.0279,53.8079],[75.434,53.9865],[75.3607,54.0595],[75.6912,54.1131],[75.697,54.5439],[75.8304,54.6015],[75.7656,54.7059],[75.5304,54.8909],[75.3633,54.9081],[75.3943,55.0374],[75.2548,55.1369],[75.2677,55.2497],[75.0975,55.3818],[75.311,55.5002],[75.1784,55.5691],[75.3424,55.764],[75.3176,55.8958],[75.5662,56.0542],[75.7759,56.1441],[76.3052,56.1831],[76.1083,56.3284],[76.009,56.5484],[76.2842,56.7262],[76.1087,57.2503],[75.9925,57.3849],[75.8586,57.3991],[75.7271,57.5989],[75.5805,57.675],[75.5428,57.9409],[75.0929,58.1101],[75.2219,58.2221],[75.0801,58.3535],[75.3043,58.4511],[75.1052,58.581],[74.6708,58.3544],[74.2063,58.1336],[73.0874,58.1463],[72.8612,58.0105],[72.1491,58.0262],[71.9889,58.1227],[71.2692,58.0764],[71.245,58.3409],[71.0835,58.5185],[70.8646,58.5346],[70.4361,57.9338],[70.4298,57.7848],[70.565,57.7053],[70.6752,57.5113],[70.4362,57.4093],[70.4908,57.3038],[70.6338,57.2646],[70.8001,57.3191],[71.0798,57.3444],[71.3712,57.0638],[71.6523,56.9226],[71.6733,56.8378],[71.5567,56.7322],[71.357,56.6711],[71.1689,56.6757],[71.029,56.5265],[70.8554,56.4559],[70.9275,56.347],[70.7703,56.2959],[70.909,56.1118],[70.8467,55.9634],[70.5858,55.8379],[70.5493,55.6755],[70.7471,55.5903],[70.6755,55.505],[70.471,55.418],[70.4686,55.2855]]]},"properties":{"iso":"RUS","name":"Omsk","country":"Rússia","code":"RU-OMS"}},
{"type":"Feature","geometry":{"type":"Polygon","coordinates":[[[75.6912,54.1131],[76.1838,54.2516],[76.2342,54.3474],[76.4331,54.3166],[76.7661,54.3646],[76.8377,54.2969],[76.6646,54.1341],[76.3744,54.1478],[76.5257,53.9613],[77.6128,53.4428],[77.7847,53.3274],[77.93,53.4398],[77.9253,53.5648],[78.2045,53.6119],[78.2599,53.4955],[78.6269,53.5294],[78.6026,53.6161],[78.8857,53.6821],[79.0278,53.6609],[79.4419,53.693],[79.5715,53.7327],[79.8665,53.9325],[80.1285,54.0751],[80.2971,54.0701],[80.6554,54.2043],[80.9248,54.3961],[81.1119,54.1517],[81.8546,53.9686],[81.7324,53.8537],[81.8457,53.7098],[81.9678,53.7187],[82.4855,53.4686],[82.733,53.7869],[83.1832,54.0622],[83.2949,54.083],[83.385,53.9494],[83.4989,53.9908],[83.5551,54.1229],[84.0027,54.1445],[84.2656,54.2157],[84.5319,54.1697],[84.6933,54.3374],[85.0794,54.4694],[84.9483,54.6041],[84.9545,54.7445],[85.0761,54.8683],[84.8826,54.9853],[84.9158,55.1653],[84.8226,55.2462],[84.8755,55.3885],[84.731,55.3912],[84.771,55.5398],[84.7093,55.6618],[84.5656,55.7088],[84.5665,55.9614],[84.4104,56.0441],[84.1968,56.0548],[83.9511,56.0049],[83.5682,55.6927],[83.2232,55.737],[83.3535,55.9691],[83.1276,56.1317],[83.2144,56.2121],[83.1539,56.3819],[83.2517,56.4556],[83.096,56.5493],[82.8565,56.5326],[82.8285,56.4405],[82.4265,56.3943],[82.3424,56.3556],[81.9444,56.3395],[81.5574,56.2583],[81.2146,56.5076],[81.1223,56.5326],[80.3103,56.4386],[80.2486,56.4547],[79.5898,56.9286],[78.4476,57.1219],[78.4443,57.1613],[76.9185,57.1879],[76.1087,57.2503],[76.2842,56.7262],[76.009,56.5484],[76.1083,56.3284],[76.3052,56.1831],[75.7759,56.1441],[75.5662,56.0542],[75.3176,55.8958],[75.3424,55.764],[75.1784,55.5691],[75.311,55.5002],[75.0975,55.3818],[75.2677,55.2497],[75.2548,55.1369],[75.3943,55.0374],[75.3633,54.9081],[75.5304,54.8909],[75.7656,54.7059],[75.8304,54.6015],[75.697,54.5439],[75.6912,54.1131]]]},"properties":{"iso":"RUS","name":"Novosibirsk","country":"Rússia","code":"RU-NVS"}},
{"type":"Feature","geometry":{"type":"Polygon","coordinates":[[[62.0718,56.1335],[61.8635,56.1807],[61.642,56.3194],[61.3849,56.367],[61.0842,56.3257],[61.1503,56.217],[60.909,56.1881],[60.7508,56.2373],[60.2396,56.2092],[59.7013,56.3061],[59.1221,56.3172],[59.0263,56.1694],[59.269,56.0479],[59.165,55.7899],[59.2959,55.7805],[59.2548,55.6141],[59.4466,55.632],[59.5649,55.4996],[59.2013,55.4501],[59.1592,55.3316],[58.872,55.3233],[58.7968,55.2028],[58.6736,55.1885],[58.8157,55.0249],[58.6195,54.9497],[58.364,55.0844],[58.2879,55.1707],[58.0302,55.2748],[57.518,55.334],[57.2636,55.2619],[57.1369,55.0921],[57.243,54.9571],[57.1651,54.819],[57.7417,54.5831],[57.7429,54.5006],[57.9714,54.3928],[58.2063,54.5151],[58.3637,54.5475],[58.6138,54.4703],[58.8247,54.5722],[59.0614,54.6319],[59.2278,54.6112],[59.4041,54.7026],[59.6138,54.8667],[59.9746,54.8014],[59.8597,54.603],[59.6795,54.4981],[59.6667,54.3397],[59.8005,54.242],[59.6939,54.1291],[59.5442,54.1961],[59.344,54.1851],[59.162,53.9929],[59.0141,53.9582],[58.9062,53.8616],[58.8685,53.5018],[58.9004,53.0659],[58.7488,52.8354],[58.7237,52.6451],[58.828,52.4327],[59.175,52.2774],[59.2486,52.4868],[59.5086,52.4354],[59.7813,52.4918],[59.9456,52.4283],[60.1486,52.4205],[60.1396,52.2673],[59.9137,52.1004],[60.0298,51.9926],[60.2028,51.9927],[60.5065,52.1516],[60.6722,52.1443],[61.0399,52.335],[60.9446,52.4791],[60.8314,52.5132],[60.6962,52.7349],[60.8291,52.7716],[61.1903,53.0131],[61.478,53.0123],[61.5743,52.9558],[61.8198,52.9782],[61.9226,52.9382],[62.0942,52.9925],[62.0507,53.1248],[61.7642,53.1695],[61.6431,53.2433],[61.478,53.2151],[61.2029,53.2764],[61.1372,53.3731],[61.2182,53.4927],[61.3816,53.4361],[61.5553,53.5057],[61.503,53.589],[61.2807,53.5424],[61.0076,53.6357],[61.202,53.8196],[61.0652,53.8785],[61.1935,54.0183],[61.4177,54.056],[61.4786,54.0029],[62.5506,54.0268],[62.8121,54.095],[63.0847,54.0856],[63.1238,54.1741],[63.3286,54.1631],[63.1284,54.3059],[63.1302,54.4478],[63.2955,54.5636],[63.1921,54.6864],[62.9033,54.6942],[62.7106,54.6258],[62.4243,54.7234],[62.1472,54.6444],[62.0248,54.7165],[62.1234,54.8151],[61.9799,54.9338],[61.9891,55.0352],[62.2442,55.0794],[62.1649,55.2421],[62.3039,55.4033],[62.5793,55.5175],[62.5159,55.5636],[62.5168,55.7378],[62.3052,55.9787],[62.0718,56.1335]]]},"properties":{"iso":"RUS","name":"Chelyabinsk","country":"Rússia","code":"RU-CHE"}},
{"type":"Feature","geometry":{"type":"Polygon","coordinates":[[[87.1732,52.6116],[86.9445,52.8624],[87.077,53.0752],[86.9433,53.0795],[86.7052,53.1963],[86.9835,53.4074],[86.7234,53.4841],[86.4548,53.614],[86.4056,53.7509],[86.1175,54.0002],[85.9438,54.0399],[85.577,54.2318],[85.4348,54.2115],[85.16,54.4872],[85.0794,54.4694],[84.6933,54.3374],[84.5319,54.1697],[84.2656,54.2157],[84.0027,54.1445],[83.5551,54.1229],[83.4989,53.9908],[83.385,53.9494],[83.2949,54.083],[83.1832,54.0622],[82.733,53.7869],[82.4855,53.4686],[81.9678,53.7187],[81.8457,53.7098],[81.7324,53.8537],[81.8546,53.9686],[81.1119,54.1517],[80.9248,54.3961],[80.6554,54.2043],[80.2971,54.0701],[80.1285,54.0751],[79.8665,53.9325],[79.5715,53.7327],[79.4419,53.693],[79.0278,53.6609],[78.8857,53.6821],[78.6026,53.6161],[78.6269,53.5294],[78.2599,53.4955],[78.2045,53.6119],[77.9253,53.5648],[77.93,53.4398],[77.7847,53.3274],[77.9764,53.1685],[78.4765,52.6379],[79.4698,51.4926],[79.9901,50.7881],[80.0493,50.8523],[80.439,50.9581],[80.4105,51.1048],[80.4762,51.2096],[80.5992,51.2086],[80.6828,51.302],[81.1472,51.136],[81.0583,50.9471],[81.4008,50.9591],[81.4602,50.7303],[81.7635,50.7843],[82.0731,50.7157],[82.4083,50.7484],[82.4758,50.714],[82.698,50.811],[82.7645,50.9067],[82.9759,50.8819],[83.1076,50.9927],[83.434,50.9927],[83.8205,50.868],[84.0886,50.6346],[84.5416,50.6911],[84.5998,50.8584],[84.4713,50.9732],[84.018,51.0638],[84.1719,51.1438],[84.2695,51.2752],[84.3942,51.266],[84.7052,51.3955],[84.9369,51.4296],[85.0077,51.489],[85.2391,51.4708],[85.4277,51.5597],[85.5368,51.7001],[85.6699,51.754],[85.9396,52.075],[86.1496,52.0702],[86.2654,52.0124],[86.4399,52.0229],[86.5052,52.12],[86.7544,52.1087],[86.8059,52.2922],[86.6177,52.3717],[86.8407,52.6483],[87.1166,52.6678],[87.1732,52.6116]]]},"properties":{"iso":"RUS","name":"Altay","country":"Rússia","code":"RU-ALT"}},
{"type":"Feature","geometry":{"type":"Polygon","coordinates":[[[58.828,52.4327],[58.857,52.2632],[58.6905,52.2653],[58.6061,52.1805],[58.6389,52.0164],[58.5764,51.7931],[58.2359,51.7384],[57.8819,51.846],[57.6526,51.8633],[57.6209,51.759],[57.4316,51.7258],[57.3744,51.6386],[57.2067,51.5751],[57.0355,51.6597],[56.7801,51.5922],[56.6076,51.8295],[56.6848,52.0453],[56.4954,52.1615],[56.2172,52.1323],[56.1939,52.189],[56.4514,52.3088],[56.3652,52.5231],[56.0776,52.6036],[55.9192,52.4988],[55.7776,52.3436],[55.5456,52.3849],[55.5449,52.5417],[55.4116,52.6576],[55.4067,52.8371],[55.1618,52.8232],[54.955,53.1105],[54.9266,53.2195],[54.6641,53.2355],[54.5196,53.3598],[54.1084,53.4166],[53.878,53.658],[53.6558,53.7524],[53.4705,54.0457],[53.1414,54.0762],[52.9512,54.1958],[53.0009,54.271],[52.7711,54.347],[52.5385,54.3773],[52.2715,54.3266],[52.3393,54.1742],[52.4764,54.0771],[52.2535,53.6543],[52.0792,53.5012],[52.1926,53.3752],[52.0609,52.9997],[51.7151,52.8403],[51.7323,52.6684],[51.5452,52.6814],[51.4714,52.5691],[51.5627,52.4473],[51.4129,52.35],[51.4152,52.1027],[50.767,51.7594],[50.9254,51.6797],[51.2339,51.6855],[51.3719,51.6296],[51.3795,51.4671],[51.6205,51.5187],[51.8692,51.6731],[52.0918,51.6587],[52.3349,51.7637],[52.5058,51.4789],[52.7897,51.5048],[52.9598,51.4559],[53.1533,51.5127],[53.4073,51.4842],[53.6103,51.3884],[53.6739,51.2199],[53.9359,51.1856],[54.1116,51.096],[54.1766,50.9679],[54.4786,50.8535],[54.3798,50.6194],[54.4358,50.5475],[54.6763,50.6025],[54.6382,50.8857],[54.503,50.9283],[54.6382,51.0277],[54.8943,50.9124],[55.0477,50.8842],[55.084,50.7969],[55.3054,50.665],[55.4911,50.6459],[55.66,50.53],[56.0789,50.7248],[56.1749,50.9087],[56.3357,50.8959],[56.508,51.0663],[56.8651,51.0518],[57.1682,51.0938],[57.3527,50.886],[57.7373,50.9382],[57.7688,51.1197],[58.595,51.0234],[58.5544,50.9254],[58.6644,50.7899],[58.9259,50.6781],[59.4376,50.6311],[59.5228,50.4746],[59.7747,50.5337],[60.0213,50.8541],[60.3004,50.6847],[60.7185,50.6527],[61.3721,50.7825],[61.4418,50.875],[61.5132,51.1595],[61.5932,51.2778],[61.4738,51.4258],[61.0233,51.4855],[60.9374,51.6112],[60.5151,51.6179],[60.3759,51.6625],[60.4521,51.8055],[60.1381,51.8889],[60.0298,51.9926],[59.9137,52.1004],[60.1396,52.2673],[60.1486,52.4205],[59.9456,52.4283],[59.7813,52.4918],[59.5086,52.4354],[59.2486,52.4868],[59.175,52.2774],[58.828,52.4327]]]},"properties":{"iso":"RUS","name":"Orenburg","country":"Rússia","code":"RU-ORE"}},
{"type":"Feature","geometry":{"type":"Polygon","coordinates":[[[42.8729,51.2313],[43.3298,51.0177],[43.6422,51.0661],[43.6823,51.113],[44.0045,51.0873],[44.1818,51.1166],[44.2103,51.1935],[44.6596,51.1726],[45.0425,51.1263],[45.2018,51.0396],[45.3081,50.8768],[45.1913,50.6974],[45.2411,50.5863],[45.4951,50.6126],[45.6676,50.5936],[45.6782,50.7295],[45.8895,50.7586],[46.0684,50.6523],[46.0653,50.5437],[46.4608,50.5469],[46.5834,50.7007],[46.8305,50.6325],[46.8777,50.5239],[47.0077,50.4802],[47.184,50.5119],[47.2774,50.3717],[47.4345,50.3765],[47.6247,50.4408],[47.9932,50.1818],[48.2393,49.8648],[48.4176,49.8117],[48.7846,49.9334],[48.8857,50.0199],[48.7013,50.3346],[48.6734,50.5795],[48.8304,50.596],[49.1441,50.7817],[49.3694,50.8268],[49.3474,50.9643],[49.4231,51.102],[49.7791,51.1022],[49.9868,51.2298],[50.3254,51.3035],[50.3796,51.4212],[50.5183,51.4598],[50.5817,51.6353],[50.7907,51.5973],[50.767,51.7594],[50.7315,51.914],[50.5174,51.9914],[50.2359,52.0351],[50.2215,52.1299],[49.8123,52.1931],[49.6278,52.3664],[49.4777,52.3314],[49.3437,52.4687],[48.9361,52.4752],[48.5239,52.6818],[48.437,52.7804],[48.2522,52.8101],[47.7775,52.6803],[47.7308,52.5867],[47.0619,52.5702],[46.8307,52.6163],[46.5162,52.695],[46.2888,52.6719],[45.9715,52.4856],[45.6444,52.5186],[45.4315,52.4005],[44.9096,52.3775],[44.8725,52.434],[44.5003,52.5212],[44.3467,52.3161],[44.044,52.3495],[43.747,52.4334],[43.3527,52.3925],[43.193,52.4623],[43.0796,52.4027],[42.7515,52.1738],[42.806,52.0122],[42.6941,51.9661],[42.6433,51.804],[42.4904,51.6928],[42.4892,51.6077],[42.8609,51.3814],[42.8729,51.2313]]]},"properties":{"iso":"RUS","name":"Saratov","country":"Rússia","code":"RU-SAR"}},
{"type":"Feature","geometry":{"type":"Polygon","coordinates":[[[46.6202,48.6696],[46.298,48.84],[46.0575,48.8689],[45.9483,48.8359],[45.7595,48.6658],[45.6087,48.5928],[45.3011,48.558],[45.3749,48.4641],[45.0415,48.3946],[44.9874,48.2682],[45.1495,48.2383],[45.3006,48.0977],[45.5469,47.9971],[45.741,48.0001],[45.707,47.9084],[45.8433,47.7193],[46.1163,47.5024],[46.2971,47.437],[46.4494,47.4781],[46.6845,47.628],[46.7882,47.5566],[46.5113,47.4064],[46.8009,47.0036],[46.912,46.9796],[46.9879,46.8633],[47.1259,46.8507],[47.2135,46.7423],[46.9301,46.5556],[46.9397,46.4316],[46.6636,46.429],[46.5044,46.2738],[46.8563,46.2442],[46.8455,46.0755],[47.089,46.1182],[46.9062,45.6368],[46.9222,45.5777],[47.2961,45.6463],[47.47,45.6348],[47.4964,45.5653],[47.615,45.5702],[47.6262,45.7091],[47.897,45.6938],[48.2698,45.7795],[48.4656,45.9402],[48.7411,45.923],[48.7141,46.1296],[48.8871,46.1223],[49.112,46.2211],[49.2271,46.3279],[48.705,46.5504],[48.5732,46.5583],[48.4551,46.6608],[48.5567,46.7617],[48.764,46.6828],[49.0063,46.7691],[48.6973,47.101],[48.5251,47.4102],[48.3606,47.4931],[48.1744,47.7129],[48.0445,47.7697],[47.6497,47.7656],[47.4353,47.8344],[47.3597,47.6833],[47.1745,47.7705],[47.1553,47.8774],[47.0512,47.9746],[47.1036,48.1012],[47.0783,48.2753],[46.4793,48.4102],[46.6202,48.6696]]]},"properties":{"iso":"RUS","name":"Astrakhan'","country":"Rússia","code":"RU-AST"}},
{"type":"Feature","geometry":{"type":"Polygon","coordinates":[[[41.3621,50.2263],[41.6167,49.9622],[41.8761,49.9004],[42.1151,49.7503],[42.1784,49.6684],[42.072,49.5018],[42.0366,49.2674],[42.0952,49.1406],[42.3438,49.1521],[42.4106,49.0473],[42.6443,48.9769],[42.7397,48.7863],[42.6511,48.7046],[42.6337,48.5516],[42.1652,48.464],[42.0741,48.3919],[42.0964,48.1541],[42.0298,48.0285],[42.4919,48.0136],[42.7285,47.8541],[42.785,47.7311],[42.9553,47.5103],[43.0543,47.5728],[43.2625,47.4502],[43.482,47.4837],[43.7315,47.4766],[43.6336,47.5704],[43.7052,47.6831],[43.9515,47.7561],[44.0825,47.909],[44.3891,47.8683],[44.4669,47.9902],[44.3141,48.0941],[44.3059,48.2551],[44.5402,48.1969],[44.5467,48.0631],[44.766,48.0588],[44.9332,48.1355],[45.3006,48.0977],[45.1495,48.2383],[44.9874,48.2682],[45.0415,48.3946],[45.3749,48.4641],[45.3011,48.558],[45.6087,48.5928],[45.7595,48.6658],[45.9483,48.8359],[46.0575,48.8689],[46.298,48.84],[46.6202,48.6696],[46.7538,48.9141],[47.0209,49.0968],[47.0286,49.2015],[46.7751,49.3325],[46.8999,49.8203],[46.9586,49.8841],[47.1774,49.9472],[47.3087,50.0448],[47.2948,50.2754],[47.4345,50.3765],[47.2774,50.3717],[47.184,50.5119],[47.0077,50.4802],[46.8777,50.5239],[46.8305,50.6325],[46.5834,50.7007],[46.4608,50.5469],[46.0653,50.5437],[46.0684,50.6523],[45.8895,50.7586],[45.6782,50.7295],[45.6676,50.5936],[45.4951,50.6126],[45.2411,50.5863],[45.1913,50.6974],[45.3081,50.8768],[45.2018,51.0396],[45.0425,51.1263],[44.6596,51.1726],[44.2103,51.1935],[44.1818,51.1166],[44.0045,51.0873],[43.6823,51.113],[43.6422,51.0661],[43.3298,51.0177],[42.8729,51.2313],[42.7155,51.2394],[42.573,51.1685],[42.2548,51.1325],[41.977,51.2033],[41.8549,51.1886],[41.737,51.0257],[41.4443,50.9174],[41.3144,50.7246],[41.4001,50.625],[41.4235,50.4816],[41.5086,50.3921],[41.3621,50.2263]]]},"properties":{"iso":"RUS","name":"Volgograd","country":"Rússia","code":"RU-VGG"}},
{"type":"Feature","geometry":{"type":"MultiPolygon","coordinates":[[[[-139.0602,60.0001],[-139.1832,60.1002],[-139.1016,60.3466],[-139.6283,60.3341],[-140.0158,60.1874],[-140.4241,60.2932],[-140.5337,60.2185],[-141.0012,60.3211],[-141.0018,61.6331],[-141.0023,62.6536],[-141.0026,63.3825],[-141.0031,64.5487],[-141.0036,65.5692],[-141.0042,66.5896],[-141.0047,67.7558],[-141.0051,68.6305],[-141.0056,69.6509],[-141.4129,69.6504],[-141.6533,69.7622],[-142.2709,69.856],[-142.6008,70.0131],[-143.2357,70.1182],[-144.3861,70.044],[-144.5902,69.9828],[-144.9416,69.978],[-145.5997,70.0808],[-145.8802,70.175],[-146.8488,70.1934],[-147.1237,70.1675],[-147.8061,70.2365],[-147.7987,70.2904],[-148.2574,70.3545],[-148.3814,70.3125],[-149.3445,70.5101],[-149.8897,70.5128],[-150.1191,70.4429],[-150.5131,70.5039],[-151.1777,70.4487],[-151.9797,70.4487],[-151.7604,70.5667],[-152.4562,70.5559],[-152.5141,70.6889],[-152.2192,70.818],[-152.5458,70.8875],[-153.3024,70.9287],[-153.8935,70.8984],[-154.131,70.7913],[-154.5388,70.8262],[-154.7129,70.9056],[-154.5971,71.0005],[-155.1093,71.1504],[-155.1967,71.0414],[-155.5179,70.9521],[-155.5424,70.8664],[-155.9198,70.8254],[-156.0872,70.927],[-155.5937,71.0697],[-155.6247,71.1835],[-155.9993,71.1945],[-156.8172,71.3063],[-157.2312,71.0714],[-157.5591,70.9514],[-158.043,70.8369],[-159.3568,70.7602],[-159.6682,70.805],[-159.9479,70.6364],[-160.2162,70.579],[-160.8607,70.3473],[-161.3422,70.2588],[-162.015,70.2773],[-162.4615,70.0596],[-162.5378,69.9567],[-162.9498,69.7905],[-163.1558,69.3594],[-163.6225,69.1192],[-163.9645,69.0031],[-164.3464,68.9294],[-165.0441,68.8815],[-165.6647,68.8616],[-166.2368,68.8748],[-166.24,68.5643],[-166.5482,68.3588],[-166.1035,68.2399],[-165.9281,68.1369],[-165.4372,68.0602],[-164.856,67.8496],[-164.6936,67.8246],[-164.1515,67.6196],[-163.81,67.3352],[-163.6883,67.1032],[-162.9373,67.0293],[-162.7333,67.0488],[-162.4355,66.991],[-161.8352,67.055],[-161.7307,66.9536],[-161.8806,66.8148],[-161.8683,66.7063],[-161.5626,66.5664],[-161.3137,66.5353],[-161.1361,66.6519],[-160.881,66.6724],[-160.2192,66.5321],[-160.2491,66.4023],[-160.7848,66.3745],[-161.061,66.4862],[-161.6072,66.4539],[-161.8708,66.5322],[-162.0808,66.6662],[-162.015,66.7724],[-162.3271,66.9604],[-162.6387,66.8996],[-162.4405,66.7308],[-162.2645,66.7227],[-161.9325,66.5563],[-161.7446,66.4055],[-161.5107,66.4077],[-161.1357,66.3432],[-161.1143,66.2069],[-161.5712,66.258],[-161.6853,66.1386],[-161.9156,66.0424],[-162.1794,66.0759],[-162.6547,66.0385],[-162.7648,66.1039],[-163.1217,66.0704],[-163.6805,66.0786],[-163.8905,66.1676],[-163.8956,66.3993],[-163.7591,66.5048],[-163.9864,66.6123],[-164.7181,66.5563],[-164.9506,66.4602],[-165.3057,66.437],[-165.7664,66.3236],[-165.89,66.241],[-165.5001,66.1523],[-165.755,66.1053],[-166.2875,66.1796],[-166.725,66.0613],[-167.0599,65.8776],[-167.3459,65.8986],[-167.8227,65.7203],[-168.081,65.5915],[-167.3986,65.4011],[-166.9383,65.3851],[-166.3101,65.3122],[-166.2516,65.2581],[-166.7495,65.062],[-166.6845,64.9822],[-166.3902,64.8985],[-166.4835,64.7296],[-166.1897,64.5852],[-165.4462,64.5119],[-165.0355,64.4483],[-164.3419,64.59],[-163.5366,64.5645],[-163.135,64.4125],[-163.053,64.51],[-163.3898,64.5969],[-163.2425,64.6484],[-162.8275,64.5006],[-162.6072,64.5068],[-162.0809,64.7211],[-161.7164,64.7949],[-161.4222,64.7744],[-161.1826,64.9395],[-160.8847,64.8101],[-160.8032,64.6434],[-161.035,64.5078],[-161.457,64.5211],[-160.9735,64.2505],[-160.9288,64.0482],[-160.767,63.8241],[-160.7916,63.7465],[-161.1863,63.5056],[-161.5734,63.4554],[-162.087,63.4523],[-162.2373,63.5463],[-162.5965,63.2767],[-162.8063,63.2196],[-163.094,63.0574],[-163.3505,63.0308],[-163.6025,63.1056],[-163.7673,63.2248],[-164.1454,63.2622],[-164.5791,63.1406],[-164.4416,63.0319],[-164.7235,63.0129],[-164.8832,62.8415],[-164.8132,62.6202],[-164.8679,62.538],[-165.133,62.5157],[-165.7056,62.1166],[-165.7391,61.9651],[-165.6091,61.8513],[-166.1028,61.8211],[-165.9112,61.7042],[-166.1999,61.5946],[-165.777,61.5158],[-165.9213,61.3994],[-165.8287,61.313],[-165.6237,61.2805],[-165.6217,61.1435],[-165.3737,61.0716],[-165.2115,61.1496],[-165.0587,61.0629],[-165.129,60.9235],[-164.628,60.9323],[-164.5644,60.8547],[-164.0071,60.8622],[-163.7659,60.8895],[-163.4243,60.7647],[-163.4643,60.6766],[-163.7944,60.5842],[-163.8069,60.7349],[-163.9556,60.7799],[-164.2184,60.6902],[-164.2708,60.7879],[-164.6691,60.8258],[-164.6684,60.9218],[-165.0314,60.787],[-164.9992,60.7114],[-165.3143,60.5809],[-164.989,60.3414],[-164.4853,60.1837],[-164.4127,60.0918],[-164.2006,60.0343],[-164.0983,59.8337],[-163.6149,59.8008],[-163.0876,59.8591],[-162.5258,59.9975],[-162.3749,60.1763],[-162.1088,59.9652],[-162.0818,59.8779],[-161.7139,59.5014],[-161.9466,59.3878],[-162.0295,59.2301],[-161.9741,59.1314],[-161.614,59.0808],[-161.7995,58.984],[-161.7174,58.7548],[-161.9128,58.6319],[-161.5624,58.602],[-161.3575,58.7262],[-160.6672,58.9476],[-160.3522,59.0707],[-160.2572,58.9119],[-160.0458,58.8826],[-159.9115,58.7758],[-159.7252,58.9104],[-159.385,58.7558],[-159.0513,58.4247],[-158.8297,58.4048],[-158.77,58.5185],[-158.8894,58.7063],[-158.7939,58.8164],[-158.4083,58.7701],[-158.3159,58.6466],[-158.1537,58.614],[-157.5682,58.7479],[-157.4752,58.7996],[-157.0845,58.8867],[-157.0619,58.7262],[-157.5027,58.4637],[-157.529,58.256],[-157.6055,58.1052],[-157.7088,57.7299],[-157.7097,57.5687],[-157.9407,57.4975],[-158.0797,57.3966],[-158.3124,57.3149],[-158.6821,57.022],[-158.6815,56.7866],[-158.945,56.8429],[-159.4564,56.6293],[-159.7457,56.5793],[-160.1887,56.3869],[-160.3687,56.2768],[-160.5681,56.0076],[-160.5207,55.9352],[-160.6887,55.8623],[-160.8204,55.7392],[-161.1242,55.9612],[-161.4577,55.9539],[-161.8263,55.8799],[-162.227,55.6979],[-162.6533,55.3615],[-162.962,55.169],[-163.0517,55.2143],[-163.3345,55.1195],[-163.2176,55.0454],[-163.0411,55.0994],[-162.8776,54.939],[-162.6455,54.9984],[-162.5833,55.3011],[-162.4165,55.0979],[-162.2748,55.0196],[-161.9566,55.1257],[-161.8945,55.2424],[-161.7164,55.3933],[-161.7084,55.5271],[-161.6208,55.613],[-161.3887,55.5722],[-161.5184,55.3834],[-161.2792,55.3549],[-161.025,55.4274],[-160.9245,55.5191],[-160.7826,55.4471],[-160.4775,55.4946],[-160.4352,55.5769],[-160.1641,55.6571],[-159.8304,55.8527],[-159.6252,55.8127],[-159.0993,55.9283],[-158.9283,55.9208],[-158.8594,56.0129],[-158.4836,56.0324],[-158.3183,56.1747],[-158.3454,56.3256],[-158.6328,56.2982],[-158.3551,56.4711],[-158.068,56.5119],[-157.8771,56.4782],[-157.9134,56.6539],[-157.4042,56.7737],[-157.1894,56.7763],[-156.7675,57.0118],[-156.5742,56.9832],[-156.4884,57.1138],[-156.346,57.1778],[-156.392,57.3148],[-156.3389,57.4154],[-155.8162,57.5725],[-155.3944,57.7257],[-155.3347,57.8265],[-155.0687,57.8974],[-155.0231,58.0256],[-154.5831,58.025],[-154.4432,58.1445],[-154.2803,58.133],[-154.1657,58.2168],[-154.3001,58.3204],[-154.0002,58.3856],[-153.8994,58.6167],[-153.6907,58.6216],[-153.4388,58.7336],[-153.3316,58.9338],[-153.7115,59.0707],[-154.1984,59.077],[-154.0764,59.3812],[-153.7247,59.4661],[-153.5732,59.6422],[-153.3172,59.6388],[-153.0553,59.7102],[-153.0212,59.8889],[-152.7379,59.9084],[-152.5903,60.0922],[-152.6984,60.1701],[-152.416,60.2978],[-152.3401,60.4761],[-152.0514,60.6732],[-151.8407,60.7511],[-151.7469,60.9168],[-151.5668,60.9945],[-151.1548,61.0644],[-151.0609,61.1633],[-150.6336,61.2987],[-150.4506,61.2526],[-149.9838,61.2463],[-150.0673,61.1557],[-149.618,60.9946],[-150.0438,60.9168],[-150.2253,60.9372],[-150.4525,61.0342],[-151.0715,60.7853],[-151.4173,60.7182],[-151.2828,60.5371],[-151.4654,60.1877],[-151.706,60.0417],[-151.8829,59.7865],[-151.7469,59.6828],[-151.4726,59.6357],[-151.1091,59.7865],[-151.2733,59.56],[-151.4404,59.4936],[-151.6518,59.4859],[-151.894,59.4128],[-151.9772,59.2794],[-151.7415,59.1671],[-151.5681,59.1758],[-151.3968,59.2583],[-151.0925,59.2851],[-150.6531,59.4239],[-150.5533,59.5357],[-150.3262,59.476],[-149.9165,59.7176],[-149.8072,59.7176],[-149.7386,59.8909],[-149.5769,59.8976],[-149.3411,60.0224],[-148.926,59.9715],[-148.5618,59.9571],[-148.402,59.9914],[-148.1413,60.2322],[-148.2762,60.2796],[-147.9419,60.4431],[-148.0836,60.6049],[-148.2063,60.6206],[-148.2646,60.7608],[-148.5864,60.8305],[-148.3065,60.8957],[-148.1724,61.0233],[-147.9381,60.9088],[-147.3646,60.8913],[-147.1007,61.0153],[-146.8155,61.0318],[-146.6835,60.8798],[-146.5115,60.8186],[-146.4823,60.687],[-146.2225,60.7558],[-145.6918,60.6567],[-145.6813,60.6081],[-145.9388,60.4561],[-145.5726,60.4511],[-145.3891,60.3625],[-145.2359,60.3681],[-145.0195,60.5264],[-144.7908,60.4649],[-144.9145,60.3812],[-144.5711,60.1906],[-144.3476,60.2011],[-143.9186,59.997],[-143.6096,60.0495],[-143.1958,60.0677],[-142.7985,60.1124],[-141.9691,60.0281],[-141.7327,59.9631],[-141.3859,60.0348],[-141.2616,60.0118],[-141.2742,59.8492],[-140.8631,59.7456],[-140.3227,59.7012],[-139.6211,59.8903],[-139.4734,59.7176],[-139.6576,59.5755],[-139.857,59.5463],[-139.2059,59.3198],[-138.9817,59.2748],[-138.1849,59.0256],[-137.9844,58.92],[-137.931,58.803],[-137.5543,58.6208],[-137.5185,58.5648],[-137.1314,58.4013],[-136.9794,58.4069],[-136.5984,58.223],[-136.0267,58.3881],[-136.2691,58.7641],[-136.0603,58.8259],[-135.8411,58.5284],[-135.8867,58.3794],[-135.6275,58.4263],[-135.4159,58.395],[-135.3096,58.2521],[-135.1456,58.2168],[-135.0528,58.3093],[-135.2262,58.6123],[-135.231,58.7717],[-135.3858,58.9543],[-135.3607,59.1138],[-135.2296,59.1259],[-135.1436,58.8339],[-134.827,58.511],[-134.7673,58.4003],[-134.498,58.3539],[-134.2416,58.2143],[-134.0677,58.2789],[-134.0597,58.0722],[-133.8612,57.9567],[-133.5729,57.7161],[-133.6588,57.6209],[-133.4974,57.5316],[-133.3915,57.3352],[-133.552,57.1815],[-133.093,57.0865],[-132.7677,56.9697],[-132.8604,56.9189],[-132.6732,56.8028],[-132.4795,56.7428],[-132.4769,56.6045],[-132.2033,56.4713],[-132.161,56.3802],[-131.9713,56.3564],[-131.8138,56.196],[-131.963,56.1574],[-131.9435,56.0069],[-132.086,55.8458],[-132.2615,55.7397],[-132.1716,55.5885],[-131.9614,55.501],[-131.8277,55.6679],[-131.7359,55.8867],[-131.4144,56.0102],[-131.1652,55.9406],[-130.8899,55.7153],[-130.8732,55.342],[-131.0576,55.1987],[-130.9497,55.0738],[-130.9342,54.8244],[-130.5803,54.8064],[-130.3654,54.9073],[-130.0782,55.2338],[-129.9892,55.284],[-130.147,55.5472],[-130.1737,55.7495],[-130.0196,55.908],[-130.0715,56.0841],[-130.404,56.1219],[-130.4955,56.2324],[-130.6458,56.2619],[-130.8391,56.3725],[-131.1005,56.4077],[-131.5859,56.595],[-131.7991,56.5877],[-131.8716,56.7935],[-132.1074,56.8588],[-132.0319,57.0284],[-132.3412,57.0804],[-132.231,57.1968],[-132.5524,57.4991],[-133.1656,58.1473],[-133.3746,58.291],[-133.4631,58.4622],[-133.8712,58.7359],[-134.2222,58.8427],[-134.3994,58.975],[-134.398,59.052],[-134.7055,59.2401],[-134.9324,59.2706],[-135.0958,59.4189],[-135.0162,59.5434],[-135.4828,59.7925],[-135.9238,59.6667],[-136.2585,59.6216],[-136.275,59.4864],[-136.4676,59.4616],[-136.4665,59.2878],[-136.6135,59.1542],[-136.8408,59.1482],[-137.2819,58.9872],[-137.4231,58.9077],[-137.6114,59.2393],[-138.5992,59.7538],[-138.6921,59.8869],[-139.0602,60.0001]]],[[[-132.703,54.7012],[-132.7225,54.7766],[-132.9425,54.9482],[-132.9971,55.0643],[-133.2169,55.0991],[-133.0371,54.8774],[-132.8562,54.7447],[-132.703,54.7012]]],[[[-131.4796,55.0063],[-131.3455,55.0581],[-131.5315,55.1518],[-131.6245,55.0174],[-131.4796,55.0063]]],[[[-130.9619,55.5851],[-130.9383,55.6515],[-131.1796,55.9235],[-131.2803,55.9652],[-131.5788,55.9072],[-131.6706,55.8395],[-131.7074,55.6296],[-131.6505,55.5503],[-131.8103,55.4766],[-131.6615,55.3432],[-131.192,55.1857],[-131.0652,55.2611],[-130.9619,55.5851]]],[[[-133.6073,56.0785],[-133.7949,55.9436],[-133.631,55.9186],[-133.4703,56.0173],[-133.2995,56.012],[-133.3927,56.1605],[-133.6073,56.0785]]],[[[-132.5484,56.3044],[-132.6814,56.2292],[-132.6454,56.0581],[-132.4491,56.0648],[-132.3034,55.9154],[-132.1226,55.9455],[-132.0922,56.1064],[-132.5484,56.3044]]],[[[-131.9767,54.8315],[-131.9943,55.2681],[-132.0907,55.2768],[-132.4013,55.5168],[-132.3467,55.6431],[-132.4627,55.7768],[-132.7364,55.9966],[-132.9185,56.0659],[-133.0628,56.0523],[-133.0539,56.2344],[-133.1821,56.3323],[-133.5868,56.3529],[-133.6122,56.2123],[-133.2855,56.1674],[-133.2367,55.9003],[-133.1479,55.8184],[-133.3852,55.7093],[-133.2513,55.5848],[-133.0631,55.6235],[-133.213,55.2792],[-132.9596,55.2766],[-132.6086,55.1192],[-132.5794,54.9544],[-132.2648,54.8446],[-132.2976,54.7445],[-132.004,54.6938],[-131.9767,54.8315]]],[[[-132.6129,56.4006],[-132.703,56.4621],[-132.9242,56.452],[-133.0489,56.3628],[-132.8689,56.2435],[-132.6472,56.2824],[-132.6129,56.4006]]],[[[-132.004,56.3392],[-132.1239,56.3432],[-132.3392,56.4832],[-132.3529,56.2778],[-132.0723,56.1195],[-131.9283,56.1946],[-132.004,56.3392]]],[[[-132.9596,56.788],[-132.8909,56.6294],[-132.9375,56.5176],[-132.7917,56.4969],[-132.5334,56.6003],[-132.8163,56.7973],[-132.9596,56.788]]],[[[-133.8847,56.4901],[-133.8577,56.5875],[-133.7057,56.6042],[-133.8012,56.777],[-134.1759,56.922],[-134.4086,56.8429],[-134.3576,56.6766],[-134.2469,56.5634],[-134.0674,56.4776],[-134.1144,56.3938],[-134.282,56.3628],[-134.2001,56.1505],[-133.9491,56.0924],[-133.8956,56.22],[-133.9813,56.2839],[-133.8452,56.4344],[-133.8847,56.4901]]],[[[-133.9127,57.0828],[-134.0182,57.0176],[-133.6966,56.832],[-133.6594,56.4642],[-133.1479,56.4621],[-132.9339,56.6416],[-132.9911,56.8084],[-132.9804,56.935],[-133.1091,56.9987],[-133.3882,56.9971],[-133.5829,57.05],[-133.9127,57.0828]]],[[[-152.9079,57.1647],[-153.2605,57.2056],[-153.4116,57.079],[-153.3256,57.022],[-152.9079,57.1647]]],[[[-135.6016,57.1716],[-135.6152,57.2845],[-135.8241,57.3323],[-135.7621,57.1142],[-135.6016,57.1716]]],[[[-134.6215,56.7438],[-134.8083,57.1814],[-134.9948,57.3978],[-135.3812,57.5536],[-135.6732,57.3497],[-135.3103,57.0473],[-135.2945,56.8922],[-135.3675,56.8289],[-135.1547,56.7459],[-135.0528,56.5378],[-134.75,56.2174],[-134.6264,56.2615],[-134.6215,56.7438]]],[[[-152.1609,57.6271],[-152.4678,57.6572],[-152.459,57.7681],[-152.3291,57.8258],[-152.4863,57.9107],[-153.2025,57.9462],[-153.1919,57.8052],[-153.5744,57.8395],[-153.7238,57.9021],[-153.9246,57.8105],[-153.9255,57.7296],[-153.754,57.562],[-153.8113,57.4123],[-154.0559,57.6551],[-154.2393,57.6733],[-154.6147,57.5266],[-154.81,57.3466],[-154.6015,57.2589],[-154.535,57.1746],[-154.5286,56.9916],[-154.238,56.8996],[-154.1583,56.9692],[-153.8771,56.9766],[-154.1301,56.7865],[-153.9625,56.7482],[-153.5598,56.9865],[-153.6108,57.0238],[-153.2533,57.2367],[-153.0963,57.2182],[-152.6922,57.2833],[-152.591,57.4509],[-152.3303,57.446],[-152.1609,57.6271]]],[[[-135.848,57.3944],[-135.7074,57.3665],[-135.5463,57.4661],[-135.628,57.706],[-135.0569,57.4666],[-134.8139,57.4975],[-134.9139,57.7558],[-135.1975,57.7097],[-135.3724,57.8052],[-134.9425,57.8066],[-134.9248,58.0275],[-135.3893,58.1411],[-135.8135,58.2744],[-135.9823,58.1676],[-136.4053,58.1339],[-136.2969,58.0106],[-136.3948,57.8857],[-136.1428,57.6448],[-135.9468,57.5163],[-135.848,57.3944]]],[[[-134.354,57.0927],[-134.1274,57.2646],[-133.865,57.3551],[-133.9379,57.6186],[-134.2087,57.8399],[-134.3122,57.9794],[-134.1693,58.0778],[-134.1864,58.1684],[-134.6932,58.1684],[-134.7978,58.1128],[-134.6536,57.5982],[-134.4639,57.3944],[-134.6215,57.2299],[-134.6229,57.1108],[-134.5018,57.029],[-134.354,57.0927]]],[[[-151.966,58.3328],[-152.0951,58.3676],[-152.4769,58.3615],[-152.4998,58.4632],[-152.6506,58.4836],[-152.7933,58.2868],[-153.0417,58.3056],[-153.2296,58.1689],[-153.0144,58.0455],[-152.8049,57.9915],[-152.7081,58.0521],[-152.3311,58.165],[-152.13,58.1662],[-151.9722,58.2373],[-151.966,58.3328]]],[[[-160.9476,58.7376],[-161.0617,58.7005],[-161.0741,58.5469],[-160.8979,58.5703],[-160.6859,58.8108],[-160.9476,58.7376]]],[[[-147.1072,60.2862],[-147.2956,60.2322],[-147.3802,60.1396],[-147.7031,59.9975],[-147.8861,59.8576],[-147.8402,59.7865],[-147.4903,59.9392],[-147.2338,60.1331],[-147.0105,60.2337],[-147.1072,60.2862]]],[[[-177.8003,51.7957],[-177.9523,51.9248],[-178.2138,51.876],[-177.9548,51.7291],[-177.8003,51.7957]]],[[[-176.4372,51.7883],[-176.6415,51.8572],[-176.9151,51.7919],[-176.8822,51.7204],[-176.5881,51.6859],[-176.4372,51.7883]]],[[[-173.1234,52.108],[-173.8388,52.1196],[-173.836,52.0434],[-173.3765,52.0388],[-173.1234,52.108]]],[[[-172.4072,52.3854],[-172.558,52.3507],[-172.5294,52.2502],[-172.3109,52.3165],[-172.4072,52.3854]]],[[[-174.052,52.2408],[-173.9919,52.3126],[-174.1903,52.4179],[-174.3468,52.3643],[-174.2283,52.2675],[-174.3309,52.2023],[-174.5591,52.1793],[-174.9746,52.0583],[-174.7153,52.0165],[-174.3738,52.1117],[-174.1002,52.1409],[-174.052,52.2408]]],[[[-167.8575,53.3928],[-167.7948,53.502],[-168.0083,53.5703],[-168.1998,53.5402],[-168.4066,53.4095],[-168.3608,53.2713],[-168.6057,53.2751],[-168.7595,53.1867],[-168.7513,52.9602],[-168.4899,53.0421],[-168.2876,53.243],[-167.8575,53.3928]]],[[[-166.2943,53.728],[-166.4404,53.7545],[-166.4558,53.8961],[-166.7539,54.016],[-167.0216,53.9612],[-167.1634,53.8574],[-166.9465,53.7158],[-167.1554,53.6226],[-167.1586,53.4771],[-167.3215,53.4164],[-167.4746,53.434],[-167.7185,53.3813],[-167.85,53.3096],[-167.6651,53.2419],[-167.3913,53.3444],[-166.8768,53.4815],[-166.6564,53.5024],[-166.5472,53.6259],[-166.2943,53.728]]],[[[-165.7391,54.1252],[-165.8796,54.2134],[-166.0712,54.1852],[-166.0408,54.0364],[-165.7391,54.1252]]],[[[179.7809,51.967],[179.6434,52.0303],[179.4861,51.9739],[179.6421,51.8742],[179.7809,51.967]]],[[[173.3766,52.8305],[173.3013,52.9256],[173.1272,52.9949],[172.9694,52.9744],[172.6604,53.0086],[172.6404,52.8688],[172.9443,52.7498],[173.0894,52.8305],[173.3766,52.8305]]],[[[-163.0738,54.6876],[-163.1442,54.7703],[-163.373,54.7927],[-163.4232,54.912],[-163.5716,55.057],[-163.9167,55.0364],[-164.314,54.893],[-164.5474,54.8828],[-164.7007,54.6783],[-164.9582,54.5852],[-164.8453,54.4235],[-164.6526,54.392],[-164.4056,54.436],[-164.3297,54.5348],[-164.1327,54.6232],[-163.7899,54.6379],[-163.6225,54.6118],[-163.4307,54.6801],[-163.0738,54.6876]]],[[[-160.4974,55.1946],[-160.696,55.4069],[-160.8536,55.3319],[-160.8474,55.2071],[-160.6271,55.1537],[-160.4974,55.1946]]],[[[-165.5821,59.951],[-165.7329,60.1763],[-165.6844,60.2998],[-165.9882,60.3206],[-166.1854,60.4022],[-166.4592,60.3872],[-166.7923,60.2923],[-166.874,60.2106],[-167.2881,60.2387],[-167.4361,60.1954],[-167.1898,60.0278],[-166.6134,59.8564],[-166.244,59.8078],[-165.5821,59.951]]],[[[-168.7407,63.281],[-169.0076,63.3493],[-169.5495,63.3629],[-170.0386,63.5319],[-170.0825,63.6152],[-170.2974,63.6955],[-170.6626,63.6725],[-170.937,63.5717],[-171.5043,63.6533],[-171.7206,63.7527],[-171.8529,63.5212],[-171.7356,63.3759],[-171.4393,63.3198],[-171.0839,63.4449],[-170.8562,63.4604],[-170.4443,63.3592],[-170.1134,63.2028],[-169.8175,63.1268],[-169.7162,63.0248],[-169.2873,63.1933],[-168.8118,63.1701],[-168.7407,63.281]]]]},"properties":{"iso":"USA","name":"Alaska","country":"Estados Unidos","code":"US-AK"}},
{"type":"Feature","geometry":{"type":"Polygon","coordinates":[[[-123.8191,60.0001],[-123.9808,60.0985],[-124.1957,60.3301],[-124.2162,60.4613],[-124.4164,60.4793],[-124.6027,60.7183],[-124.4787,60.7879],[-124.5665,60.939],[-124.8282,60.9612],[-124.869,60.8634],[-125.1583,60.8523],[-125.3218,60.7879],[-125.7154,60.834],[-125.826,60.8831],[-126.0938,60.8147],[-126.6596,60.7497],[-126.8845,60.7819],[-126.9346,61.0522],[-127.1457,61.4652],[-127.3127,61.5216],[-127.5348,61.5102],[-127.9728,61.6887],[-128.1988,61.8463],[-128.3968,62.0413],[-128.5466,62.1218],[-128.7625,62.0608],[-128.9966,62.1362],[-129.13,62.1161],[-129.3094,62.3212],[-129.1969,62.5072],[-129.4955,62.6077],[-129.7645,62.8516],[-129.6138,63.0722],[-129.8447,63.0913],[-129.8919,63.1834],[-130.1294,63.3165],[-129.9189,63.3733],[-129.8228,63.4779],[-130.098,63.7823],[-130.7399,63.9734],[-130.9405,64.15],[-131.0035,64.3252],[-131.1456,64.4241],[-131.403,64.4631],[-131.6194,64.3687],[-131.8058,64.4266],[-131.8487,64.5558],[-132.0538,64.6964],[-132.3206,64.7686],[-132.5691,64.775],[-132.5134,64.9434],[-132.3539,65.069],[-132.7134,65.2286],[-132.3221,65.4398],[-132.1822,65.5835],[-132.3707,65.7715],[-132.5694,65.8441],[-132.3467,65.9409],[-132.5615,66.0293],[-132.8067,65.9281],[-132.9204,66.0255],[-133.1274,66.0233],[-133.4246,65.9443],[-133.6118,65.9619],[-133.5843,66.2928],[-133.8191,66.3102],[-133.6006,66.5593],[-133.8342,66.7258],[-133.7633,66.7986],[-134.0301,66.9866],[-134.6495,67.0035],[-136.1622,67.0037],[-136.2304,67.1875],[-136.0952,67.2972],[-136.2009,67.4081],[-136.1894,67.5642],[-136.4448,67.7256],[-136.4449,68.9099],[-136.663,68.8758],[-137.1912,68.9479],[-138.0955,69.1401],[-138.3124,69.2295],[-138.6367,69.2837],[-139.1438,69.5137],[-139.918,69.6213],[-140.2227,69.5991],[-141.0056,69.6509],[-141.0051,68.6305],[-141.0047,67.7558],[-141.0042,66.5896],[-141.0036,65.5692],[-141.0031,64.5487],[-141.0026,63.3825],[-141.0023,62.6536],[-141.0018,61.6331],[-141.0012,60.3211],[-140.5337,60.2185],[-140.4241,60.2932],[-140.0158,60.1874],[-139.6283,60.3341],[-139.1016,60.3466],[-139.1832,60.1002],[-139.0602,60.0001],[-137.6235,60.0001],[-136.1955,60.0001],[-135.2434,60.0001],[-133.8154,60.0001],[-132.3874,60.0001],[-130.4833,60.0001],[-128.5793,60.0001],[-127.6272,60.0001],[-126.1992,60.0001],[-124.7712,60.0001],[-123.8191,60.0001]]]},"properties":{"iso":"CAN","name":"Yukon","country":"Canadá","code":"CA-YT"}},
{"type":"Feature","geometry":{"type":"Polygon","coordinates":[[[109.7481,21.5749],[109.8027,21.4733],[109.7732,21.2154],[109.6702,21.1232],[109.7098,21.0572],[109.6612,20.9276],[109.7732,20.8215],[109.7459,20.6298],[109.8221,20.5165],[110.0155,20.4184],[110.0271,20.3008],[110.1275,20.248],[110.2803,20.253],[110.4,20.3008],[110.5342,20.4783],[110.4085,20.5859],[110.3375,20.7258],[110.3862,20.826],[110.1567,20.8489],[110.1567,20.986],[110.4815,21.2172],[110.6365,21.2302],[110.7905,21.4038],[110.8694,21.3847],[111.2063,21.5321],[111.3013,21.4993],[111.438,21.5341],[111.6305,21.5299],[111.6904,21.6038],[111.992,21.7638],[112.1727,21.8144],[112.2449,21.7065],[112.3633,21.7333],[112.4432,21.8284],[112.608,21.7751],[112.6451,21.8494],[112.826,21.9661],[112.9571,21.8757],[113.0286,21.9611],[113.0266,22.1432],[113.1575,22.0247],[113.2306,22.0432],[113.3027,22.1833],[113.4837,22.1551],[113.5877,22.2379],[113.5464,22.4376],[113.5992,22.5752],[113.4395,22.7394],[113.3679,22.8807],[113.4737,22.9182],[113.5364,23.0631],[113.6121,22.9947],[113.6626,22.7981],[113.7444,22.7612],[113.8903,22.4527],[113.9519,22.5238],[114.0553,22.5069],[114.162,22.5605],[114.3956,22.6135],[114.5371,22.5672],[114.5238,22.6872],[114.7167,22.7908],[114.7438,22.6094],[114.8658,22.6017],[115.0655,22.796],[115.2456,22.8354],[115.3735,22.6942],[115.5239,22.7418],[115.584,22.8803],[115.6533,22.8937],[115.8099,22.8083],[115.958,22.8047],[116.171,22.8645],[116.2985,22.9632],[116.4947,22.9394],[116.5633,23.0188],[116.5336,23.1091],[116.7313,23.2577],[116.8666,23.4502],[116.9176,23.6379],[117.0234,23.6587],[117.1746,23.6163],[117.0365,23.7383],[116.9248,24.0776],[116.9677,24.1851],[116.8824,24.394],[116.7486,24.5515],[116.7453,24.6709],[116.5296,24.6154],[116.3721,24.8413],[116.1147,24.8461],[115.8875,24.9168],[115.7873,24.8609],[115.7491,24.7477],[115.7992,24.5727],[115.7058,24.5457],[115.5992,24.6091],[115.4206,24.7846],[115.2397,24.7461],[115.1391,24.6842],[115.047,24.7067],[114.8627,24.5878],[114.7405,24.6252],[114.4981,24.5558],[114.4249,24.4996],[114.1923,24.6953],[114.3016,24.7586],[114.4135,24.9797],[114.7293,25.1189],[114.7069,25.2896],[114.5805,25.3601],[114.4292,25.386],[114.2788,25.2918],[114.115,25.3084],[114.026,25.2677],[114.0121,25.4351],[113.9275,25.4481],[113.8281,25.3567],[113.5825,25.3259],[113.4216,25.3838],[113.2175,25.5056],[112.9174,25.3249],[112.8891,25.2415],[112.9691,25.1806],[112.9889,24.9639],[112.8078,24.9428],[112.7141,24.9995],[112.6633,25.1131],[112.214,25.2004],[112.121,24.9493],[112.1448,24.7936],[111.9966,24.7357],[111.9333,24.6014],[112.0473,24.3815],[111.9759,24.2768],[111.8693,24.2318],[111.8991,23.9909],[111.7933,23.8492],[111.6575,23.8417],[111.6012,23.658],[111.471,23.6132],[111.3912,23.4313],[111.3628,23.273],[111.411,23.0526],[111.3512,22.9082],[111.1815,22.7485],[111.066,22.7406],[111.0238,22.6387],[110.7546,22.5802],[110.6424,22.1835],[110.3555,22.1008],[110.3559,21.889],[110.1424,21.8974],[109.9672,21.8667],[109.9173,21.6872],[109.7481,21.5749]]]},"properties":{"iso":"CHN","name":"Guangdong","country":"China","code":"CN-GD"}},
{"type":"Feature","geometry":{"type":"Polygon","coordinates":[[[-89.1931,16.3926],[-89.236,15.9065],[-88.914,15.8939],[-88.9276,15.9839],[-88.7457,16.1549],[-88.7401,16.2302],[-88.536,16.2741],[-88.3901,16.4977],[-88.5528,16.5165],[-88.5981,16.6673],[-88.7742,16.681],[-88.8194,16.6136],[-89.1468,16.4568],[-89.1931,16.3926]]]},"properties":{"iso":"BLZ","name":"Toledo","country":"Belize","code":"BZ-TOL"}},
{"type":"Feature","geometry":{"type":"Polygon","coordinates":[[[33.73,44.398],[33.9579,44.383],[34.3412,44.5585],[34.469,44.7298],[34.757,44.8205],[35.0057,44.8352],[35.3894,45.0019],[35.5474,45.1197],[35.7712,45.0656],[35.848,44.9924],[36.0479,45.0488],[36.2246,45.0075],[36.4401,45.0675],[36.418,45.2299],[36.6135,45.4089],[36.3,45.4733],[36.1375,45.4621],[36.0223,45.3681],[35.7918,45.4123],[35.695,45.3304],[35.4807,45.2978],[35.3322,45.3712],[35.0444,45.6701],[34.789,45.8037],[34.6886,45.974],[34.4646,45.9553],[34.3619,46.0557],[34.1052,46.0954],[33.8462,46.1957],[33.6285,46.1249],[33.7087,45.9097],[33.4822,45.8545],[33.2654,45.7538],[32.9368,45.6625],[32.5252,45.4582],[32.5129,45.3406],[32.6631,45.3201],[32.8993,45.3542],[33.2596,45.1561],[33.4134,45.1845],[33.5625,45.0939],[33.6196,44.9315],[33.5705,44.8525],[33.6745,44.7916],[33.713,44.5816],[33.8521,44.4316],[33.73,44.398]]]},"properties":{"iso":"RUS","name":"Crimea","country":"Rússia","code":"UA-43"}},
{"type":"Feature","geometry":{"type":"Polygon","coordinates":[[[-58.039,-31.5086],[-57.9066,-31.4706],[-57.7425,-31.5831],[-57.3697,-31.6908],[-57.1772,-31.7944],[-56.8413,-31.7934],[-56.4624,-31.8649],[-56.3216,-31.7513],[-56.3539,-31.5997],[-56.1871,-31.3952],[-56.158,-31.3047],[-56.0099,-31.0819],[-56.017,-31.0743],[-56.1833,-30.9375],[-56.4155,-30.8871],[-56.6785,-31.0419],[-56.9104,-31.0439],[-57.0714,-31.0779],[-57.4792,-30.8754],[-57.5721,-30.8633],[-57.7013,-30.7649],[-57.7994,-30.7915],[-57.8072,-30.9076],[-57.9117,-30.9474],[-57.8552,-31.059],[-57.9051,-31.241],[-58.039,-31.5086]]]},"properties":{"iso":"URY","name":"Salto","country":"Uruguai","code":"UY-SA"}},
{"type":"Feature","geometry":{"type":"Polygon","coordinates":[[[-56.158,-31.3047],[-56.0977,-31.2561],[-55.8569,-31.3669],[-55.7867,-31.5151],[-55.6868,-31.5656],[-55.6025,-31.8061],[-55.3476,-31.7979],[-55.1004,-31.8229],[-54.8872,-31.875],[-54.6545,-32.1228],[-54.5894,-32.1096],[-54.4672,-31.6642],[-54.5915,-31.471],[-54.8198,-31.4353],[-54.9696,-31.3408],[-55.0873,-31.3268],[-55.26,-31.2287],[-55.3539,-31.0563],[-55.5919,-30.8483],[-55.8643,-31.0768],[-56.0099,-31.0819],[-56.158,-31.3047]]]},"properties":{"iso":"URY","name":"Rivera","country":"Uruguai","code":"UY-RV"}},
{"type":"Feature","geometry":{"type":"Polygon","coordinates":[[[-53.5207,-33.125],[-53.7685,-33.1893],[-53.9888,-33.3905],[-54.1257,-33.4653],[-54.3478,-33.6166],[-54.4275,-33.8645],[-54.4821,-33.926],[-54.4609,-34.095],[-54.4921,-34.2012],[-54.4986,-34.5463],[-54.5308,-34.8069],[-54.3065,-34.7077],[-54.1459,-34.6676],[-53.9722,-34.4872],[-53.7649,-34.3904],[-53.711,-34.1988],[-53.5395,-34.0624],[-53.4731,-33.8346],[-53.4113,-33.7423],[-53.5396,-33.6493],[-53.514,-33.3949],[-53.5207,-33.125]]]},"properties":{"iso":"URY","name":"Rocha","country":"Uruguai","code":"UY-RO"}},
{"type":"Feature","geometry":{"type":"Polygon","coordinates":[[[-53.5207,-33.125],[-53.3273,-32.9736],[-53.2988,-32.8891],[-53.1828,-32.7999],[-53.5,-32.7502],[-53.834,-32.766],[-53.9684,-32.7077],[-54.0367,-32.7608],[-54.2863,-32.7313],[-54.4951,-32.7546],[-54.5967,-32.821],[-54.8196,-32.8381],[-55.0072,-32.94],[-55.01,-33.025],[-55.1111,-33.1182],[-55.0911,-33.2524],[-55.1246,-33.3818],[-54.8357,-33.3377],[-54.5043,-33.448],[-54.3546,-33.3572],[-54.1257,-33.4653],[-53.9888,-33.3905],[-53.7685,-33.1893],[-53.5207,-33.125]]]},"properties":{"iso":"URY","name":"Treinta y Tres","country":"Uruguai","code":"UY-TT"}},
{"type":"Feature","geometry":{"type":"Polygon","coordinates":[[[-54.6545,-32.1228],[-54.7557,-32.1019],[-54.8396,-32.3105],[-55.04,-32.4687],[-55.2051,-32.4571],[-55.3284,-32.4939],[-55.3208,-32.8908],[-55.1595,-33.0177],[-55.01,-33.025],[-55.0072,-32.94],[-54.8196,-32.8381],[-54.5967,-32.821],[-54.4951,-32.7546],[-54.2863,-32.7313],[-54.0367,-32.7608],[-53.9684,-32.7077],[-53.834,-32.766],[-53.5,-32.7502],[-53.1828,-32.7999],[-53.1108,-32.7224],[-53.1861,-32.6467],[-53.4156,-32.5642],[-53.6487,-32.3386],[-53.6706,-32.2264],[-53.7718,-32.0471],[-54.0688,-31.8799],[-54.1351,-31.909],[-54.4672,-31.6642],[-54.5894,-32.1096],[-54.6545,-32.1228]]]},"properties":{"iso":"URY","name":"Cerro Largo","country":"Uruguai","code":"UY-CL"}},
{"type":"Feature","geometry":{"type":"Polygon","coordinates":[[[-84.2,9.9572],[-84.028,9.982],[-84.0664,10.1534],[-83.9136,10.199],[-83.8429,10.3332],[-83.827,10.6392],[-83.7037,10.6898],[-83.7638,10.7737],[-83.9333,10.7181],[-84.0227,10.7872],[-84.1577,10.7884],[-84.1658,10.1584],[-84.2,9.9572]]]},"properties":{"iso":"CRI","name":"Heredia","country":"Costa Rica","code":"CR-H"}},
{"type":"Feature","geometry":{"type":"MultiPolygon","coordinates":[[[[-60.2941,-33.2566],[-60.4668,-33.612],[-60.5427,-33.6429],[-60.6776,-33.5757],[-60.9105,-33.5637],[-60.9631,-33.6772],[-61.7105,-34.3768],[-62.8538,-34.3821],[-63.3396,-34.3805],[-63.3736,-34.4136],[-63.3841,-35.0021],[-63.3888,-35.9846],[-63.3886,-36.8524],[-63.3878,-37.7794],[-63.3871,-38.8255],[-63.3886,-39.3258],[-63.3874,-40.7091],[-63.1178,-40.7461],[-62.8615,-40.9384],[-62.8016,-41.0417],[-62.7294,-41.0411],[-62.3378,-40.8727],[-62.2543,-40.7464],[-62.2506,-40.6222],[-62.4149,-40.4621],[-62.4842,-40.2875],[-62.3687,-40.2112],[-62.3663,-40.0541],[-62.3146,-39.8694],[-62.1642,-39.8588],[-62.1117,-39.7325],[-62.0558,-39.4519],[-62.1954,-39.3971],[-62.1679,-39.2834],[-62.3164,-39.2652],[-62.3578,-39.1022],[-62.274,-38.9545],[-62.3797,-38.7984],[-62.1573,-38.8105],[-62.0267,-38.9376],[-61.5181,-39.0115],[-61.428,-38.9825],[-61.1434,-39.0011],[-60.8657,-38.9757],[-59.8893,-38.8385],[-59.6324,-38.7838],[-59.0632,-38.6938],[-58.7292,-38.5885],[-58.567,-38.5589],[-58.1557,-38.4301],[-57.5936,-38.1528],[-57.5357,-38.0842],[-57.5119,-37.8723],[-57.3092,-37.6454],[-57.0559,-37.4127],[-56.8887,-37.162],[-56.6864,-36.9277],[-56.6649,-36.851],[-56.6976,-36.3962],[-56.7679,-36.3439],[-56.9287,-36.3637],[-57.1083,-36.2823],[-57.248,-36.1703],[-57.3664,-35.9879],[-57.3933,-35.863],[-57.3526,-35.7275],[-57.1449,-35.4842],[-57.1336,-35.4167],[-57.2488,-35.2488],[-57.522,-35.0132],[-57.7588,-34.9097],[-57.871,-34.8299],[-58.1549,-34.7504],[-58.315,-34.6572],[-58.444,-34.7749],[-58.5416,-34.7103],[-58.5385,-34.567],[-58.4742,-34.5216],[-58.5115,-34.4359],[-58.4602,-34.2729],[-58.3786,-34.1882],[-58.3878,-34.0465],[-58.447,-34.0069],[-58.6798,-34.0312],[-59.0318,-33.8296],[-59.1627,-33.8288],[-59.2623,-33.7242],[-59.3926,-33.7394],[-59.5207,-33.6553],[-59.6406,-33.671],[-59.8601,-33.524],[-60.1181,-33.3936],[-60.2941,-33.2566]]],[[[-62.1553,-40.3742],[-62.2373,-40.5099],[-62.1087,-40.5641],[-62.0285,-40.4549],[-62.1553,-40.3742]]]]},"properties":{"iso":"ARG","name":"Buenos Aires","country":"Argentina","code":"AR-B"}},
{"type":"Feature","geometry":{"type":"Polygon","coordinates":[[[-54.4821,-33.926],[-54.5742,-34.0398],[-54.6897,-34.0719],[-54.78,-34.2018],[-54.8444,-34.3929],[-55.2811,-34.597],[-55.4733,-34.6219],[-55.3738,-34.8029],[-55.2602,-34.8976],[-55.0821,-34.884],[-54.9393,-34.9699],[-54.5308,-34.8069],[-54.4986,-34.5463],[-54.4921,-34.2012],[-54.4609,-34.095],[-54.4821,-33.926]]]},"properties":{"iso":"URY","name":"Maldonado","country":"Uruguai","code":"UY-MA"}},
{"type":"Feature","geometry":{"type":"Polygon","coordinates":[[[-55.4733,-34.6219],[-55.5442,-34.4999],[-55.537,-34.3954],[-55.6191,-34.2077],[-55.9022,-34.271],[-55.9986,-34.2444],[-56.1356,-34.3646],[-56.3507,-34.3573],[-56.4013,-34.433],[-56.4719,-34.5967],[-56.3642,-34.7341],[-56.1471,-34.7247],[-56.0359,-34.7796],[-56.0384,-34.8858],[-55.7921,-34.7741],[-55.3738,-34.8029],[-55.4733,-34.6219]]]},"properties":{"iso":"URY","name":"Canelones","country":"Uruguai","code":"UY-CA"}},
{"type":"Feature","geometry":{"type":"Polygon","coordinates":[[[-56.3642,-34.7341],[-56.3646,-34.7935],[-56.3113,-34.9062],[-56.0384,-34.8858],[-56.0359,-34.7796],[-56.1471,-34.7247],[-56.3642,-34.7341]]]},"properties":{"iso":"URY","name":"Montevideo","country":"Uruguai","code":"UY-MO"}},
{"type":"Feature","geometry":{"type":"Polygon","coordinates":[[[-56.4013,-34.433],[-56.4444,-34.1778],[-56.4187,-34.0554],[-56.4627,-33.9024],[-56.6029,-33.8497],[-56.8904,-33.9884],[-57.0777,-33.963],[-56.9419,-34.1476],[-57.091,-34.2272],[-57.106,-34.4041],[-57.1675,-34.4482],[-56.7953,-34.6985],[-56.3646,-34.7935],[-56.3642,-34.7341],[-56.4719,-34.5967],[-56.4013,-34.433]]]},"properties":{"iso":"URY","name":"San José","country":"Uruguai","code":"UY-SJ"}},
{"type":"Feature","geometry":{"type":"Polygon","coordinates":[[[-57.0777,-33.963],[-57.293,-33.9464],[-57.3932,-33.8961],[-57.6542,-33.9381],[-57.8502,-33.8619],[-57.9942,-33.8621],[-58.1856,-33.782],[-58.4156,-33.8756],[-58.1962,-34.1594],[-58.077,-34.192],[-57.8225,-34.4751],[-57.6242,-34.4305],[-57.5379,-34.4536],[-57.1675,-34.4482],[-57.106,-34.4041],[-57.091,-34.2272],[-56.9419,-34.1476],[-57.0777,-33.963]]]},"properties":{"iso":"URY","name":"Colonia","country":"Uruguai","code":"UY-CO"}},
{"type":"Feature","geometry":{"type":"Polygon","coordinates":[[[-57.0777,-33.963],[-57.1837,-33.7591],[-57.1744,-33.5969],[-57.2584,-33.5414],[-57.3367,-33.3549],[-57.1271,-33.1231],[-57.2401,-33.1157],[-57.5466,-33.0254],[-57.6505,-33.085],[-57.8685,-33.0443],[-58.0603,-33.1442],[-58.0284,-33.2051],[-58.3915,-33.4244],[-58.4332,-33.5278],[-58.4156,-33.8756],[-58.1856,-33.782],[-57.9942,-33.8621],[-57.8502,-33.8619],[-57.6542,-33.9381],[-57.3932,-33.8961],[-57.293,-33.9464],[-57.0777,-33.963]]]},"properties":{"iso":"URY","name":"Soriano","country":"Uruguai","code":"UY-SO"}},
{"type":"Feature","geometry":{"type":"Polygon","coordinates":[[[-58.1915,-32.4919],[-58.1205,-32.8193],[-58.0485,-32.9117],[-58.077,-33.0307],[-58.1744,-33.1104],[-58.3669,-33.1537],[-58.3492,-33.2828],[-58.3915,-33.4244],[-58.0284,-33.2051],[-58.0603,-33.1442],[-57.8685,-33.0443],[-57.6505,-33.085],[-57.5466,-33.0254],[-57.2401,-33.1157],[-57.1271,-33.1231],[-57.1185,-33.0198],[-56.8779,-32.9848],[-56.8046,-32.8891],[-56.6668,-32.8433],[-56.5594,-32.4925],[-56.7252,-32.4115],[-56.9275,-32.4053],[-57.0397,-32.3634],[-57.2512,-32.4376],[-57.4703,-32.4451],[-57.5835,-32.5362],[-57.7846,-32.6076],[-57.9956,-32.5821],[-58.111,-32.4847],[-58.1915,-32.4919]]]},"properties":{"iso":"URY","name":"Río Negro","country":"Uruguai","code":"UY-RN"}},
{"type":"Feature","geometry":{"type":"Polygon","coordinates":[[[-58.315,-34.6572],[-58.4742,-34.5216],[-58.5385,-34.567],[-58.5416,-34.7103],[-58.444,-34.7749],[-58.315,-34.6572]]]},"properties":{"iso":"ARG","name":"Ciudad de Buenos Aires","country":"Argentina","code":"AR-C"}},
{"type":"Feature","geometry":{"type":"MultiPolygon","coordinates":[[[[129.0001,-31.6892],[129.0001,-30.981],[129.0001,-30.2693],[129.0001,-29.202],[129.0001,-28.4905],[129.0001,-27.7788],[129.0001,-27.0673],[129.0001,-25.9999],[129.0001,-24.9565],[129.0001,-23.9132],[129.0001,-23.2177],[129.0001,-22.1743],[129.0001,-21.4788],[129.0001,-20.7832],[129.0001,-20.0877],[129.0001,-19.392],[129.0001,-18.6966],[129.0001,-18.0009],[129.0001,-16.9576],[129.0001,-16.2621],[129.0001,-15.5666],[129.0001,-14.8682],[128.8342,-14.8401],[128.5324,-14.7529],[128.4026,-14.823],[128.1958,-15.0568],[128.2245,-15.2602],[128.0671,-15.1252],[128.1753,-14.6984],[127.9056,-14.4975],[127.666,-14.1784],[127.4893,-14.0584],[127.4185,-13.942],[127.3224,-13.9174],[127.1074,-13.9528],[127.0702,-13.8281],[126.9529,-13.7236],[126.7474,-13.7918],[126.8182,-13.9426],[126.7012,-14.0071],[126.7048,-14.1181],[126.5692,-14.1952],[126.501,-13.9972],[126.3903,-14.0051],[126.2477,-14.2232],[126.1911,-14.1596],[126.1496,-13.9328],[126.0741,-14.0261],[126.1413,-14.1955],[126.0718,-14.2267],[126.0609,-14.35],[125.9857,-14.3829],[126.0413,-14.5087],[125.9251,-14.5186],[125.7442,-14.4448],[125.6581,-14.3603],[125.5838,-14.5265],[125.4663,-14.5248],[125.1443,-14.7284],[125.2329,-14.8605],[125.2043,-14.9321],[125.3545,-14.9939],[125.3738,-15.1076],[125.3108,-15.1506],[125.2156,-15.0575],[125.1262,-15.0495],[124.842,-15.1412],[124.9289,-15.3381],[125.0381,-15.2814],[125.0896,-15.3473],[125.0498,-15.4982],[124.9204,-15.361],[124.7979,-15.2919],[124.698,-15.374],[124.6296,-15.505],[124.5042,-15.4675],[124.4033,-15.5593],[124.3779,-15.6873],[124.4043,-15.8748],[124.5151,-15.9701],[124.59,-16.0942],[124.5204,-16.1764],[124.3784,-16.2149],[124.4133,-16.3381],[124.5962,-16.3266],[124.5925,-16.4013],[124.4002,-16.3531],[124.3421,-16.408],[124.2227,-16.3956],[124.1262,-16.2722],[123.986,-16.2863],[123.8352,-16.3683],[123.7327,-16.259],[123.771,-16.1633],[123.595,-16.1559],[123.5397,-16.2652],[123.6516,-16.3603],[123.6541,-16.4845],[123.5662,-16.616],[123.6931,-16.7299],[123.7681,-16.8785],[123.8371,-17.1324],[123.6359,-16.9914],[123.5796,-17.094],[123.6443,-17.1847],[123.5676,-17.362],[123.554,-17.519],[123.3997,-17.3293],[123.2604,-17.0147],[123.1433,-16.9138],[123.1509,-16.8077],[122.8864,-16.5123],[122.7588,-16.6044],[122.7043,-16.7867],[122.5706,-16.7885],[122.5304,-16.874],[122.582,-16.9562],[122.4128,-16.9728],[122.2761,-17.0893],[122.172,-17.2612],[122.1432,-17.5637],[122.2054,-17.7109],[122.1961,-17.9454],[122.3607,-18.0002],[122.324,-18.1506],[122.2204,-18.1972],[121.9103,-18.4645],[121.8237,-18.4518],[121.7691,-18.6574],[121.6439,-18.7171],[121.6426,-18.8102],[121.5194,-19.0696],[121.3115,-19.3541],[121.1935,-19.4724],[120.9544,-19.6337],[120.6506,-19.7633],[120.2383,-19.9068],[119.8023,-19.9658],[119.5667,-20.0688],[119.2124,-19.9612],[119.0685,-19.9828],[118.8318,-20.262],[118.3688,-20.3621],[118.1356,-20.3621],[117.9407,-20.4928],[117.8394,-20.6169],[117.6748,-20.6721],[117.3538,-20.7277],[117.0625,-20.6217],[116.8796,-20.7131],[116.7432,-20.6169],[116.4347,-20.8224],[116.2659,-20.8626],[116.1515,-20.97],[115.9367,-21.059],[115.8062,-21.2354],[115.6027,-21.3435],[115.4546,-21.5138],[115.1052,-21.6652],[114.929,-21.6939],[114.6467,-21.8434],[114.5223,-22.0693],[114.3919,-22.358],[114.1797,-22.5217],[114.1109,-22.4777],[114.1714,-22.3175],[114.0775,-22.1755],[114.1592,-21.7919],[114.0115,-21.86],[113.898,-22.0492],[113.804,-22.3308],[113.6467,-22.5777],[113.6589,-22.7278],[113.7598,-22.7888],[113.8115,-23.0514],[113.7483,-23.1623],[113.7825,-23.3271],[113.7376,-23.527],[113.5995,-23.634],[113.4597,-23.9103],[113.4146,-24.0494],[113.4333,-24.1702],[113.3853,-24.2491],[113.3914,-24.4137],[113.4395,-24.5328],[113.6043,-24.7283],[113.6106,-24.8928],[113.7131,-25.1249],[113.8024,-25.1718],[113.9284,-25.4498],[114.1553,-25.7897],[114.2586,-25.8419],[114.2581,-25.9889],[114.1919,-26.1959],[114.2344,-26.3166],[114.1038,-26.4479],[113.97,-26.3317],[113.9355,-26.1917],[113.7954,-26.2067],[113.7044,-26.148],[113.7606,-25.9048],[113.5329,-25.6183],[113.4208,-25.7282],[113.5576,-25.941],[113.5772,-26.0893],[113.6841,-26.2216],[113.7817,-26.2414],[113.8848,-26.3427],[113.8525,-26.5448],[113.6949,-26.6142],[113.5983,-26.5185],[113.4501,-26.2006],[113.2447,-26.2401],[113.2978,-26.3973],[113.5906,-26.6757],[113.7644,-26.9181],[114.0125,-27.3154],[114.1439,-27.6878],[114.0972,-27.8194],[114.166,-28.1067],[114.3101,-28.2302],[114.5311,-28.5224],[114.5899,-28.6559],[114.5775,-28.7851],[114.6526,-28.9124],[114.832,-29.0921],[114.9788,-29.4799],[114.9461,-29.6581],[114.9675,-29.9024],[114.9426,-30.031],[114.9749,-30.214],[115.1011,-30.6334],[115.1809,-30.8272],[115.313,-30.9908],[115.4546,-31.3035],[115.6803,-31.6486],[115.7437,-31.9278],[115.7568,-32.1856],[115.7144,-32.303],[115.7693,-32.6023],[115.6009,-32.6617],[115.6746,-33.025],[115.6668,-33.2877],[115.4341,-33.5955],[115.2827,-33.6506],[115.1188,-33.6165],[115.0457,-33.5372],[114.9568,-33.6823],[114.971,-34.0827],[115.0178,-34.2621],[115.3347,-34.3142],[115.6123,-34.4459],[115.7455,-34.5402],[116.0198,-34.8294],[116.2484,-34.8775],[116.4651,-35.0007],[116.8996,-35.0504],[117.1716,-35.0133],[117.3595,-35.0242],[117.5386,-35.0922],[117.6843,-35.0463],[118.1199,-34.9871],[118.3874,-34.8259],[118.4798,-34.7171],[118.7059,-34.6477],[118.7273,-34.558],[118.932,-34.4459],[119.117,-34.4724],[119.3821,-34.4401],[119.572,-34.142],[119.8062,-33.985],[120.0022,-33.926],[120.4227,-33.9699],[120.5723,-33.8915],[121.1664,-33.8679],[121.3338,-33.8152],[121.5329,-33.8195],[121.813,-33.8951],[122.0156,-33.8254],[122.1873,-34.0207],[122.3123,-33.9249],[122.5603,-33.9592],[122.5746,-33.9108],[122.7879,-33.881],[123.085,-33.8784],[123.147,-34.0021],[123.2666,-33.9865],[123.3436,-33.9035],[123.5667,-33.8844],[123.7388,-33.794],[123.7568,-33.7141],[123.9525,-33.5673],[124.0083,-33.3542],[124.1165,-33.1215],[124.3569,-32.9528],[124.7088,-32.9039],[124.9019,-32.8337],[125.0003,-32.7372],[125.3378,-32.6015],[125.5373,-32.5484],[125.87,-32.333],[126.1857,-32.2325],[126.3723,-32.2828],[126.6777,-32.3166],[127.053,-32.3038],[127.2887,-32.2734],[127.532,-32.2114],[127.7663,-32.1231],[128.0173,-32.0842],[128.6553,-31.8458],[129.0001,-31.6892]]],[[[113.2166,-26.068],[113.0513,-25.717],[113.0078,-25.4962],[112.9194,-25.5236],[112.9645,-25.794],[113.0462,-25.94],[113.2166,-26.068]]],[[[115.4645,-20.7302],[115.3994,-20.6938],[115.3106,-20.8019],[115.3652,-20.8769],[115.4645,-20.7302]]]]},"properties":{"iso":"AUS","name":"Western Australia","country":"Austrália","code":"AU-WA"}},
{"type":"Feature","geometry":{"type":"MultiPolygon","coordinates":[[[[129.0001,-25.9999],[129.8439,-25.9999],[130.6877,-25.9999],[131.8127,-25.9999],[132.9377,-25.9999],[133.5002,-25.9999],[134.9064,-25.9999],[136.0314,-25.9999],[136.8752,-25.9999],[138.0002,-25.9999],[138.0002,-25.4096],[138.0002,-24.5241],[138.0002,-23.9336],[138.0002,-22.7529],[138.0002,-21.5724],[138.0002,-20.982],[138.0002,-19.8014],[138.0002,-19.211],[138.0002,-18.0303],[138.0002,-17.44],[138.0002,-16.5416],[137.8669,-16.4371],[137.7461,-16.2521],[137.3612,-16.1222],[137.2503,-16.0206],[137.0459,-15.9223],[136.9065,-15.9362],[136.7679,-15.9008],[136.6121,-15.7547],[136.2679,-15.545],[136.2401,-15.4241],[135.9517,-15.2644],[135.861,-15.176],[135.4696,-14.948],[135.3913,-14.7399],[135.5226,-14.6515],[135.5323,-14.5811],[135.7591,-14.2654],[135.9033,-14.1358],[135.9231,-13.9596],[136.0049,-13.798],[135.8448,-13.6002],[135.8834,-13.3258],[136.0524,-13.2453],[136.1774,-13.2356],[136.3084,-13.1628],[136.4505,-13.2164],[136.6369,-12.9549],[136.4898,-12.8508],[136.4738,-12.7922],[136.6792,-12.6713],[136.7402,-12.4758],[136.9493,-12.3559],[136.8764,-12.2234],[136.6906,-12.2828],[136.5906,-12.1743],[136.5333,-11.9932],[136.4507,-11.9423],[136.3005,-12.0507],[136.18,-12.1878],[136.3135,-12.2016],[136.3639,-12.2564],[136.2527,-12.4411],[136.0232,-12.4557],[136.0261,-12.3115],[135.8801,-12.1516],[135.7653,-12.2571],[135.6501,-12.1646],[135.7654,-12.0719],[135.7393,-11.9415],[135.5707,-11.9946],[135.5353,-12.0806],[135.3029,-12.1283],[135.2583,-12.2221],[135.0702,-12.2599],[134.9671,-12.1461],[134.8611,-12.1266],[134.7686,-11.9477],[134.6047,-12.0495],[134.3822,-12.0427],[134.285,-11.9682],[134.1897,-12.0182],[134.1322,-11.8864],[133.9431,-11.9137],[133.8438,-11.8552],[133.9016,-11.7389],[133.8025,-11.7149],[133.6221,-11.8333],[133.4785,-11.7908],[133.3467,-11.6882],[133.2612,-11.7296],[133.1411,-11.6746],[133.0111,-11.4328],[132.911,-11.3318],[132.7595,-11.4924],[132.6742,-11.5084],[132.4749,-11.2341],[132.3499,-11.1463],[132.241,-11.1965],[132.1883,-11.3513],[132.0143,-11.1396],[131.8562,-11.3034],[132.0847,-11.518],[132.3699,-11.435],[132.4954,-11.4762],[132.595,-11.622],[132.6956,-11.6535],[132.593,-11.7844],[132.6511,-11.8658],[132.6272,-12.0439],[132.4396,-12.1549],[132.4229,-12.2316],[132.2688,-12.1808],[132.0457,-12.3074],[131.9046,-12.2198],[131.7844,-12.2704],[131.4929,-12.2978],[131.3279,-12.1853],[131.2165,-12.2149],[131.1164,-12.1549],[131.0002,-12.1713],[131.0252,-12.3605],[130.8976,-12.3342],[130.7839,-12.435],[130.6204,-12.4369],[130.5794,-12.5685],[130.345,-12.695],[130.3518,-12.8425],[130.2468,-12.9378],[130.1299,-12.9405],[130.1187,-13.1562],[130.2732,-13.3188],[130.1637,-13.4329],[129.9689,-13.5304],[129.8377,-13.5105],[129.7855,-13.6757],[129.8159,-13.762],[129.7149,-13.8805],[129.7175,-14.0156],[129.4959,-14.0891],[129.3729,-14.3293],[129.3581,-14.4088],[129.5852,-14.5663],[129.6068,-14.6716],[129.7241,-14.7907],[129.6118,-14.9426],[129.659,-15.0899],[129.5982,-15.1171],[129.4766,-14.9338],[129.2214,-14.8435],[129.263,-15.1076],[129.1755,-15.0585],[129.1732,-14.9648],[129.0001,-14.8682],[129.0001,-15.5666],[129.0001,-16.2621],[129.0001,-16.9576],[129.0001,-18.0009],[129.0001,-18.6966],[129.0001,-19.392],[129.0001,-20.0877],[129.0001,-20.7832],[129.0001,-21.4788],[129.0001,-22.1743],[129.0001,-23.2177],[129.0001,-23.9132],[129.0001,-24.9565],[129.0001,-25.9999]]],[[[137.0779,-15.7512],[137.0832,-15.6522],[136.943,-15.6677],[137.0003,-15.787],[137.0779,-15.7512]]],[[[136.2869,-13.7058],[136.2111,-13.6614],[136.1535,-13.7707],[136.2614,-13.7936],[136.2869,-13.7058]]],[[[136.9515,-14.1816],[136.8106,-14.1591],[136.7168,-14.0637],[136.7914,-13.9177],[136.6843,-13.7205],[136.5947,-13.8123],[136.4302,-13.8771],[136.4097,-13.9972],[136.4608,-14.2164],[136.6394,-14.2802],[136.7331,-14.2561],[136.9031,-14.2989],[136.9515,-14.1816]]],[[[130.5368,-11.705],[130.3968,-11.5346],[130.3499,-11.3395],[130.2698,-11.3381],[130.147,-11.489],[130.2015,-11.6535],[130.0643,-11.6913],[130.0535,-11.8228],[130.3211,-11.7702],[130.4963,-11.839],[130.635,-11.7682],[130.5368,-11.705]]],[[[131.5374,-11.4133],[131.4746,-11.3906],[131.4277,-11.2497],[131.2744,-11.1896],[131.0098,-11.3549],[130.888,-11.3132],[130.6917,-11.4228],[130.5736,-11.2753],[130.366,-11.2324],[130.4303,-11.4843],[130.4966,-11.6495],[130.7126,-11.7995],[130.98,-11.9264],[131.099,-11.8284],[131.2931,-11.7241],[131.3781,-11.5841],[131.4324,-11.607],[131.5374,-11.4133]]],[[[132.4894,-11.1601],[132.5652,-11.3108],[132.6272,-11.246],[132.5513,-11.0324],[132.4894,-11.1601]]]]},"properties":{"iso":"AUS","name":"Northern Territory","country":"Austrália","code":"AU-NT"}},
{"type":"Feature","geometry":{"type":"MultiPolygon","coordinates":[[[[129.0001,-31.6892],[130.1569,-31.5739],[130.8338,-31.6017],[131.1775,-31.4776],[131.5359,-31.6056],[131.783,-31.7278],[132.0779,-31.9078],[132.2337,-32.033],[132.4832,-32.0265],[132.5873,-31.9347],[132.798,-31.9563],[133.1478,-32.1967],[133.4118,-32.2114],[133.552,-32.1723],[133.5862,-32.1031],[133.8123,-32.2472],[133.95,-32.3894],[133.8537,-32.5297],[134.1483,-32.457],[134.2733,-32.5881],[134.2715,-32.7321],[134.0741,-32.714],[134.2788,-33.1627],[134.4461,-33.154],[134.6624,-33.2255],[134.814,-33.3528],[134.8679,-33.5446],[134.8499,-33.6384],[135.1898,-33.893],[135.2595,-33.998],[135.3464,-34.2756],[135.4295,-34.7127],[135.604,-34.8801],[135.7415,-34.861],[136.0125,-34.9797],[135.8621,-34.6982],[135.9368,-34.5346],[136.1248,-34.4529],[136.1148,-34.3837],[136.2322,-34.3087],[136.3694,-34.0734],[136.6074,-33.9029],[136.8075,-33.8084],[136.9653,-33.6845],[137.0202,-33.7302],[137.2249,-33.6533],[137.3767,-33.3899],[137.4522,-33.1401],[137.9024,-32.7875],[137.9578,-33.0047],[138.044,-33.1251],[137.855,-33.1906],[137.8104,-33.26],[137.9375,-33.5278],[137.9309,-33.6165],[137.7766,-33.6935],[137.6021,-33.8766],[137.5542,-34.072],[137.4539,-34.164],[137.4922,-34.2602],[137.4595,-34.4475],[137.5127,-34.6178],[137.4461,-34.9174],[137.0306,-34.8998],[136.9609,-35.0964],[136.8355,-35.2477],[136.9534,-35.2839],[137.0397,-35.2272],[137.1692,-35.2423],[137.2389,-35.1721],[137.4035,-35.1242],[137.6714,-35.1808],[137.7469,-35.0589],[137.9104,-34.624],[137.9309,-34.4148],[138.0378,-34.308],[138.0781,-34.1284],[138.2266,-34.3205],[138.2599,-34.4384],[138.4402,-34.6756],[138.5363,-34.7409],[138.4865,-34.8735],[138.5073,-35.0566],[138.4274,-35.3526],[138.2873,-35.4699],[138.1227,-35.5554],[138.1768,-35.6682],[138.5313,-35.6459],[138.7459,-35.5388],[138.882,-35.5606],[138.9612,-35.4138],[139.2232,-35.3188],[139.3755,-35.464],[139.1354,-35.4983],[139.0414,-35.6041],[139.4754,-35.8964],[139.4567,-35.9579],[139.5674,-36.0753],[139.8537,-36.6218],[139.8635,-36.7673],[139.7848,-36.902],[139.672,-36.9534],[139.7883,-37.1262],[139.7415,-37.1808],[139.988,-37.4871],[140.1143,-37.5175],[140.2406,-37.6659],[140.3599,-37.8821],[140.6024,-38.0378],[140.7136,-38.0706],[140.9682,-38.0594],[140.9679,-37.0646],[140.9676,-36.0652],[140.9676,-35.5655],[140.9672,-34.5661],[141.0001,-34.0185],[141.0001,-32.7692],[141.0001,-31.8269],[141.0001,-30.5705],[141.0001,-29.9422],[141.0001,-28.9999],[141.0001,-28.2499],[141.0001,-27.1249],[141.0001,-25.9999],[139.8748,-25.9999],[138.7501,-25.9999],[138.0002,-25.9999],[136.8752,-25.9999],[136.0314,-25.9999],[134.9064,-25.9999],[133.5002,-25.9999],[132.9377,-25.9999],[131.8127,-25.9999],[130.6877,-25.9999],[129.8439,-25.9999],[129.0001,-25.9999],[129.0001,-27.0673],[129.0001,-27.7788],[129.0001,-28.4905],[129.0001,-29.202],[129.0001,-30.2693],[129.0001,-30.981],[129.0001,-31.6892]]],[[[138.1296,-35.8163],[137.9085,-35.7291],[137.686,-35.7575],[137.5808,-35.7268],[137.6229,-35.5821],[137.3522,-35.5856],[137.0745,-35.6716],[136.6211,-35.7512],[136.5326,-35.9119],[136.7156,-36.0628],[137.0198,-36.0217],[137.1399,-36.0422],[137.2117,-35.9802],[137.3711,-36.0108],[137.4592,-36.0827],[137.6204,-36.0001],[137.6133,-35.9242],[137.7567,-35.8715],[138.0477,-35.9186],[138.1296,-35.8163]]]]},"properties":{"iso":"AUS","name":"South Australia","country":"Austrália","code":"AU-SA"}},
{"type":"Feature","geometry":{"type":"MultiPolygon","coordinates":[[[[138.0002,-25.9999],[138.7501,-25.9999],[139.8748,-25.9999],[141.0001,-25.9999],[141.0001,-27.1249],[141.0001,-28.2499],[141.0001,-28.9999],[141.9717,-28.9999],[142.9432,-28.9999],[143.9147,-28.9999],[144.8863,-28.9999],[145.8578,-28.9999],[147.3151,-28.9999],[148.2866,-28.9999],[148.9714,-28.9997],[149.0936,-28.8484],[149.4163,-28.6807],[149.4844,-28.5839],[149.7592,-28.607],[150.0198,-28.6001],[150.2981,-28.5349],[150.4496,-28.6465],[150.7935,-28.635],[151.0459,-28.7349],[151.0775,-28.8369],[151.2874,-28.9208],[151.3153,-29.0993],[151.4227,-29.1546],[151.5543,-28.9552],[151.7292,-28.889],[151.7626,-28.9476],[152.0256,-28.8757],[152.067,-28.7032],[151.9676,-28.5364],[152.164,-28.4371],[152.357,-28.3761],[152.4922,-28.2612],[152.54,-28.3177],[152.751,-28.358],[152.8463,-28.3258],[153.1169,-28.3502],[153.1925,-28.2598],[153.3825,-28.2376],[153.5065,-28.1493],[153.4495,-28.0732],[153.4456,-27.8105],[153.3154,-27.6549],[153.1136,-27.2424],[153.0384,-27.1734],[153.2062,-27.0461],[153.1525,-26.925],[153.1509,-26.6847],[153.11,-26.6469],[153.1135,-26.4575],[153.0775,-26.2809],[153.1418,-26.0615],[153.1216,-25.9338],[152.8938,-25.6882],[152.9387,-25.4757],[152.9138,-25.2877],[152.6771,-25.2419],[152.506,-24.9994],[152.4915,-24.8476],[152.4048,-24.7487],[152.3062,-24.7242],[152.1504,-24.6191],[152.0586,-24.5139],[151.9334,-24.211],[151.8114,-24.1423],[151.7804,-24.0226],[151.5806,-24.0575],[151.4037,-23.95],[151.2778,-23.8239],[151.1872,-23.8041],[151.126,-23.6754],[151.0274,-23.58],[150.8566,-23.52],[150.7644,-23.1589],[150.7737,-22.9669],[150.8264,-22.6979],[150.7532,-22.6105],[150.7583,-22.4824],[150.6362,-22.3425],[150.5676,-22.3232],[150.513,-22.5354],[150.2156,-22.3948],[150.0536,-22.1415],[149.9905,-22.1629],[149.9235,-22.2983],[150.0225,-22.5534],[149.8809,-22.4674],[149.8308,-22.3886],[149.7051,-22.3839],[149.6086,-22.2443],[149.4832,-21.9513],[149.4354,-21.7897],[149.4783,-21.7184],[149.3556,-21.4947],[149.293,-21.3193],[149.1961,-21.1809],[149.2312,-21.0898],[149.1506,-20.9962],[149.0462,-20.9799],[148.7398,-20.7189],[148.6553,-20.5554],[148.8508,-20.4211],[148.7923,-20.2873],[148.6109,-20.2136],[148.5667,-20.06],[148.4439,-20.1042],[148.2649,-20.0831],[148.2539,-19.9635],[148.0724,-19.877],[147.9495,-19.9078],[147.8592,-19.8249],[147.6843,-19.8281],[147.5921,-19.7221],[147.5505,-19.5209],[147.4214,-19.4128],[147.1672,-19.4],[146.9782,-19.2839],[146.9051,-19.3046],[146.7463,-19.1728],[146.6548,-19.1825],[146.4465,-19.0597],[146.2766,-18.8743],[146.3394,-18.527],[146.2137,-18.4921],[146.1834,-18.3801],[146.0238,-18.2631],[146.0037,-18.1564],[146.0979,-17.9313],[146.1027,-17.706],[146.1477,-17.6326],[146.0684,-17.5159],[146.0711,-17.392],[145.9684,-17.2424],[145.8823,-17.0397],[145.9417,-16.9299],[145.7777,-16.8853],[145.6615,-16.728],[145.5791,-16.672],[145.4634,-16.4812],[145.4004,-16.4433],[145.4624,-16.2732],[145.4624,-16.0605],[145.3558,-15.9034],[145.3664,-15.7493],[145.2738,-15.5357],[145.2564,-15.3888],[145.3026,-15.2846],[145.2359,-15.1659],[145.2771,-14.947],[145.1548,-14.8375],[144.9417,-14.7263],[144.886,-14.6096],[144.6776,-14.5558],[144.5804,-14.3642],[144.5847,-14.2648],[144.5149,-14.1728],[144.3036,-14.3126],[144.1854,-14.2626],[144.1616,-14.3731],[143.952,-14.499],[143.7827,-14.4023],[143.7078,-14.2096],[143.6873,-14.0143],[143.6184,-13.9562],[143.5344,-13.7657],[143.5946,-13.4358],[143.5266,-13.3298],[143.4972,-12.8565],[143.3651,-12.8049],[143.4339,-12.6131],[143.3235,-12.5578],[143.2529,-12.3889],[143.0772,-12.3288],[143.0863,-12.149],[143.2039,-11.9825],[143.1234,-11.9106],[142.9743,-11.9252],[142.8729,-11.8507],[142.8579,-11.6051],[142.8211,-11.4776],[142.8696,-11.3913],[142.8013,-11.2778],[142.7898,-11.0849],[142.742,-10.975],[142.6345,-10.9308],[142.5496,-10.838],[142.615,-10.7454],[142.4486,-10.7145],[142.3234,-10.9016],[142.1746,-10.9301],[142.1318,-11.3381],[141.9476,-11.8962],[141.801,-12.0551],[141.6657,-12.4411],[141.8114,-12.5841],[141.7547,-12.8185],[141.5855,-12.9775],[141.6908,-13.2599],[141.5598,-13.492],[141.4741,-13.7763],[141.485,-13.9485],[141.584,-14.0761],[141.5921,-14.2453],[141.5217,-14.4838],[141.6043,-14.8777],[141.6657,-15.0114],[141.639,-15.1412],[141.4871,-15.4789],[141.4017,-15.9036],[141.4248,-16.0817],[141.3498,-16.2243],[141.304,-16.442],[141.1995,-16.7031],[140.947,-17.0183],[140.96,-17.074],[140.8333,-17.4508],[140.5075,-17.6363],[140.2405,-17.7021],[139.9995,-17.7061],[139.9253,-17.6214],[139.641,-17.5324],[139.4387,-17.3757],[139.2742,-17.3483],[139.2095,-17.2861],[139.1416,-17.1169],[139.1581,-17.033],[139.0373,-16.9156],[138.7534,-16.8412],[138.6572,-16.7797],[138.4927,-16.7944],[138.1843,-16.6972],[138.0002,-16.5416],[138.0002,-17.44],[138.0002,-18.0303],[138.0002,-19.211],[138.0002,-19.8014],[138.0002,-20.982],[138.0002,-21.5724],[138.0002,-22.7529],[138.0002,-23.9336],[138.0002,-24.5241],[138.0002,-25.4096],[138.0002,-25.9999]]],[[[153.4115,-27.3395],[153.4661,-27.0602],[153.3605,-27.066],[153.4115,-27.3395]]],[[[153.37,-24.989],[153.2813,-24.8586],[153.2261,-25.0275],[153.0383,-25.1835],[153.0685,-25.329],[152.9483,-25.5522],[152.9994,-25.7286],[153.0835,-25.6658],[153.2674,-25.2555],[153.37,-24.989]]],[[[151.2699,-23.6663],[151.1914,-23.5138],[151.0182,-23.4532],[150.9796,-23.4874],[151.2139,-23.7781],[151.2699,-23.6663]]],[[[146.319,-18.383],[146.2781,-18.2874],[146.1218,-18.2455],[146.2234,-18.4655],[146.319,-18.383]]],[[[139.7341,-16.4433],[139.6038,-16.3984],[139.2879,-16.4706],[139.2219,-16.5256],[139.137,-16.6972],[139.3021,-16.7245],[139.4447,-16.6646],[139.4666,-16.567],[139.6105,-16.5532],[139.7341,-16.4433]]]]},"properties":{"iso":"AUS","name":"Queensland","country":"Austrália","code":"AU-QLD"}},
{"type":"Feature","geometry":{"type":"Polygon","coordinates":[[[141.0001,-34.0185],[141.0456,-34.0622],[141.2418,-34.076],[141.5679,-34.2139],[141.7485,-34.1032],[142.0252,-34.1122],[142.2351,-34.1919],[142.2588,-34.2728],[142.4064,-34.3564],[142.3858,-34.5334],[142.4586,-34.5916],[142.5566,-34.7742],[142.6428,-34.7876],[142.7261,-34.6032],[143.1426,-34.699],[143.3605,-34.8062],[143.3313,-34.9628],[143.407,-35.1788],[143.5814,-35.2494],[143.5955,-35.3605],[143.7769,-35.4184],[144.3243,-35.7542],[144.4226,-35.9139],[144.6028,-36.0661],[144.7407,-36.135],[144.8902,-36.0764],[145.0084,-35.8676],[145.3341,-35.876],[145.5726,-35.8436],[145.7446,-35.9649],[145.9596,-35.977],[146.2162,-36.0558],[146.3851,-36.0475],[146.4319,-35.9838],[146.6241,-35.9938],[146.9311,-36.1157],[147.1246,-36.0456],[147.3063,-36.052],[147.3966,-35.9667],[147.5568,-35.9964],[147.7138,-35.9394],[147.9969,-36.0592],[148.0319,-36.2371],[148.1618,-36.5766],[148.214,-36.6513],[148.2168,-36.8017],[148.8936,-37.0748],[149.9721,-37.5103],[149.951,-37.2843],[150.0195,-37.2209],[149.9038,-36.9284],[150.0658,-36.5666],[150.0793,-36.386],[150.1423,-36.32],[150.1231,-36.1526],[150.1634,-35.9566],[150.2324,-35.8438],[150.2181,-35.7512],[150.3069,-35.7003],[150.4094,-35.5385],[150.554,-35.2136],[150.613,-35.1873],[150.7038,-35.1204],[150.7762,-34.987],[150.7534,-34.8581],[150.8338,-34.7824],[150.9189,-34.4864],[150.9249,-34.3304],[151.028,-34.2008],[151.169,-34.1101],[151.2925,-33.8918],[151.3431,-33.5483],[151.4242,-33.5278],[151.5038,-33.36],[151.626,-33.1916],[151.6706,-33.0611],[151.834,-32.865],[152.1895,-32.7586],[152.2359,-32.607],[152.5216,-32.4275],[152.5101,-32.1619],[152.6093,-31.9458],[152.6929,-31.8853],[152.8454,-31.5693],[152.9345,-31.4828],[152.9806,-31.1659],[153.0595,-31.0772],[153.0879,-30.9267],[152.9878,-30.7346],[153.0505,-30.4733],[153.2038,-30.1292],[153.3216,-29.6975],[153.37,-29.3967],[153.3403,-29.3227],[153.4538,-29.0356],[153.606,-28.8674],[153.6306,-28.6616],[153.5635,-28.4609],[153.5911,-28.2685],[153.5065,-28.1493],[153.3825,-28.2376],[153.1925,-28.2598],[153.1169,-28.3502],[152.8463,-28.3258],[152.751,-28.358],[152.54,-28.3177],[152.4922,-28.2612],[152.357,-28.3761],[152.164,-28.4371],[151.9676,-28.5364],[152.067,-28.7032],[152.0256,-28.8757],[151.7626,-28.9476],[151.7292,-28.889],[151.5543,-28.9552],[151.4227,-29.1546],[151.3153,-29.0993],[151.2874,-28.9208],[151.0775,-28.8369],[151.0459,-28.7349],[150.7935,-28.635],[150.4496,-28.6465],[150.2981,-28.5349],[150.0198,-28.6001],[149.7592,-28.607],[149.4844,-28.5839],[149.4163,-28.6807],[149.0936,-28.8484],[148.9714,-28.9997],[148.2866,-28.9999],[147.3151,-28.9999],[145.8578,-28.9999],[144.8863,-28.9999],[143.9147,-28.9999],[142.9432,-28.9999],[141.9717,-28.9999],[141.0001,-28.9999],[141.0001,-29.9422],[141.0001,-30.5705],[141.0001,-31.8269],[141.0001,-32.7692],[141.0001,-34.0185]],[[149.3499,-35.3595],[149.1867,-35.3807],[149.0864,-35.61],[149.1065,-35.8274],[148.9481,-35.8879],[148.7927,-35.7073],[148.7705,-35.4933],[148.826,-35.3133],[149.1029,-35.1459],[149.1892,-35.1785],[149.3499,-35.3595]]]},"properties":{"iso":"AUS","name":"New South Wales","country":"Austrália","code":"AU-NSW"}},
{"type":"Feature","geometry":{"type":"Polygon","coordinates":[[[150.613,-35.1873],[150.7595,-35.1789],[150.7038,-35.1204],[150.613,-35.1873]]]},"properties":{"iso":"AUS","name":"Jervis Bay Territory","country":"Austrália","code":"AU-X02~"}},
{"type":"Feature","geometry":{"type":"Polygon","coordinates":[[[140.9682,-38.0594],[141.1343,-38.1276],[141.3748,-38.2912],[141.4344,-38.3751],[141.6014,-38.3923],[141.6725,-38.2843],[141.9468,-38.2829],[142.2246,-38.4057],[142.3977,-38.3671],[142.6538,-38.4728],[142.8102,-38.5784],[143.0601,-38.6359],[143.2415,-38.7628],[143.3345,-38.756],[143.537,-38.8583],[143.7046,-38.7281],[143.8449,-38.6912],[144.0525,-38.4858],[144.4019,-38.3012],[144.6528,-38.2858],[144.7251,-38.1648],[144.5233,-38.0842],[144.8045,-37.9409],[144.9827,-37.8993],[145.1102,-38.0517],[145.1193,-38.1594],[144.9829,-38.3414],[144.804,-38.3791],[144.8864,-38.4821],[145.0247,-38.4939],[145.2966,-38.2317],[145.4766,-38.2449],[145.5569,-38.3852],[145.4312,-38.4428],[145.4481,-38.5505],[145.5708,-38.6617],[145.8093,-38.6502],[145.9158,-38.8958],[146.0918,-38.8198],[146.2638,-38.996],[146.4343,-39.0891],[146.4541,-38.9493],[146.2864,-38.9098],[146.2557,-38.7018],[146.4118,-38.7398],[146.8786,-38.6443],[147.3955,-38.2201],[147.5894,-38.0807],[147.9165,-37.9186],[148.3064,-37.8234],[148.7241,-37.8235],[148.9439,-37.7895],[149.479,-37.7859],[149.6667,-37.7001],[149.7871,-37.5528],[149.9721,-37.5103],[148.8936,-37.0748],[148.2168,-36.8017],[148.214,-36.6513],[148.1618,-36.5766],[148.0319,-36.2371],[147.9969,-36.0592],[147.7138,-35.9394],[147.5568,-35.9964],[147.3966,-35.9667],[147.3063,-36.052],[147.1246,-36.0456],[146.9311,-36.1157],[146.6241,-35.9938],[146.4319,-35.9838],[146.3851,-36.0475],[146.2162,-36.0558],[145.9596,-35.977],[145.7446,-35.9649],[145.5726,-35.8436],[145.3341,-35.876],[145.0084,-35.8676],[144.8902,-36.0764],[144.7407,-36.135],[144.6028,-36.0661],[144.4226,-35.9139],[144.3243,-35.7542],[143.7769,-35.4184],[143.5955,-35.3605],[143.5814,-35.2494],[143.407,-35.1788],[143.3313,-34.9628],[143.3605,-34.8062],[143.1426,-34.699],[142.7261,-34.6032],[142.6428,-34.7876],[142.5566,-34.7742],[142.4586,-34.5916],[142.3858,-34.5334],[142.4064,-34.3564],[142.2588,-34.2728],[142.2351,-34.1919],[142.0252,-34.1122],[141.7485,-34.1032],[141.5679,-34.2139],[141.2418,-34.076],[141.0456,-34.0622],[141.0001,-34.0185],[140.9672,-34.5661],[140.9676,-35.5655],[140.9676,-36.0652],[140.9679,-37.0646],[140.9682,-38.0594]]]},"properties":{"iso":"AUS","name":"Victoria","country":"Austrália","code":"AU-VIC"}},
{"type":"Feature","geometry":{"type":"MultiPolygon","coordinates":[[[[-80.0599,-2.6628],[-80.2107,-2.7249],[-80.2622,-2.8408],[-80.2659,-3.0185],[-80.131,-3.0209],[-79.9458,-2.7066],[-80.0599,-2.6628]]],[[[-79.7605,-3.0647],[-79.6948,-2.9571],[-79.6906,-2.8257],[-79.4248,-2.5553],[-79.4374,-2.4971],[-79.4257,-2.3607],[-79.235,-2.2818],[-79.1301,-2.2037],[-79.2355,-2.1543],[-79.3608,-1.9831],[-79.502,-1.8877],[-79.6495,-1.9065],[-79.7732,-1.6833],[-79.8554,-1.6407],[-79.8473,-1.3991],[-79.7383,-1.1848],[-79.5756,-1.0403],[-79.5171,-0.8605],[-79.6196,-0.8502],[-79.7224,-0.8812],[-79.8531,-1.0883],[-79.9931,-1.1288],[-80.0433,-1.2718],[-80.1858,-1.4231],[-80.235,-1.6849],[-80.3209,-1.6836],[-80.4456,-1.839],[-80.5161,-1.8408],[-80.4783,-1.9312],[-80.3474,-1.9816],[-80.2134,-2.1103],[-80.232,-2.2998],[-80.2765,-2.3679],[-80.4108,-2.4167],[-80.5427,-2.5298],[-80.4679,-2.6179],[-80.3205,-2.7106],[-80.1751,-2.5867],[-79.9235,-2.5739],[-79.8395,-2.377],[-79.7251,-2.5698],[-79.8346,-2.8068],[-79.8959,-3.0454],[-79.7605,-3.0647]]]]},"properties":{"iso":"ECU","name":"Guayas","country":"Equador","code":"EC-G"}},
{"type":"Feature","geometry":{"type":"MultiPolygon","coordinates":[[[[-89.3081,-0.6856],[-89.4132,-0.7135],[-89.6314,-0.9167],[-89.5543,-0.9537],[-89.4347,-0.9293],[-89.2548,-0.7192],[-89.3081,-0.6856]]],[[[-90.192,-0.5383],[-90.247,-0.4928],[-90.4877,-0.5255],[-90.5445,-0.6816],[-90.3371,-0.777],[-90.1988,-0.6816],[-90.192,-0.5383]]],[[[-91.4011,-0.4529],[-91.3995,-0.3079],[-91.4742,-0.2493],[-91.6686,-0.2849],[-91.6437,-0.4036],[-91.5076,-0.4904],[-91.4011,-0.4529]]],[[[-90.565,-0.2849],[-90.6325,-0.2013],[-90.8104,-0.1513],[-90.8489,-0.2756],[-90.7401,-0.3539],[-90.5868,-0.3637],[-90.565,-0.2849]]],[[[-90.8114,-0.7306],[-90.956,-0.6071],[-90.9623,-0.442],[-91.1846,-0.211],[-91.2093,-0.0107],[-91.3806,0.147],[-91.6044,0.0015],[-91.5455,-0.0479],[-91.4233,-0.0286],[-91.352,-0.3072],[-91.2357,-0.3864],[-91.2089,-0.4846],[-91.0942,-0.5694],[-91.1681,-0.6827],[-91.2348,-0.6619],[-91.4359,-0.7784],[-91.5023,-0.8963],[-91.3997,-1.0185],[-91.1598,-1.0302],[-90.9287,-0.9703],[-90.8114,-0.7306]]]]},"properties":{"iso":"ECU","name":"Galápagos","country":"Equador","code":"EC-W"}},
{"type":"Feature","geometry":{"type":"Polygon","coordinates":[[[-76.9117,1.3132],[-76.7457,1.3295],[-76.6705,1.4337],[-76.5884,1.4075],[-76.5161,1.2747],[-76.5366,1.0756],[-76.351,0.9769],[-76.2098,0.9721],[-76.0605,1.0437],[-76.1596,1.1326],[-76.297,1.1961],[-76.2856,1.3272],[-76.1453,1.5755],[-76.3469,1.6389],[-76.5769,1.8797],[-76.6001,1.9718],[-76.5366,2.1291],[-76.4554,2.1128],[-76.3565,2.2875],[-76.3926,2.3668],[-76.1544,2.3727],[-75.9662,2.491],[-75.8445,2.4281],[-75.781,2.6696],[-75.806,2.72],[-76.0312,2.9295],[-76.0446,3.0355],[-76.1128,3.0951],[-76.0758,3.2133],[-76.2559,3.2829],[-76.4367,3.3179],[-76.4668,3.1786],[-76.5533,3.1101],[-76.6912,3.1168],[-76.7786,3.1839],[-76.8874,3.095],[-77.1096,3.1919],[-77.2615,3.124],[-77.3643,3.1653],[-77.4649,3.3016],[-77.5087,3.1946],[-77.6477,3.0739],[-77.6434,2.8981],[-77.8118,2.7485],[-77.7515,2.6273],[-77.9043,2.58],[-77.9498,2.6745],[-78.0739,2.6468],[-77.9527,2.5557],[-77.9488,2.382],[-77.8401,2.1772],[-77.7438,2.1445],[-77.4314,2.221],[-77.313,2.1714],[-77.3301,2.0704],[-77.214,1.9864],[-77.2834,1.8557],[-77.3251,1.6894],[-77.233,1.6635],[-76.9244,1.7198],[-76.8448,1.6071],[-76.9245,1.503],[-76.9117,1.3132]]]},"properties":{"iso":"COL","name":"Cauca","country":"Colômbia","code":"CO-CAU"}},
{"type":"Feature","geometry":{"type":"Polygon","coordinates":[[[-70.178,-16.8701],[-70.1685,-16.7894],[-70.0281,-16.707],[-70.2916,-16.4786],[-70.3508,-16.3348],[-70.331,-16.2499],[-70.4307,-16.0499],[-70.5676,-16.011],[-70.6868,-16.0571],[-70.85,-15.9882],[-70.8754,-16.2635],[-70.9451,-16.3357],[-70.9677,-16.4702],[-71.143,-16.4696],[-71.3093,-16.6366],[-71.3065,-16.7352],[-71.4287,-16.815],[-71.4085,-16.9795],[-71.347,-17.0242],[-71.3692,-17.1588],[-71.4885,-17.318],[-71.4003,-17.4003],[-71.3596,-17.6331],[-71.1758,-17.7933],[-71.1261,-17.7208],[-70.9318,-17.6234],[-70.7005,-17.2493],[-70.5969,-17.2035],[-70.4768,-17.0602],[-70.4924,-16.9725],[-70.433,-16.8356],[-70.3555,-16.82],[-70.2693,-16.93],[-70.178,-16.8701]]]},"properties":{"iso":"PER","name":"Moquegua","country":"Peru","code":"PE-MOQ"}},
{"type":"Feature","geometry":{"type":"Polygon","coordinates":[[[-71.0294,-15.3341],[-71.1806,-15.2087],[-71.2351,-15.0715],[-71.3933,-15.0568],[-71.667,-15.1136],[-71.8627,-15.0432],[-71.8778,-14.8423],[-71.9905,-14.6786],[-72.0691,-14.8791],[-72.13,-14.8123],[-72.335,-14.8434],[-72.4223,-14.8146],[-72.4861,-14.674],[-72.5698,-14.6957],[-72.7627,-14.6592],[-72.848,-14.7316],[-72.8371,-14.7964],[-72.9977,-14.8253],[-73.0337,-15.1295],[-73.1708,-15.2983],[-73.2611,-15.2813],[-73.2828,-15.3949],[-73.4572,-15.3649],[-73.5744,-15.4165],[-73.9109,-15.4601],[-74.0566,-15.6066],[-74.1049,-15.4566],[-74.2287,-15.4943],[-74.4018,-15.3609],[-74.4685,-15.1955],[-74.7118,-15.1269],[-74.7266,-15.0879],[-74.9621,-15.2381],[-75.0757,-15.4377],[-74.8476,-15.5663],[-74.4631,-15.7267],[-74.4417,-15.798],[-74.0466,-15.9601],[-74.0328,-16.0123],[-73.7003,-16.2207],[-73.4203,-16.2931],[-73.2801,-16.3884],[-72.8883,-16.5546],[-72.6924,-16.6607],[-72.5878,-16.6594],[-72.3622,-16.7613],[-72.2934,-16.8806],[-72.1973,-16.9164],[-71.9486,-17.0735],[-71.8076,-17.1913],[-71.6415,-17.2316],[-71.4885,-17.318],[-71.3692,-17.1588],[-71.347,-17.0242],[-71.4085,-16.9795],[-71.4287,-16.815],[-71.3065,-16.7352],[-71.3093,-16.6366],[-71.143,-16.4696],[-70.9677,-16.4702],[-70.9451,-16.3357],[-70.8754,-16.2635],[-70.85,-15.9882],[-70.8423,-15.9077],[-70.9373,-15.7863],[-70.9054,-15.68],[-71.0101,-15.5677],[-71.0294,-15.3341]]]},"properties":{"iso":"PER","name":"Arequipa","country":"Peru","code":"PE-ARE"}},
{"type":"Feature","geometry":{"type":"Polygon","coordinates":[[[-74.7266,-15.0879],[-74.6934,-14.9158],[-74.772,-14.73],[-74.9003,-14.5555],[-75.0536,-14.6075],[-75.0731,-14.4451],[-75.1319,-14.3982],[-75.0615,-14.2592],[-75.0669,-14.1429],[-75.2091,-14.0758],[-75.3494,-13.963],[-75.5214,-13.8993],[-75.5602,-13.749],[-75.5479,-13.5842],[-75.4831,-13.4661],[-75.8009,-13.3888],[-75.7045,-13.2166],[-75.7134,-13.1096],[-75.6347,-12.982],[-75.8649,-13.0312],[-75.9451,-12.9992],[-76.1404,-13.1853],[-76.2492,-13.3204],[-76.1813,-13.5395],[-76.2618,-13.8614],[-76.362,-13.8016],[-76.394,-13.908],[-76.2774,-13.9451],[-76.2821,-14.1409],[-76.1492,-14.2239],[-76.0922,-14.3731],[-75.9806,-14.4611],[-75.9307,-14.6493],[-75.8394,-14.7263],[-75.5506,-14.8849],[-75.3618,-15.1448],[-75.2411,-15.2053],[-75.1608,-15.3933],[-75.0757,-15.4377],[-74.9621,-15.2381],[-74.7266,-15.0879]]]},"properties":{"iso":"PER","name":"Ica","country":"Peru","code":"PE-ICA"}},
{"type":"Feature","geometry":{"type":"Polygon","coordinates":[[[-75.6347,-12.982],[-75.594,-12.8549],[-75.4672,-12.6866],[-75.5687,-12.6206],[-75.5376,-12.4169],[-75.6888,-12.0787],[-75.8898,-11.9883],[-76.0124,-12.0147],[-76.2098,-11.7365],[-76.2219,-11.5947],[-76.3777,-11.5037],[-76.4758,-11.3121],[-76.4883,-11.0977],[-76.5702,-10.9717],[-76.5726,-10.8295],[-76.75,-10.4438],[-76.9316,-10.2868],[-77.1501,-10.3848],[-77.1974,-10.5182],[-77.5092,-10.7483],[-77.5935,-10.7369],[-77.596,-10.5936],[-77.7458,-10.5285],[-77.6722,-10.4069],[-77.7858,-10.3752],[-77.8021,-10.5177],[-77.8906,-10.6025],[-77.7637,-10.7615],[-77.6705,-10.9275],[-77.5947,-11.1651],[-77.6473,-11.2923],[-77.3205,-11.4937],[-77.1976,-11.6808],[-77.0809,-11.555],[-76.966,-11.736],[-76.9383,-11.9393],[-76.7672,-11.8599],[-76.6968,-11.95],[-76.752,-12.026],[-76.6446,-12.242],[-76.6946,-12.3896],[-76.7991,-12.5093],[-76.6815,-12.6193],[-76.63,-12.7507],[-76.5162,-12.8699],[-76.4833,-13.0363],[-76.2492,-13.3204],[-76.1404,-13.1853],[-75.9451,-12.9992],[-75.8649,-13.0312],[-75.6347,-12.982]]]},"properties":{"iso":"PER","name":"Lima","country":"Peru","code":"PE-LIM"}},
{"type":"Feature","geometry":{"type":"Polygon","coordinates":[[[-77.1976,-11.6808],[-77.1407,-11.999],[-77.1144,-12.0813],[-77.0383,-12.2044],[-76.8536,-12.3026],[-76.7909,-12.381],[-76.7991,-12.5093],[-76.6946,-12.3896],[-76.6446,-12.242],[-76.752,-12.026],[-76.6968,-11.95],[-76.7672,-11.8599],[-76.9383,-11.9393],[-76.966,-11.736],[-77.0809,-11.555],[-77.1976,-11.6808]]]},"properties":{"iso":"PER","name":"Lima Province","country":"Peru","code":"PE-LIM"}},
{"type":"Feature","geometry":{"type":"Polygon","coordinates":[[[-77.1407,-11.999],[-77.1749,-12.0719],[-77.1144,-12.0813],[-77.1407,-11.999]]]},"properties":{"iso":"PER","name":"Callao","country":"Peru","code":"PE-CAL"}},
{"type":"Feature","geometry":{"type":"Polygon","coordinates":[[[-76.9316,-10.2868],[-76.9048,-10.1254],[-76.9818,-10.0699],[-77.0002,-9.9475],[-77.0725,-9.7904],[-76.9744,-9.6418],[-76.8589,-9.3263],[-76.7413,-9.2046],[-76.7804,-9.1357],[-76.9973,-9.013],[-77.1361,-8.8989],[-77.2902,-8.6846],[-77.3225,-8.5341],[-77.3495,-8.4353],[-77.4837,-8.2493],[-77.6054,-8.1521],[-77.6524,-8.0291],[-77.8091,-8.0763],[-77.8977,-8.0642],[-77.9571,-8.1712],[-78.1113,-8.3007],[-78.2361,-8.5418],[-78.2544,-8.6584],[-78.5372,-8.7553],[-78.649,-8.9637],[-78.6417,-9.0564],[-78.4974,-9.1895],[-78.484,-9.3303],[-78.4271,-9.4197],[-78.3699,-9.6154],[-78.2294,-9.7938],[-78.2346,-9.9525],[-78.1666,-10.1414],[-78.1049,-10.2011],[-78.0558,-10.3475],[-77.8906,-10.6025],[-77.8021,-10.5177],[-77.7858,-10.3752],[-77.6722,-10.4069],[-77.7458,-10.5285],[-77.596,-10.5936],[-77.5935,-10.7369],[-77.5092,-10.7483],[-77.1974,-10.5182],[-77.1501,-10.3848],[-76.9316,-10.2868]]]},"properties":{"iso":"PER","name":"Áncash","country":"Peru","code":"PE-ANC"}},
{"type":"Feature","geometry":{"type":"Polygon","coordinates":[[[-77.9916,-7.0132],[-77.8705,-7.2337],[-77.8395,-7.3775],[-77.9183,-7.5089],[-77.9347,-7.6624],[-78.1407,-7.6729],[-78.2393,-7.7569],[-78.405,-7.6429],[-78.5862,-7.5742],[-78.772,-7.5541],[-79.0618,-7.6602],[-79.0953,-7.4929],[-79.1975,-7.4027],[-79.3517,-7.3581],[-79.3477,-7.0105],[-79.4989,-6.9683],[-79.6921,-7.1614],[-79.6128,-7.2664],[-79.5825,-7.4636],[-79.4353,-7.6744],[-79.4659,-7.7159],[-79.2997,-7.9387],[-79.1247,-8.0651],[-78.9857,-8.2174],[-78.9021,-8.3768],[-78.9403,-8.4355],[-78.7593,-8.6083],[-78.7643,-8.7751],[-78.649,-8.9637],[-78.5372,-8.7553],[-78.2544,-8.6584],[-78.2361,-8.5418],[-78.1113,-8.3007],[-77.9571,-8.1712],[-77.8977,-8.0642],[-77.8091,-8.0763],[-77.6524,-8.0291],[-77.6054,-8.1521],[-77.4837,-8.2493],[-77.3495,-8.4353],[-77.3225,-8.5341],[-77.0361,-8.4991],[-76.9946,-8.6023],[-76.8563,-8.5557],[-76.911,-8.2471],[-77.0276,-8.138],[-77.232,-8.0702],[-77.3591,-8.0674],[-77.3998,-7.899],[-77.4707,-7.7627],[-77.4502,-7.5724],[-77.5933,-7.4015],[-77.6195,-7.1693],[-77.7424,-6.994],[-77.9916,-7.0132]]]},"properties":{"iso":"PER","name":"La Libertad","country":"Peru","code":"PE-LAL"}},
{"type":"Feature","geometry":{"type":"Polygon","coordinates":[[[-79.4511,-5.989],[-79.6462,-5.9263],[-79.7564,-5.848],[-79.75,-5.7454],[-79.9448,-5.5483],[-79.9501,-5.822],[-79.9942,-5.8537],[-80.304,-5.9426],[-80.4498,-6.0996],[-80.6307,-6.3777],[-80.1189,-6.6506],[-79.9647,-6.7874],[-79.9315,-6.8835],[-79.7082,-7.1068],[-79.6921,-7.1614],[-79.4989,-6.9683],[-79.3477,-7.0105],[-79.3203,-6.8968],[-79.1661,-6.7651],[-79.1829,-6.7037],[-79.335,-6.6548],[-79.4463,-6.52],[-79.4411,-6.3331],[-79.294,-6.2788],[-79.2875,-6.1305],[-79.2209,-6.028],[-79.4511,-5.989]]]},"properties":{"iso":"PER","name":"Lambayeque","country":"Peru","code":"PE-LAM"}},
{"type":"Feature","geometry":{"type":"Polygon","coordinates":[[[-80.5161,-1.8408],[-80.5774,-1.6597],[-80.8182,-1.677],[-80.733,-1.904],[-80.745,-2.1029],[-80.9512,-2.2376],[-80.9136,-2.3188],[-80.6566,-2.4158],[-80.5427,-2.5298],[-80.4108,-2.4167],[-80.2765,-2.3679],[-80.232,-2.2998],[-80.2134,-2.1103],[-80.3474,-1.9816],[-80.4783,-1.9312],[-80.5161,-1.8408]]]},"properties":{"iso":"ECU","name":"Santa Elena","country":"Equador","code":"EC-SE"}},
{"type":"Feature","geometry":{"type":"Polygon","coordinates":[[[-79.9995,0.3451],[-80.0665,0.0522],[-80.2318,-0.1397],[-80.3712,-0.2228],[-80.4965,-0.3814],[-80.422,-0.5996],[-80.5159,-0.7421],[-80.5472,-0.8885],[-80.6163,-0.9414],[-80.8164,-0.9463],[-80.9162,-1.0655],[-80.7443,-1.3438],[-80.7709,-1.4778],[-80.8516,-1.5769],[-80.8182,-1.677],[-80.5774,-1.6597],[-80.5161,-1.8408],[-80.4456,-1.839],[-80.3209,-1.6836],[-80.235,-1.6849],[-80.1858,-1.4231],[-80.0433,-1.2718],[-79.9931,-1.1288],[-79.8531,-1.0883],[-79.7224,-0.8812],[-79.6196,-0.8502],[-79.48,-0.5437],[-79.4069,-0.3834],[-79.413,-0.2048],[-79.5988,-0.0718],[-79.5955,-0.0136],[-79.568,0.1132],[-79.7023,0.1937],[-79.659,0.2681],[-79.7411,0.3741],[-79.9612,0.2661],[-79.9995,0.3451]]]},"properties":{"iso":"ECU","name":"Manabi","country":"Equador","code":"EC-M"}},
{"type":"Feature","geometry":{"type":"Polygon","coordinates":[[[-77.2544,4.2422],[-77.2852,4.2113],[-77.4352,4.1528],[-77.425,4.0046],[-77.1892,4.0673],[-77.3118,3.9084],[-77.1515,3.8004],[-77.2049,3.6212],[-77.3105,3.5502],[-77.3671,3.4021],[-77.4649,3.3016],[-77.3643,3.1653],[-77.2615,3.124],[-77.1096,3.1919],[-76.8874,3.095],[-76.7786,3.1839],[-76.6912,3.1168],[-76.5533,3.1101],[-76.4668,3.1786],[-76.4367,3.3179],[-76.2559,3.2829],[-76.0758,3.2133],[-76.0494,3.4424],[-75.9617,3.7122],[-75.8577,3.8699],[-75.7622,4.0785],[-75.8299,4.1094],[-75.7903,4.2884],[-75.8768,4.5526],[-75.8248,4.6644],[-75.714,4.7129],[-75.9086,4.7632],[-76.0759,5.0357],[-76.1695,4.8894],[-76.2912,4.7732],[-76.3033,4.6999],[-76.4273,4.5817],[-76.496,4.32],[-76.4462,4.182],[-76.5941,4.0505],[-76.7304,3.9986],[-76.8927,4.0419],[-76.9568,4.1226],[-77.0658,4.1039],[-77.2544,4.2422]]]},"properties":{"iso":"COL","name":"Valle del Cauca","country":"Colômbia","code":"CO-VAC"}},
{"type":"Feature","geometry":{"type":"MultiPolygon","coordinates":[[[[-79.247,9.3307],[-79.2567,9.4024],[-79.4408,9.479],[-79.5225,9.4543],[-79.5737,9.2182],[-79.6698,9.1282],[-79.7782,9.1144],[-79.8893,9.194],[-79.9627,9.0835],[-79.9559,8.997],[-80.1375,8.9492],[-80.1637,8.8307],[-80.092,8.4709],[-80.0408,8.398],[-79.8641,8.5524],[-79.7744,8.5796],[-79.7563,8.7963],[-79.482,8.9984],[-79.176,9.0107],[-79.0053,8.9595],[-78.7576,8.8293],[-78.6125,8.6697],[-78.5044,8.634],[-78.4914,8.4734],[-78.4097,8.353],[-78.4585,8.5604],[-78.4288,8.7145],[-78.4512,8.8197],[-78.309,8.8067],[-78.0792,8.9437],[-78.0425,9.0732],[-78.257,9.1909],[-78.2956,9.2573],[-78.4087,9.2436],[-78.5002,9.338],[-78.6277,9.3214],[-78.6989,9.3708],[-78.9372,9.3445],[-79.0718,9.2774],[-79.247,9.3307]]],[[[-78.8922,8.458],[-78.9747,8.4444],[-78.9699,8.3051],[-78.8345,8.3428],[-78.8922,8.458]]]]},"properties":{"iso":"PAN","name":"Panama","country":"Panamá","code":"PA-8"}},
{"type":"Feature","geometry":{"type":"Polygon","coordinates":[[[-80.1375,8.9492],[-80.1782,9.0218],[-80.3555,8.8719],[-80.5156,8.9266],[-80.5425,8.791],[-80.6517,8.767],[-80.7394,8.6152],[-80.8221,8.5377],[-80.6935,8.3093],[-80.7341,8.1635],[-80.687,8.1326],[-80.4785,8.0914],[-80.4702,8.2206],[-80.3807,8.3104],[-80.225,8.3011],[-80.0408,8.398],[-80.092,8.4709],[-80.1637,8.8307],[-80.1375,8.9492]]]},"properties":{"iso":"PAN","name":"Coclé","country":"Panamá","code":"PA-2"}},
{"type":"Feature","geometry":{"type":"MultiPolygon","coordinates":[[[[-58.617,6.4881],[-58.5977,6.8083],[-58.5196,6.9776],[-58.6337,6.9086],[-58.6557,6.8373],[-58.8336,6.714],[-58.8271,6.556],[-58.617,6.4881]]],[[[-58.5812,6.4634],[-58.4013,6.2719],[-58.3551,6.1266],[-58.2747,6.1059],[-58.2697,6.3013],[-58.3034,6.4617],[-58.1777,6.6724],[-58.1737,6.8154],[-58.2738,6.8805],[-58.3984,6.8834],[-58.567,6.6367],[-58.5812,6.4634]]]]},"properties":{"iso":"GUY","name":"Demerara-Mahaica","country":"Guiana","code":"GY-DE"}},
{"type":"Feature","geometry":{"type":"MultiPolygon","coordinates":[[[[-81.6644,7.3973],[-81.719,7.4525],[-81.7388,7.6443],[-81.83,7.5762],[-81.8419,7.4308],[-81.7462,7.3489],[-81.6644,7.3973]]],[[[-81.6636,7.9973],[-81.5675,7.8492],[-81.5258,7.7115],[-81.1952,7.6389],[-81.1833,7.8237],[-81.0854,7.7943],[-80.9463,7.5557],[-80.8731,7.2126],[-80.6041,7.2367],[-80.6681,7.3228],[-80.7197,7.5296],[-80.8021,7.5812],[-80.947,7.7884],[-80.9434,7.9015],[-80.8578,7.9696],[-80.8536,8.0599],[-80.687,8.1326],[-80.7341,8.1635],[-80.6935,8.3093],[-80.8221,8.5377],[-80.7394,8.6152],[-80.7282,8.7301],[-80.8626,8.8851],[-81.2131,8.7918],[-81.2045,8.5653],[-81.3285,8.5581],[-81.4886,8.5969],[-81.5225,8.3793],[-81.5131,8.251],[-81.6061,8.1349],[-81.6636,7.9973]]]]},"properties":{"iso":"PAN","name":"Veraguas","country":"Panamá","code":"PA-9"}},
{"type":"Feature","geometry":{"type":"Polygon","coordinates":[[[-79.0745,9.562],[-79.1938,9.5396],[-79.551,9.6293],[-79.6645,9.5834],[-79.6906,9.4958],[-79.909,9.3084],[-80.0008,9.3205],[-80.1008,9.2223],[-80.2926,9.1514],[-80.4083,9.1423],[-80.6371,9.0517],[-80.8626,8.8851],[-80.7282,8.7301],[-80.7394,8.6152],[-80.6517,8.767],[-80.5425,8.791],[-80.5156,8.9266],[-80.3555,8.8719],[-80.1782,9.0218],[-80.1375,8.9492],[-79.9559,8.997],[-79.9627,9.0835],[-79.8893,9.194],[-79.7782,9.1144],[-79.6698,9.1282],[-79.5737,9.2182],[-79.5225,9.4543],[-79.4408,9.479],[-79.2567,9.4024],[-79.247,9.3307],[-79.075,9.4573],[-79.0745,9.562]]]},"properties":{"iso":"PAN","name":"Colón","country":"Panamá","code":"PA-3"}},
{"type":"Feature","geometry":{"type":"Polygon","coordinates":[[[-76.0425,5.5773],[-75.8578,5.4894],[-75.7389,5.5572],[-75.5857,5.5188],[-75.6011,5.7351],[-75.4705,5.6704],[-75.3846,5.6742],[-75.3162,5.5171],[-75.143,5.5301],[-75.0912,5.6596],[-74.8668,5.7438],[-74.7773,5.6897],[-74.6625,5.7719],[-74.5908,5.9182],[-74.5798,6.216],[-74.5194,6.2823],[-74.4133,6.4042],[-74.3864,6.6263],[-74.2927,6.6544],[-74.1086,6.7903],[-74.007,6.9348],[-73.8878,7.0199],[-73.9224,7.1055],[-73.9302,7.3008],[-74.2529,6.9961],[-74.3439,7.0104],[-74.4687,7.3614],[-74.5626,7.4236],[-74.5606,7.6308],[-74.4859,7.7367],[-74.5995,7.9982],[-74.8349,8.1887],[-74.9426,8.0726],[-75.2288,8.046],[-75.5467,7.6895],[-75.59,7.5695],[-75.7694,7.4989],[-75.8681,7.3642],[-76.4078,7.3804],[-76.4976,7.6],[-76.5051,7.7407],[-76.4326,7.9313],[-76.4194,8.0987],[-76.2173,8.4102],[-76.2291,8.5776],[-76.3318,8.6603],[-76.4448,8.8699],[-76.6732,8.6804],[-76.8937,8.6203],[-76.7701,8.398],[-76.732,8.0793],[-76.7572,7.9236],[-76.9337,7.9646],[-76.8323,8.1365],[-76.9425,8.1289],[-76.9855,8.2562],[-76.9539,8.0865],[-77.0217,7.8985],[-77.1264,7.7809],[-76.8769,7.5654],[-76.6925,7.3544],[-76.5296,7.2487],[-76.5053,7.0744],[-76.5461,6.991],[-76.6834,7.026],[-76.8314,6.9997],[-76.8362,6.8406],[-76.9728,6.8102],[-76.8982,6.5946],[-76.7881,6.4835],[-76.7707,6.2869],[-76.7001,6.1687],[-76.2772,6.1873],[-76.217,6.0348],[-76.1113,5.9756],[-76.1331,5.8615],[-76.0425,5.5773]]]},"properties":{"iso":"COL","name":"Antioquia","country":"Colômbia","code":"CO-ANT"}},
{"type":"Feature","geometry":{"type":"Polygon","coordinates":[[[-74.8349,8.1887],[-74.805,8.2799],[-74.8094,8.3507],[-74.9433,8.4863],[-75.1835,8.4019],[-75.3191,8.5213],[-75.3599,8.8034],[-75.2968,8.8967],[-75.2092,8.9238],[-75.2128,9.0416],[-75.4302,9.1528],[-75.4653,9.238],[-75.6991,9.3541],[-75.6983,9.4169],[-75.91,9.4282],[-76.078,9.3438],[-76.1681,9.247],[-76.2563,9.0074],[-76.4448,8.8699],[-76.3318,8.6603],[-76.2291,8.5776],[-76.2173,8.4102],[-76.4194,8.0987],[-76.4326,7.9313],[-76.5051,7.7407],[-76.4976,7.6],[-76.4078,7.3804],[-75.8681,7.3642],[-75.7694,7.4989],[-75.59,7.5695],[-75.5467,7.6895],[-75.2288,8.046],[-74.9426,8.0726],[-74.8349,8.1887]]]},"properties":{"iso":"COL","name":"Córdoba","country":"Colômbia","code":"CO-COR"}},
{"type":"Feature","geometry":{"type":"Polygon","coordinates":[[[-74.805,8.2799],[-74.6802,8.3098],[-74.5505,8.4628],[-74.603,8.7271],[-74.5421,8.8067],[-74.6592,8.9657],[-74.8253,9.0765],[-74.9004,9.1769],[-74.9408,9.3467],[-74.8992,9.4302],[-75.0295,9.4831],[-75.1828,9.6432],[-75.3653,9.6846],[-75.3272,9.8814],[-75.4782,9.9154],[-75.4757,10.0396],[-75.5816,10.092],[-75.5895,9.9642],[-75.6578,9.7052],[-75.5764,9.6211],[-75.6206,9.4529],[-75.6983,9.4169],[-75.6991,9.3541],[-75.4653,9.238],[-75.4302,9.1528],[-75.2128,9.0416],[-75.2092,8.9238],[-75.2968,8.8967],[-75.3599,8.8034],[-75.3191,8.5213],[-75.1835,8.4019],[-74.9433,8.4863],[-74.8094,8.3507],[-74.805,8.2799]]]},"properties":{"iso":"COL","name":"Sucre","country":"Colômbia","code":"CO-SUC"}},
{"type":"Feature","geometry":{"type":"Polygon","coordinates":[[[-73.8704,8.8877],[-73.9001,8.9855],[-74.0434,9.0552],[-74.1533,9.049],[-74.238,9.1543],[-74.4307,9.2675],[-74.5232,9.2395],[-74.6293,9.3759],[-74.8058,9.4868],[-74.7813,9.6313],[-74.878,9.8699],[-74.8123,9.9855],[-74.859,10.0973],[-74.9435,10.1375],[-74.9175,10.2674],[-75.0765,10.4144],[-75.2664,10.5307],[-75.2563,10.7093],[-75.3976,10.6819],[-75.5098,10.5858],[-75.4933,10.4346],[-75.5816,10.092],[-75.4757,10.0396],[-75.4782,9.9154],[-75.3272,9.8814],[-75.3653,9.6846],[-75.1828,9.6432],[-75.0295,9.4831],[-74.8992,9.4302],[-74.9408,9.3467],[-74.9004,9.1769],[-74.8253,9.0765],[-74.6592,8.9657],[-74.5421,8.8067],[-74.603,8.7271],[-74.5505,8.4628],[-74.6802,8.3098],[-74.805,8.2799],[-74.8349,8.1887],[-74.5995,7.9982],[-74.4859,7.7367],[-74.5606,7.6308],[-74.5626,7.4236],[-74.4687,7.3614],[-74.3439,7.0104],[-74.2529,6.9961],[-73.9302,7.3008],[-73.9075,7.5099],[-73.8305,7.6101],[-73.8155,7.7795],[-73.8721,8.0069],[-73.7856,8.1615],[-73.7622,8.4594],[-73.8296,8.6436],[-73.8076,8.8166],[-73.8704,8.8877]]]},"properties":{"iso":"COL","name":"Bolívar","country":"Colômbia","code":"CO-BOL"}},
{"type":"Feature","geometry":{"type":"Polygon","coordinates":[[[-74.9175,10.2674],[-74.8067,10.5103],[-74.7286,10.584],[-74.7247,10.9003],[-74.8475,11.0877],[-75.0236,10.9743],[-75.036,10.9167],[-75.2287,10.8109],[-75.2297,10.7634],[-75.2563,10.7093],[-75.2664,10.5307],[-75.0765,10.4144],[-74.9175,10.2674]]]},"properties":{"iso":"COL","name":"Atlántico","country":"Colômbia","code":"CO-ATL"}},
{"type":"Feature","geometry":{"type":"Polygon","coordinates":[[[-73.5656,11.2771],[-73.826,11.2768],[-74.0046,11.3553],[-74.1875,11.317],[-74.2422,11.2003],[-74.2181,11.0791],[-74.2804,10.9897],[-74.3622,10.7757],[-74.4566,10.748],[-74.5028,10.9743],[-74.8475,11.0877],[-74.7247,10.9003],[-74.7286,10.584],[-74.8067,10.5103],[-74.9175,10.2674],[-74.9435,10.1375],[-74.859,10.0973],[-74.8123,9.9855],[-74.878,9.8699],[-74.7813,9.6313],[-74.8058,9.4868],[-74.6293,9.3759],[-74.5232,9.2395],[-74.4307,9.2675],[-74.238,9.1543],[-74.1533,9.049],[-74.0434,9.0552],[-73.9001,8.9855],[-73.8704,8.8877],[-73.7998,9.0556],[-73.8738,9.1783],[-73.9535,9.1964],[-74.001,9.3991],[-74.1371,9.4982],[-74.0044,9.5933],[-73.7842,9.5975],[-73.8418,9.7899],[-74.008,9.9583],[-74.0662,10.0538],[-74.0505,10.1699],[-73.8935,10.3733],[-73.7705,10.3912],[-73.5778,10.5032],[-73.6375,10.7672],[-73.6058,10.8455],[-73.6497,10.9919],[-73.6378,11.1392],[-73.5656,11.2771]]]},"properties":{"iso":"COL","name":"Magdalena","country":"Colômbia","code":"CO-MAG"}},
{"type":"Feature","geometry":{"type":"Polygon","coordinates":[[[-71.9449,8.6114],[-71.8231,8.5903],[-71.778,8.4594],[-71.8925,8.1717],[-71.7962,8.1517],[-71.7209,8.054],[-71.5889,8.0573],[-71.5077,8.0054],[-71.5315,7.7527],[-71.4836,7.6845],[-71.4621,7.7695],[-71.0905,8.0675],[-71.0118,8.2067],[-71.0775,8.3763],[-70.8377,8.7255],[-70.5775,8.8567],[-70.5347,8.9553],[-70.58,9.0402],[-70.6773,8.9859],[-70.8544,9.1287],[-70.9177,9.3029],[-71.0587,9.3379],[-71.1517,9.2885],[-71.2185,9.187],[-71.2256,9.0484],[-71.6735,8.7188],[-71.7213,8.622],[-71.8488,8.6711],[-71.9449,8.6114]]]},"properties":{"iso":"VEN","name":"Mérida","country":"Venezuela","code":"VE-L"}},
{"type":"Feature","geometry":{"type":"Polygon","coordinates":[[[-71.0624,9.6174],[-71.0902,9.5554],[-71.0587,9.3379],[-70.9177,9.3029],[-70.8544,9.1287],[-70.6773,8.9859],[-70.58,9.0402],[-70.5347,8.9553],[-70.4267,9.0225],[-70.1825,9.0079],[-70.1134,9.0315],[-70.0594,9.2368],[-70.1311,9.2746],[-70.033,9.4303],[-70.1093,9.5171],[-70.1308,9.6241],[-70.0217,9.7097],[-70.2177,9.8467],[-70.4025,9.9211],[-70.5304,9.9397],[-70.6086,10.0316],[-70.6612,9.9045],[-70.6413,9.792],[-70.8596,9.5995],[-71.0624,9.6174]]]},"properties":{"iso":"VEN","name":"Trujillo","country":"Venezuela","code":"VE-T"}},
{"type":"Feature","geometry":{"type":"Polygon","coordinates":[[[-70.6581,10.3048],[-70.5354,10.363],[-70.4923,10.4474],[-70.3303,10.5581],[-70.2472,10.5584],[-70.1575,10.6517],[-69.7899,10.7014],[-69.6639,10.7647],[-69.4261,10.7119],[-68.8855,10.6595],[-68.7766,10.7294],[-68.6336,10.7329],[-68.5194,10.6386],[-68.2738,10.6342],[-68.3266,10.8493],[-68.2627,10.9031],[-68.4176,11.1791],[-68.6557,11.3479],[-68.8632,11.4529],[-69.0619,11.4535],[-69.2704,11.536],[-69.3767,11.494],[-69.5001,11.5087],[-69.6236,11.4678],[-69.7003,11.5402],[-69.8086,11.8036],[-69.8353,12.0152],[-69.9254,12.1596],[-70.0177,12.1989],[-70.2058,12.112],[-70.2968,11.8719],[-70.2058,11.7347],[-70.1865,11.6027],[-69.8495,11.6937],[-69.7914,11.6453],[-69.7471,11.4808],[-69.8141,11.4256],[-69.946,11.5198],[-70.0505,11.5211],[-70.18,11.3764],[-70.288,11.3571],[-70.5139,11.2532],[-70.6856,11.248],[-70.8697,11.1963],[-71.282,10.9914],[-71.2561,10.9264],[-71.0884,10.767],[-71.081,10.6386],[-71.0221,10.5277],[-70.9031,10.4429],[-70.7787,10.4536],[-70.7377,10.3444],[-70.6581,10.3048]]]},"properties":{"iso":"VEN","name":"Falcón","country":"Venezuela","code":"VE-I"}},
{"type":"Feature","geometry":{"type":"Polygon","coordinates":[[[-68.8855,10.6595],[-68.9011,10.598],[-69.0317,10.538],[-69.0684,10.4246],[-69.015,10.2484],[-69.2275,10.1101],[-69.1409,9.945],[-68.9791,10.0098],[-68.9249,9.9308],[-68.9777,9.8573],[-68.8589,9.8532],[-68.8043,9.9609],[-68.6697,9.9688],[-68.4872,9.9093],[-68.3705,9.99],[-68.4199,10.1876],[-68.3616,10.2609],[-68.3895,10.4935],[-68.2517,10.5951],[-68.2738,10.6342],[-68.5194,10.6386],[-68.6336,10.7329],[-68.7766,10.7294],[-68.8855,10.6595]]]},"properties":{"iso":"VEN","name":"Yaracuy","country":"Venezuela","code":"VE-U"}},
{"type":"Feature","geometry":{"type":"Polygon","coordinates":[[[-68.3705,9.99],[-68.2339,10.1231],[-68.2166,9.963],[-68.0653,9.8554],[-67.7888,9.827],[-67.5914,9.8664],[-67.5341,9.9515],[-67.6622,10.0329],[-67.672,10.3244],[-67.8187,10.3224],[-67.8692,10.4613],[-68.1295,10.4877],[-68.2517,10.5951],[-68.3895,10.4935],[-68.3616,10.2609],[-68.4199,10.1876],[-68.3705,9.99]]]},"properties":{"iso":"VEN","name":"Carabobo","country":"Venezuela","code":"VE-G"}},
{"type":"Feature","geometry":{"type":"Polygon","coordinates":[[[-67.5341,9.9515],[-67.4281,9.9874],[-67.3406,9.9264],[-67.1813,9.9198],[-67.1016,9.7995],[-66.8587,9.6723],[-66.8816,9.4599],[-66.6797,9.3935],[-66.5755,9.4095],[-66.5441,9.6112],[-66.6113,9.6969],[-66.5848,9.8253],[-66.6127,9.9664],[-66.9299,10.0131],[-67.1191,10.1115],[-67.1087,10.2649],[-67.1865,10.313],[-67.2202,10.4167],[-67.3419,10.3999],[-67.3918,10.5431],[-67.7776,10.496],[-67.8692,10.4613],[-67.8187,10.3224],[-67.672,10.3244],[-67.6622,10.0329],[-67.5341,9.9515]]]},"properties":{"iso":"VEN","name":"Aragua","country":"Venezuela","code":"VE-D"}},
{"type":"Feature","geometry":{"type":"Polygon","coordinates":[[[-67.2202,10.4167],[-67.1532,10.4407],[-67.0533,10.4788],[-67.0042,10.575],[-66.8738,10.547],[-66.3543,10.5453],[-66.3136,10.6295],[-66.5416,10.6327],[-67.0124,10.6112],[-67.17,10.556],[-67.3918,10.5431],[-67.3419,10.3999],[-67.2202,10.4167]]]},"properties":{"iso":"VEN","name":"Vargas","country":"Venezuela","code":"VE-X"}},
{"type":"Feature","geometry":{"type":"Polygon","coordinates":[[[-66.6127,9.9664],[-66.3834,10.0186],[-66.1905,9.9487],[-65.971,9.9289],[-65.6966,9.9534],[-65.4489,10.0796],[-65.4258,10.1434],[-65.5804,10.1855],[-65.8685,10.3096],[-66.1183,10.498],[-66.1246,10.602],[-66.3136,10.6295],[-66.3543,10.5453],[-66.8738,10.547],[-66.8974,10.4162],[-67.0515,10.3945],[-67.1532,10.4407],[-67.2202,10.4167],[-67.1865,10.313],[-67.1087,10.2649],[-67.1191,10.1115],[-66.9299,10.0131],[-66.6127,9.9664]]]},"properties":{"iso":"VEN","name":"Miranda","country":"Venezuela","code":"VE-M"}},
{"type":"Feature","geometry":{"type":"Polygon","coordinates":[[[-62.6858,8.3857],[-62.7428,8.4734],[-62.9883,8.5526],[-63.057,8.7039],[-62.9758,8.7948],[-63.2695,8.775],[-63.3402,8.809],[-63.4181,9.0083],[-63.6277,9.1631],[-63.7719,9.2363],[-63.9083,9.2092],[-63.9732,9.3239],[-63.9666,9.4167],[-63.8466,9.5506],[-63.9656,9.7683],[-63.9252,9.8747],[-64.0425,9.9397],[-64.061,10.0454],[-63.9488,10.0826],[-64.0453,10.1283],[-64.1538,10.0793],[-64.3473,10.0946],[-64.5361,10.2523],[-64.6314,10.2481],[-64.7481,10.1069],[-64.9635,10.0973],[-65.084,10.0475],[-65.1695,10.0973],[-65.4258,10.1434],[-65.4489,10.0796],[-65.6966,9.9534],[-65.665,9.774],[-65.6941,9.6806],[-65.4888,9.5692],[-65.387,9.5719],[-65.2182,9.5068],[-65.2637,9.2898],[-65.1649,9.1786],[-64.9637,9.099],[-64.933,9],[-64.7899,8.8781],[-64.8641,8.741],[-65.1378,8.7391],[-65.1501,8.5566],[-65.2066,8.3694],[-65.4805,8.0239],[-65.4925,7.9436],[-65.3567,7.8694],[-65.1037,7.8344],[-64.8573,7.6598],[-64.6203,7.7744],[-64.5232,7.7737],[-64.5236,7.9963],[-64.3524,8.009],[-64.2316,8.0714],[-64.1386,7.9744],[-63.961,7.9736],[-63.8399,8.1104],[-63.6829,8.1582],[-63.4916,8.1456],[-63.1746,8.3134],[-62.9769,8.3095],[-62.8791,8.2741],[-62.7577,8.3798],[-62.6858,8.3857]]]},"properties":{"iso":"VEN","name":"Anzoátegui","country":"Venezuela","code":"VE-B"}},
{"type":"Feature","geometry":{"type":"Polygon","coordinates":[[[-63.9488,10.0826],[-63.8008,10.1278],[-63.7396,10.2012],[-63.555,10.2296],[-63.4759,10.3128],[-63.3712,10.2417],[-63.1798,10.1716],[-63.0635,10.1873],[-63.0131,10.0974],[-62.6566,10.0822],[-62.6266,10.1308],[-62.7364,10.3785],[-62.8311,10.4068],[-62.857,10.5316],[-62.6623,10.567],[-62.3349,10.5302],[-62.2399,10.6379],[-61.9625,10.6522],[-61.9823,10.7347],[-62.1542,10.6863],[-62.7196,10.76],[-62.9043,10.7022],[-63.1713,10.7316],[-63.2409,10.6851],[-63.4662,10.6676],[-63.5316,10.631],[-63.7569,10.6656],[-64.1312,10.6197],[-64.2747,10.6506],[-64.2491,10.5205],[-64.1555,10.5727],[-63.8468,10.556],[-63.8204,10.4476],[-64.0284,10.4461],[-64.1435,10.4801],[-64.3392,10.3907],[-64.4684,10.2486],[-64.5361,10.2523],[-64.3473,10.0946],[-64.1538,10.0793],[-64.0453,10.1283],[-63.9488,10.0826]]]},"properties":{"iso":"VEN","name":"Sucre","country":"Venezuela","code":"VE-R"}},
{"type":"Feature","geometry":{"type":"Polygon","coordinates":[[[-62.3254,9.7189],[-62.5176,10.1841],[-62.6266,10.1963],[-62.6185,10.0916],[-62.7774,10.0185],[-63.0131,10.0974],[-63.0635,10.1873],[-63.1798,10.1716],[-63.3712,10.2417],[-63.4759,10.3128],[-63.555,10.2296],[-63.7396,10.2012],[-63.8008,10.1278],[-63.9488,10.0826],[-64.061,10.0454],[-64.0425,9.9397],[-63.9252,9.8747],[-63.9656,9.7683],[-63.8466,9.5506],[-63.9666,9.4167],[-63.9732,9.3239],[-63.9083,9.2092],[-63.7719,9.2363],[-63.6277,9.1631],[-63.4181,9.0083],[-63.3402,8.809],[-63.2695,8.775],[-62.9758,8.7948],[-63.057,8.7039],[-62.9883,8.5526],[-62.7428,8.4734],[-62.6858,8.3857],[-62.5976,8.448],[-62.4359,8.5138],[-62.0874,8.7251],[-62.0126,8.8552],[-62.0842,8.9448],[-62.0531,9.0454],[-62.2021,9.071],[-62.3047,9.1966],[-62.3205,9.3573],[-62.4402,9.541],[-62.3254,9.7189]]]},"properties":{"iso":"VEN","name":"Monagas","country":"Venezuela","code":"VE-N"}},
{"type":"Feature","geometry":{"type":"Polygon","coordinates":[[[-58.8336,6.714],[-58.6557,6.8373],[-58.6337,6.9086],[-58.5196,6.9776],[-58.4674,7.1161],[-58.4642,7.3122],[-58.6632,7.5852],[-58.7807,7.6651],[-58.8887,7.5558],[-59.0254,7.4981],[-59.1004,7.3943],[-59.1745,7.1109],[-59.1544,6.9843],[-59.1733,6.8718],[-59.0763,6.8342],[-58.9649,6.8538],[-58.9279,6.7662],[-58.8336,6.714]]]},"properties":{"iso":"GUY","name":"Cuyuni-Mazaruni","country":"Guiana","code":"GY-CU"}},
{"type":"Feature","geometry":{"type":"Polygon","coordinates":[[[-57.683,5.875],[-57.8437,5.841],[-57.9509,5.9295],[-58.115,5.9715],[-58.1252,6.0799],[-58.2747,6.1059],[-58.3551,6.1266],[-58.4013,6.2719],[-58.5812,6.4634],[-58.602,6.4166],[-58.5736,6.2937],[-58.5732,5.9137],[-58.6112,5.8419],[-58.6171,5.6234],[-58.6756,5.4554],[-58.8447,5.415],[-58.8849,5.3267],[-58.8206,5.2291],[-58.8459,5.0128],[-58.7943,4.7659],[-58.5678,4.6212],[-58.2822,4.6343],[-58.066,4.654],[-57.9955,4.8707],[-57.8724,5.0148],[-57.8232,5.1436],[-57.6984,5.3473],[-57.6076,5.7738],[-57.683,5.875]]]},"properties":{"iso":"GUY","name":"Upper Takutu-Upper Essequibo","country":"Guiana","code":"GY-UT"}},
{"type":"Feature","geometry":{"type":"Polygon","coordinates":[[[-58.2747,6.1059],[-58.1252,6.0799],[-58.1317,6.2073],[-58.0791,6.3444],[-57.9366,6.4516],[-57.8824,6.5431],[-57.9139,6.7128],[-58.0679,6.8217],[-58.1737,6.8154],[-58.1777,6.6724],[-58.3034,6.4617],[-58.2697,6.3013],[-58.2747,6.1059]]]},"properties":{"iso":"GUY","name":"East Berbice-Corentyne","country":"Guiana","code":"GY-EB"}},
{"type":"Feature","geometry":{"type":"Polygon","coordinates":[[[-57.5204,6.278],[-57.5986,6.4272],[-57.9139,6.7128],[-57.8824,6.5431],[-57.9366,6.4516],[-58.0791,6.3444],[-58.1317,6.2073],[-58.1252,6.0799],[-58.115,5.9715],[-57.9509,5.9295],[-57.8437,5.841],[-57.683,5.875],[-57.6894,5.9805],[-57.5974,6.0801],[-57.6254,6.1659],[-57.5204,6.278]]]},"properties":{"iso":"GUY","name":"Essequibo Islands-West Demerara","country":"Guiana","code":"GY-ES"}},
{"type":"Feature","geometry":{"type":"Polygon","coordinates":[[[-55.9169,5.5399],[-55.8972,5.6767],[-55.8977,5.763],[-55.9992,5.8107],[-56.3038,5.8925],[-56.6037,5.9503],[-56.5988,5.7485],[-56.5022,5.56],[-56.5662,5.5018],[-56.4793,5.3892],[-56.4839,5.3168],[-56.3222,5.3729],[-56.06,5.395],[-55.9169,5.5399]]]},"properties":{"iso":"SUR","name":"Coronie","country":"Suriname","code":"SR-CR"}},
{"type":"Feature","geometry":{"type":"Polygon","coordinates":[[[-55.9169,5.5399],[-55.9073,5.4125],[-55.4907,5.4296],[-55.3985,5.4565],[-55.3522,5.6727],[-55.2532,5.9178],[-55.395,5.9739],[-55.6373,5.9859],[-55.8861,5.963],[-55.9479,5.8615],[-55.8873,5.7595],[-55.8972,5.6767],[-55.9169,5.5399]]]},"properties":{"iso":"SUR","name":"Saramacca","country":"Suriname","code":"SR-SA"}},
{"type":"Feature","geometry":{"type":"Polygon","coordinates":[[[-55.3522,5.6727],[-55.0392,5.6668],[-55.1438,5.7662],[-55.2298,5.9024],[-55.2532,5.9178],[-55.3522,5.6727]]]},"properties":{"iso":"SUR","name":"Wanica","country":"Suriname","code":"SR-WA"}},
{"type":"Feature","geometry":{"type":"Polygon","coordinates":[[[-55.1438,5.7662],[-55.1286,5.8214],[-55.2298,5.9024],[-55.1438,5.7662]]]},"properties":{"iso":"SUR","name":"Paramaribo","country":"Suriname","code":"SR-PM"}},
{"type":"Feature","geometry":{"type":"Polygon","coordinates":[[[-54.7049,5.9748],[-55.0139,5.9934],[-55.1286,5.8214],[-55.1438,5.7662],[-55.0392,5.6668],[-55.0104,5.5314],[-54.628,5.5593],[-54.7369,5.7668],[-54.7049,5.9748]]]},"properties":{"iso":"SUR","name":"Commewijne","country":"Suriname","code":"SR-CM"}},
{"type":"Feature","geometry":{"type":"Polygon","coordinates":[[[-73.0125,18.2209],[-73.1159,18.3551],[-73.3193,18.3666],[-73.5134,18.334],[-73.5994,18.427],[-73.784,18.4247],[-73.9063,18.3638],[-74.0853,18.4036],[-74.4526,18.361],[-74.3309,18.286],[-74.1834,18.2933],[-73.9678,18.1414],[-73.8733,18.0262],[-73.8093,18.1592],[-73.6542,18.2527],[-73.5781,18.2169],[-73.3773,18.2581],[-73.008,18.1811],[-73.0125,18.2209]]]},"properties":{"iso":"HTI","name":"Sud","country":"Haiti","code":"HT-SD"}},
{"type":"Feature","geometry":{"type":"Polygon","coordinates":[[[-103.742,18.6904],[-103.586,18.8821],[-103.4778,18.9664],[-103.5252,19.0925],[-103.4965,19.3161],[-103.6353,19.4871],[-103.8335,19.3976],[-104.0249,19.4872],[-104.1222,19.4726],[-104.2145,19.3204],[-104.5364,19.2489],[-104.5926,19.1496],[-104.3543,19.1119],[-104.3317,19.0223],[-103.98,18.8749],[-103.742,18.6904]]]},"properties":{"iso":"MEX","name":"Colima","country":"México","code":"MX-COL"}},
{"type":"Feature","geometry":{"type":"Polygon","coordinates":[[[-73.784,18.4247],[-73.7394,18.5438],[-73.8097,18.5428],[-74.16,18.6592],[-74.2559,18.6703],[-74.4263,18.6082],[-74.4892,18.4294],[-74.4526,18.361],[-74.0853,18.4036],[-73.9063,18.3638],[-73.784,18.4247]]]},"properties":{"iso":"HTI","name":"Grand'Anse","country":"Haiti","code":"HT-GA"}},
{"type":"Feature","geometry":{"type":"Polygon","coordinates":[[[-73.1208,19.6291],[-73.0668,19.7333],[-72.9058,19.717],[-72.6756,19.8068],[-72.5652,19.8757],[-72.776,19.9439],[-72.9779,19.9123],[-73.1437,19.9203],[-73.3446,19.8341],[-73.4681,19.7248],[-73.4095,19.636],[-73.1208,19.6291]]]},"properties":{"iso":"HTI","name":"Nord-Ouest","country":"Haiti","code":"HT-NO"}},
{"type":"Feature","geometry":{"type":"Polygon","coordinates":[[[111.0105,19.6838],[110.9346,19.9951],[110.7883,20.0104],[110.6401,20.1083],[110.5803,19.9797],[110.383,20.081],[110.261,20.0331],[110.157,20.0674],[110.0896,19.9781],[109.719,20.0106],[109.527,19.9514],[109.465,19.8341],[109.3037,19.9217],[109.1668,19.8055],[109.1565,19.6496],[109.0159,19.6013],[108.9408,19.5141],[108.6317,19.2863],[108.6631,19.1562],[108.6152,19.1016],[108.6538,18.921],[108.6275,18.8359],[108.6936,18.7199],[108.695,18.5048],[108.7956,18.4866],[109.0007,18.3672],[109.2181,18.3057],[109.44,18.289],[109.568,18.1932],[109.6773,18.2451],[109.7461,18.3959],[109.9154,18.4168],[110.0526,18.3902],[110.1033,18.5394],[110.2708,18.6682],[110.4268,18.6809],[110.4656,18.8819],[110.5632,19.0557],[110.589,19.1767],[110.6983,19.4169],[110.7576,19.4309],[111.0105,19.6838]]]},"properties":{"iso":"CHN","name":"Hainan","country":"China","code":"CN-HI"}},
{"type":"Feature","geometry":{"type":"Polygon","coordinates":[[[-105.2908,20.6852],[-105.0946,20.9181],[-104.9243,20.9312],[-104.7973,21.0176],[-104.7279,21.0097],[-104.2856,20.708],[-104.2711,20.8615],[-104.2129,20.9725],[-104.2241,21.1693],[-103.9826,21.2705],[-103.9447,21.3752],[-104.2103,21.5192],[-104.0984,21.7845],[-104.3987,22.0854],[-104.3297,22.2644],[-104.3114,22.3191],[-104.3346,22.4749],[-104.4772,22.4168],[-104.5874,22.4596],[-104.6679,22.6256],[-104.7743,22.6762],[-104.9707,22.5417],[-104.9942,22.6751],[-104.8886,22.7903],[-104.9455,22.9156],[-105.1315,23.017],[-105.3886,23.0333],[-105.4523,22.9013],[-105.5717,22.7907],[-105.4865,22.6841],[-105.466,22.4949],[-105.6135,22.5485],[-105.7241,22.5095],[-105.655,22.2563],[-105.6323,21.9557],[-105.4141,21.6011],[-105.185,21.443],[-105.2431,21.3421],[-105.2161,21.2044],[-105.2343,21.061],[-105.3097,21.0307],[-105.5141,20.7703],[-105.2908,20.6852]]]},"properties":{"iso":"MEX","name":"Nayarit","country":"México","code":"MX-NAY"}},
{"type":"Feature","geometry":{"type":"Polygon","coordinates":[[[-73.6471,21.0616],[-73.6761,20.9352],[-73.4926,20.9245],[-73.1298,20.9937],[-73.0339,21.1567],[-73.2552,21.1351],[-73.3982,21.2248],[-73.5146,21.1869],[-73.6471,21.0616]]]},"properties":{"iso":"BHS","name":"Inagua","country":"Bahamas","code":"BS-IN"}},
{"type":"Feature","geometry":{"type":"Polygon","coordinates":[[[-73.1391,22.3633],[-72.755,22.3497],[-73.0631,22.4447],[-73.1391,22.3633]]]},"properties":{"iso":"BHS","name":"Mayaguana","country":"Bahamas","code":"BS-MG"}},
{"type":"Feature","geometry":{"type":"Polygon","coordinates":[[[-73.9957,22.6575],[-73.9134,22.5945],[-73.8449,22.7202],[-73.9547,22.7202],[-73.9957,22.6575]]]},"properties":{"iso":"BHS","name":"Acklins","country":"Bahamas","code":"BS-AK"}},
{"type":"Feature","geometry":{"type":"MultiPolygon","coordinates":[[[[117.1746,23.6163],[117.2636,23.6554],[117.2923,23.7622],[117.4635,23.7883],[117.5824,23.8893],[117.8936,24.028],[117.9893,24.1931],[118.1265,24.262],[117.9894,24.3948],[118.0448,24.576],[118.131,24.6201],[118.3517,24.5823],[118.4281,24.6313],[118.5711,24.569],[118.7468,24.7207],[118.7161,24.8436],[118.9973,24.9534],[118.8779,25.0407],[118.9873,25.2222],[119.2888,25.1891],[119.2887,25.3254],[119.1096,25.4068],[119.366,25.5207],[119.5049,25.4749],[119.4832,25.3712],[119.646,25.3926],[119.5584,25.5638],[119.6165,25.8926],[119.699,25.9726],[119.5664,26.0502],[119.4409,25.9638],[119.2468,25.9672],[119.1952,26.0876],[119.4585,25.9825],[119.6736,26.2805],[119.6898,26.4595],[119.8189,26.4532],[119.6751,26.6188],[119.5542,26.6152],[119.5846,26.7946],[119.888,26.6872],[119.9463,26.7969],[120.0797,26.6461],[120.1282,26.7969],[120.1257,26.9273],[120.2374,26.9272],[120.2827,27.1123],[120.4217,27.1531],[120.2257,27.2686],[120.2761,27.3167],[120.4192,27.2064],[120.344,27.3796],[120.1477,27.4002],[120.0644,27.3436],[119.7701,27.3159],[119.6934,27.411],[119.6158,27.6656],[119.5117,27.6367],[119.4673,27.5253],[119.2656,27.4241],[119.0053,27.4801],[118.9227,27.55],[118.8198,27.91],[118.7481,27.9732],[118.7657,28.1782],[118.7352,28.326],[118.4989,28.2624],[118.4464,28.2887],[118.3489,28.2198],[118.3678,28.0997],[118.1307,28.0405],[118.0613,27.979],[117.8234,27.9373],[117.7456,27.8133],[117.6053,27.8662],[117.5444,27.9667],[117.2842,27.857],[117.2871,27.7726],[117.1123,27.5676],[117.1011,27.3467],[117.1538,27.2764],[117.0401,27.1095],[116.9234,27.021],[116.6697,26.9869],[116.5453,26.8679],[116.505,26.6893],[116.5423,26.5628],[116.6195,26.4921],[116.399,26.2875],[116.4193,26.1529],[116.3232,25.9551],[116.1352,25.8663],[116.1237,25.7642],[116.0276,25.6364],[115.9787,25.3508],[115.8428,25.1947],[115.8875,24.9168],[116.1147,24.8461],[116.3721,24.8413],[116.5296,24.6154],[116.7453,24.6709],[116.7486,24.5515],[116.8824,24.394],[116.9677,24.1851],[116.9248,24.0776],[117.0365,23.7383],[117.1746,23.6163]]],[[[119.8465,25.5363],[119.777,25.6521],[119.6961,25.5093],[119.8465,25.5363]]]]},"properties":{"iso":"CHN","name":"Fujian","country":"China","code":"CN-FJ"}},
{"type":"Feature","geometry":{"type":"Polygon","coordinates":[[[-114.0628,28.0005],[-114.0713,28.0004],[-114.0983,28.0003],[-114.1475,28.0002],[-114.207,28],[-114.1344,27.8772],[-114.1046,27.7077],[-113.9938,27.7499],[-113.9533,27.6557],[-114.1509,27.6697],[-114.2824,27.7358],[-114.3253,27.8747],[-114.4991,27.7741],[-114.9234,27.8363],[-115.0529,27.8221],[-115.0017,27.7159],[-114.8866,27.6949],[-114.7342,27.5213],[-114.5065,27.4062],[-114.4875,27.2381],[-114.2903,27.1465],[-114.1144,27.1055],[-114.0052,26.9774],[-113.8164,26.949],[-113.6371,26.7255],[-113.5039,26.7934],[-113.2858,26.7496],[-113.1431,26.7577],[-113.0607,26.5991],[-112.7284,26.3702],[-112.4983,26.235],[-112.3435,26.1781],[-112.2929,26.0497],[-112.1983,25.9951],[-112.076,25.7134],[-112.0779,25.2587],[-112.1425,25.086],[-112.088,24.7734],[-111.9667,24.7783],[-111.8489,24.6537],[-111.8129,24.5059],[-111.679,24.5863],[-111.6194,24.4731],[-111.4444,24.3244],[-111.0397,24.1042],[-110.5773,23.6816],[-110.3074,23.541],[-110.1673,23.3211],[-110.0984,23.0176],[-109.9545,22.8722],[-109.8954,22.8742],[-109.7132,23.0311],[-109.5317,23.1082],[-109.4256,23.2972],[-109.4263,23.4585],[-109.4765,23.5602],[-109.6798,23.6482],[-109.6984,23.7984],[-109.8391,23.9518],[-109.8283,24.0628],[-109.9877,24.0463],[-110.0181,24.1693],[-110.1728,24.253],[-110.2326,24.3432],[-110.3325,24.3288],[-110.3008,24.217],[-110.4021,24.1755],[-110.5624,24.2125],[-110.6818,24.3607],[-110.7386,24.5546],[-110.7235,24.6812],[-110.657,24.8069],[-110.7578,25.0122],[-110.9045,25.143],[-111.0263,25.4586],[-111.1917,25.6148],[-111.225,25.7244],[-111.3071,25.7792],[-111.3603,25.9641],[-111.3183,26.0737],[-111.4616,26.4001],[-111.4422,26.5175],[-111.5691,26.5762],[-111.5601,26.6957],[-111.8181,26.8962],[-111.7941,26.6901],[-111.9052,26.7343],[-111.8707,26.8281],[-112.0172,26.9785],[-112.0112,27.1168],[-112.1549,27.162],[-112.287,27.3658],[-112.3731,27.5641],[-112.598,27.6543],[-112.7732,27.8639],[-112.7636,27.9994],[-114.0628,28.0005]]]},"properties":{"iso":"MEX","name":"Baja California Sur","country":"México","code":"MX-BCS"}},
{"type":"Feature","geometry":{"type":"Polygon","coordinates":[[[-109.1393,26.3318],[-109.1563,26.3081],[-109.2314,26.2634],[-109.2836,26.2406],[-109.2929,26.2369],[-109.4333,26.0217],[-109.4405,25.7934],[-109.1712,25.6487],[-109.1161,25.5363],[-108.8878,25.4897],[-108.7934,25.5363],[-108.7299,25.406],[-108.4508,25.2694],[-108.3336,25.161],[-108.218,25.1732],[-108.1069,25.1169],[-108.1864,24.9866],[-108.1556,24.883],[-108.0362,24.7852],[-107.9952,24.6484],[-107.8205,24.5952],[-107.6241,24.4585],[-107.5192,24.5114],[-107.4783,24.4001],[-107.5432,24.3466],[-107.3778,24.2069],[-107.0359,23.9808],[-106.902,23.8466],[-106.7932,23.6324],[-106.5228,23.4075],[-106.4298,23.2304],[-106.2203,23.0519],[-106.032,22.8301],[-105.8002,22.6385],[-105.7241,22.5095],[-105.6135,22.5485],[-105.466,22.4949],[-105.4865,22.6841],[-105.5717,22.7907],[-105.4523,22.9013],[-105.3886,23.0333],[-105.3923,23.1498],[-105.5501,23.163],[-105.6878,23.2972],[-105.7153,23.4641],[-105.826,23.5666],[-105.8974,23.7135],[-105.9484,24.0733],[-106.0533,24.2833],[-106.1956,24.3898],[-106.274,24.3909],[-106.4046,24.2896],[-106.5064,24.2938],[-106.5959,24.368],[-106.6218,24.4819],[-106.7564,24.7035],[-107.0364,24.9197],[-107.1263,25.1899],[-107.0961,25.4203],[-106.9369,25.6416],[-107.2594,25.8693],[-107.3438,26.0838],[-107.4141,26.1298],[-107.7854,26.2156],[-107.8351,26.5996],[-107.9996,26.8146],[-108.0451,26.9309],[-108.1973,26.9708],[-108.3743,27.0774],[-108.4665,26.9799],[-108.5074,26.8016],[-109.1393,26.3318]]]},"properties":{"iso":"MEX","name":"Sinaloa","country":"México","code":"MX-SIN"}},
{"type":"Feature","geometry":{"type":"MultiPolygon","coordinates":[[[[-93.7984,29.9856],[-93.7819,29.8565],[-93.8882,29.8072],[-93.831,29.7001],[-93.7394,29.7372],[-93.4534,29.7704],[-93.1996,29.7728],[-93.0268,29.7329],[-92.6831,29.6041],[-92.2765,29.5338],[-92.1074,29.6204],[-92.1341,29.7568],[-91.9844,29.832],[-91.8779,29.7593],[-91.6847,29.7531],[-91.569,29.6471],[-91.5343,29.534],[-91.3209,29.4966],[-91.2198,29.4044],[-91.328,29.2949],[-91.2286,29.2386],[-90.7059,29.1195],[-90.562,29.3007],[-90.3937,29.2983],[-90.2511,29.2474],[-90.2292,29.0867],[-90.0802,29.1747],[-90.095,29.2838],[-90.0363,29.3659],[-90.0804,29.5373],[-89.9077,29.477],[-89.7577,29.3432],[-89.4825,29.2431],[-89.3837,29.0878],[-89.1881,29.0305],[-89.0232,29.1474],[-89.202,29.3529],[-89.3423,29.3461],[-89.6684,29.5218],[-89.6391,29.6203],[-89.4568,29.8293],[-89.4273,30.0587],[-89.5712,29.9885],[-89.6865,29.8826],[-89.8389,29.9953],[-89.7888,30.0989],[-89.8804,30.1549],[-90.037,30.0403],[-90.1684,30.0245],[-90.3391,30.0661],[-90.433,30.1433],[-90.405,30.2202],[-90.2224,30.3876],[-90.0585,30.3603],[-89.9691,30.2647],[-89.7703,30.2397],[-89.7084,30.1753],[-89.526,30.1928],[-89.5879,30.2121],[-89.6776,30.4568],[-89.7995,30.5659],[-89.8461,30.6825],[-89.7353,31.0001],[-90.7105,31.0002],[-91.6573,31.0002],[-91.579,31.0562],[-91.633,31.2783],[-91.541,31.2825],[-91.4956,31.4113],[-91.5289,31.5006],[-91.4357,31.5732],[-91.4042,31.7384],[-91.336,31.8581],[-91.2575,31.8817],[-91.0689,32.0847],[-90.9165,32.3398],[-91.093,32.4508],[-91.161,32.6254],[-91.1333,32.8585],[-91.0719,32.9232],[-91.1665,33.0143],[-91.8957,33.013],[-93.1473,33.0118],[-94.0413,33.0109],[-94.0432,31.9982],[-93.9042,31.8832],[-93.8143,31.7131],[-93.8269,31.5878],[-93.6551,31.3703],[-93.6779,31.3307],[-93.5148,31.042],[-93.5738,30.8197],[-93.6868,30.6006],[-93.7524,30.3927],[-93.7152,30.2873],[-93.7172,30.0798],[-93.7984,29.9856]]],[[[-91.8021,29.4901],[-91.7202,29.5817],[-91.9293,29.6471],[-92.0205,29.5688],[-91.8021,29.4901]]]]},"properties":{"iso":"USA","name":"Louisiana","country":"Estados Unidos","code":"US-LA"}},
{"type":"Feature","geometry":{"type":"Polygon","coordinates":[[[-89.526,30.1928],[-89.3302,30.3029],[-89.0134,30.3774],[-88.9276,30.4422],[-88.7421,30.3541],[-88.4706,30.3239],[-88.4022,30.3878],[-88.4494,31.2325],[-88.4862,31.8895],[-88.3085,33.2338],[-88.1697,34.284],[-88.0894,34.892],[-88.1791,34.9978],[-89.2644,34.999],[-90.3042,35.0001],[-90.2718,34.9231],[-90.4639,34.8279],[-90.5939,34.6423],[-90.594,34.4251],[-90.8212,34.2856],[-90.9092,34.0353],[-91.0846,33.9967],[-91.0454,33.8145],[-91.1923,33.7081],[-91.1517,33.6334],[-91.2158,33.5339],[-91.1272,33.4781],[-91.1821,33.32],[-91.1076,33.2678],[-91.0992,33.1497],[-91.1665,33.0143],[-91.0719,32.9232],[-91.1333,32.8585],[-91.161,32.6254],[-91.093,32.4508],[-90.9165,32.3398],[-91.0689,32.0847],[-91.2575,31.8817],[-91.336,31.8581],[-91.4042,31.7384],[-91.4357,31.5732],[-91.5289,31.5006],[-91.4956,31.4113],[-91.541,31.2825],[-91.633,31.2783],[-91.579,31.0562],[-91.6573,31.0002],[-90.7105,31.0002],[-89.7353,31.0001],[-89.8461,30.6825],[-89.7995,30.5659],[-89.6776,30.4568],[-89.5879,30.2121],[-89.526,30.1928]]]},"properties":{"iso":"USA","name":"Mississippi","country":"Estados Unidos","code":"US-MS"}},
{"type":"Feature","geometry":{"type":"Polygon","coordinates":[[[-88.4022,30.3878],[-88.1201,30.3383],[-88.0526,30.6544],[-87.9425,30.6597],[-87.9166,30.4233],[-87.7762,30.3131],[-87.5902,30.2754],[-87.4011,30.4401],[-87.4196,30.4796],[-87.4047,30.6453],[-87.6269,30.8731],[-87.5936,30.9997],[-86.5953,30.9999],[-85.6421,31],[-85.0066,31.0001],[-85.1102,31.2715],[-85.0425,31.5353],[-85.1439,31.824],[-85.0604,32.0039],[-85.0474,32.1376],[-84.9007,32.2609],[-84.9723,32.3206],[-84.9677,32.4335],[-85.0835,32.6153],[-85.1986,32.9444],[-85.3502,33.7115],[-85.6057,34.9852],[-86.7265,34.9898],[-87.5143,35.0055],[-88.1791,34.9978],[-88.0894,34.892],[-88.1697,34.284],[-88.3085,33.2338],[-88.4862,31.8895],[-88.4494,31.2325],[-88.4022,30.3878]]]},"properties":{"iso":"USA","name":"Alabama","country":"Estados Unidos","code":"US-AL"}},
{"type":"Feature","geometry":{"type":"Polygon","coordinates":[[[-87.4196,30.4796],[-87.3585,30.4633],[-87.4473,30.3131],[-87.4463,30.2982],[-87.3288,30.3197],[-87.1568,30.4745],[-87.0153,30.5211],[-86.9402,30.4565],[-86.6801,30.4223],[-86.4846,30.48],[-86.286,30.4975],[-86.3648,30.3808],[-86.066,30.3061],[-85.8645,30.2163],[-85.7086,30.247],[-85.6709,30.123],[-85.3565,29.8887],[-85.3079,29.6934],[-84.8866,29.73],[-84.5084,29.9221],[-84.349,29.902],[-84.391,30.0245],[-84.2696,30.0927],[-84.024,30.1066],[-83.6806,29.9213],[-83.5277,29.716],[-83.4089,29.6673],[-83.4048,29.5317],[-83.2157,29.4106],[-83.0239,29.1748],[-82.8492,29.1822],[-82.7551,29.0102],[-82.6444,28.9004],[-82.6642,28.4479],[-82.7873,28.1938],[-82.7673,28.1059],[-82.8424,27.8285],[-82.6378,27.7011],[-82.596,27.9831],[-82.3982,27.796],[-82.6608,27.5203],[-82.5736,27.3951],[-82.5618,27.2763],[-82.3138,26.8494],[-82.1981,26.8031],[-82.1445,26.9404],[-82.057,26.8658],[-82.0821,26.6802],[-82.0391,26.5279],[-81.8559,26.4489],[-81.8009,26.0986],[-81.6644,25.9814],[-81.3961,25.8516],[-81.3217,25.7827],[-81.1492,25.3954],[-81.1771,25.2278],[-81.0865,25.1214],[-80.855,25.1862],[-80.7109,25.1453],[-80.5806,25.2414],[-80.4269,25.2217],[-80.3143,25.3712],[-80.3424,25.4936],[-80.3069,25.6182],[-80.1293,25.8879],[-80.0536,26.5567],[-80.0382,26.8112],[-80.0756,26.9732],[-80.177,27.1507],[-80.3454,27.5146],[-80.381,27.6661],[-80.7383,28.3735],[-80.8481,28.7906],[-80.7493,28.7241],[-80.7659,28.6123],[-80.6094,28.6102],[-80.9221,29.0683],[-81.1783,29.5855],[-81.2558,29.7895],[-81.4477,30.508],[-81.4286,30.6817],[-81.5,30.7122],[-81.7088,30.7411],[-81.9091,30.8185],[-82.0413,30.7367],[-82.0122,30.588],[-82.0486,30.3754],[-82.1662,30.3646],[-82.2398,30.5647],[-83.0207,30.6109],[-84.2146,30.6818],[-84.867,30.7204],[-85.0066,31.0001],[-85.6421,31],[-86.5953,30.9999],[-87.5936,30.9997],[-87.6269,30.8731],[-87.4047,30.6453],[-87.4196,30.4796]]]},"properties":{"iso":"USA","name":"Florida","country":"Estados Unidos","code":"US-FL"}},
{"type":"Feature","geometry":{"type":"Polygon","coordinates":[[[-85.0066,31.0001],[-84.867,30.7204],[-84.2146,30.6818],[-83.0207,30.6109],[-82.2398,30.5647],[-82.1662,30.3646],[-82.0486,30.3754],[-82.0122,30.588],[-82.0413,30.7367],[-81.9091,30.8185],[-81.7088,30.7411],[-81.5,30.7122],[-81.4993,30.9682],[-81.2699,31.2748],[-81.3639,31.4158],[-81.3009,31.5708],[-81.1963,31.7176],[-81.0609,31.7882],[-80.8357,32.0029],[-80.8903,32.0327],[-81.0779,32.0871],[-81.1564,32.1939],[-81.1298,32.3],[-81.2008,32.4846],[-81.4058,32.6243],[-81.4025,32.7449],[-81.5004,32.9317],[-81.5176,33.0396],[-81.7597,33.1559],[-81.8417,33.3136],[-81.931,33.3612],[-81.9239,33.4586],[-82.1939,33.6346],[-82.2453,33.7505],[-82.5705,33.9678],[-82.7344,34.1847],[-82.8573,34.4606],[-83.015,34.4817],[-83.3555,34.7084],[-83.3082,34.82],[-83.1148,35.0004],[-84.3246,34.9871],[-85.6057,34.9852],[-85.3502,33.7115],[-85.1986,32.9444],[-85.0835,32.6153],[-84.9677,32.4335],[-84.9723,32.3206],[-84.9007,32.2609],[-85.0474,32.1376],[-85.0604,32.0039],[-85.1439,31.824],[-85.0425,31.5353],[-85.1102,31.2715],[-85.0066,31.0001]]]},"properties":{"iso":"USA","name":"Georgia","country":"Estados Unidos","code":"US-GA"}},
{"type":"Feature","geometry":{"type":"Polygon","coordinates":[[[-80.8903,32.0327],[-80.6778,32.2147],[-80.4411,32.3661],[-80.4093,32.4811],[-80.0051,32.6116],[-79.851,32.7586],[-79.6074,32.9162],[-79.5848,33.0138],[-79.387,33.0173],[-79.203,33.1929],[-79.1331,33.4174],[-78.938,33.6421],[-78.7633,33.7786],[-78.5732,33.8826],[-79.6535,34.7957],[-79.7038,34.8058],[-80.7762,34.8257],[-80.7929,34.9617],[-80.9271,35.1081],[-81.0735,35.1542],[-82.2872,35.2059],[-82.554,35.1591],[-83.1148,35.0004],[-83.3082,34.82],[-83.3555,34.7084],[-83.015,34.4817],[-82.8573,34.4606],[-82.7344,34.1847],[-82.5705,33.9678],[-82.2453,33.7505],[-82.1939,33.6346],[-81.9239,33.4586],[-81.931,33.3612],[-81.8417,33.3136],[-81.7597,33.1559],[-81.5176,33.0396],[-81.5004,32.9317],[-81.4025,32.7449],[-81.4058,32.6243],[-81.2008,32.4846],[-81.1298,32.3],[-81.1564,32.1939],[-81.0779,32.0871],[-80.8903,32.0327]]]},"properties":{"iso":"USA","name":"South Carolina","country":"Estados Unidos","code":"US-SC"}},
{"type":"Feature","geometry":{"type":"MultiPolygon","coordinates":[[[[-83.1148,35.0004],[-82.554,35.1591],[-82.2872,35.2059],[-81.0735,35.1542],[-80.9271,35.1081],[-80.7929,34.9617],[-80.7762,34.8257],[-79.7038,34.8058],[-79.6535,34.7957],[-78.5732,33.8826],[-78.2525,33.9251],[-78.0323,33.8923],[-77.9111,33.9582],[-77.8327,34.207],[-77.6683,34.3762],[-77.5359,34.4686],[-77.2536,34.5944],[-77.2015,34.6507],[-76.8961,34.7392],[-76.6582,34.7219],[-76.5039,34.7665],[-76.3357,34.8995],[-76.3776,34.9658],[-76.5482,34.9993],[-76.5605,35.1244],[-76.4425,35.404],[-76.1504,35.3472],[-75.8972,35.579],[-75.7538,35.6118],[-75.7218,35.8292],[-75.8529,35.98],[-75.99,35.8869],[-76.0483,35.9837],[-76.1954,35.9936],[-76.3873,35.9384],[-76.7298,35.9453],[-76.687,36.0561],[-76.5244,36.0135],[-76.4117,36.083],[-76.1954,36.1035],[-76.0204,36.1915],[-75.8597,36.1616],[-75.9164,36.4027],[-76.0317,36.5503],[-77.0362,36.5488],[-77.8987,36.5423],[-78.9836,36.5423],[-80.0896,36.5398],[-81.2273,36.5696],[-81.6589,36.6096],[-81.7405,36.4095],[-81.924,36.2941],[-82.0866,36.1006],[-82.1988,36.1585],[-82.3946,36.0957],[-82.4893,35.9938],[-82.6298,36.0574],[-82.8783,35.9556],[-82.9827,35.788],[-83.0754,35.7895],[-83.4992,35.57],[-83.7281,35.5666],[-83.8802,35.5165],[-84.0115,35.4245],[-84.0952,35.2579],[-84.3005,35.2084],[-84.3246,34.9871],[-83.1148,35.0004]]],[[[-75.909,36.5494],[-75.943,36.5496],[-75.9669,36.5498],[-76.0133,36.5502],[-75.9729,36.4997],[-75.909,36.5494]]]]},"properties":{"iso":"USA","name":"North Carolina","country":"Estados Unidos","code":"US-NC"}},
{"type":"Feature","geometry":{"type":"MultiPolygon","coordinates":[[[[-76.0317,36.5503],[-76.0133,36.5502],[-75.9669,36.5498],[-75.9627,36.7093],[-75.9279,36.7062],[-75.8806,36.5493],[-75.8531,36.549],[-75.9889,36.912],[-76.2689,36.9614],[-76.2982,37.1446],[-76.3785,37.2723],[-76.2445,37.4495],[-76.3565,37.5218],[-76.317,37.7322],[-76.2479,37.9035],[-76.5306,38.0251],[-76.6146,38.1504],[-76.8818,38.177],[-77.0301,38.3077],[-77.249,38.3299],[-77.3266,38.4509],[-77.2299,38.6567],[-77.0478,38.7157],[-77.0683,38.9019],[-77.1198,38.9341],[-77.2723,39.0478],[-77.4958,39.1239],[-77.4667,39.2438],[-77.7347,39.3311],[-77.8357,39.1442],[-78.3222,39.4508],[-78.4139,39.1664],[-78.6605,38.9343],[-78.7432,38.9301],[-78.8622,38.7932],[-78.9882,38.8456],[-79.2974,38.4248],[-79.5043,38.4787],[-79.636,38.5921],[-79.792,38.2802],[-79.9166,38.1791],[-79.9999,38.0016],[-80.2069,37.8148],[-80.2849,37.6851],[-80.2307,37.6107],[-80.2943,37.5092],[-80.4525,37.4295],[-80.5278,37.4683],[-80.9483,37.2948],[-81.2241,37.2443],[-81.3426,37.3339],[-81.5456,37.2128],[-81.6446,37.2094],[-81.8238,37.2864],[-81.9327,37.3797],[-81.9652,37.5387],[-82.3514,37.2785],[-82.6326,37.1639],[-82.7269,37.038],[-82.8546,36.972],[-82.8843,36.8943],[-83.0824,36.8346],[-83.1372,36.75],[-83.6675,36.604],[-82.8341,36.6006],[-81.9525,36.597],[-81.6589,36.6096],[-81.2273,36.5696],[-80.0896,36.5398],[-78.9836,36.5423],[-77.8987,36.5423],[-77.0362,36.5488],[-76.0317,36.5503]]],[[[-75.3774,38.0152],[-75.6479,37.9657],[-75.7887,37.7275],[-75.9217,37.6105],[-75.8938,37.5627],[-76.0106,37.3164],[-75.8873,37.357],[-75.4923,37.8311],[-75.3774,38.0152]]]]},"properties":{"iso":"USA","name":"Virginia","country":"Estados Unidos","code":"US-VA"}},
{"type":"Feature","geometry":{"type":"Polygon","coordinates":[[[-77.0683,38.9019],[-77.0229,38.8028],[-76.9093,38.893],[-77.0419,38.9961],[-77.1198,38.9341],[-77.0683,38.9019]]]},"properties":{"iso":"USA","name":"District of Columbia","country":"Estados Unidos","code":"US-DC"}},
{"type":"Feature","geometry":{"type":"Polygon","coordinates":[[[-79.4774,39.7218],[-79.4879,39.2099],[-79.1795,39.3863],[-79.0647,39.4823],[-78.969,39.4503],[-78.7452,39.5754],[-78.469,39.5336],[-78.4338,39.6242],[-78.28,39.6354],[-78.133,39.7013],[-77.7909,39.4842],[-77.7347,39.3311],[-77.4667,39.2438],[-77.4958,39.1239],[-77.2723,39.0478],[-77.1198,38.9341],[-77.0419,38.9961],[-76.9093,38.893],[-77.0229,38.8028],[-77.0456,38.7007],[-77.1844,38.605],[-77.267,38.4941],[-77.2037,38.3643],[-77.0216,38.4614],[-76.9222,38.2916],[-76.7547,38.2276],[-76.6167,38.2233],[-76.4341,38.1321],[-76.3205,38.1388],[-76.4194,38.3217],[-76.3961,38.3913],[-76.512,38.5277],[-76.5517,38.7756],[-76.3985,39.0144],[-76.4492,39.195],[-76.4245,39.3237],[-76.175,39.3162],[-76.2727,39.1516],[-76.1305,39.1178],[-76.1544,38.8953],[-76.3403,38.7284],[-76.1454,38.665],[-76.319,38.4739],[-76.2211,38.3439],[-76.0287,38.2418],[-75.9066,38.271],[-75.8144,38.1352],[-75.8863,37.9879],[-75.6479,37.9657],[-75.3774,38.0152],[-75.2427,38.227],[-75.1543,38.2409],[-75.0839,38.4536],[-75.6937,38.4604],[-75.7886,39.7213],[-77.1695,39.7215],[-78.4388,39.7216],[-79.4774,39.7218]]]},"properties":{"iso":"USA","name":"Maryland","country":"Estados Unidos","code":"US-MD"}},
{"type":"Feature","geometry":{"type":"Polygon","coordinates":[[[-75.7886,39.7213],[-75.6937,38.4604],[-75.0839,38.4536],[-75.0577,38.4534],[-75.044,38.4538],[-75.0843,38.796],[-75.1663,38.7944],[-75.3938,39.0556],[-75.4344,39.3149],[-75.5879,39.4628],[-75.6052,39.6167],[-75.4245,39.8066],[-75.6013,39.8378],[-75.7886,39.7213]]]},"properties":{"iso":"USA","name":"Delaware","country":"Estados Unidos","code":"US-DE"}},
{"type":"Feature","geometry":{"type":"Polygon","coordinates":[[[-75.0236,40.0163],[-75.1442,39.8749],[-75.4402,39.777],[-75.5102,39.6527],[-75.5316,39.478],[-75.1593,39.1986],[-75.0267,39.2107],[-74.8873,39.1468],[-74.9676,38.9358],[-74.8751,38.9445],[-74.7457,39.0545],[-74.6544,39.2014],[-74.3588,39.5502],[-74.1676,39.6994],[-74.1037,40.014],[-74.0575,40.0121],[-73.9724,40.3277],[-74.0323,40.4216],[-74.2827,40.4973],[-74.2096,40.6342],[-74.0319,40.7142],[-73.9071,40.9908],[-74.699,41.3563],[-74.8447,41.273],[-74.8863,41.1808],[-75.1395,40.9822],[-75.0612,40.8915],[-75.1887,40.7585],[-75.1822,40.5704],[-74.7394,40.1849],[-75.0236,40.0163]]]},"properties":{"iso":"USA","name":"New Jersey","country":"Estados Unidos","code":"US-NJ"}},
{"type":"Feature","geometry":{"type":"Polygon","coordinates":[[[-73.6429,41.0011],[-73.1701,41.1696],[-72.7794,41.2702],[-72.288,41.2829],[-71.9729,41.3437],[-71.8604,41.3205],[-71.8045,41.4157],[-71.8008,42.0109],[-72.7576,42.033],[-73.4805,42.0545],[-73.5447,41.2949],[-73.4841,41.2179],[-73.723,41.1035],[-73.6429,41.0011]]]},"properties":{"iso":"USA","name":"Connecticut","country":"Estados Unidos","code":"US-CT"}},
{"type":"Feature","geometry":{"type":"Polygon","coordinates":[[[-71.8604,41.3205],[-71.4977,41.3663],[-71.4261,41.4687],[-71.4428,41.5747],[-71.3556,41.7463],[-71.2369,41.7096],[-71.3407,41.7969],[-71.3871,42.0158],[-71.8008,42.0109],[-71.8045,41.4157],[-71.8604,41.3205]]]},"properties":{"iso":"USA","name":"Rhode Island","country":"Estados Unidos","code":"US-RI"}},
{"type":"Feature","geometry":{"type":"Polygon","coordinates":[[[-73.4805,42.0545],[-72.7576,42.033],[-71.8008,42.0109],[-71.3871,42.0158],[-71.3407,41.7969],[-71.2369,41.7096],[-71.194,41.6769],[-71.1219,41.513],[-70.9252,41.5507],[-70.9073,41.6149],[-70.6583,41.722],[-70.6587,41.5213],[-70.4284,41.6319],[-69.9389,41.6742],[-70.0702,41.7735],[-70.2747,41.7152],[-70.5331,41.8162],[-70.631,42.0925],[-70.7838,42.2597],[-71.0384,42.3079],[-70.8614,42.5469],[-70.6473,42.6045],[-70.8196,42.7187],[-70.8143,42.8773],[-70.9256,42.8865],[-71.3063,42.7009],[-72.4668,42.7293],[-73.2655,42.7456],[-73.5072,42.079],[-73.4805,42.0545]]]},"properties":{"iso":"USA","name":"Massachusetts","country":"Estados Unidos","code":"US-MA"}},
{"type":"Feature","geometry":{"type":"Polygon","coordinates":[[[-82.363,8.8088],[-82.1532,8.7626],[-82.1429,8.5573],[-81.9971,8.34],[-81.83,8.3184],[-81.7843,8.264],[-81.6336,8.2971],[-81.5225,8.3793],[-81.4886,8.5969],[-81.3285,8.5581],[-81.2045,8.5653],[-81.2131,8.7918],[-81.5391,8.8129],[-81.762,9.0638],[-81.7934,8.9316],[-81.9037,8.9711],[-82.0067,8.9466],[-82.1321,8.9006],[-82.3215,9.0094],[-82.363,8.8088]]]},"properties":{"iso":"PAN","name":"Ngöbe Buglé","country":"Panamá","code":"PA-NB"}},
{"type":"Feature","geometry":{"type":"Polygon","coordinates":[[[-83.7183,10.944],[-83.8373,11.1425],[-83.868,11.3749],[-83.7611,11.5571],[-83.653,11.6115],[-83.6999,11.8499],[-83.8361,11.8712],[-83.7132,12.0493],[-83.6637,12.2561],[-83.7672,12.5467],[-83.5891,12.6321],[-83.6459,12.7869],[-83.5447,12.7968],[-83.5638,12.5909],[-83.6238,12.5707],[-83.6034,12.4137],[-83.4923,12.4003],[-83.5413,12.5806],[-83.5077,12.9028],[-83.5296,13.0326],[-83.6389,13.0315],[-83.8309,13.1473],[-83.8072,13.2182],[-83.9798,13.2516],[-84.1086,13.1973],[-84.1526,13.2754],[-84.2984,13.2739],[-84.7514,13.2157],[-84.8009,13.1472],[-84.7273,13.0573],[-84.7482,12.9503],[-84.84,12.9413],[-84.9582,12.8507],[-85.1313,12.8608],[-85.2268,12.7787],[-85.1792,12.6602],[-85.1177,12.7762],[-84.9982,12.7307],[-84.9685,12.6495],[-84.8453,12.4708],[-84.7727,12.15],[-84.7024,11.9827],[-84.6074,11.8625],[-84.5343,11.6521],[-84.5526,11.4524],[-84.3775,11.362],[-84.3276,11.2769],[-84.1744,11.1444],[-84.0096,11.0875],[-83.8956,11.1127],[-83.7183,10.944]]]},"properties":{"iso":"NIC","name":"Atlántico Sur","country":"Nicarágua","code":"NI-AS"}},
{"type":"Feature","geometry":{"type":"Polygon","coordinates":[[[-84.9999,15.0687],[-84.9999,15.9879],[-85.0758,15.9862],[-85.2542,15.8841],[-85.4886,15.8696],[-85.7032,15.9765],[-85.9032,15.9835],[-85.9949,15.9007],[-86.1378,15.8957],[-86.3747,15.7709],[-86.4379,15.7908],[-86.3635,15.6722],[-86.4209,15.5828],[-86.2356,15.4993],[-86.2329,15.4098],[-86.1486,15.373],[-85.9699,15.4267],[-85.8731,15.5314],[-85.7641,15.585],[-85.6077,15.5349],[-85.3604,15.3811],[-85.2493,15.2366],[-85.0927,15.1668],[-84.9999,15.0687]]]},"properties":{"iso":"HND","name":"Colón","country":"Honduras","code":"HN-CL"}},
{"type":"Feature","geometry":{"type":"Polygon","coordinates":[[[-87.7876,15.721],[-87.6979,15.6637],[-87.61,15.5044],[-87.4384,15.529],[-87.4167,15.4608],[-87.1825,15.4266],[-86.9906,15.5488],[-86.7789,15.5507],[-86.6363,15.6046],[-86.4209,15.5828],[-86.3635,15.6722],[-86.4379,15.7908],[-86.6991,15.7886],[-86.8787,15.7641],[-87.1517,15.7969],[-87.3451,15.8503],[-87.5096,15.7987],[-87.6173,15.8946],[-87.7284,15.921],[-87.7876,15.721]]]},"properties":{"iso":"HND","name":"Atlántida","country":"Honduras","code":"HN-AT"}},
{"type":"Feature","geometry":{"type":"Polygon","coordinates":[[[-88.7742,16.681],[-88.5981,16.6673],[-88.5528,16.5165],[-88.3901,16.4977],[-88.3062,16.6529],[-88.2833,16.8913],[-88.2151,16.9671],[-88.2894,17.1358],[-88.3375,17.1092],[-88.6024,17.1045],[-88.5671,17.0451],[-88.6631,16.9119],[-88.6805,16.8097],[-88.7742,16.681]]]},"properties":{"iso":"BLZ","name":"Stann Creek","country":"Belize","code":"BZ-SC"}},
{"type":"Feature","geometry":{"type":"Polygon","coordinates":[[[-88.6024,17.1045],[-88.3375,17.1092],[-88.2894,17.1358],[-88.2863,17.3397],[-88.2308,17.4965],[-88.2833,17.5803],[-88.1669,17.9599],[-88.2843,17.9723],[-88.5062,17.9176],[-88.5686,17.8526],[-88.5685,17.6884],[-88.6406,17.6168],[-88.6289,17.454],[-88.57,17.2343],[-88.6024,17.1045]]]},"properties":{"iso":"BLZ","name":"Belize","country":"Belize","code":"BZ-BZ"}},
{"type":"Feature","geometry":{"type":"Polygon","coordinates":[[[-87.5398,21.4993],[-87.9621,21.6001],[-88.1295,21.616],[-88.2827,21.5567],[-88.4478,21.5751],[-88.6055,21.5341],[-88.7027,21.4586],[-89.1232,21.3635],[-89.786,21.2846],[-90.0995,21.1641],[-90.3324,21.0325],[-90.3811,20.824],[-90.392,20.5472],[-90.2363,20.51],[-90.1692,20.4247],[-90.0638,20.4125],[-89.8698,20.2686],[-89.8107,20.1374],[-89.63,20.0191],[-89.4547,19.777],[-89.4154,19.651],[-89.3688,19.8201],[-89.202,19.8417],[-89.0557,19.9318],[-88.9112,19.9487],[-88.7074,20.0808],[-88.4453,20.1837],[-88.3738,20.3006],[-88.2724,20.3434],[-88.2184,20.4326],[-88.0139,20.4347],[-87.6749,20.6479],[-87.534,20.9557],[-87.585,21.1111],[-87.5251,21.2988],[-87.5398,21.4993]]]},"properties":{"iso":"MEX","name":"Yucatán","country":"México","code":"MX-YUC"}},
{"type":"Feature","geometry":{"type":"Polygon","coordinates":[[[-98.6162,22.4186],[-98.3737,22.2649],[-98.3613,22.1526],[-98.4523,21.9804],[-98.5383,21.9723],[-98.489,21.7527],[-98.624,21.6849],[-98.6423,21.6089],[-98.5301,21.5248],[-98.5151,21.3988],[-98.4932,21.2634],[-98.4101,21.1776],[-98.2124,21.1506],[-98.1299,21.0722],[-98.2324,20.9383],[-98.2357,20.829],[-98.3932,20.877],[-98.4372,20.6768],[-98.5079,20.6245],[-98.5685,20.4723],[-98.5006,20.3624],[-98.3358,20.435],[-98.1108,20.6884],[-98.0216,20.6608],[-98.0002,20.4845],[-97.9509,20.55],[-97.8964,20.8064],[-97.7792,20.8138],[-97.6622,20.6069],[-97.5586,20.5042],[-97.6398,20.4158],[-97.7697,20.4387],[-97.7741,20.2732],[-97.69,20.1882],[-97.5431,20.1367],[-97.4035,20.2596],[-97.1529,20.1458],[-97.1542,20.0803],[-97.3105,19.8902],[-97.3245,19.6945],[-97.3924,19.5758],[-97.2258,19.3387],[-96.982,19.288],[-97.1091,19.1787],[-97.2641,19.1604],[-97.2269,18.9134],[-97.3309,18.8099],[-97.3104,18.6845],[-97.1364,18.6499],[-97.0914,18.5511],[-96.9873,18.5135],[-96.8002,18.5505],[-96.7281,18.4102],[-96.5968,18.6124],[-96.411,18.5393],[-96.3775,18.428],[-96.2504,18.2842],[-96.2289,18.201],[-96.1093,18.1428],[-95.9562,18.1643],[-95.8377,18.1204],[-95.7755,17.9954],[-95.9103,17.7836],[-95.797,17.5375],[-95.6123,17.5154],[-95.4515,17.6244],[-95.3079,17.6727],[-95.0755,17.3911],[-94.9988,17.3604],[-94.9385,17.2165],[-93.8734,17.1502],[-93.6366,17.3],[-93.5895,17.3755],[-93.6434,17.4208],[-93.6148,17.5465],[-93.7338,17.6715],[-93.9369,17.7586],[-94.0767,17.882],[-94.0508,17.9937],[-94.1371,18.2074],[-94.4669,18.1442],[-94.5809,18.1898],[-94.8079,18.5236],[-95.0026,18.5554],[-95.2084,18.7086],[-95.4952,18.7073],[-95.7284,18.7572],[-95.852,18.7168],[-95.9772,19.0583],[-96.0412,19.0657],[-96.1574,19.2252],[-96.2783,19.3146],[-96.4561,19.8688],[-96.676,20.1579],[-97.0344,20.5146],[-97.1505,20.647],[-97.1972,20.8102],[-97.338,21.055],[-97.4968,21.4006],[-97.6576,21.6365],[-97.6251,21.7944],[-97.379,21.5543],[-97.4722,21.4378],[-97.3479,21.4179],[-97.3162,21.5609],[-97.6105,21.8358],[-97.7606,22.0959],[-97.7819,22.2733],[-98.0928,22.3726],[-98.1977,22.4805],[-98.2977,22.4066],[-98.4392,22.4327],[-98.6162,22.4186]]]},"properties":{"iso":"MEX","name":"Veracruz","country":"México","code":"MX-VER"}},
{"type":"Feature","geometry":{"type":"Polygon","coordinates":[[[-103.4778,18.9664],[-103.3481,18.9778],[-103.2963,19.0477],[-103.1223,19.0061],[-102.9883,19.0584],[-102.8844,19.2025],[-102.728,19.2575],[-102.6575,19.2311],[-102.5486,19.3869],[-102.6142,19.4909],[-102.7457,19.4756],[-102.7375,19.5823],[-102.7965,19.6887],[-102.8098,19.8209],[-102.7726,19.9571],[-102.9339,19.9904],[-103.0364,19.9704],[-103.0482,20.1204],[-102.6778,20.2182],[-102.4983,20.3147],[-102.0997,20.3868],[-101.9806,20.5553],[-101.9769,20.6286],[-102.0851,20.7293],[-102.0456,20.8725],[-101.855,21.1484],[-101.6875,21.2361],[-101.5727,21.3476],[-101.6369,21.5167],[-101.5383,21.6369],[-101.5797,21.7785],[-101.5205,21.8409],[-101.6231,21.9307],[-101.8454,22.0175],[-102.0491,21.8659],[-102.0799,21.7679],[-102.2312,21.6777],[-102.5142,21.7061],[-102.6303,21.773],[-102.7605,21.7488],[-102.7762,21.6078],[-102.6405,21.5683],[-102.6857,21.401],[-102.9149,21.2823],[-103.0559,21.2658],[-103.0475,21.074],[-103.2317,21.0791],[-103.3638,21.1504],[-103.5914,21.193],[-103.7465,21.2973],[-103.6663,21.4879],[-103.5193,21.6003],[-103.5268,21.8172],[-103.289,21.9855],[-103.1561,21.9984],[-103.0457,22.2515],[-103.3728,22.5168],[-103.4271,22.4176],[-103.3586,22.3488],[-103.4886,22.1349],[-103.6783,22.1369],[-103.683,22.322],[-103.608,22.5244],[-103.8513,22.5685],[-103.7787,22.7347],[-103.9832,22.7716],[-103.9918,22.5743],[-103.9261,22.4902],[-103.9482,22.3788],[-104.1318,22.3434],[-104.3297,22.2644],[-104.3987,22.0854],[-104.0984,21.7845],[-104.2103,21.5192],[-103.9447,21.3752],[-103.9826,21.2705],[-104.2241,21.1693],[-104.2129,20.9725],[-104.2711,20.8615],[-104.2856,20.708],[-104.7279,21.0097],[-104.7973,21.0176],[-104.9243,20.9312],[-105.0946,20.9181],[-105.2908,20.6852],[-105.2436,20.5836],[-105.3287,20.5137],[-105.5756,20.4877],[-105.6987,20.4069],[-105.5532,20.2015],[-105.5256,20.0319],[-105.2508,19.6661],[-105.0877,19.5611],[-105.0171,19.3685],[-104.8069,19.2291],[-104.5926,19.1496],[-104.5364,19.2489],[-104.2145,19.3204],[-104.1222,19.4726],[-104.0249,19.4872],[-103.8335,19.3976],[-103.6353,19.4871],[-103.4965,19.3161],[-103.5252,19.0925],[-103.4778,18.9664]]]},"properties":{"iso":"MEX","name":"Jalisco","country":"México","code":"MX-JAL"}},
{"type":"Feature","geometry":{"type":"Polygon","coordinates":[[[-103.742,18.6904],[-103.71,18.6012],[-103.5751,18.4923],[-103.4984,18.3335],[-103.3616,18.2668],[-103.0244,18.1858],[-102.7423,18.067],[-102.5972,18.0491],[-102.1689,17.9212],[-102.1591,18.1624],[-101.9411,18.2047],[-101.8747,18.3203],[-101.8933,18.4586],[-101.8388,18.5765],[-101.6451,18.5798],[-101.4918,18.4771],[-101.2571,18.5371],[-101.0244,18.5388],[-100.9923,18.5029],[-100.7319,18.5074],[-100.7889,18.7823],[-100.6848,18.7941],[-100.6236,18.8706],[-100.2988,19.2585],[-100.3301,19.3229],[-100.1586,19.4198],[-100.2145,19.565],[-100.1228,19.938],[-100.1765,20.0862],[-100.286,20.2134],[-100.3988,20.0743],[-100.396,19.9643],[-100.7267,19.9371],[-100.8296,19.9756],[-100.9145,19.9252],[-101.0172,19.9513],[-100.9989,20.09],[-101.1634,20.1016],[-101.1941,20.0348],[-101.4197,20.0536],[-101.3828,20.287],[-101.4803,20.3311],[-101.6078,20.3203],[-101.6896,20.2012],[-101.9051,20.2033],[-101.9493,20.366],[-102.0997,20.3868],[-102.4983,20.3147],[-102.6778,20.2182],[-103.0482,20.1204],[-103.0364,19.9704],[-102.9339,19.9904],[-102.7726,19.9571],[-102.8098,19.8209],[-102.7965,19.6887],[-102.7375,19.5823],[-102.7457,19.4756],[-102.6142,19.4909],[-102.5486,19.3869],[-102.6575,19.2311],[-102.728,19.2575],[-102.8844,19.2025],[-102.9883,19.0584],[-103.1223,19.0061],[-103.2963,19.0477],[-103.3481,18.9778],[-103.4778,18.9664],[-103.586,18.8821],[-103.742,18.6904]]]},"properties":{"iso":"MEX","name":"Michoacán","country":"México","code":"MX-MIC"}},
{"type":"Feature","geometry":{"type":"Polygon","coordinates":[[[-102.1689,17.9212],[-102.0367,17.9907],[-101.8111,17.8903],[-101.6445,17.6683],[-101.4965,17.6144],[-101.4558,17.5263],[-101.1822,17.4125],[-101.0082,17.253],[-99.9917,16.9097],[-99.7412,16.7306],[-99.6054,16.6828],[-99.3743,16.6679],[-98.8565,16.5282],[-98.7769,16.5551],[-98.5545,16.3183],[-98.3933,16.3721],[-98.3219,16.4372],[-98.3332,16.5661],[-98.2356,16.5783],[-98.2402,16.7026],[-98.0729,16.7791],[-98.003,17.0259],[-98.1496,17.2151],[-98.2276,17.2229],[-98.3308,17.3372],[-98.3277,17.4788],[-98.3887,17.6406],[-98.3478,17.8922],[-98.417,17.9603],[-98.5552,17.9519],[-98.7884,18.0342],[-99.0307,18.2527],[-99.0497,18.3499],[-99.1415,18.4966],[-99.3314,18.4529],[-99.4955,18.6741],[-99.6603,18.7638],[-99.7473,18.6918],[-100.0712,18.6096],[-100.1479,18.4913],[-100.2748,18.392],[-100.3665,18.4554],[-100.3495,18.5327],[-100.4329,18.6474],[-100.4552,18.8436],[-100.6236,18.8706],[-100.6848,18.7941],[-100.7889,18.7823],[-100.7319,18.5074],[-100.9923,18.5029],[-101.0244,18.5388],[-101.2571,18.5371],[-101.4918,18.4771],[-101.6451,18.5798],[-101.8388,18.5765],[-101.8933,18.4586],[-101.8747,18.3203],[-101.9411,18.2047],[-102.1591,18.1624],[-102.1689,17.9212]]]},"properties":{"iso":"MEX","name":"Guerrero","country":"México","code":"MX-GRO"}},
{"type":"Feature","geometry":{"type":"Polygon","coordinates":[[[-93.8734,17.1502],[-94.9385,17.2165],[-94.9988,17.3604],[-95.0755,17.3911],[-95.3079,17.6727],[-95.4515,17.6244],[-95.6123,17.5154],[-95.797,17.5375],[-95.9103,17.7836],[-95.7755,17.9954],[-95.8377,18.1204],[-95.9562,18.1643],[-96.1093,18.1428],[-96.2289,18.201],[-96.2504,18.2842],[-96.3775,18.428],[-96.411,18.5393],[-96.5968,18.6124],[-96.7281,18.4102],[-96.7895,18.2837],[-97.0257,18.1223],[-97.1879,18.1763],[-97.3136,18.1446],[-97.427,17.9901],[-97.6402,18.1705],[-97.6056,18.3204],[-97.7249,18.3022],[-97.8178,18.137],[-97.7325,18.0048],[-97.8907,17.9374],[-97.9251,18.0359],[-98.1731,18.0175],[-98.2428,17.9138],[-98.3478,17.8922],[-98.3887,17.6406],[-98.3277,17.4788],[-98.3308,17.3372],[-98.2276,17.2229],[-98.1496,17.2151],[-98.003,17.0259],[-98.0729,16.7791],[-98.2402,16.7026],[-98.2356,16.5783],[-98.3332,16.5661],[-98.3219,16.4372],[-98.3933,16.3721],[-98.5545,16.3183],[-98.1238,16.2092],[-98.0852,16.1651],[-97.7727,15.9795],[-97.266,15.9359],[-96.8451,15.7326],[-96.556,15.659],[-96.4311,15.6959],[-96.2366,15.6833],[-95.9599,15.8279],[-95.4345,15.9754],[-95.2332,16.1582],[-94.8959,16.2117],[-95.0638,16.2683],[-94.8521,16.4289],[-94.7633,16.2935],[-94.6544,16.3636],[-94.5871,16.2824],[-94.701,16.1956],[-94.4396,16.1868],[-94.1149,16.0572],[-94.094,16.099],[-94.23,16.1633],[-94.2926,16.1411],[-94.4142,16.234],[-94.3636,16.287],[-94.0836,16.1489],[-94.0369,16.2733],[-94.1251,16.5088],[-94.0354,16.6626],[-94.029,16.8132],[-93.9113,16.8807],[-93.8681,17.0122],[-93.8734,17.1502]]]},"properties":{"iso":"MEX","name":"Oaxaca","country":"México","code":"MX-OAX"}},
{"type":"Feature","geometry":{"type":"Polygon","coordinates":[[[-92.1624,14.4873],[-91.9082,14.2838],[-91.6585,14.1173],[-91.6039,14.3311],[-91.6084,14.5371],[-91.5105,14.713],[-91.666,14.662],[-91.761,14.6965],[-91.8558,14.5235],[-92.0166,14.5309],[-92.1624,14.4873]]]},"properties":{"iso":"GTM","name":"Retalhuleu","country":"Guatemala","code":"GT-RE"}},
{"type":"Feature","geometry":{"type":"Polygon","coordinates":[[[-91.6585,14.1173],[-91.5519,14.0573],[-91.4569,14.1899],[-91.4233,14.3366],[-91.1711,14.272],[-91.1113,14.4304],[-91.1141,14.5304],[-91.2572,14.5574],[-91.3026,14.6405],[-91.4766,14.6299],[-91.4697,14.7396],[-91.5105,14.713],[-91.6084,14.5371],[-91.6039,14.3311],[-91.6585,14.1173]]]},"properties":{"iso":"GTM","name":"Suchitepéquez","country":"Guatemala","code":"GT-SU"}},
{"type":"Feature","geometry":{"type":"Polygon","coordinates":[[[-91.5519,14.0573],[-91.3165,13.9557],[-90.9103,13.9111],[-90.6273,13.9207],[-90.6271,14.0559],[-90.5157,14.2025],[-90.5649,14.2562],[-90.5964,14.4151],[-90.6505,14.4687],[-90.8905,14.4893],[-91.016,14.4087],[-91.1113,14.4304],[-91.1711,14.272],[-91.4233,14.3366],[-91.4569,14.1899],[-91.5519,14.0573]]]},"properties":{"iso":"GTM","name":"Escuintla","country":"Guatemala","code":"GT-ES"}},
{"type":"Feature","geometry":{"type":"Polygon","coordinates":[[[-90.0519,14.4335],[-90.128,14.5191],[-90.2852,14.5143],[-90.3883,14.4965],[-90.4438,14.3286],[-90.5649,14.2562],[-90.5157,14.2025],[-90.6271,14.0559],[-90.6273,13.9207],[-90.5002,13.8947],[-90.2406,13.7887],[-90.2929,14.004],[-90.1567,13.9768],[-90.0503,14.0982],[-90.0583,14.1697],[-90.1911,14.2529],[-90.0519,14.4335]]]},"properties":{"iso":"GTM","name":"Santa Rosa","country":"Guatemala","code":"GT-SR"}},
{"type":"Feature","geometry":{"type":"Polygon","coordinates":[[[-89.9535,13.6651],[-89.808,13.5269],[-89.6094,13.5131],[-89.4566,13.7751],[-89.5934,13.8084],[-89.7188,13.909],[-89.7707,13.894],[-89.8198,13.6797],[-89.9535,13.6651]]]},"properties":{"iso":"SLV","name":"Sonsonate","country":"El Salvador","code":"SV-SO"}},
{"type":"Feature","geometry":{"type":"Polygon","coordinates":[[[-89.4566,13.7751],[-89.6094,13.5131],[-89.2515,13.4723],[-89.1357,13.4145],[-89.1444,13.4893],[-89.2114,13.5287],[-89.2045,13.6565],[-89.2627,13.7421],[-89.2104,13.9456],[-89.2673,14.0521],[-89.3714,14.0406],[-89.4566,13.7751]]]},"properties":{"iso":"SLV","name":"La Libertad","country":"El Salvador","code":"SV-LI"}},
{"type":"Feature","geometry":{"type":"Polygon","coordinates":[[[-89.1357,13.4145],[-88.8316,13.2661],[-88.7813,13.4055],[-88.8092,13.5481],[-88.8961,13.6626],[-89.0236,13.6729],[-89.1444,13.4893],[-89.1357,13.4145]]]},"properties":{"iso":"SLV","name":"La Paz","country":"El Salvador","code":"SV-PA"}},
{"type":"Feature","geometry":{"type":"Polygon","coordinates":[[[-88.8503,13.7506],[-88.8961,13.6626],[-88.8092,13.5481],[-88.7813,13.4055],[-88.8316,13.2661],[-88.8166,13.2593],[-88.7319,13.3415],[-88.6651,13.5471],[-88.4873,13.6883],[-88.5323,13.7594],[-88.7356,13.8123],[-88.8503,13.7506]]]},"properties":{"iso":"SLV","name":"San Vicente","country":"El Salvador","code":"SV-SV"}},
{"type":"Feature","geometry":{"type":"Polygon","coordinates":[[[-88.4873,13.6883],[-88.6651,13.5471],[-88.7319,13.3415],[-88.8166,13.2593],[-88.5275,13.1984],[-88.4692,13.2231],[-88.2083,13.1604],[-88.1125,13.1712],[-88.2222,13.3023],[-88.3339,13.3388],[-88.3827,13.4244],[-88.3724,13.6538],[-88.4873,13.6883]]]},"properties":{"iso":"SLV","name":"Usulután","country":"El Salvador","code":"SV-US"}},
{"type":"Feature","geometry":{"type":"Polygon","coordinates":[[[-87.1208,12.4584],[-87.0714,12.3887],[-86.7975,12.2185],[-86.6707,12.0005],[-86.6508,12.0753],[-86.5183,12.1311],[-86.5248,12.2897],[-86.3468,12.4691],[-86.3537,12.5824],[-86.2888,12.6365],[-86.2639,12.8485],[-86.42,12.8998],[-86.4117,13.0318],[-86.4912,13.1215],[-86.7207,13.0902],[-86.6639,12.9592],[-86.67,12.7788],[-86.782,12.7521],[-87.0058,12.4997],[-87.1208,12.4584]]]},"properties":{"iso":"NIC","name":"León","country":"Nicarágua","code":"NI-LE"}},
{"type":"Feature","geometry":{"type":"Polygon","coordinates":[[[-86.6707,12.0005],[-86.5023,11.7668],[-86.2814,11.957],[-86.109,12.1313],[-86.0005,12.1438],[-85.8515,12.1988],[-85.9723,12.5221],[-86.1011,12.5941],[-86.2888,12.6365],[-86.3537,12.5824],[-86.3468,12.4691],[-86.5248,12.2897],[-86.5183,12.1311],[-86.6508,12.0753],[-86.6707,12.0005]]]},"properties":{"iso":"NIC","name":"Managua","country":"Nicarágua","code":"NI-MN"}},
{"type":"Feature","geometry":{"type":"Polygon","coordinates":[[[-86.1017,11.6108],[-86.1191,11.6872],[-86.0725,11.8562],[-86.2814,11.957],[-86.5023,11.7668],[-86.3365,11.6114],[-86.1752,11.5195],[-86.1017,11.6108]]]},"properties":{"iso":"NIC","name":"Carazo","country":"Nicarágua","code":"NI-CA"}},
{"type":"Feature","geometry":{"type":"Polygon","coordinates":[[[-80.6041,7.2367],[-80.4448,7.2459],[-80.3576,7.382],[-80.1355,7.4246],[-79.9947,7.5034],[-80.1438,7.7528],[-80.3,7.8833],[-80.3755,7.9972],[-80.5738,7.8215],[-80.5543,7.7412],[-80.7197,7.5296],[-80.6681,7.3228],[-80.6041,7.2367]]]},"properties":{"iso":"PAN","name":"Los Santos","country":"Panamá","code":"PA-7"}},
{"type":"Feature","geometry":{"type":"Polygon","coordinates":[[[-80.687,8.1326],[-80.8536,8.0599],[-80.8578,7.9696],[-80.9434,7.9015],[-80.947,7.7884],[-80.8021,7.5812],[-80.7197,7.5296],[-80.5543,7.7412],[-80.5738,7.8215],[-80.3755,7.9972],[-80.4785,8.0914],[-80.687,8.1326]]]},"properties":{"iso":"PAN","name":"Herrera","country":"Panamá","code":"PA-6"}},
{"type":"Feature","geometry":{"type":"MultiPolygon","coordinates":[[[[120.4192,27.2064],[120.5178,27.2016],[120.5459,27.4033],[120.6769,27.4946],[120.6665,27.6254],[120.8075,27.8348],[120.8353,27.956],[120.9652,27.9871],[121.0094,28.1031],[121.2368,28.3061],[121.2879,28.1809],[121.4089,28.3049],[121.6563,28.3393],[121.5101,28.6571],[121.6699,28.8253],[121.6817,29.0268],[121.6214,29.1133],[121.4968,29.1044],[121.4712,29.1914],[121.6148,29.206],[121.8406,29.1611],[121.9059,29.2846],[121.9663,29.6025],[121.9158,29.6409],[121.4651,29.4209],[121.4583,29.5252],[121.7041,29.572],[121.983,29.8232],[121.9149,29.9187],[121.6778,30.0006],[121.5068,30.22],[121.3774,30.3251],[121.1497,30.3258],[120.8928,30.1698],[120.7344,30.2322],[120.9395,30.4219],[120.9778,30.5433],[121.2748,30.6912],[121.1044,30.8343],[120.981,30.832],[120.9692,31.0095],[120.9093,31.0117],[120.6921,30.9766],[120.7095,30.8911],[120.5779,30.8458],[120.3617,30.9388],[120.1286,30.9432],[119.9431,31.0866],[119.9319,31.15],[119.7401,31.1765],[119.6298,31.1329],[119.575,30.8471],[119.4431,30.6392],[119.3506,30.6754],[119.2415,30.5508],[119.3208,30.5182],[119.3629,30.4045],[119.2107,30.3137],[118.9347,30.3521],[118.8527,30.1593],[118.894,29.9826],[118.7413,29.8284],[118.7237,29.7302],[118.5569,29.6252],[118.3732,29.4528],[118.1747,29.4079],[118.1324,29.2979],[118.052,29.2753],[118.0008,29.1439],[118.0639,29.0506],[118.229,28.9545],[118.4255,28.6952],[118.4763,28.3323],[118.4464,28.2887],[118.4989,28.2624],[118.7352,28.326],[118.7657,28.1782],[118.7481,27.9732],[118.8198,27.91],[118.9227,27.55],[119.0053,27.4801],[119.2656,27.4241],[119.4673,27.5253],[119.5117,27.6367],[119.6158,27.6656],[119.6934,27.411],[119.7701,27.3159],[120.0644,27.3436],[120.1477,27.4002],[120.344,27.3796],[120.4192,27.2064]]],[[[122.3275,30.0245],[122.0874,30.1475],[122.0122,30.0319],[122.1847,29.9945],[122.3275,30.0245]]]]},"properties":{"iso":"CHN","name":"Zhejiang","country":"China","code":"CN-ZJ"}},
{"type":"Feature","geometry":{"type":"MultiPolygon","coordinates":[[[[121.2748,30.6912],[121.4106,30.7674],[121.6311,30.8366],[121.9074,30.8571],[121.9774,30.9149],[121.877,31.0991],[121.7252,31.2816],[121.3409,31.491],[121.1868,31.4575],[121.1263,31.277],[121.0347,31.1438],[120.883,31.14],[120.9093,31.0117],[120.9692,31.0095],[120.981,30.832],[121.1044,30.8343],[121.2748,30.6912]]],[[[121.8441,31.6079],[121.6632,31.6524],[121.4753,31.7708],[121.2641,31.8411],[121.1763,31.7843],[121.3145,31.6556],[121.8514,31.4392],[121.9801,31.5403],[121.8441,31.6079]]]]},"properties":{"iso":"CHN","name":"Shanghai","country":"China","code":"CN-SH"}},
{"type":"Feature","geometry":{"type":"Polygon","coordinates":[[[120.9093,31.0117],[120.883,31.14],[121.0347,31.1438],[121.1263,31.277],[121.1868,31.4575],[121.3409,31.491],[121.1444,31.6847],[120.8954,31.7633],[120.7504,31.9783],[120.8108,32.0226],[120.9778,31.8144],[121.1151,31.7963],[121.2864,31.8906],[121.6756,31.7236],[121.8173,31.6909],[121.9221,31.7544],[121.8219,31.9525],[121.6554,32.0629],[121.4434,32.1143],[121.3541,32.4148],[121.1202,32.5074],[120.9112,32.6301],[120.8614,32.7197],[120.9078,32.8439],[120.8958,33.0136],[120.7302,33.2049],[120.6278,33.478],[120.5117,33.6567],[120.4983,33.7533],[120.4071,33.8598],[120.3713,34.036],[120.2571,34.3118],[119.94,34.4579],[119.641,34.5505],[119.3467,34.7808],[119.2019,34.785],[119.1929,35.0004],[119.2803,35.0766],[119.1756,35.1059],[119.0763,35.0498],[118.8668,35.0363],[118.7594,34.7486],[118.6807,34.6839],[118.4772,34.6892],[118.391,34.4437],[118.1654,34.3992],[118.0504,34.6515],[117.7901,34.6512],[117.7733,34.5265],[117.5907,34.4716],[117.469,34.4753],[117.337,34.5886],[117.1818,34.4501],[117.0606,34.7095],[116.9414,34.8796],[116.8276,34.9583],[116.47,34.8983],[116.3772,34.6395],[116.4281,34.6397],[116.6249,34.485],[116.8023,34.4001],[116.9495,34.3893],[117.0339,34.1555],[117.1594,34.0912],[117.5035,34.0498],[117.6509,33.9825],[117.7456,33.8823],[117.7522,33.7244],[118.1237,33.766],[118.1767,33.6926],[117.9319,33.2351],[118.0807,33.1496],[118.218,33.1799],[118.239,32.9237],[118.2997,32.7774],[118.3991,32.7309],[118.7202,32.7321],[118.7482,32.8385],[118.8574,32.9723],[118.993,32.962],[119.1904,32.7112],[119.1994,32.5937],[119.0805,32.4461],[118.8913,32.5957],[118.7519,32.6125],[118.5518,32.5744],[118.6679,32.4532],[118.6504,32.2379],[118.5144,32.1998],[118.3831,32.054],[118.352,31.9467],[118.4811,31.8587],[118.4769,31.7902],[118.8605,31.6274],[118.8809,31.5224],[118.8272,31.3975],[118.751,31.358],[118.8161,31.2263],[119.0747,31.2388],[119.1629,31.2874],[119.3168,31.2667],[119.3628,31.1924],[119.6298,31.1329],[119.7401,31.1765],[119.9319,31.15],[119.9431,31.0866],[120.1286,30.9432],[120.3617,30.9388],[120.5779,30.8458],[120.7095,30.8911],[120.6921,30.9766],[120.9093,31.0117]]]},"properties":{"iso":"CHN","name":"Jiangsu","country":"China","code":"CN-JS"}},
{"type":"Feature","geometry":{"type":"Polygon","coordinates":[[[-123.1801,46.1791],[-123.2333,46.1372],[-123.3855,46.1462],[-123.5193,46.2353],[-123.6141,46.1865],[-123.8669,46.1599],[-123.9368,46.0818],[-123.9811,45.7603],[-123.9207,45.6627],[-123.9711,45.452],[-123.9711,45.1537],[-124.0652,44.8233],[-124.0632,44.6095],[-124.151,43.8817],[-124.277,43.4215],[-124.3765,43.3402],[-124.4449,43.03],[-124.5477,42.8454],[-124.4145,42.6624],[-124.3944,42.5666],[-124.4328,42.3293],[-124.3596,42.113],[-124.2145,41.9995],[-123.4011,41.9995],[-121.8317,41.9995],[-120.7854,41.9995],[-120.0008,41.9995],[-118.6947,41.9995],[-117.0166,41.9995],[-117.0185,42.928],[-117.0202,43.7851],[-116.8969,44.1859],[-116.986,44.2719],[-117.1951,44.2977],[-117.2038,44.4825],[-117.0106,44.75],[-116.8328,44.9199],[-116.8235,45.0358],[-116.7174,45.1514],[-116.649,45.3475],[-116.463,45.5819],[-116.5301,45.7516],[-116.7594,45.838],[-116.8788,46.0015],[-117.9166,46.0005],[-119.0024,45.9995],[-119.0933,45.9488],[-119.5917,45.9211],[-119.6625,45.8718],[-119.9342,45.838],[-120.2299,45.7371],[-120.4702,45.7101],[-120.621,45.7309],[-120.9001,45.6418],[-121.1329,45.6242],[-121.2718,45.7088],[-121.7926,45.7214],[-121.9711,45.6423],[-122.2611,45.5663],[-122.7389,45.6628],[-122.8065,45.9781],[-122.9102,46.1079],[-123.1801,46.1791]]]},"properties":{"iso":"USA","name":"Oregon","country":"Estados Unidos","code":"US-OR"}},
{"type":"Feature","geometry":{"type":"MultiPolygon","coordinates":[[[[-94.8031,60.0001],[-94.7029,60.1057],[-94.7118,60.2657],[-94.6156,60.3923],[-94.6802,60.4746],[-94.52,60.5468],[-94.3516,60.8581],[-94.2423,60.9034],[-94.0068,61.2378],[-93.8336,61.3283],[-93.985,61.458],[-93.838,61.5617],[-93.3029,61.7519],[-93.5021,61.8558],[-92.9407,62.1016],[-93.0736,62.178],[-92.5934,62.2394],[-92.7183,62.4647],[-92.2609,62.5626],[-91.9835,62.5316],[-91.8975,62.6397],[-92.2036,62.6668],[-92.4539,62.7939],[-91.9794,62.8474],[-91.442,62.7869],[-91.0311,62.9514],[-90.8257,62.9383],[-90.6436,63.0689],[-90.6954,63.2748],[-91.0174,63.4711],[-91.3155,63.5015],[-91.5867,63.5823],[-91.7784,63.7144],[-92.1275,63.7112],[-92.6349,63.7839],[-93.2172,63.911],[-93.5331,63.8496],[-93.7659,63.9935],[-93.4789,64.0339],[-93.0684,63.9324],[-92.7862,63.901],[-92.3738,63.7791],[-91.7489,63.7482],[-91.371,63.7017],[-90.9745,63.5787],[-90.7432,63.5754],[-90.1684,63.6577],[-89.9691,63.8222],[-90.1157,63.964],[-89.8127,63.9602],[-89.5644,64.0256],[-89.1774,64.0385],[-88.7346,63.9724],[-88.0443,64.1843],[-87.7643,64.5224],[-87.6,64.5582],[-86.9382,65.142],[-87.0469,65.238],[-87.3728,65.2752],[-87.7509,65.2675],[-89.0399,65.3282],[-89.3938,65.5012],[-89.4914,65.6158],[-89.8375,65.8309],[-89.688,65.9468],[-88.9701,65.6965],[-88.5846,65.6453],[-88.5503,65.5831],[-88.2055,65.4051],[-87.9275,65.3334],[-87.3808,65.3297],[-87.0786,65.4021],[-87.1044,65.4705],[-86.8259,65.5616],[-86.4747,65.734],[-86.4125,65.9045],[-85.9744,66.0356],[-85.8567,66.1628],[-86.3437,66.2894],[-86.6206,66.3144],[-86.791,66.4289],[-86.6205,66.5069],[-85.7516,66.5177],[-85.4161,66.567],[-85.2678,66.2869],[-84.3817,66.1901],[-84.3978,66.3043],[-84.2038,66.3242],[-83.9712,66.2041],[-83.6908,66.1992],[-83.9632,66.4779],[-84.211,66.5946],[-84.1379,66.7122],[-83.8478,66.5456],[-83.6781,66.5253],[-83.5686,66.3714],[-83.3694,66.3503],[-83.0274,66.4952],[-82.6335,66.5633],[-82.3732,66.7276],[-82.1844,66.7686],[-81.9549,66.9768],[-81.5274,66.996],[-81.4184,67.0945],[-81.2379,67.4605],[-81.4572,67.6284],[-82.0882,67.8995],[-82.1094,68.1118],[-82.3148,68.1466],[-82.3697,68.3563],[-82.5892,68.4954],[-82.0166,68.4339],[-81.6295,68.5128],[-81.2665,68.6387],[-81.233,68.7739],[-81.3652,68.8617],[-81.7025,68.9075],[-81.3629,69.1013],[-81.3372,69.1876],[-81.753,69.2679],[-82.2373,69.2352],[-82.2816,69.4194],[-82.618,69.57],[-82.5755,69.6741],[-83.7541,69.7117],[-84.3398,69.8597],[-84.6947,69.8537],[-85.3332,69.7914],[-85.5441,69.6535],[-85.534,69.4633],[-85.3468,69.2009],[-85.22,69.1328],[-84.7672,69.088],[-84.921,68.9389],[-85.145,68.8348],[-85.2248,68.7213],[-85.6681,68.727],[-85.7342,68.6387],[-85.7172,68.3983],[-85.8905,68.1846],[-85.9017,68.0544],[-86.3907,67.8098],[-86.5293,67.6872],[-86.5019,67.3794],[-86.779,67.4186],[-86.9605,67.3674],[-86.9607,67.2552],[-87.3278,67.1733],[-87.4838,67.3631],[-88.153,67.6804],[-88.3736,67.9758],[-88.2833,68.126],[-88.4068,68.2769],[-87.9438,68.2009],[-87.7922,68.3312],[-88.0226,68.8087],[-88.2497,68.9316],[-88.7286,69.0839],[-88.942,69.2336],[-89.3317,69.2495],[-89.6722,69.0445],[-89.688,68.8175],[-89.9449,68.6158],[-89.8376,68.5363],[-90.0002,68.3793],[-90.3583,68.3724],[-90.6035,68.4408],[-90.4899,68.5915],[-90.4465,68.8863],[-90.6706,69.0882],[-91.0336,69.2196],[-90.8052,69.2563],[-90.7978,69.3662],[-90.4762,69.4481],[-90.6544,69.5369],[-91.11,69.5133],[-91.426,69.6684],[-91.8027,69.5133],[-92.1027,69.5581],[-92.4714,69.6976],[-92.8684,69.702],[-92.2647,69.8752],[-91.9429,70.0241],[-92.1117,70.0886],[-92.4739,70.0986],[-92.2662,70.2131],[-91.9955,70.123],[-91.5452,70.145],[-91.7232,70.3558],[-91.9907,70.3251],[-92.2499,70.6254],[-92.6145,70.6889],[-92.9077,70.902],[-92.8587,71.1498],[-92.9906,71.3571],[-93.2156,71.4691],[-93.8205,71.6553],[-94.0541,71.7892],[-94.5399,71.7713],[-94.4044,71.9459],[-94.5487,72.0021],[-95.2252,71.9495],[-95.302,71.7205],[-95.4921,71.723],[-95.9445,71.5522],[-95.4647,71.484],[-95.4722,71.3605],[-95.6583,71.2915],[-95.9859,71.4151],[-96.2117,71.3868],[-96.5615,71.1271],[-96.4875,71.0285],[-96.6164,70.8258],[-96.1903,70.6247],[-96.5615,70.3153],[-96.4863,70.097],[-95.9759,69.7862],[-95.6503,69.7839],[-95.4105,69.6859],[-94.8751,69.5716],[-94.561,69.6406],[-94.3222,69.453],[-93.9304,69.4354],[-93.558,69.5307],[-93.4344,69.3568],[-93.7034,69.2254],[-94.0266,69.3662],[-94.2379,69.3365],[-94.324,69.1558],[-94.1352,69.1328],[-94.5505,68.8907],[-94.6361,68.756],[-94.4125,68.723],[-94.1099,68.7591],[-94.0446,68.9163],[-93.8967,69.0176],[-93.6349,68.9621],[-93.5772,68.8622],[-93.7305,68.6118],[-94.203,68.3738],[-94.3409,68.2443],[-94.861,68.0309],[-95.2335,68.0697],[-95.582,67.8995],[-95.5455,67.8083],[-95.6957,67.7115],[-95.4632,67.6393],[-95.2556,67.2623],[-95.5219,67.2196],[-95.735,67.3765],[-96.0751,67.2258],[-96.4652,67.5495],[-96.1711,67.7003],[-96.2164,67.7803],[-96.0094,68.2523],[-96.3981,68.1714],[-96.5627,68.0405],[-96.795,68.072],[-96.4895,68.218],[-97.0099,68.35],[-97.2604,68.4687],[-97.8563,68.5438],[-97.793,68.4095],[-98.1924,68.3077],[-98.5444,68.3397],[-98.449,68.0709],[-98.1715,67.8757],[-97.6409,68.0094],[-97.1201,67.7794],[-97.0611,67.6804],[-97.5903,67.603],[-98.0921,67.7603],[-98.2411,67.9138],[-98.5223,68.0456],[-98.727,67.9578],[-98.361,67.8113],[-98.9154,67.7116],[-99.2529,67.7235],[-99.4237,67.7941],[-100.1664,67.8449],[-100.717,67.847],[-100.9569,67.7492],[-101.2524,67.7697],[-101.5294,67.6804],[-101.9391,67.7858],[-102.2421,67.7251],[-102.7626,67.8151],[-102.9484,67.9268],[-103.3661,68.0185],[-103.5284,68.133],[-103.8786,68.0233],[-104.4839,68.0339],[-104.6757,68.1397],[-104.602,68.2353],[-105.0951,68.2695],[-105.536,68.4499],[-105.4092,68.5306],[-105.5392,68.6501],[-105.4696,68.722],[-105.7508,68.8659],[-106.1975,68.9444],[-107.2926,68.7014],[-108.2808,68.6216],[-108.8151,68.2742],[-108.4022,68.2689],[-108.3376,68.1551],[-107.7296,68.2072],[-107.8473,68.3332],[-107.1311,68.3007],[-107.009,68.3713],[-106.5731,68.4202],[-106.522,68.5267],[-105.8791,68.6393],[-105.6976,68.4888],[-106.276,68.3869],[-106.4944,68.2458],[-106.8134,68.208],[-106.9261,68.1265],[-107.4287,68.0427],[-107.8795,68.093],[-107.9186,68.0055],[-107.6593,67.9467],[-107.9416,67.8543],[-107.9896,67.6933],[-107.5858,67.5012],[-107.6567,67.3725],[-107.527,67.2123],[-107.2464,67.0842],[-107.4844,66.9194],[-107.7587,67.0089],[-107.6587,66.7077],[-107.7001,66.621],[-108.215,67.0274],[-107.8797,67.0534],[-107.9925,67.2825],[-108.444,67.434],[-108.5991,67.6253],[-108.9294,67.5318],[-109.0746,67.722],[-109.4519,67.7443],[-109.6984,67.8101],[-109.9712,67.9673],[-110.4208,67.9484],[-111.019,67.7681],[-111.292,67.8261],[-111.535,67.7692],[-111.8797,67.7641],[-112.421,67.6824],[-113.042,67.6736],[-113.3158,67.7109],[-113.8588,67.6962],[-114.3979,67.7419],[-114.7892,67.817],[-115.1182,67.8039],[-115.5338,67.9344],[-115.2491,68.0429],[-115.1795,68.1418],[-114.8961,68.1514],[-114.837,68.2626],[-114.0568,68.3042],[-114.0568,68.4408],[-114.201,68.5719],[-114.5226,68.7172],[-114.9878,68.8674],[-115.5878,68.9752],[-116.1605,68.9841],[-116.2081,68.8312],[-118.0409,69.0246],[-118.4769,69.1295],[-118.6664,69.2255],[-120.2786,69.4078],[-120.6808,69.5567],[-120.6808,68.9019],[-120.6808,68.0156],[-119.7591,67.723],[-117.7732,67.1149],[-116.5936,66.7536],[-115.414,66.3924],[-114.4137,66.086],[-112.5039,65.5013],[-110.7058,65.5009],[-110.6332,65.4827],[-109.5798,64.9327],[-109.2151,64.812],[-108.9729,64.7782],[-107.4451,64.6626],[-105.1905,64.4849],[-103.9741,64.389],[-101.9991,64.2274],[-102.0049,63.1807],[-102.0038,62.1442],[-102.0029,61.2201],[-102.0016,60.0001],[-100.6515,60.0001],[-99.3013,60.0001],[-98.4012,60.0001],[-96.6011,60.0001],[-94.8031,60.0001]]],[[[-104.4901,68.5159],[-104.6813,68.5786],[-105.0622,68.5495],[-104.6552,68.398],[-104.4901,68.5159]]],[[[-101.694,68.7703],[-101.9796,68.826],[-102.2904,68.6636],[-101.8292,68.5784],[-101.694,68.7703]]],[[[-100.2068,68.8039],[-100.2286,68.9289],[-100.4041,69.0297],[-100.6313,68.9957],[-100.6224,68.7724],[-100.3635,68.7221],[-100.2068,68.8039]]],[[[-96.5549,69.4792],[-96.1512,69.366],[-96.1483,69.5627],[-96.6369,69.5581],[-96.5549,69.4792]]],[[[-95.9445,69.4208],[-95.78,69.4687],[-95.413,69.3863],[-95.3808,69.5233],[-95.6295,69.6198],[-95.9232,69.5915],[-95.9445,69.4208]]],[[[-95.2149,68.8622],[-95.571,68.8351],[-95.8455,68.8906],[-95.952,69.1396],[-96.2198,69.314],[-96.5342,69.4283],[-96.8934,69.4977],[-97.2248,69.6823],[-97.9252,69.8959],[-98.2193,69.7976],[-98.3693,69.5683],[-98.5961,69.5581],[-98.6079,69.4427],[-98.4111,69.3525],[-98.7128,69.2021],[-99.0067,69.1391],[-99.3093,69.1588],[-99.5915,69.0411],[-99.4172,68.8904],[-99.1822,68.8314],[-98.8634,68.8344],[-98.5224,68.7503],[-98.2684,68.7403],[-97.7606,68.6521],[-97.562,68.5643],[-97.1592,68.5181],[-97.0368,68.5538],[-96.5205,68.4476],[-96.2959,68.4801],[-95.8074,68.7294],[-95.439,68.7396],[-95.2149,68.8622]]],[[[-110.0037,72.7104],[-110.0037,72.6273],[-110.0037,72.5238],[-110.0037,72.4966],[-110.0037,72.4581],[-110.0028,71.6464],[-110.0012,70.6953],[-110,70.0001],[-112.5,70.0001],[-112.6499,69.8334],[-112.8749,69.8323],[-112.8988,70.0001],[-114.8251,70.0001],[-117.1237,70.0012],[-117.1436,69.888],[-116.8558,69.6476],[-116.6196,69.5717],[-116.6327,69.4618],[-115.9748,69.3002],[-115.189,69.2427],[-114.3973,69.2882],[-113.584,69.2012],[-113.5692,69.057],[-113.6555,68.8005],[-113.3505,68.5915],[-112.749,68.4631],[-112.5833,68.5097],[-111.5312,68.5438],[-111.251,68.5197],[-110.6051,68.6169],[-109.6246,68.6417],[-108.9516,68.7424],[-108.5648,68.876],[-108.5395,68.947],[-107.9412,68.9411],[-107.3348,69.0256],[-106.9264,69.239],[-106.5839,69.5036],[-106.3198,69.4047],[-106.204,69.1499],[-105.8859,69.1765],[-105.4579,69.1011],[-104.9171,69.0479],[-105.2548,68.9511],[-105.123,68.8964],[-104.5936,68.8645],[-104.4468,68.9416],[-103.3832,68.7823],[-102.5231,68.8655],[-102.3861,68.9274],[-101.9645,68.9696],[-101.7684,69.123],[-101.9489,69.2612],[-102.2358,69.2631],[-101.9391,69.4206],[-102.0548,69.4844],[-102.4642,69.4807],[-102.5474,69.4135],[-103.0371,69.3662],[-103.0411,69.5153],[-102.5096,69.5642],[-102.5823,69.7435],[-102.0248,69.8086],[-101.7068,69.6912],[-100.9643,69.6645],[-100.8722,69.8078],[-100.9957,70.175],[-101.5823,70.1325],[-101.6928,70.3087],[-101.9528,70.2697],[-102.4093,70.4255],[-103.1252,70.5761],[-103.5377,70.5995],[-104.024,70.7845],[-104.1052,70.8981],[-104.5912,71.0732],[-104.4591,71.2128],[-104.497,71.3258],[-104.2824,71.364],[-104.3803,71.6],[-105.0389,72.114],[-104.9596,72.1784],[-105.2769,72.44],[-105.1959,72.484],[-105.4565,72.703],[-105.3325,72.7511],[-105.8293,73.0513],[-106.234,73.0872],[-106.8234,73.3096],[-107.1724,73.195],[-107.662,73.3284],[-108.0133,73.3549],[-108.0535,73.238],[-108.2983,73.1338],[-108.1566,73.0525],[-108.1425,72.8884],[-107.8754,72.5733],[-107.8933,72.4735],[-107.7178,72.3027],[-107.7792,72.1413],[-107.6183,72.019],[-107.2516,71.9017],[-107.6684,71.7082],[-107.9919,71.6834],[-108.2869,71.7987],[-108.1883,71.9495],[-108.4166,71.9905],[-108.4135,72.1271],[-108.6631,72.361],[-108.6334,72.5656],[-108.8678,72.6059],[-109.1833,72.767],[-109.3762,72.7713],[-110.0037,72.9851],[-110.0037,72.7554],[-110.0037,72.7104]]],[[[-72.949,66.7346],[-73.3321,66.6634],[-73.4556,66.5506],[-74.082,66.3002],[-74.3454,66.2258],[-74.4204,66.0834],[-74.0123,65.8551],[-73.7178,65.7746],[-73.496,65.494],[-73.6737,65.4596],[-73.8804,65.5357],[-74.1793,65.5285],[-74.5029,65.3435],[-74.8722,65.3981],[-75.2154,65.2541],[-75.7154,65.3088],[-75.8002,65.2509],[-75.4072,65.0623],[-75.3731,64.8358],[-75.599,64.8706],[-75.4141,64.9804],[-75.4523,65.0786],[-75.7573,65.2138],[-76.6769,65.4111],[-77.0895,65.416],[-77.4357,65.4596],[-77.5141,65.3261],[-77.3128,65.2001],[-77.9636,65.0519],[-78.144,64.9573],[-78.0731,64.8159],[-78.1879,64.753],[-78.1848,64.5867],[-77.7578,64.343],[-77.6623,64.3773],[-77.1332,64.3011],[-76.689,64.1916],[-76.7279,64.2961],[-75.8621,64.3776],[-75.7069,64.5793],[-75.2382,64.4551],[-74.7131,64.382],[-74.5364,64.4317],[-74.6463,64.5347],[-74.5507,64.631],[-74.0839,64.6409],[-74.0026,64.5826],[-74.1144,64.341],[-73.9958,64.3293],[-73.8916,64.5542],[-73.4523,64.5915],[-73.4819,64.4051],[-73.3863,64.2815],[-73.1301,64.2917],[-73.0847,64.199],[-72.8753,64.0942],[-72.5981,63.8671],[-72.3199,63.7807],[-72.3176,63.6789],[-71.9315,63.6869],[-71.8276,63.7796],[-71.5656,63.6908],[-71.5832,63.5925],[-71.2772,63.5661],[-71.6862,63.4244],[-71.7665,63.2841],[-71.6885,63.1738],[-71.3726,63.0485],[-71.0289,63.0786],[-70.8297,62.8968],[-70.4932,62.8666],[-70.2403,62.7541],[-69.6269,62.791],[-69.5868,62.6577],[-69.4451,62.5535],[-69.0272,62.3798],[-68.5537,62.2497],[-67.9809,62.2119],[-67.6741,62.1575],[-67.4006,62.1498],[-66.7735,62.0172],[-66.5552,61.9074],[-66.2745,61.8581],[-65.9504,61.8969],[-66.1285,62.0886],[-65.93,62.1978],[-66.302,62.3511],[-66.5515,62.5607],[-66.982,62.7031],[-67.198,62.8769],[-67.5294,62.9995],[-67.6326,63.1032],[-67.7987,63.0889],[-68.1469,63.1606],[-68.4034,63.3759],[-68.7603,63.5548],[-68.9282,63.7607],[-68.4962,63.7403],[-68.4003,63.664],[-68.1204,63.6024],[-67.8689,63.4637],[-67.6897,63.6329],[-67.5007,63.4428],[-67.2398,63.3214],[-67.0124,63.2878],[-66.6979,63.0385],[-66.5192,63.0773],[-66.1907,62.9514],[-66.0535,62.9998],[-65.6659,62.9123],[-65.6038,62.8251],[-65.2724,62.7878],[-65.3502,62.7071],[-65.1696,62.5684],[-64.9625,62.6627],[-65.2037,62.8956],[-64.8871,62.8694],[-64.765,63.0551],[-65.0993,63.5495],[-64.9317,63.5714],[-64.7717,63.3288],[-64.4844,63.2878],[-64.5594,63.5622],[-64.5048,63.6441],[-64.6761,63.7403],[-64.9295,63.7777],[-64.8953,63.8974],[-64.663,64.0278],[-65.0767,64.0834],[-65.3074,64.1934],[-65.081,64.4792],[-65.7261,64.5152],[-65.5865,64.6491],[-65.5828,64.7568],[-65.824,64.8828],[-66.0126,64.7545],[-66.2086,64.897],[-66.6494,64.9699],[-66.9675,65.0866],[-66.9359,65.216],[-67.1688,65.2685],[-67.0603,65.4534],[-67.4331,65.5036],[-67.2731,65.6452],[-67.4549,65.6789],[-67.927,65.6201],[-67.9249,65.7568],[-68.0955,65.796],[-68.1368,65.9266],[-67.81,65.8784],[-67.1701,65.9326],[-67.2936,66.1113],[-67.7529,66.2547],[-67.8524,66.4134],[-67.5748,66.4192],[-67.3032,66.2807],[-66.9613,66.5408],[-66.7307,66.3736],[-66.4718,66.3441],[-66.1478,66.1407],[-65.9591,66.1147],[-65.8994,65.9537],[-65.3931,65.9822],[-64.9636,66.0759],[-64.9097,66.0053],[-65.3533,65.9141],[-65.5031,65.7668],[-65.2935,65.5605],[-65.1147,65.5043],[-65.0725,65.3883],[-64.9021,65.2821],[-64.1785,65.1767],[-63.8851,65.0861],[-63.6551,64.9184],[-63.4052,65.0328],[-63.4975,65.3708],[-63.3666,65.5383],[-63.1601,65.6492],[-62.5942,65.664],[-62.5103,65.7933],[-62.3064,65.8289],[-62.4289,65.9787],[-61.9542,66.0198],[-62.5385,66.2274],[-62.2196,66.3972],[-61.9346,66.2895],[-61.4923,66.3674],[-61.5763,66.5505],[-61.2705,66.6048],[-61.3011,66.6777],[-61.6056,66.8716],[-62.0041,67.0368],[-62.284,66.9461],[-62.905,66.973],[-63.3491,66.8907],[-63.2504,67.1323],[-62.9769,67.2219],[-63.1636,67.3376],[-63.4121,67.2177],[-63.8885,67.2416],[-63.9416,67.361],[-64.2278,67.6142],[-64.2897,67.7294],[-64.607,67.8318],[-64.8161,67.7829],[-65.0456,67.8518],[-64.7196,67.9852],[-64.9648,68.0524],[-65.1815,67.9672],[-65.7586,67.9684],[-65.8089,67.8653],[-66.2141,68.0051],[-66.3135,68.1291],[-66.766,68.2421],[-67.064,68.4749],[-67.6641,68.5647],[-67.9312,68.5282],[-68.3605,68.6299],[-68.5472,68.7531],[-68.4006,68.8454],[-68.1332,68.8372],[-68.043,68.9722],[-67.7355,69.0401],[-68.116,69.1328],[-68.0825,69.2197],[-67.678,69.1772],[-66.6688,69.1846],[-66.788,69.34],[-67.2276,69.4643],[-68.0051,69.462],[-68.5875,69.591],[-68.3492,69.6331],[-68.0131,69.7761],[-67.7472,69.7826],[-67.3469,69.7166],[-67.1155,69.7287],[-67.2495,69.9634],[-67.8085,70.2637],[-68.157,70.3183],[-68.3231,70.2234],[-68.3369,70.0688],[-68.5474,70.0576],[-68.6633,69.9419],[-68.9282,69.9553],[-68.6436,70.147],[-68.7065,70.2094],[-69.2089,70.1929],[-69.4702,70.2481],[-68.72,70.3223],[-68.4586,70.373],[-68.2978,70.4969],[-68.3623,70.5843],[-69.0978,70.7231],[-69.203,70.7794],[-69.5903,70.7734],[-69.915,70.8799],[-70.6174,70.7299],[-70.713,70.8397],[-70.5164,70.9371],[-70.7872,71.1146],[-71.1509,71.0377],[-71.3228,70.8872],[-71.9531,70.7913],[-72.3373,70.7578],[-72.1642,70.8304],[-72.3563,70.8787],[-72.0451,71.0848],[-71.445,71.0735],[-71.1171,71.2705],[-71.5819,71.5151],[-72.4726,71.6473],[-72.639,71.5455],[-72.831,71.499],[-72.7551,71.4356],[-72.9946,71.4077],[-72.97,71.2873],[-73.2539,71.33],[-73.6879,71.5932],[-73.5964,71.7639],[-73.9059,71.7756],[-74.6346,71.6551],[-74.7424,71.7336],[-74.2627,71.8198],[-74.118,71.9672],[-74.2368,72.0761],[-75.0632,72.1282],[-74.9417,72.2574],[-75.1984,72.4976],[-75.7351,72.5826],[-76.652,72.6387],[-76.8891,72.7435],[-77.601,72.7558],[-77.9771,72.6984],[-78.5351,72.5146],[-78.5696,72.3557],[-78.9433,72.196],[-79.2834,72.3944],[-79.546,72.2921],[-79.753,72.4014],[-80.049,72.3979],[-80.4829,72.1807],[-80.3967,72.0501],[-80.7594,71.9836],[-80.8316,72.2607],[-80.5124,72.3815],[-80.5585,72.6276],[-80.2689,72.7252],[-80.6403,72.9279],[-80.5499,73.0948],[-80.6428,73.1698],[-81.1335,73.2471],[-81.2291,73.5397],[-81.5284,73.7162],[-82.8311,73.7367],[-84.0075,73.5049],[-84.8367,73.3891],[-85.193,73.2313],[-85.0304,73.1365],[-85.4636,73.1119],[-85.6523,72.8712],[-85.7025,72.6347],[-85.5145,72.4634],[-85.3443,72.4129],[-84.7822,72.3621],[-85.0358,72.2547],[-85.5009,72.2144],[-85.5718,72.0578],[-85.7473,71.9486],[-85.4378,71.8148],[-85.2579,71.6684],[-84.8916,71.633],[-84.7132,71.682],[-84.5283,71.4731],[-84.7005,71.4328],[-84.8568,71.1597],[-85.5432,71.1806],[-85.2025,71.2658],[-84.8581,71.2761],[-84.9597,71.4288],[-85.4969,71.5144],[-86.1276,71.7943],[-86.4082,72.0058],[-86.4604,72.2034],[-86.2534,72.3946],[-86.3261,72.5036],[-86.6802,72.6462],[-86.6986,72.8161],[-86.2829,73.0872],[-86.0303,73.3024],[-85.5772,73.5124],[-84.952,73.6677],[-85.1057,73.812],[-86.0186,73.8549],[-86.7142,73.8474],[-87.7645,73.7167],[-88.4138,73.5255],[-89.0512,73.2517],[-89.3119,73.0463],[-89.3209,72.8823],[-89.7532,72.6108],[-89.963,72.2574],[-89.7617,72.1256],[-89.9925,72.0716],[-90.1047,71.9163],[-89.7979,71.7646],[-89.9766,71.6579],[-89.963,71.4151],[-89.8134,71.329],[-88.6158,71.237],[-88.067,71.2128],[-87.2283,71.0111],[-87.3586,70.9496],[-87.893,70.9353],[-88.3249,70.9584],[-88.6424,71.0546],[-89.1263,71.0316],[-89.4491,70.908],[-89.076,70.6999],[-88.9072,70.5449],[-88.6941,70.465],[-88.1413,70.3959],[-87.8525,70.238],[-87.425,70.3153],[-87.0314,70.4685],[-86.8582,70.3251],[-86.6392,70.3251],[-86.2697,70.1135],[-85.7829,69.9952],[-84.952,70.0666],[-84.6948,70.0066],[-83.6728,69.9464],[-83.0516,70.0105],[-82.4415,69.8441],[-82.1258,69.8181],[-81.8575,69.8649],[-81.8762,69.9709],[-81.6,69.9774],[-80.9512,69.7362],[-80.7799,69.756],[-81.1932,70.0008],[-81.0715,70.0993],[-79.8352,69.9534],[-79.6809,69.8486],[-78.8881,69.8938],[-78.6651,70.0138],[-78.7669,70.1914],[-79.128,70.3092],[-79.5651,70.3902],[-79.1562,70.4971],[-78.7447,70.4561],[-78.3891,70.2164],[-77.8915,70.2637],[-77.6826,70.1837],[-77.6827,69.8249],[-77.4909,69.8627],[-76.8733,69.8187],[-76.8735,69.6872],[-77.0384,69.6058],[-76.6296,69.546],[-76.3913,69.4053],[-76.2172,69.4174],[-75.6874,69.2871],[-75.5717,69.1571],[-75.9899,69.0109],[-76.4225,69.0599],[-76.6381,69.0159],[-76.5338,68.8814],[-76.6732,68.7658],[-76.625,68.6824],[-76.3256,68.6985],[-75.4967,68.9342],[-74.8789,68.8255],[-74.3725,68.5438],[-73.8852,68.5549],[-74.0982,68.694],[-73.8883,68.714],[-73.7215,68.6158],[-73.9474,68.4135],[-73.728,68.3137],[-73.2003,68.2753],[-72.9884,68.1733],[-72.8574,67.8605],[-72.6189,67.7955],[-72.6728,67.7026],[-72.4361,67.5315],[-72.3698,67.3308],[-72.1933,67.2757],[-72.3509,67.1195],[-72.8035,67.043],[-73.0055,66.7792],[-72.949,66.7346]]],[[[-64.5192,60.3193],[-64.4324,60.3727],[-64.6413,60.4923],[-64.7503,60.3738],[-64.5192,60.3193]]],[[[-67.8808,60.4968],[-67.9991,60.5859],[-68.2413,60.5856],[-68.439,60.2593],[-68.321,60.1971],[-67.9601,60.3326],[-67.8808,60.4968]]],[[[-64.8406,61.3515],[-64.6966,61.458],[-64.717,61.6635],[-65.0466,61.6977],[-65.4292,61.6623],[-65.4858,61.5993],[-64.9772,61.3791],[-64.8406,61.3515]]],[[[-65.2412,61.9204],[-65.1473,61.7839],[-64.8279,61.7612],[-64.9604,61.8842],[-65.2412,61.9204]]],[[[-79.2825,62.2699],[-79.5586,62.4204],[-79.8308,62.4108],[-80.215,62.1377],[-80.2856,61.9304],[-80.1804,61.7743],[-79.7502,61.5859],[-79.5485,61.7595],[-79.2695,62.1452],[-79.2825,62.2699]]],[[[-64.3806,62.5275],[-64.8417,62.5561],[-64.923,62.4195],[-64.5941,62.3698],[-64.3806,62.5275]]],[[[-70.2406,62.6156],[-70.4925,62.767],[-70.7886,62.8415],[-70.9596,62.8032],[-70.6822,62.5473],[-70.362,62.5269],[-70.2406,62.6156]]],[[[-82.1913,62.9862],[-82.4205,62.928],[-82.7394,62.9384],[-83.1189,62.8472],[-83.2965,62.9309],[-83.5198,62.8264],[-83.5528,62.6997],[-83.7132,62.5684],[-83.907,62.4914],[-83.91,62.3953],[-83.7515,62.31],[-83.673,62.1451],[-83.2806,62.2525],[-83.1346,62.1766],[-82.7467,62.3105],[-82.4247,62.4722],[-82.296,62.5852],[-81.9569,62.6977],[-81.8624,62.9248],[-82.1913,62.9862]]],[[[-77.538,63.2878],[-77.7033,63.4382],[-78.1863,63.4932],[-78.5443,63.4492],[-78.5317,63.3902],[-77.9408,63.0871],[-77.6448,63.1432],[-77.538,63.2878]]],[[[-64.0864,63.335],[-64.2242,63.3948],[-64.3549,63.6689],[-64.4979,63.6168],[-64.2589,63.3272],[-64.0864,63.335]]],[[[-76.6889,63.4858],[-76.7093,63.5678],[-77.1203,63.685],[-77.397,63.6934],[-77.4183,63.5906],[-76.9821,63.4073],[-76.702,63.3697],[-76.6889,63.4858]]],[[[-80.1833,63.7676],[-80.8888,64.1226],[-81.0585,64.0265],[-81.4565,64.0378],[-81.9713,63.9938],[-81.9101,64.0687],[-81.6272,64.1236],[-81.7135,64.2542],[-81.7713,64.512],[-82.1225,64.692],[-82.366,64.768],[-82.7145,64.781],[-82.8838,64.8797],[-83.2084,64.9477],[-83.3977,65.1366],[-84.0985,65.2095],[-84.1523,65.3322],[-84.5774,65.4894],[-84.848,65.2135],[-85.0767,65.4564],[-85.3165,65.5415],[-85.0524,65.6142],[-85.201,65.8093],[-85.4883,65.7966],[-85.6098,65.9105],[-85.9389,65.7632],[-86.0284,65.665],[-86.1739,65.2865],[-86.1593,64.9394],[-86.3529,64.6508],[-86.4058,64.4385],[-86.3648,64.3088],[-86.1929,64.1034],[-86.8959,63.9302],[-87.2238,63.6601],[-87.0644,63.5548],[-86.8682,63.5618],[-86.6612,63.6577],[-86.2854,63.6461],[-85.7936,63.7134],[-85.617,63.6749],[-85.6352,63.2431],[-85.5098,63.1292],[-85.2739,63.1234],[-84.9544,63.1938],[-84.5902,63.3151],[-84.4053,63.5548],[-84.2842,63.6268],[-84.0639,63.6207],[-83.7839,63.7685],[-83.6338,63.771],[-83.6046,63.9304],[-83.6853,64.0141],[-83.5394,64.1107],[-83.0137,64.1916],[-82.9796,64.1171],[-83.1383,64.0067],[-82.5339,63.973],[-82.3558,63.853],[-82.5177,63.7966],[-82.4818,63.6852],[-82.0746,63.6918],[-81.636,63.5752],[-81.0189,63.4503],[-80.5977,63.6369],[-80.4664,63.7273],[-80.1833,63.7676]]],[[[-85.0011,66.0076],[-85.1861,65.9468],[-85.1127,65.7621],[-84.7132,65.5552],[-84.5741,65.6356],[-84.715,65.8353],[-85.0011,66.0076]]],[[[-84.4735,66.0902],[-84.1246,65.9067],[-84.1427,65.7668],[-83.8697,65.7829],[-83.802,65.6862],[-83.4727,65.7277],[-83.802,65.8227],[-83.6927,65.9257],[-84.0688,66.0629],[-84.4735,66.0902]]],[[[-73.3583,67.8381],[-73.4129,67.9684],[-74.277,68.0776],[-74.756,68.0634],[-74.6402,67.8567],[-74.4023,67.7789],[-73.4095,67.776],[-73.3583,67.8381]]],[[[-86.5771,68.2906],[-86.7477,68.287],[-86.9857,68.0674],[-86.8366,67.7918],[-86.5975,67.7282],[-86.4127,67.8449],[-86.4078,68.2078],[-86.5771,68.2906]]],[[[-75.0335,68.1733],[-75.1376,68.2363],[-75.9112,68.3446],[-76.2991,68.3348],[-76.6889,68.2626],[-76.8772,68.1528],[-77.2122,67.8704],[-77.3227,67.708],[-77.178,67.4255],[-76.9816,67.2433],[-76.6337,67.228],[-76.2433,67.2695],[-75.8893,67.258],[-75.3905,67.3577],[-75.0651,67.5524],[-75.0441,67.817],[-75.1614,67.9531],[-75.0335,68.1733]]],[[[-74.838,68.4202],[-74.7738,68.4855],[-74.9894,68.6688],[-75.2604,68.7206],[-75.3921,68.626],[-75.379,68.4988],[-74.8841,68.344],[-74.838,68.4202]]],[[[-79.0798,68.879],[-78.83,68.9174],[-78.5516,69.1024],[-78.4567,69.2291],[-78.214,69.3029],[-78.3127,69.3871],[-78.7309,69.3253],[-78.8633,69.1484],[-79.2042,69.0849],[-79.423,68.9274],[-79.0798,68.879]]],[[[-76.6923,69.4109],[-77.1134,69.4481],[-77.3605,69.3898],[-77.3872,69.2665],[-77.265,69.1467],[-76.9915,69.1451],[-76.6752,69.311],[-76.6923,69.4109]]],[[[-67.9099,69.5338],[-67.7311,69.6588],[-67.8915,69.7121],[-68.219,69.6058],[-67.9099,69.5338]]],[[[-78.3945,69.6467],[-78.6897,69.5611],[-78.5172,69.4848],[-77.942,69.6467],[-78.1413,69.7498],[-78.3945,69.6467]]],[[[-79.9711,69.6331],[-79.6129,69.6198],[-79.3481,69.6945],[-79.4081,69.7789],[-79.6724,69.8204],[-79.9741,69.7306],[-80.5006,69.7874],[-80.8035,69.7047],[-80.2104,69.6187],[-79.9711,69.6331]]],[[[-87.0842,69.9894],[-86.5035,69.9859],[-86.803,70.0924],[-87.3158,70.1181],[-87.0842,69.9894]]],[[[-71.508,71.0173],[-72.0116,71.0522],[-72.0461,70.9459],[-72.228,70.9217],[-72.1182,70.8254],[-71.4387,70.9099],[-71.508,71.0173]]],[[[-72.9536,71.5175],[-73.3524,71.5336],[-73.2668,71.3644],[-72.817,71.4486],[-72.9536,71.5175]]],[[[-97.072,73.1381],[-97.1003,72.992],[-96.6551,72.9636],[-96.5683,73.0525],[-96.8092,73.1921],[-97.072,73.1381]]],[[[-104.6809,73.6298],[-105.1671,73.7567],[-106.5996,73.7106],[-107.0393,73.4844],[-106.5088,73.4141],[-106.1207,73.2927],[-105.9494,73.1623],[-105.4857,72.9558],[-105.2025,72.9445],[-104.7366,73.1896],[-104.5727,73.3322],[-104.5008,73.5672],[-104.6809,73.6298]]],[[[-80.9034,73.6074],[-80.795,73.2853],[-80.1638,73.2334],[-80.1761,73.0456],[-79.9486,72.8475],[-79.5684,72.7598],[-79.1754,72.7546],[-78.6417,72.8525],[-78.1709,72.8986],[-76.319,72.8167],[-76.2716,73.1021],[-76.5215,73.1292],[-76.7572,73.3206],[-77.0399,73.3588],[-77.2135,73.5108],[-78.1385,73.6689],[-79.4503,73.6353],[-80.5602,73.7725],[-80.8058,73.7204],[-80.9034,73.6074]]],[[[-96.3213,72.4669],[-96.4523,72.6422],[-96.932,72.6757],[-97.2911,72.875],[-97.256,72.9621],[-97.6607,73.0367],[-98.3486,73.0436],[-97.8283,73.2783],[-97.2951,73.3664],[-97.1648,73.4497],[-97.6683,73.4863],[-96.9947,73.6259],[-96.9564,73.7373],[-97.2604,73.8612],[-97.5705,73.8937],[-98.0965,73.8183],[-99.2184,73.7394],[-100.0013,73.95],[-100.303,73.8612],[-100.8858,73.8321],[-101.095,73.7425],[-100.8747,73.6186],[-101.2298,73.6061],[-101.5616,73.4686],[-101.289,73.3601],[-100.4674,73.2033],[-100.1112,73.0327],[-100.0644,72.901],[-100.3048,72.875],[-100.4312,72.7404],[-100.8746,72.6962],[-101.2962,72.7186],[-101.7628,73.019],[-102.1143,73.0888],[-102.4848,73.0412],[-102.756,72.8123],[-102.6142,72.6613],[-101.9665,72.4971],[-101.8401,72.3265],[-101.4032,72.2793],[-101.2008,72.3297],[-100.9267,72.2034],[-100.6365,72.1865],[-100.0355,71.8676],[-99.8644,71.8594],[-99.4123,71.5455],[-99.2351,71.3496],[-98.9463,71.3739],[-98.5415,71.2922],[-98.2152,71.4094],[-97.9698,71.6615],[-97.4612,71.6174],[-97.0829,71.7031],[-96.9616,71.8068],[-96.5597,71.8398],[-96.4848,72.1285],[-96.7185,72.2995],[-96.3213,72.4669]]],[[[-99.2474,73.855],[-98.8262,73.8321],[-98.1434,73.8784],[-97.8085,73.9779],[-97.7252,74.1216],[-98.7525,74.0336],[-99.3897,73.9237],[-99.2474,73.855]]],[[[-90.291,73.9233],[-90.9939,74.0059],[-91.8145,74.0288],[-92.1138,73.9843],[-92.8,74.1318],[-93.2726,74.178],[-93.7659,74.1356],[-94.3739,74.1323],[-95.2486,74.0099],[-95.3176,73.892],[-94.8402,73.6916],[-95.0214,73.6706],[-95.4464,73.7741],[-95.7254,73.6415],[-95.6129,73.5964],[-95.582,73.1623],[-95.7192,73.0115],[-95.5927,72.6994],[-95.3139,72.6075],[-95.1357,72.4634],[-95.2118,72.1967],[-95.0886,72.1003],[-95.1453,71.9659],[-94.0878,72.0635],[-93.811,72.3163],[-93.4642,72.4634],[-93.7932,72.6931],[-93.4032,72.7943],[-92.3849,72.7099],[-91.8577,72.848],[-91.1758,73.3542],[-90.5107,73.6979],[-90.291,73.9233]]],[[[-103.6384,75.1995],[-103.8205,75.3667],[-104.4032,75.4326],[-104.6769,75.346],[-104.9065,75.1241],[-104.2295,75.0189],[-103.8673,75.0644],[-103.6384,75.1995]]],[[[-93.4369,74.9443],[-93.4994,75.268],[-94.3939,75.6042],[-94.8995,75.6447],[-95.7915,75.501],[-96.1711,75.287],[-96.4693,75.1944],[-96.6046,75.0648],[-96.4038,74.9369],[-95.8976,74.8259],[-95.3054,74.8055],[-95.0886,74.6905],[-94.7242,74.6318],[-93.6077,74.6542],[-93.4574,74.7178],[-93.4369,74.9443]]],[[[-96.5751,75.4377],[-95.9104,75.5607],[-96.4169,75.5948],[-97.0549,75.4992],[-96.9596,75.3847],[-96.5751,75.4377]]],[[[-102.8733,75.7661],[-102.5045,75.7991],[-102.2147,75.9927],[-103.0449,75.9062],[-103.3275,75.7509],[-102.8733,75.7661]]],[[[-94.4853,75.9784],[-94.8524,75.9532],[-94.8234,75.8105],[-94.3165,75.7643],[-94.4853,75.9784]]],[[[-102.5716,75.9927],[-102.4438,76.0899],[-103.7255,75.9783],[-103.6916,75.889],[-102.5716,75.9927]]],[[[-78.8954,76.123],[-79.7176,75.8825],[-79.2792,75.8765],[-78.8607,76.0473],[-78.8954,76.123]]],[[[-103.8114,76.0336],[-102.8376,76.0806],[-102.5306,76.1572],[-102.7266,76.3156],[-104.312,76.2124],[-104.3677,76.0764],[-103.8114,76.0336]]],[[[-104.398,76.4687],[-104.3777,76.3249],[-103.3363,76.3317],[-103.0226,76.4156],[-103.883,76.5779],[-104.0246,76.6705],[-104.652,76.602],[-104.398,76.4687]]],[[[-97.4249,75.5197],[-97.4249,75.6985],[-97.8973,75.7371],[-97.5702,75.8652],[-97.6514,75.9517],[-97.5004,76.1573],[-97.7886,76.3223],[-97.6651,76.4862],[-98.508,76.6369],[-98.9047,76.6244],[-99.2573,76.4689],[-99.59,76.6286],[-100.2696,76.6496],[-100.963,76.4803],[-100.6753,76.381],[-100.3214,76.389],[-99.9966,76.2988],[-100.4787,76.2338],[-100.4556,76.1015],[-101.1277,76.2603],[-101.0862,76.342],[-101.4134,76.4377],[-102.0351,76.4128],[-102.1028,76.2208],[-101.7423,76.1845],[-101.9088,76.0872],[-101.5895,75.9245],[-102.2623,75.8698],[-102.6877,75.678],[-102.7761,75.545],[-102.0638,75.5477],[-101.4494,75.6077],[-100.2233,75.6667],[-99.7037,75.5952],[-100.2825,75.5272],[-100.6758,75.3365],[-100.2523,75.263],[-100.3985,75.1634],[-100.3302,75.0141],[-99.6454,74.976],[-98.7502,74.9884],[-98.035,75.0263],[-97.6849,75.1702],[-98.1167,75.298],[-97.9237,75.5196],[-97.4249,75.5197]]],[[[-101.1597,76.5817],[-100.3335,76.7145],[-100.9725,76.7355],[-101.1597,76.5817]]],[[[-89.675,76.7326],[-89.9822,76.8424],[-90.5295,76.7922],[-90.568,76.7156],[-90.0648,76.4862],[-89.675,76.7326]]],[[[-110.0037,75.9114],[-110.0037,75.8787],[-109.6915,75.8071],[-109.102,75.7501],[-108.8349,75.6227],[-108.8964,75.4924],[-110.0037,75.5447],[-110.0037,74.8526],[-109.5819,74.8581],[-108.8242,75.0715],[-108.4166,74.9171],[-107.6863,74.9822],[-107.0052,74.9238],[-106.7602,75.003],[-106.0089,75.0566],[-105.8958,75.2591],[-105.6614,75.3552],[-105.6893,75.5272],[-105.3905,75.6597],[-105.5118,75.8906],[-105.7599,75.9902],[-106.6068,76.0616],[-107.0461,75.889],[-107.6483,75.9728],[-107.8576,76.0659],[-108.4576,76.1025],[-108.0809,76.2869],[-108.6159,76.4235],[-108.6872,76.6022],[-108.4508,76.7326],[-108.7481,76.8587],[-109.1844,76.8219],[-109.5543,76.6301],[-110.0037,76.4862],[-110.0037,76.2264],[-109.5422,76.1894],[-109.4333,76.0036],[-110.0037,75.9114]]],[[[-79.5602,74.9915],[-79.7799,75.0325],[-80.197,74.958],[-80.4434,75.0399],[-79.6285,75.1802],[-79.501,75.3919],[-80.0786,75.5861],[-80.5034,75.6616],[-81.2863,75.6637],[-81.1131,75.7791],[-82.331,75.8436],[-83.089,75.7403],[-83.9181,75.8145],[-84.2896,75.7133],[-85.0449,75.6558],[-85.2991,75.5749],[-86.0104,75.5359],[-86.1964,75.4154],[-86.7778,75.476],[-87.1115,75.5948],[-87.7508,75.5809],[-88.2454,75.4784],[-88.5799,75.6585],[-89.2572,75.6358],[-89.1977,75.7963],[-89.688,75.9033],[-90.1882,76.0678],[-91.2436,76.164],[-89.3801,76.1845],[-89.2976,76.3005],[-90.4478,76.4113],[-90.5717,76.564],[-91.4411,76.6937],[-92.693,76.596],[-92.9503,76.6301],[-93.7009,76.921],[-94.1136,76.8878],[-94.508,76.9712],[-95.1916,77.0041],[-95.7707,77.0767],[-96.8511,76.9296],[-96.3144,76.8083],[-96.4996,76.6957],[-96.1422,76.5835],[-95.8233,76.3991],[-95.0313,76.3342],[-94.8481,76.2692],[-93.5911,76.2997],[-93.1283,76.3702],[-92.6467,76.1199],[-92.6298,76.0203],[-92.1846,75.8949],[-92.0044,75.6016],[-92.3,75.5125],[-92.504,75.218],[-92.0611,74.9628],[-92.0185,74.7775],[-91.6208,74.7116],[-90.8941,74.7609],[-90.7013,74.6461],[-89.9486,74.5328],[-89.4344,74.5533],[-89.1474,74.6079],[-89.0837,74.7197],[-88.4118,74.759],[-88.5178,74.5012],[-87.6436,74.4583],[-85.3328,74.496],[-84.6764,74.5237],[-84.2583,74.5065],[-83.4935,74.5778],[-83.3319,74.7819],[-82.92,74.5515],[-81.7887,74.4584],[-81.3202,74.5618],[-80.5419,74.5635],[-80.1617,74.6238],[-80.2454,74.7587],[-79.3952,74.8763],[-79.5602,74.9915]]],[[[-89.6613,77.3564],[-89.7757,77.4864],[-90.3041,77.6294],[-90.8817,77.6577],[-91.1687,77.6175],[-91.1996,77.4079],[-90.9245,77.307],[-90.0939,77.2041],[-89.6613,77.3564]]],[[[-104.3945,77.1925],[-104.4213,77.3079],[-104.7923,77.422],[-105.503,77.7211],[-105.9088,77.7679],[-105.765,77.4662],[-105.5363,77.3044],[-104.754,77.1112],[-104.3945,77.1925]]],[[[-93.252,77.6444],[-93.608,77.7815],[-95.5065,77.8107],[-96.2355,77.7055],[-96.3025,77.5933],[-95.9876,77.4791],[-94.3308,77.4775],[-93.8077,77.4387],[-93.4784,77.4881],[-93.252,77.6444]]],[[[-102.4487,77.7399],[-101.7906,77.6794],[-100.9582,77.7603],[-101.6452,77.8903],[-102.3982,77.8889],[-102.4487,77.7399]]],[[[-110.0037,78.0993],[-110.0037,77.9314],[-109.5815,78.0541],[-110.0037,78.0993]]],[[[-110.0037,78.6869],[-110.0037,78.329],[-109.3389,78.3547],[-109.3467,78.5353],[-110.0037,78.6869]]],[[[-96.9103,77.7952],[-96.6322,77.8774],[-95.8085,77.903],[-95.0607,77.9726],[-94.8893,78.1093],[-95.3699,78.2468],[-94.8279,78.3637],[-95.1187,78.4547],[-95.6998,78.5261],[-96.2735,78.5351],[-96.5431,78.6856],[-97.451,78.7971],[-98.3559,78.7739],[-98.3597,78.4517],[-98.0693,78.4051],[-97.7668,78.247],[-96.8693,78.1372],[-97.6569,78.0971],[-97.7423,78.0423],[-96.9935,77.9249],[-96.9103,77.7952]]],[[[-105.6068,79.1036],[-104.9534,79.0539],[-103.8563,78.8826],[-104.2233,78.7883],[-103.384,78.7746],[-103.4972,78.5065],[-104.641,78.5834],[-105.0177,78.5245],[-104.8196,78.3616],[-104.4657,78.2746],[-103.9465,78.2428],[-103.6588,78.3211],[-102.7441,78.3806],[-102.765,78.2741],[-102.1608,78.2883],[-101.036,78.1992],[-100.61,77.864],[-99.9386,77.7829],[-99.0172,77.8938],[-99.0445,78.0819],[-99.8027,78.3085],[-99.5579,78.5987],[-100.0634,78.6381],[-99.9904,78.7361],[-100.5212,78.8239],[-101.2079,78.8225],[-100.9882,78.9316],[-101.6484,79.081],[-102.6649,78.986],[-102.6072,79.0765],[-103.1209,79.2907],[-103.7216,79.3633],[-105.449,79.2695],[-105.6068,79.1036]]],[[[-100.1522,79.998],[-99.5836,79.8987],[-99.3001,79.7594],[-98.6514,79.7922],[-98.8738,80.0838],[-99.7794,80.1508],[-100.1522,79.998]]],[[[-96.6231,80.0443],[-96.5427,79.8484],[-95.6115,79.559],[-95.646,79.3943],[-94.9607,79.2916],[-94.3884,79.371],[-93.786,79.2806],[-93.4951,79.3602],[-92.5804,79.3848],[-92.6273,79.2454],[-91.8812,79.1635],[-93.433,79.1565],[-93.594,79.0626],[-94.2716,78.9682],[-93.3468,78.6083],[-92.6559,78.6119],[-92.9527,78.4367],[-92.1163,78.227],[-90.8841,78.1446],[-90.3527,78.1446],[-90.332,78.3364],[-89.7135,78.2261],[-89.352,78.3391],[-89.05,78.1817],[-88.77,78.1855],[-88.5512,78.4328],[-88.0421,78.4793],[-87.8588,78.6927],[-86.6146,78.9742],[-86.5039,79.0687],[-85.5105,79.1662],[-84.9186,79.296],[-85.3944,79.4533],[-85.5638,79.5798],[-86.3091,79.6481],[-87.1887,79.6278],[-86.9713,79.8816],[-87.5756,80.1796],[-87.7006,80.4126],[-88.469,80.4399],[-88.7086,80.2897],[-89.2605,80.3037],[-89.058,80.4678],[-89.3249,80.5368],[-90.6392,80.5685],[-90.7098,80.7033],[-91.1471,80.8131],[-92.2369,81.2563],[-93.0963,81.3475],[-94.1885,81.3666],[-94.3959,81.2617],[-93.2172,81.2145],[-93.3135,81.0867],[-94.1557,81.0978],[-95.2318,81.0153],[-95.4997,80.808],[-94.6952,80.7341],[-94.3754,80.6174],[-96.027,80.5839],[-96.3216,80.2616],[-94.8457,80.0454],[-96.0185,80.072],[-96.6231,80.0443]]],[[[-61.0855,82.3312],[-61.5789,82.4889],[-63.0655,82.5373],[-63.6515,82.7178],[-63.4471,82.8267],[-65.8516,82.8424],[-67.5968,82.9712],[-69.4834,83.0456],[-69.6875,83.1165],[-72.5916,83.1024],[-73.6531,82.9271],[-74.2,83.0021],[-76.1355,83.0537],[-77.3872,82.9897],[-78.4206,82.8723],[-79.3405,82.9755],[-80.3522,82.8644],[-81.5762,82.7912],[-80.6006,82.5588],[-82.07,82.6743],[-82.7116,82.3815],[-80.9337,82.1039],[-79.8637,82.0269],[-80.0213,81.9676],[-81.588,82.1196],[-82.4008,82.2472],[-83.6749,82.349],[-85.7619,82.4675],[-85.3506,82.2903],[-85.6725,82.245],[-86.848,82.2206],[-86.9648,82.0515],[-87.9991,82.1053],[-88.6807,82.0584],[-89.6448,81.864],[-90.2429,81.8998],[-91.0139,81.8423],[-91.7085,81.7344],[-91.9492,81.6323],[-91.0076,81.6084],[-90.6828,81.6771],[-89.9148,81.5964],[-90.8336,81.4643],[-90.3502,81.376],[-89.5143,81.4875],[-89.2434,81.411],[-89.9245,81.3422],[-90.3528,81.1737],[-89.8262,81.013],[-86.5219,81.1252],[-85.8752,81.2402],[-85.533,81.1892],[-86.6992,81.0054],[-88.4132,80.9988],[-89.2719,80.9532],[-89.3864,80.8789],[-88.1011,80.6808],[-87.276,80.6318],[-87.0639,80.7336],[-86.1116,80.9929],[-85.3931,81.0602],[-86.5517,80.7162],[-86.7491,80.6045],[-86.1178,80.5368],[-84.397,80.51],[-83.8017,80.5598],[-83.8099,80.7388],[-83.3018,80.6984],[-82.9131,80.5394],[-81.2171,80.6277],[-79.6145,80.8276],[-79.1532,81.103],[-78.1917,81.3052],[-77.8421,81.2844],[-78.8858,81.0118],[-78.8478,80.8577],[-77.9976,80.9061],[-77.5073,80.8338],[-78.5319,80.7807],[-79.9643,80.6113],[-80.3523,80.4726],[-83.1592,80.3354],[-82.1687,80.0183],[-81.6617,79.9076],[-81.629,79.7684],[-80.881,79.6539],[-81.587,79.6013],[-82.1709,79.8689],[-83.1133,80.0742],[-83.7879,80.2509],[-85.3157,80.2685],[-85.8933,80.3384],[-86.4377,80.32],[-86.6431,80.1532],[-86.4493,79.9372],[-86.4499,79.7542],[-85.3216,79.6797],[-84.8793,79.4874],[-84.4866,79.4127],[-84.3296,79.1924],[-84.7521,79.0389],[-84.2793,78.9553],[-82.9678,78.9408],[-82.5346,78.8851],[-81.6986,78.9785],[-81.7717,78.8659],[-82.4014,78.8287],[-82.9837,78.8552],[-83.1617,78.7244],[-83.7456,78.8389],[-85.2461,78.9169],[-85.7573,78.8317],[-86.6099,78.8093],[-86.9405,78.7142],[-87.1573,78.5493],[-87.4825,78.452],[-87.4879,78.1272],[-86.7698,78.1204],[-86.2277,78.0621],[-85.4878,78.1167],[-85.0628,78.0627],[-85.6606,77.9501],[-85.1895,77.7983],[-85.2825,77.6597],[-84.761,77.5203],[-84.0841,77.5095],[-83.7998,77.429],[-84.617,77.3837],[-85.4023,77.4007],[-85.7818,77.5044],[-85.9744,77.7133],[-86.2156,77.7933],[-87.192,77.9045],[-88.181,77.8015],[-88.1883,77.6404],[-87.6466,77.4868],[-87.6812,77.3534],[-87.3487,77.334],[-87.1326,77.2136],[-87.4746,77.1114],[-88.2936,77.1363],[-88.7195,77.0141],[-89.5372,76.8568],[-89.419,76.6875],[-89.6567,76.5654],[-89.1702,76.4242],[-88.359,76.49],[-88.4036,76.3937],[-87.6299,76.3356],[-87.0924,76.3815],[-86.722,76.3484],[-86.2174,76.375],[-85.2491,76.3161],[-84.4102,76.3093],[-84.942,76.4223],[-84.235,76.4468],[-82.8009,76.39],[-82.282,76.4005],[-81.9353,76.495],[-81.4023,76.4831],[-80.7725,76.42],[-81.0952,76.2186],[-80.6672,76.164],[-79.5503,76.317],[-79.0091,76.4244],[-78.1413,76.5272],[-77.7708,76.6643],[-77.7162,76.822],[-78.0908,77.0228],[-78.8675,76.9244],[-79.3756,76.9256],[-79.0272,77.0906],[-79.4324,77.2386],[-80.1454,77.2111],[-81.103,77.2875],[-81.6204,77.2018],[-81.8489,77.29],[-81.1997,77.3234],[-81.7372,77.4348],[-81.3612,77.4765],[-80.7799,77.3359],[-79.9712,77.2806],[-79.6456,77.3216],[-79.1332,77.2913],[-78.8198,77.3837],[-78.2891,77.3776],[-77.7368,77.6008],[-78.052,77.7331],[-77.9807,77.8167],[-78.43,77.9113],[-77.1538,77.9487],[-76.8807,77.905],[-76.2324,78.0211],[-75.9014,77.9679],[-75.5819,78.113],[-76.8235,78.1858],[-76.6048,78.2552],[-75.6262,78.1998],[-75.1077,78.3755],[-76.0786,78.4662],[-75.0088,78.5378],[-74.7738,78.8348],[-75.7443,78.8972],[-75.7808,78.982],[-77.1591,79.0712],[-76.1335,79.1241],[-75.087,79.0318],[-74.4539,79.0768],[-74.7798,79.16],[-74.4687,79.2272],[-75.9481,79.2372],[-77.3651,79.2814],[-76.8865,79.3529],[-75.9141,79.347],[-76.0094,79.4358],[-75.028,79.3733],[-74.6961,79.45],[-74.0303,79.4501],[-73.1278,79.5592],[-73.3863,79.7547],[-74.8449,79.8503],[-74.2278,79.8957],[-73.0635,79.8093],[-72.9202,79.7096],[-72.2317,79.6626],[-71.1424,79.7895],[-70.2108,80.1882],[-69.3742,80.3974],[-69.133,80.5362],[-68.2794,80.7599],[-66.6721,81.0399],[-65.9889,81.2283],[-65.4001,81.2695],[-64.6921,81.3908],[-64.5461,81.5504],[-65.7357,81.4933],[-67.787,81.317],[-68.0448,81.3734],[-66.6541,81.4999],[-67.6731,81.5934],[-65.8581,81.6273],[-65.3612,81.7344],[-64.3726,81.725],[-62.2576,82.0235],[-61.3124,82.1972],[-61.0855,82.3312]]],[[[-79.3951,52.0837],[-79.6558,51.9875],[-79.414,51.9383],[-79.3951,52.0837]]],[[[-80.7593,52.9192],[-81.1228,53.2022],[-81.4244,53.2288],[-81.8828,53.1799],[-82.0627,53.0228],[-81.9517,52.9744],[-81.4688,52.8613],[-81.2863,52.8441],[-81.0268,52.7526],[-80.6696,52.742],[-80.7593,52.9192]]],[[[-78.7576,56.1679],[-78.6813,56.1972],[-78.6627,56.4211],[-78.825,56.3583],[-78.7576,56.1679]]],[[[-79.5459,56.0438],[-79.6453,55.8967],[-79.4693,55.8794],[-79.3548,55.9779],[-79.0426,56.3659],[-79.131,56.5442],[-79.235,56.5515],[-79.4093,56.2329],[-79.551,56.2663],[-79.7372,56.1614],[-80.0257,55.9003],[-79.8671,55.8435],[-79.5459,56.0438]]]]},"properties":{"iso":"CAN","name":"Nunavut","country":"Canadá","code":"CA-NU"}},
{"type":"Feature","geometry":{"type":"MultiPolygon","coordinates":[[[[-57.1003,51.419],[-56.9665,51.4252],[-56.3379,51.7821],[-56.2109,51.7972],[-55.9342,51.9252],[-55.8874,52.0069],[-55.6848,52.1117],[-55.7059,52.2203],[-55.8201,52.3082],[-55.6476,52.4432],[-55.7406,52.4929],[-56.0004,52.5151],[-55.9333,52.6379],[-56.0594,52.7657],[-55.8116,52.8304],[-55.9557,53.0222],[-55.7469,53.1457],[-55.8245,53.1932],[-55.8121,53.3301],[-56.0349,53.4337],[-56.0362,53.5804],[-56.4311,53.6174],[-56.6327,53.6603],[-56.6313,53.7416],[-56.9835,53.7275],[-57.1331,53.621],[-57.3297,53.5846],[-57.4571,53.6486],[-57.1527,53.7399],[-57.3569,54.1395],[-58.0116,54.2397],[-58.2285,54.2357],[-58.4155,54.1404],[-58.2203,54.0638],[-58.8531,53.942],[-59.0707,53.7963],[-59.0768,53.687],[-59.3678,53.6524],[-59.5111,53.5554],[-59.8607,53.4997],[-60.1047,53.3376],[-60.3452,53.3824],[-60.0417,53.4802],[-60.1116,53.5466],[-60.1083,53.7577],[-59.7913,53.848],[-59.5316,53.8216],[-59.2165,53.9307],[-58.9745,53.9715],[-58.4681,54.2336],[-58.251,54.2543],[-58.1861,54.3586],[-57.6783,54.3774],[-57.391,54.5019],[-57.4498,54.6494],[-57.6676,54.6335],[-57.847,54.7387],[-58.1385,54.7394],[-58.2035,54.7974],[-58.6815,54.8185],[-58.8841,54.8978],[-59.0259,55.0199],[-59.008,55.1537],[-59.2523,55.2159],[-59.43,55.142],[-59.862,55.1409],[-59.9392,55.2354],[-60.2871,55.2334],[-60.4189,55.4277],[-60.3548,55.5751],[-60.4896,55.8105],[-60.6066,55.733],[-60.7816,55.8597],[-61.0659,55.8496],[-61.0712,55.9283],[-61.3454,55.9693],[-61.3728,56.2288],[-61.547,56.2004],[-61.8302,56.3769],[-61.7566,56.4858],[-61.8689,56.6373],[-61.6949,56.7296],[-61.8092,56.7885],[-61.5018,56.9789],[-61.3448,56.9897],[-61.3819,57.1211],[-61.5267,57.1612],[-61.8651,57.1706],[-61.817,57.3774],[-62.0313,57.4564],[-62.3771,57.4285],[-62.2892,57.5236],[-61.8899,57.625],[-62.0072,57.7814],[-62.1405,57.8332],[-62.305,58.0312],[-62.6614,58.1758],[-62.5786,58.5042],[-62.7842,58.498],[-63.0097,58.4287],[-63.1756,58.5035],[-62.8465,58.6693],[-62.9269,58.8232],[-63.4422,59.1206],[-63.3733,59.2167],[-63.5316,59.3477],[-63.8059,59.3749],[-63.7281,59.5091],[-64.1479,59.6828],[-64.1925,59.7785],[-64.1264,59.9075],[-64.2205,60.0466],[-64.4515,60.0661],[-64.4166,60.2597],[-64.5314,60.3039],[-64.8447,60.2641],[-64.5992,60.1178],[-64.8172,60.0393],[-64.8354,59.9639],[-64.6707,59.8834],[-64.8141,59.819],[-64.7745,59.6992],[-64.8934,59.5647],[-64.672,59.4503],[-64.4918,59.4364],[-64.5383,59.2856],[-64.414,58.982],[-64.7159,59.0657],[-64.8635,58.9937],[-64.568,58.8873],[-64.3104,58.8847],[-64.1263,58.7525],[-63.7263,58.8785],[-63.5934,58.8443],[-63.5336,58.7235],[-64.0286,58.6823],[-63.8182,58.486],[-64.1671,58.3388],[-64.242,58.2198],[-64.3896,58.1877],[-64.4043,58.0645],[-64.2214,58.0452],[-64.0941,57.806],[-63.6392,57.6391],[-63.7649,57.5644],[-63.7079,57.3852],[-63.838,57.3253],[-63.7433,57.2267],[-63.9154,56.9366],[-64.1241,56.6895],[-63.9426,56.5451],[-64.1081,56.3754],[-64.0911,56.2628],[-63.9417,56.253],[-64.0217,56.0898],[-63.7032,56.0473],[-63.575,55.9917],[-63.8403,55.9133],[-63.6927,55.753],[-63.669,55.6236],[-63.7383,55.4396],[-63.3903,55.405],[-63.6599,55.2702],[-63.5506,55.2265],[-63.6053,54.9022],[-63.8148,54.9405],[-63.904,54.782],[-63.7292,54.6471],[-63.8986,54.6016],[-64.1135,54.6308],[-64.181,54.7109],[-64.4579,54.7947],[-64.5763,54.7273],[-64.9406,54.9295],[-65.1028,54.9568],[-65.2212,54.8512],[-65.4817,54.8166],[-65.4453,54.7455],[-65.698,54.7228],[-65.8487,54.897],[-66.0593,54.9188],[-66.2543,54.9981],[-66.588,55.2554],[-66.7623,55.1042],[-66.7288,54.9387],[-66.6071,54.8039],[-66.737,54.7339],[-66.9362,54.7991],[-67.0159,54.8849],[-67.4229,54.9971],[-67.2646,54.8354],[-67.0858,54.7322],[-67.2612,54.5706],[-67.4985,54.5946],[-67.5088,54.488],[-67.7496,54.4261],[-67.6395,54.1888],[-67.8081,54.034],[-67.5226,53.838],[-67.5742,53.7658],[-67.4125,53.6935],[-67.3231,53.5663],[-67.0308,53.5147],[-66.8898,53.4149],[-66.962,53.2946],[-66.9826,53.1054],[-67.299,53.157],[-67.385,53.1054],[-67.3025,52.8681],[-67.0411,52.7752],[-66.8657,52.6617],[-66.6559,52.7959],[-66.6249,52.9369],[-66.3635,53.0022],[-66.2879,52.8474],[-66.4082,52.5895],[-66.3498,52.3591],[-66.4805,52.335],[-66.3739,52.1424],[-66.0781,52.1699],[-65.9921,52.0598],[-65.8236,52.108],[-65.6825,52.0254],[-65.459,52.0254],[-65.1838,51.7744],[-64.9568,51.7228],[-64.8571,51.7744],[-64.6886,51.7228],[-64.5304,51.5921],[-64.2793,51.74],[-64.3618,51.967],[-64.2346,51.9807],[-64.1555,52.1321],[-64.207,52.304],[-64.1279,52.3866],[-64.1899,52.5723],[-64.1073,52.7202],[-63.6052,52.7855],[-63.3791,52.6512],[-63.8126,52.6202],[-63.9541,52.5799],[-64.0812,52.4734],[-63.9727,52.3536],[-63.7734,52.3351],[-63.6704,52.0357],[-62.7944,51.9998],[-61.678,51.9999],[-60.4608,51.9999],[-59.2993,51.9999],[-58.0566,52],[-57.101,52.0001],[-57.1003,51.419]]],[[[-54.2768,49.5756],[-54.0165,49.6678],[-54.092,49.7505],[-54.3075,49.6718],[-54.2768,49.5756]]],[[[-52.6288,47.5267],[-52.7042,47.756],[-52.7984,47.7882],[-52.8612,47.6084],[-53.1138,47.4306],[-53.2436,47.5926],[-53.0536,47.9326],[-52.8658,48.124],[-53.2765,48.0164],[-53.4987,47.7464],[-53.4803,47.6926],[-53.6051,47.5394],[-53.8468,47.7068],[-53.6216,48.005],[-53.684,48.0804],[-53.9052,48.0851],[-53.9413,48.1767],[-53.6395,48.1693],[-53.3884,48.2861],[-53.3555,48.3605],[-53.1874,48.3553],[-53.0585,48.4359],[-52.9829,48.6042],[-53.1431,48.6365],[-53.2591,48.5266],[-53.4142,48.6238],[-53.5215,48.4622],[-53.7745,48.5508],[-53.7042,48.661],[-53.8779,48.748],[-53.9239,48.9177],[-53.609,49.0437],[-53.4537,49.2422],[-53.6791,49.3668],[-54.0411,49.4809],[-54.4794,49.4005],[-54.5447,49.5291],[-54.7429,49.3198],[-55.2229,49.2646],[-55.1557,49.5493],[-55.5824,49.4724],[-55.6448,49.3903],[-55.9386,49.6097],[-55.7226,49.9312],[-56.1488,50.1557],[-56.317,50.0393],[-56.7253,49.6903],[-56.8021,49.8015],[-56.7388,50.0268],[-56.5234,50.1964],[-56.4278,50.3757],[-55.8731,50.9173],[-55.7433,51.0701],[-55.7191,51.1843],[-56.0184,51.2182],[-55.9669,51.3466],[-55.6174,51.3044],[-55.4919,51.3884],[-55.4085,51.5794],[-55.5141,51.6039],[-55.8431,51.5556],[-55.8928,51.6278],[-56.1062,51.529],[-56.7202,51.3193],[-56.7952,51.1378],[-56.9799,50.9878],[-56.9772,50.8815],[-57.2996,50.6495],[-57.4569,50.4831],[-57.6102,50.1657],[-57.9398,49.7053],[-57.9261,49.5893],[-58.1859,49.4427],[-58.2295,49.2685],[-58.1007,49.1828],[-58.1362,49.0949],[-58.4433,49.0568],[-58.6666,48.7258],[-58.7032,48.5545],[-58.5362,48.4536],[-59.0018,48.1225],[-59.2417,48.0155],[-59.3988,47.8803],[-59.2829,47.7594],[-59.3011,47.6142],[-59.1116,47.5608],[-58.7672,47.596],[-58.5704,47.6427],[-58.0978,47.6952],[-57.8473,47.6524],[-57.3297,47.6328],[-57.1207,47.5676],[-56.9839,47.587],[-56.7775,47.5334],[-56.672,47.6267],[-56.3898,47.6064],[-56.235,47.632],[-55.9685,47.7598],[-55.8631,47.5986],[-56.0455,47.5358],[-55.7742,47.4578],[-55.4378,47.4714],[-55.3759,47.6865],[-55.0722,47.5974],[-54.9479,47.5104],[-55.184,47.4604],[-55.3013,47.2676],[-55.4872,47.1403],[-55.8699,47.0751],[-55.98,46.9704],[-55.8513,46.871],[-55.5892,46.9029],[-55.4178,46.8666],[-55.2509,46.9189],[-55.0951,47.0599],[-54.9892,47.2803],[-54.8661,47.3796],[-54.6029,47.41],[-54.4584,47.4994],[-54.141,47.8358],[-54.0133,47.8072],[-53.8859,47.5275],[-53.9106,47.3727],[-54.1505,47.0053],[-54.1885,46.8284],[-54.0504,46.8081],[-53.8185,46.9626],[-53.5726,47.1621],[-53.5118,47.123],[-53.6434,46.9854],[-53.5987,46.906],[-53.6229,46.6558],[-53.5547,46.6184],[-53.3738,46.7348],[-53.2113,46.6353],[-53.0669,46.6656],[-52.9413,46.7913],[-52.8545,47.0264],[-52.8688,47.1015],[-52.7856,47.3115],[-52.6288,47.5267]]],[[[-57.8714,54.8179],[-57.9413,54.9256],[-58.2252,54.853],[-58.1571,54.7639],[-57.8714,54.8179]]],[[[-61.6297,56.8463],[-61.6471,56.7438],[-61.4535,56.626],[-61.3728,56.6921],[-61.3523,56.8599],[-61.4621,56.9555],[-61.6297,56.8463]]]]},"properties":{"iso":"CAN","name":"Newfoundland and Labrador","country":"Canadá","code":"CA-NL"}},
{"type":"Feature","geometry":{"type":"MultiPolygon","coordinates":[[[[-64.2734,45.8357],[-64.6488,45.5591],[-64.8331,45.484],[-64.9357,45.3512],[-64.7174,45.3246],[-64.5762,45.4156],[-64.3881,45.3673],[-64.066,45.413],[-63.593,45.3952],[-63.8253,45.2796],[-64.1151,45.2161],[-64.2235,45.1084],[-64.5106,45.2286],[-64.8632,45.1396],[-65.2317,44.9552],[-65.7859,44.6964],[-65.8479,44.5565],[-66.1137,44.3434],[-66.2103,44.1057],[-66.1488,44.0026],[-66.1701,43.8944],[-66.1217,43.7436],[-65.9634,43.7373],[-65.7716,43.6688],[-65.7781,43.5682],[-65.6677,43.5001],[-65.4626,43.5276],[-65.2504,43.6734],[-65.0344,43.7123],[-64.8857,43.8389],[-64.8157,43.9541],[-64.5609,44.08],[-64.3397,44.3326],[-64.3539,44.4561],[-63.943,44.6205],[-63.9294,44.5113],[-63.7159,44.4561],[-63.5233,44.5181],[-63.5876,44.6642],[-63.2813,44.6435],[-63.1207,44.7516],[-63.0243,44.6968],[-62.5515,44.8676],[-61.8824,45.0342],[-61.8097,45.1009],[-61.6396,45.0873],[-61.5679,45.1471],[-61.3891,45.1636],[-61.3318,45.2307],[-61.0712,45.2239],[-60.9712,45.3139],[-61.1369,45.3542],[-61.2673,45.4434],[-61.4705,45.6831],[-61.6198,45.6143],[-61.8942,45.7037],[-61.9243,45.8891],[-62.4704,45.6145],[-62.7386,45.7625],[-63.0705,45.7784],[-63.1898,45.7364],[-63.4476,45.8214],[-63.8059,45.8887],[-63.9049,45.9803],[-64.0427,45.992],[-64.1595,45.9638],[-64.2734,45.8357]]],[[[-60.0809,45.7924],[-59.862,45.9357],[-59.8822,46.1767],[-60.0832,46.2462],[-60.1739,46.2307],[-60.351,46.3121],[-60.6213,46.101],[-60.7223,45.8955],[-60.7301,45.7139],[-60.9819,45.8207],[-60.9617,45.9152],[-60.8151,45.937],[-60.7008,46.088],[-60.4269,46.284],[-60.5094,46.3685],[-60.3505,46.6159],[-60.3108,46.8544],[-60.4904,46.9052],[-60.4616,47.0034],[-60.6033,47.0336],[-60.7696,46.8437],[-60.8692,46.8],[-61.0948,46.4539],[-61.2888,46.2426],[-61.459,46.1453],[-61.5411,46.0405],[-61.4553,45.7099],[-61.3349,45.5662],[-61.1314,45.5599],[-61.0097,45.6081],[-60.7269,45.5656],[-60.3954,45.6425],[-60.0809,45.7924]]]]},"properties":{"iso":"CAN","name":"Nova Scotia","country":"Canadá","code":"CA-NS"}},
{"type":"Feature","geometry":{"type":"Polygon","coordinates":[[[119.2803,35.0766],[119.358,35.0971],[119.4239,35.3135],[119.5515,35.38],[119.648,35.5839],[119.8116,35.6479],[119.9002,35.7363],[120.0029,35.7278],[120.0388,35.8428],[120.2428,35.9736],[120.1002,36.0961],[120.1053,36.2009],[120.2735,36.2343],[120.3616,36.1916],[120.3535,36.0408],[120.6968,36.144],[120.6477,36.3309],[120.7506,36.4592],[120.95,36.4592],[120.9203,36.5533],[121.1577,36.6686],[121.4089,36.754],[121.5601,36.7676],[121.786,36.8912],[122.0396,36.9846],[122.2112,36.9184],[122.3198,36.8229],[122.5254,36.9445],[122.4476,37.1474],[122.6029,37.2099],[122.5491,37.3109],[122.6561,37.3846],[122.2965,37.4182],[122.1299,37.4835],[121.4769,37.468],[121.3817,37.5661],[121.1915,37.5752],[121.138,37.7012],[121.0326,37.7104],[120.9258,37.8193],[120.738,37.834],[120.4634,37.7477],[120.3064,37.6652],[120.2976,37.5979],[120.0598,37.4404],[119.8589,37.3602],[119.8973,37.2494],[119.7706,37.1518],[119.4412,37.1206],[119.1455,37.1789],[118.9724,37.2807],[118.9446,37.3781],[118.9767,37.6109],[119.0371,37.7221],[119.2431,37.7695],[118.9966,37.9631],[118.8401,38.1526],[118.6549,38.1457],[118.543,38.0683],[118.2158,38.145],[118.0848,38.1387],[117.8372,38.2709],[117.6873,38.0727],[117.5687,38.0489],[117.4206,37.8467],[116.8395,37.8337],[116.7439,37.7993],[116.6087,37.6394],[116.4106,37.4846],[116.3501,37.6209],[116.2199,37.4624],[116.2556,37.3873],[115.975,37.3217],[115.8518,37.0572],[115.6264,36.7936],[115.4778,36.7536],[115.2757,36.4742],[115.4489,36.2492],[115.4603,36.1579],[115.424,35.9946],[115.4682,35.9129],[115.7387,35.9686],[115.8287,36.031],[115.9657,35.9859],[115.618,35.7313],[115.5042,35.7228],[115.3951,35.6158],[115.345,35.4963],[115.2265,35.4162],[115.0684,35.3801],[114.9417,35.2188],[114.8643,35.1887],[114.8342,35.0162],[114.9978,35.0078],[115.1745,34.9442],[115.216,34.8357],[115.4293,34.7797],[115.4358,34.6757],[115.5417,34.5775],[115.8164,34.5714],[116.0437,34.6002],[116.1513,34.5667],[116.3772,34.6395],[116.47,34.8983],[116.8276,34.9583],[116.9414,34.8796],[117.0606,34.7095],[117.1818,34.4501],[117.337,34.5886],[117.469,34.4753],[117.5907,34.4716],[117.7733,34.5265],[117.7901,34.6512],[118.0504,34.6515],[118.1654,34.3992],[118.391,34.4437],[118.4772,34.6892],[118.6807,34.6839],[118.7594,34.7486],[118.8668,35.0363],[119.0763,35.0498],[119.1756,35.1059],[119.2803,35.0766]]]},"properties":{"iso":"CHN","name":"Shandong","country":"China","code":"CN-SD"}},
{"type":"Feature","geometry":{"type":"MultiPolygon","coordinates":[[[[114.1541,40.7426],[114.2576,40.55],[114.2858,40.3786],[114.4503,40.2938],[114.0854,40.185],[113.9359,40.0157],[114.086,39.9169],[114.3828,39.8611],[114.4021,39.6585],[114.5409,39.5312],[114.4203,39.3],[114.394,39.1693],[114.2163,39.069],[114.0127,39.1188],[113.8533,39.0723],[113.7602,38.9092],[113.8251,38.8103],[113.5345,38.5373],[113.518,38.3776],[113.5579,38.2434],[113.7907,38.1529],[113.8915,37.9495],[114.0264,37.7508],[114.1004,37.6982],[114.0531,37.5006],[113.7543,37.1149],[113.776,36.8906],[113.6792,36.8716],[113.6078,36.7691],[113.4539,36.7366],[113.5351,36.4834],[113.721,36.3559],[113.9893,36.359],[114.1563,36.2467],[114.3431,36.2447],[114.5484,36.139],[114.7072,36.1528],[115.0338,36.1009],[115.1061,36.1846],[115.2452,36.1614],[115.3497,36.0822],[115.4603,36.1579],[115.4489,36.2492],[115.2757,36.4742],[115.4778,36.7536],[115.6264,36.7936],[115.8518,37.0572],[115.975,37.3217],[116.2556,37.3873],[116.2199,37.4624],[116.3501,37.6209],[116.4106,37.4846],[116.6087,37.6394],[116.7439,37.7993],[116.8395,37.8337],[117.4206,37.8467],[117.5687,38.0489],[117.6873,38.0727],[117.8372,38.2709],[117.7161,38.3785],[117.5435,38.6213],[117.2713,38.5592],[117.0949,38.6118],[117.0211,38.7082],[116.8808,38.6994],[116.7108,38.8205],[116.7122,39.0118],[116.8918,39.1025],[116.8261,39.2165],[116.8535,39.3414],[116.7934,39.6023],[116.6044,39.6112],[116.4283,39.5214],[116.3866,39.4421],[116.2104,39.5719],[115.9454,39.5754],[115.7559,39.509],[115.6185,39.6037],[115.4634,39.6432],[115.4373,39.7493],[115.5109,39.8385],[115.4271,39.9626],[115.5776,40.0963],[115.8198,40.1519],[115.9452,40.2937],[115.7282,40.5396],[115.8745,40.6102],[115.9947,40.596],[116.2073,40.7504],[116.4589,40.7916],[116.4382,40.8997],[116.6527,41.031],[116.6758,40.9401],[116.9104,40.7492],[117.058,40.6772],[117.4285,40.669],[117.4118,40.5974],[117.2431,40.5702],[117.2505,40.3378],[117.3568,40.257],[117.7497,40.0635],[117.7656,39.9641],[117.5013,39.9887],[117.5331,39.7504],[117.6309,39.5759],[117.8928,39.5646],[117.8971,39.3987],[118.0079,39.3427],[118.0096,39.2186],[118.1405,39.1728],[118.2353,39.0531],[118.3443,39.0307],[118.6194,39.161],[118.9402,39.1389],[119.3051,39.433],[119.262,39.5351],[119.3396,39.7156],[119.5356,39.8908],[119.8502,39.9863],[119.6347,40.2091],[119.5637,40.5401],[119.2936,40.5307],[119.0679,40.6513],[118.8547,40.8206],[118.9648,41.0747],[119.1635,41.1764],[119.231,41.2734],[119.1527,41.3122],[118.4784,41.3551],[118.3703,41.314],[118.3136,41.5696],[118.1594,41.7191],[118.2782,41.7527],[118.3222,41.8635],[118.2679,42.0739],[118.1339,42.0219],[118.0242,42.3826],[117.8005,42.5688],[117.4504,42.5493],[117.4124,42.4581],[117.0559,42.4628],[116.8871,42.3954],[116.8266,42.3082],[116.8789,42.2202],[116.8581,42.0195],[116.5997,41.9237],[116.3775,42.0097],[116.0379,41.8006],[115.9373,41.9275],[115.8588,41.9275],[115.5275,41.7723],[115.3398,41.7208],[115.3474,41.6241],[115.2259,41.5858],[114.889,41.61],[114.8758,41.8117],[114.9203,41.9369],[114.8049,42.1784],[114.5963,42.1413],[114.4813,42.0753],[114.4197,41.9563],[114.2557,41.8601],[114.1971,41.5936],[114.0273,41.5313],[113.928,41.4184],[113.9089,41.294],[113.9849,41.2409],[113.8807,41.0993],[114.1541,40.7426]]],[[[117.2391,40.0926],[116.9877,40.0344],[116.8294,40.0367],[116.7442,39.959],[116.9222,39.7736],[116.8756,39.6865],[117.1528,39.6184],[117.2029,39.7616],[117.1475,39.948],[117.2391,40.0926]]]]},"properties":{"iso":"CHN","name":"Hebei","country":"China","code":"CN-HE"}},
{"type":"Feature","geometry":{"type":"Polygon","coordinates":[[[117.3568,40.257],[117.3106,40.1105],[117.2391,40.0926],[117.1475,39.948],[117.2029,39.7616],[117.1528,39.6184],[116.8756,39.6865],[116.7934,39.6023],[116.8535,39.3414],[116.8261,39.2165],[116.8918,39.1025],[116.7122,39.0118],[116.7108,38.8205],[116.8808,38.6994],[117.0211,38.7082],[117.0949,38.6118],[117.2713,38.5592],[117.5435,38.6213],[117.584,38.8116],[117.7088,38.981],[117.7183,39.093],[117.8856,39.2011],[118.0096,39.2186],[118.0079,39.3427],[117.8971,39.3987],[117.8928,39.5646],[117.6309,39.5759],[117.5331,39.7504],[117.5013,39.9887],[117.7656,39.9641],[117.7497,40.0635],[117.3568,40.257]]]},"properties":{"iso":"CHN","name":"Tianjin","country":"China","code":"CN-TJ"}},
{"type":"Feature","geometry":{"type":"Polygon","coordinates":[[[146.8866,59.3647],[147.5911,59.3041],[147.9138,59.3905],[148.2194,59.4089],[148.3937,59.3793],[148.4375,59.2623],[148.7879,59.2365],[148.9925,59.3561],[148.9684,59.4522],[149.1329,59.6407],[149.5977,59.7582],[150.4568,59.6126],[150.8431,59.4484],[150.9371,59.5559],[151.3221,59.5559],[151.6376,59.4825],[151.7603,59.2993],[152.1367,59.2962],[152.3118,59.2266],[152.1094,59.1558],[151.766,59.1336],[151.4377,59.1703],[151.2165,59.0917],[151.3591,58.856],[151.7173,58.849],[152.0203,58.875],[152.1661,58.9841],[152.4048,59.0234],[152.5567,58.95],[152.9161,58.9166],[153.0901,59.0831],[153.3373,59.0899],[153.3692,59.2413],[153.802,59.1723],[154.0487,59.0528],[154.3577,59.1106],[154.5016,59.2179],[154.6775,59.1456],[154.8133,59.1942],[155.1941,59.1758],[155.2097,59.3439],[154.9629,59.4961],[154.783,59.4713],[154.6443,59.5434],[154.4288,59.547],[154.2638,59.4369],[154.075,59.5092],[154.2762,59.6501],[154.2208,59.8696],[154.4878,59.8963],[154.4078,60.0629],[154.5637,60.0937],[154.9524,60.3674],[155.1376,60.4114],[155.3403,60.5246],[155.9207,60.7548],[156.0076,60.9496],[156.3739,61.1488],[156.5469,61.2092],[156.6485,61.328],[156.6795,61.524],[156.9238,61.5518],[157.0276,61.6506],[157.3565,61.7148],[157.4645,61.7821],[157.7937,61.7812],[158.0802,61.734],[158.2602,61.8259],[158.853,61.8263],[158.9207,61.903],[159.3599,61.893],[159.5261,61.7961],[159.5772,61.6528],[159.9667,61.7588],[160.039,61.8462],[160.2952,61.9399],[160.414,61.7648],[159.9652,61.378],[159.9077,61.2594],[160.0001,61.1061],[159.8531,60.9828],[159.9506,60.9409],[160.202,61.0382],[160.4249,60.9837],[160.1701,60.8249],[160.3818,60.7016],[160.8285,60.7547],[160.9151,60.8996],[161.1836,60.9926],[161.4544,61.1364],[161.5956,61.2552],[161.9864,61.3726],[162.3278,61.5905],[162.5105,61.6584],[162.4677,61.8205],[162.512,62.1034],[162.2654,62.1286],[162.404,62.2528],[162.7361,62.2974],[162.7679,62.5031],[162.6727,62.7105],[162.5475,62.8447],[162.2693,62.935],[162.3799,63.1189],[162.7439,63.1815],[162.6946,63.393],[162.957,63.4911],[162.9792,63.621],[162.7549,63.7385],[162.8877,63.877],[162.7942,64.148],[163.1666,64.1901],[163.2559,64.3207],[163.4343,64.3731],[163.1671,64.5594],[163.2461,64.7268],[163.1369,64.7702],[162.9969,64.6487],[162.7357,64.6612],[162.6077,64.7342],[162.2929,64.7424],[161.7845,64.8381],[161.6448,65.0131],[161.2811,65.1407],[161.0099,65.1698],[160.5366,65.162],[160.1738,65.3761],[160.17,65.4505],[159.3766,65.6577],[158.9217,65.743],[158.9337,65.9026],[159.2029,66.1639],[159.1664,66.234],[158.7759,66.2838],[158.529,66.3594],[158.3927,66.2546],[158.4849,66.1175],[158.1241,66.1558],[157.7176,66.112],[157.1244,65.9152],[156.6592,66.1931],[156.3603,66.0668],[155.9583,66.0963],[155.7522,66.1769],[155.3199,66.1419],[155.17,66.209],[154.8853,66.1336],[154.548,66.2378],[154.2205,66.0689],[154.3743,65.9209],[154.2496,65.83],[153.6975,65.8856],[153.4538,65.7878],[153.5313,65.7056],[153.4009,65.5043],[153.5213,65.408],[153.0318,65.2747],[152.6882,65.2334],[152.6448,65.0223],[152.5022,64.9454],[152.7482,64.6859],[152.3313,64.5101],[152.4138,64.4068],[152.1688,64.3553],[152.0158,64.5037],[151.48,64.4356],[151.301,64.3608],[150.631,64.3311],[150.6334,64.1706],[150.2243,64.2131],[150.0241,64.37],[150.0683,64.5017],[149.8164,64.5673],[149.402,64.4374],[148.6305,64.4187],[148.291,64.5494],[148.0007,64.3627],[148.2535,64.2553],[148.1149,64.0509],[147.9551,63.9443],[147.6026,64.0466],[147.6095,64.1703],[147.3072,64.1323],[146.4987,64.2088],[146.1087,63.9416],[145.5723,63.8361],[145.6331,63.6603],[145.4446,63.5152],[145.2521,63.1796],[145.366,62.9103],[145.3261,62.7544],[145.4798,62.548],[145.1243,62.4899],[145.1769,62.2858],[144.9935,62.2439],[144.7451,62.0469],[144.9676,62.0568],[145.1558,61.9676],[145.5136,61.9641],[145.7432,62.0582],[146.2189,61.9029],[146.5834,61.6355],[146.6129,61.4426],[146.7473,61.2229],[146.546,60.958],[146.4644,60.7087],[146.3201,60.6587],[146.0689,60.7388],[145.6202,60.5573],[145.51,60.4637],[145.5708,60.3351],[145.793,60.1982],[146.3742,60.2712],[146.4521,60.1424],[146.6801,60.0955],[146.6571,59.9822],[146.7868,59.901],[146.9893,59.9478],[147.1409,59.8486],[147.1586,59.6475],[147.0753,59.4109],[146.8866,59.3647]]]},"properties":{"iso":"RUS","name":"Maga Buryatdan","country":"Rússia","code":"RU-MAG"}},
{"type":"Feature","geometry":{"type":"MultiPolygon","coordinates":[[[[142.5291,54.2972],[142.4095,54.2316],[142.7083,53.9482],[142.6074,53.7091],[142.4927,53.6381],[142.5767,53.5001],[142.4553,53.3803],[142.3074,53.3664],[142.2297,53.5208],[141.957,53.4563],[141.7688,53.3716],[141.8338,53.1691],[141.9284,53.0207],[141.8657,52.8603],[141.8438,52.5908],[141.783,52.4674],[141.661,52.3825],[141.645,52.0848],[141.6755,51.9124],[141.8096,51.8062],[141.8171,51.6723],[142.0789,51.4714],[142.1786,51.3142],[142.2669,51.0743],[142.1284,50.8945],[142.0452,50.5283],[142.1501,50.3457],[142.1738,50.0864],[142.125,49.8977],[142.1597,49.678],[142.0628,49.3149],[142.0772,49.1982],[141.9673,48.8624],[141.8574,48.7742],[141.9196,48.6091],[142.1387,48.3181],[142.1911,47.9667],[142.1057,47.8748],[141.9658,47.6125],[141.9751,47.2976],[142.0567,47.1697],[142.0567,47.0537],[141.8223,46.6023],[141.8376,46.4156],[141.8991,46.2791],[141.9326,46.0358],[142.0398,45.9243],[142.2017,46.0307],[142.2819,46.3275],[142.4572,46.6308],[142.7246,46.7408],[142.7722,46.6098],[143.1595,46.5983],[143.3428,46.5628],[143.3379,46.4094],[143.4214,46.2231],[143.5233,46.2381],[143.6257,46.3747],[143.5259,46.5855],[143.5115,46.7702],[143.4187,46.7997],[143.1729,46.7078],[143.0325,47.0707],[143.0164,47.2536],[142.9109,47.3652],[142.7595,47.4312],[142.5921,47.6421],[142.5453,47.7667],[142.5496,48.0201],[142.7927,48.5626],[142.9885,48.9167],[142.9746,49.0459],[143.1742,49.246],[143.499,49.3492],[144.006,49.2694],[144.4414,49.0139],[144.2827,49.2502],[144.2222,49.5326],[144.0027,50.0128],[143.7903,50.3092],[143.5379,51.2397],[143.4424,51.3673],[143.4618,51.4696],[143.2212,51.5316],[143.3104,51.7543],[143.1631,51.874],[143.0977,52.1042],[143.1775,52.3138],[143.1187,52.3378],[143.3379,52.7038],[143.2901,53.1519],[143.2106,53.3632],[143.1082,53.4251],[142.9397,53.7497],[142.9059,53.9119],[143.0039,54.1355],[142.7336,54.4215],[142.5291,54.2972]]],[[[146.8817,43.8592],[146.6047,43.8086],[146.6506,43.7126],[146.9146,43.8027],[146.8817,43.8592]]],[[[146.4692,44.4288],[146.3635,44.422],[146.1193,44.506],[145.9749,44.2923],[145.801,44.1601],[145.7288,44.0438],[145.4099,43.8286],[145.4431,43.7245],[145.5723,43.7299],[145.5811,43.8337],[145.7917,43.9486],[145.9314,44.1209],[146.1394,44.2657],[146.3259,44.2922],[146.4692,44.4288]]],[[[148.7992,45.4157],[148.7992,45.5181],[148.6211,45.4982],[148.3119,45.2753],[148.0696,45.2512],[147.8716,45.3804],[147.8862,45.2187],[147.669,45.0936],[147.5018,45.0788],[147.4949,45.005],[147.2644,44.8676],[147.1966,44.7137],[146.8734,44.4899],[146.9937,44.4804],[147.1133,44.5704],[147.226,44.581],[147.3884,44.7367],[147.5554,44.8236],[147.7008,45.008],[147.7683,44.9433],[147.9903,45.0058],[148.2158,45.1957],[148.5562,45.307],[148.7583,45.3127],[148.7992,45.4157]]],[[[150.3342,46.2108],[150.1498,46.0947],[150.0202,46.073],[149.811,45.8798],[149.6673,45.8532],[149.4823,45.6694],[149.6378,45.6109],[149.9476,45.8224],[150.1423,45.898],[150.2454,46.037],[150.3633,46.0815],[150.3342,46.2108]]],[[[156.1253,50.6375],[156.0733,50.7816],[155.8895,50.6909],[155.7178,50.4231],[155.4102,50.3602],[155.2498,50.2158],[155.2209,50.1099],[155.3845,50.0375],[155.5615,50.1666],[155.7732,50.1866],[155.8849,50.2537],[156.0569,50.4863],[156.1253,50.6375]]],[[[156.4605,50.8737],[156.1994,50.7805],[156.18,50.6884],[156.4058,50.6301],[156.511,50.7658],[156.4605,50.8737]]],[[[154.8367,49.6501],[154.6082,49.375],[154.72,49.267],[154.8346,49.3527],[154.7971,49.457],[154.9019,49.6123],[154.8367,49.6501]]]]},"properties":{"iso":"RUS","name":"Sakhalin","country":"Rússia","code":"RU-SAK"}},
{"type":"Feature","geometry":{"type":"Polygon","coordinates":[[[33.5705,44.8525],[33.5467,44.7095],[33.3796,44.5645],[33.73,44.398],[33.8521,44.4316],[33.713,44.5816],[33.6745,44.7916],[33.5705,44.8525]]]},"properties":{"iso":"RUS","name":"Sevastopol","country":"Rússia","code":"UA-40"}},
{"type":"Feature","geometry":{"type":"MultiPolygon","coordinates":[[[[-172.2431,64.8159],[-172.4613,64.8276],[-172.6332,64.6844],[-172.1796,64.7382],[-172.2431,64.8159]]],[[[-180,68.9824],[-180,68.5596],[-180,68.0609],[-180,67.5623],[-180,67.0637],[-180,66.5651],[-180,66.0665],[-180,65.5679],[-180,65.0693],[-180,65.0662],[-179.6631,65.1413],[-179.5242,65.2354],[-179.499,65.3957],[-179.2605,65.5322],[-179.277,65.6303],[-179.7233,65.7815],[-179.8269,65.9343],[-179.7683,66.1029],[-179.3093,66.1255],[-179.1715,66.2895],[-178.9824,66.1589],[-178.6824,66.1019],[-178.8725,65.8939],[-178.6282,65.7295],[-178.4111,65.6818],[-178.5288,65.5112],[-178.284,65.4443],[-177.4159,65.4407],[-177.246,65.5389],[-176.9766,65.6081],[-175.9088,65.403],[-175.8816,65.2585],[-175.7407,65.1234],[-175.7748,64.9394],[-175.4568,64.7972],[-175.0568,64.7594],[-174.592,64.8174],[-174.6523,64.7253],[-174.0724,64.5491],[-173.9893,64.4123],[-173.1063,64.241],[-172.3877,64.4074],[-172.4651,64.5584],[-172.8159,64.6117],[-172.7009,64.8776],[-172.323,64.9483],[-172.0931,65.0504],[-172.2015,65.2169],[-172.1625,65.4207],[-172.3886,65.4322],[-172.3897,65.5818],[-172.6744,65.6235],[-172.6838,65.7043],[-171.8084,65.4893],[-171.2509,65.522],[-170.9818,65.5921],[-170.6674,65.5995],[-170.4888,65.6708],[-170.5324,65.8527],[-170.143,66.0038],[-169.7009,66.1286],[-170.0858,66.1693],[-170.1539,66.249],[-170.5653,66.3536],[-170.8597,66.5111],[-171.3634,66.6748],[-171.3309,66.745],[-171.6712,66.8505],[-171.8952,66.9707],[-172.6658,66.885],[-172.9957,66.9174],[-173.5471,67.0907],[-174.2821,67.0468],[-174.0262,66.9611],[-173.9306,66.6676],[-174.1968,66.5894],[-173.8331,66.5063],[-173.7053,66.3705],[-173.9292,66.3408],[-174.0159,66.4722],[-174.296,66.3544],[-174.4345,66.3564],[-174.4357,66.5315],[-174.9713,66.6654],[-174.686,66.7623],[-174.9076,67.0374],[-174.8061,67.3647],[-175.1596,67.3375],[-175.2865,67.6671],[-175.824,67.813],[-175.9136,67.588],[-176.3005,67.7242],[-176.0486,67.8522],[-176.4995,67.8886],[-176.718,68.0263],[-177.2591,68.2111],[-177.6085,68.1968],[-177.9661,68.3302],[-178.0418,68.4277],[-178.6999,68.5432],[-178.6369,68.638],[-178.8448,68.7524],[-179.3574,68.8278],[-179.514,68.9211],[-180,68.9824]]],[[[169.4465,69.8491],[168.2647,70.0241],[167.8225,69.881],[167.7909,69.8083],[168.1725,69.6952],[168.8745,69.5679],[169.1895,69.5752],[169.3059,69.7703],[169.4465,69.8491]]],[[[-180,71.5367],[-180,71.0526],[-180,70.992],[-179.3421,70.908],[-178.8759,70.981],[-177.9305,71.0414],[-177.6376,71.117],[-177.4434,71.237],[-177.7184,71.3052],[-178.3948,71.5407],[-179.0746,71.6],[-179.3268,71.5555],[-179.736,71.5864],[-180,71.5367]]],[[[163.1369,64.7702],[163.3452,64.8185],[163.5203,64.9314],[163.8728,64.8654],[164.2164,64.9249],[164.7979,64.7716],[165.2627,64.8506],[165.3295,64.7755],[165.684,64.754],[165.743,64.6788],[166.0345,64.5595],[166.1986,64.609],[166.8068,64.5329],[167.237,64.6237],[167.7141,64.3407],[168.0257,64.286],[168.1981,64.3387],[168.4987,64.3174],[168.7779,64.1845],[168.8735,64.0207],[169.0793,63.9587],[169.3444,63.9499],[169.5494,63.811],[169.5822,63.6434],[169.2052,63.5157],[168.7956,63.3031],[168.5102,63.0541],[168.9392,62.9438],[169.1267,62.9725],[169.8425,62.6553],[170.0864,62.4919],[170.1594,62.3418],[170.9006,62.2794],[171.2176,62.3685],[171.4696,62.312],[172.0547,62.4665],[172.3188,62.404],[172.705,62.4024],[172.8525,62.3315],[173.5039,62.5341],[173.7976,62.5179],[174.0798,62.447],[174.0155,62.2693],[174.1165,62.0738],[174.4685,61.9788],[174.4536,61.8148],[174.6901,61.8613],[174.8151,61.947],[175.1745,62.0219],[175.6335,62.1913],[176.2793,62.3171],[176.5942,62.4858],[177.0149,62.5505],[176.931,62.6944],[177.0422,62.7687],[177.3342,62.6882],[177.3068,62.5821],[178.061,62.5411],[178.4894,62.4368],[179.1504,62.3419],[179.1488,62.496],[179.3836,62.5208],[179.6091,62.7056],[179.5407,62.8489],[179.2495,62.9847],[179.4178,63.1165],[179.3348,63.1965],[178.5955,63.4113],[178.7202,63.4765],[178.6262,63.5925],[178.7629,63.6428],[178.6939,63.9105],[178.4683,63.9926],[178.3999,64.2434],[178.2826,64.354],[178,64.2104],[177.6699,64.3051],[177.4536,64.4206],[177.3643,64.5632],[177.4919,64.7675],[177.3384,64.7815],[176.9859,64.7111],[176.7274,64.5792],[176.3167,64.7675],[176.2101,64.874],[176.8482,64.8501],[177.0256,64.7744],[177.2977,64.8384],[177.7442,64.7064],[178.758,64.6409],[179.25,64.8112],[179.4787,64.8227],[179.7796,65.0182],[180,65.0662],[180,65.0693],[180,65.5679],[180,66.0665],[180,66.5651],[180,67.0637],[180,67.5623],[180,68.0609],[180,68.5596],[180,68.9811],[179.3606,69.2231],[179.0677,69.2979],[178.7456,69.2837],[178.7726,69.4152],[178.3649,69.4868],[178.2122,69.4434],[177.3579,69.6172],[176.7345,69.6748],[176.5039,69.7541],[175.9262,69.7757],[175.5001,69.8735],[175.0884,69.8457],[174.0708,69.8869],[173.9285,69.8454],[173.4608,69.9486],[173.3684,69.79],[172.8607,69.9035],[172.7908,69.9627],[171.9945,69.9931],[171.3163,70.0732],[170.6109,70.1163],[170.5227,69.9385],[170.5918,69.7647],[170.2316,69.6886],[170.2863,69.5791],[170.5842,69.5996],[170.7485,69.3912],[170.9131,69.3041],[170.8921,69.1844],[171.0276,69.0548],[170.3511,68.8281],[169.6255,68.7772],[169.4539,68.8454],[169.4198,69.0236],[168.8506,69.1881],[168.2883,69.2427],[168.1921,69.3799],[168.241,69.5583],[167.6741,69.7719],[166.9387,69.5021],[166.6296,69.5337],[166.0752,69.5233],[165.6747,69.596],[164.8343,69.5674],[164.4391,69.6208],[164.027,69.7738],[163.773,69.6944],[163.1651,69.7209],[162.7688,69.6542],[162.4318,69.6771],[162.3154,69.5468],[162.5207,69.3247],[162.7742,69.2034],[162.5238,69.1178],[162.5541,68.9913],[162.8469,68.8693],[162.6064,68.7144],[162.7232,68.6052],[162.5354,68.3628],[161.7107,68.3734],[161.4062,68.4118],[160.997,68.301],[159.8501,68.2774],[159.6932,68.2387],[158.6326,68.1416],[158.2766,68.076],[158.0933,67.8404],[158.3292,67.7536],[157.8059,67.7055],[157.692,67.5455],[157.8762,67.4128],[157.9585,67.2581],[158.7026,67.0552],[158.9052,66.8027],[158.7158,66.7309],[158.4704,66.488],[158.529,66.3594],[158.7759,66.2838],[159.1664,66.234],[159.2029,66.1639],[158.9337,65.9026],[158.9217,65.743],[159.3766,65.6577],[160.17,65.4505],[160.1738,65.3761],[160.5366,65.162],[161.0099,65.1698],[161.2811,65.1407],[161.6448,65.0131],[161.7845,64.8381],[162.2929,64.7424],[162.6077,64.7342],[162.7357,64.6612],[162.9969,64.6487],[163.1369,64.7702]]],[[[180,70.9924],[180,71.0526],[180,71.5364],[179.5635,71.4515],[178.9054,71.237],[178.6227,71.0377],[178.832,70.8085],[179.131,70.8787],[179.667,70.8748],[180,70.9924]]]]},"properties":{"iso":"RUS","name":"Chukchi Autonomous Okrug","country":"Rússia","code":"RU-CHU"}},
{"type":"Feature","geometry":{"type":"MultiPolygon","coordinates":[[[[70.1306,66.5563],[70.0857,66.6901],[69.7274,66.7656],[69.4246,66.7684],[69.5454,66.591],[69.8353,66.4888],[70.1306,66.5563]]],[[[65.0379,69.2711],[64.99,69.2047],[64.5451,69.0322],[64.5541,68.8714],[64.9043,68.8714],[65.3149,68.8033],[65.5167,68.5884],[65.4805,68.4304],[65.2727,68.2164],[65.2898,68.0123],[65.4366,67.92],[66.0831,67.9336],[66.0224,67.7942],[66.2059,67.693],[65.8312,67.6427],[66.11,67.4888],[65.1902,67.145],[65.0898,67.0541],[65.1162,66.9083],[64.5669,66.7936],[64.3156,66.6677],[63.9693,66.6463],[63.8085,66.5472],[63.3057,66.4002],[62.8702,66.0791],[62.8386,65.8693],[62.5041,65.8309],[62.0185,65.7171],[62.2784,65.6229],[62.3736,65.4489],[62.5165,65.3388],[62.8167,65.2916],[62.8015,65.0514],[62.6787,64.8781],[62.8028,64.7263],[62.532,64.56],[62.6992,64.4922],[63.2148,64.526],[63.4666,64.4505],[63.4171,64.3239],[63.6114,64.2685],[63.8957,64.2871],[64.0162,64.3574],[64.4443,64.3562],[64.6222,64.4387],[65.1759,64.4458],[65.3997,64.5714],[66.1461,64.5859],[66.434,64.5152],[66.6816,64.5575],[66.9363,64.487],[66.7959,64.3213],[66.8187,64.2256],[67.1709,64.1629],[67.2807,64.0806],[67.6791,64.079],[68.1786,64.1762],[68.425,64.296],[68.8106,64.2212],[68.9904,64.3296],[68.8592,64.4357],[69.2441,64.4658],[69.3896,64.3885],[69.6931,64.4],[69.9999,64.3159],[70.3069,64.3436],[70.4727,64.2516],[70.7689,64.1936],[70.7548,64.1002],[70.5697,64.0154],[70.6377,63.9032],[70.8132,63.8217],[70.9138,63.6924],[71.3876,63.6746],[71.5691,63.5514],[71.608,63.1852],[71.9637,63.1971],[72.1608,63.2992],[72.655,63.2802],[73.1038,63.4363],[73.3681,63.2069],[74.2411,63.172],[74.5074,63.0432],[74.9145,63.032],[75.3636,63.1078],[75.8027,63.114],[76.2402,63.0188],[76.2894,62.95],[76.6226,63.0378],[77.0262,62.975],[77.1322,62.813],[77.327,62.7104],[77.889,62.5573],[77.9665,62.478],[78.3794,62.5678],[78.7931,62.6151],[79.8201,62.6037],[79.9147,62.792],[80.0732,62.8262],[80.5744,63.019],[80.5842,63.0826],[81.0747,63.1174],[81.3492,62.8212],[81.8398,62.6919],[82.0735,62.8],[82.7327,62.7572],[82.741,62.6802],[83.01,62.5947],[83.0335,62.5295],[83.3107,62.457],[83.7982,62.5603],[84.0959,62.3751],[84.237,62.3767],[84.4357,62.178],[84.9577,62.5929],[85.09,62.638],[85.2252,62.8012],[85.5183,62.9326],[85.584,63.0539],[85.4694,63.1492],[85.6406,63.3742],[85.4102,63.3532],[85.3779,63.4665],[85.0967,63.5342],[85.333,63.7008],[85.5335,63.9367],[85.9482,64.0534],[86.0281,64.2798],[85.8445,64.501],[85.859,64.7564],[85.61,64.8278],[85.1844,64.7508],[84.8198,64.9307],[84.4701,64.8902],[84.3128,65.0985],[84.5233,65.2134],[84.5502,65.4334],[84.031,65.793],[83.5181,65.8225],[83.5212,65.9083],[83.2961,66.0583],[83.5246,66.173],[83.2624,66.3894],[83.091,66.4592],[83.0781,66.5789],[83.2928,66.663],[83.1619,66.818],[82.1173,67.2438],[82.3525,67.328],[82.2561,67.4091],[82.3868,67.5236],[82.1096,67.609],[82.1003,67.7244],[81.7305,67.9075],[82.3536,67.9435],[82.3946,68.1766],[82.6806,68.2828],[82.7096,68.4141],[82.5359,68.6107],[83.0154,68.6839],[82.5459,68.8403],[82.4807,68.9951],[82.2569,69.1567],[81.6107,69.2864],[81.3239,69.2856],[80.9669,69.2091],[80.7342,69.3081],[80.2598,69.3557],[79.8543,69.3545],[79.5854,69.5883],[79.1164,69.7316],[78.9129,69.8609],[79.2084,70.0528],[79.5053,70.1154],[79.6302,70.2207],[80.0951,70.3534],[80.1769,70.4296],[80.5691,70.4608],[80.7528,70.6352],[80.5519,70.9002],[80.5501,71.0444],[79.9544,71.1341],[79.5652,71.2774],[79.2447,71.3167],[79.1431,71.4217],[79.3335,71.4811],[79.3827,71.615],[79.8682,71.6017],[80.1188,71.6749],[80.0364,71.8308],[80.3391,71.8898],[79.6949,72.0577],[79.4189,72.0434],[78.6968,72.1803],[78.5028,72.3819],[78.0876,72.3588],[77.7414,72.2162],[77.4907,72.1754],[77.564,72.0706],[77.9378,72.1181],[78.2036,72.001],[78.1095,71.8804],[77.5846,71.8311],[76.9461,72.0443],[76.3538,71.9991],[76.0267,71.9238],[76.3255,71.5595],[76.7127,71.4634],[77.0733,71.4289],[77.6709,71.2861],[77.8738,71.3393],[78.279,71.2589],[78.2376,71.1097],[78.4973,71.1151],[78.6138,70.9626],[78.4553,70.8947],[78.0017,70.9636],[77.7827,71.1425],[76.0173,71.237],[75.3426,71.3349],[75.2284,71.4045],[75.5329,71.5423],[75.4917,71.6661],[75.2632,71.7435],[75.2868,71.9599],[75.4439,71.9919],[75.5178,72.1532],[75.7212,72.2496],[75.572,72.4667],[75.702,72.547],[75.3189,72.8192],[74.9832,72.8768],[74.7476,72.8083],[74.9995,72.6739],[75.1111,72.3464],[74.9284,72.0981],[74.3316,71.9557],[73.5259,71.8222],[73.4818,71.6527],[73.0374,71.441],[73.5562,71.2551],[73.9522,70.8368],[74.3179,70.6678],[74.3162,70.5203],[74.0066,70.3045],[73.7345,70.1809],[73.7681,70.0956],[73.6599,69.8597],[73.516,69.7464],[73.8996,69.414],[73.7518,69.1835],[73.9613,69.0838],[74.2474,69.1419],[74.7151,69.085],[75.092,69.1328],[75.5086,69.2614],[76.042,69.2391],[76.4276,69.1443],[76.7549,69.1247],[76.929,69.0093],[77.2329,68.9899],[77.6826,68.8858],[77.7151,68.621],[77.9563,68.4954],[78.1033,68.2484],[77.7508,68.2285],[77.537,68.1286],[77.4595,67.7863],[77.9204,67.7266],[78.1135,67.657],[78.047,67.5435],[77.6755,67.6172],[77.1203,67.7685],[77.3052,67.9101],[77.1926,67.9852],[77.3566,68.2329],[77.167,68.2818],[77.2951,68.3817],[77.3159,68.5306],[76.6626,68.7626],[76.6091,68.966],[76.3757,68.994],[75.1907,68.8748],[74.6279,68.7746],[74.4544,68.694],[74.4683,68.5354],[74.3316,68.3856],[74.7014,68.1807],[74.825,67.9405],[74.7303,67.6863],[74.0983,67.4319],[73.8996,67.2962],[73.9529,67.2309],[73.8713,67.0063],[73.4924,66.8234],[73.0031,66.7394],[72.9424,66.6567],[72.4937,66.6188],[72.3667,66.4712],[72.3473,66.3064],[71.9901,66.2308],[71.6787,66.3236],[71.1455,66.3656],[70.3626,66.3344],[69.9028,66.4155],[69.7293,66.4841],[69.3865,66.5134],[69.1126,66.6188],[69.1307,66.8307],[69.598,66.789],[69.9362,66.863],[70.4133,66.5632],[70.6887,66.5154],[70.9803,66.5359],[71.0835,66.6321],[71.5769,66.6588],[71.4956,66.9268],[71.722,66.9153],[72.2313,67.1692],[72.0601,67.3087],[72.4026,67.3281],[72.4059,67.48],[72.6117,67.6259],[72.7909,67.6257],[73.2046,67.8659],[73.0908,68.2143],[73.6444,68.5019],[73.5391,68.581],[72.8518,68.7978],[72.5774,68.9404],[72.4893,69.1992],[72.6477,69.2922],[72.6273,69.5113],[72.5017,69.6467],[72.6917,69.8369],[72.492,70.0412],[72.6216,70.1617],[72.4595,70.3044],[72.7713,70.4252],[72.6882,70.6344],[72.8274,70.8876],[72.6321,71.0111],[72.6707,71.109],[72.1057,71.2904],[71.8391,71.4312],[71.8381,71.5324],[72.2093,71.6147],[72.363,71.7361],[72.3508,71.8642],[72.5222,71.9223],[72.5964,72.0634],[72.8649,72.2717],[72.7307,72.6174],[72.4961,72.7877],[71.5632,72.916],[70.6554,72.8893],[70.1721,72.9001],[69.2766,72.8408],[68.9891,72.7059],[68.8694,72.5324],[68.6437,72.0332],[68.4789,71.8362],[67.9473,71.5276],[67.3093,71.3512],[66.927,71.2984],[66.6455,71.0798],[66.8234,71.0006],[66.6082,70.8807],[66.6887,70.7698],[67.1384,70.8418],[67.3179,70.7841],[67.2206,70.5475],[67.2765,70.4812],[67.0942,70.2209],[67.3276,70.106],[67.2517,70.0212],[66.8742,69.9959],[66.771,69.7407],[67.6291,69.5908],[67.9691,69.4913],[68.1253,69.2224],[68.4872,68.9702],[69.1091,68.879],[68.9235,68.6373],[68.3828,68.2285],[68.1349,68.4234],[67.9046,68.4704],[67.0555,68.7814],[66.9906,68.8763],[66.6785,68.8959],[66.1143,69.0373],[65.8172,69.1426],[65.4194,69.1771],[65.0379,69.2711]]],[[[78.2791,72.5522],[77.6102,72.6347],[77.2285,72.4602],[76.9126,72.3721],[76.918,72.293],[77.5864,72.2853],[78.3945,72.4914],[78.2791,72.5522]]],[[[74.7254,73.1071],[74.2117,73.1146],[74.0933,73.0278],[74.465,72.8996],[74.6465,72.9368],[74.7254,73.1071]]],[[[71.6691,73.2275],[71.4592,73.3484],[70.9487,73.5175],[70.4696,73.4992],[69.9827,73.4081],[70.0686,73.2579],[69.9343,73.1317],[70.2566,73.0383],[70.662,73.1029],[71.4947,73.1501],[71.6691,73.2275]]]]},"properties":{"iso":"RUS","name":"Yamal-Nenets","country":"Rússia","code":"RU-YAN"}},
{"type":"Feature","geometry":{"type":"MultiPolygon","coordinates":[[[[65.0379,69.2711],[64.8558,69.2954],[64.548,69.4517],[64.1276,69.5501],[63.4105,69.6713],[62.6312,69.7421],[62.1611,69.7462],[61.4094,69.7912],[60.9266,69.8675],[60.7703,69.8491],[60.6536,69.6728],[60.2326,69.6648],[60.1388,69.5779],[60.5192,69.3321],[60.5823,69.1496],[60.8438,69.1575],[60.9383,68.9633],[60.4666,68.7223],[59.7736,68.6682],[59.9639,68.466],[59.6748,68.3362],[59.1095,68.4047],[59.0564,68.6195],[59.4155,68.7667],[58.8788,69.0031],[57.9779,68.853],[57.9295,68.751],[57.604,68.7424],[57.3298,68.5648],[56.8484,68.5716],[56.6296,68.642],[56.202,68.6195],[55.9526,68.654],[55.7866,68.5947],[55.3929,68.5643],[54.9367,68.3984],[54.864,68.1851],[54.6502,68.1943],[54.4651,68.3042],[54.2398,68.2113],[53.8084,68.2507],[53.2389,68.2535],[53.3191,68.348],[53.624,68.3369],[53.9319,68.391],[53.9151,68.4892],[53.7205,68.6569],[54.1038,69.0007],[53.437,68.9182],[52.8065,68.768],[52.4988,68.6195],[52.7313,68.4742],[52.402,68.3377],[52.1589,68.3986],[52.3338,68.4934],[52.0601,68.5438],[51.5606,68.4831],[51.3361,68.4014],[50.9518,68.3407],[50.7956,68.3769],[50.4347,68.2205],[49.6546,67.981],[49.1333,67.8626],[48.8428,67.8651],[48.925,67.6877],[48.2557,67.6827],[48.0083,67.6506],[47.8247,67.5603],[47.9479,67.4443],[47.7704,67.3378],[47.6951,67.2047],[47.7256,67.0009],[46.9269,66.845],[46.5833,66.8155],[46.489,66.8785],[46.0415,66.8309],[45.8532,66.887],[45.5939,67.1582],[44.9517,67.3207],[44.919,67.4409],[45.0282,67.5319],[45.3146,67.5921],[45.3504,67.7304],[46.0041,67.7677],[46.722,67.8449],[46.5349,68.1326],[46.0293,68.324],[45.9439,68.4462],[45.3064,68.5453],[43.9845,68.5513],[43.4773,68.6691],[43.3257,68.6137],[44.1602,68.3362],[44.2444,68.2557],[44.003,67.576],[43.793,67.3434],[43.7614,67.2211],[44.2063,67.1247],[44.4993,66.9215],[44.364,66.7823],[44.4878,66.6762],[44.2142,66.4081],[44.5785,66.3073],[45.7413,66.0679],[46.3475,66.028],[47.1104,65.8212],[47.6608,65.8081],[47.7532,65.9407],[48.1563,66.1303],[49.006,66.1191],[51.5102,66.7833],[51.4946,66.9074],[52.2455,67.0891],[53.7725,66.9985],[58.7896,66.9997],[60.082,66.9899],[61.4317,66.9997],[61.6948,67.03],[61.8505,67.1261],[62.8213,67.388],[62.8712,67.5796],[63.4453,67.771],[63.6897,67.7621],[63.9442,67.8837],[63.829,68.0172],[64.5303,68.2001],[64.5228,68.3438],[64.7451,68.4045],[65.4805,68.4304],[65.5167,68.5884],[65.3149,68.8033],[64.9043,68.8714],[64.5541,68.8714],[64.5451,69.0322],[64.99,69.2047],[65.0379,69.2711]]],[[[50.323,69.1505],[50.1644,69.2609],[49.2717,69.508],[48.8063,69.4932],[48.447,69.3719],[48.3042,69.2768],[48.2188,68.9092],[48.5921,68.7309],[49.2485,68.78],[49.7197,68.89],[49.9549,69.0747],[50.323,69.1505]]],[[[60.5398,69.8187],[60.4759,69.9205],[60.0103,70.1041],[59.7829,70.1315],[59.3151,70.3716],[59.0236,70.4798],[58.5223,70.3311],[58.453,70.1955],[58.6956,70.0028],[59.053,69.9031],[59.4315,69.8895],[59.6026,69.8179],[59.5635,69.715],[60.201,69.6851],[60.4759,69.7225],[60.5398,69.8187]]]]},"properties":{"iso":"RUS","name":"Nenets","country":"Rússia","code":"RU-NEN"}},
{"type":"Feature","geometry":{"type":"MultiPolygon","coordinates":[[[[-120,60.0001],[-118.125,60.0001],[-116.25,60.0001],[-115,60.0001],[-113.1249,60.0001],[-111.8749,60.0001],[-110,60.0001],[-109.0001,60.0001],[-107.5005,60.0001],[-106.5007,60.0001],[-104.5011,60.0001],[-103.0014,60.0001],[-102.0016,60.0001],[-102.0029,61.2201],[-102.0038,62.1442],[-102.0049,63.1807],[-101.9991,64.2274],[-103.9741,64.389],[-105.1905,64.4849],[-107.4451,64.6626],[-108.9729,64.7782],[-109.2151,64.812],[-109.5798,64.9327],[-110.6332,65.4827],[-110.7058,65.5009],[-112.5039,65.5013],[-114.4137,66.086],[-115.414,66.3924],[-116.5936,66.7536],[-117.7732,67.1149],[-119.7591,67.723],[-120.6808,68.0156],[-120.6808,68.9019],[-120.6808,69.5567],[-120.8074,69.6235],[-121.4278,69.7668],[-122.036,69.8187],[-122.4811,69.8021],[-122.951,69.8386],[-123.1573,69.7703],[-123.1005,69.6754],[-123.1776,69.4959],[-123.3553,69.5028],[-123.5447,69.377],[-124.4385,69.3696],[-124.4291,69.4735],[-124.0718,69.6658],[-124.5067,69.7362],[-124.5069,69.9163],[-124.3839,70.1402],[-124.9877,70.0456],[-124.8971,69.9422],[-125.0323,69.7473],[-125.3701,69.6945],[-125.4159,69.6032],[-125.151,69.4543],[-125.4488,69.3192],[-125.9386,69.414],[-126.2452,69.5253],[-126.7018,69.7674],[-126.8668,70.0017],[-127.1365,70.2529],[-127.4452,70.4059],[-127.9283,70.5671],[-128.1959,70.447],[-128.0324,70.2937],[-128.1111,70.1887],[-128.3702,70.0974],[-128.3104,69.9894],[-128.9941,69.6794],[-129.1737,69.8323],[-129.702,69.789],[-130.3382,69.7023],[-130.4574,69.5792],[-130.7502,69.4543],[-131.1611,69.4959],[-131.5952,69.4743],[-131.8804,69.2847],[-132.3728,69.1493],[-132.8622,69.0733],[-132.8326,68.9211],[-132.5502,68.9201],[-132.5142,68.8053],[-132.9403,68.8633],[-133.451,68.7912],[-133.2094,68.9479],[-133.2027,69.0379],[-132.9079,69.1308],[-132.7712,69.2563],[-132.1143,69.3615],[-131.9836,69.5369],[-131.0858,69.6331],[-130.9412,69.5659],[-130.5712,69.7596],[-129.5998,69.9912],[-129.4065,70.1212],[-129.6535,70.2221],[-129.9317,70.0761],[-130.3245,70.1402],[-130.9429,70.0788],[-131.2567,69.9422],[-131.6201,69.8764],[-132.1389,69.6879],[-132.5484,69.743],[-132.8873,69.6611],[-132.9698,69.517],[-133.1958,69.414],[-133.6319,69.3992],[-133.704,69.3393],[-134.0922,69.3448],[-133.7884,69.4914],[-134.1209,69.5443],[-134.4101,69.6569],[-134.6413,69.4822],[-135.1554,69.4797],[-135.2843,69.4145],[-135.8379,69.3091],[-135.9678,69.2222],[-135.9906,69.0159],[-135.8685,68.9069],[-135.6282,68.8933],[-135.6356,68.7629],[-136.0676,68.8853],[-136.4449,68.9099],[-136.4448,67.7256],[-136.1894,67.5642],[-136.2009,67.4081],[-136.0952,67.2972],[-136.2304,67.1875],[-136.1622,67.0037],[-134.6495,67.0035],[-134.0301,66.9866],[-133.7633,66.7986],[-133.8342,66.7258],[-133.6006,66.5593],[-133.8191,66.3102],[-133.5843,66.2928],[-133.6118,65.9619],[-133.4246,65.9443],[-133.1274,66.0233],[-132.9204,66.0255],[-132.8067,65.9281],[-132.5615,66.0293],[-132.3467,65.9409],[-132.5694,65.8441],[-132.3707,65.7715],[-132.1822,65.5835],[-132.3221,65.4398],[-132.7134,65.2286],[-132.3539,65.069],[-132.5134,64.9434],[-132.5691,64.775],[-132.3206,64.7686],[-132.0538,64.6964],[-131.8487,64.5558],[-131.8058,64.4266],[-131.6194,64.3687],[-131.403,64.4631],[-131.1456,64.4241],[-131.0035,64.3252],[-130.9405,64.15],[-130.7399,63.9734],[-130.098,63.7823],[-129.8228,63.4779],[-129.9189,63.3733],[-130.1294,63.3165],[-129.8919,63.1834],[-129.8447,63.0913],[-129.6138,63.0722],[-129.7645,62.8516],[-129.4955,62.6077],[-129.1969,62.5072],[-129.3094,62.3212],[-129.13,62.1161],[-128.9966,62.1362],[-128.7625,62.0608],[-128.5466,62.1218],[-128.3968,62.0413],[-128.1988,61.8463],[-127.9728,61.6887],[-127.5348,61.5102],[-127.3127,61.5216],[-127.1457,61.4652],[-126.9346,61.0522],[-126.8845,60.7819],[-126.6596,60.7497],[-126.0938,60.8147],[-125.826,60.8831],[-125.7154,60.834],[-125.3218,60.7879],[-125.1583,60.8523],[-124.869,60.8634],[-124.8282,60.9612],[-124.5665,60.939],[-124.4787,60.7879],[-124.6027,60.7183],[-124.4164,60.4793],[-124.2162,60.4613],[-124.1957,60.3301],[-123.9808,60.0985],[-123.8191,60.0001],[-122.3869,60.0001],[-121.4322,60.0001],[-120,60.0001]]],[[[-110.0037,72.9851],[-110.7037,73.0091],[-110.4835,72.8392],[-110.0037,72.7554],[-110.0037,72.9851]]],[[[-110.0037,72.4581],[-110.2399,72.5278],[-110.7291,72.5713],[-111.0863,72.4083],[-111.4071,72.4262],[-111.6647,72.2921],[-111.9043,72.3467],[-111.2893,72.566],[-111.2196,72.7241],[-112.0773,72.898],[-113.015,73.016],[-113.1925,72.9933],[-113.604,72.7775],[-114.3218,72.5918],[-114.3561,72.7463],[-114.0231,72.7978],[-113.962,73.1229],[-114.2651,73.3357],[-114.5843,73.3846],[-115.5704,73.2018],[-117.3693,72.9178],[-117.8673,72.7015],[-118.1898,72.6354],[-118.5934,72.4287],[-118.1249,72.3095],[-118.1278,72.2272],[-118.6782,72.1423],[-118.7475,72.0532],[-119.0543,71.9353],[-119.1376,71.7744],[-119.0509,71.6268],[-118.0763,71.665],[-118.3088,71.4322],[-118.162,71.379],[-117.5513,71.3742],[-116.1849,71.5003],[-115.9039,71.3935],[-116.8063,71.2909],[-117.4749,71.1855],[-117.798,71.1704],[-118.3865,71.0222],[-118.1868,70.8394],[-117.709,70.6951],[-117.5854,70.6064],[-116.9886,70.6025],[-116.2334,70.6397],[-116.0386,70.5792],[-115.5809,70.5801],[-114.1831,70.6678],[-113.9884,70.7162],[-113.5613,70.6431],[-113.2071,70.6479],[-112.9259,70.5654],[-112.144,70.4939],[-111.8088,70.3521],[-111.9374,70.2637],[-112.2609,70.3093],[-112.5863,70.2],[-113.4769,70.2836],[-113.6427,70.2624],[-114.1847,70.3157],[-116.0327,70.2203],[-116.9651,70.1291],[-117.442,69.9894],[-117.2521,69.7641],[-116.8558,69.6476],[-117.1436,69.888],[-117.1237,70.0012],[-114.8251,70.0001],[-112.8988,70.0001],[-112.8749,69.8323],[-112.6499,69.8334],[-112.5,70.0001],[-110,70.0001],[-110.0012,70.6953],[-110.0028,71.6464],[-110.0037,72.4581]]],[[[-115.3236,73.5087],[-115.6464,73.6765],[-115.923,73.73],[-116.867,74.0876],[-117.4165,74.2325],[-118.066,74.2807],[-118.7254,74.2208],[-119.6622,74.225],[-120.1566,74.279],[-120.9347,74.4236],[-121.1324,74.51],[-121.5808,74.5559],[-122.6232,74.4631],[-123.3035,74.4494],[-124.7557,74.3486],[-124.5456,74.2651],[-124.4658,74.0742],[-124.1453,73.8511],[-123.7738,73.7656],[-124.0561,73.6619],[-124.0679,73.5397],[-124.4453,73.4193],[-124.6719,73.1828],[-124.8599,73.0903],[-124.4904,72.9251],[-125.0384,72.8325],[-124.9455,72.703],[-125.0607,72.5656],[-125.2992,72.4891],[-125.7521,72.1477],[-125.7904,71.9492],[-125.2323,71.9413],[-124.6617,71.8046],[-124.0646,71.7004],[-123.6235,71.4622],[-123.4357,71.2486],[-123.0999,71.0846],[-122.7978,71.0878],[-122.6295,71.175],[-122.1561,71.2612],[-121.7006,71.4681],[-121.4232,71.3803],[-120.6352,71.4914],[-120.3834,71.7015],[-120.434,71.9643],[-120.1977,72.085],[-120.1967,72.217],[-119.7728,72.2296],[-119.3402,72.3467],[-119.1639,72.6298],[-118.0421,72.8859],[-117.3902,73.0555],[-117.2155,73.0661],[-116.4591,73.2612],[-115.7538,73.3575],[-115.3236,73.5087]]],[[[-117.7847,75.8965],[-117.4625,76.0883],[-117.6597,76.1259],[-118.1408,75.9882],[-118.6212,75.9221],[-119.409,75.6016],[-118.6139,75.5037],[-117.9325,75.7398],[-117.7847,75.8965]]],[[[-110.0037,76.4862],[-110.3972,76.3967],[-110.3836,76.3005],[-110.0037,76.2264],[-110.0037,76.4862]]],[[[-110.0037,75.5447],[-110.5136,75.5733],[-111.2743,75.5272],[-111.3614,75.7152],[-111.8555,75.9535],[-112.3646,76.0336],[-112.4325,76.1708],[-112.9942,76.2733],[-113.963,76.1906],[-114.2059,76.471],[-114.4508,76.5009],[-115.5123,76.4562],[-115.8749,76.3636],[-115.8411,76.185],[-116.5262,76.1601],[-116.7059,76.0578],[-116.7081,75.8996],[-116.2025,75.8681],[-114.8577,75.9108],[-114.875,75.8674],[-116.8854,75.789],[-117.1983,75.5755],[-115.5897,75.588],[-116.0419,75.4848],[-117.2022,75.4808],[-117.6749,75.2932],[-117.5101,75.2011],[-116.7672,75.1222],[-116.5455,75.1852],[-116.1664,75.0402],[-115.7154,74.9704],[-115.4058,75.1029],[-114.9585,74.9705],[-114.4408,75.0679],[-114.0465,75.3664],[-113.7843,75.3397],[-113.9395,75.1833],[-113.8866,75.0582],[-111.0279,75.1772],[-111.5555,75.0126],[-112.7978,74.9851],[-113.4956,74.8392],[-114.2344,74.7587],[-114.4398,74.6837],[-114.1735,74.567],[-113.693,74.4445],[-113.0238,74.3959],[-112.4374,74.4135],[-111.6575,74.5012],[-111.001,74.6164],[-110.344,74.7966],[-110.0037,74.8526],[-110.0037,75.5447]]],[[[-114.837,76.7598],[-113.8306,76.7255],[-113.4535,76.7735],[-113.8461,76.8989],[-114.4346,76.8824],[-114.837,76.7598]]],[[[-119.3175,76.1999],[-118.6516,76.2911],[-118.6464,76.4324],[-118.9463,76.5229],[-118.3021,76.5677],[-118.007,76.4025],[-117.3524,76.2596],[-116.9343,76.3558],[-117.0748,76.5261],[-116.3248,76.5817],[-115.8928,76.6984],[-116.0402,76.8283],[-115.8314,76.9728],[-116.2217,77.0417],[-116.2472,77.196],[-115.4042,77.3184],[-116.4067,77.5624],[-116.9136,77.4743],[-116.8602,77.3183],[-117.2311,77.2857],[-117.8524,77.3904],[-118.8205,77.361],[-119.2897,77.2888],[-119.3873,77.1925],[-120.0911,77.0056],[-120.368,76.8145],[-121.2043,76.6782],[-121.5536,76.437],[-122.3806,76.4085],[-122.8617,76.1824],[-122.4926,76.1435],[-122.7316,75.9784],[-122.4259,75.9328],[-121.8471,76.0452],[-121.4368,75.9443],[-120.7174,76.0268],[-120.3885,75.9722],[-120.489,75.8471],[-119.8629,75.8591],[-119.4917,76.0369],[-119.6842,76.0936],[-119.3175,76.1999]]],[[[-113.6863,77.8666],[-114.1146,78.0004],[-114.6797,78.0345],[-115.1182,77.9597],[-114.3007,77.7133],[-113.7225,77.7692],[-113.6863,77.8666]]],[[[-110.0037,78.0993],[-110.7117,78.1038],[-112.2709,78.0153],[-113.2413,77.905],[-113.3231,77.8082],[-113.1996,77.5277],[-112.6006,77.4537],[-112.1092,77.3258],[-111.2811,77.4315],[-110.8807,77.4124],[-110.2354,77.5042],[-110.0559,77.632],[-110.1295,77.7815],[-110.72,77.7662],[-110.8415,77.8698],[-110.0037,77.9314],[-110.0037,78.0993]]],[[[-110.0037,78.6869],[-110.4269,78.7663],[-111.2756,78.6702],[-111.816,78.5489],[-112.1501,78.557],[-113.2142,78.4066],[-113.0615,78.2744],[-112.1755,78.3774],[-111.7785,78.2702],[-110.0037,78.329],[-110.0037,78.6869]]]]},"properties":{"iso":"CAN","name":"Northwest Territories","country":"Canadá","code":"CA-NT"}},
{"type":"Feature","geometry":{"type":"MultiPolygon","coordinates":[[[[161.4871,69.0267],[161.3191,69.2427],[161.1414,69.0873],[161.4871,69.0267]]],[[[119.8984,56.8894],[120.0308,56.899],[120.3028,57.0041],[121.0191,57.0312],[121.0532,56.9896],[121.4069,56.9755],[121.5115,56.9223],[121.6083,56.7412],[122.1596,56.7384],[122.4667,56.6019],[122.5892,56.4896],[122.9185,56.5507],[123.1323,56.4574],[123.4527,56.4063],[123.9154,56.3773],[124.0605,56.2313],[124.3604,56.0567],[124.448,55.9046],[124.6352,55.9018],[124.9577,55.8262],[125.2477,55.8796],[125.4373,55.8374],[125.5463,55.7358],[125.7576,55.7964],[126.0391,55.7278],[126.0473,55.5888],[126.4342,55.555],[126.5507,55.6334],[126.8427,55.6059],[126.9535,55.6872],[127.3296,55.6557],[127.4869,55.555],[127.6746,55.6832],[127.7939,55.6292],[128.2902,55.648],[128.5016,55.5156],[128.9749,55.4663],[129.0888,55.5334],[129.047,55.6542],[129.653,55.745],[129.9947,55.6931],[130.7415,55.7191],[130.923,55.6786],[130.8617,55.8889],[130.9636,56.1286],[131.0926,56.2059],[131.0877,56.3452],[131.1844,56.4679],[131.3938,56.4791],[131.7972,56.7174],[131.7511,56.8429],[131.4448,57.0358],[131.1793,57.1373],[131.1833,57.2355],[131.5086,57.2511],[131.6931,57.5605],[131.9747,57.5858],[132.0348,57.6909],[131.806,57.9055],[131.6104,57.9954],[131.4769,58.1675],[131.7048,58.1739],[132.0393,58.0196],[132.0172,58.1904],[132.196,58.2484],[132.1286,58.4894],[132.3719,58.5239],[132.5642,58.6399],[132.5993,58.891],[132.8079,58.8802],[132.8617,59.0645],[133.1258,59.2044],[133.5433,59.2939],[133.7666,59.2227],[134.0465,59.256],[134.2186,59.2087],[135.2091,59.1223],[135.4217,59.3869],[135.791,59.5343],[136.0534,59.438],[136.7587,59.3546],[137.1825,59.4456],[137.6157,59.7398],[137.8334,59.7608],[138.253,59.7125],[138.1737,59.8367],[138.2626,59.9383],[138.2005,60.2313],[138.3152,60.3181],[138.2428,60.4927],[138.4289,60.7023],[138.1856,60.895],[138.3833,61.0995],[138.703,61.1931],[138.719,61.3371],[138.9407,61.3211],[139.1201,61.4494],[139.5482,61.4817],[139.6672,61.6409],[139.9189,61.8019],[139.9883,61.972],[140.2564,62.0383],[140.2944,62.2742],[140.4039,62.4217],[140.6352,62.4253],[140.7047,62.5727],[141.0673,62.4174],[141.3021,62.4312],[141.5448,62.1786],[141.8376,62.0412],[142.1869,62.081],[142.4375,61.8697],[142.6532,61.9616],[142.9278,61.9008],[143.1265,62.1011],[143.5709,61.9479],[143.9541,61.9568],[143.927,61.7663],[144.245,61.7601],[144.5403,61.8559],[144.5855,61.9775],[144.7451,62.0469],[144.9935,62.2439],[145.1769,62.2858],[145.1243,62.4899],[145.4798,62.548],[145.3261,62.7544],[145.366,62.9103],[145.2521,63.1796],[145.4446,63.5152],[145.6331,63.6603],[145.5723,63.8361],[146.1087,63.9416],[146.4987,64.2088],[147.3072,64.1323],[147.6095,64.1703],[147.6026,64.0466],[147.9551,63.9443],[148.1149,64.0509],[148.2535,64.2553],[148.0007,64.3627],[148.291,64.5494],[148.6305,64.4187],[149.402,64.4374],[149.8164,64.5673],[150.0683,64.5017],[150.0241,64.37],[150.2243,64.2131],[150.6334,64.1706],[150.631,64.3311],[151.301,64.3608],[151.48,64.4356],[152.0158,64.5037],[152.1688,64.3553],[152.4138,64.4068],[152.3313,64.5101],[152.7482,64.6859],[152.5022,64.9454],[152.6448,65.0223],[152.6882,65.2334],[153.0318,65.2747],[153.5213,65.408],[153.4009,65.5043],[153.5313,65.7056],[153.4538,65.7878],[153.6975,65.8856],[154.2496,65.83],[154.3743,65.9209],[154.2205,66.0689],[154.548,66.2378],[154.8853,66.1336],[155.17,66.209],[155.3199,66.1419],[155.7522,66.1769],[155.9583,66.0963],[156.3603,66.0668],[156.6592,66.1931],[157.1244,65.9152],[157.7176,66.112],[158.1241,66.1558],[158.4849,66.1175],[158.3927,66.2546],[158.529,66.3594],[158.4704,66.488],[158.7158,66.7309],[158.9052,66.8027],[158.7026,67.0552],[157.9585,67.2581],[157.8762,67.4128],[157.692,67.5455],[157.8059,67.7055],[158.3292,67.7536],[158.0933,67.8404],[158.2766,68.076],[158.6326,68.1416],[159.6932,68.2387],[159.8501,68.2774],[160.997,68.301],[161.4062,68.4118],[161.7107,68.3734],[162.5354,68.3628],[162.7232,68.6052],[162.6064,68.7144],[162.8469,68.8693],[162.5541,68.9913],[162.5238,69.1178],[162.7742,69.2034],[162.5207,69.3247],[162.3154,69.5468],[162.4318,69.6771],[162.2097,69.6559],[162.0256,69.5512],[161.7026,69.4959],[161.4358,69.3799],[161.3993,69.2213],[161.5657,69.0149],[161.3941,68.9434],[161.2873,69.0439],[160.9629,69.1055],[161.0249,69.2837],[160.9212,69.4618],[160.9255,69.6421],[160.384,69.6749],[159.8011,69.807],[159.689,69.8908],[160.1063,70.2637],[160.0249,70.4194],[159.6895,70.671],[159.2378,70.8293],[158.5236,70.9688],[157.5858,71.0749],[155.9364,71.0994],[154.2388,70.965],[153.9304,70.8941],[152.9902,70.8346],[152.613,70.8346],[151.9691,70.9448],[152.1035,71.0501],[151.4924,71.3332],[150.8587,71.3742],[150.6702,71.4664],[149.968,71.5347],[149.7725,71.6479],[149.1829,71.6888],[149.0394,71.7646],[149.408,71.8967],[149.7095,71.7729],[150.0669,71.9219],[149.6113,72.1484],[148.402,72.3109],[147.7468,72.3388],[147.1956,72.3299],[146.1565,71.8207],[145.3438,71.6633],[144.9063,71.6989],[145.216,71.8433],[145.7476,71.9099],[145.8494,72.1622],[146.3244,72.1413],[145.993,72.0297],[146.2438,71.9866],[146.4954,72.066],[146.9292,72.3126],[145.0687,72.2643],[144.4155,72.175],[144.7083,72.3741],[144.9432,72.4382],[145.332,72.3542],[145.6877,72.364],[146.792,72.3307],[146.1247,72.4699],[145.4095,72.5559],[143.7072,72.6667],[142.5428,72.7178],[142.2317,72.7016],[141.5506,72.7743],[141.3899,72.8433],[140.7258,72.8986],[140.6642,72.809],[141.013,72.6908],[140.8778,72.5377],[140.0728,72.4792],[139.5418,72.4976],[139.1358,72.3041],[139.1916,72.1627],[139.5607,72.232],[139.8742,72.1782],[139.5739,71.9329],[139.7103,71.8709],[139.7345,71.6722],[140.001,71.525],[139.7178,71.4573],[139.4434,71.4951],[139.1922,71.4151],[139.0451,71.569],[138.756,71.643],[138.0386,71.5587],[137.8286,71.394],[138.0095,71.3393],[137.7664,71.168],[137.4334,71.2746],[137.3556,71.3742],[136.7746,71.5234],[135.9851,71.6348],[135.033,71.5391],[134.7785,71.4288],[134.1677,71.3708],[133.6501,71.4365],[133.1516,71.5792],[132.8131,71.8315],[132.5393,71.8836],[132.2642,71.682],[131.9492,71.293],[131.5462,70.8871],[131.2263,70.7502],[130.8794,70.7739],[130.3006,70.9401],[130.1605,71.052],[129.7627,71.1476],[129.6526,71.2609],[129.3921,71.3468],[129.2487,71.5499],[128.8753,71.5967],[128.9266,71.7388],[128.6639,71.863],[128.6235,71.9626],[128.1921,72.2283],[129.1458,72.1003],[129.5217,72.2494],[129.489,72.3542],[129.1174,72.4815],[128.6113,72.4827],[128.1883,72.5678],[127.9606,72.6621],[128.6626,72.7099],[129.1984,72.6552],[129.3079,72.7175],[128.3556,72.7939],[128.228,72.8195],[128.2908,72.9086],[128.9275,72.9802],[129.3596,72.94],[129.4435,73.0289],[128.8926,73.217],[128.4393,73.2363],[127.9876,73.4709],[126.8967,73.5393],[126.905,73.4572],[126.3888,73.4118],[126.2266,73.5546],[125.6519,73.5255],[125.2124,73.6489],[124.7259,73.7084],[124.3362,73.8048],[123.2461,73.5459],[123.3318,73.3507],[123.5535,73.2176],[123.3758,73.1555],[123.3381,72.9811],[123.138,72.918],[122.6138,73.031],[122.0433,72.8915],[121.9637,72.9637],[121.3882,72.9761],[121.0547,72.9318],[120.656,72.9774],[119.7834,73.018],[118.9177,73.1195],[118.4624,73.2094],[118.3533,73.2824],[118.4895,73.4844],[118.4502,73.5888],[117.4439,73.5888],[116.6029,73.6748],[115.4131,73.7104],[114.6747,73.5926],[114.1091,73.5996],[113.9151,73.5358],[113.1314,73.4497],[113.3955,73.6858],[113.1115,73.8922],[112.8215,73.7468],[112.3718,73.7053],[111.8037,73.7442],[111.2952,73.8691],[110.8777,73.7679],[110.9072,73.6919],[110.8179,73.5589],[110.5231,73.4041],[110.5708,73.2525],[110.8812,73.0229],[110.6274,72.8945],[110.7017,72.6505],[111.2103,72.5445],[111.0852,72.3696],[111.6428,72.2745],[111.8171,72.1317],[111.9961,72.1327],[111.9969,71.4136],[112.5132,71.268],[112.5793,71.1137],[112.2767,71.0127],[111.5224,70.9386],[111.3349,70.8553],[110.5394,70.8006],[110.489,70.726],[110.1028,70.6319],[110.1167,70.478],[109.9955,70.4169],[109.6015,70.3782],[109.5355,70.264],[109.2774,70.2065],[109.509,70.0335],[109.237,69.7759],[108.871,69.8403],[108.2906,69.8568],[108.0073,69.705],[107.1237,69.5875],[106.8386,69.5182],[106.4268,69.5639],[106.1529,69.3911],[106.8855,68.8655],[106.8956,68.1426],[106.8024,67.3482],[106.0547,67.1672],[105.6867,66.9395],[106.0437,66.9008],[106.0474,66.789],[106.2469,66.7022],[106.3219,66.4789],[106.1033,66.3783],[106.1713,66.1592],[106.3304,66.1545],[106.4713,66.0074],[106.4395,65.6617],[106.7131,65.5489],[106.94,65.5112],[106.8356,65.3783],[106.6353,65.3929],[106.4537,65.233],[105.9728,65.0118],[105.9461,64.8835],[105.7078,64.6527],[105.8029,64.5301],[106.3952,64.4426],[106.8774,64.4138],[107.3675,64.2506],[107.5697,64.2986],[107.8557,64.1816],[108.0265,64.2235],[108.4675,64.2817],[108.495,64.1157],[108.7352,63.9771],[108.6868,63.7954],[108.2794,63.7964],[108.1596,63.5629],[108.5471,63.599],[108.8571,63.5369],[109.0527,63.5491],[109.2155,63.4418],[109.453,63.149],[109.4654,62.9496],[109.6144,62.8737],[109.3059,62.4836],[109.5567,62.4314],[109.9182,62.4063],[109.9995,62.1635],[109.5978,61.8704],[109.62,61.7181],[109.8513,61.5573],[109.7924,61.3252],[110.0944,61.2626],[110.1688,61.1641],[110.4814,61.1592],[110.4584,60.9883],[110.2397,60.831],[110.2684,60.702],[109.9168,60.4506],[109.6944,60.1286],[109.7639,60.027],[109.5037,59.7638],[109.5174,59.6296],[109.2694,59.4491],[109.2678,59.316],[109.4988,59.2944],[109.6364,59.066],[110.1193,58.9804],[110.4709,59.0336],[110.7135,59.2589],[111.1638,59.1894],[111.4701,59.2673],[111.6253,59.2073],[111.9325,59.2719],[112.2179,59.5004],[112.4354,59.3263],[112.6311,59.3105],[112.4652,59.1678],[112.5544,59.0334],[113.1522,59.1645],[113.2642,59.1569],[113.4647,59.2663],[113.4352,59.4023],[113.7793,59.6086],[114.0302,59.6811],[114.309,59.8789],[114.5455,59.9854],[114.5402,60.1021],[114.6971,60.2192],[114.8359,60.1904],[115.0068,60.2685],[115.1122,60.3946],[115.3947,60.4871],[115.6863,60.5262],[116.0754,60.4069],[116.5824,60.3599],[116.9543,60.1686],[117.0766,60.0292],[117.0651,59.9079],[117.2282,59.7983],[117.1904,59.6464],[117.0893,59.5884],[117.3524,59.4974],[117.5975,59.4723],[117.7786,59.5283],[117.906,59.4439],[118.0583,59.5826],[118.336,59.5956],[118.4073,59.5123],[118.7339,59.4198],[118.8397,59.3004],[118.6887,59.1915],[118.7072,59.0638],[118.8929,58.8164],[118.8212,58.5743],[119.1324,58.4723],[119.0704,58.3412],[119.1081,58.2227],[119.1544,58.1464],[119.047,57.7276],[119.1651,57.6687],[119.1411,57.5389],[119.4101,57.6147],[119.4424,57.3712],[119.5456,57.3398],[119.6828,57.1574],[119.6453,57.0023],[119.8984,56.8894]]],[[[137.9142,71.5585],[137.7061,71.5964],[137.2183,71.5762],[137.0431,71.5111],[137.3441,71.4276],[137.7674,71.4307],[137.9142,71.5585]]],[[[128.8311,72.6552],[128.1345,72.6435],[128.3394,72.561],[128.7827,72.5454],[128.8311,72.6552]]],[[[128.3171,72.8123],[129.207,72.7619],[129.4171,72.8126],[129.2197,72.9264],[128.419,72.8693],[128.3171,72.8123]]],[[[143.4749,73.3206],[143.537,73.4435],[143.4072,73.5428],[142.5828,73.8253],[142.0452,73.9166],[141.1272,73.8817],[140.8664,73.7798],[140.4933,73.485],[139.9065,73.471],[139.9651,73.3266],[140.7886,73.41],[141.5124,73.2994],[143.1749,73.1766],[143.5651,73.2312],[143.4749,73.3206]]],[[[136.259,73.9575],[136.0261,74.0977],[135.5895,74.2351],[135.4393,74.1611],[136.0417,73.9381],[136.259,73.9575]]],[[[141.0978,74.1492],[140.8914,74.2765],[140.2219,74.2201],[140.1647,74.0706],[140.4378,73.9084],[141.0378,74.0039],[141.0978,74.1492]]],[[[113.4058,74.444],[112.1101,74.5512],[111.9868,74.3957],[111.4685,74.3448],[111.5813,74.2602],[112.1629,74.1386],[112.7749,74.0881],[113.1574,74.225],[113.4058,74.444]]],[[[150.8276,75.1634],[150.6328,75.1165],[150.1294,75.2255],[149.1268,75.2686],[148.6104,75.2155],[148.4077,75.4211],[147.3739,75.4404],[147.155,75.3364],[146.7967,75.3664],[146.7708,75.5067],[146.3892,75.5852],[146.0718,75.2403],[147.0879,75.0052],[147.6638,74.9534],[148.1721,74.8035],[149.209,74.758],[150.6092,74.8935],[150.8276,75.1634]]],[[[135.9914,75.5272],[136.1602,75.6296],[135.6027,75.7643],[135.5941,75.5682],[135.45,75.3757],[135.8445,75.3826],[135.9914,75.5272]]],[[[145.3662,75.5402],[143.9471,75.8348],[143.5848,75.8698],[143.0588,75.8068],[142.5469,75.863],[141.7022,76.121],[141.3914,76.1435],[140.9089,75.9841],[140.8644,75.7388],[140.1504,75.8005],[139.9116,75.9374],[139.1096,76.0969],[138.9608,76.2069],[138.138,76.1188],[138.0275,76.0319],[137.433,75.9532],[137.5884,75.7736],[137.0676,75.7258],[137.1838,75.5395],[137.4307,75.3893],[136.8622,75.362],[137.1491,75.1342],[137.7938,74.9754],[137.8953,74.8462],[138.1657,74.7762],[139.3434,74.6874],[139.562,74.8455],[139.4951,74.9469],[139.8496,74.9648],[140.0687,74.8279],[141.114,74.9167],[141.8438,74.999],[142.3556,74.8245],[143.4645,74.9001],[143.448,75.0058],[142.6282,75.097],[142.1999,75.3488],[142.0832,75.5259],[142.324,75.7119],[143.0012,75.708],[143.0135,75.6024],[142.5345,75.4765],[142.4943,75.3757],[142.8722,75.1566],[143.4148,75.0671],[143.9985,75.025],[144.3312,75.0468],[144.6882,75.16],[144.7293,75.4316],[145.3662,75.5402]]],[[[149.3747,76.7382],[148.8667,76.734],[148.4522,76.6233],[149.2001,76.6268],[149.3747,76.7382]]]]},"properties":{"iso":"RUS","name":"Sakha (Yakutia)","country":"Rússia","code":"RU-SA"}},
{"type":"Feature","geometry":{"type":"Polygon","coordinates":[[[29.4179,60.1689],[29.701,60.2005],[29.849,60.1669],[29.9483,60.0297],[30.21,60.0011],[30.115,59.8706],[29.6971,59.95],[29.85,59.8276],[30.2594,59.6099],[30.5025,59.6307],[30.7562,59.7775],[30.5117,59.8624],[30.5273,59.9703],[30.3737,60.0362],[30.3904,60.1227],[30.1791,60.148],[29.633,60.266],[29.4179,60.1689]]]},"properties":{"iso":"RUS","name":"City of St. Petersburg","country":"Rússia","code":"RU-SPE"}},
{"type":"Feature","geometry":{"type":"MultiPolygon","coordinates":[[[[37.7729,61.5221],[37.8574,61.2846],[37.9632,61.1602],[38.1663,61.1331],[38.213,60.924],[38.4185,60.874],[38.6327,60.7232],[38.7895,60.7128],[38.9477,60.8027],[39.0682,60.7141],[39.3382,60.684],[39.6482,60.746],[39.9235,60.6519],[40.5344,60.7246],[40.8191,60.711],[41.0593,60.6497],[41.3399,60.676],[41.3941,60.858],[41.8009,60.899],[42.3948,60.7694],[42.6505,60.8631],[42.8231,60.8553],[43.0488,60.7402],[43.1499,60.806],[43.5109,60.7675],[43.7154,60.8845],[43.776,61.0208],[44.1585,61.0824],[44.2058,60.9718],[45.2291,60.9039],[45.3324,61.1893],[45.7227,61.1794],[45.7666,61.0546],[46.2851,60.9678],[46.5271,61.0513],[46.7365,60.9861],[46.7533,60.9071],[47.0429,60.8538],[47.2448,61.0562],[47.5685,61.0591],[47.9655,60.9994],[47.9842,60.8965],[48.419,60.8538],[48.5093,61.0477],[48.8887,61.1412],[49.3022,61.1762],[49.4614,61.5861],[49.0516,61.691],[49.2127,62.0911],[49.3694,62.1494],[49.609,62.7702],[48.8751,62.8291],[48.7145,62.8155],[48.6286,62.7058],[48.3661,62.7293],[48.2368,62.473],[48.2908,62.3216],[47.7511,62.3218],[47.621,62.1855],[47.4134,62.1928],[47.3863,62.3204],[47.2349,62.3515],[47.2377,62.6357],[47.0826,62.8396],[47.3995,62.9548],[47.5546,63.1485],[47.0909,63.2465],[46.9366,63.3519],[47.0262,63.5306],[46.8192,63.747],[46.4358,63.8877],[45.8836,63.9643],[45.593,64.0639],[45.4422,64.1875],[45.8245,64.2836],[46.3229,64.2647],[46.6115,64.3266],[48.1158,64.3481],[48.1962,64.2389],[48.4083,64.2242],[48.5183,64.3555],[48.8402,64.3573],[48.95,64.4906],[49.4501,64.463],[49.6267,64.5917],[50.2733,64.5129],[50.3484,64.5377],[50.4674,64.7916],[50.063,64.8902],[49.6632,65.2546],[49.5674,65.2921],[48.9894,65.2685],[49.006,66.1191],[48.1563,66.1303],[47.7532,65.9407],[47.6608,65.8081],[47.1104,65.8212],[46.3475,66.028],[45.7413,66.0679],[44.5785,66.3073],[44.2142,66.4081],[44.0457,66.081],[43.6548,66.2849],[43.4061,66.3322],[43.2522,66.4368],[42.7492,66.3951],[42.6448,66.4525],[42.2009,66.5322],[41.8576,66.2963],[41.3425,66.0629],[40.7959,65.9917],[40.2798,65.73],[39.8269,65.607],[39.7121,65.4018],[40.114,65.0747],[40.3781,64.9225],[40.5285,64.5779],[40.1817,64.5587],[40.0628,64.6219],[39.5665,64.5453],[39.3031,64.6462],[38.9222,64.7327],[38.5117,64.7877],[38.3579,64.8524],[38.0464,64.8537],[37.7946,64.9206],[37.706,65.0174],[37.0077,65.173],[36.9001,65.1509],[36.8074,64.9591],[36.5686,64.9025],[36.5598,64.7174],[36.7441,64.681],[37.1215,64.3947],[37.3394,64.3404],[37.6871,64.4309],[38.0029,64.317],[37.9142,64.2204],[38.0858,64.059],[38.0018,63.9555],[37.291,63.8182],[37.1694,63.8951],[36.7035,63.9246],[36.5234,63.9714],[36.5547,63.764],[36.375,63.645],[35.9446,63.6197],[35.8823,63.5734],[36.2198,63.4165],[36.3202,63.1613],[36.2589,63.0318],[36.5005,62.826],[36.7595,62.7177],[37.0808,62.6561],[37.3523,62.6838],[37.5049,62.6453],[37.5726,62.3606],[37.4299,62.2372],[37.7188,62.2034],[37.8077,61.9976],[37.9266,61.9683],[37.7729,61.5221]]],[[[51.4095,71.8061],[51.5324,71.5659],[51.862,71.4562],[52.5739,71.5759],[52.6099,71.4687],[52.8684,71.4022],[53.2517,71.456],[53.577,71.1993],[54.0781,71.0998],[53.4919,71.0725],[53.6838,70.908],[54.0065,70.7578],[54.4924,70.7845],[54.7606,70.6806],[55.2327,70.6666],[55.4446,70.7436],[55.8176,70.6133],[56.1315,70.5959],[56.3618,70.6472],[57.1719,70.6132],[57.4401,70.6308],[57.6387,70.7299],[57.0632,70.8625],[56.1057,71.259],[56.0271,71.3708],[55.6721,71.611],[55.3428,72.0656],[55.575,72.1997],[55.377,72.3027],[55.6848,72.5733],[55.7385,72.7842],[56.2199,72.8266],[56.2254,73.009],[56.5484,73.1216],[56.4352,73.2301],[55.3042,73.3393],[54.9348,73.4254],[54.532,73.3764],[54.1908,73.2722],[53.7532,73.2989],[53.1556,73.1506],[53.1419,72.9625],[52.6167,72.8632],[52.3976,72.7179],[52.7937,72.6821],[52.9142,72.597],[52.6974,72.4976],[52.6688,72.3064],[52.402,72.2232],[52.3323,72.0706],[51.9561,72.1151],[51.61,72.0917],[51.4095,71.8061]]],[[[56.987,74.6905],[56.5557,74.6837],[56.3871,74.7214],[55.5296,74.6549],[55.709,74.5224],[55.2329,74.3758],[55.5274,74.3461],[55.6227,74.1902],[55.0189,74.173],[54.678,74.0682],[54.7258,73.9779],[54.2528,73.9158],[53.8687,73.7787],[54.074,73.6087],[54.4739,73.3908],[55.0207,73.4435],[55.4349,73.3321],[55.7723,73.348],[56.5788,73.2608],[56.9085,73.3147],[57.2539,73.4572],[57.3296,73.5739],[57.946,73.8066],[57.8784,73.9343],[58.5083,74.2175],[58.728,74.2386],[58.5705,74.3889],[59.0912,74.4949],[59.2214,74.6154],[59.8748,74.6285],[59.9338,74.7253],[60.2764,74.7497],[60.5606,74.8663],[60.8325,75.1529],[62.0482,75.4503],[62.2728,75.4401],[63.03,75.5877],[63.3044,75.5886],[65.2166,75.8542],[66.1786,75.962],[67.1465,76.1046],[67.9124,76.2585],[68.2879,76.2813],[68.7473,76.5105],[68.9307,76.7194],[68.4629,76.9667],[67.5881,77.0134],[66.9435,76.949],[65.7534,76.6828],[65.6107,76.5804],[65.169,76.4753],[64.8259,76.4842],[64.0345,76.3153],[63.7192,76.3497],[62.9568,76.2069],[62.7795,76.2707],[62.0938,76.2534],[61.637,76.312],[61.0769,76.28],[60.8384,76.123],[60.2681,76.1101],[59.7488,75.9306],[59.3987,75.9374],[58.2591,75.6929],[58.1867,75.5888],[57.5637,75.5197],[57.7411,75.3279],[57.0462,75.3981],[56.7606,75.287],[56.8809,75.2233],[55.8084,75.1566],[55.865,75.0036],[56.5428,74.9249],[55.8849,74.8462],[55.9378,74.7807],[56.466,74.7993],[56.6268,74.6935],[56.987,74.6905]]],[[[53.2318,71.2159],[53.061,71.2382],[52.7411,71.4058],[52.2578,71.3489],[52.5584,71.249],[52.7998,71.093],[53.1219,71.0861],[53.2318,71.2159]]],[[[51.3469,79.9533],[51.001,80.1025],[50.5525,79.988],[51.3469,79.9533]]],[[[50.0813,80.0681],[50.2285,80.226],[49.5313,80.1588],[50.0813,80.0681]]],[[[55.7949,80.6423],[56.9279,80.663],[56.5304,80.7871],[55.4317,80.7143],[55.7949,80.6423]]],[[[46.6873,80.5293],[46.9924,80.5527],[47.5581,80.7484],[48.0637,80.6624],[48.764,80.6596],[48.2752,80.8305],[47.5363,80.8567],[46.9207,80.7487],[45.0947,80.6492],[45.489,80.5242],[46.0706,80.5673],[46.6873,80.5293]]],[[[62.2219,80.8132],[62.0677,80.8799],[60.564,80.8228],[59.6939,80.8371],[59.2293,80.6441],[59.242,80.5293],[59.6364,80.4312],[60.3074,80.4956],[61.0446,80.4052],[61.7062,80.5975],[62.0723,80.6142],[62.2219,80.8132]]],[[[58.1301,80.7807],[58.9344,80.7807],[58.9289,80.8821],[58.1574,80.8712],[58.1301,80.7807]]],[[[55.7659,80.7837],[55.097,80.9028],[54.4067,80.8515],[54.8767,80.7211],[55.7659,80.7837]]],[[[51.6893,80.7273],[50.7243,80.8955],[49.6773,80.8535],[49.0037,80.7757],[49.631,80.6396],[48.8274,80.4977],[48.0134,80.5466],[48.2023,80.416],[47.428,80.3227],[46.6595,80.2742],[47.6331,80.1178],[48.4439,80.1008],[49.1072,80.1895],[48.6545,80.317],[49.4904,80.3635],[49.7278,80.4943],[50.9496,80.5368],[51.6893,80.7273]]],[[[57.3364,80.8918],[57.8381,80.8533],[58.2824,80.9265],[57.6445,81.0244],[56.7993,81.0275],[57.3364,80.8918]]],[[[54.5641,80.9954],[55.4048,80.9576],[55.7988,80.8544],[56.6685,80.8092],[57.0588,80.6918],[57.6813,80.8168],[56.0192,81.0436],[55.5769,81.0071],[54.863,81.0842],[54.5641,80.9954]]],[[[57.2661,81.4268],[58.3057,81.3769],[58.3999,81.4742],[57.013,81.5368],[57.2661,81.4268]]],[[[62.5037,81.6528],[63.4675,81.5891],[63.6776,81.695],[62.766,81.7066],[62.5037,81.6528]]],[[[58.2954,81.7142],[59.3556,81.7533],[59.2147,81.8587],[58.1561,81.8303],[58.2954,81.7142]]],[[[59.0017,79.9806],[59.9273,79.9949],[59.5291,80.1209],[58.7964,80.0436],[59.0017,79.9806]]],[[[55.7121,80.1035],[56.9568,80.0663],[57.131,80.3061],[55.9893,80.3367],[56.0191,80.1818],[55.7121,80.1035]]],[[[52.6229,80.1833],[53.4899,80.1718],[53.3411,80.399],[52.8595,80.4055],[52.5689,80.2895],[52.6229,80.1833]]],[[[57.5288,80.1314],[58.1946,80.2913],[59.1934,80.3785],[58.4524,80.4681],[56.9461,80.4815],[57.2744,80.3915],[57.2197,80.2413],[57.5288,80.1314]]],[[[60.2562,81.0364],[60.9878,80.922],[61.5998,81.0314],[61.6799,81.1137],[60.6128,81.0925],[60.2562,81.0364]]],[[[62.7705,80.8856],[62.6165,80.7981],[63.1307,80.6831],[64.4256,80.7409],[65.4458,80.9196],[65.2298,81.1367],[64.4229,81.1938],[64.0365,80.9869],[63.1423,80.9714],[62.7705,80.8856]]],[[[55.6468,81.2003],[56.4312,81.1745],[57.6887,81.3311],[56.7262,81.3972],[55.8347,81.3248],[55.6468,81.2003]]]]},"properties":{"iso":"RUS","name":"Arkhangel'sk","country":"Rússia","code":"RU-ARK"}},
{"type":"Feature","geometry":{"type":"MultiPolygon","coordinates":[[[[96.6841,53.6385],[96.5051,53.6844],[96.1259,53.9724],[96.0793,54.0627],[95.6782,54.2342],[95.7167,54.3879],[95.8969,54.3893],[96.0388,54.5582],[96.3514,54.5619],[96.495,54.5105],[96.5649,54.6969],[96.7119,54.9266],[96.5862,55.0191],[96.6847,55.0849],[96.7199,55.2649],[96.918,55.3295],[96.7528,55.6507],[96.7601,55.7461],[96.96,55.8609],[96.9865,56.0183],[97.1253,56.1017],[97.3519,56.0512],[97.5649,56.1896],[97.5914,56.3867],[97.8407,56.3931],[97.7623,56.5591],[97.7653,56.788],[97.4685,56.8274],[97.4888,56.9637],[97.3549,57.0605],[97.934,57.8113],[98.7675,57.7907],[98.9616,57.7233],[99.0799,57.7704],[99.4109,57.7955],[99.4975,57.929],[99.7028,58.0857],[100.0173,58.0815],[100.1293,57.8668],[100.2754,57.8048],[100.4187,57.5418],[100.7156,57.4129],[100.9114,57.4515],[100.9553,57.5553],[100.8014,57.673],[100.9705,57.8705],[101.1373,57.9854],[101.2976,58.2193],[101.5309,58.2253],[101.7736,58.4533],[102.1617,58.5156],[102.3111,58.6423],[102.5197,58.7279],[102.5373,58.8966],[102.4386,58.9437],[102.4549,59.1531],[102.7593,59.1994],[102.9988,59.3154],[103.2393,59.2836],[103.246,59.1801],[103.3752,59.0341],[103.6929,58.9232],[103.8895,58.9026],[103.9487,58.7739],[104.3738,58.7133],[104.4582,58.6023],[104.7867,58.6663],[104.7591,58.8205],[104.9483,58.9586],[105.3535,59.1079],[105.2253,59.4293],[104.9857,59.4611],[104.7988,59.6909],[105.1864,59.8585],[105.3772,59.8217],[105.4848,60.0219],[105.4238,60.1229],[105.4758,60.2539],[104.8892,60.3017],[104.6762,60.3999],[104.5232,60.6449],[104.5945,60.7352],[104.4597,60.8388],[104.8366,61.1762],[105.0046,61.1976],[104.904,61.3675],[105.2532,61.4199],[105.3675,61.5298],[105.7176,61.6496],[105.9414,61.6854],[105.9022,61.8349],[106.2181,62.0032],[106.4039,62.0307],[106.4791,62.3285],[106.7139,62.4876],[106.7257,62.5877],[106.4948,62.6919],[106.4349,62.8467],[106.2253,62.8938],[106.1256,63.0482],[106.4033,63.1133],[106.3683,63.2724],[106.6614,63.2967],[106.7253,63.375],[106.5168,63.483],[106.6914,63.6363],[106.6295,63.6968],[106.7934,63.8424],[107.2024,63.9569],[107.3725,63.8655],[107.5503,63.857],[107.6798,63.9892],[108.2629,63.9959],[108.2236,64.2034],[108.0265,64.2235],[107.8557,64.1816],[107.5697,64.2986],[107.3675,64.2506],[106.8774,64.4138],[106.3952,64.4426],[105.8029,64.5301],[105.7078,64.6527],[105.9461,64.8835],[105.9728,65.0118],[106.4537,65.233],[106.6353,65.3929],[106.8356,65.3783],[106.94,65.5112],[106.7131,65.5489],[106.4395,65.6617],[106.4713,66.0074],[106.3304,66.1545],[106.1713,66.1592],[106.1033,66.3783],[106.3219,66.4789],[106.2469,66.7022],[106.0474,66.789],[106.0437,66.9008],[105.6867,66.9395],[106.0547,67.1672],[106.8024,67.3482],[106.8956,68.1426],[106.8855,68.8655],[106.1529,69.3911],[106.4268,69.5639],[106.8386,69.5182],[107.1237,69.5875],[108.0073,69.705],[108.2906,69.8568],[108.871,69.8403],[109.237,69.7759],[109.509,70.0335],[109.2774,70.2065],[109.5355,70.264],[109.6015,70.3782],[109.9955,70.4169],[110.1167,70.478],[110.1028,70.6319],[110.489,70.726],[110.5394,70.8006],[111.3349,70.8553],[111.5224,70.9386],[112.2767,71.0127],[112.5793,71.1137],[112.5132,71.268],[111.9969,71.4136],[111.9961,72.1327],[111.8171,72.1317],[111.6428,72.2745],[111.0852,72.3696],[111.2103,72.5445],[110.7017,72.6505],[110.6274,72.8945],[110.8812,73.0229],[110.5708,73.2525],[110.5231,73.4041],[110.8179,73.5589],[110.9072,73.6919],[109.7139,73.4526],[109.2212,73.3871],[108.3933,73.3173],[107.7223,73.1685],[107.0359,73.1822],[106.7756,73.141],[106.3599,73.1943],[106.1756,73.0944],[106.2546,72.9672],[105.4826,72.7681],[106.2324,73.3228],[106.648,73.3067],[107.1336,73.5302],[107.1468,73.6177],[107.7769,73.6166],[108.4917,73.7725],[108.9961,74.0156],[109.4815,74.0772],[109.8901,74.197],[109.9995,74.3737],[110.9602,74.5485],[111.4658,74.6973],[111.7438,74.6632],[112.1468,74.8784],[112.8796,74.9929],[113.6052,75.285],[113.7082,75.4634],[113.3368,75.5351],[113.207,75.6501],[113.6174,75.6562],[113.8901,75.854],[113.5212,75.9306],[113.4597,76.1484],[113.2593,76.2664],[112.7404,76.267],[112.6709,76.3631],[112.1991,76.4719],[111.5554,76.6841],[110.3586,76.7557],[110.0614,76.6916],[109.3325,76.7585],[108.6848,76.7165],[107.9461,76.7373],[107.9846,76.6227],[107.5916,76.505],[107.0364,76.507],[106.6123,76.5596],[107.0803,76.8083],[107.4696,76.9064],[107.2505,77.007],[106.5,77.0216],[105.797,77.1126],[104.8726,77.0907],[104.8787,77.1674],[105.4558,77.2405],[105.9836,77.4383],[105.8737,77.5686],[105.3342,77.541],[104.9822,77.5891],[104.6782,77.7095],[104.0233,77.7331],[103.5925,77.6316],[103.1966,77.6589],[102.889,77.5463],[102.1577,77.4023],[100.9193,76.9759],[100.8641,76.838],[101.2346,76.7673],[101.036,76.5202],[99.5086,76.4687],[98.8748,76.5209],[99.0662,76.3531],[99.5558,76.279],[99.8778,76.0957],[99.2615,76.1292],[99.1721,76.2124],[98.5762,76.2316],[97.7986,76.0946],[97.8425,75.9924],[97.1992,75.9931],[96.8306,75.9154],[96.1105,76.1107],[95.3898,76.164],[94.7385,76.1156],[93.6858,76.1323],[93.785,76.0414],[93.5188,75.948],[93.5498,75.853],[92.0078,75.7258],[91.2913,75.629],[90.8635,75.6683],[90.5989,75.6119],[89.9541,75.5776],[89.7227,75.4515],[89.1323,75.4528],[88.6117,75.3442],[88.3145,75.1809],[87.9119,75.1008],[87.0246,75.1642],[86.8986,75.0877],[87.3543,75.0439],[87.3858,74.9443],[87.0972,74.8621],[87.0817,74.773],[86.6392,74.6973],[85.938,74.728],[86.4915,74.567],[86.4753,74.4582],[86.02,74.2625],[86.5056,74.2553],[86.803,74.184],[87.2401,73.8608],[87.4302,73.8203],[87.1648,73.6114],[86.2036,73.5578],[86.5198,73.6723],[87.0108,73.7787],[86.7832,73.9022],[85.6043,73.8219],[85.427,73.7119],[85.008,73.7104],[84.7932,73.7647],[84.366,73.7103],[83.728,73.6955],[83.4837,73.6555],[81.9569,73.6627],[81.5298,73.6478],[80.8322,73.5718],[80.2727,73.3098],[80.5283,73.2815],[80.5062,73.0784],[80.7505,73.0377],[80.842,72.9221],[80.6321,72.7338],[80.7041,72.5454],[81.2082,72.3549],[81.5862,72.3507],[82.1981,72.2816],[82.1851,72.0935],[82.787,71.9055],[83.3605,71.8406],[83.6282,71.6109],[83.5413,71.497],[83.1476,71.2448],[83.3818,71.0327],[83.7747,70.4766],[83.4839,70.335],[82.9517,70.3251],[83.183,70.1389],[82.8831,70.089],[82.6735,70.1656],[82.6641,70.2602],[83.0105,70.4266],[82.9932,70.5716],[83.1372,70.764],[83.1338,70.8824],[82.6882,70.9619],[82.4084,70.7902],[82.2031,71.0163],[82.3528,71.0963],[82.2966,71.2873],[82.8201,71.3913],[83.3205,71.6833],[82.8674,71.7864],[82.1943,71.7078],[81.7367,71.6999],[81.3423,71.7642],[81.2498,71.8592],[80.6472,72.0341],[80.8346,72.0833],[80.0101,72.2078],[79.3914,72.3856],[78.5028,72.3819],[78.6968,72.1803],[79.4189,72.0434],[79.6949,72.0577],[80.3391,71.8898],[80.0364,71.8308],[80.1188,71.6749],[79.8682,71.6017],[79.3827,71.615],[79.3335,71.4811],[79.1431,71.4217],[79.2447,71.3167],[79.5652,71.2774],[79.9544,71.1341],[80.5501,71.0444],[80.5519,70.9002],[80.7528,70.6352],[80.5691,70.4608],[80.1769,70.4296],[80.0951,70.3534],[79.6302,70.2207],[79.5053,70.1154],[79.2084,70.0528],[78.9129,69.8609],[79.1164,69.7316],[79.5854,69.5883],[79.8543,69.3545],[80.2598,69.3557],[80.7342,69.3081],[80.9669,69.2091],[81.3239,69.2856],[81.6107,69.2864],[82.2569,69.1567],[82.4807,68.9951],[82.5459,68.8403],[83.0154,68.6839],[82.5359,68.6107],[82.7096,68.4141],[82.6806,68.2828],[82.3946,68.1766],[82.3536,67.9435],[81.7305,67.9075],[82.1003,67.7244],[82.1096,67.609],[82.3868,67.5236],[82.2561,67.4091],[82.3525,67.328],[82.1173,67.2438],[83.1619,66.818],[83.2928,66.663],[83.0781,66.5789],[83.091,66.4592],[83.2624,66.3894],[83.5246,66.173],[83.2961,66.0583],[83.5212,65.9083],[83.5181,65.8225],[84.031,65.793],[84.5502,65.4334],[84.5233,65.2134],[84.3128,65.0985],[84.4701,64.8902],[84.8198,64.9307],[85.1844,64.7508],[85.61,64.8278],[85.859,64.7564],[85.8445,64.501],[86.0281,64.2798],[85.9482,64.0534],[85.5335,63.9367],[85.333,63.7008],[85.0967,63.5342],[85.3779,63.4665],[85.4102,63.3532],[85.6406,63.3742],[85.4694,63.1492],[85.584,63.0539],[85.5183,62.9326],[85.2252,62.8012],[85.09,62.638],[84.9577,62.5929],[84.4357,62.178],[84.5201,61.9451],[84.6811,61.8153],[84.9191,61.7965],[85.4796,61.6279],[85.9562,61.55],[85.9504,61.4647],[85.6439,61.3876],[85.6712,61.2892],[84.6481,61.0007],[84.2596,60.8555],[84.7083,60.4589],[84.7812,60.356],[84.6319,60.2056],[84.5313,59.975],[84.6919,59.9048],[85.4963,59.8916],[85.9682,59.9559],[86.6254,59.95],[87.0841,59.8828],[87.2136,59.685],[87.5539,59.6407],[87.8784,59.289],[87.9363,59.2662],[88.5859,59.2987],[88.6203,59.1988],[88.8258,59.0345],[88.3826,58.9089],[87.9322,58.5261],[88.0143,58.2683],[88.1557,58.1065],[88.6874,58.0366],[88.8508,57.9606],[89.3284,57.95],[89.3804,57.6372],[89.1668,57.6158],[89.0772,57.5147],[88.8615,57.4317],[88.7264,57.2228],[88.5296,57.0958],[88.7209,57.0553],[88.624,56.833],[88.7211,56.7317],[88.5167,56.6266],[88.5925,56.4436],[88.9132,56.3098],[89.1987,56.1346],[89.3628,55.7725],[89.0616,55.6929],[88.6823,55.516],[88.6088,55.4456],[88.7598,55.3441],[88.9502,55.2891],[88.9661,55.1848],[89.2008,54.9904],[89.55,55.0464],[89.6578,55.0031],[89.904,55.0861],[90.1292,55.1052],[90.4355,55.0163],[90.4583,54.8708],[90.6848,54.9047],[90.7149,54.8312],[90.9153,54.7911],[90.855,54.6267],[91.159,54.4879],[91.2096,54.3382],[91.4639,54.0565],[91.4651,53.966],[91.3266,53.8167],[91.4697,53.5139],[91.744,53.4467],[91.8412,53.2883],[91.6599,53.1585],[91.3511,53.0775],[91.3963,52.868],[91.2419,52.7475],[91.038,52.6602],[90.7003,52.4582],[90.4766,52.1834],[90.7436,52.0634],[90.8394,51.9124],[91.1005,51.9427],[91.1804,51.8901],[91.5431,51.9009],[91.8942,51.8528],[91.9867,51.7936],[92.4295,51.8019],[92.8443,51.8324],[93.0746,51.9453],[93.3604,52.1294],[93.678,52.2238],[93.7739,52.4462],[93.9893,52.5854],[94.2901,52.9],[94.5123,52.9108],[94.6037,53.0553],[94.5945,53.3157],[94.7399,53.3827],[95.0411,53.3759],[95.2604,53.4564],[95.3809,53.3719],[95.7676,53.5195],[96.0483,53.4537],[96.2415,53.6135],[96.4179,53.5432],[96.6423,53.5481],[96.6841,53.6385]]],[[[111.2952,73.8691],[110.5808,73.9914],[110.0215,74.0145],[109.5311,73.7753],[109.7996,73.7051],[110.2869,73.7058],[110.8777,73.7679],[111.2952,73.8691]]],[[[79.563,72.7683],[79.3685,73.0347],[79.1404,73.0954],[78.5923,72.8621],[78.9099,72.7413],[79.3953,72.704],[79.563,72.7683]]],[[[82.2396,75.3757],[81.4924,75.362],[81.6885,75.277],[82.2396,75.3757]]],[[[96.6441,76.267],[95.314,76.2766],[95.3106,76.2012],[95.8914,76.1536],[96.4006,76.1552],[96.6441,76.267]]],[[[111.9588,76.6022],[112.618,76.4588],[112.5281,76.6227],[111.9588,76.6022]]],[[[96.5274,77.2055],[95.7048,77.0751],[96.0066,76.9858],[96.4772,77.0822],[96.5274,77.2055]]],[[[89.6892,77.2806],[89.3044,77.3079],[89.3012,77.1472],[89.7468,77.1644],[89.6892,77.2806]]],[[[107.7041,78.1372],[107.5651,78.1876],[106.4771,78.1625],[107.5736,78.0676],[107.7041,78.1372]]],[[[105.4155,78.5834],[105.1751,78.8093],[104.4992,78.8638],[104.3831,78.9886],[103.9891,79.1308],[103.3491,79.1164],[102.7429,79.1588],[103.1384,79.3251],[102.3029,79.4328],[101.9646,79.2923],[101.3099,79.2388],[101.0271,79.0314],[100.2546,78.6654],[100.0007,78.4177],[100.0497,78.3432],[99.2683,78.0416],[99.5147,77.9435],[100.0373,77.9616],[101.0124,78.1304],[101.2098,78.1935],[102.8657,78.2191],[103.7126,78.2563],[104.1882,78.3268],[104.7874,78.3364],[105.3574,78.5063],[105.4155,78.5834]]],[[[77.6136,79.5219],[76.4823,79.6437],[76.1743,79.5691],[76.6961,79.4776],[77.6136,79.5219]]],[[[93.6282,79.9334],[92.6488,79.9838],[91.7821,80.0638],[91.1136,80.0489],[91.2624,79.903],[92.0995,79.8099],[91.9219,79.6789],[92.6248,79.6728],[93.6699,79.8317],[93.6282,79.9334]]],[[[99.886,79.0415],[99.5832,79.1728],[99.7481,79.3642],[99.7072,79.5691],[100.0225,79.8236],[99.199,80.05],[98.5779,79.9826],[98.2556,79.8729],[97.7681,79.9465],[98.0588,80.0318],[97.5921,80.1749],[96.36,80.0987],[95.5021,80.1115],[94.9356,80.0713],[94.2883,79.8986],[94.1694,79.7752],[93.7857,79.6585],[93.7489,79.5439],[94.3123,79.4792],[94.3645,79.2369],[95.0182,79.0385],[95.4221,79.1063],[95.9325,78.9929],[96.7985,78.9892],[97.2639,78.853],[97.7608,78.8088],[99.4056,78.8225],[99.8772,78.9311],[99.886,79.0415]]],[[[79.8067,80.9743],[79.2378,80.9531],[79.1276,80.8067],[80.3264,80.8605],[79.8067,80.9743]]],[[[91.5472,81.1538],[91.4548,81.1926],[90.0715,81.2145],[89.9963,81.1053],[91.1862,81.0568],[91.5472,81.1538]]],[[[97.7471,80.7416],[97.7886,80.8166],[96.973,80.9061],[96.5547,81.0774],[95.7766,81.2888],[95.1035,81.2713],[94.8897,81.1444],[93.0527,80.9954],[92.7188,80.888],[92.8887,80.6805],[92.7405,80.513],[91.9185,80.4684],[92.1074,80.2897],[92.5049,80.1577],[93.6941,79.9981],[95.0339,80.1383],[97.188,80.2336],[97.0208,80.5259],[97.1916,80.6453],[97.7471,80.7416]]]]},"properties":{"iso":"RUS","name":"Krasnoyarsk","country":"Rússia","code":"RU-KYA"}},
{"type":"Feature","geometry":{"type":"Polygon","coordinates":[[[-63.8468,11.1354],[-63.9858,11.1093],[-64.0491,10.9907],[-64.1983,11.0876],[-64.3706,11.0625],[-64.4086,10.9675],[-64.2244,10.9394],[-64.1759,10.9675],[-64.0426,10.8685],[-63.8981,10.885],[-63.7934,11.0011],[-63.8468,11.1354]]]},"properties":{"iso":"VEN","name":"Nueva Esparta","country":"Venezuela","code":"VE-O"}},
{"type":"Feature","geometry":{"type":"Polygon","coordinates":[[[-61.3526,10.8041],[-61.4285,10.7114],[-61.4098,10.5663],[-61.369,10.5655],[-61.2392,10.5914],[-61.1716,10.8039],[-61.3526,10.8041]],[[-61.2745,10.6074],[-61.2887,10.6233],[-61.2713,10.6406],[-61.2655,10.6197],[-61.2745,10.6074]]]},"properties":{"iso":"TTO","name":"Tunapuna/Piarco","country":"Trinidad e Tobago","code":"TT-TUP"}},
{"type":"Feature","geometry":{"type":"Polygon","coordinates":[[[-61.3526,10.8041],[-61.4901,10.7546],[-61.5114,10.6758],[-61.4957,10.6356],[-61.4622,10.5381],[-61.4098,10.5663],[-61.4285,10.7114],[-61.3526,10.8041]]]},"properties":{"iso":"TTO","name":"San Juan-Laventille","country":"Trinidad e Tobago","code":"TT-SJL"}},
{"type":"Feature","geometry":{"type":"Polygon","coordinates":[[[-61.4901,10.7546],[-61.5491,10.6671],[-61.5114,10.6758],[-61.4901,10.7546]]]},"properties":{"iso":"TTO","name":"Diego Martin","country":"Trinidad e Tobago","code":"TT-DMN"}},
{"type":"Feature","geometry":{"type":"Polygon","coordinates":[[[-61.5114,10.6758],[-61.5491,10.6671],[-61.4957,10.6356],[-61.5114,10.6758]]]},"properties":{"iso":"TTO","name":"Port of Spain","country":"Trinidad e Tobago","code":"TT-POS"}},
{"type":"Feature","geometry":{"type":"Polygon","coordinates":[[[-61.4098,10.5663],[-61.4622,10.5381],[-61.4623,10.5226],[-61.369,10.5655],[-61.4098,10.5663]]]},"properties":{"iso":"TTO","name":"Chaguanas","country":"Trinidad e Tobago","code":"TT-CHA"}},
{"type":"Feature","geometry":{"type":"Polygon","coordinates":[[[-61.369,10.5655],[-61.4623,10.5226],[-61.4596,10.3097],[-61.4278,10.31],[-61.2436,10.3071],[-61.1971,10.4564],[-61.2392,10.5914],[-61.369,10.5655]]]},"properties":{"iso":"TTO","name":"Couva-Tabaquite-Talparo","country":"Trinidad e Tobago","code":"TT-CTT"}},
{"type":"Feature","geometry":{"type":"Polygon","coordinates":[[[-61.4596,10.3097],[-61.4899,10.2493],[-61.4415,10.2591],[-61.4278,10.31],[-61.4596,10.3097]]]},"properties":{"iso":"TTO","name":"San Fernando","country":"Trinidad e Tobago","code":"TT-SFO"}},
{"type":"Feature","geometry":{"type":"Polygon","coordinates":[[[-61.4899,10.2493],[-61.5208,10.2402],[-61.4688,10.1857],[-61.5041,10.0695],[-61.3791,10.0728],[-61.3728,10.2174],[-61.4415,10.2591],[-61.4899,10.2493]]]},"properties":{"iso":"TTO","name":"Penal-Debe","country":"Trinidad e Tobago","code":"TT-PED"}},
{"type":"Feature","geometry":{"type":"Polygon","coordinates":[[[-61.5208,10.2402],[-61.6393,10.2101],[-61.6711,10.147],[-61.7074,10.1659],[-61.637,10.0578],[-61.5041,10.0695],[-61.4688,10.1857],[-61.5208,10.2402]]]},"properties":{"iso":"TTO","name":"Siparia","country":"Trinidad e Tobago","code":"TT-SIP"}},
{"type":"Feature","geometry":{"type":"Polygon","coordinates":[[[-61.6393,10.2101],[-61.7074,10.1659],[-61.6711,10.147],[-61.6393,10.2101]]]},"properties":{"iso":"TTO","name":"Point Fortin","country":"Trinidad e Tobago","code":"TT-PTF"}},
{"type":"Feature","geometry":{"type":"Polygon","coordinates":[[[-61.4278,10.31],[-61.4415,10.2591],[-61.3728,10.2174],[-61.3791,10.0728],[-61.1777,10.0752],[-61.192,10.2301],[-61.2436,10.3071],[-61.4278,10.31]]]},"properties":{"iso":"TTO","name":"Princes Town","country":"Trinidad e Tobago","code":"TT-PRT"}},
{"type":"Feature","geometry":{"type":"Polygon","coordinates":[[[-61.2436,10.3071],[-61.192,10.2301],[-61.1777,10.0752],[-60.996,10.1383],[-60.9984,10.3559],[-61.0384,10.4637],[-61.1971,10.4564],[-61.2436,10.3071]]]},"properties":{"iso":"TTO","name":"Rio Claro-Mayaro","country":"Trinidad e Tobago","code":"TT-RCM"}},
{"type":"Feature","geometry":{"type":"Polygon","coordinates":[[[-61.2392,10.5914],[-61.1971,10.4564],[-61.0384,10.4637],[-61.0327,10.6835],[-60.9498,10.7635],[-60.9488,10.8453],[-61.1716,10.8039],[-61.2392,10.5914]]]},"properties":{"iso":"TTO","name":"Sangre Grande","country":"Trinidad e Tobago","code":"TT-SGE"}},
{"type":"Feature","geometry":{"type":"Polygon","coordinates":[[[-65.2276,10.9538],[-65.3063,10.9765],[-65.4118,10.9248],[-65.2446,10.885],[-65.2276,10.9538]]]},"properties":{"iso":"VEN","name":"Dependencias Federales","country":"Venezuela","code":"VE-W"}},
{"type":"Feature","geometry":{"type":"Polygon","coordinates":[[[-60.6547,11.308],[-60.6471,11.2042],[-60.533,11.2665],[-60.5231,11.3437],[-60.6547,11.308]]]},"properties":{"iso":"TTO","name":"Eastern Tobago","country":"Trinidad e Tobago","code":"TT-ETO"}},
{"type":"Feature","geometry":{"type":"Polygon","coordinates":[[[-60.6547,11.308],[-60.7943,11.2166],[-60.8033,11.1433],[-60.6471,11.2042],[-60.6547,11.308]]]},"properties":{"iso":"TTO","name":"Western Tobago","country":"Trinidad e Tobago","code":"TT-WTO"}},
{"type":"Feature","geometry":{"type":"Polygon","coordinates":[[[-81.7115,12.5229],[-81.6864,12.5801],[-81.7064,12.5803],[-81.7198,12.5432],[-81.7115,12.5229]]]},"properties":{"iso":"COL","name":"San Andrés y Providencia","country":"Colômbia","code":"CO-SAP"}},
{"type":"Feature","geometry":{"type":"Polygon","coordinates":[[[-86.6065,16.285],[-86.491,16.3255],[-86.3121,16.4125],[-86.3321,16.4294],[-86.5307,16.3562],[-86.6065,16.285]]]},"properties":{"iso":"HND","name":"Islas de la Bahía","country":"Honduras","code":"HN-IB"}},
{"type":"Feature","geometry":{"type":"Polygon","coordinates":[[[-68.7851,18.9799],[-68.8324,18.9357],[-68.8387,18.7634],[-68.9353,18.6657],[-68.852,18.5186],[-68.9011,18.4037],[-68.743,18.2045],[-68.6584,18.2109],[-68.5745,18.3782],[-68.4443,18.4195],[-68.3341,18.5773],[-68.3562,18.6566],[-68.7851,18.9799]]]},"properties":{"iso":"DOM","name":"La Altagracia","country":"República Dominicana","code":"DO-11"}},
{"type":"Feature","geometry":{"type":"Polygon","coordinates":[[[-77.4653,18.4761],[-77.4515,18.3761],[-77.4912,18.1961],[-77.2109,18.1861],[-76.9964,18.242],[-77.0703,18.4134],[-77.4653,18.4761]]]},"properties":{"iso":"JAM","name":"Saint Ann","country":"Jamaica","code":"JM-06"}},
{"type":"Feature","geometry":{"type":"Polygon","coordinates":[[[-77.4653,18.4761],[-77.7355,18.5067],[-77.7814,18.2344],[-77.6403,18.2209],[-77.4912,18.1961],[-77.4515,18.3761],[-77.4653,18.4761]]]},"properties":{"iso":"JAM","name":"Trelawny","country":"Jamaica","code":"JM-07"}},
{"type":"Feature","geometry":{"type":"Polygon","coordinates":[[[-77.7355,18.5067],[-77.9023,18.5188],[-78.0002,18.4467],[-77.9214,18.2961],[-77.8959,18.1956],[-77.7814,18.2344],[-77.7355,18.5067]]]},"properties":{"iso":"JAM","name":"Saint James","country":"Jamaica","code":"JM-08"}},
{"type":"Feature","geometry":{"type":"Polygon","coordinates":[[[-78.0002,18.4467],[-78.2306,18.4442],[-78.346,18.298],[-78.1002,18.3386],[-77.9214,18.2961],[-78.0002,18.4467]]]},"properties":{"iso":"JAM","name":"Hanover","country":"Jamaica","code":"JM-09"}},
{"type":"Feature","geometry":{"type":"Polygon","coordinates":[[[-77.9214,18.2961],[-78.1002,18.3386],[-78.346,18.298],[-78.3407,18.2219],[-78.0752,18.1984],[-77.9646,18.0506],[-77.8959,18.1956],[-77.9214,18.2961]]]},"properties":{"iso":"JAM","name":"Westmoreland","country":"Jamaica","code":"JM-10"}},
{"type":"Feature","geometry":{"type":"Polygon","coordinates":[[[-77.7814,18.2344],[-77.8959,18.1956],[-77.9646,18.0506],[-77.7239,17.8536],[-77.5646,17.8571],[-77.6403,18.2209],[-77.7814,18.2344]]]},"properties":{"iso":"JAM","name":"Saint Elizabeth","country":"Jamaica","code":"JM-11"}},
{"type":"Feature","geometry":{"type":"Polygon","coordinates":[[[-77.6403,18.2209],[-77.5646,17.8571],[-77.3946,17.8534],[-77.3799,17.9688],[-77.4912,18.1961],[-77.6403,18.2209]]]},"properties":{"iso":"JAM","name":"Manchester","country":"Jamaica","code":"JM-12"}},
{"type":"Feature","geometry":{"type":"Polygon","coordinates":[[[-77.4912,18.1961],[-77.3799,17.9688],[-77.3946,17.8534],[-77.2161,17.7167],[-77.1346,17.8851],[-77.2109,18.1861],[-77.4912,18.1961]]]},"properties":{"iso":"JAM","name":"Clarendon","country":"Jamaica","code":"JM-13"}},
{"type":"Feature","geometry":{"type":"Polygon","coordinates":[[[-77.2109,18.1861],[-77.1346,17.8851],[-76.9553,17.8334],[-76.85,17.9923],[-76.8728,18.1483],[-76.9964,18.242],[-77.2109,18.1861]]]},"properties":{"iso":"JAM","name":"Saint Catherine","country":"Jamaica","code":"JM-14"}},
{"type":"Feature","geometry":{"type":"Polygon","coordinates":[[[-76.85,17.9923],[-76.8125,17.9715],[-76.7812,17.9954],[-76.727,17.9538],[-76.6572,17.9297],[-76.6278,18.0736],[-76.7514,18.1386],[-76.8728,18.1483],[-76.85,17.9923]]]},"properties":{"iso":"JAM","name":"Saint Andrew","country":"Jamaica","code":"JM-02"}},
{"type":"Feature","geometry":{"type":"Polygon","coordinates":[[[-76.8125,17.9715],[-76.727,17.9538],[-76.7812,17.9954],[-76.8125,17.9715]]]},"properties":{"iso":"JAM","name":"Kingston","country":"Jamaica","code":"JM-01"}},
{"type":"Feature","geometry":{"type":"Polygon","coordinates":[[[-76.6572,17.9297],[-76.5235,17.8603],[-76.3074,17.8701],[-76.2568,17.9963],[-76.6278,18.0736],[-76.6572,17.9297]]]},"properties":{"iso":"JAM","name":"Saint Thomas","country":"Jamaica","code":"JM-03"}},
{"type":"Feature","geometry":{"type":"Polygon","coordinates":[[[-76.6278,18.0736],[-76.2568,17.9963],[-76.3511,18.156],[-76.6304,18.2257],[-76.7015,18.2668],[-76.7514,18.1386],[-76.6278,18.0736]]]},"properties":{"iso":"JAM","name":"Portland","country":"Jamaica","code":"JM-04"}},
{"type":"Feature","geometry":{"type":"Polygon","coordinates":[[[-76.9964,18.242],[-76.8728,18.1483],[-76.7514,18.1386],[-76.7015,18.2668],[-76.7646,18.273],[-76.8949,18.4093],[-77.0703,18.4134],[-76.9964,18.242]]]},"properties":{"iso":"JAM","name":"Saint Mary","country":"Jamaica","code":"JM-05"}},
{"type":"Feature","geometry":{"type":"Polygon","coordinates":[[[-68.7851,18.9799],[-68.9794,19.0329],[-69.0425,18.9868],[-69.1395,19.0512],[-69.2117,19.021],[-69.3286,18.9241],[-69.2353,18.7979],[-69.2536,18.6402],[-69.0927,18.5273],[-68.9353,18.6657],[-68.8387,18.7634],[-68.8324,18.9357],[-68.7851,18.9799]]]},"properties":{"iso":"DOM","name":"El Seybo","country":"República Dominicana","code":"DO-08"}},
{"type":"Feature","geometry":{"type":"Polygon","coordinates":[[[-69.2117,19.021],[-69.42,19.1112],[-69.6209,19.102],[-69.6378,19.0089],[-69.3809,18.8711],[-69.4591,18.8026],[-69.4285,18.6541],[-69.3537,18.522],[-69.2536,18.6402],[-69.2353,18.7979],[-69.3286,18.9241],[-69.2117,19.021]]]},"properties":{"iso":"DOM","name":"Hato Mayor","country":"República Dominicana","code":"DO-30"}},
{"type":"Feature","geometry":{"type":"Polygon","coordinates":[[[-69.6209,19.102],[-69.6029,19.229],[-69.2537,19.1835],[-69.1584,19.2851],[-69.3356,19.2934],[-69.5394,19.3394],[-69.7715,19.3033],[-69.7861,19.1981],[-69.7558,19.0876],[-69.6378,19.0089],[-69.6209,19.102]]]},"properties":{"iso":"DOM","name":"Samaná","country":"República Dominicana","code":"DO-20"}},
{"type":"Feature","geometry":{"type":"Polygon","coordinates":[[[-69.7715,19.3033],[-69.868,19.4253],[-69.8979,19.636],[-69.9473,19.6787],[-70.094,19.6367],[-70.2151,19.4974],[-70.1187,19.3471],[-69.9913,19.2571],[-69.7861,19.1981],[-69.7715,19.3033]]]},"properties":{"iso":"DOM","name":"María Trinidad Sánchez","country":"República Dominicana","code":"DO-14"}},
{"type":"Feature","geometry":{"type":"Polygon","coordinates":[[[-70.094,19.6367],[-70.3013,19.6577],[-70.3727,19.7142],[-70.4942,19.6507],[-70.5477,19.5178],[-70.6139,19.3688],[-70.4673,19.3188],[-70.4423,19.5003],[-70.2366,19.4992],[-70.2151,19.4974],[-70.094,19.6367]]]},"properties":{"iso":"DOM","name":"Espaillat","country":"República Dominicana","code":"DO-09"}},
{"type":"Feature","geometry":{"type":"Polygon","coordinates":[[[-71.134,19.7518],[-70.8641,19.6417],[-70.7605,19.5904],[-70.6588,19.6287],[-70.5477,19.5178],[-70.4942,19.6507],[-70.3727,19.7142],[-70.4337,19.7752],[-70.6237,19.7665],[-70.831,19.9025],[-71.0009,19.9377],[-71.2218,19.8346],[-71.134,19.7518]]]},"properties":{"iso":"DOM","name":"Puerto Plata","country":"República Dominicana","code":"DO-18"}},
{"type":"Feature","geometry":{"type":"Polygon","coordinates":[[[-72.0479,19.712],[-72.1409,19.7475],[-72.3304,19.7521],[-72.5652,19.8757],[-72.6756,19.8068],[-72.5979,19.7332],[-72.5403,19.5919],[-72.2436,19.4491],[-72.2001,19.3019],[-72.1201,19.2601],[-71.9789,19.3358],[-72.1107,19.5661],[-72.0479,19.712]]]},"properties":{"iso":"HTI","name":"Nord","country":"Haiti","code":"HT-ND"}},
{"type":"Feature","geometry":{"type":"Polygon","coordinates":[[[-72.2001,19.3019],[-72.2436,19.4491],[-72.5403,19.5919],[-72.5979,19.7332],[-72.6756,19.8068],[-72.9058,19.717],[-73.0668,19.7333],[-73.1208,19.6291],[-72.8148,19.5048],[-72.7283,19.4256],[-72.8034,19.2319],[-72.7165,19.1039],[-72.8135,19.0529],[-72.706,18.9442],[-72.4877,18.9589],[-72.3652,18.867],[-72.2299,18.9406],[-72.2459,19.2409],[-72.2001,19.3019]]]},"properties":{"iso":"HTI","name":"L'Artibonite","country":"Haiti","code":"HT-AR"}},
{"type":"Feature","geometry":{"type":"Polygon","coordinates":[[[-73.0559,18.4585],[-73.5267,18.5235],[-73.6047,18.4983],[-73.7394,18.5438],[-73.784,18.4247],[-73.5994,18.427],[-73.5134,18.334],[-73.3193,18.3666],[-73.1159,18.3551],[-73.0125,18.2209],[-72.9977,18.3228],[-73.0559,18.4585]]]},"properties":{"iso":"HTI","name":"Nippes","country":"Haiti","code":"HT-NI"}},
{"type":"Feature","geometry":{"type":"Polygon","coordinates":[[[-71.4219,18.1359],[-71.4022,17.9639],[-71.281,17.8531],[-71.2043,17.9111],[-71.0611,18.1421],[-71.084,18.3044],[-70.9656,18.2621],[-71.0427,18.3807],[-71.0148,18.502],[-71.1803,18.3971],[-71.2008,18.3384],[-71.4219,18.1359]]]},"properties":{"iso":"DOM","name":"Barahona","country":"República Dominicana","code":"DO-04"}},
{"type":"Feature","geometry":{"type":"Polygon","coordinates":[[[-70.9656,18.2621],[-70.7038,18.4301],[-70.6014,18.4119],[-70.5794,18.2718],[-70.4874,18.3212],[-70.4791,18.4132],[-70.6503,18.5724],[-70.7,18.6768],[-70.6858,18.734],[-70.8274,18.8623],[-70.8912,18.9885],[-70.9753,18.8837],[-70.9825,18.7826],[-71.0558,18.6788],[-71.1613,18.6159],[-71.0148,18.502],[-71.0427,18.3807],[-70.9656,18.2621]]]},"properties":{"iso":"DOM","name":"Azua","country":"República Dominicana","code":"DO-02"}},
{"type":"Feature","geometry":{"type":"Polygon","coordinates":[[[-70.5794,18.2718],[-70.5528,18.2042],[-70.3976,18.2376],[-70.1804,18.2341],[-70.2697,18.3688],[-70.237,18.433],[-70.3566,18.5036],[-70.4791,18.4132],[-70.4874,18.3212],[-70.5794,18.2718]]]},"properties":{"iso":"DOM","name":"Peravia","country":"República Dominicana","code":"DO-17"}},
{"type":"Feature","geometry":{"type":"Polygon","coordinates":[[[-70.1804,18.2341],[-70.004,18.4175],[-70.1236,18.5312],[-70.1672,18.7317],[-70.2512,18.8017],[-70.35,18.7202],[-70.3566,18.5036],[-70.237,18.433],[-70.2697,18.3688],[-70.1804,18.2341]]]},"properties":{"iso":"DOM","name":"San Cristóbal","country":"República Dominicana","code":"DO-21"}},
{"type":"Feature","geometry":{"type":"Polygon","coordinates":[[[-70.004,18.4175],[-69.9809,18.4265],[-69.9974,18.4939],[-69.8794,18.4712],[-69.5281,18.4103],[-69.6166,18.52],[-69.5753,18.6482],[-69.798,18.6001],[-69.8883,18.7013],[-70.0088,18.6622],[-70.1672,18.7317],[-70.1236,18.5312],[-70.004,18.4175]]]},"properties":{"iso":"DOM","name":"Santo Domingo","country":"República Dominicana","code":"DO-32"}},
{"type":"Feature","geometry":{"type":"Polygon","coordinates":[[[-69.9809,18.4265],[-69.8794,18.4712],[-69.9974,18.4939],[-69.9809,18.4265]]]},"properties":{"iso":"DOM","name":"Distrito Nacional","country":"República Dominicana","code":"DO-01"}},
{"type":"Feature","geometry":{"type":"Polygon","coordinates":[[[-69.2536,18.6402],[-69.3537,18.522],[-69.4285,18.6541],[-69.4591,18.8026],[-69.5753,18.6482],[-69.6166,18.52],[-69.5281,18.4103],[-69.2363,18.4505],[-69.0854,18.3959],[-69.0927,18.5273],[-69.2536,18.6402]]]},"properties":{"iso":"DOM","name":"San Pedro de Macorís","country":"República Dominicana","code":"DO-23"}},
{"type":"Feature","geometry":{"type":"Polygon","coordinates":[[[-68.9353,18.6657],[-69.0927,18.5273],[-69.0854,18.3959],[-68.9011,18.4037],[-68.852,18.5186],[-68.9353,18.6657]]]},"properties":{"iso":"DOM","name":"La Romana","country":"República Dominicana","code":"DO-12"}},
{"type":"Feature","geometry":{"type":"MultiPolygon","coordinates":[[[[-77.6342,22.0543],[-77.8085,22.0996],[-77.9018,22.0152],[-77.6951,21.9481],[-77.6342,22.0543]]],[[[-78.0818,22.0828],[-78.0753,22.0377],[-78.2458,21.9081],[-78.1832,21.7692],[-78.3338,21.7846],[-78.3784,21.6693],[-78.6416,21.5339],[-78.5633,21.3835],[-78.4947,21.0479],[-78.4039,20.958],[-78.272,20.9011],[-78.0655,20.7117],[-77.8311,20.7256],[-77.7658,20.8762],[-77.5874,20.9378],[-77.4679,21.0537],[-77.2918,20.995],[-77.1311,21.1735],[-77.1005,21.4165],[-76.9448,21.4578],[-77.0699,21.5958],[-77.1531,21.4953],[-77.258,21.4764],[-77.2497,21.6098],[-77.1417,21.6456],[-77.5076,21.8625],[-77.6647,21.7812],[-77.895,21.8769],[-78.0818,22.0828]]]]},"properties":{"iso":"CUB","name":"Camagüey","country":"Cuba","code":"CU-09"}},
{"type":"Feature","geometry":{"type":"Polygon","coordinates":[[[-78.0818,22.0828],[-78.3014,22.1638],[-78.3815,22.2466],[-78.7818,22.3906],[-78.9272,22.3987],[-79.0347,22.1765],[-78.9648,22.044],[-79.1221,21.7499],[-79.109,21.6654],[-78.9707,21.6902],[-78.96,21.5996],[-78.7665,21.6397],[-78.6416,21.5339],[-78.3784,21.6693],[-78.3338,21.7846],[-78.1832,21.7692],[-78.2458,21.9081],[-78.0753,22.0377],[-78.0818,22.0828]]]},"properties":{"iso":"CUB","name":"Ciego de Ávila","country":"Cuba","code":"CU-08"}},
{"type":"Feature","geometry":{"type":"Polygon","coordinates":[[[-74.7152,20.5561],[-74.7512,20.6196],[-74.9984,20.7008],[-75.1491,20.6831],[-75.3942,20.739],[-75.4978,20.6934],[-75.7089,20.6906],[-75.7839,20.7464],[-75.5785,21.0134],[-75.6359,21.0764],[-75.8218,21.1369],[-75.8734,21.1021],[-76.1168,21.0915],[-76.1378,21.1672],[-76.3135,21.2519],[-76.3439,21.1275],[-76.5172,20.9813],[-76.6873,20.9361],[-76.7219,20.7223],[-76.2531,20.5136],[-76.1797,20.4376],[-76.0945,20.4994],[-75.9698,20.503],[-75.8247,20.4076],[-75.6588,20.4415],[-75.5116,20.5509],[-75.3755,20.4229],[-75.2405,20.3968],[-75.1897,20.4717],[-75.0483,20.4337],[-74.9688,20.4721],[-74.845,20.4082],[-74.7152,20.5561]]]},"properties":{"iso":"CUB","name":"Holguín","country":"Cuba","code":"CU-11"}},
{"type":"Feature","geometry":{"type":"Polygon","coordinates":[[[-82.568,21.6365],[-82.6902,21.8818],[-82.9895,21.9484],[-83.0752,21.8432],[-83.0735,21.7606],[-82.9692,21.5913],[-83.0785,21.4692],[-82.8356,21.4447],[-82.5946,21.5418],[-82.568,21.6365]]]},"properties":{"iso":"CUB","name":"Isla de la Juventud","country":"Cuba","code":"CU-99"}},
{"type":"Feature","geometry":{"type":"Polygon","coordinates":[[[-74.2869,22.7333],[-74.0907,22.6575],[-74.2285,22.8158],[-74.2869,22.7333]]]},"properties":{"iso":"BHS","name":"Crooked Island and Long Cay","country":"Bahamas","code":"BS-CK"}},
{"type":"Feature","geometry":{"type":"Polygon","coordinates":[[[-78.9272,22.3987],[-79.1487,22.3776],[-79.3418,22.4132],[-79.4167,22.4725],[-79.3535,22.2968],[-79.542,22.1507],[-79.7729,22.1493],[-79.7298,22.0624],[-79.7907,21.9818],[-79.905,22.0102],[-80.024,21.9385],[-80.101,21.8248],[-80.0032,21.7209],[-79.8954,21.76],[-79.8158,21.7112],[-79.6393,21.6877],[-79.4503,21.5955],[-79.1693,21.5517],[-78.96,21.5996],[-78.9707,21.6902],[-79.109,21.6654],[-79.1221,21.7499],[-78.9648,22.044],[-79.0347,22.1765],[-78.9272,22.3987]]]},"properties":{"iso":"CUB","name":"Sancti Spíritus","country":"Cuba","code":"CU-07"}},
{"type":"Feature","geometry":{"type":"Polygon","coordinates":[[[-79.4167,22.4725],[-79.5118,22.5346],[-79.7002,22.7469],[-79.9879,22.8841],[-80.0246,22.9467],[-80.2796,22.912],[-80.5568,23.0074],[-80.5931,23.068],[-80.618,22.9873],[-80.7294,22.9664],[-80.7468,22.8776],[-80.553,22.7482],[-80.5197,22.542],[-80.4594,22.5846],[-80.318,22.536],[-80.233,22.3703],[-80.0841,22.2456],[-80.0999,22.1234],[-80.024,21.9385],[-79.905,22.0102],[-79.7907,21.9818],[-79.7298,22.0624],[-79.7729,22.1493],[-79.542,22.1507],[-79.3535,22.2968],[-79.4167,22.4725]]]},"properties":{"iso":"CUB","name":"Villa Clara","country":"Cuba","code":"CU-05"}},
{"type":"Feature","geometry":{"type":"Polygon","coordinates":[[[-80.5931,23.068],[-80.7593,23.097],[-80.9594,23.059],[-81.0781,23.1038],[-81.1849,23.0521],[-81.2722,23.142],[-81.4807,23.1003],[-81.6839,23.1569],[-81.7472,22.9868],[-81.5981,22.705],[-81.6507,22.5751],[-81.6835,22.4636],[-81.8411,22.4308],[-82.1187,22.4318],[-82.0882,22.3422],[-81.8797,22.2604],[-81.8245,22.1889],[-81.6515,22.213],[-81.3961,22.1707],[-81.2913,22.0976],[-81.1976,22.2125],[-81.1037,22.0959],[-80.9921,22.0543],[-80.5934,22.0542],[-80.6182,22.1213],[-80.8323,22.1575],[-80.9309,22.2691],[-80.9407,22.3601],[-80.8371,22.482],[-80.6237,22.4595],[-80.5197,22.542],[-80.553,22.7482],[-80.7468,22.8776],[-80.7294,22.9664],[-80.618,22.9873],[-80.5931,23.068]]]},"properties":{"iso":"CUB","name":"Matanzas","country":"Cuba","code":"CU-04"}},
{"type":"Feature","geometry":{"type":"Polygon","coordinates":[[[-75.7982,23.5386],[-75.9822,23.6827],[-75.9877,23.6008],[-75.8734,23.5284],[-75.7982,23.5386]]]},"properties":{"iso":"BHS","name":"Exuma","country":"Bahamas","code":"BS-EX"}},
{"type":"Feature","geometry":{"type":"Polygon","coordinates":[[[-74.8591,22.9803],[-74.8448,23.0001],[-74.9464,23.0937],[-75.0316,23.1234],[-75.0769,23.1717],[-75.0941,23.3053],[-75.1827,23.4464],[-75.1949,23.5141],[-75.2501,23.4902],[-75.1969,23.4101],[-75.1317,23.3558],[-75.1129,23.2813],[-75.1322,23.186],[-75.0751,23.1274],[-74.9905,23.0786],[-74.9244,23.0117],[-74.8591,22.9803]]]},"properties":{"iso":"BHS","name":"Long Island","country":"Bahamas","code":"BS-LI"}},
{"type":"Feature","geometry":{"type":"Polygon","coordinates":[[[-74.9001,23.7065],[-74.8909,23.6647],[-74.7937,23.6713],[-74.8124,23.7197],[-74.9001,23.7065]]]},"properties":{"iso":"BHS","name":"Rum Cay","country":"Bahamas","code":"BS-RC"}},
{"type":"Feature","geometry":{"type":"Polygon","coordinates":[[[-76.3252,23.974],[-76.319,23.9802],[-76.3768,24.1014],[-76.375,24.0466],[-76.3252,23.974]]]},"properties":{"iso":"BHS","name":"Black Point","country":"Bahamas","code":"BS-BP"}},
{"type":"Feature","geometry":{"type":"Polygon","coordinates":[[[-74.4687,24.0218],[-74.4271,24.0832],[-74.4582,24.1413],[-74.5297,24.1004],[-74.4687,24.0218]]]},"properties":{"iso":"BHS","name":"San Salvador","country":"Bahamas","code":"BS-SS"}},
{"type":"Feature","geometry":{"type":"Polygon","coordinates":[[[-77.7418,24.6347],[-77.9424,24.6385],[-78.0718,24.5965],[-78.1344,24.5016],[-78.1341,24.404],[-78.0633,24.3162],[-77.9086,24.3508],[-77.7187,24.4998],[-77.7418,24.6347]]]},"properties":{"iso":"BHS","name":"Central Andros","country":"Bahamas","code":"BS-CS"}},
{"type":"Feature","geometry":{"type":"Polygon","coordinates":[[[-77.8226,23.9802],[-77.744,24.0355],[-77.74,24.1645],[-77.8397,24.2067],[-77.942,24.0969],[-77.8226,23.9802]]]},"properties":{"iso":"BHS","name":"Mangrove Cay","country":"Bahamas","code":"BS-MC"}},
{"type":"Feature","geometry":{"type":"Polygon","coordinates":[[[-77.8226,23.9802],[-77.8129,23.8767],[-77.643,23.7549],[-77.5659,23.7407],[-77.5175,23.8642],[-77.5495,24.1259],[-77.6075,24.2182],[-77.744,24.0355],[-77.8226,23.9802]]]},"properties":{"iso":"BHS","name":"South Andros","country":"Bahamas","code":"BS-SA"}},
{"type":"Feature","geometry":{"type":"Polygon","coordinates":[[[-75.3147,24.2174],[-75.4761,24.3706],[-75.6126,24.5624],[-75.6263,24.645],[-75.7089,24.7002],[-75.7566,24.6603],[-75.6527,24.5884],[-75.5715,24.4888],[-75.534,24.3892],[-75.3358,24.1585],[-75.3147,24.2174]]]},"properties":{"iso":"BHS","name":"Cat Island","country":"Bahamas","code":"BS-CI"}},
{"type":"Feature","geometry":{"type":"Polygon","coordinates":[[[-77.48,24.9914],[-77.3795,25.0015],[-77.3261,25.0793],[-77.456,25.077],[-77.48,24.9914]]]},"properties":{"iso":"BHS","name":"New Providence","country":"Bahamas","code":"BS-X01~"}},
{"type":"Feature","geometry":{"type":"Polygon","coordinates":[[[-77.7418,24.6347],[-77.7372,24.7002],[-77.8734,24.8386],[-77.9866,25.0129],[-77.9769,25.1384],[-78.0452,25.1831],[-78.2143,25.1846],[-78.1577,25.0002],[-78.2081,24.8618],[-78.3351,24.6728],[-78.443,24.6245],[-78.2264,24.4655],[-78.1344,24.5016],[-78.0718,24.5965],[-77.9424,24.6385],[-77.7418,24.6347]]]},"properties":{"iso":"BHS","name":"North Andros","country":"Bahamas","code":"BS-NS"}},
{"type":"Feature","geometry":{"type":"Polygon","coordinates":[[[-76.314,25.2996],[-76.3326,25.2853],[-76.1649,25.1298],[-76.1703,24.9889],[-76.1544,24.9814],[-76.1129,25.1149],[-76.314,25.2996]]]},"properties":{"iso":"BHS","name":"Central Eleuthera","country":"Bahamas","code":"BS-CE"}},
{"type":"Feature","geometry":{"type":"Polygon","coordinates":[[[-76.314,25.2996],[-76.3683,25.3427],[-76.4609,25.3546],[-76.6246,25.4625],[-76.7298,25.5636],[-76.7128,25.4469],[-76.5912,25.4226],[-76.4896,25.3513],[-76.3716,25.3225],[-76.3326,25.2853],[-76.314,25.2996]]]},"properties":{"iso":"BHS","name":"North Eleuthera","country":"Bahamas","code":"BS-NE"}},
{"type":"Feature","geometry":{"type":"Polygon","coordinates":[[[-76.1703,24.9889],[-76.2109,24.901],[-76.137,24.9022],[-76.1544,24.9814],[-76.1703,24.9889]]]},"properties":{"iso":"BHS","name":"South Eleuthera","country":"Bahamas","code":"BS-SE"}},
{"type":"Feature","geometry":{"type":"Polygon","coordinates":[[[-77.8192,25.7076],[-77.8583,25.7773],[-77.8873,25.7814],[-77.8315,25.7087],[-77.8192,25.7076]]]},"properties":{"iso":"BHS","name":"Berry Islands","country":"Bahamas","code":"BS-BY"}},
{"type":"Feature","geometry":{"type":"Polygon","coordinates":[[[-77.538,26.3066],[-77.5704,26.3327],[-77.5793,26.318],[-77.567,26.291],[-77.538,26.3066]]]},"properties":{"iso":"BHS","name":"Moore's Island","country":"Bahamas","code":"BS-MI"}},
{"type":"Feature","geometry":{"type":"Polygon","coordinates":[[[-78.5981,26.5314],[-78.6359,26.5462],[-78.6464,26.5049],[-78.5981,26.5314]]]},"properties":{"iso":"BHS","name":"City of Freeport","country":"Bahamas","code":"BS-FP"}},
{"type":"Feature","geometry":{"type":"Polygon","coordinates":[[[-78.5981,26.5314],[-78.4112,26.5942],[-78.4744,26.7128],[-78.5759,26.6948],[-78.638,26.6097],[-78.6464,26.5049],[-78.6359,26.5462],[-78.5981,26.5314]]]},"properties":{"iso":"BHS","name":"West Grand Bahama","country":"Bahamas","code":"BS-WG"}},
{"type":"Feature","geometry":{"type":"Polygon","coordinates":[[[-78.4112,26.5942],[-77.9029,26.6816],[-77.9717,26.7296],[-78.2871,26.6855],[-78.4744,26.7128],[-78.4112,26.5942]]]},"properties":{"iso":"BHS","name":"East Grand Bahama","country":"Bahamas","code":"BS-EG"}},
{"type":"Feature","geometry":{"type":"Polygon","coordinates":[[[-77.2306,26.2851],[-77.0316,26.3553],[-77.0588,26.5294],[-77.2699,26.6251],[-77.328,26.7091],[-77.3754,26.6995],[-77.3122,26.5947],[-77.1607,26.5642],[-77.2301,26.4475],[-77.2306,26.2851]]]},"properties":{"iso":"BHS","name":"Central Abaco","country":"Bahamas","code":"BS-CO"}},
{"type":"Feature","geometry":{"type":"Polygon","coordinates":[[[-77.2306,26.2851],[-77.2233,26.1458],[-77.3479,26.0706],[-77.1907,25.9163],[-77.1649,26.2454],[-77.0316,26.3553],[-77.2306,26.2851]]]},"properties":{"iso":"BHS","name":"South Abaco","country":"Bahamas","code":"BS-SO"}},
{"type":"Feature","geometry":{"type":"Polygon","coordinates":[[[-77.328,26.7091],[-77.5113,26.8695],[-77.7745,26.9272],[-77.7546,26.8795],[-77.5175,26.8522],[-77.3754,26.6995],[-77.328,26.7091]]]},"properties":{"iso":"BHS","name":"North Abaco","country":"Bahamas","code":"BS-NO"}},
{"type":"Feature","geometry":{"type":"Polygon","coordinates":[[[46.8881,44.7519],[47.0715,44.7851],[47.2012,44.97],[47.2971,45.1874],[47.5365,45.5077],[47.4964,45.5653],[47.47,45.6348],[47.2961,45.6463],[46.9222,45.5777],[46.9062,45.6368],[47.089,46.1182],[46.8455,46.0755],[46.8563,46.2442],[46.5044,46.2738],[46.6636,46.429],[46.9397,46.4316],[46.9301,46.5556],[47.2135,46.7423],[47.1259,46.8507],[46.9879,46.8633],[46.912,46.9796],[46.8009,47.0036],[46.5113,47.4064],[46.7882,47.5566],[46.6845,47.628],[46.4494,47.4781],[46.2971,47.437],[46.1163,47.5024],[45.8433,47.7193],[45.707,47.9084],[45.741,48.0001],[45.5469,47.9971],[45.3006,48.0977],[44.9332,48.1355],[44.766,48.0588],[44.5467,48.0631],[44.5402,48.1969],[44.3059,48.2551],[44.3141,48.0941],[44.4669,47.9902],[44.3891,47.8683],[44.0825,47.909],[43.9515,47.7561],[43.7052,47.6831],[43.6336,47.5704],[43.7315,47.4766],[43.8023,47.2825],[44.1096,47.4137],[44.1168,47.5335],[44.2284,47.5746],[44.334,47.4752],[44.3276,47.1108],[44.2624,46.9001],[43.9304,46.7227],[43.8171,46.5887],[43.9277,46.521],[43.9184,46.416],[43.7859,46.4075],[43.646,46.2157],[43.5594,46.1689],[43.3556,46.1724],[43.0802,46.3598],[42.9118,46.435],[42.7872,46.3894],[42.5968,46.4109],[42.4093,46.5249],[42.1809,46.5779],[42.0343,46.5433],[42.0996,46.4071],[41.8401,46.1529],[41.6558,46.1053],[41.7126,45.996],[42.1497,45.949],[42.1774,46.0991],[42.3397,46.1071],[42.3174,45.9808],[42.5335,45.9977],[42.8346,46.1558],[42.9914,46.1796],[43.2373,46.1124],[43.3925,46.016],[43.8776,45.9455],[44.097,45.7739],[44.1482,45.6525],[44.421,45.5267],[44.7063,45.506],[45.5862,45.1583],[45.706,44.9758],[45.8537,45.0005],[46.4337,44.9366],[46.8881,44.7519]]]},"properties":{"iso":"RUS","name":"Kalmyk","country":"Rússia","code":"RU-KL"}},
{"type":"Feature","geometry":{"type":"MultiPolygon","coordinates":[[[[147.9985,-43.2304],[147.9639,-43.0105],[148.0047,-42.9089],[147.8887,-42.8195],[147.9531,-42.72],[147.9369,-42.5909],[148.006,-42.5141],[147.9834,-42.319],[148.0745,-42.1974],[148.147,-41.9993],[148.2993,-42.0506],[148.3269,-41.9158],[148.261,-41.8004],[148.315,-41.6065],[148.2795,-41.4504],[148.3311,-41.3225],[148.2689,-41.1516],[148.3314,-41.0022],[148.2093,-40.8408],[147.9842,-40.7365],[147.9162,-40.8527],[147.8198,-40.8935],[147.5974,-40.8469],[147.4448,-41.0084],[147.286,-40.9413],[147.1711,-41.0065],[147.0176,-40.9767],[146.4237,-41.1662],[146.2144,-41.1554],[145.7913,-41.017],[145.7116,-40.9304],[144.9847,-40.7448],[144.6892,-40.7045],[144.697,-40.8869],[144.6058,-40.9965],[144.6753,-41.0807],[144.6817,-41.2231],[144.7673,-41.3355],[144.926,-41.7091],[145.2066,-41.9666],[145.2769,-42.1821],[145.2024,-42.2475],[145.2642,-42.5953],[145.3527,-42.6508],[145.5103,-42.9584],[145.5823,-42.9636],[145.8733,-43.2584],[146.0254,-43.3249],[146.0308,-43.4827],[146.3055,-43.5304],[146.5135,-43.5339],[146.7107,-43.629],[146.927,-43.6117],[146.936,-43.4952],[147.0998,-43.2994],[147.2576,-43.2543],[147.2576,-43.1144],[147.3602,-42.9252],[147.4773,-42.9089],[147.5856,-42.8212],[147.6895,-42.8953],[147.8403,-42.902],[147.8871,-43.0344],[147.6478,-43.0728],[147.7925,-43.2441],[147.8675,-43.1417],[147.9985,-43.2304]]],[[[147.3366,-43.3403],[147.1681,-43.3683],[147.1492,-43.5012],[147.3159,-43.5007],[147.3366,-43.3403]]],[[[148.4299,-40.3733],[148.346,-40.3095],[148.0741,-40.3512],[148.082,-40.4543],[148.2957,-40.4347],[148.4299,-40.3733]]],[[[148.0149,-40.1506],[148.0747,-40.2551],[148.3074,-40.2377],[148.3338,-40.1747],[148.299,-39.9618],[148.167,-39.9356],[147.9533,-39.7117],[147.8537,-39.8277],[148.0149,-40.1506]]],[[[144.1055,-39.893],[144.0842,-39.6262],[143.862,-39.7006],[143.8381,-39.9345],[143.9225,-40.1274],[144.1125,-40.0309],[144.1055,-39.893]]]]},"properties":{"iso":"AUS","name":"Tasmania","country":"Austrália","code":"AU-TAS"}},
{"type":"Feature","geometry":{"type":"MultiPolygon","coordinates":[[[[-154.8996,19.567],[-155.0871,19.8604],[-155.3323,20.0467],[-155.5864,20.1229],[-155.738,20.2438],[-155.8672,20.2631],[-155.8826,20.1049],[-155.8241,20.0201],[-155.926,19.8688],[-156.0602,19.7312],[-155.9822,19.6077],[-155.8855,19.3342],[-155.9199,19.1386],[-155.8781,19.0291],[-155.6829,18.9329],[-155.6185,18.9555],[-155.5028,19.1377],[-155.2911,19.2595],[-155.203,19.2556],[-154.9823,19.3392],[-154.8172,19.4797],[-154.8996,19.567]]],[[[-156.8484,20.8768],[-156.9904,20.9275],[-156.9824,20.7594],[-156.9137,20.7347],[-156.8035,20.8126],[-156.8484,20.8768]]],[[[-156.0017,20.8004],[-156.1193,20.8361],[-156.2983,20.9527],[-156.4817,20.9044],[-156.5979,21.0327],[-156.696,20.9158],[-156.6202,20.8071],[-156.4643,20.7814],[-156.4077,20.5872],[-156.3026,20.5812],[-156.0031,20.6859],[-156.0017,20.8004]]],[[[-156.749,21.171],[-156.897,21.1652],[-157.2598,21.2219],[-157.2731,21.0873],[-157.0724,21.0994],[-156.8696,21.0534],[-156.7556,21.0955],[-156.749,21.171]]],[[[-157.7068,21.352],[-157.8421,21.461],[-157.8364,21.534],[-157.9624,21.705],[-158.1211,21.5859],[-158.2363,21.5849],[-158.2276,21.483],[-158.0943,21.2936],[-157.9052,21.3056],[-157.795,21.2547],[-157.7068,21.352]]],[[[-159.3013,22.151],[-159.3997,22.2355],[-159.5896,22.221],[-159.7165,22.1575],[-159.7851,22.0573],[-159.7598,21.9785],[-159.61,21.8997],[-159.4373,21.8688],[-159.3341,21.9581],[-159.3013,22.151]]]]},"properties":{"iso":"USA","name":"Hawaii","country":"Estados Unidos","code":"US-HI"}},
{"type":"Feature","geometry":{"type":"MultiPolygon","coordinates":[[[[166.6644,54.7564],[166.6498,54.8446],[166.479,54.9435],[166.2503,55.1523],[166.2878,55.3039],[165.9556,55.3642],[165.8005,55.2719],[165.9929,55.2219],[166.0829,55.0606],[166.3565,54.8395],[166.6644,54.7564]]],[[[164.7069,58.9768],[164.5581,59.2397],[164.2831,59.1137],[163.9667,59.0286],[163.7663,58.8721],[163.7796,58.8104],[163.5855,58.5579],[164.1212,58.7807],[164.4077,58.8649],[164.6319,58.8654],[164.7069,58.9768]]],[[[162.5105,61.6584],[162.7656,61.7051],[162.9079,61.5799],[163.3265,61.6579],[163.3434,61.7057],[162.9784,61.8095],[163.1478,62.0376],[163.0915,62.2266],[163.2315,62.3114],[163.2671,62.522],[164.0551,62.6561],[164.3746,62.6909],[164.5979,62.6731],[164.7657,62.5583],[165.1701,62.4592],[164.9884,62.403],[164.739,62.4604],[164.5383,62.4511],[164.4181,62.3535],[164.1272,62.2624],[164.0448,61.6834],[163.8661,61.6465],[163.7595,61.479],[163.9523,61.4345],[164.0288,61.3466],[163.9328,61.2353],[163.7626,61.1869],[163.4873,61.0017],[163.7743,60.9185],[163.3457,60.7993],[162.889,60.7525],[162.7537,60.6459],[162.5018,60.6208],[162.2062,60.538],[161.9386,60.4168],[161.8972,60.203],[161.5328,60.0676],[161.2839,59.8705],[160.8049,59.6054],[160.4973,59.5525],[160.3103,59.3461],[159.8644,59.1406],[159.7297,59.0113],[159.7507,58.9256],[159.0238,58.4148],[158.6548,58.2694],[158.168,58.0207],[157.947,57.9831],[157.7232,58.0246],[157.5867,57.9511],[157.4699,57.8039],[157.2419,57.7705],[156.9815,57.8571],[156.801,57.7734],[156.9307,57.6584],[157.0013,57.4255],[156.8316,57.2135],[156.3856,56.9118],[156.1253,56.832],[155.9243,56.5845],[155.756,56.1067],[155.6862,56.0391],[155.5512,55.2842],[155.61,54.8949],[155.728,54.4268],[155.9358,53.8652],[156.1112,52.9354],[156.2657,52.5982],[156.4319,52.5246],[156.3728,52.4046],[156.4392,52.216],[156.5012,51.7751],[156.4802,51.5165],[156.5355,51.2893],[156.7219,51.1955],[156.7615,51.078],[156.7197,50.8865],[157.0459,51.1236],[157.4465,51.3479],[157.5369,51.4861],[157.7592,51.544],[158.2869,51.9675],[158.2864,52.0342],[158.5477,52.296],[158.5156,52.7463],[158.6226,52.9273],[158.4151,52.9927],[158.558,53.07],[158.7087,52.8918],[159.0033,53.0769],[159.4777,53.2294],[159.6325,53.2571],[160.0156,53.1154],[160.0176,53.2652],[159.9224,53.2836],[159.9692,53.5703],[159.8441,53.7969],[159.9015,53.9819],[160.053,54.1757],[160.7412,54.5352],[161.0664,54.5968],[161.3119,54.4901],[161.7532,54.5198],[162.1301,54.7724],[162.1532,54.8499],[161.813,55.1792],[161.7477,55.376],[161.7771,55.6083],[162.1421,56.1291],[162.5925,56.2685],[162.4012,56.3698],[162.4997,56.4355],[162.7402,56.4798],[162.7536,56.347],[162.638,56.2208],[162.8216,56.0562],[163.0512,56.0054],[163.1112,56.1015],[163.3661,56.1807],[163.3386,56.3553],[163.241,56.5932],[163.2806,56.688],[162.7835,56.763],[162.8599,57.0514],[162.7859,57.1455],[162.8331,57.3833],[163.0748,57.461],[163.3295,57.7089],[163.2189,57.8135],[163.0039,57.8375],[162.7116,57.9667],[162.5298,57.9365],[162.4555,57.7844],[162.2146,57.8217],[162.0256,57.9288],[161.9932,58.0874],[162.1699,58.4059],[162.4053,58.6544],[162.8162,58.8872],[163.0685,58.9681],[162.8866,59.1135],[163.0806,59.2713],[163.3125,59.2875],[163.3031,59.4331],[163.1687,59.5106],[163.3901,59.6315],[163.3782,59.8144],[163.5041,59.8979],[163.698,59.904],[163.6515,60.0517],[164.0173,60.0358],[164.1643,59.9634],[164.3391,59.9915],[164.4885,60.111],[164.7233,59.9568],[164.8071,59.7896],[165.0135,59.848],[165.1986,60.0052],[165.1296,60.0842],[165.7214,60.2697],[166.0523,60.4538],[166.2497,60.3835],[166.2878,60.2247],[166.1753,60.1203],[166.1095,59.8275],[166.2878,59.8446],[167.0481,60.3284],[168.0964,60.5715],[168.4847,60.5986],[168.6248,60.5556],[169.1665,60.5673],[169.3503,60.5332],[169.7078,60.3995],[169.7468,60.283],[169.9558,60.0592],[170.2651,59.9204],[170.4006,59.9656],[170.5023,60.2725],[170.6659,60.3411],[170.5807,60.4339],[170.8107,60.5121],[171.1795,60.5589],[171.3724,60.6431],[171.4065,60.7505],[171.6633,60.8167],[172.0068,60.8552],[172.2427,61.0198],[172.4761,61.0557],[172.3861,61.2274],[172.6467,61.1911],[172.9313,61.3515],[173.1284,61.397],[173.291,61.5195],[173.4971,61.5713],[173.5446,61.7491],[173.8019,61.6918],[173.991,61.7145],[174.138,61.8446],[174.4536,61.8148],[174.4685,61.9788],[174.1165,62.0738],[174.0155,62.2693],[174.0798,62.447],[173.7976,62.5179],[173.5039,62.5341],[172.8525,62.3315],[172.705,62.4024],[172.3188,62.404],[172.0547,62.4665],[171.4696,62.312],[171.2176,62.3685],[170.9006,62.2794],[170.1594,62.3418],[170.0864,62.4919],[169.8425,62.6553],[169.1267,62.9725],[168.9392,62.9438],[168.5102,63.0541],[168.7956,63.3031],[169.2052,63.5157],[169.5822,63.6434],[169.5494,63.811],[169.3444,63.9499],[169.0793,63.9587],[168.8735,64.0207],[168.7779,64.1845],[168.4987,64.3174],[168.1981,64.3387],[168.0257,64.286],[167.7141,64.3407],[167.237,64.6237],[166.8068,64.5329],[166.1986,64.609],[166.0345,64.5595],[165.743,64.6788],[165.684,64.754],[165.3295,64.7755],[165.2627,64.8506],[164.7979,64.7716],[164.2164,64.9249],[163.8728,64.8654],[163.5203,64.9314],[163.3452,64.8185],[163.1369,64.7702],[163.2461,64.7268],[163.1671,64.5594],[163.4343,64.3731],[163.2559,64.3207],[163.1666,64.1901],[162.7942,64.148],[162.8877,63.877],[162.7549,63.7385],[162.9792,63.621],[162.957,63.4911],[162.6946,63.393],[162.7439,63.1815],[162.3799,63.1189],[162.2693,62.935],[162.5475,62.8447],[162.6727,62.7105],[162.7679,62.5031],[162.7361,62.2974],[162.404,62.2528],[162.2654,62.1286],[162.512,62.1034],[162.4677,61.8205],[162.5105,61.6584]]]]},"properties":{"iso":"RUS","name":"Kamchatka","country":"Rússia","code":"RU-KAM"}},
{"type":"Feature","geometry":{"type":"Polygon","coordinates":[[[158.8934,-54.5108],[158.8324,-54.7117],[158.8926,-54.6869],[158.9556,-54.5512],[158.8934,-54.5108]]]},"properties":{"iso":"AUS","name":"Macquarie Island","country":"Austrália","code":"AU-X03~"}},
{"type":"Feature","geometry":{"type":"Polygon","coordinates":[[[159.0444,-31.5192],[159.0752,-31.5398],[159.083,-31.5584],[159.0801,-31.5763],[159.0896,-31.589],[159.1065,-31.5676],[159.0689,-31.5209],[159.0444,-31.5192]]]},"properties":{"iso":"AUS","name":"Lord Howe Island","country":"Austrália","code":"AU-NSW"}},
{"type":"Feature","geometry":{"type":"Polygon","coordinates":[[[111.1965,15.7754],[111.2075,15.7822],[111.1994,15.7892],[111.1965,15.7754]]]},"properties":{"iso":"CHN","name":"Paracel Islands","country":"China","code":"CN-X01~"}},
{"type":"Feature","geometry":{"type":"Polygon","coordinates":[[[-77.8311,20.7256],[-77.4934,20.6775],[-77.3367,20.7163],[-77.2322,20.7842],[-77.0381,20.739],[-76.7219,20.7223],[-76.6873,20.9361],[-76.5172,20.9813],[-76.3439,21.1275],[-76.3135,21.2519],[-76.3876,21.2843],[-76.6536,21.2941],[-76.6561,21.3496],[-76.9448,21.4578],[-77.1005,21.4165],[-77.1311,21.1735],[-77.2918,20.995],[-77.4679,21.0537],[-77.5874,20.9378],[-77.7658,20.8762],[-77.8311,20.7256]]]},"properties":{"iso":"CUB","name":"Las Tunas","country":"Cuba","code":"CU-10"}},
{"type":"Feature","geometry":{"type":"Polygon","coordinates":[[[-81.6839,23.1569],[-81.8624,23.151],[-82.1001,23.1876],[-82.2093,23.0861],[-82.2498,22.9726],[-82.4359,22.9573],[-82.4578,22.8021],[-82.3916,22.6884],[-82.0988,22.6549],[-81.8775,22.6797],[-81.6507,22.5751],[-81.5981,22.705],[-81.7472,22.9868],[-81.6839,23.1569]]]},"properties":{"iso":"CUB","name":"Mayabeque","country":"Cuba","code":"CU-16"}},
{"type":"Feature","geometry":{"type":"Polygon","coordinates":[[[-82.1001,23.1876],[-82.2193,23.1942],[-82.4069,23.1474],[-82.5387,23.0736],[-82.4359,22.9573],[-82.2498,22.9726],[-82.2093,23.0861],[-82.1001,23.1876]]]},"properties":{"iso":"CUB","name":"Ciudad de la Habana","country":"Cuba","code":"CU-03"}},
{"type":"Feature","geometry":{"type":"Polygon","coordinates":[[[-82.4359,22.9573],[-82.5387,23.0736],[-82.7127,23.0349],[-82.9176,23.0325],[-82.9444,22.9851],[-82.9159,22.8406],[-82.9719,22.8108],[-82.8246,22.6106],[-82.7807,22.6961],[-82.3916,22.6884],[-82.4578,22.8021],[-82.4359,22.9573]]]},"properties":{"iso":"CUB","name":"Artemisa","country":"Cuba","code":"CU-15"}},
{"type":"Feature","geometry":{"type":"Polygon","coordinates":[[[-82.9444,22.9851],[-83.0611,23.0196],[-83.2076,23.0027],[-83.3694,22.894],[-83.8728,22.7508],[-84.0211,22.6787],[-84.391,22.3528],[-84.4293,22.2017],[-84.3221,22.048],[-84.5833,22.0075],[-84.9473,21.8603],[-84.7997,21.8321],[-84.66,21.9121],[-84.4735,21.9046],[-84.4662,21.7705],[-84.3052,21.8845],[-84.1422,21.9403],[-83.993,21.9514],[-84.0018,22.0576],[-83.9254,22.1715],[-83.6144,22.1957],[-83.4155,22.1861],[-83.2874,22.3187],[-83.1669,22.3395],[-83.0861,22.4628],[-82.8246,22.6106],[-82.9719,22.8108],[-82.9159,22.8406],[-82.9444,22.9851]]]},"properties":{"iso":"CUB","name":"Pinar del Río","country":"Cuba","code":"CU-01"}},
{"type":"Feature","geometry":{"type":"Polygon","coordinates":[[[-80.024,21.9385],[-80.0999,22.1234],[-80.0841,22.2456],[-80.233,22.3703],[-80.318,22.536],[-80.4594,22.5846],[-80.5197,22.542],[-80.6237,22.4595],[-80.8371,22.482],[-80.9407,22.3601],[-80.9309,22.2691],[-80.8323,22.1575],[-80.6182,22.1213],[-80.5934,22.0542],[-80.4372,22.0412],[-80.2699,21.887],[-80.101,21.8248],[-80.024,21.9385]]]},"properties":{"iso":"CUB","name":"Cienfuegos","country":"Cuba","code":"CU-06"}},
{"type":"Feature","geometry":{"type":"Polygon","coordinates":[[[-76.7219,20.7223],[-77.0381,20.739],[-77.2322,20.7842],[-77.3367,20.7163],[-77.1954,20.6365],[-77.2399,20.5631],[-77.1134,20.5124],[-77.1134,20.3685],[-77.1818,20.2949],[-77.4014,20.1981],[-77.6204,20.0203],[-77.7372,19.8557],[-77.3585,19.8645],[-77.189,19.9126],[-77.0346,19.8878],[-76.9307,20.0011],[-76.5625,20.0038],[-76.4083,20.1053],[-76.4196,20.2311],[-76.3695,20.3566],[-76.1797,20.4376],[-76.2531,20.5136],[-76.7219,20.7223]]]},"properties":{"iso":"CUB","name":"Granma","country":"Cuba","code":"CU-12"}},
{"type":"Feature","geometry":{"type":"Polygon","coordinates":[[[-75.3755,20.4229],[-75.5116,20.5509],[-75.6588,20.4415],[-75.8247,20.4076],[-75.9698,20.503],[-76.0945,20.4994],[-76.1797,20.4376],[-76.3695,20.3566],[-76.4196,20.2311],[-76.4083,20.1053],[-76.5625,20.0038],[-76.9307,20.0011],[-77.0346,19.8878],[-76.8664,19.9377],[-76.5244,19.9439],[-76.2482,19.9906],[-75.9801,19.9524],[-75.7218,19.9575],[-75.6047,19.892],[-75.3821,19.8825],[-75.4883,20.0246],[-75.4333,20.0947],[-75.4791,20.34],[-75.3755,20.4229]]]},"properties":{"iso":"CUB","name":"Santiago de Cuba","country":"Cuba","code":"CU-13"}},
{"type":"Feature","geometry":{"type":"Polygon","coordinates":[[[-62.004,46.4641],[-62.1852,46.487],[-62.5169,46.4758],[-62.9532,46.4241],[-63.1947,46.4311],[-63.3323,46.4988],[-63.6389,46.567],[-63.7296,46.4433],[-63.881,46.5224],[-63.8336,46.6124],[-64.0933,46.78],[-63.9748,46.894],[-64.0527,47.0215],[-64.2313,46.9033],[-64.4168,46.6828],[-64.2305,46.6353],[-64.108,46.5444],[-64.1343,46.4156],[-63.9345,46.423],[-63.6278,46.2238],[-63.2334,46.1455],[-63.1063,46.2102],[-62.9974,46.1793],[-62.9316,46.0426],[-62.7774,45.9643],[-62.5452,45.9718],[-62.5764,46.239],[-62.4373,46.2163],[-62.3069,46.3446],[-62.1656,46.3584],[-62.004,46.4641]]]},"properties":{"iso":"CAN","name":"Prince Edward Island","country":"Canadá","code":"CA-PE"}},
{"type":"Feature","geometry":{"type":"Polygon","coordinates":[[[-81.6117,3.959],[-81.5787,3.9782],[-81.5962,3.9912],[-81.6117,3.959]]]},"properties":{"iso":"COL","name":"CO-X01~","country":"Colômbia","code":"CO-X01~"}},
{"type":"Feature","geometry":{"type":"Polygon","coordinates":[[[-63.6399,15.696],[-63.6346,15.7006],[-63.6396,15.7029],[-63.6399,15.696]]]},"properties":{"iso":"VEN","name":"VE-X01~","country":"Venezuela","code":"VE-X01~"}},
{"type":"Feature","geometry":{"type":"Polygon","coordinates":[[[-79.2501,25.7747],[-79.2803,25.7572],[-79.267,25.7325],[-79.2432,25.7429],[-79.2501,25.7747]]]},"properties":{"iso":"BHS","name":"Bimini","country":"Bahamas","code":"BS-BI"}},
{"type":"Feature","geometry":{"type":"Polygon","coordinates":[[[-75.7221,22.2026],[-75.7497,22.2045],[-75.7344,22.175],[-75.7147,22.1829],[-75.7221,22.2026]]]},"properties":{"iso":"BHS","name":"Ragged Island","country":"Bahamas","code":"BS-RI"}},
{"type":"Feature","geometry":{"type":"Polygon","coordinates":[[[-89.6642,22.3711],[-89.6102,22.4611],[-89.6552,22.472],[-89.698,22.4175],[-89.6642,22.3711]]]},"properties":{"iso":"MEX","name":"MX-X01~","country":"México","code":"MX-X01~"}},
{"type":"Feature","geometry":{"type":"Polygon","coordinates":[[[67.3812,68.7923],[67.2356,68.8204],[67.2072,68.8015],[67.3333,68.7585],[67.3812,68.7923]]]},"properties":{"iso":"RUS","name":"RU-X01~","country":"Rússia","code":"RU-X01~"}},
{"type":"Feature","geometry":{"type":"Polygon","coordinates":[[[-76.7702,25.5513],[-76.7874,25.5419],[-76.7498,25.5396],[-76.7702,25.5513]]]},"properties":{"iso":"BHS","name":"Harbour Island","country":"Bahamas","code":"BS-HI"}},
{"type":"Feature","geometry":{"type":"Polygon","coordinates":[[[-76.829,25.5317],[-76.8572,25.5239],[-76.8485,25.5168],[-76.829,25.5168],[-76.829,25.5317]]]},"properties":{"iso":"BHS","name":"Spanish Wells","country":"Bahamas","code":"BS-SW"}},
{"type":"Feature","geometry":{"type":"Polygon","coordinates":[[[-56.5594,-32.4925],[-56.6668,-32.8433],[-56.2249,-32.823],[-56.1695,-32.726],[-56.0138,-32.7],[-55.9271,-32.6145],[-55.8304,-32.6338],[-55.7485,-32.5222],[-55.5644,-32.5106],[-55.4962,-32.4447],[-55.3284,-32.4939],[-55.2051,-32.4571],[-55.04,-32.4687],[-54.8396,-32.3105],[-54.7557,-32.1019],[-54.6545,-32.1228],[-54.8872,-31.875],[-55.1004,-31.8229],[-55.3476,-31.7979],[-55.6025,-31.8061],[-55.6868,-31.5656],[-55.7867,-31.5151],[-55.8569,-31.3669],[-56.0977,-31.2561],[-56.158,-31.3047],[-56.1871,-31.3952],[-56.3539,-31.5997],[-56.3216,-31.7513],[-56.2449,-31.9071],[-56.3588,-32.2319],[-56.506,-32.3565],[-56.5594,-32.4925]]]},"properties":{"iso":"URY","name":"Tacuarembó","country":"Uruguai","code":"UY-TA"}},
{"type":"Feature","geometry":{"type":"Polygon","coordinates":[[[-55.01,-33.025],[-55.1595,-33.0177],[-55.3208,-32.8908],[-55.3284,-32.4939],[-55.4962,-32.4447],[-55.5644,-32.5106],[-55.7485,-32.5222],[-55.8304,-32.6338],[-55.9271,-32.6145],[-56.0138,-32.7],[-56.1695,-32.726],[-56.2249,-32.823],[-56.6668,-32.8433],[-56.8046,-32.8891],[-56.8779,-32.9848],[-57.1185,-33.0198],[-57.1271,-33.1231],[-57.0282,-33.1843],[-56.8833,-33.1927],[-56.8088,-33.2726],[-56.6811,-33.2992],[-56.533,-33.4955],[-56.2803,-33.429],[-56.0956,-33.4926],[-56.0217,-33.4337],[-55.8852,-33.4354],[-55.6224,-33.3611],[-55.3039,-33.1963],[-55.1111,-33.1182],[-55.01,-33.025]]]},"properties":{"iso":"URY","name":"Durazno","country":"Uruguai","code":"UY-DU"}},
{"type":"Feature","geometry":{"type":"Polygon","coordinates":[[[-56.4627,-33.9024],[-56.4218,-33.763],[-56.533,-33.4955],[-56.6811,-33.2992],[-56.8088,-33.2726],[-56.8833,-33.1927],[-57.0282,-33.1843],[-57.1271,-33.1231],[-57.3367,-33.3549],[-57.2584,-33.5414],[-57.1744,-33.5969],[-57.1837,-33.7591],[-57.0777,-33.963],[-56.8904,-33.9884],[-56.6029,-33.8497],[-56.4627,-33.9024]]]},"properties":{"iso":"URY","name":"Flores","country":"Uruguai","code":"UY-FS"}},
{"type":"Feature","geometry":{"type":"Polygon","coordinates":[[[-55.1111,-33.1182],[-55.3039,-33.1963],[-55.6224,-33.3611],[-55.8852,-33.4354],[-56.0217,-33.4337],[-56.0956,-33.4926],[-56.2803,-33.429],[-56.533,-33.4955],[-56.4218,-33.763],[-56.4627,-33.9024],[-56.4187,-34.0554],[-56.4444,-34.1778],[-56.4013,-34.433],[-56.3507,-34.3573],[-56.1356,-34.3646],[-55.9986,-34.2444],[-55.9022,-34.271],[-55.6191,-34.2077],[-55.3474,-33.8802],[-55.2921,-33.7074],[-55.3216,-33.61],[-55.1099,-33.44],[-55.1246,-33.3818],[-55.0911,-33.2524],[-55.1111,-33.1182]]]},"properties":{"iso":"URY","name":"Florida","country":"Uruguai","code":"UY-FD"}},
{"type":"Feature","geometry":{"type":"Polygon","coordinates":[[[-54.1257,-33.4653],[-54.3546,-33.3572],[-54.5043,-33.448],[-54.8357,-33.3377],[-55.1246,-33.3818],[-55.1099,-33.44],[-55.3216,-33.61],[-55.2921,-33.7074],[-55.3474,-33.8802],[-55.6191,-34.2077],[-55.537,-34.3954],[-55.5442,-34.4999],[-55.4733,-34.6219],[-55.2811,-34.597],[-54.8444,-34.3929],[-54.78,-34.2018],[-54.6897,-34.0719],[-54.5742,-34.0398],[-54.4821,-33.926],[-54.4275,-33.8645],[-54.3478,-33.6166],[-54.1257,-33.4653]]]},"properties":{"iso":"URY","name":"Lavalleja","country":"Uruguai","code":"UY-LA"}},
{"type":"Feature","geometry":{"type":"Polygon","coordinates":[[[-65.3567,7.8694],[-65.4925,7.9436],[-65.4805,8.0239],[-65.2066,8.3694],[-65.1501,8.5566],[-65.1378,8.7391],[-64.8641,8.741],[-64.7899,8.8781],[-64.933,9],[-64.9637,9.099],[-65.1649,9.1786],[-65.2637,9.2898],[-65.2182,9.5068],[-65.387,9.5719],[-65.4888,9.5692],[-65.6941,9.6806],[-65.665,9.774],[-65.6966,9.9534],[-65.971,9.9289],[-66.1905,9.9487],[-66.3834,10.0186],[-66.6127,9.9664],[-66.5848,9.8253],[-66.6113,9.6969],[-66.5441,9.6112],[-66.5755,9.4095],[-66.6797,9.3935],[-66.8816,9.4599],[-66.8587,9.6723],[-67.1016,9.7995],[-67.1813,9.9198],[-67.3406,9.9264],[-67.4281,9.9874],[-67.5341,9.9515],[-67.5914,9.8664],[-67.7888,9.827],[-67.7579,9.7098],[-67.8992,9.6301],[-67.9558,9.5539],[-67.9167,9.4497],[-67.94,9.3054],[-67.854,9.0852],[-67.9634,8.9151],[-68.0127,8.7496],[-68.0365,8.5385],[-67.7719,8.2429],[-67.6774,8.2095],[-67.5442,7.9588],[-67.5381,7.917],[-67.3379,7.8891],[-67.2265,7.7985],[-67.0568,7.7975],[-66.7648,7.7551],[-66.552,7.7938],[-66.3301,7.7035],[-66.3305,7.6484],[-66.1309,7.6838],[-65.9395,7.6792],[-65.7466,7.8547],[-65.6482,7.8999],[-65.3567,7.8694]]]},"properties":{"iso":"VEN","name":"Guárico","country":"Venezuela","code":"VE-J"}},
{"type":"Feature","geometry":{"type":"Polygon","coordinates":[[[-68.9777,9.8573],[-68.9808,9.7823],[-68.9751,9.7105],[-68.8721,9.4395],[-68.6109,9.2436],[-68.6507,8.9554],[-68.5916,8.8681],[-68.6979,8.7613],[-68.5735,8.6354],[-68.4231,8.6037],[-68.1461,8.6047],[-68.0365,8.5385],[-68.0127,8.7496],[-67.9634,8.9151],[-67.854,9.0852],[-67.94,9.3054],[-67.9167,9.4497],[-67.9558,9.5539],[-67.8992,9.6301],[-67.7579,9.7098],[-67.7888,9.827],[-68.0653,9.8554],[-68.2166,9.963],[-68.2339,10.1231],[-68.3705,9.99],[-68.4872,9.9093],[-68.6697,9.9688],[-68.8043,9.9609],[-68.8589,9.8532],[-68.9777,9.8573]]]},"properties":{"iso":"VEN","name":"Cojedes","country":"Venezuela","code":"VE-H"}},
{"type":"Feature","geometry":{"type":"Polygon","coordinates":[[[-67.1532,10.4407],[-67.0515,10.3945],[-66.8974,10.4162],[-66.8738,10.547],[-67.0042,10.575],[-67.0533,10.4788],[-67.1532,10.4407]]]},"properties":{"iso":"VEN","name":"Distrito Capital","country":"Venezuela","code":"VE-A"}},
{"type":"Feature","geometry":{"type":"Polygon","coordinates":[[[-71.8416,7.4948],[-71.6396,7.4323],[-71.4722,7.4628],[-71.2488,7.4545],[-71.1892,7.4042],[-71.02,7.3619],[-70.9468,7.308],[-70.6669,7.2874],[-70.3683,7.4505],[-70.2995,7.5904],[-70.1335,7.6293],[-70.0866,7.7107],[-69.7337,7.8444],[-69.4409,8.0717],[-69.2126,8.0758],[-69.0543,7.9802],[-68.9703,7.9994],[-68.8867,7.9113],[-68.7298,7.9158],[-68.6502,7.9659],[-68.4613,7.9473],[-68.3862,7.9916],[-68.2566,7.9565],[-68.0544,8.0485],[-67.6053,7.9994],[-67.5442,7.9588],[-67.6774,8.2095],[-67.7719,8.2429],[-68.0365,8.5385],[-68.1461,8.6047],[-68.4231,8.6037],[-68.5735,8.6354],[-68.6036,8.4998],[-68.6785,8.3925],[-68.7831,8.3316],[-68.8415,8.1125],[-69.1276,8.351],[-69.1756,8.5005],[-69.2864,8.639],[-69.4669,8.6704],[-69.6345,8.7731],[-69.7054,8.7238],[-69.8196,8.7513],[-70.0041,8.8471],[-70.1825,9.0079],[-70.4267,9.0225],[-70.5347,8.9553],[-70.5775,8.8567],[-70.8377,8.7255],[-71.0775,8.3763],[-71.0118,8.2067],[-71.0905,8.0675],[-71.4621,7.7695],[-71.4836,7.6845],[-71.4909,7.6298],[-71.3829,7.4898],[-71.6676,7.5475],[-71.8416,7.4948]]]},"properties":{"iso":"VEN","name":"Barinas","country":"Venezuela","code":"VE-E"}},
{"type":"Feature","geometry":{"type":"Polygon","coordinates":[[[-70.6612,9.9045],[-70.6086,10.0316],[-70.5304,9.9397],[-70.4025,9.9211],[-70.2177,9.8467],[-70.0217,9.7097],[-70.1308,9.6241],[-70.1093,9.5171],[-70.033,9.4303],[-69.9433,9.5646],[-69.7909,9.539],[-69.8513,9.4123],[-69.6279,9.4265],[-69.5919,9.6182],[-69.3784,9.6579],[-69.3372,9.7686],[-69.2122,9.6892],[-69.0668,9.7099],[-68.9808,9.7823],[-68.9777,9.8573],[-68.9249,9.9308],[-68.9791,10.0098],[-69.1409,9.945],[-69.2275,10.1101],[-69.015,10.2484],[-69.0684,10.4246],[-69.0317,10.538],[-68.9011,10.598],[-68.8855,10.6595],[-69.4261,10.7119],[-69.6639,10.7647],[-69.7899,10.7014],[-70.1575,10.6517],[-70.2472,10.5584],[-70.3303,10.5581],[-70.4923,10.4474],[-70.5354,10.363],[-70.6581,10.3048],[-70.7108,10.1942],[-70.8482,10.0998],[-70.8068,9.9839],[-70.6612,9.9045]]]},"properties":{"iso":"VEN","name":"Lara","country":"Venezuela","code":"VE-K"}},
{"type":"Feature","geometry":{"type":"Polygon","coordinates":[[[-70.1825,9.0079],[-70.0041,8.8471],[-69.8196,8.7513],[-69.7054,8.7238],[-69.6345,8.7731],[-69.4669,8.6704],[-69.2864,8.639],[-69.1756,8.5005],[-69.1276,8.351],[-68.8415,8.1125],[-68.7831,8.3316],[-68.6785,8.3925],[-68.6036,8.4998],[-68.5735,8.6354],[-68.6979,8.7613],[-68.5916,8.8681],[-68.6507,8.9554],[-68.6109,9.2436],[-68.8721,9.4395],[-68.9751,9.7105],[-68.9808,9.7823],[-69.0668,9.7099],[-69.2122,9.6892],[-69.3372,9.7686],[-69.3784,9.6579],[-69.5919,9.6182],[-69.6279,9.4265],[-69.8513,9.4123],[-69.7909,9.539],[-69.9433,9.5646],[-70.033,9.4303],[-70.1311,9.2746],[-70.0594,9.2368],[-70.1134,9.0315],[-70.1825,9.0079]]]},"properties":{"iso":"VEN","name":"Portuguesa","country":"Venezuela","code":"VE-P"}},
{"type":"Feature","geometry":{"type":"Polygon","coordinates":[[[-114.0425,42.0001],[-114.0419,40.5947],[-114.0416,39.9701],[-114.0413,39.1893],[-114.0408,38.2523],[-114.0402,37.0031],[-113.416,37.0027],[-112.0116,37.0018],[-110.7632,37.0009],[-109.8268,37.0003],[-109.0466,36.9998],[-109.0466,38.3748],[-109.0465,39.7498],[-109.0463,40.9998],[-109.6725,40.9998],[-111.0499,40.9998],[-111.0502,41.9998],[-112.3594,41.9999],[-114.0425,42.0001]]]},"properties":{"iso":"USA","name":"Utah","country":"Estados Unidos","code":"US-UT"}},
{"type":"Feature","geometry":{"type":"Polygon","coordinates":[[[-111.0502,41.9998],[-111.0499,40.9998],[-109.6725,40.9998],[-109.0463,40.9998],[-107.7902,40.9998],[-107.0051,40.9998],[-106.0629,40.9998],[-104.6497,40.9998],[-104.0537,40.9998],[-104.0526,42.1251],[-104.0531,43.0004],[-104.0554,43.8752],[-104.0567,45.0001],[-105.7779,45.0001],[-107.1923,45.0001],[-108.7154,45],[-109.9122,45],[-111.0508,45],[-111.0514,44.4979],[-111.0509,43.405],[-111.0506,42.7805],[-111.0502,41.9998]]]},"properties":{"iso":"USA","name":"Wyoming","country":"Estados Unidos","code":"US-WY"}},
{"type":"Feature","geometry":{"type":"Polygon","coordinates":[[[-117.0166,41.9995],[-118.6947,41.9995],[-120.0008,41.9995],[-120.0006,41.45],[-120.0004,40.3509],[-120,38.9992],[-118.8289,38.1818],[-118.1262,37.6913],[-117.3929,37.1401],[-116.6595,36.5889],[-116.1776,36.2104],[-115.1938,35.4378],[-114.6282,35.0036],[-114.6355,35.1372],[-114.5726,35.1912],[-114.5909,35.3529],[-114.6676,35.517],[-114.6668,35.8739],[-114.7396,35.9858],[-114.7212,36.0927],[-114.5548,36.1605],[-114.3475,36.1398],[-114.2336,36.0244],[-114.1239,36.0459],[-114.042,36.2198],[-114.0402,37.0031],[-114.0408,38.2523],[-114.0413,39.1893],[-114.0416,39.9701],[-114.0419,40.5947],[-114.0425,42.0001],[-115.7155,41.9998],[-117.0166,41.9995]]]},"properties":{"iso":"USA","name":"Nevada","country":"Estados Unidos","code":"US-NV"}},
{"type":"Feature","geometry":{"type":"Polygon","coordinates":[[[-103.0008,36.9998],[-102.0396,36.9998],[-102.0444,38.2187],[-102.0488,39.3438],[-102.0513,40.0001],[-102.0518,40.9996],[-102.8312,40.9997],[-104.0537,40.9998],[-104.6497,40.9998],[-106.0629,40.9998],[-107.0051,40.9998],[-107.7902,40.9998],[-109.0463,40.9998],[-109.0465,39.7498],[-109.0466,38.3748],[-109.0466,36.9998],[-107.9131,36.9998],[-107.1573,36.9998],[-105.8347,36.9998],[-104.5122,36.9998],[-103.0008,36.9998]]]},"properties":{"iso":"USA","name":"Colorado","country":"Estados Unidos","code":"US-CO"}},
{"type":"Feature","geometry":{"type":"Polygon","coordinates":[[[-104.0567,45.0001],[-104.0554,43.8752],[-104.0531,43.0004],[-103.0066,43.0004],[-102.1548,43.0003],[-100.9622,43.0003],[-99.4289,43.0002],[-98.4851,43.0002],[-98.2429,42.8724],[-98.0069,42.7841],[-97.8388,42.8715],[-97.6612,42.8541],[-97.3012,42.8871],[-97.1273,42.7896],[-96.857,42.7401],[-96.7089,42.6775],[-96.6113,42.5343],[-96.4827,42.5183],[-96.523,42.6491],[-96.638,42.7511],[-96.5634,42.8445],[-96.4554,43.1217],[-96.5645,43.2235],[-96.5356,43.3857],[-96.4536,43.5001],[-96.4536,44.3788],[-96.4536,45.2966],[-96.5665,45.3935],[-96.6882,45.409],[-96.8631,45.6008],[-96.6379,45.7635],[-96.5563,45.9418],[-97.4882,45.9418],[-99.1189,45.9419],[-99.8178,45.9419],[-101.2155,45.9419],[-102.6133,45.942],[-104.0449,45.942],[-104.0393,44.9999],[-104.0567,45.0001]]]},"properties":{"iso":"USA","name":"South Dakota","country":"Estados Unidos","code":"US-SD"}},
{"type":"Feature","geometry":{"type":"Polygon","coordinates":[[[-104.0537,40.9998],[-102.8312,40.9997],[-102.0518,40.9996],[-102.0513,40.0001],[-100.9764,40.0001],[-100.138,40.0001],[-99.0901,40.0001],[-98.0421,40.0001],[-96.9941,40.0001],[-95.3173,40.0001],[-95.629,40.3454],[-95.7676,40.6005],[-95.8693,40.7289],[-95.8277,40.7941],[-95.8792,41.318],[-95.9309,41.4649],[-96.0821,41.5498],[-96.0642,41.796],[-96.1543,41.9878],[-96.2603,42.0579],[-96.3513,42.2057],[-96.3974,42.4967],[-96.4827,42.5183],[-96.6113,42.5343],[-96.7089,42.6775],[-96.857,42.7401],[-97.1273,42.7896],[-97.3012,42.8871],[-97.6612,42.8541],[-97.8388,42.8715],[-98.0069,42.7841],[-98.2429,42.8724],[-98.4851,43.0002],[-99.4289,43.0002],[-100.9622,43.0003],[-102.1548,43.0003],[-103.0066,43.0004],[-104.0531,43.0004],[-104.0526,42.1251],[-104.0537,40.9998]]]},"properties":{"iso":"USA","name":"Nebraska","country":"Estados Unidos","code":"US-NE"}},
{"type":"Feature","geometry":{"type":"Polygon","coordinates":[[[-102.0396,36.9998],[-100.8573,36.9998],[-99.4708,36.9998],[-98.5465,36.9998],[-97.8532,36.9998],[-96.9289,36.9998],[-96.0045,36.9998],[-94.618,36.9998],[-94.6179,37.8937],[-94.6177,39.1231],[-94.8296,39.2173],[-94.9086,39.367],[-95.0988,39.5302],[-95.0377,39.6559],[-94.8823,39.8209],[-95.0019,39.9029],[-95.1908,39.9065],[-95.3173,40.0001],[-96.9941,40.0001],[-98.0421,40.0001],[-99.0901,40.0001],[-100.138,40.0001],[-100.9764,40.0001],[-102.0513,40.0001],[-102.0488,39.3438],[-102.0444,38.2187],[-102.0396,36.9998]]]},"properties":{"iso":"USA","name":"Kansas","country":"Estados Unidos","code":"US-KS"}},
{"type":"Feature","geometry":{"type":"Polygon","coordinates":[[[-103.0002,36.5002],[-101.8075,36.5002],[-100.748,36.5001],[-100.0024,36.4999],[-100.0009,35.5412],[-99.9993,34.5755],[-99.882,34.5649],[-99.6808,34.3947],[-99.4014,34.3864],[-99.2655,34.4116],[-99.193,34.2322],[-98.9528,34.2117],[-98.7201,34.1366],[-98.5747,34.1517],[-98.4907,34.0752],[-98.3433,34.1435],[-98.0907,34.1383],[-98.0884,34.0278],[-97.9466,33.9771],[-97.9591,33.893],[-97.8008,33.8878],[-97.68,33.9835],[-97.5709,33.899],[-97.3717,33.8305],[-97.2118,33.9101],[-97.2006,33.7866],[-97.0783,33.8079],[-96.9145,33.9559],[-96.8556,33.8748],[-96.692,33.8546],[-96.6494,33.916],[-96.4965,33.7866],[-96.2027,33.7637],[-96.1564,33.8212],[-95.9379,33.8956],[-95.7723,33.8619],[-95.5981,33.9521],[-95.5371,33.8899],[-95.357,33.8682],[-95.2203,33.9629],[-94.9817,33.8617],[-94.8727,33.7559],[-94.4841,33.6474],[-94.4728,34.0821],[-94.4391,35.3862],[-94.6183,36.4998],[-94.618,36.9998],[-96.0045,36.9998],[-96.9289,36.9998],[-97.8532,36.9998],[-98.5465,36.9998],[-99.4708,36.9998],[-100.8573,36.9998],[-102.0396,36.9998],[-103.0008,36.9998],[-103.0002,36.5002]]]},"properties":{"iso":"USA","name":"Oklahoma","country":"Estados Unidos","code":"US-OK"}},
{"type":"Feature","geometry":{"type":"Polygon","coordinates":[[[-96.4536,43.5001],[-96.5356,43.3857],[-96.5645,43.2235],[-96.4554,43.1217],[-96.5634,42.8445],[-96.638,42.7511],[-96.523,42.6491],[-96.4827,42.5183],[-96.3974,42.4967],[-96.3513,42.2057],[-96.2603,42.0579],[-96.1543,41.9878],[-96.0642,41.796],[-96.0821,41.5498],[-95.9309,41.4649],[-95.8792,41.318],[-95.8277,40.7941],[-95.8693,40.7289],[-95.7676,40.6005],[-94.4783,40.573],[-93.5617,40.5855],[-93.095,40.5813],[-91.944,40.6055],[-91.7307,40.6188],[-91.682,40.5508],[-91.4419,40.3795],[-91.3826,40.3929],[-91.3833,40.5986],[-91.1878,40.6533],[-91.0935,40.8236],[-90.9666,40.9462],[-90.9515,41.0754],[-91.0824,41.1897],[-91.0548,41.3829],[-90.9915,41.4336],[-90.7045,41.4512],[-90.3463,41.6054],[-90.305,41.7485],[-90.2012,41.8136],[-90.1403,42.0306],[-90.1697,42.1165],[-90.4031,42.2454],[-90.4632,42.376],[-90.6413,42.5118],[-90.703,42.6553],[-91.0455,42.7421],[-91.1306,42.9113],[-91.1678,43.1605],[-91.0848,43.2801],[-91.1971,43.366],[-91.2501,43.501],[-92.8762,43.5006],[-93.8519,43.5005],[-94.8275,43.5003],[-96.4536,43.5001]]]},"properties":{"iso":"USA","name":"Iowa","country":"Estados Unidos","code":"US-IA"}},
{"type":"Feature","geometry":{"type":"Polygon","coordinates":[[[-95.3173,40.0001],[-95.1908,39.9065],[-95.0019,39.9029],[-94.8823,39.8209],[-95.0377,39.6559],[-95.0988,39.5302],[-94.9086,39.367],[-94.8296,39.2173],[-94.6177,39.1231],[-94.6179,37.8937],[-94.618,36.9998],[-94.6183,36.4998],[-93.5216,36.4998],[-92.1506,36.4998],[-91.0539,36.4998],[-90.1622,36.4998],[-90.063,36.3689],[-90.0675,36.2874],[-90.3425,36.0615],[-90.3733,35.9862],[-89.7238,36.0005],[-89.6139,36.1417],[-89.6946,36.247],[-89.5308,36.3835],[-89.5599,36.5002],[-89.4944,36.5014],[-89.4245,36.499],[-89.3588,36.638],[-89.2533,36.5691],[-89.1406,36.7346],[-89.1237,36.9796],[-89.2462,37.0455],[-89.3272,37.0142],[-89.5233,37.268],[-89.4511,37.4403],[-89.527,37.562],[-89.5496,37.6977],[-89.7219,37.8372],[-89.9227,37.9526],[-90.1108,38.0167],[-90.3463,38.2071],[-90.382,38.3005],[-90.1965,38.6382],[-90.1836,38.8827],[-90.4283,38.9674],[-90.5853,38.8781],[-90.7026,38.9954],[-90.7299,39.2008],[-90.8196,39.3201],[-91.0509,39.4524],[-91.1043,39.5331],[-91.3551,39.7108],[-91.4493,39.8656],[-91.5189,40.1749],[-91.4419,40.3795],[-91.682,40.5508],[-91.7307,40.6188],[-91.944,40.6055],[-93.095,40.5813],[-93.5617,40.5855],[-94.4783,40.573],[-95.7676,40.6005],[-95.629,40.3454],[-95.3173,40.0001]]]},"properties":{"iso":"USA","name":"Missouri","country":"Estados Unidos","code":"US-MO"}},
{"type":"Feature","geometry":{"type":"Polygon","coordinates":[[[-61.2745,10.6074],[-61.2655,10.6197],[-61.2713,10.6406],[-61.2887,10.6233],[-61.2745,10.6074]]]},"properties":{"iso":"TTO","name":"Arima","country":"Trinidad e Tobago","code":"TT-ARI"}},
{"type":"Feature","geometry":{"type":"Polygon","coordinates":[[[-55.503,5.0805],[-55.3869,5.1892],[-55.3243,5.32],[-55.0258,5.3226],[-54.8971,5.1474],[-54.8513,4.9809],[-54.8032,5.1626],[-54.6549,5.3746],[-54.628,5.5593],[-55.0104,5.5314],[-55.0392,5.6668],[-55.3522,5.6727],[-55.3985,5.4565],[-55.4907,5.4296],[-55.9073,5.4125],[-55.9169,5.5399],[-55.9695,5.3808],[-55.9988,5.1029],[-55.8169,5.108],[-55.6334,4.9872],[-55.503,5.0805]]]},"properties":{"iso":"SUR","name":"Para","country":"Suriname","code":"SR-PR"}},
{"type":"Feature","geometry":{"type":"Polygon","coordinates":[[[-54.8513,4.9809],[-54.8971,5.1474],[-55.0258,5.3226],[-55.3243,5.32],[-55.3869,5.1892],[-55.503,5.0805],[-55.3765,4.8537],[-55.3672,4.4972],[-55.331,4.4221],[-55.311,4.0699],[-55.2493,4.0156],[-55.0113,4.1721],[-54.9401,4.1414],[-54.875,4.2893],[-54.899,4.4291],[-54.8319,4.5157],[-54.8185,4.6491],[-54.7401,4.8903],[-54.8513,4.9809]]]},"properties":{"iso":"SUR","name":"Brokopondo","country":"Suriname","code":"SR-BR"}},
{"type":"Feature","geometry":{"type":"Polygon","coordinates":[[[-71.1842,19.5365],[-71.0752,19.4681],[-70.9044,19.4816],[-70.8641,19.6417],[-71.134,19.7518],[-71.1842,19.5365]]]},"properties":{"iso":"DOM","name":"Valverde","country":"República Dominicana","code":"DO-27"}},
{"type":"Feature","geometry":{"type":"Polygon","coordinates":[[[-71.4131,19.5445],[-71.4883,19.2988],[-71.3274,19.1911],[-71.2308,19.1702],[-71.2409,19.329],[-71.0752,19.4681],[-71.1842,19.5365],[-71.4131,19.5445]]]},"properties":{"iso":"DOM","name":"Santiago Rodríguez","country":"República Dominicana","code":"DO-26"}},
{"type":"Feature","geometry":{"type":"Polygon","coordinates":[[[-70.6139,19.3688],[-70.6783,19.2488],[-70.9162,19.0259],[-70.8912,18.9885],[-70.8274,18.8623],[-70.6858,18.734],[-70.7,18.6768],[-70.6105,18.6774],[-70.5337,18.7879],[-70.5924,18.8532],[-70.5018,19.0742],[-70.3923,19.0723],[-70.2814,19.1464],[-70.3636,19.2249],[-70.4673,19.3188],[-70.6139,19.3688]]]},"properties":{"iso":"DOM","name":"La Vega","country":"República Dominicana","code":"DO-13"}},
{"type":"Feature","geometry":{"type":"Polygon","coordinates":[[[-70.4673,19.3188],[-70.3636,19.2249],[-70.3211,19.3994],[-70.2366,19.4992],[-70.4423,19.5003],[-70.4673,19.3188]]]},"properties":{"iso":"DOM","name":"Hermanas","country":"República Dominicana","code":"DO-19"}},
{"type":"Feature","geometry":{"type":"Polygon","coordinates":[[[-69.7861,19.1981],[-69.9913,19.2571],[-70.1187,19.3471],[-70.2151,19.4974],[-70.2366,19.4992],[-70.3211,19.3994],[-70.3636,19.2249],[-70.2814,19.1464],[-70.0891,19.1443],[-69.9078,19.0935],[-69.9203,19.0393],[-69.7558,19.0876],[-69.7861,19.1981]]]},"properties":{"iso":"DOM","name":"Duarte","country":"República Dominicana","code":"DO-06"}},
{"type":"Feature","geometry":{"type":"Polygon","coordinates":[[[-70.5477,19.5178],[-70.6588,19.6287],[-70.7605,19.5904],[-70.8641,19.6417],[-70.9044,19.4816],[-71.0752,19.4681],[-71.2409,19.329],[-71.2308,19.1702],[-71.0154,19.0256],[-70.9162,19.0259],[-70.6783,19.2488],[-70.6139,19.3688],[-70.5477,19.5178]]]},"properties":{"iso":"DOM","name":"Santiago","country":"República Dominicana","code":"DO-25"}},
{"type":"Feature","geometry":{"type":"Polygon","coordinates":[[[-71.2008,18.3384],[-71.1803,18.3971],[-71.0148,18.502],[-71.1613,18.6159],[-71.3449,18.5996],[-71.535,18.6508],[-71.6207,18.5653],[-71.5926,18.478],[-71.2008,18.3384]]]},"properties":{"iso":"DOM","name":"Bahoruco","country":"República Dominicana","code":"DO-03"}},
{"type":"Feature","geometry":{"type":"Polygon","coordinates":[[[-71.535,18.6508],[-71.3449,18.5996],[-71.1613,18.6159],[-71.0558,18.6788],[-70.9825,18.7826],[-70.9753,18.8837],[-70.8912,18.9885],[-70.9162,19.0259],[-71.0154,19.0256],[-71.2308,19.1702],[-71.3274,19.1911],[-71.4711,19.1284],[-71.5188,19.0181],[-71.6248,18.9378],[-71.6279,18.8142],[-71.535,18.6508]]]},"properties":{"iso":"DOM","name":"San Juan","country":"República Dominicana","code":"DO-22"}},
{"type":"Feature","geometry":{"type":"Polygon","coordinates":[[[-72.1805,-11.3132],[-72.2868,-11.295],[-72.4092,-11.3317],[-72.5431,-11.4244],[-72.7098,-11.3556],[-72.8225,-11.3704],[-72.9351,-11.3089],[-72.9754,-11.2158],[-73.1335,-11.295],[-73.4352,-11.3241],[-73.5457,-11.5326],[-73.673,-11.6281],[-73.4995,-11.7237],[-73.5047,-11.8682],[-73.6014,-12.0097],[-73.6574,-12.2157],[-73.8243,-12.2709],[-73.9615,-12.2772],[-73.7626,-12.6281],[-73.6769,-12.6779],[-73.5494,-13.0637],[-73.3029,-13.3579],[-73.221,-13.4218],[-73.0966,-13.4581],[-72.964,-13.3976],[-72.8033,-13.4348],[-72.605,-13.5619],[-72.4302,-13.5977],[-72.3755,-13.6746],[-72.2719,-13.6955],[-72.1652,-13.7842],[-72.0826,-13.9372],[-72.112,-14.2171],[-72.2786,-14.4169],[-72.3763,-14.4463],[-72.5033,-14.5675],[-72.4861,-14.674],[-72.4223,-14.8146],[-72.335,-14.8434],[-72.13,-14.8123],[-72.0691,-14.8791],[-71.9905,-14.6786],[-71.8778,-14.8423],[-71.8627,-15.0432],[-71.667,-15.1136],[-71.3933,-15.0568],[-71.2351,-15.0715],[-71.1806,-15.2087],[-71.0294,-15.3341],[-70.9764,-15.2097],[-71.0118,-15.0995],[-70.9845,-14.9356],[-70.9999,-14.768],[-71.1231,-14.6825],[-70.9952,-14.5807],[-70.9789,-14.4434],[-70.8894,-14.4102],[-70.809,-14.0947],[-70.8499,-14.0118],[-70.8175,-13.8263],[-70.6644,-13.7602],[-70.5704,-13.5394],[-70.3772,-13.2813],[-70.3558,-13.0246],[-70.5525,-13.0077],[-70.5535,-13.1177],[-70.6784,-13.1252],[-71.0342,-13.0694],[-71.1749,-12.9823],[-71.499,-12.8658],[-71.6111,-12.8685],[-71.8548,-12.7765],[-71.913,-12.6675],[-71.8907,-12.5575],[-71.9874,-12.3302],[-72.1252,-12.2587],[-72.1723,-12.1173],[-72.3389,-12.0226],[-72.3836,-11.9022],[-72.3319,-11.6669],[-72.2019,-11.4266],[-72.1805,-11.3132]]]},"properties":{"iso":"PER","name":"Cusco","country":"Peru","code":"PE-CUS"}},
{"type":"Feature","geometry":{"type":"Polygon","coordinates":[[[-72.848,-14.7316],[-73.0545,-14.6607],[-73.2748,-14.7178],[-73.3639,-14.7055],[-73.4332,-14.804],[-73.5194,-14.8203],[-73.5728,-14.7001],[-73.5,-14.5725],[-73.5402,-14.5014],[-73.5397,-14.2268],[-73.632,-14.0013],[-73.7448,-13.7918],[-73.6905,-13.7333],[-73.817,-13.5838],[-73.8501,-13.3779],[-73.8077,-13.2166],[-73.464,-13.4407],[-73.2509,-13.477],[-73.221,-13.4218],[-73.3029,-13.3579],[-73.5494,-13.0637],[-73.6769,-12.6779],[-73.7626,-12.6281],[-73.9615,-12.2772],[-74.0775,-12.2621],[-74.1749,-12.3137],[-74.3462,-12.2168],[-74.3875,-12.1471],[-74.5036,-12.2524],[-74.554,-12.392],[-74.4306,-12.4673],[-74.3444,-12.5963],[-74.2991,-12.7599],[-74.3392,-12.908],[-74.2858,-13.0023],[-74.4137,-13.0408],[-74.4004,-13.1454],[-74.5523,-13.1995],[-74.6852,-13.2892],[-74.8997,-13.3509],[-74.9279,-13.445],[-74.7939,-13.5954],[-74.7916,-13.703],[-74.7318,-13.85],[-74.735,-14.0198],[-74.9915,-14.0896],[-75.0669,-14.1429],[-75.0615,-14.2592],[-75.1319,-14.3982],[-75.0731,-14.4451],[-75.0536,-14.6075],[-74.9003,-14.5555],[-74.772,-14.73],[-74.6934,-14.9158],[-74.7266,-15.0879],[-74.7118,-15.1269],[-74.4685,-15.1955],[-74.4018,-15.3609],[-74.2287,-15.4943],[-74.1049,-15.4566],[-74.0566,-15.6066],[-73.9109,-15.4601],[-73.5744,-15.4165],[-73.4572,-15.3649],[-73.2828,-15.3949],[-73.2611,-15.2813],[-73.1708,-15.2983],[-73.0337,-15.1295],[-72.9977,-14.8253],[-72.8371,-14.7964],[-72.848,-14.7316]]]},"properties":{"iso":"PER","name":"Ayacucho","country":"Peru","code":"PE-AYA"}},
{"type":"Feature","geometry":{"type":"Polygon","coordinates":[[[-72.4861,-14.674],[-72.5033,-14.5675],[-72.3763,-14.4463],[-72.2786,-14.4169],[-72.112,-14.2171],[-72.0826,-13.9372],[-72.1652,-13.7842],[-72.2719,-13.6955],[-72.3755,-13.6746],[-72.4302,-13.5977],[-72.605,-13.5619],[-72.8033,-13.4348],[-72.964,-13.3976],[-73.0966,-13.4581],[-73.221,-13.4218],[-73.2509,-13.477],[-73.464,-13.4407],[-73.8077,-13.2166],[-73.8501,-13.3779],[-73.817,-13.5838],[-73.6905,-13.7333],[-73.7448,-13.7918],[-73.632,-14.0013],[-73.5397,-14.2268],[-73.5402,-14.5014],[-73.5,-14.5725],[-73.5728,-14.7001],[-73.5194,-14.8203],[-73.4332,-14.804],[-73.3639,-14.7055],[-73.2748,-14.7178],[-73.0545,-14.6607],[-72.848,-14.7316],[-72.7627,-14.6592],[-72.5698,-14.6957],[-72.4861,-14.674]]]},"properties":{"iso":"PER","name":"Apurímac","country":"Peru","code":"PE-APU"}},
{"type":"Feature","geometry":{"type":"Polygon","coordinates":[[[-75.0669,-14.1429],[-74.9915,-14.0896],[-74.735,-14.0198],[-74.7318,-13.85],[-74.7916,-13.703],[-74.7939,-13.5954],[-74.9279,-13.445],[-74.8997,-13.3509],[-74.6852,-13.2892],[-74.5523,-13.1995],[-74.4004,-13.1454],[-74.4137,-13.0408],[-74.2858,-13.0023],[-74.3392,-12.908],[-74.2991,-12.7599],[-74.3444,-12.5963],[-74.4306,-12.4673],[-74.554,-12.392],[-74.5036,-12.2524],[-74.3875,-12.1471],[-74.5137,-12.0386],[-74.6791,-11.9826],[-74.7843,-12.0402],[-74.9704,-12.0443],[-75.068,-11.9823],[-75.1208,-12.062],[-75.0619,-12.1889],[-75.1241,-12.3749],[-75.211,-12.4023],[-75.3832,-12.5531],[-75.4672,-12.6866],[-75.594,-12.8549],[-75.6347,-12.982],[-75.7134,-13.1096],[-75.7045,-13.2166],[-75.8009,-13.3888],[-75.4831,-13.4661],[-75.5479,-13.5842],[-75.5602,-13.749],[-75.5214,-13.8993],[-75.3494,-13.963],[-75.2091,-14.0758],[-75.0669,-14.1429]]]},"properties":{"iso":"PER","name":"Huancavelica","country":"Peru","code":"PE-HUV"}},
{"type":"Feature","geometry":{"type":"Polygon","coordinates":[[[-77.64,-5.3846],[-77.7067,-5.4577],[-77.715,-5.7234],[-77.594,-5.9608],[-77.5259,-6.0243],[-77.2547,-6.1211],[-77.1646,-6.3079],[-77.3093,-6.4843],[-77.3436,-6.5742],[-77.566,-6.6183],[-77.6712,-6.5746],[-77.7385,-6.6481],[-77.7775,-6.8901],[-77.7424,-6.994],[-77.6195,-7.1693],[-77.5933,-7.4015],[-77.4502,-7.5724],[-77.4707,-7.7627],[-77.3998,-7.899],[-77.3591,-8.0674],[-77.232,-8.0702],[-77.0276,-8.138],[-76.911,-8.2471],[-76.8563,-8.5557],[-76.7716,-8.538],[-76.4575,-8.6004],[-76.3644,-8.5503],[-76.3262,-8.3799],[-76.2045,-8.5747],[-76.1737,-8.697],[-76.0795,-8.7147],[-75.9527,-8.5682],[-75.8938,-8.3333],[-75.7986,-8.219],[-75.8151,-8.0136],[-76.0579,-7.5008],[-76.0985,-7.3284],[-76.0845,-7.1089],[-76.1098,-7.0092],[-76.0112,-6.7849],[-75.9078,-6.7527],[-75.7691,-6.8162],[-75.6825,-6.9245],[-75.5959,-6.9134],[-75.5246,-6.7972],[-75.4663,-6.3566],[-75.5066,-6.2588],[-75.6682,-6.1473],[-75.8455,-6.1079],[-76.0849,-6.1189],[-76.1591,-6.0821],[-76.3157,-5.9213],[-76.3835,-5.9257],[-76.5298,-6.0283],[-76.6733,-6.03],[-76.7341,-5.9765],[-76.8339,-5.7656],[-76.9682,-5.6899],[-77.1757,-5.6799],[-77.3669,-5.5369],[-77.5485,-5.4582],[-77.64,-5.3846]]]},"properties":{"iso":"PER","name":"San Martín","country":"Peru","code":"PE-SAM"}},
{"type":"Feature","geometry":{"type":"Polygon","coordinates":[[[-75.9527,-8.5682],[-76.0795,-8.7147],[-76.1737,-8.697],[-76.2045,-8.5747],[-76.3262,-8.3799],[-76.3644,-8.5503],[-76.4575,-8.6004],[-76.7716,-8.538],[-76.8563,-8.5557],[-76.9946,-8.6023],[-77.0361,-8.4991],[-77.3225,-8.5341],[-77.2902,-8.6846],[-77.1361,-8.8989],[-76.9973,-9.013],[-76.7804,-9.1357],[-76.7413,-9.2046],[-76.8589,-9.3263],[-76.9744,-9.6418],[-77.0725,-9.7904],[-77.0002,-9.9475],[-76.9818,-10.0699],[-76.9048,-10.1254],[-76.9316,-10.2868],[-76.75,-10.4438],[-76.5916,-10.2895],[-76.5127,-10.261],[-76.3105,-10.2853],[-76.2286,-10.364],[-76.0347,-10.3777],[-75.9458,-10.426],[-75.8064,-10.3644],[-75.8284,-10.0971],[-75.8002,-9.9604],[-75.7321,-9.9132],[-75.3239,-9.8663],[-75.1327,-9.776],[-74.9833,-9.7919],[-74.7631,-9.7542],[-74.5383,-9.6498],[-74.7016,-9.415],[-74.6791,-9.069],[-74.6165,-8.8341],[-74.5183,-8.7582],[-74.5643,-8.6323],[-74.6786,-8.619],[-74.8023,-8.6587],[-75.0391,-8.8379],[-75.2959,-9.2305],[-75.4361,-9.2845],[-75.5567,-9.3838],[-75.6487,-9.4054],[-75.7754,-9.2453],[-75.7989,-9.092],[-75.8847,-8.9889],[-75.8997,-8.8141],[-75.9741,-8.6452],[-75.9527,-8.5682]]]},"properties":{"iso":"PER","name":"Huánuco","country":"Peru","code":"PE-HUC"}},
{"type":"Feature","geometry":{"type":"Polygon","coordinates":[[[-74.5383,-9.6498],[-74.7631,-9.7542],[-74.9833,-9.7919],[-75.1327,-9.776],[-75.3239,-9.8663],[-75.7321,-9.9132],[-75.8002,-9.9604],[-75.8284,-10.0971],[-75.8064,-10.3644],[-75.9458,-10.426],[-76.0347,-10.3777],[-76.2286,-10.364],[-76.3105,-10.2853],[-76.5127,-10.261],[-76.5916,-10.2895],[-76.75,-10.4438],[-76.5726,-10.8295],[-76.5702,-10.9717],[-76.4883,-11.0977],[-76.2785,-11.0825],[-76.2807,-10.9392],[-75.9932,-10.8898],[-75.7539,-10.8852],[-75.4457,-10.7934],[-75.1235,-10.7322],[-75.0251,-10.6813],[-74.7805,-10.8242],[-74.5085,-10.8482],[-74.2918,-10.6611],[-74.1739,-10.6034],[-74.28,-10.5127],[-74.3693,-10.3152],[-74.36,-10.1383],[-74.4378,-9.9543],[-74.4405,-9.8472],[-74.5383,-9.6498]]]},"properties":{"iso":"PER","name":"Pasco","country":"Peru","code":"PE-PAS"}},
{"type":"Feature","geometry":{"type":"Polygon","coordinates":[[[-74.5085,-10.8482],[-74.7805,-10.8242],[-75.0251,-10.6813],[-75.1235,-10.7322],[-75.4457,-10.7934],[-75.7539,-10.8852],[-75.9932,-10.8898],[-76.2807,-10.9392],[-76.2785,-11.0825],[-76.4883,-11.0977],[-76.4758,-11.3121],[-76.3777,-11.5037],[-76.2219,-11.5947],[-76.2098,-11.7365],[-76.0124,-12.0147],[-75.8898,-11.9883],[-75.6888,-12.0787],[-75.5376,-12.4169],[-75.5687,-12.6206],[-75.4672,-12.6866],[-75.3832,-12.5531],[-75.211,-12.4023],[-75.1241,-12.3749],[-75.0619,-12.1889],[-75.1208,-12.062],[-75.068,-11.9823],[-74.9704,-12.0443],[-74.7843,-12.0402],[-74.6791,-11.9826],[-74.5137,-12.0386],[-74.3875,-12.1471],[-74.3462,-12.2168],[-74.1749,-12.3137],[-74.0775,-12.2621],[-73.9615,-12.2772],[-73.8243,-12.2709],[-73.6574,-12.2157],[-73.6014,-12.0097],[-73.5047,-11.8682],[-73.4995,-11.7237],[-73.673,-11.6281],[-73.5457,-11.5326],[-73.4352,-11.3241],[-73.5161,-11.1735],[-73.4961,-10.998],[-73.634,-10.7944],[-73.7593,-10.7572],[-73.8864,-10.9401],[-74.3849,-11.0503],[-74.4745,-10.9914],[-74.5085,-10.8482]]]},"properties":{"iso":"PER","name":"Junín","country":"Peru","code":"PE-JUN"}},
{"type":"Feature","geometry":{"type":"Polygon","coordinates":[[[-57.2134,-24.989],[-57.0587,-25.0376],[-56.9848,-24.9637],[-56.6893,-24.917],[-56.4945,-25.0217],[-56.2471,-24.7887],[-56.0544,-24.9679],[-55.9494,-24.8419],[-55.7508,-24.7827],[-55.9024,-24.649],[-56.1566,-24.2616],[-56.1535,-24.1608],[-55.9924,-24.0227],[-56.0591,-23.8485],[-55.9815,-23.7682],[-55.9362,-23.5302],[-56.1141,-23.5946],[-56.1442,-23.5148],[-56.043,-23.4234],[-56.0843,-23.3242],[-56.301,-23.3397],[-56.4049,-23.4114],[-56.6054,-23.4523],[-56.8385,-23.4217],[-57.3505,-23.5048],[-57.4462,-23.4745],[-57.4504,-23.5738],[-57.2803,-23.7234],[-57.278,-24.0051],[-57.163,-24.1174],[-57.2197,-24.1979],[-57.1709,-24.298],[-57.0907,-24.6775],[-57.1819,-24.7695],[-57.2134,-24.989]]]},"properties":{"iso":"PRY","name":"San Pedro","country":"Paraguai","code":"PY-2"}},
{"type":"Feature","geometry":{"type":"Polygon","coordinates":[[[-55.2275,-24.5022],[-55.5228,-24.5557],[-55.7508,-24.7827],[-55.9494,-24.8419],[-56.0544,-24.9679],[-56.2471,-24.7887],[-56.4945,-25.0217],[-56.5638,-25.3493],[-56.8093,-25.5061],[-56.7463,-25.6535],[-56.6468,-25.7104],[-56.3591,-25.5778],[-55.9388,-25.6071],[-55.8282,-25.6768],[-55.6246,-25.6503],[-55.4892,-25.5556],[-55.2268,-25.2313],[-55.0242,-25.3399],[-55.015,-25.1845],[-55.3275,-24.9659],[-55.3285,-24.7686],[-55.2916,-24.5837],[-55.2275,-24.5022]]]},"properties":{"iso":"PRY","name":"Caaguazú","country":"Paraguai","code":"PY-5"}},
{"type":"Feature","geometry":{"type":"Polygon","coordinates":[[[-57.455,-25.1125],[-57.3182,-25.2559],[-57.2331,-25.3974],[-57.1618,-25.4253],[-57.0882,-25.5261],[-56.9026,-25.5394],[-56.8471,-25.6602],[-56.7463,-25.6535],[-56.8093,-25.5061],[-56.5638,-25.3493],[-56.4945,-25.0217],[-56.6893,-24.917],[-56.9848,-24.9637],[-57.0587,-25.0376],[-57.2134,-24.989],[-57.455,-25.1125]]]},"properties":{"iso":"PRY","name":"Cordillera","country":"Paraguai","code":"PY-3"}},
{"type":"Feature","geometry":{"type":"Polygon","coordinates":[[[-55.4892,-25.5556],[-55.6246,-25.6503],[-55.6694,-25.7301],[-56.0335,-25.894],[-56.0741,-26.0034],[-56.1552,-26.044],[-56.2538,-25.9919],[-56.4826,-26.0878],[-56.5865,-26.1759],[-56.7282,-26.4855],[-56.7834,-26.5408],[-56.5723,-26.7224],[-56.4117,-26.7756],[-56.1184,-26.6713],[-55.9841,-26.498],[-55.8646,-26.472],[-55.7399,-26.3569],[-55.4657,-26.2874],[-55.3232,-26.1652],[-55.2915,-26.0833],[-55.3053,-25.9907],[-55.429,-26.0103],[-55.5131,-25.9628],[-55.5263,-25.8607],[-55.3995,-25.6089],[-55.4892,-25.5556]]]},"properties":{"iso":"PRY","name":"Caazapá","country":"Paraguai","code":"PY-6"}},
{"type":"Feature","geometry":{"type":"Polygon","coordinates":[[[-57.5036,-26.0111],[-57.4812,-26.1743],[-57.7055,-26.4125],[-57.5488,-26.5506],[-57.3406,-26.6232],[-57.2008,-26.5894],[-57.0393,-26.404],[-56.8193,-26.4898],[-56.7834,-26.5408],[-56.7282,-26.4855],[-56.5865,-26.1759],[-56.67,-25.9915],[-56.6468,-25.7104],[-56.7463,-25.6535],[-56.8471,-25.6602],[-56.9026,-25.5394],[-57.0882,-25.5261],[-57.1618,-25.4253],[-57.2383,-25.4797],[-57.426,-25.7381],[-57.405,-25.8584],[-57.5036,-26.0111]]]},"properties":{"iso":"PRY","name":"Paraguarí","country":"Paraguai","code":"PY-9"}},
{"type":"Feature","geometry":{"type":"Polygon","coordinates":[[[-56.6468,-25.7104],[-56.67,-25.9915],[-56.5865,-26.1759],[-56.4826,-26.0878],[-56.2538,-25.9919],[-56.1552,-26.044],[-56.0741,-26.0034],[-56.0335,-25.894],[-55.6694,-25.7301],[-55.6246,-25.6503],[-55.8282,-25.6768],[-55.9388,-25.6071],[-56.3591,-25.5778],[-56.6468,-25.7104]]]},"properties":{"iso":"PRY","name":"Guairá","country":"Paraguai","code":"PY-4"}},
{"type":"Feature","geometry":{"type":"Polygon","coordinates":[[[-85.5064,13.3706],[-85.605,13.3277],[-85.745,13.1622],[-85.9183,13.0175],[-86.0995,13.047],[-86.2639,12.8485],[-86.2888,12.6365],[-86.1011,12.5941],[-85.9723,12.5221],[-85.8557,12.623],[-85.5529,12.6746],[-85.4076,12.7433],[-85.2608,12.6618],[-85.1792,12.6602],[-85.2268,12.7787],[-85.1313,12.8608],[-84.9582,12.8507],[-84.84,12.9413],[-84.7482,12.9503],[-84.7273,13.0573],[-84.8009,13.1472],[-84.7514,13.2157],[-84.8831,13.3815],[-84.9738,13.2988],[-85.098,13.2922],[-85.2418,13.1452],[-85.4344,13.258],[-85.5064,13.3706]]]},"properties":{"iso":"NIC","name":"Matagalpa","country":"Nicarágua","code":"NI-MT"}},
{"type":"Feature","geometry":{"type":"Polygon","coordinates":[[[-85.1792,12.6602],[-85.2608,12.6618],[-85.4076,12.7433],[-85.5529,12.6746],[-85.8557,12.623],[-85.9723,12.5221],[-85.8515,12.1988],[-85.7315,12.0413],[-85.6567,12.0465],[-85.5863,12.3047],[-85.5085,12.3455],[-85.275,12.3574],[-85.078,12.4409],[-84.9685,12.6495],[-84.9982,12.7307],[-85.1177,12.7762],[-85.1792,12.6602]]]},"properties":{"iso":"NIC","name":"Boaco","country":"Nicarágua","code":"NI-BO"}},
{"type":"Feature","geometry":{"type":"Polygon","coordinates":[[[-84.6074,11.8625],[-84.7024,11.9827],[-84.7727,12.15],[-84.8453,12.4708],[-84.9685,12.6495],[-85.078,12.4409],[-85.275,12.3574],[-85.5085,12.3455],[-85.5863,12.3047],[-85.6567,12.0465],[-85.5229,11.6805],[-85.1015,11.6315],[-84.795,11.8678],[-84.6074,11.8625]]]},"properties":{"iso":"NIC","name":"Chontales","country":"Nicarágua","code":"NI-CO"}},
{"type":"Feature","geometry":{"type":"Polygon","coordinates":[[[-86.2129,13.3903],[-86.3094,13.4355],[-86.5628,13.3968],[-86.7149,13.2004],[-86.7207,13.0902],[-86.4912,13.1215],[-86.4117,13.0318],[-86.42,12.8998],[-86.2639,12.8485],[-86.0995,13.047],[-86.2479,13.1891],[-86.2129,13.3903]]]},"properties":{"iso":"NIC","name":"Estelí","country":"Nicarágua","code":"NI-ES"}},
{"type":"Feature","geometry":{"type":"Polygon","coordinates":[[[-85.5229,11.6805],[-85.6567,12.0465],[-85.7315,12.0413],[-85.8515,12.1988],[-86.0005,12.1438],[-85.964,12.0914],[-86.0725,11.8562],[-86.1191,11.6872],[-86.1017,11.6108],[-85.8944,11.6821],[-85.5229,11.6805]]]},"properties":{"iso":"NIC","name":"Granada","country":"Nicarágua","code":"NI-GR"}},
{"type":"Feature","geometry":{"type":"Polygon","coordinates":[[[-86.2814,11.957],[-86.0725,11.8562],[-85.964,12.0914],[-86.0005,12.1438],[-86.109,12.1313],[-86.2814,11.957]]]},"properties":{"iso":"NIC","name":"Masaya","country":"Nicarágua","code":"NI-MS"}},
{"type":"Feature","geometry":{"type":"Polygon","coordinates":[[[-87.8531,14.4291],[-87.6961,14.3555],[-87.6395,14.2737],[-87.8287,14.2253],[-87.781,14.1431],[-87.6152,14.0885],[-87.4371,14.2189],[-87.4639,14.3216],[-87.3827,14.3953],[-87.4659,14.5222],[-87.3987,14.6268],[-87.2661,14.7031],[-87.2458,14.8977],[-87.4732,14.9802],[-87.5547,15.0556],[-87.7359,15.0166],[-87.7407,14.9625],[-87.963,14.8035],[-87.9858,14.8364],[-88.075,14.6648],[-87.9691,14.6131],[-87.8531,14.4291]]]},"properties":{"iso":"HND","name":"Comayagua","country":"Honduras","code":"HN-CM"}},
{"type":"Feature","geometry":{"type":"Polygon","coordinates":[[[-86.2329,15.4098],[-86.2356,15.4993],[-86.4209,15.5828],[-86.6363,15.6046],[-86.7789,15.5507],[-86.9906,15.5488],[-87.1825,15.4266],[-87.4167,15.4608],[-87.4384,15.529],[-87.61,15.5044],[-87.6979,15.6637],[-87.7876,15.721],[-87.7622,15.6102],[-87.9231,15.1908],[-87.7677,15.1397],[-87.7359,15.0166],[-87.5547,15.0556],[-87.4732,14.9802],[-87.2458,14.8977],[-87.1848,15.0114],[-86.9875,15.0159],[-86.8862,15.0816],[-86.8589,15.2536],[-86.6664,15.2823],[-86.5265,15.3862],[-86.372,15.3294],[-86.2329,15.4098]]]},"properties":{"iso":"HND","name":"Yoro","country":"Honduras","code":"HN-YO"}},
{"type":"Feature","geometry":{"type":"Polygon","coordinates":[[[-87.647,13.8342],[-87.6494,13.7612],[-87.4611,13.6702],[-87.2142,13.6711],[-87.1302,13.66],[-87.0838,13.7837],[-86.9951,13.8459],[-86.9893,13.9645],[-86.916,13.9993],[-86.8969,14.2299],[-86.7142,14.4238],[-86.7437,14.5753],[-86.8483,14.6659],[-86.9875,15.0159],[-87.1848,15.0114],[-87.2458,14.8977],[-87.2661,14.7031],[-87.3987,14.6268],[-87.4659,14.5222],[-87.3827,14.3953],[-87.4639,14.3216],[-87.4371,14.2189],[-87.6152,14.0885],[-87.5966,13.9573],[-87.647,13.8342]]]},"properties":{"iso":"HND","name":"Francisco Morazán","country":"Honduras","code":"HN-FM"}},
{"type":"Feature","geometry":{"type":"Polygon","coordinates":[[[-91.0874,14.8263],[-91.0688,14.7448],[-91.1141,14.5304],[-91.1113,14.4304],[-91.016,14.4087],[-90.8905,14.4893],[-90.7719,14.6709],[-90.7652,14.7779],[-90.6576,14.9039],[-90.8529,14.9419],[-91.0246,14.9166],[-91.0874,14.8263]]]},"properties":{"iso":"GTM","name":"Chimaltenango","country":"Guatemala","code":"GT-CM"}},
{"type":"Feature","geometry":{"type":"Polygon","coordinates":[[[-90.6505,14.4687],[-90.6195,14.6476],[-90.7652,14.7779],[-90.7719,14.6709],[-90.8905,14.4893],[-90.6505,14.4687]]]},"properties":{"iso":"GTM","name":"Sacatepéquez","country":"Guatemala","code":"GT-SA"}},
{"type":"Feature","geometry":{"type":"Polygon","coordinates":[[[-90.5649,14.2562],[-90.4438,14.3286],[-90.3883,14.4965],[-90.2852,14.5143],[-90.2091,14.6743],[-90.3388,14.751],[-90.3999,14.899],[-90.6576,14.9039],[-90.7652,14.7779],[-90.6195,14.6476],[-90.6505,14.4687],[-90.5964,14.4151],[-90.5649,14.2562]]]},"properties":{"iso":"GTM","name":"Guatemala","country":"Guatemala","code":"GT-GU"}},
{"type":"Feature","geometry":{"type":"Polygon","coordinates":[[[-89.6855,14.5776],[-89.667,14.7599],[-89.7364,14.7799],[-89.834,14.8765],[-90.0386,14.7826],[-90.2091,14.6743],[-90.2852,14.5143],[-90.128,14.5191],[-90.0519,14.4335],[-89.7623,14.5005],[-89.6855,14.5776]]]},"properties":{"iso":"GTM","name":"Jalapa","country":"Guatemala","code":"GT-JA"}},
{"type":"Feature","geometry":{"type":"Polygon","coordinates":[[[-89.973,15.1565],[-90.2826,14.9545],[-90.3999,14.899],[-90.3388,14.751],[-90.2091,14.6743],[-90.0386,14.7826],[-89.834,14.8765],[-89.7687,14.9095],[-89.7966,15.0433],[-89.878,15.1599],[-89.973,15.1565]]]},"properties":{"iso":"GTM","name":"El Progreso","country":"Guatemala","code":"GT-PR"}},
{"type":"Feature","geometry":{"type":"Polygon","coordinates":[[[-91.183,14.9107],[-91.2296,14.86],[-91.4283,14.8176],[-91.4697,14.7396],[-91.4766,14.6299],[-91.3026,14.6405],[-91.2572,14.5574],[-91.1141,14.5304],[-91.0688,14.7448],[-91.0874,14.8263],[-91.183,14.9107]]]},"properties":{"iso":"GTM","name":"Sololá","country":"Guatemala","code":"GT-SO"}},
{"type":"Feature","geometry":{"type":"Polygon","coordinates":[[[-92.0166,14.5309],[-91.8558,14.5235],[-91.761,14.6965],[-91.666,14.662],[-91.5105,14.713],[-91.4697,14.7396],[-91.4283,14.8176],[-91.5602,14.9859],[-91.5875,15.131],[-91.5188,15.156],[-91.6161,15.2209],[-91.6991,15.1224],[-91.6733,15.0332],[-91.7953,14.783],[-91.8507,14.729],[-92.0724,14.7018],[-92.0166,14.5309]]]},"properties":{"iso":"GTM","name":"Quezaltenango","country":"Guatemala","code":"GT-QZ"}},
{"type":"Feature","geometry":{"type":"Polygon","coordinates":[[[-90.6576,14.9039],[-90.3999,14.899],[-90.2826,14.9545],[-89.973,15.1565],[-89.9521,15.2885],[-90.078,15.2688],[-90.2564,15.2891],[-90.2962,15.2129],[-90.5038,15.2622],[-90.5413,15.2125],[-90.8657,15.2568],[-90.8719,15.1485],[-90.7073,15.0002],[-90.6576,14.9039]]]},"properties":{"iso":"GTM","name":"Baja Verapaz","country":"Guatemala","code":"GT-BV"}},
{"type":"Feature","geometry":{"type":"Polygon","coordinates":[[[-91.5188,15.156],[-91.5875,15.131],[-91.5602,14.9859],[-91.4283,14.8176],[-91.2296,14.86],[-91.183,14.9107],[-91.2346,15.0972],[-91.3154,15.2632],[-91.4458,15.2288],[-91.5188,15.156]]]},"properties":{"iso":"GTM","name":"Totonicapán","country":"Guatemala","code":"GT-TO"}},
{"type":"Feature","geometry":{"type":"Polygon","coordinates":[[[-89.1413,14.067],[-89.1577,13.9525],[-89.0504,13.7779],[-89.0236,13.6729],[-88.8961,13.6626],[-88.8503,13.7506],[-88.9765,13.891],[-88.9297,13.9479],[-89.1413,14.067]]]},"properties":{"iso":"SLV","name":"Cuscatlán","country":"El Salvador","code":"SV-CU"}},
{"type":"Feature","geometry":{"type":"Polygon","coordinates":[[[-89.2673,14.0521],[-89.2104,13.9456],[-89.2627,13.7421],[-89.2045,13.6565],[-89.2114,13.5287],[-89.1444,13.4893],[-89.0236,13.6729],[-89.0504,13.7779],[-89.1577,13.9525],[-89.1413,14.067],[-89.2673,14.0521]]]},"properties":{"iso":"SLV","name":"San Salvador","country":"El Salvador","code":"SV-SS"}},
{"type":"Feature","geometry":{"type":"Polygon","coordinates":[[[-78.5491,-2.5629],[-78.6236,-2.6329],[-78.7662,-2.6871],[-78.8201,-2.8239],[-78.93,-2.8171],[-79.072,-2.65],[-79.1777,-2.7226],[-79.294,-2.588],[-79.4374,-2.4971],[-79.4248,-2.5553],[-79.6906,-2.8257],[-79.6948,-2.9571],[-79.7605,-3.0647],[-79.6004,-3.1617],[-79.65,-3.3288],[-79.4578,-3.328],[-79.3295,-3.3409],[-79.2565,-3.4607],[-79.1788,-3.4482],[-79.1022,-3.636],[-79.0502,-3.5521],[-79.0461,-3.3992],[-78.939,-3.3227],[-78.9376,-3.2878],[-78.6717,-3.0908],[-78.576,-2.8536],[-78.5476,-2.7018],[-78.4368,-2.6453],[-78.5491,-2.5629]]]},"properties":{"iso":"ECU","name":"Azuay","country":"Equador","code":"EC-A"}},
{"type":"Feature","geometry":{"type":"Polygon","coordinates":[[[-78.5799,-2.3115],[-78.7252,-2.3171],[-78.8624,-2.39],[-79.0284,-2.3451],[-79.1301,-2.2037],[-79.235,-2.2818],[-79.4257,-2.3607],[-79.4374,-2.4971],[-79.294,-2.588],[-79.1777,-2.7226],[-79.072,-2.65],[-78.93,-2.8171],[-78.8201,-2.8239],[-78.7662,-2.6871],[-78.6236,-2.6329],[-78.5491,-2.5629],[-78.4937,-2.5133],[-78.4812,-2.3807],[-78.5799,-2.3115]]]},"properties":{"iso":"ECU","name":"Cañar","country":"Equador","code":"EC-F"}},
{"type":"Feature","geometry":{"type":"Polygon","coordinates":[[[-78.1165,-1.2333],[-78.2215,-1.14],[-78.3037,-1.1433],[-78.3914,-0.9636],[-78.4554,-1.0748],[-78.5327,-1.0594],[-78.6774,-1.1426],[-78.8662,-1.1783],[-78.9238,-1.3971],[-78.8807,-1.4592],[-78.8,-1.4244],[-78.6986,-1.4781],[-78.5154,-1.4801],[-78.3534,-1.5264],[-78.1726,-1.447],[-78.1142,-1.3426],[-78.1165,-1.2333]]]},"properties":{"iso":"ECU","name":"Napo","country":"Equador","code":"EC-N"}},
{"type":"Feature","geometry":{"type":"Polygon","coordinates":[[[-77.8327,0.0319],[-77.9645,-0.0478],[-78.0076,-0.132],[-78.1773,-0.1809],[-78.1874,-0.2965],[-78.2504,-0.4148],[-78.2717,-0.5515],[-78.3968,-0.6844],[-78.3914,-0.9636],[-78.3037,-1.1433],[-78.2215,-1.14],[-78.1165,-1.2333],[-77.846,-1.2247],[-77.6956,-1.1517],[-77.5471,-1.1357],[-77.2338,-1.0245],[-77.0516,-1.0104],[-77.0417,-0.9204],[-77.2471,-0.8296],[-77.4992,-0.9453],[-77.5285,-0.8412],[-77.5097,-0.6557],[-77.6202,-0.5366],[-77.5515,-0.458],[-77.395,-0.4969],[-77.2732,-0.3604],[-77.2994,-0.0585],[-77.3627,-0.1408],[-77.4465,-0.1248],[-77.459,-0.0261],[-77.589,-0.1],[-77.7721,-0.0662],[-77.8327,0.0319]]]},"properties":{"iso":"ECU","name":"Tungurahua","country":"Equador","code":"EC-T"}},
{"type":"Feature","geometry":{"type":"Polygon","coordinates":[[[-78.3534,-1.5264],[-78.5154,-1.4801],[-78.6986,-1.4781],[-78.8,-1.4244],[-78.8807,-1.4592],[-78.8598,-1.6639],[-79.005,-1.7915],[-79.0146,-2.0882],[-79.1301,-2.2037],[-79.0284,-2.3451],[-78.8624,-2.39],[-78.7252,-2.3171],[-78.5799,-2.3115],[-78.4458,-2.0752],[-78.4895,-1.9648],[-78.4183,-1.8675],[-78.4502,-1.7173],[-78.3594,-1.6217],[-78.3534,-1.5264]]]},"properties":{"iso":"ECU","name":"Chimborazo","country":"Equador","code":"EC-H"}},
{"type":"Feature","geometry":{"type":"Polygon","coordinates":[[[-79.1301,-2.2037],[-79.0146,-2.0882],[-79.005,-1.7915],[-78.8598,-1.6639],[-78.8807,-1.4592],[-78.9238,-1.3971],[-78.8662,-1.1783],[-78.9512,-1.2034],[-79.0821,-1.1549],[-79.2807,-1.2026],[-79.3432,-1.2912],[-79.3185,-1.468],[-79.2501,-1.5409],[-79.3402,-1.6428],[-79.2294,-1.8229],[-79.2782,-1.9539],[-79.2053,-2.0733],[-79.2355,-2.1543],[-79.1301,-2.2037]]]},"properties":{"iso":"ECU","name":"Bolivar","country":"Equador","code":"EC-B"}},
{"type":"Feature","geometry":{"type":"Polygon","coordinates":[[[-79.0107,0.2674],[-78.9517,0.2113],[-78.7781,0.2393],[-78.6523,0.2156],[-78.414,0.2454],[-78.2268,0.1333],[-78.0777,0.1978],[-77.9454,0.1613],[-77.8355,0.2692],[-77.8141,0.3457],[-78.0005,0.4687],[-78.1308,0.5056],[-78.1686,0.6514],[-78.289,0.8018],[-78.4421,0.8719],[-78.5112,0.7509],[-78.4263,0.5585],[-78.5392,0.5151],[-78.6754,0.3721],[-78.86,0.4228],[-79.0107,0.2674]]]},"properties":{"iso":"ECU","name":"Imbabura","country":"Equador","code":"EC-I"}},
{"type":"Feature","geometry":{"type":"Polygon","coordinates":[[[-78.3914,-0.9636],[-78.3968,-0.6844],[-78.4621,-0.6154],[-78.6086,-0.6053],[-78.7076,-0.6559],[-78.8294,-0.5157],[-78.9216,-0.3451],[-79.007,-0.4244],[-78.9964,-0.5103],[-79.0868,-0.5519],[-79.166,-0.7589],[-79.2907,-0.914],[-79.323,-1.121],[-79.2807,-1.2026],[-79.0821,-1.1549],[-78.9512,-1.2034],[-78.8662,-1.1783],[-78.6774,-1.1426],[-78.5327,-1.0594],[-78.4554,-1.0748],[-78.3914,-0.9636]]]},"properties":{"iso":"ECU","name":"Cotopaxi","country":"Equador","code":"EC-X"}},
{"type":"Feature","geometry":{"type":"Polygon","coordinates":[[[-79.2355,-2.1543],[-79.2053,-2.0733],[-79.2782,-1.9539],[-79.2294,-1.8229],[-79.3402,-1.6428],[-79.2501,-1.5409],[-79.3185,-1.468],[-79.3432,-1.2912],[-79.2807,-1.2026],[-79.323,-1.121],[-79.2907,-0.914],[-79.166,-0.7589],[-79.0868,-0.5519],[-79.3032,-0.6957],[-79.374,-0.5458],[-79.48,-0.5437],[-79.6196,-0.8502],[-79.5171,-0.8605],[-79.5756,-1.0403],[-79.7383,-1.1848],[-79.8473,-1.3991],[-79.8554,-1.6407],[-79.7732,-1.6833],[-79.6495,-1.9065],[-79.502,-1.8877],[-79.3608,-1.9831],[-79.2355,-2.1543]]]},"properties":{"iso":"ECU","name":"Los Rios","country":"Equador","code":"EC-R"}},
{"type":"Feature","geometry":{"type":"Polygon","coordinates":[[[-79.3638,0.0469],[-79.3095,0.0066],[-79.1067,0.0003],[-79.1003,-0.0821],[-78.9229,-0.0758],[-78.7454,-0.2152],[-78.7644,-0.285],[-78.9216,-0.3451],[-78.8294,-0.5157],[-78.7076,-0.6559],[-78.6086,-0.6053],[-78.4621,-0.6154],[-78.3968,-0.6844],[-78.2717,-0.5515],[-78.2504,-0.4148],[-78.1874,-0.2965],[-78.1773,-0.1809],[-78.0076,-0.132],[-77.9645,-0.0478],[-77.8327,0.0319],[-77.9454,0.1613],[-78.0777,0.1978],[-78.2268,0.1333],[-78.414,0.2454],[-78.6523,0.2156],[-78.7781,0.2393],[-78.9517,0.2113],[-79.0107,0.2674],[-79.2219,0.3156],[-79.3638,0.0469]]]},"properties":{"iso":"ECU","name":"Pichincha","country":"Equador","code":"EC-P"}},
{"type":"Feature","geometry":{"type":"Polygon","coordinates":[[[-79.5955,-0.0136],[-79.5988,-0.0718],[-79.413,-0.2048],[-79.4069,-0.3834],[-79.48,-0.5437],[-79.374,-0.5458],[-79.3032,-0.6957],[-79.0868,-0.5519],[-78.9964,-0.5103],[-79.007,-0.4244],[-78.9216,-0.3451],[-78.7644,-0.285],[-78.7454,-0.2152],[-78.9229,-0.0758],[-79.1003,-0.0821],[-79.1067,0.0003],[-79.3095,0.0066],[-79.3638,0.0469],[-79.493,-0.0256],[-79.5955,-0.0136]]]},"properties":{"iso":"ECU","name":"Santo Domingo de los Tsáchilas","country":"Equador","code":"EC-SD"}},
{"type":"Feature","geometry":{"type":"Polygon","coordinates":[[[-70.2512,18.8017],[-70.2238,18.8548],[-70.3671,18.9984],[-70.3923,19.0723],[-70.5018,19.0742],[-70.5924,18.8532],[-70.5337,18.7879],[-70.35,18.7202],[-70.2512,18.8017]]]},"properties":{"iso":"DOM","name":"Monseñor Nouel","country":"República Dominicana","code":"DO-28"}},
{"type":"Feature","geometry":{"type":"Polygon","coordinates":[[[-70.3923,19.0723],[-70.3671,18.9984],[-70.2238,18.8548],[-69.9525,18.91],[-69.9203,19.0393],[-69.9078,19.0935],[-70.0891,19.1443],[-70.2814,19.1464],[-70.3923,19.0723]]]},"properties":{"iso":"DOM","name":"Sánchez Ramírez","country":"República Dominicana","code":"DO-24"}},
{"type":"Feature","geometry":{"type":"Polygon","coordinates":[[[-70.4791,18.4132],[-70.3566,18.5036],[-70.35,18.7202],[-70.5337,18.7879],[-70.6105,18.6774],[-70.7,18.6768],[-70.6503,18.5724],[-70.4791,18.4132]]]},"properties":{"iso":"DOM","name":"San José de Ocoa","country":"República Dominicana","code":"DO-31"}},
{"type":"Feature","geometry":{"type":"Polygon","coordinates":[[[-69.6378,19.0089],[-69.7558,19.0876],[-69.9203,19.0393],[-69.9525,18.91],[-70.2238,18.8548],[-70.2512,18.8017],[-70.1672,18.7317],[-70.0088,18.6622],[-69.8883,18.7013],[-69.798,18.6001],[-69.5753,18.6482],[-69.4591,18.8026],[-69.3809,18.8711],[-69.6378,19.0089]]]},"properties":{"iso":"DOM","name":"Monte Plata","country":"República Dominicana","code":"DO-29"}},
{"type":"Feature","geometry":{"type":"Polygon","coordinates":[[[-84.5711,9.8245],[-84.5913,9.7429],[-84.5261,9.5693],[-84.3971,9.6265],[-84.1569,9.6163],[-84.0102,9.4414],[-83.9088,9.402],[-83.8209,9.2391],[-83.7332,9.2364],[-83.6562,9.1386],[-83.5148,9.0661],[-83.4713,9.1559],[-83.4998,9.2501],[-83.4294,9.3537],[-83.4869,9.4676],[-83.6132,9.5435],[-83.8119,9.5988],[-83.9881,9.7677],[-84,9.9303],[-83.8724,10.0261],[-83.9427,10.1362],[-83.9136,10.199],[-84.0664,10.1534],[-84.028,9.982],[-84.2,9.9572],[-84.3271,9.9115],[-84.461,9.9173],[-84.5711,9.8245]]]},"properties":{"iso":"CRI","name":"San José","country":"Costa Rica","code":"CR-SJ"}},
{"type":"Feature","geometry":{"type":"Polygon","coordinates":[[[-83.9427,10.1362],[-83.8724,10.0261],[-84,9.9303],[-83.9881,9.7677],[-83.8119,9.5988],[-83.6132,9.5435],[-83.4869,9.4676],[-83.5109,9.5664],[-83.3359,9.821],[-83.339,9.9736],[-83.5891,9.9772],[-83.9427,10.1362]]]},"properties":{"iso":"CRI","name":"Cartago","country":"Costa Rica","code":"CR-C"}},
{"type":"Feature","geometry":{"type":"Polygon","coordinates":[[[-73.8641,-0.3929],[-73.7284,-0.3865],[-73.4791,-0.5327],[-73.3318,-0.5073],[-73.2055,-0.6047],[-73.0813,-0.5936],[-72.9974,-0.5266],[-72.8848,-0.6017],[-72.7207,-0.5715],[-72.5498,-0.6833],[-72.4219,-0.5566],[-72.3245,-0.6293],[-72.2424,-0.5869],[-72.2324,-0.4673],[-72.1286,-0.3263],[-72.0369,-0.2596],[-71.7742,-0.2247],[-71.6259,-0.043],[-71.3897,0.0675],[-71.3223,0.1332],[-71.4214,0.1916],[-71.5385,0.1777],[-71.689,0.2583],[-71.7871,0.3733],[-71.9364,0.4867],[-72.0358,0.664],[-72.2381,0.7366],[-72.4029,0.9473],[-72.4176,1.026],[-72.6707,1.1911],[-72.8182,1.1978],[-72.8931,1.0466],[-73.0482,0.9267],[-73.1353,0.9415],[-73.4257,1.2094],[-73.4432,1.3023],[-73.5639,1.4368],[-73.6751,1.6245],[-73.9178,1.6347],[-74.5108,1.8439],[-74.6068,1.9624],[-74.6159,2.0431],[-74.5437,2.1819],[-74.6459,2.3182],[-74.6516,2.4646],[-74.5964,2.7212],[-74.7302,2.9073],[-74.8975,2.9507],[-74.9768,2.8922],[-75.0576,2.7489],[-74.9955,2.6553],[-75.1224,2.5341],[-75.2187,2.5437],[-75.2781,2.3961],[-75.4215,2.2474],[-75.5512,2.0329],[-75.6264,1.9646],[-75.841,1.6806],[-75.9602,1.573],[-76.1453,1.5755],[-76.2856,1.3272],[-76.297,1.1961],[-76.1596,1.1326],[-76.0605,1.0437],[-75.9178,1.0192],[-75.8455,0.8895],[-75.5599,0.8286],[-75.4591,0.7495],[-75.2541,0.719],[-75.202,0.5178],[-74.9962,0.4699],[-74.9624,0.2708],[-74.7429,0.2003],[-74.6829,0.1509],[-74.6638,-0.0542],[-74.4698,-0.1258],[-74.4132,-0.0903],[-74.2915,-0.1415],[-74.2404,-0.2279],[-74.1167,-0.2463],[-74.0114,-0.3351],[-73.8641,-0.3929]]]},"properties":{"iso":"COL","name":"Caquetá","country":"Colômbia","code":"CO-CAQ"}},
{"type":"Feature","geometry":{"type":"Polygon","coordinates":[[[-76.1453,1.5755],[-75.9602,1.573],[-75.841,1.6806],[-75.6264,1.9646],[-75.5512,2.0329],[-75.4215,2.2474],[-75.2781,2.3961],[-75.2187,2.5437],[-75.1224,2.5341],[-74.9955,2.6553],[-75.0576,2.7489],[-74.9768,2.8922],[-74.8975,2.9507],[-74.8353,3.0933],[-74.6517,3.26],[-74.6159,3.4851],[-74.4936,3.704],[-74.5635,3.7721],[-74.6715,3.6749],[-74.7685,3.5261],[-74.7713,3.4535],[-74.9089,3.2899],[-75.072,3.311],[-75.0356,3.4342],[-75.2578,3.3736],[-75.3161,3.4118],[-75.4776,3.3605],[-75.646,3.0685],[-75.8547,2.8909],[-76.0312,2.9295],[-75.806,2.72],[-75.781,2.6696],[-75.8445,2.4281],[-75.9662,2.491],[-76.1544,2.3727],[-76.3926,2.3668],[-76.3565,2.2875],[-76.4554,2.1128],[-76.5366,2.1291],[-76.6001,1.9718],[-76.5769,1.8797],[-76.3469,1.6389],[-76.1453,1.5755]]]},"properties":{"iso":"COL","name":"Huila","country":"Colômbia","code":"CO-HUI"}},
{"type":"Feature","geometry":{"type":"Polygon","coordinates":[[[-70.4997,2.7845],[-70.5928,2.8419],[-70.795,2.7956],[-71.0637,2.8686],[-71.5615,2.8557],[-71.6226,2.8157],[-71.7351,2.8808],[-71.9928,2.7999],[-72.121,2.8671],[-72.1935,2.773],[-72.3665,2.7381],[-72.6245,2.6075],[-72.7903,2.601],[-72.9062,2.5476],[-72.9305,2.4678],[-73.0958,2.3841],[-73.2153,2.3884],[-73.3364,2.3309],[-73.5103,2.3524],[-73.6546,2.2937],[-73.6611,1.642],[-73.6751,1.6245],[-73.5639,1.4368],[-73.4432,1.3023],[-73.4257,1.2094],[-73.1353,0.9415],[-73.0482,0.9267],[-72.8931,1.0466],[-72.8182,1.1978],[-72.6707,1.1911],[-72.4176,1.026],[-72.4029,0.9473],[-72.2381,0.7366],[-72.0358,0.664],[-71.7865,0.9169],[-71.6731,0.982],[-71.5858,1.1129],[-71.5073,1.1366],[-71.5421,1.2795],[-71.433,1.5641],[-71.3908,1.7322],[-71.2638,1.6734],[-71.1598,1.7562],[-70.9677,1.8533],[-70.9118,1.915],[-70.702,1.9017],[-70.4445,1.9884],[-70.2017,2.0312],[-70.105,2.1012],[-69.9999,2.1977],[-70.0373,2.2774],[-70.3412,2.246],[-70.6223,2.3276],[-70.7471,2.529],[-70.8957,2.6209],[-70.4997,2.7845]]]},"properties":{"iso":"COL","name":"Guaviare","country":"Colômbia","code":"CO-GUV"}},
{"type":"Feature","geometry":{"type":"Polygon","coordinates":[[[-74.6625,5.7719],[-74.7773,5.6897],[-74.8668,5.7438],[-75.0912,5.6596],[-75.143,5.5301],[-75.3162,5.5171],[-75.3846,5.6742],[-75.4705,5.6704],[-75.6011,5.7351],[-75.5857,5.5188],[-75.7389,5.5572],[-75.8578,5.4894],[-75.8564,5.3742],[-75.7188,5.3963],[-75.6675,5.2657],[-75.8173,5.2723],[-75.8083,5.1921],[-75.9268,5.0435],[-75.8585,4.9323],[-75.7092,4.9526],[-75.4924,4.9194],[-75.378,4.8001],[-75.2944,5.1318],[-75.1343,5.1608],[-75.0128,5.2939],[-74.8331,5.3144],[-74.7487,5.2908],[-74.6604,5.4583],[-74.6461,5.7525],[-74.6625,5.7719]]]},"properties":{"iso":"COL","name":"Caldas","country":"Colômbia","code":"CO-CAL"}},
{"type":"Feature","geometry":{"type":"Polygon","coordinates":[[[-72.3217,6.3513],[-72.4157,6.2041],[-72.341,6.0789],[-72.3928,5.9009],[-72.3514,5.8031],[-72.2377,5.6831],[-72.3193,5.5061],[-72.4206,5.5577],[-72.5901,5.3542],[-72.7096,5.2795],[-72.8085,5.384],[-72.9383,5.2405],[-72.9061,5.083],[-73.0309,4.9851],[-73.053,4.7348],[-72.9266,4.5253],[-72.8126,4.4263],[-72.748,4.3131],[-72.5876,4.3097],[-72.3235,4.41],[-72.1499,4.4507],[-72.0122,4.3986],[-71.8195,4.5701],[-71.2745,4.8066],[-71.0603,4.9194],[-70.9603,5.1177],[-70.6873,5.3234],[-70.6787,5.3894],[-70.4488,5.5331],[-70.1852,5.5874],[-70.0685,5.6693],[-69.9694,5.8083],[-69.8558,6.0263],[-70.1181,6.25],[-70.3734,6.2758],[-70.5049,6.2247],[-70.8642,6.2153],[-71.2071,6.2741],[-71.4623,6.1989],[-71.722,6.2],[-71.9259,6.1543],[-72.1563,6.074],[-72.2598,6.1384],[-72.3454,6.2628],[-72.3217,6.3513]]]},"properties":{"iso":"COL","name":"Casanare","country":"Colômbia","code":"CO-CAS"}},
{"type":"Feature","geometry":{"type":"Polygon","coordinates":[[[-71.0603,4.9194],[-71.2745,4.8066],[-71.8195,4.5701],[-72.0122,4.3986],[-72.1499,4.4507],[-72.3235,4.41],[-72.5876,4.3097],[-72.748,4.3131],[-72.8126,4.4263],[-72.9266,4.5253],[-73.053,4.7348],[-73.1328,4.2396],[-73.3657,4.3223],[-73.539,4.3065],[-73.6224,4.4838],[-73.6973,4.5213],[-73.8107,4.421],[-73.7519,4.2022],[-73.8144,4.204],[-74.1544,4.0072],[-74.2085,4.0199],[-74.4278,3.6796],[-74.4936,3.704],[-74.6159,3.4851],[-74.6517,3.26],[-74.8353,3.0933],[-74.8975,2.9507],[-74.7302,2.9073],[-74.5964,2.7212],[-74.6516,2.4646],[-74.6459,2.3182],[-74.5437,2.1819],[-74.6159,2.0431],[-74.6068,1.9624],[-74.5108,1.8439],[-73.9178,1.6347],[-73.6751,1.6245],[-73.6611,1.642],[-73.6546,2.2937],[-73.5103,2.3524],[-73.3364,2.3309],[-73.2153,2.3884],[-73.0958,2.3841],[-72.9305,2.4678],[-72.9062,2.5476],[-72.7903,2.601],[-72.6245,2.6075],[-72.3665,2.7381],[-72.1935,2.773],[-72.121,2.8671],[-71.9928,2.7999],[-71.7351,2.8808],[-71.6226,2.8157],[-71.5615,2.8557],[-71.0637,2.8686],[-71.0637,3.3619],[-71.0603,4.9194]]]},"properties":{"iso":"COL","name":"Meta","country":"Colômbia","code":"CO-MET"}},
{"type":"Feature","geometry":{"type":"Polygon","coordinates":[[[-74.1544,4.0072],[-74.0939,4.142],[-74.1493,4.2771],[-74.1162,4.4047],[-73.995,4.6323],[-74.0107,4.8154],[-74.0673,4.8293],[-74.1721,4.6618],[-74.1918,4.3768],[-74.2625,4.1095],[-74.342,4.1125],[-74.3613,3.9452],[-74.4936,3.704],[-74.4278,3.6796],[-74.2085,4.0199],[-74.1544,4.0072]]]},"properties":{"iso":"COL","name":"Bogota","country":"Colômbia","code":"CO-CUN"}},
{"type":"Feature","geometry":{"type":"Polygon","coordinates":[[[-73.7856,8.1615],[-73.8721,8.0069],[-73.8155,7.7795],[-73.8305,7.6101],[-73.9075,7.5099],[-73.9302,7.3008],[-73.9224,7.1055],[-73.8878,7.0199],[-74.007,6.9348],[-74.1086,6.7903],[-74.2927,6.6544],[-74.3864,6.6263],[-74.4133,6.4042],[-74.5194,6.2823],[-74.4412,6.0955],[-74.2903,6.0707],[-74.1745,5.9008],[-73.9732,5.7326],[-73.7371,5.7611],[-73.6384,5.7227],[-73.6137,5.9222],[-73.4993,6.1071],[-73.3975,6.0319],[-73.4008,5.9223],[-73.2862,5.8559],[-73.2192,5.9825],[-73.0348,5.9407],[-72.8937,6.1232],[-72.7546,6.2295],[-72.7334,6.4566],[-72.6167,6.4381],[-72.5424,6.5025],[-72.4978,6.6458],[-72.478,6.8441],[-72.5049,6.9151],[-72.5515,6.9804],[-72.7154,7.0033],[-72.8859,7.0738],[-72.83,7.1621],[-72.9031,7.4763],[-72.9913,7.6132],[-73.2164,7.63],[-73.2607,7.5449],[-73.5043,7.6074],[-73.6254,7.7345],[-73.7519,7.7409],[-73.677,7.8934],[-73.7856,8.1615]]]},"properties":{"iso":"COL","name":"Santander","country":"Colômbia","code":"CO-SAN"}},
{"type":"Feature","geometry":{"type":"Polygon","coordinates":[[[-76.0312,2.9295],[-75.8547,2.8909],[-75.646,3.0685],[-75.4776,3.3605],[-75.3161,3.4118],[-75.2578,3.3736],[-75.0356,3.4342],[-75.072,3.311],[-74.9089,3.2899],[-74.7713,3.4535],[-74.7685,3.5261],[-74.6715,3.6749],[-74.5635,3.7721],[-74.5121,3.9495],[-74.4881,4.17],[-74.5553,4.2693],[-74.6546,4.2092],[-74.8873,4.3096],[-74.8164,4.4663],[-74.7942,4.6407],[-74.8254,4.7113],[-74.7628,4.7998],[-74.7355,5.1082],[-74.7487,5.2908],[-74.8331,5.3144],[-75.0128,5.2939],[-75.1343,5.1608],[-75.2944,5.1318],[-75.378,4.8001],[-75.3904,4.7168],[-75.5821,4.4271],[-75.6014,4.2965],[-75.7622,4.0785],[-75.8577,3.8699],[-75.9617,3.7122],[-76.0494,3.4424],[-76.0758,3.2133],[-76.1128,3.0951],[-76.0446,3.0355],[-76.0312,2.9295]]]},"properties":{"iso":"COL","name":"Tolima","country":"Colômbia","code":"CO-TOL"}},
{"type":"Feature","geometry":{"type":"Polygon","coordinates":[[[-75.7622,4.0785],[-75.6014,4.2965],[-75.5821,4.4271],[-75.3904,4.7168],[-75.714,4.7129],[-75.8248,4.6644],[-75.8768,4.5526],[-75.7903,4.2884],[-75.8299,4.1094],[-75.7622,4.0785]]]},"properties":{"iso":"COL","name":"Quindío","country":"Colômbia","code":"CO-QUI"}},
{"type":"Feature","geometry":{"type":"Polygon","coordinates":[[[-74.6461,5.7525],[-74.6604,5.4583],[-74.7487,5.2908],[-74.7355,5.1082],[-74.7628,4.7998],[-74.8254,4.7113],[-74.7942,4.6407],[-74.8164,4.4663],[-74.8873,4.3096],[-74.6546,4.2092],[-74.5553,4.2693],[-74.4881,4.17],[-74.5121,3.9495],[-74.5635,3.7721],[-74.4936,3.704],[-74.3613,3.9452],[-74.342,4.1125],[-74.2625,4.1095],[-74.1918,4.3768],[-74.1721,4.6618],[-74.0673,4.8293],[-74.0107,4.8154],[-73.995,4.6323],[-74.1162,4.4047],[-74.1493,4.2771],[-74.0939,4.142],[-74.1544,4.0072],[-73.8144,4.204],[-73.7519,4.2022],[-73.8107,4.421],[-73.6973,4.5213],[-73.6224,4.4838],[-73.539,4.3065],[-73.3657,4.3223],[-73.1328,4.2396],[-73.053,4.7348],[-73.0925,4.6787],[-73.2181,4.6776],[-73.4027,4.8715],[-73.5453,4.9324],[-73.4784,5.0525],[-73.5216,5.2373],[-73.5901,5.3856],[-73.7915,5.508],[-73.8216,5.5585],[-74.0001,5.3743],[-74.2439,5.4839],[-74.2998,5.586],[-74.3122,5.7895],[-74.5339,5.7906],[-74.6461,5.7525]]]},"properties":{"iso":"COL","name":"Cundinamarca","country":"Colômbia","code":"CO-CUN"}},
{"type":"Feature","geometry":{"type":"Polygon","coordinates":[[[-76.0759,5.0357],[-75.9086,4.7632],[-75.714,4.7129],[-75.3904,4.7168],[-75.378,4.8001],[-75.4924,4.9194],[-75.7092,4.9526],[-75.8585,4.9323],[-75.9268,5.0435],[-75.8083,5.1921],[-75.8173,5.2723],[-75.6675,5.2657],[-75.7188,5.3963],[-75.8564,5.3742],[-75.8578,5.4894],[-76.0425,5.5773],[-76.1799,5.3087],[-76.0976,5.175],[-76.0759,5.0357]]]},"properties":{"iso":"COL","name":"Risaralda","country":"Colômbia","code":"CO-RIS"}},
{"type":"Feature","geometry":{"type":"Polygon","coordinates":[[[116.7934,39.6023],[116.8756,39.6865],[116.9222,39.7736],[116.7442,39.959],[116.8294,40.0367],[116.9877,40.0344],[117.2391,40.0926],[117.3106,40.1105],[117.3568,40.257],[117.2505,40.3378],[117.2431,40.5702],[117.4118,40.5974],[117.4285,40.669],[117.058,40.6772],[116.9104,40.7492],[116.6758,40.9401],[116.6527,41.031],[116.4382,40.8997],[116.4589,40.7916],[116.2073,40.7504],[115.9947,40.596],[115.8745,40.6102],[115.7282,40.5396],[115.9452,40.2937],[115.8198,40.1519],[115.5776,40.0963],[115.4271,39.9626],[115.5109,39.8385],[115.4373,39.7493],[115.4634,39.6432],[115.6185,39.6037],[115.7559,39.509],[115.9454,39.5754],[116.2104,39.5719],[116.3866,39.4421],[116.4283,39.5214],[116.6044,39.6112],[116.7934,39.6023]]]},"properties":{"iso":"CHN","name":"Beijing","country":"China","code":"CN-BJ"}},
{"type":"Feature","geometry":{"type":"Polygon","coordinates":[[[99.1088,29.2238],[99.1177,28.7087],[99.1695,28.6025],[99.1626,28.4382],[99.2747,28.2773],[99.3815,28.1845],[99.3931,28.5428],[99.5029,28.5794],[99.6287,28.8146],[99.8284,28.6726],[100.001,28.4562],[100.1431,28.3416],[100.162,28.2363],[100.0469,28.1871],[100.0588,28.0661],[100.2021,27.8988],[100.2959,27.8526],[100.5326,27.8163],[100.6609,27.8751],[100.8721,27.562],[100.8669,27.4947],[100.9917,27.3308],[101.0038,27.1975],[101.1728,27.1911],[101.1415,27.0449],[101.3424,26.871],[101.3707,26.7746],[101.5029,26.7664],[101.4124,26.5697],[101.5442,26.495],[101.6436,26.3495],[101.58,26.3069],[101.7637,26.1763],[101.8495,26.0348],[101.9216,26.0989],[102.1126,26.0844],[102.2521,26.2289],[102.5681,26.3786],[102.6099,26.2602],[102.7203,26.2376],[102.8782,26.3651],[103.0033,26.4004],[103.0579,26.5572],[102.9753,26.8311],[102.9013,26.9247],[102.9139,27.1123],[102.8895,27.2915],[102.9774,27.3889],[103.1208,27.4123],[103.2181,27.5669],[103.4148,27.7429],[103.5085,27.8645],[103.5142,27.9714],[103.4346,28.0682],[103.5718,28.2432],[103.7089,28.2159],[103.8803,28.3257],[103.7952,28.5312],[103.8367,28.6049],[104.0568,28.6305],[104.4142,28.6401],[104.2501,28.5308],[104.2685,28.3338],[104.3765,28.2823],[104.4446,28.0999],[104.3338,28.0467],[104.3754,27.9617],[104.6048,27.8458],[104.8974,27.9011],[104.9662,28.0478],[105.0557,28.0881],[105.2824,28.0007],[105.2281,27.8558],[105.297,27.7217],[105.5245,27.7746],[105.6469,27.6781],[106.1036,27.7881],[106.2476,27.7752],[106.3454,27.8349],[106.299,28.0004],[106.1094,28.1747],[105.9062,28.1506],[105.8468,28.2692],[105.6672,28.3183],[105.6206,28.4824],[105.6832,28.5834],[105.8919,28.6093],[105.9844,28.7535],[106.1888,28.5846],[106.3824,28.5725],[106.298,28.6724],[106.2603,28.8693],[106.0084,28.9734],[105.878,28.92],[105.7453,28.9948],[105.7006,29.2237],[105.4224,29.3336],[105.4052,29.43],[105.3148,29.4696],[105.2911,29.5848],[105.5575,29.8039],[105.71,29.8675],[105.7389,30.0326],[105.5572,30.1476],[105.7087,30.2741],[105.7917,30.4234],[106.1247,30.3423],[106.239,30.2202],[106.5323,30.3377],[106.6178,30.2687],[106.7173,30.0593],[106.7704,30.0366],[107.0329,30.0579],[107.2287,30.2382],[107.3721,30.4999],[107.4776,30.6095],[107.4567,30.7609],[107.5076,30.822],[107.7363,30.8832],[107.8499,30.8096],[107.9295,30.8727],[108.0068,31.0386],[108.0331,31.2222],[108.194,31.3309],[108.2231,31.4679],[108.4068,31.566],[108.5162,31.7083],[108.5007,31.7908],[108.287,31.9222],[108.2678,31.9729],[108.389,32.1843],[108.5184,32.1976],[108.4794,32.2503],[108.2367,32.2627],[108.0518,32.2266],[107.9601,32.1583],[107.6592,32.3886],[107.4596,32.4086],[107.4483,32.5222],[107.2841,32.4529],[107.07,32.5229],[107.0653,32.7083],[106.7126,32.7378],[106.604,32.6755],[106.2289,32.592],[106.0565,32.7136],[106.0823,32.8735],[105.8755,32.8447],[105.8134,32.7621],[105.6333,32.7075],[105.5683,32.7305],[105.4986,32.9074],[105.4352,32.7736],[105.27,32.6417],[105.1468,32.6083],[104.8983,32.6118],[104.5584,32.6883],[104.4057,32.8094],[104.2889,32.8479],[104.4059,33.0633],[104.3282,33.1404],[104.2929,33.3636],[104.1747,33.4902],[104.093,33.6685],[103.7451,33.676],[103.3507,33.7557],[103.1842,33.8221],[103.1201,34.1686],[102.9306,34.2956],[102.7818,34.2742],[102.5978,34.1655],[102.6176,34.0835],[102.4406,34.0597],[102.1712,33.9418],[102.3431,33.7252],[102.356,33.6094],[102.4818,33.5401],[102.4818,33.465],[102.2788,33.3778],[101.8637,33.1226],[101.8322,33.2692],[101.9232,33.4064],[101.884,33.5463],[101.7775,33.53],[101.6651,33.3204],[101.7269,33.2678],[101.6436,33.1278],[101.4452,33.2359],[101.1641,33.1281],[101.1314,32.9384],[101.2319,32.8577],[101.1708,32.6883],[100.9022,32.6305],[100.6971,32.6857],[100.5609,32.5633],[100.3994,32.7584],[100.119,32.6709],[100.1586,32.7823],[100.0469,32.9355],[99.841,32.957],[99.7693,32.9218],[99.6985,32.7446],[99.5094,32.8354],[99.2894,32.8871],[99.2253,32.9989],[98.8521,33.1749],[98.7729,33.3027],[98.7357,33.4898],[98.6333,33.6077],[98.6458,33.6762],[98.4579,33.8401],[98.3017,33.8458],[98.2118,33.9395],[98.0349,33.9598],[97.8191,33.8642],[97.6102,33.9309],[97.3835,33.8699],[97.3905,33.6114],[97.5393,33.4537],[97.7243,33.4061],[97.5005,33.1944],[97.5043,33.0456],[97.361,32.897],[97.4307,32.7003],[97.7157,32.5442],[98.0142,32.4645],[98.2058,32.3556],[98.2202,32.2522],[98.453,31.9841],[98.4455,31.8036],[98.5922,31.5988],[98.885,31.3541],[98.7678,31.2304],[98.6203,31.1879],[98.803,30.991],[98.7751,30.9022],[98.9543,30.7479],[98.9054,30.6638],[98.9607,30.46],[98.9868,30.1444],[99.0563,29.9153],[99.0055,29.8201],[98.9868,29.6509],[99.042,29.5625],[99.0625,29.3083],[99.1088,29.2238]]]},"properties":{"iso":"CHN","name":"Sichuan","country":"China","code":"CN-SC"}},
{"type":"Feature","geometry":{"type":"Polygon","coordinates":[[[106.3824,28.5725],[106.4887,28.541],[106.5624,28.7671],[106.6265,28.6374],[106.5624,28.5107],[106.75,28.5022],[106.829,28.6087],[106.8351,28.7305],[106.9733,28.8045],[107.0307,28.8876],[107.1611,28.8813],[107.297,28.8084],[107.4368,28.8773],[107.4997,28.9931],[107.424,29.077],[107.4305,29.1829],[107.5572,29.1868],[107.7835,29.1374],[107.7898,29.0402],[107.8754,28.9841],[108.0546,29.0645],[108.2862,29.0772],[108.3673,28.777],[108.3303,28.6892],[108.5824,28.6011],[108.5828,28.3742],[108.73,28.4754],[108.7837,28.4261],[108.7285,28.2422],[108.9429,28.1999],[109.095,28.2052],[109.1553,28.4355],[109.2584,28.5059],[109.2132,28.6288],[109.2748,29.0493],[109.2066,29.1042],[109.0142,29.3075],[108.9206,29.349],[108.872,29.5016],[108.872,29.639],[108.696,29.6982],[108.613,29.858],[108.5126,29.7219],[108.4004,29.8311],[108.5382,29.8855],[108.532,30.3155],[108.3806,30.3997],[108.4332,30.4873],[108.8684,30.5514],[108.9646,30.6075],[109.1793,30.5668],[109.3942,30.5837],[109.6398,30.7179],[109.7486,30.8354],[109.8707,30.8886],[110.0662,30.8285],[110.1277,30.9064],[110.1076,31.1223],[110.1749,31.1887],[110.1082,31.398],[109.9295,31.5187],[109.7326,31.5611],[109.7245,31.6361],[109.594,31.7376],[109.336,31.7052],[109.0559,31.9406],[108.7893,32.0453],[108.5184,32.1976],[108.389,32.1843],[108.2678,31.9729],[108.287,31.9222],[108.5007,31.7908],[108.5162,31.7083],[108.4068,31.566],[108.2231,31.4679],[108.194,31.3309],[108.0331,31.2222],[108.0068,31.0386],[107.9295,30.8727],[107.8499,30.8096],[107.7363,30.8832],[107.5076,30.822],[107.4567,30.7609],[107.4776,30.6095],[107.3721,30.4999],[107.2287,30.2382],[107.0329,30.0579],[106.7704,30.0366],[106.7173,30.0593],[106.6178,30.2687],[106.5323,30.3377],[106.239,30.2202],[106.1247,30.3423],[105.7917,30.4234],[105.7087,30.2741],[105.5572,30.1476],[105.7389,30.0326],[105.71,29.8675],[105.5575,29.8039],[105.2911,29.5848],[105.3148,29.4696],[105.4052,29.43],[105.4224,29.3336],[105.7006,29.2237],[105.7453,28.9948],[105.878,28.92],[106.0084,28.9734],[106.2603,28.8693],[106.298,28.6724],[106.3824,28.5725]]]},"properties":{"iso":"CHN","name":"Chongqing","country":"China","code":"CN-CQ"}},
{"type":"Feature","geometry":{"type":"Polygon","coordinates":[[[104.5399,24.7418],[104.7293,24.6314],[104.8767,24.755],[105.0125,24.7975],[105.1001,24.9543],[105.2059,25.0039],[105.2894,24.9332],[105.4444,24.9236],[105.5086,24.8175],[105.6753,24.7897],[105.7877,24.7157],[105.9165,24.7287],[106.0012,24.6485],[106.1762,24.7822],[106.1557,24.9604],[106.3066,24.9815],[106.5871,25.1044],[106.6668,25.1735],[106.886,25.197],[106.9955,25.2554],[107.0219,25.498],[107.2442,25.5586],[107.3979,25.3873],[107.4989,25.2141],[107.6416,25.2675],[107.776,25.153],[107.8619,25.146],[108.1292,25.2688],[108.1318,25.3864],[108.2934,25.5387],[108.4048,25.5149],[108.5679,25.4159],[108.6946,25.602],[108.7741,25.5219],[109.0244,25.595],[109.0854,25.8054],[109.1486,25.7507],[109.3004,25.7431],[109.3991,25.9985],[109.4567,26.0389],[109.3993,26.2699],[109.2966,26.3125],[109.315,26.4257],[109.4026,26.5373],[109.3772,26.6462],[109.294,26.7273],[109.5053,26.8248],[109.4438,26.901],[109.5071,26.9764],[109.4382,27.131],[109.0955,27.1344],[108.9502,27.0269],[108.7913,27.0831],[109.0149,27.2622],[109.2064,27.4448],[109.4184,27.5595],[109.4473,27.65],[109.3282,27.8077],[109.2987,28.0947],[109.3543,28.2652],[109.2639,28.3222],[109.2584,28.5059],[109.1553,28.4355],[109.095,28.2052],[108.9429,28.1999],[108.7285,28.2422],[108.7837,28.4261],[108.73,28.4754],[108.5828,28.3742],[108.5824,28.6011],[108.3303,28.6892],[108.3673,28.777],[108.2862,29.0772],[108.0546,29.0645],[107.8754,28.9841],[107.7898,29.0402],[107.7835,29.1374],[107.5572,29.1868],[107.4305,29.1829],[107.424,29.077],[107.4997,28.9931],[107.4368,28.8773],[107.297,28.8084],[107.1611,28.8813],[107.0307,28.8876],[106.9733,28.8045],[106.8351,28.7305],[106.829,28.6087],[106.75,28.5022],[106.5624,28.5107],[106.6265,28.6374],[106.5624,28.7671],[106.4887,28.541],[106.3824,28.5725],[106.1888,28.5846],[105.9844,28.7535],[105.8919,28.6093],[105.6832,28.5834],[105.6206,28.4824],[105.6672,28.3183],[105.8468,28.2692],[105.9062,28.1506],[106.1094,28.1747],[106.299,28.0004],[106.3454,27.8349],[106.2476,27.7752],[106.1036,27.7881],[105.6469,27.6781],[105.5245,27.7746],[105.297,27.7217],[105.1974,27.3986],[105.0826,27.4125],[104.8709,27.3098],[104.5942,27.3138],[104.4437,27.3472],[104.3444,27.4412],[104.1743,27.2715],[103.9811,27.3995],[103.9113,27.3904],[103.6954,27.1517],[103.7009,27.0524],[103.7783,26.9559],[103.7173,26.799],[103.7578,26.6294],[103.8292,26.5471],[104.0204,26.5142],[104.1534,26.6512],[104.3585,26.6478],[104.5594,26.5847],[104.6755,26.3793],[104.5452,26.2704],[104.499,26.0308],[104.3929,25.9479],[104.4206,25.8569],[104.3062,25.6648],[104.5535,25.4845],[104.5658,25.3812],[104.7197,25.2109],[104.707,25.0173],[104.5456,24.8134],[104.5399,24.7418]]]},"properties":{"iso":"CHN","name":"Guizhou","country":"China","code":"CN-GZ"}},
{"type":"Feature","geometry":{"type":"Polygon","coordinates":[[[111.9966,24.7357],[112.1448,24.7936],[112.121,24.9493],[112.214,25.2004],[112.6633,25.1131],[112.7141,24.9995],[112.8078,24.9428],[112.9889,24.9639],[112.9691,25.1806],[112.8891,25.2415],[112.9174,25.3249],[113.2175,25.5056],[113.4216,25.3838],[113.5825,25.3259],[113.8281,25.3567],[113.9275,25.4481],[113.9824,25.5817],[113.9072,25.7498],[114.0183,25.9346],[114.0414,26.0688],[114.2135,26.1698],[113.9395,26.2094],[114.0684,26.4537],[114.0851,26.5775],[113.8647,26.6559],[113.8316,26.8275],[113.8924,26.9453],[113.754,27.1419],[113.851,27.3459],[113.6675,27.3295],[113.6001,27.3682],[113.5621,27.5906],[113.701,27.8189],[113.7368,27.9816],[113.9165,28.0212],[114.0138,28.1065],[114.0919,28.2577],[114.1845,28.2931],[114.2269,28.409],[114.1128,28.6155],[114.1427,28.7885],[114.0121,28.9129],[113.9052,28.956],[113.9024,29.0663],[113.7728,29.1253],[113.6549,29.124],[113.5877,29.2938],[113.7294,29.4371],[113.6347,29.6848],[113.5362,29.6857],[113.4158,29.7646],[113.1457,29.4721],[113.0081,29.5181],[112.9085,29.6008],[112.9456,29.7093],[112.8862,29.7918],[112.6481,29.6269],[112.4439,29.6414],[112.3631,29.5722],[112.17,29.649],[111.9236,29.8564],[111.7686,29.9196],[111.415,29.9258],[111.2462,30.0317],[110.7419,30.0962],[110.7156,30.0296],[110.5434,30.055],[110.4632,30.014],[110.5006,29.8626],[110.5912,29.7714],[110.4467,29.7267],[110.3617,29.6501],[110.1039,29.7854],[109.7832,29.7349],[109.7,29.6557],[109.4323,29.5339],[109.3382,29.2897],[109.2066,29.1042],[109.2748,29.0493],[109.2132,28.6288],[109.2584,28.5059],[109.2639,28.3222],[109.3543,28.2652],[109.2987,28.0947],[109.3282,27.8077],[109.4473,27.65],[109.4184,27.5595],[109.2064,27.4448],[109.0149,27.2622],[108.7913,27.0831],[108.9502,27.0269],[109.0955,27.1344],[109.4382,27.131],[109.5071,26.9764],[109.4438,26.901],[109.5053,26.8248],[109.294,26.7273],[109.3772,26.6462],[109.4026,26.5373],[109.315,26.4257],[109.2966,26.3125],[109.3993,26.2699],[109.4567,26.0389],[109.6032,26.0527],[109.772,25.9082],[109.9117,26.1812],[110.062,26.1499],[110.247,25.9782],[110.3417,26.1127],[110.4846,26.1716],[110.5771,26.3508],[110.724,26.2743],[110.8789,26.2752],[110.9355,26.3825],[111.2519,26.2797],[111.2021,25.9303],[111.2562,25.869],[111.4083,25.9079],[111.4113,25.8026],[111.3237,25.7298],[111.3158,25.5032],[111.2538,25.3991],[111.1642,25.3649],[111.1138,25.2386],[110.9932,25.1508],[110.9546,25.0253],[111.079,24.9442],[111.1258,25.0445],[111.2744,25.1477],[111.4269,25.1062],[111.4297,24.9434],[111.4736,24.7929],[111.4282,24.681],[111.5169,24.6427],[111.6671,24.7797],[111.926,24.7749],[111.9966,24.7357]]]},"properties":{"iso":"CHN","name":"Hunan","country":"China","code":"CN-HN"}},
{"type":"Feature","geometry":{"type":"Polygon","coordinates":[[[104.3585,37.4012],[104.4645,37.4402],[104.6895,37.4119],[104.7647,37.2505],[104.8554,37.2182],[104.9224,37.0968],[105.1802,36.9721],[105.3217,36.7807],[105.2205,36.693],[105.2687,36.5502],[105.3928,36.3844],[105.4459,36.2546],[105.4374,36.1067],[105.3515,36.0576],[105.3181,35.9332],[105.4318,35.7564],[105.687,35.6605],[105.8294,35.4936],[105.9361,35.5248],[106.2107,35.3952],[106.3134,35.2736],[106.4649,35.3324],[106.4951,35.5531],[106.4696,35.7274],[106.7671,35.7066],[106.9134,35.7888],[106.9448,36.0769],[106.8137,36.2116],[106.6039,36.2778],[106.4966,36.2684],[106.5024,36.7065],[106.6022,36.7258],[106.649,36.8342],[106.5748,36.9313],[106.6339,36.9979],[106.6441,37.1817],[106.7907,37.1897],[106.9329,37.1072],[107.1878,37.1171],[107.2855,37.0685],[107.325,37.1636],[107.238,37.3014],[107.3172,37.5902],[107.5094,37.7643],[107.6576,37.8529],[107.4047,37.9217],[107.3242,38.0659],[107.1626,38.1386],[107.0608,38.1149],[106.8292,38.1504],[106.4701,38.2907],[106.645,38.4592],[106.7044,38.6372],[106.9317,38.9211],[106.9778,39.0356],[106.8082,39.1991],[106.7891,39.361],[106.6141,39.3583],[106.4969,39.2858],[106.2757,39.2692],[106.2834,39.1565],[106.1132,39.1208],[106.0603,38.9791],[105.8966,38.7362],[105.8412,38.5713],[105.8281,38.2268],[105.7556,38.1355],[105.8247,38.0055],[105.7881,37.8051],[105.6587,37.7398],[105.3544,37.7526],[105.0849,37.6607],[104.9443,37.5457],[104.4252,37.4986],[104.3585,37.4012]]]},"properties":{"iso":"CHN","name":"Ningxia","country":"China","code":"CN-NX"}},
{"type":"Feature","geometry":{"type":"Polygon","coordinates":[[[107.6576,37.8529],[107.5094,37.7643],[107.3172,37.5902],[107.238,37.3014],[107.325,37.1636],[107.2855,37.0685],[107.2996,36.9072],[107.5009,36.8908],[107.8865,36.7554],[108.0417,36.5977],[108.3564,36.546],[108.4413,36.4613],[108.6065,36.432],[108.7037,36.359],[108.6499,36.2265],[108.6998,36.1255],[108.6771,36.0052],[108.4931,35.8812],[108.51,35.7009],[108.6037,35.5479],[108.6172,35.3928],[108.4926,35.2725],[108.2768,35.2628],[108.155,35.2906],[107.9787,35.2235],[107.7417,35.3184],[107.6705,35.228],[107.8303,34.9767],[107.5696,34.9654],[107.4969,34.9258],[107.3208,34.9422],[107.2109,34.8918],[107.0515,35.0381],[106.9148,35.089],[106.5646,35.0796],[106.4912,35.0301],[106.5497,34.8626],[106.4915,34.741],[106.3177,34.5833],[106.4983,34.5202],[106.6736,34.3847],[106.656,34.2542],[106.5137,34.1066],[106.4302,33.9421],[106.4798,33.8682],[106.4817,33.7009],[106.3927,33.6188],[106.1706,33.5622],[106.0735,33.6175],[105.8324,33.4975],[105.7472,33.294],[105.9127,33.2337],[105.8865,32.978],[105.6393,32.8855],[105.4986,32.9074],[105.5683,32.7305],[105.6333,32.7075],[105.8134,32.7621],[105.8755,32.8447],[106.0823,32.8735],[106.0565,32.7136],[106.2289,32.592],[106.604,32.6755],[106.7126,32.7378],[107.0653,32.7083],[107.07,32.5229],[107.2841,32.4529],[107.4483,32.5222],[107.4596,32.4086],[107.6592,32.3886],[107.9601,32.1583],[108.0518,32.2266],[108.2367,32.2627],[108.4794,32.2503],[108.5184,32.1976],[108.7893,32.0453],[109.0559,31.9406],[109.336,31.7052],[109.594,31.7376],[109.6102,31.9273],[109.6663,32.043],[109.619,32.1889],[109.4874,32.3359],[109.5613,32.405],[109.6348,32.5906],[109.8795,32.5916],[110.0009,32.5519],[110.1683,32.6224],[110.0958,32.8413],[109.8991,32.9144],[109.7396,32.93],[109.7573,33.0801],[109.491,33.145],[109.5157,33.2371],[109.6597,33.2641],[110.0943,33.2133],[110.2344,33.1563],[110.4323,33.1731],[110.5474,33.2453],[110.7113,33.1081],[110.9746,33.2665],[111.0156,33.3744],[110.9682,33.5988],[110.7921,33.7051],[110.7492,33.8028],[110.5938,33.8797],[110.6424,33.9803],[110.6067,34.1705],[110.4338,34.2614],[110.4787,34.3264],[110.3277,34.4798],[110.336,34.6158],[110.2523,34.6633],[110.2597,34.9448],[110.3354,35.198],[110.4248,35.2942],[110.6198,35.5973],[110.5604,35.8492],[110.511,35.8869],[110.4472,36.1419],[110.4832,36.593],[110.3975,36.7814],[110.3895,37.022],[110.4601,37.0513],[110.665,37.2823],[110.6303,37.3966],[110.7888,37.5614],[110.7531,37.7458],[110.515,37.955],[110.5112,38.2022],[110.6712,38.317],[110.8994,38.5455],[110.8718,38.6214],[110.9803,38.8166],[110.995,39.0038],[111.118,39.0674],[111.2249,39.3105],[111.11,39.3852],[111.041,39.423],[111.0131,39.5649],[110.8457,39.4652],[110.6849,39.2644],[110.4942,39.3743],[110.1769,39.2852],[109.9633,39.1813],[109.8206,39.0545],[109.6743,39.0112],[109.538,38.7852],[109.4239,38.7691],[109.3132,38.6205],[109.16,38.5421],[108.9864,38.3352],[108.9535,38.1991],[109.028,38.111],[108.9543,37.9255],[108.7907,37.9418],[108.7643,37.6819],[108.333,37.6336],[108.0387,37.6325],[107.885,37.8016],[107.6576,37.8529]]]},"properties":{"iso":"CHN","name":"Shaanxi","country":"China","code":"CN-SN"}},
{"type":"Feature","geometry":{"type":"Polygon","coordinates":[[[89.6778,36.082],[89.5147,36.0533],[89.4351,35.9878],[89.4846,35.8802],[89.7888,35.8269],[89.6903,35.5086],[89.7301,35.4437],[89.4843,35.3422],[89.4548,35.2128],[89.5717,35.0733],[89.5836,34.9409],[89.7877,34.9264],[89.8252,34.8461],[89.7239,34.7396],[89.8403,34.3833],[89.7866,34.1985],[89.6367,34.0934],[89.7419,33.9095],[89.8772,33.8227],[89.9751,33.6306],[90.1406,33.5782],[90.2057,33.4015],[90.3232,33.2887],[90.4363,33.2822],[90.6603,33.1559],[90.8041,33.1405],[90.9499,33.2394],[91.1279,33.2543],[91.1892,33.337],[91.3616,33.337],[91.3765,33.2713],[91.5427,33.0803],[91.8131,32.9683],[91.9768,32.8486],[92.1961,32.8686],[92.2214,32.745],[92.4658,32.7694],[92.65,32.7404],[93.0059,32.7346],[93.0313,32.6635],[93.2185,32.6598],[93.5104,32.5161],[93.7342,32.5725],[93.8774,32.4954],[94.1108,32.4782],[94.3169,32.5408],[94.5822,32.6722],[94.9389,32.4282],[94.9513,32.3372],[95.0618,32.2612],[95.2591,32.2441],[95.4253,32.0948],[95.3543,31.9544],[95.4068,31.8107],[95.4971,31.7417],[95.5927,31.7616],[95.8489,31.7143],[96.0942,31.7005],[96.1826,31.8712],[96.2782,31.9091],[96.4832,31.7535],[96.7954,31.7155],[96.7541,31.9738],[97.0181,32.0229],[97.1241,32.0093],[97.2549,32.0758],[97.2544,32.204],[97.3598,32.2605],[97.3932,32.385],[97.3609,32.5002],[97.5623,32.4843],[97.7157,32.5442],[97.4307,32.7003],[97.361,32.897],[97.5043,33.0456],[97.5005,33.1944],[97.7243,33.4061],[97.5393,33.4537],[97.3905,33.6114],[97.3835,33.8699],[97.6102,33.9309],[97.8191,33.8642],[98.0349,33.9598],[98.2118,33.9395],[98.3017,33.8458],[98.4579,33.8401],[98.6458,33.6762],[98.6333,33.6077],[98.7357,33.4898],[98.7729,33.3027],[98.8521,33.1749],[99.2253,32.9989],[99.2894,32.8871],[99.5094,32.8354],[99.6985,32.7446],[99.7693,32.9218],[99.841,32.957],[100.0469,32.9355],[100.1586,32.7823],[100.119,32.6709],[100.3994,32.7584],[100.5609,32.5633],[100.6971,32.6857],[100.9022,32.6305],[101.1708,32.6883],[101.2319,32.8577],[101.1314,32.9384],[101.1641,33.1281],[101.4452,33.2359],[101.6436,33.1278],[101.7269,33.2678],[101.6651,33.3204],[101.7775,33.53],[101.6134,33.5119],[101.4956,33.7046],[101.3996,33.6451],[101.1603,33.6641],[101.1295,33.8506],[100.948,33.9298],[100.7917,34.1549],[100.8155,34.2946],[100.9353,34.3863],[101.0358,34.3389],[101.6117,34.1912],[101.7804,34.0675],[101.8625,34.1414],[102.012,34.1776],[102.2123,34.3515],[102.1503,34.4951],[101.7934,34.6319],[101.7551,34.7037],[101.9232,34.7873],[102.0094,34.9421],[102.2671,35.0559],[102.3756,35.2037],[102.2893,35.4069],[102.4264,35.4353],[102.535,35.5356],[102.7022,35.524],[102.7003,35.8395],[102.976,35.8333],[102.9995,35.9907],[102.9333,36.0861],[103.0404,36.2165],[102.8186,36.3261],[102.7697,36.4976],[102.6108,36.6572],[102.6747,36.8016],[102.4601,36.9557],[102.5506,37.1638],[102.4266,37.2781],[102.0327,37.4789],[102.0672,37.5483],[101.9371,37.7307],[101.7656,37.525],[101.6465,37.6119],[101.2929,37.7989],[101.0498,37.9637],[100.6357,38.1054],[100.5543,38.2521],[100.3578,38.307],[100.1408,38.4858],[100.079,38.2784],[99.7999,38.3657],[99.5572,38.5154],[99.4963,38.6011],[98.9621,38.9818],[98.7819,39.0677],[98.6022,38.9476],[98.4446,38.9573],[98.3243,39.0233],[98.2626,38.9317],[98.0686,38.8018],[97.3626,39.1504],[97.0265,39.1962],[96.9625,39.1032],[96.9911,38.9968],[96.9455,38.3582],[96.8451,38.3564],[96.5104,38.4701],[96.5026,38.549],[96.3155,38.6269],[96.0548,38.6788],[96.0076,38.7517],[95.7216,38.8747],[95.5658,39.0152],[95.4609,39.0466],[95.3053,39.1828],[95.0572,39.1475],[94.4793,39.3178],[94.117,39.3219],[93.9089,39.2856],[93.7221,39.3067],[93.502,39.2719],[93.2756,39.1887],[93.1403,39.1987],[92.936,39.1529],[92.3331,39.0499],[92.1227,38.9406],[91.6286,38.8257],[91.4916,38.8173],[91.2944,38.7451],[91.0125,38.6987],[90.6535,38.6741],[90.636,38.6243],[90.3125,38.4658],[90.1509,38.4328],[90.1935,38.3257],[90.4393,37.9961],[90.4365,37.7786],[91.0737,37.4879],[91.235,37.1954],[91.3163,37.119],[91.2876,37.0135],[91.055,36.9451],[90.8078,36.9106],[90.7124,36.8215],[90.6881,36.6985],[90.8053,36.5585],[91.0067,36.5035],[91.1358,36.1406],[91.1113,36.0739],[90.8294,36.0104],[90.6227,36.1111],[90.1657,36.1292],[90.0138,36.2528],[89.972,36.1049],[89.8668,36.0656],[89.6778,36.082]]]},"properties":{"iso":"CHN","name":"Qinghai","country":"China","code":"CN-QH"}},
{"type":"Feature","geometry":{"type":"Polygon","coordinates":[[[111.11,39.3852],[111.2249,39.3105],[111.118,39.0674],[110.995,39.0038],[110.9803,38.8166],[110.8718,38.6214],[110.8994,38.5455],[110.6712,38.317],[110.5112,38.2022],[110.515,37.955],[110.7531,37.7458],[110.7888,37.5614],[110.6303,37.3966],[110.665,37.2823],[110.4601,37.0513],[110.3895,37.022],[110.3975,36.7814],[110.4832,36.593],[110.4472,36.1419],[110.511,35.8869],[110.5604,35.8492],[110.6198,35.5973],[110.4248,35.2942],[110.3354,35.198],[110.2597,34.9448],[110.2523,34.6633],[110.336,34.6158],[110.5305,34.5837],[110.8838,34.6661],[111.0257,34.7475],[111.3313,34.8409],[111.5577,34.8634],[111.6222,34.9473],[111.8294,35.0826],[112.0611,35.1085],[112.0585,35.2345],[112.526,35.2203],[112.6825,35.3112],[112.9028,35.2406],[113.4913,35.5255],[113.5847,35.6869],[113.6276,35.9532],[113.6871,36.0557],[113.6729,36.2215],[113.721,36.3559],[113.5351,36.4834],[113.4539,36.7366],[113.6078,36.7691],[113.6792,36.8716],[113.776,36.8906],[113.7543,37.1149],[114.0531,37.5006],[114.1004,37.6982],[114.0264,37.7508],[113.8915,37.9495],[113.7907,38.1529],[113.5579,38.2434],[113.518,38.3776],[113.5345,38.5373],[113.8251,38.8103],[113.7602,38.9092],[113.8533,39.0723],[114.0127,39.1188],[114.2163,39.069],[114.394,39.1693],[114.4203,39.3],[114.5409,39.5312],[114.4021,39.6585],[114.3828,39.8611],[114.086,39.9169],[113.9359,40.0157],[114.0854,40.185],[114.4503,40.2938],[114.2858,40.3786],[114.2576,40.55],[114.1541,40.7426],[114.027,40.6352],[114.0438,40.488],[113.6766,40.4285],[113.5183,40.3437],[113.3341,40.3187],[113.2299,40.4167],[112.9614,40.3559],[112.8438,40.2257],[112.7342,40.1728],[112.3992,40.2883],[112.2793,40.229],[112.099,40.0054],[111.9215,39.6888],[111.7612,39.598],[111.4899,39.6522],[111.3427,39.4444],[111.11,39.3852]]]},"properties":{"iso":"CHN","name":"Shanxi","country":"China","code":"CN-SX"}},
{"type":"Feature","geometry":{"type":"Polygon","coordinates":[[[115.8875,24.9168],[115.8428,25.1947],[115.9787,25.3508],[116.0276,25.6364],[116.1237,25.7642],[116.1352,25.8663],[116.3232,25.9551],[116.4193,26.1529],[116.399,26.2875],[116.6195,26.4921],[116.5423,26.5628],[116.505,26.6893],[116.5453,26.8679],[116.6697,26.9869],[116.9234,27.021],[117.0401,27.1095],[117.1538,27.2764],[117.1011,27.3467],[117.1123,27.5676],[117.2871,27.7726],[117.2842,27.857],[117.5444,27.9667],[117.6053,27.8662],[117.7456,27.8133],[117.8234,27.9373],[118.0613,27.979],[118.1307,28.0405],[118.3678,28.0997],[118.3489,28.2198],[118.4464,28.2887],[118.4763,28.3323],[118.4255,28.6952],[118.229,28.9545],[118.0639,29.0506],[118.0008,29.1439],[118.052,29.2753],[118.1324,29.2979],[118.1747,29.4079],[118.1134,29.5187],[117.9859,29.572],[117.7077,29.5556],[117.5274,29.6224],[117.4022,29.7731],[117.2743,29.8295],[117.2255,29.9067],[117.0671,29.8406],[117.0791,29.7102],[116.9551,29.6539],[116.8883,29.5605],[116.7486,29.5449],[116.6485,29.6274],[116.675,29.708],[116.7979,29.7559],[116.8868,29.9204],[116.7914,30.022],[116.6505,30.0507],[116.4925,29.8847],[116.3895,29.8761],[116.2362,29.7813],[116.1473,29.7888],[115.8559,29.7386],[115.7052,29.8608],[115.4862,29.8643],[115.4169,29.7117],[115.2721,29.6147],[114.9728,29.56],[114.8182,29.3939],[114.7087,29.3895],[114.4695,29.3179],[114.3081,29.3545],[114.2465,29.2489],[114.0635,29.2032],[113.9024,29.0663],[113.9052,28.956],[114.0121,28.9129],[114.1427,28.7885],[114.1128,28.6155],[114.2269,28.409],[114.1845,28.2931],[114.0919,28.2577],[114.0138,28.1065],[113.9165,28.0212],[113.7368,27.9816],[113.701,27.8189],[113.5621,27.5906],[113.6001,27.3682],[113.6675,27.3295],[113.851,27.3459],[113.754,27.1419],[113.8924,26.9453],[113.8316,26.8275],[113.8647,26.6559],[114.0851,26.5775],[114.0684,26.4537],[113.9395,26.2094],[114.2135,26.1698],[114.0414,26.0688],[114.0183,25.9346],[113.9072,25.7498],[113.9824,25.5817],[113.9275,25.4481],[114.0121,25.4351],[114.026,25.2677],[114.115,25.3084],[114.2788,25.2918],[114.4292,25.386],[114.5805,25.3601],[114.7069,25.2896],[114.7293,25.1189],[114.4135,24.9797],[114.3016,24.7586],[114.1923,24.6953],[114.4249,24.4996],[114.4981,24.5558],[114.7405,24.6252],[114.8627,24.5878],[115.047,24.7067],[115.1391,24.6842],[115.2397,24.7461],[115.4206,24.7846],[115.5992,24.6091],[115.7058,24.5457],[115.7992,24.5727],[115.7491,24.7477],[115.7873,24.8609],[115.8875,24.9168]]]},"properties":{"iso":"CHN","name":"Jiangxi","country":"China","code":"CN-JX"}},
{"type":"Feature","geometry":{"type":"Polygon","coordinates":[[[115.4603,36.1579],[115.3497,36.0822],[115.2452,36.1614],[115.1061,36.1846],[115.0338,36.1009],[114.7072,36.1528],[114.5484,36.139],[114.3431,36.2447],[114.1563,36.2467],[113.9893,36.359],[113.721,36.3559],[113.6729,36.2215],[113.6871,36.0557],[113.6276,35.9532],[113.5847,35.6869],[113.4913,35.5255],[112.9028,35.2406],[112.6825,35.3112],[112.526,35.2203],[112.0585,35.2345],[112.0611,35.1085],[111.8294,35.0826],[111.6222,34.9473],[111.5577,34.8634],[111.3313,34.8409],[111.0257,34.7475],[110.8838,34.6661],[110.5305,34.5837],[110.336,34.6158],[110.3277,34.4798],[110.4787,34.3264],[110.4338,34.2614],[110.6067,34.1705],[110.6424,33.9803],[110.5938,33.8797],[110.7492,33.8028],[110.7921,33.7051],[110.9682,33.5988],[111.0156,33.3744],[110.9746,33.2665],[111.1088,33.148],[111.2101,32.9302],[111.3633,32.8248],[111.5316,32.6111],[111.7112,32.6002],[111.7793,32.5204],[112.0533,32.4548],[112.2858,32.3506],[112.5339,32.3768],[112.7509,32.3498],[113.0657,32.4174],[113.183,32.4133],[113.436,32.2888],[113.6164,32.3857],[113.7828,32.3594],[113.7524,32.1376],[113.7944,31.9725],[113.972,31.7466],[114.144,31.8475],[114.3618,31.7343],[114.5557,31.7377],[114.5479,31.5729],[114.7666,31.4905],[114.9989,31.4776],[115.1286,31.5945],[115.2135,31.5456],[115.2185,31.4475],[115.374,31.4175],[115.3897,31.5117],[115.5315,31.7364],[115.6629,31.784],[115.9013,31.7945],[115.9281,32.0246],[115.8885,32.3939],[115.6938,32.4918],[115.5648,32.4024],[115.3667,32.5595],[115.1993,32.5915],[115.1847,32.8591],[114.9252,32.9582],[114.8866,33.0834],[114.9692,33.1237],[115.1428,33.0843],[115.251,33.1206],[115.3453,33.2506],[115.3157,33.374],[115.4426,33.5481],[115.6347,33.5918],[115.5735,33.7502],[115.5614,33.8981],[115.6536,34.0484],[115.9614,34.0001],[115.9707,33.9048],[116.182,33.7183],[116.4207,33.7908],[116.4453,33.845],[116.6412,33.9532],[116.5429,34.1209],[116.5521,34.2868],[116.401,34.275],[116.1567,34.4473],[116.1513,34.5667],[116.0437,34.6002],[115.8164,34.5714],[115.5417,34.5775],[115.4358,34.6757],[115.4293,34.7797],[115.216,34.8357],[115.1745,34.9442],[114.9978,35.0078],[114.8342,35.0162],[114.8643,35.1887],[114.9417,35.2188],[115.0684,35.3801],[115.2265,35.4162],[115.345,35.4963],[115.3951,35.6158],[115.5042,35.7228],[115.618,35.7313],[115.9657,35.9859],[115.8287,36.031],[115.7387,35.9686],[115.4682,35.9129],[115.424,35.9946],[115.4603,36.1579]]]},"properties":{"iso":"CHN","name":"Henan","country":"China","code":"CN-HA"}},
{"type":"Feature","geometry":{"type":"Polygon","coordinates":[[[109.2066,29.1042],[109.3382,29.2897],[109.4323,29.5339],[109.7,29.6557],[109.7832,29.7349],[110.1039,29.7854],[110.3617,29.6501],[110.4467,29.7267],[110.5912,29.7714],[110.5006,29.8626],[110.4632,30.014],[110.5434,30.055],[110.7156,30.0296],[110.7419,30.0962],[111.2462,30.0317],[111.415,29.9258],[111.7686,29.9196],[111.9236,29.8564],[112.17,29.649],[112.3631,29.5722],[112.4439,29.6414],[112.6481,29.6269],[112.8862,29.7918],[112.9456,29.7093],[112.9085,29.6008],[113.0081,29.5181],[113.1457,29.4721],[113.4158,29.7646],[113.5362,29.6857],[113.6347,29.6848],[113.7294,29.4371],[113.5877,29.2938],[113.6549,29.124],[113.7728,29.1253],[113.9024,29.0663],[114.0635,29.2032],[114.2465,29.2489],[114.3081,29.3545],[114.4695,29.3179],[114.7087,29.3895],[114.8182,29.3939],[114.9728,29.56],[115.2721,29.6147],[115.4169,29.7117],[115.4862,29.8643],[115.7052,29.8608],[115.8559,29.7386],[116.1473,29.7888],[116.0781,29.9687],[116.0405,30.2214],[115.8768,30.3898],[115.9466,30.4883],[115.7678,30.6882],[115.8622,30.7848],[115.8586,30.861],[116.036,30.9889],[115.8769,31.1294],[115.6687,31.2172],[115.55,31.1827],[115.374,31.4175],[115.2185,31.4475],[115.2135,31.5456],[115.1286,31.5945],[114.9989,31.4776],[114.7666,31.4905],[114.5479,31.5729],[114.5557,31.7377],[114.3618,31.7343],[114.144,31.8475],[113.972,31.7466],[113.7944,31.9725],[113.7524,32.1376],[113.7828,32.3594],[113.6164,32.3857],[113.436,32.2888],[113.183,32.4133],[113.0657,32.4174],[112.7509,32.3498],[112.5339,32.3768],[112.2858,32.3506],[112.0533,32.4548],[111.7793,32.5204],[111.7112,32.6002],[111.5316,32.6111],[111.3633,32.8248],[111.2101,32.9302],[111.1088,33.148],[110.9746,33.2665],[110.7113,33.1081],[110.5474,33.2453],[110.4323,33.1731],[110.2344,33.1563],[110.0943,33.2133],[109.6597,33.2641],[109.5157,33.2371],[109.491,33.145],[109.7573,33.0801],[109.7396,32.93],[109.8991,32.9144],[110.0958,32.8413],[110.1683,32.6224],[110.0009,32.5519],[109.8795,32.5916],[109.6348,32.5906],[109.5613,32.405],[109.4874,32.3359],[109.619,32.1889],[109.6663,32.043],[109.6102,31.9273],[109.594,31.7376],[109.7245,31.6361],[109.7326,31.5611],[109.9295,31.5187],[110.1082,31.398],[110.1749,31.1887],[110.1076,31.1223],[110.1277,30.9064],[110.0662,30.8285],[109.8707,30.8886],[109.7486,30.8354],[109.6398,30.7179],[109.3942,30.5837],[109.1793,30.5668],[108.9646,30.6075],[108.8684,30.5514],[108.4332,30.4873],[108.3806,30.3997],[108.532,30.3155],[108.5382,29.8855],[108.4004,29.8311],[108.5126,29.7219],[108.613,29.858],[108.696,29.6982],[108.872,29.639],[108.872,29.5016],[108.9206,29.349],[109.0142,29.3075],[109.2066,29.1042]]]},"properties":{"iso":"CHN","name":"Hubei","country":"China","code":"CN-HB"}},
{"type":"Feature","geometry":{"type":"Polygon","coordinates":[[[119.6298,31.1329],[119.3628,31.1924],[119.3168,31.2667],[119.1629,31.2874],[119.0747,31.2388],[118.8161,31.2263],[118.751,31.358],[118.8272,31.3975],[118.8809,31.5224],[118.8605,31.6274],[118.4769,31.7902],[118.4811,31.8587],[118.352,31.9467],[118.3831,32.054],[118.5144,32.1998],[118.6504,32.2379],[118.6679,32.4532],[118.5518,32.5744],[118.7519,32.6125],[118.8913,32.5957],[119.0805,32.4461],[119.1994,32.5937],[119.1904,32.7112],[118.993,32.962],[118.8574,32.9723],[118.7482,32.8385],[118.7202,32.7321],[118.3991,32.7309],[118.2997,32.7774],[118.239,32.9237],[118.218,33.1799],[118.0807,33.1496],[117.9319,33.2351],[118.1767,33.6926],[118.1237,33.766],[117.7522,33.7244],[117.7456,33.8823],[117.6509,33.9825],[117.5035,34.0498],[117.1594,34.0912],[117.0339,34.1555],[116.9495,34.3893],[116.8023,34.4001],[116.6249,34.485],[116.4281,34.6397],[116.3772,34.6395],[116.1513,34.5667],[116.1567,34.4473],[116.401,34.275],[116.5521,34.2868],[116.5429,34.1209],[116.6412,33.9532],[116.4453,33.845],[116.4207,33.7908],[116.182,33.7183],[115.9707,33.9048],[115.9614,34.0001],[115.6536,34.0484],[115.5614,33.8981],[115.5735,33.7502],[115.6347,33.5918],[115.4426,33.5481],[115.3157,33.374],[115.3453,33.2506],[115.251,33.1206],[115.1428,33.0843],[114.9692,33.1237],[114.8866,33.0834],[114.9252,32.9582],[115.1847,32.8591],[115.1993,32.5915],[115.3667,32.5595],[115.5648,32.4024],[115.6938,32.4918],[115.8885,32.3939],[115.9281,32.0246],[115.9013,31.7945],[115.6629,31.784],[115.5315,31.7364],[115.3897,31.5117],[115.374,31.4175],[115.55,31.1827],[115.6687,31.2172],[115.8769,31.1294],[116.036,30.9889],[115.8586,30.861],[115.8622,30.7848],[115.7678,30.6882],[115.9466,30.4883],[115.8768,30.3898],[116.0405,30.2214],[116.0781,29.9687],[116.1473,29.7888],[116.2362,29.7813],[116.3895,29.8761],[116.4925,29.8847],[116.6505,30.0507],[116.7914,30.022],[116.8868,29.9204],[116.7979,29.7559],[116.675,29.708],[116.6485,29.6274],[116.7486,29.5449],[116.8883,29.5605],[116.9551,29.6539],[117.0791,29.7102],[117.0671,29.8406],[117.2255,29.9067],[117.2743,29.8295],[117.4022,29.7731],[117.5274,29.6224],[117.7077,29.5556],[117.9859,29.572],[118.1134,29.5187],[118.1747,29.4079],[118.3732,29.4528],[118.5569,29.6252],[118.7237,29.7302],[118.7413,29.8284],[118.894,29.9826],[118.8527,30.1593],[118.9347,30.3521],[119.2107,30.3137],[119.3629,30.4045],[119.3208,30.5182],[119.2415,30.5508],[119.3506,30.6754],[119.4431,30.6392],[119.575,30.8471],[119.6298,31.1329]]]},"properties":{"iso":"CHN","name":"Anhui","country":"China","code":"CN-AH"}},
{"type":"Feature","geometry":{"type":"Polygon","coordinates":[[[-66.9899,-17.5513],[-66.8261,-17.6712],[-66.6805,-17.864],[-66.6249,-17.9913],[-66.3355,-17.9829],[-66.1752,-17.8668],[-66.0185,-17.8622],[-65.9311,-17.9838],[-65.8433,-17.9683],[-65.6424,-18.1291],[-65.4363,-18.3693],[-65.3439,-18.4226],[-65.2445,-18.6014],[-65.0939,-18.6507],[-64.9646,-18.5313],[-64.8387,-18.4869],[-64.7032,-18.5281],[-64.5838,-18.6612],[-64.414,-18.6097],[-64.3402,-18.6569],[-64.3136,-18.4894],[-64.4273,-18.409],[-64.4443,-18.3199],[-64.5893,-18.1149],[-64.7042,-17.8832],[-64.5643,-17.7457],[-64.3395,-17.4207],[-64.2246,-17.416],[-64.2337,-17.3186],[-64.3757,-17.1746],[-64.6474,-16.996],[-64.7561,-16.8743],[-64.8071,-16.7174],[-64.7647,-16.5258],[-64.6842,-16.3884],[-64.6818,-16.0033],[-64.7306,-15.9225],[-64.6575,-15.8505],[-65.1639,-15.9071],[-65.2732,-16.0719],[-65.3309,-16.2791],[-65.4556,-16.3689],[-65.8044,-16.4657],[-65.9916,-16.445],[-66.2392,-16.3169],[-66.4608,-16.0742],[-66.5035,-15.9719],[-66.7844,-15.6993],[-66.9345,-15.8447],[-66.9456,-16.0753],[-66.7996,-16.2833],[-66.8162,-16.483],[-66.7659,-16.5895],[-66.7614,-16.7578],[-66.9323,-16.8351],[-67.0152,-17.0469],[-66.8972,-17.175],[-66.8419,-17.4681],[-66.9899,-17.5513]]]},"properties":{"iso":"BOL","name":"Cochabamba","country":"Bolívia","code":"BO-C"}},
{"type":"Feature","geometry":{"type":"Polygon","coordinates":[[[149.3499,-35.3595],[149.1892,-35.1785],[149.1029,-35.1459],[148.826,-35.3133],[148.7705,-35.4933],[148.7927,-35.7073],[148.9481,-35.8879],[149.1065,-35.8274],[149.0864,-35.61],[149.1867,-35.3807],[149.3499,-35.3595]]]},"properties":{"iso":"AUS","name":"Australian Capital Territory","country":"Austrália","code":"AU-ACT"}},
{"type":"Feature","geometry":{"type":"Polygon","coordinates":[[[-59.6615,-30.3369],[-59.5991,-30.0127],[-59.6648,-29.8783],[-59.5911,-29.615],[-59.5891,-29.4112],[-59.5113,-29.2076],[-59.3589,-29.1435],[-59.1974,-29.0221],[-59.1429,-28.7458],[-59.0991,-28.6642],[-59.0662,-28.4014],[-59.0814,-28.1576],[-58.9505,-28.1124],[-58.8647,-27.9993],[-60.0413,-28.0001],[-60.7447,-28.0027],[-61.7099,-28.0004],[-61.8655,-28.9169],[-62.0871,-30.1566],[-62.1253,-30.4577],[-61.9039,-30.6725],[-61.8658,-30.7888],[-62.1216,-31.6086],[-62.2228,-31.7068],[-62.1848,-31.9555],[-62.2186,-32.1385],[-62.0729,-32.2536],[-62.0146,-32.3863],[-61.9141,-32.4629],[-61.8294,-32.6806],[-61.733,-32.8275],[-61.7628,-32.9998],[-61.9199,-33.1141],[-62.4502,-33.8366],[-62.8538,-34.3821],[-61.7105,-34.3768],[-60.9631,-33.6772],[-60.9105,-33.5637],[-60.6776,-33.5757],[-60.5427,-33.6429],[-60.4668,-33.612],[-60.2941,-33.2566],[-60.4954,-33.1221],[-60.6755,-32.8465],[-60.7657,-32.5411],[-60.7271,-32.4352],[-60.709,-32.1747],[-60.6662,-32.0483],[-60.7225,-31.9472],[-60.6478,-31.716],[-60.4141,-31.6735],[-60.094,-31.3537],[-59.841,-30.9773],[-59.6606,-30.7361],[-59.6181,-30.4468],[-59.6615,-30.3369]]]},"properties":{"iso":"ARG","name":"Santa Fe","country":"Argentina","code":"AR-S"}},
{"type":"Feature","geometry":{"type":"Polygon","coordinates":[[[-66.0538,-26.2535],[-66.1555,-26.4972],[-65.8535,-26.7232],[-65.8723,-26.9164],[-66.1911,-27.309],[-65.9868,-27.43],[-65.9293,-27.6543],[-65.8211,-27.8057],[-65.7132,-27.8096],[-65.6551,-27.9577],[-65.5707,-28.0502],[-65.4327,-27.9094],[-65.3334,-27.8636],[-65.1691,-27.9097],[-65.0692,-27.8865],[-65.001,-27.7641],[-65.0683,-27.6237],[-64.9696,-27.5137],[-65.0636,-27.4724],[-64.8798,-27.3092],[-64.7281,-26.9876],[-64.6744,-26.8048],[-64.5885,-26.688],[-64.5055,-26.6835],[-64.524,-26.4466],[-64.4863,-26.2202],[-64.7674,-26.2114],[-64.9664,-26.2688],[-65.2673,-26.1636],[-65.3144,-26.076],[-65.4421,-26.1201],[-65.6653,-26.0748],[-65.7118,-26.2954],[-66.0538,-26.2535]]]},"properties":{"iso":"ARG","name":"Tucumán","country":"Argentina","code":"AR-T"}},
{"type":"Feature","geometry":{"type":"Polygon","coordinates":[[[-64.4863,-26.2202],[-64.524,-26.4466],[-64.5055,-26.6835],[-64.5885,-26.688],[-64.6744,-26.8048],[-64.7281,-26.9876],[-64.8798,-27.3092],[-65.0636,-27.4724],[-64.9696,-27.5137],[-65.0683,-27.6237],[-65.001,-27.7641],[-65.0692,-27.8865],[-65.1691,-27.9097],[-65.0791,-28.2746],[-65.0783,-28.4815],[-65.18,-28.6451],[-65.1022,-28.6949],[-65.0793,-29.0001],[-65.0354,-29.2927],[-64.8825,-29.5571],[-64.2941,-29.4251],[-64.0584,-29.4693],[-64.0487,-29.5257],[-63.8076,-29.6498],[-63.4627,-29.6552],[-63.3628,-29.7735],[-62.2882,-29.7767],[-62.2426,-29.8056],[-62.0871,-30.1566],[-61.8655,-28.9169],[-61.7099,-28.0004],[-61.7094,-26.7938],[-61.7105,-26.1466],[-61.7223,-25.7442],[-61.7539,-25.6614],[-63.3986,-25.6594],[-63.9244,-25.6523],[-64.1534,-25.5847],[-64.2116,-25.6037],[-64.425,-26.0276],[-64.4863,-26.2202]]]},"properties":{"iso":"ARG","name":"Santiago del Estero","country":"Argentina","code":"AR-G"}},
{"type":"Feature","geometry":{"type":"Polygon","coordinates":[[[-66.7305,-31.8766],[-66.9851,-31.8885],[-67.1165,-31.8522],[-67.3444,-31.8468],[-67.3888,-31.8976],[-67.393,-32.2622],[-67.2584,-32.6536],[-67.1921,-32.7611],[-67.2269,-32.9161],[-67.1426,-33.452],[-67.0197,-33.6165],[-66.9296,-33.8379],[-66.832,-33.9139],[-66.7471,-34.0642],[-66.8214,-34.2293],[-66.8126,-34.3846],[-66.738,-34.6154],[-66.572,-34.8529],[-66.5066,-35.1415],[-66.5256,-35.5146],[-66.6288,-35.9491],[-66.6172,-35.9999],[-65.0878,-35.9988],[-65.0866,-35.0018],[-65.0869,-33.9624],[-65.1317,-33.2055],[-65.0059,-32.9855],[-64.8753,-32.5441],[-64.945,-32.2905],[-65.1769,-32.3297],[-65.2555,-32.1116],[-65.5897,-31.9152],[-65.7596,-31.8855],[-66.0544,-31.8714],[-66.2172,-31.9254],[-66.6015,-31.9137],[-66.7305,-31.8766]]]},"properties":{"iso":"ARG","name":"San Luis","country":"Argentina","code":"AR-D"}},
{"type":"Feature","geometry":{"type":"Polygon","coordinates":[[[-68.2494,-37.557],[-67.8503,-37.6002],[-67.7486,-37.6691],[-67.7105,-37.78],[-67.8483,-37.9078],[-67.8449,-38.0569],[-67.7057,-38.1006],[-67.5541,-38.2617],[-67.1766,-38.2226],[-67.0698,-38.409],[-66.6479,-38.5574],[-66.562,-38.7016],[-66.3919,-38.7342],[-66.2152,-38.7166],[-65.9602,-38.7421],[-65.6488,-38.8099],[-65.5114,-38.7837],[-65.3674,-38.8384],[-65.1142,-38.8036],[-64.8209,-38.8104],[-64.4715,-38.8537],[-63.9945,-39.0098],[-63.478,-39.3185],[-63.3886,-39.3258],[-63.3871,-38.8255],[-63.3878,-37.7794],[-63.3886,-36.8524],[-63.3888,-35.9846],[-63.3841,-35.0021],[-64.4869,-35.0005],[-65.0866,-35.0018],[-65.0878,-35.9988],[-66.6172,-35.9999],[-67.135,-35.9993],[-68.2463,-35.9993],[-68.2932,-36.1283],[-68.2568,-36.2768],[-68.2488,-36.8335],[-68.2494,-37.557]]]},"properties":{"iso":"ARG","name":"La Pampa","country":"Argentina","code":"AR-L"}},
{"type":"Feature","geometry":{"type":"Polygon","coordinates":[[[-65.4019,-30.1402],[-65.5211,-30.4052],[-65.7673,-31.0962],[-65.7596,-31.8855],[-65.5897,-31.9152],[-65.2555,-32.1116],[-65.1769,-32.3297],[-64.945,-32.2905],[-64.8753,-32.5441],[-65.0059,-32.9855],[-65.1317,-33.2055],[-65.0869,-33.9624],[-65.0866,-35.0018],[-64.4869,-35.0005],[-63.3841,-35.0021],[-63.3736,-34.4136],[-63.3396,-34.3805],[-62.8538,-34.3821],[-62.4502,-33.8366],[-61.9199,-33.1141],[-61.7628,-32.9998],[-61.733,-32.8275],[-61.8294,-32.6806],[-61.9141,-32.4629],[-62.0146,-32.3863],[-62.0729,-32.2536],[-62.2186,-32.1385],[-62.1848,-31.9555],[-62.2228,-31.7068],[-62.1216,-31.6086],[-61.8658,-30.7888],[-61.9039,-30.6725],[-62.1253,-30.4577],[-62.0871,-30.1566],[-62.2426,-29.8056],[-62.2882,-29.7767],[-63.3628,-29.7735],[-63.4627,-29.6552],[-63.8076,-29.6498],[-64.0487,-29.5257],[-64.0584,-29.4693],[-64.2941,-29.4251],[-64.8825,-29.5571],[-64.9616,-29.6105],[-64.9434,-29.8783],[-65.1382,-30.0631],[-65.4019,-30.1402]]]},"properties":{"iso":"ARG","name":"Córdoba","country":"Argentina","code":"AR-X"}},
{"type":"Feature","geometry":{"type":"Polygon","coordinates":[[[59.0263,56.1694],[58.9435,56.0657],[58.7465,56.0628],[58.543,56.1631],[58.3077,56.1045],[57.8021,56.1506],[57.5372,56.1002],[57.4108,56.2354],[57.4084,56.3291],[57.2735,56.3049],[57.2135,56.182],[56.8641,56.1081],[56.4025,56.3874],[56.2753,56.3051],[56.0733,56.2895],[55.8758,56.4367],[55.5481,56.3995],[55.4477,56.3407],[54.9684,56.3204],[54.9182,56.392],[54.5316,56.5149],[54.3525,56.3585],[54.3458,56.2526],[54.1172,56.1582],[54.0468,56.058],[53.8378,56.0386],[53.6317,55.9067],[53.9764,55.8527],[54.1768,55.707],[54.1745,55.6236],[53.9969,55.5443],[53.891,55.3812],[53.7227,55.3377],[53.5914,55.2119],[53.4184,55.222],[53.1468,55.1466],[53.2692,55.012],[53.4219,54.9822],[53.5787,54.8222],[53.6069,54.7281],[53.3478,54.3816],[53.4705,54.0457],[53.6558,53.7524],[53.878,53.658],[54.1084,53.4166],[54.5196,53.3598],[54.6641,53.2355],[54.9266,53.2195],[54.955,53.1105],[55.1618,52.8232],[55.4067,52.8371],[55.4116,52.6576],[55.5449,52.5417],[55.5456,52.3849],[55.7776,52.3436],[55.9192,52.4988],[56.0776,52.6036],[56.3652,52.5231],[56.4514,52.3088],[56.1939,52.189],[56.2172,52.1323],[56.4954,52.1615],[56.6848,52.0453],[56.6076,51.8295],[56.7801,51.5922],[57.0355,51.6597],[57.2067,51.5751],[57.3744,51.6386],[57.4316,51.7258],[57.6209,51.759],[57.6526,51.8633],[57.8819,51.846],[58.2359,51.7384],[58.5764,51.7931],[58.6389,52.0164],[58.6061,52.1805],[58.6905,52.2653],[58.857,52.2632],[58.828,52.4327],[58.7237,52.6451],[58.7488,52.8354],[58.9004,53.0659],[58.8685,53.5018],[58.9062,53.8616],[59.0141,53.9582],[59.162,53.9929],[59.344,54.1851],[59.5442,54.1961],[59.6939,54.1291],[59.8005,54.242],[59.6667,54.3397],[59.6795,54.4981],[59.8597,54.603],[59.9746,54.8014],[59.6138,54.8667],[59.4041,54.7026],[59.2278,54.6112],[59.0614,54.6319],[58.8247,54.5722],[58.6138,54.4703],[58.3637,54.5475],[58.2063,54.5151],[57.9714,54.3928],[57.7429,54.5006],[57.7417,54.5831],[57.1651,54.819],[57.243,54.9571],[57.1369,55.0921],[57.2636,55.2619],[57.518,55.334],[58.0302,55.2748],[58.2879,55.1707],[58.364,55.0844],[58.6195,54.9497],[58.8157,55.0249],[58.6736,55.1885],[58.7968,55.2028],[58.872,55.3233],[59.1592,55.3316],[59.2013,55.4501],[59.5649,55.4996],[59.4466,55.632],[59.2548,55.6141],[59.2959,55.7805],[59.165,55.7899],[59.269,56.0479],[59.0263,56.1694]]]},"properties":{"iso":"RUS","name":"Bashkortostan","country":"Rússia","code":"RU-BA"}},
{"type":"Feature","geometry":{"type":"Polygon","coordinates":[[[65.9345,58.6144],[65.669,58.6633],[65.3823,58.9191],[65.1847,59.2233],[65.0016,59.3377],[64.3243,59.4112],[63.98,59.4055],[63.8251,59.477],[63.7955,59.7916],[63.5894,60.155],[63.1973,60.242],[63.22,60.3005],[62.8812,60.64],[62.7597,60.8594],[62.8598,61.0013],[62.6201,61.2107],[62.4197,61.3051],[61.9002,61.4336],[61.1652,61.6827],[60.4309,61.7471],[60.0566,61.7212],[59.9843,61.9028],[59.4854,61.9933],[59.3451,61.8566],[59.3487,61.6822],[59.4284,61.5069],[59.261,61.2222],[59.3585,61.1429],[59.3729,60.9705],[59.4677,60.8079],[59.3853,60.5735],[59.2393,60.4802],[59.1885,60.2779],[58.805,59.8628],[58.6751,59.8592],[58.5819,59.7158],[58.451,59.705],[58.4031,59.5523],[58.6695,59.2932],[59.0035,59.2306],[59.1753,59.1465],[59.0911,59.022],[59.0827,58.7693],[59.3876,58.7033],[59.456,58.4928],[59.2805,58.4128],[59.2025,58.3046],[58.6783,58.1071],[58.6046,57.9956],[58.8298,57.7262],[58.5798,57.5944],[58.4365,57.676],[58.2681,57.6698],[57.9951,57.4773],[57.938,57.332],[58.0386,57.2365],[58.0299,57.0994],[57.8246,56.9742],[57.5596,56.8883],[57.323,56.9199],[57.2187,56.853],[57.3576,56.6812],[57.3175,56.3734],[57.4084,56.3291],[57.4108,56.2354],[57.5372,56.1002],[57.8021,56.1506],[58.3077,56.1045],[58.543,56.1631],[58.7465,56.0628],[58.9435,56.0657],[59.0263,56.1694],[59.1221,56.3172],[59.7013,56.3061],[60.2396,56.2092],[60.7508,56.2373],[60.909,56.1881],[61.1503,56.217],[61.0842,56.3257],[61.3849,56.367],[61.642,56.3194],[61.8635,56.1807],[62.0718,56.1335],[62.0827,56.291],[62.2526,56.3627],[62.333,56.4692],[63.0011,56.598],[63.3585,56.5634],[63.4477,56.6097],[63.7665,56.508],[64.1733,56.4684],[64.2193,56.6008],[64.3566,56.6529],[64.337,56.7527],[64.8258,56.8411],[64.9954,56.7683],[65.1403,56.7701],[64.9937,57.0415],[64.9918,57.2213],[64.8417,57.4461],[64.9367,57.5486],[64.8393,57.6407],[65.4279,57.8339],[65.5396,57.7795],[65.7023,57.9013],[66.1966,58.0325],[66.0019,58.2975],[65.9345,58.6144]]]},"properties":{"iso":"RUS","name":"Sverdlovsk","country":"Rússia","code":"RU-SVE"}},
{"type":"Feature","geometry":{"type":"Polygon","coordinates":[[[75.1595,58.6502],[75.6416,58.9824],[75.6869,59.0401],[75.6284,59.2378],[75.8434,59.3233],[76.1717,59.5428],[76.6455,59.5851],[76.7415,59.7578],[76.7575,60.0567],[76.6986,60.1173],[76.848,60.2661],[76.7494,60.3469],[76.7796,60.4518],[77.0127,60.5272],[76.9703,60.6491],[77.1361,60.8561],[77.4075,60.8111],[77.7023,60.8252],[77.9411,60.7492],[78.1641,60.8031],[78.4744,60.7775],[78.6749,60.828],[78.8065,60.7798],[79.1685,60.8366],[79.3136,60.7923],[79.3595,60.6636],[79.8533,60.6919],[80.1654,60.6636],[80.4139,60.7606],[80.7235,60.7966],[81.0172,60.7572],[81.1405,60.6367],[81.4977,60.6155],[81.8304,60.6447],[82.139,60.532],[82.3624,60.6006],[82.4074,60.723],[83.1442,61.0282],[83.5036,61.0472],[83.9972,60.8261],[84.2596,60.8555],[84.6481,61.0007],[85.6712,61.2892],[85.6439,61.3876],[85.9504,61.4647],[85.9562,61.55],[85.4796,61.6279],[84.9191,61.7965],[84.6811,61.8153],[84.5201,61.9451],[84.4357,62.178],[84.237,62.3767],[84.0959,62.3751],[83.7982,62.5603],[83.3107,62.457],[83.0335,62.5295],[83.01,62.5947],[82.741,62.6802],[82.7327,62.7572],[82.0735,62.8],[81.8398,62.6919],[81.3492,62.8212],[81.0747,63.1174],[80.5842,63.0826],[80.5744,63.019],[80.0732,62.8262],[79.9147,62.792],[79.8201,62.6037],[78.7931,62.6151],[78.3794,62.5678],[77.9665,62.478],[77.889,62.5573],[77.327,62.7104],[77.1322,62.813],[77.0262,62.975],[76.6226,63.0378],[76.2894,62.95],[76.2402,63.0188],[75.8027,63.114],[75.3636,63.1078],[74.9145,63.032],[74.5074,63.0432],[74.2411,63.172],[73.3681,63.2069],[73.1038,63.4363],[72.655,63.2802],[72.1608,63.2992],[71.9637,63.1971],[71.608,63.1852],[71.5691,63.5514],[71.3876,63.6746],[70.9138,63.6924],[70.8132,63.8217],[70.6377,63.9032],[70.5697,64.0154],[70.7548,64.1002],[70.7689,64.1936],[70.4727,64.2516],[70.3069,64.3436],[69.9999,64.3159],[69.6931,64.4],[69.3896,64.3885],[69.2441,64.4658],[68.8592,64.4357],[68.9904,64.3296],[68.8106,64.2212],[68.425,64.296],[68.1786,64.1762],[67.6791,64.079],[67.2807,64.0806],[67.1709,64.1629],[66.8187,64.2256],[66.7959,64.3213],[66.9363,64.487],[66.6816,64.5575],[66.434,64.5152],[66.1461,64.5859],[65.3997,64.5714],[65.1759,64.4458],[64.6222,64.4387],[64.4443,64.3562],[64.0162,64.3574],[63.8957,64.2871],[63.6114,64.2685],[63.4171,64.3239],[63.4666,64.4505],[63.2148,64.526],[62.6992,64.4922],[62.532,64.56],[62.8028,64.7263],[62.6787,64.8781],[62.8015,65.0514],[62.8167,65.2916],[62.5165,65.3388],[62.3736,65.4489],[62.2784,65.6229],[62.0185,65.7171],[61.8819,65.7018],[61.5106,65.5005],[61.2631,65.3074],[61.2405,65.1919],[61.0028,65.0603],[60.8309,65.0514],[60.6765,64.9123],[60.305,65.0714],[60.1474,65.0648],[59.6476,64.7724],[59.7041,64.6677],[59.4842,64.4973],[59.6331,64.3437],[59.5884,64.2326],[59.8381,64.0801],[59.5844,63.9383],[59.4938,63.6105],[59.2922,63.3422],[59.3296,63.2739],[59.2317,63.0891],[59.2781,62.9702],[59.4831,62.8924],[59.3941,62.7314],[59.5265,62.5414],[59.6437,62.5103],[59.4041,62.108],[59.4854,61.9933],[59.9843,61.9028],[60.0566,61.7212],[60.4309,61.7471],[61.1652,61.6827],[61.9002,61.4336],[62.4197,61.3051],[62.6201,61.2107],[62.8598,61.0013],[62.7597,60.8594],[62.8812,60.64],[63.22,60.3005],[63.1973,60.242],[63.5894,60.155],[63.7955,59.7916],[63.8251,59.477],[63.98,59.4055],[64.3243,59.4112],[65.0016,59.3377],[65.1847,59.2233],[65.3823,58.9191],[65.669,58.6633],[65.9345,58.6144],[66.3802,58.5891],[66.7407,58.6696],[66.7737,58.9297],[67.0709,58.9249],[67.2637,59.0204],[67.5645,59.0929],[67.7422,59.2119],[68.1954,59.2415],[68.3581,59.2829],[68.5434,59.5509],[68.844,59.6213],[69.2952,59.7829],[69.0777,59.8932],[69.3061,59.9889],[69.5013,59.9892],[69.6156,59.9049],[70.1549,59.9],[70.3985,59.8175],[70.7976,59.863],[71.0172,59.8226],[71.1934,59.9051],[71.2965,59.7991],[71.9998,59.5658],[72.4372,59.3034],[72.4536,59.2151],[72.6569,59.107],[72.8633,59.1574],[72.9756,59.099],[73.0321,58.8631],[73.4441,58.8176],[73.6206,58.8536],[73.9995,58.7996],[74.1001,58.7394],[74.7431,58.7481],[75.1595,58.6502]]]},"properties":{"iso":"RUS","name":"Khanty-Mansiy","country":"Rússia","code":"RU-KHM"}},
{"type":"Feature","geometry":{"type":"Polygon","coordinates":[[[38.2988,51.961],[38.6976,52.0978],[38.8799,52.0925],[38.9944,52.0007],[39.1823,52.0982],[39.4471,52.0822],[39.4966,51.9727],[39.8341,51.9202],[39.913,51.9798],[40.5038,51.9535],[40.5068,52.0219],[40.6969,52.2696],[40.3308,52.403],[39.9531,52.6544],[40.0799,52.8042],[40.0705,52.9253],[40.1415,53.0719],[40.1066,53.2757],[40.1602,53.3422],[39.9179,53.4162],[39.9068,53.4985],[39.7402,53.5883],[39.5115,53.5254],[39.4154,53.4136],[39.1618,53.3946],[39.0415,53.5496],[38.8954,53.5652],[38.6972,53.5001],[38.7617,53.382],[38.4773,53.31],[38.5954,53.2403],[38.6327,53.1232],[38.3066,52.9741],[38.1077,53.059],[37.9124,53.0726],[37.841,53.0085],[37.7271,52.5969],[38.0384,52.3445],[37.7776,52.1615],[37.7471,52.0169],[37.8208,51.9122],[37.997,51.879],[38.2988,51.961]]]},"properties":{"iso":"RUS","name":"Lipetsk","country":"Rússia","code":"RU-LIP"}},
{"type":"Feature","geometry":{"type":"Polygon","coordinates":[[[42.4892,51.6077],[42.4904,51.6928],[42.6433,51.804],[42.6941,51.9661],[42.806,52.0122],[42.7515,52.1738],[43.0796,52.4027],[43.0416,52.5606],[43.2366,52.6612],[42.9054,52.9697],[42.7475,53.0223],[42.3542,53.3682],[42.3122,53.4404],[42.0939,53.5398],[42.1344,53.8122],[41.7483,53.8235],[41.4001,53.7832],[41.3537,53.5563],[41.1744,53.4337],[41.0213,53.4895],[40.8395,53.4875],[40.7384,53.56],[40.3175,53.3562],[40.1602,53.3422],[40.1066,53.2757],[40.1415,53.0719],[40.0705,52.9253],[40.0799,52.8042],[39.9531,52.6544],[40.3308,52.403],[40.6969,52.2696],[40.5068,52.0219],[40.5038,51.9535],[40.9377,51.8902],[40.8919,51.7426],[41.0661,51.7102],[41.3113,51.7938],[41.5565,51.7667],[41.9522,51.6564],[42.2477,51.6945],[42.2737,51.6004],[42.4892,51.6077]]]},"properties":{"iso":"RUS","name":"Tambov","country":"Rússia","code":"RU-TAM"}},
{"type":"Feature","geometry":{"type":"Polygon","coordinates":[[[75.1052,58.581],[75.3043,58.4511],[75.0801,58.3535],[75.2219,58.2221],[75.0929,58.1101],[75.5428,57.9409],[75.5805,57.675],[75.7271,57.5989],[75.8586,57.3991],[75.9925,57.3849],[76.1087,57.2503],[76.9185,57.1879],[78.4443,57.1613],[78.4476,57.1219],[79.5898,56.9286],[80.2486,56.4547],[80.3103,56.4386],[81.1223,56.5326],[81.2146,56.5076],[81.5574,56.2583],[81.9444,56.3395],[82.3424,56.3556],[82.4265,56.3943],[82.8285,56.4405],[82.8565,56.5326],[83.096,56.5493],[83.2517,56.4556],[83.1539,56.3819],[83.2144,56.2121],[83.1276,56.1317],[83.3535,55.9691],[83.2232,55.737],[83.5682,55.6927],[83.9511,56.0049],[84.1968,56.0548],[84.4104,56.0441],[85.1212,56.2159],[85.6879,56.2388],[85.6065,56.3241],[85.7845,56.4062],[86.1116,56.4966],[86.2174,56.6242],[86.3942,56.5493],[86.7067,56.6319],[86.913,56.5555],[87.1298,56.54],[87.1667,56.6756],[87.397,56.616],[87.6204,56.6397],[87.7792,56.548],[88.4189,56.8285],[88.624,56.833],[88.7209,57.0553],[88.5296,57.0958],[88.7264,57.2228],[88.8615,57.4317],[89.0772,57.5147],[89.1668,57.6158],[89.3804,57.6372],[89.3284,57.95],[88.8508,57.9606],[88.6874,58.0366],[88.1557,58.1065],[88.0143,58.2683],[87.9322,58.5261],[88.3826,58.9089],[88.8258,59.0345],[88.6203,59.1988],[88.5859,59.2987],[87.9363,59.2662],[87.8784,59.289],[87.5539,59.6407],[87.2136,59.685],[87.0841,59.8828],[86.6254,59.95],[85.9682,59.9559],[85.4963,59.8916],[84.6919,59.9048],[84.5313,59.975],[84.6319,60.2056],[84.7812,60.356],[84.7083,60.4589],[84.2596,60.8555],[83.9972,60.8261],[83.5036,61.0472],[83.1442,61.0282],[82.4074,60.723],[82.3624,60.6006],[82.139,60.532],[81.8304,60.6447],[81.4977,60.6155],[81.1405,60.6367],[81.0172,60.7572],[80.7235,60.7966],[80.4139,60.7606],[80.1654,60.6636],[79.8533,60.6919],[79.3595,60.6636],[79.3136,60.7923],[79.1685,60.8366],[78.8065,60.7798],[78.6749,60.828],[78.4744,60.7775],[78.1641,60.8031],[77.9411,60.7492],[77.7023,60.8252],[77.4075,60.8111],[77.1361,60.8561],[76.9703,60.6491],[77.0127,60.5272],[76.7796,60.4518],[76.7494,60.3469],[76.848,60.2661],[76.6986,60.1173],[76.7575,60.0567],[76.7415,59.7578],[76.6455,59.5851],[76.1717,59.5428],[75.8434,59.3233],[75.6284,59.2378],[75.6869,59.0401],[75.6416,58.9824],[75.1595,58.6502],[75.1052,58.581]]]},"properties":{"iso":"RUS","name":"Tomsk","country":"Rússia","code":"RU-TOM"}},
{"type":"Feature","geometry":{"type":"Polygon","coordinates":[[[53.4705,54.0457],[53.3478,54.3816],[53.6069,54.7281],[53.5787,54.8222],[53.4219,54.9822],[53.2692,55.012],[53.1468,55.1466],[53.4184,55.222],[53.5914,55.2119],[53.7227,55.3377],[53.891,55.3812],[53.9969,55.5443],[54.1745,55.6236],[54.1768,55.707],[53.9764,55.8527],[53.6317,55.9067],[53.2891,55.8583],[53.2765,55.9353],[53.564,56.1811],[53.4272,56.2765],[53.2731,56.0847],[52.9582,56.2522],[52.945,56.3661],[53.0801,56.5266],[52.9345,56.5381],[52.9081,56.4159],[52.7332,56.3784],[52.562,56.2594],[52.8392,56.1631],[52.6553,56.0178],[52.1954,56.0771],[52.242,55.9645],[52.0645,55.8961],[51.3991,55.9936],[51.4365,56.1444],[51.2244,56.0999],[51.0731,56.1305],[50.5861,56.3665],[50.3496,56.6695],[50.072,56.6227],[50.1799,56.5495],[49.885,56.4418],[49.7645,56.5359],[49.2759,56.3532],[49.037,56.3579],[49.0157,56.2327],[48.6941,55.9646],[48.401,55.8878],[48.4124,55.8294],[48.2054,55.6936],[48.025,55.6305],[47.9738,55.4995],[47.8341,55.3421],[48.0166,55.2763],[48.0747,55.1084],[47.9963,54.9682],[47.8031,54.9448],[47.7288,54.8313],[47.4872,54.8576],[47.2419,54.6777],[47.3661,54.5268],[47.6374,54.5654],[47.7536,54.7313],[47.8495,54.7041],[48.0857,54.7663],[48.2899,54.7381],[48.4696,54.6342],[48.8275,54.6478],[49.0144,54.7928],[49.2912,54.8838],[49.4758,54.7754],[49.6155,54.562],[49.7463,54.5742],[50.0775,54.5165],[50.3842,54.4858],[50.5194,54.3298],[50.6969,54.4267],[50.948,54.3476],[51.0038,54.5392],[51.1688,54.6373],[51.3913,54.6015],[51.5135,54.6393],[51.6676,54.5671],[51.936,54.5276],[51.9327,54.4363],[52.0995,54.3885],[52.2227,54.4446],[52.482,54.4672],[52.5385,54.3773],[52.7711,54.347],[53.0009,54.271],[52.9512,54.1958],[53.1414,54.0762],[53.4705,54.0457]]]},"properties":{"iso":"RUS","name":"Tatarstan","country":"Rússia","code":"RU-TA"}},
{"type":"Feature","geometry":{"type":"Polygon","coordinates":[[[48.437,52.7804],[48.5925,52.9194],[48.5217,52.9782],[48.2216,52.9989],[48.0345,53.3146],[47.9485,53.3587],[48.0568,53.4761],[48.3756,53.4712],[48.3313,53.6245],[48.4564,53.6658],[48.4911,53.7705],[48.8743,53.7164],[49.0293,53.8572],[49.4137,53.8683],[49.6245,53.8146],[49.9572,53.9068],[49.9791,53.9658],[50.1974,54.0381],[50.2562,54.3049],[50.0775,54.5165],[49.7463,54.5742],[49.6155,54.562],[49.4758,54.7754],[49.2912,54.8838],[49.0144,54.7928],[48.8275,54.6478],[48.4696,54.6342],[48.2899,54.7381],[48.0857,54.7663],[47.8495,54.7041],[47.7536,54.7313],[47.6374,54.5654],[47.3661,54.5268],[47.2419,54.6777],[47.063,54.6902],[46.8691,54.6317],[46.4413,54.7722],[46.5333,54.5526],[46.5431,54.4063],[46.719,54.3296],[46.3794,54.2305],[46.0183,54.1894],[45.7916,54.0039],[45.9572,54.0054],[46.212,53.9087],[46.1926,53.8503],[46.4683,53.6543],[46.4936,53.5109],[46.7948,53.4085],[46.9059,53.3353],[46.9545,53.1911],[46.9126,53.0792],[46.9832,52.7713],[46.8521,52.726],[46.8307,52.6163],[47.0619,52.5702],[47.7308,52.5867],[47.7775,52.6803],[48.2522,52.8101],[48.437,52.7804]]]},"properties":{"iso":"RUS","name":"Ul'yanovsk","country":"Rússia","code":"RU-ULY"}},
{"type":"Feature","geometry":{"type":"Polygon","coordinates":[[[46.8307,52.6163],[46.8521,52.726],[46.9832,52.7713],[46.9126,53.0792],[46.9545,53.1911],[46.9059,53.3353],[46.7948,53.4085],[46.4936,53.5109],[46.4683,53.6543],[46.1926,53.8503],[46.212,53.9087],[45.9572,54.0054],[45.7916,54.0039],[45.6462,53.9302],[45.3393,53.8849],[45.1762,53.9788],[44.8828,53.9691],[44.6165,53.8915],[44.7295,53.6997],[44.5339,53.6643],[44.0994,53.7356],[43.7518,53.9632],[43.5278,54.0146],[43.1816,54.0011],[43.1704,53.8392],[42.9398,53.8011],[42.6309,53.8076],[42.513,53.7372],[42.3077,53.8475],[42.1344,53.8122],[42.0939,53.5398],[42.3122,53.4404],[42.3542,53.3682],[42.7475,53.0223],[42.9054,52.9697],[43.2366,52.6612],[43.0416,52.5606],[43.0796,52.4027],[43.193,52.4623],[43.3527,52.3925],[43.747,52.4334],[44.044,52.3495],[44.3467,52.3161],[44.5003,52.5212],[44.8725,52.434],[44.9096,52.3775],[45.4315,52.4005],[45.6444,52.5186],[45.9715,52.4856],[46.2888,52.6719],[46.5162,52.695],[46.8307,52.6163]]]},"properties":{"iso":"RUS","name":"Penza","country":"Rússia","code":"RU-PNZ"}},
{"type":"Feature","geometry":{"type":"Polygon","coordinates":[[[88.3648,52.168],[88.6881,52.2567],[88.6761,52.3525],[88.9446,52.488],[89.1151,52.6264],[89.0432,52.6781],[89.2356,52.81],[89.1182,52.92],[88.8951,52.9874],[89.0491,53.1305],[89.0506,53.2494],[88.8952,53.3866],[88.8339,53.5846],[89.0183,53.7423],[89.2604,53.8348],[89.0727,53.9526],[88.9815,54.0652],[89.1872,54.1474],[89.2186,54.2425],[89.1292,54.3505],[88.7977,54.4071],[88.5608,54.2877],[88.5186,54.4161],[88.603,54.5217],[88.6126,54.6969],[88.7531,54.8046],[88.5467,55.0232],[88.3965,55.279],[88.6088,55.4456],[88.6823,55.516],[89.0616,55.6929],[89.3628,55.7725],[89.1987,56.1346],[88.9132,56.3098],[88.5925,56.4436],[88.5167,56.6266],[88.7211,56.7317],[88.624,56.833],[88.4189,56.8285],[87.7792,56.548],[87.6204,56.6397],[87.397,56.616],[87.1667,56.6756],[87.1298,56.54],[86.913,56.5555],[86.7067,56.6319],[86.3942,56.5493],[86.2174,56.6242],[86.1116,56.4966],[85.7845,56.4062],[85.6065,56.3241],[85.6879,56.2388],[85.1212,56.2159],[84.4104,56.0441],[84.5665,55.9614],[84.5656,55.7088],[84.7093,55.6618],[84.771,55.5398],[84.731,55.3912],[84.8755,55.3885],[84.8226,55.2462],[84.9158,55.1653],[84.8826,54.9853],[85.0761,54.8683],[84.9545,54.7445],[84.9483,54.6041],[85.0794,54.4694],[85.16,54.4872],[85.4348,54.2115],[85.577,54.2318],[85.9438,54.0399],[86.1175,54.0002],[86.4056,53.7509],[86.4548,53.614],[86.7234,53.4841],[86.9835,53.4074],[86.7052,53.1963],[86.9433,53.0795],[87.077,53.0752],[86.9445,52.8624],[87.1732,52.6116],[87.3703,52.5183],[87.6355,52.4498],[87.9238,52.5476],[88.201,52.4159],[88.4132,52.4551],[88.3648,52.168]]]},"properties":{"iso":"RUS","name":"Kemerovo","country":"Rússia","code":"RU-KEM"}},
{"type":"Feature","geometry":{"type":"Polygon","coordinates":[[[34.8968,52.3532],[35.1237,52.3346],[35.3963,52.414],[35.8926,52.2745],[36.357,52.3658],[36.5523,52.2153],[36.8202,52.1203],[37.1583,52.072],[37.3535,51.9362],[37.4807,52.0095],[37.6518,51.9711],[37.7471,52.0169],[37.7776,52.1615],[38.0384,52.3445],[37.7271,52.5969],[37.841,53.0085],[37.7874,53.0889],[37.5613,53.1688],[37.5683,53.289],[37.3272,53.3032],[37.1969,53.2507],[36.8073,53.2966],[36.6668,53.4159],[36.398,53.4285],[36.2202,53.5703],[36.0096,53.6183],[35.9106,53.644],[35.7658,53.5191],[35.6371,53.5432],[35.4221,53.4043],[35.3557,53.2842],[35.1035,53.3108],[35.1821,53.1016],[35.1565,52.9695],[34.967,52.9703],[34.8049,52.8682],[35.0915,52.698],[34.9896,52.5105],[34.8329,52.424],[34.8968,52.3532]]]},"properties":{"iso":"RUS","name":"Orel","country":"Rússia","code":"RU-ORL"}},
{"type":"Feature","geometry":{"type":"Polygon","coordinates":[[[115.7108,56.9635],[116.122,56.8127],[116.3616,56.8473],[116.6291,56.7485],[116.815,56.7262],[117.1795,56.866],[117.5708,56.8512],[117.6725,56.9775],[117.6009,57.1497],[117.7943,57.2874],[117.5971,57.3212],[117.427,57.2637],[117.2571,57.509],[117.2823,57.6172],[117.1404,57.6684],[117.1283,57.8416],[117.313,57.847],[117.4377,58.1518],[117.5878,58.1843],[117.4709,58.304],[117.6838,58.398],[118.1421,58.3859],[118.3174,58.3525],[118.4051,58.2615],[118.6304,58.1752],[119.1081,58.2227],[119.0704,58.3412],[119.1324,58.4723],[118.8212,58.5743],[118.8929,58.8164],[118.7072,59.0638],[118.6887,59.1915],[118.8397,59.3004],[118.7339,59.4198],[118.4073,59.5123],[118.336,59.5956],[118.0583,59.5826],[117.906,59.4439],[117.7786,59.5283],[117.5975,59.4723],[117.3524,59.4974],[117.0893,59.5884],[117.1904,59.6464],[117.2282,59.7983],[117.0651,59.9079],[117.0766,60.0292],[116.9543,60.1686],[116.5824,60.3599],[116.0754,60.4069],[115.6863,60.5262],[115.3947,60.4871],[115.1122,60.3946],[115.0068,60.2685],[114.8359,60.1904],[114.6971,60.2192],[114.5402,60.1021],[114.5455,59.9854],[114.309,59.8789],[114.0302,59.6811],[113.7793,59.6086],[113.4352,59.4023],[113.4647,59.2663],[113.2642,59.1569],[113.1522,59.1645],[112.5544,59.0334],[112.4652,59.1678],[112.6311,59.3105],[112.4354,59.3263],[112.2179,59.5004],[111.9325,59.2719],[111.6253,59.2073],[111.4701,59.2673],[111.1638,59.1894],[110.7135,59.2589],[110.4709,59.0336],[110.1193,58.9804],[109.6364,59.066],[109.4988,59.2944],[109.2678,59.316],[109.2694,59.4491],[109.5174,59.6296],[109.5037,59.7638],[109.7639,60.027],[109.6944,60.1286],[109.9168,60.4506],[110.2684,60.702],[110.2397,60.831],[110.4584,60.9883],[110.4814,61.1592],[110.1688,61.1641],[110.0944,61.2626],[109.7924,61.3252],[109.8513,61.5573],[109.62,61.7181],[109.5978,61.8704],[109.9995,62.1635],[109.9182,62.4063],[109.5567,62.4314],[109.3059,62.4836],[109.6144,62.8737],[109.4654,62.9496],[109.453,63.149],[109.2155,63.4418],[109.0527,63.5491],[108.8571,63.5369],[108.5471,63.599],[108.1596,63.5629],[108.2794,63.7964],[108.6868,63.7954],[108.7352,63.9771],[108.495,64.1157],[108.4675,64.2817],[108.0265,64.2235],[108.2236,64.2034],[108.2629,63.9959],[107.6798,63.9892],[107.5503,63.857],[107.3725,63.8655],[107.2024,63.9569],[106.7934,63.8424],[106.6295,63.6968],[106.6914,63.6363],[106.5168,63.483],[106.7253,63.375],[106.6614,63.2967],[106.3683,63.2724],[106.4033,63.1133],[106.1256,63.0482],[106.2253,62.8938],[106.4349,62.8467],[106.4948,62.6919],[106.7257,62.5877],[106.7139,62.4876],[106.4791,62.3285],[106.4039,62.0307],[106.2181,62.0032],[105.9022,61.8349],[105.9414,61.6854],[105.7176,61.6496],[105.3675,61.5298],[105.2532,61.4199],[104.904,61.3675],[105.0046,61.1976],[104.8366,61.1762],[104.4597,60.8388],[104.5945,60.7352],[104.5232,60.6449],[104.6762,60.3999],[104.8892,60.3017],[105.4758,60.2539],[105.4238,60.1229],[105.4848,60.0219],[105.3772,59.8217],[105.1864,59.8585],[104.7988,59.6909],[104.9857,59.4611],[105.2253,59.4293],[105.3535,59.1079],[104.9483,58.9586],[104.7591,58.8205],[104.7867,58.6663],[104.4582,58.6023],[104.3738,58.7133],[103.9487,58.7739],[103.8895,58.9026],[103.6929,58.9232],[103.3752,59.0341],[103.246,59.1801],[103.2393,59.2836],[102.9988,59.3154],[102.7593,59.1994],[102.4549,59.1531],[102.4386,58.9437],[102.5373,58.8966],[102.5197,58.7279],[102.3111,58.6423],[102.1617,58.5156],[101.7736,58.4533],[101.5309,58.2253],[101.2976,58.2193],[101.1373,57.9854],[100.9705,57.8705],[100.8014,57.673],[100.9553,57.5553],[100.9114,57.4515],[100.7156,57.4129],[100.4187,57.5418],[100.2754,57.8048],[100.1293,57.8668],[100.0173,58.0815],[99.7028,58.0857],[99.4975,57.929],[99.4109,57.7955],[99.0799,57.7704],[98.9616,57.7233],[98.7675,57.7907],[97.934,57.8113],[97.3549,57.0605],[97.4888,56.9637],[97.4685,56.8274],[97.7653,56.788],[97.7623,56.5591],[97.8407,56.3931],[97.5914,56.3867],[97.5649,56.1896],[97.3519,56.0512],[97.1253,56.1017],[96.9865,56.0183],[96.96,55.8609],[96.7601,55.7461],[96.7528,55.6507],[96.918,55.3295],[96.7199,55.2649],[96.6847,55.0849],[96.5862,55.0191],[96.7119,54.9266],[96.5649,54.6969],[96.495,54.5105],[96.3514,54.5619],[96.0388,54.5582],[95.8969,54.3893],[95.7167,54.3879],[95.6782,54.2342],[96.0793,54.0627],[96.1259,53.9724],[96.5051,53.6844],[96.6841,53.6385],[96.8749,53.7291],[97.1352,53.613],[97.3284,53.5964],[97.4478,53.4615],[97.6988,53.3789],[97.9715,53.3516],[98.0308,53.2526],[98.2795,53.2257],[98.3032,53.1037],[98.6152,53.1075],[98.6979,53.1548],[99.0557,53.1038],[98.9893,53.0345],[99.2498,52.9538],[99.379,53.1128],[99.6902,53.132],[99.8782,53.2994],[100.0798,53.3003],[100.2605,53.3748],[100.401,53.2342],[100.3627,53.1368],[100.6064,52.9436],[101.4756,52.5711],[101.9104,52.3171],[102.0457,52.2122],[102.188,52.2758],[102.5421,52.2276],[102.777,51.9846],[103.0647,51.8827],[103.2216,51.7883],[103.1814,51.6208],[103.335,51.4342],[103.5763,51.4792],[103.8187,51.3878],[103.8137,51.1319],[104.2124,51.2811],[104.4942,51.309],[104.6094,51.2683],[104.6499,51.6224],[105.1231,51.7311],[105.4612,51.8633],[105.7515,52.031],[105.9916,52.2209],[106.1983,52.4402],[108.041,53.1927],[108.4235,53.7832],[109.0073,54.4249],[109.0221,54.4936],[108.6709,54.5469],[108.7161,54.7851],[108.6903,55.0623],[108.7822,55.1695],[108.6513,55.3132],[108.6222,55.4559],[108.7714,55.6233],[108.8541,55.8663],[108.9912,56.0397],[108.799,56.2574],[108.557,56.3457],[108.7186,56.4994],[108.699,56.5829],[108.9296,56.5882],[109.1431,56.6761],[109.4102,56.7349],[109.7804,56.7111],[109.989,56.969],[110.3991,56.9212],[110.5319,56.8467],[110.7525,56.8741],[111.1337,56.8147],[111.3632,56.8948],[111.4625,57.1025],[111.8543,56.9133],[112.1096,56.9444],[112.2349,56.8777],[112.4439,56.863],[112.6621,56.9597],[112.762,56.7525],[112.8855,56.6967],[113.3558,56.6264],[113.5468,56.6716],[114.0102,56.5453],[114.1272,56.676],[114.4985,56.6709],[114.7953,56.7097],[114.8507,56.8367],[115.0504,56.9907],[115.0859,57.1186],[115.4499,57.097],[115.6978,57.1367],[115.8522,57.2401],[116.1557,57.2285],[116.1703,57.1414],[115.8048,57.0313],[115.7108,56.9635]]]},"properties":{"iso":"RUS","name":"Irkutsk","country":"Rússia","code":"RU-IRK"}},
{"type":"Feature","geometry":{"type":"Polygon","coordinates":[[[88.7357,51.5594],[89.2327,51.6448],[89.5806,51.553],[89.7304,51.5822],[89.9429,51.7502],[90.1046,51.7677],[90.0275,51.9844],[90.1237,52.1286],[90.4766,52.1834],[90.7003,52.4582],[91.038,52.6602],[91.2419,52.7475],[91.3963,52.868],[91.3511,53.0775],[91.6599,53.1585],[91.8412,53.2883],[91.744,53.4467],[91.4697,53.5139],[91.3266,53.8167],[91.4651,53.966],[91.4639,54.0565],[91.2096,54.3382],[91.159,54.4879],[90.855,54.6267],[90.9153,54.7911],[90.7149,54.8312],[90.6848,54.9047],[90.4583,54.8708],[90.4355,55.0163],[90.1292,55.1052],[89.904,55.0861],[89.6578,55.0031],[89.55,55.0464],[89.2008,54.9904],[88.9661,55.1848],[88.9502,55.2891],[88.7598,55.3441],[88.6088,55.4456],[88.3965,55.279],[88.5467,55.0232],[88.7531,54.8046],[88.6126,54.6969],[88.603,54.5217],[88.5186,54.4161],[88.5608,54.2877],[88.7977,54.4071],[89.1292,54.3505],[89.2186,54.2425],[89.1872,54.1474],[88.9815,54.0652],[89.0727,53.9526],[89.2604,53.8348],[89.0183,53.7423],[88.8339,53.5846],[88.8952,53.3866],[89.0506,53.2494],[89.0491,53.1305],[88.8951,52.9874],[89.1182,52.92],[89.2356,52.81],[89.0432,52.6781],[89.1151,52.6264],[88.9446,52.488],[88.6761,52.3525],[88.6881,52.2567],[88.3648,52.168],[88.1215,52.0983],[87.8391,51.8106],[88.0864,51.7136],[87.8615,51.5494],[88.1316,51.3859],[88.5077,51.3164],[88.6654,51.4236],[88.7357,51.5594]]]},"properties":{"iso":"RUS","name":"Khakass","country":"Rússia","code":"RU-KK"}},
{"type":"Feature","geometry":{"type":"Polygon","coordinates":[[[46.4413,54.7722],[46.4147,54.8954],[46.0557,55.0421],[45.8153,54.9997],[45.7103,55.1768],[45.6047,55.1638],[45.4391,55.0332],[45.4244,54.8818],[45.2662,54.8728],[45.0411,54.7144],[45.0914,54.6589],[44.9172,54.4762],[44.5974,54.5796],[44.5398,54.5304],[44.1072,54.6458],[44.0914,54.7337],[43.9491,54.807],[43.6895,54.8306],[43.6105,54.9011],[43.369,54.9497],[43.1552,54.9027],[43.0977,54.7988],[42.6364,54.7867],[42.4668,54.8713],[42.3905,54.807],[42.6993,54.5824],[42.5566,54.4922],[42.4628,54.2539],[42.596,54.1765],[42.3077,53.8475],[42.513,53.7372],[42.6309,53.8076],[42.9398,53.8011],[43.1704,53.8392],[43.1816,54.0011],[43.5278,54.0146],[43.7518,53.9632],[44.0994,53.7356],[44.5339,53.6643],[44.7295,53.6997],[44.6165,53.8915],[44.8828,53.9691],[45.1762,53.9788],[45.3393,53.8849],[45.6462,53.9302],[45.7916,54.0039],[46.0183,54.1894],[46.3794,54.2305],[46.719,54.3296],[46.5431,54.4063],[46.5333,54.5526],[46.4413,54.7722]]]},"properties":{"iso":"RUS","name":"Mordovia","country":"Rússia","code":"RU-MO"}},
{"type":"Feature","geometry":{"type":"Polygon","coordinates":[[[33.5012,54.0158],[33.6823,54.0264],[33.8598,53.8787],[34.1992,53.8916],[34.4895,53.6665],[34.4882,53.5441],[34.6726,53.3901],[35.0174,53.3808],[35.1035,53.3108],[35.3557,53.2842],[35.4221,53.4043],[35.6371,53.5432],[35.7658,53.5191],[35.9106,53.644],[36.0096,53.6183],[35.9315,53.7861],[35.9887,53.9163],[36.1113,53.961],[36.2372,54.2291],[36.7145,54.3172],[36.8914,54.2832],[36.9654,54.3958],[36.8484,54.4722],[36.805,54.6099],[37.0886,54.5488],[37.2076,54.6877],[37.259,54.8358],[37.12,54.9908],[37.0842,55.0958],[36.9043,55.2291],[36.4229,55.3187],[36.238,55.1937],[35.5786,55.2905],[35.3697,55.2388],[35.2845,55.1121],[34.8173,54.7094],[34.4996,54.632],[34.4158,54.4508],[34.3261,54.4296],[34.1075,54.5503],[33.7287,54.5617],[33.6167,54.381],[33.6837,54.3213],[33.5012,54.0158]]]},"properties":{"iso":"RUS","name":"Kaluga","country":"Rússia","code":"RU-KLU"}},
{"type":"Feature","geometry":{"type":"Polygon","coordinates":[[[40.926,58.5791],[41.1639,58.3609],[40.8888,58.1982],[40.8847,58.1255],[40.6264,57.9404],[40.6226,57.6549],[40.3852,57.4976],[40.4452,57.2763],[40.5707,57.3164],[41.0729,57.3475],[41.6044,57.5242],[41.5672,57.7042],[41.886,57.6856],[42.0259,57.589],[42.1862,57.5598],[42.404,57.6326],[42.851,57.6671],[42.8533,57.3943],[43.2635,57.4244],[43.3123,57.5171],[43.5424,57.5669],[43.7274,57.4658],[43.9954,57.4395],[44.3032,57.517],[44.6123,57.7067],[44.7277,57.7036],[44.8646,57.8798],[44.7927,57.955],[44.8626,58.0754],[45.155,58.0798],[45.4621,58.0353],[45.5565,57.9385],[45.8172,58.0471],[46.3413,58.0746],[46.4237,58.3469],[46.6873,58.5669],[46.9472,58.6066],[47.1199,58.775],[47.3129,58.8069],[47.2819,58.893],[47.6022,58.9067],[47.5709,59.0599],[47.2392,59.2202],[47.2524,59.3555],[47.0563,59.3785],[47.1135,59.6113],[46.4064,59.6325],[46.3563,59.347],[46.0036,59.2821],[45.9183,59.1844],[45.3662,59.1985],[45.0911,59.1842],[44.9911,59.1216],[44.207,59.1717],[43.498,59.2943],[43.2941,59.2181],[43.1506,59.2614],[42.7996,59.1704],[42.6315,59.3082],[42.197,59.3035],[42.0119,59.1183],[41.5219,59.0369],[41.2454,58.9023],[41.2176,58.7401],[40.926,58.5791]]]},"properties":{"iso":"RUS","name":"Kostroma","country":"Rússia","code":"RU-KOS"}},
{"type":"Feature","geometry":{"type":"Polygon","coordinates":[[[40.926,58.5791],[40.5651,58.5905],[40.1608,58.5586],[39.969,58.7595],[39.6195,58.8945],[39.1188,58.9538],[38.9159,58.7444],[38.55,58.7772],[38.4782,58.706],[38.0476,58.7357],[37.9409,58.6413],[37.7166,58.6217],[37.6263,58.4902],[37.4491,58.4075],[37.3497,58.239],[37.6735,58.083],[37.3665,57.9771],[37.3909,57.828],[37.81,57.608],[37.7943,57.4426],[37.9842,57.3592],[38.3064,57.2763],[38.1429,57.197],[38.2498,57.1288],[38.1993,56.8942],[38.2565,56.7702],[38.3741,56.6966],[38.6292,56.581],[38.8474,56.5976],[39,56.5428],[39.3098,56.6844],[39.4172,56.7721],[39.3868,56.8354],[39.5202,57.0269],[39.844,57.1289],[39.8417,57.1768],[40.1925,57.2128],[40.4452,57.2763],[40.3852,57.4976],[40.6226,57.6549],[40.6264,57.9404],[40.8847,58.1255],[40.8888,58.1982],[41.1639,58.3609],[40.926,58.5791]]]},"properties":{"iso":"RUS","name":"Yaroslavl'","country":"Rússia","code":"RU-YAR"}},
{"type":"Feature","geometry":{"type":"Polygon","coordinates":[[[38.3741,56.6966],[38.3296,56.5623],[38.4124,56.369],[38.4028,56.2642],[38.5623,56.0832],[38.6056,55.9589],[38.8394,55.9009],[39.0158,55.9252],[39.1231,55.8298],[39.3581,55.761],[39.8231,55.8328],[40.085,55.6126],[40.2065,55.3093],[40.5168,55.3277],[40.6115,55.2071],[40.9646,55.2604],[41.0466,55.1832],[41.2103,55.2212],[41.4116,55.131],[41.7832,55.1191],[41.933,55.3299],[42.117,55.4217],[42.0557,55.6129],[42.281,55.77],[42.4864,55.8519],[42.565,55.9691],[42.6941,56.0028],[42.7608,56.3061],[42.5879,56.4202],[42.2886,56.4713],[42.0664,56.3684],[41.9339,56.5168],[41.0528,56.4751],[40.7147,56.5985],[40.4908,56.5838],[40.1559,56.4343],[39.9426,56.5299],[39.8588,56.7796],[39.6794,56.8218],[39.4172,56.7721],[39.3098,56.6844],[39,56.5428],[38.8474,56.5976],[38.6292,56.581],[38.3741,56.6966]]]},"properties":{"iso":"RUS","name":"Vladimir","country":"Rússia","code":"RU-VLA"}},
{"type":"Feature","geometry":{"type":"Polygon","coordinates":[[[40.1602,53.3422],[40.3175,53.3562],[40.7384,53.56],[40.8395,53.4875],[41.0213,53.4895],[41.1744,53.4337],[41.3537,53.5563],[41.4001,53.7832],[41.7483,53.8235],[42.1344,53.8122],[42.3077,53.8475],[42.596,54.1765],[42.4628,54.2539],[42.5566,54.4922],[42.6993,54.5824],[42.3905,54.807],[42.4668,54.8713],[42.4397,55.013],[42.1667,54.949],[41.7832,55.1191],[41.4116,55.131],[41.2103,55.2212],[41.0466,55.1832],[40.9646,55.2604],[40.6115,55.2071],[40.5168,55.3277],[40.2065,55.3093],[40.0014,55.2004],[39.8882,55.0813],[39.6845,55.0207],[39.3977,54.8761],[39.2157,54.6322],[38.8204,54.6019],[38.7977,54.4512],[38.6751,54.2447],[38.7137,54.0013],[38.9093,53.7534],[38.8954,53.5652],[39.0415,53.5496],[39.1618,53.3946],[39.4154,53.4136],[39.5115,53.5254],[39.7402,53.5883],[39.9068,53.4985],[39.9179,53.4162],[40.1602,53.3422]]]},"properties":{"iso":"RUS","name":"Ryazan'","country":"Rússia","code":"RU-RYA"}},
{"type":"Feature","geometry":{"type":"Polygon","coordinates":[[[40.4452,57.2763],[40.1925,57.2128],[39.8417,57.1768],[39.844,57.1289],[39.5202,57.0269],[39.3868,56.8354],[39.4172,56.7721],[39.6794,56.8218],[39.8588,56.7796],[39.9426,56.5299],[40.1559,56.4343],[40.4908,56.5838],[40.7147,56.5985],[41.0528,56.4751],[41.9339,56.5168],[42.0664,56.3684],[42.2886,56.4713],[42.5879,56.4202],[42.648,56.4806],[42.8819,56.4716],[42.7866,56.669],[42.83,56.8023],[42.9776,56.8418],[43.339,56.8607],[43.5013,56.9064],[43.6696,57.0427],[43.5143,57.1176],[43.5386,57.2618],[43.6888,57.2792],[43.7274,57.4658],[43.5424,57.5669],[43.3123,57.5171],[43.2635,57.4244],[42.8533,57.3943],[42.851,57.6671],[42.404,57.6326],[42.1862,57.5598],[42.0259,57.589],[41.886,57.6856],[41.5672,57.7042],[41.6044,57.5242],[41.0729,57.3475],[40.5707,57.3164],[40.4452,57.2763]]]},"properties":{"iso":"RUS","name":"Ivanovo","country":"Rússia","code":"RU-IVA"}},
{"type":"Feature","geometry":{"type":"Polygon","coordinates":[[[46.0557,55.0421],[46.0979,55.2042],[46.2286,55.2733],[46.2535,55.3854],[46.3841,55.4631],[46.1397,55.5238],[45.9201,55.688],[46.0938,55.808],[46.0988,55.9408],[46.214,56.0498],[46.0677,56.1819],[45.8738,56.2588],[45.949,56.4332],[45.6627,56.4609],[45.651,56.5908],[45.8589,56.6291],[45.9586,56.8721],[46.601,56.92],[46.7149,56.9663],[46.7626,57.0302],[46.6952,57.3205],[46.7501,57.5173],[47.0542,57.4983],[47.2487,57.5673],[47.471,57.5285],[47.5721,57.8104],[47.7623,57.876],[47.7031,57.9584],[47.3542,58.0255],[46.4299,58.0205],[46.3413,58.0746],[45.8172,58.0471],[45.5565,57.9385],[45.4621,58.0353],[45.155,58.0798],[44.8626,58.0754],[44.7927,57.955],[44.8646,57.8798],[44.7277,57.7036],[44.6123,57.7067],[44.3032,57.517],[43.9954,57.4395],[43.7274,57.4658],[43.6888,57.2792],[43.5386,57.2618],[43.5143,57.1176],[43.6696,57.0427],[43.5013,56.9064],[43.339,56.8607],[42.9776,56.8418],[42.83,56.8023],[42.7866,56.669],[42.8819,56.4716],[42.648,56.4806],[42.5879,56.4202],[42.7608,56.3061],[42.6941,56.0028],[42.565,55.9691],[42.4864,55.8519],[42.281,55.77],[42.0557,55.6129],[42.117,55.4217],[41.933,55.3299],[41.7832,55.1191],[42.1667,54.949],[42.4397,55.013],[42.4668,54.8713],[42.6364,54.7867],[43.0977,54.7988],[43.1552,54.9027],[43.369,54.9497],[43.6105,54.9011],[43.6895,54.8306],[43.9491,54.807],[44.0914,54.7337],[44.1072,54.6458],[44.5398,54.5304],[44.5974,54.5796],[44.9172,54.4762],[45.0914,54.6589],[45.0411,54.7144],[45.2662,54.8728],[45.4244,54.8818],[45.4391,55.0332],[45.6047,55.1638],[45.7103,55.1768],[45.8153,54.9997],[46.0557,55.0421]]]},"properties":{"iso":"RUS","name":"Nizhegorod","country":"Rússia","code":"RU-NIZ"}},
{"type":"Feature","geometry":{"type":"Polygon","coordinates":[[[38.8954,53.5652],[38.9093,53.7534],[38.7137,54.0013],[38.6751,54.2447],[38.5212,54.2888],[38.3904,54.4686],[38.4622,54.6403],[38.0393,54.7137],[37.9386,54.8323],[37.7499,54.8203],[37.5643,54.7365],[37.4608,54.8223],[37.259,54.8358],[37.2076,54.6877],[37.0886,54.5488],[36.805,54.6099],[36.8484,54.4722],[36.9654,54.3958],[36.8914,54.2832],[36.7145,54.3172],[36.2372,54.2291],[36.1113,53.961],[35.9887,53.9163],[35.9315,53.7861],[36.0096,53.6183],[36.2202,53.5703],[36.398,53.4285],[36.6668,53.4159],[36.8073,53.2966],[37.1969,53.2507],[37.3272,53.3032],[37.5683,53.289],[37.5613,53.1688],[37.7874,53.0889],[37.841,53.0085],[37.9124,53.0726],[38.1077,53.059],[38.3066,52.9741],[38.6327,53.1232],[38.5954,53.2403],[38.4773,53.31],[38.7617,53.382],[38.6972,53.5001],[38.8954,53.5652]]]},"properties":{"iso":"RUS","name":"Tula","country":"Rússia","code":"RU-TUL"}},
{"type":"Feature","geometry":{"type":"Polygon","coordinates":[[[48.4124,55.8294],[48.024,55.9366],[47.9051,56.1138],[47.4367,56.1885],[47.3847,56.3301],[47.0557,56.2877],[46.658,56.1195],[46.4024,56.1192],[46.214,56.0498],[46.0988,55.9408],[46.0938,55.808],[45.9201,55.688],[46.1397,55.5238],[46.3841,55.4631],[46.2535,55.3854],[46.2286,55.2733],[46.0979,55.2042],[46.0557,55.0421],[46.4147,54.8954],[46.4413,54.7722],[46.8691,54.6317],[47.063,54.6902],[47.2419,54.6777],[47.4872,54.8576],[47.7288,54.8313],[47.8031,54.9448],[47.9963,54.9682],[48.0747,55.1084],[48.0166,55.2763],[47.8341,55.3421],[47.9738,55.4995],[48.025,55.6305],[48.2054,55.6936],[48.4124,55.8294]]]},"properties":{"iso":"RUS","name":"Chuvash","country":"Rússia","code":"RU-CU"}},
{"type":"Feature","geometry":{"type":"Polygon","coordinates":[[[35.6039,61.1883],[35.686,61.1209],[35.4399,60.8616],[35.1541,60.7873],[35.2586,60.5853],[35.2311,60.3412],[35.1474,60.2688],[35.1571,60.067],[35.3825,59.8754],[35.4958,59.5535],[35.4485,59.4277],[35.3012,59.301],[34.9005,59.2379],[34.7299,59.1032],[34.8315,58.991],[35.1308,58.9373],[35.1246,58.815],[35.2657,58.7648],[35.3985,58.8435],[35.7512,58.8265],[35.8361,58.7447],[36.1263,58.6955],[36.1733,58.525],[36.3236,58.4998],[36.5206,58.5585],[36.8156,58.7582],[36.8642,58.8428],[37.1222,58.866],[37.1875,58.7709],[37.6263,58.4902],[37.7166,58.6217],[37.9409,58.6413],[38.0476,58.7357],[38.4782,58.706],[38.55,58.7772],[38.9159,58.7444],[39.1188,58.9538],[39.6195,58.8945],[39.969,58.7595],[40.1608,58.5586],[40.5651,58.5905],[40.926,58.5791],[41.2176,58.7401],[41.2454,58.9023],[41.5219,59.0369],[42.0119,59.1183],[42.197,59.3035],[42.6315,59.3082],[42.7996,59.1704],[43.1506,59.2614],[43.2941,59.2181],[43.498,59.2943],[44.207,59.1717],[44.9911,59.1216],[45.0911,59.1842],[45.3662,59.1985],[45.9183,59.1844],[46.0036,59.2821],[46.3563,59.347],[46.4064,59.6325],[47.1135,59.6113],[47.1126,59.7527],[46.9226,59.8439],[47.0364,60.0995],[46.6085,60.0673],[46.4041,60.1068],[46.4408,60.2714],[46.7495,60.2611],[46.8625,60.5073],[47.0488,60.5752],[46.9591,60.6602],[47.0429,60.8538],[46.7533,60.9071],[46.7365,60.9861],[46.5271,61.0513],[46.2851,60.9678],[45.7666,61.0546],[45.7227,61.1794],[45.3324,61.1893],[45.2291,60.9039],[44.2058,60.9718],[44.1585,61.0824],[43.776,61.0208],[43.7154,60.8845],[43.5109,60.7675],[43.1499,60.806],[43.0488,60.7402],[42.8231,60.8553],[42.6505,60.8631],[42.3948,60.7694],[41.8009,60.899],[41.3941,60.858],[41.3399,60.676],[41.0593,60.6497],[40.8191,60.711],[40.5344,60.7246],[39.9235,60.6519],[39.6482,60.746],[39.3382,60.684],[39.0682,60.7141],[38.9477,60.8027],[38.7895,60.7128],[38.6327,60.7232],[38.4185,60.874],[38.213,60.924],[38.1663,61.1331],[37.9632,61.1602],[37.8574,61.2846],[37.7729,61.5221],[37.2783,61.5005],[36.9964,61.5944],[36.5776,61.5295],[36.4668,61.4066],[35.6039,61.1883]]]},"properties":{"iso":"RUS","name":"Vologda","country":"Rússia","code":"RU-VLG"}},
{"type":"Feature","geometry":{"type":"Polygon","coordinates":[[[31.0001,56.9652],[31.5456,56.9398],[31.7221,57.1057],[31.9668,57.1168],[32.2721,57.1952],[32.6681,57.3462],[32.8073,57.46],[33.2162,57.4539],[33.3249,57.6546],[33.5368,57.7197],[33.5805,57.8577],[33.7012,57.9267],[33.545,58.0472],[33.7188,58.158],[33.8695,58.1442],[34.1417,58.208],[34.4885,58.1464],[34.7856,58.2418],[35.0348,58.1995],[35.2691,58.2713],[35.3945,58.4315],[35.9349,58.4233],[36.1733,58.525],[36.1263,58.6955],[35.8361,58.7447],[35.7512,58.8265],[35.3985,58.8435],[35.2657,58.7648],[35.1246,58.815],[35.1308,58.9373],[34.8315,58.991],[34.7299,59.1032],[34.5677,59.1081],[34.2475,59.1976],[34.0998,59.1447],[33.855,59.1984],[33.5203,59.373],[33.2457,59.3263],[32.9548,59.4218],[32.584,59.1805],[32.2915,59.2072],[32.1241,59.3943],[31.8821,59.3755],[31.8267,59.3145],[31.5631,59.3684],[31.4525,59.092],[31.2579,58.9808],[31.1598,59.0725],[30.728,58.8286],[30.6874,58.7458],[30.4125,58.7109],[30.1006,58.7296],[30.1672,58.5331],[29.975,58.4447],[29.6585,58.2436],[29.6794,58.0773],[29.8203,58.0835],[29.9505,57.944],[30.53,57.8866],[30.4721,57.6822],[30.6088,57.6174],[30.4928,57.4876],[30.5156,57.3181],[30.7731,57.2577],[30.6468,57.1908],[30.6448,56.9819],[31.0001,56.9652]]]},"properties":{"iso":"RUS","name":"Novgorod","country":"Rússia","code":"RU-NGR"}},
{"type":"Feature","geometry":{"type":"Polygon","coordinates":[[[31.4674,55.729],[31.7549,55.7144],[31.8936,55.7705],[32.0937,55.6741],[32.7218,55.6897],[32.9393,55.6318],[33.1879,55.6525],[33.5053,55.7552],[33.8381,55.9495],[33.9166,56.0731],[34.2007,56.0745],[34.6309,55.9179],[35.0315,55.9844],[35.1741,55.9483],[35.3172,56.054],[35.6451,56.4741],[35.7829,56.392],[35.9825,56.3872],[36.537,56.4754],[36.8329,56.5832],[37.0554,56.5176],[37.1349,56.5603],[37.231,56.7729],[37.4989,56.7848],[37.6564,56.9435],[37.9744,56.8538],[38.0147,56.7736],[38.2565,56.7702],[38.1993,56.8942],[38.2498,57.1288],[38.1429,57.197],[38.3064,57.2763],[37.9842,57.3592],[37.7943,57.4426],[37.81,57.608],[37.3909,57.828],[37.3665,57.9771],[37.6735,58.083],[37.3497,58.239],[37.4491,58.4075],[37.6263,58.4902],[37.1875,58.7709],[37.1222,58.866],[36.8642,58.8428],[36.8156,58.7582],[36.5206,58.5585],[36.3236,58.4998],[36.1733,58.525],[35.9349,58.4233],[35.3945,58.4315],[35.2691,58.2713],[35.0348,58.1995],[34.7856,58.2418],[34.4885,58.1464],[34.1417,58.208],[33.8695,58.1442],[33.7188,58.158],[33.545,58.0472],[33.7012,57.9267],[33.5805,57.8577],[33.5368,57.7197],[33.3249,57.6546],[33.2162,57.4539],[32.8073,57.46],[32.6681,57.3462],[32.2721,57.1952],[31.9668,57.1168],[31.7221,57.1057],[31.5456,56.9398],[31.0001,56.9652],[30.8963,56.8967],[30.8168,56.7203],[31.0801,56.6228],[31.0166,56.5191],[31.2154,56.4354],[31.2311,56.3462],[31.4915,56.3013],[31.4975,56.0289],[31.3447,55.964],[31.4674,55.729]]]},"properties":{"iso":"RUS","name":"Tver'","country":"Rússia","code":"RU-TVE"}},
{"type":"Feature","geometry":{"type":"Polygon","coordinates":[[[35.3697,55.2388],[35.5786,55.2905],[36.238,55.1937],[36.4229,55.3187],[36.9043,55.2291],[37.0145,55.3012],[36.914,55.4259],[37.1749,55.4478],[37.2106,55.6016],[37.4141,55.6599],[37.3482,55.744],[37.4311,55.8777],[37.6115,55.9037],[37.8005,55.8377],[37.8127,55.6494],[37.6591,55.5689],[37.5656,55.3585],[37.463,55.379],[37.4248,55.1842],[37.12,54.9908],[37.259,54.8358],[37.4608,54.8223],[37.5643,54.7365],[37.7499,54.8203],[37.9386,54.8323],[38.0393,54.7137],[38.4622,54.6403],[38.3904,54.4686],[38.5212,54.2888],[38.6751,54.2447],[38.7977,54.4512],[38.8204,54.6019],[39.2157,54.6322],[39.3977,54.8761],[39.6845,55.0207],[39.8882,55.0813],[40.0014,55.2004],[40.2065,55.3093],[40.085,55.6126],[39.8231,55.8328],[39.3581,55.761],[39.1231,55.8298],[39.0158,55.9252],[38.8394,55.9009],[38.6056,55.9589],[38.5623,56.0832],[38.4028,56.2642],[38.4124,56.369],[38.3296,56.5623],[38.3741,56.6966],[38.2565,56.7702],[38.0147,56.7736],[37.9744,56.8538],[37.6564,56.9435],[37.4989,56.7848],[37.231,56.7729],[37.1349,56.5603],[37.0554,56.5176],[36.8329,56.5832],[36.537,56.4754],[35.9825,56.3872],[35.7829,56.392],[35.6451,56.4741],[35.3172,56.054],[35.1741,55.9483],[35.3535,55.7794],[35.3971,55.6171],[35.3031,55.5712],[35.3012,55.2991],[35.3697,55.2388]]]},"properties":{"iso":"RUS","name":"Moskovskaya","country":"Rússia","code":"RU-MOW"}},
{"type":"Feature","geometry":{"type":"Polygon","coordinates":[[[37.12,54.9908],[37.4248,55.1842],[37.463,55.379],[37.5656,55.3585],[37.6591,55.5689],[37.8127,55.6494],[37.8005,55.8377],[37.6115,55.9037],[37.4311,55.8777],[37.3482,55.744],[37.4141,55.6599],[37.2106,55.6016],[37.1749,55.4478],[36.914,55.4259],[37.0145,55.3012],[36.9043,55.2291],[37.0842,55.0958],[37.12,54.9908]]]},"properties":{"iso":"RUS","name":"Moskva","country":"Rússia","code":"RU-MOS"}},
{"type":"Feature","geometry":{"type":"Polygon","coordinates":[[[50.072,56.6227],[50.1013,56.7924],[50.0169,56.8637],[49.7418,56.8995],[49.6998,57.0734],[49.285,57.0391],[49.1497,57.1502],[49.213,57.2915],[49.0348,57.2882],[48.9606,57.0893],[48.8223,57.1635],[48.293,57.1633],[48.2023,57.0281],[47.9098,56.9826],[47.7699,57.0601],[47.509,56.8934],[47.1741,56.8141],[47.161,56.9012],[46.7149,56.9663],[46.601,56.92],[45.9586,56.8721],[45.8589,56.6291],[45.651,56.5908],[45.6627,56.4609],[45.949,56.4332],[45.8738,56.2588],[46.0677,56.1819],[46.214,56.0498],[46.4024,56.1192],[46.658,56.1195],[47.0557,56.2877],[47.3847,56.3301],[47.4367,56.1885],[47.9051,56.1138],[48.024,55.9366],[48.4124,55.8294],[48.401,55.8878],[48.6941,55.9646],[49.0157,56.2327],[49.037,56.3579],[49.2759,56.3532],[49.7645,56.5359],[49.885,56.4418],[50.1799,56.5495],[50.072,56.6227]]]},"properties":{"iso":"RUS","name":"Mariy-El","country":"Rússia","code":"RU-ME"}},
{"type":"Feature","geometry":{"type":"Polygon","coordinates":[[[47.0429,60.8538],[46.9591,60.6602],[47.0488,60.5752],[46.8625,60.5073],[46.7495,60.2611],[46.4408,60.2714],[46.4041,60.1068],[46.6085,60.0673],[47.0364,60.0995],[46.9226,59.8439],[47.1126,59.7527],[47.1135,59.6113],[47.0563,59.3785],[47.2524,59.3555],[47.2392,59.2202],[47.5709,59.0599],[47.6022,58.9067],[47.2819,58.893],[47.3129,58.8069],[47.1199,58.775],[46.9472,58.6066],[46.6873,58.5669],[46.4237,58.3469],[46.3413,58.0746],[46.4299,58.0205],[47.3542,58.0255],[47.7031,57.9584],[47.7623,57.876],[47.5721,57.8104],[47.471,57.5285],[47.2487,57.5673],[47.0542,57.4983],[46.7501,57.5173],[46.6952,57.3205],[46.7626,57.0302],[46.7149,56.9663],[47.161,56.9012],[47.1741,56.8141],[47.509,56.8934],[47.7699,57.0601],[47.9098,56.9826],[48.2023,57.0281],[48.293,57.1633],[48.8223,57.1635],[48.9606,57.0893],[49.0348,57.2882],[49.213,57.2915],[49.1497,57.1502],[49.285,57.0391],[49.6998,57.0734],[49.7418,56.8995],[50.0169,56.8637],[50.1013,56.7924],[50.072,56.6227],[50.3496,56.6695],[50.5861,56.3665],[51.0731,56.1305],[51.2244,56.0999],[51.4365,56.1444],[51.4204,56.2836],[51.1453,56.5147],[51.2057,56.6703],[51.3786,56.6799],[51.5405,56.883],[51.3589,56.9273],[51.2275,57.0675],[51.1204,57.2655],[51.1814,57.4466],[51.6009,57.457],[51.8621,57.6473],[51.9239,57.8169],[51.8846,57.9864],[51.6735,58.1661],[51.7961,58.3613],[51.971,58.4641],[52.8701,58.4106],[52.9213,58.5343],[53.13,58.5371],[53.3395,58.3886],[53.4984,58.4503],[53.7846,58.4399],[53.7047,58.595],[53.7501,58.6968],[53.922,58.7828],[53.7265,58.9168],[53.8765,59.0928],[53.4337,59.1438],[53.3346,59.1852],[53.2058,59.364],[53.3543,59.5008],[53.4184,59.6785],[53.5921,59.7085],[53.7065,60.0012],[53.6076,60.1427],[53.3581,60.1665],[52.4538,60.2005],[52.2978,60.2416],[52.0609,60.3169],[51.9004,60.2442],[51.8022,60.1152],[51.5213,59.9462],[51.3072,60.028],[51.0754,60.0607],[50.8301,59.8708],[50.3864,59.8395],[50.0404,59.6819],[49.834,59.6381],[49.7949,59.2331],[49.5273,59.2351],[49.5249,59.3975],[49.1514,59.5055],[49.0726,59.6596],[48.5076,59.7151],[48.4561,60.1153],[48.4972,60.2183],[48.7547,60.3612],[48.5186,60.4765],[48.5384,60.5644],[48.419,60.8538],[47.9842,60.8965],[47.9655,60.9994],[47.5685,61.0591],[47.2448,61.0562],[47.0429,60.8538]]]},"properties":{"iso":"RUS","name":"Kirov","country":"Rússia","code":"RU-KIR"}},
{"type":"Feature","geometry":{"type":"Polygon","coordinates":[[[54.3525,56.3585],[54.1683,56.5345],[53.8691,56.7132],[54.0884,56.7712],[54.0986,56.9659],[54.3411,57.0119],[54.2947,57.0836],[54.3143,57.2905],[54.1582,57.3143],[54.1885,57.4627],[54.096,57.6074],[54.1563,57.7062],[54.0872,57.9942],[53.8102,58.2281],[53.886,58.3191],[53.7846,58.4399],[53.4984,58.4503],[53.3395,58.3886],[53.13,58.5371],[52.9213,58.5343],[52.8701,58.4106],[51.971,58.4641],[51.7961,58.3613],[51.6735,58.1661],[51.8846,57.9864],[51.9239,57.8169],[51.8621,57.6473],[51.6009,57.457],[51.1814,57.4466],[51.1204,57.2655],[51.2275,57.0675],[51.3589,56.9273],[51.5405,56.883],[51.3786,56.6799],[51.2057,56.6703],[51.1453,56.5147],[51.4204,56.2836],[51.4365,56.1444],[51.3991,55.9936],[52.0645,55.8961],[52.242,55.9645],[52.1954,56.0771],[52.6553,56.0178],[52.8392,56.1631],[52.562,56.2594],[52.7332,56.3784],[52.9081,56.4159],[52.9345,56.5381],[53.0801,56.5266],[52.945,56.3661],[52.9582,56.2522],[53.2731,56.0847],[53.4272,56.2765],[53.564,56.1811],[53.2765,55.9353],[53.2891,55.8583],[53.6317,55.9067],[53.8378,56.0386],[54.0468,56.058],[54.1172,56.1582],[54.3458,56.2526],[54.3525,56.3585]]]},"properties":{"iso":"RUS","name":"Udmurt","country":"Rússia","code":"RU-UD"}},
{"type":"Feature","geometry":{"type":"Polygon","coordinates":[[[65.4805,68.4304],[64.7451,68.4045],[64.5228,68.3438],[64.5303,68.2001],[63.829,68.0172],[63.9442,67.8837],[63.6897,67.7621],[63.4453,67.771],[62.8712,67.5796],[62.8213,67.388],[61.8505,67.1261],[61.6948,67.03],[61.4317,66.9997],[60.082,66.9899],[58.7896,66.9997],[53.7725,66.9985],[52.2455,67.0891],[51.4946,66.9074],[51.5102,66.7833],[49.006,66.1191],[48.9894,65.2685],[49.5674,65.2921],[49.6632,65.2546],[50.063,64.8902],[50.4674,64.7916],[50.3484,64.5377],[50.2733,64.5129],[49.6267,64.5917],[49.4501,64.463],[48.95,64.4906],[48.8402,64.3573],[48.5183,64.3555],[48.4083,64.2242],[48.1962,64.2389],[48.1158,64.3481],[46.6115,64.3266],[46.3229,64.2647],[45.8245,64.2836],[45.4422,64.1875],[45.593,64.0639],[45.8836,63.9643],[46.4358,63.8877],[46.8192,63.747],[47.0262,63.5306],[46.9366,63.3519],[47.0909,63.2465],[47.5546,63.1485],[47.3995,62.9548],[47.0826,62.8396],[47.2377,62.6357],[47.2349,62.3515],[47.3863,62.3204],[47.4134,62.1928],[47.621,62.1855],[47.7511,62.3218],[48.2908,62.3216],[48.2368,62.473],[48.3661,62.7293],[48.6286,62.7058],[48.7145,62.8155],[48.8751,62.8291],[49.609,62.7702],[49.3694,62.1494],[49.2127,62.0911],[49.0516,61.691],[49.4614,61.5861],[49.3022,61.1762],[48.8887,61.1412],[48.5093,61.0477],[48.419,60.8538],[48.5384,60.5644],[48.5186,60.4765],[48.7547,60.3612],[48.4972,60.2183],[48.4561,60.1153],[48.5076,59.7151],[49.0726,59.6596],[49.1514,59.5055],[49.5249,59.3975],[49.5273,59.2351],[49.7949,59.2331],[49.834,59.6381],[50.0404,59.6819],[50.3864,59.8395],[50.8301,59.8708],[51.0754,60.0607],[51.3072,60.028],[51.5213,59.9462],[51.8022,60.1152],[51.9004,60.2442],[52.0609,60.3169],[52.2978,60.2416],[52.3239,60.4321],[52.1338,60.5468],[51.7742,60.6056],[51.8898,60.8758],[52.3548,60.8439],[52.4423,60.9796],[52.7898,60.9489],[52.8765,61.0938],[53.3487,61.0373],[53.354,60.8934],[53.7911,60.8478],[53.8535,60.9802],[54.9795,60.8638],[55.0621,61.009],[55.2137,61.019],[55.3156,61.123],[55.6902,61.0862],[55.8411,61.2496],[56.2574,61.2063],[56.3908,61.4202],[56.7024,61.5248],[57.086,61.488],[57.2044,61.5109],[58.6915,61.5027],[59.0233,61.5524],[59.3487,61.6822],[59.3451,61.8566],[59.4854,61.9933],[59.4041,62.108],[59.6437,62.5103],[59.5265,62.5414],[59.3941,62.7314],[59.4831,62.8924],[59.2781,62.9702],[59.2317,63.0891],[59.3296,63.2739],[59.2922,63.3422],[59.4938,63.6105],[59.5844,63.9383],[59.8381,64.0801],[59.5884,64.2326],[59.6331,64.3437],[59.4842,64.4973],[59.7041,64.6677],[59.6476,64.7724],[60.1474,65.0648],[60.305,65.0714],[60.6765,64.9123],[60.8309,65.0514],[61.0028,65.0603],[61.2405,65.1919],[61.2631,65.3074],[61.5106,65.5005],[61.8819,65.7018],[62.0185,65.7171],[62.5041,65.8309],[62.8386,65.8693],[62.8702,66.0791],[63.3057,66.4002],[63.8085,66.5472],[63.9693,66.6463],[64.3156,66.6677],[64.5669,66.7936],[65.1162,66.9083],[65.0898,67.0541],[65.1902,67.145],[66.11,67.4888],[65.8312,67.6427],[66.2059,67.693],[66.0224,67.7942],[66.0831,67.9336],[65.4366,67.92],[65.2898,68.0123],[65.2727,68.2164],[65.4805,68.4304]]]},"properties":{"iso":"RUS","name":"Komi","country":"Rússia","code":"RU-KO"}},
{"type":"Feature","geometry":{"type":"Polygon","coordinates":[[[57.4084,56.3291],[57.3175,56.3734],[57.3576,56.6812],[57.2187,56.853],[57.323,56.9199],[57.5596,56.8883],[57.8246,56.9742],[58.0299,57.0994],[58.0386,57.2365],[57.938,57.332],[57.9951,57.4773],[58.2681,57.6698],[58.4365,57.676],[58.5798,57.5944],[58.8298,57.7262],[58.6046,57.9956],[58.6783,58.1071],[59.2025,58.3046],[59.2805,58.4128],[59.456,58.4928],[59.3876,58.7033],[59.0827,58.7693],[59.0911,59.022],[59.1753,59.1465],[59.0035,59.2306],[58.6695,59.2932],[58.4031,59.5523],[58.451,59.705],[58.5819,59.7158],[58.6751,59.8592],[58.805,59.8628],[59.1885,60.2779],[59.2393,60.4802],[59.3853,60.5735],[59.4677,60.8079],[59.3729,60.9705],[59.3585,61.1429],[59.261,61.2222],[59.4284,61.5069],[59.3487,61.6822],[59.0233,61.5524],[58.6915,61.5027],[57.2044,61.5109],[57.086,61.488],[56.7024,61.5248],[56.3908,61.4202],[56.2574,61.2063],[55.8411,61.2496],[55.6902,61.0862],[55.3156,61.123],[55.2137,61.019],[55.0621,61.009],[54.9795,60.8638],[53.8535,60.9802],[53.7911,60.8478],[53.354,60.8934],[53.3487,61.0373],[52.8765,61.0938],[52.7898,60.9489],[52.4423,60.9796],[52.3548,60.8439],[51.8898,60.8758],[51.7742,60.6056],[52.1338,60.5468],[52.3239,60.4321],[52.2978,60.2416],[52.4538,60.2005],[53.3581,60.1665],[53.6076,60.1427],[53.7065,60.0012],[53.5921,59.7085],[53.4184,59.6785],[53.3543,59.5008],[53.2058,59.364],[53.3346,59.1852],[53.4337,59.1438],[53.8765,59.0928],[53.7265,58.9168],[53.922,58.7828],[53.7501,58.6968],[53.7047,58.595],[53.7846,58.4399],[53.886,58.3191],[53.8102,58.2281],[54.0872,57.9942],[54.1563,57.7062],[54.096,57.6074],[54.1885,57.4627],[54.1582,57.3143],[54.3143,57.2905],[54.2947,57.0836],[54.3411,57.0119],[54.0986,56.9659],[54.0884,56.7712],[53.8691,56.7132],[54.1683,56.5345],[54.3525,56.3585],[54.5316,56.5149],[54.9182,56.392],[54.9684,56.3204],[55.4477,56.3407],[55.5481,56.3995],[55.8758,56.4367],[56.0733,56.2895],[56.2753,56.3051],[56.4025,56.3874],[56.8641,56.1081],[57.2135,56.182],[57.2735,56.3049],[57.4084,56.3291]]]},"properties":{"iso":"RUS","name":"Perm'","country":"Rússia","code":"RU-PER"}},
{"type":"Feature","geometry":{"type":"Polygon","coordinates":[[[52.5385,54.3773],[52.482,54.4672],[52.2227,54.4446],[52.0995,54.3885],[51.9327,54.4363],[51.936,54.5276],[51.6676,54.5671],[51.5135,54.6393],[51.3913,54.6015],[51.1688,54.6373],[51.0038,54.5392],[50.948,54.3476],[50.6969,54.4267],[50.5194,54.3298],[50.3842,54.4858],[50.0775,54.5165],[50.2562,54.3049],[50.1974,54.0381],[49.9791,53.9658],[49.9572,53.9068],[49.6245,53.8146],[49.4137,53.8683],[49.0293,53.8572],[48.8743,53.7164],[48.4911,53.7705],[48.4564,53.6658],[48.3313,53.6245],[48.3756,53.4712],[48.0568,53.4761],[47.9485,53.3587],[48.0345,53.3146],[48.2216,52.9989],[48.5217,52.9782],[48.5925,52.9194],[48.437,52.7804],[48.5239,52.6818],[48.9361,52.4752],[49.3437,52.4687],[49.4777,52.3314],[49.6278,52.3664],[49.8123,52.1931],[50.2215,52.1299],[50.2359,52.0351],[50.5174,51.9914],[50.7315,51.914],[50.767,51.7594],[51.4152,52.1027],[51.4129,52.35],[51.5627,52.4473],[51.4714,52.5691],[51.5452,52.6814],[51.7323,52.6684],[51.7151,52.8403],[52.0609,52.9997],[52.1926,53.3752],[52.0792,53.5012],[52.2535,53.6543],[52.4764,54.0771],[52.3393,54.1742],[52.2715,54.3266],[52.5385,54.3773]]]},"properties":{"iso":"RUS","name":"Samara","country":"Rússia","code":"RU-SAM"}},
{"type":"Feature","geometry":{"type":"Polygon","coordinates":[[[41.7294,44.4586],[41.9046,44.4948],[42.038,44.3639],[42.5555,44.2449],[42.3031,44.1285],[42.3781,43.9715],[42.497,44.0304],[42.6601,43.9167],[42.6832,43.8072],[42.8521,43.8171],[42.9751,43.891],[43.266,43.9098],[43.3,43.824],[43.5018,43.8666],[43.7287,43.8387],[43.9061,43.9942],[44.2585,43.9246],[44.2849,43.8189],[44.3993,43.7952],[44.6936,43.8299],[44.8035,43.8021],[44.8387,43.6611],[45,43.7046],[45.0799,43.7877],[45.0834,43.9528],[45.2374,43.8802],[45.4318,43.8786],[45.5094,44.0152],[45.5063,44.1905],[45.1241,44.2024],[45.1307,44.2683],[45.4045,44.3175],[45.3984,44.4444],[45.2374,44.4601],[45.2709,44.5906],[45.4349,44.6175],[45.614,44.766],[45.6211,44.899],[45.706,44.9758],[45.5862,45.1583],[44.7063,45.506],[44.421,45.5267],[44.1482,45.6525],[44.097,45.7739],[43.8776,45.9455],[43.3925,46.016],[43.2373,46.1124],[42.9914,46.1796],[42.8346,46.1558],[42.5335,45.9977],[42.3174,45.9808],[42.3397,46.1071],[42.1774,46.0991],[42.1497,45.949],[41.7126,45.996],[41.4201,45.9948],[41.3754,45.9468],[41.1624,45.9536],[41.2606,45.872],[41.2744,45.7541],[41.1722,45.7016],[40.8703,45.6959],[40.8408,45.5388],[41.0081,45.3848],[41.0383,45.2182],[41.3596,45.212],[41.3471,45.1219],[41.4693,44.987],[41.6415,44.981],[41.651,44.8966],[41.5384,44.7363],[41.4175,44.7078],[41.5666,44.546],[41.7294,44.4586]]]},"properties":{"iso":"RUS","name":"Stavropol'","country":"Rússia","code":"RU-STA"}},
{"type":"Feature","geometry":{"type":"Polygon","coordinates":[[[39.7515,45.1265],[39.6416,45.193],[39.3242,45.0012],[39.0423,44.9659],[38.921,45.0165],[38.7604,44.9386],[39.0638,44.8103],[39.5527,44.8065],[39.6316,44.8576],[39.4893,44.9666],[39.6392,45.034],[39.7503,44.9347],[39.8838,45.0074],[40.0198,44.7238],[39.9149,44.6986],[39.9148,44.5829],[39.7926,44.3571],[39.9709,44.256],[40.0782,44.2442],[39.9885,44.0776],[39.8003,44.1898],[39.7297,43.918],[39.9305,43.8981],[40.279,43.7512],[40.3364,43.7692],[40.4552,43.981],[40.3834,44.0334],[40.3665,44.1981],[40.4365,44.2844],[40.4064,44.4993],[40.3271,44.564],[40.3936,44.7253],[40.6245,44.767],[40.5276,44.9152],[40.1742,45.1096],[39.9643,45.0748],[39.7515,45.1265]]]},"properties":{"iso":"RUS","name":"Adygey","country":"Rússia","code":"RU-AD"}},
{"type":"Feature","geometry":{"type":"Polygon","coordinates":[[[-100.6236,18.8706],[-100.4552,18.8436],[-100.4329,18.6474],[-100.3495,18.5327],[-100.3665,18.4554],[-100.2748,18.392],[-100.1479,18.4913],[-100.0712,18.6096],[-99.7473,18.6918],[-99.6603,18.7638],[-99.4955,18.6741],[-99.4724,18.8005],[-99.3076,18.9348],[-99.3335,19.0298],[-99.2851,19.1424],[-99.3329,19.2977],[-99.2597,19.3609],[-99.1237,19.5711],[-98.9587,19.2614],[-98.964,19.0891],[-98.8401,19.0446],[-98.8149,18.9743],[-98.6464,19.0236],[-98.6328,19.1896],[-98.6717,19.3899],[-98.6409,19.4619],[-98.6595,19.5855],[-98.6051,19.741],[-98.6977,19.8504],[-98.8348,19.8864],[-98.9663,19.8215],[-98.9426,19.9904],[-99.0177,20.0421],[-99.2021,19.9791],[-99.3866,19.7563],[-99.4472,19.9102],[-99.5186,19.9531],[-99.4858,20.061],[-99.5487,20.1576],[-99.7165,20.1838],[-99.8441,20.3089],[-100.1228,19.938],[-100.2145,19.565],[-100.1586,19.4198],[-100.3301,19.3229],[-100.2988,19.2585],[-100.6236,18.8706]]]},"properties":{"iso":"MEX","name":"México","country":"México","code":"MX-MEX"}},
{"type":"Feature","geometry":{"type":"Polygon","coordinates":[[[-98.0002,20.4845],[-98.1594,20.3297],[-98.101,20.0862],[-98.245,19.8713],[-98.1431,19.6728],[-97.9408,19.5798],[-97.8445,19.4363],[-97.759,19.4479],[-97.6412,19.3728],[-97.6681,19.2839],[-97.8276,19.3114],[-97.8467,19.2119],[-97.9291,19.1585],[-98.0501,19.2092],[-98.1935,19.1065],[-98.3517,19.2414],[-98.4659,19.4383],[-98.6409,19.4619],[-98.6717,19.3899],[-98.6328,19.1896],[-98.6464,19.0236],[-98.6582,18.8913],[-98.7334,18.8119],[-98.75,18.6919],[-98.6769,18.4275],[-98.8072,18.4948],[-99.0497,18.3499],[-99.0307,18.2527],[-98.7884,18.0342],[-98.5552,17.9519],[-98.417,17.9603],[-98.3478,17.8922],[-98.2428,17.9138],[-98.1731,18.0175],[-97.9251,18.0359],[-97.8907,17.9374],[-97.7325,18.0048],[-97.8178,18.137],[-97.7249,18.3022],[-97.6056,18.3204],[-97.6402,18.1705],[-97.427,17.9901],[-97.3136,18.1446],[-97.1879,18.1763],[-97.0257,18.1223],[-96.7895,18.2837],[-96.7281,18.4102],[-96.8002,18.5505],[-96.9873,18.5135],[-97.0914,18.5511],[-97.1364,18.6499],[-97.3104,18.6845],[-97.3309,18.8099],[-97.2269,18.9134],[-97.2641,19.1604],[-97.1091,19.1787],[-96.982,19.288],[-97.2258,19.3387],[-97.3924,19.5758],[-97.3245,19.6945],[-97.3105,19.8902],[-97.1542,20.0803],[-97.1529,20.1458],[-97.4035,20.2596],[-97.5431,20.1367],[-97.69,20.1882],[-97.7741,20.2732],[-97.7697,20.4387],[-97.6398,20.4158],[-97.5586,20.5042],[-97.6622,20.6069],[-97.7792,20.8138],[-97.8964,20.8064],[-97.9509,20.55],[-98.0002,20.4845]]]},"properties":{"iso":"MEX","name":"Puebla","country":"México","code":"MX-PUE"}},
{"type":"Feature","geometry":{"type":"Polygon","coordinates":[[[-99.0497,18.3499],[-98.8072,18.4948],[-98.6769,18.4275],[-98.75,18.6919],[-98.7334,18.8119],[-98.6582,18.8913],[-98.6464,19.0236],[-98.8149,18.9743],[-98.8401,19.0446],[-98.964,19.0891],[-99.0428,19.0578],[-99.2851,19.1424],[-99.3335,19.0298],[-99.3076,18.9348],[-99.4724,18.8005],[-99.4955,18.6741],[-99.3314,18.4529],[-99.1415,18.4966],[-99.0497,18.3499]]]},"properties":{"iso":"MEX","name":"Morelos","country":"México","code":"MX-MOR"}},
{"type":"Feature","geometry":{"type":"Polygon","coordinates":[[[-100.1228,19.938],[-99.8441,20.3089],[-99.8195,20.5125],[-99.645,20.562],[-99.49,20.6611],[-99.492,20.8344],[-99.4155,20.8961],[-99.3641,21.1112],[-99.2279,21.1188],[-99.0423,21.1758],[-99.0434,21.2683],[-99.1983,21.6231],[-99.3324,21.5228],[-99.3812,21.4326],[-99.5702,21.3924],[-99.7201,21.5147],[-99.7906,21.4191],[-99.8269,21.1583],[-99.9598,21.2012],[-100.0525,21.1582],[-100.1058,20.9167],[-100.1832,20.879],[-100.4739,20.9506],[-100.5652,20.7398],[-100.4911,20.5434],[-100.4846,20.4356],[-100.374,20.2725],[-100.286,20.2134],[-100.1765,20.0862],[-100.1228,19.938]]]},"properties":{"iso":"MEX","name":"Querétaro","country":"México","code":"MX-QUE"}},
{"type":"Feature","geometry":{"type":"Polygon","coordinates":[[[-98.5151,21.3988],[-98.5852,21.377],[-98.5923,21.2122],[-98.8236,21.1769],[-98.9391,21.2912],[-99.0434,21.2683],[-99.0423,21.1758],[-99.2279,21.1188],[-99.3641,21.1112],[-99.4155,20.8961],[-99.492,20.8344],[-99.49,20.6611],[-99.645,20.562],[-99.8195,20.5125],[-99.8441,20.3089],[-99.7165,20.1838],[-99.5487,20.1576],[-99.4858,20.061],[-99.5186,19.9531],[-99.4472,19.9102],[-99.3866,19.7563],[-99.2021,19.9791],[-99.0177,20.0421],[-98.9426,19.9904],[-98.9663,19.8215],[-98.8348,19.8864],[-98.6977,19.8504],[-98.6051,19.741],[-98.6595,19.5855],[-98.5725,19.6337],[-98.3307,19.607],[-98.2672,19.7145],[-98.1431,19.6728],[-98.245,19.8713],[-98.101,20.0862],[-98.1594,20.3297],[-98.0002,20.4845],[-98.0216,20.6608],[-98.1108,20.6884],[-98.3358,20.435],[-98.5006,20.3624],[-98.5685,20.4723],[-98.5079,20.6245],[-98.4372,20.6768],[-98.3932,20.877],[-98.2357,20.829],[-98.2324,20.9383],[-98.1299,21.0722],[-98.2124,21.1506],[-98.4101,21.1776],[-98.4932,21.2634],[-98.5151,21.3988]]]},"properties":{"iso":"MEX","name":"Hidalgo","country":"México","code":"MX-HID"}},
{"type":"Feature","geometry":{"type":"Polygon","coordinates":[[[-102.0997,20.3868],[-101.9493,20.366],[-101.9051,20.2033],[-101.6896,20.2012],[-101.6078,20.3203],[-101.4803,20.3311],[-101.3828,20.287],[-101.4197,20.0536],[-101.1941,20.0348],[-101.1634,20.1016],[-100.9989,20.09],[-101.0172,19.9513],[-100.9145,19.9252],[-100.8296,19.9756],[-100.7267,19.9371],[-100.396,19.9643],[-100.3988,20.0743],[-100.286,20.2134],[-100.374,20.2725],[-100.4846,20.4356],[-100.4911,20.5434],[-100.5652,20.7398],[-100.4739,20.9506],[-100.1832,20.879],[-100.1058,20.9167],[-100.0525,21.1582],[-99.9598,21.2012],[-99.8269,21.1583],[-99.7906,21.4191],[-99.9586,21.4591],[-100.0761,21.5543],[-100.404,21.6777],[-100.4992,21.5136],[-100.6273,21.4918],[-100.9615,21.7504],[-101.2597,21.772],[-101.326,21.8729],[-101.5205,21.8409],[-101.5797,21.7785],[-101.5383,21.6369],[-101.6369,21.5167],[-101.5727,21.3476],[-101.6875,21.2361],[-101.855,21.1484],[-102.0456,20.8725],[-102.0851,20.7293],[-101.9769,20.6286],[-101.9806,20.5553],[-102.0997,20.3868]]]},"properties":{"iso":"MEX","name":"Guanajuato","country":"México","code":"MX-GUA"}},
{"type":"Feature","geometry":{"type":"Polygon","coordinates":[[[-100.0573,23.2411],[-100.3268,23.2541],[-100.4393,23.229],[-100.4548,23.5134],[-100.4943,23.6616],[-100.4876,23.8215],[-100.5798,23.9305],[-100.6103,24.2833],[-100.8284,24.565],[-100.8697,24.4671],[-100.9942,24.3714],[-101.2455,23.9927],[-101.8283,23.5812],[-102.0726,23.3546],[-102.1904,23.4042],[-102.253,23.189],[-102.251,22.9837],[-102.1169,22.757],[-101.9532,22.6476],[-101.8327,22.4821],[-101.7617,22.4495],[-101.6302,22.498],[-101.512,22.6087],[-101.3519,22.5896],[-101.3015,22.4809],[-101.3794,22.3608],[-101.3224,22.1016],[-101.5205,21.8409],[-101.326,21.8729],[-101.2597,21.772],[-100.9615,21.7504],[-100.6273,21.4918],[-100.4992,21.5136],[-100.404,21.6777],[-100.0761,21.5543],[-99.9586,21.4591],[-99.7906,21.4191],[-99.7201,21.5147],[-99.5702,21.3924],[-99.3812,21.4326],[-99.3324,21.5228],[-99.1983,21.6231],[-99.0434,21.2683],[-98.9391,21.2912],[-98.8236,21.1769],[-98.5923,21.2122],[-98.5852,21.377],[-98.5151,21.3988],[-98.5301,21.5248],[-98.6423,21.6089],[-98.624,21.6849],[-98.489,21.7527],[-98.5383,21.9723],[-98.4523,21.9804],[-98.3613,22.1526],[-98.3737,22.2649],[-98.6162,22.4186],[-98.9394,22.3723],[-99.2484,22.4589],[-99.3792,22.6834],[-99.5545,22.621],[-99.9874,22.7773],[-100.0398,22.8683],[-99.9158,22.9574],[-100.0573,23.2411]]]},"properties":{"iso":"MEX","name":"San Luis Potosí","country":"México","code":"MX-SLP"}},
{"type":"Feature","geometry":{"type":"Polygon","coordinates":[[[-102.6682,25.0789],[-102.4917,24.824],[-102.4902,24.4742],[-102.8009,24.41],[-103.2466,24.4911],[-103.5161,24.3406],[-103.6704,24.1618],[-103.8359,24.085],[-103.8514,23.8507],[-103.941,23.5671],[-104.109,23.4353],[-104.1343,23.1868],[-104.1891,23.1177],[-104.2088,22.6437],[-104.3114,22.3191],[-104.3297,22.2644],[-104.1318,22.3434],[-103.9482,22.3788],[-103.9261,22.4902],[-103.9918,22.5743],[-103.9832,22.7716],[-103.7787,22.7347],[-103.8513,22.5685],[-103.608,22.5244],[-103.683,22.322],[-103.6783,22.1369],[-103.4886,22.1349],[-103.3586,22.3488],[-103.4271,22.4176],[-103.3728,22.5168],[-103.0457,22.2515],[-103.1561,21.9984],[-103.289,21.9855],[-103.5268,21.8172],[-103.5193,21.6003],[-103.6663,21.4879],[-103.7465,21.2973],[-103.5914,21.193],[-103.3638,21.1504],[-103.2317,21.0791],[-103.0475,21.074],[-103.0559,21.2658],[-102.9149,21.2823],[-102.6857,21.401],[-102.6405,21.5683],[-102.7762,21.6078],[-102.7605,21.7488],[-102.8564,21.8503],[-102.8418,21.933],[-102.6478,22.2129],[-102.621,22.3066],[-102.511,22.3055],[-102.3451,22.397],[-102.2291,22.369],[-101.9876,22.2501],[-101.9798,22.123],[-101.8454,22.0175],[-101.6231,21.9307],[-101.5205,21.8409],[-101.3224,22.1016],[-101.3794,22.3608],[-101.3015,22.4809],[-101.3519,22.5896],[-101.512,22.6087],[-101.6302,22.498],[-101.7617,22.4495],[-101.8327,22.4821],[-101.9532,22.6476],[-102.1169,22.757],[-102.251,22.9837],[-102.253,23.189],[-102.1904,23.4042],[-102.0726,23.3546],[-101.8283,23.5812],[-101.2455,23.9927],[-100.9942,24.3714],[-100.8697,24.4671],[-100.8284,24.565],[-101.0966,24.641],[-101.1969,24.7965],[-101.3416,24.8119],[-101.4617,24.7493],[-101.5744,24.8069],[-101.5908,24.8824],[-101.7678,24.9381],[-101.8607,25.0756],[-102.1734,25.163],[-102.5824,25.1251],[-102.6682,25.0789]]]},"properties":{"iso":"MEX","name":"Zacatecas","country":"México","code":"MX-ZAC"}},
{"type":"Feature","geometry":{"type":"Polygon","coordinates":[[[-101.8454,22.0175],[-101.9798,22.123],[-101.9876,22.2501],[-102.2291,22.369],[-102.3451,22.397],[-102.511,22.3055],[-102.621,22.3066],[-102.6478,22.2129],[-102.8418,21.933],[-102.8564,21.8503],[-102.7605,21.7488],[-102.6303,21.773],[-102.5142,21.7061],[-102.2312,21.6777],[-102.0799,21.7679],[-102.0491,21.8659],[-101.8454,22.0175]]]},"properties":{"iso":"MEX","name":"Aguascalientes","country":"México","code":"MX-AGU"}},
{"type":"Feature","geometry":{"type":"Polygon","coordinates":[[[-106.9369,25.6416],[-107.0961,25.4203],[-107.1263,25.1899],[-107.0364,24.9197],[-106.7564,24.7035],[-106.6218,24.4819],[-106.5959,24.368],[-106.5064,24.2938],[-106.4046,24.2896],[-106.274,24.3909],[-106.1956,24.3898],[-106.0533,24.2833],[-105.9484,24.0733],[-105.8974,23.7135],[-105.826,23.5666],[-105.7153,23.4641],[-105.6878,23.2972],[-105.5501,23.163],[-105.3923,23.1498],[-105.3886,23.0333],[-105.1315,23.017],[-104.9455,22.9156],[-104.8886,22.7903],[-104.9942,22.6751],[-104.9707,22.5417],[-104.7743,22.6762],[-104.6679,22.6256],[-104.5874,22.4596],[-104.4772,22.4168],[-104.3346,22.4749],[-104.3114,22.3191],[-104.2088,22.6437],[-104.1891,23.1177],[-104.1343,23.1868],[-104.109,23.4353],[-103.941,23.5671],[-103.8514,23.8507],[-103.8359,24.085],[-103.6704,24.1618],[-103.5161,24.3406],[-103.2466,24.4911],[-102.8009,24.41],[-102.4902,24.4742],[-102.4917,24.824],[-102.6682,25.0789],[-102.8158,24.9044],[-102.8431,24.7283],[-102.9719,24.8067],[-103.1395,24.8478],[-103.2515,24.923],[-103.2753,25.0721],[-103.388,25.1406],[-103.5092,25.2978],[-103.4249,25.4275],[-103.4878,25.5409],[-103.3202,25.6987],[-103.3453,26.1239],[-103.2813,26.2624],[-103.3257,26.4087],[-103.6273,26.6439],[-103.9415,26.7604],[-104.1156,26.7731],[-104.2346,26.7232],[-104.5198,26.3715],[-104.5978,26.351],[-104.8333,26.4868],[-105.1168,26.5524],[-105.3275,26.4595],[-105.5559,26.5728],[-105.6804,26.6989],[-105.8085,26.6933],[-106.0275,26.8386],[-106.2248,26.5597],[-106.2272,26.4292],[-106.4015,26.381],[-106.4273,26.3013],[-106.3783,26.1315],[-106.5249,25.9928],[-106.5445,25.7799],[-106.7209,25.6332],[-106.9369,25.6416]]]},"properties":{"iso":"MEX","name":"Durango","country":"México","code":"MX-DUR"}},
{"type":"Feature","geometry":{"type":"Polygon","coordinates":[[[-98.6409,19.4619],[-98.4659,19.4383],[-98.3517,19.2414],[-98.1935,19.1065],[-98.0501,19.2092],[-97.9291,19.1585],[-97.8467,19.2119],[-97.8276,19.3114],[-97.6681,19.2839],[-97.6412,19.3728],[-97.759,19.4479],[-97.8445,19.4363],[-97.9408,19.5798],[-98.1431,19.6728],[-98.2672,19.7145],[-98.3307,19.607],[-98.5725,19.6337],[-98.6595,19.5855],[-98.6409,19.4619]]]},"properties":{"iso":"MEX","name":"Tlaxcala","country":"México","code":"MX-TLA"}},
{"type":"Feature","geometry":{"type":"Polygon","coordinates":[[[-99.2851,19.1424],[-99.0428,19.0578],[-98.964,19.0891],[-98.9587,19.2614],[-99.1237,19.5711],[-99.2597,19.3609],[-99.3329,19.2977],[-99.2851,19.1424]]]},"properties":{"iso":"MEX","name":"Distrito Federal","country":"México","code":"MX-DIF"}},
{"type":"Feature","geometry":{"type":"Polygon","coordinates":[[[-91.2501,43.501],[-91.1971,43.366],[-91.0848,43.2801],[-91.1678,43.1605],[-91.1306,42.9113],[-91.0455,42.7421],[-90.703,42.6553],[-90.6413,42.5118],[-89.3962,42.503],[-87.801,42.4918],[-87.0188,42.4962],[-87.1472,43.3799],[-87.1144,43.7652],[-86.9999,44.1677],[-86.8519,44.5628],[-86.7146,44.8452],[-86.4486,45.115],[-86.2506,45.2361],[-86.7636,45.4438],[-87.0924,45.4438],[-87.1988,45.3228],[-87.4033,45.205],[-87.436,45.079],[-87.6536,45.1208],[-87.7267,45.2438],[-87.6548,45.3614],[-87.8822,45.3774],[-87.8119,45.4847],[-87.8026,45.687],[-87.9096,45.7605],[-88.0725,45.7875],[-88.1152,45.9246],[-88.5373,46.0261],[-88.8373,46.0356],[-89.1192,46.1482],[-90.1185,46.3406],[-90.2303,46.5087],[-90.4125,46.5842],[-89.9576,47.2861],[-90.654,47.3081],[-91.4683,46.9241],[-91.9649,46.7287],[-92.11,46.7687],[-92.2916,46.6597],[-92.2926,46.0833],[-92.3633,46.0273],[-92.7041,45.9131],[-92.882,45.7159],[-92.8832,45.5761],[-92.7509,45.5592],[-92.6677,45.4454],[-92.7509,45.2997],[-92.8024,45.078],[-92.7583,44.9257],[-92.8198,44.7578],[-92.5847,44.608],[-92.3938,44.5796],[-92.2726,44.4658],[-92.1026,44.4369],[-91.9501,44.3357],[-91.8369,44.1818],[-91.6626,44.0733],[-91.426,44.0225],[-91.295,43.919],[-91.2492,43.7689],[-91.2501,43.501]]]},"properties":{"iso":"USA","name":"Wisconsin","country":"Estados Unidos","code":"US-WI"}},
{"type":"Feature","geometry":{"type":"Polygon","coordinates":[[[-87.0188,42.4962],[-87.801,42.4918],[-89.3962,42.503],[-90.6413,42.5118],[-90.4632,42.376],[-90.4031,42.2454],[-90.1697,42.1165],[-90.1403,42.0306],[-90.2012,41.8136],[-90.305,41.7485],[-90.3463,41.6054],[-90.7045,41.4512],[-90.9915,41.4336],[-91.0548,41.3829],[-91.0824,41.1897],[-90.9515,41.0754],[-90.9666,40.9462],[-91.0935,40.8236],[-91.1878,40.6533],[-91.3833,40.5986],[-91.3826,40.3929],[-91.4419,40.3795],[-91.5189,40.1749],[-91.4493,39.8656],[-91.3551,39.7108],[-91.1043,39.5331],[-91.0509,39.4524],[-90.8196,39.3201],[-90.7299,39.2008],[-90.7026,38.9954],[-90.5853,38.8781],[-90.4283,38.9674],[-90.1836,38.8827],[-90.1965,38.6382],[-90.382,38.3005],[-90.3463,38.2071],[-90.1108,38.0167],[-89.9227,37.9526],[-89.7219,37.8372],[-89.5496,37.6977],[-89.527,37.562],[-89.4511,37.4403],[-89.5233,37.268],[-89.3272,37.0142],[-89.2462,37.0455],[-89.1237,36.9796],[-89.1787,37.0623],[-89.0437,37.2086],[-88.907,37.2202],[-88.4843,37.0725],[-88.434,37.1685],[-88.5034,37.267],[-88.465,37.4089],[-88.1231,37.4746],[-88.1633,37.64],[-88.0453,37.8067],[-88.0454,38.0517],[-87.934,38.1599],[-87.9456,38.2988],[-87.8444,38.3178],[-87.6465,38.5199],[-87.615,38.6517],[-87.5112,38.7634],[-87.5837,39.0016],[-87.6633,39.1566],[-87.6254,39.2997],[-87.5327,39.3616],[-87.526,40.7033],[-87.521,41.7597],[-87.2077,41.7597],[-87.0188,42.4962]]]},"properties":{"iso":"USA","name":"Illinois","country":"Estados Unidos","code":"US-IL"}},
{"type":"Feature","geometry":{"type":"Polygon","coordinates":[[[-84.8235,39.0974],[-84.784,38.8929],[-84.8194,38.7893],[-84.9995,38.7717],[-85.186,38.6937],[-85.2573,38.7409],[-85.4361,38.7347],[-85.4102,38.5721],[-85.6197,38.4319],[-85.6651,38.3095],[-85.8159,38.289],[-85.8913,38.2021],[-85.9146,38.0636],[-86.032,37.994],[-86.4161,38.1152],[-86.5235,38.0192],[-86.5359,37.9286],[-86.7422,37.9039],[-86.8188,37.9952],[-87.043,37.8918],[-87.0867,37.8054],[-87.4266,37.9464],[-87.7972,37.8782],[-87.9458,37.7886],[-88.0453,37.8067],[-88.1633,37.64],[-88.1231,37.4746],[-88.465,37.4089],[-88.5034,37.267],[-88.434,37.1685],[-88.4843,37.0725],[-88.907,37.2202],[-89.0437,37.2086],[-89.1787,37.0623],[-89.1237,36.9796],[-89.1406,36.7346],[-89.2533,36.5691],[-89.3588,36.638],[-89.4245,36.499],[-88.0427,36.4986],[-88.0671,36.6897],[-87.8333,36.6442],[-87.0823,36.6516],[-86.464,36.6626],[-86.0668,36.6345],[-85.4265,36.6187],[-85.1214,36.6249],[-83.7303,36.5858],[-83.6675,36.604],[-83.1372,36.75],[-83.0824,36.8346],[-82.8843,36.8943],[-82.8546,36.972],[-82.7269,37.038],[-82.6326,37.1639],[-82.3514,37.2785],[-81.9652,37.5387],[-82.1159,37.5634],[-82.2965,37.6884],[-82.6312,38.1529],[-82.5718,38.2476],[-82.5894,38.4193],[-82.6982,38.5355],[-82.8266,38.5865],[-82.8863,38.7448],[-83.031,38.7159],[-83.1336,38.6279],[-83.3051,38.6014],[-83.5343,38.7074],[-83.7143,38.6385],[-83.8659,38.7622],[-84.1956,38.8106],[-84.3219,39.0295],[-84.4442,39.1018],[-84.6372,39.0773],[-84.8235,39.0974]]]},"properties":{"iso":"USA","name":"Kentucky","country":"Estados Unidos","code":"US-KY"}},
{"type":"Feature","geometry":{"type":"Polygon","coordinates":[[[-94.0413,33.0109],[-93.1473,33.0118],[-91.8957,33.013],[-91.1665,33.0143],[-91.0992,33.1497],[-91.1076,33.2678],[-91.1821,33.32],[-91.1272,33.4781],[-91.2158,33.5339],[-91.1517,33.6334],[-91.1923,33.7081],[-91.0454,33.8145],[-91.0846,33.9967],[-90.9092,34.0353],[-90.8212,34.2856],[-90.594,34.4251],[-90.5939,34.6423],[-90.4639,34.8279],[-90.2718,34.9231],[-90.3042,35.0001],[-90.0846,35.189],[-90.1031,35.3856],[-90.0123,35.5116],[-89.9179,35.548],[-89.9379,35.7363],[-89.7221,35.8335],[-89.6673,35.9152],[-89.7238,36.0005],[-90.3733,35.9862],[-90.3425,36.0615],[-90.0675,36.2874],[-90.063,36.3689],[-90.1622,36.4998],[-91.0539,36.4998],[-92.1506,36.4998],[-93.5216,36.4998],[-94.6183,36.4998],[-94.4391,35.3862],[-94.4728,34.0821],[-94.4841,33.6474],[-94.3874,33.5618],[-94.3001,33.5948],[-94.0473,33.5542],[-94.0413,33.0109]]]},"properties":{"iso":"USA","name":"Arkansas","country":"Estados Unidos","code":"US-AR"}},
{"type":"Feature","geometry":{"type":"Polygon","coordinates":[[[-88.1791,34.9978],[-87.5143,35.0055],[-86.7265,34.9898],[-85.6057,34.9852],[-84.3246,34.9871],[-84.3005,35.2084],[-84.0952,35.2579],[-84.0115,35.4245],[-83.8802,35.5165],[-83.7281,35.5666],[-83.4992,35.57],[-83.0754,35.7895],[-82.9827,35.788],[-82.8783,35.9556],[-82.6298,36.0574],[-82.4893,35.9938],[-82.3946,36.0957],[-82.1988,36.1585],[-82.0866,36.1006],[-81.924,36.2941],[-81.7405,36.4095],[-81.6589,36.6096],[-81.9525,36.597],[-82.8341,36.6006],[-83.6675,36.604],[-83.7303,36.5858],[-85.1214,36.6249],[-85.4265,36.6187],[-86.0668,36.6345],[-86.464,36.6626],[-87.0823,36.6516],[-87.8333,36.6442],[-88.0671,36.6897],[-88.0427,36.4986],[-89.4245,36.499],[-89.4944,36.5014],[-89.5599,36.5002],[-89.5308,36.3835],[-89.6946,36.247],[-89.6139,36.1417],[-89.7238,36.0005],[-89.6673,35.9152],[-89.7221,35.8335],[-89.9379,35.7363],[-89.9179,35.548],[-90.0123,35.5116],[-90.1031,35.3856],[-90.0846,35.189],[-90.3042,35.0001],[-89.2644,34.999],[-88.1791,34.9978]]]},"properties":{"iso":"USA","name":"Tennessee","country":"Estados Unidos","code":"US-TN"}},
{"type":"Feature","geometry":{"type":"Polygon","coordinates":[[[-82.5894,38.4193],[-82.5718,38.2476],[-82.6312,38.1529],[-82.2965,37.6884],[-82.1159,37.5634],[-81.9652,37.5387],[-81.9327,37.3797],[-81.8238,37.2864],[-81.6446,37.2094],[-81.5456,37.2128],[-81.3426,37.3339],[-81.2241,37.2443],[-80.9483,37.2948],[-80.5278,37.4683],[-80.4525,37.4295],[-80.2943,37.5092],[-80.2307,37.6107],[-80.2849,37.6851],[-80.2069,37.8148],[-79.9999,38.0016],[-79.9166,38.1791],[-79.792,38.2802],[-79.636,38.5921],[-79.5043,38.4787],[-79.2974,38.4248],[-78.9882,38.8456],[-78.8622,38.7932],[-78.7432,38.9301],[-78.6605,38.9343],[-78.4139,39.1664],[-78.3222,39.4508],[-77.8357,39.1442],[-77.7347,39.3311],[-77.7909,39.4842],[-78.133,39.7013],[-78.28,39.6354],[-78.4338,39.6242],[-78.469,39.5336],[-78.7452,39.5754],[-78.969,39.4503],[-79.0647,39.4823],[-79.1795,39.3863],[-79.4879,39.2099],[-79.4774,39.7218],[-80.5194,39.7215],[-80.5202,40.6468],[-80.6768,40.5888],[-80.6015,40.4714],[-80.6006,40.3233],[-80.7391,40.0608],[-80.7587,39.9294],[-80.8411,39.7905],[-80.8752,39.6288],[-81.2269,39.3985],[-81.3884,39.3622],[-81.4789,39.4006],[-81.5694,39.2877],[-81.7461,39.1934],[-81.7836,38.9327],[-81.8485,38.9134],[-82.0584,39.0032],[-82.2087,38.786],[-82.1927,38.5953],[-82.2631,38.5975],[-82.3317,38.4436],[-82.5894,38.4193]]]},"properties":{"iso":"USA","name":"West Virginia","country":"Estados Unidos","code":"US-WV"}},
{"type":"Feature","geometry":{"type":"Polygon","coordinates":[[[-87.2077,41.7597],[-87.521,41.7597],[-87.526,40.7033],[-87.5327,39.3616],[-87.6254,39.2997],[-87.6633,39.1566],[-87.5837,39.0016],[-87.5112,38.7634],[-87.615,38.6517],[-87.6465,38.5199],[-87.8444,38.3178],[-87.9456,38.2988],[-87.934,38.1599],[-88.0454,38.0517],[-88.0453,37.8067],[-87.9458,37.7886],[-87.7972,37.8782],[-87.4266,37.9464],[-87.0867,37.8054],[-87.043,37.8918],[-86.8188,37.9952],[-86.7422,37.9039],[-86.5359,37.9286],[-86.5235,38.0192],[-86.4161,38.1152],[-86.032,37.994],[-85.9146,38.0636],[-85.8913,38.2021],[-85.8159,38.289],[-85.6651,38.3095],[-85.6197,38.4319],[-85.4102,38.5721],[-85.4361,38.7347],[-85.2573,38.7409],[-85.186,38.6937],[-84.9995,38.7717],[-84.8194,38.7893],[-84.784,38.8929],[-84.8235,39.0974],[-84.8141,39.9922],[-84.8004,41.2937],[-84.8061,41.6968],[-84.8061,41.7583],[-85.8825,41.7592],[-87.2077,41.7597]]]},"properties":{"iso":"USA","name":"Indiana","country":"Estados Unidos","code":"US-IN"}}
]}