{"type":"FeatureCollection","features":[{"type":"Feature","geometry":{"type":"Polygon","coordinates":[[[-53.31514,-7.20003],[-53.31539,-7.20298],[-53.3145,-7.21068],[-53.31358,-7.21385],[-53.31089,-7.21499],[-53.30747,-7.215],[-53.30408,-7.21569],[-53.30066,-7.21773],[-53.30136,-7.22159],[-53.30341,-7.22543],[-53.30297,-7.2286],[-53.2998,-7.23087],[-53.29095,-7.22863],[-53.28778,-7.22887],[-53.28144,-7.23273],[-53.27985,-7.23568],[-53.27578,-7.24044],[-53.27172,-7.24272],[-53.27128,-7.2468],[-53.2663,-7.25338],[-53.26289,-7.2561],[-53.25861,-7.26337],[-53.25908,-7.26744],[-53.25705,-7.27469],[-53.25433,-7.27742],[-53.24005,-7.2874],[-53.23464,-7.29332],[-53.23489,-7.29853],[-53.23216,-7.30012],[-53.22241,-7.30354],[-53.21608,-7.30967],[-53.20814,-7.31377],[-53.19886,-7.32285],[-53.19638,-7.32466],[-53.18847,-7.33488],[-53.18097,-7.33784],[-53.17735,-7.34034],[-53.17374,-7.34194],[-53.17214,-7.34443],[-53.17103,-7.34715],[-53.16852,-7.3501],[-53.16538,-7.35713],[-53.1656,-7.36007],[-53.16722,-7.36505],[-53.16902,-7.36776],[-53.17336,-7.37047],[-53.17653,-7.37115],[-53.17836,-7.37408],[-53.17835,-7.38043],[-53.17611,-7.38247],[-53.17291,-7.38429],[-53.1686,-7.38452],[-53.16272,-7.38364],[-53.16069,-7.38613],[-53.16068,-7.38953],[-53.16,-7.39273],[-53.15708,-7.39565],[-53.15141,-7.39838],[-53.14755,-7.39884],[-53.14505,-7.39726],[-53.14005,-7.39501],[-53.13711,-7.39298],[-53.13435,-7.39026],[-53.13075,-7.38937],[-53.12847,-7.39232],[-53.12416,-7.39278],[-53.12007,-7.39551],[-53.11896,-7.39936],[-53.12033,-7.40615],[-53.11944,-7.41001],[-53.11966,-7.41409],[-53.12332,-7.41974],[-53.12377,-7.42336],[-53.12355,-7.42676],[-53.1213,-7.43356],[-53.12155,-7.43741],[-53.12361,-7.44216],[-53.12427,-7.44579],[-53.12339,-7.44941],[-53.1211,-7.45236],[-53.11749,-7.45509],[-53.1125,-7.45759],[-53.10753,-7.461],[-53.10027,-7.47007],[-53.09416,-7.47529],[-53.09235,-7.47757],[-53.09261,-7.48186],[-53.09102,-7.48572],[-53.09261,-7.48934],[-53.09555,-7.48979],[-53.09805,-7.49137],[-53.10578,-7.49271],[-53.10827,-7.49542],[-53.10738,-7.49996],[-53.10738,-7.50426],[-53.10922,-7.50742],[-53.11172,-7.51036],[-53.11308,-7.51308],[-53.11605,-7.51511],[-53.11944,-7.51646],[-53.129,-7.52505],[-53.13061,-7.52844],[-53.13108,-7.53161],[-53.13335,-7.5384],[-53.13836,-7.54654],[-53.14542,-7.55151],[-53.15313,-7.5533],[-53.16311,-7.55305],[-53.16811,-7.55395],[-53.16902,-7.55689],[-53.16699,-7.55915],[-53.1611,-7.56347],[-53.16066,-7.56755],[-53.16158,-7.57072],[-53.15457,-7.57525],[-53.14752,-7.57619],[-53.1466,-7.57913],[-53.14866,-7.58275],[-53.14935,-7.58569],[-53.15186,-7.58818],[-53.15324,-7.59361],[-53.14916,-7.59544],[-53.14622,-7.59817],[-53.14644,-7.6011],[-53.14805,-7.60382],[-53.14508,-7.60473],[-53.14191,-7.60655],[-53.14191,-7.61018],[-53.1433,-7.61425],[-53.1408,-7.61584],[-53.13533,-7.61087],[-53.13283,-7.60657],[-53.13055,-7.60454],[-53.12624,-7.60591],[-53.12466,-7.60886],[-53.12421,-7.61339],[-53.12061,-7.61771],[-53.1181,-7.61974],[-53.11494,-7.62134],[-53.11291,-7.62452],[-53.11291,-7.62882],[-53.11816,-7.64534],[-53.12022,-7.64806],[-53.12477,-7.65234],[-53.12364,-7.65598],[-53.12047,-7.6553],[-53.11277,-7.65533],[-53.11138,-7.65804],[-53.11142,-7.66234],[-53.11072,-7.66529],[-53.10777,-7.66711],[-53.10847,-7.67141],[-53.10666,-7.67391],[-53.10235,-7.67482],[-53.10011,-7.68207],[-53.09692,-7.68277],[-53.08966,-7.68142],[-53.08602,-7.6803],[-53.08216,-7.6828],[-53.07874,-7.68281],[-53.07216,-7.68011],[-53.069,-7.68056],[-53.06602,-7.6817],[-53.0581,-7.68783],[-53.05788,-7.69328],[-53.05222,-7.69804],[-53.04813,-7.70078],[-53.04566,-7.70372],[-53.0443,-7.71279],[-53.04068,-7.71846],[-53.0373,-7.72141],[-53.03185,-7.72346],[-53.02844,-7.72369],[-53.0273,-7.72687],[-53.02755,-7.72981],[-53.02961,-7.73388],[-53.02961,-7.73728],[-53.02872,-7.74158],[-53.02894,-7.74544],[-53.03192,-7.75177],[-53.03147,-7.75472],[-53.02944,-7.75812],[-53.02761,-7.76039],[-53.02466,-7.76243],[-53.02263,-7.76493],[-53.02263,-7.76833],[-53.02491,-7.77104],[-53.02855,-7.7724],[-53.03469,-7.77601],[-53.03605,-7.7794],[-53.03288,-7.78235],[-53.02813,-7.7844],[-53.02449,-7.78282],[-53.02016,-7.78283],[-53.01769,-7.78555],[-52.99908,-7.79466],[-52.99591,-7.7967],[-52.99591,-7.79988],[-52.99706,-7.80327],[-52.99638,-7.80735],[-52.99322,-7.81076],[-52.9923,-7.81393],[-52.99164,-7.82027],[-52.99211,-7.82774],[-52.99553,-7.82955],[-52.99894,-7.82977],[-53.00096,-7.83226],[-53.00303,-7.83565],[-53.00327,-7.84064],[-53.00441,-7.84403],[-53.00783,-7.8456],[-53.01555,-7.84219],[-53.01827,-7.84377],[-53.01986,-7.84625],[-53.02625,-7.85167],[-53.02989,-7.85643],[-53.03058,-7.86005],[-53.0283,-7.86209],[-53.02421,-7.86391],[-53.02035,-7.86687],[-53.01719,-7.87095],[-53.01561,-7.8748],[-53.01608,-7.87888],[-53.01766,-7.8816],[-53.02086,-7.88227],[-53.0238,-7.88135],[-53.02744,-7.88135],[-53.03222,-7.88406],[-53.03471,-7.88767],[-53.03747,-7.8897],[-53.04041,-7.89105],[-53.04882,-7.89194],[-53.05383,-7.8917],[-53.05722,-7.89373],[-53.05861,-7.90143],[-53.05975,-7.9046],[-53.06271,-7.90935],[-53.06614,-7.91206],[-53.06727,-7.91523],[-53.06705,-7.91863],[-53.0648,-7.92203],[-53.05821,-7.9259],[-53.05072,-7.92727],[-53.04641,-7.92729],[-53.04119,-7.92865],[-53.03755,-7.93048],[-53.03553,-7.93298],[-53.03508,-7.93728],[-53.03122,-7.94137],[-53.021,-7.94048],[-53.01827,-7.94184],[-53.01874,-7.94682],[-53.02146,-7.94841],[-53.02533,-7.9518],[-53.02922,-7.95791],[-53.02944,-7.9613],[-53.01994,-7.97944],[-53.02041,-7.98579],[-53.0186,-7.98828],[-53.01544,-7.98942],[-53.0143,-7.99236],[-53.01614,-7.99508],[-53.01477,-7.99802],[-53.00978,-7.99781],[-53.00705,-7.99578],[-53.0043,-7.99285],[-52.99999,-7.9915],[-52.99339,-7.9931],[-52.9868,-7.98948],[-52.98386,-7.98904],[-52.98227,-7.99154],[-52.98386,-7.99583],[-52.9858,-8.00516],[-52.98394,-8.00878],[-52.98074,-8.01194],[-52.97753,-8.01306],[-52.97344,-8.01326],[-52.96999,-8.01482],[-52.96816,-8.01776],[-52.96561,-8.02365],[-52.96789,-8.02616],[-52.97108,-8.02528],[-52.97791,-8.02577],[-52.98155,-8.02489],[-52.98541,-8.02719],[-52.98563,-8.03037],[-52.98424,-8.03354],[-52.97874,-8.03873],[-52.97622,-8.04212],[-52.97528,-8.04642],[-52.97136,-8.05163],[-52.96839,-8.05479],[-52.96539,-8.06067],[-52.95872,-8.067],[-52.95619,-8.07107],[-52.95386,-8.08149],[-52.95471,-8.08764],[-52.95696,-8.09014],[-52.96336,-8.09246],[-52.96377,-8.09587],[-52.96193,-8.09836],[-52.95919,-8.10016],[-52.95872,-8.10333],[-52.96258,-8.10563],[-52.96483,-8.10859],[-52.96661,-8.11655],[-52.96544,-8.12155],[-52.96291,-8.12493],[-52.96016,-8.12742],[-52.95514,-8.13056],[-52.95075,-8.13644],[-52.94777,-8.13892],[-52.9448,-8.14071],[-52.94227,-8.14411],[-52.93905,-8.14659],[-52.9361,-8.14702],[-52.93244,-8.14859],[-52.93083,-8.15176],[-52.92574,-8.15854],[-52.92527,-8.16262],[-52.93003,-8.16879],[-52.93183,-8.17221],[-52.93271,-8.1763],[-52.93444,-8.19176],[-52.94031,-8.20133],[-52.93958,-8.20587],[-52.93775,-8.20836],[-52.93499,-8.21016],[-52.92902,-8.21534],[-52.92789,-8.21875],[-52.92966,-8.22284],[-52.94149,-8.22633],[-52.95014,-8.23161],[-52.95491,-8.23391],[-52.95947,-8.23484],[-52.96311,-8.23646],[-52.96809,-8.24035],[-52.9708,-8.24309],[-52.97216,-8.24696],[-52.9728,-8.2506],[-52.97255,-8.25468],[-52.97069,-8.26126],[-52.97066,-8.26445],[-52.97133,-8.26808],[-52.97291,-8.27218],[-52.97608,-8.27583],[-52.98535,-8.28384],[-53.00197,-8.29303],[-53.00811,-8.29534],[-53.0083,-8.29875],[-53.00577,-8.30078],[-52.99938,-8.30301],[-52.99068,-8.30749],[-52.99021,-8.31113],[-52.99108,-8.31817],[-52.98877,-8.32043],[-52.98261,-8.32334],[-52.98052,-8.32697],[-52.97955,-8.33786],[-52.97772,-8.34081],[-52.97221,-8.34486],[-52.96947,-8.34597],[-52.96466,-8.34686],[-52.96241,-8.34502],[-52.95102,-8.34245],[-52.94394,-8.34445],[-52.94119,-8.3467],[-52.94024,-8.35033],[-52.93999,-8.35328],[-52.94177,-8.35989],[-52.94327,-8.37806],[-52.94319,-8.38782],[-52.94205,-8.39077],[-52.93952,-8.39257],[-52.93289,-8.3948],[-52.9308,-8.39956],[-52.93102,-8.40365],[-52.9285,-8.4059],[-52.92438,-8.40656],[-52.92208,-8.4095],[-52.91819,-8.41084],[-52.91658,-8.41356],[-52.91744,-8.41946],[-52.91722,-8.42241],[-52.91285,-8.42557],[-52.90713,-8.42848],[-52.89936,-8.4298],[-52.89797,-8.43297],[-52.90003,-8.43571],[-52.90275,-8.43731],[-52.90887,-8.43985],[-52.91366,-8.43942],[-52.91758,-8.43695],[-52.91986,-8.43447],[-52.92397,-8.4329],[-52.93288,-8.43183],[-52.94338,-8.43234],[-52.94838,-8.43374],[-52.95155,-8.4358],[-52.95361,-8.43808],[-52.95519,-8.44128],[-52.95149,-8.44829],[-52.94964,-8.45328],[-52.94892,-8.45714],[-52.94841,-8.46486],[-52.94997,-8.46986],[-52.95029,-8.47414],[-52.94969,-8.48077],[-52.94874,-8.48394],[-52.94555,-8.48664],[-52.92725,-8.49312],[-52.92493,-8.49514],[-52.9206,-8.4958],[-52.91763,-8.49873],[-52.91555,-8.50259],[-52.91485,-8.50598],[-52.91277,-8.50847],[-52.90749,-8.5132],[-52.90519,-8.51705],[-52.90494,-8.52046],[-52.90674,-8.52456],[-52.91264,-8.52823],[-52.91469,-8.53165],[-52.91485,-8.53824],[-52.91233,-8.54094],[-52.90799,-8.54366],[-52.90152,-8.55359],[-52.90013,-8.55813],[-52.89808,-8.56039],[-52.89485,-8.56219],[-52.89166,-8.56489],[-52.88794,-8.57282],[-52.8893,-8.57624],[-52.88833,-8.58327],[-52.88991,-8.58668],[-52.89535,-8.59058],[-52.89808,-8.59378],[-52.89921,-8.59674],[-52.89781,-8.6031],[-52.89889,-8.60968],[-52.90046,-8.61401],[-52.89791,-8.62103],[-52.89672,-8.62761],[-52.89922,-8.63081],[-52.90582,-8.6329],[-52.9088,-8.63269],[-52.91243,-8.63134],[-52.91819,-8.62616],[-52.92161,-8.62595],[-52.92594,-8.62779],[-52.92888,-8.62964],[-52.9316,-8.63237],[-52.93703,-8.63942],[-52.94294,-8.64494],[-52.94569,-8.64654],[-52.94816,-8.64928],[-52.94724,-8.65291],[-52.94175,-8.65629],[-52.93738,-8.65671],[-52.9335,-8.65873],[-52.93166,-8.66167],[-52.93142,-8.66531],[-52.93322,-8.66804],[-52.94071,-8.67218],[-52.94208,-8.67514],[-52.94205,-8.67832],[-52.94386,-8.68173],[-52.94683,-8.68221],[-52.94933,-8.68495],[-52.94658,-8.68697],[-52.9436,-8.68741],[-52.94038,-8.68921],[-52.93811,-8.69124],[-52.93488,-8.69326],[-52.93191,-8.6937],[-52.92916,-8.69618],[-52.92616,-8.70275],[-52.92408,-8.70479],[-52.92382,-8.70932],[-52.92517,-8.7132],[-52.92836,-8.71435],[-52.92993,-8.71709],[-52.92902,-8.72026],[-52.92966,-8.72412],[-52.92941,-8.7273],[-52.93192,-8.73004],[-52.94241,-8.73056],[-52.94586,-8.72853],[-52.94953,-8.72401],[-52.95341,-8.72223],[-52.95664,-8.72156],[-52.96346,-8.72138],[-52.96692,-8.71935],[-52.96922,-8.71732],[-52.97127,-8.71438],[-52.9738,-8.71281],[-52.97997,-8.71308],[-52.98636,-8.71403],[-52.99022,-8.71382],[-52.99619,-8.70999],[-52.99894,-8.70751],[-53.00214,-8.70571],[-53.00627,-8.70483],[-53.01605,-8.70875],[-53.02175,-8.71287],[-53.02378,-8.71538],[-53.03242,-8.72338],[-53.03694,-8.72863],[-53.0385,-8.73386],[-53.03781,-8.73749],[-53.0373,-8.74521],[-53.03519,-8.75178],[-53.03153,-8.75449],[-53.02717,-8.76083],[-53.02599,-8.764],[-53.02277,-8.76807],[-53.01933,-8.76987],[-53.01705,-8.77167],[-53.01519,-8.77552],[-53.01563,-8.77892],[-53.01699,-8.78188],[-53.01993,-8.78372],[-53.02406,-8.7851],[-53.0245,-8.78806],[-53.02333,-8.79168],[-53.02058,-8.79348],[-53.01761,-8.7937],[-53.01236,-8.79003],[-53.00941,-8.78911],[-53.00644,-8.78999],[-53.00436,-8.79316],[-53.00297,-8.79702],[-52.99906,-8.80426],[-52.99811,-8.80948],[-52.99802,-8.82061],[-52.99177,-8.83557],[-52.9926,-8.85078],[-52.9935,-8.85511],[-52.99688,-8.86148],[-52.99961,-8.86355],[-53.00416,-8.86561],[-53.00527,-8.86857],[-53.00528,-8.87176],[-53.00457,-8.87515],[-53.00791,-8.88789],[-53.01061,-8.89268],[-53.01105,-8.89587],[-53.01375,-8.90246],[-53.01394,-8.90973],[-53.01575,-8.9152],[-53.01594,-8.91996],[-53.01752,-8.92247],[-53.02164,-8.92432],[-53.02458,-8.92501],[-53.03003,-8.93095],[-53.03391,-8.9337],[-53.03616,-8.93598],[-53.03891,-8.93713],[-53.04186,-8.94123],[-53.04414,-8.94306],[-53.04869,-8.94559],[-53.0523,-8.94925],[-53.05525,-8.95403],[-53.05456,-8.95697],[-53.04997,-8.96149],[-53.04605,-8.96374],[-53.04216,-8.9644],[-53.04031,-8.97166],[-53.04005,-8.97507],[-53.04164,-8.97962],[-53.04525,-8.98464],[-53.04683,-8.98873],[-53.04588,-8.9919],[-53.04611,-8.99486],[-53.04792,-8.99713],[-53.05019,-8.99897],[-53.052,-9.00289],[-53.04836,-9.00705],[-53.04633,-9.01209],[-53.04594,-9.01708],[-53.0476,-9.02523],[-53.04658,-9.02911],[-53.04419,-9.03308],[-53.04064,-9.03587],[-53.03825,-9.04219],[-53.03493,-9.04534],[-53.03327,-9.04887],[-53.03035,-9.05147],[-53.02378,-9.05397],[-53.02158,-9.05666],[-53.01975,-9.06],[-53.01608,-9.06442],[-53.02086,-9.0687],[-53.02294,-9.07161],[-53.02558,-9.07425],[-53.02869,-9.07192],[-53.03205,-9.07049],[-53.03413,-9.07276],[-53.03783,-9.07849],[-53.03699,-9.08174],[-53.03661,-9.08707],[-53.03814,-9.0898],[-53.04141,-9.09226],[-53.04717,-9.08831],[-53.05017,-9.08887],[-53.06287,-9.09867],[-53.0589,-9.10275],[-53.05591,-9.10284],[-53.0528,-9.10427],[-53.05581,-9.10692],[-53.06316,-9.10813],[-53.07089,-9.11071],[-53.07444,-9.11118],[-53.08236,-9.1134],[-53.0848,-9.11613],[-53.08469,-9.11975],[-53.08225,-9.13267],[-53.08194,-9.13648],[-53.08258,-9.13965],[-53.08127,-9.14344],[-53.07333,-9.14693],[-53.07041,-9.14772],[-53.05994,-9.14722],[-53.05683,-9.14847],[-53.05208,-9.15161],[-53.04825,-9.15358],[-53.04597,-9.15555],[-53.04166,-9.15689],[-53.03547,-9.15541],[-53.02619,-9.1559],[-53.02299,-9.15669],[-53.0165,-9.16344],[-53.01475,-9.16615],[-53.01428,-9.1694],[-53.00925,-9.17327],[-53.00569,-9.17514],[-53.0048,-9.18329],[-53.00261,-9.18617],[-52.99527,-9.19212],[-52.99213,-9.19783],[-52.98697,-9.20275],[-52.97874,-9.20795],[-52.97528,-9.20881],[-52.97221,-9.21025],[-52.97047,-9.21382],[-52.97017,-9.2169],[-52.96852,-9.21964],[-52.96617,-9.22208],[-52.96452,-9.22455],[-52.96511,-9.22763],[-52.96283,-9.23384],[-52.96456,-9.23713],[-52.96694,-9.23882],[-52.97456,-9.24059],[-52.97522,-9.24406],[-52.97174,-9.26065],[-52.96588,-9.27802],[-52.96383,-9.28009],[-52.9577,-9.28308],[-52.95591,-9.28609],[-52.95511,-9.29213],[-52.95033,-9.30552],[-52.94877,-9.31175],[-52.94841,-9.31494],[-52.94423,-9.3295],[-52.94197,-9.33563],[-52.94022,-9.33869],[-52.93836,-9.34166],[-52.93591,-9.34358],[-52.93469,-9.34706],[-52.934,-9.35627],[-52.9315,-9.36224],[-52.92666,-9.37104],[-52.92261,-9.38043],[-52.92164,-9.38362],[-52.92183,-9.38651],[-52.92472,-9.38769],[-52.9273,-9.39047],[-52.92833,-9.39327],[-52.92996,-9.40462],[-52.93164,-9.41131],[-52.93305,-9.41446],[-52.93475,-9.41746],[-52.93961,-9.42142],[-52.93938,-9.42442],[-52.93677,-9.42581],[-52.93727,-9.42898],[-52.93677,-9.43202],[-52.93475,-9.43785],[-52.93389,-9.44417],[-52.93114,-9.44699],[-52.92791,-9.44803],[-52.92588,-9.45036],[-52.92725,-9.45343],[-52.92991,-9.45482],[-52.93336,-9.45573],[-52.94356,-9.45794],[-52.95002,-9.45867],[-52.95283,-9.45787],[-52.95727,-9.45309],[-52.95972,-9.45124],[-52.96252,-9.44984],[-52.96636,-9.44947],[-52.97005,-9.4504],[-52.97306,-9.45187],[-52.97472,-9.45489],[-52.97533,-9.45891],[-52.9772,-9.46183],[-52.97983,-9.46422],[-52.98569,-9.46722],[-52.98799,-9.46909],[-52.99236,-9.47392],[-52.99508,-9.4753],[-53.00055,-9.47554],[-53.00369,-9.47491],[-53.00869,-9.4753],[-53.01269,-9.47686],[-53.0158,-9.47869],[-53.0218,-9.48089],[-53.02581,-9.48092],[-53.03275,-9.47706],[-53.03522,-9.47509],[-53.03969,-9.47593],[-53.0425,-9.4773],[-53.04647,-9.48782],[-53.04864,-9.48982],[-53.05119,-9.49137],[-53.05017,-9.49417],[-53.04814,-9.49634],[-53.04666,-9.50029],[-53.04708,-9.50317],[-53.05378,-9.51117],[-53.05522,-9.51411],[-53.05378,-9.52421],[-53.05447,-9.52783],[-53.05672,-9.53051],[-53.06022,-9.53179],[-53.06378,-9.5321],[-53.06734,-9.53364],[-53.07044,-9.53575],[-53.07683,-9.5361],[-53.08013,-9.53708],[-53.0863,-9.54175],[-53.08936,-9.54356],[-53.09311,-9.54454],[-53.09703,-9.54449],[-53.09966,-9.5473],[-53.10005,-9.55046],[-53.10242,-9.55241],[-53.10625,-9.55251],[-53.10938,-9.55194],[-53.11253,-9.55243],[-53.11367,-9.55601],[-53.11655,-9.55933],[-53.11947,-9.56139],[-53.12155,-9.56349],[-53.12413,-9.57261],[-53.12286,-9.57587],[-53.1222,-9.57961],[-53.12249,-9.58704],[-53.12069,-9.59681],[-53.12261,-9.60429],[-53.12442,-9.60741],[-53.12427,-9.61044],[-53.12624,-9.61293],[-53.12711,-9.61623],[-53.1268,-9.61968],[-53.12958,-9.62961],[-53.13325,-9.63515],[-53.13339,-9.64518],[-53.13339,-9.64533],[-53.12824,-9.64571],[-53.00047,-9.65527],[-52.95161,-9.65873],[-52.92129,-9.66087],[-52.61926,-9.68225],[-52.60224,-9.68344],[-52.35955,-9.70039],[-52.25666,-9.70772],[-52.2475,-9.70836],[-52.02725,-9.72393],[-52.00032,-9.72584],[-51.97172,-9.72778],[-51.72427,-9.74456],[-51.48817,-9.76058],[-51.41904,-9.7652],[-51.31449,-9.77218],[-51.30429,-9.77286],[-51.3044,-9.76926],[-51.3052,-9.76634],[-51.30734,-9.76349],[-51.30979,-9.76165],[-51.31154,-9.75853],[-51.31084,-9.75543],[-51.30849,-9.75252],[-51.30656,-9.74921],[-51.30143,-9.74516],[-51.29852,-9.7436],[-51.29676,-9.74091],[-51.29265,-9.72977],[-51.29279,-9.72185],[-51.28887,-9.71543],[-51.28601,-9.70879],[-51.2854,-9.69889],[-51.2892,-9.69943],[-51.2916,-9.69725],[-51.29318,-9.69448],[-51.29557,-9.68788],[-51.29743,-9.68509],[-51.3004,-9.68408],[-51.30331,-9.68521],[-51.30657,-9.68796],[-51.30932,-9.68594],[-51.31357,-9.68142],[-51.3171,-9.68063],[-51.31765,-9.67746],[-51.31616,-9.66531],[-51.31679,-9.66101],[-51.32096,-9.65504],[-51.32044,-9.65191],[-51.31738,-9.65016],[-51.32215,-9.64511],[-51.32507,-9.64313],[-51.32361,-9.6349],[-51.32115,-9.62945],[-51.32023,-9.62094],[-51.31942,-9.61716],[-51.31965,-9.614],[-51.32071,-9.61064],[-51.31843,-9.60773],[-51.31712,-9.60499],[-51.32,-9.60274],[-51.3267,-9.59988],[-51.32713,-9.59617],[-51.3234,-9.59587],[-51.32293,-9.59242],[-51.32864,-9.58938],[-51.34062,-9.58035],[-51.34442,-9.57862],[-51.34698,-9.57658],[-51.34976,-9.57542],[-51.3524,-9.57761],[-51.35396,-9.57485],[-51.35205,-9.56736],[-51.35443,-9.56569],[-51.35834,-9.56682],[-51.36699,-9.56691],[-51.36907,-9.56352],[-51.37272,-9.56376],[-51.37943,-9.56118],[-51.38301,-9.55934],[-51.38049,-9.55274],[-51.37729,-9.55118],[-51.37432,-9.55155],[-51.37101,-9.55271],[-51.36715,-9.55212],[-51.36415,-9.54992],[-51.36302,-9.54687],[-51.36588,-9.54457],[-51.3694,-9.54328],[-51.37196,-9.54094],[-51.37199,-9.53439],[-51.37443,-9.53259],[-51.37498,-9.52946],[-51.37332,-9.5259],[-51.37107,-9.5224],[-51.36901,-9.52012],[-51.36863,-9.51698],[-51.37132,-9.51514],[-51.38581,-9.51328],[-51.38907,-9.51244],[-51.39268,-9.51085],[-51.39563,-9.50893],[-51.40045,-9.50319],[-51.40718,-9.50323],[-51.40907,-9.50091],[-51.41241,-9.49937],[-51.41326,-9.49499],[-51.41337,-9.49163],[-51.41613,-9.48875],[-51.41892,-9.4873],[-51.42415,-9.48712],[-51.42672,-9.4843],[-51.43193,-9.47608],[-51.43413,-9.47364],[-51.4356,-9.47038],[-51.43588,-9.46702],[-51.43507,-9.46358],[-51.43726,-9.45733],[-51.43115,-9.45406],[-51.42932,-9.45179],[-51.43052,-9.44844],[-51.43326,-9.44681],[-51.43784,-9.44011],[-51.44423,-9.44166],[-51.44824,-9.44203],[-51.44952,-9.43931],[-51.4551,-9.43525],[-51.45729,-9.43],[-51.45649,-9.42601],[-51.45321,-9.42031],[-51.45368,-9.41657],[-51.45504,-9.41386],[-51.45752,-9.41105],[-51.4599,-9.40915],[-51.4629,-9.40816],[-51.46546,-9.41006],[-51.46846,-9.41098],[-51.47212,-9.4098],[-51.47285,-9.40646],[-51.47479,-9.40319],[-51.48054,-9.39641],[-51.48357,-9.39397],[-51.48768,-9.38736],[-51.48851,-9.38446],[-51.48879,-9.3812],[-51.48696,-9.37856],[-51.48415,-9.37675],[-51.47904,-9.37211],[-51.47732,-9.36903],[-51.47705,-9.36613],[-51.47493,-9.36358],[-51.47576,-9.35933],[-51.47532,-9.35616],[-51.47315,-9.35062],[-51.47032,-9.34827],[-51.46704,-9.34789],[-51.46504,-9.34444],[-51.46385,-9.34054],[-51.46548,-9.33692],[-51.46377,-9.33366],[-51.46332,-9.33066],[-51.46451,-9.32605],[-51.46715,-9.32406],[-51.47118,-9.32334],[-51.47401,-9.32462],[-51.47703,-9.32478],[-51.48215,-9.31593],[-51.48607,-9.31312],[-51.48682,-9.30977],[-51.48279,-9.3046],[-51.48163,-9.2997],[-51.48502,-9.29418],[-51.48501,-9.29074],[-51.48557,-9.28774],[-51.4824,-9.27958],[-51.48249,-9.2765],[-51.48404,-9.27396],[-51.48187,-9.26671],[-51.48387,-9.26318],[-51.48324,-9.26],[-51.47935,-9.25195],[-51.47927,-9.24794],[-51.48254,-9.24731],[-51.48691,-9.2485],[-51.49046,-9.24896],[-51.49313,-9.24697],[-51.4954,-9.2409],[-51.4936,-9.23799],[-51.49871,-9.22975],[-51.50073,-9.22748],[-51.50354,-9.22666],[-51.50646,-9.22492],[-51.50718,-9.22129],[-51.50726,-9.21822],[-51.50921,-9.20887],[-51.51204,-9.20641],[-51.51377,-9.20279],[-51.51329,-9.19979],[-51.51601,-9.19752],[-51.51829,-9.19433],[-51.52157,-9.19233],[-51.52493,-9.19177],[-51.5284,-9.19448],[-51.53207,-9.20054],[-51.54087,-9.20648],[-51.54379,-9.20719],[-51.54679,-9.20691],[-51.54668,-9.20373],[-51.54009,-9.19606],[-51.53687,-9.19063],[-51.53859,-9.18773],[-51.54087,-9.18582],[-51.54379,-9.18426],[-51.54381,-9.17484],[-51.54326,-9.17085],[-51.54399,-9.16777],[-51.54579,-9.1655],[-51.54879,-9.1644],[-51.55115,-9.16186],[-51.55399,-9.15966],[-51.55707,-9.15919],[-51.56119,-9.15709],[-51.56599,-9.15091],[-51.56768,-9.14719],[-51.57032,-9.14428],[-51.57323,-9.14254],[-51.57576,-9.13682],[-51.57511,-9.133],[-51.56905,-9.1239],[-51.56812,-9.12064],[-51.56793,-9.11629],[-51.5668,-9.10879],[-51.5624,-9.10317],[-51.56057,-9.09937],[-51.55963,-9.09557],[-51.5617,-9.08895],[-51.56204,-9.08505],[-51.56395,-9.08187],[-51.57023,-9.08139],[-51.5751,-9.0849],[-51.58202,-9.08777],[-51.5854,-9.08749],[-51.59487,-9.08872],[-51.5979,-9.08753],[-51.60071,-9.08497],[-51.60479,-9.07916],[-51.61488,-9.07449],[-51.61851,-9.07148],[-51.62507,-9.07173],[-51.62782,-9.07036],[-51.63032,-9.06427],[-51.63335,-9.06245],[-51.63962,-9.06433],[-51.6494,-9.06826],[-51.65252,-9.06798],[-51.65613,-9.06189],[-51.65957,-9.06052],[-51.66304,-9.05841],[-51.66651,-9.05913],[-51.66904,-9.05703],[-51.67232,-9.0563],[-51.6734,-9.05257],[-51.67058,-9.04933],[-51.6679,-9.0477],[-51.66671,-9.0449],[-51.66762,-9.04172],[-51.66996,-9.03954],[-51.68018,-9.04176],[-51.68338,-9.04111],[-51.68574,-9.0392],[-51.6869,-9.03629],[-51.68991,-9.03428],[-51.69602,-9.03208],[-51.69846,-9.03008],[-51.70027,-9.02735],[-51.70163,-9.02309],[-51.70049,-9.01675],[-51.7004,-9.01376],[-51.70193,-9.01122],[-51.7041,-9.00894],[-51.71449,-9.00617],[-51.71704,-9.0048],[-51.72349,-8.99741],[-51.72918,-8.99446],[-51.73238,-8.99035],[-51.73557,-8.98377],[-51.73851,-8.98194],[-51.74512,-8.97944],[-51.74284,-8.97536],[-51.74146,-8.9715],[-51.74121,-8.96356],[-51.73277,-8.95518],[-51.73001,-8.95337],[-51.72796,-8.94974],[-51.72749,-8.94339],[-51.7293,-8.94021],[-51.72929,-8.93453],[-51.72791,-8.93113],[-51.72882,-8.92795],[-51.73429,-8.92227],[-51.73379,-8.91455],[-51.73243,-8.91138],[-51.73151,-8.90412],[-51.73196,-8.90048],[-51.73424,-8.89843],[-51.73696,-8.89707],[-51.7381,-8.89343],[-51.74196,-8.88729],[-51.74879,-8.88683],[-51.75382,-8.88705],[-51.76409,-8.88679],[-51.76729,-8.88497],[-51.77255,-8.88382],[-51.77548,-8.88382],[-51.7796,-8.8829],[-51.7844,-8.88266],[-51.79171,-8.88423],[-51.80266,-8.88579],[-51.80724,-8.88783],[-51.80951,-8.89009],[-51.81226,-8.89122],[-51.81524,-8.89439],[-51.81912,-8.89619],[-51.83969,-8.9],[-51.8472,-8.90383],[-51.85429,-8.90564],[-51.8584,-8.90585],[-51.86502,-8.90471],[-51.87026,-8.9031],[-51.87346,-8.90173],[-51.87732,-8.899],[-51.88096,-8.8974],[-51.88324,-8.8933],[-51.88663,-8.88354],[-51.88846,-8.87968],[-51.89052,-8.87763],[-51.89277,-8.87421],[-51.89643,-8.87126],[-51.90052,-8.86875],[-51.90349,-8.86761],[-51.90668,-8.8651],[-51.9158,-8.86077],[-51.91807,-8.85849],[-51.92215,-8.85281],[-51.92282,-8.84962],[-51.92188,-8.83874],[-51.91887,-8.82468],[-51.91957,-8.82172],[-51.92138,-8.81876],[-51.91999,-8.81559],[-51.91658,-8.81152],[-51.90399,-8.8027],[-51.90012,-8.8018],[-51.89738,-8.79909],[-51.89415,-8.79683],[-51.88935,-8.79455],[-51.88322,-8.7905],[-51.87977,-8.78915],[-51.87679,-8.7887],[-51.86949,-8.7869],[-51.86563,-8.78578],[-51.86243,-8.78442],[-51.85693,-8.78126],[-51.85304,-8.78037],[-51.84688,-8.77652],[-51.84324,-8.77313],[-51.84026,-8.77155],[-51.8334,-8.76952],[-51.83021,-8.76771],[-51.82356,-8.76249],[-51.81854,-8.75707],[-51.81649,-8.75367],[-51.81351,-8.75118],[-51.81054,-8.7496],[-51.80365,-8.74483],[-51.78932,-8.73311],[-51.78609,-8.73104],[-51.78426,-8.72878],[-51.78107,-8.72765],[-51.77946,-8.72516],[-51.78151,-8.72153],[-51.78079,-8.71203],[-51.78288,-8.70972],[-51.78923,-8.71039],[-51.79243,-8.71129],[-51.79563,-8.70947],[-51.79563,-8.70629],[-51.78715,-8.69813],[-51.78488,-8.69405],[-51.78532,-8.69086],[-51.78509,-8.68574],[-51.78621,-8.68293],[-51.78596,-8.67953],[-51.78049,-8.67705],[-51.77524,-8.67161],[-51.77499,-8.66798],[-51.7766,-8.66503],[-51.77771,-8.66117],[-51.77815,-8.65231],[-51.77882,-8.64868],[-51.77791,-8.64437],[-51.77788,-8.63552],[-51.77629,-8.63279],[-51.77126,-8.62781],[-51.77171,-8.62122],[-51.77033,-8.61467],[-51.77121,-8.60648],[-51.77279,-8.60375],[-51.77507,-8.60148],[-51.77621,-8.59625],[-51.78029,-8.59375],[-51.78258,-8.59125],[-51.79054,-8.59032],[-51.79806,-8.58736],[-51.79851,-8.58326],[-51.79257,-8.57942],[-51.79029,-8.57716],[-51.79165,-8.57398],[-51.79463,-8.57148],[-51.79807,-8.57054],[-51.80621,-8.56623],[-51.8076,-8.56191],[-51.8101,-8.55872],[-51.81168,-8.55509],[-51.81213,-8.55101],[-51.81099,-8.54806],[-51.80801,-8.54739],[-51.80574,-8.54467],[-51.80205,-8.52907],[-51.80157,-8.52425],[-51.79973,-8.52062],[-51.79651,-8.50974],[-51.79721,-8.50452],[-51.79215,-8.49749],[-51.7901,-8.4907],[-51.79054,-8.48388],[-51.79007,-8.48002],[-51.78733,-8.47208],[-51.78296,-8.45643],[-51.78065,-8.45258],[-51.7754,-8.44692],[-51.7729,-8.44216],[-51.77196,-8.4383],[-51.76557,-8.43446],[-51.76443,-8.43174],[-51.76466,-8.42832],[-51.76579,-8.42379],[-51.77054,-8.41855],[-51.77238,-8.41515],[-51.77349,-8.40811],[-51.77665,-8.39675],[-51.77618,-8.39018],[-51.77688,-8.38722],[-51.78004,-8.38471],[-51.78171,-8.37968],[-51.78827,-8.38492],[-51.79213,-8.38628],[-51.80193,-8.38807],[-51.80513,-8.38988],[-51.80766,-8.39214],[-51.81063,-8.39849],[-51.81177,-8.40235],[-51.81407,-8.40506],[-51.8182,-8.40687],[-51.82433,-8.40709],[-51.83706,-8.40977],[-51.84004,-8.41067],[-51.84257,-8.41317],[-51.84557,-8.41886],[-51.85194,-8.42404],[-51.85582,-8.4263],[-51.86085,-8.42606],[-51.86402,-8.42696],[-51.86746,-8.42695],[-51.87063,-8.4249],[-51.87746,-8.42375],[-51.88499,-8.42577],[-51.88866,-8.42577],[-51.89185,-8.42667],[-51.89457,-8.42871],[-51.90257,-8.43208],[-51.91101,-8.43774],[-51.91465,-8.43931],[-51.91719,-8.44113],[-51.92424,-8.43907],[-51.9279,-8.44064],[-51.93107,-8.44064],[-51.93427,-8.44153],[-51.9379,-8.44085],[-51.93835,-8.43405],[-51.93993,-8.43063],[-51.94243,-8.42744],[-51.94562,-8.42516],[-51.9486,-8.42516],[-51.95199,-8.42356],[-51.95496,-8.42083],[-51.96271,-8.42081],[-51.96546,-8.42262],[-51.97252,-8.42441],[-51.97572,-8.4226],[-51.97799,-8.4244],[-51.98141,-8.42325],[-51.98368,-8.42098],[-51.9871,-8.42165],[-51.99074,-8.423],[-51.99415,-8.42299],[-51.99713,-8.42435],[-52.00055,-8.42252],[-52.00374,-8.42161],[-52.00532,-8.41796],[-52.00965,-8.41591],[-52.01146,-8.41319],[-52.01466,-8.41204],[-52.01785,-8.41249],[-52.01965,-8.40998],[-52.02513,-8.40656],[-52.02374,-8.40384],[-52.02145,-8.4018],[-52.02007,-8.39841],[-52.02121,-8.39545],[-52.02232,-8.38865],[-52.0246,-8.38637],[-52.02526,-8.38274],[-52.02299,-8.38024],[-52.02185,-8.3773],[-52.02546,-8.37229],[-52.02638,-8.36911],[-52.02635,-8.36255],[-52.02407,-8.36027],[-52.02588,-8.358],[-52.02748,-8.35481],[-52.02996,-8.34663],[-52.02949,-8.34255],[-52.02971,-8.3396],[-52.03266,-8.33733],[-52.03585,-8.33709],[-52.03996,-8.33548],[-52.04535,-8.33479],[-52.04977,-8.33705],[-52.05205,-8.33885],[-52.05432,-8.33612],[-52.05682,-8.3343],[-52.05588,-8.3309],[-52.05771,-8.32863],[-52.06271,-8.32475],[-52.06613,-8.32361],[-52.07043,-8.31906],[-52.07363,-8.31837],[-52.07635,-8.31677],[-52.07794,-8.31359],[-52.07793,-8.30931],[-52.07679,-8.30633],[-52.07905,-8.30315],[-52.07882,-8.30019],[-52.07469,-8.2934],[-52.07718,-8.2918],[-52.08405,-8.29428],[-52.08608,-8.29177],[-52.08335,-8.28997],[-52.08219,-8.28702],[-52.08376,-8.28384],[-52.08329,-8.27772],[-52.08035,-8.27659],[-52.07782,-8.2741],[-52.07574,-8.26389],[-52.07232,-8.26186],[-52.0698,-8.25914],[-52.06979,-8.2562],[-52.06797,-8.25324],[-52.07274,-8.24938],[-52.07432,-8.24642],[-52.07638,-8.24437],[-52.07682,-8.24074],[-52.07771,-8.23779],[-52.07543,-8.23507],[-52.07247,-8.23281],[-52.07199,-8.22873],[-52.07266,-8.2251],[-52.07265,-8.22192],[-52.07152,-8.21829],[-52.07241,-8.21511],[-52.08151,-8.2085],[-52.08446,-8.20826],[-52.0856,-8.20554],[-52.08832,-8.20394],[-52.09333,-8.20007],[-52.09604,-8.19371],[-52.09877,-8.1912],[-52.10102,-8.18666],[-52.10329,-8.18392],[-52.10693,-8.18278],[-52.11012,-8.18459],[-52.11402,-8.18458],[-52.11605,-8.18139],[-52.11877,-8.17979],[-52.11944,-8.17684],[-52.1183,-8.17321],[-52.11943,-8.17003],[-52.11896,-8.16663],[-52.12099,-8.1614],[-52.12419,-8.15844],[-52.12599,-8.15549],[-52.1294,-8.15253],[-52.131,-8.1498],[-52.13349,-8.14752],[-52.13166,-8.14458],[-52.12711,-8.14323],[-52.12641,-8.13937],[-52.12821,-8.1371],[-52.12866,-8.13301],[-52.13094,-8.13074],[-52.13068,-8.12506],[-52.1318,-8.12166],[-52.13477,-8.12097],[-52.13698,-8.11919],[-52.14091,-8.11936],[-52.14727,-8.11639],[-52.14727,-8.11299],[-52.14407,-8.11095],[-52.1436,-8.1071],[-52.14224,-8.10416],[-52.13927,-8.10098],[-52.13721,-8.09759],[-52.14104,-8.09258],[-52.13696,-8.0858],[-52.1385,-8.07904],[-52.13668,-8.07557],[-52.13371,-8.07467],[-52.13188,-8.07037],[-52.13141,-8.06651],[-52.12868,-8.06382],[-52.12752,-8.05926],[-52.13002,-8.05607],[-52.13321,-8.05675],[-52.13457,-8.05969],[-52.13776,-8.06104],[-52.14074,-8.06036],[-52.14504,-8.06034],[-52.14824,-8.05897],[-52.15052,-8.05715],[-52.15299,-8.05329],[-52.15527,-8.05123],[-52.15526,-8.0476],[-52.15638,-8.04351],[-52.1591,-8.04101],[-52.16071,-8.03851],[-52.16343,-8.03668],[-52.16365,-8.0335],[-52.16067,-8.03077],[-52.15566,-8.02468],[-52.15291,-8.0231],[-52.15155,-8.01993],[-52.15265,-8.01652],[-52.15243,-8.01334],[-52.15332,-8.00972],[-52.15013,-8.00904],[-52.15171,-8.00586],[-52.14692,-8.00074],[-52.14563,-7.99739],[-52.1421,-7.99356],[-52.14013,-7.98848],[-52.14207,-7.98578],[-52.14443,-7.98398],[-52.14963,-7.98391],[-52.16007,-7.98018],[-52.16129,-7.97721],[-52.16585,-7.97406],[-52.15838,-7.96297],[-52.16304,-7.95929],[-52.16596,-7.95596],[-52.16943,-7.95399],[-52.1679,-7.94918],[-52.17074,-7.94793],[-52.17021,-7.94476],[-52.1708,-7.94069],[-52.17352,-7.93708],[-52.1721,-7.93309],[-52.17869,-7.92499],[-52.17268,-7.92503],[-52.16774,-7.92084],[-52.1696,-7.91424],[-52.17296,-7.91046],[-52.16238,-7.90532],[-52.16727,-7.89576],[-52.16652,-7.88299],[-52.16063,-7.8824],[-52.15558,-7.89206],[-52.15169,-7.88778],[-52.15138,-7.87954],[-52.14665,-7.88059],[-52.14552,-7.87561],[-52.13072,-7.86684],[-52.13396,-7.8633],[-52.14227,-7.85729],[-52.13657,-7.85273],[-52.14141,-7.85077],[-52.14477,-7.84772],[-52.14035,-7.84397],[-52.14854,-7.83905],[-52.14433,-7.83595],[-52.14685,-7.83406],[-52.14474,-7.82762],[-52.14711,-7.82519],[-52.14961,-7.8176],[-52.14562,-7.81358],[-52.14207,-7.81552],[-52.13735,-7.81517],[-52.13363,-7.81704],[-52.13051,-7.8066],[-52.13165,-7.80155],[-52.12271,-7.79135],[-52.11921,-7.7858],[-52.12332,-7.78148],[-52.11993,-7.77485],[-52.11646,-7.77618],[-52.11741,-7.77085],[-52.1129,-7.76711],[-52.10852,-7.76989],[-52.10346,-7.76704],[-52.10604,-7.76028],[-52.10152,-7.75852],[-52.10207,-7.75463],[-52.1004,-7.74991],[-52.0961,-7.75242],[-52.09229,-7.75166],[-52.08674,-7.75516],[-52.08557,-7.75199],[-52.08824,-7.7492],[-52.08435,-7.74673],[-52.0761,-7.74668],[-52.07224,-7.7509],[-52.06499,-7.75004],[-52.0641,-7.74533],[-52.06113,-7.74531],[-52.0606,-7.74204],[-52.05696,-7.74392],[-52.05048,-7.74335],[-52.05062,-7.73917],[-52.04646,-7.73896],[-52.04649,-7.73597],[-52.03819,-7.72912],[-52.0346,-7.73254],[-52.02332,-7.73617],[-52.01668,-7.7373],[-52.01443,-7.73412],[-52.00912,-7.72965],[-52.00457,-7.73269],[-52.00046,-7.72973],[-51.99685,-7.72921],[-51.99187,-7.72461],[-51.98838,-7.72546],[-51.98735,-7.72836],[-51.98974,-7.73074],[-51.99635,-7.73329],[-51.99821,-7.73604],[-51.99877,-7.73914],[-51.9986,-7.74241],[-51.99743,-7.74509],[-51.99476,-7.7463],[-51.99232,-7.74465],[-51.98924,-7.74351],[-51.98268,-7.74258],[-51.98366,-7.74882],[-51.98357,-7.75272],[-51.98551,-7.75488],[-51.98615,-7.75895],[-51.98527,-7.76259],[-51.98346,-7.76505],[-51.98068,-7.7666],[-51.9776,-7.76629],[-51.97185,-7.76794],[-51.96849,-7.76831],[-51.96232,-7.77085],[-51.95971,-7.76898],[-51.95785,-7.7657],[-51.95826,-7.76238],[-51.95282,-7.75746],[-51.95132,-7.75485],[-51.94396,-7.75312],[-51.94349,-7.7494],[-51.94593,-7.74765],[-51.94749,-7.74098],[-51.94742,-7.73801],[-51.94104,-7.73386],[-51.93935,-7.73062],[-51.9386,-7.72686],[-51.93699,-7.72428],[-51.93424,-7.72315],[-51.93129,-7.72346],[-51.92747,-7.72305],[-51.92242,-7.71852],[-51.91665,-7.71431],[-51.91298,-7.71527],[-51.91007,-7.71553],[-51.90679,-7.71493],[-51.90421,-7.71342],[-51.89762,-7.71116],[-51.89599,-7.7145],[-51.89373,-7.71648],[-51.89102,-7.71782],[-51.88941,-7.72038],[-51.88593,-7.72213],[-51.88301,-7.71596],[-51.88248,-7.70206],[-51.88304,-7.69896],[-51.88565,-7.69715],[-51.88698,-7.69359],[-51.88649,-7.68726],[-51.88743,-7.68081],[-51.88705,-7.67764],[-51.88632,-7.67466],[-51.88335,-7.66848],[-51.87627,-7.66117],[-51.8746,-7.65852],[-51.8739,-7.65553],[-51.88468,-7.65529],[-51.89165,-7.65364],[-51.89504,-7.65202],[-51.8966,-7.64863],[-51.8956,-7.6425],[-51.89429,-7.63947],[-51.89282,-7.63347],[-51.88979,-7.63182],[-51.88701,-7.63094],[-51.88396,-7.63109],[-51.88235,-7.62799],[-51.88257,-7.62183],[-51.8834,-7.61892],[-51.8859,-7.61729],[-51.88752,-7.61412],[-51.88718,-7.61082],[-51.88355,-7.60983],[-51.8806,-7.60964],[-51.87968,-7.60315],[-51.88288,-7.60171],[-51.88249,-7.59247],[-51.88335,-7.58936],[-51.88143,-7.58695],[-51.87868,-7.58086],[-51.8768,-7.57809],[-51.87449,-7.57628],[-51.8734,-7.57309],[-51.87312,-7.56962],[-51.87391,-7.56666],[-51.87693,-7.56142],[-51.87748,-7.55804],[-51.87668,-7.55193],[-51.87443,-7.55005],[-51.87282,-7.55272],[-51.87415,-7.55615],[-51.86838,-7.55962],[-51.86538,-7.5609],[-51.86365,-7.55823],[-51.86618,-7.55663],[-51.8676,-7.55379],[-51.86818,-7.55084],[-51.86421,-7.5449],[-51.86313,-7.54205],[-51.8634,-7.53902],[-51.86599,-7.53701],[-51.86707,-7.53032],[-51.86399,-7.52835],[-51.86179,-7.5253],[-51.85901,-7.52252],[-51.85501,-7.5135],[-51.85024,-7.51006],[-51.8484,-7.50766],[-51.84705,-7.5049],[-51.84632,-7.50201],[-51.84335,-7.49737],[-51.84601,-7.49567],[-51.84493,-7.49277],[-51.83879,-7.49163],[-51.83571,-7.48988],[-51.83381,-7.48706],[-51.83085,-7.48631],[-51.82832,-7.48448],[-51.82145,-7.48488],[-51.81863,-7.48241],[-51.81501,-7.47125],[-51.8147,-7.46717],[-51.81432,-7.46508],[-51.81699,-7.46193],[-51.81657,-7.45859],[-51.81812,-7.45607],[-51.81924,-7.45273],[-51.81627,-7.45224],[-51.8149,-7.44961],[-51.81352,-7.44217],[-51.8151,-7.43894],[-51.81576,-7.43459],[-51.81409,-7.4319],[-51.81107,-7.43347],[-51.80807,-7.43389],[-51.80565,-7.43016],[-51.80157,-7.42841],[-51.80135,-7.42479],[-51.79919,-7.42205],[-51.79988,-7.41554],[-51.79688,-7.41479],[-51.79474,-7.41269],[-51.79332,-7.40906],[-51.79352,-7.40526],[-51.78829,-7.39859],[-51.77815,-7.38956],[-51.77683,-7.38665],[-51.77365,-7.38392],[-51.77224,-7.38091],[-51.7729,-7.37775],[-51.77121,-7.37439],[-51.76752,-7.37282],[-51.76543,-7.37036],[-51.76559,-7.36121],[-51.7629,-7.3582],[-51.76068,-7.35475],[-51.7619,-7.34788],[-51.76954,-7.34495],[-51.77622,-7.34708],[-51.77771,-7.34457],[-51.78185,-7.33981],[-51.78004,-7.33636],[-51.77754,-7.33388],[-51.77629,-7.33062],[-51.77705,-7.32764],[-51.77627,-7.32401],[-51.76476,-7.3212],[-51.76151,-7.31954],[-51.7599,-7.31699],[-51.7594,-7.31336],[-51.75652,-7.31135],[-51.75382,-7.30843],[-51.75276,-7.30462],[-51.75279,-7.29955],[-51.75337,-7.29657],[-51.75512,-7.29288],[-51.75127,-7.29031],[-51.74373,-7.29006],[-51.74102,-7.28877],[-51.73895,-7.28486],[-51.74035,-7.28153],[-51.74454,-7.28146],[-51.74732,-7.28249],[-51.74998,-7.2807],[-51.75001,-7.27698],[-51.74948,-7.27382],[-51.74304,-7.26517],[-51.73959,-7.26466],[-51.73777,-7.25709],[-51.73816,-7.25389],[-51.7399,-7.25102],[-51.73846,-7.24774],[-51.7376,-7.24429],[-51.73423,-7.24409],[-51.7316,-7.24542],[-51.7277,-7.24548],[-51.72463,-7.24491],[-51.72201,-7.2428],[-51.72068,-7.24008],[-51.71862,-7.23798],[-51.71591,-7.2365],[-51.70761,-7.23462],[-51.70479,-7.23297],[-51.70429,-7.22871],[-51.70268,-7.22508],[-51.70027,-7.22225],[-51.69737,-7.22168],[-51.6929,-7.22246],[-51.68567,-7.22248],[-51.67479,-7.22031],[-51.6741,-7.21732],[-51.68068,-7.2134],[-51.68285,-7.21115],[-51.68015,-7.20922],[-51.67699,-7.20793],[-51.67601,-7.20466],[-51.67724,-7.20105],[-51.67526,-7.19859],[-51.67137,-7.19658],[-51.66712,-7.19508],[-51.66129,-7.19068],[-51.65804,-7.19002],[-51.65978,-7.18651],[-51.65937,-7.18252],[-51.65668,-7.17797],[-51.65429,-7.15197],[-51.65624,-7.14782],[-51.65879,-7.14513],[-51.66109,-7.14134],[-51.66229,-7.13747],[-51.66294,-7.12806],[-51.66273,-7.11999],[-51.66324,-7.11821],[-51.66443,-7.11187],[-51.66257,-7.10587],[-51.66093,-7.0978],[-51.6579,-7.08972],[-51.65732,-7.08654],[-51.65843,-7.08348],[-51.66447,-7.07423],[-51.66568,-7.07105],[-51.66484,-7.06434],[-51.66507,-7.06009],[-51.66883,-7.05459],[-51.67671,-7.04496],[-51.6808,-7.03262],[-51.68193,-7.02702],[-51.68388,-7.0226],[-51.68634,-7.01937],[-51.68899,-7.01694],[-51.69238,-7.01479],[-51.69424,-7.01189],[-51.70241,-7.00377],[-51.7019,-7.00045],[-51.70276,-6.99739],[-51.70615,-6.99233],[-51.70843,-6.99007],[-51.71117,-6.98873],[-51.71454,-6.98621],[-51.71865,-6.97933],[-51.71977,-6.97508],[-51.72479,-6.96921],[-51.72832,-6.96914],[-51.7316,-6.96842],[-51.74016,-6.96502],[-51.7436,-6.9625],[-51.74471,-6.95789],[-51.74365,-6.9529],[-51.74079,-6.94653],[-51.73593,-6.93952],[-51.73195,-6.93561],[-51.72804,-6.93368],[-51.72479,-6.93303],[-51.71985,-6.9341],[-51.71262,-6.9366],[-51.70738,-6.93348],[-51.7041,-6.9331],[-51.70038,-6.93345],[-51.69357,-6.93205],[-51.69024,-6.93013],[-51.68844,-6.92704],[-51.68566,-6.91805],[-51.68496,-6.91324],[-51.68498,-6.90698],[-51.68657,-6.90309],[-51.69074,-6.90058],[-51.69546,-6.90006],[-51.6999,-6.90099],[-51.70426,-6.90273],[-51.71048,-6.90675],[-51.71393,-6.90749],[-51.72074,-6.90808],[-51.72409,-6.90664],[-51.72557,-6.90284],[-51.72524,-6.89985],[-51.72171,-6.89602],[-51.7181,-6.89292],[-51.70788,-6.88625],[-51.70643,-6.8837],[-51.70582,-6.8797],[-51.70337,-6.87715],[-51.6966,-6.87277],[-51.69427,-6.86877],[-51.6952,-6.85936],[-51.69423,-6.85498],[-51.69418,-6.85181],[-51.69545,-6.84909],[-51.69802,-6.84693],[-51.70282,-6.84469],[-51.70582,-6.84389],[-51.70901,-6.84372],[-51.71671,-6.84494],[-51.72016,-6.8445],[-51.72571,-6.83954],[-51.72718,-6.83647],[-51.72809,-6.83267],[-51.7276,-6.82804],[-51.72624,-6.82504],[-51.72454,-6.82258],[-51.72318,-6.81913],[-51.72351,-6.81393],[-51.72484,-6.81107],[-51.72787,-6.80654],[-51.73101,-6.79877],[-51.72668,-6.79412],[-51.7234,-6.79601],[-51.71657,-6.79878],[-51.71303,-6.80067],[-51.70932,-6.80084],[-51.70604,-6.79863],[-51.70351,-6.79627],[-51.70107,-6.79843],[-51.69924,-6.80177],[-51.69651,-6.8034],[-51.69251,-6.80365],[-51.68923,-6.80463],[-51.68588,-6.80652],[-51.68296,-6.80732],[-51.68006,-6.80586],[-51.67698,-6.80538],[-51.66935,-6.80661],[-51.66582,-6.80677],[-51.66321,-6.80386],[-51.66151,-6.80031],[-51.6586,-6.79804],[-51.65698,-6.79549],[-51.65382,-6.7952],[-51.65256,-6.79211],[-51.6494,-6.79001],[-51.64604,-6.79143],[-51.6424,-6.79151],[-51.63727,-6.78804],[-51.63534,-6.78585],[-51.63493,-6.78195],[-51.63184,-6.78094],[-51.62418,-6.77165],[-51.6202,-6.77081],[-51.61721,-6.7707],[-51.61448,-6.77196],[-51.61138,-6.77421],[-51.60912,-6.77111],[-51.60615,-6.76928],[-51.60198,-6.76401],[-51.60085,-6.76082],[-51.60204,-6.75738],[-51.60087,-6.7532],[-51.5969,-6.75192],[-51.59393,-6.74927],[-51.59082,-6.74971],[-51.58729,-6.74797],[-51.58712,-6.74479],[-51.58788,-6.74117],[-51.59019,-6.73843],[-51.59201,-6.73002],[-51.59284,-6.72795],[-51.59521,-6.72552],[-51.59224,-6.72423],[-51.58904,-6.72567],[-51.58551,-6.72383],[-51.58562,-6.71975],[-51.58693,-6.71641],[-51.58618,-6.71353],[-51.58615,-6.71005],[-51.5886,-6.70707],[-51.5859,-6.70443],[-51.5851,-6.70153],[-51.58252,-6.69961],[-51.58059,-6.69697],[-51.58207,-6.69444],[-51.58487,-6.69354],[-51.58351,-6.69063],[-51.58445,-6.68665],[-51.58238,-6.68428],[-51.57937,-6.68626],[-51.57701,-6.68905],[-51.57409,-6.69149],[-51.57037,-6.69183],[-51.56849,-6.68937],[-51.56135,-6.68308],[-51.56018,-6.67972],[-51.55393,-6.67714],[-51.55068,-6.67804],[-51.54954,-6.67123],[-51.54618,-6.67085],[-51.54354,-6.66893],[-51.54048,-6.66836],[-51.53804,-6.66635],[-51.53615,-6.66399],[-51.53295,-6.66524],[-51.52853,-6.66123],[-51.52446,-6.66175],[-51.52145,-6.66137],[-51.51621,-6.6536],[-51.51318,-6.65353],[-51.5109,-6.65143],[-51.50929,-6.64815],[-51.50613,-6.64632],[-51.50046,-6.64656],[-51.4972,-6.64604],[-51.49676,-6.64495],[-51.49232,-6.64164],[-51.49045,-6.63718],[-51.48265,-6.62975],[-51.47744,-6.62417],[-51.47558,-6.6171],[-51.47409,-6.61078],[-51.47445,-6.60297],[-51.47556,-6.59515],[-51.4737,-6.59069],[-51.47146,-6.58436],[-51.47146,-6.57692],[-51.46997,-6.57134],[-51.46588,-6.56725],[-51.46364,-6.56205],[-51.45763,-6.56081],[-51.45494,-6.55678],[-51.45135,-6.54916],[-51.45044,-6.53301],[-51.45178,-6.52583],[-51.45222,-6.51775],[-51.45535,-6.51012],[-51.45937,-6.50653],[-51.46116,-6.5007],[-51.46831,-6.48947],[-51.47367,-6.47108],[-51.5005,-6.44548],[-51.5099,-6.44547],[-51.51034,-6.44233],[-51.51168,-6.43694],[-51.51077,-6.42394],[-51.513,-6.41406],[-51.51792,-6.40823],[-51.52508,-6.40553],[-51.52552,-6.40059],[-51.5367,-6.38802],[-51.54073,-6.38891],[-51.54609,-6.38532],[-51.55102,-6.38666],[-51.56299,-6.38589],[-51.59877,-6.38589],[-51.62643,-6.38589],[-51.90853,-6.38579],[-51.91856,-6.39784],[-51.91833,-6.40497],[-51.91822,-6.4063],[-51.92027,-6.40763],[-51.92656,-6.41608],[-51.92801,-6.41874],[-51.92898,-6.42091],[-51.93151,-6.42248],[-51.93368,-6.42356],[-51.93515,-6.42314],[-51.93718,-6.42599],[-51.93864,-6.42516],[-51.94257,-6.42628],[-51.94274,-6.42833],[-51.94403,-6.42886],[-51.94591,-6.42891],[-51.94791,-6.43141],[-51.94864,-6.43277],[-51.95054,-6.43309],[-51.95346,-6.43397],[-51.95376,-6.43458],[-51.95514,-6.43464],[-51.95605,-6.43372],[-51.95663,-6.43376],[-51.95854,-6.43299],[-51.95936,-6.4324],[-51.96039,-6.43295],[-51.96088,-6.43467],[-51.96281,-6.4324],[-51.96419,-6.43226],[-51.96724,-6.43133],[-51.96866,-6.43116],[-51.96947,-6.43067],[-51.97125,-6.43106],[-51.9721,-6.43029],[-51.97507,-6.43022],[-51.97686,-6.43062],[-51.97844,-6.43191],[-51.97898,-6.4329],[-51.98015,-6.43306],[-51.98063,-6.43221],[-51.98159,-6.43168],[-51.98072,-6.43029],[-51.98087,-6.42935],[-51.98205,-6.42907],[-51.98402,-6.43],[-51.98739,-6.43221],[-51.98832,-6.43183],[-51.98949,-6.43304],[-51.99022,-6.43212],[-51.99118,-6.43271],[-51.99223,-6.43199],[-51.99299,-6.43249],[-51.99329,-6.43145],[-51.99285,-6.43038],[-51.99466,-6.43044],[-51.99584,-6.43078],[-51.99509,-6.43186],[-51.9953,-6.43264],[-51.99648,-6.43282],[-51.9972,-6.43248],[-51.99816,-6.43315],[-51.99913,-6.43527],[-51.9997,-6.43605],[-52.00065,-6.4365],[-52.00443,-6.43703],[-52.00514,-6.4377],[-52.00578,-6.43978],[-52.00537,-6.44187],[-52.00611,-6.44694],[-52.00759,-6.44792],[-52.00866,-6.44959],[-52.00871,-6.4507],[-52.00772,-6.45153],[-52.00854,-6.45248],[-52.00843,-6.45335],[-52.0101,-6.45574],[-52.01111,-6.45805],[-52.01261,-6.46093],[-52.01261,-6.46311],[-52.01357,-6.46529],[-52.01702,-6.46632],[-52.01737,-6.46752],[-52.01712,-6.4686],[-52.01744,-6.46966],[-52.01871,-6.47218],[-52.01967,-6.47529],[-52.02017,-6.47586],[-52.02081,-6.47872],[-52.02251,-6.48258],[-52.02449,-6.48352],[-52.02553,-6.48334],[-52.02627,-6.48262],[-52.02824,-6.48136],[-52.03023,-6.4811],[-52.03102,-6.48159],[-52.03304,-6.48212],[-52.03436,-6.48193],[-52.03684,-6.48067],[-52.03798,-6.48041],[-52.04113,-6.48163],[-52.04203,-6.48244],[-52.04284,-6.48415],[-52.0462,-6.48685],[-52.04793,-6.4888],[-52.04793,-6.49002],[-52.04864,-6.49026],[-52.05019,-6.49261],[-52.05073,-6.49295],[-52.05142,-6.49518],[-52.05226,-6.49551],[-52.0524,-6.49653],[-52.05353,-6.49702],[-52.05346,-6.49969],[-52.05373,-6.50043],[-52.05616,-6.50018],[-52.05725,-6.50135],[-52.05791,-6.50259],[-52.0585,-6.5028],[-52.06016,-6.50224],[-52.06016,-6.50352],[-52.06163,-6.50325],[-52.06222,-6.5035],[-52.06499,-6.50302],[-52.06684,-6.50524],[-52.0675,-6.50435],[-52.06889,-6.50452],[-52.07028,-6.50568],[-52.06985,-6.50709],[-52.07019,-6.50933],[-52.07152,-6.50914],[-52.07241,-6.50748],[-52.07481,-6.50733],[-52.07606,-6.50756],[-52.07662,-6.50725],[-52.07896,-6.50679],[-52.08058,-6.50622],[-52.08258,-6.50693],[-52.08329,-6.50801],[-52.08453,-6.50741],[-52.0866,-6.50782],[-52.08773,-6.50842],[-52.08878,-6.50845],[-52.09019,-6.50971],[-52.09053,-6.51095],[-52.09116,-6.51108],[-52.09208,-6.51278],[-52.09422,-6.51237],[-52.09503,-6.51352],[-52.09788,-6.51274],[-52.09844,-6.51109],[-52.09967,-6.51041],[-52.10186,-6.50796],[-52.10093,-6.50637],[-52.10244,-6.50621],[-52.1029,-6.5074],[-52.10352,-6.50758],[-52.10466,-6.50956],[-52.10515,-6.51165],[-52.10494,-6.51281],[-52.10616,-6.51295],[-52.10711,-6.51475],[-52.1038,-6.51691],[-52.10476,-6.51776],[-52.10492,-6.51888],[-52.10372,-6.51996],[-52.10112,-6.52099],[-52.10014,-6.52089],[-52.09787,-6.52205],[-52.09725,-6.52101],[-52.09663,-6.52248],[-52.09697,-6.52351],[-52.09843,-6.52357],[-52.09859,-6.52472],[-52.09637,-6.52582],[-52.09751,-6.52719],[-52.09673,-6.528],[-52.09546,-6.52863],[-52.09347,-6.53209],[-52.09503,-6.53205],[-52.09562,-6.53422],[-52.09339,-6.53683],[-52.09391,-6.53751],[-52.09479,-6.53745],[-52.09723,-6.53606],[-52.0977,-6.53525],[-52.09856,-6.53494],[-52.0997,-6.53599],[-52.10075,-6.53511],[-52.10148,-6.53519],[-52.10292,-6.53462],[-52.10326,-6.53405],[-52.10552,-6.53567],[-52.10707,-6.53504],[-52.10896,-6.53559],[-52.11081,-6.53763],[-52.11067,-6.53883],[-52.11117,-6.54052],[-52.11079,-6.54264],[-52.1121,-6.54556],[-52.12119,-6.5543],[-52.14914,-6.55685],[-52.18647,-6.58286],[-52.212,-6.58597],[-52.22317,-6.58221],[-52.23695,-6.58218],[-52.26503,-6.55918],[-52.28232,-6.54665],[-52.29829,-6.52461],[-52.30124,-6.51267],[-52.30322,-6.4875],[-52.3136,-6.46734],[-52.32437,-6.45352],[-52.33495,-6.441],[-52.33828,-6.43279],[-52.34831,-6.42232],[-52.36133,-6.41707],[-52.37415,-6.40641],[-52.37748,-6.39484],[-52.37892,-6.37843],[-52.39765,-6.34949],[-52.40954,-6.33939],[-52.42795,-6.33021],[-52.44281,-6.31525],[-52.45731,-6.3085],[-52.46196,-6.30491],[-52.46859,-6.32358],[-52.46497,-6.33899],[-52.47194,-6.34044],[-52.4773,-6.35968],[-52.48463,-6.36002],[-52.48282,-6.3681],[-52.48485,-6.37377],[-52.49439,-6.37705],[-52.50153,-6.37894],[-52.50259,-6.37176],[-52.49345,-6.36806],[-52.49342,-6.35853],[-52.50066,-6.35899],[-52.50488,-6.36058],[-52.50788,-6.37489],[-52.51504,-6.38155],[-52.52558,-6.38508],[-52.52704,-6.38821],[-52.52575,-6.39338],[-52.51656,-6.39581],[-52.513,-6.40383],[-52.51767,-6.40663],[-52.51667,-6.40804],[-52.51198,-6.41003],[-52.50568,-6.40906],[-52.50077,-6.40265],[-52.49501,-6.4018],[-52.49448,-6.41005],[-52.49669,-6.41224],[-52.50244,-6.41345],[-52.50523,-6.41486],[-52.50655,-6.41641],[-52.50813,-6.41732],[-52.50764,-6.4208],[-52.50803,-6.42313],[-52.50669,-6.42673],[-52.5086,-6.42956],[-52.51653,-6.43235],[-52.5112,-6.43867],[-52.51114,-6.4453],[-52.51358,-6.4523],[-52.51971,-6.45444],[-52.52879,-6.4636],[-52.53248,-6.45923],[-52.53566,-6.4576],[-52.54015,-6.45785],[-52.54232,-6.46022],[-52.54149,-6.46313],[-52.54411,-6.46748],[-52.54852,-6.46856],[-52.54918,-6.46369],[-52.55216,-6.46195],[-52.55772,-6.46329],[-52.56315,-6.46155],[-52.56677,-6.45988],[-52.56829,-6.45729],[-52.57019,-6.45734],[-52.57247,-6.45894],[-52.57916,-6.46138],[-52.57951,-6.46617],[-52.58203,-6.46644],[-52.58862,-6.46422],[-52.58777,-6.45958],[-52.59087,-6.45069],[-52.59632,-6.45009],[-52.60061,-6.45101],[-52.59843,-6.45897],[-52.59834,-6.46606],[-52.59981,-6.46942],[-52.61073,-6.47023],[-52.61851,-6.47348],[-52.74203,-6.24302],[-52.80371,-6.12793],[-52.80555,-6.1245],[-52.96354,-5.82943],[-52.96841,-5.836],[-52.97147,-5.84105],[-52.97586,-5.84508],[-52.98086,-5.84593],[-52.9843,-5.84481],[-52.98685,-5.84659],[-52.99257,-5.84933],[-53.00052,-5.85117],[-53.0041,-5.85047],[-53.00707,-5.85083],[-53.0098,-5.85192],[-53.01291,-5.85421],[-53.01951,-5.85695],[-53.02002,-5.86057],[-53.02102,-5.86356],[-53.02664,-5.86829],[-53.02952,-5.87456],[-53.03296,-5.87511],[-53.03632,-5.87657],[-53.0403,-5.87694],[-53.04338,-5.8754],[-53.04658,-5.87477],[-53.05007,-5.87621],[-53.05399,-5.87696],[-53.0548,-5.88059],[-53.0566,-5.88387],[-53.05913,-5.88605],[-53.06858,-5.88544],[-53.07511,-5.88245],[-53.07799,-5.87936],[-53.0783,-5.87238],[-53.07749,-5.86911],[-53.08175,-5.86431],[-53.08502,-5.86305],[-53.08863,-5.86541],[-53.09035,-5.86922],[-53.09416,-5.87195],[-53.09713,-5.87213],[-53.10193,-5.87124],[-53.10938,-5.87198],[-53.11211,-5.87325],[-53.11299,-5.87607],[-53.1118,-5.87915],[-53.11244,-5.88233],[-53.11508,-5.8846],[-53.11733,-5.88778],[-53.12277,-5.89269],[-53.12386,-5.89569],[-53.128,-5.90087],[-53.13091,-5.90196],[-53.1338,-5.90224],[-53.13744,-5.90125],[-53.14052,-5.90098],[-53.14177,-5.90824],[-53.14113,-5.91432],[-53.13874,-5.92212],[-53.14074,-5.92802],[-53.14652,-5.93521],[-53.14908,-5.93776],[-53.15169,-5.93585],[-53.15485,-5.93467],[-53.15813,-5.93422],[-53.16066,-5.93578],[-53.16374,-5.93877],[-53.16475,-5.94259],[-53.16736,-5.94513],[-53.17088,-5.94695],[-53.1741,-5.94769],[-53.18293,-5.95295],[-53.18567,-5.9555],[-53.19219,-5.95742],[-53.20241,-5.95861],[-53.20841,-5.95417],[-53.21333,-5.94865],[-53.21577,-5.94511],[-53.2183,-5.94285],[-53.22154,-5.94286],[-53.22747,-5.94585],[-53.23416,-5.94822],[-53.23569,-5.95095],[-53.24186,-5.95005],[-53.24386,-5.95278],[-53.24366,-5.95613],[-53.24267,-5.95958],[-53.24539,-5.96594],[-53.24835,-5.9683],[-53.25235,-5.96897],[-53.2558,-5.96849],[-53.25924,-5.96704],[-53.26362,-5.96815],[-53.26975,-5.97169],[-53.27924,-5.98177],[-53.27625,-5.98921],[-53.27417,-5.99689],[-53.27403,-6.00043],[-53.27686,-6.00878],[-53.27638,-6.01294],[-53.27216,-6.01691],[-53.27097,-6.0198],[-53.27366,-6.02244],[-53.27711,-6.02401],[-53.28242,-6.02777],[-53.28586,-6.02888],[-53.29355,-6.02875],[-53.29988,-6.02962],[-53.30377,-6.03074],[-53.31188,-6.03415],[-53.31505,-6.03662],[-53.31997,-6.046],[-53.32074,-6.04954],[-53.3228,-6.05218],[-53.32572,-6.05248],[-53.33472,-6.04747],[-53.33797,-6.04939],[-53.34202,-6.05015],[-53.34513,-6.04782],[-53.3481,-6.04874],[-53.35116,-6.05103],[-53.35457,-6.05249],[-53.36897,-6.05796],[-53.37075,-6.06033],[-53.37188,-6.06813],[-53.3741,-6.07169],[-53.37772,-6.07525],[-53.38274,-6.08163],[-53.38558,-6.08999],[-53.38825,-6.09617],[-53.38805,-6.10007],[-53.37899,-6.0991],[-53.37547,-6.10027],[-53.37407,-6.10384],[-53.37375,-6.11112],[-53.37291,-6.1151],[-53.37117,-6.11772],[-53.36463,-6.11876],[-53.36155,-6.11856],[-53.35785,-6.1169],[-53.35441,-6.11678],[-53.35367,-6.11959],[-53.3536,-6.12675],[-53.35061,-6.12854],[-53.3438,-6.12985],[-53.34088,-6.13192],[-53.34013,-6.13553],[-53.34075,-6.13953],[-53.34344,-6.14246],[-53.34686,-6.14465],[-53.34838,-6.14802],[-53.34836,-6.15291],[-53.34722,-6.16143],[-53.34836,-6.1656],[-53.3505,-6.16834],[-53.35138,-6.17188],[-53.34936,-6.17513],[-53.34827,-6.17785],[-53.34544,-6.18073],[-53.34058,-6.17579],[-53.33733,-6.17414],[-53.33019,-6.17182],[-53.32839,-6.16901],[-53.32541,-6.1668],[-53.32244,-6.16624],[-53.31972,-6.16812],[-53.31635,-6.16946],[-53.31058,-6.1657],[-53.30694,-6.16568],[-53.29908,-6.17713],[-53.29472,-6.19267],[-53.29175,-6.20011],[-53.29003,-6.20308],[-53.28963,-6.20643],[-53.28769,-6.20969],[-53.28777,-6.21367],[-53.28933,-6.22076],[-53.28905,-6.22429],[-53.28561,-6.22472],[-53.28513,-6.22789],[-53.28672,-6.2308],[-53.28616,-6.23434],[-53.28424,-6.23695],[-53.28177,-6.23929],[-53.27513,-6.24414],[-53.27158,-6.24764],[-53.26716,-6.25432],[-53.26788,-6.25769],[-53.26922,-6.26087],[-53.26855,-6.26503],[-53.26572,-6.26646],[-53.25847,-6.26641],[-53.25494,-6.26702],[-53.25382,-6.27019],[-53.2558,-6.27319],[-53.25878,-6.27548],[-53.2613,-6.2784],[-53.26189,-6.28194],[-53.26133,-6.28647],[-53.26021,-6.28927],[-53.25694,-6.29142],[-53.24699,-6.28918],[-53.24277,-6.29504],[-53.23961,-6.29492],[-53.23272,-6.29324],[-53.22919,-6.29367],[-53.22647,-6.29501],[-53.22392,-6.29817],[-53.22452,-6.30143],[-53.22638,-6.3038],[-53.22938,-6.30527],[-53.23127,-6.30773],[-53.23213,-6.31083],[-53.22889,-6.31081],[-53.22571,-6.31005],[-53.22336,-6.3124],[-53.22541,-6.31522],[-53.22935,-6.31905],[-53.23208,-6.32026],[-53.23497,-6.32363],[-53.23408,-6.33115],[-53.23505,-6.33533],[-53.23685,-6.33761],[-53.2341,-6.33959],[-53.2275,-6.33872],[-53.21719,-6.33647],[-53.21403,-6.33645],[-53.2111,-6.33787],[-53.20869,-6.34484],[-53.20614,-6.34763],[-53.20647,-6.35117],[-53.20907,-6.35337],[-53.2116,-6.35637],[-53.21049,-6.35908],[-53.20822,-6.36261],[-53.20466,-6.36539],[-53.2011,-6.36628],[-53.19702,-6.36797],[-53.19436,-6.37148],[-53.19388,-6.37484],[-53.19514,-6.37747],[-53.19483,-6.38118],[-53.19308,-6.38543],[-53.19224,-6.38888],[-53.19249,-6.3925],[-53.19138,-6.39657],[-53.19116,-6.40057],[-53.1935,-6.40258],[-53.19658,-6.40296],[-53.19975,-6.40416],[-53.20236,-6.40581],[-53.20497,-6.40855],[-53.20602,-6.41209],[-53.20619,-6.41528],[-53.20844,-6.41928],[-53.21158,-6.42184],[-53.2131,-6.42439],[-53.21088,-6.43045],[-53.20406,-6.43601],[-53.20221,-6.44036],[-53.19938,-6.44251],[-53.19574,-6.44149],[-53.19242,-6.44157],[-53.18277,-6.45545],[-53.18177,-6.45871],[-53.18319,-6.46252],[-53.18553,-6.46465],[-53.18561,-6.4678],[-53.18858,-6.47072],[-53.19072,-6.47401],[-53.19305,-6.47647],[-53.19733,-6.47668],[-53.20058,-6.47543],[-53.20457,-6.47483],[-53.21458,-6.46946],[-53.21686,-6.47165],[-53.21819,-6.47429],[-53.21541,-6.48053],[-53.2153,-6.48415],[-53.22852,-6.48507],[-53.23096,-6.48726],[-53.22674,-6.49421],[-53.2275,-6.50044],[-53.23146,-6.50263],[-53.23735,-6.50044],[-53.24188,-6.49477],[-53.24533,-6.49262],[-53.24672,-6.48873],[-53.2486,-6.48095],[-53.25241,-6.48016],[-53.25596,-6.47783],[-53.2578,-6.47476],[-53.25799,-6.47159],[-53.2573,-6.46805],[-53.25741,-6.46505],[-53.26005,-6.46371],[-53.26378,-6.46328],[-53.26758,-6.46349],[-53.27164,-6.46257],[-53.27503,-6.4612],[-53.27838,-6.46113],[-53.28008,-6.46412],[-53.28125,-6.4674],[-53.2843,-6.46897],[-53.28827,-6.46971],[-53.29111,-6.46783],[-53.29461,-6.46115],[-53.29672,-6.45835],[-53.29961,-6.4581],[-53.30325,-6.45695],[-53.3063,-6.45833],[-53.30883,-6.46016],[-53.31064,-6.46289],[-53.31372,-6.46336],[-53.32136,-6.47167],[-53.32424,-6.4735],[-53.32558,-6.47669],[-53.32375,-6.47912],[-53.32235,-6.48201],[-53.32189,-6.48545],[-53.32077,-6.48835],[-53.32058,-6.49161],[-53.31955,-6.49478],[-53.31427,-6.49954],[-53.31788,-6.50565],[-53.32047,-6.50716],[-53.32221,-6.51011],[-53.32238,-6.51391],[-53.32431,-6.51705],[-53.32708,-6.51911],[-53.32916,-6.52224],[-53.33019,-6.52507],[-53.33046,-6.52826],[-53.33158,-6.53109],[-53.33733,-6.53386],[-53.3377,-6.53685],[-53.33916,-6.54034],[-53.34191,-6.54267],[-53.34255,-6.54595],[-53.34157,-6.54937],[-53.34238,-6.55302],[-53.34475,-6.55615],[-53.34813,-6.56222],[-53.35172,-6.56403],[-53.3615,-6.57578],[-53.36452,-6.57848],[-53.36525,-6.58276],[-53.3666,-6.5856],[-53.36874,-6.58782],[-53.37066,-6.59132],[-53.37386,-6.59402],[-53.37688,-6.59246],[-53.38047,-6.58992],[-53.38636,-6.58707],[-53.39336,-6.58161],[-53.39514,-6.57912],[-53.39791,-6.57665],[-53.3998,-6.57397],[-53.40186,-6.56759],[-53.40355,-6.56464],[-53.40725,-6.56183],[-53.41347,-6.56316],[-53.4173,-6.56252],[-53.42108,-6.55627],[-53.42505,-6.55346],[-53.42833,-6.55272],[-53.43469,-6.55514],[-53.43672,-6.55737],[-53.44006,-6.55907],[-53.44188,-6.56157],[-53.44575,-6.57127],[-53.44722,-6.57393],[-53.44967,-6.57752],[-53.45261,-6.57977],[-53.45172,-6.58256],[-53.45355,-6.58505],[-53.45653,-6.58702],[-53.45897,-6.58998],[-53.46144,-6.5963],[-53.4631,-6.59906],[-53.46644,-6.60023],[-53.4697,-6.60048],[-53.469,-6.60337],[-53.46692,-6.60685],[-53.46691,-6.61029],[-53.46433,-6.61277],[-53.4615,-6.61407],[-53.45593,-6.61935],[-53.45655,-6.62292],[-53.45877,-6.62569],[-53.46457,-6.62827],[-53.46733,-6.63188],[-53.46852,-6.63472],[-53.46297,-6.63975],[-53.46299,-6.64619],[-53.46377,-6.65137],[-53.46213,-6.65514],[-53.46141,-6.65884],[-53.45719,-6.66545],[-53.45894,-6.66785],[-53.46136,-6.66953],[-53.46452,-6.67677],[-53.46291,-6.68018],[-53.45989,-6.6812],[-53.45639,-6.68338],[-53.45247,-6.68437],[-53.44961,-6.68611],[-53.44608,-6.68658],[-53.44327,-6.6856],[-53.44069,-6.68391],[-53.43386,-6.67813],[-53.43139,-6.67553],[-53.42789,-6.67382],[-53.42406,-6.67499],[-53.42184,-6.67702],[-53.41869,-6.67858],[-53.41277,-6.68406],[-53.41214,-6.68731],[-53.41011,-6.68962],[-53.40733,-6.69163],[-53.40535,-6.6944],[-53.40483,-6.69729],[-53.40208,-6.70248],[-53.39958,-6.70877],[-53.39591,-6.71412],[-53.39492,-6.71763],[-53.39097,-6.71935],[-53.38808,-6.71973],[-53.38477,-6.72137],[-53.38208,-6.7233],[-53.37908,-6.72407],[-53.37586,-6.72288],[-53.37269,-6.72253],[-53.3685,-6.72325],[-53.36303,-6.72811],[-53.3568,-6.73757],[-53.34778,-6.74379],[-53.3466,-6.74711],[-53.34419,-6.74942],[-53.33402,-6.75371],[-53.33125,-6.75282],[-53.32803,-6.75093],[-53.32477,-6.75031],[-53.31789,-6.75331],[-53.31158,-6.75525],[-53.30561,-6.759],[-53.30011,-6.76114],[-53.29761,-6.76326],[-53.29361,-6.7638],[-53.29077,-6.76472],[-53.28761,-6.76428],[-53.28165,-6.76614],[-53.27408,-6.76749],[-53.2693,-6.77018],[-53.26317,-6.77421],[-53.25858,-6.77537],[-53.25686,-6.7756],[-53.25122,-6.78081],[-53.24725,-6.78688],[-53.24744,-6.79025],[-53.24991,-6.79701],[-53.24658,-6.80337],[-53.24328,-6.81299],[-53.24058,-6.81601],[-53.23547,-6.82015],[-53.23722,-6.823],[-53.24069,-6.82199],[-53.24386,-6.82243],[-53.24624,-6.82476],[-53.24801,-6.83149],[-53.2561,-6.83769],[-53.26539,-6.84797],[-53.26844,-6.84904],[-53.27103,-6.85083],[-53.27425,-6.85217],[-53.28183,-6.8577],[-53.28322,-6.86082],[-53.28544,-6.86296],[-53.28883,-6.86503],[-53.29035,-6.86915],[-53.29156,-6.87996],[-53.29247,-6.88307],[-53.29644,-6.88797],[-53.29955,-6.89049],[-53.30283,-6.89066],[-53.30947,-6.88946],[-53.31586,-6.89133],[-53.31888,-6.89349],[-53.31956,-6.8965],[-53.31944,-6.90076],[-53.31206,-6.90231],[-53.30883,-6.90423],[-53.31061,-6.9068],[-53.31069,-6.91016],[-53.31164,-6.91608],[-53.30583,-6.91992],[-53.30286,-6.92284],[-53.29975,-6.92376],[-53.29913,-6.92698],[-53.28807,-6.93264],[-53.28261,-6.937],[-53.28004,-6.94028],[-53.27778,-6.9453],[-53.27712,-6.94979],[-53.27747,-6.96025],[-53.27879,-6.96564],[-53.28201,-6.97108],[-53.28584,-6.97615],[-53.30099,-6.99408],[-53.30214,-6.99605],[-53.30364,-7.00622],[-53.31108,-7.01991],[-53.31403,-7.02226],[-53.31539,-7.02519],[-53.31744,-7.02746],[-53.31814,-7.03334],[-53.31791,-7.0381],[-53.31725,-7.04127],[-53.31478,-7.04762],[-53.31272,-7.05148],[-53.31183,-7.0551],[-53.30936,-7.05805],[-53.30527,-7.061],[-53.30096,-7.06554],[-53.29938,-7.06872],[-53.30144,-7.07121],[-53.30416,-7.07233],[-53.30758,-7.07459],[-53.30577,-7.07753],[-53.30055,-7.08208],[-53.29355,-7.08504],[-53.2915,-7.08777],[-53.2906,-7.09297],[-53.28881,-7.09615],[-53.28563,-7.09549],[-53.28089,-7.10228],[-53.27613,-7.10139],[-53.27294,-7.10162],[-53.27047,-7.10321],[-53.26185,-7.10482],[-53.25891,-7.1089],[-53.25597,-7.11072],[-53.25372,-7.11458],[-53.25302,-7.11775],[-53.25305,-7.12114],[-53.25692,-7.12453],[-53.2585,-7.12906],[-53.25603,-7.13723],[-53.2633,-7.14128],[-53.26624,-7.14444],[-53.26694,-7.14829],[-53.26922,-7.15146],[-53.2708,-7.15508],[-53.27172,-7.15937],[-53.27852,-7.15891],[-53.28125,-7.16026],[-53.28308,-7.16388],[-53.28353,-7.16704],[-53.28672,-7.16749],[-53.28652,-7.17587],[-53.28902,-7.17836],[-53.29355,-7.18152],[-53.30081,-7.18195],[-53.30444,-7.18783],[-53.30514,-7.19191],[-53.30697,-7.1953],[-53.31039,-7.19846],[-53.31308,-7.19641],[-53.31514,-7.20003]]]},"properties":{"codigo":"150730005","name":"São Félix do Xingu","population":38730,"households":14846,"areaKm2":56939.9798,"density":0.7}},{"type":"Feature","geometry":{"type":"Polygon","coordinates":[[[-52.10924,-5.35263],[-52.11055,-5.39174],[-52.11262,-5.45358],[-52.02892,-5.45275],[-52.0157,-5.45262],[-51.69668,-5.44946],[-51.69731,-5.52605],[-51.69909,-5.71783],[-51.63382,-5.70128],[-51.45712,-5.65649],[-51.41103,-5.64432],[-51.39608,-5.64038],[-51.29832,-5.61457],[-51.18904,-5.58573],[-51.18527,-5.58507],[-51.1474,-5.57474],[-51.14729,-5.51415],[-51.14646,-5.45758],[-51.14626,-5.43271],[-51.14397,-5.15044],[-51.41904,-5.15024],[-51.44782,-5.15021],[-51.50046,-5.15015],[-51.83499,-5.15141],[-52.00957,-5.15186],[-52.05107,-5.1514],[-52.05087,-5.15593],[-52.05329,-5.16088],[-52.05835,-5.17247],[-52.05696,-5.17964],[-52.05812,-5.18436],[-52.05946,-5.18718],[-52.06551,-5.18884],[-52.0684,-5.19193],[-52.0699,-5.20392],[-52.07087,-5.2071],[-52.07602,-5.21565],[-52.07483,-5.21909],[-52.06749,-5.22388],[-52.06737,-5.22769],[-52.06852,-5.24303],[-52.07001,-5.24658],[-52.07471,-5.25204],[-52.07813,-5.2574],[-52.08185,-5.2595],[-52.08791,-5.25989],[-52.09079,-5.26081],[-52.09423,-5.26263],[-52.09993,-5.26747],[-52.10274,-5.26884],[-52.10526,-5.27139],[-52.10688,-5.27475],[-52.10865,-5.28483],[-52.11135,-5.28784],[-52.11379,-5.29147],[-52.11423,-5.29501],[-52.11321,-5.30191],[-52.11373,-5.30482],[-52.11815,-5.311],[-52.11951,-5.31419],[-52.11885,-5.31827],[-52.11669,-5.32098],[-52.11649,-5.32451],[-52.11718,-5.32806],[-52.11674,-5.33106],[-52.11483,-5.33414],[-52.10982,-5.33965],[-52.10735,-5.3431],[-52.10643,-5.34699],[-52.10735,-5.34999],[-52.10924,-5.35263]]]},"properties":{"codigo":"150730020","name":"Sudoeste","population":3048,"households":1380,"areaKm2":4816.9808,"density":0.6}},{"type":"Feature","geometry":{"type":"Polygon","coordinates":[[[-52.96354,-5.82943],[-52.80555,-6.1245],[-52.80371,-6.12793],[-52.74203,-6.24302],[-52.61851,-6.47348],[-52.61073,-6.47023],[-52.59981,-6.46942],[-52.59834,-6.46606],[-52.59843,-6.45897],[-52.60061,-6.45101],[-52.59632,-6.45009],[-52.59087,-6.45069],[-52.58777,-6.45958],[-52.58862,-6.46422],[-52.58203,-6.46644],[-52.57951,-6.46617],[-52.57916,-6.46138],[-52.57247,-6.45894],[-52.57019,-6.45734],[-52.56829,-6.45729],[-52.56677,-6.45988],[-52.56315,-6.46155],[-52.55772,-6.46329],[-52.55216,-6.46195],[-52.54918,-6.46369],[-52.54852,-6.46856],[-52.54411,-6.46748],[-52.54149,-6.46313],[-52.54232,-6.46022],[-52.54015,-6.45785],[-52.53566,-6.4576],[-52.53248,-6.45923],[-52.52879,-6.4636],[-52.51971,-6.45444],[-52.51358,-6.4523],[-52.51114,-6.4453],[-52.5112,-6.43867],[-52.51653,-6.43235],[-52.5086,-6.42956],[-52.50669,-6.42673],[-52.50803,-6.42313],[-52.50764,-6.4208],[-52.50813,-6.41732],[-52.50655,-6.41641],[-52.50523,-6.41486],[-52.50244,-6.41345],[-52.49669,-6.41224],[-52.49448,-6.41005],[-52.49501,-6.4018],[-52.50077,-6.40265],[-52.50568,-6.40906],[-52.51198,-6.41003],[-52.51667,-6.40804],[-52.51767,-6.40663],[-52.513,-6.40383],[-52.51656,-6.39581],[-52.52575,-6.39338],[-52.52704,-6.38821],[-52.52558,-6.38508],[-52.51504,-6.38155],[-52.50788,-6.37489],[-52.50488,-6.36058],[-52.50066,-6.35899],[-52.49342,-6.35853],[-52.49345,-6.36806],[-52.50259,-6.37176],[-52.50153,-6.37894],[-52.49439,-6.37705],[-52.48485,-6.37377],[-52.48282,-6.3681],[-52.48463,-6.36002],[-52.4773,-6.35968],[-52.47194,-6.34044],[-52.46497,-6.33899],[-52.46859,-6.32358],[-52.46196,-6.30491],[-52.42818,-6.30948],[-52.3906,-6.31457],[-52.36613,-6.31856],[-52.33333,-6.31865],[-52.30395,-6.31774],[-52.28386,-6.31092],[-52.25156,-6.31738],[-52.23391,-6.30319],[-52.20719,-6.28431],[-52.16396,-6.25886],[-52.14474,-6.22372],[-52.11917,-6.19819],[-52.09364,-6.19398],[-52.09788,-6.18331],[-52.10529,-6.16837],[-52.11483,-6.15555],[-52.12223,-6.13528],[-52.12433,-6.12248],[-52.12747,-6.10115],[-52.12318,-6.08197],[-52.11358,-6.066],[-52.13162,-6.01714],[-52.13177,-6.01291],[-52.13095,-6.00378],[-52.12312,-5.80362],[-52.11262,-5.45358],[-52.11055,-5.39174],[-52.10924,-5.35263],[-52.11221,-5.35128],[-52.11432,-5.34929],[-52.11921,-5.34295],[-52.12304,-5.33998],[-52.13646,-5.33358],[-52.13637,-5.32939],[-52.13693,-5.32595],[-52.14239,-5.319],[-52.14502,-5.31717],[-52.1483,-5.3161],[-52.15554,-5.31585],[-52.16215,-5.31487],[-52.16688,-5.31199],[-52.1686,-5.30945],[-52.17296,-5.30475],[-52.17532,-5.30276],[-52.17957,-5.30014],[-52.18374,-5.29979],[-52.19126,-5.30145],[-52.19551,-5.30146],[-52.20177,-5.30384],[-52.20465,-5.30258],[-52.20685,-5.30023],[-52.21102,-5.29352],[-52.21349,-5.29117],[-52.21963,-5.28865],[-52.2229,-5.28957],[-52.2258,-5.28886],[-52.22824,-5.28714],[-52.23288,-5.28025],[-52.23607,-5.27772],[-52.23888,-5.27619],[-52.24685,-5.27558],[-52.25002,-5.2745],[-52.25229,-5.2727],[-52.25482,-5.26989],[-52.25863,-5.26954],[-52.26162,-5.27182],[-52.26701,-5.27837],[-52.27054,-5.27937],[-52.2731,-5.27703],[-52.27927,-5.27487],[-52.27866,-5.26788],[-52.28021,-5.2638],[-52.28293,-5.26081],[-52.28402,-5.25763],[-52.28332,-5.2541],[-52.28212,-5.25091],[-52.27752,-5.24133],[-52.27396,-5.22939],[-52.27371,-5.22602],[-52.27518,-5.22294],[-52.27826,-5.2205],[-52.28027,-5.21733],[-52.28246,-5.21007],[-52.28554,-5.20891],[-52.28791,-5.20701],[-52.28891,-5.20347],[-52.29182,-5.19704],[-52.29535,-5.19441],[-52.30521,-5.19608],[-52.30865,-5.19473],[-52.31357,-5.18994],[-52.31682,-5.19022],[-52.32354,-5.18707],[-52.32752,-5.18617],[-52.33305,-5.1821],[-52.33632,-5.18048],[-52.33958,-5.17958],[-52.34338,-5.17932],[-52.34618,-5.18033],[-52.35729,-5.1899],[-52.35991,-5.19272],[-52.36243,-5.19472],[-52.36813,-5.19791],[-52.37021,-5.20027],[-52.37118,-5.20364],[-52.3748,-5.20456],[-52.37807,-5.2032],[-52.38316,-5.20004],[-52.38649,-5.19933],[-52.39349,-5.19681],[-52.39657,-5.19092],[-52.39757,-5.18765],[-52.39941,-5.18493],[-52.40599,-5.18604],[-52.40799,-5.1836],[-52.40865,-5.18025],[-52.40929,-5.16999],[-52.41049,-5.16628],[-52.41521,-5.16175],[-52.41813,-5.16031],[-52.42057,-5.15705],[-52.42321,-5.15479],[-52.42638,-5.15398],[-52.43143,-5.15699],[-52.43937,-5.16309],[-52.44254,-5.16474],[-52.44515,-5.16719],[-52.44641,-5.17101],[-52.44793,-5.17838],[-52.4501,-5.185],[-52.45271,-5.187],[-52.46202,-5.19075],[-52.46735,-5.19485],[-52.46907,-5.19775],[-52.46997,-5.20076],[-52.47157,-5.20339],[-52.47458,-5.20476],[-52.47754,-5.20423],[-52.48026,-5.20251],[-52.48299,-5.19988],[-52.48554,-5.19835],[-52.4886,-5.19827],[-52.49096,-5.20127],[-52.49283,-5.21498],[-52.49435,-5.21816],[-52.49733,-5.21935],[-52.50083,-5.21925],[-52.50433,-5.21867],[-52.50749,-5.2197],[-52.50999,-5.22144],[-52.51196,-5.22373],[-52.51449,-5.22575],[-52.51818,-5.2266],[-52.52731,-5.22987],[-52.5304,-5.22998],[-52.53693,-5.22859],[-52.54018,-5.22917],[-52.54733,-5.2295],[-52.55079,-5.22881],[-52.55608,-5.22586],[-52.55782,-5.22297],[-52.55837,-5.21944],[-52.56086,-5.21719],[-52.56607,-5.22177],[-52.57191,-5.22537],[-52.57261,-5.22846],[-52.57449,-5.23193],[-52.57691,-5.23513],[-52.58512,-5.23575],[-52.58802,-5.2365],[-52.59427,-5.23901],[-52.59777,-5.24194],[-52.60046,-5.24352],[-52.60307,-5.24617],[-52.60688,-5.24639],[-52.60977,-5.24515],[-52.61225,-5.24307],[-52.61413,-5.24591],[-52.61763,-5.24875],[-52.62702,-5.25283],[-52.62896,-5.25558],[-52.6299,-5.26157],[-52.63108,-5.26549],[-52.63544,-5.27206],[-52.64271,-5.27867],[-52.64457,-5.28277],[-52.64952,-5.28863],[-52.65302,-5.2912],[-52.65607,-5.29431],[-52.65804,-5.29778],[-52.65969,-5.30533],[-52.65985,-5.30833],[-52.65608,-5.31356],[-52.6544,-5.32017],[-52.65432,-5.32835],[-52.65502,-5.33117],[-52.65518,-5.33453],[-52.6538,-5.33788],[-52.65132,-5.3403],[-52.64535,-5.34769],[-52.64288,-5.35267],[-52.64221,-5.35565],[-52.64311,-5.35856],[-52.64857,-5.36379],[-52.65027,-5.36654],[-52.6506,-5.37108],[-52.64171,-5.38117],[-52.64421,-5.39662],[-52.64599,-5.40054],[-52.6511,-5.40467],[-52.65352,-5.40733],[-52.65496,-5.41024],[-52.66146,-5.41311],[-52.66228,-5.4176],[-52.66238,-5.42219],[-52.66413,-5.42749],[-52.66685,-5.42879],[-52.67046,-5.42845],[-52.67308,-5.43002],[-52.67268,-5.4331],[-52.67041,-5.43589],[-52.66882,-5.43888],[-52.66641,-5.44648],[-52.67152,-5.46187],[-52.67221,-5.46514],[-52.67269,-5.47587],[-52.67363,-5.4795],[-52.67634,-5.4851],[-52.68382,-5.49512],[-52.68471,-5.49794],[-52.68222,-5.50042],[-52.68232,-5.50521],[-52.68569,-5.50599],[-52.69016,-5.5083],[-52.69183,-5.51228],[-52.69186,-5.51628],[-52.68899,-5.51848],[-52.68552,-5.52505],[-52.68633,-5.53149],[-52.68688,-5.54319],[-52.68532,-5.54884],[-52.68555,-5.56154],[-52.68277,-5.57365],[-52.68277,-5.58199],[-52.68427,-5.58715],[-52.68824,-5.5931],[-52.69686,-5.61007],[-52.70066,-5.61221],[-52.70079,-5.61532],[-52.69924,-5.62312],[-52.69457,-5.63551],[-52.69382,-5.64206],[-52.69024,-5.65371],[-52.69163,-5.65651],[-52.69665,-5.661],[-52.6987,-5.66389],[-52.70252,-5.66765],[-52.70963,-5.67038],[-52.71488,-5.66978],[-52.72021,-5.67],[-52.72358,-5.67088],[-52.73311,-5.68039],[-52.73763,-5.68107],[-52.74266,-5.68401],[-52.74627,-5.68234],[-52.74507,-5.69024],[-52.73957,-5.69185],[-52.74072,-5.69601],[-52.74744,-5.69848],[-52.74979,-5.70672],[-52.75319,-5.7114],[-52.75921,-5.71405],[-52.76435,-5.71264],[-52.76802,-5.71559],[-52.77152,-5.72227],[-52.77643,-5.7244],[-52.78438,-5.72223],[-52.79146,-5.71443],[-52.79655,-5.71546],[-52.80227,-5.71567],[-52.80861,-5.70834],[-52.8145,-5.70656],[-52.81632,-5.70037],[-52.82166,-5.69922],[-52.83216,-5.68994],[-52.83822,-5.69776],[-52.83619,-5.7036],[-52.84952,-5.70391],[-52.85141,-5.71006],[-52.85458,-5.71048],[-52.85697,-5.71272],[-52.8588,-5.70816],[-52.86518,-5.70256],[-52.87088,-5.7025],[-52.87058,-5.69813],[-52.876,-5.69807],[-52.88296,-5.70354],[-52.88855,-5.70266],[-52.89621,-5.70566],[-52.91796,-5.72402],[-52.92166,-5.73705],[-52.92674,-5.73818],[-52.93021,-5.74131],[-52.93938,-5.74403],[-52.94013,-5.75263],[-52.9311,-5.757],[-52.92769,-5.76766],[-52.92874,-5.77327],[-52.93133,-5.77533],[-52.92974,-5.77961],[-52.93186,-5.79121],[-52.94269,-5.79562],[-52.95224,-5.79861],[-52.9585,-5.8078],[-52.96293,-5.816],[-52.96354,-5.82943]]]},"properties":{"codigo":"150730025","name":"Taboca","population":13458,"households":5321,"areaKm2":8893.7212,"density":1.5}},{"type":"Feature","geometry":{"type":"Polygon","coordinates":[[[-51.22198,-5.96353],[-51.22152,-5.96265],[-51.21778,-5.95702],[-51.21528,-5.95421],[-51.21247,-5.95046],[-51.20903,-5.94796],[-51.21215,-5.94452],[-51.21236,-5.94175],[-51.21236,-5.93897],[-51.2139,-5.93665],[-51.21436,-5.93464],[-51.21676,-5.93232],[-51.21714,-5.93062],[-51.21606,-5.92907],[-51.21351,-5.9283],[-51.21297,-5.92714],[-51.21305,-5.92575],[-51.21243,-5.92467],[-51.21297,-5.92281],[-51.21073,-5.9208],[-51.20888,-5.91995],[-51.20749,-5.91523],[-51.20764,-5.90959],[-51.20741,-5.90837],[-51.20872,-5.90683],[-51.20872,-5.90551],[-51.20933,-5.90427],[-51.21188,-5.90226],[-51.2125,-5.90094],[-51.21489,-5.90009],[-51.21589,-5.89924],[-51.21666,-5.89653],[-51.2162,-5.89447],[-51.21427,-5.89455],[-51.21234,-5.89625],[-51.21072,-5.89579],[-51.20941,-5.89455],[-51.20802,-5.89122],[-51.20771,-5.89014],[-51.20655,-5.88983],[-51.20616,-5.88767],[-51.20601,-5.88558],[-51.20794,-5.88429],[-51.20786,-5.88275],[-51.20879,-5.88097],[-51.20848,-5.87996],[-51.2074,-5.87872],[-51.20763,-5.87694],[-51.20871,-5.87555],[-51.20948,-5.87524],[-51.21056,-5.87571],[-51.21249,-5.87493],[-51.21349,-5.8757],[-51.21457,-5.87586],[-51.21542,-5.87532],[-51.21581,-5.87416],[-51.21689,-5.87377],[-51.21696,-5.87292],[-51.21542,-5.87075],[-51.21372,-5.86921],[-51.21364,-5.86727],[-51.21235,-5.86567],[-51.21154,-5.86416],[-51.21154,-5.86225],[-51.21429,-5.86136],[-51.21643,-5.86023],[-51.21771,-5.86027],[-51.21949,-5.86194],[-51.22488,-5.86171],[-51.22702,-5.86038],[-51.22869,-5.86034],[-51.23261,-5.85801],[-51.23574,-5.85729],[-51.23725,-5.85607],[-51.23976,-5.85506],[-51.24285,-5.85226],[-51.24414,-5.8519],[-51.24586,-5.85197],[-51.24708,-5.85297],[-51.24952,-5.8534],[-51.25074,-5.85398],[-51.25304,-5.85383],[-51.25663,-5.85426],[-51.25871,-5.8534],[-51.26158,-5.85354],[-51.26431,-5.85347],[-51.26782,-5.85433],[-51.26955,-5.85447],[-51.27299,-5.85354],[-51.27536,-5.85325],[-51.28081,-5.85339],[-51.28357,-5.85167],[-51.28619,-5.85099],[-51.28892,-5.84836],[-51.29417,-5.84397],[-51.29591,-5.84076],[-51.29796,-5.839],[-51.29903,-5.83657],[-51.30058,-5.83491],[-51.30097,-5.83296],[-51.30242,-5.82373],[-51.30423,-5.82051],[-51.30541,-5.81768],[-51.30715,-5.81395],[-51.30755,-5.8109],[-51.30862,-5.80768],[-51.31093,-5.80345],[-51.31131,-5.80238],[-51.31329,-5.80076],[-51.3157,-5.79754],[-51.31753,-5.7955],[-51.32037,-5.79372],[-51.32337,-5.79141],[-51.326,-5.79066],[-51.32798,-5.78916],[-51.32841,-5.7877],[-51.32771,-5.78577],[-51.32787,-5.78432],[-51.32867,-5.78314],[-51.32902,-5.77967],[-51.32977,-5.77828],[-51.33286,-5.77506],[-51.33399,-5.77171],[-51.33456,-5.77051],[-51.33569,-5.76938],[-51.3372,-5.76685],[-51.33859,-5.76515],[-51.33922,-5.76326],[-51.34016,-5.76294],[-51.34211,-5.76325],[-51.34287,-5.76288],[-51.34464,-5.76009],[-51.34577,-5.75933],[-51.34566,-5.75696],[-51.34652,-5.75496],[-51.34802,-5.75291],[-51.35007,-5.75232],[-51.35319,-5.75216],[-51.35664,-5.74989],[-51.35847,-5.74913],[-51.3596,-5.74676],[-51.361,-5.74546],[-51.36379,-5.74244],[-51.36525,-5.7419],[-51.36589,-5.74206],[-51.3672,-5.74074],[-51.37044,-5.74129],[-51.37288,-5.74138],[-51.37453,-5.7408],[-51.37576,-5.74002],[-51.37768,-5.73982],[-51.37904,-5.73881],[-51.38037,-5.73673],[-51.3805,-5.73511],[-51.38351,-5.73231],[-51.38708,-5.73037],[-51.38949,-5.73006],[-51.39072,-5.72749],[-51.39206,-5.7262],[-51.39384,-5.72494],[-51.39655,-5.7244],[-51.39762,-5.72262],[-51.39833,-5.72083],[-51.39999,-5.71881],[-51.40308,-5.71821],[-51.40367,-5.7169],[-51.4071,-5.71296],[-51.40801,-5.71231],[-51.40814,-5.71145],[-51.41004,-5.71079],[-51.41035,-5.70988],[-51.41022,-5.70784],[-51.411,-5.70733],[-51.41212,-5.70571],[-51.4134,-5.70511],[-51.41269,-5.70357],[-51.41417,-5.70133],[-51.41589,-5.70053],[-51.41719,-5.69744],[-51.41729,-5.69598],[-51.41834,-5.69465],[-51.4188,-5.69276],[-51.42036,-5.68983],[-51.42169,-5.68855],[-51.42244,-5.68661],[-51.4225,-5.68371],[-51.42169,-5.68155],[-51.42098,-5.67907],[-51.41729,-5.67684],[-51.41544,-5.67585],[-51.41453,-5.67483],[-51.4139,-5.67105],[-51.41359,-5.66758],[-51.41424,-5.66424],[-51.41568,-5.66283],[-51.41576,-5.66174],[-51.41521,-5.66089],[-51.41499,-5.65833],[-51.41359,-5.65743],[-51.41291,-5.65642],[-51.41273,-5.65491],[-51.41072,-5.65256],[-51.41162,-5.65036],[-51.4109,-5.64907],[-51.41129,-5.64803],[-51.41129,-5.64519],[-51.41103,-5.64432],[-51.45712,-5.65649],[-51.63382,-5.70128],[-51.69909,-5.71783],[-51.69889,-5.73836],[-51.69738,-5.89211],[-51.69754,-5.90508],[-51.69746,-6.02322],[-51.69435,-6.02438],[-51.6886,-6.02593],[-51.6845,-6.02747],[-51.67938,-6.02979],[-51.67708,-6.03121],[-51.6744,-6.03365],[-51.6726,-6.0365],[-51.67305,-6.03818],[-51.6799,-6.04448],[-51.68193,-6.04605],[-51.6835,-6.04842],[-51.68317,-6.05044],[-51.68149,-6.05439],[-51.68115,-6.05653],[-51.68172,-6.05855],[-51.68397,-6.06035],[-51.68554,-6.06238],[-51.6714,-6.07084],[-51.65909,-6.07936],[-51.65169,-6.08707],[-51.64852,-6.09119],[-51.64627,-6.09504],[-51.64495,-6.10062],[-51.64284,-6.1046],[-51.63583,-6.11191],[-51.63438,-6.11563],[-51.63018,-6.12545],[-51.62773,-6.13195],[-51.62461,-6.13935],[-51.62037,-6.14607],[-51.61413,-6.1537],[-51.60676,-6.16132],[-51.60386,-6.16536],[-51.59785,-6.17768],[-51.59406,-6.18284],[-51.5791,-6.19764],[-51.57396,-6.20286],[-51.57072,-6.20693],[-51.5695,-6.20938],[-51.566,-6.30411],[-51.56299,-6.38589],[-51.55102,-6.38666],[-51.54609,-6.38532],[-51.54073,-6.38891],[-51.5367,-6.38802],[-51.52552,-6.40059],[-51.52508,-6.40553],[-51.51792,-6.40823],[-51.513,-6.41406],[-51.51077,-6.42394],[-51.51168,-6.43694],[-51.51034,-6.44233],[-51.5099,-6.44547],[-51.5005,-6.44548],[-51.47367,-6.47108],[-51.46831,-6.48947],[-51.46116,-6.5007],[-51.45937,-6.50653],[-51.45535,-6.51012],[-51.45222,-6.51775],[-51.45178,-6.52583],[-51.45044,-6.53301],[-51.45135,-6.54916],[-51.45494,-6.55678],[-51.45763,-6.56081],[-51.46364,-6.56205],[-51.46588,-6.56725],[-51.46997,-6.57134],[-51.47146,-6.57692],[-51.47146,-6.58436],[-51.4737,-6.59069],[-51.47556,-6.59515],[-51.47445,-6.60297],[-51.47409,-6.61078],[-51.47558,-6.6171],[-51.47744,-6.62417],[-51.48265,-6.62975],[-51.49045,-6.63718],[-51.49232,-6.64164],[-51.49676,-6.64495],[-51.4972,-6.64604],[-51.48262,-6.64796],[-51.48279,-6.65277],[-51.47906,-6.654],[-51.47732,-6.65085],[-51.47687,-6.6465],[-51.47708,-6.64305],[-51.47084,-6.64349],[-51.46376,-6.64215],[-51.46117,-6.64054],[-51.45729,-6.64032],[-51.45399,-6.64127],[-51.44798,-6.63818],[-51.4419,-6.63781],[-51.43968,-6.63521],[-51.43446,-6.63111],[-51.43132,-6.62688],[-51.42857,-6.62493],[-51.42529,-6.62379],[-51.42271,-6.62202],[-51.41934,-6.62088],[-51.41676,-6.61919],[-51.41407,-6.62059],[-51.41284,-6.61725],[-51.40985,-6.61701],[-51.40338,-6.61438],[-51.40132,-6.61777],[-51.39857,-6.61554],[-51.39751,-6.61228],[-51.3944,-6.60979],[-51.39157,-6.60882],[-51.38987,-6.60639],[-51.38245,-6.60578],[-51.37954,-6.60481],[-51.37604,-6.60124],[-51.3724,-6.60047],[-51.37054,-6.5974],[-51.36798,-6.59562],[-51.36573,-6.59783],[-51.36276,-6.59869],[-51.36126,-6.59617],[-51.35878,-6.59412],[-51.35274,-6.59056],[-51.34654,-6.58883],[-51.34451,-6.58623],[-51.33851,-6.5854],[-51.33557,-6.58299],[-51.33256,-6.58212],[-51.3317,-6.57923],[-51.32551,-6.57705],[-51.3224,-6.57537],[-51.31896,-6.57495],[-51.31523,-6.5751],[-51.31148,-6.57406],[-51.30464,-6.57533],[-51.29829,-6.57714],[-51.29465,-6.57701],[-51.29184,-6.57895],[-51.2899,-6.58189],[-51.2874,-6.58419],[-51.28599,-6.58693],[-51.28557,-6.58993],[-51.28451,-6.59276],[-51.28198,-6.59628],[-51.2762,-6.60268],[-51.27242,-6.60464],[-51.25735,-6.61102],[-51.25128,-6.61752],[-51.24629,-6.61969],[-51.24337,-6.61964],[-51.23687,-6.62081],[-51.23379,-6.62049],[-51.22642,-6.62078],[-51.22351,-6.6199],[-51.20954,-6.62047],[-51.2067,-6.61986],[-51.20406,-6.61817],[-51.19867,-6.61689],[-51.19541,-6.61675],[-51.18779,-6.61739],[-51.18144,-6.61548],[-51.17742,-6.61543],[-51.17066,-6.61788],[-51.16656,-6.61704],[-51.16365,-6.61771],[-51.16076,-6.61978],[-51.15849,-6.62251],[-51.15695,-6.62588],[-51.15482,-6.6289],[-51.15135,-6.62722],[-51.14904,-6.62534],[-51.14587,-6.62503],[-51.13892,-6.62829],[-51.13273,-6.62792],[-51.12909,-6.62679],[-51.12526,-6.62384],[-51.12756,-6.621],[-51.13061,-6.61869],[-51.13303,-6.61657],[-51.13509,-6.61409],[-51.13523,-6.61028],[-51.13665,-6.60771],[-51.13907,-6.60505],[-51.14123,-6.60303],[-51.14317,-6.59901],[-51.1442,-6.59609],[-51.14442,-6.59072],[-51.14284,-6.58794],[-51.1409,-6.5856],[-51.13904,-6.583],[-51.13898,-6.57854],[-51.13757,-6.57357],[-51.1419,-6.56571],[-51.14196,-6.56271],[-51.14309,-6.55961],[-51.1464,-6.55621],[-51.14898,-6.55384],[-51.15098,-6.55116],[-51.15112,-6.54807],[-51.1507,-6.54508],[-51.14967,-6.54191],[-51.14887,-6.5352],[-51.14884,-6.53342],[-51.14843,-6.52921],[-51.14738,-6.52597],[-51.14604,-6.51473],[-51.14823,-6.50971],[-51.15196,-6.50848],[-51.16336,-6.50796],[-51.1669,-6.5071],[-51.16696,-6.50393],[-51.166,-6.4993],[-51.16651,-6.49612],[-51.16587,-6.48958],[-51.16719,-6.48614],[-51.16876,-6.48385],[-51.17859,-6.47704],[-51.18018,-6.47412],[-51.18262,-6.47247],[-51.18467,-6.47018],[-51.18348,-6.4672],[-51.17836,-6.46501],[-51.16729,-6.46128],[-51.1627,-6.4586],[-51.15978,-6.45609],[-51.15767,-6.45384],[-51.15587,-6.44297],[-51.15437,-6.43972],[-51.15198,-6.43692],[-51.14536,-6.43338],[-51.1432,-6.42985],[-51.14224,-6.42287],[-51.14221,-6.4196],[-51.14289,-6.41615],[-51.14287,-6.41325],[-51.14554,-6.40697],[-51.14628,-6.39979],[-51.1457,-6.39543],[-51.14448,-6.39209],[-51.1451,-6.389],[-51.14131,-6.38323],[-51.14321,-6.38085],[-51.14673,-6.38],[-51.1517,-6.37987],[-51.15543,-6.37883],[-51.15839,-6.37745],[-51.16045,-6.37489],[-51.16079,-6.37134],[-51.15935,-6.3651],[-51.15448,-6.35652],[-51.15227,-6.3502],[-51.15126,-6.34096],[-51.15176,-6.33786],[-51.15393,-6.33448],[-51.15506,-6.33175],[-51.15723,-6.32982],[-51.16068,-6.32935],[-51.16893,-6.33277],[-51.1718,-6.33122],[-51.17363,-6.32749],[-51.1764,-6.32529],[-51.17956,-6.32371],[-51.18214,-6.32024],[-51.18382,-6.31342],[-51.18515,-6.31032],[-51.18557,-6.30678],[-51.18662,-6.30387],[-51.18851,-6.30094],[-51.19192,-6.30028],[-51.19474,-6.29762],[-51.1956,-6.29416],[-51.19898,-6.28678],[-51.19884,-6.28352],[-51.19709,-6.2809],[-51.1949,-6.27893],[-51.19365,-6.27159],[-51.19092,-6.2688],[-51.18776,-6.27038],[-51.18415,-6.27114],[-51.18114,-6.27244],[-51.17734,-6.27311],[-51.17595,-6.2704],[-51.17532,-6.26714],[-51.17409,-6.26425],[-51.16751,-6.26685],[-51.16423,-6.26716],[-51.16051,-6.26619],[-51.15867,-6.26313],[-51.15745,-6.25961],[-51.15748,-6.25316],[-51.15592,-6.25018],[-51.15318,-6.24694],[-51.14918,-6.23718],[-51.14843,-6.23438],[-51.14821,-6.23048],[-51.14717,-6.22777],[-51.14678,-6.22432],[-51.14884,-6.22176],[-51.14878,-6.21668],[-51.14593,-6.21073],[-51.14707,-6.20699],[-51.15042,-6.20641],[-51.15276,-6.20376],[-51.15853,-6.20207],[-51.16126,-6.2005],[-51.16398,-6.19385],[-51.16422,-6.19031],[-51.167,-6.18785],[-51.17357,-6.19005],[-51.17748,-6.19037],[-51.18112,-6.1829],[-51.18309,-6.1807],[-51.1867,-6.17876],[-51.19437,-6.17615],[-51.19818,-6.17547],[-51.20023,-6.17255],[-51.20393,-6.17143],[-51.20973,-6.18126],[-51.2124,-6.18314],[-51.21929,-6.18416],[-51.22098,-6.18051],[-51.2202,-6.17625],[-51.22393,-6.16823],[-51.22784,-6.16966],[-51.23484,-6.17021],[-51.23873,-6.17081],[-51.24248,-6.17205],[-51.24573,-6.17238],[-51.24842,-6.17027],[-51.2502,-6.16717],[-51.25443,-6.16204],[-51.25223,-6.15871],[-51.25093,-6.15519],[-51.25351,-6.15135],[-51.25656,-6.14905],[-51.25962,-6.14594],[-51.25996,-6.14258],[-51.25945,-6.13877],[-51.26201,-6.13095],[-51.2647,-6.12846],[-51.26867,-6.12725],[-51.26995,-6.11907],[-51.27201,-6.11624],[-51.27317,-6.11323],[-51.28095,-6.10272],[-51.28484,-6.10296],[-51.28837,-6.1012],[-51.29087,-6.09818],[-51.29368,-6.09725],[-51.2972,-6.09676],[-51.29937,-6.09447],[-51.3006,-6.09019],[-51.30022,-6.0872],[-51.31053,-6.08737],[-51.31287,-6.08563],[-51.31437,-6.08208],[-51.31117,-6.07865],[-51.31331,-6.07664],[-51.31629,-6.07479],[-51.32065,-6.07412],[-51.32406,-6.07309],[-51.33029,-6.06931],[-51.33381,-6.069],[-51.33615,-6.0668],[-51.33712,-6.06316],[-51.33862,-6.06006],[-51.3417,-6.05885],[-51.3481,-6.05534],[-51.35145,-6.05449],[-51.35488,-6.05419],[-51.35826,-6.0557],[-51.36223,-6.05611],[-51.36349,-6.0522],[-51.36571,-6.04827],[-51.36859,-6.04606],[-51.37043,-6.04904],[-51.37608,-6.05352],[-51.38018,-6.05593],[-51.38474,-6.05706],[-51.39159,-6.05491],[-51.39465,-6.05324],[-51.3997,-6.04911],[-51.40164,-6.04582],[-51.3996,-6.04252],[-51.39459,-6.03809],[-51.39502,-6.03456],[-51.39745,-6.03262],[-51.39796,-6.02945],[-51.3962,-6.02565],[-51.3941,-6.02331],[-51.39251,-6.0197],[-51.39329,-6.01615],[-51.39198,-6.01335],[-51.38978,-6.01065],[-51.38737,-6.00505],[-51.38501,-6.00299],[-51.38293,-6.00036],[-51.38026,-5.99333],[-51.37853,-5.99088],[-51.37207,-5.98517],[-51.36873,-5.98509],[-51.3659,-5.986],[-51.3631,-5.98483],[-51.36145,-5.98174],[-51.35946,-5.97556],[-51.35979,-5.96867],[-51.35742,-5.96686],[-51.35034,-5.96579],[-51.34554,-5.96389],[-51.33918,-5.96399],[-51.33637,-5.96537],[-51.33265,-5.96519],[-51.32985,-5.96356],[-51.32268,-5.96522],[-51.3196,-5.96649],[-51.31462,-5.97114],[-51.31162,-5.97251],[-51.30854,-5.97497],[-51.30629,-5.97733],[-51.30629,-5.98052],[-51.30168,-5.98144],[-51.29468,-5.98145],[-51.29215,-5.97937],[-51.28434,-5.98538],[-51.28317,-5.98847],[-51.28117,-5.99084],[-51.27809,-5.99147],[-51.27456,-5.9905],[-51.27012,-5.99049],[-51.26367,-5.99496],[-51.25736,-5.99298],[-51.25487,-5.9908],[-51.25171,-5.98962],[-51.24915,-5.99163],[-51.24637,-5.99699],[-51.24192,-5.99719],[-51.23845,-5.99556],[-51.23511,-5.99503],[-51.23175,-5.99321],[-51.23012,-5.99031],[-51.23273,-5.98876],[-51.23782,-5.98185],[-51.2377,-5.97867],[-51.23599,-5.97613],[-51.22926,-5.97523],[-51.22635,-5.97334],[-51.2247,-5.96998],[-51.22426,-5.9658],[-51.22198,-5.96353]]]},"properties":{"codigo":"150730030","name":"Vila Ladeira Vermelha","population":3364,"households":1802,"areaKm2":4229.0841,"density":0.8}},{"type":"Feature","geometry":{"type":"Polygon","coordinates":[[[-51.14397,-5.15044],[-51.14626,-5.43271],[-51.14646,-5.45758],[-51.14729,-5.51415],[-51.1474,-5.57474],[-51.18527,-5.58507],[-51.18904,-5.58573],[-51.29832,-5.61457],[-51.39608,-5.64038],[-51.41103,-5.64432],[-51.41129,-5.64519],[-51.41129,-5.64803],[-51.4109,-5.64907],[-51.41162,-5.65036],[-51.41072,-5.65256],[-51.41273,-5.65491],[-51.41291,-5.65642],[-51.41359,-5.65743],[-51.41499,-5.65833],[-51.41521,-5.66089],[-51.41576,-5.66174],[-51.41568,-5.66283],[-51.41424,-5.66424],[-51.41359,-5.66758],[-51.4139,-5.67105],[-51.41453,-5.67483],[-51.41544,-5.67585],[-51.41729,-5.67684],[-51.42098,-5.67907],[-51.42169,-5.68155],[-51.4225,-5.68371],[-51.42244,-5.68661],[-51.42169,-5.68855],[-51.42036,-5.68983],[-51.4188,-5.69276],[-51.41834,-5.69465],[-51.41729,-5.69598],[-51.41719,-5.69744],[-51.41589,-5.70053],[-51.41417,-5.70133],[-51.41269,-5.70357],[-51.4134,-5.70511],[-51.41212,-5.70571],[-51.411,-5.70733],[-51.41022,-5.70784],[-51.41035,-5.70988],[-51.41004,-5.71079],[-51.40814,-5.71145],[-51.40801,-5.71231],[-51.4071,-5.71296],[-51.40367,-5.7169],[-51.40308,-5.71821],[-51.39999,-5.71881],[-51.39833,-5.72083],[-51.39762,-5.72262],[-51.39655,-5.7244],[-51.39384,-5.72494],[-51.39206,-5.7262],[-51.39072,-5.72749],[-51.38949,-5.73006],[-51.38708,-5.73037],[-51.38351,-5.73231],[-51.3805,-5.73511],[-51.38037,-5.73673],[-51.37904,-5.73881],[-51.37768,-5.73982],[-51.37576,-5.74002],[-51.37453,-5.7408],[-51.37288,-5.74138],[-51.37044,-5.74129],[-51.3672,-5.74074],[-51.36589,-5.74206],[-51.36525,-5.7419],[-51.36379,-5.74244],[-51.361,-5.74546],[-51.3596,-5.74676],[-51.35847,-5.74913],[-51.35664,-5.74989],[-51.35319,-5.75216],[-51.35007,-5.75232],[-51.34802,-5.75291],[-51.34652,-5.75496],[-51.34566,-5.75696],[-51.34577,-5.75933],[-51.34464,-5.76009],[-51.34287,-5.76288],[-51.34211,-5.76325],[-51.34016,-5.76294],[-51.33922,-5.76326],[-51.33859,-5.76515],[-51.3372,-5.76685],[-51.33569,-5.76938],[-51.33456,-5.77051],[-51.33399,-5.77171],[-51.33286,-5.77506],[-51.32977,-5.77828],[-51.32902,-5.77967],[-51.32867,-5.78314],[-51.32787,-5.78432],[-51.32771,-5.78577],[-51.32841,-5.7877],[-51.32798,-5.78916],[-51.326,-5.79066],[-51.32337,-5.79141],[-51.32037,-5.79372],[-51.31753,-5.7955],[-51.3157,-5.79754],[-51.31329,-5.80076],[-51.31131,-5.80238],[-51.31093,-5.80345],[-51.30862,-5.80768],[-51.30755,-5.8109],[-51.30715,-5.81395],[-51.30541,-5.81768],[-51.30423,-5.82051],[-51.30242,-5.82373],[-51.30097,-5.83296],[-51.30058,-5.83491],[-51.29903,-5.83657],[-51.29796,-5.839],[-51.29591,-5.84076],[-51.29417,-5.84397],[-51.28892,-5.84836],[-51.28619,-5.85099],[-51.28357,-5.85167],[-51.28081,-5.85339],[-51.27536,-5.85325],[-51.27299,-5.85354],[-51.26955,-5.85447],[-51.26782,-5.85433],[-51.26431,-5.85347],[-51.26158,-5.85354],[-51.25871,-5.8534],[-51.25663,-5.85426],[-51.25304,-5.85383],[-51.25074,-5.85398],[-51.24952,-5.8534],[-51.24708,-5.85297],[-51.24586,-5.85197],[-51.24414,-5.8519],[-51.24285,-5.85226],[-51.23976,-5.85506],[-51.23725,-5.85607],[-51.23574,-5.85729],[-51.23261,-5.85801],[-51.22869,-5.86034],[-51.22702,-5.86038],[-51.22488,-5.86171],[-51.21949,-5.86194],[-51.21771,-5.86027],[-51.21643,-5.86023],[-51.21429,-5.86136],[-51.21154,-5.86225],[-51.21154,-5.86416],[-51.21235,-5.86567],[-51.21364,-5.86727],[-51.21372,-5.86921],[-51.21542,-5.87075],[-51.21696,-5.87292],[-51.21689,-5.87377],[-51.21581,-5.87416],[-51.21542,-5.87532],[-51.21457,-5.87586],[-51.21349,-5.8757],[-51.21249,-5.87493],[-51.21056,-5.87571],[-51.20948,-5.87524],[-51.20871,-5.87555],[-51.20763,-5.87694],[-51.2074,-5.87872],[-51.20848,-5.87996],[-51.20879,-5.88097],[-51.20786,-5.88275],[-51.20794,-5.88429],[-51.20601,-5.88558],[-51.20616,-5.88767],[-51.20655,-5.88983],[-51.20771,-5.89014],[-51.20802,-5.89122],[-51.20941,-5.89455],[-51.21072,-5.89579],[-51.21234,-5.89625],[-51.21427,-5.89455],[-51.2162,-5.89447],[-51.21666,-5.89653],[-51.21589,-5.89924],[-51.21489,-5.90009],[-51.2125,-5.90094],[-51.21188,-5.90226],[-51.20933,-5.90427],[-51.20872,-5.90551],[-51.20872,-5.90683],[-51.20741,-5.90837],[-51.20764,-5.90959],[-51.20749,-5.91523],[-51.20888,-5.91995],[-51.21073,-5.9208],[-51.21297,-5.92281],[-51.21243,-5.92467],[-51.21305,-5.92575],[-51.21297,-5.92714],[-51.21351,-5.9283],[-51.21606,-5.92907],[-51.21714,-5.93062],[-51.21676,-5.93232],[-51.21436,-5.93464],[-51.2139,-5.93665],[-51.21236,-5.93897],[-51.21236,-5.94175],[-51.21215,-5.94452],[-51.20903,-5.94796],[-51.21247,-5.95046],[-51.21528,-5.95421],[-51.21778,-5.95702],[-51.22152,-5.96265],[-51.22198,-5.96353],[-51.21825,-5.96435],[-51.21409,-5.96328],[-51.21082,-5.96338],[-51.2052,-5.96475],[-51.20165,-5.96666],[-51.19868,-5.96713],[-51.19768,-5.96259],[-51.19576,-5.96005],[-51.1914,-5.95996],[-51.18851,-5.96142],[-51.18398,-5.96579],[-51.18079,-5.96517],[-51.17762,-5.96581],[-51.17481,-5.96363],[-51.17007,-5.95629],[-51.16282,-5.95394],[-51.16117,-5.95022],[-51.16126,-5.94659],[-51.16279,-5.94386],[-51.16278,-5.94077],[-51.16123,-5.93723],[-51.16168,-5.93396],[-51.16367,-5.93114],[-51.16428,-5.92796],[-51.1614,-5.92442],[-51.15812,-5.92398],[-51.15504,-5.92208],[-51.15312,-5.9199],[-51.1494,-5.92154],[-51.14398,-5.92491],[-51.14098,-5.92401],[-51.1397,-5.92128],[-51.13706,-5.9182],[-51.13362,-5.91848],[-51.13034,-5.91822],[-51.12609,-5.91877],[-51.1259,-5.91532],[-51.12398,-5.9126],[-51.12326,-5.90515],[-51.1147,-5.89336],[-51.11315,-5.89018],[-51.10988,-5.87529],[-51.10985,-5.87214],[-51.11184,-5.86921],[-51.11547,-5.86974],[-51.11873,-5.86892],[-51.11717,-5.86447],[-51.11345,-5.8613],[-51.1071,-5.8535],[-51.10581,-5.85015],[-51.10818,-5.84777],[-51.1119,-5.84505],[-51.11335,-5.84094],[-51.11684,-5.83532],[-51.11731,-5.83159],[-51.11649,-5.82768],[-51.11412,-5.82379],[-51.11101,-5.81471],[-51.10809,-5.81136],[-51.10109,-5.80129],[-51.09756,-5.79875],[-51.09356,-5.7973],[-51.09129,-5.79504],[-51.0892,-5.7915],[-51.08801,-5.78741],[-51.08781,-5.78433],[-51.08645,-5.78097],[-51.08005,-5.7827],[-51.06896,-5.781],[-51.06506,-5.7821],[-51.06234,-5.78074],[-51.06359,-5.77547],[-51.06259,-5.77174],[-51.05978,-5.77012],[-51.05515,-5.76468],[-51.05179,-5.76387],[-51.04942,-5.76659],[-51.04662,-5.76524],[-51.04334,-5.76434],[-51.0408,-5.76586],[-51.0378,-5.76572],[-51.03156,-5.76944],[-51.0306,-5.77236],[-51.03603,-5.77742],[-51.03414,-5.78152],[-51.03223,-5.7837],[-51.0296,-5.78235],[-51.02662,-5.78371],[-51.02478,-5.78617],[-51.02198,-5.78699],[-51.01554,-5.78509],[-51.01245,-5.78374],[-51.00956,-5.78474],[-51.00603,-5.78521],[-51.00045,-5.78382],[-50.99442,-5.78735],[-50.98615,-5.79427],[-50.98298,-5.79445],[-50.97692,-5.79305],[-50.97287,-5.7934],[-50.9697,-5.79157],[-50.96756,-5.78857],[-50.96244,-5.78422],[-50.96031,-5.78854],[-50.95734,-5.7887],[-50.95434,-5.78977],[-50.95217,-5.7923],[-50.94616,-5.80375],[-50.94298,-5.80339],[-50.93928,-5.80229],[-50.93556,-5.80046],[-50.93295,-5.79791],[-50.92845,-5.79527],[-50.92428,-5.79433],[-50.92031,-5.79268],[-50.91754,-5.7895],[-50.91378,-5.78115],[-50.91507,-5.77736],[-50.91789,-5.77511],[-50.92151,-5.77331],[-50.92595,-5.77233],[-50.92867,-5.76999],[-50.92795,-5.76701],[-50.92328,-5.76218],[-50.91779,-5.75753],[-50.91528,-5.75372],[-50.91737,-5.7502],[-50.92029,-5.74777],[-50.9212,-5.74487],[-50.92059,-5.74043],[-50.91797,-5.73834],[-50.91564,-5.73551],[-50.91112,-5.73658],[-50.91131,-5.73033],[-50.91089,-5.72725],[-50.90428,-5.72603],[-50.90314,-5.72269],[-50.90406,-5.71834],[-50.90109,-5.71597],[-50.89875,-5.71325],[-50.8985,-5.70925],[-50.90059,-5.70519],[-50.90295,-5.70312],[-50.90686,-5.69779],[-50.90653,-5.69354],[-50.89904,-5.69431],[-50.89359,-5.69764],[-50.89042,-5.69871],[-50.88254,-5.70257],[-50.87681,-5.70761],[-50.87364,-5.70723],[-50.87067,-5.70568],[-50.86487,-5.70846],[-50.85861,-5.71024],[-50.85265,-5.7103],[-50.84839,-5.70973],[-50.84714,-5.70637],[-50.85137,-5.69743],[-50.85629,-5.68866],[-50.85651,-5.6807],[-50.85861,-5.677],[-50.8607,-5.67483],[-50.86342,-5.67321],[-50.86543,-5.67096],[-50.86534,-5.66661],[-50.86629,-5.66064],[-50.86821,-5.65603],[-50.86968,-5.65105],[-50.8699,-5.6459],[-50.87062,-5.64228],[-50.8747,-5.64094],[-50.87714,-5.63742],[-50.87817,-5.63253],[-50.88197,-5.63364],[-50.88504,-5.63347],[-50.88795,-5.63186],[-50.89201,-5.63088],[-50.89534,-5.63298],[-50.89842,-5.6329],[-50.90423,-5.62995],[-50.91271,-5.62818],[-50.91698,-5.62865],[-50.92003,-5.63012],[-50.92448,-5.63068],[-50.92676,-5.62825],[-50.92992,-5.62682],[-50.93397,-5.62673],[-50.93787,-5.62513],[-50.94217,-5.61845],[-50.94587,-5.61693],[-50.95011,-5.61668],[-50.95283,-5.61434],[-50.94765,-5.60833],[-50.94603,-5.60334],[-50.94625,-5.59529],[-50.94529,-5.59193],[-50.94511,-5.58722],[-50.95165,-5.58028],[-50.95087,-5.57619],[-50.9487,-5.57302],[-50.94664,-5.56893],[-50.94587,-5.56458],[-50.94678,-5.56005],[-50.95337,-5.5476],[-50.95637,-5.54054],[-50.95511,-5.53655],[-50.95178,-5.53535],[-50.94873,-5.53308],[-50.9474,-5.52583],[-50.94542,-5.52328],[-50.9402,-5.52126],[-50.93523,-5.52123],[-50.9309,-5.51786],[-50.92729,-5.51595],[-50.91575,-5.51362],[-50.9107,-5.51134],[-50.89645,-5.50265],[-50.89379,-5.50041],[-50.89189,-5.49656],[-50.88892,-5.49546],[-50.88098,-5.49475],[-50.87836,-5.49284],[-50.87431,-5.49153],[-50.87431,-5.48845],[-50.87642,-5.4843],[-50.87864,-5.47796],[-50.87823,-5.47424],[-50.87898,-5.47042],[-50.87916,-5.45931],[-50.8819,-5.45632],[-50.88164,-5.45233],[-50.87932,-5.44895],[-50.88089,-5.44597],[-50.88814,-5.44304],[-50.88773,-5.43887],[-50.88567,-5.43595],[-50.88331,-5.43403],[-50.87853,-5.43318],[-50.87545,-5.4336],[-50.87147,-5.43321],[-50.86625,-5.43091],[-50.86357,-5.4288],[-50.86178,-5.42507],[-50.86357,-5.42253],[-50.8574,-5.41797],[-50.84746,-5.41517],[-50.84659,-5.4119],[-50.84525,-5.40925],[-50.84162,-5.41014],[-50.83898,-5.41175],[-50.83562,-5.41236],[-50.83273,-5.41206],[-50.82723,-5.40939],[-50.82381,-5.40855],[-50.81873,-5.40878],[-50.80939,-5.41134],[-50.80099,-5.40864],[-50.79057,-5.40312],[-50.78687,-5.39965],[-50.787,-5.39331],[-50.78567,-5.39067],[-50.78995,-5.38607],[-50.79078,-5.383],[-50.78948,-5.37682],[-50.78987,-5.37266],[-50.79489,-5.36753],[-50.79873,-5.36212],[-50.79803,-5.35885],[-50.79561,-5.35602],[-50.79484,-5.35283],[-50.79519,-5.34967],[-50.79456,-5.33887],[-50.79586,-5.33562],[-50.79978,-5.33057],[-50.80061,-5.32776],[-50.79864,-5.32503],[-50.79595,-5.3232],[-50.79462,-5.32028],[-50.79256,-5.31819],[-50.79176,-5.315],[-50.77356,-5.30535],[-50.77067,-5.30586],[-50.76214,-5.3097],[-50.75703,-5.31329],[-50.75462,-5.31145],[-50.75428,-5.30801],[-50.75503,-5.30384],[-50.75698,-5.29732],[-50.75881,-5.29472],[-50.76067,-5.28875],[-50.76051,-5.28503],[-50.76209,-5.28122],[-50.76195,-5.27406],[-50.76095,-5.2648],[-50.76331,-5.26193],[-50.76317,-5.25839],[-50.76525,-5.25631],[-50.76609,-5.25242],[-50.76531,-5.24879],[-50.76562,-5.24471],[-50.76753,-5.24237],[-50.76989,-5.24067],[-50.77136,-5.23733],[-50.76873,-5.22715],[-50.76706,-5.22378],[-50.76417,-5.22213],[-50.76081,-5.2211],[-50.75431,-5.22096],[-50.73933,-5.21777],[-50.73561,-5.21737],[-50.72872,-5.2204],[-50.72492,-5.22037],[-50.7235,-5.21782],[-50.72614,-5.21322],[-50.72689,-5.20977],[-50.72607,-5.20216],[-50.72428,-5.19824],[-50.72139,-5.19668],[-50.71961,-5.19377],[-50.72081,-5.18978],[-50.72003,-5.18633],[-50.71989,-5.1817],[-50.72153,-5.17845],[-50.7202,-5.17466],[-50.72176,-5.17507],[-50.72453,-5.17537],[-50.72769,-5.1769],[-50.7288,-5.17698],[-50.7443,-5.17645],[-50.75013,-5.17566],[-50.75322,-5.17589],[-50.75539,-5.17391],[-50.7582,-5.17275],[-50.76148,-5.17224],[-50.76539,-5.16882],[-50.76614,-5.16538],[-50.76742,-5.1624],[-50.77086,-5.16206],[-50.77717,-5.16473],[-50.77951,-5.16693],[-50.78134,-5.16413],[-50.78423,-5.16325],[-50.78668,-5.16527],[-50.78967,-5.1642],[-50.79148,-5.1614],[-50.79567,-5.15672],[-50.79851,-5.15574],[-50.80228,-5.1565],[-50.80517,-5.15779],[-50.80764,-5.15536],[-50.81054,-5.1542],[-50.81317,-5.15223],[-50.81706,-5.15344],[-50.81939,-5.15572],[-50.82215,-5.16281],[-50.82464,-5.16519],[-50.82828,-5.16422],[-50.83567,-5.16682],[-50.83884,-5.1663],[-50.84175,-5.16505],[-50.8465,-5.16519],[-50.84998,-5.16665],[-50.85268,-5.1684],[-50.85418,-5.17159],[-50.85459,-5.17557],[-50.85739,-5.17759],[-50.86067,-5.17571],[-50.86456,-5.17529],[-50.86745,-5.17403],[-50.86928,-5.17151],[-50.87219,-5.16935],[-50.87575,-5.16422],[-50.87928,-5.16406],[-50.88126,-5.16662],[-50.88394,-5.169],[-50.8872,-5.16884],[-50.89004,-5.16641],[-50.89376,-5.16517],[-50.89603,-5.16283],[-50.89695,-5.15957],[-50.89915,-5.15723],[-50.90759,-5.16401],[-50.9096,-5.16184],[-50.90945,-5.15875],[-50.91234,-5.15832],[-50.91498,-5.15617],[-50.91908,-5.15067],[-50.92172,-5.14924],[-50.9249,-5.14917],[-50.92723,-5.15145],[-50.9302,-5.15057],[-51.00091,-5.15055],[-51.14397,-5.15044]]]},"properties":{"codigo":"150730035","name":"Vila Lindoeste","population":2803,"households":1391,"areaKm2":3090.1258,"density":0.9}},{"type":"Feature","geometry":{"type":"Polygon","coordinates":[[[-51.56299,-6.38589],[-51.566,-6.30411],[-51.5695,-6.20938],[-51.57072,-6.20693],[-51.57396,-6.20286],[-51.5791,-6.19764],[-51.59406,-6.18284],[-51.59785,-6.17768],[-51.60386,-6.16536],[-51.60676,-6.16132],[-51.61413,-6.1537],[-51.62037,-6.14607],[-51.62461,-6.13935],[-51.62773,-6.13195],[-51.63018,-6.12545],[-51.63438,-6.11563],[-51.63583,-6.11191],[-51.64284,-6.1046],[-51.64495,-6.10062],[-51.64627,-6.09504],[-51.64852,-6.09119],[-51.65169,-6.08707],[-51.65909,-6.07936],[-51.6714,-6.07084],[-51.68554,-6.06238],[-51.68397,-6.06035],[-51.68172,-6.05855],[-51.68115,-6.05653],[-51.68149,-6.05439],[-51.68317,-6.05044],[-51.6835,-6.04842],[-51.68193,-6.04605],[-51.6799,-6.04448],[-51.67305,-6.03818],[-51.6726,-6.0365],[-51.6744,-6.03365],[-51.67708,-6.03121],[-51.67938,-6.02979],[-51.6845,-6.02747],[-51.6886,-6.02593],[-51.69435,-6.02438],[-51.69746,-6.02322],[-51.69754,-5.90508],[-51.69738,-5.89211],[-51.69889,-5.73836],[-51.69909,-5.71783],[-51.69731,-5.52605],[-51.69668,-5.44946],[-52.0157,-5.45262],[-52.02892,-5.45275],[-52.11262,-5.45358],[-52.12312,-5.80362],[-52.13095,-6.00378],[-52.13177,-6.01291],[-52.13162,-6.01714],[-52.11358,-6.066],[-52.12318,-6.08197],[-52.12747,-6.10115],[-52.12433,-6.12248],[-52.12223,-6.13528],[-52.11483,-6.15555],[-52.10529,-6.16837],[-52.09788,-6.18331],[-52.09364,-6.19398],[-52.11917,-6.19819],[-52.14474,-6.22372],[-52.16396,-6.25886],[-52.20719,-6.28431],[-52.23391,-6.30319],[-52.25156,-6.31738],[-52.28386,-6.31092],[-52.30395,-6.31774],[-52.33333,-6.31865],[-52.36613,-6.31856],[-52.3906,-6.31457],[-52.42818,-6.30948],[-52.46196,-6.30491],[-52.45731,-6.3085],[-52.44281,-6.31525],[-52.42795,-6.33021],[-52.40954,-6.33939],[-52.39765,-6.34949],[-52.37892,-6.37843],[-52.37748,-6.39484],[-52.37415,-6.40641],[-52.36133,-6.41707],[-52.34831,-6.42232],[-52.33828,-6.43279],[-52.33495,-6.441],[-52.32437,-6.45352],[-52.3136,-6.46734],[-52.30322,-6.4875],[-52.30124,-6.51267],[-52.29829,-6.52461],[-52.28232,-6.54665],[-52.26503,-6.55918],[-52.23695,-6.58218],[-52.22317,-6.58221],[-52.212,-6.58597],[-52.18647,-6.58286],[-52.14914,-6.55685],[-52.12119,-6.5543],[-52.1121,-6.54556],[-52.11079,-6.54264],[-52.11117,-6.54052],[-52.11067,-6.53883],[-52.11081,-6.53763],[-52.10896,-6.53559],[-52.10707,-6.53504],[-52.10552,-6.53567],[-52.10326,-6.53405],[-52.10292,-6.53462],[-52.10148,-6.53519],[-52.10075,-6.53511],[-52.0997,-6.53599],[-52.09856,-6.53494],[-52.0977,-6.53525],[-52.09723,-6.53606],[-52.09479,-6.53745],[-52.09391,-6.53751],[-52.09339,-6.53683],[-52.09562,-6.53422],[-52.09503,-6.53205],[-52.09347,-6.53209],[-52.09546,-6.52863],[-52.09673,-6.528],[-52.09751,-6.52719],[-52.09637,-6.52582],[-52.09859,-6.52472],[-52.09843,-6.52357],[-52.09697,-6.52351],[-52.09663,-6.52248],[-52.09725,-6.52101],[-52.09787,-6.52205],[-52.10014,-6.52089],[-52.10112,-6.52099],[-52.10372,-6.51996],[-52.10492,-6.51888],[-52.10476,-6.51776],[-52.1038,-6.51691],[-52.10711,-6.51475],[-52.10616,-6.51295],[-52.10494,-6.51281],[-52.10515,-6.51165],[-52.10466,-6.50956],[-52.10352,-6.50758],[-52.1029,-6.5074],[-52.10244,-6.50621],[-52.10093,-6.50637],[-52.10186,-6.50796],[-52.09967,-6.51041],[-52.09844,-6.51109],[-52.09788,-6.51274],[-52.09503,-6.51352],[-52.09422,-6.51237],[-52.09208,-6.51278],[-52.09116,-6.51108],[-52.09053,-6.51095],[-52.09019,-6.50971],[-52.08878,-6.50845],[-52.08773,-6.50842],[-52.0866,-6.50782],[-52.08453,-6.50741],[-52.08329,-6.50801],[-52.08258,-6.50693],[-52.08058,-6.50622],[-52.07896,-6.50679],[-52.07662,-6.50725],[-52.07606,-6.50756],[-52.07481,-6.50733],[-52.07241,-6.50748],[-52.07152,-6.50914],[-52.07019,-6.50933],[-52.06985,-6.50709],[-52.07028,-6.50568],[-52.06889,-6.50452],[-52.0675,-6.50435],[-52.06684,-6.50524],[-52.06499,-6.50302],[-52.06222,-6.5035],[-52.06163,-6.50325],[-52.06016,-6.50352],[-52.06016,-6.50224],[-52.0585,-6.5028],[-52.05791,-6.50259],[-52.05725,-6.50135],[-52.05616,-6.50018],[-52.05373,-6.50043],[-52.05346,-6.49969],[-52.05353,-6.49702],[-52.0524,-6.49653],[-52.05226,-6.49551],[-52.05142,-6.49518],[-52.05073,-6.49295],[-52.05019,-6.49261],[-52.04864,-6.49026],[-52.04793,-6.49002],[-52.04793,-6.4888],[-52.0462,-6.48685],[-52.04284,-6.48415],[-52.04203,-6.48244],[-52.04113,-6.48163],[-52.03798,-6.48041],[-52.03684,-6.48067],[-52.03436,-6.48193],[-52.03304,-6.48212],[-52.03102,-6.48159],[-52.03023,-6.4811],[-52.02824,-6.48136],[-52.02627,-6.48262],[-52.02553,-6.48334],[-52.02449,-6.48352],[-52.02251,-6.48258],[-52.02081,-6.47872],[-52.02017,-6.47586],[-52.01967,-6.47529],[-52.01871,-6.47218],[-52.01744,-6.46966],[-52.01712,-6.4686],[-52.01737,-6.46752],[-52.01702,-6.46632],[-52.01357,-6.46529],[-52.01261,-6.46311],[-52.01261,-6.46093],[-52.01111,-6.45805],[-52.0101,-6.45574],[-52.00843,-6.45335],[-52.00854,-6.45248],[-52.00772,-6.45153],[-52.00871,-6.4507],[-52.00866,-6.44959],[-52.00759,-6.44792],[-52.00611,-6.44694],[-52.00537,-6.44187],[-52.00578,-6.43978],[-52.00514,-6.4377],[-52.00443,-6.43703],[-52.00065,-6.4365],[-51.9997,-6.43605],[-51.99913,-6.43527],[-51.99816,-6.43315],[-51.9972,-6.43248],[-51.99648,-6.43282],[-51.9953,-6.43264],[-51.99509,-6.43186],[-51.99584,-6.43078],[-51.99466,-6.43044],[-51.99285,-6.43038],[-51.99329,-6.43145],[-51.99299,-6.43249],[-51.99223,-6.43199],[-51.99118,-6.43271],[-51.99022,-6.43212],[-51.98949,-6.43304],[-51.98832,-6.43183],[-51.98739,-6.43221],[-51.98402,-6.43],[-51.98205,-6.42907],[-51.98087,-6.42935],[-51.98072,-6.43029],[-51.98159,-6.43168],[-51.98063,-6.43221],[-51.98015,-6.43306],[-51.97898,-6.4329],[-51.97844,-6.43191],[-51.97686,-6.43062],[-51.97507,-6.43022],[-51.9721,-6.43029],[-51.97125,-6.43106],[-51.96947,-6.43067],[-51.96866,-6.43116],[-51.96724,-6.43133],[-51.96419,-6.43226],[-51.96281,-6.4324],[-51.96088,-6.43467],[-51.96039,-6.43295],[-51.95936,-6.4324],[-51.95854,-6.43299],[-51.95663,-6.43376],[-51.95605,-6.43372],[-51.95514,-6.43464],[-51.95376,-6.43458],[-51.95346,-6.43397],[-51.95054,-6.43309],[-51.94864,-6.43277],[-51.94791,-6.43141],[-51.94591,-6.42891],[-51.94403,-6.42886],[-51.94274,-6.42833],[-51.94257,-6.42628],[-51.93864,-6.42516],[-51.93718,-6.42599],[-51.93515,-6.42314],[-51.93368,-6.42356],[-51.93151,-6.42248],[-51.92898,-6.42091],[-51.92801,-6.41874],[-51.92656,-6.41608],[-51.92027,-6.40763],[-51.91822,-6.4063],[-51.91833,-6.40497],[-51.91856,-6.39784],[-51.90853,-6.38579],[-51.62643,-6.38589],[-51.59877,-6.38589],[-51.56299,-6.38589]]]},"properties":{"codigo":"150730040","name":"Vila Nereu","population":4015,"households":1744,"areaKm2":6243.0094,"density":0.6}}]}