{"type":"FeatureCollection","features":[{"type":"Feature","geometry":{"type":"Polygon","coordinates":[[[-47.56764,-12.19028],[-47.5687,-12.19114],[-47.57105,-12.19204],[-47.5731,-12.19304],[-47.57557,-12.19496],[-47.57735,-12.19679],[-47.57952,-12.19797],[-47.58263,-12.1989],[-47.5851,-12.20004],[-47.58718,-12.20175],[-47.58808,-12.20327],[-47.59049,-12.20429],[-47.59335,-12.20591],[-47.60599,-12.21276],[-47.60589,-12.1995],[-47.60666,-12.19673],[-47.60724,-12.19285],[-47.61034,-12.19118],[-47.61488,-12.18951],[-47.6217,-12.18618],[-47.62583,-12.18451],[-47.62678,-12.18385],[-47.62897,-12.18409],[-47.63176,-12.18376],[-47.63278,-12.18244],[-47.63348,-12.18004],[-47.63456,-12.178],[-47.63772,-12.17277],[-47.63891,-12.16953],[-47.64032,-12.16474],[-47.64104,-12.15828],[-47.64151,-12.15666],[-47.64374,-12.15454],[-47.64669,-12.15201],[-47.64915,-12.14935],[-47.65021,-12.14594],[-47.65012,-12.14217],[-47.64965,-12.13847],[-47.6503,-12.13578],[-47.65192,-12.13379],[-47.6533,-12.13252],[-47.65536,-12.13155],[-47.6587,-12.13187],[-47.6623,-12.13381],[-47.66609,-12.13652],[-47.66873,-12.13889],[-47.67203,-12.14095],[-47.67501,-12.14163],[-47.68489,-12.13939],[-47.69047,-12.13909],[-47.69584,-12.14101],[-47.70107,-12.1424],[-47.70642,-12.14282],[-47.70964,-12.14231],[-47.71158,-12.14241],[-47.71197,-12.1445],[-47.71309,-12.147],[-47.71591,-12.15014],[-47.71994,-12.15237],[-47.72384,-12.15323],[-47.72718,-12.15314],[-47.73093,-12.15172],[-47.73333,-12.14943],[-47.73465,-12.14715],[-47.73643,-12.14366],[-47.73945,-12.14158],[-47.74753,-12.1417],[-47.75,-12.14089],[-47.75276,-12.13971],[-47.75404,-12.13941],[-47.75614,-12.13962],[-47.76024,-12.141],[-47.76193,-12.13982],[-47.76451,-12.13982],[-47.76675,-12.13938],[-47.76736,-12.13896],[-47.76972,-12.13858],[-47.77099,-12.13803],[-47.77348,-12.13758],[-47.77419,-12.13608],[-47.7763,-12.13451],[-47.77793,-12.13366],[-47.77975,-12.13352],[-47.78115,-12.13374],[-47.78201,-12.13475],[-47.78276,-12.13701],[-47.78303,-12.13922],[-47.7842,-12.14076],[-47.78653,-12.14289],[-47.7877,-12.14461],[-47.79044,-12.14536],[-47.79148,-12.14601],[-47.79558,-12.14913],[-47.79749,-12.15138],[-47.79951,-12.15276],[-47.80054,-12.15333],[-47.80371,-12.15437],[-47.80496,-12.15451],[-47.80477,-12.15686],[-47.80514,-12.1584],[-47.80615,-12.16011],[-47.80733,-12.16154],[-47.80933,-12.16335],[-47.81249,-12.17026],[-47.81297,-12.17152],[-47.81323,-12.17404],[-47.81301,-12.17542],[-47.81228,-12.17795],[-47.81195,-12.18007],[-47.81197,-12.18208],[-47.81272,-12.18649],[-47.81229,-12.19022],[-47.81231,-12.19171],[-47.81315,-12.19434],[-47.81366,-12.19824],[-47.81322,-12.20042],[-47.8111,-12.20389],[-47.81085,-12.20554],[-47.81131,-12.20761],[-47.81685,-12.21536],[-47.82262,-12.2185],[-47.82577,-12.21831],[-47.82987,-12.21981],[-47.83897,-12.21588],[-47.84865,-12.21469],[-47.85086,-12.21484],[-47.85448,-12.21531],[-47.85618,-12.21581],[-47.86081,-12.21806],[-47.86422,-12.22083],[-47.86675,-12.22218],[-47.86969,-12.22491],[-47.87163,-12.2258],[-47.87376,-12.22565],[-47.875,-12.22622],[-47.8761,-12.22985],[-47.87722,-12.23092],[-47.8777,-12.2323],[-47.87815,-12.2359],[-47.87857,-12.23716],[-47.88057,-12.23887],[-47.88308,-12.23971],[-47.88365,-12.23774],[-47.87978,-12.23666],[-47.87919,-12.23618],[-47.87938,-12.2341],[-47.88069,-12.23248],[-47.88126,-12.23085],[-47.88092,-12.22914],[-47.8802,-12.22768],[-47.87963,-12.22722],[-47.87934,-12.22478],[-47.87965,-12.2225],[-47.88039,-12.22081],[-47.87856,-12.21841],[-47.87853,-12.21683],[-47.87729,-12.21552],[-47.8764,-12.21581],[-47.87336,-12.21359],[-47.8711,-12.21247],[-47.87032,-12.21329],[-47.86878,-12.21294],[-47.86776,-12.21179],[-47.86692,-12.2114],[-47.86524,-12.21144],[-47.86409,-12.21114],[-47.86281,-12.21238],[-47.86103,-12.21103],[-47.86041,-12.20873],[-47.86039,-12.20754],[-47.85897,-12.20725],[-47.85851,-12.20623],[-47.8551,-12.20646],[-47.85525,-12.20476],[-47.85374,-12.20286],[-47.85344,-12.20009],[-47.85281,-12.19909],[-47.85354,-12.19712],[-47.85394,-12.19493],[-47.85299,-12.1949],[-47.85296,-12.19315],[-47.85393,-12.19142],[-47.85418,-12.18981],[-47.85328,-12.18954],[-47.85302,-12.18862],[-47.85143,-12.18836],[-47.85169,-12.18737],[-47.85074,-12.18733],[-47.85041,-12.1858],[-47.85074,-12.18502],[-47.84958,-12.18326],[-47.84934,-12.18151],[-47.84864,-12.17949],[-47.84754,-12.17885],[-47.84724,-12.17632],[-47.84453,-12.1747],[-47.84514,-12.1738],[-47.84417,-12.17335],[-47.84429,-12.17139],[-47.84472,-12.17081],[-47.84363,-12.17028],[-47.84292,-12.16906],[-47.84229,-12.16894],[-47.84164,-12.16787],[-47.84232,-12.16645],[-47.84121,-12.16596],[-47.8419,-12.16515],[-47.84229,-12.16402],[-47.84368,-12.16445],[-47.84475,-12.1635],[-47.84508,-12.16125],[-47.84555,-12.16013],[-47.84632,-12.15988],[-47.84702,-12.15899],[-47.8475,-12.16011],[-47.84641,-12.16094],[-47.8459,-12.1621],[-47.84604,-12.16299],[-47.84713,-12.16306],[-47.84793,-12.16204],[-47.84973,-12.16189],[-47.85063,-12.16082],[-47.8507,-12.15981],[-47.85144,-12.1592],[-47.853,-12.15939],[-47.85291,-12.1585],[-47.85355,-12.15737],[-47.85501,-12.15598],[-47.85446,-12.15346],[-47.85316,-12.1528],[-47.85331,-12.15072],[-47.8543,-12.14984],[-47.85373,-12.14863],[-47.85212,-12.1479],[-47.85143,-12.14657],[-47.85087,-12.14704],[-47.85017,-12.1462],[-47.85082,-12.14568],[-47.85068,-12.1446],[-47.85003,-12.14436],[-47.85074,-12.14275],[-47.84995,-12.14026],[-47.85005,-12.13855],[-47.84927,-12.13751],[-47.84841,-12.13706],[-47.84907,-12.1357],[-47.84871,-12.13476],[-47.84942,-12.1341],[-47.85119,-12.13317],[-47.85142,-12.13271],[-47.851,-12.13019],[-47.85126,-12.12789],[-47.85061,-12.12732],[-47.85057,-12.12647],[-47.84936,-12.12472],[-47.84736,-12.12475],[-47.84728,-12.12099],[-47.84829,-12.12033],[-47.84936,-12.11731],[-47.8501,-12.11747],[-47.84995,-12.11864],[-47.85055,-12.11929],[-47.85334,-12.11767],[-47.855,-12.11725],[-47.85621,-12.11806],[-47.85711,-12.11783],[-47.85898,-12.11896],[-47.86008,-12.11919],[-47.86269,-12.11867],[-47.86316,-12.11933],[-47.86336,-12.12059],[-47.86417,-12.12119],[-47.86528,-12.12138],[-47.86609,-12.12107],[-47.86687,-12.12145],[-47.86779,-12.12076],[-47.86728,-12.11934],[-47.86756,-12.11859],[-47.86875,-12.11872],[-47.87062,-12.11797],[-47.87204,-12.11785],[-47.87224,-12.11596],[-47.87185,-12.11521],[-47.87032,-12.11532],[-47.86975,-12.1143],[-47.87046,-12.1129],[-47.86946,-12.11256],[-47.86859,-12.11075],[-47.86801,-12.11053],[-47.86809,-12.10916],[-47.86893,-12.10844],[-47.86899,-12.1071],[-47.86973,-12.106],[-47.86983,-12.10506],[-47.87045,-12.10475],[-47.87054,-12.10349],[-47.87019,-12.10244],[-47.87032,-12.10114],[-47.87132,-12.10055],[-47.87486,-12.10074],[-47.87605,-12.10042],[-47.87666,-12.09964],[-47.87597,-12.09887],[-47.8763,-12.09758],[-47.87711,-12.09735],[-47.87828,-12.0959],[-47.87814,-12.09485],[-47.87902,-12.09432],[-47.87884,-12.09314],[-47.87991,-12.09079],[-47.8813,-12.09064],[-47.88169,-12.08914],[-47.88376,-12.08777],[-47.88507,-12.08829],[-47.8862,-12.08799],[-47.88727,-12.08832],[-47.89056,-12.08978],[-47.89175,-12.08891],[-47.89266,-12.08896],[-47.89332,-12.08765],[-47.89465,-12.08725],[-47.89486,-12.08672],[-47.89678,-12.08547],[-47.8972,-12.08436],[-47.89806,-12.08457],[-47.89951,-12.08428],[-47.90007,-12.08368],[-47.90019,-12.08207],[-47.90167,-12.08241],[-47.90249,-12.08024],[-47.90344,-12.08044],[-47.90384,-12.08166],[-47.9059,-12.08258],[-47.90665,-12.0812],[-47.90631,-12.08027],[-47.90693,-12.07924],[-47.90878,-12.07863],[-47.9105,-12.07754],[-47.91021,-12.07663],[-47.90932,-12.07596],[-47.91117,-12.07537],[-47.91129,-12.07449],[-47.91011,-12.07331],[-47.90896,-12.07329],[-47.90836,-12.07218],[-47.90953,-12.0712],[-47.91056,-12.06991],[-47.91071,-12.06834],[-47.90964,-12.06837],[-47.90936,-12.06747],[-47.9107,-12.06655],[-47.91234,-12.06728],[-47.91409,-12.06708],[-47.91495,-12.0664],[-47.91644,-12.06661],[-47.9177,-12.06593],[-47.91843,-12.0665],[-47.91815,-12.06726],[-47.91902,-12.06777],[-47.91937,-12.06863],[-47.92128,-12.06749],[-47.92239,-12.06842],[-47.92312,-12.06721],[-47.92216,-12.06577],[-47.92265,-12.06531],[-47.92308,-12.06392],[-47.92435,-12.06295],[-47.92542,-12.06273],[-47.92568,-12.06157],[-47.9268,-12.06076],[-47.92744,-12.05959],[-47.92938,-12.05844],[-47.92918,-12.05698],[-47.92971,-12.05641],[-47.93088,-12.05674],[-47.93373,-12.05652],[-47.93573,-12.05475],[-47.93699,-12.05293],[-47.93904,-12.05236],[-47.9409,-12.0511],[-47.94193,-12.05077],[-47.94287,-12.05096],[-47.94362,-12.05233],[-47.94584,-12.05232],[-47.94773,-12.05252],[-47.94858,-12.05201],[-47.95058,-12.05177],[-47.951,-12.05204],[-47.9512,-12.05551],[-47.95183,-12.05693],[-47.95281,-12.05695],[-47.9533,-12.05551],[-47.954,-12.05499],[-47.95481,-12.05523],[-47.95801,-12.05556],[-47.96056,-12.05462],[-47.96173,-12.05525],[-47.96408,-12.05534],[-47.96505,-12.05575],[-47.96728,-12.05517],[-47.96756,-12.05399],[-47.96837,-12.05303],[-47.97,-12.05263],[-47.9708,-12.05316],[-47.97206,-12.05556],[-47.97348,-12.05593],[-47.97499,-12.05535],[-47.97627,-12.05364],[-47.97798,-12.05369],[-47.97883,-12.05424],[-47.98066,-12.05453],[-47.98074,-12.05511],[-47.98208,-12.05755],[-47.98367,-12.05822],[-47.98475,-12.05949],[-47.98666,-12.05887],[-47.98732,-12.05933],[-47.98731,-12.06142],[-47.98856,-12.06194],[-47.98969,-12.06129],[-47.99057,-12.05971],[-47.99217,-12.05961],[-47.99252,-12.05863],[-47.99361,-12.0582],[-47.99513,-12.05719],[-47.99629,-12.05403],[-47.99546,-12.05283],[-47.99574,-12.05207],[-47.99667,-12.05254],[-48.00091,-12.05082],[-48.00239,-12.04976],[-48.00271,-12.04836],[-48.0023,-12.04704],[-48.00267,-12.04605],[-48.00424,-12.04485],[-48.0062,-12.0444],[-48.00862,-12.04451],[-48.00965,-12.04347],[-48.01056,-12.04316],[-48.01275,-12.04401],[-48.01478,-12.04334],[-48.01591,-12.04408],[-48.018,-12.04355],[-48.01974,-12.04392],[-48.02095,-12.04362],[-48.02216,-12.04255],[-48.02475,-12.0413],[-48.02572,-12.04044],[-48.02767,-12.03926],[-48.02852,-12.03922],[-48.03083,-12.03832],[-48.03275,-12.03786],[-48.03335,-12.03824],[-48.03412,-12.04017],[-48.0356,-12.04125],[-48.03598,-12.04254],[-48.03526,-12.04398],[-48.03379,-12.04461],[-48.03318,-12.04369],[-48.03185,-12.04261],[-48.03075,-12.0421],[-48.0302,-12.04265],[-48.03139,-12.04489],[-48.03181,-12.04721],[-48.03156,-12.05003],[-48.03039,-12.05105],[-48.03076,-12.05232],[-48.03219,-12.05354],[-48.03344,-12.05343],[-48.0338,-12.05429],[-48.03395,-12.05598],[-48.03502,-12.05704],[-48.03568,-12.05881],[-48.03597,-12.06151],[-48.03705,-12.06345],[-48.03803,-12.06384],[-48.04099,-12.06304],[-48.04172,-12.06217],[-48.04329,-12.06183],[-48.04421,-12.06128],[-48.04506,-12.06147],[-48.04495,-12.06382],[-48.04588,-12.06405],[-48.04697,-12.063],[-48.05016,-12.06269],[-48.0513,-12.06235],[-48.05242,-12.06268],[-48.0534,-12.06248],[-48.0546,-12.06117],[-48.0548,-12.06029],[-48.05635,-12.05861],[-48.05766,-12.05652],[-48.05765,-12.05586],[-48.05668,-12.05505],[-48.05684,-12.05327],[-48.05762,-12.05272],[-48.05959,-12.05281],[-48.06053,-12.05317],[-48.06237,-12.05274],[-48.06506,-12.05295],[-48.06639,-12.0543],[-48.06827,-12.05542],[-48.06892,-12.05638],[-48.06838,-12.05817],[-48.06835,-12.06006],[-48.07051,-12.06146],[-48.07139,-12.06534],[-48.07357,-12.0663],[-48.0736,-12.06791],[-48.07439,-12.06917],[-48.07664,-12.06964],[-48.07937,-12.07262],[-48.08146,-12.07244],[-48.08329,-12.07296],[-48.08381,-12.07353],[-48.08455,-12.07536],[-48.08507,-12.07584],[-48.08654,-12.0754],[-48.09057,-12.07506],[-48.09216,-12.07385],[-48.09303,-12.07429],[-48.09328,-12.07614],[-48.09391,-12.07777],[-48.09635,-12.07865],[-48.09738,-12.07983],[-48.09893,-12.08117],[-48.10203,-12.08085],[-48.10246,-12.08106],[-48.10314,-12.08261],[-48.10657,-12.08175],[-48.10842,-12.08092],[-48.1097,-12.08069],[-48.11045,-12.08173],[-48.10987,-12.08254],[-48.10993,-12.08347],[-48.11059,-12.08424],[-48.11016,-12.08562],[-48.11203,-12.0865],[-48.11404,-12.08599],[-48.11516,-12.08723],[-48.11431,-12.08781],[-48.11373,-12.08886],[-48.11455,-12.09092],[-48.11355,-12.09169],[-48.11341,-12.09288],[-48.11441,-12.09422],[-48.11484,-12.09808],[-48.11462,-12.09922],[-48.11474,-12.10179],[-48.11523,-12.10256],[-48.11568,-12.10463],[-48.11678,-12.10496],[-48.11766,-12.10685],[-48.1176,-12.10785],[-48.12011,-12.10986],[-48.12043,-12.1115],[-48.11922,-12.1137],[-48.119,-12.1161],[-48.11823,-12.11733],[-48.11686,-12.11824],[-48.11484,-12.11884],[-48.11272,-12.1192],[-48.11078,-12.12027],[-48.10975,-12.12222],[-48.10803,-12.12338],[-48.10613,-12.12576],[-48.10637,-12.12684],[-48.10611,-12.12783],[-48.10461,-12.12877],[-48.10399,-12.12971],[-48.10236,-12.13047],[-48.10055,-12.13104],[-48.09883,-12.13218],[-48.11233,-12.15294],[-48.1128,-12.15181],[-48.11143,-12.14903],[-48.11171,-12.14699],[-48.11106,-12.14603],[-48.11117,-12.14419],[-48.11065,-12.14277],[-48.11132,-12.14154],[-48.11229,-12.13811],[-48.11379,-12.13655],[-48.11671,-12.13559],[-48.11843,-12.13588],[-48.12315,-12.13521],[-48.12369,-12.13653],[-48.12413,-12.13861],[-48.12401,-12.13972],[-48.1249,-12.14197],[-48.12598,-12.14227],[-48.127,-12.14371],[-48.13012,-12.14432],[-48.13022,-12.14537],[-48.1313,-12.14628],[-48.1327,-12.14672],[-48.13267,-12.14867],[-48.13426,-12.14896],[-48.13484,-12.15044],[-48.13577,-12.15114],[-48.13755,-12.15163],[-48.13932,-12.15163],[-48.14009,-12.15094],[-48.14085,-12.15102],[-48.14197,-12.15199],[-48.14307,-12.15195],[-48.14299,-12.15289],[-48.14375,-12.15478],[-48.14554,-12.15403],[-48.14768,-12.15558],[-48.14796,-12.1569],[-48.14876,-12.1574],[-48.14892,-12.15882],[-48.15037,-12.15941],[-48.15112,-12.16159],[-48.15201,-12.16244],[-48.15137,-12.16448],[-48.15042,-12.16537],[-48.15012,-12.16678],[-48.14946,-12.16794],[-48.14878,-12.16994],[-48.14948,-12.17035],[-48.14996,-12.17215],[-48.15131,-12.17293],[-48.15211,-12.17449],[-48.15329,-12.17582],[-48.15329,-12.17704],[-48.15457,-12.17884],[-48.15516,-12.18015],[-48.15467,-12.18066],[-48.15419,-12.18218],[-48.15488,-12.18311],[-48.15508,-12.18449],[-48.15403,-12.18635],[-48.15326,-12.18713],[-48.15148,-12.18822],[-48.15055,-12.18844],[-48.14995,-12.18975],[-48.15045,-12.19025],[-48.15051,-12.19222],[-48.15024,-12.1934],[-48.14946,-12.19412],[-48.1496,-12.19665],[-48.14998,-12.19778],[-48.15218,-12.19935],[-48.15325,-12.20078],[-48.1541,-12.20134],[-48.15386,-12.2022],[-48.15591,-12.20314],[-48.15696,-12.20294],[-48.15673,-12.20437],[-48.156,-12.20574],[-48.1576,-12.2065],[-48.15788,-12.20769],[-48.159,-12.20812],[-48.1608,-12.20534],[-48.1602,-12.20397],[-48.16036,-12.20251],[-48.16013,-12.20126],[-48.16136,-12.20044],[-48.16232,-12.19939],[-48.16336,-12.199],[-48.16547,-12.19912],[-48.16619,-12.19774],[-48.16638,-12.19592],[-48.1671,-12.19428],[-48.16887,-12.19306],[-48.16966,-12.19165],[-48.16978,-12.19026],[-48.1694,-12.18914],[-48.17017,-12.188],[-48.16995,-12.18652],[-48.16922,-12.1862],[-48.16874,-12.18507],[-48.17135,-12.18369],[-48.17201,-12.18281],[-48.17311,-12.18294],[-48.17403,-12.18255],[-48.17554,-12.18308],[-48.17665,-12.18439],[-48.17798,-12.18373],[-48.17986,-12.18418],[-48.18105,-12.18422],[-48.18247,-12.18385],[-48.18439,-12.18447],[-48.1852,-12.18369],[-48.18675,-12.18326],[-48.18845,-12.18375],[-48.18896,-12.18347],[-48.19074,-12.18381],[-48.19169,-12.18357],[-48.19322,-12.18421],[-48.19423,-12.18401],[-48.19592,-12.18116],[-48.1956,-12.1796],[-48.19679,-12.17657],[-48.19816,-12.17511],[-48.20112,-12.17403],[-48.20247,-12.17412],[-48.20476,-12.17299],[-48.20608,-12.17319],[-48.20829,-12.17104],[-48.20971,-12.16906],[-48.21079,-12.16844],[-48.21311,-12.16875],[-48.21601,-12.16843],[-48.21708,-12.16798],[-48.2189,-12.16839],[-48.21982,-12.15959],[-48.22312,-12.16136],[-48.2261,-12.16345],[-48.22774,-12.16385],[-48.22873,-12.16452],[-48.23058,-12.16463],[-48.23197,-12.16587],[-48.23372,-12.16636],[-48.23562,-12.16755],[-48.23595,-12.16842],[-48.2383,-12.17005],[-48.23865,-12.17119],[-48.24034,-12.17205],[-48.24146,-12.17304],[-48.24268,-12.17222],[-48.24423,-12.17212],[-48.24584,-12.17231],[-48.24726,-12.17331],[-48.24911,-12.17357],[-48.2507,-12.17489],[-48.25251,-12.17557],[-48.2539,-12.17561],[-48.25434,-12.17503],[-48.25626,-12.17384],[-48.25698,-12.17194],[-48.25844,-12.17141],[-48.26023,-12.17213],[-48.26078,-12.17335],[-48.26198,-12.17478],[-48.26218,-12.17639],[-48.26277,-12.17731],[-48.26368,-12.17783],[-48.26387,-12.17905],[-48.26499,-12.18098],[-48.26474,-12.18254],[-48.26402,-12.18344],[-48.26294,-12.18597],[-48.2633,-12.18867],[-48.2645,-12.19105],[-48.26459,-12.19254],[-48.2664,-12.19434],[-48.26688,-12.19617],[-48.26825,-12.19931],[-48.26834,-12.20148],[-48.2693,-12.20305],[-48.26973,-12.20506],[-48.27104,-12.20596],[-48.27286,-12.20849],[-48.27374,-12.20905],[-48.27521,-12.20878],[-48.27658,-12.20796],[-48.27737,-12.20715],[-48.28081,-12.20636],[-48.28323,-12.20729],[-48.28555,-12.20756],[-48.28651,-12.20714],[-48.28723,-12.20739],[-48.28766,-12.20922],[-48.28872,-12.21216],[-48.28857,-12.21359],[-48.28883,-12.21485],[-48.2887,-12.21604],[-48.28711,-12.2166],[-48.28484,-12.21926],[-48.28281,-12.22136],[-48.28195,-12.22255],[-48.282,-12.22363],[-48.28271,-12.2277],[-48.28357,-12.23004],[-48.28528,-12.23197],[-48.28603,-12.23314],[-48.28692,-12.23772],[-48.28699,-12.23993],[-48.28777,-12.24388],[-48.28936,-12.24626],[-48.29158,-12.24867],[-48.29308,-12.25001],[-48.296,-12.25217],[-48.31271,-12.26932],[-48.30995,-12.27123],[-48.3017,-12.27647],[-48.29515,-12.28083],[-48.28992,-12.28693],[-48.27455,-12.29879],[-48.26377,-12.30651],[-48.25821,-12.30986],[-48.25581,-12.31234],[-48.25457,-12.31538],[-48.25398,-12.31896],[-48.25407,-12.32213],[-48.25474,-12.32781],[-48.25637,-12.33488],[-48.25674,-12.34014],[-48.25675,-12.3448],[-48.25616,-12.34904],[-48.2545,-12.35679],[-48.25239,-12.36065],[-48.24872,-12.3651],[-48.24642,-12.36702],[-48.24544,-12.36761],[-48.2408,-12.36977],[-48.23777,-12.37153],[-48.23489,-12.37365],[-48.23331,-12.37575],[-48.23116,-12.38068],[-48.22816,-12.39095],[-48.2296,-12.39814],[-48.23423,-12.40625],[-48.25,-12.42089],[-48.25417,-12.42684],[-48.25677,-12.42926],[-48.261,-12.43485],[-48.26384,-12.44186],[-48.26494,-12.44885],[-48.26485,-12.45235],[-48.26348,-12.45815],[-48.2623,-12.46167],[-48.25904,-12.46192],[-48.25236,-12.46109],[-48.25,-12.46094],[-48.24774,-12.46106],[-48.24352,-12.46192],[-48.23698,-12.46245],[-48.22937,-12.46341],[-48.21736,-12.46314],[-48.21158,-12.46383],[-48.20835,-12.46738],[-48.20691,-12.47379],[-48.20716,-12.47932],[-48.20968,-12.48517],[-48.21315,-12.48775],[-48.22163,-12.49097],[-48.23101,-12.4951],[-48.23361,-12.49814],[-48.23444,-12.5],[-48.2348,-12.50452],[-48.23352,-12.50905],[-48.22975,-12.51583],[-48.22831,-12.52111],[-48.22824,-12.52732],[-48.22864,-12.53323],[-48.23257,-12.54069],[-48.23472,-12.54162],[-48.24222,-12.54579],[-48.25,-12.55041],[-48.26135,-12.55145],[-48.27434,-12.55439],[-48.28902,-12.55855],[-48.29233,-12.55968],[-48.29339,-12.56066],[-48.29332,-12.56192],[-48.29283,-12.56278],[-48.28811,-12.56732],[-48.2781,-12.57433],[-48.26714,-12.58357],[-48.25516,-12.59004],[-48.25186,-12.59288],[-48.25149,-12.59488],[-48.25249,-12.59638],[-48.25513,-12.59803],[-48.25763,-12.59849],[-48.26021,-12.59823],[-48.26238,-12.59779],[-48.26589,-12.59733],[-48.26916,-12.59719],[-48.27172,-12.59802],[-48.27421,-12.60011],[-48.27482,-12.6031],[-48.27479,-12.60642],[-48.27318,-12.6095],[-48.2716,-12.61476],[-48.27056,-12.61997],[-48.26988,-12.62581],[-48.27007,-12.6288],[-48.27102,-12.6326],[-48.27233,-12.636],[-48.2747,-12.63837],[-48.27731,-12.64012],[-48.27893,-12.6418],[-48.28151,-12.64642],[-48.28416,-12.64925],[-48.28828,-12.65268],[-48.29,-12.65562],[-48.2909,-12.65867],[-48.29093,-12.66143],[-48.29031,-12.66423],[-48.28924,-12.66652],[-48.2882,-12.67058],[-48.28669,-12.67521],[-48.28497,-12.67771],[-48.28244,-12.67975],[-48.27633,-12.6825],[-48.27036,-12.68393],[-48.26661,-12.68458],[-48.26228,-12.6858],[-48.25837,-12.68553],[-48.2551,-12.68515],[-48.24798,-12.68576],[-48.24644,-12.68438],[-48.24621,-12.68311],[-48.24609,-12.67856],[-48.24532,-12.67774],[-48.24405,-12.67778],[-48.24288,-12.67834],[-48.24021,-12.68147],[-48.23956,-12.68371],[-48.23958,-12.68643],[-48.24006,-12.69103],[-48.24076,-12.69433],[-48.2415,-12.69721],[-48.2441,-12.70488],[-48.2453,-12.70657],[-48.24732,-12.70879],[-48.25124,-12.71362],[-48.25364,-12.71647],[-48.25586,-12.71838],[-48.25852,-12.71984],[-48.26039,-12.72048],[-48.26408,-12.72145],[-48.26604,-12.72298],[-48.26755,-12.72509],[-48.26987,-12.72911],[-48.27028,-12.7316],[-48.27,-12.73724],[-48.26904,-12.74048],[-48.268,-12.74243],[-48.26647,-12.74437],[-48.2634,-12.74652],[-48.26054,-12.7472],[-48.25923,-12.74719],[-48.25719,-12.74676],[-48.25397,-12.74517],[-48.25,-12.74188],[-48.24737,-12.74058],[-48.24552,-12.74032],[-48.24216,-12.74052],[-48.23932,-12.74131],[-48.2336,-12.74364],[-48.2293,-12.74479],[-48.22622,-12.7459],[-48.22474,-12.74751],[-48.22389,-12.75],[-48.22372,-12.75842],[-48.22515,-12.76145],[-48.22774,-12.76478],[-48.23062,-12.76825],[-48.23306,-12.77272],[-48.23694,-12.77835],[-48.23879,-12.78296],[-48.24078,-12.78829],[-48.24148,-12.79131],[-48.24041,-12.79531],[-48.24037,-12.79933],[-48.24019,-12.80419],[-48.23956,-12.80606],[-48.23839,-12.80786],[-48.23781,-12.80919],[-48.23693,-12.81305],[-48.23512,-12.81672],[-48.22951,-12.82861],[-48.22113,-12.83796],[-48.21996,-12.83926],[-48.20706,-12.84958],[-48.19807,-12.86383],[-48.19277,-12.87501],[-48.19039,-12.87718],[-48.18889,-12.88348],[-48.18874,-12.89101],[-48.18843,-12.8925],[-48.18891,-12.90237],[-48.18852,-12.90575],[-48.18802,-12.9085],[-48.18639,-12.91255],[-48.18382,-12.91769],[-48.18169,-12.92007],[-48.17949,-12.92332],[-48.1753,-12.93245],[-48.17398,-12.93484],[-48.17093,-12.94164],[-48.17023,-12.9442],[-48.16967,-12.94548],[-48.16856,-12.94932],[-48.16866,-12.95078],[-48.16776,-12.95304],[-48.16367,-12.95897],[-48.16277,-12.95995],[-48.16032,-12.9616],[-48.15658,-12.9632],[-48.15253,-12.96581],[-48.15127,-12.96681],[-48.14807,-12.96992],[-48.14577,-12.97407],[-48.1445,-12.97594],[-48.14247,-12.98019],[-48.14131,-12.98302],[-48.13992,-12.98733],[-48.13996,-12.98904],[-48.14033,-12.99131],[-48.14107,-12.99344],[-48.14229,-12.99557],[-48.14383,-12.99697],[-48.14652,-12.99864],[-48.14797,-13.00123],[-48.14899,-13.00574],[-48.14882,-13.01209],[-48.14807,-13.01825],[-48.14591,-13.02325],[-48.14538,-13.0273],[-48.14565,-13.03314],[-48.14579,-13.03787],[-48.14794,-13.04201],[-48.15071,-13.04696],[-48.15185,-13.05424],[-48.15179,-13.05882],[-48.15014,-13.06296],[-48.14772,-13.06571],[-48.14535,-13.0676],[-48.14318,-13.07006],[-48.14228,-13.07234],[-48.14173,-13.07731],[-48.14133,-13.08227],[-48.14037,-13.08513],[-48.13819,-13.08879],[-48.13542,-13.09177],[-48.13237,-13.09455],[-48.12862,-13.09829],[-48.12746,-13.10109],[-48.12773,-13.10358],[-48.12868,-13.10579],[-48.1304,-13.10815],[-48.13276,-13.111],[-48.13566,-13.11356],[-48.13738,-13.11617],[-48.13914,-13.12044],[-48.13993,-13.12389],[-48.13965,-13.12687],[-48.13923,-13.12945],[-48.13909,-13.13258],[-48.13946,-13.13684],[-48.13998,-13.13816],[-48.14197,-13.14083],[-48.14276,-13.14282],[-48.14315,-13.14491],[-48.14337,-13.14833],[-48.14336,-13.1515],[-48.14366,-13.15247],[-48.14421,-13.15426],[-48.14577,-13.15607],[-48.14766,-13.15757],[-48.15092,-13.15971],[-48.15341,-13.16199],[-48.1547,-13.16449],[-48.15555,-13.16701],[-48.15577,-13.16871],[-48.15562,-13.17097],[-48.15483,-13.17426],[-48.15495,-13.17611],[-48.15598,-13.17803],[-48.15773,-13.17903],[-48.16127,-13.18029],[-48.16287,-13.18155],[-48.16384,-13.18354],[-48.16533,-13.1881],[-48.16592,-13.1893],[-48.16582,-13.19183],[-48.16443,-13.19595],[-48.16383,-13.19912],[-48.16339,-13.20399],[-48.16238,-13.20685],[-48.16146,-13.20868],[-48.15852,-13.21142],[-48.15427,-13.2145],[-48.153,-13.21614],[-48.15269,-13.21797],[-48.15302,-13.21924],[-48.15431,-13.22103],[-48.15738,-13.22336],[-48.16022,-13.22518],[-48.16316,-13.22808],[-48.16677,-13.23259],[-48.16826,-13.23602],[-48.1689,-13.23988],[-48.16833,-13.24253],[-48.16746,-13.24431],[-48.16591,-13.2452],[-48.16058,-13.24633],[-48.15945,-13.24709],[-48.1572,-13.25001],[-48.15643,-13.25206],[-48.15521,-13.25759],[-48.15529,-13.25864],[-48.15641,-13.26203],[-48.15659,-13.26508],[-48.15618,-13.26821],[-48.15507,-13.27129],[-48.15341,-13.27641],[-48.15321,-13.27831],[-48.15332,-13.27969],[-48.15381,-13.28084],[-48.15647,-13.28377],[-48.16006,-13.28678],[-48.16502,-13.29148],[-48.16589,-13.29253],[-48.16823,-13.29736],[-48.16988,-13.30035],[-48.16812,-13.30132],[-48.16642,-13.30174],[-48.16634,-13.30324],[-48.16515,-13.30633],[-48.16395,-13.30651],[-48.16204,-13.30544],[-48.16218,-13.3042],[-48.16126,-13.30296],[-48.15904,-13.30471],[-48.15888,-13.30586],[-48.15811,-13.30643],[-48.15715,-13.30789],[-48.15743,-13.30951],[-48.15806,-13.31017],[-48.15698,-13.31095],[-48.15628,-13.31049],[-48.15651,-13.3095],[-48.15567,-13.30873],[-48.15625,-13.30741],[-48.15581,-13.30546],[-48.15524,-13.30486],[-48.15552,-13.30332],[-48.15433,-13.30331],[-48.15354,-13.30414],[-48.15275,-13.30594],[-48.1521,-13.30806],[-48.15153,-13.30817],[-48.15025,-13.30727],[-48.14924,-13.30739],[-48.149,-13.30605],[-48.14757,-13.30597],[-48.1466,-13.30634],[-48.14398,-13.30588],[-48.1431,-13.30616],[-48.14195,-13.30415],[-48.14047,-13.30283],[-48.13891,-13.3025],[-48.13678,-13.30176],[-48.13453,-13.30143],[-48.1335,-13.30084],[-48.13299,-13.30001],[-48.13193,-13.29959],[-48.13144,-13.30043],[-48.13002,-13.30028],[-48.12627,-13.29888],[-48.1253,-13.29837],[-48.12405,-13.29824],[-48.12143,-13.29762],[-48.11983,-13.29744],[-48.12007,-13.29584],[-48.11977,-13.29465],[-48.12032,-13.29288],[-48.1198,-13.29242],[-48.1175,-13.29131],[-48.11582,-13.29202],[-48.11567,-13.29311],[-48.11458,-13.2927],[-48.11334,-13.29287],[-48.11289,-13.29243],[-48.11222,-13.29061],[-48.11165,-13.2901],[-48.11027,-13.29028],[-48.10996,-13.29115],[-48.1089,-13.29071],[-48.10783,-13.28977],[-48.10701,-13.28949],[-48.10684,-13.28819],[-48.10498,-13.28809],[-48.10472,-13.28903],[-48.10378,-13.28904],[-48.10351,-13.29038],[-48.10207,-13.2916],[-48.10118,-13.29086],[-48.101,-13.29249],[-48.09938,-13.29306],[-48.09778,-13.29241],[-48.09668,-13.29257],[-48.09415,-13.29122],[-48.09354,-13.2902],[-48.09431,-13.28904],[-48.09588,-13.28851],[-48.09586,-13.28746],[-48.09453,-13.28679],[-48.09254,-13.28689],[-48.09222,-13.28814],[-48.09127,-13.28822],[-48.09138,-13.28972],[-48.09099,-13.2901],[-48.08943,-13.28954],[-48.08947,-13.28842],[-48.08804,-13.28826],[-48.0879,-13.28708],[-48.08737,-13.28658],[-48.08595,-13.28744],[-48.08454,-13.28779],[-48.08344,-13.28901],[-48.08246,-13.28955],[-48.08298,-13.28623],[-48.082,-13.28549],[-48.08152,-13.28611],[-48.08047,-13.286],[-48.07911,-13.28527],[-48.07931,-13.28399],[-48.07831,-13.28271],[-48.07985,-13.2824],[-48.08052,-13.28129],[-48.08056,-13.27979],[-48.07916,-13.28052],[-48.07797,-13.27958],[-48.07874,-13.27534],[-48.07785,-13.27518],[-48.07652,-13.27427],[-48.07716,-13.27268],[-48.07763,-13.27224],[-48.07771,-13.2705],[-48.07718,-13.26945],[-48.07681,-13.26742],[-48.07576,-13.26806],[-48.07408,-13.2676],[-48.07345,-13.26925],[-48.07283,-13.26923],[-48.07203,-13.26745],[-48.07216,-13.26597],[-48.07271,-13.26407],[-48.07221,-13.26268],[-48.07286,-13.26191],[-48.07246,-13.26099],[-48.07317,-13.2599],[-48.07317,-13.25885],[-48.0727,-13.25806],[-48.07307,-13.25698],[-48.07552,-13.2557],[-48.07544,-13.25432],[-48.07476,-13.25205],[-48.07568,-13.25001],[-48.07533,-13.24857],[-48.07573,-13.24696],[-48.07625,-13.24628],[-48.07799,-13.24521],[-48.07922,-13.24355],[-48.07902,-13.24247],[-48.07683,-13.24234],[-48.07596,-13.24174],[-48.07676,-13.24003],[-48.07589,-13.23944],[-48.07493,-13.24024],[-48.0745,-13.23901],[-48.07268,-13.23989],[-48.07044,-13.24015],[-48.06932,-13.24007],[-48.06698,-13.23884],[-48.0663,-13.23873],[-48.0655,-13.23784],[-48.06444,-13.23757],[-48.0635,-13.23626],[-48.06246,-13.23572],[-48.06118,-13.23791],[-48.06075,-13.23918],[-48.05922,-13.23933],[-48.05853,-13.24134],[-48.05757,-13.24153],[-48.05686,-13.24086],[-48.0565,-13.23898],[-48.05415,-13.23959],[-48.05493,-13.24227],[-48.05462,-13.24314],[-48.05386,-13.24304],[-48.05155,-13.24425],[-48.05054,-13.24745],[-48.04869,-13.247],[-48.04773,-13.24561],[-48.04639,-13.24676],[-48.04513,-13.24661],[-48.04352,-13.24758],[-48.04224,-13.2472],[-48.0406,-13.24737],[-48.03937,-13.24636],[-48.03961,-13.24506],[-48.03887,-13.2433],[-48.03941,-13.24309],[-48.04047,-13.24167],[-48.03959,-13.2414],[-48.04032,-13.23909],[-48.03994,-13.2374],[-48.0409,-13.23595],[-48.04011,-13.23482],[-48.03801,-13.23342],[-48.0376,-13.23289],[-48.03595,-13.23313],[-48.03462,-13.23289],[-48.03396,-13.2347],[-48.0329,-13.23539],[-48.03016,-13.23401],[-48.02983,-13.23271],[-48.03016,-13.23185],[-48.02915,-13.23067],[-48.02983,-13.23025],[-48.03145,-13.22816],[-48.03071,-13.22711],[-48.03062,-13.22634],[-48.03113,-13.22493],[-48.03051,-13.22451],[-48.02926,-13.22475],[-48.02894,-13.22407],[-48.02962,-13.22195],[-48.02862,-13.22053],[-48.02696,-13.21981],[-48.02546,-13.22093],[-48.02508,-13.21996],[-48.02576,-13.21766],[-48.02648,-13.21625],[-48.02561,-13.21584],[-48.02485,-13.21632],[-48.02389,-13.21761],[-48.02233,-13.21603],[-48.02187,-13.21681],[-48.02097,-13.21664],[-48.02005,-13.21863],[-48.01913,-13.21855],[-48.01813,-13.22013],[-48.01864,-13.22079],[-48.0169,-13.22514],[-48.01581,-13.22714],[-48.01532,-13.22851],[-48.01439,-13.22936],[-48.01334,-13.22934],[-48.0119,-13.22993],[-48.00924,-13.23054],[-48.00823,-13.23147],[-48.00852,-13.23217],[-48.0097,-13.23257],[-48.00853,-13.23332],[-48.00756,-13.23315],[-48.00564,-13.23176],[-48.00489,-13.23246],[-48.00352,-13.23226],[-48.00197,-13.23273],[-48.00121,-13.23133],[-47.99913,-13.23108],[-47.99848,-13.23173],[-47.99723,-13.23109],[-47.99604,-13.23096],[-47.9957,-13.23179],[-47.99433,-13.23306],[-47.99399,-13.23194],[-47.99232,-13.23138],[-47.99109,-13.23287],[-47.98962,-13.2332],[-47.98847,-13.23402],[-47.9858,-13.2337],[-47.98504,-13.23454],[-47.98393,-13.23499],[-47.98367,-13.23563],[-47.98254,-13.23645],[-47.98053,-13.23725],[-47.97769,-13.23546],[-47.97607,-13.23506],[-47.97539,-13.23572],[-47.97549,-13.23659],[-47.9747,-13.2376],[-47.97353,-13.2375],[-47.97238,-13.23697],[-47.97046,-13.23709],[-47.96996,-13.23641],[-47.9691,-13.23682],[-47.96741,-13.23687],[-47.96637,-13.2377],[-47.96591,-13.24093],[-47.96536,-13.24226],[-47.96163,-13.24282],[-47.96117,-13.24183],[-47.96026,-13.24209],[-47.95945,-13.24158],[-47.95887,-13.24197],[-47.95717,-13.24148],[-47.95665,-13.24016],[-47.95546,-13.2383],[-47.95472,-13.23877],[-47.95335,-13.23789],[-47.95256,-13.23839],[-47.95103,-13.23844],[-47.94975,-13.23725],[-47.94837,-13.23811],[-47.94832,-13.23857],[-47.94704,-13.23923],[-47.94613,-13.24027],[-47.94434,-13.24081],[-47.94309,-13.24144],[-47.94134,-13.24117],[-47.94044,-13.24041],[-47.93879,-13.24056],[-47.93754,-13.24166],[-47.93591,-13.24214],[-47.93454,-13.24121],[-47.93202,-13.24142],[-47.93066,-13.24273],[-47.92884,-13.24252],[-47.92637,-13.2406],[-47.92986,-13.18191],[-47.93266,-13.13482],[-47.93277,-13.13168],[-47.93221,-13.13119],[-47.93151,-13.12933],[-47.93057,-13.12867],[-47.92943,-13.12636],[-47.92876,-13.1257],[-47.92868,-13.12486],[-47.92796,-13.12368],[-47.92591,-13.12243],[-47.92555,-13.12143],[-47.92397,-13.12147],[-47.92257,-13.12004],[-47.92148,-13.12057],[-47.9199,-13.12026],[-47.91988,-13.11981],[-47.91815,-13.11973],[-47.91644,-13.11853],[-47.91576,-13.11867],[-47.91383,-13.11805],[-47.91128,-13.11965],[-47.91049,-13.12105],[-47.90962,-13.12093],[-47.90628,-13.1226],[-47.9057,-13.12168],[-47.90582,-13.12102],[-47.90483,-13.12004],[-47.90156,-13.12175],[-47.90112,-13.12281],[-47.8999,-13.12414],[-47.89915,-13.1239],[-47.89749,-13.12428],[-47.89717,-13.12225],[-47.89753,-13.1215],[-47.89644,-13.121],[-47.89507,-13.12146],[-47.89484,-13.11858],[-47.89346,-13.11733],[-47.89234,-13.11673],[-47.89061,-13.1167],[-47.88892,-13.1151],[-47.88752,-13.11513],[-47.88434,-13.11484],[-47.88259,-13.11444],[-47.88233,-13.11505],[-47.88016,-13.11438],[-47.87921,-13.1147],[-47.87885,-13.11583],[-47.87734,-13.11641],[-47.87649,-13.11831],[-47.87588,-13.1187],[-47.8758,-13.11982],[-47.87353,-13.11985],[-47.8732,-13.11911],[-47.87098,-13.11675],[-47.87058,-13.11549],[-47.86833,-13.11412],[-47.86794,-13.11352],[-47.86769,-13.11149],[-47.86802,-13.10831],[-47.86673,-13.10624],[-47.86536,-13.10527],[-47.86417,-13.10204],[-47.8632,-13.10171],[-47.8609,-13.1],[-47.85933,-13.09982],[-47.85745,-13.099],[-47.85646,-13.09797],[-47.85475,-13.09684],[-47.85356,-13.09654],[-47.85356,-13.09567],[-47.85203,-13.09439],[-47.85158,-13.09193],[-47.85234,-13.0904],[-47.85177,-13.0889],[-47.85233,-13.08673],[-47.85035,-13.08467],[-47.84876,-13.08369],[-47.84906,-13.08052],[-47.85033,-13.07978],[-47.85096,-13.08023],[-47.85188,-13.08006],[-47.85149,-13.07873],[-47.85166,-13.07807],[-47.85085,-13.07719],[-47.85093,-13.07569],[-47.85186,-13.07541],[-47.85286,-13.07577],[-47.8554,-13.07418],[-47.85694,-13.07381],[-47.85671,-13.07227],[-47.8547,-13.07045],[-47.85524,-13.06884],[-47.85544,-13.06716],[-47.85745,-13.06771],[-47.85681,-13.06569],[-47.85769,-13.06557],[-47.85903,-13.06673],[-47.86141,-13.06656],[-47.8626,-13.06704],[-47.86355,-13.06563],[-47.86546,-13.06689],[-47.86633,-13.06774],[-47.86871,-13.06733],[-47.86804,-13.06564],[-47.86826,-13.06468],[-47.86613,-13.06364],[-47.8655,-13.0619],[-47.86529,-13.06053],[-47.86544,-13.05875],[-47.86596,-13.05776],[-47.86681,-13.05744],[-47.86716,-13.05522],[-47.86702,-13.05359],[-47.86932,-13.05339],[-47.86968,-13.05245],[-47.86922,-13.05056],[-47.87157,-13.04699],[-47.87067,-13.04603],[-47.86906,-13.04618],[-47.86876,-13.04359],[-47.86911,-13.04295],[-47.87134,-13.04144],[-47.87147,-13.04109],[-47.87064,-13.03906],[-47.87038,-13.03683],[-47.86828,-13.03524],[-47.86746,-13.03256],[-47.86468,-13.03135],[-47.86483,-13.03015],[-47.86342,-13.02964],[-47.86329,-13.02915],[-47.86421,-13.02763],[-47.86361,-13.02641],[-47.86502,-13.02567],[-47.86511,-13.02478],[-47.86678,-13.02427],[-47.86756,-13.02341],[-47.87021,-13.02214],[-47.87144,-13.0213],[-47.87267,-13.02182],[-47.87375,-13.02131],[-47.87369,-13.01971],[-47.87026,-13.01708],[-47.86962,-13.01565],[-47.86823,-13.01577],[-47.8682,-13.01452],[-47.86961,-13.01402],[-47.86918,-13.0118],[-47.8696,-13.01045],[-47.86953,-13.00928],[-47.86896,-13.008],[-47.86748,-13.0072],[-47.86781,-13.00553],[-47.86742,-13.00399],[-47.86816,-13.00307],[-47.86764,-13.002],[-47.86538,-12.99889],[-47.86311,-12.99781],[-47.86568,-12.99519],[-47.86546,-12.99392],[-47.86361,-12.99341],[-47.86287,-12.99241],[-47.86271,-12.99026],[-47.8621,-12.98975],[-47.86223,-12.98764],[-47.86152,-12.98649],[-47.85891,-12.98606],[-47.8593,-12.98478],[-47.85863,-12.98379],[-47.85854,-12.98291],[-47.85723,-12.98311],[-47.85519,-12.98418],[-47.85468,-12.98234],[-47.85476,-12.97963],[-47.85392,-12.97941],[-47.85366,-12.98045],[-47.85292,-12.98133],[-47.8522,-12.98136],[-47.85254,-12.9792],[-47.85212,-12.97788],[-47.85196,-12.97619],[-47.85134,-12.97528],[-47.85095,-12.97321],[-47.85015,-12.97263],[-47.8494,-12.97283],[-47.84719,-12.97118],[-47.84643,-12.96965],[-47.84413,-12.96839],[-47.84317,-12.96823],[-47.84114,-12.9668],[-47.84238,-12.9662],[-47.84281,-12.9653],[-47.84195,-12.96396],[-47.84183,-12.96304],[-47.84351,-12.96315],[-47.84403,-12.96259],[-47.8452,-12.96029],[-47.84597,-12.95933],[-47.84557,-12.95738],[-47.84577,-12.9561],[-47.84755,-12.95592],[-47.84804,-12.95523],[-47.84676,-12.95198],[-47.84756,-12.95055],[-47.84859,-12.95042],[-47.85043,-12.94827],[-47.85071,-12.94696],[-47.8504,-12.94622],[-47.85186,-12.94468],[-47.85074,-12.94384],[-47.8508,-12.94254],[-47.85183,-12.942],[-47.8514,-12.94025],[-47.85129,-12.93858],[-47.85165,-12.93792],[-47.85483,-12.93796],[-47.8553,-12.93613],[-47.85464,-12.93544],[-47.85375,-12.93285],[-47.85552,-12.93146],[-47.85636,-12.93229],[-47.85688,-12.93174],[-47.85654,-12.93045],[-47.85559,-12.92837],[-47.85603,-12.9276],[-47.85531,-12.92663],[-47.85534,-12.92541],[-47.8564,-12.92475],[-47.8569,-12.92342],[-47.85818,-12.92316],[-47.85733,-12.92199],[-47.85703,-12.92096],[-47.85542,-12.92071],[-47.85496,-12.91977],[-47.85589,-12.91841],[-47.85587,-12.91777],[-47.85449,-12.91714],[-47.85331,-12.91725],[-47.85228,-12.91654],[-47.85194,-12.91534],[-47.85109,-12.91459],[-47.84905,-12.91498],[-47.84791,-12.91452],[-47.84695,-12.91457],[-47.84657,-12.91302],[-47.84507,-12.91302],[-47.84501,-12.91223],[-47.84573,-12.91177],[-47.84589,-12.90986],[-47.84489,-12.90978],[-47.84513,-12.9082],[-47.84366,-12.90723],[-47.84293,-12.90832],[-47.84162,-12.90813],[-47.84105,-12.90748],[-47.84119,-12.9062],[-47.84214,-12.90555],[-47.84219,-12.90467],[-47.84087,-12.90396],[-47.84116,-12.90264],[-47.84232,-12.90192],[-47.8428,-12.90241],[-47.84402,-12.90164],[-47.84437,-12.90012],[-47.84279,-12.90018],[-47.84239,-12.89981],[-47.84283,-12.89856],[-47.84422,-12.89865],[-47.84375,-12.89736],[-47.84354,-12.89563],[-47.84403,-12.89485],[-47.84401,-12.89322],[-47.84256,-12.89251],[-47.84192,-12.89252],[-47.83868,-12.89089],[-47.83805,-12.88997],[-47.83912,-12.88949],[-47.83953,-12.88861],[-47.84152,-12.88876],[-47.84213,-12.88828],[-47.84099,-12.88746],[-47.83985,-12.88453],[-47.83858,-12.88455],[-47.83831,-12.88395],[-47.83709,-12.88341],[-47.83649,-12.88169],[-47.83704,-12.88079],[-47.83754,-12.87902],[-47.83644,-12.87608],[-47.83693,-12.87413],[-47.83803,-12.87187],[-47.83949,-12.87122],[-47.83924,-12.86992],[-47.83937,-12.86872],[-47.83888,-12.86784],[-47.83717,-12.86712],[-47.83626,-12.86588],[-47.83691,-12.86411],[-47.83486,-12.86278],[-47.83466,-12.86239],[-47.83557,-12.86086],[-47.83643,-12.86],[-47.83595,-12.85844],[-47.83501,-12.85818],[-47.83388,-12.8572],[-47.83532,-12.85593],[-47.83507,-12.85463],[-47.83295,-12.85313],[-47.83235,-12.85119],[-47.83225,-12.84941],[-47.83132,-12.84932],[-47.83003,-12.85026],[-47.829,-12.85028],[-47.82688,-12.84978],[-47.82532,-12.85003],[-47.82406,-12.85081],[-47.82326,-12.85037],[-47.82274,-12.84926],[-47.82462,-12.84878],[-47.82397,-12.84696],[-47.82532,-12.84528],[-47.82506,-12.84411],[-47.82443,-12.84394],[-47.82246,-12.84445],[-47.8214,-12.84524],[-47.82037,-12.84481],[-47.81907,-12.84342],[-47.81912,-12.84256],[-47.8179,-12.84265],[-47.81495,-12.84172],[-47.81346,-12.84189],[-47.80979,-12.84114],[-47.80883,-12.84145],[-47.80526,-12.84185],[-47.80365,-12.84177],[-47.80472,-12.84532],[-47.80554,-12.84699],[-47.80694,-12.84802],[-47.80852,-12.84999],[-47.80944,-12.8522],[-47.81101,-12.85513],[-47.81235,-12.85999],[-47.81332,-12.86263],[-47.81442,-12.86622],[-47.81587,-12.86834],[-47.81736,-12.87016],[-47.8177,-12.87193],[-47.8175,-12.87329],[-47.81861,-12.87501],[-47.8179,-12.87958],[-47.81868,-12.88143],[-47.8201,-12.88303],[-47.82248,-12.88458],[-47.82428,-12.88686],[-47.82479,-12.88909],[-47.82435,-12.89152],[-47.82365,-12.89821],[-47.82357,-12.90099],[-47.82388,-12.9019],[-47.82376,-12.90353],[-47.82282,-12.90501],[-47.82162,-12.90745],[-47.82112,-12.90794],[-47.81845,-12.90933],[-47.81632,-12.91002],[-47.81359,-12.91],[-47.81126,-12.90983],[-47.80898,-12.90999],[-47.80778,-12.9106],[-47.80524,-12.91269],[-47.80246,-12.91452],[-47.79861,-12.91538],[-47.79611,-12.91532],[-47.79381,-12.91487],[-47.79256,-12.91438],[-47.79198,-12.91245],[-47.79225,-12.90973],[-47.79153,-12.90904],[-47.79125,-12.90693],[-47.79025,-12.90432],[-47.78924,-12.90276],[-47.78873,-12.90136],[-47.78769,-12.90083],[-47.78429,-12.90065],[-47.77893,-12.90177],[-47.77776,-12.9018],[-47.77294,-12.90105],[-47.76745,-12.89997],[-47.76573,-12.89943],[-47.76223,-12.89734],[-47.76119,-12.89639],[-47.75592,-12.89646],[-47.75381,-12.89603],[-47.74758,-12.89567],[-47.74552,-12.89521],[-47.74171,-12.89558],[-47.74011,-12.89611],[-47.7359,-12.89697],[-47.73525,-12.89737],[-47.7328,-12.90114],[-47.7318,-12.90197],[-47.72996,-12.90265],[-47.72854,-12.90284],[-47.72659,-12.90234],[-47.72434,-12.90249],[-47.72245,-12.90287],[-47.72093,-12.90418],[-47.71998,-12.90437],[-47.71851,-12.90323],[-47.71825,-12.90152],[-47.71878,-12.89968],[-47.71869,-12.89825],[-47.71761,-12.89594],[-47.71749,-12.8926],[-47.71692,-12.88892],[-47.71634,-12.88721],[-47.71473,-12.88545],[-47.71176,-12.88491],[-47.71045,-12.88446],[-47.70802,-12.88464],[-47.70616,-12.88522],[-47.70579,-12.88372],[-47.70432,-12.8826],[-47.70253,-12.88056],[-47.70228,-12.87858],[-47.70156,-12.87659],[-47.7016,-12.87519],[-47.70034,-12.87375],[-47.69959,-12.87327],[-47.69888,-12.87178],[-47.69798,-12.87069],[-47.69766,-12.86969],[-47.69682,-12.86899],[-47.69661,-12.86801],[-47.69425,-12.86487],[-47.69447,-12.86351],[-47.6951,-12.86225],[-47.69497,-12.86155],[-47.69399,-12.86139],[-47.69305,-12.86058],[-47.69269,-12.8583],[-47.69168,-12.85703],[-47.69114,-12.85478],[-47.69127,-12.85359],[-47.69034,-12.85287],[-47.69004,-12.85175],[-47.68896,-12.85093],[-47.68816,-12.84852],[-47.68843,-12.84784],[-47.69029,-12.84643],[-47.69024,-12.8458],[-47.68834,-12.84464],[-47.68398,-12.84435],[-47.68283,-12.84344],[-47.68184,-12.84357],[-47.67941,-12.84292],[-47.67749,-12.8439],[-47.6748,-12.84378],[-47.6733,-12.84322],[-47.67244,-12.84211],[-47.67224,-12.83984],[-47.67352,-12.83687],[-47.67376,-12.83523],[-47.67267,-12.83383],[-47.67178,-12.8333],[-47.67162,-12.83158],[-47.67105,-12.83005],[-47.67078,-12.82829],[-47.67113,-12.82745],[-47.67296,-12.82638],[-47.67343,-12.82573],[-47.67397,-12.82401],[-47.67466,-12.82268],[-47.67759,-12.81854],[-47.67856,-12.81788],[-47.6804,-12.81722],[-47.68079,-12.81671],[-47.68139,-12.81384],[-47.68114,-12.81233],[-47.68033,-12.81138],[-47.6804,-12.81015],[-47.67942,-12.80864],[-47.67764,-12.80696],[-47.67742,-12.80617],[-47.67779,-12.80387],[-47.67751,-12.80246],[-47.67671,-12.8011],[-47.67661,-12.7998],[-47.67725,-12.79765],[-47.67621,-12.79455],[-47.6761,-12.79172],[-47.67732,-12.78985],[-47.67813,-12.78777],[-47.67844,-12.78333],[-47.67823,-12.78135],[-47.67736,-12.77834],[-47.67653,-12.77616],[-47.67714,-12.77362],[-47.67802,-12.77264],[-47.67847,-12.77155],[-47.67835,-12.76948],[-47.67781,-12.76862],[-47.67814,-12.76684],[-47.6792,-12.76369],[-47.67897,-12.76004],[-47.67919,-12.75787],[-47.67902,-12.75482],[-47.67876,-12.75311],[-47.678,-12.75087],[-47.67762,-12.7482],[-47.67718,-12.7469],[-47.67711,-12.74555],[-47.67633,-12.74451],[-47.67695,-12.74318],[-47.67683,-12.74196],[-47.67754,-12.73861],[-47.67668,-12.73432],[-47.6762,-12.73313],[-47.67724,-12.73224],[-47.67787,-12.73098],[-47.67843,-12.72842],[-47.67788,-12.72484],[-47.67794,-12.72055],[-47.6803,-12.7184],[-47.68064,-12.71741],[-47.6815,-12.7123],[-47.682,-12.71116],[-47.68308,-12.7099],[-47.68343,-12.70898],[-47.68377,-12.70665],[-47.68332,-12.7043],[-47.68417,-12.70319],[-47.6847,-12.69973],[-47.68581,-12.69834],[-47.68716,-12.69731],[-47.68799,-12.6944],[-47.68887,-12.69439],[-47.68979,-12.69371],[-47.69009,-12.6928],[-47.68951,-12.69156],[-47.69114,-12.6868],[-47.6919,-12.68494],[-47.68908,-12.68588],[-47.68693,-12.68586],[-47.68056,-12.68541],[-47.67932,-12.68517],[-47.67374,-12.68323],[-47.67241,-12.68249],[-47.66825,-12.67885],[-47.66887,-12.67615],[-47.66887,-12.67384],[-47.67046,-12.67178],[-47.6714,-12.67106],[-47.67197,-12.66992],[-47.67382,-12.66928],[-47.67424,-12.66872],[-47.67573,-12.66796],[-47.67629,-12.66721],[-47.67869,-12.66558],[-47.68037,-12.66569],[-47.68107,-12.66455],[-47.68273,-12.66346],[-47.68368,-12.66217],[-47.68431,-12.66083],[-47.68509,-12.65808],[-47.68416,-12.65647],[-47.6844,-12.65581],[-47.68369,-12.65489],[-47.68246,-12.65173],[-47.68339,-12.64983],[-47.68362,-12.64845],[-47.68346,-12.64724],[-47.68389,-12.64535],[-47.68485,-12.64488],[-47.68595,-12.64251],[-47.68717,-12.64128],[-47.68794,-12.63977],[-47.68874,-12.63646],[-47.68853,-12.63499],[-47.688,-12.6342],[-47.68769,-12.63262],[-47.68605,-12.6312],[-47.68599,-12.62944],[-47.6856,-12.62716],[-47.68632,-12.62443],[-47.68609,-12.62227],[-47.68641,-12.62165],[-47.68857,-12.62034],[-47.68917,-12.61909],[-47.69076,-12.61678],[-47.69098,-12.6142],[-47.69126,-12.61355],[-47.69291,-12.61193],[-47.6939,-12.60986],[-47.69442,-12.60608],[-47.69361,-12.60455],[-47.69395,-12.60347],[-47.69197,-12.60156],[-47.69236,-12.60067],[-47.69376,-12.5994],[-47.69492,-12.59739],[-47.6971,-12.59596],[-47.699,-12.59571],[-47.69941,-12.59488],[-47.7003,-12.59462],[-47.7014,-12.59372],[-47.70261,-12.59203],[-47.70309,-12.59097],[-47.70292,-12.59031],[-47.7036,-12.58839],[-47.70461,-12.58781],[-47.70467,-12.58712],[-47.70617,-12.58505],[-47.70668,-12.58352],[-47.70738,-12.58258],[-47.70883,-12.58135],[-47.70889,-12.57974],[-47.71006,-12.5785],[-47.71045,-12.5775],[-47.71303,-12.57829],[-47.71379,-12.57882],[-47.7139,-12.57977],[-47.71463,-12.58067],[-47.71736,-12.5793],[-47.71802,-12.57864],[-47.71889,-12.57869],[-47.71941,-12.57949],[-47.72055,-12.57949],[-47.72135,-12.57901],[-47.72251,-12.57912],[-47.72392,-12.57996],[-47.72426,-12.58102],[-47.72517,-12.58205],[-47.72454,-12.58273],[-47.72458,-12.58353],[-47.72646,-12.58359],[-47.72557,-12.58631],[-47.7264,-12.5886],[-47.72758,-12.58941],[-47.72833,-12.5906],[-47.73026,-12.5914],[-47.73059,-12.59244],[-47.73244,-12.59337],[-47.73169,-12.59407],[-47.7333,-12.59664],[-47.73383,-12.5959],[-47.73509,-12.59591],[-47.73515,-12.59729],[-47.73404,-12.59871],[-47.73421,-12.59913],[-47.73595,-12.59977],[-47.73713,-12.59895],[-47.73888,-12.59952],[-47.74121,-12.59854],[-47.74172,-12.59938],[-47.74254,-12.60204],[-47.74335,-12.60249],[-47.74385,-12.60372],[-47.74498,-12.60391],[-47.74534,-12.605],[-47.74594,-12.60516],[-47.74675,-12.60435],[-47.74714,-12.60548],[-47.74792,-12.60473],[-47.74826,-12.60268],[-47.74905,-12.60354],[-47.75323,-12.60291],[-47.75277,-12.60032],[-47.75217,-12.59604],[-47.75216,-12.59353],[-47.75159,-12.59229],[-47.75158,-12.58934],[-47.75185,-12.58664],[-47.75325,-12.58278],[-47.75378,-12.58203],[-47.75683,-12.57896],[-47.75861,-12.57663],[-47.76023,-12.5756],[-47.76247,-12.57379],[-47.76447,-12.57314],[-47.76543,-12.57258],[-47.76671,-12.57098],[-47.76833,-12.56984],[-47.77006,-12.5678],[-47.7705,-12.56538],[-47.77038,-12.56404],[-47.76983,-12.56216],[-47.76948,-12.55959],[-47.76847,-12.55719],[-47.76678,-12.55526],[-47.76628,-12.55403],[-47.76481,-12.55247],[-47.76206,-12.55013],[-47.76106,-12.54957],[-47.75912,-12.54893],[-47.75634,-12.54868],[-47.75436,-12.54703],[-47.75284,-12.54546],[-47.75248,-12.54476],[-47.75041,-12.54204],[-47.74951,-12.5397],[-47.74707,-12.53558],[-47.74594,-12.53329],[-47.74532,-12.53026],[-47.74457,-12.52858],[-47.74376,-12.52775],[-47.74195,-12.52744],[-47.73728,-12.52818],[-47.73452,-12.52825],[-47.73334,-12.52807],[-47.73127,-12.52678],[-47.73027,-12.52517],[-47.7288,-12.52505],[-47.72693,-12.52369],[-47.72654,-12.52294],[-47.72599,-12.52063],[-47.72524,-12.51964],[-47.72277,-12.51751],[-47.72024,-12.5156],[-47.71839,-12.51254],[-47.71719,-12.50989],[-47.71709,-12.50873],[-47.71603,-12.50587],[-47.71371,-12.5022],[-47.71294,-12.50001],[-47.71227,-12.49749],[-47.71199,-12.49407],[-47.71223,-12.49095],[-47.71181,-12.4899],[-47.70979,-12.48648],[-47.70919,-12.48466],[-47.70935,-12.47683],[-47.70903,-12.47518],[-47.7082,-12.4741],[-47.7068,-12.47331],[-47.7023,-12.47175],[-47.69924,-12.47039],[-47.69736,-12.46971],[-47.69577,-12.46962],[-47.69246,-12.47079],[-47.68972,-12.47135],[-47.68754,-12.4713],[-47.685,-12.47081],[-47.68312,-12.47008],[-47.68132,-12.4689],[-47.68045,-12.46793],[-47.67809,-12.46396],[-47.67632,-12.46035],[-47.67605,-12.45937],[-47.67686,-12.45514],[-47.67618,-12.45381],[-47.67314,-12.45095],[-47.67255,-12.45024],[-47.67158,-12.44785],[-47.67148,-12.44672],[-47.67196,-12.44383],[-47.67208,-12.44186],[-47.6719,-12.43949],[-47.67244,-12.43738],[-47.67277,-12.43365],[-47.67276,-12.43017],[-47.67226,-12.42885],[-47.67088,-12.42737],[-47.66655,-12.42638],[-47.66426,-12.42539],[-47.6623,-12.42367],[-47.66064,-12.4213],[-47.6596,-12.42026],[-47.65493,-12.41663],[-47.65387,-12.4153],[-47.65102,-12.41082],[-47.64921,-12.40888],[-47.64777,-12.40637],[-47.64508,-12.4046],[-47.63869,-12.40166],[-47.63465,-12.40048],[-47.63134,-12.40011],[-47.62919,-12.39938],[-47.625,-12.39956],[-47.6219,-12.3992],[-47.61859,-12.39861],[-47.61752,-12.39821],[-47.61514,-12.39782],[-47.61255,-12.39788],[-47.6103,-12.39887],[-47.6087,-12.40008],[-47.6068,-12.40065],[-47.60589,-12.40151],[-47.60394,-12.4018],[-47.60173,-12.40158],[-47.5985,-12.40043],[-47.59525,-12.40075],[-47.59365,-12.40012],[-47.59211,-12.40035],[-47.59177,-12.40002],[-47.58804,-12.39819],[-47.58359,-12.39752],[-47.58214,-12.39629],[-47.57896,-12.39399],[-47.5767,-12.39348],[-47.57405,-12.39367],[-47.57064,-12.39519],[-47.56889,-12.39565],[-47.56542,-12.39616],[-47.56448,-12.39568],[-47.5628,-12.39542],[-47.56086,-12.39566],[-47.55925,-12.39642],[-47.55589,-12.39843],[-47.55409,-12.39936],[-47.55243,-12.39965],[-47.54983,-12.39948],[-47.54698,-12.39946],[-47.54507,-12.40001],[-47.54167,-12.40235],[-47.53823,-12.40406],[-47.53546,-12.40578],[-47.53432,-12.40677],[-47.53322,-12.40457],[-47.53364,-12.40353],[-47.53247,-12.40326],[-47.53124,-12.40146],[-47.52907,-12.40199],[-47.52842,-12.40347],[-47.52478,-12.404],[-47.524,-12.40444],[-47.52266,-12.40315],[-47.52221,-12.40153],[-47.52115,-12.40119],[-47.52128,-12.40031],[-47.52201,-12.39991],[-47.52276,-12.3987],[-47.52049,-12.39749],[-47.52054,-12.3958],[-47.52209,-12.39426],[-47.52353,-12.39337],[-47.52387,-12.39271],[-47.52381,-12.39039],[-47.52264,-12.38848],[-47.52291,-12.38706],[-47.52185,-12.38596],[-47.52249,-12.38519],[-47.52581,-12.38421],[-47.52664,-12.3832],[-47.52859,-12.38256],[-47.52867,-12.38168],[-47.53063,-12.38008],[-47.53167,-12.38108],[-47.53222,-12.38266],[-47.53451,-12.38298],[-47.53561,-12.38255],[-47.53741,-12.38284],[-47.53898,-12.3817],[-47.53884,-12.38081],[-47.53979,-12.37995],[-47.53985,-12.37887],[-47.5408,-12.37769],[-47.5409,-12.37643],[-47.54211,-12.37547],[-47.54222,-12.37414],[-47.54156,-12.37352],[-47.53806,-12.37445],[-47.53761,-12.37383],[-47.53837,-12.37118],[-47.53967,-12.3711],[-47.54028,-12.37033],[-47.54135,-12.36994],[-47.54152,-12.36894],[-47.54272,-12.36723],[-47.54278,-12.36546],[-47.54342,-12.36427],[-47.54325,-12.36322],[-47.54461,-12.36139],[-47.54575,-12.36061],[-47.54483,-12.35822],[-47.54548,-12.35686],[-47.54408,-12.35623],[-47.5441,-12.35868],[-47.54334,-12.35858],[-47.54253,-12.35777],[-47.54166,-12.35621],[-47.53999,-12.35736],[-47.53829,-12.35703],[-47.53753,-12.35624],[-47.5357,-12.35717],[-47.53307,-12.35776],[-47.53174,-12.35746],[-47.53066,-12.35809],[-47.52817,-12.35775],[-47.527,-12.35786],[-47.5261,-12.35589],[-47.5276,-12.35437],[-47.52676,-12.35235],[-47.52718,-12.3517],[-47.52855,-12.35071],[-47.52985,-12.35102],[-47.53097,-12.35003],[-47.53072,-12.3492],[-47.52925,-12.34828],[-47.52803,-12.34808],[-47.52701,-12.34739],[-47.52684,-12.34603],[-47.52789,-12.34472],[-47.52891,-12.34467],[-47.52853,-12.34366],[-47.52761,-12.34308],[-47.52867,-12.34034],[-47.52736,-12.3398],[-47.527,-12.33875],[-47.5288,-12.33823],[-47.52896,-12.33647],[-47.53082,-12.33603],[-47.52997,-12.3335],[-47.52901,-12.33364],[-47.52751,-12.33152],[-47.52671,-12.33118],[-47.52737,-12.33006],[-47.52773,-12.3286],[-47.52888,-12.32743],[-47.52889,-12.32625],[-47.53108,-12.32621],[-47.532,-12.32582],[-47.53365,-12.32611],[-47.5345,-12.32445],[-47.53336,-12.32358],[-47.53336,-12.32225],[-47.53261,-12.32222],[-47.53216,-12.32138],[-47.53264,-12.31965],[-47.53402,-12.31923],[-47.53518,-12.31971],[-47.53602,-12.3191],[-47.53639,-12.31765],[-47.53565,-12.31726],[-47.53493,-12.31611],[-47.53386,-12.31603],[-47.53264,-12.31426],[-47.53072,-12.31339],[-47.5309,-12.31179],[-47.52991,-12.31052],[-47.52899,-12.31064],[-47.52767,-12.30798],[-47.52828,-12.30413],[-47.52918,-12.30304],[-47.52872,-12.30098],[-47.52808,-12.30084],[-47.52779,-12.29908],[-47.5252,-12.29931],[-47.52476,-12.29787],[-47.52465,-12.29596],[-47.52562,-12.29523],[-47.52577,-12.2944],[-47.52817,-12.29294],[-47.52794,-12.29171],[-47.5267,-12.29057],[-47.52651,-12.28889],[-47.52725,-12.28792],[-47.5273,-12.28637],[-47.52606,-12.28584],[-47.52598,-12.28411],[-47.52658,-12.28353],[-47.52649,-12.2826],[-47.5259,-12.28203],[-47.52543,-12.28016],[-47.52586,-12.2793],[-47.52463,-12.27773],[-47.52511,-12.27703],[-47.52386,-12.27609],[-47.52332,-12.27527],[-47.5215,-12.27471],[-47.52001,-12.27525],[-47.51789,-12.27428],[-47.5176,-12.27281],[-47.51784,-12.27143],[-47.51774,-12.27003],[-47.51859,-12.26767],[-47.51747,-12.26578],[-47.51868,-12.26483],[-47.51849,-12.26325],[-47.51908,-12.26172],[-47.51976,-12.26079],[-47.51874,-12.259],[-47.51962,-12.2581],[-47.52018,-12.25668],[-47.52027,-12.25449],[-47.51983,-12.25414],[-47.52027,-12.25303],[-47.51987,-12.25],[-47.52039,-12.24853],[-47.52115,-12.24862],[-47.52184,-12.24713],[-47.52276,-12.24766],[-47.52341,-12.24735],[-47.52552,-12.24747],[-47.52614,-12.24777],[-47.52604,-12.24885],[-47.52807,-12.24936],[-47.5316,-12.24838],[-47.53303,-12.2491],[-47.53449,-12.24888],[-47.53529,-12.24796],[-47.53493,-12.24607],[-47.53576,-12.24555],[-47.53644,-12.24426],[-47.53667,-12.24246],[-47.53796,-12.2424],[-47.53866,-12.24195],[-47.54015,-12.24182],[-47.54133,-12.24088],[-47.54169,-12.23883],[-47.54251,-12.23717],[-47.54403,-12.23605],[-47.54564,-12.23522],[-47.54652,-12.234],[-47.54735,-12.23215],[-47.54683,-12.23111],[-47.54533,-12.22962],[-47.54521,-12.22908],[-47.54682,-12.22721],[-47.5476,-12.22699],[-47.54841,-12.22523],[-47.54943,-12.22428],[-47.54894,-12.22328],[-47.54994,-12.2211],[-47.54976,-12.21998],[-47.55002,-12.21826],[-47.55067,-12.21708],[-47.55032,-12.21616],[-47.55132,-12.21504],[-47.55306,-12.21542],[-47.55363,-12.21438],[-47.55327,-12.21295],[-47.55427,-12.21139],[-47.55414,-12.21061],[-47.55335,-12.21042],[-47.55302,-12.20839],[-47.55503,-12.20746],[-47.55559,-12.2066],[-47.55447,-12.20558],[-47.55513,-12.20228],[-47.55726,-12.20182],[-47.558,-12.20124],[-47.55815,-12.19923],[-47.55876,-12.19697],[-47.55935,-12.1957],[-47.56042,-12.19487],[-47.56095,-12.19386],[-47.56238,-12.19363],[-47.56347,-12.19257],[-47.56438,-12.19104],[-47.56764,-12.19028]]]},"properties":{"codigo":"171620805","name":"Paranã","population":7846,"households":4152,"areaKm2":6792.3577,"density":1.2}},{"type":"Feature","geometry":{"type":"Polygon","coordinates":[[[-47.29341,-12.44871],[-47.29331,-12.44955],[-47.29457,-12.45095],[-47.30163,-12.45284],[-47.30674,-12.45328],[-47.30956,-12.45294],[-47.31238,-12.45285],[-47.31684,-12.45379],[-47.32254,-12.45386],[-47.32566,-12.45117],[-47.33283,-12.44832],[-47.33528,-12.44825],[-47.33908,-12.44877],[-47.34259,-12.44941],[-47.34493,-12.44967],[-47.34653,-12.44961],[-47.35233,-12.44779],[-47.35517,-12.44703],[-47.36133,-12.44441],[-47.36305,-12.44397],[-47.36444,-12.44398],[-47.36715,-12.4452],[-47.36815,-12.44612],[-47.36941,-12.44779],[-47.3712,-12.44966],[-47.375,-12.45297],[-47.38036,-12.45429],[-47.38125,-12.45419],[-47.38423,-12.45281],[-47.38714,-12.45122],[-47.38825,-12.4508],[-47.39193,-12.45064],[-47.39483,-12.4502],[-47.39743,-12.4491],[-47.39852,-12.44824],[-47.40052,-12.44466],[-47.40261,-12.44212],[-47.40426,-12.43876],[-47.40706,-12.43589],[-47.4081,-12.43386],[-47.40831,-12.43258],[-47.40779,-12.43011],[-47.4078,-12.42865],[-47.40818,-12.4259],[-47.40908,-12.42233],[-47.40979,-12.42128],[-47.41259,-12.41879],[-47.41516,-12.41499],[-47.41734,-12.41373],[-47.4188,-12.41393],[-47.4213,-12.41604],[-47.42585,-12.41903],[-47.42845,-12.42145],[-47.43075,-12.42308],[-47.43219,-12.42354],[-47.43345,-12.42339],[-47.43568,-12.42239],[-47.43697,-12.42218],[-47.43882,-12.42229],[-47.44293,-12.42218],[-47.44678,-12.42267],[-47.44844,-12.42351],[-47.44962,-12.42489],[-47.45071,-12.42686],[-47.45158,-12.42908],[-47.45296,-12.43127],[-47.45447,-12.434],[-47.45534,-12.43605],[-47.45619,-12.43862],[-47.45794,-12.44315],[-47.45932,-12.44517],[-47.46081,-12.44623],[-47.46394,-12.44704],[-47.46614,-12.44819],[-47.46751,-12.44966],[-47.46937,-12.45089],[-47.4717,-12.45273],[-47.47252,-12.45359],[-47.47411,-12.45584],[-47.47625,-12.45701],[-47.47919,-12.45737],[-47.48157,-12.4569],[-47.48573,-12.45688],[-47.48789,-12.45631],[-47.48968,-12.45537],[-47.49099,-12.45526],[-47.49209,-12.4561],[-47.49466,-12.45707],[-47.49612,-12.45701],[-47.49825,-12.45134],[-47.50023,-12.44988],[-47.50267,-12.45036],[-47.50519,-12.45017],[-47.50699,-12.45022],[-47.50849,-12.44995],[-47.50988,-12.44882],[-47.51009,-12.44688],[-47.51115,-12.44446],[-47.51244,-12.44372],[-47.51652,-12.44312],[-47.51758,-12.44236],[-47.51805,-12.44067],[-47.51806,-12.43771],[-47.51761,-12.4351],[-47.51764,-12.43206],[-47.5173,-12.43014],[-47.51657,-12.42837],[-47.51519,-12.42593],[-47.51464,-12.42323],[-47.51454,-12.42056],[-47.51533,-12.41778],[-47.51549,-12.41649],[-47.51689,-12.41307],[-47.5176,-12.41253],[-47.52018,-12.41225],[-47.52386,-12.41231],[-47.5254,-12.41141],[-47.52681,-12.41118],[-47.52844,-12.41049],[-47.53083,-12.40869],[-47.53385,-12.4074],[-47.53432,-12.40677],[-47.53546,-12.40578],[-47.53823,-12.40406],[-47.54167,-12.40235],[-47.54507,-12.40001],[-47.54698,-12.39946],[-47.54983,-12.39948],[-47.55243,-12.39965],[-47.55409,-12.39936],[-47.55589,-12.39843],[-47.55925,-12.39642],[-47.56086,-12.39566],[-47.5628,-12.39542],[-47.56448,-12.39568],[-47.56542,-12.39616],[-47.56889,-12.39565],[-47.57064,-12.39519],[-47.57405,-12.39367],[-47.5767,-12.39348],[-47.57896,-12.39399],[-47.58214,-12.39629],[-47.58359,-12.39752],[-47.58804,-12.39819],[-47.59177,-12.40002],[-47.59211,-12.40035],[-47.59365,-12.40012],[-47.59525,-12.40075],[-47.5985,-12.40043],[-47.60173,-12.40158],[-47.60394,-12.4018],[-47.60589,-12.40151],[-47.6068,-12.40065],[-47.6087,-12.40008],[-47.6103,-12.39887],[-47.61255,-12.39788],[-47.61514,-12.39782],[-47.61752,-12.39821],[-47.61859,-12.39861],[-47.6219,-12.3992],[-47.625,-12.39956],[-47.62919,-12.39938],[-47.63134,-12.40011],[-47.63465,-12.40048],[-47.63869,-12.40166],[-47.64508,-12.4046],[-47.64777,-12.40637],[-47.64921,-12.40888],[-47.65102,-12.41082],[-47.65387,-12.4153],[-47.65493,-12.41663],[-47.6596,-12.42026],[-47.66064,-12.4213],[-47.6623,-12.42367],[-47.66426,-12.42539],[-47.66655,-12.42638],[-47.67088,-12.42737],[-47.67226,-12.42885],[-47.67276,-12.43017],[-47.67277,-12.43365],[-47.67244,-12.43738],[-47.6719,-12.43949],[-47.67208,-12.44186],[-47.67196,-12.44383],[-47.67148,-12.44672],[-47.67158,-12.44785],[-47.67255,-12.45024],[-47.67314,-12.45095],[-47.67618,-12.45381],[-47.67686,-12.45514],[-47.67605,-12.45937],[-47.67632,-12.46035],[-47.67809,-12.46396],[-47.68045,-12.46793],[-47.68132,-12.4689],[-47.68312,-12.47008],[-47.685,-12.47081],[-47.68754,-12.4713],[-47.68972,-12.47135],[-47.69246,-12.47079],[-47.69577,-12.46962],[-47.69736,-12.46971],[-47.69924,-12.47039],[-47.7023,-12.47175],[-47.7068,-12.47331],[-47.7082,-12.4741],[-47.70903,-12.47518],[-47.70935,-12.47683],[-47.70919,-12.48466],[-47.70979,-12.48648],[-47.71181,-12.4899],[-47.71223,-12.49095],[-47.71199,-12.49407],[-47.71227,-12.49749],[-47.71294,-12.50001],[-47.71371,-12.5022],[-47.71603,-12.50587],[-47.71709,-12.50873],[-47.71719,-12.50989],[-47.71839,-12.51254],[-47.72024,-12.5156],[-47.72277,-12.51751],[-47.72524,-12.51964],[-47.72599,-12.52063],[-47.72654,-12.52294],[-47.72693,-12.52369],[-47.7288,-12.52505],[-47.73027,-12.52517],[-47.73127,-12.52678],[-47.73334,-12.52807],[-47.73452,-12.52825],[-47.73728,-12.52818],[-47.74195,-12.52744],[-47.74376,-12.52775],[-47.74457,-12.52858],[-47.74532,-12.53026],[-47.74594,-12.53329],[-47.74707,-12.53558],[-47.74951,-12.5397],[-47.75041,-12.54204],[-47.75248,-12.54476],[-47.75284,-12.54546],[-47.75436,-12.54703],[-47.75634,-12.54868],[-47.75912,-12.54893],[-47.76106,-12.54957],[-47.76206,-12.55013],[-47.76481,-12.55247],[-47.76628,-12.55403],[-47.76678,-12.55526],[-47.76847,-12.55719],[-47.76948,-12.55959],[-47.76983,-12.56216],[-47.77038,-12.56404],[-47.7705,-12.56538],[-47.77006,-12.5678],[-47.76833,-12.56984],[-47.76671,-12.57098],[-47.76543,-12.57258],[-47.76447,-12.57314],[-47.76247,-12.57379],[-47.76023,-12.5756],[-47.75861,-12.57663],[-47.75683,-12.57896],[-47.75378,-12.58203],[-47.75325,-12.58278],[-47.75185,-12.58664],[-47.75158,-12.58934],[-47.75159,-12.59229],[-47.75216,-12.59353],[-47.75217,-12.59604],[-47.75277,-12.60032],[-47.75323,-12.60291],[-47.74905,-12.60354],[-47.74826,-12.60268],[-47.74792,-12.60473],[-47.74714,-12.60548],[-47.74675,-12.60435],[-47.74594,-12.60516],[-47.74534,-12.605],[-47.74498,-12.60391],[-47.74385,-12.60372],[-47.74335,-12.60249],[-47.74254,-12.60204],[-47.74172,-12.59938],[-47.74121,-12.59854],[-47.73888,-12.59952],[-47.73713,-12.59895],[-47.73595,-12.59977],[-47.73421,-12.59913],[-47.73404,-12.59871],[-47.73515,-12.59729],[-47.73509,-12.59591],[-47.73383,-12.5959],[-47.7333,-12.59664],[-47.73169,-12.59407],[-47.73244,-12.59337],[-47.73059,-12.59244],[-47.73026,-12.5914],[-47.72833,-12.5906],[-47.72758,-12.58941],[-47.7264,-12.5886],[-47.72557,-12.58631],[-47.72646,-12.58359],[-47.72458,-12.58353],[-47.72454,-12.58273],[-47.72517,-12.58205],[-47.72426,-12.58102],[-47.72392,-12.57996],[-47.72251,-12.57912],[-47.72135,-12.57901],[-47.72055,-12.57949],[-47.71941,-12.57949],[-47.71889,-12.57869],[-47.71802,-12.57864],[-47.71736,-12.5793],[-47.71463,-12.58067],[-47.7139,-12.57977],[-47.71379,-12.57882],[-47.71303,-12.57829],[-47.71045,-12.5775],[-47.71006,-12.5785],[-47.70889,-12.57974],[-47.70883,-12.58135],[-47.70738,-12.58258],[-47.70668,-12.58352],[-47.70617,-12.58505],[-47.70467,-12.58712],[-47.70461,-12.58781],[-47.7036,-12.58839],[-47.70292,-12.59031],[-47.70309,-12.59097],[-47.70261,-12.59203],[-47.7014,-12.59372],[-47.7003,-12.59462],[-47.69941,-12.59488],[-47.699,-12.59571],[-47.6971,-12.59596],[-47.69492,-12.59739],[-47.69376,-12.5994],[-47.69236,-12.60067],[-47.69197,-12.60156],[-47.69395,-12.60347],[-47.69361,-12.60455],[-47.69442,-12.60608],[-47.6939,-12.60986],[-47.69291,-12.61193],[-47.69126,-12.61355],[-47.69098,-12.6142],[-47.69076,-12.61678],[-47.68917,-12.61909],[-47.68857,-12.62034],[-47.68641,-12.62165],[-47.68609,-12.62227],[-47.68632,-12.62443],[-47.6856,-12.62716],[-47.68599,-12.62944],[-47.68605,-12.6312],[-47.68769,-12.63262],[-47.688,-12.6342],[-47.68853,-12.63499],[-47.68874,-12.63646],[-47.68794,-12.63977],[-47.68717,-12.64128],[-47.68595,-12.64251],[-47.68485,-12.64488],[-47.68389,-12.64535],[-47.68346,-12.64724],[-47.68362,-12.64845],[-47.68339,-12.64983],[-47.68246,-12.65173],[-47.68369,-12.65489],[-47.6844,-12.65581],[-47.68416,-12.65647],[-47.68509,-12.65808],[-47.68431,-12.66083],[-47.68368,-12.66217],[-47.68273,-12.66346],[-47.68107,-12.66455],[-47.68037,-12.66569],[-47.67869,-12.66558],[-47.67629,-12.66721],[-47.67573,-12.66796],[-47.67424,-12.66872],[-47.67382,-12.66928],[-47.67197,-12.66992],[-47.6714,-12.67106],[-47.67046,-12.67178],[-47.66887,-12.67384],[-47.66887,-12.67615],[-47.66825,-12.67885],[-47.67241,-12.68249],[-47.67374,-12.68323],[-47.67932,-12.68517],[-47.68056,-12.68541],[-47.68693,-12.68586],[-47.68908,-12.68588],[-47.6919,-12.68494],[-47.69114,-12.6868],[-47.68951,-12.69156],[-47.69009,-12.6928],[-47.68979,-12.69371],[-47.68887,-12.69439],[-47.68799,-12.6944],[-47.68716,-12.69731],[-47.68581,-12.69834],[-47.6847,-12.69973],[-47.68417,-12.70319],[-47.68332,-12.7043],[-47.68377,-12.70665],[-47.68343,-12.70898],[-47.68308,-12.7099],[-47.682,-12.71116],[-47.6815,-12.7123],[-47.68064,-12.71741],[-47.6803,-12.7184],[-47.67794,-12.72055],[-47.67788,-12.72484],[-47.67843,-12.72842],[-47.67787,-12.73098],[-47.67724,-12.73224],[-47.6762,-12.73313],[-47.67668,-12.73432],[-47.67754,-12.73861],[-47.67683,-12.74196],[-47.67695,-12.74318],[-47.67633,-12.74451],[-47.67711,-12.74555],[-47.67718,-12.7469],[-47.67762,-12.7482],[-47.678,-12.75087],[-47.67876,-12.75311],[-47.67902,-12.75482],[-47.67919,-12.75787],[-47.67897,-12.76004],[-47.6792,-12.76369],[-47.67814,-12.76684],[-47.67781,-12.76862],[-47.67835,-12.76948],[-47.67847,-12.77155],[-47.67802,-12.77264],[-47.67714,-12.77362],[-47.67653,-12.77616],[-47.67736,-12.77834],[-47.67823,-12.78135],[-47.67844,-12.78333],[-47.67813,-12.78777],[-47.67732,-12.78985],[-47.6761,-12.79172],[-47.67621,-12.79455],[-47.67725,-12.79765],[-47.67661,-12.7998],[-47.67671,-12.8011],[-47.67751,-12.80246],[-47.67779,-12.80387],[-47.67742,-12.80617],[-47.67764,-12.80696],[-47.67942,-12.80864],[-47.6804,-12.81015],[-47.68033,-12.81138],[-47.68114,-12.81233],[-47.68139,-12.81384],[-47.68079,-12.81671],[-47.6804,-12.81722],[-47.67856,-12.81788],[-47.67759,-12.81854],[-47.67466,-12.82268],[-47.67397,-12.82401],[-47.67343,-12.82573],[-47.67296,-12.82638],[-47.67113,-12.82745],[-47.67078,-12.82829],[-47.67105,-12.83005],[-47.67162,-12.83158],[-47.67178,-12.8333],[-47.67267,-12.83383],[-47.67376,-12.83523],[-47.67352,-12.83687],[-47.67224,-12.83984],[-47.67244,-12.84211],[-47.6733,-12.84322],[-47.6748,-12.84378],[-47.67749,-12.8439],[-47.67941,-12.84292],[-47.68184,-12.84357],[-47.68283,-12.84344],[-47.68398,-12.84435],[-47.68834,-12.84464],[-47.69024,-12.8458],[-47.69029,-12.84643],[-47.68843,-12.84784],[-47.68816,-12.84852],[-47.68896,-12.85093],[-47.69004,-12.85175],[-47.69034,-12.85287],[-47.69127,-12.85359],[-47.69114,-12.85478],[-47.69168,-12.85703],[-47.69269,-12.8583],[-47.69305,-12.86058],[-47.69399,-12.86139],[-47.69497,-12.86155],[-47.6951,-12.86225],[-47.69447,-12.86351],[-47.69425,-12.86487],[-47.69661,-12.86801],[-47.69682,-12.86899],[-47.69766,-12.86969],[-47.69798,-12.87069],[-47.69888,-12.87178],[-47.69959,-12.87327],[-47.70034,-12.87375],[-47.7016,-12.87519],[-47.70156,-12.87659],[-47.70228,-12.87858],[-47.70253,-12.88056],[-47.70432,-12.8826],[-47.70579,-12.88372],[-47.70616,-12.88522],[-47.70802,-12.88464],[-47.71045,-12.88446],[-47.71176,-12.88491],[-47.71473,-12.88545],[-47.71634,-12.88721],[-47.71692,-12.88892],[-47.71749,-12.8926],[-47.71761,-12.89594],[-47.71869,-12.89825],[-47.71878,-12.89968],[-47.71825,-12.90152],[-47.71851,-12.90323],[-47.71998,-12.90437],[-47.72093,-12.90418],[-47.72245,-12.90287],[-47.72434,-12.90249],[-47.72659,-12.90234],[-47.72854,-12.90284],[-47.72996,-12.90265],[-47.7318,-12.90197],[-47.7328,-12.90114],[-47.73525,-12.89737],[-47.7359,-12.89697],[-47.74011,-12.89611],[-47.74171,-12.89558],[-47.74552,-12.89521],[-47.74758,-12.89567],[-47.75381,-12.89603],[-47.75592,-12.89646],[-47.76119,-12.89639],[-47.76223,-12.89734],[-47.76573,-12.89943],[-47.76745,-12.89997],[-47.77294,-12.90105],[-47.76712,-12.90278],[-47.7638,-12.90157],[-47.76114,-12.89987],[-47.75889,-12.89934],[-47.7565,-12.89942],[-47.7543,-12.90046],[-47.75013,-12.90445],[-47.75,-12.90495],[-47.74808,-12.90783],[-47.74689,-12.91071],[-47.74661,-12.91189],[-47.74673,-12.91581],[-47.74714,-12.91731],[-47.74823,-12.9196],[-47.74744,-12.92411],[-47.74612,-12.92798],[-47.74405,-12.93006],[-47.74233,-12.93279],[-47.73965,-12.93476],[-47.73408,-12.93913],[-47.73216,-12.94174],[-47.72964,-12.94627],[-47.72655,-12.95419],[-47.72636,-12.95597],[-47.72653,-12.95759],[-47.72605,-12.96398],[-47.72641,-12.96666],[-47.72626,-12.96778],[-47.72668,-12.96929],[-47.72626,-12.97133],[-47.72571,-12.97253],[-47.72162,-12.97971],[-47.72057,-12.98068],[-47.7199,-12.98174],[-47.71975,-12.98283],[-47.72006,-12.98782],[-47.72039,-12.98861],[-47.72206,-12.99012],[-47.72522,-12.99174],[-47.72734,-12.99371],[-47.72898,-12.99577],[-47.72976,-12.99635],[-47.73222,-12.9967],[-47.7382,-12.99626],[-47.74184,-12.99533],[-47.74411,-12.9942],[-47.74662,-12.99248],[-47.75024,-12.98915],[-47.75203,-12.98883],[-47.75409,-12.98897],[-47.75688,-12.98986],[-47.75779,-12.98998],[-47.75969,-12.98964],[-47.76216,-12.98861],[-47.76504,-12.98652],[-47.76637,-12.98446],[-47.76862,-12.98351],[-47.77043,-12.9836],[-47.77194,-12.98405],[-47.77362,-12.98528],[-47.77456,-12.98642],[-47.77549,-12.98892],[-47.7766,-12.99133],[-47.77836,-12.99441],[-47.77982,-12.99784],[-47.77989,-12.99888],[-47.77878,-13.00409],[-47.77754,-13.00837],[-47.77584,-13.01122],[-47.7752,-13.01397],[-47.7755,-13.01605],[-47.77556,-13.01813],[-47.77461,-13.02204],[-47.77331,-13.02233],[-47.7713,-13.0241],[-47.76659,-13.02565],[-47.76496,-13.02647],[-47.7641,-13.0278],[-47.76319,-13.02807],[-47.76253,-13.02887],[-47.76158,-13.03205],[-47.76134,-13.03385],[-47.75978,-13.03527],[-47.75925,-13.03697],[-47.75798,-13.03846],[-47.75591,-13.04001],[-47.75388,-13.04116],[-47.75274,-13.04262],[-47.75225,-13.0441],[-47.75227,-13.04571],[-47.75259,-13.04821],[-47.75183,-13.05026],[-47.75,-13.05285],[-47.74865,-13.05544],[-47.74761,-13.05591],[-47.7453,-13.0558],[-47.74245,-13.05478],[-47.74028,-13.05355],[-47.73896,-13.05237],[-47.73665,-13.04988],[-47.73599,-13.0484],[-47.73576,-13.04688],[-47.7348,-13.04536],[-47.73217,-13.0442],[-47.72954,-13.0441],[-47.72806,-13.04478],[-47.72761,-13.04541],[-47.72732,-13.04714],[-47.72411,-13.05109],[-47.72236,-13.05284],[-47.72043,-13.05505],[-47.71795,-13.05659],[-47.71535,-13.05883],[-47.7128,-13.0597],[-47.70946,-13.06018],[-47.70592,-13.06031],[-47.70256,-13.05986],[-47.70104,-13.05988],[-47.69623,-13.06068],[-47.69378,-13.06178],[-47.69206,-13.06329],[-47.69113,-13.06464],[-47.69065,-13.06587],[-47.69057,-13.06904],[-47.69016,-13.07069],[-47.68926,-13.0724],[-47.68776,-13.07436],[-47.68731,-13.07541],[-47.68601,-13.08483],[-47.68545,-13.08618],[-47.68367,-13.08832],[-47.68228,-13.08926],[-47.67789,-13.09188],[-47.67571,-13.09343],[-47.67103,-13.09733],[-47.66779,-13.09924],[-47.66419,-13.10221],[-47.66149,-13.10343],[-47.66061,-13.10359],[-47.65668,-13.10339],[-47.65463,-13.10303],[-47.65265,-13.10169],[-47.65134,-13.10109],[-47.64995,-13.09903],[-47.64834,-13.098],[-47.64822,-13.09628],[-47.64692,-13.09474],[-47.64529,-13.09341],[-47.64303,-13.09272],[-47.6402,-13.09331],[-47.6392,-13.09398],[-47.63677,-13.09617],[-47.63421,-13.10314],[-47.63364,-13.10118],[-47.63296,-13.10331],[-47.63165,-13.10646],[-47.62996,-13.10826],[-47.62824,-13.109],[-47.625,-13.10926],[-47.62207,-13.10829],[-47.6205,-13.1071],[-47.61877,-13.10427],[-47.61712,-13.10362],[-47.61561,-13.10369],[-47.61449,-13.10444],[-47.61285,-13.10456],[-47.61124,-13.10591],[-47.60619,-13.10793],[-47.6053,-13.1081],[-47.60234,-13.10962],[-47.59992,-13.11018],[-47.59712,-13.11198],[-47.59544,-13.11326],[-47.5942,-13.11479],[-47.59312,-13.11548],[-47.59176,-13.11571],[-47.58983,-13.11558],[-47.58607,-13.11435],[-47.58305,-13.11457],[-47.58049,-13.1152],[-47.57931,-13.11504],[-47.57542,-13.1149],[-47.57409,-13.11503],[-47.57129,-13.11624],[-47.56866,-13.11687],[-47.56698,-13.11437],[-47.56588,-13.11405],[-47.56511,-13.11327],[-47.56573,-13.11254],[-47.56464,-13.11142],[-47.56342,-13.11202],[-47.56259,-13.1119],[-47.55932,-13.11216],[-47.55671,-13.11212],[-47.55609,-13.11265],[-47.55503,-13.11215],[-47.55254,-13.11275],[-47.55311,-13.11441],[-47.55297,-13.11678],[-47.55219,-13.1185],[-47.55072,-13.11927],[-47.54912,-13.11968],[-47.54898,-13.1209],[-47.54782,-13.12194],[-47.54511,-13.12169],[-47.54387,-13.121],[-47.54275,-13.12192],[-47.54299,-13.12408],[-47.54234,-13.12518],[-47.54101,-13.12501],[-47.53768,-13.12683],[-47.53726,-13.12884],[-47.53592,-13.1297],[-47.53347,-13.13015],[-47.53292,-13.13105],[-47.53124,-13.13038],[-47.53097,-13.13159],[-47.53016,-13.13165],[-47.52949,-13.13269],[-47.52845,-13.13292],[-47.52756,-13.13371],[-47.52717,-13.13258],[-47.52615,-13.13238],[-47.52582,-13.13308],[-47.52337,-13.13346],[-47.52178,-13.13422],[-47.52088,-13.13334],[-47.5197,-13.13278],[-47.51748,-13.13348],[-47.51547,-13.13468],[-47.51315,-13.13386],[-47.51216,-13.13414],[-47.51213,-13.13265],[-47.51082,-13.13305],[-47.50935,-13.13259],[-47.50931,-13.13179],[-47.50845,-13.13168],[-47.50683,-13.13058],[-47.50698,-13.12997],[-47.50625,-13.1291],[-47.50463,-13.12858],[-47.50337,-13.12747],[-47.50334,-13.12639],[-47.50385,-13.12492],[-47.50243,-13.12416],[-47.50224,-13.12337],[-47.50128,-13.12278],[-47.50069,-13.12185],[-47.49991,-13.11898],[-47.49934,-13.11867],[-47.49947,-13.11672],[-47.4985,-13.11608],[-47.49614,-13.11543],[-47.49653,-13.11342],[-47.49499,-13.11228],[-47.49408,-13.11225],[-47.49288,-13.11318],[-47.49155,-13.11283],[-47.49078,-13.11177],[-47.49047,-13.11068],[-47.48927,-13.11123],[-47.48784,-13.11281],[-47.48595,-13.11342],[-47.48544,-13.11427],[-47.48384,-13.11364],[-47.4828,-13.11396],[-47.48217,-13.11304],[-47.48058,-13.11203],[-47.47963,-13.11214],[-47.47836,-13.11278],[-47.47646,-13.11281],[-47.47582,-13.11328],[-47.47267,-13.11444],[-47.47224,-13.11664],[-47.47087,-13.11876],[-47.47009,-13.11871],[-47.469,-13.11679],[-47.46724,-13.11767],[-47.46694,-13.11935],[-47.46609,-13.11927],[-47.46597,-13.11788],[-47.46657,-13.11677],[-47.46598,-13.11628],[-47.464,-13.11652],[-47.46295,-13.11621],[-47.46036,-13.11446],[-47.46001,-13.11281],[-47.45825,-13.1124],[-47.45705,-13.11248],[-47.45652,-13.11425],[-47.45675,-13.11494],[-47.45342,-13.11567],[-47.45223,-13.11541],[-47.44994,-13.11406],[-47.44758,-13.11404],[-47.44652,-13.11437],[-47.44593,-13.11378],[-47.44446,-13.11424],[-47.44316,-13.11549],[-47.44203,-13.11544],[-47.44161,-13.11609],[-47.44069,-13.11624],[-47.44004,-13.11711],[-47.43923,-13.11679],[-47.43681,-13.11698],[-47.4361,-13.11773],[-47.43409,-13.11737],[-47.43305,-13.11768],[-47.43249,-13.11698],[-47.43147,-13.11786],[-47.43002,-13.11746],[-47.42947,-13.11658],[-47.42851,-13.1174],[-47.42662,-13.11719],[-47.42505,-13.11842],[-47.42474,-13.11926],[-47.42333,-13.12001],[-47.42084,-13.11941],[-47.41979,-13.12048],[-47.41761,-13.12051],[-47.4154,-13.1197],[-47.4141,-13.12024],[-47.41434,-13.12117],[-47.41266,-13.12143],[-47.41271,-13.12063],[-47.41221,-13.11905],[-47.41104,-13.11938],[-47.4106,-13.12054],[-47.40974,-13.12098],[-47.40965,-13.1224],[-47.40786,-13.12281],[-47.40666,-13.12235],[-47.40529,-13.12247],[-47.40476,-13.12052],[-47.40322,-13.12047],[-47.40202,-13.12092],[-47.40153,-13.12024],[-47.39964,-13.12024],[-47.39819,-13.11924],[-47.39833,-13.11763],[-47.39741,-13.11305],[-47.39812,-13.1105],[-47.39691,-13.10859],[-47.39856,-13.10724],[-47.39949,-13.10685],[-47.39984,-13.10546],[-47.4013,-13.10391],[-47.40178,-13.10201],[-47.40256,-13.10146],[-47.40246,-13.10057],[-47.40162,-13.09965],[-47.40253,-13.0991],[-47.40276,-13.09809],[-47.40245,-13.09659],[-47.40063,-13.09553],[-47.40018,-13.09464],[-47.39808,-13.09326],[-47.39819,-13.08989],[-47.39894,-13.08748],[-47.39752,-13.08487],[-47.39658,-13.08187],[-47.39636,-13.07832],[-47.39539,-13.07604],[-47.39548,-13.07414],[-47.39598,-13.07323],[-47.39831,-13.07163],[-47.39895,-13.06994],[-47.40626,-13.07071],[-47.40722,-13.06882],[-47.40735,-13.06693],[-47.40682,-13.06565],[-47.40675,-13.06446],[-47.40761,-13.06239],[-47.40819,-13.05939],[-47.40827,-13.05796],[-47.40879,-13.05494],[-47.40838,-13.05372],[-47.40837,-13.05243],[-47.4079,-13.05136],[-47.40723,-13.04799],[-47.40613,-13.04749],[-47.40508,-13.04654],[-47.4044,-13.04524],[-47.40448,-13.04423],[-47.40525,-13.04294],[-47.40634,-13.043],[-47.4069,-13.04189],[-47.40718,-13.03971],[-47.40819,-13.03885],[-47.40885,-13.0377],[-47.40877,-13.03704],[-47.41177,-13.0348],[-47.4121,-13.03411],[-47.41192,-13.03244],[-47.41331,-13.03109],[-47.41495,-13.03003],[-47.41584,-13.02881],[-47.41558,-13.02814],[-47.41609,-13.02683],[-47.41711,-13.0255],[-47.41815,-13.02544],[-47.4193,-13.02474],[-47.42145,-13.02466],[-47.42285,-13.02507],[-47.42374,-13.02422],[-47.42511,-13.02497],[-47.42572,-13.02466],[-47.4275,-13.02465],[-47.42802,-13.02361],[-47.43183,-13.02288],[-47.43391,-13.02365],[-47.4342,-13.02273],[-47.43531,-13.0218],[-47.43535,-13.02088],[-47.43438,-13.01952],[-47.43523,-13.01793],[-47.43538,-13.01517],[-47.43622,-13.01453],[-47.43552,-13.01329],[-47.43575,-13.0124],[-47.43534,-13.01171],[-47.43559,-13.01043],[-47.4347,-13.00817],[-47.43601,-13.00695],[-47.43596,-13.00541],[-47.43664,-13.00475],[-47.43617,-13.0039],[-47.43713,-13.00184],[-47.43726,-13.00102],[-47.43862,-13.00037],[-47.43816,-12.99956],[-47.43811,-12.99818],[-47.43719,-12.99688],[-47.43791,-12.99551],[-47.43752,-12.99429],[-47.43752,-12.99164],[-47.43557,-12.99061],[-47.43515,-12.98933],[-47.43411,-12.98817],[-47.43334,-12.98819],[-47.4334,-12.98663],[-47.43397,-12.9855],[-47.4351,-12.98496],[-47.43479,-12.98362],[-47.43528,-12.98168],[-47.43473,-12.97954],[-47.43541,-12.97811],[-47.43616,-12.9774],[-47.43732,-12.97718],[-47.43772,-12.97664],[-47.43757,-12.97554],[-47.43853,-12.97297],[-47.43946,-12.97249],[-47.44015,-12.97138],[-47.44117,-12.97097],[-47.44141,-12.96945],[-47.44235,-12.96817],[-47.44344,-12.96529],[-47.44393,-12.96451],[-47.44497,-12.964],[-47.44623,-12.96387],[-47.44732,-12.96239],[-47.44836,-12.96232],[-47.44984,-12.96341],[-47.45086,-12.9632],[-47.45172,-12.96239],[-47.45483,-12.96059],[-47.45604,-12.96033],[-47.45581,-12.95927],[-47.45673,-12.95909],[-47.45887,-12.95805],[-47.45914,-12.95696],[-47.45781,-12.95704],[-47.45706,-12.95641],[-47.45587,-12.95692],[-47.45469,-12.95543],[-47.45326,-12.95454],[-47.45141,-12.95181],[-47.45055,-12.95098],[-47.4498,-12.94934],[-47.44897,-12.94916],[-47.44744,-12.94759],[-47.44672,-12.94625],[-47.4469,-12.94433],[-47.44664,-12.94332],[-47.44464,-12.94165],[-47.44353,-12.93905],[-47.44189,-12.93762],[-47.44149,-12.93494],[-47.44052,-12.93427],[-47.43953,-12.93443],[-47.438,-12.93541],[-47.43669,-12.93657],[-47.43542,-12.93543],[-47.43177,-12.9357],[-47.42969,-12.93601],[-47.42722,-12.93534],[-47.42539,-12.93553],[-47.42368,-12.93614],[-47.42175,-12.93622],[-47.42063,-12.93505],[-47.41968,-12.93267],[-47.41895,-12.93217],[-47.41741,-12.93202],[-47.41429,-12.93255],[-47.41337,-12.93318],[-47.41198,-12.93498],[-47.41136,-12.93617],[-47.40914,-12.93804],[-47.40826,-12.93929],[-47.40809,-12.9409],[-47.40659,-12.94277],[-47.40578,-12.94304],[-47.40428,-12.94286],[-47.40105,-12.94182],[-47.39902,-12.94238],[-47.39827,-12.94225],[-47.39548,-12.94096],[-47.39499,-12.94052],[-47.39117,-12.93917],[-47.38937,-12.939],[-47.38629,-12.93909],[-47.38557,-12.93857],[-47.38441,-12.93596],[-47.3831,-12.93544],[-47.38177,-12.93547],[-47.38094,-12.93495],[-47.3805,-12.93347],[-47.37927,-12.93408],[-47.37887,-12.93609],[-47.37718,-12.93628],[-47.375,-12.93553],[-47.37435,-12.935],[-47.37357,-12.93299],[-47.37122,-12.93121],[-47.36893,-12.93081],[-47.36666,-12.9296],[-47.36548,-12.92929],[-47.36367,-12.92941],[-47.36283,-12.92885],[-47.36315,-12.92703],[-47.36252,-12.92484],[-47.36167,-12.92483],[-47.36088,-12.92617],[-47.35957,-12.92617],[-47.3601,-12.92488],[-47.36017,-12.92362],[-47.36071,-12.92315],[-47.36058,-12.92039],[-47.35952,-12.91933],[-47.35974,-12.91792],[-47.35957,-12.91626],[-47.36122,-12.91566],[-47.36167,-12.91392],[-47.36157,-12.91289],[-47.36072,-12.91189],[-47.3597,-12.91199],[-47.35901,-12.91256],[-47.35824,-12.91241],[-47.35624,-12.9127],[-47.35564,-12.91302],[-47.35057,-12.91393],[-47.35037,-12.91448],[-47.34893,-12.91526],[-47.34653,-12.91293],[-47.34542,-12.9124],[-47.34511,-12.91162],[-47.34284,-12.91157],[-47.34193,-12.91123],[-47.34175,-12.91004],[-47.34201,-12.90779],[-47.34186,-12.9054],[-47.34113,-12.90417],[-47.34187,-12.90312],[-47.34161,-12.90215],[-47.34018,-12.90056],[-47.33805,-12.89912],[-47.33809,-12.89817],[-47.33753,-12.89714],[-47.33646,-12.89635],[-47.3358,-12.89663],[-47.33508,-12.8979],[-47.334,-12.89748],[-47.33318,-12.89788],[-47.33153,-12.8972],[-47.33256,-12.89627],[-47.33198,-12.89533],[-47.33016,-12.89472],[-47.32984,-12.89212],[-47.32857,-12.89087],[-47.32858,-12.88994],[-47.32751,-12.88942],[-47.32732,-12.88834],[-47.32781,-12.88729],[-47.32848,-12.8871],[-47.32848,-12.88597],[-47.32613,-12.8849],[-47.32555,-12.88368],[-47.32354,-12.88308],[-47.32289,-12.88184],[-47.32224,-12.88159],[-47.32236,-12.88002],[-47.32144,-12.87897],[-47.32061,-12.87853],[-47.31977,-12.87729],[-47.32053,-12.87562],[-47.31978,-12.87481],[-47.32003,-12.87368],[-47.31962,-12.87229],[-47.31902,-12.87189],[-47.31922,-12.8708],[-47.31859,-12.87044],[-47.31876,-12.86908],[-47.32025,-12.86813],[-47.32062,-12.86652],[-47.32128,-12.86552],[-47.32113,-12.86461],[-47.32011,-12.86333],[-47.32086,-12.86279],[-47.32085,-12.86164],[-47.31994,-12.8601],[-47.32002,-12.85827],[-47.31912,-12.85797],[-47.31878,-12.85721],[-47.3179,-12.85681],[-47.3167,-12.85529],[-47.31519,-12.8545],[-47.31336,-12.85437],[-47.31159,-12.85329],[-47.31049,-12.85365],[-47.30707,-12.85304],[-47.30583,-12.85193],[-47.30488,-12.8519],[-47.30348,-12.85067],[-47.30163,-12.85106],[-47.30112,-12.85029],[-47.29988,-12.84951],[-47.29943,-12.84871],[-47.29827,-12.84788],[-47.29638,-12.84807],[-47.29585,-12.84762],[-47.29242,-12.84579],[-47.29071,-12.84424],[-47.28949,-12.8443],[-47.28833,-12.84378],[-47.28797,-12.84438],[-47.28556,-12.8439],[-47.28495,-12.84287],[-47.2821,-12.84207],[-47.28185,-12.84045],[-47.28103,-12.84023],[-47.27998,-12.83823],[-47.27884,-12.83765],[-47.27882,-12.83705],[-47.27758,-12.83641],[-47.27637,-12.8364],[-47.2749,-12.83724],[-47.27334,-12.83681],[-47.27164,-12.8369],[-47.27027,-12.8381],[-47.2689,-12.83783],[-47.26829,-12.8368],[-47.26637,-12.83622],[-47.26499,-12.83645],[-47.26451,-12.83532],[-47.26353,-12.83487],[-47.26198,-12.83553],[-47.26105,-12.83627],[-47.25889,-12.83667],[-47.25734,-12.83739],[-47.25568,-12.83723],[-47.25476,-12.83632],[-47.25217,-12.83541],[-47.25043,-12.83607],[-47.2494,-12.83566],[-47.24835,-12.83591],[-47.24738,-12.83563],[-47.24661,-12.83608],[-47.2444,-12.83382],[-47.24379,-12.8327],[-47.21917,-12.82348],[-47.22169,-12.82396],[-47.22412,-12.82394],[-47.22551,-12.82421],[-47.227,-12.82411],[-47.22969,-12.82282],[-47.23198,-12.82012],[-47.23427,-12.81965],[-47.23689,-12.8185],[-47.23824,-12.81722],[-47.2398,-12.81723],[-47.24066,-12.81782],[-47.24114,-12.81925],[-47.24243,-12.81984],[-47.24399,-12.81932],[-47.24509,-12.81823],[-47.24626,-12.81767],[-47.24702,-12.81577],[-47.24898,-12.81413],[-47.2505,-12.814],[-47.25094,-12.81318],[-47.25217,-12.81376],[-47.2531,-12.81302],[-47.25354,-12.81422],[-47.25484,-12.8155],[-47.25551,-12.81577],[-47.25759,-12.81467],[-47.25917,-12.81595],[-47.26005,-12.81507],[-47.26163,-12.81401],[-47.26323,-12.81395],[-47.26435,-12.81359],[-47.26701,-12.81538],[-47.26811,-12.81579],[-47.26838,-12.8152],[-47.27076,-12.81483],[-47.27118,-12.81567],[-47.27348,-12.81659],[-47.27453,-12.8176],[-47.27794,-12.81678],[-47.27863,-12.81624],[-47.28004,-12.81604],[-47.28165,-12.81616],[-47.28334,-12.81696],[-47.28412,-12.81596],[-47.28512,-12.81534],[-47.28587,-12.81394],[-47.28558,-12.81225],[-47.28635,-12.81088],[-47.28702,-12.80865],[-47.28807,-12.80815],[-47.28861,-12.80641],[-47.29056,-12.80376],[-47.29074,-12.80288],[-47.2929,-12.80111],[-47.29252,-12.80068],[-47.29247,-12.7982],[-47.2927,-12.79654],[-47.29235,-12.79525],[-47.29315,-12.79331],[-47.29321,-12.79177],[-47.29472,-12.79082],[-47.29566,-12.78974],[-47.2973,-12.78965],[-47.29861,-12.78885],[-47.29996,-12.7893],[-47.30136,-12.7894],[-47.30294,-12.78902],[-47.30449,-12.78573],[-47.30684,-12.78439],[-47.30798,-12.78286],[-47.31047,-12.78271],[-47.31069,-12.78335],[-47.31176,-12.78324],[-47.31377,-12.78096],[-47.31413,-12.77938],[-47.31568,-12.77727],[-47.31576,-12.77614],[-47.31664,-12.77576],[-47.31769,-12.77461],[-47.31991,-12.77454],[-47.32051,-12.77343],[-47.3229,-12.77161],[-47.32341,-12.7695],[-47.32402,-12.76928],[-47.32519,-12.76738],[-47.32577,-12.76585],[-47.32695,-12.76597],[-47.3284,-12.76497],[-47.32931,-12.76566],[-47.33194,-12.76558],[-47.3341,-12.76579],[-47.33502,-12.76634],[-47.33745,-12.7651],[-47.33795,-12.76431],[-47.33891,-12.76421],[-47.33978,-12.76322],[-47.33996,-12.76227],[-47.34207,-12.76133],[-47.34366,-12.76104],[-47.34496,-12.76037],[-47.34559,-12.75915],[-47.34844,-12.75717],[-47.3487,-12.75606],[-47.34981,-12.75462],[-47.35156,-12.75384],[-47.35114,-12.75282],[-47.35201,-12.75064],[-47.35364,-12.74851],[-47.35431,-12.74829],[-47.35415,-12.74676],[-47.35446,-12.74606],[-47.35371,-12.74459],[-47.35348,-12.7431],[-47.35395,-12.74205],[-47.3556,-12.74067],[-47.35578,-12.73908],[-47.35664,-12.73868],[-47.35809,-12.73883],[-47.3602,-12.73847],[-47.36128,-12.73798],[-47.36157,-12.73622],[-47.36279,-12.73552],[-47.36314,-12.73374],[-47.36423,-12.73228],[-47.36353,-12.73141],[-47.36387,-12.7292],[-47.36361,-12.72815],[-47.36433,-12.728],[-47.36468,-12.72702],[-47.3641,-12.72608],[-47.36405,-12.72518],[-47.3647,-12.72371],[-47.36595,-12.72302],[-47.36748,-12.71998],[-47.36817,-12.71985],[-47.37024,-12.71772],[-47.37179,-12.71815],[-47.37267,-12.71724],[-47.37163,-12.71642],[-47.37215,-12.71445],[-47.37291,-12.71278],[-47.37175,-12.71253],[-47.37113,-12.71183],[-47.37166,-12.71061],[-47.37053,-12.71039],[-47.37004,-12.7096],[-47.37098,-12.70846],[-47.37102,-12.70731],[-47.37171,-12.70627],[-47.37124,-12.70578],[-47.37178,-12.70452],[-47.37096,-12.70391],[-47.36971,-12.7036],[-47.36922,-12.70437],[-47.36811,-12.70359],[-47.36752,-12.70397],[-47.366,-12.70264],[-47.36407,-12.70248],[-47.36295,-12.70191],[-47.36259,-12.70057],[-47.36185,-12.6997],[-47.36114,-12.69958],[-47.36023,-12.69759],[-47.35795,-12.69669],[-47.35607,-12.69692],[-47.35435,-12.69852],[-47.35449,-12.69959],[-47.35291,-12.69915],[-47.35267,-12.6985],[-47.35107,-12.69799],[-47.35129,-12.69676],[-47.35011,-12.69558],[-47.34937,-12.69417],[-47.35018,-12.69339],[-47.34995,-12.69273],[-47.34884,-12.6919],[-47.3468,-12.69117],[-47.34508,-12.69179],[-47.34396,-12.6927],[-47.34096,-12.69232],[-47.33974,-12.69195],[-47.33966,-12.69075],[-47.33918,-12.69024],[-47.33746,-12.68962],[-47.33654,-12.69087],[-47.33468,-12.69031],[-47.33339,-12.68925],[-47.33132,-12.6886],[-47.33018,-12.6894],[-47.32953,-12.69156],[-47.32872,-12.69205],[-47.3273,-12.69185],[-47.32596,-12.69244],[-47.32439,-12.69182],[-47.32252,-12.69174],[-47.32091,-12.69287],[-47.32108,-12.69424],[-47.31993,-12.69475],[-47.31779,-12.69475],[-47.31669,-12.6934],[-47.31525,-12.69376],[-47.31238,-12.693],[-47.31083,-12.69236],[-47.31031,-12.69055],[-47.31006,-12.68841],[-47.29005,-12.68146],[-47.28849,-12.68082],[-47.28774,-12.67991],[-47.28635,-12.67894],[-47.28494,-12.67874],[-47.28439,-12.67793],[-47.28241,-12.67693],[-47.27915,-12.67604],[-47.27823,-12.67496],[-47.27707,-12.67451],[-47.27609,-12.67373],[-47.27363,-12.67361],[-47.27225,-12.67238],[-47.27002,-12.67109],[-47.26898,-12.66934],[-47.26835,-12.66907],[-47.2684,-12.66764],[-47.26688,-12.6667],[-47.2658,-12.66684],[-47.26441,-12.66575],[-47.26288,-12.66503],[-47.26216,-12.66351],[-47.26091,-12.66254],[-47.26053,-12.66142],[-47.26045,-12.65915],[-47.25898,-12.65834],[-47.25814,-12.65694],[-47.25867,-12.65594],[-47.26,-12.65496],[-47.25806,-12.65252],[-47.25713,-12.65254],[-47.25677,-12.65156],[-47.25599,-12.65163],[-47.2547,-12.64998],[-47.25366,-12.64938],[-47.25291,-12.64757],[-47.25143,-12.64704],[-47.25142,-12.64558],[-47.25107,-12.64477],[-47.2485,-12.64465],[-47.24745,-12.64361],[-47.24668,-12.64332],[-47.24669,-12.64252],[-47.24544,-12.64183],[-47.24565,-12.63992],[-47.24445,-12.63922],[-47.24465,-12.63692],[-47.24548,-12.63595],[-47.24495,-12.63499],[-47.24316,-12.6342],[-47.2425,-12.6334],[-47.24229,-12.63234],[-47.24129,-12.63216],[-47.2405,-12.63154],[-47.23961,-12.63176],[-47.23893,-12.63055],[-47.23755,-12.63031],[-47.23625,-12.62855],[-47.2348,-12.62921],[-47.23382,-12.62925],[-47.23235,-12.63023],[-47.2311,-12.63021],[-47.22985,-12.62926],[-47.22897,-12.62927],[-47.22767,-12.62712],[-47.22694,-12.62687],[-47.22714,-12.62589],[-47.22571,-12.6248],[-47.22543,-12.6236],[-47.22454,-12.62347],[-47.22396,-12.6225],[-47.22515,-12.62213],[-47.22553,-12.62064],[-47.22505,-12.61988],[-47.22656,-12.61907],[-47.22651,-12.61775],[-47.22793,-12.61808],[-47.22944,-12.61736],[-47.22951,-12.61638],[-47.23052,-12.61633],[-47.23042,-12.61394],[-47.23114,-12.61318],[-47.22998,-12.612],[-47.22806,-12.61331],[-47.22521,-12.61393],[-47.22485,-12.61447],[-47.22268,-12.61462],[-47.22029,-12.61317],[-47.21954,-12.61375],[-47.21767,-12.61451],[-47.21633,-12.61287],[-47.21471,-12.61232],[-47.21415,-12.61309],[-47.21353,-12.61169],[-47.21267,-12.61144],[-47.21207,-12.60977],[-47.21033,-12.60907],[-47.20972,-12.60853],[-47.21003,-12.60764],[-47.20935,-12.60693],[-47.20975,-12.60634],[-47.20908,-12.60563],[-47.20896,-12.60357],[-47.21261,-12.60245],[-47.21337,-12.60352],[-47.21405,-12.60291],[-47.21413,-12.60208],[-47.21698,-12.60243],[-47.21761,-12.60144],[-47.21868,-12.60142],[-47.21863,-12.60032],[-47.2193,-12.59861],[-47.22062,-12.59805],[-47.22089,-12.59698],[-47.2192,-12.59536],[-47.21864,-12.5945],[-47.21916,-12.59361],[-47.22163,-12.59259],[-47.22314,-12.59114],[-47.22352,-12.59029],[-47.22446,-12.58971],[-47.22545,-12.58806],[-47.22502,-12.58711],[-47.22576,-12.58638],[-47.22581,-12.58515],[-47.22795,-12.58421],[-47.22796,-12.58321],[-47.22875,-12.58237],[-47.22818,-12.58158],[-47.23131,-12.58072],[-47.23261,-12.57952],[-47.23395,-12.57671],[-47.23535,-12.57442],[-47.23687,-12.5732],[-47.2384,-12.57363],[-47.23961,-12.57491],[-47.24244,-12.57651],[-47.24347,-12.57687],[-47.24518,-12.57661],[-47.24638,-12.57526],[-47.24803,-12.57474],[-47.25,-12.57367],[-47.25293,-12.57279],[-47.25459,-12.57134],[-47.25625,-12.57036],[-47.25737,-12.57041],[-47.25779,-12.56898],[-47.25777,-12.56777],[-47.25692,-12.56527],[-47.25581,-12.56399],[-47.25483,-12.56339],[-47.25101,-12.56267],[-47.25052,-12.56051],[-47.25133,-12.55775],[-47.25091,-12.55594],[-47.25,-12.55421],[-47.24758,-12.55213],[-47.24561,-12.54903],[-47.24397,-12.54676],[-47.24425,-12.5455],[-47.24566,-12.5442],[-47.24635,-12.54274],[-47.24651,-12.54083],[-47.24609,-12.53986],[-47.24466,-12.53844],[-47.24333,-12.5378],[-47.2424,-12.53694],[-47.24062,-12.53591],[-47.23762,-12.53547],[-47.23645,-12.53453],[-47.23584,-12.5326],[-47.23645,-12.53045],[-47.23752,-12.52574],[-47.23723,-12.52377],[-47.23489,-12.52081],[-47.23382,-12.51865],[-47.23266,-12.51723],[-47.23307,-12.51598],[-47.23406,-12.51521],[-47.23562,-12.51342],[-47.24163,-12.51291],[-47.24242,-12.51185],[-47.24401,-12.50904],[-47.24391,-12.50795],[-47.24147,-12.50537],[-47.23948,-12.50441],[-47.23885,-12.50358],[-47.23923,-12.50061],[-47.23917,-12.49885],[-47.24019,-12.49693],[-47.2422,-12.49569],[-47.24207,-12.49395],[-47.24255,-12.49339],[-47.24368,-12.49357],[-47.24767,-12.493],[-47.24913,-12.49309],[-47.25148,-12.494],[-47.25257,-12.49355],[-47.25333,-12.49275],[-47.25339,-12.49166],[-47.25632,-12.49012],[-47.2584,-12.48949],[-47.26257,-12.48779],[-47.26404,-12.48555],[-47.2665,-12.48315],[-47.26641,-12.48256],[-47.2645,-12.4793],[-47.26403,-12.47747],[-47.26433,-12.47586],[-47.26678,-12.47303],[-47.26839,-12.47004],[-47.26894,-12.46822],[-47.26828,-12.46686],[-47.2666,-12.46536],[-47.26622,-12.46469],[-47.26593,-12.46297],[-47.26664,-12.46115],[-47.26811,-12.46045],[-47.26959,-12.46061],[-47.27021,-12.46105],[-47.27209,-12.46071],[-47.27477,-12.4605],[-47.27668,-12.45964],[-47.27882,-12.45793],[-47.27925,-12.45508],[-47.27996,-12.45353],[-47.28195,-12.45267],[-47.28875,-12.45402],[-47.29012,-12.45333],[-47.29031,-12.4517],[-47.29113,-12.44974],[-47.29192,-12.44874],[-47.29341,-12.44871]]]},"properties":{"codigo":"171620810","name":"Bom Jesus da Palma","population":1742,"households":948,"areaKm2":3179.4188,"density":0.5}},{"type":"Feature","geometry":{"type":"Polygon","coordinates":[[[-48.05462,-13.24314],[-48.05434,-13.24396],[-48.05318,-13.24548],[-48.05512,-13.24783],[-48.05647,-13.24825],[-48.05552,-13.24948],[-48.055,-13.25151],[-48.05399,-13.25118],[-48.05361,-13.25228],[-48.05233,-13.25221],[-48.05154,-13.2541],[-48.05135,-13.25549],[-48.05241,-13.25579],[-48.05229,-13.25666],[-48.05032,-13.25673],[-48.04878,-13.25641],[-48.04731,-13.25564],[-48.04482,-13.25612],[-48.04366,-13.25551],[-48.04293,-13.25473],[-48.04109,-13.25415],[-48.03724,-13.25369],[-48.03483,-13.25449],[-48.03406,-13.25373],[-48.03345,-13.25464],[-48.03075,-13.25714],[-48.03058,-13.25809],[-48.03121,-13.25912],[-48.03117,-13.26046],[-48.03043,-13.26282],[-48.02902,-13.26293],[-48.02928,-13.26392],[-48.02817,-13.26501],[-48.02846,-13.26548],[-48.03066,-13.26626],[-48.03119,-13.26677],[-48.03211,-13.26663],[-48.03301,-13.26593],[-48.03415,-13.26664],[-48.03301,-13.26907],[-48.03133,-13.27006],[-48.03119,-13.27069],[-48.03279,-13.27188],[-48.03326,-13.27326],[-48.03293,-13.27439],[-48.03167,-13.27497],[-48.03109,-13.27477],[-48.0302,-13.27342],[-48.02917,-13.27274],[-48.02782,-13.27271],[-48.02813,-13.27519],[-48.02753,-13.27557],[-48.02595,-13.27559],[-48.02463,-13.27511],[-48.02456,-13.27626],[-48.02538,-13.27811],[-48.02551,-13.27933],[-48.02516,-13.27987],[-48.0235,-13.2803],[-48.02219,-13.27975],[-48.02133,-13.27996],[-48.01988,-13.27968],[-48.01875,-13.28006],[-48.01819,-13.27892],[-48.01707,-13.27809],[-48.01521,-13.27764],[-48.01413,-13.27827],[-48.01192,-13.27805],[-48.01034,-13.27725],[-48.00924,-13.27745],[-48.00842,-13.2767],[-48.00697,-13.2776],[-48.0049,-13.27762],[-48.00226,-13.27678],[-48.0005,-13.27572],[-47.99992,-13.27501],[-47.99835,-13.2744],[-47.99823,-13.2753],[-47.99748,-13.2761],[-47.99577,-13.2754],[-47.99392,-13.27512],[-47.99307,-13.27556],[-47.99239,-13.2776],[-47.99051,-13.27739],[-47.99012,-13.27685],[-47.98874,-13.27638],[-47.98796,-13.27651],[-47.98629,-13.27739],[-47.98453,-13.27926],[-47.98501,-13.28075],[-47.98318,-13.28201],[-47.98251,-13.28305],[-47.98179,-13.28304],[-47.98103,-13.28426],[-47.98111,-13.28564],[-47.98053,-13.28835],[-47.97978,-13.29049],[-47.97916,-13.29151],[-47.97902,-13.29328],[-47.97807,-13.29442],[-47.97786,-13.29583],[-47.97601,-13.29597],[-47.97557,-13.29524],[-47.97394,-13.29606],[-47.97391,-13.29505],[-47.97244,-13.29559],[-47.97318,-13.29621],[-47.97321,-13.29701],[-47.97123,-13.30093],[-47.9709,-13.30259],[-47.97119,-13.30407],[-47.97098,-13.30594],[-47.97027,-13.30792],[-47.97055,-13.30953],[-47.97015,-13.31005],[-47.97064,-13.3109],[-47.97045,-13.31185],[-47.9674,-13.31266],[-47.96721,-13.31331],[-47.96602,-13.31351],[-47.96528,-13.31264],[-47.96295,-13.31144],[-47.96235,-13.31055],[-47.96018,-13.31115],[-47.95918,-13.30951],[-47.95696,-13.3092],[-47.95653,-13.3083],[-47.95585,-13.30813],[-47.95305,-13.30938],[-47.95122,-13.31055],[-47.95134,-13.30811],[-47.95108,-13.3071],[-47.95041,-13.30692],[-47.94823,-13.30531],[-47.94675,-13.30479],[-47.94635,-13.30512],[-47.9463,-13.30691],[-47.94339,-13.30671],[-47.94195,-13.30545],[-47.94405,-13.30472],[-47.94385,-13.30348],[-47.94287,-13.30097],[-47.94196,-13.2994],[-47.94085,-13.2989],[-47.94035,-13.298],[-47.9404,-13.29625],[-47.9384,-13.29489],[-47.93963,-13.29449],[-47.93904,-13.29347],[-47.93789,-13.29395],[-47.93764,-13.29323],[-47.93838,-13.29237],[-47.93732,-13.29058],[-47.93611,-13.28989],[-47.93445,-13.291],[-47.9343,-13.29186],[-47.93301,-13.29148],[-47.93283,-13.29334],[-47.93204,-13.29418],[-47.93077,-13.29333],[-47.92979,-13.29468],[-47.92797,-13.29301],[-47.92647,-13.29228],[-47.92603,-13.29141],[-47.92418,-13.29135],[-47.92339,-13.29167],[-47.92108,-13.29552],[-47.92098,-13.29671],[-47.91947,-13.29734],[-47.9208,-13.29804],[-47.91991,-13.29893],[-47.91861,-13.29871],[-47.91642,-13.29666],[-47.91488,-13.2974],[-47.91444,-13.29703],[-47.91338,-13.2977],[-47.91412,-13.29841],[-47.91368,-13.299],[-47.91236,-13.29794],[-47.91097,-13.29772],[-47.91006,-13.29833],[-47.90919,-13.29783],[-47.90809,-13.29875],[-47.90657,-13.29908],[-47.90625,-13.30002],[-47.90432,-13.30126],[-47.90386,-13.30191],[-47.90353,-13.3052],[-47.90429,-13.30749],[-47.90276,-13.30767],[-47.90284,-13.3086],[-47.9024,-13.31154],[-47.90087,-13.31204],[-47.89998,-13.31179],[-47.89883,-13.31262],[-47.89795,-13.31196],[-47.89688,-13.3097],[-47.89558,-13.30914],[-47.89571,-13.30835],[-47.89449,-13.30772],[-47.89434,-13.30653],[-47.89309,-13.30629],[-47.89307,-13.30817],[-47.89185,-13.30902],[-47.8917,-13.31104],[-47.88959,-13.31111],[-47.88943,-13.3118],[-47.89,-13.31301],[-47.8896,-13.3136],[-47.88993,-13.31475],[-47.88896,-13.31501],[-47.88895,-13.31592],[-47.88825,-13.31748],[-47.88733,-13.31725],[-47.88737,-13.31858],[-47.88698,-13.31947],[-47.88617,-13.31944],[-47.88549,-13.32029],[-47.88443,-13.32072],[-47.88342,-13.32033],[-47.88277,-13.31953],[-47.88143,-13.31956],[-47.88054,-13.31834],[-47.8798,-13.31996],[-47.87859,-13.31923],[-47.87823,-13.3186],[-47.87601,-13.3192],[-47.87406,-13.32049],[-47.87178,-13.31959],[-47.86953,-13.31904],[-47.86743,-13.31782],[-47.86667,-13.31703],[-47.86737,-13.31561],[-47.8658,-13.31437],[-47.86469,-13.31424],[-47.86363,-13.31457],[-47.86184,-13.31436],[-47.86057,-13.31389],[-47.85895,-13.31453],[-47.85779,-13.31412],[-47.85601,-13.31474],[-47.85476,-13.31425],[-47.85348,-13.31504],[-47.84904,-13.31601],[-47.84888,-13.31674],[-47.84752,-13.31749],[-47.84681,-13.31721],[-47.84557,-13.31808],[-47.84409,-13.31834],[-47.84222,-13.31726],[-47.8399,-13.31741],[-47.83772,-13.31543],[-47.83681,-13.31487],[-47.83558,-13.31511],[-47.83497,-13.31433],[-47.83369,-13.31465],[-47.83186,-13.31402],[-47.83132,-13.31431],[-47.82946,-13.31322],[-47.82775,-13.31315],[-47.82596,-13.31236],[-47.8236,-13.31171],[-47.82106,-13.31233],[-47.82026,-13.31302],[-47.81865,-13.31375],[-47.81846,-13.31436],[-47.81707,-13.31593],[-47.81675,-13.31735],[-47.8158,-13.31779],[-47.814,-13.31783],[-47.81211,-13.31901],[-47.81133,-13.31902],[-47.80969,-13.32001],[-47.80898,-13.32141],[-47.80924,-13.32298],[-47.80891,-13.32413],[-47.80823,-13.32476],[-47.80545,-13.32498],[-47.80352,-13.32677],[-47.80046,-13.32791],[-47.79823,-13.32898],[-47.76422,-13.36893],[-47.73607,-13.40201],[-47.67975,-13.46817],[-47.6779,-13.46688],[-47.67713,-13.46595],[-47.6771,-13.46411],[-47.67662,-13.46104],[-47.67736,-13.45921],[-47.67734,-13.45745],[-47.67654,-13.45706],[-47.67612,-13.45594],[-47.67638,-13.45192],[-47.67594,-13.45057],[-47.67467,-13.44917],[-47.67347,-13.44623],[-47.67248,-13.44491],[-47.67215,-13.44355],[-47.67099,-13.44127],[-47.66958,-13.44048],[-47.66848,-13.43887],[-47.66635,-13.43644],[-47.66468,-13.43581],[-47.66285,-13.43432],[-47.66239,-13.43369],[-47.66071,-13.43392],[-47.6609,-13.4329],[-47.66019,-13.43089],[-47.65961,-13.42996],[-47.65868,-13.42934],[-47.65735,-13.42947],[-47.65564,-13.42868],[-47.65591,-13.42714],[-47.65537,-13.42609],[-47.65552,-13.4248],[-47.65397,-13.4237],[-47.65348,-13.42189],[-47.65365,-13.42064],[-47.65453,-13.42],[-47.65529,-13.41853],[-47.65434,-13.41519],[-47.65305,-13.41456],[-47.65212,-13.41343],[-47.65066,-13.41041],[-47.64855,-13.40715],[-47.64704,-13.40553],[-47.6464,-13.40532],[-47.64366,-13.40578],[-47.64281,-13.40537],[-47.6428,-13.40435],[-47.64221,-13.40274],[-47.6412,-13.40201],[-47.63956,-13.39742],[-47.63939,-13.39489],[-47.63838,-13.39397],[-47.63806,-13.39231],[-47.63819,-13.39095],[-47.6377,-13.38982],[-47.63617,-13.39007],[-47.63506,-13.39065],[-47.63443,-13.39155],[-47.63259,-13.39131],[-47.63227,-13.39017],[-47.63269,-13.38906],[-47.6318,-13.38756],[-47.63059,-13.38852],[-47.62996,-13.38819],[-47.62934,-13.38634],[-47.62781,-13.38626],[-47.62675,-13.38555],[-47.62646,-13.38458],[-47.62669,-13.38367],[-47.62599,-13.38174],[-47.62528,-13.38084],[-47.62449,-13.37905],[-47.62459,-13.37797],[-47.62406,-13.37606],[-47.62466,-13.37552],[-47.62568,-13.3735],[-47.62462,-13.37223],[-47.62367,-13.37154],[-47.62383,-13.37057],[-47.62276,-13.37004],[-47.62235,-13.36872],[-47.62413,-13.36728],[-47.62487,-13.36736],[-47.6253,-13.36859],[-47.62617,-13.36883],[-47.62742,-13.36781],[-47.62851,-13.36577],[-47.62925,-13.36561],[-47.6316,-13.36582],[-47.63318,-13.36521],[-47.63643,-13.36554],[-47.63806,-13.36443],[-47.63801,-13.36274],[-47.63913,-13.36144],[-47.64141,-13.36164],[-47.64207,-13.36146],[-47.64307,-13.36045],[-47.64239,-13.35766],[-47.64268,-13.35613],[-47.64553,-13.35432],[-47.64941,-13.35025],[-47.65014,-13.34878],[-47.64887,-13.34414],[-47.64874,-13.34223],[-47.64899,-13.34139],[-47.65027,-13.34007],[-47.65126,-13.3374],[-47.65187,-13.33432],[-47.65339,-13.33277],[-47.65361,-13.33033],[-47.654,-13.32885],[-47.65269,-13.32546],[-47.65318,-13.32448],[-47.65565,-13.32379],[-47.65611,-13.32325],[-47.65518,-13.32147],[-47.65343,-13.3202],[-47.65314,-13.31927],[-47.65347,-13.31668],[-47.65339,-13.31478],[-47.65415,-13.31185],[-47.65619,-13.30929],[-47.65822,-13.30578],[-47.65936,-13.30454],[-47.66119,-13.30362],[-47.66112,-13.30251],[-47.65766,-13.3028],[-47.65699,-13.30227],[-47.65633,-13.30054],[-47.65678,-13.2994],[-47.6566,-13.29782],[-47.65697,-13.29689],[-47.65846,-13.29502],[-47.65831,-13.2941],[-47.65744,-13.29322],[-47.6569,-13.29198],[-47.65639,-13.28921],[-47.6557,-13.28822],[-47.65502,-13.28602],[-47.65498,-13.28454],[-47.65601,-13.28256],[-47.65573,-13.28108],[-47.65633,-13.27824],[-47.65592,-13.27645],[-47.65508,-13.2758],[-47.6532,-13.27603],[-47.65143,-13.27539],[-47.64843,-13.27478],[-47.64787,-13.27422],[-47.64777,-13.27169],[-47.64745,-13.27097],[-47.64493,-13.27042],[-47.6436,-13.26957],[-47.64352,-13.26907],[-47.64471,-13.26838],[-47.64505,-13.26701],[-47.64234,-13.26509],[-47.63966,-13.26429],[-47.64038,-13.26265],[-47.64108,-13.26013],[-47.64247,-13.25771],[-47.64441,-13.25489],[-47.64518,-13.25223],[-47.64593,-13.25126],[-47.64764,-13.25005],[-47.6477,-13.24785],[-47.64796,-13.24672],[-47.64723,-13.2443],[-47.64617,-13.24238],[-47.64681,-13.24116],[-47.64749,-13.24175],[-47.64862,-13.24145],[-47.64927,-13.23955],[-47.65013,-13.23784],[-47.65345,-13.23512],[-47.65603,-13.23507],[-47.6568,-13.23427],[-47.6561,-13.23247],[-47.65431,-13.23197],[-47.65371,-13.23053],[-47.65293,-13.22972],[-47.65392,-13.22691],[-47.65458,-13.22556],[-47.65472,-13.22406],[-47.6543,-13.21927],[-47.65468,-13.21892],[-47.65627,-13.21949],[-47.65819,-13.21893],[-47.66016,-13.21946],[-47.66076,-13.21938],[-47.66167,-13.2179],[-47.66245,-13.2178],[-47.66365,-13.2185],[-47.66509,-13.21843],[-47.66562,-13.21719],[-47.66405,-13.21681],[-47.66419,-13.21505],[-47.66399,-13.21374],[-47.66467,-13.21274],[-47.66654,-13.21214],[-47.6676,-13.21088],[-47.66685,-13.20835],[-47.66622,-13.2079],[-47.66445,-13.2078],[-47.66328,-13.20826],[-47.66175,-13.20808],[-47.6602,-13.20731],[-47.66055,-13.20557],[-47.66204,-13.20433],[-47.66315,-13.20422],[-47.66426,-13.20352],[-47.66412,-13.20131],[-47.6627,-13.20014],[-47.66198,-13.20018],[-47.66025,-13.19945],[-47.65993,-13.19883],[-47.66023,-13.19766],[-47.66109,-13.19725],[-47.66422,-13.19668],[-47.66456,-13.19524],[-47.66404,-13.19431],[-47.66062,-13.19203],[-47.65892,-13.19199],[-47.65814,-13.19342],[-47.65693,-13.19296],[-47.65781,-13.19045],[-47.65786,-13.18953],[-47.65597,-13.18818],[-47.65441,-13.18645],[-47.65433,-13.18584],[-47.65643,-13.18548],[-47.65704,-13.1844],[-47.6561,-13.18212],[-47.65565,-13.18042],[-47.65448,-13.17873],[-47.65423,-13.17709],[-47.65488,-13.17551],[-47.65548,-13.17533],[-47.65733,-13.17605],[-47.65919,-13.1757],[-47.65923,-13.17355],[-47.66016,-13.17152],[-47.66208,-13.17045],[-47.66345,-13.17083],[-47.6637,-13.17236],[-47.66489,-13.17283],[-47.66617,-13.17266],[-47.66654,-13.17157],[-47.66642,-13.17061],[-47.66684,-13.16973],[-47.66879,-13.16841],[-47.66899,-13.16684],[-47.66828,-13.16604],[-47.66581,-13.16507],[-47.66512,-13.16397],[-47.66245,-13.16237],[-47.66185,-13.16118],[-47.66013,-13.15901],[-47.65883,-13.15807],[-47.65686,-13.15836],[-47.65491,-13.1584],[-47.65351,-13.1579],[-47.65461,-13.15485],[-47.65452,-13.15399],[-47.65321,-13.15243],[-47.65232,-13.15048],[-47.65132,-13.14963],[-47.64988,-13.15016],[-47.64817,-13.15019],[-47.64684,-13.15055],[-47.64537,-13.15047],[-47.64393,-13.14976],[-47.64455,-13.14728],[-47.64389,-13.14597],[-47.64283,-13.145],[-47.64314,-13.14441],[-47.64547,-13.14424],[-47.64598,-13.14329],[-47.64845,-13.13979],[-47.64666,-13.1399],[-47.64586,-13.13925],[-47.64533,-13.13802],[-47.64733,-13.13543],[-47.64678,-13.13391],[-47.6474,-13.13314],[-47.6488,-13.13324],[-47.64975,-13.13235],[-47.64939,-13.13161],[-47.64542,-13.12876],[-47.64511,-13.1271],[-47.64585,-13.12482],[-47.64675,-13.12355],[-47.64646,-13.12264],[-47.64682,-13.12198],[-47.64632,-13.12045],[-47.64251,-13.1168],[-47.63854,-13.11538],[-47.63497,-13.11393],[-47.63393,-13.11271],[-47.63466,-13.10944],[-47.6345,-13.10803],[-47.63459,-13.10498],[-47.63421,-13.10314],[-47.63677,-13.09617],[-47.6392,-13.09398],[-47.6402,-13.09331],[-47.64303,-13.09272],[-47.64529,-13.09341],[-47.64692,-13.09474],[-47.64822,-13.09628],[-47.64834,-13.098],[-47.64995,-13.09903],[-47.65134,-13.10109],[-47.65265,-13.10169],[-47.65463,-13.10303],[-47.65668,-13.10339],[-47.66061,-13.10359],[-47.66149,-13.10343],[-47.66419,-13.10221],[-47.66779,-13.09924],[-47.67103,-13.09733],[-47.67571,-13.09343],[-47.67789,-13.09188],[-47.68228,-13.08926],[-47.68367,-13.08832],[-47.68545,-13.08618],[-47.68601,-13.08483],[-47.68731,-13.07541],[-47.68776,-13.07436],[-47.68926,-13.0724],[-47.69016,-13.07069],[-47.69057,-13.06904],[-47.69065,-13.06587],[-47.69113,-13.06464],[-47.69206,-13.06329],[-47.69378,-13.06178],[-47.69623,-13.06068],[-47.70104,-13.05988],[-47.70256,-13.05986],[-47.70592,-13.06031],[-47.70946,-13.06018],[-47.7128,-13.0597],[-47.71535,-13.05883],[-47.71795,-13.05659],[-47.72043,-13.05505],[-47.72236,-13.05284],[-47.72411,-13.05109],[-47.72732,-13.04714],[-47.72761,-13.04541],[-47.72806,-13.04478],[-47.72954,-13.0441],[-47.73217,-13.0442],[-47.7348,-13.04536],[-47.73576,-13.04688],[-47.73599,-13.0484],[-47.73665,-13.04988],[-47.73896,-13.05237],[-47.74028,-13.05355],[-47.74245,-13.05478],[-47.7453,-13.0558],[-47.74761,-13.05591],[-47.74865,-13.05544],[-47.75,-13.05285],[-47.75183,-13.05026],[-47.75259,-13.04821],[-47.75227,-13.04571],[-47.75225,-13.0441],[-47.75274,-13.04262],[-47.75388,-13.04116],[-47.75591,-13.04001],[-47.75798,-13.03846],[-47.75925,-13.03697],[-47.75978,-13.03527],[-47.76134,-13.03385],[-47.76158,-13.03205],[-47.76253,-13.02887],[-47.76319,-13.02807],[-47.7641,-13.0278],[-47.76496,-13.02647],[-47.76659,-13.02565],[-47.7713,-13.0241],[-47.77331,-13.02233],[-47.77461,-13.02204],[-47.77556,-13.01813],[-47.7755,-13.01605],[-47.7752,-13.01397],[-47.77584,-13.01122],[-47.77754,-13.00837],[-47.77878,-13.00409],[-47.77989,-12.99888],[-47.77982,-12.99784],[-47.77836,-12.99441],[-47.7766,-12.99133],[-47.77549,-12.98892],[-47.77456,-12.98642],[-47.77362,-12.98528],[-47.77194,-12.98405],[-47.77043,-12.9836],[-47.76862,-12.98351],[-47.76637,-12.98446],[-47.76504,-12.98652],[-47.76216,-12.98861],[-47.75969,-12.98964],[-47.75779,-12.98998],[-47.75688,-12.98986],[-47.75409,-12.98897],[-47.75203,-12.98883],[-47.75024,-12.98915],[-47.74662,-12.99248],[-47.74411,-12.9942],[-47.74184,-12.99533],[-47.7382,-12.99626],[-47.73222,-12.9967],[-47.72976,-12.99635],[-47.72898,-12.99577],[-47.72734,-12.99371],[-47.72522,-12.99174],[-47.72206,-12.99012],[-47.72039,-12.98861],[-47.72006,-12.98782],[-47.71975,-12.98283],[-47.7199,-12.98174],[-47.72057,-12.98068],[-47.72162,-12.97971],[-47.72571,-12.97253],[-47.72626,-12.97133],[-47.72668,-12.96929],[-47.72626,-12.96778],[-47.72641,-12.96666],[-47.72605,-12.96398],[-47.72653,-12.95759],[-47.72636,-12.95597],[-47.72655,-12.95419],[-47.72964,-12.94627],[-47.73216,-12.94174],[-47.73408,-12.93913],[-47.73965,-12.93476],[-47.74233,-12.93279],[-47.74405,-12.93006],[-47.74612,-12.92798],[-47.74744,-12.92411],[-47.74823,-12.9196],[-47.74714,-12.91731],[-47.74673,-12.91581],[-47.74661,-12.91189],[-47.74689,-12.91071],[-47.74808,-12.90783],[-47.75,-12.90495],[-47.75013,-12.90445],[-47.7543,-12.90046],[-47.7565,-12.89942],[-47.75889,-12.89934],[-47.76114,-12.89987],[-47.7638,-12.90157],[-47.76712,-12.90278],[-47.77294,-12.90105],[-47.77776,-12.9018],[-47.77893,-12.90177],[-47.78429,-12.90065],[-47.78769,-12.90083],[-47.78873,-12.90136],[-47.78924,-12.90276],[-47.79025,-12.90432],[-47.79125,-12.90693],[-47.79153,-12.90904],[-47.79225,-12.90973],[-47.79198,-12.91245],[-47.79256,-12.91438],[-47.79381,-12.91487],[-47.79611,-12.91532],[-47.79861,-12.91538],[-47.80246,-12.91452],[-47.80524,-12.91269],[-47.80778,-12.9106],[-47.80898,-12.90999],[-47.81126,-12.90983],[-47.81359,-12.91],[-47.81632,-12.91002],[-47.81845,-12.90933],[-47.82112,-12.90794],[-47.82162,-12.90745],[-47.82282,-12.90501],[-47.82376,-12.90353],[-47.82388,-12.9019],[-47.82357,-12.90099],[-47.82365,-12.89821],[-47.82435,-12.89152],[-47.82479,-12.88909],[-47.82428,-12.88686],[-47.82248,-12.88458],[-47.8201,-12.88303],[-47.81868,-12.88143],[-47.8179,-12.87958],[-47.81861,-12.87501],[-47.8175,-12.87329],[-47.8177,-12.87193],[-47.81736,-12.87016],[-47.81587,-12.86834],[-47.81442,-12.86622],[-47.81332,-12.86263],[-47.81235,-12.85999],[-47.81101,-12.85513],[-47.80944,-12.8522],[-47.80852,-12.84999],[-47.80694,-12.84802],[-47.80554,-12.84699],[-47.80472,-12.84532],[-47.80365,-12.84177],[-47.80526,-12.84185],[-47.80883,-12.84145],[-47.80979,-12.84114],[-47.81346,-12.84189],[-47.81495,-12.84172],[-47.8179,-12.84265],[-47.81912,-12.84256],[-47.81907,-12.84342],[-47.82037,-12.84481],[-47.8214,-12.84524],[-47.82246,-12.84445],[-47.82443,-12.84394],[-47.82506,-12.84411],[-47.82532,-12.84528],[-47.82397,-12.84696],[-47.82462,-12.84878],[-47.82274,-12.84926],[-47.82326,-12.85037],[-47.82406,-12.85081],[-47.82532,-12.85003],[-47.82688,-12.84978],[-47.829,-12.85028],[-47.83003,-12.85026],[-47.83132,-12.84932],[-47.83225,-12.84941],[-47.83235,-12.85119],[-47.83295,-12.85313],[-47.83507,-12.85463],[-47.83532,-12.85593],[-47.83388,-12.8572],[-47.83501,-12.85818],[-47.83595,-12.85844],[-47.83643,-12.86],[-47.83557,-12.86086],[-47.83466,-12.86239],[-47.83486,-12.86278],[-47.83691,-12.86411],[-47.83626,-12.86588],[-47.83717,-12.86712],[-47.83888,-12.86784],[-47.83937,-12.86872],[-47.83924,-12.86992],[-47.83949,-12.87122],[-47.83803,-12.87187],[-47.83693,-12.87413],[-47.83644,-12.87608],[-47.83754,-12.87902],[-47.83704,-12.88079],[-47.83649,-12.88169],[-47.83709,-12.88341],[-47.83831,-12.88395],[-47.83858,-12.88455],[-47.83985,-12.88453],[-47.84099,-12.88746],[-47.84213,-12.88828],[-47.84152,-12.88876],[-47.83953,-12.88861],[-47.83912,-12.88949],[-47.83805,-12.88997],[-47.83868,-12.89089],[-47.84192,-12.89252],[-47.84256,-12.89251],[-47.84401,-12.89322],[-47.84403,-12.89485],[-47.84354,-12.89563],[-47.84375,-12.89736],[-47.84422,-12.89865],[-47.84283,-12.89856],[-47.84239,-12.89981],[-47.84279,-12.90018],[-47.84437,-12.90012],[-47.84402,-12.90164],[-47.8428,-12.90241],[-47.84232,-12.90192],[-47.84116,-12.90264],[-47.84087,-12.90396],[-47.84219,-12.90467],[-47.84214,-12.90555],[-47.84119,-12.9062],[-47.84105,-12.90748],[-47.84162,-12.90813],[-47.84293,-12.90832],[-47.84366,-12.90723],[-47.84513,-12.9082],[-47.84489,-12.90978],[-47.84589,-12.90986],[-47.84573,-12.91177],[-47.84501,-12.91223],[-47.84507,-12.91302],[-47.84657,-12.91302],[-47.84695,-12.91457],[-47.84791,-12.91452],[-47.84905,-12.91498],[-47.85109,-12.91459],[-47.85194,-12.91534],[-47.85228,-12.91654],[-47.85331,-12.91725],[-47.85449,-12.91714],[-47.85587,-12.91777],[-47.85589,-12.91841],[-47.85496,-12.91977],[-47.85542,-12.92071],[-47.85703,-12.92096],[-47.85733,-12.92199],[-47.85818,-12.92316],[-47.8569,-12.92342],[-47.8564,-12.92475],[-47.85534,-12.92541],[-47.85531,-12.92663],[-47.85603,-12.9276],[-47.85559,-12.92837],[-47.85654,-12.93045],[-47.85688,-12.93174],[-47.85636,-12.93229],[-47.85552,-12.93146],[-47.85375,-12.93285],[-47.85464,-12.93544],[-47.8553,-12.93613],[-47.85483,-12.93796],[-47.85165,-12.93792],[-47.85129,-12.93858],[-47.8514,-12.94025],[-47.85183,-12.942],[-47.8508,-12.94254],[-47.85074,-12.94384],[-47.85186,-12.94468],[-47.8504,-12.94622],[-47.85071,-12.94696],[-47.85043,-12.94827],[-47.84859,-12.95042],[-47.84756,-12.95055],[-47.84676,-12.95198],[-47.84804,-12.95523],[-47.84755,-12.95592],[-47.84577,-12.9561],[-47.84557,-12.95738],[-47.84597,-12.95933],[-47.8452,-12.96029],[-47.84403,-12.96259],[-47.84351,-12.96315],[-47.84183,-12.96304],[-47.84195,-12.96396],[-47.84281,-12.9653],[-47.84238,-12.9662],[-47.84114,-12.9668],[-47.84317,-12.96823],[-47.84413,-12.96839],[-47.84643,-12.96965],[-47.84719,-12.97118],[-47.8494,-12.97283],[-47.85015,-12.97263],[-47.85095,-12.97321],[-47.85134,-12.97528],[-47.85196,-12.97619],[-47.85212,-12.97788],[-47.85254,-12.9792],[-47.8522,-12.98136],[-47.85292,-12.98133],[-47.85366,-12.98045],[-47.85392,-12.97941],[-47.85476,-12.97963],[-47.85468,-12.98234],[-47.85519,-12.98418],[-47.85723,-12.98311],[-47.85854,-12.98291],[-47.85863,-12.98379],[-47.8593,-12.98478],[-47.85891,-12.98606],[-47.86152,-12.98649],[-47.86223,-12.98764],[-47.8621,-12.98975],[-47.86271,-12.99026],[-47.86287,-12.99241],[-47.86361,-12.99341],[-47.86546,-12.99392],[-47.86568,-12.99519],[-47.86311,-12.99781],[-47.86538,-12.99889],[-47.86764,-13.002],[-47.86816,-13.00307],[-47.86742,-13.00399],[-47.86781,-13.00553],[-47.86748,-13.0072],[-47.86896,-13.008],[-47.86953,-13.00928],[-47.8696,-13.01045],[-47.86918,-13.0118],[-47.86961,-13.01402],[-47.8682,-13.01452],[-47.86823,-13.01577],[-47.86962,-13.01565],[-47.87026,-13.01708],[-47.87369,-13.01971],[-47.87375,-13.02131],[-47.87267,-13.02182],[-47.87144,-13.0213],[-47.87021,-13.02214],[-47.86756,-13.02341],[-47.86678,-13.02427],[-47.86511,-13.02478],[-47.86502,-13.02567],[-47.86361,-13.02641],[-47.86421,-13.02763],[-47.86329,-13.02915],[-47.86342,-13.02964],[-47.86483,-13.03015],[-47.86468,-13.03135],[-47.86746,-13.03256],[-47.86828,-13.03524],[-47.87038,-13.03683],[-47.87064,-13.03906],[-47.87147,-13.04109],[-47.87134,-13.04144],[-47.86911,-13.04295],[-47.86876,-13.04359],[-47.86906,-13.04618],[-47.87067,-13.04603],[-47.87157,-13.04699],[-47.86922,-13.05056],[-47.86968,-13.05245],[-47.86932,-13.05339],[-47.86702,-13.05359],[-47.86716,-13.05522],[-47.86681,-13.05744],[-47.86596,-13.05776],[-47.86544,-13.05875],[-47.86529,-13.06053],[-47.8655,-13.0619],[-47.86613,-13.06364],[-47.86826,-13.06468],[-47.86804,-13.06564],[-47.86871,-13.06733],[-47.86633,-13.06774],[-47.86546,-13.06689],[-47.86355,-13.06563],[-47.8626,-13.06704],[-47.86141,-13.06656],[-47.85903,-13.06673],[-47.85769,-13.06557],[-47.85681,-13.06569],[-47.85745,-13.06771],[-47.85544,-13.06716],[-47.85524,-13.06884],[-47.8547,-13.07045],[-47.85671,-13.07227],[-47.85694,-13.07381],[-47.8554,-13.07418],[-47.85286,-13.07577],[-47.85186,-13.07541],[-47.85093,-13.07569],[-47.85085,-13.07719],[-47.85166,-13.07807],[-47.85149,-13.07873],[-47.85188,-13.08006],[-47.85096,-13.08023],[-47.85033,-13.07978],[-47.84906,-13.08052],[-47.84876,-13.08369],[-47.85035,-13.08467],[-47.85233,-13.08673],[-47.85177,-13.0889],[-47.85234,-13.0904],[-47.85158,-13.09193],[-47.85203,-13.09439],[-47.85356,-13.09567],[-47.85356,-13.09654],[-47.85475,-13.09684],[-47.85646,-13.09797],[-47.85745,-13.099],[-47.85933,-13.09982],[-47.8609,-13.1],[-47.8632,-13.10171],[-47.86417,-13.10204],[-47.86536,-13.10527],[-47.86673,-13.10624],[-47.86802,-13.10831],[-47.86769,-13.11149],[-47.86794,-13.11352],[-47.86833,-13.11412],[-47.87058,-13.11549],[-47.87098,-13.11675],[-47.8732,-13.11911],[-47.87353,-13.11985],[-47.8758,-13.11982],[-47.87588,-13.1187],[-47.87649,-13.11831],[-47.87734,-13.11641],[-47.87885,-13.11583],[-47.87921,-13.1147],[-47.88016,-13.11438],[-47.88233,-13.11505],[-47.88259,-13.11444],[-47.88434,-13.11484],[-47.88752,-13.11513],[-47.88892,-13.1151],[-47.89061,-13.1167],[-47.89234,-13.11673],[-47.89346,-13.11733],[-47.89484,-13.11858],[-47.89507,-13.12146],[-47.89644,-13.121],[-47.89753,-13.1215],[-47.89717,-13.12225],[-47.89749,-13.12428],[-47.89915,-13.1239],[-47.8999,-13.12414],[-47.90112,-13.12281],[-47.90156,-13.12175],[-47.90483,-13.12004],[-47.90582,-13.12102],[-47.9057,-13.12168],[-47.90628,-13.1226],[-47.90962,-13.12093],[-47.91049,-13.12105],[-47.91128,-13.11965],[-47.91383,-13.11805],[-47.91576,-13.11867],[-47.91644,-13.11853],[-47.91815,-13.11973],[-47.91988,-13.11981],[-47.9199,-13.12026],[-47.92148,-13.12057],[-47.92257,-13.12004],[-47.92397,-13.12147],[-47.92555,-13.12143],[-47.92591,-13.12243],[-47.92796,-13.12368],[-47.92868,-13.12486],[-47.92876,-13.1257],[-47.92943,-13.12636],[-47.93057,-13.12867],[-47.93151,-13.12933],[-47.93221,-13.13119],[-47.93277,-13.13168],[-47.93266,-13.13482],[-47.92986,-13.18191],[-47.92637,-13.2406],[-47.92884,-13.24252],[-47.93066,-13.24273],[-47.93202,-13.24142],[-47.93454,-13.24121],[-47.93591,-13.24214],[-47.93754,-13.24166],[-47.93879,-13.24056],[-47.94044,-13.24041],[-47.94134,-13.24117],[-47.94309,-13.24144],[-47.94434,-13.24081],[-47.94613,-13.24027],[-47.94704,-13.23923],[-47.94832,-13.23857],[-47.94837,-13.23811],[-47.94975,-13.23725],[-47.95103,-13.23844],[-47.95256,-13.23839],[-47.95335,-13.23789],[-47.95472,-13.23877],[-47.95546,-13.2383],[-47.95665,-13.24016],[-47.95717,-13.24148],[-47.95887,-13.24197],[-47.95945,-13.24158],[-47.96026,-13.24209],[-47.96117,-13.24183],[-47.96163,-13.24282],[-47.96536,-13.24226],[-47.96591,-13.24093],[-47.96637,-13.2377],[-47.96741,-13.23687],[-47.9691,-13.23682],[-47.96996,-13.23641],[-47.97046,-13.23709],[-47.97238,-13.23697],[-47.97353,-13.2375],[-47.9747,-13.2376],[-47.97549,-13.23659],[-47.97539,-13.23572],[-47.97607,-13.23506],[-47.97769,-13.23546],[-47.98053,-13.23725],[-47.98254,-13.23645],[-47.98367,-13.23563],[-47.98393,-13.23499],[-47.98504,-13.23454],[-47.9858,-13.2337],[-47.98847,-13.23402],[-47.98962,-13.2332],[-47.99109,-13.23287],[-47.99232,-13.23138],[-47.99399,-13.23194],[-47.99433,-13.23306],[-47.9957,-13.23179],[-47.99604,-13.23096],[-47.99723,-13.23109],[-47.99848,-13.23173],[-47.99913,-13.23108],[-48.00121,-13.23133],[-48.00197,-13.23273],[-48.00352,-13.23226],[-48.00489,-13.23246],[-48.00564,-13.23176],[-48.00756,-13.23315],[-48.00853,-13.23332],[-48.0097,-13.23257],[-48.00852,-13.23217],[-48.00823,-13.23147],[-48.00924,-13.23054],[-48.0119,-13.22993],[-48.01334,-13.22934],[-48.01439,-13.22936],[-48.01532,-13.22851],[-48.01581,-13.22714],[-48.0169,-13.22514],[-48.01864,-13.22079],[-48.01813,-13.22013],[-48.01913,-13.21855],[-48.02005,-13.21863],[-48.02097,-13.21664],[-48.02187,-13.21681],[-48.02233,-13.21603],[-48.02389,-13.21761],[-48.02485,-13.21632],[-48.02561,-13.21584],[-48.02648,-13.21625],[-48.02576,-13.21766],[-48.02508,-13.21996],[-48.02546,-13.22093],[-48.02696,-13.21981],[-48.02862,-13.22053],[-48.02962,-13.22195],[-48.02894,-13.22407],[-48.02926,-13.22475],[-48.03051,-13.22451],[-48.03113,-13.22493],[-48.03062,-13.22634],[-48.03071,-13.22711],[-48.03145,-13.22816],[-48.02983,-13.23025],[-48.02915,-13.23067],[-48.03016,-13.23185],[-48.02983,-13.23271],[-48.03016,-13.23401],[-48.0329,-13.23539],[-48.03396,-13.2347],[-48.03462,-13.23289],[-48.03595,-13.23313],[-48.0376,-13.23289],[-48.03801,-13.23342],[-48.04011,-13.23482],[-48.0409,-13.23595],[-48.03994,-13.2374],[-48.04032,-13.23909],[-48.03959,-13.2414],[-48.04047,-13.24167],[-48.03941,-13.24309],[-48.03887,-13.2433],[-48.03961,-13.24506],[-48.03937,-13.24636],[-48.0406,-13.24737],[-48.04224,-13.2472],[-48.04352,-13.24758],[-48.04513,-13.24661],[-48.04639,-13.24676],[-48.04773,-13.24561],[-48.04869,-13.247],[-48.05054,-13.24745],[-48.05155,-13.24425],[-48.05386,-13.24304],[-48.05462,-13.24314]]]},"properties":{"codigo":"171620815","name":"Campo Alegre","population":954,"households":636,"areaKm2":1245.5964,"density":0.8}}]}