{"type":"FeatureCollection","features":[{"type":"Feature","geometry":{"type":"Polygon","coordinates":[[[-44.13334,-19.94385],[-44.13432,-19.94406],[-44.13628,-19.94517],[-44.13722,-19.94674],[-44.13837,-19.94887],[-44.13689,-19.94979],[-44.13618,-19.95053],[-44.13515,-19.94927],[-44.13419,-19.94887],[-44.13322,-19.94875],[-44.12995,-19.94889],[-44.129,-19.94881],[-44.12725,-19.94819],[-44.12552,-19.94819],[-44.125,-19.94806],[-44.12397,-19.94745],[-44.12129,-19.94584],[-44.1206,-19.94558],[-44.12102,-19.94349],[-44.12136,-19.94219],[-44.12153,-19.94155],[-44.12233,-19.94043],[-44.12186,-19.94014],[-44.12197,-19.93975],[-44.12316,-19.93801],[-44.12371,-19.93853],[-44.12485,-19.9391],[-44.1253,-19.93967],[-44.12723,-19.94198],[-44.12808,-19.94291],[-44.12863,-19.94324],[-44.12976,-19.94358],[-44.1315,-19.94384],[-44.13334,-19.94385]]]},"properties":{"codigo":"3106705105","name":"Laranjeiras","population":11120,"households":4879,"areaKm2":1.1425,"density":9733.2}},{"type":"Feature","geometry":{"type":"Polygon","coordinates":[[[-44.06945,-19.95896],[-44.06975,-19.95892],[-44.07309,-19.95897],[-44.07429,-19.95889],[-44.07523,-19.95865],[-44.07785,-19.95766],[-44.07864,-19.95752],[-44.0793,-19.95764],[-44.07982,-19.95797],[-44.08097,-19.95908],[-44.08167,-19.95955],[-44.08259,-19.95972],[-44.0862,-19.9596],[-44.09,-19.95922],[-44.09115,-19.95871],[-44.08706,-19.96773],[-44.08151,-19.96672],[-44.08126,-19.96643],[-44.08105,-19.96549],[-44.08045,-19.96556],[-44.08036,-19.96638],[-44.07953,-19.96816],[-44.07862,-19.9684],[-44.07765,-19.96823],[-44.07642,-19.96755],[-44.07568,-19.96734],[-44.0754,-19.96677],[-44.07349,-19.96438],[-44.0728,-19.9634],[-44.0714,-19.96266],[-44.07102,-19.96131],[-44.07046,-19.96055],[-44.0697,-19.9601],[-44.06945,-19.95896]]]},"properties":{"codigo":"3106705061","name":"D. I. Jardim Piemonte / Sul","population":28,"households":9,"areaKm2":1.6291,"density":17.2}},{"type":"Feature","geometry":{"type":"Polygon","coordinates":[[[-44.17655,-19.9129],[-44.17868,-19.91201],[-44.18048,-19.91112],[-44.18166,-19.91031],[-44.18231,-19.9101],[-44.18354,-19.91045],[-44.18515,-19.91186],[-44.18637,-19.91234],[-44.18713,-19.91187],[-44.1875,-19.91059],[-44.18871,-19.91083],[-44.18896,-19.91052],[-44.18965,-19.91075],[-44.18996,-19.91183],[-44.18959,-19.91288],[-44.18863,-19.91318],[-44.18744,-19.91394],[-44.18742,-19.91435],[-44.18693,-19.91511],[-44.18649,-19.91513],[-44.18624,-19.91576],[-44.18563,-19.91631],[-44.18527,-19.91628],[-44.18484,-19.91733],[-44.18461,-19.91872],[-44.18383,-19.91916],[-44.18396,-19.9202],[-44.18443,-19.92114],[-44.18397,-19.92306],[-44.18357,-19.92335],[-44.18165,-19.92396],[-44.18067,-19.92417],[-44.17984,-19.922],[-44.17949,-19.92053],[-44.17784,-19.91998],[-44.17829,-19.91972],[-44.17869,-19.9191],[-44.17861,-19.91854],[-44.17923,-19.91818],[-44.17942,-19.91738],[-44.17913,-19.91691],[-44.17919,-19.91642],[-44.17895,-19.91581],[-44.17832,-19.9152],[-44.17796,-19.91518],[-44.17655,-19.9129]]]},"properties":{"codigo":"3106705113","name":"Chácara Várzea das Flores","population":93,"households":47,"areaKm2":1.0453,"density":89}},{"type":"Feature","geometry":{"type":"Polygon","coordinates":[[[-44.17376,-19.97242],[-44.17418,-19.97139],[-44.17503,-19.9708],[-44.17691,-19.97133],[-44.17733,-19.97153],[-44.17843,-19.97285],[-44.17839,-19.97363],[-44.17766,-19.97355],[-44.17764,-19.97564],[-44.17777,-19.97677],[-44.17964,-19.97675],[-44.17993,-19.97789],[-44.17866,-19.97934],[-44.17824,-19.97994],[-44.17641,-19.98117],[-44.17638,-19.98208],[-44.17698,-19.98364],[-44.17707,-19.98469],[-44.17599,-19.98538],[-44.17548,-19.98604],[-44.1754,-19.9868],[-44.17072,-19.98654],[-44.17,-19.98644],[-44.16832,-19.9856],[-44.16631,-19.98399],[-44.16283,-19.98151],[-44.16464,-19.97926],[-44.16527,-19.97876],[-44.16558,-19.9793],[-44.16648,-19.97831],[-44.16638,-19.97811],[-44.16705,-19.97725],[-44.17036,-19.97819],[-44.17068,-19.97722],[-44.1711,-19.97667],[-44.17104,-19.97602],[-44.17128,-19.9751],[-44.17205,-19.97476],[-44.17364,-19.97369],[-44.17376,-19.97242]]]},"properties":{"codigo":"3106705120","name":"Monte Verde","population":1511,"households":586,"areaKm2":1.6302,"density":926.9}},{"type":"Feature","geometry":{"type":"Polygon","coordinates":[[[-44.22532,-19.97432],[-44.22562,-19.97435],[-44.22676,-19.97156],[-44.22762,-19.97115],[-44.22834,-19.97115],[-44.22982,-19.97071],[-44.23026,-19.97013],[-44.22954,-19.96988],[-44.22942,-19.96948],[-44.22977,-19.96876],[-44.23061,-19.96882],[-44.23168,-19.96852],[-44.2317,-19.9681],[-44.23264,-19.96742],[-44.23386,-19.96768],[-44.23465,-19.96724],[-44.23507,-19.96753],[-44.23529,-19.96855],[-44.23624,-19.96845],[-44.23672,-19.96889],[-44.23742,-19.96902],[-44.23737,-19.96855],[-44.23791,-19.96826],[-44.23837,-19.96856],[-44.2386,-19.96806],[-44.23904,-19.96808],[-44.23957,-19.96771],[-44.24067,-19.96736],[-44.2411,-19.96697],[-44.24226,-19.96672],[-44.24214,-19.96589],[-44.24285,-19.96575],[-44.24375,-19.96605],[-44.24412,-19.96529],[-44.24455,-19.96526],[-44.24538,-19.96604],[-44.24627,-19.96529],[-44.24662,-19.96539],[-44.2472,-19.96643],[-44.24813,-19.96638],[-44.24853,-19.96676],[-44.24986,-19.96675],[-44.25016,-19.96798],[-44.25083,-19.96967],[-44.25203,-19.96962],[-44.25162,-19.97032],[-44.25231,-19.97064],[-44.25217,-19.97136],[-44.25334,-19.9718],[-44.25357,-19.97257],[-44.25321,-19.97325],[-44.25319,-19.97469],[-44.25396,-19.97473],[-44.25453,-19.97503],[-44.25553,-19.97432],[-44.25608,-19.97497],[-44.25708,-19.97514],[-44.25757,-19.97542],[-44.25788,-19.97493],[-44.25943,-19.97427],[-44.25989,-19.97435],[-44.26092,-19.97349],[-44.26083,-19.97113],[-44.26133,-19.97061],[-44.26116,-19.96991],[-44.26172,-19.96971],[-44.26205,-19.9688],[-44.26299,-19.96796],[-44.26511,-19.96779],[-44.26551,-19.96843],[-44.26593,-19.96786],[-44.26645,-19.96785],[-44.26729,-19.96892],[-44.26796,-19.96875],[-44.26828,-19.96897],[-44.26787,-19.96974],[-44.26822,-19.96997],[-44.26928,-19.96969],[-44.26966,-19.97012],[-44.26929,-19.97048],[-44.26951,-19.97101],[-44.27111,-19.97152],[-44.27074,-19.9727],[-44.27137,-19.97285],[-44.27187,-19.97267],[-44.27207,-19.97204],[-44.27199,-19.97077],[-44.2726,-19.97048],[-44.27315,-19.97061],[-44.27386,-19.96955],[-44.27477,-19.96915],[-44.27543,-19.96753],[-44.27681,-19.9676],[-44.27929,-19.96727],[-44.27684,-19.96979],[-44.27631,-19.97067],[-44.2762,-19.97118],[-44.27619,-19.97253],[-44.27607,-19.97304],[-44.27464,-19.97345],[-44.27152,-19.97395],[-44.27072,-19.97401],[-44.2689,-19.97372],[-44.26758,-19.97324],[-44.26679,-19.97308],[-44.26529,-19.97303],[-44.26395,-19.97331],[-44.26296,-19.97375],[-44.25275,-19.97898],[-44.25097,-19.97987],[-44.24341,-19.98375],[-44.24211,-19.9842],[-44.24115,-19.98432],[-44.23986,-19.98425],[-44.2331,-19.9828],[-44.23217,-19.98254],[-44.23128,-19.98223],[-44.22656,-19.98026],[-44.22636,-19.98012],[-44.22614,-19.97976],[-44.2266,-19.97827],[-44.22602,-19.97703],[-44.22511,-19.97659],[-44.22519,-19.97571],[-44.22551,-19.97498],[-44.22532,-19.97432]]]},"properties":{"codigo":"3106705092","name":"Pingo D'Água","population":1089,"households":484,"areaKm2":5.4515,"density":199.8}},{"type":"Feature","geometry":{"type":"Polygon","coordinates":[[[-44.17027,-19.94936],[-44.17194,-19.94864],[-44.17194,-19.94828],[-44.17258,-19.94762],[-44.17312,-19.9458],[-44.17352,-19.94541],[-44.17448,-19.94359],[-44.17503,-19.9423],[-44.17543,-19.94153],[-44.17635,-19.94033],[-44.17699,-19.93992],[-44.17633,-19.93967],[-44.17763,-19.93804],[-44.17874,-19.93861],[-44.18019,-19.93834],[-44.18149,-19.93865],[-44.18046,-19.94202],[-44.18024,-19.94298],[-44.18128,-19.9446],[-44.18093,-19.94545],[-44.18144,-19.9467],[-44.18194,-19.94748],[-44.18183,-19.94774],[-44.18104,-19.94857],[-44.17901,-19.95104],[-44.17926,-19.95115],[-44.17896,-19.95294],[-44.17791,-19.95265],[-44.17698,-19.95186],[-44.17574,-19.95126],[-44.17488,-19.95101],[-44.1737,-19.95087],[-44.17201,-19.95036],[-44.17027,-19.94936]]]},"properties":{"codigo":"3106705050","name":"Niterói","population":9064,"households":3742,"areaKm2":1.0503,"density":8629.8}},{"type":"Feature","geometry":{"type":"Polygon","coordinates":[[[-44.24136,-19.95677],[-44.24016,-19.95616],[-44.23927,-19.95436],[-44.23964,-19.95418],[-44.23877,-19.95222],[-44.23984,-19.94868],[-44.23998,-19.94658],[-44.2403,-19.9439],[-44.23978,-19.94224],[-44.2403,-19.9411],[-44.24117,-19.94116],[-44.24208,-19.94028],[-44.24589,-19.94181],[-44.24651,-19.94277],[-44.24778,-19.94317],[-44.24901,-19.94303],[-44.24955,-19.94327],[-44.24989,-19.94403],[-44.24998,-19.94549],[-44.24985,-19.94697],[-44.24999,-19.94783],[-44.25032,-19.94815],[-44.25109,-19.94834],[-44.25214,-19.94821],[-44.25362,-19.94854],[-44.25411,-19.94879],[-44.25481,-19.94947],[-44.25488,-19.95],[-44.25463,-19.9505],[-44.25493,-19.95167],[-44.25472,-19.95287],[-44.2549,-19.95369],[-44.24884,-19.95593],[-44.24859,-19.95459],[-44.24802,-19.95385],[-44.2479,-19.95338],[-44.24646,-19.95334],[-44.24547,-19.95363],[-44.24456,-19.95404],[-44.24414,-19.95461],[-44.24281,-19.95573],[-44.2418,-19.95617],[-44.24136,-19.95677]]]},"properties":{"codigo":"3106705095","name":"Residencial Montserrat","population":610,"households":189,"areaKm2":1.902,"density":320.7}},{"type":"Feature","geometry":{"type":"Polygon","coordinates":[[[-44.20639,-19.96775],[-44.20493,-19.96868],[-44.20386,-19.96875],[-44.20322,-19.96974],[-44.20184,-19.96859],[-44.20136,-19.969],[-44.20066,-19.9701],[-44.19956,-19.97106],[-44.19812,-19.97297],[-44.19747,-19.97462],[-44.19669,-19.97561],[-44.19302,-19.97521],[-44.19034,-19.97504],[-44.19065,-19.97334],[-44.19148,-19.97174],[-44.19157,-19.97138],[-44.19166,-19.96911],[-44.19212,-19.96741],[-44.19206,-19.96615],[-44.19225,-19.96559],[-44.19302,-19.9645],[-44.1939,-19.96318],[-44.19457,-19.96364],[-44.19628,-19.96399],[-44.19701,-19.96446],[-44.1979,-19.9645],[-44.19857,-19.96388],[-44.19901,-19.96369],[-44.20025,-19.96378],[-44.20367,-19.96601],[-44.20639,-19.96775]]]},"properties":{"codigo":"3106705006","name":"Centro","population":2711,"households":1288,"areaKm2":1.2582,"density":2154.7}},{"type":"Feature","geometry":{"type":"Polygon","coordinates":[[[-44.27139,-19.91644],[-44.26994,-19.91736],[-44.26928,-19.91758],[-44.26644,-19.91818],[-44.26363,-19.91865],[-44.26318,-19.91862],[-44.26283,-19.9182],[-44.26284,-19.91748],[-44.26328,-19.91654],[-44.26342,-19.9155],[-44.26256,-19.9132],[-44.26196,-19.9121],[-44.26189,-19.91133],[-44.26154,-19.91087],[-44.26117,-19.90975],[-44.26216,-19.9088],[-44.26302,-19.90815],[-44.26574,-19.90821],[-44.26766,-19.90819],[-44.2687,-19.90826],[-44.269,-19.90896],[-44.26914,-19.90983],[-44.2694,-19.9103],[-44.27173,-19.9103],[-44.27171,-19.91081],[-44.27126,-19.91572],[-44.27139,-19.91644]]]},"properties":{"codigo":"3106705089","name":"Califórnia","population":329,"households":241,"areaKm2":0.9565,"density":344}},{"type":"Feature","geometry":{"type":"Polygon","coordinates":[[[-44.19302,-19.97521],[-44.19281,-19.97606],[-44.19206,-19.97718],[-44.19194,-19.97868],[-44.19144,-19.97949],[-44.19119,-19.98023],[-44.18897,-19.97994],[-44.18735,-19.9853],[-44.18669,-19.98417],[-44.18636,-19.98316],[-44.18629,-19.98241],[-44.18576,-19.98192],[-44.18509,-19.98167],[-44.1846,-19.98125],[-44.18429,-19.98038],[-44.18443,-19.98015],[-44.18589,-19.97944],[-44.1864,-19.97854],[-44.1864,-19.97746],[-44.1868,-19.97634],[-44.18776,-19.97551],[-44.18676,-19.97465],[-44.19034,-19.97504],[-44.19302,-19.97521]]]},"properties":{"codigo":"3106705016","name":"Jardim Casa Branca","population":1202,"households":549,"areaKm2":0.4726,"density":2543.4}},{"type":"Feature","geometry":{"type":"Polygon","coordinates":[[[-44.18688,-19.93179],[-44.1883,-19.9324],[-44.18926,-19.93344],[-44.19018,-19.93393],[-44.19078,-19.93414],[-44.18993,-19.93475],[-44.18967,-19.93571],[-44.18904,-19.93644],[-44.18868,-19.93749],[-44.18763,-19.93967],[-44.18767,-19.94],[-44.18677,-19.94084],[-44.18637,-19.94021],[-44.18363,-19.93747],[-44.18317,-19.93715],[-44.1813,-19.93705],[-44.18221,-19.93386],[-44.18221,-19.93342],[-44.18527,-19.93115],[-44.18688,-19.93179]]]},"properties":{"codigo":"3106705025","name":"Alto das Flores","population":2623,"households":949,"areaKm2":0.5648,"density":4644.2}},{"type":"Feature","geometry":{"type":"Polygon","coordinates":[[[-44.10724,-19.94809],[-44.10785,-19.94875],[-44.10697,-19.94899],[-44.10595,-19.95003],[-44.10538,-19.95021],[-44.1046,-19.95183],[-44.10345,-19.95192],[-44.1036,-19.95344],[-44.10205,-19.9533],[-44.09982,-19.95323],[-44.09926,-19.95111],[-44.10103,-19.95096],[-44.10099,-19.95022],[-44.10156,-19.94955],[-44.10297,-19.94892],[-44.10386,-19.94827],[-44.10442,-19.94826],[-44.10534,-19.94788],[-44.10724,-19.94809]]]},"properties":{"codigo":"3106705075","name":"Vila Boa Esperança","population":1554,"households":673,"areaKm2":0.2662,"density":5838}},{"type":"Feature","geometry":{"type":"Polygon","coordinates":[[[-44.19034,-19.97504],[-44.18676,-19.97465],[-44.18613,-19.97454],[-44.18516,-19.97397],[-44.18477,-19.97353],[-44.17954,-19.96715],[-44.17855,-19.96635],[-44.17789,-19.96605],[-44.17615,-19.9656],[-44.18038,-19.96634],[-44.18179,-19.96622],[-44.18283,-19.96597],[-44.18865,-19.96388],[-44.18995,-19.96382],[-44.19302,-19.9645],[-44.19225,-19.96559],[-44.19206,-19.96615],[-44.19212,-19.96741],[-44.19166,-19.96911],[-44.19157,-19.97138],[-44.19148,-19.97174],[-44.19065,-19.97334],[-44.19034,-19.97504]]]},"properties":{"codigo":"3106705012","name":"Filadélfia","population":5500,"households":2335,"areaKm2":1.1014,"density":4993.7}},{"type":"Feature","geometry":{"type":"Polygon","coordinates":[[[-44.13074,-19.93362],[-44.12976,-19.93377],[-44.12805,-19.93459],[-44.12638,-19.93588],[-44.12393,-19.93666],[-44.12279,-19.93734],[-44.12182,-19.93555],[-44.12384,-19.93406],[-44.12436,-19.93266],[-44.12505,-19.9329],[-44.12551,-19.93168],[-44.12622,-19.9304],[-44.12702,-19.92816],[-44.12751,-19.92698],[-44.12948,-19.92746],[-44.12923,-19.92685],[-44.12979,-19.92659],[-44.13138,-19.92657],[-44.1318,-19.92826],[-44.13166,-19.92924],[-44.1317,-19.93017],[-44.13195,-19.93077],[-44.13269,-19.93186],[-44.13289,-19.93325],[-44.13259,-19.93346],[-44.13074,-19.93362]]]},"properties":{"codigo":"3106705110","name":"São Luiz","population":6423,"households":2675,"areaKm2":0.6361,"density":10097.5}},{"type":"Feature","geometry":{"type":"Polygon","coordinates":[[[-44.21164,-19.95702],[-44.21237,-19.95688],[-44.21289,-19.95633],[-44.21439,-19.95663],[-44.21534,-19.95585],[-44.21556,-19.95496],[-44.2165,-19.95447],[-44.21713,-19.95376],[-44.21711,-19.95327],[-44.21744,-19.95295],[-44.21734,-19.95204],[-44.21761,-19.95148],[-44.21796,-19.95138],[-44.21842,-19.95067],[-44.21935,-19.95025],[-44.21942,-19.94981],[-44.22018,-19.94942],[-44.22176,-19.94936],[-44.22249,-19.94971],[-44.22316,-19.95031],[-44.22395,-19.95061],[-44.22474,-19.95006],[-44.22513,-19.95003],[-44.22609,-19.94888],[-44.22746,-19.94954],[-44.22763,-19.94916],[-44.2285,-19.94844],[-44.22899,-19.94834],[-44.23005,-19.94845],[-44.232,-19.94916],[-44.23201,-19.94955],[-44.23132,-19.94993],[-44.23063,-19.94992],[-44.22953,-19.94956],[-44.22878,-19.94948],[-44.22754,-19.94987],[-44.22694,-19.95042],[-44.22593,-19.95187],[-44.22547,-19.9523],[-44.22381,-19.95333],[-44.22347,-19.95402],[-44.22324,-19.955],[-44.22294,-19.95564],[-44.22223,-19.95643],[-44.22193,-19.95733],[-44.22191,-19.95986],[-44.22174,-19.96059],[-44.2212,-19.96112],[-44.22018,-19.96173],[-44.21973,-19.96231],[-44.21903,-19.96372],[-44.21879,-19.96294],[-44.21819,-19.96215],[-44.21775,-19.96154],[-44.21849,-19.9607],[-44.21846,-19.9602],[-44.21676,-19.96021],[-44.21653,-19.95991],[-44.21507,-19.95992],[-44.21477,-19.96023],[-44.21202,-19.95946],[-44.21202,-19.95833],[-44.21164,-19.95702]]]},"properties":{"codigo":"3106705119","name":"Guarujá Mansões","population":508,"households":266,"areaKm2":1.1417,"density":445}},{"type":"Feature","geometry":{"type":"Polygon","coordinates":[[[-44.19669,-19.97561],[-44.19839,-19.97582],[-44.19911,-19.9762],[-44.19949,-19.97662],[-44.19988,-19.97763],[-44.20015,-19.97885],[-44.20169,-19.98278],[-44.20306,-19.98586],[-44.20111,-19.98657],[-44.19782,-19.98756],[-44.19664,-19.98806],[-44.19638,-19.98834],[-44.19468,-19.98921],[-44.19261,-19.98983],[-44.19123,-19.98985],[-44.1904,-19.98974],[-44.18936,-19.98937],[-44.18708,-19.98829],[-44.18557,-19.98763],[-44.18634,-19.98715],[-44.18689,-19.98656],[-44.18735,-19.9853],[-44.18897,-19.97994],[-44.19119,-19.98023],[-44.19144,-19.97949],[-44.19194,-19.97868],[-44.19206,-19.97718],[-44.19281,-19.97606],[-44.19302,-19.97521],[-44.19669,-19.97561]]]},"properties":{"codigo":"3106705008","name":"Cidade Verde","population":2660,"households":1026,"areaKm2":1.8025,"density":1475.7}},{"type":"Feature","geometry":{"type":"Polygon","coordinates":[[[-44.15081,-19.95699],[-44.15013,-19.95641],[-44.14981,-19.95584],[-44.14977,-19.95523],[-44.15017,-19.9545],[-44.15183,-19.95327],[-44.15369,-19.952],[-44.15525,-19.95264],[-44.15835,-19.95106],[-44.16209,-19.95735],[-44.16255,-19.95733],[-44.16235,-19.95775],[-44.1608,-19.95913],[-44.16127,-19.96055],[-44.16104,-19.96157],[-44.1551,-19.96],[-44.15397,-19.95939],[-44.15238,-19.95799],[-44.15081,-19.95699]]]},"properties":{"codigo":"3106705042","name":"Dom Bosco","population":6705,"households":2803,"areaKm2":0.9042,"density":7415.4}},{"type":"Feature","geometry":{"type":"Polygon","coordinates":[[[-44.22441,-20.03856],[-44.2237,-20.03823],[-44.22304,-20.03757],[-44.22272,-20.03645],[-44.22279,-20.03539],[-44.22319,-20.03481],[-44.2221,-20.03482],[-44.22178,-20.03518],[-44.22068,-20.03519],[-44.21975,-20.03595],[-44.21959,-20.03716],[-44.21785,-20.03805],[-44.21638,-20.03759],[-44.21599,-20.03692],[-44.21489,-20.03669],[-44.21402,-20.03634],[-44.21358,-20.03713],[-44.21264,-20.0376],[-44.21239,-20.03849],[-44.21192,-20.03883],[-44.21123,-20.0385],[-44.21088,-20.03858],[-44.20931,-20.03745],[-44.20853,-20.03711],[-44.20763,-20.03698],[-44.20739,-20.03636],[-44.20642,-20.03566],[-44.20566,-20.03546],[-44.20527,-20.03489],[-44.20542,-20.0346],[-44.20618,-20.03421],[-44.20609,-20.03362],[-44.20636,-20.03309],[-44.20609,-20.03254],[-44.20729,-20.03231],[-44.20757,-20.03196],[-44.20848,-20.03176],[-44.20954,-20.0322],[-44.21027,-20.03038],[-44.21113,-20.02934],[-44.215,-20.02496],[-44.21562,-20.02583],[-44.21621,-20.02522],[-44.21679,-20.02488],[-44.21783,-20.02399],[-44.21932,-20.02357],[-44.22016,-20.02356],[-44.22127,-20.02334],[-44.22342,-20.02274],[-44.224,-20.02249],[-44.22505,-20.0217],[-44.22495,-20.02146],[-44.22598,-20.02067],[-44.22634,-20.02164],[-44.22676,-20.02277],[-44.2291,-20.02205],[-44.22956,-20.02233],[-44.23003,-20.0235],[-44.23057,-20.02443],[-44.23167,-20.02593],[-44.23253,-20.02689],[-44.23355,-20.02771],[-44.23464,-20.02861],[-44.23605,-20.03023],[-44.23479,-20.03134],[-44.23466,-20.03264],[-44.23226,-20.03236],[-44.23193,-20.03293],[-44.23247,-20.03326],[-44.23261,-20.03396],[-44.23241,-20.03459],[-44.23299,-20.03553],[-44.23398,-20.03603],[-44.2337,-20.03679],[-44.23436,-20.03744],[-44.23335,-20.0373],[-44.23275,-20.03703],[-44.23181,-20.03693],[-44.23049,-20.03739],[-44.22968,-20.03737],[-44.22807,-20.03686],[-44.22665,-20.03685],[-44.22586,-20.03728],[-44.22441,-20.03856]]]},"properties":{"codigo":"3106705079","name":"Citrolândia","population":12391,"households":4944,"areaKm2":3.7054,"density":3344}},{"type":"Feature","geometry":{"type":"Polygon","coordinates":[[[-44.19988,-19.97763],[-44.20115,-19.97736],[-44.20219,-19.97728],[-44.20316,-19.97702],[-44.20368,-19.97725],[-44.2049,-19.97864],[-44.20575,-19.9793],[-44.20568,-19.98026],[-44.20473,-19.98186],[-44.20362,-19.98216],[-44.20211,-19.98276],[-44.20169,-19.98278],[-44.20015,-19.97885],[-44.19988,-19.97763]]]},"properties":{"codigo":"3106705019","name":"Morada do Trevo","population":1606,"households":768,"areaKm2":0.2612,"density":6147.9}},{"type":"Feature","geometry":{"type":"Polygon","coordinates":[[[-44.288,-19.91264],[-44.28842,-19.91395],[-44.28825,-19.91449],[-44.28888,-19.9155],[-44.28907,-19.91666],[-44.28725,-19.9171],[-44.28612,-19.91781],[-44.28523,-19.91897],[-44.28322,-19.91971],[-44.28265,-19.92],[-44.28235,-19.92113],[-44.28236,-19.92213],[-44.28075,-19.92206],[-44.28036,-19.92241],[-44.27953,-19.92372],[-44.27871,-19.92435],[-44.27761,-19.9258],[-44.27628,-19.92638],[-44.27517,-19.92767],[-44.27476,-19.92828],[-44.27477,-19.92958],[-44.27413,-19.93096],[-44.2738,-19.93118],[-44.27436,-19.93206],[-44.27401,-19.93264],[-44.27426,-19.93337],[-44.27481,-19.93426],[-44.27328,-19.93597],[-44.27275,-19.93526],[-44.2716,-19.93505],[-44.27109,-19.93469],[-44.26919,-19.93011],[-44.26874,-19.92893],[-44.26875,-19.92823],[-44.26899,-19.92777],[-44.27087,-19.92537],[-44.2715,-19.92033],[-44.27171,-19.91971],[-44.2723,-19.91867],[-44.2725,-19.91783],[-44.27223,-19.91734],[-44.27156,-19.91667],[-44.27393,-19.91603],[-44.27542,-19.91556],[-44.27726,-19.91463],[-44.27814,-19.91374],[-44.28254,-19.91062],[-44.28366,-19.91058],[-44.28496,-19.91116],[-44.28599,-19.91146],[-44.28731,-19.91212],[-44.288,-19.91264]]]},"properties":{"codigo":"3106705090","name":"Marimbá","population":5711,"households":2517,"areaKm2":2.3572,"density":2422.8}},{"type":"Feature","geometry":{"type":"Polygon","coordinates":[[[-44.27607,-19.97304],[-44.27689,-19.9729],[-44.27698,-19.97385],[-44.27655,-19.97483],[-44.27524,-19.97604],[-44.27339,-19.97791],[-44.27232,-19.97925],[-44.27201,-19.97996],[-44.27218,-19.98042],[-44.27315,-19.98041],[-44.27414,-19.9807],[-44.27497,-19.98163],[-44.27506,-19.98233],[-44.27476,-19.9832],[-44.27418,-19.98438],[-44.27323,-19.98684],[-44.27239,-19.98839],[-44.27194,-19.98899],[-44.27156,-19.99014],[-44.2713,-19.99138],[-44.27107,-19.99185],[-44.27057,-19.99476],[-44.27016,-19.99598],[-44.27127,-19.99731],[-44.27152,-19.99797],[-44.27151,-19.99914],[-44.27127,-20.00009],[-44.27125,-20.00095],[-44.27085,-20.00252],[-44.27032,-20.00392],[-44.26902,-20.00413],[-44.26773,-20.00421],[-44.2672,-20.00377],[-44.26674,-20.00161],[-44.26623,-20.00048],[-44.26528,-19.99999],[-44.26443,-20.00014],[-44.26355,-20.00065],[-44.26102,-20.00164],[-44.26067,-20.00195],[-44.25906,-20.00258],[-44.25809,-20.00307],[-44.25741,-20.00381],[-44.25675,-20.00326],[-44.25673,-20.00193],[-44.25684,-20.0013],[-44.25662,-19.99952],[-44.25636,-19.99884],[-44.2568,-19.99776],[-44.25704,-19.99645],[-44.25708,-19.99518],[-44.25646,-19.99545],[-44.25485,-19.99648],[-44.25368,-19.99697],[-44.25331,-19.99755],[-44.25253,-19.99818],[-44.25196,-19.99751],[-44.25143,-19.9974],[-44.24917,-19.99759],[-44.24875,-19.99668],[-44.24811,-19.99614],[-44.24736,-19.99511],[-44.24648,-19.99462],[-44.24632,-19.99532],[-44.24553,-19.99605],[-44.24388,-19.99566],[-44.24395,-19.99623],[-44.24448,-19.9973],[-44.24473,-19.99875],[-44.24521,-19.99918],[-44.24538,-19.99976],[-44.24493,-20.00216],[-44.24403,-20.00356],[-44.24361,-20.00468],[-44.24283,-20.0064],[-44.2425,-20.00819],[-44.24211,-20.0092],[-44.24136,-20.01019],[-44.24072,-20.0113],[-44.24007,-20.01115],[-44.23973,-20.01047],[-44.23787,-20.00959],[-44.2376,-20.00815],[-44.23703,-20.0069],[-44.23654,-20.00677],[-44.2355,-20.006],[-44.23361,-20.00599],[-44.23323,-20.00609],[-44.23226,-20.00688],[-44.23047,-20.00731],[-44.22946,-20.00688],[-44.2279,-20.00722],[-44.23048,-20.00156],[-44.23025,-20.00108],[-44.23045,-20.00087],[-44.2324,-19.99962],[-44.23322,-19.99939],[-44.23387,-19.99886],[-44.23418,-19.99806],[-44.23394,-19.99716],[-44.23699,-19.99463],[-44.23854,-19.99373],[-44.23811,-19.9935],[-44.23802,-19.99284],[-44.23717,-19.99213],[-44.23514,-19.99067],[-44.23469,-19.99149],[-44.22888,-19.99356],[-44.23009,-19.98564],[-44.23046,-19.98439],[-44.23189,-19.98293],[-44.23217,-19.98254],[-44.2331,-19.9828],[-44.23986,-19.98425],[-44.24115,-19.98432],[-44.24211,-19.9842],[-44.24341,-19.98375],[-44.25097,-19.97987],[-44.25275,-19.97898],[-44.26296,-19.97375],[-44.26395,-19.97331],[-44.26529,-19.97303],[-44.26679,-19.97308],[-44.26758,-19.97324],[-44.2689,-19.97372],[-44.27072,-19.97401],[-44.27152,-19.97395],[-44.27464,-19.97345],[-44.27607,-19.97304]]]},"properties":{"codigo":"3106705121","name":"Parque Industrial de Betim","population":70,"households":59,"areaKm2":11.1319,"density":6.3}},{"type":"Feature","geometry":{"type":"Polygon","coordinates":[[[-44.2279,-20.00722],[-44.2257,-20.00699],[-44.22574,-20.00746],[-44.22616,-20.00833],[-44.22647,-20.00977],[-44.22632,-20.01039],[-44.22521,-20.0119],[-44.22448,-20.01247],[-44.22411,-20.01313],[-44.22512,-20.01373],[-44.22429,-20.01461],[-44.22471,-20.01575],[-44.22473,-20.01656],[-44.22475,-20.01747],[-44.22355,-20.01699],[-44.22256,-20.01605],[-44.22099,-20.01348],[-44.22032,-20.01249],[-44.2194,-20.01145],[-44.21405,-20.00543],[-44.21274,-20.00372],[-44.21057,-19.99851],[-44.20953,-19.99662],[-44.21,-19.99635],[-44.21063,-19.99635],[-44.21165,-19.99674],[-44.2123,-19.99767],[-44.21297,-19.99788],[-44.21407,-19.99789],[-44.2171,-19.99974],[-44.21742,-19.99972],[-44.2182,-19.99909],[-44.22145,-19.99725],[-44.22196,-19.99672],[-44.22265,-19.99643],[-44.2237,-19.99622],[-44.22408,-19.99583],[-44.22402,-19.9951],[-44.23094,-19.99873],[-44.23025,-20.00108],[-44.23048,-20.00156],[-44.2279,-20.00722]]]},"properties":{"codigo":"3106705078","name":"Casa Amarela","population":336,"households":316,"areaKm2":2.5869,"density":129.9}},{"type":"Feature","geometry":{"type":"Polygon","coordinates":[[[-44.2374,-19.92868],[-44.24259,-19.93074],[-44.2431,-19.93091],[-44.24581,-19.93138],[-44.24489,-19.93416],[-44.24547,-19.93463],[-44.24569,-19.93524],[-44.24499,-19.93525],[-44.24428,-19.93783],[-44.24375,-19.9389],[-44.24208,-19.94028],[-44.24045,-19.93999],[-44.23595,-19.94018],[-44.23588,-19.93903],[-44.23622,-19.9381],[-44.2341,-19.937],[-44.23289,-19.93688],[-44.2313,-19.93768],[-44.23084,-19.93777],[-44.23159,-19.93611],[-44.23152,-19.93576],[-44.23268,-19.93388],[-44.23361,-19.9322],[-44.23603,-19.92984],[-44.2374,-19.92868]]]},"properties":{"codigo":"3106705093","name":"Quintas dos Godoy","population":543,"households":344,"areaKm2":1.2802,"density":424.1}},{"type":"Feature","geometry":{"type":"Polygon","coordinates":[[[-44.19078,-19.93414],[-44.19138,-19.93492],[-44.19218,-19.93557],[-44.1943,-19.93635],[-44.19533,-19.9373],[-44.19783,-19.94173],[-44.19803,-19.94233],[-44.19727,-19.94441],[-44.19619,-19.94634],[-44.19457,-19.94592],[-44.19232,-19.94484],[-44.19136,-19.94509],[-44.18871,-19.94647],[-44.18807,-19.9456],[-44.18772,-19.94449],[-44.18677,-19.94084],[-44.18767,-19.94],[-44.18763,-19.93967],[-44.18868,-19.93749],[-44.18904,-19.93644],[-44.18967,-19.93571],[-44.18993,-19.93475],[-44.19078,-19.93414]]]},"properties":{"codigo":"3106705036","name":"Senhora das Graças","population":6964,"households":2743,"areaKm2":1.0322,"density":6746.5}},{"type":"Feature","geometry":{"type":"Polygon","coordinates":[[[-44.19897,-19.8376],[-44.19979,-19.83673],[-44.20224,-19.83516],[-44.20358,-19.83457],[-44.20655,-19.83451],[-44.20696,-19.83477],[-44.20656,-19.83524],[-44.20964,-19.83806],[-44.20993,-19.8386],[-44.2079,-19.83977],[-44.206,-19.83762],[-44.20554,-19.8379],[-44.20595,-19.83892],[-44.20591,-19.83996],[-44.2061,-19.84048],[-44.20632,-19.84249],[-44.20515,-19.84353],[-44.20484,-19.84634],[-44.20367,-19.84711],[-44.20349,-19.84955],[-44.20297,-19.85039],[-44.20245,-19.8495],[-44.20182,-19.84773],[-44.20005,-19.84483],[-44.19985,-19.84396],[-44.19991,-19.84343],[-44.19899,-19.84147],[-44.19862,-19.84113],[-44.19888,-19.84021],[-44.19874,-19.8388],[-44.19897,-19.8376]]]},"properties":{"codigo":"3106705122","name":"Recanto da Serra","population":33,"households":57,"areaKm2":1.0027,"density":32.9}},{"type":"Feature","geometry":{"type":"Polygon","coordinates":[[[-44.22441,-20.03856],[-44.22273,-20.04071],[-44.22221,-20.04103],[-44.22035,-20.04159],[-44.21857,-20.04246],[-44.21709,-20.04239],[-44.2161,-20.04184],[-44.21531,-20.04208],[-44.21508,-20.0427],[-44.21513,-20.04337],[-44.21549,-20.04426],[-44.21631,-20.04512],[-44.21833,-20.04672],[-44.21901,-20.04768],[-44.21906,-20.04819],[-44.21874,-20.04866],[-44.21753,-20.04863],[-44.21603,-20.04824],[-44.21406,-20.04814],[-44.21245,-20.04837],[-44.21126,-20.04818],[-44.20963,-20.04746],[-44.20816,-20.04614],[-44.20759,-20.0453],[-44.20669,-20.04363],[-44.20613,-20.04346],[-44.20577,-20.04283],[-44.20525,-20.04254],[-44.20308,-20.04259],[-44.20195,-20.043],[-44.20106,-20.04406],[-44.20052,-20.04539],[-44.20046,-20.04686],[-44.20016,-20.04815],[-44.19972,-20.04842],[-44.19858,-20.04865],[-44.1975,-20.04938],[-44.19678,-20.0501],[-44.19629,-20.05115],[-44.19574,-20.05174],[-44.19526,-20.05178],[-44.19474,-20.05129],[-44.19566,-20.05061],[-44.19678,-20.04933],[-44.19727,-20.04813],[-44.19692,-20.04604],[-44.19761,-20.04486],[-44.19853,-20.04261],[-44.20031,-20.04051],[-44.20078,-20.04017],[-44.20155,-20.03999],[-44.2021,-20.04011],[-44.20385,-20.04122],[-44.20525,-20.04112],[-44.2065,-20.04116],[-44.20782,-20.04142],[-44.20676,-20.03931],[-44.20688,-20.03822],[-44.20602,-20.03612],[-44.20566,-20.03546],[-44.20642,-20.03566],[-44.20739,-20.03636],[-44.20763,-20.03698],[-44.20853,-20.03711],[-44.20931,-20.03745],[-44.21088,-20.03858],[-44.21123,-20.0385],[-44.21192,-20.03883],[-44.21239,-20.03849],[-44.21264,-20.0376],[-44.21358,-20.03713],[-44.21402,-20.03634],[-44.21489,-20.03669],[-44.21599,-20.03692],[-44.21638,-20.03759],[-44.21785,-20.03805],[-44.21959,-20.03716],[-44.21975,-20.03595],[-44.22068,-20.03519],[-44.22178,-20.03518],[-44.2221,-20.03482],[-44.22319,-20.03481],[-44.22279,-20.03539],[-44.22272,-20.03645],[-44.22304,-20.03757],[-44.2237,-20.03823],[-44.22441,-20.03856]]]},"properties":{"codigo":"3106705082","name":"Santa Izabel","population":3357,"households":1411,"areaKm2":2.0178,"density":1663.7}},{"type":"Feature","geometry":{"type":"Polygon","coordinates":[[[-44.1253,-19.93967],[-44.12613,-19.93973],[-44.12798,-19.93891],[-44.13066,-19.9371],[-44.13088,-19.93706],[-44.13074,-19.93362],[-44.13259,-19.93346],[-44.13289,-19.93325],[-44.13269,-19.93186],[-44.13195,-19.93077],[-44.1317,-19.93017],[-44.13166,-19.92924],[-44.1318,-19.92826],[-44.13138,-19.92657],[-44.13167,-19.92661],[-44.13268,-19.9271],[-44.13386,-19.92828],[-44.13477,-19.92895],[-44.1359,-19.92942],[-44.14024,-19.93031],[-44.14118,-19.9308],[-44.14182,-19.93136],[-44.14238,-19.93209],[-44.14264,-19.93273],[-44.14319,-19.93481],[-44.14371,-19.93703],[-44.14425,-19.93894],[-44.14502,-19.93985],[-44.1468,-19.94097],[-44.14719,-19.94146],[-44.14753,-19.94235],[-44.14743,-19.94452],[-44.1476,-19.94526],[-44.14803,-19.94601],[-44.14958,-19.94781],[-44.1483,-19.94822],[-44.14591,-19.95023],[-44.14387,-19.95232],[-44.14317,-19.95185],[-44.14312,-19.95145],[-44.14204,-19.94968],[-44.14097,-19.94852],[-44.14019,-19.94696],[-44.14038,-19.94649],[-44.14015,-19.94491],[-44.13949,-19.94479],[-44.13889,-19.94391],[-44.13855,-19.94372],[-44.13814,-19.94243],[-44.13584,-19.94135],[-44.13577,-19.94111],[-44.13452,-19.94134],[-44.13394,-19.94129],[-44.13334,-19.94385],[-44.1315,-19.94384],[-44.12976,-19.94358],[-44.12863,-19.94324],[-44.12808,-19.94291],[-44.12723,-19.94198],[-44.1253,-19.93967]]]},"properties":{"codigo":"3106705111","name":"Vila Cristina / C.H. Celso A. Pedra","population":13694,"households":5689,"areaKm2":2.8802,"density":4754.5}},{"type":"Feature","geometry":{"type":"Polygon","coordinates":[[[-44.24136,-19.95677],[-44.24073,-19.95888],[-44.24078,-19.95973],[-44.24101,-19.96028],[-44.24162,-19.96099],[-44.24236,-19.96131],[-44.24233,-19.96166],[-44.2417,-19.96241],[-44.24071,-19.96267],[-44.24004,-19.96236],[-44.2395,-19.96237],[-44.23886,-19.96187],[-44.23857,-19.96124],[-44.23778,-19.96164],[-44.23699,-19.96127],[-44.23682,-19.96085],[-44.23624,-19.9604],[-44.23641,-19.95969],[-44.23599,-19.95946],[-44.23627,-19.95837],[-44.23617,-19.95725],[-44.23587,-19.95676],[-44.23519,-19.95616],[-44.23478,-19.95541],[-44.23407,-19.95471],[-44.23301,-19.95398],[-44.23231,-19.95307],[-44.23156,-19.95072],[-44.23202,-19.95044],[-44.23201,-19.94955],[-44.232,-19.94916],[-44.23005,-19.94845],[-44.23018,-19.94821],[-44.22939,-19.94752],[-44.22905,-19.94673],[-44.22911,-19.94592],[-44.22897,-19.94508],[-44.2283,-19.94467],[-44.22767,-19.94465],[-44.22732,-19.94418],[-44.22817,-19.94325],[-44.22867,-19.94246],[-44.22826,-19.94186],[-44.22767,-19.94211],[-44.22674,-19.94206],[-44.22602,-19.94151],[-44.2265,-19.94063],[-44.22711,-19.94005],[-44.22668,-19.93984],[-44.22727,-19.93935],[-44.22736,-19.93899],[-44.22839,-19.93843],[-44.22836,-19.93742],[-44.22894,-19.93739],[-44.22942,-19.93777],[-44.22944,-19.93686],[-44.23015,-19.93644],[-44.22988,-19.93526],[-44.23064,-19.93527],[-44.23152,-19.93576],[-44.23159,-19.93611],[-44.23084,-19.93777],[-44.2313,-19.93768],[-44.23289,-19.93688],[-44.2341,-19.937],[-44.23622,-19.9381],[-44.23588,-19.93903],[-44.23595,-19.94018],[-44.24045,-19.93999],[-44.24208,-19.94028],[-44.24117,-19.94116],[-44.2403,-19.9411],[-44.23978,-19.94224],[-44.2403,-19.9439],[-44.23998,-19.94658],[-44.23984,-19.94868],[-44.23877,-19.95222],[-44.23964,-19.95418],[-44.23927,-19.95436],[-44.24016,-19.95616],[-44.24136,-19.95677]]]},"properties":{"codigo":"3106705086","name":"Açude","population":511,"households":274,"areaKm2":2.4023,"density":212.7}},{"type":"Feature","geometry":{"type":"Polygon","coordinates":[[[-44.14897,-19.98018],[-44.14967,-19.98039],[-44.14974,-19.98108],[-44.15068,-19.98144],[-44.15099,-19.98112],[-44.15123,-19.98037],[-44.15172,-19.97999],[-44.15327,-19.98039],[-44.15424,-19.98102],[-44.1535,-19.98182],[-44.15347,-19.98249],[-44.15316,-19.98264],[-44.1515,-19.98216],[-44.15093,-19.98231],[-44.14971,-19.98184],[-44.14897,-19.98141],[-44.14897,-19.98018]]]},"properties":{"codigo":"3106705055","name":"C. H. José Gomes de Castro","population":1137,"households":409,"areaKm2":0.0908,"density":12516.8}},{"type":"Feature","geometry":{"type":"Polygon","coordinates":[[[-44.06947,-19.94814],[-44.06988,-19.94799],[-44.07226,-19.94794],[-44.07315,-19.94749],[-44.07492,-19.94574],[-44.07668,-19.94333],[-44.07723,-19.94349],[-44.07861,-19.94345],[-44.07969,-19.94305],[-44.08015,-19.94349],[-44.07932,-19.94481],[-44.07885,-19.94525],[-44.07639,-19.9464],[-44.07558,-19.94736],[-44.07552,-19.94787],[-44.07377,-19.94921],[-44.07294,-19.948],[-44.07171,-19.94838],[-44.06971,-19.94846],[-44.06947,-19.94814]]]},"properties":{"codigo":"3106705070","name":"Riacho III","population":1819,"households":839,"areaKm2":0.1923,"density":9461.1}},{"type":"Feature","geometry":{"type":"Polygon","coordinates":[[[-44.21164,-19.95702],[-44.21078,-19.95738],[-44.2101,-19.95741],[-44.20926,-19.95713],[-44.20796,-19.95707],[-44.2076,-19.95624],[-44.20733,-19.9549],[-44.20736,-19.95367],[-44.20713,-19.95338],[-44.20582,-19.95281],[-44.20593,-19.95197],[-44.20641,-19.95033],[-44.20669,-19.94972],[-44.20773,-19.94899],[-44.20747,-19.94869],[-44.20907,-19.94759],[-44.20928,-19.94668],[-44.20928,-19.94598],[-44.20884,-19.94451],[-44.20929,-19.94367],[-44.2096,-19.94345],[-44.20962,-19.94284],[-44.20976,-19.942],[-44.21084,-19.94092],[-44.21085,-19.94021],[-44.21108,-19.9398],[-44.21129,-19.9377],[-44.21271,-19.93574],[-44.2135,-19.93561],[-44.21379,-19.93518],[-44.21442,-19.93495],[-44.21469,-19.93458],[-44.21542,-19.9345],[-44.216,-19.93482],[-44.21658,-19.9343],[-44.21728,-19.934],[-44.21792,-19.93411],[-44.21797,-19.93358],[-44.2188,-19.93262],[-44.21878,-19.93082],[-44.21834,-19.92996],[-44.21918,-19.92896],[-44.21939,-19.92844],[-44.21995,-19.92783],[-44.22078,-19.92605],[-44.22177,-19.92578],[-44.22246,-19.92629],[-44.22306,-19.92627],[-44.22337,-19.92646],[-44.22348,-19.92766],[-44.22317,-19.9287],[-44.22373,-19.92912],[-44.22383,-19.92968],[-44.22425,-19.93043],[-44.225,-19.93089],[-44.22593,-19.93069],[-44.22633,-19.93098],[-44.22682,-19.93175],[-44.22723,-19.93294],[-44.22705,-19.9332],[-44.22784,-19.93442],[-44.22791,-19.93484],[-44.22861,-19.93483],[-44.229,-19.93435],[-44.22972,-19.93455],[-44.22988,-19.93526],[-44.23015,-19.93644],[-44.22944,-19.93686],[-44.22942,-19.93777],[-44.22894,-19.93739],[-44.22836,-19.93742],[-44.22839,-19.93843],[-44.22736,-19.93899],[-44.22727,-19.93935],[-44.22668,-19.93984],[-44.22711,-19.94005],[-44.2265,-19.94063],[-44.22602,-19.94151],[-44.22674,-19.94206],[-44.22767,-19.94211],[-44.22826,-19.94186],[-44.22867,-19.94246],[-44.22817,-19.94325],[-44.22732,-19.94418],[-44.22767,-19.94465],[-44.2283,-19.94467],[-44.22897,-19.94508],[-44.22911,-19.94592],[-44.22905,-19.94673],[-44.22939,-19.94752],[-44.23018,-19.94821],[-44.23005,-19.94845],[-44.22899,-19.94834],[-44.2285,-19.94844],[-44.22763,-19.94916],[-44.22746,-19.94954],[-44.22609,-19.94888],[-44.22513,-19.95003],[-44.22474,-19.95006],[-44.22395,-19.95061],[-44.22316,-19.95031],[-44.22249,-19.94971],[-44.22176,-19.94936],[-44.22018,-19.94942],[-44.21942,-19.94981],[-44.21935,-19.95025],[-44.21842,-19.95067],[-44.21796,-19.95138],[-44.21761,-19.95148],[-44.21734,-19.95204],[-44.21744,-19.95295],[-44.21711,-19.95327],[-44.21713,-19.95376],[-44.2165,-19.95447],[-44.21556,-19.95496],[-44.21534,-19.95585],[-44.21439,-19.95663],[-44.21289,-19.95633],[-44.21237,-19.95688],[-44.21164,-19.95702]]]},"properties":{"codigo":"3106705126","name":"Teixeirinha","population":193,"households":72,"areaKm2":4.6375,"density":41.6}},{"type":"Feature","geometry":{"type":"Polygon","coordinates":[[[-44.27139,-19.91644],[-44.27156,-19.91667],[-44.27223,-19.91734],[-44.2725,-19.91783],[-44.2723,-19.91867],[-44.27171,-19.91971],[-44.2715,-19.92033],[-44.27087,-19.92537],[-44.26899,-19.92777],[-44.26875,-19.92823],[-44.26874,-19.92893],[-44.26716,-19.92935],[-44.26684,-19.92964],[-44.26633,-19.93169],[-44.2649,-19.93399],[-44.26447,-19.9344],[-44.26341,-19.935],[-44.26236,-19.93506],[-44.25969,-19.93456],[-44.25772,-19.93397],[-44.25555,-19.93319],[-44.25273,-19.93164],[-44.25014,-19.92996],[-44.24627,-19.92441],[-44.24558,-19.92333],[-44.24473,-19.92281],[-44.2422,-19.92167],[-44.24235,-19.92064],[-44.24302,-19.91977],[-44.24326,-19.91919],[-44.2452,-19.91762],[-44.24621,-19.91624],[-44.24717,-19.9151],[-44.24691,-19.91424],[-44.24709,-19.91367],[-44.24783,-19.91476],[-44.24937,-19.91542],[-44.25013,-19.91514],[-44.25055,-19.91454],[-44.25143,-19.9138],[-44.25207,-19.91351],[-44.25033,-19.91199],[-44.25,-19.91136],[-44.24921,-19.9104],[-44.2495,-19.90744],[-44.2494,-19.9054],[-44.25158,-19.90564],[-44.25152,-19.90401],[-44.25176,-19.90165],[-44.25234,-19.90019],[-44.25367,-19.89763],[-44.25447,-19.89768],[-44.25565,-19.89736],[-44.2571,-19.89769],[-44.25812,-19.89877],[-44.26137,-19.90038],[-44.26336,-19.90004],[-44.26449,-19.89992],[-44.26549,-19.90038],[-44.2667,-19.90156],[-44.26734,-19.90278],[-44.26836,-19.90397],[-44.2692,-19.90455],[-44.27056,-19.90496],[-44.27279,-19.90659],[-44.27181,-19.90738],[-44.27134,-19.90825],[-44.27134,-19.90881],[-44.27173,-19.9103],[-44.2694,-19.9103],[-44.26914,-19.90983],[-44.269,-19.90896],[-44.2687,-19.90826],[-44.26766,-19.90819],[-44.26574,-19.90821],[-44.26302,-19.90815],[-44.26216,-19.9088],[-44.26117,-19.90975],[-44.26154,-19.91087],[-44.26189,-19.91133],[-44.26196,-19.9121],[-44.26256,-19.9132],[-44.26342,-19.9155],[-44.26328,-19.91654],[-44.26284,-19.91748],[-44.26283,-19.9182],[-44.26318,-19.91862],[-44.26363,-19.91865],[-44.26644,-19.91818],[-44.26928,-19.91758],[-44.26994,-19.91736],[-44.27139,-19.91644]]]},"properties":{"codigo":"3106705087","name":"Gentileza","population":625,"households":429,"areaKm2":7.542,"density":82.9}},{"type":"Feature","geometry":{"type":"Polygon","coordinates":[[[-44.17763,-19.93804],[-44.17801,-19.9378],[-44.17928,-19.93717],[-44.1813,-19.93705],[-44.18317,-19.93715],[-44.18363,-19.93747],[-44.18637,-19.94021],[-44.18677,-19.94084],[-44.18772,-19.94449],[-44.18567,-19.94499],[-44.1849,-19.94529],[-44.18183,-19.94774],[-44.18194,-19.94748],[-44.18144,-19.9467],[-44.18093,-19.94545],[-44.18128,-19.9446],[-44.18024,-19.94298],[-44.18046,-19.94202],[-44.18149,-19.93865],[-44.18019,-19.93834],[-44.17874,-19.93861],[-44.17763,-19.93804]]]},"properties":{"codigo":"3106705039","name":"C. H. Bueno Franco","population":3529,"households":1464,"areaKm2":0.6021,"density":5861.3}},{"type":"Feature","geometry":{"type":"Polygon","coordinates":[[[-44.19018,-19.93393],[-44.19299,-19.93076],[-44.19388,-19.93148],[-44.19512,-19.93126],[-44.19613,-19.93085],[-44.19704,-19.93065],[-44.20009,-19.92826],[-44.20104,-19.92931],[-44.20141,-19.93015],[-44.20191,-19.92943],[-44.20296,-19.93077],[-44.20574,-19.93206],[-44.20493,-19.93353],[-44.20446,-19.93407],[-44.20413,-19.93507],[-44.20474,-19.93559],[-44.20251,-19.93983],[-44.20139,-19.93962],[-44.20143,-19.94085],[-44.20112,-19.94144],[-44.19965,-19.94226],[-44.19862,-19.94488],[-44.19869,-19.94277],[-44.19837,-19.94216],[-44.19803,-19.94233],[-44.19783,-19.94173],[-44.19533,-19.9373],[-44.1943,-19.93635],[-44.19218,-19.93557],[-44.19138,-19.93492],[-44.19078,-19.93414],[-44.19018,-19.93393]]]},"properties":{"codigo":"3106705027","name":"Bom Retiro","population":9445,"households":4112,"areaKm2":1.3322,"density":7089.9}},{"type":"Feature","geometry":{"type":"Polygon","coordinates":[[[-44.23605,-20.03023],[-44.23703,-20.03107],[-44.2418,-20.03389],[-44.24575,-20.03621],[-44.24755,-20.03704],[-44.24887,-20.03753],[-44.25023,-20.03792],[-44.25233,-20.03832],[-44.25456,-20.03854],[-44.25649,-20.03904],[-44.25577,-20.04156],[-44.25515,-20.04508],[-44.25461,-20.04563],[-44.25354,-20.04599],[-44.25295,-20.04591],[-44.25109,-20.04474],[-44.24993,-20.04283],[-44.24969,-20.04212],[-44.24883,-20.04166],[-44.24765,-20.04153],[-44.24712,-20.04223],[-44.24672,-20.04421],[-44.24639,-20.04468],[-44.24542,-20.04692],[-44.24493,-20.04758],[-44.24394,-20.04851],[-44.24318,-20.04896],[-44.24286,-20.04945],[-44.24159,-20.04968],[-44.24043,-20.0497],[-44.2402,-20.04955],[-44.23859,-20.04937],[-44.23756,-20.04887],[-44.23718,-20.04782],[-44.23658,-20.04462],[-44.23627,-20.04148],[-44.23654,-20.04045],[-44.23674,-20.0383],[-44.2356,-20.03783],[-44.23436,-20.03744],[-44.2337,-20.03679],[-44.23398,-20.03603],[-44.23299,-20.03553],[-44.23241,-20.03459],[-44.23261,-20.03396],[-44.23247,-20.03326],[-44.23193,-20.03293],[-44.23226,-20.03236],[-44.23466,-20.03264],[-44.23479,-20.03134],[-44.23605,-20.03023]]]},"properties":{"codigo":"3106705084","name":"São Marcos","population":454,"households":179,"areaKm2":2.6113,"density":173.9}},{"type":"Feature","geometry":{"type":"Polygon","coordinates":[[[-44.215,-20.02496],[-44.21503,-20.02439],[-44.21543,-20.02337],[-44.2139,-20.02228],[-44.2122,-20.02195],[-44.21021,-20.02167],[-44.20716,-20.02165],[-44.20664,-20.02087],[-44.20607,-20.0205],[-44.20491,-20.02001],[-44.2042,-20.01948],[-44.20379,-20.01791],[-44.20213,-20.0154],[-44.21175,-20.01225],[-44.21168,-20.01175],[-44.21295,-20.01144],[-44.21342,-20.01153],[-44.2141,-20.0124],[-44.21498,-20.01312],[-44.21609,-20.01319],[-44.21624,-20.01276],[-44.21698,-20.0121],[-44.21751,-20.01193],[-44.2188,-20.0118],[-44.2194,-20.01145],[-44.22032,-20.01249],[-44.22099,-20.01348],[-44.22256,-20.01605],[-44.22355,-20.01699],[-44.22475,-20.01747],[-44.22584,-20.01792],[-44.22568,-20.01823],[-44.2232,-20.02088],[-44.2211,-20.02135],[-44.22127,-20.02334],[-44.22016,-20.02356],[-44.21932,-20.02357],[-44.21783,-20.02399],[-44.21679,-20.02488],[-44.21621,-20.02522],[-44.21562,-20.02583],[-44.215,-20.02496]]]},"properties":{"codigo":"3106705081","name":"Parque Ipiranga","population":697,"households":366,"areaKm2":2.1514,"density":324}},{"type":"Feature","geometry":{"type":"Polygon","coordinates":[[[-44.15081,-19.95699],[-44.14881,-19.95627],[-44.14658,-19.9559],[-44.14548,-19.95586],[-44.14517,-19.95502],[-44.14411,-19.95341],[-44.14347,-19.95272],[-44.14387,-19.95232],[-44.14591,-19.95023],[-44.1483,-19.94822],[-44.14958,-19.94781],[-44.15024,-19.94761],[-44.15062,-19.94723],[-44.15103,-19.94606],[-44.15152,-19.94527],[-44.1522,-19.9449],[-44.15476,-19.94424],[-44.15551,-19.94396],[-44.15696,-19.94341],[-44.15828,-19.94333],[-44.16213,-19.94334],[-44.16269,-19.94345],[-44.16356,-19.94415],[-44.16515,-19.94759],[-44.16542,-19.94924],[-44.16605,-19.95054],[-44.16626,-19.95256],[-44.16667,-19.95383],[-44.16692,-19.95454],[-44.16735,-19.95509],[-44.1661,-19.95612],[-44.16568,-19.95668],[-44.16478,-19.95575],[-44.16441,-19.95449],[-44.16341,-19.95536],[-44.16255,-19.95733],[-44.16209,-19.95735],[-44.15835,-19.95106],[-44.15525,-19.95264],[-44.15369,-19.952],[-44.15183,-19.95327],[-44.15017,-19.9545],[-44.14977,-19.95523],[-44.14981,-19.95584],[-44.15013,-19.95641],[-44.15081,-19.95699]]]},"properties":{"codigo":"3106705047","name":"Jardim Alterosas 1 Seção","population":9059,"households":3875,"areaKm2":2.1736,"density":4167.7}},{"type":"Feature","geometry":{"type":"Polygon","coordinates":[[[-44.288,-19.91264],[-44.28937,-19.91459],[-44.29046,-19.916],[-44.29069,-19.91683],[-44.29057,-19.91787],[-44.28998,-19.91882],[-44.29165,-19.9192],[-44.29593,-19.92042],[-44.29809,-19.91753],[-44.29924,-19.91663],[-44.30115,-19.91597],[-44.30153,-19.91503],[-44.3015,-19.9136],[-44.30124,-19.91266],[-44.30023,-19.9121],[-44.29927,-19.91021],[-44.29974,-19.91049],[-44.30059,-19.91058],[-44.30145,-19.91046],[-44.30288,-19.91044],[-44.30351,-19.91026],[-44.30506,-19.90942],[-44.30667,-19.90881],[-44.30934,-19.90743],[-44.31085,-19.90704],[-44.31258,-19.90638],[-44.31426,-19.90638],[-44.31514,-19.90651],[-44.31561,-19.90695],[-44.316,-19.90925],[-44.31614,-19.91153],[-44.31587,-19.9132],[-44.316,-19.91406],[-44.3159,-19.91509],[-44.31621,-19.9166],[-44.31715,-19.91714],[-44.31734,-19.91798],[-44.31686,-19.91872],[-44.3157,-19.91959],[-44.31542,-19.92004],[-44.3154,-19.92093],[-44.31504,-19.92214],[-44.31444,-19.92326],[-44.31393,-19.92387],[-44.3132,-19.92443],[-44.31258,-19.92538],[-44.31179,-19.92595],[-44.31075,-19.92618],[-44.31038,-19.92641],[-44.30937,-19.9264],[-44.30876,-19.92594],[-44.30713,-19.92548],[-44.30662,-19.926],[-44.3068,-19.9276],[-44.3064,-19.9287],[-44.30489,-19.92995],[-44.3045,-19.93049],[-44.30486,-19.93203],[-44.30579,-19.93358],[-44.30706,-19.93417],[-44.30868,-19.9342],[-44.30932,-19.93388],[-44.31036,-19.93364],[-44.31093,-19.93369],[-44.31202,-19.93421],[-44.31308,-19.93522],[-44.31386,-19.93575],[-44.31502,-19.93676],[-44.31527,-19.93791],[-44.3161,-19.93811],[-44.31531,-19.93897],[-44.31483,-19.94071],[-44.31419,-19.9424],[-44.314,-19.94367],[-44.31342,-19.94466],[-44.31271,-19.94476],[-44.31116,-19.94434],[-44.31048,-19.94447],[-44.30975,-19.94504],[-44.30813,-19.94662],[-44.30491,-19.94874],[-44.30399,-19.94812],[-44.29947,-19.94524],[-44.29891,-19.94504],[-44.29805,-19.94503],[-44.29627,-19.94549],[-44.29549,-19.94554],[-44.29102,-19.94544],[-44.28955,-19.94563],[-44.28889,-19.94586],[-44.28786,-19.94643],[-44.28677,-19.9473],[-44.2861,-19.94764],[-44.285,-19.94766],[-44.27986,-19.94635],[-44.27987,-19.94591],[-44.27902,-19.94405],[-44.2781,-19.94306],[-44.27795,-19.9425],[-44.27815,-19.94104],[-44.27767,-19.94016],[-44.2765,-19.93938],[-44.27534,-19.93944],[-44.27496,-19.93969],[-44.27418,-19.94066],[-44.27369,-19.93781],[-44.27328,-19.93597],[-44.27481,-19.93426],[-44.27426,-19.93337],[-44.27401,-19.93264],[-44.27436,-19.93206],[-44.2738,-19.93118],[-44.27413,-19.93096],[-44.27477,-19.92958],[-44.27476,-19.92828],[-44.27517,-19.92767],[-44.27628,-19.92638],[-44.27761,-19.9258],[-44.27871,-19.92435],[-44.27953,-19.92372],[-44.28036,-19.92241],[-44.28075,-19.92206],[-44.28236,-19.92213],[-44.28235,-19.92113],[-44.28265,-19.92],[-44.28322,-19.91971],[-44.28523,-19.91897],[-44.28612,-19.91781],[-44.28725,-19.9171],[-44.28907,-19.91666],[-44.28888,-19.9155],[-44.28825,-19.91449],[-44.28842,-19.91395],[-44.288,-19.91264]]]},"properties":{"codigo":"3106705091","name":"Pimentas","population":779,"households":513,"areaKm2":13.088,"density":59.5}},{"type":"Feature","geometry":{"type":"Polygon","coordinates":[[[-44.18688,-19.93179],[-44.18845,-19.92864],[-44.1882,-19.92676],[-44.18788,-19.92627],[-44.18883,-19.92708],[-44.19036,-19.92823],[-44.19079,-19.92784],[-44.19157,-19.92867],[-44.19299,-19.93076],[-44.19018,-19.93393],[-44.18926,-19.93344],[-44.1883,-19.9324],[-44.18688,-19.93179]]]},"properties":{"codigo":"3106705028","name":"C.H. Homéro Gil","population":2771,"households":1029,"areaKm2":0.2669,"density":10380.7}},{"type":"Feature","geometry":{"type":"Polygon","coordinates":[[[-44.09926,-19.95111],[-44.09834,-19.95038],[-44.09804,-19.9504],[-44.09727,-19.94932],[-44.09667,-19.94909],[-44.0984,-19.94598],[-44.09984,-19.94347],[-44.10177,-19.94003],[-44.10226,-19.93948],[-44.10292,-19.94018],[-44.1036,-19.94222],[-44.10404,-19.94277],[-44.10486,-19.94352],[-44.10523,-19.94433],[-44.10536,-19.94525],[-44.10587,-19.94607],[-44.10652,-19.94642],[-44.10819,-19.94651],[-44.10906,-19.94693],[-44.10892,-19.94711],[-44.10724,-19.94809],[-44.10534,-19.94788],[-44.10442,-19.94826],[-44.10386,-19.94827],[-44.10297,-19.94892],[-44.10156,-19.94955],[-44.10099,-19.95022],[-44.10103,-19.95096],[-44.09926,-19.95111]]]},"properties":{"codigo":"3106705068","name":"Amazonas","population":5003,"households":2037,"areaKm2":0.688,"density":7271.5}},{"type":"Feature","geometry":{"type":"Polygon","coordinates":[[[-44.22127,-20.02334],[-44.2211,-20.02135],[-44.2232,-20.02088],[-44.22568,-20.01823],[-44.22624,-20.01844],[-44.22677,-20.01898],[-44.22652,-20.02025],[-44.22607,-20.0209],[-44.22634,-20.02164],[-44.22598,-20.02067],[-44.22495,-20.02146],[-44.22505,-20.0217],[-44.224,-20.02249],[-44.22342,-20.02274],[-44.22127,-20.02334]]]},"properties":{"codigo":"3106705077","name":"C. H. Dicalino Cabral","population":1057,"households":363,"areaKm2":0.1418,"density":7453}},{"type":"Feature","geometry":{"type":"Polygon","coordinates":[[[-44.13618,-19.95053],[-44.13714,-19.95173],[-44.13739,-19.95222],[-44.138,-19.95565],[-44.1374,-19.95666],[-44.13398,-19.95619],[-44.13152,-19.95583],[-44.13033,-19.95581],[-44.12862,-19.95606],[-44.12596,-19.95673],[-44.12463,-19.951],[-44.12394,-19.94784],[-44.12397,-19.94745],[-44.125,-19.94806],[-44.12552,-19.94819],[-44.12725,-19.94819],[-44.129,-19.94881],[-44.12995,-19.94889],[-44.13322,-19.94875],[-44.13419,-19.94887],[-44.13515,-19.94927],[-44.13618,-19.95053]]]},"properties":{"codigo":"3106705069","name":"D. I. Paulo Camilo / Norte","population":113,"households":54,"areaKm2":1.0612,"density":106.5}},{"type":"Feature","geometry":{"type":"Polygon","coordinates":[[[-44.22634,-20.02164],[-44.22607,-20.0209],[-44.22652,-20.02025],[-44.22677,-20.01898],[-44.22624,-20.01844],[-44.22568,-20.01823],[-44.22584,-20.01792],[-44.22475,-20.01747],[-44.22473,-20.01656],[-44.22532,-20.01648],[-44.22564,-20.01611],[-44.22624,-20.01662],[-44.22813,-20.01722],[-44.22979,-20.01726],[-44.22862,-20.01817],[-44.22887,-20.01843],[-44.22997,-20.01825],[-44.23166,-20.01775],[-44.23154,-20.01745],[-44.23278,-20.01712],[-44.23283,-20.01733],[-44.23449,-20.01685],[-44.2354,-20.01879],[-44.23559,-20.01978],[-44.23531,-20.02068],[-44.23257,-20.02137],[-44.23176,-20.02179],[-44.23182,-20.02208],[-44.22956,-20.02233],[-44.2291,-20.02205],[-44.22676,-20.02277],[-44.22634,-20.02164]]]},"properties":{"codigo":"3106705085","name":"São Salvador","population":2735,"households":1105,"areaKm2":0.4835,"density":5656.9}},{"type":"Feature","geometry":{"type":"Polygon","coordinates":[[[-44.1306,-20.00962],[-44.12994,-20.00905],[-44.12762,-20.00952],[-44.1263,-20.00859],[-44.12526,-20.00864],[-44.1238,-20.00747],[-44.1219,-20.00605],[-44.11941,-20.00453],[-44.11915,-20.00475],[-44.11804,-20.00428],[-44.11729,-20.0037],[-44.11717,-20.00312],[-44.11624,-20.00245],[-44.11587,-20.00182],[-44.11491,-20.00155],[-44.11375,-20.00169],[-44.11224,-20.00167],[-44.1112,-20.00126],[-44.11094,-20.00066],[-44.11099,-19.99989],[-44.11207,-19.99903],[-44.11094,-19.99662],[-44.11149,-19.99563],[-44.11195,-19.99565],[-44.11248,-19.99415],[-44.11216,-19.99405],[-44.11038,-19.99185],[-44.11072,-19.99093],[-44.11161,-19.99071],[-44.11173,-19.98897],[-44.11154,-19.98824],[-44.11028,-19.98745],[-44.11005,-19.98708],[-44.10891,-19.98639],[-44.11016,-19.98517],[-44.11123,-19.98524],[-44.11093,-19.9831],[-44.11092,-19.98209],[-44.11115,-19.98143],[-44.1126,-19.97986],[-44.11489,-19.97849],[-44.11547,-19.97836],[-44.11695,-19.97914],[-44.11814,-19.97904],[-44.11922,-19.97783],[-44.11972,-19.97776],[-44.12042,-19.97631],[-44.12209,-19.97604],[-44.12247,-19.97633],[-44.12465,-19.98019],[-44.1256,-19.98068],[-44.12615,-19.98135],[-44.12637,-19.98211],[-44.12752,-19.983],[-44.12767,-19.98331],[-44.12792,-19.98573],[-44.12821,-19.98756],[-44.12861,-19.98867],[-44.12907,-19.98912],[-44.13004,-19.99065],[-44.13124,-19.99188],[-44.13165,-19.99255],[-44.13095,-19.99367],[-44.13074,-19.99489],[-44.1314,-19.9965],[-44.13078,-19.99694],[-44.129,-19.9968],[-44.12733,-19.99722],[-44.1277,-19.99833],[-44.13007,-19.9988],[-44.13091,-19.99862],[-44.13158,-19.99907],[-44.13154,-20.00038],[-44.13193,-20.00157],[-44.13289,-20.00133],[-44.13465,-20.00188],[-44.13504,-20.00252],[-44.1372,-20.00328],[-44.13856,-20.00344],[-44.13977,-20.00389],[-44.13995,-20.00438],[-44.13966,-20.00566],[-44.13898,-20.00601],[-44.1385,-20.0065],[-44.13708,-20.00713],[-44.13539,-20.00837],[-44.13448,-20.00878],[-44.13415,-20.00869],[-44.13301,-20.00894],[-44.1306,-20.00962]]]},"properties":{"codigo":"3106705063","name":"Petrovale","population":6415,"households":2692,"areaKm2":6.245,"density":1027.2}},{"type":"Feature","geometry":{"type":"Polygon","coordinates":[[[-44.20367,-19.96601],[-44.20553,-19.96594],[-44.20748,-19.96582],[-44.20779,-19.96592],[-44.20865,-19.96644],[-44.20982,-19.96627],[-44.21383,-19.96637],[-44.21493,-19.96613],[-44.21831,-19.96421],[-44.21844,-19.96462],[-44.2175,-19.96512],[-44.21661,-19.96575],[-44.21608,-19.9668],[-44.21413,-19.96839],[-44.21232,-19.96999],[-44.20973,-19.9679],[-44.20869,-19.96771],[-44.20763,-19.9682],[-44.2069,-19.96808],[-44.20639,-19.96775],[-44.20367,-19.96601]]]},"properties":{"codigo":"3106705009","name":"Decamão","population":344,"households":196,"areaKm2":0.2901,"density":1185.6}},{"type":"Feature","geometry":{"type":"Polygon","coordinates":[[[-44.25367,-19.89763],[-44.25321,-19.89714],[-44.25313,-19.8966],[-44.25349,-19.89579],[-44.25348,-19.89516],[-44.25291,-19.89467],[-44.25198,-19.89418],[-44.25058,-19.89317],[-44.24995,-19.89255],[-44.24981,-19.89183],[-44.25007,-19.89126],[-44.25097,-19.89043],[-44.25167,-19.88938],[-44.2519,-19.88826],[-44.25246,-19.88695],[-44.25357,-19.88567],[-44.25352,-19.88486],[-44.25304,-19.88418],[-44.25348,-19.88385],[-44.25496,-19.88422],[-44.25688,-19.8841],[-44.25792,-19.88364],[-44.25831,-19.88318],[-44.25866,-19.88228],[-44.26008,-19.88184],[-44.26072,-19.88087],[-44.26134,-19.88037],[-44.26201,-19.88022],[-44.26286,-19.88031],[-44.26347,-19.88059],[-44.26444,-19.88059],[-44.26673,-19.87939],[-44.26731,-19.87958],[-44.26717,-19.88101],[-44.26643,-19.88133],[-44.26583,-19.88212],[-44.26558,-19.88288],[-44.26464,-19.88391],[-44.26391,-19.88454],[-44.26338,-19.8853],[-44.26327,-19.88579],[-44.26367,-19.88742],[-44.26332,-19.88946],[-44.26366,-19.89044],[-44.2641,-19.89099],[-44.26574,-19.89215],[-44.26599,-19.89311],[-44.26651,-19.89374],[-44.26735,-19.89441],[-44.2681,-19.89459],[-44.26892,-19.89455],[-44.26974,-19.89484],[-44.27074,-19.89586],[-44.27144,-19.89635],[-44.27319,-19.89724],[-44.27483,-19.89893],[-44.27555,-19.90006],[-44.27629,-19.90189],[-44.27627,-19.90366],[-44.27572,-19.90444],[-44.27279,-19.90659],[-44.27056,-19.90496],[-44.2692,-19.90455],[-44.26836,-19.90397],[-44.26734,-19.90278],[-44.2667,-19.90156],[-44.26549,-19.90038],[-44.26449,-19.89992],[-44.26336,-19.90004],[-44.26137,-19.90038],[-44.25812,-19.89877],[-44.2571,-19.89769],[-44.25565,-19.89736],[-44.25447,-19.89768],[-44.25367,-19.89763]]]},"properties":{"codigo":"3106705125","name":"Tapera","population":25,"households":32,"areaKm2":3.4652,"density":7.2}},{"type":"Feature","geometry":{"type":"Polygon","coordinates":[[[-44.1813,-19.93705],[-44.17928,-19.93717],[-44.17801,-19.9378],[-44.17791,-19.93741],[-44.17854,-19.93694],[-44.17806,-19.93658],[-44.17818,-19.93609],[-44.17774,-19.9357],[-44.17698,-19.93597],[-44.17756,-19.93408],[-44.17732,-19.93388],[-44.17687,-19.93336],[-44.17753,-19.93315],[-44.17745,-19.93217],[-44.17761,-19.93184],[-44.17718,-19.93088],[-44.17754,-19.93021],[-44.17864,-19.93003],[-44.17929,-19.92916],[-44.17916,-19.92799],[-44.17941,-19.92703],[-44.17921,-19.92665],[-44.17961,-19.92595],[-44.18149,-19.92637],[-44.18146,-19.92651],[-44.18487,-19.92737],[-44.18618,-19.92681],[-44.18679,-19.92622],[-44.18788,-19.92627],[-44.1882,-19.92676],[-44.18845,-19.92864],[-44.18688,-19.93179],[-44.18527,-19.93115],[-44.18221,-19.93342],[-44.18221,-19.93386],[-44.1813,-19.93705]]]},"properties":{"codigo":"3106705037","name":"Vila das Flores","population":9785,"households":3997,"areaKm2":0.8407,"density":11638.5}},{"type":"Feature","geometry":{"type":"Polygon","coordinates":[[[-44.17018,-19.93103],[-44.16831,-19.93135],[-44.16474,-19.93188],[-44.16448,-19.93281],[-44.1635,-19.93416],[-44.16384,-19.93713],[-44.16167,-19.93771],[-44.16109,-19.93697],[-44.15867,-19.93596],[-44.15863,-19.93509],[-44.15901,-19.93384],[-44.15792,-19.9311],[-44.15814,-19.92992],[-44.15661,-19.9268],[-44.15799,-19.92619],[-44.15898,-19.92544],[-44.16095,-19.92411],[-44.16187,-19.92383],[-44.16363,-19.92359],[-44.16521,-19.92365],[-44.16634,-19.9236],[-44.16638,-19.92449],[-44.16682,-19.92482],[-44.16697,-19.92556],[-44.16739,-19.92616],[-44.16848,-19.92732],[-44.1713,-19.93024],[-44.17018,-19.93103]]]},"properties":{"codigo":"3106705041","name":"Cruzeiro do Sul","population":7121,"households":2764,"areaKm2":1.2843,"density":5544.6}},{"type":"Feature","geometry":{"type":"Polygon","coordinates":[[[-44.13856,-20.00344],[-44.13815,-20.00251],[-44.13802,-19.99976],[-44.137,-19.99708],[-44.13676,-19.99605],[-44.13418,-19.99368],[-44.13505,-19.99223],[-44.13543,-19.99138],[-44.13543,-19.9909],[-44.13904,-19.98588],[-44.14285,-19.98538],[-44.1431,-19.98635],[-44.14353,-19.98638],[-44.14416,-19.98687],[-44.14583,-19.98762],[-44.1461,-19.98818],[-44.14658,-19.98854],[-44.14675,-19.98962],[-44.14731,-19.99002],[-44.14738,-19.99096],[-44.14809,-19.99155],[-44.14874,-19.99253],[-44.14964,-19.99265],[-44.15007,-19.99326],[-44.15069,-19.99315],[-44.1514,-19.99452],[-44.15175,-19.99476],[-44.15278,-19.99451],[-44.15251,-19.99396],[-44.15342,-19.99371],[-44.15429,-19.99409],[-44.15527,-19.99417],[-44.15599,-19.9957],[-44.15623,-19.99678],[-44.15621,-19.99741],[-44.15651,-19.9981],[-44.1564,-19.99878],[-44.15671,-19.99964],[-44.15742,-20.00018],[-44.15814,-20.00108],[-44.15904,-20.0013],[-44.15938,-20.0022],[-44.1585,-20.00368],[-44.15759,-20.00472],[-44.15668,-20.00555],[-44.15691,-20.0066],[-44.15728,-20.00698],[-44.15748,-20.00758],[-44.15814,-20.00824],[-44.15819,-20.00868],[-44.15926,-20.00952],[-44.1603,-20.01002],[-44.161,-20.01071],[-44.16115,-20.01111],[-44.16196,-20.01214],[-44.16191,-20.01257],[-44.16228,-20.01306],[-44.16296,-20.01342],[-44.16334,-20.01406],[-44.1631,-20.01479],[-44.16323,-20.01568],[-44.16309,-20.01611],[-44.16376,-20.01645],[-44.16439,-20.01725],[-44.16513,-20.01785],[-44.16482,-20.02043],[-44.16562,-20.02152],[-44.16576,-20.02255],[-44.16657,-20.02321],[-44.16657,-20.0237],[-44.16691,-20.02427],[-44.16726,-20.02574],[-44.16789,-20.02668],[-44.16791,-20.02721],[-44.16837,-20.02837],[-44.16851,-20.02907],[-44.16817,-20.02914],[-44.16743,-20.0298],[-44.16664,-20.02982],[-44.16583,-20.02929],[-44.16555,-20.02841],[-44.1651,-20.02824],[-44.16463,-20.02731],[-44.16398,-20.02696],[-44.16342,-20.02501],[-44.16279,-20.02458],[-44.16231,-20.02455],[-44.16138,-20.02533],[-44.16142,-20.02752],[-44.15988,-20.02725],[-44.15816,-20.02735],[-44.15741,-20.02769],[-44.15735,-20.02839],[-44.15817,-20.02901],[-44.15821,-20.02945],[-44.15738,-20.03006],[-44.1562,-20.02994],[-44.15537,-20.03008],[-44.15483,-20.02988],[-44.15365,-20.03019],[-44.15314,-20.03019],[-44.15249,-20.02976],[-44.15229,-20.02823],[-44.15157,-20.0271],[-44.15155,-20.02629],[-44.15222,-20.0254],[-44.15323,-20.02517],[-44.15356,-20.02417],[-44.15346,-20.02344],[-44.15352,-20.02219],[-44.15292,-20.02091],[-44.15249,-20.02028],[-44.15163,-20.0197],[-44.15173,-20.01874],[-44.15155,-20.01805],[-44.15121,-20.01764],[-44.15051,-20.01743],[-44.14954,-20.01778],[-44.14905,-20.01848],[-44.14803,-20.01838],[-44.14695,-20.01776],[-44.14589,-20.01788],[-44.14548,-20.0181],[-44.14484,-20.01887],[-44.14427,-20.01858],[-44.14409,-20.0181],[-44.14213,-20.01878],[-44.14187,-20.01918],[-44.14181,-20.01986],[-44.14102,-20.02045],[-44.14165,-20.02111],[-44.1406,-20.02246],[-44.14059,-20.02343],[-44.14037,-20.02353],[-44.13903,-20.02514],[-44.13853,-20.02627],[-44.13835,-20.02733],[-44.13767,-20.02842],[-44.13748,-20.03035],[-44.13722,-20.03075],[-44.13617,-20.03063],[-44.1344,-20.02894],[-44.1324,-20.02865],[-44.13183,-20.0282],[-44.13002,-20.02859],[-44.12895,-20.0292],[-44.1282,-20.0292],[-44.12715,-20.02941],[-44.12656,-20.02987],[-44.12601,-20.02979],[-44.12571,-20.02907],[-44.12433,-20.02861],[-44.12417,-20.02795],[-44.12436,-20.02721],[-44.12391,-20.02703],[-44.12381,-20.02633],[-44.12402,-20.02566],[-44.12347,-20.02516],[-44.12374,-20.024],[-44.12428,-20.02342],[-44.1241,-20.02295],[-44.12408,-20.02206],[-44.12363,-20.02184],[-44.12282,-20.02187],[-44.12152,-20.02231],[-44.11973,-20.0232],[-44.11835,-20.02336],[-44.1166,-20.0237],[-44.11669,-20.02319],[-44.11719,-20.02241],[-44.11675,-20.02204],[-44.11598,-20.02212],[-44.11551,-20.02261],[-44.11477,-20.02199],[-44.11447,-20.02146],[-44.11379,-20.02183],[-44.11304,-20.02188],[-44.11288,-20.02223],[-44.11159,-20.02226],[-44.11182,-20.02113],[-44.11219,-20.02073],[-44.11313,-20.02038],[-44.11436,-20.02032],[-44.1159,-20.01993],[-44.11725,-20.0198],[-44.11823,-20.01941],[-44.1198,-20.01897],[-44.12085,-20.01908],[-44.12158,-20.0185],[-44.12141,-20.01726],[-44.12227,-20.01738],[-44.12253,-20.01656],[-44.12241,-20.01578],[-44.12312,-20.01602],[-44.12349,-20.01582],[-44.1241,-20.01602],[-44.12503,-20.01514],[-44.12668,-20.01515],[-44.12828,-20.01563],[-44.12858,-20.0159],[-44.12906,-20.01495],[-44.13028,-20.01472],[-44.13025,-20.01426],[-44.1305,-20.01298],[-44.13057,-20.01109],[-44.13071,-20.01081],[-44.1306,-20.00962],[-44.13301,-20.00894],[-44.13415,-20.00869],[-44.13448,-20.00878],[-44.13539,-20.00837],[-44.13708,-20.00713],[-44.1385,-20.0065],[-44.13898,-20.00601],[-44.13966,-20.00566],[-44.13995,-20.00438],[-44.13977,-20.00389],[-44.13856,-20.00344]]]},"properties":{"codigo":"3106705058","name":"Estância do Sereno PTB","population":1110,"households":687,"areaKm2":12.177,"density":91.2}},{"type":"Feature","geometry":{"type":"Polygon","coordinates":[[[-44.22532,-19.97432],[-44.22478,-19.97389],[-44.2243,-19.97424],[-44.22392,-19.97526],[-44.22253,-19.97528],[-44.22218,-19.97486],[-44.22253,-19.97351],[-44.22165,-19.97251],[-44.22145,-19.97172],[-44.2209,-19.97096],[-44.22056,-19.97086],[-44.21905,-19.97112],[-44.21711,-19.97191],[-44.2166,-19.97225],[-44.21516,-19.97241],[-44.21303,-19.97206],[-44.21277,-19.97142],[-44.21277,-19.97085],[-44.21232,-19.96999],[-44.21413,-19.96839],[-44.21608,-19.9668],[-44.21661,-19.96575],[-44.2175,-19.96512],[-44.21844,-19.96462],[-44.21831,-19.96421],[-44.21903,-19.96372],[-44.21973,-19.96231],[-44.22018,-19.96173],[-44.2212,-19.96112],[-44.22174,-19.96059],[-44.22191,-19.95986],[-44.22193,-19.95733],[-44.22223,-19.95643],[-44.22294,-19.95564],[-44.22324,-19.955],[-44.22347,-19.95402],[-44.22381,-19.95333],[-44.22547,-19.9523],[-44.22593,-19.95187],[-44.22694,-19.95042],[-44.22754,-19.94987],[-44.22878,-19.94948],[-44.22953,-19.94956],[-44.23063,-19.94992],[-44.23132,-19.94993],[-44.23201,-19.94955],[-44.23202,-19.95044],[-44.23156,-19.95072],[-44.23231,-19.95307],[-44.23061,-19.95387],[-44.22989,-19.95371],[-44.22794,-19.95496],[-44.2282,-19.95773],[-44.2296,-19.9591],[-44.23244,-19.95813],[-44.23555,-19.95751],[-44.23617,-19.95725],[-44.23627,-19.95837],[-44.23599,-19.95946],[-44.23641,-19.95969],[-44.23624,-19.9604],[-44.23682,-19.96085],[-44.23699,-19.96127],[-44.23778,-19.96164],[-44.23857,-19.96124],[-44.23886,-19.96187],[-44.2395,-19.96237],[-44.24004,-19.96236],[-44.24071,-19.96267],[-44.24155,-19.96275],[-44.24154,-19.9632],[-44.24195,-19.96361],[-44.24136,-19.96429],[-44.24066,-19.96468],[-44.24085,-19.96559],[-44.24056,-19.96608],[-44.24074,-19.96696],[-44.2411,-19.96697],[-44.24067,-19.96736],[-44.23957,-19.96771],[-44.23904,-19.96808],[-44.2386,-19.96806],[-44.23837,-19.96856],[-44.23791,-19.96826],[-44.23737,-19.96855],[-44.23742,-19.96902],[-44.23672,-19.96889],[-44.23624,-19.96845],[-44.23529,-19.96855],[-44.23507,-19.96753],[-44.23465,-19.96724],[-44.23386,-19.96768],[-44.23264,-19.96742],[-44.2317,-19.9681],[-44.23168,-19.96852],[-44.23061,-19.96882],[-44.22977,-19.96876],[-44.22942,-19.96948],[-44.22954,-19.96988],[-44.23026,-19.97013],[-44.22982,-19.97071],[-44.22834,-19.97115],[-44.22762,-19.97115],[-44.22676,-19.97156],[-44.22562,-19.97435],[-44.22532,-19.97432]]]},"properties":{"codigo":"3106705005","name":"Cachoeira","population":2088,"households":980,"areaKm2":3.7293,"density":559.9}},{"type":"Feature","geometry":{"type":"Polygon","coordinates":[[[-44.25741,-20.00381],[-44.25762,-20.0043],[-44.25844,-20.00493],[-44.25876,-20.00535],[-44.25885,-20.00615],[-44.25854,-20.00689],[-44.25766,-20.00822],[-44.25742,-20.00825],[-44.25634,-20.00914],[-44.25407,-20.01178],[-44.25359,-20.01276],[-44.25315,-20.01412],[-44.25313,-20.01624],[-44.25296,-20.01693],[-44.25348,-20.01753],[-44.25483,-20.01783],[-44.25665,-20.01853],[-44.25789,-20.01883],[-44.25822,-20.0191],[-44.25845,-20.0199],[-44.25798,-20.0209],[-44.25699,-20.02183],[-44.2554,-20.02304],[-44.25468,-20.02405],[-44.25444,-20.02513],[-44.25475,-20.02593],[-44.25506,-20.02623],[-44.25628,-20.02656],[-44.2583,-20.02639],[-44.2596,-20.02682],[-44.26089,-20.02761],[-44.26218,-20.0286],[-44.26255,-20.02944],[-44.26271,-20.03021],[-44.26361,-20.03214],[-44.26377,-20.03274],[-44.26379,-20.03386],[-44.26288,-20.03453],[-44.26053,-20.0351],[-44.25966,-20.03549],[-44.25693,-20.03803],[-44.25649,-20.03904],[-44.25456,-20.03854],[-44.25233,-20.03832],[-44.25023,-20.03792],[-44.24887,-20.03753],[-44.24755,-20.03704],[-44.24575,-20.03621],[-44.2418,-20.03389],[-44.24188,-20.03316],[-44.24224,-20.03214],[-44.2437,-20.03025],[-44.24419,-20.03038],[-44.24436,-20.02991],[-44.24394,-20.02889],[-44.24189,-20.0272],[-44.24019,-20.02677],[-44.23971,-20.02651],[-44.23897,-20.02548],[-44.23777,-20.02466],[-44.237,-20.02425],[-44.23583,-20.02324],[-44.23436,-20.02216],[-44.23494,-20.02214],[-44.23531,-20.02068],[-44.23559,-20.01978],[-44.2354,-20.01879],[-44.23449,-20.01685],[-44.23283,-20.01733],[-44.23278,-20.01712],[-44.23154,-20.01745],[-44.23166,-20.01775],[-44.22997,-20.01825],[-44.22887,-20.01843],[-44.22862,-20.01817],[-44.22979,-20.01726],[-44.22813,-20.01722],[-44.22624,-20.01662],[-44.22564,-20.01611],[-44.22532,-20.01648],[-44.22473,-20.01656],[-44.22471,-20.01575],[-44.22429,-20.01461],[-44.22512,-20.01373],[-44.22411,-20.01313],[-44.22448,-20.01247],[-44.22521,-20.0119],[-44.22632,-20.01039],[-44.22647,-20.00977],[-44.22616,-20.00833],[-44.22574,-20.00746],[-44.2257,-20.00699],[-44.2279,-20.00722],[-44.22946,-20.00688],[-44.23047,-20.00731],[-44.23226,-20.00688],[-44.23323,-20.00609],[-44.23361,-20.00599],[-44.2355,-20.006],[-44.23654,-20.00677],[-44.23703,-20.0069],[-44.2376,-20.00815],[-44.23787,-20.00959],[-44.23973,-20.01047],[-44.24007,-20.01115],[-44.24072,-20.0113],[-44.24136,-20.01019],[-44.24211,-20.0092],[-44.2425,-20.00819],[-44.24283,-20.0064],[-44.24361,-20.00468],[-44.24403,-20.00356],[-44.24493,-20.00216],[-44.24538,-19.99976],[-44.24521,-19.99918],[-44.24473,-19.99875],[-44.24448,-19.9973],[-44.24395,-19.99623],[-44.24388,-19.99566],[-44.24553,-19.99605],[-44.24632,-19.99532],[-44.24648,-19.99462],[-44.24736,-19.99511],[-44.24811,-19.99614],[-44.24875,-19.99668],[-44.24917,-19.99759],[-44.25143,-19.9974],[-44.25196,-19.99751],[-44.25253,-19.99818],[-44.25331,-19.99755],[-44.25368,-19.99697],[-44.25485,-19.99648],[-44.25646,-19.99545],[-44.25708,-19.99518],[-44.25704,-19.99645],[-44.2568,-19.99776],[-44.25636,-19.99884],[-44.25662,-19.99952],[-44.25684,-20.0013],[-44.25673,-20.00193],[-44.25675,-20.00326],[-44.25741,-20.00381]]]},"properties":{"codigo":"3106705114","name":"Charneca","population":751,"households":512,"areaKm2":9.4474,"density":79.5}},{"type":"Feature","geometry":{"type":"Polygon","coordinates":[[[-44.17732,-19.93388],[-44.17678,-19.93418],[-44.17397,-19.93516],[-44.17345,-19.93406],[-44.17203,-19.9329],[-44.17075,-19.93186],[-44.17018,-19.93103],[-44.1713,-19.93024],[-44.16848,-19.92732],[-44.17061,-19.92759],[-44.17008,-19.92643],[-44.17468,-19.92578],[-44.17476,-19.92474],[-44.17512,-19.92415],[-44.17455,-19.92381],[-44.17662,-19.92295],[-44.17681,-19.9235],[-44.17753,-19.9236],[-44.17742,-19.92426],[-44.17757,-19.92598],[-44.17829,-19.9261],[-44.17952,-19.92577],[-44.17961,-19.92595],[-44.17921,-19.92665],[-44.17941,-19.92703],[-44.17916,-19.92799],[-44.17929,-19.92916],[-44.17864,-19.93003],[-44.17754,-19.93021],[-44.17718,-19.93088],[-44.17761,-19.93184],[-44.17745,-19.93217],[-44.17753,-19.93315],[-44.17687,-19.93336],[-44.17732,-19.93388]]]},"properties":{"codigo":"3106705053","name":"Vargem das Flores / C. H. Jalila C. Pedrosa","population":4964,"households":1917,"areaKm2":0.8098,"density":6130}},{"type":"Feature","geometry":{"type":"Polygon","coordinates":[[[-44.18183,-19.94774],[-44.1849,-19.94529],[-44.18567,-19.94499],[-44.18772,-19.94449],[-44.18807,-19.9456],[-44.18871,-19.94647],[-44.1893,-19.94702],[-44.18912,-19.94763],[-44.18913,-19.94872],[-44.18827,-19.94875],[-44.18845,-19.95182],[-44.18549,-19.95196],[-44.18467,-19.95194],[-44.18223,-19.95239],[-44.18019,-19.95289],[-44.17896,-19.95294],[-44.17926,-19.95115],[-44.17901,-19.95104],[-44.18104,-19.94857],[-44.18183,-19.94774]]]},"properties":{"codigo":"3106705044","name":"Espírito Santo","population":3966,"households":1680,"areaKm2":0.6101,"density":6500.1}},{"type":"Feature","geometry":{"type":"Polygon","coordinates":[[[-44.17503,-19.9423],[-44.1741,-19.94164],[-44.1721,-19.94227],[-44.17157,-19.94215],[-44.1709,-19.94232],[-44.17037,-19.94283],[-44.16926,-19.93987],[-44.16896,-19.93872],[-44.17203,-19.9329],[-44.17345,-19.93406],[-44.17397,-19.93516],[-44.17678,-19.93418],[-44.17732,-19.93388],[-44.17756,-19.93408],[-44.17698,-19.93597],[-44.17774,-19.9357],[-44.17818,-19.93609],[-44.17806,-19.93658],[-44.17854,-19.93694],[-44.17791,-19.93741],[-44.17801,-19.9378],[-44.17763,-19.93804],[-44.17633,-19.93967],[-44.17699,-19.93992],[-44.17635,-19.94033],[-44.17543,-19.94153],[-44.17503,-19.9423]]]},"properties":{"codigo":"3106705052","name":"Senhora de Fátima","population":4895,"households":1898,"areaKm2":0.6601,"density":7415.4}},{"type":"Feature","geometry":{"type":"Polygon","coordinates":[[[-44.13928,-19.97597],[-44.13849,-19.97551],[-44.13911,-19.97485],[-44.1387,-19.97412],[-44.13705,-19.97353],[-44.1364,-19.97268],[-44.13489,-19.97159],[-44.13323,-19.97017],[-44.13184,-19.96864],[-44.13102,-19.96821],[-44.13084,-19.9674],[-44.13105,-19.96655],[-44.13411,-19.96662],[-44.13428,-19.96633],[-44.13856,-19.96579],[-44.13905,-19.96747],[-44.13995,-19.96817],[-44.14039,-19.96868],[-44.14162,-19.96975],[-44.14394,-19.97379],[-44.14476,-19.97465],[-44.14401,-19.97515],[-44.14368,-19.97568],[-44.14303,-19.97605],[-44.14249,-19.97681],[-44.14162,-19.97623],[-44.14068,-19.9758],[-44.13974,-19.97567],[-44.13928,-19.97597]]]},"properties":{"codigo":"3106705059","name":"Guanabara","population":7487,"households":3029,"areaKm2":0.8311,"density":9008.5}},{"type":"Feature","geometry":{"type":"Polygon","coordinates":[[[-44.15661,-19.9268],[-44.14879,-19.93013],[-44.1479,-19.93041],[-44.14675,-19.93041],[-44.14593,-19.93011],[-44.14504,-19.92924],[-44.14445,-19.92817],[-44.14375,-19.92734],[-44.14273,-19.92664],[-44.14199,-19.9264],[-44.13748,-19.92648],[-44.13807,-19.92587],[-44.13935,-19.92397],[-44.14021,-19.9236],[-44.14074,-19.92422],[-44.14151,-19.92463],[-44.14239,-19.92489],[-44.14315,-19.92484],[-44.14393,-19.92451],[-44.14489,-19.92376],[-44.14589,-19.92267],[-44.14708,-19.92165],[-44.14857,-19.92098],[-44.15075,-19.92091],[-44.151,-19.92062],[-44.15066,-19.91988],[-44.15076,-19.91876],[-44.15175,-19.9174],[-44.1519,-19.9163],[-44.15289,-19.91422],[-44.15517,-19.91165],[-44.15621,-19.91031],[-44.1562,-19.90881],[-44.15524,-19.90684],[-44.1549,-19.90547],[-44.15506,-19.90346],[-44.15504,-19.90171],[-44.15629,-19.90202],[-44.15641,-19.90231],[-44.1575,-19.90232],[-44.15818,-19.90251],[-44.15855,-19.90193],[-44.15916,-19.90224],[-44.15951,-19.90279],[-44.1609,-19.90311],[-44.16148,-19.903],[-44.16248,-19.90217],[-44.16384,-19.90187],[-44.16436,-19.90262],[-44.16433,-19.90299],[-44.16352,-19.90327],[-44.16337,-19.90361],[-44.16262,-19.90372],[-44.16182,-19.90426],[-44.16102,-19.90441],[-44.15875,-19.90443],[-44.15802,-19.90436],[-44.15694,-19.90515],[-44.15655,-19.9059],[-44.15643,-19.90701],[-44.1572,-19.90769],[-44.15758,-19.90856],[-44.15815,-19.90917],[-44.1589,-19.91043],[-44.16054,-19.91095],[-44.16181,-19.9115],[-44.16224,-19.91193],[-44.16339,-19.91174],[-44.16412,-19.91069],[-44.16471,-19.91026],[-44.16618,-19.90955],[-44.16668,-19.90963],[-44.16744,-19.90936],[-44.16802,-19.90946],[-44.16862,-19.91016],[-44.16778,-19.91011],[-44.16702,-19.91075],[-44.16757,-19.91128],[-44.16727,-19.91153],[-44.1665,-19.91135],[-44.16611,-19.91156],[-44.16664,-19.9121],[-44.16656,-19.91258],[-44.16539,-19.91223],[-44.16555,-19.91305],[-44.16548,-19.91363],[-44.16509,-19.91407],[-44.16522,-19.91456],[-44.16596,-19.91546],[-44.16698,-19.91549],[-44.16793,-19.91531],[-44.16796,-19.91578],[-44.16893,-19.91674],[-44.1692,-19.91736],[-44.16907,-19.91958],[-44.16931,-19.9196],[-44.1694,-19.91975],[-44.16915,-19.92338],[-44.16782,-19.92343],[-44.16634,-19.9236],[-44.16521,-19.92365],[-44.16363,-19.92359],[-44.16187,-19.92383],[-44.16095,-19.92411],[-44.15898,-19.92544],[-44.15799,-19.92619],[-44.15661,-19.9268]]]},"properties":{"codigo":"3106705123","name":"São José","population":31,"households":50,"areaKm2":3.8503,"density":8.1}},{"type":"Feature","geometry":{"type":"Polygon","coordinates":[[[-44.15347,-19.98249],[-44.15376,-19.98266],[-44.15431,-19.98433],[-44.15389,-19.98488],[-44.15399,-19.9863],[-44.15494,-19.98685],[-44.15198,-19.99191],[-44.15251,-19.99396],[-44.15278,-19.99451],[-44.15175,-19.99476],[-44.1514,-19.99452],[-44.15069,-19.99315],[-44.15007,-19.99326],[-44.14964,-19.99265],[-44.14874,-19.99253],[-44.14809,-19.99155],[-44.14738,-19.99096],[-44.14731,-19.99002],[-44.14675,-19.98962],[-44.14658,-19.98854],[-44.1461,-19.98818],[-44.14583,-19.98762],[-44.14416,-19.98687],[-44.14353,-19.98638],[-44.1431,-19.98635],[-44.14285,-19.98538],[-44.14273,-19.9851],[-44.14274,-19.98361],[-44.14323,-19.98324],[-44.14352,-19.98193],[-44.14437,-19.98335],[-44.14467,-19.9841],[-44.14519,-19.9847],[-44.14735,-19.983],[-44.14789,-19.98214],[-44.14851,-19.98159],[-44.14897,-19.98141],[-44.14971,-19.98184],[-44.15093,-19.98231],[-44.1515,-19.98216],[-44.15316,-19.98264],[-44.15347,-19.98249]]]},"properties":{"codigo":"3106705056","name":"Cruzeiro","population":2919,"households":1239,"areaKm2":0.9944,"density":2935.5}},{"type":"Feature","geometry":{"type":"Polygon","coordinates":[[[-44.12136,-19.94219],[-44.11828,-19.94197],[-44.1169,-19.94181],[-44.11824,-19.94013],[-44.11817,-19.93938],[-44.11907,-19.93828],[-44.11944,-19.9368],[-44.11978,-19.93697],[-44.1194,-19.93495],[-44.12038,-19.93481],[-44.12147,-19.93521],[-44.12182,-19.93555],[-44.12279,-19.93734],[-44.12316,-19.93801],[-44.12197,-19.93975],[-44.12186,-19.94014],[-44.12233,-19.94043],[-44.12153,-19.94155],[-44.12136,-19.94219]]]},"properties":{"codigo":"3106705109","name":"São Cristóvão","population":3051,"households":1224,"areaKm2":0.2927,"density":10422.8}},{"type":"Feature","geometry":{"type":"Polygon","coordinates":[[[-44.19544,-19.95383],[-44.19639,-19.95363],[-44.19712,-19.95376],[-44.19986,-19.95472],[-44.20082,-19.95806],[-44.19744,-19.95895],[-44.1964,-19.95628],[-44.19544,-19.95383]]]},"properties":{"codigo":"3106705014","name":"Horto","population":354,"households":219,"areaKm2":0.2033,"density":1741.5}},{"type":"Feature","geometry":{"type":"Polygon","coordinates":[[[-44.23152,-19.93576],[-44.23064,-19.93527],[-44.22988,-19.93526],[-44.22972,-19.93455],[-44.229,-19.93435],[-44.22861,-19.93483],[-44.22791,-19.93484],[-44.22784,-19.93442],[-44.22705,-19.9332],[-44.22723,-19.93294],[-44.22682,-19.93175],[-44.22633,-19.93098],[-44.22593,-19.93069],[-44.225,-19.93089],[-44.22425,-19.93043],[-44.22383,-19.92968],[-44.22373,-19.92912],[-44.22317,-19.9287],[-44.22348,-19.92766],[-44.22337,-19.92646],[-44.22306,-19.92627],[-44.22245,-19.9253],[-44.22254,-19.92478],[-44.22197,-19.92453],[-44.22198,-19.92406],[-44.22145,-19.92362],[-44.22161,-19.92293],[-44.22141,-19.92193],[-44.22095,-19.92087],[-44.22032,-19.92013],[-44.21838,-19.92039],[-44.21812,-19.9202],[-44.21744,-19.92062],[-44.21733,-19.92125],[-44.21647,-19.92107],[-44.21586,-19.92011],[-44.21569,-19.91906],[-44.21542,-19.91887],[-44.21617,-19.91804],[-44.21588,-19.91742],[-44.21593,-19.91626],[-44.21639,-19.91588],[-44.21673,-19.91514],[-44.21675,-19.9143],[-44.21638,-19.9137],[-44.21559,-19.913],[-44.21498,-19.9129],[-44.2156,-19.91242],[-44.21704,-19.91329],[-44.21816,-19.91476],[-44.21916,-19.91382],[-44.21959,-19.91305],[-44.22013,-19.91258],[-44.22237,-19.91208],[-44.2233,-19.91142],[-44.22576,-19.90862],[-44.226,-19.90828],[-44.22626,-19.9089],[-44.22642,-19.90991],[-44.2276,-19.91119],[-44.22809,-19.9113],[-44.22895,-19.91087],[-44.23041,-19.91159],[-44.23292,-19.91206],[-44.23274,-19.91257],[-44.23169,-19.91374],[-44.23414,-19.91425],[-44.23477,-19.9139],[-44.23606,-19.91395],[-44.23697,-19.91386],[-44.23835,-19.91406],[-44.23953,-19.91401],[-44.24068,-19.91429],[-44.24176,-19.91433],[-44.24433,-19.91515],[-44.24637,-19.91478],[-44.24691,-19.91424],[-44.24717,-19.9151],[-44.24621,-19.91624],[-44.2452,-19.91762],[-44.24326,-19.91919],[-44.24302,-19.91977],[-44.24235,-19.92064],[-44.2422,-19.92167],[-44.24175,-19.92241],[-44.24177,-19.92355],[-44.24142,-19.92441],[-44.24109,-19.92624],[-44.23999,-19.92733],[-44.23798,-19.92824],[-44.2374,-19.92868],[-44.23603,-19.92984],[-44.23361,-19.9322],[-44.23268,-19.93388],[-44.23152,-19.93576]]]},"properties":{"codigo":"3106705099","name":"Saraiva","population":340,"households":254,"areaKm2":4.9551,"density":68.6}},{"type":"Feature","geometry":{"type":"Polygon","coordinates":[[[-44.19457,-19.96364],[-44.19397,-19.96273],[-44.19388,-19.96105],[-44.19401,-19.96071],[-44.19523,-19.95902],[-44.19586,-19.95778],[-44.19621,-19.95639],[-44.1964,-19.95628],[-44.19744,-19.95895],[-44.19807,-19.96036],[-44.19946,-19.96161],[-44.1997,-19.96212],[-44.19983,-19.96325],[-44.20025,-19.96378],[-44.19901,-19.96369],[-44.19857,-19.96388],[-44.1979,-19.9645],[-44.19701,-19.96446],[-44.19628,-19.96399],[-44.19457,-19.96364]]]},"properties":{"codigo":"3106705017","name":"Jardim da Cidade","population":1646,"households":817,"areaKm2":0.3076,"density":5350.2}},{"type":"Feature","geometry":{"type":"Polygon","coordinates":[[[-44.2232,-19.88869],[-44.22465,-19.89001],[-44.22718,-19.89305],[-44.22857,-19.89596],[-44.22643,-19.89705],[-44.22513,-19.89809],[-44.2223,-19.90074],[-44.21946,-19.89964],[-44.21913,-19.89913],[-44.21833,-19.89846],[-44.21822,-19.89796],[-44.21876,-19.89721],[-44.21976,-19.89626],[-44.21999,-19.89504],[-44.21987,-19.89397],[-44.21968,-19.89352],[-44.21881,-19.89298],[-44.21799,-19.89212],[-44.21709,-19.89147],[-44.21698,-19.88965],[-44.2151,-19.89013],[-44.21467,-19.89072],[-44.21421,-19.89286],[-44.21493,-19.89352],[-44.21451,-19.89427],[-44.21464,-19.89496],[-44.21537,-19.89559],[-44.21545,-19.89595],[-44.2151,-19.89666],[-44.21443,-19.89665],[-44.21407,-19.89609],[-44.2135,-19.89632],[-44.21331,-19.89575],[-44.21273,-19.89561],[-44.21222,-19.89461],[-44.21289,-19.89337],[-44.21234,-19.89165],[-44.21177,-19.89137],[-44.21162,-19.89026],[-44.21091,-19.88879],[-44.21087,-19.88756],[-44.21028,-19.88649],[-44.21026,-19.88424],[-44.21045,-19.88371],[-44.21041,-19.88281],[-44.21077,-19.882],[-44.21061,-19.88103],[-44.21088,-19.88089],[-44.21079,-19.88002],[-44.21193,-19.87833],[-44.21182,-19.87724],[-44.21158,-19.87687],[-44.21248,-19.87635],[-44.21308,-19.87631],[-44.21334,-19.87567],[-44.21328,-19.87507],[-44.21389,-19.87429],[-44.21396,-19.87344],[-44.21458,-19.87265],[-44.21523,-19.8723],[-44.21573,-19.87233],[-44.21657,-19.87298],[-44.21696,-19.87361],[-44.21845,-19.87477],[-44.21812,-19.87617],[-44.21867,-19.8764],[-44.22046,-19.87669],[-44.2215,-19.87634],[-44.22306,-19.87623],[-44.22566,-19.87856],[-44.22744,-19.88127],[-44.22764,-19.88238],[-44.22621,-19.88335],[-44.22546,-19.88488],[-44.22413,-19.8857],[-44.22405,-19.8865],[-44.22363,-19.88738],[-44.2232,-19.88869]]]},"properties":{"codigo":"3106705115","name":"Fazenda Serra","population":106,"households":142,"areaKm2":3.4948,"density":30.3}},{"type":"Feature","geometry":{"type":"Polygon","coordinates":[[[-44.23355,-20.02771],[-44.23777,-20.02466],[-44.23897,-20.02548],[-44.23971,-20.02651],[-44.24019,-20.02677],[-44.24189,-20.0272],[-44.24394,-20.02889],[-44.24436,-20.02991],[-44.24419,-20.03038],[-44.2437,-20.03025],[-44.24224,-20.03214],[-44.24188,-20.03316],[-44.2418,-20.03389],[-44.23703,-20.03107],[-44.23605,-20.03023],[-44.23464,-20.02861],[-44.23355,-20.02771]]]},"properties":{"codigo":"3106705080","name":"Paquetá","population":1922,"households":868,"areaKm2":0.5653,"density":3399.8}},{"type":"Feature","geometry":{"type":"Polygon","coordinates":[[[-44.21129,-19.9377],[-44.20705,-19.93629],[-44.20659,-19.93656],[-44.20574,-19.93614],[-44.20539,-19.93535],[-44.20446,-19.93407],[-44.20493,-19.93353],[-44.20608,-19.93374],[-44.20681,-19.93358],[-44.20864,-19.93266],[-44.20942,-19.93267],[-44.21004,-19.93298],[-44.21079,-19.93255],[-44.21342,-19.93258],[-44.21472,-19.93285],[-44.21588,-19.93285],[-44.21728,-19.934],[-44.21658,-19.9343],[-44.216,-19.93482],[-44.21542,-19.9345],[-44.21469,-19.93458],[-44.21442,-19.93495],[-44.21379,-19.93518],[-44.2135,-19.93561],[-44.21271,-19.93574],[-44.21129,-19.9377]]]},"properties":{"codigo":"3106705032","name":"Residencial Lagoa","population":2091,"households":817,"areaKm2":0.4355,"density":4801.3}},{"type":"Feature","geometry":{"type":"Polygon","coordinates":[[[-44.13167,-19.92661],[-44.13748,-19.92648],[-44.14199,-19.9264],[-44.14273,-19.92664],[-44.14375,-19.92734],[-44.14445,-19.92817],[-44.14504,-19.92924],[-44.14593,-19.93011],[-44.14675,-19.93041],[-44.1479,-19.93041],[-44.14879,-19.93013],[-44.15661,-19.9268],[-44.15814,-19.92992],[-44.15792,-19.9311],[-44.15901,-19.93384],[-44.15863,-19.93509],[-44.15867,-19.93596],[-44.15639,-19.93374],[-44.15584,-19.93301],[-44.15391,-19.93374],[-44.15413,-19.9345],[-44.1573,-19.93946],[-44.15775,-19.94004],[-44.15811,-19.94114],[-44.15807,-19.94208],[-44.15627,-19.94331],[-44.15551,-19.94396],[-44.15476,-19.94424],[-44.1522,-19.9449],[-44.15152,-19.94527],[-44.15103,-19.94606],[-44.15062,-19.94723],[-44.15024,-19.94761],[-44.14958,-19.94781],[-44.14803,-19.94601],[-44.1476,-19.94526],[-44.14743,-19.94452],[-44.14753,-19.94235],[-44.14719,-19.94146],[-44.1468,-19.94097],[-44.14502,-19.93985],[-44.14425,-19.93894],[-44.14371,-19.93703],[-44.14319,-19.93481],[-44.14264,-19.93273],[-44.14238,-19.93209],[-44.14182,-19.93136],[-44.14118,-19.9308],[-44.14024,-19.93031],[-44.1359,-19.92942],[-44.13477,-19.92895],[-44.13386,-19.92828],[-44.13268,-19.9271],[-44.13167,-19.92661]]]},"properties":{"codigo":"3106705043","name":"Duque de Caxias","population":7888,"households":3424,"areaKm2":2.7986,"density":2818.6}},{"type":"Feature","geometry":{"type":"Polygon","coordinates":[[[-44.1169,-19.94181],[-44.11674,-19.94186],[-44.11459,-19.94022],[-44.11468,-19.93929],[-44.11458,-19.93858],[-44.11344,-19.9383],[-44.11264,-19.93969],[-44.1113,-19.93897],[-44.10931,-19.93981],[-44.1071,-19.94068],[-44.10604,-19.93851],[-44.10561,-19.93799],[-44.10489,-19.93666],[-44.10464,-19.936],[-44.10467,-19.93542],[-44.10617,-19.93531],[-44.10648,-19.93573],[-44.10897,-19.93529],[-44.10902,-19.93496],[-44.11136,-19.93371],[-44.1113,-19.9339],[-44.11267,-19.93561],[-44.1132,-19.93588],[-44.11397,-19.93594],[-44.1194,-19.93495],[-44.11978,-19.93697],[-44.11944,-19.9368],[-44.11907,-19.93828],[-44.11817,-19.93938],[-44.11824,-19.94013],[-44.1169,-19.94181]]]},"properties":{"codigo":"3106705108","name":"São Caetano","population":6222,"households":2570,"areaKm2":0.7421,"density":8384}},{"type":"Feature","geometry":{"type":"Polygon","coordinates":[[[-44.15527,-19.99417],[-44.15811,-19.99198],[-44.15812,-19.98994],[-44.15793,-19.98916],[-44.15745,-19.98841],[-44.15595,-19.98702],[-44.15506,-19.9868],[-44.15492,-19.98585],[-44.15561,-19.9846],[-44.15644,-19.98425],[-44.15721,-19.9843],[-44.1579,-19.98402],[-44.15875,-19.98449],[-44.1604,-19.98294],[-44.16156,-19.98214],[-44.16166,-19.98238],[-44.16249,-19.98237],[-44.16377,-19.9829],[-44.16487,-19.9836],[-44.16507,-19.98399],[-44.16705,-19.98538],[-44.16694,-19.98616],[-44.16766,-19.9867],[-44.16896,-19.9883],[-44.16848,-19.98883],[-44.16869,-19.98918],[-44.16874,-19.99029],[-44.16919,-19.9903],[-44.17014,-19.99098],[-44.17103,-19.99141],[-44.17123,-19.99201],[-44.17038,-19.99486],[-44.17027,-19.99543],[-44.1695,-19.99544],[-44.16793,-19.99635],[-44.1672,-19.99719],[-44.16616,-19.99761],[-44.16476,-19.9976],[-44.16491,-19.99887],[-44.16446,-20.00091],[-44.16419,-20.00153],[-44.16427,-20.00211],[-44.16527,-20.00308],[-44.16546,-20.00393],[-44.16597,-20.0042],[-44.16558,-20.005],[-44.16461,-20.00524],[-44.16512,-20.00772],[-44.16384,-20.00826],[-44.16295,-20.00951],[-44.16223,-20.00988],[-44.16124,-20.00968],[-44.1603,-20.01002],[-44.15926,-20.00952],[-44.15819,-20.00868],[-44.15814,-20.00824],[-44.15748,-20.00758],[-44.15728,-20.00698],[-44.15691,-20.0066],[-44.15668,-20.00555],[-44.15759,-20.00472],[-44.1585,-20.00368],[-44.15938,-20.0022],[-44.15904,-20.0013],[-44.15814,-20.00108],[-44.15742,-20.00018],[-44.15671,-19.99964],[-44.1564,-19.99878],[-44.15651,-19.9981],[-44.15621,-19.99741],[-44.15623,-19.99678],[-44.15599,-19.9957],[-44.15527,-19.99417]]]},"properties":{"codigo":"3106705011","name":"Estância do Sereno Sede","population":116,"households":89,"areaKm2":2.9738,"density":39}},{"type":"Feature","geometry":{"type":"Polygon","coordinates":[[[-44.1206,-19.94558],[-44.11938,-19.9456],[-44.11333,-19.94662],[-44.11099,-19.94705],[-44.10984,-19.94706],[-44.10906,-19.94693],[-44.10819,-19.94651],[-44.10652,-19.94642],[-44.10587,-19.94607],[-44.10536,-19.94525],[-44.10523,-19.94433],[-44.10486,-19.94352],[-44.10404,-19.94277],[-44.10436,-19.94243],[-44.10546,-19.94178],[-44.1059,-19.94227],[-44.10693,-19.94278],[-44.10755,-19.94335],[-44.10718,-19.94177],[-44.10684,-19.94079],[-44.1071,-19.94068],[-44.10931,-19.93981],[-44.1113,-19.93897],[-44.11264,-19.93969],[-44.11344,-19.9383],[-44.11458,-19.93858],[-44.11468,-19.93929],[-44.11459,-19.94022],[-44.11674,-19.94186],[-44.1169,-19.94181],[-44.11828,-19.94197],[-44.12136,-19.94219],[-44.12102,-19.94349],[-44.1206,-19.94558]]]},"properties":{"codigo":"3106705104","name":"Imbiruçu","population":8601,"households":3531,"areaKm2":1.0388,"density":8279.5}},{"type":"Feature","geometry":{"type":"Polygon","coordinates":[[[-44.1939,-19.96318],[-44.19138,-19.96066],[-44.1899,-19.95909],[-44.18882,-19.95861],[-44.18805,-19.95861],[-44.18745,-19.95769],[-44.18741,-19.95725],[-44.18799,-19.95685],[-44.18811,-19.95604],[-44.18717,-19.95412],[-44.18796,-19.95346],[-44.18989,-19.95321],[-44.19006,-19.95278],[-44.19116,-19.95124],[-44.19198,-19.95045],[-44.19194,-19.94924],[-44.1928,-19.94874],[-44.19379,-19.94952],[-44.19498,-19.95253],[-44.19544,-19.95383],[-44.1964,-19.95628],[-44.19621,-19.95639],[-44.19586,-19.95778],[-44.19523,-19.95902],[-44.19401,-19.96071],[-44.19388,-19.96105],[-44.19397,-19.96273],[-44.19457,-19.96364],[-44.1939,-19.96318]]]},"properties":{"codigo":"3106705015","name":"Ingá Alto","population":712,"households":299,"areaKm2":0.8079,"density":881.3}},{"type":"Feature","geometry":{"type":"Polygon","coordinates":[[[-44.09115,-19.95871],[-44.0945,-19.95646],[-44.09517,-19.95605],[-44.0968,-19.95562],[-44.09738,-19.9556],[-44.10255,-19.95605],[-44.10468,-19.95619],[-44.10773,-19.95596],[-44.11087,-19.95582],[-44.11422,-19.95555],[-44.11637,-19.95529],[-44.11713,-19.9553],[-44.11793,-19.95576],[-44.11956,-19.95726],[-44.12082,-19.95783],[-44.1217,-19.95778],[-44.12596,-19.95673],[-44.12862,-19.95606],[-44.13033,-19.95581],[-44.13152,-19.95583],[-44.13398,-19.95619],[-44.13382,-19.95682],[-44.1326,-19.95671],[-44.13186,-19.95687],[-44.13148,-19.95725],[-44.13113,-19.95858],[-44.13027,-19.95863],[-44.13138,-19.96105],[-44.12987,-19.96183],[-44.12874,-19.96256],[-44.12951,-19.96503],[-44.1309,-19.96556],[-44.1322,-19.96508],[-44.13288,-19.96498],[-44.13351,-19.96531],[-44.13411,-19.96662],[-44.13105,-19.96655],[-44.13084,-19.9674],[-44.13102,-19.96821],[-44.13184,-19.96864],[-44.13323,-19.97017],[-44.13489,-19.97159],[-44.1364,-19.97268],[-44.13705,-19.97353],[-44.1387,-19.97412],[-44.13911,-19.97485],[-44.13849,-19.97551],[-44.13928,-19.97597],[-44.13858,-19.97701],[-44.1389,-19.97803],[-44.139,-19.97939],[-44.13876,-19.97976],[-44.13946,-19.98017],[-44.142,-19.98142],[-44.14043,-19.98373],[-44.13904,-19.98588],[-44.13543,-19.9909],[-44.13543,-19.99138],[-44.13505,-19.99223],[-44.13418,-19.99368],[-44.13331,-19.99523],[-44.1314,-19.9965],[-44.13074,-19.99489],[-44.13095,-19.99367],[-44.13165,-19.99255],[-44.13124,-19.99188],[-44.13004,-19.99065],[-44.12907,-19.98912],[-44.12861,-19.98867],[-44.12821,-19.98756],[-44.12792,-19.98573],[-44.12767,-19.98331],[-44.12752,-19.983],[-44.12637,-19.98211],[-44.12615,-19.98135],[-44.1256,-19.98068],[-44.12465,-19.98019],[-44.12247,-19.97633],[-44.12209,-19.97604],[-44.12042,-19.97631],[-44.11972,-19.97776],[-44.11922,-19.97783],[-44.11814,-19.97904],[-44.11695,-19.97914],[-44.11547,-19.97836],[-44.11489,-19.97849],[-44.1126,-19.97986],[-44.11115,-19.98143],[-44.11092,-19.98209],[-44.11093,-19.9831],[-44.11123,-19.98524],[-44.11016,-19.98517],[-44.10891,-19.98639],[-44.10783,-19.98579],[-44.10654,-19.98601],[-44.10534,-19.98655],[-44.10469,-19.98664],[-44.10301,-19.98667],[-44.09943,-19.98729],[-44.09814,-19.98722],[-44.0978,-19.987],[-44.09727,-19.98587],[-44.09722,-19.98526],[-44.09617,-19.98358],[-44.09526,-19.98238],[-44.09366,-19.98124],[-44.09091,-19.97952],[-44.08975,-19.97951],[-44.08886,-19.97979],[-44.08829,-19.98016],[-44.08737,-19.98017],[-44.08613,-19.97954],[-44.08541,-19.97866],[-44.08547,-19.97728],[-44.0844,-19.97695],[-44.08288,-19.97433],[-44.08277,-19.9736],[-44.08328,-19.97227],[-44.08302,-19.96928],[-44.08264,-19.96824],[-44.08151,-19.96672],[-44.08706,-19.96773],[-44.09115,-19.95871]]]},"properties":{"codigo":"3106705057","name":"D. I. Paulo Camilo / Sul","population":893,"households":340,"areaKm2":15.5348,"density":57.5}},{"type":"Feature","geometry":{"type":"Polygon","coordinates":[[[-44.1374,-19.95666],[-44.13743,-19.95666],[-44.1374,-19.95733],[-44.13758,-19.95869],[-44.13694,-19.95877],[-44.13608,-19.96286],[-44.13563,-19.96339],[-44.13521,-19.96334],[-44.13508,-19.96491],[-44.13428,-19.96633],[-44.13411,-19.96662],[-44.13351,-19.96531],[-44.13288,-19.96498],[-44.1322,-19.96508],[-44.1309,-19.96556],[-44.12951,-19.96503],[-44.12874,-19.96256],[-44.12987,-19.96183],[-44.13138,-19.96105],[-44.13027,-19.95863],[-44.13113,-19.95858],[-44.13148,-19.95725],[-44.13186,-19.95687],[-44.1326,-19.95671],[-44.13382,-19.95682],[-44.13398,-19.95619],[-44.1374,-19.95666]]]},"properties":{"codigo":"3106705062","name":"Paulo Camilo","population":4395,"households":1932,"areaKm2":0.626,"density":7021.2}},{"type":"Feature","geometry":{"type":"Polygon","coordinates":[[[-44.18959,-19.91288],[-44.19023,-19.91479],[-44.19007,-19.91506],[-44.1906,-19.9157],[-44.19078,-19.91625],[-44.19061,-19.91667],[-44.19088,-19.91708],[-44.19041,-19.91813],[-44.1901,-19.9194],[-44.19102,-19.92037],[-44.19091,-19.92093],[-44.1905,-19.92138],[-44.18975,-19.92152],[-44.189,-19.92145],[-44.18898,-19.92203],[-44.18774,-19.92279],[-44.18744,-19.92349],[-44.18887,-19.92464],[-44.18904,-19.92547],[-44.18883,-19.92708],[-44.18788,-19.92627],[-44.18679,-19.92622],[-44.18618,-19.92681],[-44.18487,-19.92737],[-44.18146,-19.92651],[-44.18149,-19.92637],[-44.18154,-19.9253],[-44.18067,-19.92417],[-44.18165,-19.92396],[-44.18357,-19.92335],[-44.18397,-19.92306],[-44.18443,-19.92114],[-44.18396,-19.9202],[-44.18383,-19.91916],[-44.18461,-19.91872],[-44.18484,-19.91733],[-44.18527,-19.91628],[-44.18563,-19.91631],[-44.18624,-19.91576],[-44.18649,-19.91513],[-44.18693,-19.91511],[-44.18742,-19.91435],[-44.18744,-19.91394],[-44.18863,-19.91318],[-44.18959,-19.91288]]]},"properties":{"codigo":"3106705031","name":"Ponte Alta","population":1538,"households":587,"areaKm2":0.8505,"density":1808.4}},{"type":"Feature","geometry":{"type":"Polygon","coordinates":[[[-44.19302,-19.9645],[-44.18995,-19.96382],[-44.18865,-19.96388],[-44.18283,-19.96597],[-44.18179,-19.96622],[-44.18038,-19.96634],[-44.17615,-19.9656],[-44.17452,-19.96518],[-44.17466,-19.964],[-44.17499,-19.96372],[-44.17598,-19.96338],[-44.17704,-19.96251],[-44.17819,-19.96206],[-44.17841,-19.96176],[-44.17961,-19.96133],[-44.18042,-19.96123],[-44.18095,-19.96093],[-44.18304,-19.95949],[-44.18594,-19.95873],[-44.18655,-19.95859],[-44.18805,-19.95861],[-44.18882,-19.95861],[-44.1899,-19.95909],[-44.19138,-19.96066],[-44.1939,-19.96318],[-44.19302,-19.9645]]]},"properties":{"codigo":"3106705007","name":"Chácara","population":3029,"households":1447,"areaKm2":1.005,"density":3013.9}},{"type":"Feature","geometry":{"type":"Polygon","coordinates":[[[-44.20962,-19.94284],[-44.20694,-19.94185],[-44.20661,-19.94217],[-44.20611,-19.94202],[-44.20646,-19.94113],[-44.20251,-19.93983],[-44.20474,-19.93559],[-44.20413,-19.93507],[-44.20446,-19.93407],[-44.20539,-19.93535],[-44.20574,-19.93614],[-44.20659,-19.93656],[-44.20705,-19.93629],[-44.21129,-19.9377],[-44.21108,-19.9398],[-44.21085,-19.94021],[-44.21084,-19.94092],[-44.20976,-19.942],[-44.20962,-19.94284]]]},"properties":{"codigo":"3106705026","name":"Bom Repouso","population":1007,"households":426,"areaKm2":0.4512,"density":2231.9}},{"type":"Feature","geometry":{"type":"Polygon","coordinates":[[[-44.10467,-19.93542],[-44.1048,-19.93454],[-44.10565,-19.93242],[-44.10621,-19.93218],[-44.1046,-19.9289],[-44.10361,-19.92866],[-44.10604,-19.92744],[-44.10659,-19.92726],[-44.10746,-19.92732],[-44.10837,-19.9279],[-44.10862,-19.92848],[-44.10869,-19.9296],[-44.10922,-19.93139],[-44.10976,-19.93154],[-44.10991,-19.93206],[-44.11051,-19.93286],[-44.11099,-19.93315],[-44.11136,-19.93371],[-44.10902,-19.93496],[-44.10897,-19.93529],[-44.10648,-19.93573],[-44.10617,-19.93531],[-44.10467,-19.93542]]]},"properties":{"codigo":"3106705112","name":"Vila Universal","population":3912,"households":1607,"areaKm2":0.4029,"density":9708.4}},{"type":"Feature","geometry":{"type":"Polygon","coordinates":[[[-44.22956,-20.02233],[-44.23182,-20.02208],[-44.23176,-20.02179],[-44.23257,-20.02137],[-44.23531,-20.02068],[-44.23494,-20.02214],[-44.23436,-20.02216],[-44.23583,-20.02324],[-44.237,-20.02425],[-44.23777,-20.02466],[-44.23355,-20.02771],[-44.23253,-20.02689],[-44.23167,-20.02593],[-44.23057,-20.02443],[-44.23003,-20.0235],[-44.22956,-20.02233]]]},"properties":{"codigo":"3106705083","name":"São Jorge","population":3433,"households":1534,"areaKm2":0.3404,"density":10085.6}},{"type":"Feature","geometry":{"type":"Polygon","coordinates":[[[-44.20191,-19.92943],[-44.20404,-19.92685],[-44.20614,-19.92444],[-44.20638,-19.92503],[-44.20615,-19.92543],[-44.20647,-19.92577],[-44.20616,-19.92664],[-44.20644,-19.92753],[-44.20619,-19.92818],[-44.20657,-19.92861],[-44.20666,-19.92988],[-44.2069,-19.93058],[-44.2068,-19.93134],[-44.20623,-19.93207],[-44.20574,-19.93206],[-44.20296,-19.93077],[-44.20191,-19.92943]]]},"properties":{"codigo":"3106705033","name":"Residencial Taquaril","population":1532,"households":613,"areaKm2":0.2374,"density":6454.1}},{"type":"Feature","geometry":{"type":"Polygon","coordinates":[[[-44.24691,-19.91424],[-44.24637,-19.91478],[-44.24433,-19.91515],[-44.24176,-19.91433],[-44.24068,-19.91429],[-44.23953,-19.91401],[-44.23835,-19.91406],[-44.23697,-19.91386],[-44.23606,-19.91395],[-44.23477,-19.9139],[-44.23414,-19.91425],[-44.23169,-19.91374],[-44.23274,-19.91257],[-44.23292,-19.91206],[-44.23041,-19.91159],[-44.22895,-19.91087],[-44.22809,-19.9113],[-44.2276,-19.91119],[-44.22642,-19.90991],[-44.22626,-19.9089],[-44.226,-19.90828],[-44.22597,-19.90748],[-44.2269,-19.9061],[-44.22783,-19.90558],[-44.22851,-19.90576],[-44.22945,-19.90577],[-44.23008,-19.90529],[-44.23099,-19.90494],[-44.23156,-19.90419],[-44.23254,-19.90339],[-44.23365,-19.90295],[-44.23461,-19.9017],[-44.23609,-19.90139],[-44.23652,-19.90116],[-44.23698,-19.89952],[-44.23722,-19.89913],[-44.23883,-19.90002],[-44.24071,-19.90118],[-44.24091,-19.90094],[-44.2404,-19.89974],[-44.24031,-19.89856],[-44.24006,-19.89781],[-44.24031,-19.89696],[-44.23968,-19.89585],[-44.24008,-19.89479],[-44.2411,-19.89375],[-44.24223,-19.89303],[-44.24298,-19.89317],[-44.24396,-19.89314],[-44.24443,-19.89193],[-44.24547,-19.89159],[-44.24689,-19.89234],[-44.24724,-19.89304],[-44.24722,-19.89395],[-44.24677,-19.89473],[-44.24687,-19.89508],[-44.24835,-19.89552],[-44.25031,-19.89512],[-44.25348,-19.89516],[-44.25349,-19.89579],[-44.25313,-19.8966],[-44.25321,-19.89714],[-44.25367,-19.89763],[-44.25234,-19.90019],[-44.25176,-19.90165],[-44.25152,-19.90401],[-44.25158,-19.90564],[-44.2494,-19.9054],[-44.2495,-19.90744],[-44.24921,-19.9104],[-44.25,-19.91136],[-44.25033,-19.91199],[-44.25207,-19.91351],[-44.25143,-19.9138],[-44.25055,-19.91454],[-44.25013,-19.91514],[-44.24937,-19.91542],[-44.24783,-19.91476],[-44.24709,-19.91367],[-44.24691,-19.91424]]]},"properties":{"codigo":"3106705117","name":"Fazenda Paraíso","population":193,"households":133,"areaKm2":4.2798,"density":45.1}},{"type":"Feature","geometry":{"type":"Polygon","coordinates":[[[-44.1754,-19.9868],[-44.18245,-19.98698],[-44.18421,-19.98723],[-44.18557,-19.98763],[-44.18307,-19.98945],[-44.18268,-19.98984],[-44.18235,-19.99057],[-44.18546,-19.99115],[-44.18535,-19.99152],[-44.18614,-19.99181],[-44.18586,-19.99237],[-44.18486,-19.99328],[-44.18442,-19.99417],[-44.1838,-19.99465],[-44.18417,-19.99522],[-44.18357,-19.99597],[-44.18359,-19.99668],[-44.18313,-19.99784],[-44.18249,-19.99751],[-44.17852,-19.99696],[-44.17771,-19.99626],[-44.17696,-19.99601],[-44.17595,-19.99596],[-44.17553,-19.99569],[-44.17503,-19.9958],[-44.17164,-19.99832],[-44.17125,-19.99765],[-44.17049,-19.99572],[-44.17027,-19.99543],[-44.17038,-19.99486],[-44.17123,-19.99201],[-44.17103,-19.99141],[-44.17014,-19.99098],[-44.16919,-19.9903],[-44.16874,-19.99029],[-44.16869,-19.98918],[-44.16848,-19.98883],[-44.16896,-19.9883],[-44.16766,-19.9867],[-44.16694,-19.98616],[-44.16705,-19.98538],[-44.16507,-19.98399],[-44.16487,-19.9836],[-44.16377,-19.9829],[-44.16249,-19.98237],[-44.16166,-19.98238],[-44.16156,-19.98214],[-44.16089,-19.98108],[-44.16039,-19.98082],[-44.16048,-19.98032],[-44.1601,-19.97992],[-44.15983,-19.97915],[-44.16012,-19.97821],[-44.15988,-19.97744],[-44.15999,-19.97698],[-44.15972,-19.97558],[-44.15993,-19.97511],[-44.16012,-19.97339],[-44.16081,-19.97388],[-44.16076,-19.97653],[-44.1605,-19.97638],[-44.16045,-19.97835],[-44.16059,-19.97931],[-44.16118,-19.98021],[-44.16283,-19.98151],[-44.16631,-19.98399],[-44.16832,-19.9856],[-44.17,-19.98644],[-44.17072,-19.98654],[-44.1754,-19.9868]]]},"properties":{"codigo":"3106705010","name":"D.I. Bandeirinhas","population":1,"households":1,"areaKm2":1.8528,"density":0.5}},{"type":"Feature","geometry":{"type":"Polygon","coordinates":[[[-44.20566,-20.03546],[-44.20602,-20.03612],[-44.20688,-20.03822],[-44.20676,-20.03931],[-44.20782,-20.04142],[-44.2065,-20.04116],[-44.20525,-20.04112],[-44.20385,-20.04122],[-44.2021,-20.04011],[-44.20155,-20.03999],[-44.20078,-20.04017],[-44.20031,-20.04051],[-44.19853,-20.04261],[-44.19761,-20.04486],[-44.19692,-20.04604],[-44.19727,-20.04813],[-44.19678,-20.04933],[-44.19566,-20.05061],[-44.19474,-20.05129],[-44.19313,-20.04956],[-44.1921,-20.04933],[-44.19078,-20.04855],[-44.19045,-20.04738],[-44.18987,-20.04696],[-44.18994,-20.04654],[-44.19043,-20.04639],[-44.1904,-20.04595],[-44.18996,-20.0451],[-44.18925,-20.04515],[-44.18874,-20.0457],[-44.18771,-20.04635],[-44.18652,-20.04681],[-44.18494,-20.04759],[-44.18305,-20.04764],[-44.1826,-20.04744],[-44.18249,-20.04699],[-44.18265,-20.04616],[-44.18115,-20.04588],[-44.18049,-20.04435],[-44.18011,-20.04266],[-44.17975,-20.04197],[-44.17765,-20.04037],[-44.17712,-20.03976],[-44.1761,-20.03966],[-44.17516,-20.03924],[-44.17477,-20.03804],[-44.17491,-20.03714],[-44.17615,-20.03629],[-44.1765,-20.03562],[-44.17741,-20.03596],[-44.17972,-20.0359],[-44.18061,-20.03545],[-44.18047,-20.03498],[-44.17986,-20.03408],[-44.18,-20.0332],[-44.17985,-20.03254],[-44.18,-20.03104],[-44.17973,-20.03037],[-44.17869,-20.0304],[-44.17858,-20.0308],[-44.17841,-20.03024],[-44.17906,-20.02955],[-44.17919,-20.029],[-44.17867,-20.02778],[-44.17869,-20.02723],[-44.17837,-20.0262],[-44.17868,-20.02538],[-44.17908,-20.0249],[-44.1804,-20.02462],[-44.18192,-20.02332],[-44.18293,-20.02327],[-44.18485,-20.02199],[-44.18513,-20.02133],[-44.18506,-20.0209],[-44.18538,-20.02031],[-44.1861,-20.01986],[-44.18662,-20.02017],[-44.18773,-20.02025],[-44.1885,-20.02049],[-44.18858,-20.01918],[-44.18923,-20.01859],[-44.18935,-20.01789],[-44.18981,-20.0176],[-44.18918,-20.01594],[-44.18984,-20.01534],[-44.18997,-20.01391],[-44.1904,-20.01351],[-44.19061,-20.01197],[-44.19033,-20.01104],[-44.19032,-20.00992],[-44.18989,-20.00964],[-44.18981,-20.00855],[-44.1907,-20.00724],[-44.19155,-20.00636],[-44.19163,-20.00595],[-44.19212,-20.00533],[-44.19269,-20.00355],[-44.19359,-20.00343],[-44.19403,-20.00365],[-44.19473,-20.00284],[-44.19497,-20.00223],[-44.19577,-20.00202],[-44.19672,-20.00108],[-44.19796,-20.00085],[-44.19862,-20.00036],[-44.19862,-19.99939],[-44.19876,-19.99864],[-44.19861,-19.99814],[-44.19906,-19.99736],[-44.19985,-19.99714],[-44.20011,-19.99592],[-44.20041,-19.99582],[-44.2014,-19.9949],[-44.20116,-19.99366],[-44.2015,-19.9929],[-44.20099,-19.99203],[-44.20136,-19.99081],[-44.20117,-19.99044],[-44.20152,-19.98925],[-44.20199,-19.9886],[-44.20213,-19.98793],[-44.20283,-19.98726],[-44.20335,-19.98646],[-44.20429,-19.98784],[-44.20507,-19.98876],[-44.20627,-19.98992],[-44.20693,-19.99085],[-44.20727,-19.99155],[-44.20828,-19.99417],[-44.20895,-19.99567],[-44.20953,-19.99662],[-44.21057,-19.99851],[-44.21274,-20.00372],[-44.21405,-20.00543],[-44.2194,-20.01145],[-44.2188,-20.0118],[-44.21751,-20.01193],[-44.21698,-20.0121],[-44.21624,-20.01276],[-44.21609,-20.01319],[-44.21498,-20.01312],[-44.2141,-20.0124],[-44.21342,-20.01153],[-44.21295,-20.01144],[-44.21168,-20.01175],[-44.21175,-20.01225],[-44.20213,-20.0154],[-44.20379,-20.01791],[-44.2042,-20.01948],[-44.20491,-20.02001],[-44.20607,-20.0205],[-44.20664,-20.02087],[-44.20716,-20.02165],[-44.21021,-20.02167],[-44.2122,-20.02195],[-44.2139,-20.02228],[-44.21543,-20.02337],[-44.21503,-20.02439],[-44.215,-20.02496],[-44.21113,-20.02934],[-44.21027,-20.03038],[-44.20954,-20.0322],[-44.20848,-20.03176],[-44.20757,-20.03196],[-44.20729,-20.03231],[-44.20609,-20.03254],[-44.20636,-20.03309],[-44.20609,-20.03362],[-44.20618,-20.03421],[-44.20542,-20.0346],[-44.20527,-20.03489],[-44.20566,-20.03546]]]},"properties":{"codigo":"3106705118","name":"Fazenda Serrinha","population":166,"households":142,"areaKm2":14.3395,"density":11.6}},{"type":"Feature","geometry":{"type":"Polygon","coordinates":[[[-44.10467,-19.93542],[-44.10393,-19.93548],[-44.10332,-19.93613],[-44.10151,-19.93567],[-44.09977,-19.93427],[-44.09973,-19.93309],[-44.09947,-19.93226],[-44.09955,-19.93171],[-44.10017,-19.93149],[-44.099,-19.92959],[-44.0996,-19.92961],[-44.10123,-19.92907],[-44.10272,-19.92901],[-44.10361,-19.92866],[-44.1046,-19.9289],[-44.10621,-19.93218],[-44.10565,-19.93242],[-44.1048,-19.93454],[-44.10467,-19.93542]]]},"properties":{"codigo":"3106705103","name":"Granja Verde","population":5169,"households":2121,"areaKm2":0.4193,"density":12326.8}},{"type":"Feature","geometry":{"type":"Polygon","coordinates":[[[-44.16255,-19.95733],[-44.16341,-19.95536],[-44.16441,-19.95449],[-44.16478,-19.95575],[-44.16568,-19.95668],[-44.1661,-19.95612],[-44.16735,-19.95509],[-44.16915,-19.95698],[-44.1696,-19.95718],[-44.17212,-19.9577],[-44.17482,-19.95875],[-44.17506,-19.95891],[-44.1773,-19.96133],[-44.17841,-19.96176],[-44.17819,-19.96206],[-44.17704,-19.96251],[-44.17598,-19.96338],[-44.17499,-19.96372],[-44.17466,-19.964],[-44.17452,-19.96518],[-44.1736,-19.96493],[-44.17239,-19.9646],[-44.17149,-19.96438],[-44.17107,-19.96425],[-44.16783,-19.96342],[-44.16104,-19.96157],[-44.16127,-19.96055],[-44.1608,-19.95913],[-44.16235,-19.95775],[-44.16255,-19.95733]]]},"properties":{"codigo":"3106705038","name":"Betim Industrial","population":4978,"households":2393,"areaKm2":1.1376,"density":4375.7}},{"type":"Feature","geometry":{"type":"Polygon","coordinates":[[[-44.16283,-19.98151],[-44.16118,-19.98021],[-44.16059,-19.97931],[-44.16045,-19.97835],[-44.1605,-19.97638],[-44.16076,-19.97653],[-44.16081,-19.97388],[-44.16012,-19.97339],[-44.15993,-19.97511],[-44.15972,-19.97558],[-44.15999,-19.97698],[-44.15988,-19.97744],[-44.16012,-19.97821],[-44.15983,-19.97915],[-44.1601,-19.97992],[-44.16048,-19.98032],[-44.16039,-19.98082],[-44.16089,-19.98108],[-44.16156,-19.98214],[-44.1604,-19.98294],[-44.15875,-19.98449],[-44.1579,-19.98402],[-44.15721,-19.9843],[-44.15644,-19.98425],[-44.15561,-19.9846],[-44.15492,-19.98585],[-44.15506,-19.9868],[-44.15494,-19.98685],[-44.15399,-19.9863],[-44.15389,-19.98488],[-44.15431,-19.98433],[-44.15376,-19.98266],[-44.15347,-19.98249],[-44.1535,-19.98182],[-44.15424,-19.98102],[-44.15327,-19.98039],[-44.15172,-19.97999],[-44.15123,-19.98037],[-44.15099,-19.98112],[-44.15068,-19.98144],[-44.14974,-19.98108],[-44.14967,-19.98039],[-44.14897,-19.98018],[-44.14888,-19.97971],[-44.14916,-19.97879],[-44.1498,-19.97821],[-44.15075,-19.97797],[-44.15144,-19.97754],[-44.15124,-19.97558],[-44.14996,-19.97431],[-44.14842,-19.97335],[-44.1476,-19.97233],[-44.14693,-19.97094],[-44.14643,-19.97078],[-44.14551,-19.97],[-44.14461,-19.96886],[-44.14256,-19.96809],[-44.14176,-19.96739],[-44.14098,-19.96774],[-44.14044,-19.96719],[-44.1399,-19.96562],[-44.1409,-19.9644],[-44.14196,-19.96411],[-44.14304,-19.96348],[-44.14413,-19.96241],[-44.14435,-19.96136],[-44.14461,-19.9613],[-44.14472,-19.96009],[-44.14584,-19.95894],[-44.14578,-19.95638],[-44.14588,-19.95594],[-44.14548,-19.95586],[-44.14658,-19.9559],[-44.14881,-19.95627],[-44.15081,-19.95699],[-44.15238,-19.95799],[-44.15397,-19.95939],[-44.1551,-19.96],[-44.16104,-19.96157],[-44.16783,-19.96342],[-44.17107,-19.96425],[-44.17149,-19.96438],[-44.17239,-19.9646],[-44.1736,-19.96493],[-44.17324,-19.96483],[-44.17307,-19.9653],[-44.17304,-19.96558],[-44.17315,-19.96706],[-44.1737,-19.96742],[-44.17177,-19.97136],[-44.17147,-19.97113],[-44.17056,-19.972],[-44.17059,-19.97228],[-44.16924,-19.97372],[-44.16806,-19.97469],[-44.16802,-19.97556],[-44.16761,-19.97633],[-44.16715,-19.97609],[-44.16602,-19.97788],[-44.16527,-19.97876],[-44.16464,-19.97926],[-44.16283,-19.98151]]]},"properties":{"codigo":"3106705023","name":"São João","population":9121,"households":3859,"areaKm2":5.8879,"density":1549.1}},{"type":"Feature","geometry":{"type":"Polygon","coordinates":[[[-44.10226,-19.93948],[-44.09962,-19.93777],[-44.09907,-19.93707],[-44.09871,-19.93557],[-44.09842,-19.93488],[-44.09751,-19.93413],[-44.09637,-19.93416],[-44.0957,-19.9346],[-44.09537,-19.93529],[-44.09534,-19.9372],[-44.09488,-19.93776],[-44.09383,-19.93811],[-44.09284,-19.9381],[-44.0921,-19.93836],[-44.09164,-19.93887],[-44.09123,-19.93962],[-44.09054,-19.94028],[-44.08973,-19.94044],[-44.08865,-19.93992],[-44.0882,-19.93894],[-44.08834,-19.93685],[-44.08819,-19.9363],[-44.08768,-19.93572],[-44.08721,-19.9355],[-44.08591,-19.93524],[-44.08517,-19.93529],[-44.08296,-19.93606],[-44.08311,-19.93532],[-44.08635,-19.93449],[-44.08813,-19.9345],[-44.08949,-19.93438],[-44.09082,-19.93371],[-44.09109,-19.93311],[-44.09175,-19.9324],[-44.09322,-19.93242],[-44.09454,-19.93186],[-44.09529,-19.93069],[-44.0962,-19.92994],[-44.09739,-19.92954],[-44.09812,-19.92983],[-44.099,-19.92959],[-44.10017,-19.93149],[-44.09955,-19.93171],[-44.09947,-19.93226],[-44.09973,-19.93309],[-44.09977,-19.93427],[-44.10151,-19.93567],[-44.10332,-19.93613],[-44.10393,-19.93548],[-44.10467,-19.93542],[-44.10464,-19.936],[-44.10489,-19.93666],[-44.10561,-19.93799],[-44.10604,-19.93851],[-44.1071,-19.94068],[-44.10684,-19.94079],[-44.10718,-19.94177],[-44.10755,-19.94335],[-44.10693,-19.94278],[-44.1059,-19.94227],[-44.10546,-19.94178],[-44.10436,-19.94243],[-44.10404,-19.94277],[-44.1036,-19.94222],[-44.10292,-19.94018],[-44.10226,-19.93948]]]},"properties":{"codigo":"3106705102","name":"Capelinha","population":7277,"households":2794,"areaKm2":1.1824,"density":6154.6}},{"type":"Feature","geometry":{"type":"Polygon","coordinates":[[[-44.2411,-19.96697],[-44.24074,-19.96696],[-44.24056,-19.96608],[-44.24085,-19.96559],[-44.24066,-19.96468],[-44.24136,-19.96429],[-44.24195,-19.96361],[-44.24154,-19.9632],[-44.24155,-19.96275],[-44.24071,-19.96267],[-44.2417,-19.96241],[-44.24233,-19.96166],[-44.24236,-19.96131],[-44.24162,-19.96099],[-44.24101,-19.96028],[-44.24078,-19.95973],[-44.24073,-19.95888],[-44.24136,-19.95677],[-44.2418,-19.95617],[-44.24281,-19.95573],[-44.24414,-19.95461],[-44.24456,-19.95404],[-44.24547,-19.95363],[-44.24646,-19.95334],[-44.2479,-19.95338],[-44.24802,-19.95385],[-44.24859,-19.95459],[-44.24884,-19.95593],[-44.2549,-19.95369],[-44.25472,-19.95287],[-44.25493,-19.95167],[-44.25463,-19.9505],[-44.25488,-19.95],[-44.25481,-19.94947],[-44.25411,-19.94879],[-44.25362,-19.94854],[-44.25214,-19.94821],[-44.25109,-19.94834],[-44.25032,-19.94815],[-44.24999,-19.94783],[-44.24985,-19.94697],[-44.24998,-19.94549],[-44.24989,-19.94403],[-44.24955,-19.94327],[-44.24901,-19.94303],[-44.24778,-19.94317],[-44.24651,-19.94277],[-44.24589,-19.94181],[-44.24731,-19.9423],[-44.24817,-19.94213],[-44.24929,-19.94096],[-44.2497,-19.94077],[-44.25052,-19.94083],[-44.25141,-19.94136],[-44.25247,-19.94216],[-44.2531,-19.94225],[-44.25384,-19.94207],[-44.25527,-19.94144],[-44.25722,-19.94112],[-44.25847,-19.94124],[-44.25983,-19.94172],[-44.26145,-19.94253],[-44.26264,-19.94272],[-44.26639,-19.94287],[-44.26678,-19.9443],[-44.26725,-19.94518],[-44.26691,-19.94592],[-44.26687,-19.94721],[-44.26668,-19.94803],[-44.26698,-19.94865],[-44.26782,-19.94909],[-44.26904,-19.95018],[-44.26939,-19.95082],[-44.26929,-19.95143],[-44.2696,-19.95219],[-44.27007,-19.95267],[-44.27052,-19.95354],[-44.27243,-19.95439],[-44.27332,-19.95523],[-44.27389,-19.95512],[-44.27399,-19.95555],[-44.27751,-19.95612],[-44.27714,-19.95773],[-44.2789,-19.95879],[-44.28006,-19.95827],[-44.28083,-19.95899],[-44.28158,-19.95898],[-44.28142,-19.95991],[-44.28202,-19.96107],[-44.28097,-19.96208],[-44.28027,-19.9637],[-44.28018,-19.96471],[-44.27949,-19.96629],[-44.27929,-19.96727],[-44.27681,-19.9676],[-44.27543,-19.96753],[-44.27477,-19.96915],[-44.27386,-19.96955],[-44.27315,-19.97061],[-44.2726,-19.97048],[-44.27199,-19.97077],[-44.27207,-19.97204],[-44.27187,-19.97267],[-44.27137,-19.97285],[-44.27074,-19.9727],[-44.27111,-19.97152],[-44.26951,-19.97101],[-44.26929,-19.97048],[-44.26966,-19.97012],[-44.26928,-19.96969],[-44.26822,-19.96997],[-44.26787,-19.96974],[-44.26828,-19.96897],[-44.26796,-19.96875],[-44.26729,-19.96892],[-44.26645,-19.96785],[-44.26593,-19.96786],[-44.26551,-19.96843],[-44.26511,-19.96779],[-44.26299,-19.96796],[-44.26205,-19.9688],[-44.26172,-19.96971],[-44.26116,-19.96991],[-44.26133,-19.97061],[-44.26083,-19.97113],[-44.26092,-19.97349],[-44.25989,-19.97435],[-44.25943,-19.97427],[-44.25788,-19.97493],[-44.25757,-19.97542],[-44.25708,-19.97514],[-44.25608,-19.97497],[-44.25553,-19.97432],[-44.25453,-19.97503],[-44.25396,-19.97473],[-44.25319,-19.97469],[-44.25321,-19.97325],[-44.25357,-19.97257],[-44.25334,-19.9718],[-44.25217,-19.97136],[-44.25231,-19.97064],[-44.25162,-19.97032],[-44.25203,-19.96962],[-44.25083,-19.96967],[-44.25016,-19.96798],[-44.24986,-19.96675],[-44.24853,-19.96676],[-44.24813,-19.96638],[-44.2472,-19.96643],[-44.24662,-19.96539],[-44.24627,-19.96529],[-44.24538,-19.96604],[-44.24455,-19.96526],[-44.24412,-19.96529],[-44.24375,-19.96605],[-44.24285,-19.96575],[-44.24214,-19.96589],[-44.24226,-19.96672],[-44.2411,-19.96697]]]},"properties":{"codigo":"3106705088","name":"Flores e Florestas","population":343,"households":222,"areaKm2":8.9797,"density":38.2}},{"type":"Feature","geometry":{"type":"Polygon","coordinates":[[[-44.15005,-19.85809],[-44.14971,-19.85784],[-44.14967,-19.85589],[-44.14937,-19.85518],[-44.15026,-19.85505],[-44.15091,-19.85397],[-44.15137,-19.85395],[-44.15174,-19.85279],[-44.15251,-19.85283],[-44.15315,-19.85127],[-44.15285,-19.85076],[-44.15288,-19.85031],[-44.15375,-19.84932],[-44.15641,-19.84835],[-44.15813,-19.84593],[-44.15865,-19.8439],[-44.15894,-19.84372],[-44.16022,-19.84346],[-44.16072,-19.84322],[-44.16149,-19.84243],[-44.16204,-19.84221],[-44.16295,-19.84243],[-44.16334,-19.84326],[-44.16435,-19.84442],[-44.16522,-19.84453],[-44.16623,-19.84516],[-44.16667,-19.84611],[-44.16733,-19.84682],[-44.16799,-19.8469],[-44.16735,-19.84884],[-44.16749,-19.85027],[-44.16774,-19.85093],[-44.16825,-19.85151],[-44.16974,-19.8521],[-44.17033,-19.85333],[-44.17061,-19.85427],[-44.17122,-19.85545],[-44.17077,-19.85685],[-44.16974,-19.85712],[-44.16843,-19.85851],[-44.16943,-19.85979],[-44.17131,-19.86147],[-44.17081,-19.86168],[-44.17009,-19.86259],[-44.16993,-19.86317],[-44.17026,-19.86478],[-44.16951,-19.86565],[-44.16887,-19.86609],[-44.16842,-19.86753],[-44.16744,-19.86845],[-44.16848,-19.86919],[-44.16855,-19.86972],[-44.16797,-19.87086],[-44.16776,-19.87219],[-44.16855,-19.87276],[-44.16623,-19.87465],[-44.16526,-19.875],[-44.16453,-19.8751],[-44.16398,-19.87486],[-44.16323,-19.87498],[-44.16283,-19.87437],[-44.15912,-19.87531],[-44.15892,-19.87563],[-44.15736,-19.87575],[-44.15705,-19.87552],[-44.15611,-19.87573],[-44.15593,-19.87631],[-44.15593,-19.87746],[-44.15382,-19.87772],[-44.15403,-19.87708],[-44.15403,-19.87572],[-44.15434,-19.87454],[-44.15408,-19.87282],[-44.15368,-19.8716],[-44.15363,-19.87107],[-44.15311,-19.87008],[-44.15284,-19.86911],[-44.15331,-19.86791],[-44.1532,-19.86725],[-44.15242,-19.867],[-44.15203,-19.86652],[-44.15155,-19.8664],[-44.15113,-19.86525],[-44.15155,-19.86358],[-44.15059,-19.8628],[-44.15035,-19.8615],[-44.15086,-19.86083],[-44.15083,-19.86037],[-44.15044,-19.85967],[-44.15005,-19.85861],[-44.15005,-19.85809]]]},"properties":{"codigo":"3106705045","name":"Icaivera / Parque do Cedro","population":12198,"households":5256,"areaKm2":5.8426,"density":2087.8}},{"type":"Feature","geometry":{"type":"Polygon","coordinates":[[[-44.30491,-19.94874],[-44.30418,-19.949],[-44.30273,-19.94928],[-44.30123,-19.94972],[-44.3007,-19.95008],[-44.30043,-19.9506],[-44.30026,-19.95175],[-44.29996,-19.95242],[-44.29834,-19.95337],[-44.29749,-19.95398],[-44.29669,-19.95526],[-44.29635,-19.95636],[-44.29608,-19.95839],[-44.2958,-19.95939],[-44.29516,-19.95921],[-44.29432,-19.9605],[-44.29335,-19.96178],[-44.2928,-19.96233],[-44.29157,-19.96264],[-44.29054,-19.96241],[-44.28983,-19.96172],[-44.2892,-19.96138],[-44.28853,-19.96056],[-44.28748,-19.95981],[-44.28666,-19.95974],[-44.28308,-19.96043],[-44.28213,-19.96084],[-44.28202,-19.96107],[-44.28142,-19.95991],[-44.28158,-19.95898],[-44.28083,-19.95899],[-44.28006,-19.95827],[-44.2789,-19.95879],[-44.27714,-19.95773],[-44.27751,-19.95612],[-44.27399,-19.95555],[-44.27389,-19.95512],[-44.27332,-19.95523],[-44.27243,-19.95439],[-44.27052,-19.95354],[-44.27007,-19.95267],[-44.2696,-19.95219],[-44.27024,-19.9519],[-44.27399,-19.95048],[-44.27533,-19.94976],[-44.27393,-19.94903],[-44.27363,-19.94867],[-44.27533,-19.94805],[-44.27647,-19.94871],[-44.27737,-19.94872],[-44.27854,-19.94798],[-44.27986,-19.94635],[-44.285,-19.94766],[-44.2861,-19.94764],[-44.28677,-19.9473],[-44.28786,-19.94643],[-44.28889,-19.94586],[-44.28955,-19.94563],[-44.29102,-19.94544],[-44.29549,-19.94554],[-44.29627,-19.94549],[-44.29805,-19.94503],[-44.29891,-19.94504],[-44.29947,-19.94524],[-44.30399,-19.94812],[-44.30491,-19.94874]]]},"properties":{"codigo":"3106705100","name":"Vale Verde","population":201,"households":121,"areaKm2":3.946,"density":50.9}},{"type":"Feature","geometry":{"type":"Polygon","coordinates":[[[-44.12397,-19.94745],[-44.12394,-19.94784],[-44.12463,-19.951],[-44.12596,-19.95673],[-44.1217,-19.95778],[-44.12082,-19.95783],[-44.11956,-19.95726],[-44.11793,-19.95576],[-44.11713,-19.9553],[-44.11637,-19.95529],[-44.11422,-19.95555],[-44.11087,-19.95582],[-44.11092,-19.95374],[-44.11081,-19.95262],[-44.11047,-19.95104],[-44.11083,-19.95016],[-44.1115,-19.95023],[-44.11316,-19.9497],[-44.11369,-19.94971],[-44.11333,-19.94662],[-44.11938,-19.9456],[-44.1206,-19.94558],[-44.12129,-19.94584],[-44.12397,-19.94745]]]},"properties":{"codigo":"3106705072","name":"Jardim Terezópolis","population":19566,"households":8145,"areaKm2":1.543,"density":12680.6}},{"type":"Feature","geometry":{"type":"Polygon","coordinates":[[[-44.20593,-19.95197],[-44.20493,-19.95253],[-44.20391,-19.95382],[-44.2036,-19.95367],[-44.20388,-19.95272],[-44.20042,-19.95197],[-44.2005,-19.95111],[-44.19976,-19.95039],[-44.19927,-19.94835],[-44.20318,-19.94858],[-44.20396,-19.94869],[-44.20531,-19.94913],[-44.20669,-19.94972],[-44.20641,-19.95033],[-44.20593,-19.95197]]]},"properties":{"codigo":"3106705035","name":"Santa Lúcia","population":1272,"households":605,"areaKm2":0.2791,"density":4557.3}},{"type":"Feature","geometry":{"type":"Polygon","coordinates":[[[-44.13428,-19.96633],[-44.13508,-19.96491],[-44.13521,-19.96334],[-44.13563,-19.96339],[-44.13608,-19.96286],[-44.13694,-19.95877],[-44.13758,-19.95869],[-44.1374,-19.95733],[-44.13743,-19.95666],[-44.13842,-19.95674],[-44.13982,-19.95663],[-44.14179,-19.95637],[-44.14588,-19.95594],[-44.14578,-19.95638],[-44.14584,-19.95894],[-44.14472,-19.96009],[-44.14461,-19.9613],[-44.14435,-19.96136],[-44.14413,-19.96241],[-44.14304,-19.96348],[-44.14196,-19.96411],[-44.1409,-19.9644],[-44.1399,-19.96562],[-44.13856,-19.96579],[-44.13428,-19.96633]]]},"properties":{"codigo":"3106705065","name":"Santa Cruz","population":4685,"households":2097,"areaKm2":0.8479,"density":5525.5}},{"type":"Feature","geometry":{"type":"Polygon","coordinates":[[[-44.17964,-19.97675],[-44.1801,-19.97677],[-44.18111,-19.97615],[-44.18295,-19.97642],[-44.1868,-19.97634],[-44.1864,-19.97746],[-44.1864,-19.97854],[-44.18589,-19.97944],[-44.18443,-19.98015],[-44.18429,-19.98038],[-44.1846,-19.98125],[-44.18509,-19.98167],[-44.18576,-19.98192],[-44.18629,-19.98241],[-44.18636,-19.98316],[-44.18669,-19.98417],[-44.18735,-19.9853],[-44.18689,-19.98656],[-44.18634,-19.98715],[-44.18557,-19.98763],[-44.18421,-19.98723],[-44.18245,-19.98698],[-44.1754,-19.9868],[-44.17548,-19.98604],[-44.17599,-19.98538],[-44.17707,-19.98469],[-44.17698,-19.98364],[-44.17638,-19.98208],[-44.17641,-19.98117],[-44.17824,-19.97994],[-44.17866,-19.97934],[-44.17993,-19.97789],[-44.17964,-19.97675]]]},"properties":{"codigo":"3106705002","name":"Arquipélago Verde","population":565,"households":268,"areaKm2":1.0739,"density":526.1}},{"type":"Feature","geometry":{"type":"Polygon","coordinates":[[[-44.13334,-19.94385],[-44.13394,-19.94129],[-44.13452,-19.94134],[-44.13577,-19.94111],[-44.13584,-19.94135],[-44.13814,-19.94243],[-44.13855,-19.94372],[-44.13889,-19.94391],[-44.13949,-19.94479],[-44.14015,-19.94491],[-44.14038,-19.94649],[-44.14019,-19.94696],[-44.14097,-19.94852],[-44.14204,-19.94968],[-44.14312,-19.95145],[-44.14317,-19.95185],[-44.14387,-19.95232],[-44.14347,-19.95272],[-44.14178,-19.95112],[-44.14061,-19.95057],[-44.13884,-19.94938],[-44.13837,-19.94887],[-44.13722,-19.94674],[-44.13628,-19.94517],[-44.13432,-19.94406],[-44.13334,-19.94385]]]},"properties":{"codigo":"3106705101","name":"Amarante","population":2718,"households":1156,"areaKm2":0.3978,"density":6833.4}},{"type":"Feature","geometry":{"type":"Polygon","coordinates":[[[-44.27328,-19.93597],[-44.27369,-19.93781],[-44.27272,-19.93826],[-44.27291,-19.93922],[-44.27337,-19.94012],[-44.27281,-19.9408],[-44.27162,-19.94086],[-44.27123,-19.94063],[-44.27071,-19.94216],[-44.26811,-19.94182],[-44.26626,-19.9423],[-44.26464,-19.94217],[-44.26292,-19.94259],[-44.26192,-19.94236],[-44.26019,-19.9412],[-44.25883,-19.94073],[-44.25767,-19.94067],[-44.25722,-19.94112],[-44.25527,-19.94144],[-44.25384,-19.94207],[-44.2531,-19.94225],[-44.25247,-19.94216],[-44.25141,-19.94136],[-44.25052,-19.94083],[-44.2497,-19.94077],[-44.24929,-19.94096],[-44.24817,-19.94213],[-44.24786,-19.93989],[-44.2479,-19.93958],[-44.24569,-19.93524],[-44.24547,-19.93463],[-44.24489,-19.93416],[-44.24581,-19.93138],[-44.2431,-19.93091],[-44.24259,-19.93074],[-44.2374,-19.92868],[-44.23798,-19.92824],[-44.23999,-19.92733],[-44.24109,-19.92624],[-44.24142,-19.92441],[-44.24177,-19.92355],[-44.24175,-19.92241],[-44.2422,-19.92167],[-44.24473,-19.92281],[-44.24558,-19.92333],[-44.24627,-19.92441],[-44.25014,-19.92996],[-44.25273,-19.93164],[-44.25555,-19.93319],[-44.25772,-19.93397],[-44.25969,-19.93456],[-44.26236,-19.93506],[-44.26341,-19.935],[-44.26447,-19.9344],[-44.2649,-19.93399],[-44.26633,-19.93169],[-44.26684,-19.92964],[-44.26716,-19.92935],[-44.26874,-19.92893],[-44.26919,-19.93011],[-44.27109,-19.93469],[-44.2716,-19.93505],[-44.27275,-19.93526],[-44.27328,-19.93597]]]},"properties":{"codigo":"3106705097","name":"Bodocó","population":188,"households":96,"areaKm2":3.4944,"density":53.8}},{"type":"Feature","geometry":{"type":"Polygon","coordinates":[[[-44.10724,-19.94809],[-44.10892,-19.94711],[-44.10906,-19.94693],[-44.10984,-19.94706],[-44.11099,-19.94705],[-44.11333,-19.94662],[-44.11369,-19.94971],[-44.11316,-19.9497],[-44.1115,-19.95023],[-44.11083,-19.95016],[-44.11047,-19.95104],[-44.11081,-19.95262],[-44.11092,-19.95374],[-44.11087,-19.95582],[-44.10773,-19.95596],[-44.10468,-19.95619],[-44.10255,-19.95605],[-44.09738,-19.9556],[-44.0968,-19.95562],[-44.09671,-19.95525],[-44.0971,-19.95448],[-44.09786,-19.95447],[-44.09789,-19.95398],[-44.09726,-19.95298],[-44.09982,-19.95323],[-44.10205,-19.9533],[-44.1036,-19.95344],[-44.10345,-19.95192],[-44.1046,-19.95183],[-44.10538,-19.95021],[-44.10595,-19.95003],[-44.10697,-19.94899],[-44.10785,-19.94875],[-44.10724,-19.94809]]]},"properties":{"codigo":"3106705074","name":"Santo Antônio","population":4124,"households":1755,"areaKm2":0.8783,"density":4695.2}},{"type":"Feature","geometry":{"type":"Polygon","coordinates":[[[-44.14897,-19.98141],[-44.14851,-19.98159],[-44.14795,-19.98099],[-44.14783,-19.98054],[-44.14805,-19.97976],[-44.14743,-19.97839],[-44.1452,-19.97515],[-44.14476,-19.97465],[-44.14394,-19.97379],[-44.14162,-19.96975],[-44.14039,-19.96868],[-44.13995,-19.96817],[-44.13905,-19.96747],[-44.13856,-19.96579],[-44.1399,-19.96562],[-44.14044,-19.96719],[-44.14098,-19.96774],[-44.14176,-19.96739],[-44.14256,-19.96809],[-44.14461,-19.96886],[-44.14551,-19.97],[-44.14643,-19.97078],[-44.14693,-19.97094],[-44.1476,-19.97233],[-44.14842,-19.97335],[-44.14996,-19.97431],[-44.15124,-19.97558],[-44.15144,-19.97754],[-44.15075,-19.97797],[-44.1498,-19.97821],[-44.14916,-19.97879],[-44.14888,-19.97971],[-44.14897,-19.98018],[-44.14897,-19.98141]]]},"properties":{"codigo":"3106705064","name":"Presidente Kennedy","population":3581,"households":1486,"areaKm2":0.6377,"density":5615.4}},{"type":"Feature","geometry":{"type":"Polygon","coordinates":[[[-44.17027,-19.94936],[-44.16952,-19.95034],[-44.16826,-19.95258],[-44.16723,-19.95314],[-44.16667,-19.95383],[-44.16626,-19.95256],[-44.16605,-19.95054],[-44.16542,-19.94924],[-44.16515,-19.94759],[-44.16356,-19.94415],[-44.16269,-19.94345],[-44.16213,-19.94334],[-44.15828,-19.94333],[-44.15696,-19.94341],[-44.15551,-19.94396],[-44.15627,-19.94331],[-44.15807,-19.94208],[-44.15811,-19.94114],[-44.15775,-19.94004],[-44.1573,-19.93946],[-44.15413,-19.9345],[-44.15391,-19.93374],[-44.15584,-19.93301],[-44.15639,-19.93374],[-44.15867,-19.93596],[-44.16109,-19.93697],[-44.16167,-19.93771],[-44.16384,-19.93713],[-44.1635,-19.93416],[-44.16448,-19.93281],[-44.16474,-19.93188],[-44.16831,-19.93135],[-44.17018,-19.93103],[-44.17075,-19.93186],[-44.17203,-19.9329],[-44.16896,-19.93872],[-44.16926,-19.93987],[-44.17037,-19.94283],[-44.1709,-19.94232],[-44.17157,-19.94215],[-44.1721,-19.94227],[-44.1741,-19.94164],[-44.17503,-19.9423],[-44.17448,-19.94359],[-44.17352,-19.94541],[-44.17312,-19.9458],[-44.17258,-19.94762],[-44.17194,-19.94828],[-44.17194,-19.94864],[-44.17027,-19.94936]]]},"properties":{"codigo":"3106705048","name":"Jardim Alterosas 2 Seção","population":19586,"households":7821,"areaKm2":2.2853,"density":8570.3}},{"type":"Feature","geometry":{"type":"Polygon","coordinates":[[[-44.21202,-19.95833],[-44.21164,-19.9591],[-44.20926,-19.96103],[-44.20636,-19.96169],[-44.20527,-19.95969],[-44.20362,-19.95873],[-44.20343,-19.95797],[-44.20482,-19.95817],[-44.20558,-19.95582],[-44.20644,-19.95569],[-44.20675,-19.95612],[-44.2076,-19.95624],[-44.20796,-19.95707],[-44.20926,-19.95713],[-44.2101,-19.95741],[-44.21078,-19.95738],[-44.21164,-19.95702],[-44.21202,-19.95833]]]},"properties":{"codigo":"3106705021","name":"Salomé","population":1286,"households":526,"areaKm2":0.3266,"density":3937.5}},{"type":"Feature","geometry":{"type":"Polygon","coordinates":[[[-44.27173,-19.9103],[-44.27134,-19.90881],[-44.27134,-19.90825],[-44.27181,-19.90738],[-44.27279,-19.90659],[-44.27572,-19.90444],[-44.27627,-19.90366],[-44.27629,-19.90189],[-44.27623,-19.89937],[-44.27633,-19.8985],[-44.27668,-19.89775],[-44.27719,-19.89716],[-44.27983,-19.89441],[-44.28034,-19.89364],[-44.28076,-19.89253],[-44.28117,-19.8918],[-44.28207,-19.89057],[-44.28282,-19.89134],[-44.28366,-19.892],[-44.28428,-19.89279],[-44.28516,-19.89284],[-44.28663,-19.89235],[-44.28757,-19.89227],[-44.28955,-19.89312],[-44.29014,-19.89355],[-44.29178,-19.89433],[-44.29278,-19.89454],[-44.29409,-19.89457],[-44.29497,-19.89407],[-44.29511,-19.89454],[-44.2946,-19.89512],[-44.29406,-19.89629],[-44.29351,-19.89818],[-44.29362,-19.89891],[-44.29396,-19.89963],[-44.29484,-19.90096],[-44.29519,-19.90231],[-44.29589,-19.90363],[-44.29672,-19.90428],[-44.29732,-19.90512],[-44.29798,-19.90558],[-44.29907,-19.90583],[-44.29857,-19.90678],[-44.29899,-19.90961],[-44.29927,-19.91021],[-44.30023,-19.9121],[-44.30124,-19.91266],[-44.3015,-19.9136],[-44.30153,-19.91503],[-44.30115,-19.91597],[-44.29924,-19.91663],[-44.29809,-19.91753],[-44.29593,-19.92042],[-44.29165,-19.9192],[-44.28998,-19.91882],[-44.29057,-19.91787],[-44.29069,-19.91683],[-44.29046,-19.916],[-44.28937,-19.91459],[-44.288,-19.91264],[-44.28731,-19.91212],[-44.28599,-19.91146],[-44.28496,-19.91116],[-44.28366,-19.91058],[-44.28254,-19.91062],[-44.27814,-19.91374],[-44.27726,-19.91463],[-44.27542,-19.91556],[-44.27393,-19.91603],[-44.27156,-19.91667],[-44.27139,-19.91644],[-44.27126,-19.91572],[-44.27171,-19.91081],[-44.27173,-19.9103]]]},"properties":{"codigo":"3106705096","name":"Santo Afonso","population":1514,"households":771,"areaKm2":5.7576,"density":263}},{"type":"Feature","geometry":{"type":"Polygon","coordinates":[[[-44.17376,-19.97242],[-44.17262,-19.97232],[-44.17272,-19.97186],[-44.17177,-19.97136],[-44.1737,-19.96742],[-44.17315,-19.96706],[-44.17304,-19.96558],[-44.17307,-19.9653],[-44.17324,-19.96483],[-44.1736,-19.96493],[-44.17452,-19.96518],[-44.17615,-19.9656],[-44.17789,-19.96605],[-44.17855,-19.96635],[-44.17954,-19.96715],[-44.18477,-19.97353],[-44.18516,-19.97397],[-44.18613,-19.97454],[-44.18676,-19.97465],[-44.18776,-19.97551],[-44.1868,-19.97634],[-44.18295,-19.97642],[-44.18111,-19.97615],[-44.1801,-19.97677],[-44.17964,-19.97675],[-44.17777,-19.97677],[-44.17764,-19.97564],[-44.17766,-19.97355],[-44.17839,-19.97363],[-44.17843,-19.97285],[-44.17733,-19.97153],[-44.17691,-19.97133],[-44.17503,-19.9708],[-44.17418,-19.97139],[-44.17376,-19.97242]]]},"properties":{"codigo":"3106705020","name":"Petrópolis","population":5721,"households":2439,"areaKm2":0.9767,"density":5857.4}},{"type":"Feature","geometry":{"type":"Polygon","coordinates":[[[-44.13904,-19.98588],[-44.14043,-19.98373],[-44.142,-19.98142],[-44.13946,-19.98017],[-44.13876,-19.97976],[-44.139,-19.97939],[-44.1389,-19.97803],[-44.13858,-19.97701],[-44.13928,-19.97597],[-44.13974,-19.97567],[-44.14068,-19.9758],[-44.14162,-19.97623],[-44.14249,-19.97681],[-44.14303,-19.97605],[-44.14368,-19.97568],[-44.14401,-19.97515],[-44.14476,-19.97465],[-44.1452,-19.97515],[-44.14743,-19.97839],[-44.14805,-19.97976],[-44.14783,-19.98054],[-44.14795,-19.98099],[-44.14851,-19.98159],[-44.14789,-19.98214],[-44.14735,-19.983],[-44.14519,-19.9847],[-44.14467,-19.9841],[-44.14437,-19.98335],[-44.14352,-19.98193],[-44.14323,-19.98324],[-44.14274,-19.98361],[-44.14273,-19.9851],[-44.14285,-19.98538],[-44.13904,-19.98588]]]},"properties":{"codigo":"3106705054","name":"Campos Elíseos","population":5102,"households":2075,"areaKm2":0.7548,"density":6759.8}},{"type":"Feature","geometry":{"type":"Polygon","coordinates":[[[-44.17876,-19.8854],[-44.17866,-19.88432],[-44.17777,-19.88275],[-44.17745,-19.88168],[-44.1769,-19.88106],[-44.17646,-19.88018],[-44.17516,-19.88024],[-44.17529,-19.87979],[-44.17522,-19.878],[-44.17598,-19.87744],[-44.17747,-19.87662],[-44.17787,-19.87751],[-44.17839,-19.87729],[-44.17933,-19.87746],[-44.18007,-19.87782],[-44.18062,-19.87784],[-44.1818,-19.87817],[-44.18267,-19.87869],[-44.18404,-19.87877],[-44.18524,-19.87951],[-44.18687,-19.87916],[-44.18698,-19.87886],[-44.18821,-19.87835],[-44.18891,-19.87881],[-44.1896,-19.87864],[-44.19044,-19.87783],[-44.19136,-19.87817],[-44.19102,-19.87923],[-44.1905,-19.88002],[-44.19052,-19.88042],[-44.18972,-19.88084],[-44.18886,-19.88108],[-44.18762,-19.88103],[-44.18682,-19.88197],[-44.18655,-19.88314],[-44.18614,-19.88369],[-44.18516,-19.88421],[-44.18439,-19.88442],[-44.1837,-19.88436],[-44.18177,-19.88505],[-44.18055,-19.88559],[-44.18036,-19.886],[-44.18059,-19.88726],[-44.18007,-19.88659],[-44.17955,-19.88564],[-44.17911,-19.88522],[-44.17876,-19.8854]]]},"properties":{"codigo":"3106705124","name":"Serra das Flores","population":27,"households":115,"areaKm2":0.8792,"density":30.7}},{"type":"Feature","geometry":{"type":"Polygon","coordinates":[[[-44.24208,-19.94028],[-44.24375,-19.9389],[-44.24428,-19.93783],[-44.24499,-19.93525],[-44.24569,-19.93524],[-44.2479,-19.93958],[-44.24786,-19.93989],[-44.24817,-19.94213],[-44.24731,-19.9423],[-44.24589,-19.94181],[-44.24208,-19.94028]]]},"properties":{"codigo":"3106705098","name":"Brodoski","population":138,"households":68,"areaKm2":0.2492,"density":553.9}},{"type":"Feature","geometry":{"type":"Polygon","coordinates":[[[-44.06945,-19.95896],[-44.06862,-19.95751],[-44.06786,-19.95695],[-44.06755,-19.9561],[-44.06782,-19.95393],[-44.06737,-19.95234],[-44.06777,-19.9512],[-44.06821,-19.95063],[-44.06891,-19.94879],[-44.06947,-19.94814],[-44.06971,-19.94846],[-44.07171,-19.94838],[-44.07294,-19.948],[-44.07377,-19.94921],[-44.07443,-19.94951],[-44.07509,-19.95004],[-44.07584,-19.95097],[-44.07622,-19.9519],[-44.07677,-19.95265],[-44.07978,-19.95336],[-44.08002,-19.95395],[-44.07996,-19.95471],[-44.07941,-19.95556],[-44.07955,-19.95676],[-44.0793,-19.95764],[-44.07864,-19.95752],[-44.07785,-19.95766],[-44.07523,-19.95865],[-44.07429,-19.95889],[-44.07309,-19.95897],[-44.06975,-19.95892],[-44.06945,-19.95896]]]},"properties":{"codigo":"3106705071","name":"D. I. Jardim Piemonte / Norte","population":910,"households":390,"areaKm2":1.1321,"density":803.8}},{"type":"Feature","geometry":{"type":"Polygon","coordinates":[[[-44.20025,-19.96378],[-44.19983,-19.96325],[-44.1997,-19.96212],[-44.19946,-19.96161],[-44.19807,-19.96036],[-44.19744,-19.95895],[-44.20082,-19.95806],[-44.19986,-19.95472],[-44.20026,-19.95347],[-44.20042,-19.95197],[-44.20388,-19.95272],[-44.2036,-19.95367],[-44.20391,-19.95382],[-44.20469,-19.95559],[-44.20462,-19.95593],[-44.2035,-19.95766],[-44.20343,-19.95797],[-44.20362,-19.95873],[-44.20527,-19.95969],[-44.20636,-19.96169],[-44.20526,-19.96351],[-44.2052,-19.96394],[-44.20553,-19.96594],[-44.20367,-19.96601],[-44.20025,-19.96378]]]},"properties":{"codigo":"3106705001","name":"Angola","population":3058,"households":1493,"areaKm2":0.7567,"density":4041.1}},{"type":"Feature","geometry":{"type":"Polygon","coordinates":[[[-44.12316,-19.93801],[-44.12279,-19.93734],[-44.12393,-19.93666],[-44.12638,-19.93588],[-44.12805,-19.93459],[-44.12976,-19.93377],[-44.13074,-19.93362],[-44.13088,-19.93706],[-44.13066,-19.9371],[-44.12798,-19.93891],[-44.12613,-19.93973],[-44.1253,-19.93967],[-44.12485,-19.9391],[-44.12371,-19.93853],[-44.12316,-19.93801]]]},"properties":{"codigo":"3106705107","name":"Parque das Acácias","population":3449,"households":1514,"areaKm2":0.3058,"density":11278.6}},{"type":"Feature","geometry":{"type":"Polygon","coordinates":[[[-44.21728,-19.934],[-44.21588,-19.93285],[-44.21472,-19.93285],[-44.21342,-19.93258],[-44.21079,-19.93255],[-44.21004,-19.93298],[-44.20942,-19.93267],[-44.20864,-19.93266],[-44.20681,-19.93358],[-44.20608,-19.93374],[-44.20493,-19.93353],[-44.20574,-19.93206],[-44.20623,-19.93207],[-44.2068,-19.93134],[-44.2069,-19.93058],[-44.20666,-19.92988],[-44.20657,-19.92861],[-44.20619,-19.92818],[-44.20644,-19.92753],[-44.20616,-19.92664],[-44.20647,-19.92577],[-44.20615,-19.92543],[-44.20638,-19.92503],[-44.20614,-19.92444],[-44.20584,-19.9239],[-44.20596,-19.92354],[-44.20538,-19.92271],[-44.20402,-19.922],[-44.20324,-19.92107],[-44.20361,-19.92013],[-44.20433,-19.91914],[-44.20456,-19.9186],[-44.20424,-19.91804],[-44.20432,-19.91765],[-44.20596,-19.91613],[-44.20762,-19.9154],[-44.20959,-19.9158],[-44.20993,-19.91565],[-44.21075,-19.91442],[-44.21122,-19.91424],[-44.21166,-19.91446],[-44.21408,-19.9143],[-44.21498,-19.9129],[-44.21559,-19.913],[-44.21638,-19.9137],[-44.21675,-19.9143],[-44.21673,-19.91514],[-44.21639,-19.91588],[-44.21593,-19.91626],[-44.21588,-19.91742],[-44.21617,-19.91804],[-44.21542,-19.91887],[-44.21569,-19.91906],[-44.21586,-19.92011],[-44.21647,-19.92107],[-44.21733,-19.92125],[-44.21744,-19.92062],[-44.21812,-19.9202],[-44.21838,-19.92039],[-44.22032,-19.92013],[-44.22095,-19.92087],[-44.22141,-19.92193],[-44.22161,-19.92293],[-44.22145,-19.92362],[-44.22198,-19.92406],[-44.22197,-19.92453],[-44.22254,-19.92478],[-44.22245,-19.9253],[-44.22306,-19.92627],[-44.22246,-19.92629],[-44.22177,-19.92578],[-44.22078,-19.92605],[-44.21995,-19.92783],[-44.21939,-19.92844],[-44.21918,-19.92896],[-44.21834,-19.92996],[-44.21878,-19.93082],[-44.2188,-19.93262],[-44.21797,-19.93358],[-44.21792,-19.93411],[-44.21728,-19.934]]]},"properties":{"codigo":"3106705116","name":"Fazenda Liberatos","population":202,"households":81,"areaKm2":2.8638,"density":70.5}},{"type":"Feature","geometry":{"type":"Polygon","coordinates":[[[-44.2076,-19.95624],[-44.20675,-19.95612],[-44.20644,-19.95569],[-44.20558,-19.95582],[-44.20482,-19.95817],[-44.20343,-19.95797],[-44.2035,-19.95766],[-44.20462,-19.95593],[-44.20469,-19.95559],[-44.20391,-19.95382],[-44.20493,-19.95253],[-44.20593,-19.95197],[-44.20582,-19.95281],[-44.20713,-19.95338],[-44.20736,-19.95367],[-44.20733,-19.9549],[-44.2076,-19.95624]]]},"properties":{"codigo":"3106705034","name":"Santa Fé","population":821,"households":352,"areaKm2":0.1416,"density":5799.2}},{"type":"Feature","geometry":{"type":"Polygon","coordinates":[[[-44.09667,-19.94909],[-44.09557,-19.94905],[-44.09454,-19.94934],[-44.09332,-19.94983],[-44.09173,-19.94963],[-44.09122,-19.94913],[-44.09195,-19.94833],[-44.09281,-19.94769],[-44.09307,-19.94715],[-44.09291,-19.94649],[-44.09303,-19.94575],[-44.09393,-19.94458],[-44.09373,-19.94394],[-44.09389,-19.9433],[-44.09544,-19.94165],[-44.09629,-19.94126],[-44.09711,-19.94121],[-44.09771,-19.94092],[-44.09906,-19.9427],[-44.09984,-19.94347],[-44.0984,-19.94598],[-44.09667,-19.94909]]]},"properties":{"codigo":"3106705073","name":"Renascer","population":3057,"households":1205,"areaKm2":0.4703,"density":6499.6}},{"type":"Feature","geometry":{"type":"Polygon","coordinates":[[[-44.13837,-19.94887],[-44.13884,-19.94938],[-44.14061,-19.95057],[-44.14178,-19.95112],[-44.14347,-19.95272],[-44.14411,-19.95341],[-44.14517,-19.95502],[-44.14548,-19.95586],[-44.14588,-19.95594],[-44.14179,-19.95637],[-44.13982,-19.95663],[-44.13842,-19.95674],[-44.13743,-19.95666],[-44.1374,-19.95666],[-44.138,-19.95565],[-44.13739,-19.95222],[-44.13714,-19.95173],[-44.13618,-19.95053],[-44.13689,-19.94979],[-44.13837,-19.94887]]]},"properties":{"codigo":"3106705106","name":"Nova Baden","population":2488,"households":1121,"areaKm2":0.4755,"density":5232.9}},{"type":"Feature","geometry":{"type":"Polygon","coordinates":[[[-44.20669,-19.94972],[-44.20531,-19.94913],[-44.20396,-19.94869],[-44.20318,-19.94858],[-44.19927,-19.94835],[-44.19862,-19.94578],[-44.19862,-19.94488],[-44.19965,-19.94226],[-44.20112,-19.94144],[-44.20143,-19.94085],[-44.20139,-19.93962],[-44.20251,-19.93983],[-44.20646,-19.94113],[-44.20611,-19.94202],[-44.20661,-19.94217],[-44.20694,-19.94185],[-44.20962,-19.94284],[-44.2096,-19.94345],[-44.20929,-19.94367],[-44.20884,-19.94451],[-44.20928,-19.94598],[-44.20928,-19.94668],[-44.20907,-19.94759],[-44.20747,-19.94869],[-44.20773,-19.94899],[-44.20669,-19.94972]]]},"properties":{"codigo":"3106705030","name":"Novo Horizonte","population":4956,"households":2078,"areaKm2":0.8815,"density":5622.3}},{"type":"Feature","geometry":{"type":"Polygon","coordinates":[[[-44.21903,-19.96372],[-44.21831,-19.96421],[-44.21493,-19.96613],[-44.21383,-19.96637],[-44.20982,-19.96627],[-44.20865,-19.96644],[-44.20779,-19.96592],[-44.20916,-19.96304],[-44.21083,-19.96389],[-44.21406,-19.96529],[-44.21518,-19.96454],[-44.21558,-19.96392],[-44.21731,-19.96294],[-44.21819,-19.96215],[-44.21879,-19.96294],[-44.21903,-19.96372]]]},"properties":{"codigo":"3106705022","name":"Santa Inês","population":1624,"households":683,"areaKm2":0.2428,"density":6687.6}},{"type":"Feature","geometry":{"type":"Polygon","coordinates":[[[-44.23617,-19.95725],[-44.23555,-19.95751],[-44.23244,-19.95813],[-44.2296,-19.9591],[-44.2282,-19.95773],[-44.22794,-19.95496],[-44.22989,-19.95371],[-44.23061,-19.95387],[-44.23231,-19.95307],[-44.23301,-19.95398],[-44.23407,-19.95471],[-44.23478,-19.95541],[-44.23519,-19.95616],[-44.23587,-19.95676],[-44.23617,-19.95725]]]},"properties":{"codigo":"3106705018","name":"Marmeleiros","population":497,"households":189,"areaKm2":0.3503,"density":1418.7}},{"type":"Feature","geometry":{"type":"Polygon","coordinates":[[[-44.23217,-19.98254],[-44.23189,-19.98293],[-44.23046,-19.98439],[-44.23009,-19.98564],[-44.22888,-19.99356],[-44.23469,-19.99149],[-44.23514,-19.99067],[-44.23717,-19.99213],[-44.23802,-19.99284],[-44.23811,-19.9935],[-44.23854,-19.99373],[-44.23699,-19.99463],[-44.23394,-19.99716],[-44.23418,-19.99806],[-44.23387,-19.99886],[-44.23322,-19.99939],[-44.2324,-19.99962],[-44.23045,-20.00087],[-44.23025,-20.00108],[-44.23094,-19.99873],[-44.22402,-19.9951],[-44.22408,-19.99583],[-44.2237,-19.99622],[-44.22265,-19.99643],[-44.22196,-19.99672],[-44.22145,-19.99725],[-44.2182,-19.99909],[-44.21742,-19.99972],[-44.2171,-19.99974],[-44.21407,-19.99789],[-44.21297,-19.99788],[-44.2123,-19.99767],[-44.21165,-19.99674],[-44.21063,-19.99635],[-44.21,-19.99635],[-44.20953,-19.99662],[-44.20895,-19.99567],[-44.20828,-19.99417],[-44.20727,-19.99155],[-44.20693,-19.99085],[-44.20627,-19.98992],[-44.20507,-19.98876],[-44.20429,-19.98784],[-44.20335,-19.98646],[-44.20306,-19.98586],[-44.20825,-19.98375],[-44.20936,-19.98298],[-44.21178,-19.9809],[-44.21262,-19.98048],[-44.21972,-19.97849],[-44.22105,-19.97829],[-44.22242,-19.97853],[-44.22636,-19.98012],[-44.22656,-19.98026],[-44.23128,-19.98223],[-44.23217,-19.98254]]]},"properties":{"codigo":"3106705076","name":"Aroeiras","population":15,"households":14,"areaKm2":5.1424,"density":2.9}},{"type":"Feature","geometry":{"type":"Polygon","coordinates":[[[-44.27986,-19.94635],[-44.27854,-19.94798],[-44.27737,-19.94872],[-44.27647,-19.94871],[-44.27533,-19.94805],[-44.27363,-19.94867],[-44.27393,-19.94903],[-44.27533,-19.94976],[-44.27399,-19.95048],[-44.27024,-19.9519],[-44.2696,-19.95219],[-44.26929,-19.95143],[-44.26939,-19.95082],[-44.26904,-19.95018],[-44.26782,-19.94909],[-44.26698,-19.94865],[-44.26668,-19.94803],[-44.26687,-19.94721],[-44.26691,-19.94592],[-44.26725,-19.94518],[-44.26678,-19.9443],[-44.26639,-19.94287],[-44.26264,-19.94272],[-44.26145,-19.94253],[-44.25983,-19.94172],[-44.25847,-19.94124],[-44.25722,-19.94112],[-44.25767,-19.94067],[-44.25883,-19.94073],[-44.26019,-19.9412],[-44.26192,-19.94236],[-44.26292,-19.94259],[-44.26464,-19.94217],[-44.26626,-19.9423],[-44.26811,-19.94182],[-44.27071,-19.94216],[-44.27123,-19.94063],[-44.27162,-19.94086],[-44.27281,-19.9408],[-44.27337,-19.94012],[-44.27291,-19.93922],[-44.27272,-19.93826],[-44.27369,-19.93781],[-44.27418,-19.94066],[-44.27496,-19.93969],[-44.27534,-19.93944],[-44.2765,-19.93938],[-44.27767,-19.94016],[-44.27815,-19.94104],[-44.27795,-19.9425],[-44.2781,-19.94306],[-44.27902,-19.94405],[-44.27987,-19.94591],[-44.27986,-19.94635]]]},"properties":{"codigo":"3106705094","name":"Vianópolis","population":1807,"households":793,"areaKm2":1.3369,"density":1351.7}},{"type":"Feature","geometry":{"type":"Polygon","coordinates":[[[-44.1314,-19.9965],[-44.13331,-19.99523],[-44.13418,-19.99368],[-44.13676,-19.99605],[-44.137,-19.99708],[-44.13802,-19.99976],[-44.13815,-20.00251],[-44.13856,-20.00344],[-44.1372,-20.00328],[-44.13504,-20.00252],[-44.13465,-20.00188],[-44.13289,-20.00133],[-44.13193,-20.00157],[-44.13154,-20.00038],[-44.13158,-19.99907],[-44.13091,-19.99862],[-44.13007,-19.9988],[-44.1277,-19.99833],[-44.12733,-19.99722],[-44.129,-19.9968],[-44.13078,-19.99694],[-44.1314,-19.9965]]]},"properties":{"codigo":"3106705060","name":"Jardim Nazareno","population":1188,"households":509,"areaKm2":0.5774,"density":2057.6}},{"type":"Feature","geometry":{"type":"Polygon","coordinates":[[[-44.22636,-19.98012],[-44.22242,-19.97853],[-44.22105,-19.97829],[-44.21972,-19.97849],[-44.21262,-19.98048],[-44.21178,-19.9809],[-44.20936,-19.98298],[-44.20825,-19.98375],[-44.20306,-19.98586],[-44.20169,-19.98278],[-44.20211,-19.98276],[-44.20362,-19.98216],[-44.20473,-19.98186],[-44.20568,-19.98026],[-44.20575,-19.9793],[-44.2049,-19.97864],[-44.20368,-19.97725],[-44.20316,-19.97702],[-44.20219,-19.97728],[-44.20115,-19.97736],[-44.19988,-19.97763],[-44.19949,-19.97662],[-44.19911,-19.9762],[-44.19839,-19.97582],[-44.19669,-19.97561],[-44.19747,-19.97462],[-44.19812,-19.97297],[-44.19956,-19.97106],[-44.20066,-19.9701],[-44.20136,-19.969],[-44.20184,-19.96859],[-44.20322,-19.96974],[-44.20386,-19.96875],[-44.20493,-19.96868],[-44.20639,-19.96775],[-44.2069,-19.96808],[-44.20763,-19.9682],[-44.20869,-19.96771],[-44.20973,-19.9679],[-44.21232,-19.96999],[-44.21277,-19.97085],[-44.21277,-19.97142],[-44.21303,-19.97206],[-44.21516,-19.97241],[-44.2166,-19.97225],[-44.21711,-19.97191],[-44.21905,-19.97112],[-44.22056,-19.97086],[-44.2209,-19.97096],[-44.22145,-19.97172],[-44.22165,-19.97251],[-44.22253,-19.97351],[-44.22218,-19.97486],[-44.22253,-19.97528],[-44.22392,-19.97526],[-44.2243,-19.97424],[-44.22478,-19.97389],[-44.22532,-19.97432],[-44.22551,-19.97498],[-44.22519,-19.97571],[-44.22511,-19.97659],[-44.22602,-19.97703],[-44.2266,-19.97827],[-44.22614,-19.97976],[-44.22636,-19.98012]]]},"properties":{"codigo":"3106705004","name":"Brasiléia","population":5778,"households":2892,"areaKm2":2.9949,"density":1929.3}},{"type":"Feature","geometry":{"type":"Polygon","coordinates":[[[-44.09984,-19.94347],[-44.09906,-19.9427],[-44.09771,-19.94092],[-44.09711,-19.94121],[-44.09629,-19.94126],[-44.09544,-19.94165],[-44.09375,-19.94037],[-44.09424,-19.93958],[-44.09284,-19.9381],[-44.09383,-19.93811],[-44.09488,-19.93776],[-44.09534,-19.9372],[-44.09537,-19.93529],[-44.0957,-19.9346],[-44.09637,-19.93416],[-44.09751,-19.93413],[-44.09842,-19.93488],[-44.09871,-19.93557],[-44.09907,-19.93707],[-44.09962,-19.93777],[-44.10226,-19.93948],[-44.10177,-19.94003],[-44.09984,-19.94347]]]},"properties":{"codigo":"3106705067","name":"Alvorada","population":2875,"households":1124,"areaKm2":0.4811,"density":5976}},{"type":"Feature","geometry":{"type":"Polygon","coordinates":[[[-44.21819,-19.96215],[-44.21731,-19.96294],[-44.21558,-19.96392],[-44.21518,-19.96454],[-44.21406,-19.96529],[-44.21083,-19.96389],[-44.20916,-19.96304],[-44.20779,-19.96592],[-44.20748,-19.96582],[-44.20553,-19.96594],[-44.2052,-19.96394],[-44.20526,-19.96351],[-44.20636,-19.96169],[-44.20926,-19.96103],[-44.21164,-19.9591],[-44.21202,-19.95833],[-44.21202,-19.95946],[-44.21477,-19.96023],[-44.21507,-19.95992],[-44.21653,-19.95991],[-44.21676,-19.96021],[-44.21846,-19.9602],[-44.21849,-19.9607],[-44.21775,-19.96154],[-44.21819,-19.96215]]]},"properties":{"codigo":"3106705013","name":"Guarujá","population":1932,"households":865,"areaKm2":0.5837,"density":3310.1}},{"type":"Feature","geometry":{"type":"Polygon","coordinates":[[[-44.16527,-19.97876],[-44.16602,-19.97788],[-44.16715,-19.97609],[-44.16761,-19.97633],[-44.16802,-19.97556],[-44.16806,-19.97469],[-44.16924,-19.97372],[-44.17059,-19.97228],[-44.17056,-19.972],[-44.17147,-19.97113],[-44.17177,-19.97136],[-44.17272,-19.97186],[-44.17262,-19.97232],[-44.17376,-19.97242],[-44.17364,-19.97369],[-44.17205,-19.97476],[-44.17128,-19.9751],[-44.17104,-19.97602],[-44.1711,-19.97667],[-44.17068,-19.97722],[-44.17036,-19.97819],[-44.16705,-19.97725],[-44.16638,-19.97811],[-44.16648,-19.97831],[-44.16558,-19.9793],[-44.16527,-19.97876]]]},"properties":{"codigo":"3106705024","name":"Vila Alpina","population":381,"households":194,"areaKm2":0.2702,"density":1410.3}},{"type":"Feature","geometry":{"type":"Polygon","coordinates":[[[-44.17896,-19.95294],[-44.18019,-19.95289],[-44.18223,-19.95239],[-44.18307,-19.95338],[-44.1838,-19.95526],[-44.18438,-19.95608],[-44.18471,-19.95705],[-44.18479,-19.95788],[-44.18594,-19.95873],[-44.18304,-19.95949],[-44.18095,-19.96093],[-44.18042,-19.96123],[-44.17961,-19.96133],[-44.17841,-19.96176],[-44.1773,-19.96133],[-44.17506,-19.95891],[-44.17482,-19.95875],[-44.17212,-19.9577],[-44.1696,-19.95718],[-44.16915,-19.95698],[-44.16735,-19.95509],[-44.16692,-19.95454],[-44.16667,-19.95383],[-44.16723,-19.95314],[-44.16826,-19.95258],[-44.16952,-19.95034],[-44.17027,-19.94936],[-44.17201,-19.95036],[-44.1737,-19.95087],[-44.17488,-19.95101],[-44.17574,-19.95126],[-44.17698,-19.95186],[-44.17791,-19.95265],[-44.17896,-19.95294]]]},"properties":{"codigo":"3106705051","name":"Parque das Indústrias","population":4183,"households":2082,"areaKm2":1.455,"density":2874.8}},{"type":"Feature","geometry":{"type":"Polygon","coordinates":[[[-44.19803,-19.94233],[-44.19837,-19.94216],[-44.19869,-19.94277],[-44.19862,-19.94488],[-44.19862,-19.94578],[-44.19927,-19.94835],[-44.19976,-19.95039],[-44.2005,-19.95111],[-44.20042,-19.95197],[-44.20026,-19.95347],[-44.19986,-19.95472],[-44.19712,-19.95376],[-44.19639,-19.95363],[-44.19544,-19.95383],[-44.19498,-19.95253],[-44.19379,-19.94952],[-44.1928,-19.94874],[-44.19003,-19.94744],[-44.1893,-19.94702],[-44.18871,-19.94647],[-44.19136,-19.94509],[-44.19232,-19.94484],[-44.19457,-19.94592],[-44.19619,-19.94634],[-44.19727,-19.94441],[-44.19803,-19.94233]]]},"properties":{"codigo":"3106705029","name":"Ingá","population":4628,"households":2559,"areaKm2":0.7139,"density":6482.6}},{"type":"Feature","geometry":{"type":"Polygon","coordinates":[[[-44.18067,-19.92417],[-44.18154,-19.9253],[-44.18149,-19.92637],[-44.17961,-19.92595],[-44.17952,-19.92577],[-44.17829,-19.9261],[-44.17757,-19.92598],[-44.17742,-19.92426],[-44.17753,-19.9236],[-44.17681,-19.9235],[-44.17662,-19.92295],[-44.17455,-19.92381],[-44.17512,-19.92415],[-44.17476,-19.92474],[-44.17468,-19.92578],[-44.17008,-19.92643],[-44.17061,-19.92759],[-44.16848,-19.92732],[-44.16739,-19.92616],[-44.16697,-19.92556],[-44.16682,-19.92482],[-44.16638,-19.92449],[-44.16634,-19.9236],[-44.16782,-19.92343],[-44.16915,-19.92338],[-44.1694,-19.91975],[-44.16931,-19.9196],[-44.17134,-19.91971],[-44.17179,-19.91987],[-44.17234,-19.92068],[-44.17269,-19.92084],[-44.17301,-19.92022],[-44.17307,-19.9185],[-44.17484,-19.91912],[-44.17784,-19.91998],[-44.17949,-19.92053],[-44.17984,-19.922],[-44.18067,-19.92417]]]},"properties":{"codigo":"3106705046","name":"Itacolomi","population":3363,"households":1299,"areaKm2":0.8473,"density":3969.2}},{"type":"Feature","geometry":{"type":"Polygon","coordinates":[[[-44.1603,-20.01002],[-44.16124,-20.00968],[-44.16223,-20.00988],[-44.16295,-20.00951],[-44.16384,-20.00826],[-44.16512,-20.00772],[-44.16461,-20.00524],[-44.16558,-20.005],[-44.16597,-20.0042],[-44.16546,-20.00393],[-44.16527,-20.00308],[-44.16427,-20.00211],[-44.16419,-20.00153],[-44.16446,-20.00091],[-44.16491,-19.99887],[-44.16476,-19.9976],[-44.16616,-19.99761],[-44.1672,-19.99719],[-44.16793,-19.99635],[-44.1695,-19.99544],[-44.17027,-19.99543],[-44.17049,-19.99572],[-44.17125,-19.99765],[-44.17164,-19.99832],[-44.17503,-19.9958],[-44.17553,-19.99569],[-44.17595,-19.99596],[-44.17696,-19.99601],[-44.17771,-19.99626],[-44.17852,-19.99696],[-44.18249,-19.99751],[-44.18313,-19.99784],[-44.18263,-19.9985],[-44.18151,-19.99897],[-44.18103,-20.00006],[-44.18134,-20.00131],[-44.18187,-20.00155],[-44.18375,-20.00211],[-44.18647,-20.00152],[-44.18755,-20.0021],[-44.18784,-20.00257],[-44.18742,-20.003],[-44.18685,-20.00406],[-44.18616,-20.00566],[-44.18534,-20.00677],[-44.18396,-20.00729],[-44.18428,-20.00859],[-44.18459,-20.00885],[-44.18543,-20.00877],[-44.18527,-20.00981],[-44.18483,-20.01009],[-44.18381,-20.0101],[-44.18147,-20.01111],[-44.18227,-20.01219],[-44.18246,-20.01269],[-44.18259,-20.01386],[-44.18224,-20.01453],[-44.1816,-20.01452],[-44.17897,-20.01553],[-44.17788,-20.0162],[-44.17681,-20.01665],[-44.175,-20.01705],[-44.17515,-20.01744],[-44.1759,-20.01799],[-44.17637,-20.01923],[-44.17619,-20.02041],[-44.17764,-20.02175],[-44.17859,-20.02189],[-44.18125,-20.02287],[-44.18192,-20.02332],[-44.1804,-20.02462],[-44.17908,-20.0249],[-44.17868,-20.02538],[-44.17837,-20.0262],[-44.17869,-20.02723],[-44.17867,-20.02778],[-44.17919,-20.029],[-44.17906,-20.02955],[-44.17841,-20.03024],[-44.17858,-20.0308],[-44.17835,-20.03122],[-44.17724,-20.03021],[-44.17618,-20.02946],[-44.17567,-20.02926],[-44.17268,-20.02926],[-44.17188,-20.0295],[-44.1715,-20.03007],[-44.17084,-20.02987],[-44.17016,-20.02921],[-44.16851,-20.02907],[-44.16837,-20.02837],[-44.16791,-20.02721],[-44.16789,-20.02668],[-44.16726,-20.02574],[-44.16691,-20.02427],[-44.16657,-20.0237],[-44.16657,-20.02321],[-44.16576,-20.02255],[-44.16562,-20.02152],[-44.16482,-20.02043],[-44.16513,-20.01785],[-44.16439,-20.01725],[-44.16376,-20.01645],[-44.16309,-20.01611],[-44.16323,-20.01568],[-44.1631,-20.01479],[-44.16334,-20.01406],[-44.16296,-20.01342],[-44.16228,-20.01306],[-44.16191,-20.01257],[-44.16196,-20.01214],[-44.16115,-20.01111],[-44.161,-20.01071],[-44.1603,-20.01002]]]},"properties":{"codigo":"3106705003","name":"Bandeirinhas","population":6140,"households":2550,"areaKm2":6.2591,"density":981}},{"type":"Feature","geometry":{"type":"Polygon","coordinates":[[[-44.17784,-19.91998],[-44.17484,-19.91912],[-44.17307,-19.9185],[-44.17301,-19.92022],[-44.17269,-19.92084],[-44.17234,-19.92068],[-44.17179,-19.91987],[-44.17134,-19.91971],[-44.16931,-19.9196],[-44.16907,-19.91958],[-44.1692,-19.91736],[-44.16893,-19.91674],[-44.16796,-19.91578],[-44.16793,-19.91531],[-44.16698,-19.91549],[-44.16596,-19.91546],[-44.16522,-19.91456],[-44.16509,-19.91407],[-44.16548,-19.91363],[-44.16555,-19.91305],[-44.16539,-19.91223],[-44.16656,-19.91258],[-44.16664,-19.9121],[-44.16611,-19.91156],[-44.1665,-19.91135],[-44.16727,-19.91153],[-44.16757,-19.91128],[-44.16702,-19.91075],[-44.16778,-19.91011],[-44.16862,-19.91016],[-44.16802,-19.90946],[-44.16744,-19.90936],[-44.16668,-19.90963],[-44.16618,-19.90955],[-44.16471,-19.91026],[-44.16412,-19.91069],[-44.16339,-19.91174],[-44.16224,-19.91193],[-44.16181,-19.9115],[-44.16054,-19.91095],[-44.1589,-19.91043],[-44.15815,-19.90917],[-44.15758,-19.90856],[-44.1572,-19.90769],[-44.15643,-19.90701],[-44.15655,-19.9059],[-44.15694,-19.90515],[-44.15802,-19.90436],[-44.15875,-19.90443],[-44.16102,-19.90441],[-44.16182,-19.90426],[-44.16262,-19.90372],[-44.16337,-19.90361],[-44.16352,-19.90327],[-44.16433,-19.90299],[-44.16436,-19.90262],[-44.16384,-19.90187],[-44.16248,-19.90217],[-44.16148,-19.903],[-44.1609,-19.90311],[-44.15951,-19.90279],[-44.15916,-19.90224],[-44.15855,-19.90193],[-44.15818,-19.90251],[-44.1575,-19.90232],[-44.15641,-19.90231],[-44.15629,-19.90202],[-44.15681,-19.90179],[-44.15662,-19.90103],[-44.15681,-19.90057],[-44.15774,-19.90003],[-44.15884,-19.90018],[-44.15883,-19.89976],[-44.15828,-19.89893],[-44.15806,-19.8976],[-44.15843,-19.89617],[-44.15946,-19.89596],[-44.15974,-19.89568],[-44.15972,-19.89506],[-44.15933,-19.89365],[-44.15874,-19.89276],[-44.15909,-19.89268],[-44.16017,-19.89291],[-44.16094,-19.89263],[-44.16184,-19.89288],[-44.1625,-19.89358],[-44.16291,-19.89372],[-44.16349,-19.89471],[-44.16442,-19.89485],[-44.16498,-19.89463],[-44.16523,-19.89412],[-44.165,-19.89311],[-44.16589,-19.8926],[-44.16694,-19.89244],[-44.16774,-19.89148],[-44.16739,-19.89031],[-44.16859,-19.88991],[-44.16901,-19.88999],[-44.17007,-19.89067],[-44.17063,-19.89152],[-44.17116,-19.89192],[-44.17262,-19.88992],[-44.1733,-19.88929],[-44.17437,-19.88876],[-44.17586,-19.88758],[-44.17876,-19.8854],[-44.17911,-19.88522],[-44.17955,-19.88564],[-44.18007,-19.88659],[-44.18059,-19.88726],[-44.18094,-19.88779],[-44.18102,-19.88842],[-44.1808,-19.88879],[-44.1806,-19.89359],[-44.18087,-19.89369],[-44.18194,-19.8956],[-44.1834,-19.89914],[-44.18335,-19.90011],[-44.18281,-19.90111],[-44.18275,-19.9017],[-44.18215,-19.90314],[-44.1823,-19.90455],[-44.18122,-19.90488],[-44.17989,-19.9057],[-44.17804,-19.90582],[-44.17593,-19.90586],[-44.17442,-19.90617],[-44.17531,-19.90705],[-44.17582,-19.9082],[-44.176,-19.90914],[-44.17614,-19.91111],[-44.17643,-19.91154],[-44.17629,-19.91245],[-44.17655,-19.9129],[-44.17796,-19.91518],[-44.17832,-19.9152],[-44.17895,-19.91581],[-44.17919,-19.91642],[-44.17913,-19.91691],[-44.17942,-19.91738],[-44.17923,-19.91818],[-44.17861,-19.91854],[-44.17869,-19.9191],[-44.17829,-19.91972],[-44.17784,-19.91998]]]},"properties":{"codigo":"3106705040","name":"Chácaras São Sebastião","population":153,"households":139,"areaKm2":6.213,"density":24.6}},{"type":"Feature","geometry":{"type":"Polygon","coordinates":[[[-44.1893,-19.94702],[-44.19003,-19.94744],[-44.1928,-19.94874],[-44.19194,-19.94924],[-44.19198,-19.95045],[-44.19116,-19.95124],[-44.19006,-19.95278],[-44.18989,-19.95321],[-44.18796,-19.95346],[-44.18717,-19.95412],[-44.18811,-19.95604],[-44.18799,-19.95685],[-44.18741,-19.95725],[-44.18745,-19.95769],[-44.18805,-19.95861],[-44.18655,-19.95859],[-44.18594,-19.95873],[-44.18479,-19.95788],[-44.18471,-19.95705],[-44.18438,-19.95608],[-44.1838,-19.95526],[-44.18307,-19.95338],[-44.18223,-19.95239],[-44.18467,-19.95194],[-44.18549,-19.95196],[-44.18845,-19.95182],[-44.18827,-19.94875],[-44.18913,-19.94872],[-44.18912,-19.94763],[-44.1893,-19.94702]]]},"properties":{"codigo":"3106705049","name":"Jardim Brasília","population":3907,"households":1594,"areaKm2":0.4968,"density":7864.4}},{"type":"Feature","geometry":{"type":"Polygon","coordinates":[[[-44.15251,-19.99396],[-44.15198,-19.99191],[-44.15494,-19.98685],[-44.15506,-19.9868],[-44.15595,-19.98702],[-44.15745,-19.98841],[-44.15793,-19.98916],[-44.15812,-19.98994],[-44.15811,-19.99198],[-44.15527,-19.99417],[-44.15429,-19.99409],[-44.15342,-19.99371],[-44.15251,-19.99396]]]},"properties":{"codigo":"3106705066","name":"Vila Verde","population":1371,"households":690,"areaKm2":0.3513,"density":3903}}]}