{"type":"FeatureCollection","features":[{"type":"Feature","geometry":{"type":"Polygon","coordinates":[[[-43.37659,-21.77959],[-43.37773,-21.77997],[-43.37833,-21.7794],[-43.38224,-21.78067],[-43.3829,-21.78042],[-43.38343,-21.78087],[-43.38277,-21.78133],[-43.38544,-21.78312],[-43.38614,-21.78297],[-43.38625,-21.78404],[-43.38642,-21.78645],[-43.38739,-21.7957],[-43.38767,-21.79861],[-43.38727,-21.79904],[-43.38723,-21.8002],[-43.38767,-21.80109],[-43.38753,-21.80144],[-43.38808,-21.80212],[-43.38765,-21.80249],[-43.38475,-21.80453],[-43.38429,-21.80405],[-43.38468,-21.80313],[-43.38564,-21.80204],[-43.38545,-21.80119],[-43.38497,-21.80117],[-43.38385,-21.80156],[-43.38299,-21.80126],[-43.38222,-21.80145],[-43.38152,-21.80185],[-43.38033,-21.80191],[-43.38,-21.80263],[-43.37922,-21.80279],[-43.37826,-21.80226],[-43.37747,-21.80208],[-43.37617,-21.8015],[-43.37512,-21.80044],[-43.37467,-21.79952],[-43.37363,-21.79811],[-43.37302,-21.7982],[-43.3719,-21.79861],[-43.37056,-21.79717],[-43.3701,-21.79686],[-43.37065,-21.79603],[-43.36885,-21.7953],[-43.36689,-21.79419],[-43.36669,-21.79323],[-43.36843,-21.79344],[-43.36894,-21.79386],[-43.36928,-21.79471],[-43.37,-21.79497],[-43.37028,-21.79475],[-43.37039,-21.79397],[-43.37093,-21.7934],[-43.37295,-21.79356],[-43.37456,-21.79403],[-43.3757,-21.79388],[-43.37724,-21.7933],[-43.37872,-21.7934],[-43.37917,-21.79369],[-43.37968,-21.7944],[-43.38179,-21.79332],[-43.38217,-21.79304],[-43.38286,-21.79168],[-43.3829,-21.79041],[-43.38182,-21.7905],[-43.38102,-21.78986],[-43.37953,-21.79052],[-43.37892,-21.79021],[-43.37722,-21.79068],[-43.37643,-21.79037],[-43.37594,-21.78825],[-43.37591,-21.78766],[-43.37624,-21.78726],[-43.37622,-21.78641],[-43.37592,-21.78604],[-43.37503,-21.78555],[-43.37227,-21.78402],[-43.37297,-21.78365],[-43.37469,-21.78294],[-43.37505,-21.78265],[-43.3757,-21.7817],[-43.37612,-21.78051],[-43.37659,-21.77959]]]},"properties":{"codigo":"3136702034","name":"Aeroporto","population":2931,"households":1582,"areaKm2":2.8922,"density":1013.4}},{"type":"Feature","geometry":{"type":"Polygon","coordinates":[[[-43.41915,-21.67064],[-43.41851,-21.67075],[-43.41774,-21.67144],[-43.41729,-21.67207],[-43.41618,-21.67247],[-43.41531,-21.67298],[-43.41477,-21.67282],[-43.41419,-21.67307],[-43.41364,-21.67394],[-43.41357,-21.67483],[-43.41402,-21.67607],[-43.41406,-21.67707],[-43.41375,-21.67812],[-43.41288,-21.67928],[-43.41198,-21.68009],[-43.41085,-21.68074],[-43.40982,-21.68119],[-43.40927,-21.68196],[-43.40918,-21.6824],[-43.40938,-21.68432],[-43.40852,-21.6848],[-43.40702,-21.68594],[-43.40641,-21.68629],[-43.40622,-21.68676],[-43.40557,-21.6872],[-43.40545,-21.68783],[-43.4059,-21.68888],[-43.40441,-21.68863],[-43.40331,-21.68928],[-43.40165,-21.68792],[-43.40107,-21.68715],[-43.40139,-21.6862],[-43.40146,-21.68519],[-43.40085,-21.6848],[-43.39851,-21.68391],[-43.39751,-21.68428],[-43.39676,-21.68494],[-43.39617,-21.68496],[-43.39519,-21.68408],[-43.39492,-21.68216],[-43.39468,-21.68181],[-43.39302,-21.68157],[-43.39218,-21.68053],[-43.39114,-21.68032],[-43.39008,-21.68102],[-43.38972,-21.68102],[-43.38889,-21.68056],[-43.38797,-21.68025],[-43.38623,-21.68],[-43.38558,-21.68012],[-43.38432,-21.68079],[-43.38359,-21.68078],[-43.38255,-21.68024],[-43.38163,-21.67961],[-43.38011,-21.67816],[-43.37876,-21.67737],[-43.37778,-21.6773],[-43.37748,-21.67771],[-43.37741,-21.67902],[-43.3754,-21.67857],[-43.37402,-21.67909],[-43.37348,-21.67911],[-43.373,-21.67877],[-43.3728,-21.67794],[-43.37272,-21.67646],[-43.37253,-21.67521],[-43.37184,-21.67492],[-43.37124,-21.67517],[-43.37066,-21.67574],[-43.36908,-21.67638],[-43.36801,-21.67624],[-43.36722,-21.67595],[-43.36639,-21.6751],[-43.36557,-21.67345],[-43.36491,-21.67248],[-43.3632,-21.67122],[-43.36245,-21.6705],[-43.36169,-21.66917],[-43.36037,-21.66809],[-43.35998,-21.66796],[-43.35774,-21.66774],[-43.35751,-21.66726],[-43.35759,-21.66607],[-43.35732,-21.66551],[-43.35644,-21.66504],[-43.35594,-21.66496],[-43.35558,-21.66568],[-43.35482,-21.66634],[-43.3544,-21.66639],[-43.35288,-21.66614],[-43.35056,-21.66512],[-43.35032,-21.66457],[-43.35053,-21.66354],[-43.35008,-21.66253],[-43.35014,-21.66205],[-43.35077,-21.66137],[-43.35031,-21.66069],[-43.34925,-21.66],[-43.34761,-21.65986],[-43.34731,-21.65916],[-43.3464,-21.65782],[-43.34568,-21.65699],[-43.34405,-21.65559],[-43.34387,-21.65515],[-43.34248,-21.65428],[-43.34236,-21.65386],[-43.34165,-21.6536],[-43.34131,-21.65304],[-43.34068,-21.65249],[-43.33969,-21.65198],[-43.3396,-21.65151],[-43.33796,-21.64975],[-43.33682,-21.64881],[-43.3353,-21.64785],[-43.33459,-21.64758],[-43.33434,-21.64713],[-43.33442,-21.64616],[-43.33525,-21.64442],[-43.33685,-21.64284],[-43.33839,-21.64182],[-43.33986,-21.64125],[-43.34228,-21.64004],[-43.34306,-21.64028],[-43.34444,-21.64106],[-43.34548,-21.64102],[-43.34741,-21.6397],[-43.34879,-21.63912],[-43.35054,-21.63903],[-43.3518,-21.63836],[-43.35239,-21.63772],[-43.35501,-21.63665],[-43.35546,-21.63641],[-43.35559,-21.63543],[-43.3551,-21.63457],[-43.35491,-21.6338],[-43.35508,-21.63229],[-43.35546,-21.63119],[-43.357,-21.62954],[-43.35929,-21.62653],[-43.35927,-21.62602],[-43.35847,-21.62471],[-43.35801,-21.62339],[-43.35797,-21.62201],[-43.35776,-21.62087],[-43.35726,-21.61999],[-43.35547,-21.61897],[-43.35433,-21.61857],[-43.35235,-21.61804],[-43.35151,-21.61818],[-43.35065,-21.61856],[-43.34977,-21.61914],[-43.34873,-21.61934],[-43.34828,-21.61907],[-43.34782,-21.61819],[-43.3478,-21.61758],[-43.34826,-21.61635],[-43.34901,-21.61493],[-43.35005,-21.61378],[-43.35185,-21.61348],[-43.35235,-21.61355],[-43.35337,-21.61319],[-43.35403,-21.61268],[-43.35434,-21.61199],[-43.35432,-21.61128],[-43.3539,-21.60976],[-43.35375,-21.60815],[-43.35381,-21.60766],[-43.35465,-21.60663],[-43.35654,-21.60526],[-43.35703,-21.60468],[-43.35744,-21.60365],[-43.35652,-21.60181],[-43.35612,-21.60014],[-43.35687,-21.59946],[-43.35826,-21.59962],[-43.35935,-21.60027],[-43.36026,-21.59975],[-43.36051,-21.59929],[-43.36052,-21.59689],[-43.36335,-21.59461],[-43.36326,-21.59358],[-43.36234,-21.5927],[-43.36108,-21.5921],[-43.35986,-21.59129],[-43.35914,-21.59036],[-43.35869,-21.58916],[-43.35769,-21.58777],[-43.35821,-21.58774],[-43.35961,-21.58706],[-43.36037,-21.58702],[-43.36127,-21.58639],[-43.36149,-21.58589],[-43.36165,-21.58435],[-43.36191,-21.58331],[-43.36196,-21.58255],[-43.36246,-21.58116],[-43.36332,-21.58035],[-43.36408,-21.57993],[-43.36543,-21.57987],[-43.36604,-21.57945],[-43.36633,-21.57883],[-43.36638,-21.5779],[-43.36707,-21.57694],[-43.36809,-21.57586],[-43.36969,-21.57364],[-43.37061,-21.57262],[-43.37096,-21.57207],[-43.37174,-21.57028],[-43.37202,-21.56983],[-43.37211,-21.56886],[-43.37177,-21.56769],[-43.37178,-21.56611],[-43.37261,-21.5654],[-43.37421,-21.56465],[-43.37477,-21.56463],[-43.37527,-21.56375],[-43.3754,-21.56292],[-43.37535,-21.56067],[-43.37563,-21.56023],[-43.37661,-21.55937],[-43.37676,-21.55879],[-43.37678,-21.55732],[-43.37777,-21.55647],[-43.37855,-21.55636],[-43.37968,-21.55675],[-43.38102,-21.55815],[-43.38157,-21.55842],[-43.38245,-21.55848],[-43.38233,-21.56141],[-43.38249,-21.56292],[-43.38336,-21.56467],[-43.3838,-21.56534],[-43.3845,-21.56719],[-43.38502,-21.56811],[-43.38581,-21.56903],[-43.38678,-21.57038],[-43.38775,-21.57122],[-43.38881,-21.57173],[-43.39032,-21.57224],[-43.39184,-21.57226],[-43.39363,-21.57153],[-43.39407,-21.57161],[-43.3944,-21.57328],[-43.39438,-21.57586],[-43.39428,-21.57678],[-43.39453,-21.57837],[-43.39479,-21.57896],[-43.3946,-21.57996],[-43.39424,-21.58054],[-43.39315,-21.58152],[-43.39217,-21.58201],[-43.39181,-21.58243],[-43.39126,-21.58426],[-43.39114,-21.58659],[-43.39122,-21.58743],[-43.39165,-21.58893],[-43.392,-21.58926],[-43.39448,-21.59095],[-43.39447,-21.59162],[-43.39402,-21.59279],[-43.394,-21.59412],[-43.39444,-21.59504],[-43.39505,-21.59562],[-43.39567,-21.59671],[-43.39707,-21.59831],[-43.39788,-21.59849],[-43.39948,-21.59801],[-43.40082,-21.5981],[-43.40215,-21.59853],[-43.4048,-21.59981],[-43.40641,-21.59991],[-43.4088,-21.59976],[-43.40735,-21.60732],[-43.40907,-21.61156],[-43.40962,-21.61437],[-43.41028,-21.61653],[-43.41188,-21.61815],[-43.41232,-21.62236],[-43.41122,-21.62459],[-43.41013,-21.62609],[-43.40833,-21.63008],[-43.40595,-21.63396],[-43.40557,-21.63445],[-43.40498,-21.63588],[-43.40441,-21.63695],[-43.40345,-21.63834],[-43.40367,-21.63919],[-43.40351,-21.63957],[-43.40087,-21.63941],[-43.40014,-21.63966],[-43.39955,-21.64067],[-43.39901,-21.64116],[-43.39875,-21.6417],[-43.39848,-21.64295],[-43.39837,-21.64422],[-43.39843,-21.64649],[-43.39877,-21.64748],[-43.39881,-21.64812],[-43.39854,-21.65],[-43.3987,-21.65054],[-43.39945,-21.6508],[-43.40016,-21.65074],[-43.40133,-21.65042],[-43.40166,-21.65055],[-43.40272,-21.65143],[-43.40367,-21.65272],[-43.40534,-21.6529],[-43.40689,-21.65166],[-43.40772,-21.65051],[-43.40806,-21.65057],[-43.40902,-21.65115],[-43.40947,-21.65162],[-43.41135,-21.65291],[-43.41251,-21.65424],[-43.41431,-21.65543],[-43.41523,-21.65574],[-43.41577,-21.65664],[-43.41449,-21.65839],[-43.4137,-21.65972],[-43.4132,-21.66273],[-43.41338,-21.66369],[-43.41406,-21.66443],[-43.41477,-21.66443],[-43.41556,-21.66414],[-43.41632,-21.66353],[-43.41714,-21.66413],[-43.41793,-21.6657],[-43.41812,-21.66653],[-43.41848,-21.6664],[-43.41917,-21.66732],[-43.41951,-21.66807],[-43.41911,-21.66943],[-43.41915,-21.67064]]]},"properties":{"codigo":"3136702052","name":"Represa","population":876,"households":856,"areaKm2":64.6498,"density":13.5}},{"type":"Feature","geometry":{"type":"Polygon","coordinates":[[[-43.35198,-21.75217],[-43.35103,-21.75592],[-43.35159,-21.75601],[-43.35194,-21.75529],[-43.3522,-21.75402],[-43.35261,-21.75306],[-43.35334,-21.753],[-43.35333,-21.7536],[-43.353,-21.75406],[-43.35273,-21.75536],[-43.35295,-21.75575],[-43.35243,-21.75668],[-43.35308,-21.75712],[-43.3521,-21.75784],[-43.35232,-21.75801],[-43.352,-21.7591],[-43.35487,-21.75983],[-43.35474,-21.76046],[-43.35432,-21.76129],[-43.35459,-21.76158],[-43.35427,-21.76264],[-43.35355,-21.76547],[-43.3531,-21.76624],[-43.35382,-21.76707],[-43.35325,-21.76775],[-43.35353,-21.7692],[-43.35013,-21.7684],[-43.34966,-21.76848],[-43.3479,-21.76798],[-43.34708,-21.76707],[-43.34571,-21.76687],[-43.34536,-21.76635],[-43.3462,-21.76591],[-43.34651,-21.76475],[-43.34483,-21.7644],[-43.34324,-21.76376],[-43.34229,-21.76355],[-43.341,-21.76324],[-43.34115,-21.76195],[-43.34072,-21.76187],[-43.34021,-21.76226],[-43.33867,-21.76185],[-43.33908,-21.76154],[-43.33871,-21.76106],[-43.33947,-21.76099],[-43.34086,-21.76055],[-43.34201,-21.75959],[-43.34257,-21.75782],[-43.34293,-21.75696],[-43.3438,-21.75579],[-43.34445,-21.75522],[-43.35144,-21.74929],[-43.35174,-21.74874],[-43.35278,-21.74909],[-43.35198,-21.75217]]]},"properties":{"codigo":"3136702014","name":"Centro","population":18569,"households":13827,"areaKm2":1.8355,"density":10116.4}},{"type":"Feature","geometry":{"type":"Polygon","coordinates":[[[-43.34041,-21.75348],[-43.34133,-21.75421],[-43.34155,-21.75523],[-43.34187,-21.75559],[-43.34197,-21.75624],[-43.34112,-21.7568],[-43.34058,-21.75642],[-43.34002,-21.75641],[-43.33954,-21.7558],[-43.33871,-21.75575],[-43.33861,-21.75605],[-43.33772,-21.75601],[-43.33689,-21.75627],[-43.33667,-21.75551],[-43.33752,-21.75476],[-43.33836,-21.75448],[-43.33926,-21.75436],[-43.33917,-21.75389],[-43.34041,-21.75348]]]},"properties":{"codigo":"3136702068","name":"Cesário Alvim","population":1119,"households":620,"areaKm2":0.1138,"density":9832}},{"type":"Feature","geometry":{"type":"Polygon","coordinates":[[[-43.35291,-21.77714],[-43.35255,-21.77803],[-43.35225,-21.77796],[-43.3506,-21.78041],[-43.35203,-21.78075],[-43.3496,-21.78262],[-43.34768,-21.78283],[-43.34682,-21.78262],[-43.34673,-21.78178],[-43.34727,-21.78173],[-43.34729,-21.78103],[-43.34799,-21.78092],[-43.3473,-21.78027],[-43.34861,-21.77937],[-43.34913,-21.77946],[-43.34981,-21.77925],[-43.35004,-21.77891],[-43.34953,-21.77801],[-43.34885,-21.77724],[-43.34992,-21.77607],[-43.35048,-21.77619],[-43.35058,-21.7755],[-43.35116,-21.77522],[-43.35197,-21.77542],[-43.35186,-21.77577],[-43.3524,-21.77639],[-43.3521,-21.7767],[-43.35291,-21.77714]]]},"properties":{"codigo":"3136702023","name":"Mundo Novo","population":2927,"households":1524,"areaKm2":0.2448,"density":11955.5}},{"type":"Feature","geometry":{"type":"Polygon","coordinates":[[[-43.35174,-21.74874],[-43.35179,-21.74726],[-43.3522,-21.74601],[-43.35322,-21.74502],[-43.35402,-21.74469],[-43.35646,-21.7442],[-43.35809,-21.74405],[-43.35818,-21.74405],[-43.36035,-21.74396],[-43.36329,-21.74397],[-43.36332,-21.7443],[-43.36509,-21.74401],[-43.36585,-21.74344],[-43.36765,-21.74095],[-43.36836,-21.74037],[-43.3707,-21.73899],[-43.37287,-21.73777],[-43.37464,-21.74005],[-43.37465,-21.74023],[-43.3663,-21.74551],[-43.36445,-21.74657],[-43.36152,-21.74772],[-43.35983,-21.74813],[-43.3593,-21.74811],[-43.35848,-21.74786],[-43.35704,-21.74702],[-43.35622,-21.74693],[-43.3555,-21.74709],[-43.35464,-21.74767],[-43.35312,-21.74992],[-43.35198,-21.75217],[-43.35278,-21.74909],[-43.35174,-21.74874]]]},"properties":{"codigo":"3136702005","name":"Mariano Procópio","population":1722,"households":966,"areaKm2":0.8633,"density":1994.6}},{"type":"Feature","geometry":{"type":"Polygon","coordinates":[[[-43.35809,-21.74405],[-43.3571,-21.74344],[-43.3561,-21.74297],[-43.35554,-21.741],[-43.35575,-21.74045],[-43.35629,-21.74058],[-43.357,-21.74023],[-43.35657,-21.73936],[-43.35695,-21.73928],[-43.35729,-21.73961],[-43.35798,-21.74101],[-43.35764,-21.74249],[-43.35814,-21.74244],[-43.35836,-21.7438],[-43.35818,-21.74405],[-43.35809,-21.74405]]]},"properties":{"codigo":"3136702002","name":"Centenário","population":1057,"households":492,"areaKm2":0.0836,"density":12648.5}},{"type":"Feature","geometry":{"type":"Polygon","coordinates":[[[-43.39598,-21.72943],[-43.39678,-21.72972],[-43.39785,-21.72966],[-43.39862,-21.72944],[-43.40001,-21.73025],[-43.40089,-21.7295],[-43.40093,-21.72858],[-43.40231,-21.72914],[-43.40305,-21.72974],[-43.40379,-21.73012],[-43.40538,-21.72974],[-43.40507,-21.73109],[-43.40371,-21.7339],[-43.40334,-21.7344],[-43.40289,-21.73431],[-43.40247,-21.73463],[-43.40173,-21.73582],[-43.40047,-21.73582],[-43.39951,-21.73511],[-43.3991,-21.7346],[-43.39633,-21.73352],[-43.39497,-21.73221],[-43.39553,-21.73126],[-43.39598,-21.72943]]]},"properties":{"codigo":"3136702042","name":"Jardim Natal","population":4781,"households":2320,"areaKm2":0.5146,"density":9291.2}},{"type":"Feature","geometry":{"type":"Polygon","coordinates":[[[-43.3479,-21.76798],[-43.34772,-21.76865],[-43.34727,-21.77039],[-43.34661,-21.77053],[-43.34407,-21.76997],[-43.34372,-21.77009],[-43.34349,-21.77068],[-43.343,-21.77056],[-43.34231,-21.77103],[-43.34191,-21.77177],[-43.34072,-21.77111],[-43.34,-21.7698],[-43.33961,-21.76936],[-43.33949,-21.76784],[-43.33964,-21.76753],[-43.34073,-21.76663],[-43.3421,-21.76514],[-43.34204,-21.7648],[-43.34229,-21.76355],[-43.34324,-21.76376],[-43.34483,-21.7644],[-43.34651,-21.76475],[-43.3462,-21.76591],[-43.34536,-21.76635],[-43.34571,-21.76687],[-43.34708,-21.76707],[-43.3479,-21.76798]]]},"properties":{"codigo":"3136702018","name":"Granbery","population":7714,"households":4316,"areaKm2":0.4685,"density":16465.2}},{"type":"Feature","geometry":{"type":"Polygon","coordinates":[[[-43.36999,-21.76422],[-43.36986,-21.76416],[-43.36826,-21.76484],[-43.36713,-21.76548],[-43.36658,-21.76502],[-43.36671,-21.76448],[-43.36765,-21.76358],[-43.36772,-21.7631],[-43.36578,-21.76247],[-43.36569,-21.76311],[-43.36531,-21.76387],[-43.3648,-21.76437],[-43.36254,-21.76545],[-43.36213,-21.76572],[-43.36163,-21.76818],[-43.36203,-21.76906],[-43.36401,-21.76962],[-43.36402,-21.77062],[-43.36453,-21.77152],[-43.36395,-21.77239],[-43.36189,-21.77191],[-43.36268,-21.77393],[-43.36164,-21.77467],[-43.36127,-21.77464],[-43.36128,-21.77328],[-43.36074,-21.77219],[-43.36002,-21.77129],[-43.35952,-21.77097],[-43.3588,-21.77052],[-43.35828,-21.76987],[-43.3586,-21.76944],[-43.35825,-21.76884],[-43.35695,-21.76854],[-43.35735,-21.76802],[-43.35641,-21.76734],[-43.35675,-21.76627],[-43.35641,-21.76533],[-43.35655,-21.76465],[-43.35552,-21.7643],[-43.35531,-21.76361],[-43.35553,-21.7627],[-43.3553,-21.76215],[-43.35563,-21.76021],[-43.35601,-21.75979],[-43.35633,-21.75984],[-43.35755,-21.75913],[-43.35835,-21.75825],[-43.35877,-21.75723],[-43.35917,-21.75719],[-43.36168,-21.7558],[-43.36129,-21.75548],[-43.36148,-21.75484],[-43.36105,-21.75433],[-43.36229,-21.75392],[-43.3635,-21.75414],[-43.36464,-21.75577],[-43.36581,-21.75466],[-43.36653,-21.75488],[-43.36687,-21.75529],[-43.36682,-21.75548],[-43.36751,-21.75687],[-43.3682,-21.75689],[-43.36898,-21.7564],[-43.36937,-21.75531],[-43.37015,-21.75475],[-43.37133,-21.75413],[-43.37194,-21.7553],[-43.37291,-21.75657],[-43.37337,-21.75833],[-43.37348,-21.75987],[-43.37432,-21.76173],[-43.37397,-21.76183],[-43.37269,-21.76318],[-43.37209,-21.76299],[-43.37151,-21.76357],[-43.37079,-21.764],[-43.36999,-21.76422]]]},"properties":{"codigo":"3136702028","name":"Morro do Imperador","population":1630,"households":587,"areaKm2":2.1281,"density":765.9}},{"type":"Feature","geometry":{"type":"Polygon","coordinates":[[[-43.35786,-21.7952],[-43.35719,-21.79539],[-43.35634,-21.79533],[-43.35614,-21.79678],[-43.35469,-21.79695],[-43.35459,-21.79732],[-43.35485,-21.79801],[-43.35499,-21.79965],[-43.3541,-21.80017],[-43.3538,-21.80067],[-43.3528,-21.8015],[-43.35155,-21.80323],[-43.35152,-21.80414],[-43.34937,-21.80408],[-43.34867,-21.80395],[-43.3481,-21.80346],[-43.34733,-21.80238],[-43.34718,-21.80133],[-43.3467,-21.80185],[-43.34605,-21.80137],[-43.34547,-21.80068],[-43.3444,-21.80018],[-43.34249,-21.79998],[-43.3422,-21.80012],[-43.34165,-21.7993],[-43.34299,-21.79846],[-43.34455,-21.79792],[-43.34526,-21.79748],[-43.3457,-21.7969],[-43.34624,-21.79538],[-43.3493,-21.79127],[-43.34962,-21.79027],[-43.34931,-21.79003],[-43.34908,-21.78872],[-43.34805,-21.78793],[-43.34788,-21.78746],[-43.34813,-21.78684],[-43.3473,-21.78645],[-43.34704,-21.78611],[-43.34855,-21.78525],[-43.35098,-21.78461],[-43.35132,-21.78443],[-43.35237,-21.78512],[-43.35333,-21.78481],[-43.35469,-21.78454],[-43.35547,-21.78393],[-43.35559,-21.78345],[-43.35689,-21.78374],[-43.35776,-21.78381],[-43.35754,-21.78461],[-43.35849,-21.78504],[-43.35881,-21.78863],[-43.35909,-21.79062],[-43.35889,-21.79211],[-43.35842,-21.79387],[-43.35819,-21.79419],[-43.35814,-21.79503],[-43.35786,-21.7952]]]},"properties":{"codigo":"3136702095","name":"Ipiranga","population":16478,"households":7634,"areaKm2":2.1517,"density":7658.2}},{"type":"Feature","geometry":{"type":"Polygon","coordinates":[[[-43.34636,-21.73797],[-43.34715,-21.73783],[-43.34722,-21.73748],[-43.35,-21.73526],[-43.35002,-21.73611],[-43.3508,-21.73634],[-43.35103,-21.73611],[-43.3524,-21.73684],[-43.35211,-21.73723],[-43.35324,-21.73753],[-43.35316,-21.73791],[-43.35359,-21.73815],[-43.35291,-21.74075],[-43.35284,-21.74171],[-43.35257,-21.74223],[-43.35181,-21.74233],[-43.35009,-21.74141],[-43.34982,-21.74184],[-43.34809,-21.74055],[-43.34791,-21.74076],[-43.34773,-21.74009],[-43.34705,-21.7398],[-43.34705,-21.73875],[-43.34636,-21.73797]]]},"properties":{"codigo":"3136702003","name":"Bairu","population":3949,"households":1940,"areaKm2":0.347,"density":11381.1}},{"type":"Feature","geometry":{"type":"Polygon","coordinates":[[[-43.35786,-21.7952],[-43.35875,-21.79562],[-43.36005,-21.79641],[-43.36148,-21.79673],[-43.36181,-21.7971],[-43.36262,-21.7978],[-43.36297,-21.79857],[-43.36284,-21.7992],[-43.36293,-21.79996],[-43.36241,-21.80022],[-43.36221,-21.80066],[-43.36263,-21.80153],[-43.36264,-21.80259],[-43.36279,-21.80314],[-43.36414,-21.80379],[-43.36454,-21.80414],[-43.36463,-21.80486],[-43.36391,-21.80491],[-43.3633,-21.80472],[-43.36261,-21.80478],[-43.36174,-21.80545],[-43.35771,-21.80732],[-43.35733,-21.80706],[-43.35699,-21.80604],[-43.35602,-21.8049],[-43.3557,-21.80418],[-43.35517,-21.80351],[-43.3542,-21.80389],[-43.35152,-21.80414],[-43.35155,-21.80323],[-43.3528,-21.8015],[-43.3538,-21.80067],[-43.3541,-21.80017],[-43.35499,-21.79965],[-43.35485,-21.79801],[-43.35459,-21.79732],[-43.35469,-21.79695],[-43.35614,-21.79678],[-43.35634,-21.79533],[-43.35719,-21.79539],[-43.35786,-21.7952]]]},"properties":{"codigo":"3136702100","name":"Santa Efigênia","population":8516,"households":3591,"areaKm2":0.9813,"density":8678.5}},{"type":"Feature","geometry":{"type":"Polygon","coordinates":[[[-43.33368,-21.78134],[-43.33297,-21.7816],[-43.33262,-21.78126],[-43.33216,-21.78148],[-43.32954,-21.78304],[-43.329,-21.78368],[-43.3277,-21.78423],[-43.32647,-21.78529],[-43.32641,-21.78594],[-43.32596,-21.78635],[-43.32492,-21.78657],[-43.32423,-21.78745],[-43.32373,-21.78712],[-43.3242,-21.78577],[-43.32514,-21.7853],[-43.32506,-21.78458],[-43.32431,-21.78323],[-43.3239,-21.78283],[-43.32369,-21.78218],[-43.32286,-21.78148],[-43.32161,-21.78147],[-43.32062,-21.78102],[-43.32042,-21.7803],[-43.32072,-21.77873],[-43.32135,-21.77638],[-43.32165,-21.77637],[-43.32275,-21.77697],[-43.32347,-21.77764],[-43.32417,-21.77804],[-43.32471,-21.77812],[-43.3294,-21.77719],[-43.33034,-21.77658],[-43.33033,-21.77618],[-43.33131,-21.77568],[-43.33327,-21.77614],[-43.3336,-21.7767],[-43.33477,-21.77683],[-43.335,-21.77724],[-43.33421,-21.77865],[-43.33381,-21.77961],[-43.33401,-21.78015],[-43.33368,-21.78134]]]},"properties":{"codigo":"3136702091","name":"Vila Ideal","population":5632,"households":2466,"areaKm2":0.9288,"density":6063.4}},{"type":"Feature","geometry":{"type":"Polygon","coordinates":[[[-43.35198,-21.75217],[-43.35312,-21.74992],[-43.35464,-21.74767],[-43.3555,-21.74709],[-43.35622,-21.74693],[-43.35704,-21.74702],[-43.35848,-21.74786],[-43.3593,-21.74811],[-43.35615,-21.74895],[-43.35568,-21.74926],[-43.35496,-21.75011],[-43.35534,-21.75048],[-43.35423,-21.75205],[-43.3535,-21.7521],[-43.35359,-21.75276],[-43.35334,-21.753],[-43.35261,-21.75306],[-43.3522,-21.75402],[-43.35194,-21.75529],[-43.35159,-21.75601],[-43.35103,-21.75592],[-43.35198,-21.75217]]]},"properties":{"codigo":"3136702007","name":"Morro da Glória","population":3040,"households":1972,"areaKm2":0.2041,"density":14895.8}},{"type":"Feature","geometry":{"type":"Polygon","coordinates":[[[-43.34155,-21.74164],[-43.34138,-21.74132],[-43.3401,-21.74011],[-43.33933,-21.74009],[-43.33751,-21.7393],[-43.33697,-21.73894],[-43.33719,-21.7376],[-43.33789,-21.73732],[-43.33783,-21.73567],[-43.33767,-21.73504],[-43.33741,-21.7321],[-43.33715,-21.73159],[-43.3365,-21.7312],[-43.33688,-21.73111],[-43.3377,-21.73141],[-43.33817,-21.73132],[-43.33906,-21.73158],[-43.33958,-21.73129],[-43.3417,-21.73138],[-43.34288,-21.73225],[-43.34323,-21.73282],[-43.34305,-21.73398],[-43.34345,-21.73464],[-43.34359,-21.73556],[-43.34264,-21.73612],[-43.34226,-21.73655],[-43.34234,-21.73735],[-43.34311,-21.73812],[-43.34296,-21.73913],[-43.34312,-21.7398],[-43.34485,-21.74097],[-43.34433,-21.74097],[-43.34339,-21.74189],[-43.34253,-21.74188],[-43.34155,-21.74164]]]},"properties":{"codigo":"3136702078","name":"Santa Rita de Cássia","population":5443,"households":2351,"areaKm2":0.5958,"density":9136.3}},{"type":"Feature","geometry":{"type":"Polygon","coordinates":[[[-43.34727,-21.77039],[-43.34542,-21.77751],[-43.34496,-21.77909],[-43.34359,-21.77883],[-43.34353,-21.77916],[-43.34271,-21.77936],[-43.34166,-21.7799],[-43.34019,-21.78137],[-43.33848,-21.78124],[-43.33725,-21.78015],[-43.3369,-21.7801],[-43.33605,-21.78043],[-43.33546,-21.78115],[-43.33544,-21.78184],[-43.33369,-21.78182],[-43.33368,-21.78134],[-43.33401,-21.78015],[-43.33381,-21.77961],[-43.33421,-21.77865],[-43.335,-21.77724],[-43.33536,-21.77679],[-43.33751,-21.77719],[-43.33756,-21.77626],[-43.33781,-21.77526],[-43.33893,-21.77451],[-43.33991,-21.774],[-43.34183,-21.77321],[-43.34173,-21.77254],[-43.34191,-21.77177],[-43.34231,-21.77103],[-43.343,-21.77056],[-43.34349,-21.77068],[-43.34372,-21.77009],[-43.34407,-21.76997],[-43.34661,-21.77053],[-43.34727,-21.77039]]]},"properties":{"codigo":"3136702021","name":"Bom Pastor","population":7291,"households":3480,"areaKm2":0.9113,"density":8000.7}},{"type":"Feature","geometry":{"type":"Polygon","coordinates":[[[-43.34112,-21.7568],[-43.34089,-21.7573],[-43.34116,-21.75822],[-43.34125,-21.7591],[-43.34088,-21.75934],[-43.33886,-21.75966],[-43.33831,-21.75889],[-43.33794,-21.75898],[-43.33736,-21.75948],[-43.33691,-21.75893],[-43.33638,-21.75901],[-43.33512,-21.75863],[-43.33262,-21.75831],[-43.33108,-21.75892],[-43.33001,-21.76026],[-43.32829,-21.76035],[-43.32684,-21.7603],[-43.32651,-21.76012],[-43.32563,-21.76023],[-43.32452,-21.76011],[-43.32409,-21.76031],[-43.32347,-21.7614],[-43.32191,-21.76067],[-43.3222,-21.75751],[-43.32199,-21.75682],[-43.3212,-21.75585],[-43.32099,-21.75526],[-43.32113,-21.75472],[-43.3217,-21.75389],[-43.32649,-21.75426],[-43.32791,-21.7533],[-43.32996,-21.75317],[-43.33385,-21.75503],[-43.33489,-21.75574],[-43.33622,-21.75582],[-43.33689,-21.75627],[-43.33772,-21.75601],[-43.33861,-21.75605],[-43.33871,-21.75575],[-43.33954,-21.7558],[-43.34002,-21.75641],[-43.34058,-21.75642],[-43.34112,-21.7568]]]},"properties":{"codigo":"3136702065","name":"São Bernardo","population":3670,"households":1715,"areaKm2":1.0913,"density":3362.9}},{"type":"Feature","geometry":{"type":"Polygon","coordinates":[[[-43.41915,-21.67064],[-43.42136,-21.66857],[-43.42257,-21.66604],[-43.42293,-21.666],[-43.42396,-21.66545],[-43.42489,-21.6652],[-43.42556,-21.6645],[-43.42961,-21.66772],[-43.43078,-21.66853],[-43.43108,-21.66926],[-43.43194,-21.66937],[-43.43221,-21.67013],[-43.43297,-21.67103],[-43.43243,-21.67194],[-43.43272,-21.67261],[-43.43246,-21.67382],[-43.43184,-21.67497],[-43.43209,-21.67613],[-43.43192,-21.67639],[-43.43199,-21.67787],[-43.43228,-21.67839],[-43.43148,-21.67892],[-43.43129,-21.6794],[-43.43144,-21.68007],[-43.43249,-21.68106],[-43.43285,-21.68163],[-43.4328,-21.68224],[-43.43179,-21.68618],[-43.43142,-21.68664],[-43.43136,-21.68777],[-43.4311,-21.68911],[-43.42925,-21.69018],[-43.42729,-21.69172],[-43.42781,-21.69234],[-43.42935,-21.69388],[-43.42919,-21.69406],[-43.42977,-21.69487],[-43.42891,-21.69557],[-43.42506,-21.69819],[-43.42355,-21.69938],[-43.42297,-21.69993],[-43.41689,-21.70611],[-43.41631,-21.70694],[-43.41477,-21.71003],[-43.4142,-21.71014],[-43.41406,-21.70926],[-43.41338,-21.70829],[-43.41353,-21.70755],[-43.41337,-21.70686],[-43.41302,-21.70636],[-43.41236,-21.70606],[-43.4106,-21.70633],[-43.41088,-21.70733],[-43.4107,-21.70763],[-43.40962,-21.7082],[-43.40892,-21.70901],[-43.40879,-21.70964],[-43.4067,-21.70779],[-43.40497,-21.70852],[-43.40438,-21.71104],[-43.40431,-21.71194],[-43.40489,-21.71347],[-43.40362,-21.71433],[-43.40389,-21.71473],[-43.4018,-21.71617],[-43.40027,-21.71634],[-43.39945,-21.71663],[-43.39838,-21.71751],[-43.39769,-21.71774],[-43.39678,-21.71761],[-43.39602,-21.71784],[-43.39563,-21.71833],[-43.39429,-21.71963],[-43.39358,-21.71939],[-43.39338,-21.72052],[-43.39293,-21.72153],[-43.39377,-21.72246],[-43.39356,-21.72293],[-43.39238,-21.72476],[-43.39193,-21.72606],[-43.39182,-21.72686],[-43.3922,-21.72844],[-43.39227,-21.72911],[-43.39227,-21.72981],[-43.39202,-21.73033],[-43.39113,-21.73125],[-43.38939,-21.73205],[-43.38866,-21.73279],[-43.38744,-21.73423],[-43.38641,-21.73662],[-43.38551,-21.73699],[-43.38224,-21.73632],[-43.38039,-21.73628],[-43.37898,-21.73659],[-43.37684,-21.73693],[-43.3768,-21.73485],[-43.37646,-21.73361],[-43.376,-21.73294],[-43.37512,-21.73252],[-43.37513,-21.73165],[-43.37546,-21.73084],[-43.37552,-21.7282],[-43.3751,-21.72714],[-43.37338,-21.727],[-43.37251,-21.72661],[-43.37166,-21.72589],[-43.37111,-21.72569],[-43.37024,-21.72566],[-43.36913,-21.72582],[-43.36941,-21.72694],[-43.3693,-21.72738],[-43.36851,-21.72772],[-43.36834,-21.72816],[-43.36864,-21.72854],[-43.36769,-21.72886],[-43.36636,-21.72841],[-43.36344,-21.72723],[-43.36351,-21.7271],[-43.35912,-21.72628],[-43.35894,-21.72604],[-43.35817,-21.72483],[-43.35771,-21.72379],[-43.35816,-21.72365],[-43.3593,-21.72236],[-43.35981,-21.72195],[-43.36086,-21.72141],[-43.36113,-21.72084],[-43.36241,-21.71971],[-43.36274,-21.71899],[-43.36332,-21.71852],[-43.36499,-21.71788],[-43.36627,-21.71698],[-43.36724,-21.71548],[-43.36773,-21.71439],[-43.36925,-21.71318],[-43.37035,-21.71213],[-43.37141,-21.7109],[-43.37046,-21.70983],[-43.36926,-21.70883],[-43.36509,-21.70586],[-43.36497,-21.706],[-43.36402,-21.70536],[-43.36312,-21.70458],[-43.36247,-21.70366],[-43.36183,-21.70229],[-43.36104,-21.7009],[-43.36104,-21.70019],[-43.36138,-21.69941],[-43.36177,-21.69793],[-43.36248,-21.69744],[-43.36328,-21.69612],[-43.36294,-21.69514],[-43.36189,-21.69426],[-43.36171,-21.69397],[-43.36143,-21.69258],[-43.36067,-21.69146],[-43.35981,-21.69048],[-43.3591,-21.69005],[-43.35923,-21.68964],[-43.35983,-21.68982],[-43.36124,-21.68946],[-43.3613,-21.68888],[-43.36247,-21.68761],[-43.36231,-21.68642],[-43.3608,-21.68481],[-43.36046,-21.68387],[-43.35838,-21.68249],[-43.35694,-21.68131],[-43.35657,-21.68213],[-43.35578,-21.68261],[-43.35445,-21.68148],[-43.35471,-21.68079],[-43.35446,-21.67986],[-43.35457,-21.67895],[-43.35504,-21.67734],[-43.35462,-21.67696],[-43.35443,-21.67629],[-43.35556,-21.67509],[-43.35383,-21.67487],[-43.35072,-21.67407],[-43.35037,-21.67388],[-43.34916,-21.67216],[-43.34768,-21.67187],[-43.34601,-21.6714],[-43.34565,-21.67049],[-43.3451,-21.67],[-43.34454,-21.66912],[-43.34353,-21.66827],[-43.34298,-21.66808],[-43.34181,-21.6682],[-43.34107,-21.66812],[-43.33827,-21.66642],[-43.33726,-21.66553],[-43.33686,-21.66487],[-43.33655,-21.66361],[-43.33689,-21.6629],[-43.33672,-21.66241],[-43.33679,-21.65959],[-43.33641,-21.65877],[-43.33606,-21.65849],[-43.3321,-21.65633],[-43.33219,-21.65623],[-43.33484,-21.65535],[-43.33533,-21.65498],[-43.33617,-21.65467],[-43.33794,-21.65365],[-43.33915,-21.65286],[-43.33969,-21.65198],[-43.34068,-21.65249],[-43.34131,-21.65304],[-43.34165,-21.6536],[-43.34236,-21.65386],[-43.34248,-21.65428],[-43.34387,-21.65515],[-43.34405,-21.65559],[-43.34568,-21.65699],[-43.3464,-21.65782],[-43.34731,-21.65916],[-43.34761,-21.65986],[-43.34925,-21.66],[-43.35031,-21.66069],[-43.35077,-21.66137],[-43.35014,-21.66205],[-43.35008,-21.66253],[-43.35053,-21.66354],[-43.35032,-21.66457],[-43.35056,-21.66512],[-43.35288,-21.66614],[-43.3544,-21.66639],[-43.35482,-21.66634],[-43.35558,-21.66568],[-43.35594,-21.66496],[-43.35644,-21.66504],[-43.35732,-21.66551],[-43.35759,-21.66607],[-43.35751,-21.66726],[-43.35774,-21.66774],[-43.35998,-21.66796],[-43.36037,-21.66809],[-43.36169,-21.66917],[-43.36245,-21.6705],[-43.3632,-21.67122],[-43.36491,-21.67248],[-43.36557,-21.67345],[-43.36639,-21.6751],[-43.36722,-21.67595],[-43.36801,-21.67624],[-43.36908,-21.67638],[-43.37066,-21.67574],[-43.37124,-21.67517],[-43.37184,-21.67492],[-43.37253,-21.67521],[-43.37272,-21.67646],[-43.3728,-21.67794],[-43.373,-21.67877],[-43.37348,-21.67911],[-43.37402,-21.67909],[-43.3754,-21.67857],[-43.37741,-21.67902],[-43.37748,-21.67771],[-43.37778,-21.6773],[-43.37876,-21.67737],[-43.38011,-21.67816],[-43.38163,-21.67961],[-43.38255,-21.68024],[-43.38359,-21.68078],[-43.38432,-21.68079],[-43.38558,-21.68012],[-43.38623,-21.68],[-43.38797,-21.68025],[-43.38889,-21.68056],[-43.38972,-21.68102],[-43.39008,-21.68102],[-43.39114,-21.68032],[-43.39218,-21.68053],[-43.39302,-21.68157],[-43.39468,-21.68181],[-43.39492,-21.68216],[-43.39519,-21.68408],[-43.39617,-21.68496],[-43.39676,-21.68494],[-43.39751,-21.68428],[-43.39851,-21.68391],[-43.40085,-21.6848],[-43.40146,-21.68519],[-43.40139,-21.6862],[-43.40107,-21.68715],[-43.40165,-21.68792],[-43.40331,-21.68928],[-43.40441,-21.68863],[-43.4059,-21.68888],[-43.40545,-21.68783],[-43.40557,-21.6872],[-43.40622,-21.68676],[-43.40641,-21.68629],[-43.40702,-21.68594],[-43.40852,-21.6848],[-43.40938,-21.68432],[-43.40918,-21.6824],[-43.40927,-21.68196],[-43.40982,-21.68119],[-43.41085,-21.68074],[-43.41198,-21.68009],[-43.41288,-21.67928],[-43.41375,-21.67812],[-43.41406,-21.67707],[-43.41402,-21.67607],[-43.41357,-21.67483],[-43.41364,-21.67394],[-43.41419,-21.67307],[-43.41477,-21.67282],[-43.41531,-21.67298],[-43.41618,-21.67247],[-43.41729,-21.67207],[-43.41774,-21.67144],[-43.41851,-21.67075],[-43.41915,-21.67064]]]},"properties":{"codigo":"3136702053","name":"Remonta","population":2218,"households":1006,"areaKm2":35.683,"density":62.2}},{"type":"Feature","geometry":{"type":"Polygon","coordinates":[[[-43.33915,-21.74514],[-43.3404,-21.74473],[-43.34071,-21.7448],[-43.34131,-21.74332],[-43.34236,-21.74374],[-43.34286,-21.74335],[-43.34465,-21.74312],[-43.3448,-21.74397],[-43.3455,-21.74521],[-43.34603,-21.74581],[-43.34615,-21.74675],[-43.34738,-21.74684],[-43.3475,-21.74637],[-43.34828,-21.74679],[-43.3484,-21.74709],[-43.34815,-21.74813],[-43.34866,-21.74813],[-43.34918,-21.74858],[-43.34948,-21.74822],[-43.35027,-21.74843],[-43.35025,-21.74871],[-43.34975,-21.74895],[-43.34875,-21.75017],[-43.34807,-21.75161],[-43.34703,-21.75246],[-43.34664,-21.7521],[-43.34516,-21.75115],[-43.34449,-21.75062],[-43.34368,-21.75031],[-43.3427,-21.74958],[-43.34244,-21.74888],[-43.34111,-21.7482],[-43.33976,-21.74767],[-43.33948,-21.74693],[-43.33915,-21.74514]]]},"properties":{"codigo":"3136702070","name":"Grajaú","population":5760,"households":2697,"areaKm2":0.5823,"density":9892.3}},{"type":"Feature","geometry":{"type":"Polygon","coordinates":[[[-43.35818,-21.74405],[-43.35836,-21.7438],[-43.35814,-21.74244],[-43.35764,-21.74249],[-43.35798,-21.74101],[-43.35729,-21.73961],[-43.35695,-21.73928],[-43.35667,-21.73824],[-43.35601,-21.73799],[-43.35617,-21.73742],[-43.35459,-21.73647],[-43.35331,-21.73585],[-43.35327,-21.73541],[-43.35257,-21.73476],[-43.35261,-21.73413],[-43.35235,-21.733],[-43.35129,-21.73161],[-43.35129,-21.73066],[-43.35088,-21.73067],[-43.35063,-21.72917],[-43.35081,-21.72855],[-43.35137,-21.72904],[-43.35208,-21.72922],[-43.35296,-21.72761],[-43.35403,-21.7279],[-43.35547,-21.72805],[-43.35521,-21.72955],[-43.35589,-21.72952],[-43.35584,-21.72883],[-43.35659,-21.72893],[-43.357,-21.72906],[-43.35695,-21.73068],[-43.35725,-21.73179],[-43.36006,-21.73086],[-43.36033,-21.73114],[-43.3612,-21.73265],[-43.36238,-21.73215],[-43.36315,-21.73206],[-43.36357,-21.73298],[-43.36333,-21.7334],[-43.36332,-21.7345],[-43.36243,-21.73558],[-43.36098,-21.73672],[-43.36276,-21.73824],[-43.3628,-21.73709],[-43.3633,-21.73618],[-43.36645,-21.7361],[-43.36765,-21.73601],[-43.369,-21.73607],[-43.36958,-21.7375],[-43.3707,-21.73899],[-43.36836,-21.74037],[-43.36765,-21.74095],[-43.36585,-21.74344],[-43.36509,-21.74401],[-43.36332,-21.7443],[-43.36329,-21.74397],[-43.36035,-21.74396],[-43.35818,-21.74405]]]},"properties":{"codigo":"3136702001","name":"Santa Terezinha","population":11395,"households":5609,"areaKm2":1.7419,"density":6541.6}},{"type":"Feature","geometry":{"type":"Polygon","coordinates":[[[-43.40093,-21.72858],[-43.4015,-21.7278],[-43.40215,-21.72797],[-43.40281,-21.72751],[-43.40294,-21.72634],[-43.40367,-21.72582],[-43.40375,-21.72529],[-43.40294,-21.72363],[-43.40257,-21.72385],[-43.40202,-21.723],[-43.39936,-21.72199],[-43.39733,-21.72173],[-43.39624,-21.72168],[-43.39613,-21.72274],[-43.39356,-21.72293],[-43.39377,-21.72246],[-43.39293,-21.72153],[-43.39338,-21.72052],[-43.39358,-21.71939],[-43.39429,-21.71963],[-43.39563,-21.71833],[-43.39602,-21.71784],[-43.39678,-21.71761],[-43.39769,-21.71774],[-43.39838,-21.71751],[-43.39945,-21.71663],[-43.40027,-21.71634],[-43.4018,-21.71617],[-43.40389,-21.71473],[-43.40362,-21.71433],[-43.40489,-21.71347],[-43.40431,-21.71194],[-43.40438,-21.71104],[-43.40497,-21.70852],[-43.4067,-21.70779],[-43.40879,-21.70964],[-43.40892,-21.70901],[-43.40962,-21.7082],[-43.4107,-21.70763],[-43.41088,-21.70733],[-43.4106,-21.70633],[-43.41236,-21.70606],[-43.41302,-21.70636],[-43.41337,-21.70686],[-43.41353,-21.70755],[-43.41338,-21.70829],[-43.41406,-21.70926],[-43.4142,-21.71014],[-43.41477,-21.71003],[-43.41495,-21.7101],[-43.41435,-21.71135],[-43.41526,-21.71208],[-43.41496,-21.71303],[-43.41503,-21.71381],[-43.41467,-21.72259],[-43.41335,-21.72321],[-43.40971,-21.72501],[-43.41119,-21.72661],[-43.40985,-21.72762],[-43.40924,-21.72789],[-43.40821,-21.72877],[-43.40732,-21.7292],[-43.40538,-21.72974],[-43.40379,-21.73012],[-43.40305,-21.72974],[-43.40231,-21.72914],[-43.40093,-21.72858]]]},"properties":{"codigo":"3136702040","name":"Barbosa Lage","population":15119,"households":6962,"areaKm2":3.0432,"density":4968.1}},{"type":"Feature","geometry":{"type":"Polygon","coordinates":[[[-43.39497,-21.73221],[-43.39398,-21.73346],[-43.39249,-21.73463],[-43.39162,-21.73507],[-43.38935,-21.73595],[-43.38957,-21.73547],[-43.38978,-21.73356],[-43.38962,-21.7324],[-43.38939,-21.73205],[-43.39113,-21.73125],[-43.39202,-21.73033],[-43.39227,-21.72981],[-43.39227,-21.72911],[-43.39257,-21.72882],[-43.39598,-21.72943],[-43.39553,-21.73126],[-43.39497,-21.73221]]]},"properties":{"codigo":"3136702104","name":"Industrial","population":2578,"households":1199,"areaKm2":0.291,"density":8858.4}},{"type":"Feature","geometry":{"type":"Polygon","coordinates":[[[-43.3496,-21.78262],[-43.35067,-21.78334],[-43.35132,-21.78443],[-43.35098,-21.78461],[-43.34855,-21.78525],[-43.34704,-21.78611],[-43.3473,-21.78645],[-43.34813,-21.78684],[-43.34788,-21.78746],[-43.34805,-21.78793],[-43.34908,-21.78872],[-43.34931,-21.79003],[-43.34962,-21.79027],[-43.3493,-21.79127],[-43.34624,-21.79538],[-43.3457,-21.7969],[-43.34526,-21.79748],[-43.34455,-21.79792],[-43.34299,-21.79846],[-43.34165,-21.7993],[-43.34124,-21.79881],[-43.34073,-21.79772],[-43.3403,-21.79741],[-43.33853,-21.79712],[-43.33812,-21.79688],[-43.3371,-21.79705],[-43.33763,-21.7962],[-43.33716,-21.79609],[-43.33695,-21.79533],[-43.33717,-21.79427],[-43.33799,-21.79426],[-43.33907,-21.79343],[-43.34,-21.79346],[-43.3406,-21.79403],[-43.34118,-21.79387],[-43.34151,-21.79262],[-43.34215,-21.79202],[-43.34217,-21.7915],[-43.34265,-21.79108],[-43.34258,-21.79062],[-43.34212,-21.78975],[-43.34223,-21.78918],[-43.34197,-21.78879],[-43.34204,-21.78826],[-43.34277,-21.78759],[-43.34415,-21.78718],[-43.3437,-21.78689],[-43.34348,-21.78629],[-43.3424,-21.78619],[-43.34181,-21.78577],[-43.34128,-21.78567],[-43.34166,-21.7851],[-43.34147,-21.7846],[-43.34179,-21.78435],[-43.34228,-21.78333],[-43.34372,-21.78364],[-43.34407,-21.78303],[-43.34487,-21.78292],[-43.34682,-21.78262],[-43.34768,-21.78283],[-43.3496,-21.78262]]]},"properties":{"codigo":"3136702096","name":"Santa Luzia","population":12980,"households":6025,"areaKm2":1.2533,"density":10356.6}},{"type":"Feature","geometry":{"type":"Polygon","coordinates":[[[-43.33871,-21.76106],[-43.33875,-21.76078],[-43.33787,-21.7595],[-43.33794,-21.75898],[-43.33831,-21.75889],[-43.33886,-21.75966],[-43.34088,-21.75934],[-43.34125,-21.7591],[-43.34116,-21.75822],[-43.34089,-21.7573],[-43.34112,-21.7568],[-43.34197,-21.75624],[-43.34266,-21.75569],[-43.3432,-21.75589],[-43.34384,-21.75504],[-43.34445,-21.75522],[-43.3438,-21.75579],[-43.34293,-21.75696],[-43.34257,-21.75782],[-43.34201,-21.75959],[-43.34086,-21.76055],[-43.33947,-21.76099],[-43.33871,-21.76106]]]},"properties":{"codigo":"3136702013","name":"Botanágua","population":1228,"households":638,"areaKm2":0.1135,"density":10818.6}},{"type":"Feature","geometry":{"type":"Polygon","coordinates":[[[-43.35894,-21.72604],[-43.35684,-21.72716],[-43.35686,-21.72856],[-43.35659,-21.72893],[-43.35584,-21.72883],[-43.35589,-21.72952],[-43.35521,-21.72955],[-43.35547,-21.72805],[-43.35403,-21.7279],[-43.35296,-21.72761],[-43.35208,-21.72922],[-43.35137,-21.72904],[-43.35081,-21.72855],[-43.35052,-21.72814],[-43.35069,-21.72694],[-43.35047,-21.72647],[-43.34936,-21.7253],[-43.34926,-21.72432],[-43.34951,-21.72309],[-43.34916,-21.72296],[-43.34927,-21.72189],[-43.3482,-21.72133],[-43.3466,-21.7214],[-43.34643,-21.72164],[-43.3445,-21.72194],[-43.34381,-21.72244],[-43.34363,-21.72171],[-43.34225,-21.72033],[-43.34082,-21.71989],[-43.33934,-21.71987],[-43.33785,-21.7202],[-43.33632,-21.72111],[-43.33564,-21.71902],[-43.33602,-21.71778],[-43.33617,-21.71633],[-43.33654,-21.71647],[-43.33719,-21.7162],[-43.33851,-21.71523],[-43.33897,-21.71475],[-43.34025,-21.71264],[-43.34153,-21.71162],[-43.34276,-21.71087],[-43.34595,-21.70931],[-43.34772,-21.70794],[-43.35286,-21.708],[-43.35372,-21.70959],[-43.35506,-21.70897],[-43.35491,-21.70866],[-43.356,-21.70813],[-43.35924,-21.708],[-43.3595,-21.70767],[-43.36002,-21.70784],[-43.35975,-21.70846],[-43.35928,-21.70891],[-43.35866,-21.70916],[-43.35695,-21.70958],[-43.35515,-21.71062],[-43.35547,-21.71203],[-43.35539,-21.71345],[-43.35585,-21.71493],[-43.35664,-21.71429],[-43.35729,-21.71412],[-43.35805,-21.7146],[-43.35905,-21.71385],[-43.3599,-21.71359],[-43.36125,-21.71343],[-43.36158,-21.71379],[-43.36119,-21.7147],[-43.36055,-21.7155],[-43.36062,-21.71621],[-43.36125,-21.71685],[-43.36127,-21.71722],[-43.36255,-21.71829],[-43.36274,-21.71899],[-43.36241,-21.71971],[-43.36113,-21.72084],[-43.36086,-21.72141],[-43.35981,-21.72195],[-43.3593,-21.72236],[-43.35816,-21.72365],[-43.35771,-21.72379],[-43.35817,-21.72483],[-43.35894,-21.72604]]]},"properties":{"codigo":"3136702081","name":"Vale dos Bandeirantes","population":12990,"households":6961,"areaKm2":3.6108,"density":3597.5}},{"type":"Feature","geometry":{"type":"Polygon","coordinates":[[[-43.34682,-21.78262],[-43.34487,-21.78292],[-43.34477,-21.78172],[-43.34526,-21.77986],[-43.34479,-21.77977],[-43.34496,-21.77909],[-43.34542,-21.77751],[-43.34727,-21.77039],[-43.34772,-21.76865],[-43.34901,-21.76964],[-43.34826,-21.76995],[-43.34828,-21.77077],[-43.34862,-21.77083],[-43.3485,-21.77174],[-43.34875,-21.7729],[-43.34915,-21.773],[-43.34912,-21.77359],[-43.34948,-21.77392],[-43.35012,-21.77406],[-43.35048,-21.77466],[-43.35058,-21.7755],[-43.35048,-21.77619],[-43.34992,-21.77607],[-43.34885,-21.77724],[-43.34953,-21.77801],[-43.35004,-21.77891],[-43.34981,-21.77925],[-43.34913,-21.77946],[-43.34861,-21.77937],[-43.3473,-21.78027],[-43.34799,-21.78092],[-43.34729,-21.78103],[-43.34727,-21.78173],[-43.34673,-21.78178],[-43.34682,-21.78262]]]},"properties":{"codigo":"3136702020","name":"Alto dos Passos","population":5077,"households":2927,"areaKm2":0.4554,"density":11148.4}},{"type":"Feature","geometry":{"type":"Polygon","coordinates":[[[-43.38939,-21.73205],[-43.38962,-21.7324],[-43.38978,-21.73356],[-43.38957,-21.73547],[-43.38935,-21.73595],[-43.38933,-21.73651],[-43.39008,-21.73644],[-43.39033,-21.73685],[-43.39201,-21.73713],[-43.39337,-21.73718],[-43.39374,-21.73774],[-43.39378,-21.73856],[-43.3933,-21.73996],[-43.39274,-21.74046],[-43.39167,-21.74061],[-43.38967,-21.74063],[-43.38967,-21.74159],[-43.38905,-21.7422],[-43.38809,-21.74267],[-43.38737,-21.74264],[-43.38565,-21.74329],[-43.38525,-21.74293],[-43.38373,-21.74246],[-43.38342,-21.74307],[-43.38293,-21.74295],[-43.38281,-21.74253],[-43.38288,-21.74163],[-43.38221,-21.74133],[-43.38138,-21.74052],[-43.37973,-21.73936],[-43.37874,-21.73814],[-43.37858,-21.73772],[-43.37906,-21.73701],[-43.37898,-21.73659],[-43.38039,-21.73628],[-43.38224,-21.73632],[-43.38551,-21.73699],[-43.38641,-21.73662],[-43.38744,-21.73423],[-43.38866,-21.73279],[-43.38939,-21.73205]]]},"properties":{"codigo":"3136702045","name":"Cerâmica","population":3539,"households":1735,"areaKm2":0.903,"density":3919.2}},{"type":"Feature","geometry":{"type":"Polygon","coordinates":[[[-43.34636,-21.73797],[-43.34625,-21.73716],[-43.34568,-21.73577],[-43.3456,-21.73506],[-43.34505,-21.73549],[-43.34471,-21.73436],[-43.34345,-21.73464],[-43.34305,-21.73398],[-43.34323,-21.73282],[-43.34288,-21.73225],[-43.3417,-21.73138],[-43.33958,-21.73129],[-43.33906,-21.73158],[-43.33817,-21.73132],[-43.3377,-21.73141],[-43.33688,-21.73111],[-43.3365,-21.7312],[-43.33555,-21.73074],[-43.33559,-21.73036],[-43.33636,-21.73037],[-43.33638,-21.72975],[-43.33325,-21.72967],[-43.33283,-21.72863],[-43.33283,-21.72815],[-43.33339,-21.72713],[-43.33347,-21.72668],[-43.33376,-21.72596],[-43.33375,-21.725],[-43.33503,-21.72367],[-43.33538,-21.72274],[-43.33618,-21.72171],[-43.33632,-21.72111],[-43.33785,-21.7202],[-43.33934,-21.71987],[-43.34082,-21.71989],[-43.34225,-21.72033],[-43.34363,-21.72171],[-43.34381,-21.72244],[-43.3445,-21.72194],[-43.34643,-21.72164],[-43.3466,-21.7214],[-43.3482,-21.72133],[-43.34927,-21.72189],[-43.34916,-21.72296],[-43.34951,-21.72309],[-43.34926,-21.72432],[-43.34936,-21.7253],[-43.35047,-21.72647],[-43.35069,-21.72694],[-43.35052,-21.72814],[-43.35081,-21.72855],[-43.35063,-21.72917],[-43.35088,-21.73067],[-43.35129,-21.73066],[-43.35129,-21.73161],[-43.35235,-21.733],[-43.35261,-21.73413],[-43.35257,-21.73476],[-43.35327,-21.73541],[-43.35331,-21.73585],[-43.35459,-21.73647],[-43.35386,-21.73772],[-43.35316,-21.73791],[-43.35324,-21.73753],[-43.35211,-21.73723],[-43.3524,-21.73684],[-43.35103,-21.73611],[-43.3508,-21.73634],[-43.35002,-21.73611],[-43.35,-21.73526],[-43.34722,-21.73748],[-43.34715,-21.73783],[-43.34636,-21.73797]]]},"properties":{"codigo":"3136702079","name":"Progresso","population":16191,"households":7469,"areaKm2":2.4014,"density":6742.2}},{"type":"Feature","geometry":{"type":"Polygon","coordinates":[[[-43.36268,-21.77393],[-43.36316,-21.77525],[-43.36369,-21.77569],[-43.3659,-21.77801],[-43.36635,-21.77838],[-43.36683,-21.77944],[-43.36721,-21.78061],[-43.36675,-21.78093],[-43.36684,-21.78154],[-43.36577,-21.78149],[-43.36425,-21.78123],[-43.36221,-21.78136],[-43.36233,-21.7806],[-43.36167,-21.78062],[-43.36163,-21.77979],[-43.36182,-21.77926],[-43.36011,-21.77723],[-43.35963,-21.77606],[-43.35864,-21.7765],[-43.35832,-21.77636],[-43.35921,-21.77553],[-43.36036,-21.77509],[-43.36122,-21.77508],[-43.36127,-21.77464],[-43.36164,-21.77467],[-43.36268,-21.77393]]]},"properties":{"codigo":"3136702022","name":"Dom Bosco","population":4187,"households":1862,"areaKm2":0.3712,"density":11279}},{"type":"Feature","geometry":{"type":"Polygon","coordinates":[[[-43.39322,-21.79022],[-43.39501,-21.79056],[-43.39512,-21.78981],[-43.39495,-21.78853],[-43.39569,-21.78745],[-43.39682,-21.78746],[-43.3986,-21.78773],[-43.39981,-21.78762],[-43.4012,-21.78735],[-43.40219,-21.78683],[-43.40284,-21.78682],[-43.40375,-21.78733],[-43.40419,-21.78778],[-43.40432,-21.78834],[-43.40435,-21.79008],[-43.40527,-21.79107],[-43.40685,-21.79132],[-43.40812,-21.792],[-43.40855,-21.7924],[-43.40915,-21.79334],[-43.41009,-21.794],[-43.41133,-21.79464],[-43.41131,-21.79527],[-43.41087,-21.79582],[-43.41138,-21.7971],[-43.41101,-21.79777],[-43.41009,-21.79803],[-43.40916,-21.79981],[-43.40475,-21.79869],[-43.4033,-21.79866],[-43.40248,-21.79888],[-43.40141,-21.7995],[-43.4005,-21.80068],[-43.3993,-21.79996],[-43.40057,-21.79814],[-43.39975,-21.79755],[-43.39952,-21.79776],[-43.39582,-21.79849],[-43.39574,-21.79777],[-43.39532,-21.79736],[-43.39503,-21.79334],[-43.39362,-21.79246],[-43.39256,-21.79146],[-43.39322,-21.79022]]]},"properties":{"codigo":"3136702038","name":"Nova Califórnia","population":1035,"households":674,"areaKm2":1.7666,"density":585.9}},{"type":"Feature","geometry":{"type":"Polygon","coordinates":[[[-43.40173,-21.73582],[-43.4015,-21.73655],[-43.40232,-21.73672],[-43.40261,-21.73708],[-43.40328,-21.73716],[-43.40422,-21.73769],[-43.40473,-21.73818],[-43.40454,-21.73843],[-43.40572,-21.7389],[-43.40611,-21.73985],[-43.40678,-21.74047],[-43.40742,-21.74068],[-43.40894,-21.74072],[-43.40979,-21.74054],[-43.41008,-21.74116],[-43.40977,-21.74411],[-43.41115,-21.74482],[-43.41126,-21.74555],[-43.41104,-21.7462],[-43.41043,-21.74669],[-43.41018,-21.74722],[-43.40879,-21.74848],[-43.40697,-21.74949],[-43.40654,-21.74906],[-43.40457,-21.75008],[-43.40252,-21.75146],[-43.40004,-21.75287],[-43.39961,-21.75281],[-43.39865,-21.75129],[-43.39856,-21.75086],[-43.39758,-21.74982],[-43.39633,-21.74966],[-43.39521,-21.74923],[-43.39464,-21.74875],[-43.39355,-21.74817],[-43.39289,-21.74799],[-43.39356,-21.74677],[-43.39451,-21.74577],[-43.39535,-21.74419],[-43.39694,-21.74262],[-43.39596,-21.74181],[-43.39544,-21.74157],[-43.39346,-21.74111],[-43.39274,-21.74046],[-43.3933,-21.73996],[-43.39378,-21.73856],[-43.39374,-21.73774],[-43.39337,-21.73718],[-43.39201,-21.73713],[-43.39033,-21.73685],[-43.39008,-21.73644],[-43.38933,-21.73651],[-43.38935,-21.73595],[-43.39162,-21.73507],[-43.39249,-21.73463],[-43.39398,-21.73346],[-43.39497,-21.73221],[-43.39633,-21.73352],[-43.3991,-21.7346],[-43.39951,-21.73511],[-43.40047,-21.73582],[-43.40173,-21.73582]]]},"properties":{"codigo":"3136702043","name":"Francisco Bernardino","population":14145,"households":6409,"areaKm2":2.5489,"density":5549.5}},{"type":"Feature","geometry":{"type":"Polygon","coordinates":[[[-43.35291,-21.77714],[-43.35368,-21.77749],[-43.35464,-21.77887],[-43.35554,-21.78118],[-43.3557,-21.78187],[-43.35566,-21.78301],[-43.35559,-21.78345],[-43.35547,-21.78393],[-43.35469,-21.78454],[-43.35333,-21.78481],[-43.35237,-21.78512],[-43.35132,-21.78443],[-43.35067,-21.78334],[-43.3496,-21.78262],[-43.35203,-21.78075],[-43.3506,-21.78041],[-43.35225,-21.77796],[-43.35255,-21.77803],[-43.35291,-21.77714]]]},"properties":{"codigo":"3136702025","name":"Santa Cecília","population":3779,"households":1611,"areaKm2":0.3306,"density":11431.4}},{"type":"Feature","geometry":{"type":"Polygon","coordinates":[[[-43.35353,-21.7692],[-43.35349,-21.77026],[-43.35251,-21.77004],[-43.35238,-21.7708],[-43.35446,-21.77126],[-43.35431,-21.77076],[-43.35461,-21.77022],[-43.35671,-21.77072],[-43.35933,-21.77124],[-43.35952,-21.77097],[-43.36002,-21.77129],[-43.36074,-21.77219],[-43.36128,-21.77328],[-43.36127,-21.77464],[-43.36122,-21.77508],[-43.36036,-21.77509],[-43.35921,-21.77553],[-43.35832,-21.77636],[-43.35864,-21.7765],[-43.35963,-21.77606],[-43.36011,-21.77723],[-43.36182,-21.77926],[-43.36163,-21.77979],[-43.36167,-21.78062],[-43.36233,-21.7806],[-43.36221,-21.78136],[-43.36153,-21.7814],[-43.36101,-21.78173],[-43.36091,-21.78231],[-43.35942,-21.78156],[-43.35862,-21.78295],[-43.35819,-21.78292],[-43.35728,-21.78337],[-43.35566,-21.78301],[-43.3557,-21.78187],[-43.35554,-21.78118],[-43.35464,-21.77887],[-43.35368,-21.77749],[-43.35291,-21.77714],[-43.3521,-21.7767],[-43.3524,-21.77639],[-43.35186,-21.77577],[-43.35197,-21.77542],[-43.35116,-21.77522],[-43.35058,-21.7755],[-43.35048,-21.77466],[-43.35012,-21.77406],[-43.34948,-21.77392],[-43.34912,-21.77359],[-43.34915,-21.773],[-43.34875,-21.7729],[-43.3485,-21.77174],[-43.34862,-21.77083],[-43.34828,-21.77077],[-43.34826,-21.76995],[-43.34901,-21.76964],[-43.34772,-21.76865],[-43.3479,-21.76798],[-43.34966,-21.76848],[-43.35013,-21.7684],[-43.35353,-21.7692]]]},"properties":{"codigo":"3136702019","name":"São Mateus","population":19255,"households":11754,"areaKm2":1.2763,"density":15087}},{"type":"Feature","geometry":{"type":"Polygon","coordinates":[[[-43.33368,-21.78134],[-43.33369,-21.78182],[-43.33544,-21.78184],[-43.33546,-21.78115],[-43.33605,-21.78043],[-43.3369,-21.7801],[-43.33725,-21.78015],[-43.33848,-21.78124],[-43.34019,-21.78137],[-43.34053,-21.78164],[-43.34122,-21.78294],[-43.34194,-21.78342],[-43.34228,-21.78333],[-43.34179,-21.78435],[-43.34147,-21.7846],[-43.34166,-21.7851],[-43.34128,-21.78567],[-43.33961,-21.78653],[-43.33902,-21.7866],[-43.33743,-21.78647],[-43.33759,-21.78693],[-43.33887,-21.78754],[-43.33929,-21.78816],[-43.33896,-21.78839],[-43.3378,-21.78844],[-43.33719,-21.78896],[-43.33887,-21.79034],[-43.33792,-21.79078],[-43.33739,-21.79292],[-43.33717,-21.79427],[-43.33695,-21.79533],[-43.33716,-21.79609],[-43.33763,-21.7962],[-43.3371,-21.79705],[-43.33705,-21.79731],[-43.33765,-21.79942],[-43.33805,-21.80011],[-43.3388,-21.80236],[-43.33782,-21.8035],[-43.33599,-21.80537],[-43.33265,-21.81016],[-43.33127,-21.811],[-43.32977,-21.81259],[-43.32912,-21.81292],[-43.32809,-21.81385],[-43.32688,-21.81536],[-43.32642,-21.81677],[-43.32559,-21.81857],[-43.32389,-21.82032],[-43.32261,-21.82141],[-43.32194,-21.82171],[-43.32117,-21.82181],[-43.32023,-21.82154],[-43.31877,-21.82249],[-43.31793,-21.82219],[-43.31738,-21.82128],[-43.31683,-21.82087],[-43.31594,-21.82067],[-43.31433,-21.82078],[-43.31302,-21.82107],[-43.31244,-21.82094],[-43.31172,-21.82045],[-43.31144,-21.82002],[-43.31123,-21.81912],[-43.31133,-21.81838],[-43.31188,-21.81739],[-43.31245,-21.81691],[-43.31364,-21.81641],[-43.31408,-21.81608],[-43.31454,-21.81517],[-43.31449,-21.81445],[-43.31408,-21.81377],[-43.313,-21.81284],[-43.31266,-21.81234],[-43.31188,-21.81025],[-43.31017,-21.80794],[-43.30974,-21.80661],[-43.30974,-21.80496],[-43.30953,-21.80415],[-43.3092,-21.80356],[-43.30826,-21.80253],[-43.30775,-21.80104],[-43.3071,-21.80034],[-43.30629,-21.80008],[-43.30565,-21.80015],[-43.30424,-21.80071],[-43.30317,-21.80081],[-43.30132,-21.80035],[-43.30057,-21.80036],[-43.29944,-21.80065],[-43.29882,-21.80065],[-43.29782,-21.80023],[-43.29671,-21.79925],[-43.29619,-21.79838],[-43.29618,-21.79773],[-43.29218,-21.79615],[-43.28578,-21.79355],[-43.28571,-21.7923],[-43.28504,-21.79052],[-43.28436,-21.78674],[-43.2831,-21.78485],[-43.283,-21.78447],[-43.28228,-21.78343],[-43.28141,-21.78265],[-43.28056,-21.78222],[-43.28083,-21.78178],[-43.2815,-21.7814],[-43.28247,-21.78137],[-43.28286,-21.78108],[-43.28359,-21.78097],[-43.28337,-21.78053],[-43.28347,-21.77984],[-43.28328,-21.77948],[-43.28352,-21.77882],[-43.2842,-21.77837],[-43.28468,-21.77828],[-43.2863,-21.77728],[-43.28682,-21.77721],[-43.28831,-21.77669],[-43.28897,-21.77614],[-43.29028,-21.77695],[-43.28985,-21.77837],[-43.29028,-21.7797],[-43.28977,-21.78002],[-43.28693,-21.78323],[-43.28789,-21.78308],[-43.28835,-21.78333],[-43.28901,-21.78315],[-43.29128,-21.78412],[-43.29325,-21.78453],[-43.29402,-21.78442],[-43.29507,-21.78459],[-43.29655,-21.786],[-43.29785,-21.78792],[-43.29853,-21.78804],[-43.29857,-21.78705],[-43.29896,-21.78677],[-43.29976,-21.7874],[-43.30125,-21.78819],[-43.30225,-21.78843],[-43.30346,-21.78762],[-43.30418,-21.78746],[-43.30673,-21.78235],[-43.30704,-21.78205],[-43.30864,-21.78203],[-43.30969,-21.78235],[-43.31161,-21.78141],[-43.3128,-21.78119],[-43.31413,-21.78051],[-43.31563,-21.78049],[-43.31648,-21.78016],[-43.3172,-21.78007],[-43.3182,-21.7791],[-43.3196,-21.7789],[-43.32003,-21.77869],[-43.32072,-21.77873],[-43.32042,-21.7803],[-43.32062,-21.78102],[-43.32161,-21.78147],[-43.32286,-21.78148],[-43.32369,-21.78218],[-43.3239,-21.78283],[-43.32431,-21.78323],[-43.32506,-21.78458],[-43.32514,-21.7853],[-43.3242,-21.78577],[-43.32373,-21.78712],[-43.32423,-21.78745],[-43.32492,-21.78657],[-43.32596,-21.78635],[-43.32641,-21.78594],[-43.32647,-21.78529],[-43.3277,-21.78423],[-43.329,-21.78368],[-43.32954,-21.78304],[-43.33216,-21.78148],[-43.33262,-21.78126],[-43.33297,-21.7816],[-43.33368,-21.78134]]]},"properties":{"codigo":"3136702092","name":"Graminha","population":2663,"households":1368,"areaKm2":15.2603,"density":174.5}},{"type":"Feature","geometry":{"type":"Polygon","coordinates":[[[-43.35487,-21.75983],[-43.35518,-21.75958],[-43.35601,-21.75979],[-43.35563,-21.76021],[-43.3553,-21.76215],[-43.35553,-21.7627],[-43.35531,-21.76361],[-43.35552,-21.7643],[-43.35655,-21.76465],[-43.35641,-21.76533],[-43.35675,-21.76627],[-43.35641,-21.76734],[-43.35735,-21.76802],[-43.35695,-21.76854],[-43.35825,-21.76884],[-43.3586,-21.76944],[-43.35828,-21.76987],[-43.3588,-21.77052],[-43.35952,-21.77097],[-43.35933,-21.77124],[-43.35671,-21.77072],[-43.35461,-21.77022],[-43.35431,-21.77076],[-43.35446,-21.77126],[-43.35238,-21.7708],[-43.35251,-21.77004],[-43.35349,-21.77026],[-43.35353,-21.7692],[-43.35325,-21.76775],[-43.35382,-21.76707],[-43.3531,-21.76624],[-43.35355,-21.76547],[-43.35427,-21.76264],[-43.35459,-21.76158],[-43.35432,-21.76129],[-43.35474,-21.76046],[-43.35487,-21.75983]]]},"properties":{"codigo":"3136702017","name":"Jardim Paineiras","population":5450,"households":2981,"areaKm2":0.3484,"density":15642.4}},{"type":"Feature","geometry":{"type":"Polygon","coordinates":[[[-43.35174,-21.74874],[-43.35087,-21.74885],[-43.35025,-21.74871],[-43.35027,-21.74843],[-43.35086,-21.74815],[-43.35142,-21.74655],[-43.35143,-21.74605],[-43.35047,-21.74424],[-43.34807,-21.74364],[-43.34739,-21.74326],[-43.34731,-21.74276],[-43.34789,-21.74169],[-43.3476,-21.74106],[-43.34791,-21.74076],[-43.34809,-21.74055],[-43.34982,-21.74184],[-43.35009,-21.74141],[-43.35181,-21.74233],[-43.35257,-21.74223],[-43.35284,-21.74171],[-43.35291,-21.74075],[-43.35359,-21.73815],[-43.35316,-21.73791],[-43.35386,-21.73772],[-43.35459,-21.73647],[-43.35617,-21.73742],[-43.35601,-21.73799],[-43.35667,-21.73824],[-43.35695,-21.73928],[-43.35657,-21.73936],[-43.357,-21.74023],[-43.35629,-21.74058],[-43.35575,-21.74045],[-43.35554,-21.741],[-43.3561,-21.74297],[-43.3571,-21.74344],[-43.35809,-21.74405],[-43.35646,-21.7442],[-43.35402,-21.74469],[-43.35322,-21.74502],[-43.3522,-21.74601],[-43.35179,-21.74726],[-43.35174,-21.74874]]]},"properties":{"codigo":"3136702004","name":"Manoel Honório","population":5423,"households":2670,"areaKm2":0.4937,"density":10984}},{"type":"Feature","geometry":{"type":"Polygon","coordinates":[[[-43.38809,-21.74267],[-43.38838,-21.74322],[-43.38901,-21.74384],[-43.38912,-21.74587],[-43.38984,-21.74624],[-43.38985,-21.74672],[-43.39132,-21.74785],[-43.39167,-21.74823],[-43.39089,-21.74885],[-43.38946,-21.7481],[-43.38782,-21.74709],[-43.38651,-21.74836],[-43.38539,-21.74768],[-43.38528,-21.74838],[-43.38459,-21.74879],[-43.38443,-21.75002],[-43.3834,-21.75149],[-43.3832,-21.75154],[-43.38025,-21.75199],[-43.37914,-21.75134],[-43.37815,-21.75021],[-43.37616,-21.74862],[-43.37592,-21.74851],[-43.37832,-21.74692],[-43.37849,-21.74547],[-43.37953,-21.74428],[-43.38043,-21.74388],[-43.38166,-21.74314],[-43.38192,-21.74263],[-43.38281,-21.74253],[-43.38293,-21.74295],[-43.38342,-21.74307],[-43.38373,-21.74246],[-43.38525,-21.74293],[-43.38565,-21.74329],[-43.38737,-21.74264],[-43.38809,-21.74267]]]},"properties":{"codigo":"3136702046","name":"Monte Castelo","population":5839,"households":2581,"areaKm2":0.9025,"density":6470.1}},{"type":"Feature","geometry":{"type":"Polygon","coordinates":[[[-43.33033,-21.77618],[-43.32984,-21.77506],[-43.329,-21.77376],[-43.32928,-21.77255],[-43.33063,-21.77136],[-43.33063,-21.771],[-43.33132,-21.77074],[-43.33151,-21.77142],[-43.33205,-21.77254],[-43.33195,-21.77299],[-43.33072,-21.7731],[-43.33016,-21.77328],[-43.33042,-21.77409],[-43.33204,-21.77409],[-43.33309,-21.7737],[-43.33321,-21.77331],[-43.33449,-21.77362],[-43.33529,-21.77421],[-43.33669,-21.77444],[-43.33683,-21.77403],[-43.33807,-21.77419],[-43.33893,-21.77451],[-43.33781,-21.77526],[-43.33756,-21.77626],[-43.33751,-21.77719],[-43.33536,-21.77679],[-43.335,-21.77724],[-43.33477,-21.77683],[-43.3336,-21.7767],[-43.33327,-21.77614],[-43.33131,-21.77568],[-43.33033,-21.77618]]]},"properties":{"codigo":"3136702086","name":"Vila Olavo Costa","population":3599,"households":1551,"areaKm2":0.2973,"density":12106.6}},{"type":"Feature","geometry":{"type":"Polygon","coordinates":[[[-43.36687,-21.75529],[-43.36703,-21.75551],[-43.36936,-21.75357],[-43.36939,-21.75328],[-43.37086,-21.75319],[-43.37108,-21.75274],[-43.37214,-21.75233],[-43.3727,-21.75185],[-43.37085,-21.75055],[-43.37134,-21.75001],[-43.37184,-21.74907],[-43.3714,-21.74869],[-43.37161,-21.74836],[-43.37221,-21.74839],[-43.37312,-21.74798],[-43.37415,-21.74775],[-43.37495,-21.74794],[-43.37592,-21.74851],[-43.37616,-21.74862],[-43.37815,-21.75021],[-43.37914,-21.75134],[-43.38025,-21.75199],[-43.3832,-21.75154],[-43.38322,-21.75187],[-43.38434,-21.7519],[-43.38474,-21.753],[-43.38471,-21.75405],[-43.38417,-21.7551],[-43.38396,-21.75636],[-43.3842,-21.75752],[-43.38464,-21.75857],[-43.38461,-21.75998],[-43.38381,-21.76132],[-43.38368,-21.76191],[-43.38247,-21.76316],[-43.38176,-21.76316],[-43.38139,-21.76351],[-43.38043,-21.76389],[-43.37915,-21.76385],[-43.37694,-21.76485],[-43.37407,-21.76498],[-43.37376,-21.76476],[-43.36999,-21.76422],[-43.37079,-21.764],[-43.37151,-21.76357],[-43.37209,-21.76299],[-43.37269,-21.76318],[-43.37397,-21.76183],[-43.37432,-21.76173],[-43.37348,-21.75987],[-43.37337,-21.75833],[-43.37291,-21.75657],[-43.37194,-21.7553],[-43.37133,-21.75413],[-43.37015,-21.75475],[-43.36937,-21.75531],[-43.36898,-21.7564],[-43.3682,-21.75689],[-43.36751,-21.75687],[-43.36682,-21.75548],[-43.36687,-21.75529]]]},"properties":{"codigo":"3136702027","name":"Borboleta","population":6491,"households":2921,"areaKm2":1.9952,"density":3253.3}},{"type":"Feature","geometry":{"type":"Polygon","coordinates":[[[-43.35152,-21.80414],[-43.3542,-21.80389],[-43.35517,-21.80351],[-43.3557,-21.80418],[-43.35602,-21.8049],[-43.35592,-21.80607],[-43.35535,-21.80713],[-43.35492,-21.80751],[-43.35442,-21.80848],[-43.35425,-21.80968],[-43.35297,-21.8107],[-43.35208,-21.81213],[-43.35167,-21.81374],[-43.35158,-21.81604],[-43.35175,-21.81717],[-43.35112,-21.81786],[-43.3509,-21.81845],[-43.34976,-21.81895],[-43.34815,-21.81912],[-43.34714,-21.81858],[-43.34687,-21.8182],[-43.34598,-21.81765],[-43.34552,-21.81703],[-43.34459,-21.81637],[-43.34337,-21.81573],[-43.34295,-21.81514],[-43.34244,-21.81384],[-43.34242,-21.8125],[-43.34216,-21.8117],[-43.34165,-21.81106],[-43.34101,-21.81073],[-43.33877,-21.81023],[-43.33688,-21.81006],[-43.33601,-21.80969],[-43.33483,-21.80952],[-43.33367,-21.80978],[-43.33265,-21.81016],[-43.33599,-21.80537],[-43.33782,-21.8035],[-43.3388,-21.80236],[-43.33805,-21.80011],[-43.33765,-21.79942],[-43.33705,-21.79731],[-43.3371,-21.79705],[-43.33812,-21.79688],[-43.33853,-21.79712],[-43.3403,-21.79741],[-43.34073,-21.79772],[-43.34124,-21.79881],[-43.34165,-21.7993],[-43.3422,-21.80012],[-43.34249,-21.79998],[-43.3444,-21.80018],[-43.34547,-21.80068],[-43.34605,-21.80137],[-43.3467,-21.80185],[-43.34718,-21.80133],[-43.34733,-21.80238],[-43.3481,-21.80346],[-43.34867,-21.80395],[-43.34937,-21.80408],[-43.35152,-21.80414]]]},"properties":{"codigo":"3136702098","name":"São Geraldo","population":7201,"households":3530,"areaKm2":2.7652,"density":2604.2}},{"type":"Feature","geometry":{"type":"Polygon","coordinates":[[[-43.34191,-21.77177],[-43.34173,-21.77254],[-43.34183,-21.77321],[-43.33991,-21.774],[-43.33893,-21.77451],[-43.33807,-21.77419],[-43.33683,-21.77403],[-43.33669,-21.77444],[-43.33529,-21.77421],[-43.33449,-21.77362],[-43.33469,-21.77328],[-43.33389,-21.77196],[-43.33459,-21.77104],[-43.33526,-21.7713],[-43.33572,-21.77057],[-43.33534,-21.77026],[-43.33543,-21.76973],[-43.33609,-21.76992],[-43.33679,-21.76975],[-43.33679,-21.77027],[-43.33617,-21.77074],[-43.33638,-21.77146],[-43.33737,-21.77117],[-43.33841,-21.77056],[-43.33799,-21.76966],[-43.33798,-21.76796],[-43.33832,-21.7681],[-43.33898,-21.76782],[-43.33949,-21.76784],[-43.33961,-21.76936],[-43.34,-21.7698],[-43.34072,-21.77111],[-43.34191,-21.77177]]]},"properties":{"codigo":"3136702085","name":"Ozanan","population":1470,"households":621,"areaKm2":0.3262,"density":4506.1}},{"type":"Feature","geometry":{"type":"Polygon","coordinates":[[[-43.3593,-21.74811],[-43.36011,-21.74838],[-43.36032,-21.74889],[-43.36125,-21.74945],[-43.3616,-21.74949],[-43.36266,-21.75078],[-43.36389,-21.75119],[-43.36476,-21.75123],[-43.36512,-21.75143],[-43.36571,-21.75253],[-43.36553,-21.75271],[-43.36131,-21.75166],[-43.36101,-21.75181],[-43.36082,-21.75282],[-43.36093,-21.75367],[-43.36071,-21.75357],[-43.35971,-21.75208],[-43.35881,-21.7515],[-43.35759,-21.75102],[-43.35568,-21.74926],[-43.35615,-21.74895],[-43.3593,-21.74811]]]},"properties":{"codigo":"3136702008","name":"Santa Catarina","population":1933,"households":1162,"areaKm2":0.2409,"density":8025}},{"type":"Feature","geometry":{"type":"Polygon","coordinates":[[[-43.34791,-21.74076],[-43.3476,-21.74106],[-43.34656,-21.74084],[-43.34585,-21.74117],[-43.34485,-21.74097],[-43.34312,-21.7398],[-43.34296,-21.73913],[-43.34311,-21.73812],[-43.34234,-21.73735],[-43.34226,-21.73655],[-43.34264,-21.73612],[-43.34359,-21.73556],[-43.34345,-21.73464],[-43.34471,-21.73436],[-43.34505,-21.73549],[-43.3456,-21.73506],[-43.34568,-21.73577],[-43.34625,-21.73716],[-43.34636,-21.73797],[-43.34705,-21.73875],[-43.34705,-21.7398],[-43.34773,-21.74009],[-43.34791,-21.74076]]]},"properties":{"codigo":"3136702072","name":"Bonfim","population":2771,"households":1373,"areaKm2":0.2443,"density":11344.5}},{"type":"Feature","geometry":{"type":"Polygon","coordinates":[[[-43.36999,-21.76422],[-43.37376,-21.76476],[-43.37407,-21.76498],[-43.37694,-21.76485],[-43.37915,-21.76385],[-43.38043,-21.76389],[-43.38139,-21.76351],[-43.38176,-21.76316],[-43.38166,-21.76404],[-43.38219,-21.76597],[-43.38085,-21.76611],[-43.38073,-21.76712],[-43.38021,-21.76894],[-43.37958,-21.77061],[-43.37851,-21.77002],[-43.37783,-21.76997],[-43.3779,-21.77128],[-43.37696,-21.7711],[-43.37344,-21.77024],[-43.37181,-21.76959],[-43.37211,-21.77008],[-43.37059,-21.77251],[-43.37003,-21.77245],[-43.36909,-21.77053],[-43.36861,-21.77078],[-43.3681,-21.76975],[-43.36659,-21.77081],[-43.36558,-21.77019],[-43.36401,-21.76962],[-43.36203,-21.76906],[-43.36163,-21.76818],[-43.36213,-21.76572],[-43.36254,-21.76545],[-43.3648,-21.76437],[-43.36531,-21.76387],[-43.36569,-21.76311],[-43.36578,-21.76247],[-43.36772,-21.7631],[-43.36765,-21.76358],[-43.36671,-21.76448],[-43.36658,-21.76502],[-43.36713,-21.76548],[-43.36826,-21.76484],[-43.36986,-21.76416],[-43.36999,-21.76422]]]},"properties":{"codigo":"3136702029","name":"Martelos","population":6932,"households":3212,"areaKm2":1.3181,"density":5259.2}},{"type":"Feature","geometry":{"type":"Polygon","coordinates":[[[-43.38808,-21.80212],[-43.38788,-21.80108],[-43.38859,-21.80102],[-43.38897,-21.80182],[-43.39055,-21.80157],[-43.39167,-21.80153],[-43.39452,-21.80119],[-43.39443,-21.80181],[-43.39531,-21.80297],[-43.39584,-21.80406],[-43.39572,-21.80473],[-43.39629,-21.80507],[-43.39681,-21.80479],[-43.39722,-21.80493],[-43.3978,-21.80623],[-43.39871,-21.8074],[-43.39816,-21.80903],[-43.39756,-21.80965],[-43.39646,-21.81036],[-43.39487,-21.81075],[-43.39329,-21.81077],[-43.3908,-21.81022],[-43.38999,-21.81032],[-43.38809,-21.81196],[-43.38681,-21.81377],[-43.38418,-21.81644],[-43.38259,-21.81728],[-43.38046,-21.81773],[-43.38019,-21.81751],[-43.3792,-21.81749],[-43.37805,-21.81779],[-43.37733,-21.8184],[-43.37514,-21.82084],[-43.37432,-21.82201],[-43.37405,-21.8232],[-43.37414,-21.82401],[-43.37286,-21.82405],[-43.37251,-21.82424],[-43.37156,-21.82416],[-43.37081,-21.82447],[-43.36932,-21.8256],[-43.36908,-21.82603],[-43.36695,-21.8277],[-43.36669,-21.82814],[-43.36622,-21.82811],[-43.3658,-21.82749],[-43.36583,-21.82603],[-43.36624,-21.82379],[-43.36658,-21.82331],[-43.36682,-21.82228],[-43.36658,-21.8222],[-43.367,-21.82201],[-43.36816,-21.82215],[-43.36882,-21.82194],[-43.36941,-21.82119],[-43.36996,-21.82089],[-43.37093,-21.81905],[-43.37069,-21.81809],[-43.36974,-21.81718],[-43.3677,-21.81575],[-43.36666,-21.81555],[-43.36577,-21.81513],[-43.36505,-21.81505],[-43.36465,-21.81429],[-43.36431,-21.81224],[-43.36369,-21.81049],[-43.36401,-21.8098],[-43.36397,-21.80886],[-43.36302,-21.80739],[-43.36303,-21.8066],[-43.36263,-21.80596],[-43.36354,-21.80518],[-43.36463,-21.80486],[-43.36454,-21.80414],[-43.36414,-21.80379],[-43.36279,-21.80314],[-43.36264,-21.80259],[-43.36263,-21.80153],[-43.36221,-21.80066],[-43.36241,-21.80022],[-43.36293,-21.79996],[-43.36284,-21.7992],[-43.36297,-21.79857],[-43.36262,-21.7978],[-43.36181,-21.7971],[-43.36289,-21.79544],[-43.36339,-21.79565],[-43.3634,-21.7964],[-43.36378,-21.7965],[-43.36467,-21.79513],[-43.36537,-21.79523],[-43.36591,-21.79613],[-43.36885,-21.7953],[-43.37065,-21.79603],[-43.3701,-21.79686],[-43.37056,-21.79717],[-43.3719,-21.79861],[-43.37302,-21.7982],[-43.37363,-21.79811],[-43.37467,-21.79952],[-43.37512,-21.80044],[-43.37617,-21.8015],[-43.37747,-21.80208],[-43.37826,-21.80226],[-43.37922,-21.80279],[-43.38,-21.80263],[-43.38033,-21.80191],[-43.38152,-21.80185],[-43.38222,-21.80145],[-43.38299,-21.80126],[-43.38385,-21.80156],[-43.38497,-21.80117],[-43.38545,-21.80119],[-43.38564,-21.80204],[-43.38468,-21.80313],[-43.38429,-21.80405],[-43.38475,-21.80453],[-43.38765,-21.80249],[-43.38808,-21.80212]]]},"properties":{"codigo":"3136702037","name":"Salvaterra","population":720,"households":321,"areaKm2":6.3364,"density":113.6}},{"type":"Feature","geometry":{"type":"Polygon","coordinates":[[[-43.37465,-21.74023],[-43.37544,-21.7397],[-43.3771,-21.73823],[-43.3776,-21.73794],[-43.37858,-21.73772],[-43.37874,-21.73814],[-43.37835,-21.73859],[-43.37629,-21.74026],[-43.37573,-21.74053],[-43.37672,-21.74132],[-43.37599,-21.74201],[-43.37648,-21.74261],[-43.37776,-21.743],[-43.37853,-21.74234],[-43.38043,-21.74388],[-43.37953,-21.74428],[-43.37849,-21.74547],[-43.37832,-21.74692],[-43.37592,-21.74851],[-43.37495,-21.74794],[-43.37415,-21.74775],[-43.37312,-21.74798],[-43.37221,-21.74839],[-43.37161,-21.74836],[-43.3714,-21.74869],[-43.37184,-21.74907],[-43.37134,-21.75001],[-43.37085,-21.75055],[-43.36997,-21.75102],[-43.36913,-21.75128],[-43.36837,-21.75128],[-43.36769,-21.75105],[-43.36515,-21.75079],[-43.36396,-21.75078],[-43.36389,-21.75119],[-43.36266,-21.75078],[-43.3616,-21.74949],[-43.36125,-21.74945],[-43.36032,-21.74889],[-43.36011,-21.74838],[-43.3593,-21.74811],[-43.35983,-21.74813],[-43.36152,-21.74772],[-43.36445,-21.74657],[-43.3663,-21.74551],[-43.37465,-21.74023]]]},"properties":{"codigo":"3136702006","name":"Fábrica","population":5619,"households":2790,"areaKm2":1.2483,"density":4501.3}},{"type":"Feature","geometry":{"type":"Polygon","coordinates":[[[-43.42355,-21.69938],[-43.42527,-21.70029],[-43.42659,-21.70111],[-43.42617,-21.70157],[-43.42732,-21.70293],[-43.42779,-21.70396],[-43.42819,-21.70547],[-43.42812,-21.70637],[-43.4284,-21.70799],[-43.42834,-21.70867],[-43.42736,-21.71052],[-43.42713,-21.71195],[-43.4273,-21.71341],[-43.42761,-21.71412],[-43.42869,-21.71533],[-43.42924,-21.71573],[-43.42971,-21.7167],[-43.42976,-21.71716],[-43.42943,-21.71815],[-43.4287,-21.71919],[-43.42775,-21.71965],[-43.42675,-21.71954],[-43.42602,-21.71925],[-43.42511,-21.71926],[-43.42429,-21.71983],[-43.42179,-21.72009],[-43.42178,-21.72075],[-43.42019,-21.72107],[-43.42005,-21.72028],[-43.41968,-21.71985],[-43.41936,-21.71901],[-43.41898,-21.71722],[-43.41869,-21.71659],[-43.41707,-21.71581],[-43.41571,-21.71503],[-43.41559,-21.71419],[-43.41503,-21.71381],[-43.41496,-21.71303],[-43.41526,-21.71208],[-43.41435,-21.71135],[-43.41495,-21.7101],[-43.41477,-21.71003],[-43.41631,-21.70694],[-43.41689,-21.70611],[-43.42297,-21.69993],[-43.42355,-21.69938]]]},"properties":{"codigo":"3136702058","name":"Nova Era","population":11017,"households":5028,"areaKm2":2.3752,"density":4638.3}},{"type":"Feature","geometry":{"type":"Polygon","coordinates":[[[-43.35877,-21.75723],[-43.35942,-21.75585],[-43.35876,-21.75552],[-43.35808,-21.75472],[-43.3567,-21.75403],[-43.35631,-21.75339],[-43.35549,-21.75383],[-43.35487,-21.75383],[-43.35346,-21.75319],[-43.35334,-21.753],[-43.35359,-21.75276],[-43.3535,-21.7521],[-43.35423,-21.75205],[-43.35534,-21.75048],[-43.35496,-21.75011],[-43.35568,-21.74926],[-43.35759,-21.75102],[-43.35881,-21.7515],[-43.35971,-21.75208],[-43.36071,-21.75357],[-43.36093,-21.75367],[-43.36105,-21.75433],[-43.36148,-21.75484],[-43.36129,-21.75548],[-43.36168,-21.7558],[-43.35917,-21.75719],[-43.35877,-21.75723]]]},"properties":{"codigo":"3136702009","name":"Jardim Glória","population":3190,"households":1693,"areaKm2":0.3028,"density":10536.2}},{"type":"Feature","geometry":{"type":"Polygon","coordinates":[[[-43.34155,-21.74164],[-43.3412,-21.74254],[-43.34131,-21.74332],[-43.34071,-21.7448],[-43.3404,-21.74473],[-43.33915,-21.74514],[-43.33885,-21.74522],[-43.33816,-21.7442],[-43.3384,-21.74388],[-43.33833,-21.74293],[-43.33735,-21.74259],[-43.33679,-21.74256],[-43.336,-21.74224],[-43.33576,-21.7427],[-43.3355,-21.7447],[-43.335,-21.74525],[-43.33423,-21.74561],[-43.33329,-21.7454],[-43.33264,-21.74497],[-43.33181,-21.74518],[-43.33016,-21.74652],[-43.32978,-21.74654],[-43.32907,-21.74592],[-43.32835,-21.74634],[-43.32841,-21.74711],[-43.32806,-21.74772],[-43.32706,-21.74781],[-43.32659,-21.74722],[-43.32549,-21.74792],[-43.3257,-21.74712],[-43.32624,-21.74679],[-43.32654,-21.74614],[-43.32678,-21.74503],[-43.32664,-21.74444],[-43.32683,-21.74399],[-43.32615,-21.74243],[-43.32509,-21.74183],[-43.32275,-21.74115],[-43.32238,-21.74054],[-43.32152,-21.73976],[-43.31996,-21.73981],[-43.31924,-21.7404],[-43.31836,-21.74007],[-43.31806,-21.73976],[-43.3172,-21.7398],[-43.31643,-21.73949],[-43.31578,-21.73869],[-43.3148,-21.73803],[-43.31382,-21.73786],[-43.31205,-21.73774],[-43.31165,-21.73758],[-43.31032,-21.73756],[-43.30978,-21.73777],[-43.30904,-21.73834],[-43.30881,-21.73762],[-43.30879,-21.73644],[-43.30945,-21.73341],[-43.30977,-21.73251],[-43.31022,-21.73235],[-43.31067,-21.73149],[-43.31041,-21.73032],[-43.30997,-21.7299],[-43.30944,-21.7299],[-43.30881,-21.72947],[-43.30775,-21.72913],[-43.30692,-21.7278],[-43.30697,-21.72684],[-43.30723,-21.72638],[-43.3086,-21.72563],[-43.30959,-21.7253],[-43.31071,-21.72538],[-43.31286,-21.72578],[-43.31497,-21.72577],[-43.31565,-21.72591],[-43.31723,-21.72563],[-43.31765,-21.72536],[-43.31861,-21.72516],[-43.31989,-21.72471],[-43.32073,-21.7249],[-43.32231,-21.72553],[-43.3227,-21.72516],[-43.32461,-21.72506],[-43.32525,-21.72477],[-43.32659,-21.72387],[-43.32737,-21.72355],[-43.32805,-21.72383],[-43.32841,-21.72433],[-43.32897,-21.72555],[-43.33005,-21.72706],[-43.33095,-21.72705],[-43.33135,-21.72646],[-43.33234,-21.72648],[-43.3329,-21.72709],[-43.33347,-21.72668],[-43.33339,-21.72713],[-43.33283,-21.72815],[-43.33283,-21.72863],[-43.33325,-21.72967],[-43.33638,-21.72975],[-43.33636,-21.73037],[-43.33559,-21.73036],[-43.33555,-21.73074],[-43.3365,-21.7312],[-43.33715,-21.73159],[-43.33741,-21.7321],[-43.33767,-21.73504],[-43.33783,-21.73567],[-43.33789,-21.73732],[-43.33719,-21.7376],[-43.33697,-21.73894],[-43.33751,-21.7393],[-43.33933,-21.74009],[-43.3401,-21.74011],[-43.34138,-21.74132],[-43.34155,-21.74164]]]},"properties":{"codigo":"3136702082","name":"Linhares","population":11950,"households":5201,"areaKm2":5.3173,"density":2247.4}},{"type":"Feature","geometry":{"type":"Polygon","coordinates":[[[-43.39598,-21.72943],[-43.39257,-21.72882],[-43.39227,-21.72911],[-43.3922,-21.72844],[-43.39182,-21.72686],[-43.39193,-21.72606],[-43.39238,-21.72476],[-43.39356,-21.72293],[-43.39613,-21.72274],[-43.39624,-21.72168],[-43.39733,-21.72173],[-43.39936,-21.72199],[-43.40202,-21.723],[-43.40257,-21.72385],[-43.40294,-21.72363],[-43.40375,-21.72529],[-43.40367,-21.72582],[-43.40294,-21.72634],[-43.40281,-21.72751],[-43.40215,-21.72797],[-43.4015,-21.7278],[-43.40093,-21.72858],[-43.40089,-21.7295],[-43.40001,-21.73025],[-43.39862,-21.72944],[-43.39785,-21.72966],[-43.39678,-21.72972],[-43.39598,-21.72943]]]},"properties":{"codigo":"3136702041","name":"Jóckei Club","population":6526,"households":3012,"areaKm2":0.8237,"density":7922.9}},{"type":"Feature","geometry":{"type":"Polygon","coordinates":[[[-43.36105,-21.75433],[-43.36093,-21.75367],[-43.36082,-21.75282],[-43.36101,-21.75181],[-43.36131,-21.75166],[-43.36553,-21.75271],[-43.36571,-21.75253],[-43.36512,-21.75143],[-43.36476,-21.75123],[-43.36389,-21.75119],[-43.36396,-21.75078],[-43.36515,-21.75079],[-43.36769,-21.75105],[-43.36837,-21.75128],[-43.36913,-21.75128],[-43.36997,-21.75102],[-43.37085,-21.75055],[-43.3727,-21.75185],[-43.37214,-21.75233],[-43.37108,-21.75274],[-43.37086,-21.75319],[-43.36939,-21.75328],[-43.36936,-21.75357],[-43.36703,-21.75551],[-43.36687,-21.75529],[-43.36653,-21.75488],[-43.36581,-21.75466],[-43.36464,-21.75577],[-43.3635,-21.75414],[-43.36229,-21.75392],[-43.36105,-21.75433]]]},"properties":{"codigo":"3136702011","name":"Vale do Ipê","population":1604,"households":754,"areaKm2":0.3627,"density":4422.2}},{"type":"Feature","geometry":{"type":"Polygon","coordinates":[[[-43.37659,-21.77959],[-43.37581,-21.77938],[-43.37496,-21.77868],[-43.37255,-21.77597],[-43.37258,-21.7752],[-43.37185,-21.77483],[-43.37079,-21.77331],[-43.37003,-21.77245],[-43.37059,-21.77251],[-43.37211,-21.77008],[-43.37181,-21.76959],[-43.37344,-21.77024],[-43.37696,-21.7711],[-43.3779,-21.77128],[-43.37783,-21.76997],[-43.37851,-21.77002],[-43.37958,-21.77061],[-43.38021,-21.76894],[-43.38073,-21.76712],[-43.38085,-21.76611],[-43.38219,-21.76597],[-43.38166,-21.76404],[-43.38176,-21.76316],[-43.38247,-21.76316],[-43.38321,-21.7634],[-43.38391,-21.76418],[-43.38438,-21.76529],[-43.38518,-21.76575],[-43.38572,-21.76587],[-43.38676,-21.76575],[-43.3873,-21.76527],[-43.38898,-21.7627],[-43.39048,-21.76289],[-43.391,-21.7632],[-43.39315,-21.76387],[-43.39317,-21.76497],[-43.393,-21.7655],[-43.39581,-21.76645],[-43.39624,-21.76651],[-43.39538,-21.76735],[-43.39498,-21.76802],[-43.39474,-21.76882],[-43.39498,-21.76916],[-43.39679,-21.76976],[-43.39777,-21.77095],[-43.39752,-21.77272],[-43.39712,-21.77309],[-43.397,-21.7742],[-43.39666,-21.77465],[-43.39567,-21.77532],[-43.39551,-21.77578],[-43.39645,-21.77591],[-43.39682,-21.77648],[-43.39673,-21.77728],[-43.39514,-21.77791],[-43.39449,-21.77928],[-43.39367,-21.78],[-43.39252,-21.78023],[-43.39216,-21.78067],[-43.39218,-21.78114],[-43.38968,-21.7812],[-43.38955,-21.78132],[-43.38927,-21.78304],[-43.3887,-21.7842],[-43.38907,-21.78435],[-43.38916,-21.7849],[-43.38843,-21.78486],[-43.38625,-21.78404],[-43.38614,-21.78297],[-43.38544,-21.78312],[-43.38277,-21.78133],[-43.38343,-21.78087],[-43.3829,-21.78042],[-43.38224,-21.78067],[-43.37833,-21.7794],[-43.37773,-21.77997],[-43.37659,-21.77959]]]},"properties":{"codigo":"3136702030","name":"São Pedro","population":18940,"households":9718,"areaKm2":3.912,"density":4841.6}},{"type":"Feature","geometry":{"type":"Polygon","coordinates":[[[-43.33063,-21.771],[-43.33026,-21.77007],[-43.33083,-21.76929],[-43.33154,-21.76886],[-43.33207,-21.7694],[-43.33269,-21.76955],[-43.33311,-21.76937],[-43.33382,-21.77012],[-43.33543,-21.76973],[-43.33534,-21.77026],[-43.33572,-21.77057],[-43.33526,-21.7713],[-43.33459,-21.77104],[-43.33389,-21.77196],[-43.33469,-21.77328],[-43.33449,-21.77362],[-43.33321,-21.77331],[-43.33309,-21.7737],[-43.33204,-21.77409],[-43.33042,-21.77409],[-43.33016,-21.77328],[-43.33072,-21.7731],[-43.33195,-21.77299],[-43.33205,-21.77254],[-43.33151,-21.77142],[-43.33132,-21.77074],[-43.33063,-21.771]]]},"properties":{"codigo":"3136702087","name":"Vila Furtado de Menezes","population":2192,"households":967,"areaKm2":0.1821,"density":12040.4}},{"type":"Feature","geometry":{"type":"Polygon","coordinates":[[[-43.36497,-21.706],[-43.36449,-21.70655],[-43.36281,-21.70725],[-43.36103,-21.70734],[-43.36002,-21.70784],[-43.3595,-21.70767],[-43.35924,-21.708],[-43.356,-21.70813],[-43.35491,-21.70866],[-43.35506,-21.70897],[-43.35372,-21.70959],[-43.35286,-21.708],[-43.34772,-21.70794],[-43.34595,-21.70931],[-43.34276,-21.71087],[-43.34153,-21.71162],[-43.34025,-21.71264],[-43.33897,-21.71475],[-43.33851,-21.71523],[-43.33719,-21.7162],[-43.33654,-21.71647],[-43.33617,-21.71633],[-43.33568,-21.71537],[-43.33478,-21.71465],[-43.33366,-21.71344],[-43.33334,-21.71241],[-43.33277,-21.71158],[-43.33213,-21.71177],[-43.33011,-21.71302],[-43.3293,-21.71394],[-43.3287,-21.71428],[-43.32793,-21.71433],[-43.32693,-21.71406],[-43.3261,-21.71364],[-43.32458,-21.71306],[-43.32451,-21.71238],[-43.32499,-21.70978],[-43.32462,-21.70832],[-43.32378,-21.70652],[-43.32338,-21.70473],[-43.32503,-21.70302],[-43.32495,-21.70214],[-43.32596,-21.69605],[-43.32576,-21.69519],[-43.32469,-21.69483],[-43.32347,-21.69496],[-43.32271,-21.6954],[-43.32191,-21.69541],[-43.32143,-21.69521],[-43.32102,-21.69403],[-43.32027,-21.6925],[-43.32021,-21.69188],[-43.3197,-21.69173],[-43.3202,-21.69061],[-43.32066,-21.68993],[-43.3212,-21.6886],[-43.32251,-21.68774],[-43.32401,-21.6869],[-43.32525,-21.68601],[-43.32649,-21.68415],[-43.32421,-21.68317],[-43.32301,-21.68315],[-43.32275,-21.68266],[-43.32213,-21.68213],[-43.32241,-21.68176],[-43.32209,-21.6812],[-43.32109,-21.68066],[-43.32019,-21.67977],[-43.31995,-21.67883],[-43.32041,-21.67719],[-43.31982,-21.67601],[-43.31999,-21.6757],[-43.31917,-21.67477],[-43.31902,-21.67424],[-43.31842,-21.67395],[-43.31467,-21.6718],[-43.31162,-21.67063],[-43.31103,-21.67003],[-43.30973,-21.66935],[-43.30992,-21.66877],[-43.31058,-21.66794],[-43.31119,-21.66687],[-43.31341,-21.66628],[-43.31447,-21.66562],[-43.31556,-21.66432],[-43.3158,-21.66319],[-43.31563,-21.66296],[-43.31748,-21.66215],[-43.31848,-21.6621],[-43.31915,-21.66346],[-43.3197,-21.66401],[-43.32012,-21.66385],[-43.32046,-21.66293],[-43.32091,-21.66234],[-43.32138,-21.66225],[-43.32254,-21.66255],[-43.32303,-21.66284],[-43.32411,-21.66289],[-43.32526,-21.66241],[-43.32559,-21.66201],[-43.32609,-21.66005],[-43.32703,-21.65833],[-43.32764,-21.65671],[-43.32805,-21.65634],[-43.3289,-21.65614],[-43.32984,-21.65611],[-43.33035,-21.65631],[-43.33219,-21.65623],[-43.3321,-21.65633],[-43.33606,-21.65849],[-43.33641,-21.65877],[-43.33679,-21.65959],[-43.33672,-21.66241],[-43.33689,-21.6629],[-43.33655,-21.66361],[-43.33686,-21.66487],[-43.33726,-21.66553],[-43.33827,-21.66642],[-43.34107,-21.66812],[-43.34181,-21.6682],[-43.34298,-21.66808],[-43.34353,-21.66827],[-43.34454,-21.66912],[-43.3451,-21.67],[-43.34565,-21.67049],[-43.34601,-21.6714],[-43.34768,-21.67187],[-43.34916,-21.67216],[-43.35037,-21.67388],[-43.35072,-21.67407],[-43.35383,-21.67487],[-43.35556,-21.67509],[-43.35443,-21.67629],[-43.35462,-21.67696],[-43.35504,-21.67734],[-43.35457,-21.67895],[-43.35446,-21.67986],[-43.35471,-21.68079],[-43.35445,-21.68148],[-43.35578,-21.68261],[-43.35657,-21.68213],[-43.35694,-21.68131],[-43.35838,-21.68249],[-43.36046,-21.68387],[-43.3608,-21.68481],[-43.36231,-21.68642],[-43.36247,-21.68761],[-43.3613,-21.68888],[-43.36124,-21.68946],[-43.35983,-21.68982],[-43.35923,-21.68964],[-43.3591,-21.69005],[-43.35981,-21.69048],[-43.36067,-21.69146],[-43.36143,-21.69258],[-43.36171,-21.69397],[-43.36189,-21.69426],[-43.36294,-21.69514],[-43.36328,-21.69612],[-43.36248,-21.69744],[-43.36177,-21.69793],[-43.36138,-21.69941],[-43.36104,-21.70019],[-43.36104,-21.7009],[-43.36183,-21.70229],[-43.36247,-21.70366],[-43.36312,-21.70458],[-43.36402,-21.70536],[-43.36497,-21.706]]]},"properties":{"codigo":"3136702084","name":"Muçunge da Grama","population":15364,"households":7175,"areaKm2":20.1874,"density":761.1}},{"type":"Feature","geometry":{"type":"Polygon","coordinates":[[[-43.36463,-21.80486],[-43.36354,-21.80518],[-43.36263,-21.80596],[-43.36303,-21.8066],[-43.36302,-21.80739],[-43.36397,-21.80886],[-43.36401,-21.8098],[-43.36369,-21.81049],[-43.36431,-21.81224],[-43.36465,-21.81429],[-43.36505,-21.81505],[-43.36577,-21.81513],[-43.36666,-21.81555],[-43.3677,-21.81575],[-43.36974,-21.81718],[-43.37069,-21.81809],[-43.37093,-21.81905],[-43.36996,-21.82089],[-43.36941,-21.82119],[-43.36882,-21.82194],[-43.36816,-21.82215],[-43.367,-21.82201],[-43.36658,-21.8222],[-43.36425,-21.82269],[-43.36321,-21.82264],[-43.36089,-21.82202],[-43.35972,-21.82152],[-43.35821,-21.82112],[-43.35636,-21.82126],[-43.35552,-21.82083],[-43.35455,-21.81945],[-43.35346,-21.8187],[-43.35212,-21.81853],[-43.35195,-21.81837],[-43.3509,-21.81845],[-43.35112,-21.81786],[-43.35175,-21.81717],[-43.35158,-21.81604],[-43.35167,-21.81374],[-43.35208,-21.81213],[-43.35297,-21.8107],[-43.35425,-21.80968],[-43.35442,-21.80848],[-43.35492,-21.80751],[-43.35535,-21.80713],[-43.35592,-21.80607],[-43.35602,-21.8049],[-43.35699,-21.80604],[-43.35733,-21.80706],[-43.35771,-21.80732],[-43.36174,-21.80545],[-43.36261,-21.80478],[-43.3633,-21.80472],[-43.36391,-21.80491],[-43.36463,-21.80486]]]},"properties":{"codigo":"3136702099","name":"Sagrado Coração de Jesus","population":3170,"households":1505,"areaKm2":2.3857,"density":1328.8}},{"type":"Feature","geometry":{"type":"Polygon","coordinates":[[[-43.32072,-21.77873],[-43.32003,-21.77869],[-43.3196,-21.7789],[-43.3182,-21.7791],[-43.3172,-21.78007],[-43.31648,-21.78016],[-43.31563,-21.78049],[-43.31413,-21.78051],[-43.3128,-21.78119],[-43.31161,-21.78141],[-43.30969,-21.78235],[-43.30864,-21.78203],[-43.30704,-21.78205],[-43.30673,-21.78235],[-43.3059,-21.78177],[-43.3058,-21.78141],[-43.30663,-21.78017],[-43.30712,-21.78026],[-43.30793,-21.77948],[-43.30871,-21.7789],[-43.30841,-21.77805],[-43.30867,-21.77709],[-43.30779,-21.77561],[-43.30766,-21.7747],[-43.30774,-21.77403],[-43.30744,-21.77342],[-43.30771,-21.77209],[-43.30856,-21.7715],[-43.30999,-21.77079],[-43.31258,-21.76765],[-43.31288,-21.7669],[-43.31344,-21.76619],[-43.31386,-21.76605],[-43.31574,-21.76762],[-43.31676,-21.76662],[-43.317,-21.76615],[-43.31809,-21.76497],[-43.31987,-21.76403],[-43.32076,-21.76386],[-43.3212,-21.764],[-43.32131,-21.76464],[-43.3207,-21.76487],[-43.32054,-21.76531],[-43.32076,-21.76634],[-43.32131,-21.76697],[-43.32153,-21.76764],[-43.32302,-21.76941],[-43.32243,-21.76969],[-43.32144,-21.76931],[-43.32004,-21.77116],[-43.3192,-21.77115],[-43.31851,-21.77084],[-43.31783,-21.77083],[-43.31726,-21.7714],[-43.31688,-21.7722],[-43.31646,-21.77222],[-43.31728,-21.77316],[-43.31881,-21.77353],[-43.32093,-21.77421],[-43.3207,-21.77481],[-43.32098,-21.77575],[-43.32135,-21.77638],[-43.32072,-21.77873]]]},"properties":{"codigo":"3136702089","name":"Santo Antônio do Paraibuna","population":8833,"households":3880,"areaKm2":1.922,"density":4595.6}},{"type":"Feature","geometry":{"type":"Polygon","coordinates":[[[-43.36885,-21.7953],[-43.36591,-21.79613],[-43.36537,-21.79523],[-43.36467,-21.79513],[-43.36378,-21.7965],[-43.3634,-21.7964],[-43.36339,-21.79565],[-43.36289,-21.79544],[-43.36181,-21.7971],[-43.36148,-21.79673],[-43.36005,-21.79641],[-43.35875,-21.79562],[-43.35786,-21.7952],[-43.35814,-21.79503],[-43.35819,-21.79419],[-43.35842,-21.79387],[-43.35889,-21.79211],[-43.35909,-21.79062],[-43.35881,-21.78863],[-43.35849,-21.78504],[-43.35754,-21.78461],[-43.35776,-21.78381],[-43.35689,-21.78374],[-43.35559,-21.78345],[-43.35566,-21.78301],[-43.35728,-21.78337],[-43.35819,-21.78292],[-43.35862,-21.78295],[-43.35889,-21.78391],[-43.36079,-21.78507],[-43.36145,-21.78595],[-43.36211,-21.78706],[-43.36278,-21.78725],[-43.36389,-21.78792],[-43.36434,-21.78791],[-43.36496,-21.78724],[-43.36608,-21.78685],[-43.36665,-21.78586],[-43.36743,-21.78531],[-43.36714,-21.78649],[-43.36721,-21.78731],[-43.36808,-21.78846],[-43.36869,-21.78953],[-43.36701,-21.79073],[-43.36653,-21.79094],[-43.3657,-21.79161],[-43.36637,-21.7929],[-43.36669,-21.79323],[-43.36689,-21.79419],[-43.36885,-21.7953]]]},"properties":{"codigo":"3136702031","name":"Teixeiras","population":7013,"households":3457,"areaKm2":0.9959,"density":7042}},{"type":"Feature","geometry":{"type":"Polygon","coordinates":[[[-43.42977,-21.69487],[-43.43043,-21.69535],[-43.43106,-21.69609],[-43.43198,-21.6968],[-43.43289,-21.6968],[-43.43438,-21.69747],[-43.43485,-21.69792],[-43.43559,-21.69782],[-43.43615,-21.6981],[-43.4371,-21.69799],[-43.43839,-21.69864],[-43.43868,-21.69914],[-43.43891,-21.70072],[-43.44032,-21.70119],[-43.4406,-21.70219],[-43.44097,-21.70418],[-43.44158,-21.70472],[-43.44144,-21.70514],[-43.44193,-21.70555],[-43.44217,-21.7062],[-43.44432,-21.70769],[-43.44483,-21.70794],[-43.44567,-21.70901],[-43.4464,-21.70934],[-43.4466,-21.70892],[-43.44844,-21.70858],[-43.44866,-21.70877],[-43.44766,-21.70979],[-43.44617,-21.71062],[-43.44484,-21.71219],[-43.44433,-21.71312],[-43.4441,-21.71484],[-43.44439,-21.71545],[-43.44368,-21.71685],[-43.44308,-21.71773],[-43.44314,-21.71869],[-43.44281,-21.71968],[-43.44072,-21.7226],[-43.43961,-21.72259],[-43.43905,-21.72292],[-43.43839,-21.72362],[-43.43821,-21.72406],[-43.43655,-21.72321],[-43.4372,-21.72221],[-43.43759,-21.7212],[-43.43753,-21.71979],[-43.43694,-21.71913],[-43.43607,-21.71936],[-43.43518,-21.71939],[-43.434,-21.71869],[-43.4335,-21.71866],[-43.43224,-21.71929],[-43.4313,-21.7192],[-43.4301,-21.71872],[-43.42943,-21.71815],[-43.42976,-21.71716],[-43.42971,-21.7167],[-43.42924,-21.71573],[-43.42869,-21.71533],[-43.42761,-21.71412],[-43.4273,-21.71341],[-43.42713,-21.71195],[-43.42736,-21.71052],[-43.42834,-21.70867],[-43.4284,-21.70799],[-43.42812,-21.70637],[-43.42819,-21.70547],[-43.42779,-21.70396],[-43.42732,-21.70293],[-43.42617,-21.70157],[-43.42659,-21.70111],[-43.42527,-21.70029],[-43.42355,-21.69938],[-43.42506,-21.69819],[-43.42891,-21.69557],[-43.42977,-21.69487]]]},"properties":{"codigo":"3136702059","name":"Santa Cruz","population":17032,"households":7403,"areaKm2":4.0646,"density":4190.3}},{"type":"Feature","geometry":{"type":"Polygon","coordinates":[[[-43.43297,-21.67103],[-43.43388,-21.66996],[-43.43497,-21.66949],[-43.43675,-21.66923],[-43.43721,-21.67],[-43.43811,-21.67074],[-43.43894,-21.66932],[-43.43942,-21.6696],[-43.44064,-21.66987],[-43.44204,-21.67106],[-43.44335,-21.6702],[-43.44427,-21.67019],[-43.44666,-21.67135],[-43.44813,-21.6714],[-43.4492,-21.67215],[-43.45055,-21.6742],[-43.45256,-21.677],[-43.45607,-21.67739],[-43.45685,-21.67718],[-43.45952,-21.6794],[-43.45945,-21.6797],[-43.45643,-21.68514],[-43.45605,-21.68651],[-43.45557,-21.68757],[-43.45457,-21.6905],[-43.45379,-21.69364],[-43.45286,-21.69683],[-43.45273,-21.69802],[-43.45142,-21.69779],[-43.4514,-21.69867],[-43.45192,-21.70072],[-43.45137,-21.70156],[-43.44964,-21.70187],[-43.44901,-21.70371],[-43.44815,-21.70568],[-43.45026,-21.70563],[-43.45066,-21.70764],[-43.45046,-21.70813],[-43.44958,-21.7088],[-43.44866,-21.70877],[-43.44844,-21.70858],[-43.4466,-21.70892],[-43.4464,-21.70934],[-43.44567,-21.70901],[-43.44483,-21.70794],[-43.44432,-21.70769],[-43.44217,-21.7062],[-43.44193,-21.70555],[-43.44144,-21.70514],[-43.44158,-21.70472],[-43.44097,-21.70418],[-43.4406,-21.70219],[-43.44032,-21.70119],[-43.43891,-21.70072],[-43.43868,-21.69914],[-43.43839,-21.69864],[-43.4371,-21.69799],[-43.43615,-21.6981],[-43.43559,-21.69782],[-43.43485,-21.69792],[-43.43438,-21.69747],[-43.43289,-21.6968],[-43.43198,-21.6968],[-43.43106,-21.69609],[-43.43043,-21.69535],[-43.42977,-21.69487],[-43.42919,-21.69406],[-43.42935,-21.69388],[-43.42781,-21.69234],[-43.42729,-21.69172],[-43.42925,-21.69018],[-43.4311,-21.68911],[-43.43136,-21.68777],[-43.43142,-21.68664],[-43.43179,-21.68618],[-43.4328,-21.68224],[-43.43285,-21.68163],[-43.43249,-21.68106],[-43.43144,-21.68007],[-43.43129,-21.6794],[-43.43148,-21.67892],[-43.43228,-21.67839],[-43.43199,-21.67787],[-43.43192,-21.67639],[-43.43209,-21.67613],[-43.43184,-21.67497],[-43.43246,-21.67382],[-43.43272,-21.67261],[-43.43243,-21.67194],[-43.43297,-21.67103]]]},"properties":{"codigo":"3136702050","name":"Benfica","population":23414,"households":10307,"areaKm2":8.4443,"density":2772.8}},{"type":"Feature","geometry":{"type":"Polygon","coordinates":[[[-43.37503,-21.78555],[-43.37557,-21.78646],[-43.37543,-21.78741],[-43.37395,-21.78902],[-43.37238,-21.78822],[-43.36986,-21.78711],[-43.36766,-21.78716],[-43.36721,-21.78731],[-43.36714,-21.78649],[-43.36743,-21.78531],[-43.36665,-21.78586],[-43.36608,-21.78685],[-43.36496,-21.78724],[-43.36434,-21.78791],[-43.36389,-21.78792],[-43.36278,-21.78725],[-43.36211,-21.78706],[-43.36145,-21.78595],[-43.36079,-21.78507],[-43.35889,-21.78391],[-43.35862,-21.78295],[-43.35942,-21.78156],[-43.36091,-21.78231],[-43.36101,-21.78173],[-43.36153,-21.7814],[-43.36221,-21.78136],[-43.36425,-21.78123],[-43.36577,-21.78149],[-43.36684,-21.78154],[-43.367,-21.78212],[-43.36754,-21.78206],[-43.36854,-21.78244],[-43.36929,-21.78252],[-43.36873,-21.78158],[-43.36935,-21.781],[-43.36967,-21.78107],[-43.37043,-21.78219],[-43.37026,-21.78272],[-43.37194,-21.78313],[-43.37297,-21.78365],[-43.37227,-21.78402],[-43.37503,-21.78555]]]},"properties":{"codigo":"3136702026","name":"Cascatinha","population":5612,"households":3013,"areaKm2":0.8839,"density":6349.3}},{"type":"Feature","geometry":{"type":"Polygon","coordinates":[[[-43.39322,-21.79022],[-43.39335,-21.7868],[-43.39414,-21.7842],[-43.39501,-21.78329],[-43.39543,-21.78092],[-43.39621,-21.77925],[-43.39621,-21.77858],[-43.39664,-21.77808],[-43.39673,-21.77728],[-43.39682,-21.77648],[-43.39645,-21.77591],[-43.39551,-21.77578],[-43.39567,-21.77532],[-43.39666,-21.77465],[-43.397,-21.7742],[-43.39712,-21.77309],[-43.39752,-21.77272],[-43.39777,-21.77095],[-43.39679,-21.76976],[-43.39498,-21.76916],[-43.39474,-21.76882],[-43.39498,-21.76802],[-43.39538,-21.76735],[-43.39624,-21.76651],[-43.39713,-21.76654],[-43.39827,-21.76676],[-43.39924,-21.76658],[-43.40005,-21.76704],[-43.4006,-21.76757],[-43.40207,-21.76797],[-43.40343,-21.76785],[-43.40421,-21.76753],[-43.40532,-21.76685],[-43.40601,-21.76671],[-43.40661,-21.76681],[-43.40732,-21.76725],[-43.40791,-21.76817],[-43.40917,-21.76935],[-43.41095,-21.76992],[-43.4124,-21.77008],[-43.41328,-21.76993],[-43.41348,-21.77009],[-43.41484,-21.77021],[-43.41549,-21.77051],[-43.41608,-21.7712],[-43.41665,-21.7725],[-43.41739,-21.77391],[-43.42002,-21.77429],[-43.42027,-21.77385],[-43.42144,-21.77281],[-43.42251,-21.77164],[-43.42309,-21.7707],[-43.42415,-21.76847],[-43.42502,-21.76688],[-43.42522,-21.76573],[-43.42512,-21.76439],[-43.42551,-21.76384],[-43.42714,-21.7632],[-43.42761,-21.7618],[-43.42903,-21.76024],[-43.42996,-21.76014],[-43.43089,-21.75939],[-43.43199,-21.75917],[-43.43326,-21.75966],[-43.43402,-21.76055],[-43.43546,-21.76366],[-43.43613,-21.76459],[-43.43695,-21.76537],[-43.43909,-21.76683],[-43.43942,-21.76727],[-43.43861,-21.76839],[-43.43266,-21.77551],[-43.43166,-21.7765],[-43.43083,-21.77715],[-43.42831,-21.77863],[-43.42766,-21.7789],[-43.42616,-21.77926],[-43.42494,-21.7793],[-43.42255,-21.77907],[-43.42111,-21.77935],[-43.4201,-21.77992],[-43.41475,-21.78453],[-43.41402,-21.78542],[-43.4138,-21.78608],[-43.41381,-21.78707],[-43.41502,-21.79078],[-43.41519,-21.79157],[-43.41488,-21.79288],[-43.41274,-21.79864],[-43.41238,-21.79923],[-43.41175,-21.79974],[-43.41061,-21.80006],[-43.40916,-21.79981],[-43.41009,-21.79803],[-43.41101,-21.79777],[-43.41138,-21.7971],[-43.41087,-21.79582],[-43.41131,-21.79527],[-43.41133,-21.79464],[-43.41009,-21.794],[-43.40915,-21.79334],[-43.40855,-21.7924],[-43.40812,-21.792],[-43.40685,-21.79132],[-43.40527,-21.79107],[-43.40435,-21.79008],[-43.40432,-21.78834],[-43.40419,-21.78778],[-43.40375,-21.78733],[-43.40284,-21.78682],[-43.40219,-21.78683],[-43.4012,-21.78735],[-43.39981,-21.78762],[-43.3986,-21.78773],[-43.39682,-21.78746],[-43.39569,-21.78745],[-43.39495,-21.78853],[-43.39512,-21.78981],[-43.39501,-21.79056],[-43.39322,-21.79022]]]},"properties":{"codigo":"3136702039","name":"Cruzeiro de Santo Antônio","population":1973,"households":877,"areaKm2":8.175,"density":241.3}},{"type":"Feature","geometry":{"type":"Polygon","coordinates":[[[-43.35334,-21.753],[-43.35346,-21.75319],[-43.35487,-21.75383],[-43.35549,-21.75383],[-43.35631,-21.75339],[-43.3567,-21.75403],[-43.35808,-21.75472],[-43.35876,-21.75552],[-43.35942,-21.75585],[-43.35877,-21.75723],[-43.35835,-21.75825],[-43.35755,-21.75913],[-43.35633,-21.75984],[-43.35601,-21.75979],[-43.35518,-21.75958],[-43.35487,-21.75983],[-43.352,-21.7591],[-43.35232,-21.75801],[-43.3521,-21.75784],[-43.35308,-21.75712],[-43.35243,-21.75668],[-43.35295,-21.75575],[-43.35273,-21.75536],[-43.353,-21.75406],[-43.35333,-21.7536],[-43.35334,-21.753]]]},"properties":{"codigo":"3136702010","name":"Jardim Santa Helena","population":6000,"households":3030,"areaKm2":0.3826,"density":15682.4}},{"type":"Feature","geometry":{"type":"Polygon","coordinates":[[[-43.36769,-21.72886],[-43.36723,-21.73126],[-43.36627,-21.73226],[-43.36638,-21.73361],[-43.36663,-21.73484],[-43.36645,-21.7361],[-43.3633,-21.73618],[-43.3628,-21.73709],[-43.36276,-21.73824],[-43.36098,-21.73672],[-43.36243,-21.73558],[-43.36332,-21.7345],[-43.36333,-21.7334],[-43.36357,-21.73298],[-43.36315,-21.73206],[-43.36238,-21.73215],[-43.3612,-21.73265],[-43.36033,-21.73114],[-43.36006,-21.73086],[-43.36102,-21.73051],[-43.36297,-21.72823],[-43.36344,-21.72723],[-43.36636,-21.72841],[-43.36769,-21.72886]]]},"properties":{"codigo":"3136702076","name":"Eldorado","population":4821,"households":2329,"areaKm2":0.4658,"density":10350.4}},{"type":"Feature","geometry":{"type":"Polygon","coordinates":[[[-43.39274,-21.74046],[-43.39346,-21.74111],[-43.39544,-21.74157],[-43.39596,-21.74181],[-43.39694,-21.74262],[-43.39535,-21.74419],[-43.39451,-21.74577],[-43.39356,-21.74677],[-43.39289,-21.74799],[-43.39192,-21.74802],[-43.39167,-21.74823],[-43.39132,-21.74785],[-43.38985,-21.74672],[-43.38984,-21.74624],[-43.38912,-21.74587],[-43.38901,-21.74384],[-43.38838,-21.74322],[-43.38809,-21.74267],[-43.38905,-21.7422],[-43.38967,-21.74159],[-43.38967,-21.74063],[-43.39167,-21.74061],[-43.39274,-21.74046]]]},"properties":{"codigo":"3136702044","name":"Carlos Chagas","population":2062,"households":945,"areaKm2":0.4602,"density":4481}},{"type":"Feature","geometry":{"type":"Polygon","coordinates":[[[-43.33794,-21.75898],[-43.33787,-21.7595],[-43.33875,-21.76078],[-43.33871,-21.76106],[-43.33709,-21.76148],[-43.33572,-21.76213],[-43.33488,-21.76278],[-43.334,-21.76384],[-43.33308,-21.76436],[-43.33003,-21.76507],[-43.32939,-21.76555],[-43.32885,-21.76547],[-43.327,-21.76618],[-43.32572,-21.76429],[-43.32545,-21.76259],[-43.32347,-21.7614],[-43.32409,-21.76031],[-43.32452,-21.76011],[-43.32563,-21.76023],[-43.32651,-21.76012],[-43.32684,-21.7603],[-43.32829,-21.76035],[-43.33001,-21.76026],[-43.33108,-21.75892],[-43.33262,-21.75831],[-43.33512,-21.75863],[-43.33638,-21.75901],[-43.33691,-21.75893],[-43.33736,-21.75948],[-43.33794,-21.75898]]]},"properties":{"codigo":"3136702015","name":"Costa Carvalho","population":6651,"households":3156,"areaKm2":0.7303,"density":9107.7}},{"type":"Feature","geometry":{"type":"Polygon","coordinates":[[[-43.38625,-21.78404],[-43.38843,-21.78486],[-43.38916,-21.7849],[-43.38907,-21.78435],[-43.3887,-21.7842],[-43.38927,-21.78304],[-43.38955,-21.78132],[-43.38968,-21.7812],[-43.39218,-21.78114],[-43.39216,-21.78067],[-43.39252,-21.78023],[-43.39367,-21.78],[-43.39449,-21.77928],[-43.39514,-21.77791],[-43.39673,-21.77728],[-43.39664,-21.77808],[-43.39621,-21.77858],[-43.39621,-21.77925],[-43.39543,-21.78092],[-43.39501,-21.78329],[-43.39414,-21.7842],[-43.39335,-21.7868],[-43.39322,-21.79022],[-43.39256,-21.79146],[-43.39362,-21.79246],[-43.39503,-21.79334],[-43.39532,-21.79736],[-43.39574,-21.79777],[-43.39582,-21.79849],[-43.39952,-21.79776],[-43.39975,-21.79755],[-43.40057,-21.79814],[-43.3993,-21.79996],[-43.4005,-21.80068],[-43.40119,-21.80091],[-43.40096,-21.8017],[-43.403,-21.80234],[-43.40349,-21.80233],[-43.40419,-21.80409],[-43.40452,-21.80592],[-43.40459,-21.80733],[-43.40431,-21.80736],[-43.40108,-21.80725],[-43.40036,-21.80799],[-43.39956,-21.80808],[-43.39871,-21.8074],[-43.3978,-21.80623],[-43.39722,-21.80493],[-43.39681,-21.80479],[-43.39629,-21.80507],[-43.39572,-21.80473],[-43.39584,-21.80406],[-43.39531,-21.80297],[-43.39443,-21.80181],[-43.39452,-21.80119],[-43.39167,-21.80153],[-43.39055,-21.80157],[-43.38897,-21.80182],[-43.38859,-21.80102],[-43.38788,-21.80108],[-43.38808,-21.80212],[-43.38753,-21.80144],[-43.38767,-21.80109],[-43.38723,-21.8002],[-43.38727,-21.79904],[-43.38767,-21.79861],[-43.38739,-21.7957],[-43.38642,-21.78645],[-43.38625,-21.78404]]]},"properties":{"codigo":"3136702035","name":"Novo Horizonte","population":5499,"households":3148,"areaKm2":2.4239,"density":2268.7}},{"type":"Feature","geometry":{"type":"Polygon","coordinates":[[[-43.29473,-21.7615],[-43.28761,-21.76175],[-43.28599,-21.76198],[-43.28434,-21.76268],[-43.2836,-21.76319],[-43.28158,-21.76213],[-43.28004,-21.76143],[-43.27915,-21.7602],[-43.2782,-21.75935],[-43.27704,-21.75886],[-43.27554,-21.75864],[-43.27473,-21.75863],[-43.27332,-21.75916],[-43.2722,-21.75997],[-43.27123,-21.76092],[-43.27043,-21.76008],[-43.26973,-21.75896],[-43.26731,-21.75389],[-43.26626,-21.752],[-43.26604,-21.75089],[-43.26602,-21.75004],[-43.2658,-21.74845],[-43.26496,-21.74685],[-43.2641,-21.74577],[-43.26329,-21.74523],[-43.26434,-21.7443],[-43.26533,-21.74409],[-43.26644,-21.74286],[-43.26813,-21.74288],[-43.2708,-21.74358],[-43.27319,-21.7451],[-43.274,-21.74528],[-43.27493,-21.74529],[-43.2757,-21.74463],[-43.27607,-21.74339],[-43.27658,-21.74255],[-43.27719,-21.74209],[-43.27836,-21.74211],[-43.27891,-21.74232],[-43.27975,-21.74306],[-43.28039,-21.74594],[-43.27995,-21.74702],[-43.27988,-21.74792],[-43.2802,-21.74824],[-43.28046,-21.74915],[-43.28127,-21.74896],[-43.28295,-21.74887],[-43.28361,-21.74929],[-43.28541,-21.74962],[-43.28625,-21.75067],[-43.28893,-21.75158],[-43.29005,-21.7522],[-43.29133,-21.75306],[-43.2937,-21.75479],[-43.29565,-21.75572],[-43.29791,-21.7564],[-43.29723,-21.75702],[-43.29645,-21.75729],[-43.29568,-21.75776],[-43.29479,-21.75864],[-43.29454,-21.75917],[-43.29459,-21.75997],[-43.29489,-21.7608],[-43.29473,-21.7615]]]},"properties":{"codigo":"3136702093","name":"Floresta","population":797,"households":383,"areaKm2":4.3148,"density":184.7}},{"type":"Feature","geometry":{"type":"Polygon","coordinates":[[[-43.36344,-21.72723],[-43.36297,-21.72823],[-43.36102,-21.73051],[-43.36006,-21.73086],[-43.35725,-21.73179],[-43.35695,-21.73068],[-43.357,-21.72906],[-43.35659,-21.72893],[-43.35686,-21.72856],[-43.35684,-21.72716],[-43.35894,-21.72604],[-43.35912,-21.72628],[-43.36351,-21.7271],[-43.36344,-21.72723]]]},"properties":{"codigo":"3136702077","name":"Jardim Bom Clima","population":768,"households":282,"areaKm2":0.2804,"density":2738.8}},{"type":"Feature","geometry":{"type":"Polygon","coordinates":[[[-43.33689,-21.75627],[-43.33622,-21.75582],[-43.33489,-21.75574],[-43.33385,-21.75503],[-43.32996,-21.75317],[-43.32791,-21.7533],[-43.32649,-21.75426],[-43.3217,-21.75389],[-43.32304,-21.75195],[-43.32359,-21.75145],[-43.32448,-21.75103],[-43.32496,-21.75057],[-43.32524,-21.74969],[-43.3256,-21.74943],[-43.32549,-21.74792],[-43.32659,-21.74722],[-43.32706,-21.74781],[-43.32806,-21.74772],[-43.32841,-21.74711],[-43.32835,-21.74634],[-43.32907,-21.74592],[-43.32978,-21.74654],[-43.33016,-21.74652],[-43.33181,-21.74518],[-43.33264,-21.74497],[-43.33329,-21.7454],[-43.33423,-21.74561],[-43.33484,-21.74658],[-43.33615,-21.74728],[-43.33776,-21.74781],[-43.33812,-21.74816],[-43.33827,-21.74905],[-43.33898,-21.74917],[-43.33979,-21.75057],[-43.33997,-21.7502],[-43.34069,-21.74989],[-43.34172,-21.75086],[-43.34121,-21.75156],[-43.34091,-21.75154],[-43.34009,-21.75317],[-43.34041,-21.75348],[-43.33917,-21.75389],[-43.33926,-21.75436],[-43.33836,-21.75448],[-43.33752,-21.75476],[-43.33667,-21.75551],[-43.33689,-21.75627]]]},"properties":{"codigo":"3136702067","name":"São Benedito","population":12870,"households":5842,"areaKm2":1.3634,"density":9439.3}},{"type":"Feature","geometry":{"type":"Polygon","coordinates":[[[-43.32135,-21.77638],[-43.32098,-21.77575],[-43.3207,-21.77481],[-43.32093,-21.77421],[-43.31881,-21.77353],[-43.31728,-21.77316],[-43.31646,-21.77222],[-43.31688,-21.7722],[-43.31726,-21.7714],[-43.31783,-21.77083],[-43.31851,-21.77084],[-43.3192,-21.77115],[-43.32004,-21.77116],[-43.32144,-21.76931],[-43.32243,-21.76969],[-43.32302,-21.76941],[-43.32153,-21.76764],[-43.32131,-21.76697],[-43.32076,-21.76634],[-43.32054,-21.76531],[-43.3207,-21.76487],[-43.32131,-21.76464],[-43.3212,-21.764],[-43.32076,-21.76386],[-43.31987,-21.76403],[-43.31966,-21.76336],[-43.31969,-21.76246],[-43.32018,-21.76188],[-43.32159,-21.7614],[-43.32191,-21.76067],[-43.32347,-21.7614],[-43.32545,-21.76259],[-43.32572,-21.76429],[-43.327,-21.76618],[-43.32885,-21.76547],[-43.32939,-21.76555],[-43.32912,-21.76658],[-43.32939,-21.76798],[-43.32996,-21.76813],[-43.33026,-21.77007],[-43.33063,-21.771],[-43.33063,-21.77136],[-43.32928,-21.77255],[-43.329,-21.77376],[-43.32984,-21.77506],[-43.33033,-21.77618],[-43.33034,-21.77658],[-43.3294,-21.77719],[-43.32471,-21.77812],[-43.32417,-21.77804],[-43.32347,-21.77764],[-43.32275,-21.77697],[-43.32165,-21.77637],[-43.32135,-21.77638]]]},"properties":{"codigo":"3136702063","name":"Nossa Senhora de Lourdes","population":7589,"households":3621,"areaKm2":1.5291,"density":4963.2}},{"type":"Feature","geometry":{"type":"Polygon","coordinates":[[[-43.36274,-21.71899],[-43.36255,-21.71829],[-43.36127,-21.71722],[-43.36125,-21.71685],[-43.36062,-21.71621],[-43.36055,-21.7155],[-43.36119,-21.7147],[-43.36158,-21.71379],[-43.36125,-21.71343],[-43.3599,-21.71359],[-43.35905,-21.71385],[-43.35805,-21.7146],[-43.35729,-21.71412],[-43.35664,-21.71429],[-43.35585,-21.71493],[-43.35539,-21.71345],[-43.35547,-21.71203],[-43.35515,-21.71062],[-43.35695,-21.70958],[-43.35866,-21.70916],[-43.35928,-21.70891],[-43.35975,-21.70846],[-43.36002,-21.70784],[-43.36103,-21.70734],[-43.36281,-21.70725],[-43.36449,-21.70655],[-43.36497,-21.706],[-43.36509,-21.70586],[-43.36926,-21.70883],[-43.37046,-21.70983],[-43.37141,-21.7109],[-43.37035,-21.71213],[-43.36925,-21.71318],[-43.36773,-21.71439],[-43.36724,-21.71548],[-43.36627,-21.71698],[-43.36499,-21.71788],[-43.36332,-21.71852],[-43.36274,-21.71899]]]},"properties":{"codigo":"3136702080","name":"Granjas Bethânia","population":3940,"households":1807,"areaKm2":1.2847,"density":3066.9}},{"type":"Feature","geometry":{"type":"Polygon","coordinates":[[[-43.33717,-21.79427],[-43.33739,-21.79292],[-43.33792,-21.79078],[-43.33887,-21.79034],[-43.33719,-21.78896],[-43.3378,-21.78844],[-43.33896,-21.78839],[-43.33929,-21.78816],[-43.33887,-21.78754],[-43.33759,-21.78693],[-43.33743,-21.78647],[-43.33902,-21.7866],[-43.33961,-21.78653],[-43.34128,-21.78567],[-43.34181,-21.78577],[-43.3424,-21.78619],[-43.34348,-21.78629],[-43.3437,-21.78689],[-43.34415,-21.78718],[-43.34277,-21.78759],[-43.34204,-21.78826],[-43.34197,-21.78879],[-43.34223,-21.78918],[-43.34212,-21.78975],[-43.34258,-21.79062],[-43.34265,-21.79108],[-43.34217,-21.7915],[-43.34215,-21.79202],[-43.34151,-21.79262],[-43.34118,-21.79387],[-43.3406,-21.79403],[-43.34,-21.79346],[-43.33907,-21.79343],[-43.33799,-21.79426],[-43.33717,-21.79427]]]},"properties":{"codigo":"3136702097","name":"Bomba de Fogo","population":1614,"households":772,"areaKm2":0.3842,"density":4201}},{"type":"Feature","geometry":{"type":"Polygon","coordinates":[[[-43.37287,-21.73777],[-43.3736,-21.7375],[-43.37684,-21.73693],[-43.37898,-21.73659],[-43.37906,-21.73701],[-43.37858,-21.73772],[-43.3776,-21.73794],[-43.3771,-21.73823],[-43.37544,-21.7397],[-43.37465,-21.74023],[-43.37464,-21.74005],[-43.37287,-21.73777]]]},"properties":{"codigo":"3136702106","name":"São Dimas","population":118,"households":65,"areaKm2":0.1148,"density":1028.2}},{"type":"Feature","geometry":{"type":"Polygon","coordinates":[[[-43.34229,-21.76355],[-43.34204,-21.7648],[-43.3421,-21.76514],[-43.34073,-21.76663],[-43.33964,-21.76753],[-43.33949,-21.76784],[-43.33898,-21.76782],[-43.33832,-21.7681],[-43.33798,-21.76796],[-43.33799,-21.76966],[-43.33841,-21.77056],[-43.33737,-21.77117],[-43.33638,-21.77146],[-43.33617,-21.77074],[-43.33679,-21.77027],[-43.33679,-21.76975],[-43.33609,-21.76992],[-43.33543,-21.76973],[-43.33382,-21.77012],[-43.33311,-21.76937],[-43.33269,-21.76955],[-43.33207,-21.7694],[-43.33154,-21.76886],[-43.33083,-21.76929],[-43.33026,-21.77007],[-43.32996,-21.76813],[-43.32939,-21.76798],[-43.32912,-21.76658],[-43.32939,-21.76555],[-43.33003,-21.76507],[-43.33308,-21.76436],[-43.334,-21.76384],[-43.33488,-21.76278],[-43.33572,-21.76213],[-43.33709,-21.76148],[-43.33871,-21.76106],[-43.33908,-21.76154],[-43.33867,-21.76185],[-43.34021,-21.76226],[-43.34072,-21.76187],[-43.34115,-21.76195],[-43.341,-21.76324],[-43.34229,-21.76355]]]},"properties":{"codigo":"3136702016","name":"Poço Rico","population":2953,"households":1472,"areaKm2":0.852,"density":3465.9}},{"type":"Feature","geometry":{"type":"Polygon","coordinates":[[[-43.34445,-21.75522],[-43.34384,-21.75504],[-43.3432,-21.75589],[-43.34266,-21.75569],[-43.34197,-21.75624],[-43.34187,-21.75559],[-43.34155,-21.75523],[-43.34133,-21.75421],[-43.34041,-21.75348],[-43.34009,-21.75317],[-43.34091,-21.75154],[-43.34121,-21.75156],[-43.34172,-21.75086],[-43.34069,-21.74989],[-43.33997,-21.7502],[-43.33979,-21.75057],[-43.33898,-21.74917],[-43.33827,-21.74905],[-43.33812,-21.74816],[-43.33776,-21.74781],[-43.33615,-21.74728],[-43.33484,-21.74658],[-43.33423,-21.74561],[-43.335,-21.74525],[-43.3355,-21.7447],[-43.33576,-21.7427],[-43.336,-21.74224],[-43.33679,-21.74256],[-43.33735,-21.74259],[-43.33833,-21.74293],[-43.3384,-21.74388],[-43.33816,-21.7442],[-43.33885,-21.74522],[-43.33915,-21.74514],[-43.33948,-21.74693],[-43.33976,-21.74767],[-43.34111,-21.7482],[-43.34244,-21.74888],[-43.3427,-21.74958],[-43.34368,-21.75031],[-43.34449,-21.75062],[-43.34516,-21.75115],[-43.34664,-21.7521],[-43.34703,-21.75246],[-43.34807,-21.75161],[-43.34875,-21.75017],[-43.34975,-21.74895],[-43.35025,-21.74871],[-43.35087,-21.74885],[-43.35174,-21.74874],[-43.35144,-21.74929],[-43.34445,-21.75522]]]},"properties":{"codigo":"3136702012","name":"Vitorino Braga","population":3522,"households":1703,"areaKm2":0.6482,"density":5433.6}},{"type":"Feature","geometry":{"type":"Polygon","coordinates":[[[-43.34485,-21.74097],[-43.34585,-21.74117],[-43.34656,-21.74084],[-43.3476,-21.74106],[-43.34789,-21.74169],[-43.34731,-21.74276],[-43.34739,-21.74326],[-43.34807,-21.74364],[-43.35047,-21.74424],[-43.35143,-21.74605],[-43.35142,-21.74655],[-43.35086,-21.74815],[-43.35027,-21.74843],[-43.34948,-21.74822],[-43.34918,-21.74858],[-43.34866,-21.74813],[-43.34815,-21.74813],[-43.3484,-21.74709],[-43.34828,-21.74679],[-43.3475,-21.74637],[-43.34738,-21.74684],[-43.34615,-21.74675],[-43.34603,-21.74581],[-43.3455,-21.74521],[-43.3448,-21.74397],[-43.34465,-21.74312],[-43.34286,-21.74335],[-43.34236,-21.74374],[-43.34131,-21.74332],[-43.3412,-21.74254],[-43.34155,-21.74164],[-43.34253,-21.74188],[-43.34339,-21.74189],[-43.34433,-21.74097],[-43.34485,-21.74097]]]},"properties":{"codigo":"3136702071","name":"Meggliolário","population":5404,"households":2500,"areaKm2":0.3901,"density":13852.6}},{"type":"Feature","geometry":{"type":"Polygon","coordinates":[[[-43.40806,-21.65057],[-43.40951,-21.64758],[-43.4099,-21.64725],[-43.41141,-21.64769],[-43.41199,-21.64799],[-43.41325,-21.64793],[-43.41581,-21.64803],[-43.41681,-21.64827],[-43.41818,-21.64969],[-43.41908,-21.6499],[-43.41994,-21.64951],[-43.42082,-21.64892],[-43.42228,-21.6474],[-43.42366,-21.64702],[-43.42389,-21.64683],[-43.4242,-21.64549],[-43.42468,-21.64505],[-43.42534,-21.64487],[-43.42713,-21.64479],[-43.42847,-21.64441],[-43.42883,-21.64408],[-43.42896,-21.64305],[-43.4288,-21.64194],[-43.42897,-21.64132],[-43.4303,-21.64034],[-43.43098,-21.64009],[-43.43278,-21.63913],[-43.43375,-21.63849],[-43.4341,-21.63893],[-43.43543,-21.63996],[-43.43646,-21.6409],[-43.43767,-21.64184],[-43.43849,-21.64317],[-43.4393,-21.64411],[-43.43914,-21.64459],[-43.43618,-21.64755],[-43.43556,-21.64861],[-43.43523,-21.65012],[-43.43478,-21.65405],[-43.43391,-21.65929],[-43.43423,-21.66029],[-43.43468,-21.66082],[-43.43473,-21.66158],[-43.43528,-21.66245],[-43.43618,-21.66466],[-43.43661,-21.66534],[-43.43664,-21.66577],[-43.43778,-21.66836],[-43.43894,-21.66932],[-43.43811,-21.67074],[-43.43721,-21.67],[-43.43675,-21.66923],[-43.43497,-21.66949],[-43.43388,-21.66996],[-43.43297,-21.67103],[-43.43221,-21.67013],[-43.43194,-21.66937],[-43.43108,-21.66926],[-43.43078,-21.66853],[-43.42961,-21.66772],[-43.42556,-21.6645],[-43.42489,-21.6652],[-43.42396,-21.66545],[-43.42293,-21.666],[-43.42257,-21.66604],[-43.42136,-21.66857],[-43.41915,-21.67064],[-43.41911,-21.66943],[-43.41951,-21.66807],[-43.41917,-21.66732],[-43.41848,-21.6664],[-43.41812,-21.66653],[-43.41793,-21.6657],[-43.41714,-21.66413],[-43.41632,-21.66353],[-43.41556,-21.66414],[-43.41477,-21.66443],[-43.41406,-21.66443],[-43.41338,-21.66369],[-43.4132,-21.66273],[-43.4137,-21.65972],[-43.41449,-21.65839],[-43.41577,-21.65664],[-43.41523,-21.65574],[-43.41431,-21.65543],[-43.41251,-21.65424],[-43.41135,-21.65291],[-43.40947,-21.65162],[-43.40902,-21.65115],[-43.40806,-21.65057]]]},"properties":{"codigo":"3136702051","name":"Barreira do Triunfo","population":3488,"households":1539,"areaKm2":5.953,"density":585.9}},{"type":"Feature","geometry":{"type":"Polygon","coordinates":[[[-43.34496,-21.77909],[-43.34479,-21.77977],[-43.34526,-21.77986],[-43.34477,-21.78172],[-43.34487,-21.78292],[-43.34407,-21.78303],[-43.34372,-21.78364],[-43.34228,-21.78333],[-43.34194,-21.78342],[-43.34122,-21.78294],[-43.34053,-21.78164],[-43.34019,-21.78137],[-43.34166,-21.7799],[-43.34271,-21.77936],[-43.34353,-21.77916],[-43.34359,-21.77883],[-43.34496,-21.77909]]]},"properties":{"codigo":"3136702024","name":"Boa Vista","population":1509,"households":779,"areaKm2":0.1817,"density":8303.5}},{"type":"Feature","geometry":{"type":"Polygon","coordinates":[[[-43.38281,-21.74253],[-43.38192,-21.74263],[-43.38166,-21.74314],[-43.38043,-21.74388],[-43.37853,-21.74234],[-43.37776,-21.743],[-43.37648,-21.74261],[-43.37599,-21.74201],[-43.37672,-21.74132],[-43.37573,-21.74053],[-43.37629,-21.74026],[-43.37835,-21.73859],[-43.37874,-21.73814],[-43.37973,-21.73936],[-43.38138,-21.74052],[-43.38221,-21.74133],[-43.38288,-21.74163],[-43.38281,-21.74253]]]},"properties":{"codigo":"3136702048","name":"Esplanada","population":2662,"households":1248,"areaKm2":0.2436,"density":10926.2}},{"type":"Feature","geometry":{"type":"Polygon","coordinates":[[[-43.28897,-21.77614],[-43.28949,-21.77559],[-43.28969,-21.77451],[-43.29055,-21.77413],[-43.29095,-21.77322],[-43.29095,-21.77233],[-43.29044,-21.77101],[-43.28971,-21.77039],[-43.28895,-21.77018],[-43.28859,-21.7692],[-43.28721,-21.76603],[-43.2865,-21.76382],[-43.28599,-21.76198],[-43.28761,-21.76175],[-43.29473,-21.7615],[-43.29577,-21.76072],[-43.29692,-21.76117],[-43.29782,-21.76343],[-43.29793,-21.76508],[-43.29887,-21.76535],[-43.29898,-21.76574],[-43.29958,-21.76618],[-43.30362,-21.76567],[-43.30555,-21.76661],[-43.30639,-21.76636],[-43.30792,-21.7654],[-43.3092,-21.76556],[-43.3111,-21.76533],[-43.31212,-21.76631],[-43.31344,-21.76619],[-43.31288,-21.7669],[-43.31258,-21.76765],[-43.30999,-21.77079],[-43.30856,-21.7715],[-43.30771,-21.77209],[-43.30744,-21.77342],[-43.30774,-21.77403],[-43.30766,-21.7747],[-43.30779,-21.77561],[-43.30867,-21.77709],[-43.30841,-21.77805],[-43.30871,-21.7789],[-43.30793,-21.77948],[-43.30712,-21.78026],[-43.30663,-21.78017],[-43.3058,-21.78141],[-43.3059,-21.78177],[-43.30673,-21.78235],[-43.30418,-21.78746],[-43.30346,-21.78762],[-43.30225,-21.78843],[-43.30125,-21.78819],[-43.29976,-21.7874],[-43.29896,-21.78677],[-43.29857,-21.78705],[-43.29853,-21.78804],[-43.29785,-21.78792],[-43.29655,-21.786],[-43.29507,-21.78459],[-43.29402,-21.78442],[-43.29325,-21.78453],[-43.29128,-21.78412],[-43.28901,-21.78315],[-43.28835,-21.78333],[-43.28789,-21.78308],[-43.28693,-21.78323],[-43.28977,-21.78002],[-43.29028,-21.7797],[-43.28985,-21.77837],[-43.29028,-21.77695],[-43.28897,-21.77614]]]},"properties":{"codigo":"3136702090","name":"Barão do Retiro","population":7945,"households":3545,"areaKm2":4.9843,"density":1594}}]}