{"type":"FeatureCollection","features":[{"type":"Feature","geometry":{"type":"Polygon","coordinates":[[[-46.24258,-18.05642],[-46.24202,-18.05827],[-46.24096,-18.05823],[-46.2401,-18.05883],[-46.23825,-18.05937],[-46.23524,-18.05828],[-46.23448,-18.05945],[-46.23369,-18.05941],[-46.23318,-18.05863],[-46.23222,-18.05859],[-46.23158,-18.06084],[-46.22993,-18.06177],[-46.2286,-18.06375],[-46.22578,-18.06356],[-46.2235,-18.06292],[-46.22269,-18.06341],[-46.22081,-18.06298],[-46.21944,-18.06342],[-46.21751,-18.06483],[-46.21573,-18.06546],[-46.21545,-18.06732],[-46.21368,-18.06788],[-46.21235,-18.0672],[-46.21142,-18.06716],[-46.21008,-18.06772],[-46.20914,-18.06738],[-46.20828,-18.06926],[-46.20737,-18.06908],[-46.20643,-18.06955],[-46.20599,-18.06787],[-46.20434,-18.06763],[-46.20451,-18.06854],[-46.20286,-18.06949],[-46.20303,-18.07055],[-46.20212,-18.07092],[-46.20113,-18.06982],[-46.1993,-18.06916],[-46.19635,-18.06911],[-46.19549,-18.07012],[-46.19457,-18.0704],[-46.19248,-18.06915],[-46.19109,-18.06897],[-46.18969,-18.06934],[-46.18838,-18.07093],[-46.18702,-18.0722],[-46.18551,-18.07228],[-46.18472,-18.07283],[-46.18489,-18.07465],[-46.18288,-18.07574],[-46.18105,-18.07551],[-46.18105,-18.07381],[-46.17994,-18.07313],[-46.17968,-18.07398],[-46.17836,-18.07417],[-46.17799,-18.07286],[-46.17669,-18.07252],[-46.17538,-18.07326],[-46.17444,-18.07324],[-46.17374,-18.07265],[-46.17268,-18.07107],[-46.16981,-18.07021],[-46.16882,-18.06854],[-46.16762,-18.06891],[-46.16395,-18.06883],[-46.16114,-18.06979],[-46.16057,-18.07048],[-46.16086,-18.07167],[-46.16068,-18.07259],[-46.15933,-18.0734],[-46.15852,-18.07448],[-46.15735,-18.07527],[-46.15641,-18.07527],[-46.15579,-18.07468],[-46.15391,-18.07505],[-46.15206,-18.07428],[-46.15158,-18.07357],[-46.14893,-18.07298],[-46.14709,-18.07368],[-46.14628,-18.07543],[-46.14498,-18.07594],[-46.14265,-18.0759],[-46.14047,-18.07718],[-46.13962,-18.07892],[-46.13946,-18.08088],[-46.13898,-18.08184],[-46.13793,-18.08284],[-46.13652,-18.08339],[-46.1313,-18.08702],[-46.13024,-18.08728],[-46.12831,-18.0863],[-46.12581,-18.0844],[-46.12205,-18.08239],[-46.11998,-18.0816],[-46.11869,-18.08133],[-46.11753,-18.0806],[-46.11508,-18.07976],[-46.11335,-18.07972],[-46.11236,-18.08018],[-46.11008,-18.08033],[-46.1072,-18.08096],[-46.10557,-18.08149],[-46.10373,-18.08258],[-46.10246,-18.08291],[-46.101,-18.08441],[-46.10011,-18.08498],[-46.09456,-18.08528],[-46.09241,-18.08602],[-46.09116,-18.08692],[-46.08536,-18.09457],[-46.08421,-18.09556],[-46.08206,-18.09803],[-46.07981,-18.1002],[-46.07846,-18.10098],[-46.0778,-18.10218],[-46.07776,-18.1042],[-46.07832,-18.10765],[-46.07946,-18.11019],[-46.07985,-18.1118],[-46.07986,-18.11359],[-46.07949,-18.11667],[-46.07801,-18.11909],[-46.07648,-18.12082],[-46.07529,-18.12277],[-46.07395,-18.12455],[-46.07172,-18.12676],[-46.07134,-18.12775],[-46.07137,-18.12926],[-46.07239,-18.1311],[-46.07325,-18.13472],[-46.07297,-18.13714],[-46.07228,-18.13852],[-46.07091,-18.13956],[-46.06945,-18.14117],[-46.06586,-18.14477],[-46.06354,-18.14604],[-46.06138,-18.14754],[-46.05975,-18.14906],[-46.05794,-18.15231],[-46.0548,-18.15432],[-46.05269,-18.15552],[-46.05173,-18.15676],[-46.05109,-18.15847],[-46.04774,-18.16105],[-46.04649,-18.16218],[-46.04558,-18.16345],[-46.04423,-18.16596],[-46.0426,-18.1686],[-46.04152,-18.16959],[-46.03939,-18.17084],[-46.03721,-18.17283],[-46.03508,-18.1752],[-46.03403,-18.17578],[-46.03297,-18.17695],[-46.03123,-18.17965],[-46.03045,-18.18326],[-46.03022,-18.18532],[-46.02868,-18.19022],[-46.02798,-18.19165],[-46.02703,-18.19473],[-46.02588,-18.19565],[-46.02288,-18.1961],[-46.02168,-18.19661],[-46.01842,-18.19713],[-46.01674,-18.19858],[-46.01518,-18.20074],[-46.01323,-18.20477],[-46.01175,-18.20758],[-46.01168,-18.20811],[-46.01064,-18.20616],[-46.01032,-18.20424],[-46.01034,-18.20279],[-46.01,-18.20056],[-46.00891,-18.1976],[-46.00816,-18.19622],[-46.00644,-18.19481],[-46.00608,-18.19416],[-46.00631,-18.19262],[-46.00732,-18.19154],[-46.0072,-18.19055],[-46.00594,-18.18913],[-46.00608,-18.18771],[-46.00716,-18.18672],[-46.0086,-18.18588],[-46.00987,-18.18443],[-46.00974,-18.18305],[-46.00897,-18.18248],[-46.00868,-18.18113],[-46.0093,-18.17986],[-46.01109,-18.17802],[-46.01205,-18.1762],[-46.01166,-18.17475],[-46.0103,-18.17136],[-46.00974,-18.16945],[-46.00982,-18.16667],[-46.01042,-18.16511],[-46.0106,-18.1632],[-46.00935,-18.16162],[-46.00968,-18.16028],[-46.01116,-18.15821],[-46.0115,-18.15729],[-46.0112,-18.1563],[-46.01014,-18.15474],[-46.01004,-18.15323],[-46.01135,-18.15185],[-46.01231,-18.15147],[-46.01265,-18.15053],[-46.01213,-18.14826],[-46.01087,-18.1456],[-46.00904,-18.14397],[-46.00804,-18.14062],[-46.00818,-18.13963],[-46.0096,-18.13827],[-46.01019,-18.13696],[-46.01052,-18.13517],[-46.01169,-18.13319],[-46.01256,-18.13289],[-46.01426,-18.13123],[-46.01466,-18.12994],[-46.01274,-18.12937],[-46.01299,-18.12758],[-46.01462,-18.12656],[-46.015,-18.1253],[-46.01406,-18.12364],[-46.01478,-18.123],[-46.01728,-18.12281],[-46.01908,-18.12195],[-46.01965,-18.12126],[-46.0195,-18.12034],[-46.01772,-18.11956],[-46.01705,-18.11881],[-46.01661,-18.11693],[-46.01574,-18.1159],[-46.01422,-18.11468],[-46.01402,-18.11379],[-46.01318,-18.11335],[-46.01219,-18.11166],[-46.01214,-18.11016],[-46.01071,-18.10723],[-46.00962,-18.10636],[-46.00979,-18.10502],[-46.01177,-18.10286],[-46.01314,-18.10343],[-46.01461,-18.1045],[-46.0156,-18.10429],[-46.01627,-18.1036],[-46.01682,-18.10231],[-46.01717,-18.10047],[-46.01772,-18.09969],[-46.02012,-18.09817],[-46.02204,-18.09758],[-46.02195,-18.0949],[-46.02053,-18.09316],[-46.01959,-18.09281],[-46.01782,-18.09424],[-46.01643,-18.09441],[-46.01604,-18.09322],[-46.01534,-18.09262],[-46.01461,-18.09097],[-46.01319,-18.09033],[-46.01177,-18.08882],[-46.01052,-18.08811],[-46.01025,-18.08724],[-46.00909,-18.08573],[-46.00928,-18.08483],[-46.01022,-18.08457],[-46.01159,-18.08507],[-46.01228,-18.0845],[-46.01252,-18.08312],[-46.01381,-18.08247],[-46.01484,-18.08031],[-46.01656,-18.0786],[-46.01653,-18.07768],[-46.01518,-18.07571],[-46.01388,-18.07484],[-46.01265,-18.07338],[-46.01094,-18.07228],[-46.00985,-18.07065],[-46.00881,-18.06847],[-46.00653,-18.06777],[-46.00561,-18.06676],[-46.0051,-18.06561],[-46.00519,-18.06361],[-46.00334,-18.0636],[-46.00262,-18.06309],[-46.0016,-18.06098],[-46.00033,-18.06041],[-46.00056,-18.05926],[-46.00387,-18.05859],[-46.00435,-18.05785],[-46.00372,-18.05608],[-46.00321,-18.05365],[-46.00178,-18.05177],[-46.00099,-18.05122],[-45.99993,-18.04971],[-45.99971,-18.04877],[-46.00011,-18.04794],[-46.00138,-18.0472],[-46.00126,-18.04584],[-45.99916,-18.04317],[-45.99881,-18.04216],[-45.99904,-18.04032],[-46.00016,-18.03756],[-46.00191,-18.0349],[-46.00143,-18.03307],[-46.00137,-18.03164],[-45.99929,-18.03134],[-45.99848,-18.03008],[-45.99789,-18.02824],[-45.99764,-18.02641],[-45.99702,-18.02459],[-45.99571,-18.02315],[-45.99554,-18.02223],[-45.99414,-18.02181],[-45.9937,-18.02098],[-45.99124,-18.01946],[-45.98858,-18.01835],[-45.9872,-18.02013],[-45.98569,-18.02025],[-45.98482,-18.02072],[-45.98357,-18.02404],[-45.98295,-18.02471],[-45.98036,-18.02487],[-45.9794,-18.0252],[-45.97878,-18.02644],[-45.97638,-18.02692],[-45.97544,-18.02658],[-45.97432,-18.02781],[-45.9723,-18.02771],[-45.97255,-18.02886],[-45.97181,-18.03066],[-45.97095,-18.03112],[-45.96737,-18.03147],[-45.96551,-18.02989],[-45.96312,-18.02945],[-45.96151,-18.02886],[-45.95843,-18.02941],[-45.95676,-18.02804],[-45.95625,-18.02717],[-45.95478,-18.02668],[-45.95319,-18.02662],[-45.95174,-18.02552],[-45.95125,-18.02408],[-45.94977,-18.02215],[-45.9494,-18.02034],[-45.94719,-18.01755],[-45.94625,-18.01698],[-45.94486,-18.01492],[-45.94247,-18.0142],[-45.94088,-18.01331],[-45.93836,-18.01369],[-45.93508,-18.01323],[-45.93369,-18.0137],[-45.93177,-18.01367],[-45.93021,-18.01432],[-45.92704,-18.0148],[-45.92477,-18.01392],[-45.92323,-18.01386],[-45.92144,-18.01268],[-45.92018,-18.01057],[-45.91796,-18.00913],[-45.91685,-18.00928],[-45.91417,-18.01063],[-45.91299,-18.01101],[-45.91218,-18.01173],[-45.90778,-18.01178],[-45.90677,-18.01153],[-45.90606,-18.01085],[-45.90608,-18.0093],[-45.90737,-18.00831],[-45.90922,-18.00806],[-45.91018,-18.00741],[-45.91041,-18.00635],[-45.91007,-18.0055],[-45.90751,-18.00453],[-45.90616,-18.00371],[-45.90509,-18.00218],[-45.90369,-18.00198],[-45.90129,-18.00252],[-45.89996,-18.00398],[-45.89917,-18.00449],[-45.89765,-18.00466],[-45.8947,-18.00551],[-45.89314,-18.00559],[-45.89074,-18.00678],[-45.88888,-18.00826],[-45.88407,-18.00816],[-45.88131,-18.00932],[-45.88058,-18.00802],[-45.8809,-18.00562],[-45.88356,-18.0013],[-45.88457,-17.99949],[-45.8843,-17.99779],[-45.88351,-17.99645],[-45.88166,-17.99461],[-45.87925,-17.99369],[-45.87776,-17.99369],[-45.87584,-17.99314],[-45.87314,-17.99261],[-45.87004,-17.99224],[-45.86627,-17.99207],[-45.86376,-17.99247],[-45.86206,-17.99371],[-45.85982,-17.99483],[-45.85797,-17.99474],[-45.85628,-17.99361],[-45.85496,-17.9941],[-45.85349,-17.9941],[-45.85265,-17.99377],[-45.85208,-17.99295],[-45.85119,-17.99272],[-45.85085,-17.99189],[-45.85128,-17.99083],[-45.85282,-17.9897],[-45.85342,-17.98696],[-45.85436,-17.98597],[-45.85381,-17.98367],[-45.85292,-17.9833],[-45.85227,-17.98188],[-45.85292,-17.98103],[-45.85177,-17.97921],[-45.85095,-17.9787],[-45.85047,-17.97642],[-45.84989,-17.97555],[-45.84847,-17.97539],[-45.84737,-17.97394],[-45.84643,-17.97371],[-45.84576,-17.97189],[-45.84444,-17.97193],[-45.84369,-17.97154],[-45.84364,-17.96952],[-45.8423,-17.97016],[-45.84165,-17.96954],[-45.84081,-17.96995],[-45.83989,-17.96951],[-45.83805,-17.96977],[-45.83672,-17.96917],[-45.836,-17.96977],[-45.83515,-17.96947],[-45.83487,-17.967],[-45.83429,-17.96631],[-45.83287,-17.96597],[-45.8323,-17.96415],[-45.83138,-17.96376],[-45.83138,-17.96185],[-45.83004,-17.96146],[-45.83049,-17.95918],[-45.82912,-17.95906],[-45.82941,-17.95821],[-45.82908,-17.95695],[-45.8298,-17.95625],[-45.82985,-17.95464],[-45.83362,-17.95425],[-45.83369,-17.95382],[-45.83521,-17.95264],[-45.83432,-17.95232],[-45.83415,-17.95101],[-45.8322,-17.95092],[-45.83141,-17.95039],[-45.83115,-17.94855],[-45.82935,-17.94712],[-45.82932,-17.94553],[-45.82749,-17.94576],[-45.82706,-17.94456],[-45.82774,-17.94355],[-45.82689,-17.94309],[-45.82762,-17.94074],[-45.82726,-17.93943],[-45.8249,-17.93982],[-45.82454,-17.93856],[-45.82531,-17.93805],[-45.82574,-17.93628],[-45.82536,-17.93547],[-45.82603,-17.93485],[-45.82594,-17.93388],[-45.82493,-17.93278],[-45.82495,-17.93184],[-45.82353,-17.93183],[-45.82341,-17.93071],[-45.82469,-17.93068],[-45.82402,-17.9294],[-45.82462,-17.92666],[-45.82609,-17.92652],[-45.82635,-17.92567],[-45.82589,-17.92431],[-45.82493,-17.92447],[-45.82363,-17.92367],[-45.82166,-17.9236],[-45.82077,-17.9207],[-45.82215,-17.91938],[-45.82179,-17.91867],[-45.82082,-17.91862],[-45.82058,-17.91777],[-45.82099,-17.91671],[-45.81998,-17.91664],[-45.81924,-17.91609],[-45.81907,-17.91464],[-45.81799,-17.91388],[-45.81852,-17.9125],[-45.81989,-17.91276],[-45.82032,-17.912],[-45.81895,-17.91084],[-45.81953,-17.91013],[-45.81905,-17.90937],[-45.82025,-17.90774],[-45.81982,-17.90682],[-45.82054,-17.90583],[-45.81908,-17.90576],[-45.81922,-17.90429],[-45.81845,-17.90369],[-45.81879,-17.90217],[-45.8186,-17.90122],[-45.81622,-17.90046],[-45.8149,-17.9009],[-45.8141,-17.90051],[-45.81331,-17.89947],[-45.81141,-17.90028],[-45.81095,-17.8992],[-45.81172,-17.89855],[-45.81225,-17.89577],[-45.81076,-17.8957],[-45.80896,-17.89452],[-45.8068,-17.89385],[-45.80723,-17.89263],[-45.80545,-17.89162],[-45.80546,-17.89068],[-45.80175,-17.88973],[-45.80142,-17.8884],[-45.80197,-17.88702],[-45.80159,-17.88566],[-45.79964,-17.88577],[-45.79841,-17.8866],[-45.79784,-17.88586],[-45.7983,-17.88457],[-45.79911,-17.88342],[-45.80092,-17.88186],[-45.8019,-17.88182],[-45.80282,-17.88232],[-45.80433,-17.88228],[-45.80397,-17.88041],[-45.80217,-17.87979],[-45.80171,-17.87898],[-45.80219,-17.87701],[-45.80352,-17.87625],[-45.80313,-17.87558],[-45.80162,-17.87556],[-45.79922,-17.87585],[-45.7984,-17.87703],[-45.79871,-17.87832],[-45.79804,-17.87898],[-45.79681,-17.87928],[-45.79563,-17.87843],[-45.79465,-17.87937],[-45.79378,-17.87875],[-45.79378,-17.88059],[-45.79303,-17.881],[-45.79179,-17.88029],[-45.79051,-17.87661],[-45.78878,-17.8764],[-45.78951,-17.87447],[-45.79073,-17.87297],[-45.79097,-17.87205],[-45.79177,-17.87155],[-45.79331,-17.87136],[-45.79335,-17.87046],[-45.7942,-17.86931],[-45.79513,-17.86899],[-45.79533,-17.86814],[-45.7948,-17.86731],[-45.79461,-17.86589],[-45.79384,-17.86637],[-45.79355,-17.86402],[-45.79475,-17.86425],[-45.79629,-17.86336],[-45.79603,-17.86154],[-45.79622,-17.86064],[-45.79718,-17.85963],[-45.79697,-17.85868],[-45.79505,-17.85654],[-45.79464,-17.85567],[-45.7938,-17.85523],[-45.79235,-17.85546],[-45.79175,-17.85477],[-45.79226,-17.85295],[-45.79156,-17.85173],[-45.79027,-17.85244],[-45.78923,-17.85219],[-45.78938,-17.8509],[-45.79082,-17.85067],[-45.78981,-17.84915],[-45.79003,-17.84607],[-45.78977,-17.84508],[-45.78842,-17.8445],[-45.78833,-17.84314],[-45.78761,-17.84271],[-45.78679,-17.84319],[-45.78583,-17.84439],[-45.78455,-17.84445],[-45.78393,-17.843],[-45.78302,-17.8421],[-45.78292,-17.84075],[-45.78227,-17.84003],[-45.78203,-17.83868],[-45.78021,-17.83715],[-45.78019,-17.8358],[-45.78134,-17.83495],[-45.77978,-17.83402],[-45.77807,-17.8317],[-45.77872,-17.83099],[-45.77964,-17.83085],[-45.78259,-17.83101],[-45.78353,-17.83124],[-45.78492,-17.83081],[-45.78548,-17.82959],[-45.78464,-17.8285],[-45.78356,-17.82816],[-45.78154,-17.82698],[-45.78175,-17.82609],[-45.78349,-17.82537],[-45.78392,-17.82402],[-45.78334,-17.8228],[-45.78193,-17.82277],[-45.78118,-17.82227],[-45.78092,-17.82134],[-45.78207,-17.81911],[-45.78166,-17.81782],[-45.77991,-17.81812],[-45.77883,-17.81789],[-45.77813,-17.81722],[-45.77722,-17.81708],[-45.77664,-17.81784],[-45.77575,-17.81812],[-45.77491,-17.81757],[-45.77311,-17.81575],[-45.77295,-17.81381],[-45.77348,-17.81312],[-45.77494,-17.81273],[-45.77674,-17.81078],[-45.77672,-17.80933],[-45.77555,-17.8079],[-45.77507,-17.80548],[-45.77452,-17.80454],[-45.77293,-17.80327],[-45.77014,-17.80359],[-45.7695,-17.80288],[-45.76971,-17.80136],[-45.77022,-17.80046],[-45.77024,-17.79943],[-45.76979,-17.79805],[-45.76799,-17.79747],[-45.76659,-17.7974],[-45.76491,-17.79825],[-45.76342,-17.79954],[-45.76303,-17.80106],[-45.76208,-17.80209],[-45.76118,-17.80064],[-45.76135,-17.79972],[-45.7626,-17.79894],[-45.76277,-17.79806],[-45.7621,-17.79744],[-45.76249,-17.7965],[-45.76189,-17.79528],[-45.76254,-17.79351],[-45.76347,-17.79321],[-45.76374,-17.79238],[-45.76516,-17.79194],[-45.76554,-17.79109],[-45.7666,-17.79004],[-45.76653,-17.78762],[-45.76771,-17.78737],[-45.76749,-17.78546],[-45.76901,-17.78148],[-45.77086,-17.78074],[-45.77112,-17.77982],[-45.77398,-17.77768],[-45.77495,-17.77616],[-45.77747,-17.774],[-45.77824,-17.77253],[-45.77925,-17.77193],[-45.78088,-17.77147],[-45.783,-17.77141],[-45.78451,-17.77111],[-45.78581,-17.7704],[-45.78653,-17.76922],[-45.78783,-17.766],[-45.7899,-17.76425],[-45.79184,-17.76373],[-45.79379,-17.76428],[-45.79657,-17.76568],[-45.79883,-17.76621],[-45.80327,-17.76599],[-45.8062,-17.76472],[-45.80786,-17.76205],[-45.80885,-17.76143],[-45.8113,-17.76049],[-45.81216,-17.75957],[-45.81233,-17.75796],[-45.81159,-17.75488],[-45.81294,-17.75246],[-45.81455,-17.75085],[-45.81724,-17.75005],[-45.8189,-17.74926],[-45.82214,-17.74924],[-45.82322,-17.74961],[-45.82418,-17.74947],[-45.82591,-17.74849],[-45.82565,-17.74559],[-45.82608,-17.74299],[-45.82687,-17.74105],[-45.8288,-17.73841],[-45.83252,-17.73595],[-45.83401,-17.7359],[-45.83511,-17.7368],[-45.83586,-17.73862],[-45.83667,-17.73991],[-45.8396,-17.74207],[-45.84143,-17.74292],[-45.84491,-17.74276],[-45.84628,-17.74246],[-45.84808,-17.74152],[-45.84974,-17.74099],[-45.85051,-17.74042],[-45.8525,-17.73736],[-45.8531,-17.73556],[-45.85305,-17.73365],[-45.85341,-17.73184],[-45.85555,-17.73064],[-45.85623,-17.72995],[-45.85762,-17.72783],[-45.85817,-17.72638],[-45.85964,-17.72374],[-45.86141,-17.72259],[-45.86341,-17.72293],[-45.86506,-17.72394],[-45.866,-17.72418],[-45.86859,-17.72282],[-45.86932,-17.7216],[-45.87061,-17.72217],[-45.87152,-17.72305],[-45.87381,-17.72409],[-45.87479,-17.72402],[-45.87702,-17.72303],[-45.87748,-17.72167],[-45.8781,-17.72084],[-45.87959,-17.72034],[-45.88067,-17.71925],[-45.88296,-17.71879],[-45.88221,-17.71746],[-45.88214,-17.71647],[-45.88137,-17.71477],[-45.88279,-17.71233],[-45.88296,-17.71143],[-45.8844,-17.71115],[-45.88423,-17.70784],[-45.88502,-17.70618],[-45.88476,-17.70476],[-45.88562,-17.70356],[-45.88759,-17.70218],[-45.88997,-17.70126],[-45.89141,-17.70043],[-45.89228,-17.69933],[-45.89424,-17.69758],[-45.89578,-17.69709],[-45.89681,-17.69712],[-45.89929,-17.69802],[-45.90361,-17.70133],[-45.90507,-17.70209],[-45.90656,-17.70211],[-45.90769,-17.70126],[-45.90903,-17.69914],[-45.91187,-17.69687],[-45.91282,-17.69641],[-45.91516,-17.69595],[-45.91638,-17.69491],[-45.9177,-17.69337],[-45.92166,-17.69231],[-45.92349,-17.69226],[-45.92507,-17.69275],[-45.92702,-17.69445],[-45.92803,-17.69505],[-45.93038,-17.6959],[-45.93091,-17.69719],[-45.93242,-17.69776],[-45.93319,-17.6985],[-45.93456,-17.69827],[-45.93655,-17.6988],[-45.9377,-17.69749],[-45.93919,-17.69737],[-45.94056,-17.69765],[-45.9415,-17.69737],[-45.94332,-17.69631],[-45.94522,-17.69606],[-45.94858,-17.69709],[-45.94997,-17.69661],[-45.95136,-17.69459],[-45.95216,-17.69449],[-45.95264,-17.69376],[-45.95211,-17.69304],[-45.95278,-17.69194],[-45.95458,-17.69035],[-45.95504,-17.68862],[-45.95405,-17.68773],[-45.95403,-17.68678],[-45.95472,-17.68556],[-45.95364,-17.68471],[-45.95393,-17.68289],[-45.95472,-17.68232],[-45.95612,-17.68202],[-45.95684,-17.68147],[-45.95794,-17.67997],[-45.9576,-17.6791],[-45.9588,-17.67896],[-45.95943,-17.67965],[-45.96101,-17.67882],[-45.96072,-17.6779],[-45.96099,-17.67696],[-45.96171,-17.67636],[-45.96185,-17.67505],[-45.96324,-17.67481],[-45.96327,-17.67383],[-45.96387,-17.6721],[-45.96351,-17.67024],[-45.96411,-17.66895],[-45.96495,-17.66837],[-45.96591,-17.6686],[-45.96874,-17.66784],[-45.96924,-17.66704],[-45.96809,-17.66547],[-45.96653,-17.66549],[-45.96629,-17.66471],[-45.96691,-17.66407],[-45.96883,-17.66354],[-45.97066,-17.66407],[-45.97104,-17.66333],[-45.96941,-17.66229],[-45.97075,-17.66114],[-45.97169,-17.66142],[-45.97412,-17.66142],[-45.9744,-17.66068],[-45.97313,-17.65942],[-45.97246,-17.65815],[-45.97167,-17.65585],[-45.97205,-17.65488],[-45.97181,-17.65403],[-45.9709,-17.65392],[-45.97058,-17.65313],[-45.97205,-17.65175],[-45.97229,-17.65035],[-45.97169,-17.64902],[-45.97001,-17.64803],[-45.96981,-17.64717],[-45.9684,-17.64582],[-45.96708,-17.64347],[-45.96715,-17.64255],[-45.96854,-17.64262],[-45.96984,-17.64324],[-45.97164,-17.64282],[-45.97205,-17.64151],[-45.97147,-17.6408],[-45.97005,-17.64022],[-45.969,-17.63924],[-45.96895,-17.63838],[-45.96988,-17.63802],[-45.97236,-17.63769],[-45.97293,-17.63564],[-45.97435,-17.6359],[-45.97555,-17.63521],[-45.97545,-17.63424],[-45.97471,-17.63304],[-45.97298,-17.63215],[-45.9719,-17.6312],[-45.97163,-17.63028],[-45.97281,-17.62853],[-45.97365,-17.62816],[-45.97555,-17.62862],[-45.97655,-17.62856],[-45.97747,-17.62761],[-45.97672,-17.62593],[-45.97742,-17.62536],[-45.97742,-17.62395],[-45.97667,-17.62345],[-45.97482,-17.62289],[-45.97401,-17.62239],[-45.97384,-17.62151],[-45.97492,-17.6205],[-45.97588,-17.62016],[-45.97665,-17.61898],[-45.97857,-17.61831],[-45.97948,-17.61861],[-45.97967,-17.61956],[-45.97948,-17.62151],[-45.98102,-17.62266],[-45.9833,-17.62225],[-45.9849,-17.62089],[-45.98488,-17.61997],[-45.98357,-17.61916],[-45.98392,-17.61799],[-45.98584,-17.6164],[-45.98706,-17.61491],[-45.98797,-17.61456],[-45.98833,-17.61371],[-45.98776,-17.61244],[-45.98915,-17.60993],[-45.98824,-17.60823],[-45.98886,-17.60761],[-45.99085,-17.60793],[-45.99145,-17.60731],[-45.99092,-17.60646],[-45.98874,-17.60505],[-45.98754,-17.60356],[-45.98735,-17.60264],[-45.98854,-17.60114],[-45.9884,-17.59974],[-45.98773,-17.59838],[-45.9879,-17.59748],[-45.98946,-17.59636],[-45.98986,-17.59546],[-45.98929,-17.59424],[-45.98705,-17.59327],[-45.98595,-17.59215],[-45.98614,-17.59132],[-45.98756,-17.59113],[-45.98864,-17.59023],[-45.98964,-17.58639],[-45.98964,-17.58487],[-45.98909,-17.58292],[-45.98909,-17.58195],[-45.99024,-17.5811],[-45.99276,-17.58114],[-45.99463,-17.58206],[-45.99554,-17.58211],[-45.99631,-17.58149],[-45.99686,-17.58017],[-45.99871,-17.5793],[-45.99883,-17.57829],[-45.99958,-17.57754],[-46.00062,-17.57747],[-46.00203,-17.57814],[-46.00299,-17.57938],[-46.00327,-17.58081],[-46.00262,-17.58212],[-46.00286,-17.58251],[-46.00495,-17.58224],[-46.00536,-17.58247],[-46.00646,-17.58473],[-46.0072,-17.58535],[-46.00917,-17.58581],[-46.00922,-17.58625],[-46.01257,-17.589],[-46.01384,-17.59112],[-46.01374,-17.59259],[-46.01415,-17.59552],[-46.01573,-17.59692],[-46.01707,-17.59861],[-46.01752,-17.59957],[-46.01781,-17.6019],[-46.01699,-17.60316],[-46.01692,-17.60411],[-46.01783,-17.60524],[-46.01818,-17.60623],[-46.01797,-17.60715],[-46.01684,-17.60832],[-46.01628,-17.60972],[-46.01626,-17.61069],[-46.01676,-17.6115],[-46.01873,-17.61191],[-46.02005,-17.61132],[-46.02154,-17.61008],[-46.02353,-17.61038],[-46.02439,-17.61176],[-46.02441,-17.61323],[-46.02362,-17.61443],[-46.02276,-17.61491],[-46.01812,-17.61537],[-46.018,-17.61746],[-46.01891,-17.61935],[-46.02068,-17.62191],[-46.02221,-17.62322],[-46.02259,-17.62799],[-46.02136,-17.63013],[-46.01944,-17.63118],[-46.01672,-17.63238],[-46.01487,-17.63479],[-46.01314,-17.63677],[-46.01241,-17.64047],[-46.01342,-17.64294],[-46.01404,-17.64361],[-46.01728,-17.64559],[-46.01747,-17.64649],[-46.01687,-17.64729],[-46.0143,-17.64886],[-46.01446,-17.65028],[-46.01587,-17.65289],[-46.01681,-17.65319],[-46.01832,-17.65317],[-46.01885,-17.6545],[-46.01793,-17.65568],[-46.01767,-17.65664],[-46.01762,-17.65927],[-46.01675,-17.66152],[-46.01677,-17.66258],[-46.01737,-17.66329],[-46.01999,-17.66346],[-46.02238,-17.66613],[-46.0243,-17.66699],[-46.02814,-17.66978],[-46.0297,-17.67033],[-46.03273,-17.67034],[-46.03386,-17.67002],[-46.03693,-17.66975],[-46.03823,-17.66919],[-46.03924,-17.66719],[-46.03955,-17.66609],[-46.03958,-17.66342],[-46.0392,-17.66139],[-46.03894,-17.65635],[-46.03904,-17.6537],[-46.04003,-17.65251],[-46.04181,-17.65131],[-46.04347,-17.65092],[-46.04587,-17.65109],[-46.04683,-17.65077],[-46.04978,-17.64806],[-46.05245,-17.64633],[-46.05457,-17.64521],[-46.05673,-17.64286],[-46.05882,-17.64141],[-46.06058,-17.64075],[-46.06442,-17.63997],[-46.06833,-17.63975],[-46.07133,-17.64],[-46.07383,-17.64088],[-46.07724,-17.64125],[-46.08021,-17.64188],[-46.08177,-17.64174],[-46.08475,-17.64188],[-46.08653,-17.64258],[-46.08802,-17.64244],[-46.08891,-17.6417],[-46.08958,-17.63936],[-46.08946,-17.63625],[-46.08889,-17.63427],[-46.08856,-17.63213],[-46.08888,-17.63158],[-46.08771,-17.6285],[-46.08747,-17.62673],[-46.0879,-17.62569],[-46.09092,-17.61981],[-46.0912,-17.61906],[-46.09109,-17.6126],[-46.09088,-17.60521],[-46.08984,-17.60446],[-46.08973,-17.60018],[-46.08904,-17.59548],[-46.08901,-17.59433],[-46.08845,-17.58846],[-46.08847,-17.58728],[-46.08934,-17.58386],[-46.08965,-17.58112],[-46.09014,-17.57928],[-46.09088,-17.57803],[-46.09197,-17.57454],[-46.09267,-17.57315],[-46.09339,-17.57042],[-46.09462,-17.56657],[-46.09553,-17.56473],[-46.0965,-17.56199],[-46.09796,-17.55898],[-46.09869,-17.55458],[-46.0991,-17.55118],[-46.09953,-17.5503],[-46.09999,-17.54715],[-46.10084,-17.54321],[-46.10149,-17.54103],[-46.10171,-17.53815],[-46.1015,-17.53539],[-46.10056,-17.53286],[-46.09994,-17.53173],[-46.09845,-17.53014],[-46.09634,-17.52894],[-46.0938,-17.52652],[-46.09289,-17.52486],[-46.09249,-17.52281],[-46.09237,-17.52104],[-46.09278,-17.51915],[-46.09379,-17.51765],[-46.09579,-17.51374],[-46.09658,-17.5128],[-46.09946,-17.51089],[-46.1009,-17.50977],[-46.10316,-17.50843],[-46.10669,-17.50673],[-46.11072,-17.50637],[-46.11305,-17.50649],[-46.12135,-17.50647],[-46.12384,-17.50627],[-46.12471,-17.50576],[-46.12596,-17.5036],[-46.1262,-17.50071],[-46.12664,-17.49844],[-46.12749,-17.4972],[-46.12854,-17.49487],[-46.12967,-17.49118],[-46.13045,-17.48817],[-46.13109,-17.48644],[-46.13229,-17.48178],[-46.13556,-17.47431],[-46.13686,-17.47155],[-46.13602,-17.47026],[-46.13651,-17.46888],[-46.13833,-17.46721],[-46.14,-17.46709],[-46.14196,-17.46499],[-46.14226,-17.46363],[-46.14291,-17.46296],[-46.14362,-17.46121],[-46.14522,-17.45996],[-46.14814,-17.45999],[-46.14855,-17.45904],[-46.14995,-17.45777],[-46.15033,-17.45577],[-46.15219,-17.45436],[-46.15156,-17.45307],[-46.15163,-17.45217],[-46.15099,-17.44944],[-46.15148,-17.44727],[-46.15134,-17.44638],[-46.15011,-17.44537],[-46.15044,-17.44399],[-46.14978,-17.44319],[-46.1491,-17.44135],[-46.14819,-17.4408],[-46.14893,-17.43912],[-46.14887,-17.43808],[-46.14784,-17.4371],[-46.14778,-17.4356],[-46.14722,-17.43416],[-46.14743,-17.43328],[-46.14627,-17.43096],[-46.14517,-17.43018],[-46.14425,-17.43012],[-46.14403,-17.42922],[-46.14326,-17.42865],[-46.14323,-17.42725],[-46.1426,-17.42599],[-46.14041,-17.42411],[-46.13969,-17.42234],[-46.13855,-17.4211],[-46.13848,-17.42016],[-46.13622,-17.41911],[-46.1366,-17.41826],[-46.13753,-17.41814],[-46.1381,-17.4174],[-46.13762,-17.41609],[-46.13627,-17.41568],[-46.13557,-17.41465],[-46.13709,-17.41227],[-46.13682,-17.41032],[-46.13581,-17.40927],[-46.13537,-17.40791],[-46.135,-17.40487],[-46.13599,-17.40301],[-46.139,-17.40092],[-46.13942,-17.39892],[-46.14,-17.39818],[-46.13999,-17.39657],[-46.14089,-17.39558],[-46.14101,-17.39408],[-46.13982,-17.39222],[-46.14054,-17.39086],[-46.1406,-17.38948],[-46.14107,-17.3884],[-46.14023,-17.38656],[-46.13938,-17.38596],[-46.13864,-17.3862],[-46.13809,-17.38537],[-46.13815,-17.38388],[-46.13738,-17.38321],[-46.1378,-17.3807],[-46.13871,-17.38019],[-46.13925,-17.37879],[-46.14138,-17.37802],[-46.14236,-17.3764],[-46.14374,-17.3761],[-46.14529,-17.37402],[-46.14633,-17.37105],[-46.14716,-17.36989],[-46.14747,-17.36782],[-46.14771,-17.36335],[-46.14709,-17.36062],[-46.14635,-17.35977],[-46.14649,-17.3588],[-46.14718,-17.35816],[-46.1489,-17.3579],[-46.15043,-17.35736],[-46.15115,-17.3568],[-46.15258,-17.35664],[-46.15435,-17.35573],[-46.15529,-17.356],[-46.15598,-17.35531],[-46.15688,-17.35365],[-46.15669,-17.35261],[-46.15592,-17.35218],[-46.15645,-17.34939],[-46.15724,-17.34886],[-46.15833,-17.34665],[-46.15796,-17.34405],[-46.15879,-17.34273],[-46.15968,-17.34234],[-46.15928,-17.34059],[-46.15905,-17.33783],[-46.15906,-17.3347],[-46.15987,-17.33263],[-46.16004,-17.32885],[-46.16063,-17.32802],[-46.16161,-17.32769],[-46.16242,-17.32684],[-46.16311,-17.32529],[-46.16404,-17.32391],[-46.1642,-17.3229],[-46.16343,-17.32129],[-46.16473,-17.31914],[-46.16513,-17.31776],[-46.1688,-17.31344],[-46.16982,-17.31199],[-46.17018,-17.311],[-46.17017,-17.30955],[-46.16942,-17.30822],[-46.16942,-17.30713],[-46.17034,-17.30591],[-46.17128,-17.3062],[-46.17274,-17.30555],[-46.17333,-17.30488],[-46.1738,-17.30293],[-46.17377,-17.30198],[-46.17463,-17.30025],[-46.17582,-17.29926],[-46.17826,-17.29918],[-46.17924,-17.29816],[-46.17944,-17.29581],[-46.18005,-17.29374],[-46.17985,-17.29285],[-46.17901,-17.29038],[-46.17797,-17.28988],[-46.17662,-17.2877],[-46.17573,-17.28736],[-46.17348,-17.28719],[-46.17304,-17.28586],[-46.17308,-17.28408],[-46.17514,-17.28368],[-46.17681,-17.28266],[-46.1786,-17.28072],[-46.17834,-17.27686],[-46.17874,-17.27594],[-46.18125,-17.2753],[-46.18221,-17.27534],[-46.18503,-17.27434],[-46.18661,-17.27355],[-46.18936,-17.27266],[-46.18892,-17.2714],[-46.1892,-17.27064],[-46.19121,-17.2704],[-46.19208,-17.27097],[-46.19185,-17.27235],[-46.19242,-17.2729],[-46.19436,-17.2719],[-46.19584,-17.27144],[-46.1972,-17.26998],[-46.19909,-17.27013],[-46.20057,-17.26824],[-46.20051,-17.26727],[-46.19893,-17.2668],[-46.19719,-17.26388],[-46.1969,-17.26296],[-46.19716,-17.26204],[-46.19802,-17.26172],[-46.19844,-17.26086],[-46.19846,-17.25971],[-46.19793,-17.259],[-46.19645,-17.25926],[-46.19415,-17.25867],[-46.19401,-17.25667],[-46.19399,-17.2512],[-46.19453,-17.24986],[-46.19544,-17.24937],[-46.19548,-17.24841],[-46.19349,-17.24786],[-46.19166,-17.24543],[-46.19141,-17.24444],[-46.19352,-17.24004],[-46.19591,-17.2383],[-46.19557,-17.2372],[-46.19616,-17.23623],[-46.19853,-17.23617],[-46.19922,-17.23559],[-46.19926,-17.23368],[-46.20195,-17.23137],[-46.2019,-17.23034],[-46.20297,-17.22888],[-46.20411,-17.22812],[-46.20384,-17.22674],[-46.20264,-17.22522],[-46.20265,-17.22366],[-46.20441,-17.22048],[-46.20496,-17.21992],[-46.20658,-17.2195],[-46.20684,-17.21911],[-46.20384,-17.21719],[-46.20299,-17.21531],[-46.20265,-17.21282],[-46.2001,-17.21233],[-46.19919,-17.21088],[-46.19961,-17.20904],[-46.19946,-17.20801],[-46.19876,-17.20651],[-46.19894,-17.20499],[-46.19987,-17.20476],[-46.20136,-17.20498],[-46.20159,-17.19916],[-46.20202,-17.19817],[-46.20343,-17.19869],[-46.20396,-17.198],[-46.20385,-17.19685],[-46.20756,-17.19568],[-46.2106,-17.19566],[-46.21321,-17.19657],[-46.21655,-17.19936],[-46.21922,-17.20057],[-46.22124,-17.20226],[-46.22268,-17.20235],[-46.22388,-17.20328],[-46.22601,-17.20452],[-46.22853,-17.20501],[-46.22932,-17.20551],[-46.23114,-17.20557],[-46.23318,-17.20609],[-46.23426,-17.20593],[-46.2362,-17.2064],[-46.23759,-17.20704],[-46.24122,-17.20992],[-46.24323,-17.21016],[-46.24657,-17.21095],[-46.24894,-17.21124],[-46.25048,-17.21247],[-46.25171,-17.21456],[-46.25203,-17.21644],[-46.25166,-17.21948],[-46.25235,-17.22196],[-46.25398,-17.22313],[-46.25518,-17.22312],[-46.2568,-17.22231],[-46.25947,-17.21956],[-46.26371,-17.21555],[-46.265,-17.21458],[-46.26542,-17.21373],[-46.26806,-17.21045],[-46.27235,-17.20766],[-46.27658,-17.20525],[-46.27981,-17.20459],[-46.28301,-17.2043],[-46.28575,-17.20347],[-46.28617,-17.20389],[-46.28818,-17.20454],[-46.29197,-17.20547],[-46.29374,-17.20537],[-46.29542,-17.20609],[-46.30045,-17.20984],[-46.30121,-17.21],[-46.30333,-17.21104],[-46.30767,-17.21256],[-46.31028,-17.21246],[-46.31362,-17.21021],[-46.31799,-17.20452],[-46.31952,-17.20376],[-46.32174,-17.20328],[-46.32466,-17.20308],[-46.32597,-17.20243],[-46.32828,-17.20072],[-46.329,-17.19963],[-46.3315,-17.19463],[-46.33378,-17.19158],[-46.33579,-17.18747],[-46.33684,-17.18562],[-46.33912,-17.18292],[-46.342,-17.18079],[-46.34362,-17.17995],[-46.34468,-17.1799],[-46.34826,-17.17893],[-46.35096,-17.17807],[-46.35259,-17.17803],[-46.35393,-17.17858],[-46.35561,-17.17961],[-46.35923,-17.18419],[-46.35989,-17.18584],[-46.35996,-17.18922],[-46.36025,-17.1912],[-46.36094,-17.19391],[-46.36183,-17.19864],[-46.36186,-17.20352],[-46.36221,-17.20534],[-46.36191,-17.20695],[-46.3612,-17.20893],[-46.36028,-17.21082],[-46.35953,-17.21338],[-46.35951,-17.2187],[-46.35968,-17.21916],[-46.36105,-17.21959],[-46.36226,-17.2185],[-46.36286,-17.21739],[-46.36376,-17.21656],[-46.36509,-17.21452],[-46.36595,-17.21406],[-46.36703,-17.21428],[-46.36783,-17.21573],[-46.36784,-17.21883],[-46.36726,-17.22043],[-46.36694,-17.22328],[-46.36815,-17.22523],[-46.36923,-17.22561],[-46.37167,-17.22606],[-46.37677,-17.22622],[-46.3807,-17.22688],[-46.38427,-17.22682],[-46.38527,-17.22663],[-46.38788,-17.22546],[-46.39167,-17.22406],[-46.39327,-17.22315],[-46.39513,-17.2225],[-46.39725,-17.22336],[-46.39852,-17.22423],[-46.40143,-17.22547],[-46.40277,-17.22623],[-46.40419,-17.22776],[-46.40442,-17.22992],[-46.40414,-17.23123],[-46.40308,-17.23269],[-46.40184,-17.23359],[-46.39973,-17.23363],[-46.39797,-17.23242],[-46.39736,-17.23031],[-46.39764,-17.22803],[-46.39746,-17.22734],[-46.39626,-17.22617],[-46.39468,-17.22588],[-46.39307,-17.2261],[-46.39193,-17.22721],[-46.39038,-17.23127],[-46.38957,-17.23274],[-46.38759,-17.23368],[-46.38525,-17.23516],[-46.38321,-17.23736],[-46.38214,-17.23877],[-46.38059,-17.23972],[-46.37859,-17.24134],[-46.37842,-17.24176],[-46.37626,-17.24391],[-46.37598,-17.2458],[-46.37816,-17.24859],[-46.37946,-17.2499],[-46.38114,-17.25095],[-46.38365,-17.25102],[-46.38688,-17.25052],[-46.38786,-17.25015],[-46.39006,-17.25014],[-46.3919,-17.24941],[-46.39252,-17.24853],[-46.39268,-17.24697],[-46.39102,-17.24578],[-46.38798,-17.24539],[-46.38647,-17.24553],[-46.38532,-17.2451],[-46.38411,-17.24405],[-46.38379,-17.24251],[-46.384,-17.24101],[-46.38581,-17.23965],[-46.38732,-17.23927],[-46.38971,-17.23923],[-46.39127,-17.23945],[-46.39218,-17.24005],[-46.39469,-17.24302],[-46.39619,-17.24534],[-46.3968,-17.24757],[-46.39678,-17.24853],[-46.39594,-17.25077],[-46.39394,-17.25274],[-46.39212,-17.25397],[-46.39106,-17.25602],[-46.39195,-17.25707],[-46.39691,-17.25746],[-46.4001,-17.2585],[-46.40169,-17.25971],[-46.40319,-17.26168],[-46.40418,-17.26333],[-46.40632,-17.2649],[-46.40726,-17.26499],[-46.40931,-17.26397],[-46.41092,-17.26126],[-46.41197,-17.26018],[-46.41234,-17.25868],[-46.41091,-17.25551],[-46.41073,-17.25059],[-46.41142,-17.24937],[-46.4124,-17.24892],[-46.41817,-17.24894],[-46.41922,-17.24939],[-46.42106,-17.25163],[-46.42133,-17.2526],[-46.42144,-17.25481],[-46.42012,-17.25794],[-46.42015,-17.25939],[-46.42167,-17.26113],[-46.4223,-17.26237],[-46.42415,-17.2636],[-46.42667,-17.26478],[-46.42891,-17.26551],[-46.43094,-17.26515],[-46.43344,-17.26371],[-46.43442,-17.26292],[-46.43572,-17.26082],[-46.43525,-17.25431],[-46.43663,-17.25255],[-46.43823,-17.25218],[-46.43945,-17.25224],[-46.44346,-17.25329],[-46.44597,-17.25326],[-46.44993,-17.2542],[-46.45158,-17.25421],[-46.4534,-17.25385],[-46.45586,-17.25391],[-46.4579,-17.2536],[-46.45981,-17.25296],[-46.46244,-17.2529],[-46.46472,-17.25326],[-46.46817,-17.25353],[-46.47109,-17.25437],[-46.47256,-17.25519],[-46.47481,-17.25791],[-46.47768,-17.26114],[-46.47947,-17.26407],[-46.48007,-17.2648],[-46.48241,-17.26633],[-46.48397,-17.26779],[-46.48437,-17.2694],[-46.48405,-17.27223],[-46.4829,-17.27583],[-46.48202,-17.27712],[-46.48045,-17.2775],[-46.47969,-17.27569],[-46.47941,-17.27286],[-46.47973,-17.27145],[-46.47983,-17.26851],[-46.47927,-17.26711],[-46.47756,-17.26585],[-46.47457,-17.26504],[-46.47312,-17.26429],[-46.47154,-17.26304],[-46.47063,-17.26293],[-46.47044,-17.26392],[-46.47134,-17.26545],[-46.4714,-17.26725],[-46.47073,-17.26815],[-46.47,-17.26986],[-46.46848,-17.27141],[-46.46695,-17.27208],[-46.46391,-17.27224],[-46.46086,-17.27385],[-46.46003,-17.2753],[-46.45997,-17.27719],[-46.46177,-17.27835],[-46.46576,-17.28024],[-46.46848,-17.28257],[-46.46958,-17.28537],[-46.4704,-17.28704],[-46.47257,-17.28931],[-46.47452,-17.28996],[-46.48019,-17.28988],[-46.48272,-17.29101],[-46.48602,-17.29106],[-46.48859,-17.29183],[-46.49146,-17.29443],[-46.49458,-17.29888],[-46.49473,-17.30055],[-46.4939,-17.30104],[-46.49222,-17.30126],[-46.48798,-17.3012],[-46.48503,-17.30045],[-46.48381,-17.30051],[-46.48351,-17.30143],[-46.48409,-17.30297],[-46.48418,-17.30582],[-46.48348,-17.30773],[-46.48352,-17.31079],[-46.48435,-17.31254],[-46.48596,-17.31411],[-46.48686,-17.31544],[-46.48646,-17.31634],[-46.4855,-17.31688],[-46.484,-17.31716],[-46.48303,-17.31676],[-46.48137,-17.31513],[-46.48038,-17.31353],[-46.48014,-17.31082],[-46.47784,-17.31055],[-46.4756,-17.31144],[-46.47176,-17.31114],[-46.46881,-17.31075],[-46.46769,-17.31096],[-46.46664,-17.31203],[-46.46624,-17.31304],[-46.46625,-17.31426],[-46.46761,-17.31694],[-46.46845,-17.3203],[-46.46976,-17.32337],[-46.46984,-17.32466],[-46.47059,-17.32601],[-46.47215,-17.32658],[-46.47381,-17.32641],[-46.47789,-17.32468],[-46.48009,-17.32409],[-46.48307,-17.32219],[-46.48415,-17.32172],[-46.4857,-17.3218],[-46.48751,-17.32278],[-46.48888,-17.32459],[-46.48885,-17.32673],[-46.48764,-17.3286],[-46.48491,-17.33156],[-46.48333,-17.33263],[-46.48104,-17.33372],[-46.47936,-17.33631],[-46.47861,-17.3382],[-46.47919,-17.33919],[-46.48025,-17.33985],[-46.4838,-17.34116],[-46.48553,-17.3423],[-46.48669,-17.34344],[-46.48761,-17.34546],[-46.48758,-17.34694],[-46.48633,-17.35],[-46.48535,-17.35127],[-46.4844,-17.35186],[-46.47919,-17.35433],[-46.4775,-17.35572],[-46.47736,-17.35947],[-46.47847,-17.36091],[-46.47934,-17.36148],[-46.482,-17.36229],[-46.48453,-17.36396],[-46.48569,-17.36547],[-46.48575,-17.36657],[-46.48532,-17.36798],[-46.48473,-17.36872],[-46.48156,-17.37058],[-46.47912,-17.37149],[-46.47814,-17.37209],[-46.4759,-17.37425],[-46.47497,-17.37492],[-46.47295,-17.37712],[-46.47179,-17.37904],[-46.47045,-17.38268],[-46.4702,-17.38441],[-46.47024,-17.38751],[-46.47044,-17.38889],[-46.47113,-17.39119],[-46.47151,-17.39374],[-46.47123,-17.39496],[-46.47026,-17.39704],[-46.46957,-17.39798],[-46.46953,-17.39978],[-46.47045,-17.40118],[-46.47176,-17.4023],[-46.47269,-17.40264],[-46.47588,-17.40262],[-46.47686,-17.4022],[-46.48124,-17.39858],[-46.48306,-17.39751],[-46.48423,-17.3972],[-46.48653,-17.39705],[-46.49157,-17.39856],[-46.49402,-17.39976],[-46.49501,-17.40084],[-46.49567,-17.40224],[-46.49831,-17.4062],[-46.49923,-17.40682],[-46.50039,-17.40841],[-46.50291,-17.41107],[-46.50394,-17.41275],[-46.5057,-17.41508],[-46.50654,-17.41582],[-46.50863,-17.41829],[-46.51011,-17.41861],[-46.51133,-17.41688],[-46.51171,-17.41585],[-46.51419,-17.41302],[-46.5166,-17.41188],[-46.51883,-17.41213],[-46.52048,-17.41355],[-46.52242,-17.41458],[-46.52448,-17.41517],[-46.52652,-17.4153],[-46.52829,-17.41401],[-46.53048,-17.41141],[-46.53222,-17.41071],[-46.53288,-17.41246],[-46.5331,-17.41666],[-46.53404,-17.41799],[-46.53495,-17.41856],[-46.5373,-17.41899],[-46.53847,-17.41899],[-46.54232,-17.41856],[-46.5435,-17.41971],[-46.54353,-17.42093],[-46.5422,-17.42456],[-46.54213,-17.42559],[-46.543,-17.42635],[-46.54503,-17.42708],[-46.54711,-17.42712],[-46.54846,-17.42792],[-46.54865,-17.42966],[-46.54632,-17.4322],[-46.54527,-17.43441],[-46.54464,-17.43841],[-46.5438,-17.4397],[-46.54228,-17.4405],[-46.53941,-17.44127],[-46.53711,-17.44259],[-46.53525,-17.44448],[-46.53482,-17.44533],[-46.53499,-17.44632],[-46.53596,-17.44746],[-46.53787,-17.44757],[-46.54019,-17.4463],[-46.5432,-17.44521],[-46.54528,-17.44523],[-46.54622,-17.44568],[-46.54704,-17.44672],[-46.54855,-17.4497],[-46.5488,-17.45206],[-46.54844,-17.45255],[-46.54639,-17.45368],[-46.54517,-17.45541],[-46.5447,-17.45706],[-46.54471,-17.45888],[-46.54584,-17.46057],[-46.55032,-17.46265],[-46.55228,-17.46338],[-46.55516,-17.46583],[-46.55642,-17.46759],[-46.5587,-17.47168],[-46.56319,-17.47467],[-46.5642,-17.47591],[-46.56461,-17.47699],[-46.56469,-17.47933],[-46.56417,-17.48037],[-46.56305,-17.48168],[-46.56199,-17.4821],[-46.56034,-17.48224],[-46.55795,-17.48273],[-46.55503,-17.48297],[-46.5529,-17.48293],[-46.55101,-17.48316],[-46.5489,-17.48372],[-46.54812,-17.4843],[-46.548,-17.48584],[-46.54889,-17.48726],[-46.55076,-17.48902],[-46.55068,-17.49102],[-46.54982,-17.49344],[-46.54798,-17.49372],[-46.54759,-17.49276],[-46.54703,-17.48915],[-46.54636,-17.48768],[-46.54537,-17.4867],[-46.54434,-17.48686],[-46.54212,-17.48781],[-46.53965,-17.48832],[-46.53417,-17.48852],[-46.53418,-17.48963],[-46.53547,-17.49072],[-46.53985,-17.49041],[-46.54086,-17.49046],[-46.54223,-17.49181],[-46.54293,-17.49321],[-46.54346,-17.49518],[-46.54323,-17.49713],[-46.54115,-17.49877],[-46.53914,-17.49901],[-46.53874,-17.49499],[-46.53761,-17.49315],[-46.53663,-17.49332],[-46.53525,-17.49507],[-46.534,-17.49604],[-46.53226,-17.49689],[-46.53102,-17.49807],[-46.52839,-17.49948],[-46.5277,-17.50053],[-46.52815,-17.50179],[-46.53077,-17.50403],[-46.53104,-17.50495],[-46.53073,-17.50629],[-46.52984,-17.50671],[-46.52852,-17.50631],[-46.52794,-17.50443],[-46.5257,-17.50331],[-46.52431,-17.50347],[-46.52399,-17.5049],[-46.52524,-17.5081],[-46.52519,-17.51001],[-46.52408,-17.51106],[-46.52178,-17.51109],[-46.51987,-17.51164],[-46.51871,-17.51269],[-46.51839,-17.51428],[-46.51855,-17.5192],[-46.51834,-17.52114],[-46.51691,-17.52159],[-46.51532,-17.52143],[-46.51312,-17.51998],[-46.51127,-17.51734],[-46.5101,-17.51627],[-46.50914,-17.51626],[-46.50851,-17.51719],[-46.50763,-17.51954],[-46.5072,-17.52141],[-46.50526,-17.52576],[-46.50401,-17.5272],[-46.50245,-17.5269],[-46.50121,-17.52549],[-46.50025,-17.52548],[-46.49652,-17.52676],[-46.49609,-17.52757],[-46.49419,-17.52925],[-46.49225,-17.52976],[-46.49131,-17.52939],[-46.48906,-17.52801],[-46.48807,-17.5282],[-46.48728,-17.53011],[-46.48618,-17.53165],[-46.48515,-17.53179],[-46.48361,-17.53145],[-46.4821,-17.53145],[-46.48141,-17.53255],[-46.48218,-17.5337],[-46.48515,-17.53527],[-46.48607,-17.53679],[-46.4847,-17.53826],[-46.4822,-17.53888],[-46.48055,-17.53987],[-46.48005,-17.54114],[-46.48043,-17.54383],[-46.48178,-17.54613],[-46.48166,-17.54874],[-46.48118,-17.54963],[-46.48017,-17.54998],[-46.47866,-17.54993],[-46.47557,-17.54844],[-46.4753,-17.54796],[-46.47343,-17.54718],[-46.47218,-17.5481],[-46.47151,-17.55049],[-46.46974,-17.55316],[-46.46806,-17.5531],[-46.4654,-17.55183],[-46.46343,-17.5511],[-46.45899,-17.55154],[-46.45827,-17.55211],[-46.45743,-17.55345],[-46.4575,-17.55458],[-46.45846,-17.55577],[-46.46108,-17.5572],[-46.4625,-17.55738],[-46.46509,-17.55729],[-46.46869,-17.55825],[-46.4703,-17.55929],[-46.47049,-17.56071],[-46.46994,-17.56154],[-46.46833,-17.56159],[-46.46475,-17.56003],[-46.46269,-17.56],[-46.46183,-17.5612],[-46.46125,-17.56355],[-46.46087,-17.56601],[-46.46032,-17.56781],[-46.45977,-17.57066],[-46.45927,-17.57218],[-46.45843,-17.57361],[-46.45685,-17.57495],[-46.45543,-17.57486],[-46.45471,-17.57428],[-46.45428,-17.57251],[-46.45418,-17.57104],[-46.45336,-17.56959],[-46.45168,-17.56862],[-46.44628,-17.56814],[-46.44532,-17.56819],[-46.44484,-17.56902],[-46.44494,-17.5713],[-46.4431,-17.5747],[-46.44156,-17.57668],[-46.44108,-17.57855],[-46.43991,-17.57954],[-46.43799,-17.58046],[-46.43616,-17.58092],[-46.43557,-17.58207],[-46.43727,-17.58308],[-46.4384,-17.58465],[-46.43833,-17.58557],[-46.4361,-17.58668],[-46.43418,-17.587],[-46.43303,-17.58778],[-46.43199,-17.58937],[-46.43137,-17.5922],[-46.43137,-17.59363],[-46.43056,-17.59487],[-46.42969,-17.59543],[-46.42809,-17.59547],[-46.42672,-17.59462],[-46.42528,-17.59419],[-46.42232,-17.59389],[-46.42009,-17.59269],[-46.42002,-17.59117],[-46.42045,-17.5903],[-46.42215,-17.58922],[-46.42511,-17.58836],[-46.42647,-17.58631],[-46.42647,-17.58496],[-46.42573,-17.58314],[-46.42465,-17.58162],[-46.42277,-17.58109],[-46.42201,-17.58162],[-46.42177,-17.58249],[-46.42254,-17.58314],[-46.42364,-17.58528],[-46.4235,-17.58627],[-46.42261,-17.58673],[-46.41908,-17.58639],[-46.41675,-17.58657],[-46.41625,-17.58738],[-46.41628,-17.59019],[-46.4158,-17.59154],[-46.41467,-17.59283],[-46.414,-17.59481],[-46.41409,-17.59642],[-46.41652,-17.60036],[-46.41707,-17.60174],[-46.41724,-17.60324],[-46.41659,-17.60469],[-46.41595,-17.60538],[-46.41458,-17.60556],[-46.41371,-17.60494],[-46.41242,-17.60335],[-46.41043,-17.60264],[-46.40634,-17.60216],[-46.405,-17.60078],[-46.40476,-17.59887],[-46.40406,-17.59719],[-46.40301,-17.5959],[-46.40125,-17.59523],[-46.40051,-17.59574],[-46.40013,-17.59666],[-46.40013,-17.59816],[-46.39977,-17.59968],[-46.40003,-17.6011],[-46.40159,-17.60276],[-46.4014,-17.60366],[-46.39857,-17.6058],[-46.39634,-17.60723],[-46.396,-17.60932],[-46.39869,-17.61388],[-46.39886,-17.61574],[-46.39817,-17.61694],[-46.39706,-17.61784],[-46.39567,-17.61816],[-46.39442,-17.61726],[-46.39387,-17.61524],[-46.39255,-17.6131],[-46.38986,-17.6111],[-46.38832,-17.61048],[-46.38463,-17.61022],[-46.38314,-17.61062],[-46.38146,-17.61174],[-46.38091,-17.61312],[-46.38156,-17.61579],[-46.38316,-17.61879],[-46.38321,-17.62024],[-46.38084,-17.62143],[-46.37877,-17.62187],[-46.37565,-17.62286],[-46.37421,-17.62348],[-46.37328,-17.62454],[-46.37258,-17.62643],[-46.37273,-17.6279],[-46.37474,-17.62961],[-46.37578,-17.63002],[-46.37743,-17.63126],[-46.37834,-17.63232],[-46.37839,-17.63451],[-46.37734,-17.63578],[-46.37448,-17.6367],[-46.37218,-17.63707],[-46.37088,-17.6378],[-46.36937,-17.63928],[-46.36781,-17.64144],[-46.36694,-17.64351],[-46.36512,-17.64729],[-46.36431,-17.64798],[-46.36347,-17.6495],[-46.36191,-17.65171],[-46.36037,-17.65323],[-46.3585,-17.65468],[-46.35576,-17.6582],[-46.35475,-17.66004],[-46.35389,-17.66232],[-46.35394,-17.6652],[-46.35473,-17.66895],[-46.35591,-17.67054],[-46.35951,-17.673],[-46.36143,-17.67595],[-46.36158,-17.67811],[-46.3604,-17.68041],[-46.35687,-17.68449],[-46.35622,-17.68647],[-46.35651,-17.68828],[-46.35814,-17.68953],[-46.3634,-17.69164],[-46.36357,-17.693],[-46.36122,-17.69429],[-46.35795,-17.69708],[-46.35541,-17.70009],[-46.35363,-17.7018],[-46.35075,-17.70389],[-46.34797,-17.70555],[-46.34641,-17.70684],[-46.34456,-17.70992],[-46.34415,-17.71354],[-46.34372,-17.71464],[-46.3423,-17.71549],[-46.33827,-17.7151],[-46.33435,-17.7151],[-46.33176,-17.71566],[-46.3307,-17.71649],[-46.32739,-17.71794],[-46.32239,-17.71934],[-46.32083,-17.72031],[-46.3202,-17.72102],[-46.32004,-17.72284],[-46.32102,-17.72337],[-46.32263,-17.7233],[-46.32424,-17.72275],[-46.32643,-17.72162],[-46.32806,-17.72171],[-46.32919,-17.72263],[-46.33063,-17.72459],[-46.33128,-17.72599],[-46.33135,-17.72968],[-46.33154,-17.73218],[-46.33063,-17.73451],[-46.32928,-17.736],[-46.3284,-17.73676],[-46.32688,-17.73755],[-46.32532,-17.73755],[-46.32393,-17.73658],[-46.32119,-17.73421],[-46.32049,-17.73299],[-46.31953,-17.72979],[-46.31888,-17.72885],[-46.31773,-17.72795],[-46.31615,-17.72749],[-46.31511,-17.7277],[-46.31406,-17.72853],[-46.31252,-17.7309],[-46.31175,-17.73479],[-46.31165,-17.7364],[-46.31108,-17.73789],[-46.30988,-17.73957],[-46.30961,-17.74107],[-46.31021,-17.74252],[-46.31055,-17.7442],[-46.3106,-17.74853],[-46.31235,-17.75164],[-46.31274,-17.75203],[-46.31639,-17.75295],[-46.31701,-17.75382],[-46.31946,-17.75516],[-46.32126,-17.75686],[-46.32179,-17.75693],[-46.32407,-17.75905],[-46.32525,-17.75974],[-46.32684,-17.76116],[-46.32785,-17.76245],[-46.32948,-17.76393],[-46.32938,-17.76496],[-46.32876,-17.76584],[-46.32612,-17.76766],[-46.3248,-17.76904],[-46.32186,-17.77079],[-46.32117,-17.77161],[-46.31973,-17.77254],[-46.31896,-17.77415],[-46.31865,-17.77597],[-46.31776,-17.77792],[-46.31701,-17.7788],[-46.31382,-17.78078],[-46.31216,-17.78202],[-46.31072,-17.78356],[-46.30827,-17.78554],[-46.30755,-17.78651],[-46.30661,-17.78706],[-46.30586,-17.78996],[-46.30572,-17.79192],[-46.30512,-17.79385],[-46.30385,-17.79606],[-46.30248,-17.79887],[-46.30192,-17.80115],[-46.3019,-17.80225],[-46.30231,-17.80329],[-46.30466,-17.80589],[-46.30711,-17.80695],[-46.30836,-17.80828],[-46.30846,-17.81033],[-46.3074,-17.81045],[-46.3051,-17.80923],[-46.30349,-17.80791],[-46.30245,-17.80739],[-46.3006,-17.80734],[-46.29962,-17.80791],[-46.29916,-17.80946],[-46.29976,-17.8125],[-46.29976,-17.81434],[-46.29899,-17.81765],[-46.29882,-17.81952],[-46.29815,-17.82226],[-46.29697,-17.824],[-46.29589,-17.82518],[-46.29488,-17.8272],[-46.29469,-17.82858],[-46.29625,-17.83266],[-46.29613,-17.83416],[-46.29411,-17.83805],[-46.29329,-17.84152],[-46.29301,-17.84424],[-46.29248,-17.84573],[-46.2895,-17.84686],[-46.28772,-17.84833],[-46.28704,-17.8493],[-46.28676,-17.85262],[-46.28748,-17.85425],[-46.28769,-17.85683],[-46.28757,-17.85846],[-46.28649,-17.86051],[-46.28329,-17.86357],[-46.28221,-17.86394],[-46.27897,-17.86626],[-46.27736,-17.867],[-46.27526,-17.86893],[-46.27474,-17.86983],[-46.27418,-17.87229],[-46.27442,-17.87444],[-46.27377,-17.87533],[-46.27118,-17.8766],[-46.27,-17.87747],[-46.26911,-17.87867],[-46.26832,-17.88072],[-46.26812,-17.88187],[-46.26834,-17.88509],[-46.268,-17.8867],[-46.26601,-17.88946],[-46.26413,-17.89096],[-46.2629,-17.89165],[-46.2623,-17.89248],[-46.26228,-17.89347],[-46.26305,-17.8943],[-46.26723,-17.89464],[-46.26867,-17.89527],[-46.26889,-17.89637],[-46.26408,-17.89989],[-46.26355,-17.90088],[-46.26326,-17.90247],[-46.26406,-17.90477],[-46.26617,-17.9056],[-46.26684,-17.90636],[-46.26744,-17.90977],[-46.26699,-17.91103],[-46.26417,-17.91168],[-46.26314,-17.91244],[-46.26054,-17.91354],[-46.25999,-17.91432],[-46.25992,-17.91605],[-46.26367,-17.91824],[-46.26372,-17.91877],[-46.26268,-17.92082],[-46.26261,-17.92279],[-46.26335,-17.92401],[-46.26634,-17.9256],[-46.26773,-17.92722],[-46.26773,-17.92942],[-46.26662,-17.93299],[-46.26819,-17.93426],[-46.26843,-17.93546],[-46.26835,-17.93737],[-46.26802,-17.93866],[-46.26804,-17.94036],[-46.26838,-17.94068],[-46.27268,-17.9411],[-46.27417,-17.94163],[-46.27489,-17.94291],[-46.27456,-17.94377],[-46.27126,-17.94561],[-46.27085,-17.94706],[-46.27138,-17.94814],[-46.27275,-17.94982],[-46.27263,-17.95168],[-46.27189,-17.95279],[-46.26946,-17.95463],[-46.26955,-17.95509],[-46.27323,-17.95723],[-46.27427,-17.95829],[-46.2741,-17.95999],[-46.27237,-17.96236],[-46.27208,-17.96487],[-46.27032,-17.96662],[-46.26919,-17.96805],[-46.2677,-17.97042],[-46.2671,-17.97233],[-46.26727,-17.9733],[-46.26808,-17.9747],[-46.26726,-17.97806],[-46.26698,-17.98287],[-46.26613,-17.98566],[-46.26455,-17.98711],[-46.26394,-17.9887],[-46.26385,-17.99074],[-46.26438,-17.99196],[-46.26531,-17.99321],[-46.26695,-17.99484],[-46.26748,-17.99569],[-46.26714,-17.99721],[-46.26613,-17.99896],[-46.26569,-18.00062],[-46.2644,-18.00334],[-46.26431,-18.00442],[-46.26528,-18.00558],[-46.26682,-18.00631],[-46.27047,-18.00692],[-46.27155,-18.00728],[-46.27274,-18.00837],[-46.27329,-18.00977],[-46.27335,-18.01136],[-46.27371,-18.01279],[-46.27486,-18.01532],[-46.27482,-18.01627],[-46.27422,-18.01765],[-46.27238,-18.01846],[-46.27176,-18.0192],[-46.271,-18.02166],[-46.27026,-18.02224],[-46.26882,-18.02245],[-46.26609,-18.02347],[-46.26492,-18.0247],[-46.26399,-18.02645],[-46.26286,-18.03022],[-46.26109,-18.03241],[-46.26082,-18.03593],[-46.2611,-18.0379],[-46.2607,-18.03896],[-46.26057,-18.04188],[-46.26005,-18.04372],[-46.25916,-18.04484],[-46.25682,-18.04658],[-46.25531,-18.04711],[-46.2537,-18.04724],[-46.25116,-18.047],[-46.2494,-18.04648],[-46.24789,-18.04641],[-46.24705,-18.04605],[-46.24472,-18.04673],[-46.24398,-18.0473],[-46.24413,-18.04909],[-46.24618,-18.05028],[-46.24618,-18.0512],[-46.24449,-18.05286],[-46.24368,-18.05394],[-46.24258,-18.05642]]]},"properties":{"codigo":"313630605","name":"João Pinheiro","population":39987,"households":17496,"areaKm2":3983.784,"density":10}},{"type":"Feature","geometry":{"type":"Polygon","coordinates":[[[-46.20511,-16.96252],[-46.20689,-16.96259],[-46.20911,-16.96311],[-46.21096,-16.964],[-46.21201,-16.96423],[-46.21522,-16.96554],[-46.21822,-16.96714],[-46.21992,-16.9678],[-46.22086,-16.96858],[-46.22555,-16.97133],[-46.22853,-16.97372],[-46.23138,-16.97514],[-46.23462,-16.97755],[-46.23551,-16.97805],[-46.23693,-16.98042],[-46.23726,-16.98359],[-46.23611,-16.98706],[-46.23516,-16.98867],[-46.23452,-16.99054],[-46.23349,-16.99174],[-46.23149,-16.99343],[-46.22819,-16.99528],[-46.22678,-16.99639],[-46.22616,-16.99736],[-46.22512,-16.9999],[-46.2236,-17.00209],[-46.22272,-17.00263],[-46.22069,-17.00441],[-46.21814,-17.00578],[-46.21707,-17.00588],[-46.21458,-17.00656],[-46.2114,-17.00675],[-46.21019,-17.00717],[-46.20663,-17.00926],[-46.20394,-17.01135],[-46.20257,-17.01405],[-46.2028,-17.01648],[-46.20481,-17.01723],[-46.20596,-17.01716],[-46.2088,-17.01602],[-46.20997,-17.01643],[-46.21325,-17.01664],[-46.21406,-17.01712],[-46.21575,-17.02019],[-46.21818,-17.02159],[-46.21877,-17.02133],[-46.22181,-17.02115],[-46.22355,-17.02089],[-46.22556,-17.01999],[-46.22663,-17.01996],[-46.22903,-17.02041],[-46.23193,-17.0217],[-46.23349,-17.02197],[-46.23591,-17.02332],[-46.2389,-17.02448],[-46.23979,-17.02532],[-46.23959,-17.02668],[-46.23892,-17.02751],[-46.23735,-17.02858],[-46.23467,-17.02896],[-46.23367,-17.02945],[-46.23211,-17.02955],[-46.23121,-17.02999],[-46.22959,-17.03129],[-46.22902,-17.03276],[-46.22903,-17.03366],[-46.22963,-17.03458],[-46.23121,-17.03574],[-46.2339,-17.03725],[-46.23591,-17.03804],[-46.23852,-17.03815],[-46.23967,-17.03798],[-46.24332,-17.03688],[-46.24469,-17.03678],[-46.25117,-17.03675],[-46.25327,-17.03722],[-46.25431,-17.03839],[-46.25442,-17.04037],[-46.25373,-17.04101],[-46.25227,-17.04148],[-46.2501,-17.04303],[-46.24805,-17.04362],[-46.2464,-17.04384],[-46.24428,-17.045],[-46.2434,-17.04622],[-46.24314,-17.04779],[-46.24353,-17.04838],[-46.24511,-17.04897],[-46.24719,-17.04896],[-46.24822,-17.04854],[-46.25046,-17.04683],[-46.25253,-17.04597],[-46.25445,-17.04589],[-46.25557,-17.04623],[-46.25642,-17.0476],[-46.25654,-17.05209],[-46.25722,-17.05443],[-46.25819,-17.05648],[-46.2591,-17.05783],[-46.26278,-17.06057],[-46.26651,-17.06449],[-46.26913,-17.06668],[-46.27302,-17.0689],[-46.27604,-17.06991],[-46.2783,-17.07214],[-46.27873,-17.07303],[-46.27898,-17.07512],[-46.27865,-17.07623],[-46.27773,-17.07789],[-46.27481,-17.08255],[-46.27337,-17.08537],[-46.27262,-17.08776],[-46.27218,-17.08995],[-46.27152,-17.09189],[-46.27153,-17.09375],[-46.27211,-17.09587],[-46.27184,-17.09909],[-46.27269,-17.1009],[-46.27416,-17.10214],[-46.27724,-17.10539],[-46.28221,-17.10893],[-46.2837,-17.11026],[-46.2851,-17.11207],[-46.28546,-17.11303],[-46.28687,-17.11544],[-46.28836,-17.11723],[-46.29058,-17.12037],[-46.29281,-17.12233],[-46.29335,-17.12334],[-46.29363,-17.12652],[-46.29321,-17.12834],[-46.29212,-17.13078],[-46.29043,-17.1316],[-46.28895,-17.13301],[-46.28781,-17.13469],[-46.28725,-17.13626],[-46.28733,-17.14199],[-46.28652,-17.14273],[-46.28534,-17.1426],[-46.28278,-17.14123],[-46.28158,-17.14082],[-46.28043,-17.14087],[-46.27838,-17.14254],[-46.27738,-17.14439],[-46.27703,-17.14593],[-46.27727,-17.1492],[-46.27766,-17.15154],[-46.27864,-17.15552],[-46.27891,-17.16049],[-46.27938,-17.16214],[-46.28205,-17.16903],[-46.28261,-17.17117],[-46.2827,-17.17402],[-46.28124,-17.17817],[-46.28031,-17.18006],[-46.28001,-17.18218],[-46.27993,-17.18747],[-46.28007,-17.1923],[-46.28049,-17.19474],[-46.28163,-17.19733],[-46.28465,-17.20219],[-46.28575,-17.20347],[-46.28301,-17.2043],[-46.27981,-17.20459],[-46.27658,-17.20525],[-46.27235,-17.20766],[-46.26806,-17.21045],[-46.26542,-17.21373],[-46.265,-17.21458],[-46.26371,-17.21555],[-46.25947,-17.21956],[-46.2568,-17.22231],[-46.25518,-17.22312],[-46.25398,-17.22313],[-46.25235,-17.22196],[-46.25166,-17.21948],[-46.25203,-17.21644],[-46.25171,-17.21456],[-46.25048,-17.21247],[-46.24894,-17.21124],[-46.24657,-17.21095],[-46.24323,-17.21016],[-46.24122,-17.20992],[-46.23759,-17.20704],[-46.2362,-17.2064],[-46.23426,-17.20593],[-46.23318,-17.20609],[-46.23114,-17.20557],[-46.22932,-17.20551],[-46.22853,-17.20501],[-46.22601,-17.20452],[-46.22388,-17.20328],[-46.22268,-17.20235],[-46.22124,-17.20226],[-46.21922,-17.20057],[-46.21655,-17.19936],[-46.21321,-17.19657],[-46.2106,-17.19566],[-46.20756,-17.19568],[-46.20385,-17.19685],[-46.20396,-17.198],[-46.20343,-17.19869],[-46.20202,-17.19817],[-46.20159,-17.19916],[-46.20136,-17.20498],[-46.19987,-17.20476],[-46.19894,-17.20499],[-46.19876,-17.20651],[-46.19946,-17.20801],[-46.19961,-17.20904],[-46.19919,-17.21088],[-46.2001,-17.21233],[-46.20265,-17.21282],[-46.20299,-17.21531],[-46.20384,-17.21719],[-46.20684,-17.21911],[-46.20658,-17.2195],[-46.20496,-17.21992],[-46.20441,-17.22048],[-46.20265,-17.22366],[-46.20264,-17.22522],[-46.20384,-17.22674],[-46.20411,-17.22812],[-46.20297,-17.22888],[-46.2019,-17.23034],[-46.20195,-17.23137],[-46.19926,-17.23368],[-46.19922,-17.23559],[-46.19853,-17.23617],[-46.19616,-17.23623],[-46.19557,-17.2372],[-46.19591,-17.2383],[-46.19352,-17.24004],[-46.19141,-17.24444],[-46.19166,-17.24543],[-46.19349,-17.24786],[-46.19548,-17.24841],[-46.19544,-17.24937],[-46.19453,-17.24986],[-46.19399,-17.2512],[-46.19401,-17.25667],[-46.19415,-17.25867],[-46.19645,-17.25926],[-46.19793,-17.259],[-46.19846,-17.25971],[-46.19844,-17.26086],[-46.19802,-17.26172],[-46.19716,-17.26204],[-46.1969,-17.26296],[-46.19719,-17.26388],[-46.19893,-17.2668],[-46.20051,-17.26727],[-46.20057,-17.26824],[-46.19909,-17.27013],[-46.1972,-17.26998],[-46.19584,-17.27144],[-46.19436,-17.2719],[-46.19242,-17.2729],[-46.19185,-17.27235],[-46.19208,-17.27097],[-46.19121,-17.2704],[-46.1892,-17.27064],[-46.18892,-17.2714],[-46.18936,-17.27266],[-46.18661,-17.27355],[-46.18503,-17.27434],[-46.18221,-17.27534],[-46.18125,-17.2753],[-46.17874,-17.27594],[-46.17834,-17.27686],[-46.1786,-17.28072],[-46.17681,-17.28266],[-46.17514,-17.28368],[-46.17308,-17.28408],[-46.17304,-17.28586],[-46.17348,-17.28719],[-46.17573,-17.28736],[-46.17662,-17.2877],[-46.17797,-17.28988],[-46.17901,-17.29038],[-46.17985,-17.29285],[-46.17919,-17.29351],[-46.17633,-17.29546],[-46.17422,-17.29643],[-46.17274,-17.29679],[-46.16985,-17.29816],[-46.16506,-17.30352],[-46.1627,-17.3056],[-46.16119,-17.30623],[-46.1582,-17.30686],[-46.15698,-17.30738],[-46.15387,-17.30755],[-46.15107,-17.3075],[-46.14608,-17.30674],[-46.14378,-17.30608],[-46.14261,-17.30602],[-46.14016,-17.30462],[-46.138,-17.3039],[-46.13697,-17.30379],[-46.13503,-17.30416],[-46.13343,-17.30521],[-46.13159,-17.30577],[-46.12839,-17.3079],[-46.12681,-17.3085],[-46.12485,-17.3089],[-46.12293,-17.30898],[-46.12178,-17.30928],[-46.1197,-17.30925],[-46.11502,-17.30787],[-46.11178,-17.30726],[-46.1103,-17.30671],[-46.10936,-17.30598],[-46.1059,-17.30503],[-46.09963,-17.30526],[-46.09829,-17.30467],[-46.09708,-17.3036],[-46.09584,-17.30303],[-46.09466,-17.30317],[-46.08954,-17.30301],[-46.08808,-17.30384],[-46.08528,-17.30507],[-46.08289,-17.30697],[-46.08168,-17.30882],[-46.0793,-17.31184],[-46.07773,-17.31417],[-46.07458,-17.31699],[-46.07272,-17.31833],[-46.07213,-17.32013],[-46.07413,-17.32332],[-46.07452,-17.32461],[-46.07511,-17.32776],[-46.07497,-17.32921],[-46.07416,-17.32976],[-46.07091,-17.33109],[-46.06938,-17.33225],[-46.06785,-17.33386],[-46.06726,-17.33506],[-46.06732,-17.33686],[-46.06811,-17.33839],[-46.07102,-17.33951],[-46.07203,-17.33974],[-46.07308,-17.34044],[-46.0735,-17.34175],[-46.07347,-17.34553],[-46.07372,-17.34944],[-46.07428,-17.35118],[-46.07435,-17.35496],[-46.07475,-17.35949],[-46.07484,-17.3622],[-46.07552,-17.36464],[-46.07548,-17.36574],[-46.07445,-17.36782],[-46.0741,-17.36941],[-46.07411,-17.37155],[-46.07449,-17.37576],[-46.07481,-17.37702],[-46.07481,-17.38215],[-46.07497,-17.38498],[-46.07447,-17.38713],[-46.07408,-17.39118],[-46.07349,-17.39311],[-46.07254,-17.39463],[-46.07164,-17.39694],[-46.07112,-17.39883],[-46.0695,-17.40061],[-46.06785,-17.40211],[-46.06828,-17.40689],[-46.06968,-17.40928],[-46.07042,-17.41259],[-46.07055,-17.41392],[-46.07125,-17.41618],[-46.07136,-17.41914],[-46.07111,-17.42301],[-46.07,-17.42555],[-46.06936,-17.42656],[-46.06568,-17.42973],[-46.06171,-17.4317],[-46.058,-17.4322],[-46.05622,-17.43193],[-46.05442,-17.43196],[-46.05229,-17.43232],[-46.04987,-17.43106],[-46.04802,-17.43042],[-46.04506,-17.42807],[-46.04292,-17.42736],[-46.03912,-17.42402],[-46.03633,-17.42258],[-46.0341,-17.42208],[-46.03319,-17.42229],[-46.02766,-17.42243],[-46.02571,-17.42168],[-46.02352,-17.41927],[-46.02225,-17.41861],[-46.01985,-17.41802],[-46.01621,-17.4185],[-46.01508,-17.41806],[-46.01497,-17.41717],[-46.0148,-17.41597],[-46.01389,-17.41473],[-46.01374,-17.41358],[-46.01287,-17.41271],[-46.01194,-17.41248],[-46.01136,-17.4118],[-46.01205,-17.41115],[-46.01399,-17.41121],[-46.01389,-17.41027],[-46.01283,-17.40919],[-46.01249,-17.40726],[-46.01438,-17.40576],[-46.01477,-17.40265],[-46.01266,-17.40302],[-46.01166,-17.40291],[-46.0112,-17.40211],[-46.0116,-17.39997],[-46.01161,-17.3985],[-46.01063,-17.39753],[-46.01029,-17.39668],[-46.01091,-17.39601],[-46.01189,-17.3961],[-46.01203,-17.39532],[-46.01006,-17.39477],[-46.01061,-17.39369],[-46.01212,-17.39369],[-46.01245,-17.39311],[-46.01106,-17.39229],[-46.01106,-17.39137],[-46.01214,-17.3915],[-46.01256,-17.39083],[-46.01139,-17.38978],[-46.0109,-17.3889],[-46.00807,-17.38882],[-46.00745,-17.38807],[-46.00613,-17.38869],[-46.00387,-17.38702],[-46.00439,-17.3858],[-46.00288,-17.38357],[-46.00402,-17.38161],[-46.00601,-17.38135],[-46.0071,-17.38041],[-46.00698,-17.37884],[-46.00738,-17.3778],[-46.00673,-17.37659],[-46.00557,-17.37558],[-46.00401,-17.37535],[-46.0014,-17.37573],[-45.99918,-17.37495],[-45.99823,-17.37592],[-45.99739,-17.37623],[-45.99653,-17.37586],[-45.99387,-17.373],[-45.99276,-17.3713],[-45.99256,-17.36979],[-45.99146,-17.36961],[-45.99076,-17.36885],[-45.99072,-17.36745],[-45.9911,-17.36643],[-45.99203,-17.36537],[-45.99171,-17.36452],[-45.99053,-17.36365],[-45.98914,-17.3632],[-45.98782,-17.36217],[-45.98674,-17.36305],[-45.98495,-17.36278],[-45.98426,-17.36085],[-45.98427,-17.35839],[-45.98347,-17.35596],[-45.9834,-17.35329],[-45.98378,-17.35147],[-45.98197,-17.34991],[-45.98204,-17.34897],[-45.98263,-17.34823],[-45.98265,-17.34721],[-45.98193,-17.34669],[-45.98095,-17.34695],[-45.97988,-17.3481],[-45.97953,-17.34974],[-45.97775,-17.34915],[-45.97678,-17.34805],[-45.97642,-17.34667],[-45.97558,-17.34707],[-45.9735,-17.34738],[-45.973,-17.34819],[-45.97202,-17.34819],[-45.97169,-17.34644],[-45.97088,-17.34576],[-45.96851,-17.34614],[-45.96812,-17.34584],[-45.96842,-17.34448],[-45.96799,-17.34347],[-45.96657,-17.34281],[-45.96267,-17.34037],[-45.96137,-17.33892],[-45.96127,-17.33798],[-45.96266,-17.3374],[-45.96341,-17.33516],[-45.96382,-17.33491],[-45.96507,-17.33557],[-45.96616,-17.33439],[-45.96635,-17.33347],[-45.96569,-17.33223],[-45.96521,-17.33046],[-45.96465,-17.32968],[-45.96191,-17.32863],[-45.9598,-17.32802],[-45.95811,-17.32635],[-45.95794,-17.32541],[-45.9594,-17.32446],[-45.95867,-17.32317],[-45.95835,-17.32117],[-45.95763,-17.32048],[-45.95699,-17.31913],[-45.95586,-17.31806],[-45.95593,-17.31667],[-45.95731,-17.31632],[-45.95777,-17.3156],[-45.95642,-17.31485],[-45.9545,-17.31447],[-45.95291,-17.31192],[-45.953,-17.31103],[-45.95407,-17.31003],[-45.95394,-17.30916],[-45.95306,-17.3093],[-45.95182,-17.31004],[-45.95035,-17.30993],[-45.95013,-17.30908],[-45.95092,-17.30774],[-45.9534,-17.307],[-45.9534,-17.30552],[-45.95088,-17.3051],[-45.95052,-17.30473],[-45.95071,-17.30125],[-45.95277,-17.30074],[-45.95346,-17.29956],[-45.95372,-17.29813],[-45.9552,-17.29799],[-45.9564,-17.29881],[-45.95793,-17.29772],[-45.95905,-17.2973],[-45.95941,-17.29642],[-45.95679,-17.29499],[-45.95563,-17.29336],[-45.95446,-17.28908],[-45.95378,-17.28761],[-45.9525,-17.28619],[-45.95103,-17.28526],[-45.94914,-17.28451],[-45.94772,-17.28447],[-45.9458,-17.28754],[-45.94358,-17.28909],[-45.94267,-17.2894],[-45.94028,-17.29104],[-45.93789,-17.29108],[-45.93645,-17.29058],[-45.93484,-17.29043],[-45.93122,-17.28978],[-45.93019,-17.28932],[-45.93049,-17.28815],[-45.93155,-17.28807],[-45.93347,-17.28875],[-45.93447,-17.28854],[-45.93523,-17.28789],[-45.93535,-17.28699],[-45.93451,-17.28658],[-45.93259,-17.28664],[-45.93017,-17.28596],[-45.92876,-17.28613],[-45.92861,-17.28479],[-45.92961,-17.28387],[-45.92884,-17.28302],[-45.92654,-17.28425],[-45.92508,-17.2847],[-45.92364,-17.28452],[-45.92357,-17.28346],[-45.92402,-17.2824],[-45.92523,-17.28108],[-45.92408,-17.2801],[-45.92094,-17.28023],[-45.92067,-17.27892],[-45.92112,-17.27802],[-45.92097,-17.27698],[-45.91825,-17.27569],[-45.91762,-17.27438],[-45.9186,-17.27269],[-45.91878,-17.27117],[-45.92016,-17.26895],[-45.92027,-17.26799],[-45.91991,-17.26693],[-45.9182,-17.26514],[-45.91797,-17.26365],[-45.916,-17.26159],[-45.91334,-17.26146],[-45.91309,-17.26013],[-45.91385,-17.25888],[-45.91413,-17.2569],[-45.91321,-17.25585],[-45.91289,-17.25447],[-45.91353,-17.25237],[-45.91341,-17.25145],[-45.91041,-17.25052],[-45.90978,-17.24983],[-45.90963,-17.24776],[-45.90878,-17.24726],[-45.90553,-17.24691],[-45.90375,-17.24606],[-45.90312,-17.24522],[-45.90342,-17.24241],[-45.90463,-17.24017],[-45.90438,-17.2387],[-45.90231,-17.23753],[-45.90226,-17.23666],[-45.9031,-17.23619],[-45.90461,-17.23598],[-45.9053,-17.23535],[-45.90453,-17.23126],[-45.90253,-17.22763],[-45.90272,-17.22446],[-45.90221,-17.22296],[-45.9011,-17.22163],[-45.901,-17.21998],[-45.90138,-17.21848],[-45.90202,-17.21719],[-45.90199,-17.21613],[-45.90085,-17.21369],[-45.90072,-17.21277],[-45.90139,-17.21146],[-45.90323,-17.21034],[-45.90645,-17.20906],[-45.90722,-17.20853],[-45.90745,-17.20758],[-45.90687,-17.20609],[-45.90449,-17.20548],[-45.90396,-17.2047],[-45.90404,-17.20182],[-45.90382,-17.1998],[-45.90269,-17.19911],[-45.90125,-17.19942],[-45.89886,-17.20031],[-45.89738,-17.20034],[-45.89514,-17.19851],[-45.89314,-17.19589],[-45.89282,-17.195],[-45.89279,-17.19299],[-45.89319,-17.19122],[-45.89258,-17.18986],[-45.89023,-17.18898],[-45.88898,-17.18795],[-45.88883,-17.1874],[-45.89111,-17.18407],[-45.89194,-17.18163],[-45.89296,-17.17934],[-45.89441,-17.17736],[-45.89696,-17.17557],[-45.8986,-17.17372],[-45.89943,-17.17206],[-45.90112,-17.17028],[-45.90018,-17.16861],[-45.89896,-17.16767],[-45.89733,-17.16738],[-45.89462,-17.16831],[-45.89133,-17.16975],[-45.89006,-17.16932],[-45.89002,-17.16723],[-45.88881,-17.16482],[-45.88732,-17.1637],[-45.88686,-17.16273],[-45.88711,-17.15891],[-45.88621,-17.15767],[-45.88591,-17.15586],[-45.88521,-17.15486],[-45.88296,-17.15407],[-45.88121,-17.15453],[-45.88055,-17.15441],[-45.88031,-17.15344],[-45.88145,-17.1528],[-45.88307,-17.15233],[-45.88484,-17.1513],[-45.88473,-17.15022],[-45.88295,-17.148],[-45.88214,-17.14752],[-45.88008,-17.14716],[-45.87927,-17.14653],[-45.87865,-17.14401],[-45.88402,-17.14456],[-45.88703,-17.14471],[-45.8899,-17.14426],[-45.89396,-17.1426],[-45.89451,-17.14177],[-45.89594,-17.14055],[-45.89887,-17.13756],[-45.90068,-17.13553],[-45.90197,-17.13442],[-45.90547,-17.13175],[-45.90702,-17.12974],[-45.90856,-17.12658],[-45.90855,-17.12506],[-45.90648,-17.1195],[-45.90496,-17.11585],[-45.90449,-17.11353],[-45.90255,-17.10923],[-45.90208,-17.10523],[-45.90065,-17.10231],[-45.90134,-17.10185],[-45.90247,-17.10258],[-45.9027,-17.10115],[-45.90445,-17.10048],[-45.90583,-17.09923],[-45.90726,-17.09918],[-45.90753,-17.09996],[-45.90637,-17.10141],[-45.9079,-17.10166],[-45.91013,-17.10254],[-45.9098,-17.1034],[-45.91112,-17.10401],[-45.91369,-17.10616],[-45.91474,-17.10528],[-45.9152,-17.10634],[-45.91724,-17.10762],[-45.91908,-17.10713],[-45.91974,-17.10867],[-45.92067,-17.10873],[-45.92386,-17.10977],[-45.92429,-17.11062],[-45.92523,-17.11087],[-45.92609,-17.11041],[-45.92695,-17.11075],[-45.92708,-17.11165],[-45.92847,-17.11286],[-45.9285,-17.11438],[-45.92885,-17.11583],[-45.92864,-17.11725],[-45.92938,-17.11792],[-45.92992,-17.11955],[-45.93085,-17.11964],[-45.93117,-17.12106],[-45.93029,-17.12215],[-45.9303,-17.12305],[-45.93114,-17.12422],[-45.93294,-17.1257],[-45.93373,-17.12538],[-45.93455,-17.12588],[-45.93634,-17.12546],[-45.93896,-17.12627],[-45.93976,-17.12818],[-45.94182,-17.12939],[-45.9428,-17.12938],[-45.94448,-17.1305],[-45.94792,-17.13336],[-45.94919,-17.13388],[-45.9493,-17.13487],[-45.94863,-17.13545],[-45.94875,-17.13635],[-45.94972,-17.13812],[-45.95269,-17.13902],[-45.95287,-17.14024],[-45.95414,-17.14162],[-45.95514,-17.144],[-45.95673,-17.14529],[-45.95659,-17.14616],[-45.95736,-17.14694],[-45.95698,-17.14823],[-45.95721,-17.15014],[-45.9581,-17.15062],[-45.95885,-17.15195],[-45.95899,-17.15285],[-45.96027,-17.15346],[-45.96075,-17.15433],[-45.96054,-17.15574],[-45.96186,-17.15608],[-45.96199,-17.1578],[-45.96472,-17.15853],[-45.96526,-17.15937],[-45.96717,-17.15999],[-45.9685,-17.16131],[-45.96884,-17.16276],[-45.97031,-17.16397],[-45.97066,-17.16713],[-45.97021,-17.16803],[-45.97087,-17.17026],[-45.97202,-17.17115],[-45.9722,-17.17292],[-45.97192,-17.17425],[-45.9729,-17.17436],[-45.97337,-17.17561],[-45.97478,-17.17617],[-45.97591,-17.17718],[-45.97776,-17.17696],[-45.97874,-17.17802],[-45.98014,-17.1787],[-45.98225,-17.17901],[-45.9841,-17.17746],[-45.98516,-17.17727],[-45.98621,-17.17754],[-45.98887,-17.17741],[-45.9915,-17.17767],[-45.99299,-17.17737],[-45.99591,-17.17742],[-45.99837,-17.17706],[-46.00168,-17.17807],[-46.003,-17.17793],[-46.00419,-17.17731],[-46.0069,-17.1775],[-46.00843,-17.17816],[-46.00915,-17.17906],[-46.0123,-17.18084],[-46.01429,-17.18247],[-46.01734,-17.18393],[-46.01975,-17.18394],[-46.0216,-17.18488],[-46.02247,-17.18556],[-46.02309,-17.18706],[-46.0232,-17.18823],[-46.0244,-17.19069],[-46.02601,-17.1925],[-46.02729,-17.19323],[-46.03196,-17.19427],[-46.03478,-17.19375],[-46.03643,-17.1928],[-46.03911,-17.19169],[-46.04123,-17.19126],[-46.04358,-17.19112],[-46.04571,-17.19014],[-46.04767,-17.18954],[-46.05006,-17.18976],[-46.05226,-17.18947],[-46.05379,-17.18887],[-46.05616,-17.18876],[-46.058,-17.18751],[-46.06008,-17.18746],[-46.06363,-17.18869],[-46.0649,-17.18956],[-46.06582,-17.19135],[-46.06827,-17.19329],[-46.07115,-17.19436],[-46.0728,-17.19413],[-46.0749,-17.19244],[-46.07655,-17.19163],[-46.07905,-17.18897],[-46.0795,-17.18756],[-46.07951,-17.18588],[-46.07891,-17.18487],[-46.07677,-17.18329],[-46.07315,-17.18092],[-46.07084,-17.17856],[-46.06828,-17.17348],[-46.06817,-17.17143],[-46.06848,-17.16975],[-46.06963,-17.16623],[-46.07096,-17.16397],[-46.07343,-17.1589],[-46.07431,-17.15797],[-46.07516,-17.15613],[-46.07535,-17.155],[-46.07651,-17.15276],[-46.07749,-17.15149],[-46.07842,-17.1508],[-46.08006,-17.14886],[-46.0807,-17.14764],[-46.08318,-17.14496],[-46.0848,-17.14424],[-46.08597,-17.14402],[-46.0951,-17.14504],[-46.09658,-17.14545],[-46.09778,-17.1463],[-46.09906,-17.14779],[-46.10086,-17.149],[-46.10285,-17.14945],[-46.10503,-17.1494],[-46.10764,-17.15019],[-46.1086,-17.15021],[-46.11066,-17.15117],[-46.11303,-17.15113],[-46.11389,-17.15062],[-46.11654,-17.14981],[-46.11817,-17.14978],[-46.11929,-17.15028],[-46.12073,-17.15022],[-46.12161,-17.14983],[-46.12292,-17.14824],[-46.12479,-17.14763],[-46.12531,-17.14615],[-46.12714,-17.14428],[-46.12994,-17.14429],[-46.13192,-17.14387],[-46.13358,-17.14377],[-46.1358,-17.14277],[-46.13701,-17.14168],[-46.13888,-17.13765],[-46.13967,-17.13686],[-46.14206,-17.13591],[-46.14272,-17.13515],[-46.14425,-17.13516],[-46.14689,-17.1355],[-46.14796,-17.13434],[-46.14828,-17.13119],[-46.14897,-17.12971],[-46.1519,-17.12698],[-46.15306,-17.12429],[-46.15296,-17.11959],[-46.15271,-17.11803],[-46.15275,-17.11626],[-46.15342,-17.11524],[-46.15478,-17.11459],[-46.1558,-17.11341],[-46.15615,-17.11159],[-46.15736,-17.10991],[-46.15724,-17.10896],[-46.15613,-17.10777],[-46.15177,-17.1071],[-46.14997,-17.10587],[-46.14779,-17.10553],[-46.14731,-17.10457],[-46.14589,-17.10329],[-46.14512,-17.10214],[-46.14414,-17.10164],[-46.14349,-17.10031],[-46.14236,-17.09948],[-46.14231,-17.09852],[-46.14166,-17.0979],[-46.14003,-17.09791],[-46.13974,-17.09745],[-46.13985,-17.0954],[-46.13851,-17.09492],[-46.13786,-17.09419],[-46.13613,-17.09374],[-46.1362,-17.09215],[-46.13674,-17.09139],[-46.1365,-17.09003],[-46.13461,-17.09008],[-46.13358,-17.08965],[-46.13266,-17.08828],[-46.1318,-17.08931],[-46.13008,-17.08826],[-46.12988,-17.08744],[-46.13074,-17.08702],[-46.13069,-17.08594],[-46.12939,-17.08523],[-46.12927,-17.08383],[-46.12788,-17.0831],[-46.12696,-17.08197],[-46.12557,-17.08209],[-46.12497,-17.08143],[-46.12443,-17.08274],[-46.12257,-17.08346],[-46.12178,-17.08322],[-46.12236,-17.08133],[-46.12199,-17.07723],[-46.12162,-17.07634],[-46.11987,-17.0751],[-46.11786,-17.0749],[-46.11657,-17.07516],[-46.11449,-17.07499],[-46.11457,-17.07156],[-46.11411,-17.0702],[-46.11267,-17.0703],[-46.10932,-17.06928],[-46.1095,-17.0682],[-46.10926,-17.0667],[-46.10741,-17.06512],[-46.1047,-17.06449],[-46.10302,-17.06362],[-46.10065,-17.0617],[-46.09647,-17.05951],[-46.09485,-17.05933],[-46.09271,-17.05872],[-46.09156,-17.057],[-46.0909,-17.05484],[-46.09018,-17.0536],[-46.09022,-17.05134],[-46.09085,-17.04918],[-46.09225,-17.04671],[-46.09214,-17.0442],[-46.09264,-17.04282],[-46.09237,-17.04181],[-46.09026,-17.04014],[-46.0904,-17.03866],[-46.08967,-17.03687],[-46.08971,-17.03581],[-46.08801,-17.03502],[-46.08603,-17.03537],[-46.08595,-17.03424],[-46.08781,-17.03242],[-46.08979,-17.03227],[-46.09334,-17.03322],[-46.09439,-17.03372],[-46.09681,-17.03433],[-46.09858,-17.03456],[-46.10333,-17.03633],[-46.108,-17.0385],[-46.11042,-17.04014],[-46.11392,-17.04183],[-46.1156,-17.04309],[-46.11789,-17.04527],[-46.11947,-17.0462],[-46.12158,-17.04785],[-46.12249,-17.04824],[-46.12397,-17.04772],[-46.12555,-17.04638],[-46.12678,-17.04428],[-46.1276,-17.04152],[-46.12781,-17.03986],[-46.12778,-17.03733],[-46.12736,-17.03554],[-46.12671,-17.03421],[-46.12624,-17.03223],[-46.12615,-17.02823],[-46.12637,-17.02765],[-46.12825,-17.02557],[-46.13018,-17.02482],[-46.13369,-17.02414],[-46.13661,-17.02394],[-46.13778,-17.02428],[-46.13946,-17.02425],[-46.1417,-17.02381],[-46.14345,-17.02299],[-46.14588,-17.02151],[-46.14772,-17.0207],[-46.14922,-17.01956],[-46.15093,-17.01753],[-46.15123,-17.01647],[-46.15287,-17.0129],[-46.15274,-17.01062],[-46.15272,-17.00657],[-46.15282,-17.00436],[-46.15398,-17.00139],[-46.15501,-17.00055],[-46.1563,-16.99892],[-46.15718,-16.99846],[-46.15921,-16.998],[-46.16261,-16.99771],[-46.16728,-16.99798],[-46.17013,-16.99841],[-46.17212,-16.99944],[-46.17385,-17.00088],[-46.17699,-17.00268],[-46.18011,-17.00463],[-46.18514,-17.0055],[-46.18736,-17.00471],[-46.18893,-17.00327],[-46.191,-17.00191],[-46.19423,-17.0018],[-46.19543,-17.00149],[-46.19889,-17.00173],[-46.19959,-17.00154],[-46.20092,-17.00032],[-46.20098,-16.99754],[-46.1999,-16.99473],[-46.19936,-16.99167],[-46.19933,-16.98863],[-46.19949,-16.9872],[-46.19929,-16.98368],[-46.1989,-16.98265],[-46.198,-16.97781],[-46.19677,-16.97404],[-46.19633,-16.97185],[-46.19678,-16.96955],[-46.19747,-16.9677],[-46.19845,-16.96627],[-46.19962,-16.96509],[-46.20117,-16.96419],[-46.20172,-16.96421],[-46.20511,-16.96252]]]},"properties":{"codigo":"313630610","name":"Caatinga","population":514,"households":482,"areaKm2":918.759,"density":0.6}},{"type":"Feature","geometry":{"type":"Polygon","coordinates":[[[-45.87865,-17.14401],[-45.87927,-17.14653],[-45.88008,-17.14716],[-45.88214,-17.14752],[-45.88295,-17.148],[-45.88473,-17.15022],[-45.88484,-17.1513],[-45.88307,-17.15233],[-45.88145,-17.1528],[-45.88031,-17.15344],[-45.88055,-17.15441],[-45.88121,-17.15453],[-45.88296,-17.15407],[-45.88521,-17.15486],[-45.88591,-17.15586],[-45.88621,-17.15767],[-45.88711,-17.15891],[-45.88686,-17.16273],[-45.88732,-17.1637],[-45.88881,-17.16482],[-45.89002,-17.16723],[-45.89006,-17.16932],[-45.89133,-17.16975],[-45.89462,-17.16831],[-45.89733,-17.16738],[-45.89896,-17.16767],[-45.90018,-17.16861],[-45.90112,-17.17028],[-45.89943,-17.17206],[-45.8986,-17.17372],[-45.89696,-17.17557],[-45.89441,-17.17736],[-45.89296,-17.17934],[-45.89194,-17.18163],[-45.89111,-17.18407],[-45.88883,-17.1874],[-45.88898,-17.18795],[-45.89023,-17.18898],[-45.89258,-17.18986],[-45.89319,-17.19122],[-45.89279,-17.19299],[-45.89282,-17.195],[-45.89314,-17.19589],[-45.89514,-17.19851],[-45.89738,-17.20034],[-45.89886,-17.20031],[-45.90125,-17.19942],[-45.90269,-17.19911],[-45.90382,-17.1998],[-45.90404,-17.20182],[-45.90396,-17.2047],[-45.90449,-17.20548],[-45.90687,-17.20609],[-45.90745,-17.20758],[-45.90722,-17.20853],[-45.90645,-17.20906],[-45.90323,-17.21034],[-45.90139,-17.21146],[-45.90072,-17.21277],[-45.90085,-17.21369],[-45.90199,-17.21613],[-45.90202,-17.21719],[-45.90138,-17.21848],[-45.901,-17.21998],[-45.9011,-17.22163],[-45.90221,-17.22296],[-45.90272,-17.22446],[-45.90253,-17.22763],[-45.90453,-17.23126],[-45.9053,-17.23535],[-45.90461,-17.23598],[-45.9031,-17.23619],[-45.90226,-17.23666],[-45.90231,-17.23753],[-45.90438,-17.2387],[-45.90463,-17.24017],[-45.90342,-17.24241],[-45.90312,-17.24522],[-45.90375,-17.24606],[-45.90553,-17.24691],[-45.90878,-17.24726],[-45.90963,-17.24776],[-45.90978,-17.24983],[-45.91041,-17.25052],[-45.91341,-17.25145],[-45.91353,-17.25237],[-45.91289,-17.25447],[-45.91321,-17.25585],[-45.91413,-17.2569],[-45.91385,-17.25888],[-45.91309,-17.26013],[-45.91334,-17.26146],[-45.916,-17.26159],[-45.91797,-17.26365],[-45.9182,-17.26514],[-45.91991,-17.26693],[-45.92027,-17.26799],[-45.92016,-17.26895],[-45.91878,-17.27117],[-45.9186,-17.27269],[-45.91762,-17.27438],[-45.91825,-17.27569],[-45.92097,-17.27698],[-45.92112,-17.27802],[-45.92067,-17.27892],[-45.92094,-17.28023],[-45.92408,-17.2801],[-45.92523,-17.28108],[-45.92402,-17.2824],[-45.92357,-17.28346],[-45.92364,-17.28452],[-45.92508,-17.2847],[-45.92654,-17.28425],[-45.92884,-17.28302],[-45.92961,-17.28387],[-45.92861,-17.28479],[-45.92876,-17.28613],[-45.93017,-17.28596],[-45.93259,-17.28664],[-45.93451,-17.28658],[-45.93535,-17.28699],[-45.93523,-17.28789],[-45.93447,-17.28854],[-45.93347,-17.28875],[-45.93155,-17.28807],[-45.93049,-17.28815],[-45.93019,-17.28932],[-45.93122,-17.28978],[-45.93484,-17.29043],[-45.93645,-17.29058],[-45.93789,-17.29108],[-45.94028,-17.29104],[-45.94267,-17.2894],[-45.94358,-17.28909],[-45.9458,-17.28754],[-45.94772,-17.28447],[-45.94914,-17.28451],[-45.95103,-17.28526],[-45.9525,-17.28619],[-45.95378,-17.28761],[-45.95446,-17.28908],[-45.95563,-17.29336],[-45.95679,-17.29499],[-45.95941,-17.29642],[-45.95905,-17.2973],[-45.95793,-17.29772],[-45.9564,-17.29881],[-45.9552,-17.29799],[-45.95372,-17.29813],[-45.95346,-17.29956],[-45.95277,-17.30074],[-45.95071,-17.30125],[-45.95052,-17.30473],[-45.95088,-17.3051],[-45.9534,-17.30552],[-45.9534,-17.307],[-45.95092,-17.30774],[-45.95013,-17.30908],[-45.95035,-17.30993],[-45.95182,-17.31004],[-45.95306,-17.3093],[-45.95394,-17.30916],[-45.95407,-17.31003],[-45.953,-17.31103],[-45.95291,-17.31192],[-45.9545,-17.31447],[-45.95642,-17.31485],[-45.95777,-17.3156],[-45.95731,-17.31632],[-45.95593,-17.31667],[-45.95586,-17.31806],[-45.95322,-17.31717],[-45.95152,-17.31796],[-45.95119,-17.31886],[-45.95149,-17.31969],[-45.94905,-17.32159],[-45.9482,-17.32281],[-45.94683,-17.32339],[-45.9454,-17.32365],[-45.94512,-17.32504],[-45.94185,-17.32807],[-45.93955,-17.32748],[-45.93878,-17.33087],[-45.93818,-17.33161],[-45.93684,-17.33217],[-45.9357,-17.33302],[-45.93318,-17.33292],[-45.93269,-17.33461],[-45.93018,-17.33726],[-45.92829,-17.33668],[-45.92553,-17.33662],[-45.92299,-17.33617],[-45.9221,-17.3365],[-45.92192,-17.33873],[-45.92154,-17.33903],[-45.919,-17.33944],[-45.91804,-17.33933],[-45.9167,-17.33867],[-45.91576,-17.33876],[-45.9145,-17.34073],[-45.91304,-17.34094],[-45.91235,-17.34157],[-45.91229,-17.34249],[-45.91277,-17.34329],[-45.91466,-17.34365],[-45.91529,-17.34429],[-45.91487,-17.34551],[-45.91304,-17.34495],[-45.91242,-17.34562],[-45.91247,-17.34661],[-45.91301,-17.34743],[-45.91289,-17.34844],[-45.91137,-17.35018],[-45.90852,-17.35068],[-45.90783,-17.35123],[-45.90791,-17.35259],[-45.90867,-17.35311],[-45.91006,-17.35207],[-45.91138,-17.35204],[-45.91155,-17.35301],[-45.91082,-17.35492],[-45.90775,-17.35482],[-45.9073,-17.35505],[-45.90686,-17.35803],[-45.90729,-17.3583],[-45.90892,-17.35788],[-45.90992,-17.35799],[-45.91029,-17.35937],[-45.90917,-17.36089],[-45.90833,-17.36124],[-45.90668,-17.36017],[-45.90564,-17.36013],[-45.90488,-17.36064],[-45.90657,-17.36222],[-45.90681,-17.36364],[-45.90602,-17.36408],[-45.90506,-17.36305],[-45.90417,-17.36285],[-45.90367,-17.36368],[-45.90342,-17.36573],[-45.90216,-17.36769],[-45.90193,-17.36926],[-45.90244,-17.37002],[-45.9041,-17.3713],[-45.90441,-17.37217],[-45.90383,-17.37468],[-45.9052,-17.37649],[-45.90672,-17.37697],[-45.90653,-17.37849],[-45.90544,-17.38001],[-45.90458,-17.38057],[-45.90307,-17.38097],[-45.90231,-17.38217],[-45.90351,-17.38288],[-45.90349,-17.38387],[-45.90225,-17.38525],[-45.90217,-17.38666],[-45.90145,-17.38784],[-45.90153,-17.38979],[-45.90133,-17.39226],[-45.90158,-17.39322],[-45.90278,-17.3948],[-45.90195,-17.39665],[-45.90186,-17.39771],[-45.90314,-17.39913],[-45.90363,-17.40009],[-45.90342,-17.40152],[-45.90559,-17.40358],[-45.90588,-17.40446],[-45.90476,-17.40538],[-45.90573,-17.4071],[-45.90526,-17.40996],[-45.90481,-17.41086],[-45.90294,-17.41135],[-45.90257,-17.41264],[-45.90365,-17.41379],[-45.90433,-17.415],[-45.90393,-17.41584],[-45.90307,-17.41628],[-45.90276,-17.41718],[-45.90327,-17.418],[-45.90337,-17.41938],[-45.90265,-17.42008],[-45.90261,-17.42104],[-45.90415,-17.4226],[-45.90445,-17.42423],[-45.90436,-17.42559],[-45.90537,-17.42646],[-45.90579,-17.42798],[-45.90817,-17.43006],[-45.90833,-17.4314],[-45.90603,-17.4324],[-45.90699,-17.43336],[-45.90939,-17.43682],[-45.90969,-17.43926],[-45.90905,-17.4412],[-45.90715,-17.44436],[-45.90694,-17.44664],[-45.90871,-17.44951],[-45.9115,-17.45147],[-45.91172,-17.45237],[-45.90954,-17.45625],[-45.90877,-17.45683],[-45.90724,-17.45702],[-45.90473,-17.458],[-45.90401,-17.45862],[-45.9028,-17.46061],[-45.90122,-17.46158],[-45.90092,-17.46296],[-45.90133,-17.46386],[-45.90251,-17.46471],[-45.90596,-17.46494],[-45.9062,-17.46542],[-45.90634,-17.46874],[-45.90542,-17.47045],[-45.90403,-17.47084],[-45.90304,-17.47048],[-45.902,-17.46894],[-45.90111,-17.46869],[-45.90037,-17.46927],[-45.89935,-17.47087],[-45.89837,-17.47113],[-45.89634,-17.47259],[-45.89449,-17.4731],[-45.89282,-17.4779],[-45.89107,-17.47961],[-45.88935,-17.48047],[-45.88789,-17.48047],[-45.88558,-17.47996],[-45.88427,-17.48049],[-45.88194,-17.48],[-45.88093,-17.48],[-45.879,-17.48137],[-45.87675,-17.48219],[-45.8756,-17.48382],[-45.87551,-17.4847],[-45.87674,-17.48603],[-45.8773,-17.48743],[-45.87711,-17.4884],[-45.87605,-17.49047],[-45.87586,-17.49137],[-45.8751,-17.49253],[-45.87537,-17.49342],[-45.87681,-17.49461],[-45.87746,-17.4959],[-45.87692,-17.49657],[-45.87541,-17.49669],[-45.87467,-17.49739],[-45.8733,-17.49721],[-45.87204,-17.49583],[-45.87063,-17.49577],[-45.86872,-17.49714],[-45.86784,-17.49866],[-45.86563,-17.49844],[-45.86531,-17.50057],[-45.8631,-17.50154],[-45.86255,-17.50223],[-45.86389,-17.50283],[-45.86435,-17.50363],[-45.86411,-17.50451],[-45.8625,-17.50685],[-45.86231,-17.50971],[-45.86195,-17.51109],[-45.86257,-17.51196],[-45.86259,-17.51286],[-45.86187,-17.51348],[-45.85993,-17.51357],[-45.85976,-17.51406],[-45.86065,-17.51652],[-45.85863,-17.51603],[-45.85712,-17.51527],[-45.85674,-17.51659],[-45.85516,-17.51751],[-45.85525,-17.51935],[-45.85448,-17.52107],[-45.85391,-17.52112],[-45.85177,-17.52031],[-45.84983,-17.52031],[-45.8464,-17.52167],[-45.84503,-17.52185],[-45.84249,-17.52176],[-45.84031,-17.52042],[-45.83935,-17.52015],[-45.83736,-17.52026],[-45.83671,-17.52097],[-45.83577,-17.521],[-45.83395,-17.52028],[-45.83208,-17.51878],[-45.82992,-17.51876],[-45.82783,-17.51986],[-45.82671,-17.51903],[-45.8246,-17.51798],[-45.82321,-17.51634],[-45.82102,-17.51553],[-45.81963,-17.51611],[-45.81815,-17.51498],[-45.81591,-17.51608],[-45.815,-17.51601],[-45.81342,-17.51406],[-45.8116,-17.51323],[-45.80788,-17.5121],[-45.80606,-17.51258],[-45.80476,-17.51318],[-45.80232,-17.51315],[-45.80008,-17.51407],[-45.79848,-17.5152],[-45.79696,-17.5166],[-45.79636,-17.51803],[-45.79634,-17.52058],[-45.79516,-17.52286],[-45.7918,-17.52553],[-45.7912,-17.52686],[-45.79096,-17.52925],[-45.79136,-17.53011],[-45.79098,-17.53356],[-45.79019,-17.53423],[-45.78855,-17.53462],[-45.787,-17.53445],[-45.78409,-17.53351],[-45.78239,-17.53344],[-45.77975,-17.53387],[-45.77915,-17.53449],[-45.7792,-17.5362],[-45.78028,-17.53843],[-45.78037,-17.5393],[-45.78003,-17.54271],[-45.7813,-17.54674],[-45.7818,-17.54895],[-45.78201,-17.55383],[-45.78096,-17.55783],[-45.77987,-17.55942],[-45.77836,-17.56025],[-45.77522,-17.56038],[-45.77419,-17.56091],[-45.77186,-17.56151],[-45.76953,-17.56346],[-45.76806,-17.56726],[-45.76677,-17.56974],[-45.76631,-17.57126],[-45.7654,-17.57248],[-45.76352,-17.57319],[-45.76227,-17.57471],[-45.76091,-17.57512],[-45.76009,-17.57402],[-45.75831,-17.57471],[-45.75592,-17.57445],[-45.75496,-17.57461],[-45.75234,-17.57399],[-45.75093,-17.57399],[-45.74759,-17.57534],[-45.74658,-17.57532],[-45.74584,-17.57465],[-45.74433,-17.57421],[-45.74233,-17.57439],[-45.74147,-17.57494],[-45.74092,-17.57586],[-45.74001,-17.57623],[-45.736,-17.57528],[-45.73322,-17.57369],[-45.73094,-17.57256],[-45.7294,-17.57235],[-45.72693,-17.57148],[-45.72629,-17.57063],[-45.72473,-17.57026],[-45.72252,-17.5703],[-45.71976,-17.5694],[-45.71806,-17.57041],[-45.71695,-17.57064],[-45.71643,-17.56923],[-45.71669,-17.5662],[-45.71626,-17.56447],[-45.71713,-17.56254],[-45.71675,-17.56166],[-45.71509,-17.56138],[-45.71252,-17.56134],[-45.71111,-17.56189],[-45.70979,-17.56276],[-45.70895,-17.56246],[-45.70749,-17.56048],[-45.70619,-17.55937],[-45.7048,-17.55863],[-45.70238,-17.55665],[-45.70209,-17.55578],[-45.70363,-17.55456],[-45.7067,-17.5539],[-45.70714,-17.55256],[-45.7068,-17.55219],[-45.70392,-17.55136],[-45.70069,-17.55078],[-45.69956,-17.54951],[-45.69656,-17.54755],[-45.69808,-17.54307],[-45.69801,-17.54212],[-45.69657,-17.54005],[-45.69518,-17.53869],[-45.69427,-17.53844],[-45.6929,-17.53908],[-45.6899,-17.53963],[-45.68921,-17.53912],[-45.68935,-17.53816],[-45.69027,-17.53708],[-45.69046,-17.53613],[-45.68957,-17.53503],[-45.68809,-17.53502],[-45.68617,-17.53677],[-45.6853,-17.53702],[-45.68475,-17.53617],[-45.68478,-17.53293],[-45.68418,-17.53221],[-45.68291,-17.53173],[-45.68219,-17.52945],[-45.68001,-17.52648],[-45.67867,-17.52574],[-45.67714,-17.52378],[-45.6746,-17.52315],[-45.67373,-17.52242],[-45.6734,-17.52092],[-45.67276,-17.51961],[-45.67245,-17.51756],[-45.67269,-17.51616],[-45.67363,-17.51337],[-45.67449,-17.51169],[-45.67423,-17.51116],[-45.67265,-17.51022],[-45.67191,-17.50936],[-45.67095,-17.50761],[-45.66982,-17.50653],[-45.66899,-17.50483],[-45.66755,-17.5043],[-45.66652,-17.50462],[-45.6658,-17.50538],[-45.66433,-17.5056],[-45.66232,-17.50344],[-45.66136,-17.50318],[-45.65951,-17.50396],[-45.65642,-17.50327],[-45.65522,-17.50246],[-45.65371,-17.50248],[-45.65244,-17.50147],[-45.65183,-17.50024],[-45.65045,-17.49936],[-45.64638,-17.49616],[-45.64505,-17.49326],[-45.64344,-17.49184],[-45.64089,-17.49118],[-45.64022,-17.49049],[-45.63992,-17.48907],[-45.63982,-17.4869],[-45.63907,-17.48624],[-45.63802,-17.48627],[-45.63649,-17.48749],[-45.63481,-17.4877],[-45.63161,-17.48587],[-45.63112,-17.48346],[-45.63064,-17.48263],[-45.62915,-17.48192],[-45.62653,-17.48101],[-45.62514,-17.47941],[-45.62322,-17.47992],[-45.62247,-17.47955],[-45.6224,-17.47856],[-45.6217,-17.47804],[-45.61978,-17.47869],[-45.61619,-17.47958],[-45.61354,-17.47947],[-45.61141,-17.47736],[-45.60999,-17.47644],[-45.6073,-17.47613],[-45.60512,-17.47568],[-45.60461,-17.47529],[-45.60468,-17.47423],[-45.60685,-17.47045],[-45.60694,-17.46932],[-45.60533,-17.46813],[-45.60326,-17.46714],[-45.59964,-17.46628],[-45.59808,-17.46557],[-45.59697,-17.46438],[-45.59612,-17.46273],[-45.59619,-17.46128],[-45.5971,-17.46003],[-45.6005,-17.45831],[-45.60143,-17.45757],[-45.60418,-17.45664],[-45.60507,-17.45577],[-45.60559,-17.45466],[-45.60523,-17.45266],[-45.60236,-17.44922],[-45.59859,-17.44727],[-45.59535,-17.44645],[-45.59429,-17.44593],[-45.59287,-17.44476],[-45.59063,-17.44152],[-45.58952,-17.44035],[-45.58801,-17.43957],[-45.58642,-17.43928],[-45.58366,-17.43839],[-45.58205,-17.43706],[-45.58003,-17.4344],[-45.57912,-17.43412],[-45.57698,-17.43448],[-45.57432,-17.43444],[-45.5712,-17.43362],[-45.56974,-17.43291],[-45.56832,-17.43269],[-45.56592,-17.43147],[-45.56539,-17.4306],[-45.56541,-17.42913],[-45.56598,-17.42775],[-45.56736,-17.42604],[-45.57129,-17.42434],[-45.57349,-17.42284],[-45.57401,-17.42199],[-45.57444,-17.41948],[-45.57443,-17.41835],[-45.57379,-17.41425],[-45.57465,-17.41289],[-45.57589,-17.41036],[-45.57591,-17.40877],[-45.5752,-17.40601],[-45.57476,-17.40355],[-45.57307,-17.40015],[-45.57251,-17.39663],[-45.57176,-17.39523],[-45.57051,-17.39461],[-45.56718,-17.3937],[-45.5626,-17.39424],[-45.56142,-17.39399],[-45.558,-17.39391],[-45.55768,-17.39375],[-45.55767,-17.39094],[-45.55789,-17.39032],[-45.55987,-17.38737],[-45.56216,-17.38485],[-45.56181,-17.38172],[-45.56047,-17.38],[-45.55895,-17.37931],[-45.55753,-17.37815],[-45.55635,-17.37651],[-45.5558,-17.375],[-45.55462,-17.37341],[-45.55385,-17.37289],[-45.55227,-17.37294],[-45.54848,-17.3735],[-45.54693,-17.3742],[-45.54491,-17.37471],[-45.54357,-17.37476],[-45.54187,-17.37522],[-45.53811,-17.37489],[-45.53626,-17.37434],[-45.53525,-17.37304],[-45.535,-17.37207],[-45.53548,-17.37027],[-45.53684,-17.37041],[-45.53769,-17.37089],[-45.5399,-17.37316],[-45.54169,-17.37242],[-45.54226,-17.37099],[-45.54226,-17.36841],[-45.54196,-17.36724],[-45.54074,-17.36611],[-45.5386,-17.36531],[-45.53623,-17.36472],[-45.53445,-17.36372],[-45.53217,-17.36151],[-45.53135,-17.36009],[-45.52937,-17.35756],[-45.52814,-17.35487],[-45.5284,-17.35324],[-45.52921,-17.35259],[-45.53089,-17.35226],[-45.53155,-17.35012],[-45.53097,-17.34814],[-45.52984,-17.34656],[-45.52847,-17.34594],[-45.52737,-17.34488],[-45.52609,-17.34431],[-45.5231,-17.344],[-45.52209,-17.34361],[-45.52115,-17.3412],[-45.5208,-17.33908],[-45.52072,-17.33696],[-45.52005,-17.33503],[-45.51916,-17.33388],[-45.51635,-17.33203],[-45.51469,-17.33155],[-45.50994,-17.32864],[-45.5089,-17.32666],[-45.50731,-17.32464],[-45.50532,-17.32264],[-45.505,-17.32057],[-45.50499,-17.31813],[-45.50469,-17.31351],[-45.50494,-17.30854],[-45.50641,-17.30496],[-45.50696,-17.30328],[-45.5081,-17.30088],[-45.50817,-17.29962],[-45.50691,-17.2961],[-45.5074,-17.29101],[-45.50842,-17.2885],[-45.50818,-17.28652],[-45.50736,-17.28466],[-45.50696,-17.28243],[-45.50692,-17.27709],[-45.50673,-17.27601],[-45.50698,-17.27076],[-45.50735,-17.26917],[-45.50833,-17.26677],[-45.50916,-17.26573],[-45.50993,-17.26414],[-45.51019,-17.25809],[-45.50937,-17.25586],[-45.50791,-17.25402],[-45.50668,-17.2531],[-45.50553,-17.25274],[-45.50431,-17.25286],[-45.50043,-17.25213],[-45.499,-17.25218],[-45.4969,-17.25181],[-45.49603,-17.25116],[-45.49534,-17.24965],[-45.49444,-17.24581],[-45.49428,-17.24448],[-45.49406,-17.23787],[-45.49436,-17.23598],[-45.49429,-17.23112],[-45.49394,-17.22863],[-45.49391,-17.22506],[-45.49367,-17.22302],[-45.49289,-17.221],[-45.49218,-17.21986],[-45.48791,-17.21621],[-45.48515,-17.21454],[-45.48272,-17.21375],[-45.481,-17.21294],[-45.4772,-17.21],[-45.47283,-17.20626],[-45.47192,-17.20486],[-45.47158,-17.20326],[-45.47172,-17.20143],[-45.47223,-17.20004],[-45.47385,-17.19753],[-45.47746,-17.19424],[-45.47862,-17.19284],[-45.48082,-17.18944],[-45.48329,-17.18609],[-45.48548,-17.18355],[-45.48638,-17.18163],[-45.48616,-17.17983],[-45.4852,-17.17752],[-45.48351,-17.17519],[-45.48056,-17.1736],[-45.47856,-17.1728],[-45.47652,-17.1713],[-45.47327,-17.16983],[-45.4701,-17.16821],[-45.46859,-17.16657],[-45.46666,-17.16379],[-45.46598,-17.16309],[-45.46265,-17.15882],[-45.46142,-17.15785],[-45.45898,-17.15694],[-45.45753,-17.1562],[-45.45334,-17.15471],[-45.45097,-17.15295],[-45.44987,-17.15146],[-45.44799,-17.14944],[-45.44617,-17.14794],[-45.44505,-17.14614],[-45.44393,-17.14353],[-45.44397,-17.14152],[-45.4457,-17.13673],[-45.44613,-17.13518],[-45.44724,-17.13279],[-45.44768,-17.13124],[-45.44733,-17.13019],[-45.44463,-17.12774],[-45.44356,-17.12642],[-45.44176,-17.12494],[-45.43942,-17.1235],[-45.43844,-17.12236],[-45.4373,-17.11998],[-45.43597,-17.11857],[-45.43578,-17.11758],[-45.43686,-17.11584],[-45.43906,-17.11424],[-45.44047,-17.11213],[-45.44187,-17.11117],[-45.44385,-17.11033],[-45.44446,-17.10952],[-45.44514,-17.10707],[-45.4465,-17.10516],[-45.44783,-17.10426],[-45.44902,-17.10395],[-45.45137,-17.10387],[-45.45367,-17.10414],[-45.45606,-17.10521],[-45.45742,-17.10632],[-45.45904,-17.10715],[-45.46007,-17.10712],[-45.46506,-17.10638],[-45.46648,-17.10634],[-45.47109,-17.10715],[-45.47365,-17.10688],[-45.47768,-17.10429],[-45.48159,-17.10012],[-45.48325,-17.09871],[-45.48757,-17.09575],[-45.48927,-17.09437],[-45.4912,-17.09339],[-45.49297,-17.09362],[-45.49377,-17.09433],[-45.49637,-17.09788],[-45.49877,-17.10004],[-45.50104,-17.10149],[-45.50463,-17.10178],[-45.50671,-17.10145],[-45.51116,-17.10034],[-45.51387,-17.10021],[-45.5158,-17.09989],[-45.51822,-17.09986],[-45.5203,-17.0996],[-45.52399,-17.0994],[-45.52571,-17.09894],[-45.52746,-17.09891],[-45.52932,-17.09851],[-45.53131,-17.09754],[-45.53291,-17.09604],[-45.53386,-17.09412],[-45.5338,-17.09244],[-45.53308,-17.0907],[-45.53191,-17.0901],[-45.52925,-17.09002],[-45.52511,-17.091],[-45.52288,-17.09091],[-45.52197,-17.09064],[-45.52061,-17.08954],[-45.52015,-17.08852],[-45.52028,-17.08565],[-45.52131,-17.08369],[-45.5229,-17.08163],[-45.52426,-17.08027],[-45.52519,-17.07898],[-45.52672,-17.07757],[-45.52966,-17.07568],[-45.53064,-17.07521],[-45.53269,-17.07511],[-45.53392,-17.07552],[-45.5365,-17.076],[-45.53828,-17.07657],[-45.54257,-17.07879],[-45.5453,-17.08051],[-45.54705,-17.08214],[-45.54828,-17.08273],[-45.55079,-17.08256],[-45.55205,-17.08166],[-45.55243,-17.07966],[-45.54992,-17.07435],[-45.54795,-17.07196],[-45.54642,-17.07098],[-45.5439,-17.06969],[-45.54298,-17.06762],[-45.5429,-17.06401],[-45.54268,-17.06277],[-45.5426,-17.05998],[-45.54279,-17.05853],[-45.54462,-17.05577],[-45.54682,-17.05431],[-45.55251,-17.05466],[-45.55472,-17.05601],[-45.5558,-17.05792],[-45.55639,-17.06268],[-45.55697,-17.06342],[-45.55805,-17.06339],[-45.5612,-17.06115],[-45.56198,-17.05988],[-45.56188,-17.05794],[-45.56106,-17.0559],[-45.5579,-17.05372],[-45.55428,-17.05265],[-45.55274,-17.05192],[-45.55155,-17.05174],[-45.5485,-17.05011],[-45.54747,-17.04883],[-45.54727,-17.04722],[-45.54837,-17.04505],[-45.55222,-17.04478],[-45.55387,-17.0451],[-45.55552,-17.04572],[-45.5583,-17.04576],[-45.55942,-17.04538],[-45.56114,-17.04432],[-45.5616,-17.04489],[-45.56273,-17.0474],[-45.56422,-17.04937],[-45.56583,-17.05183],[-45.56655,-17.05247],[-45.56913,-17.05781],[-45.57048,-17.06089],[-45.57231,-17.06275],[-45.57581,-17.0646],[-45.57821,-17.06625],[-45.57996,-17.06686],[-45.58149,-17.06679],[-45.5853,-17.06754],[-45.58767,-17.06758],[-45.5904,-17.06899],[-45.59253,-17.07067],[-45.59414,-17.07124],[-45.59553,-17.07222],[-45.59714,-17.0748],[-45.59784,-17.07631],[-45.59816,-17.07806],[-45.59876,-17.07903],[-45.5998,-17.0799],[-45.60102,-17.08015],[-45.6025,-17.08109],[-45.60356,-17.08209],[-45.60424,-17.08331],[-45.60479,-17.08501],[-45.60556,-17.08595],[-45.60701,-17.08917],[-45.60985,-17.09282],[-45.61302,-17.09597],[-45.61462,-17.09695],[-45.61829,-17.09767],[-45.62363,-17.09713],[-45.62643,-17.09735],[-45.62872,-17.09734],[-45.63131,-17.09797],[-45.63309,-17.09889],[-45.6351,-17.10022],[-45.63846,-17.1008],[-45.64171,-17.10054],[-45.64654,-17.09999],[-45.64781,-17.1002],[-45.65042,-17.10131],[-45.65249,-17.10329],[-45.65352,-17.10402],[-45.65569,-17.10624],[-45.65715,-17.10801],[-45.66011,-17.11088],[-45.66239,-17.11271],[-45.66464,-17.11328],[-45.66881,-17.11375],[-45.67142,-17.11346],[-45.67316,-17.11286],[-45.67692,-17.11275],[-45.6797,-17.11242],[-45.68376,-17.11109],[-45.68598,-17.10995],[-45.68722,-17.10981],[-45.69098,-17.10977],[-45.69776,-17.11025],[-45.70042,-17.11091],[-45.70253,-17.11189],[-45.70536,-17.11294],[-45.70721,-17.11422],[-45.7097,-17.11516],[-45.71078,-17.11527],[-45.71361,-17.1165],[-45.71553,-17.11781],[-45.71738,-17.11996],[-45.7177,-17.12088],[-45.71863,-17.12212],[-45.72094,-17.12416],[-45.722,-17.12593],[-45.72303,-17.12687],[-45.72508,-17.12997],[-45.72622,-17.13316],[-45.72609,-17.13491],[-45.72561,-17.13581],[-45.7243,-17.13724],[-45.72328,-17.13891],[-45.72345,-17.14065],[-45.72454,-17.14258],[-45.72502,-17.14293],[-45.72702,-17.14635],[-45.72827,-17.14814],[-45.72964,-17.14954],[-45.73317,-17.15118],[-45.73555,-17.15251],[-45.73667,-17.1528],[-45.74204,-17.15296],[-45.74402,-17.15178],[-45.74499,-17.15049],[-45.74688,-17.14885],[-45.7479,-17.14762],[-45.74986,-17.1464],[-45.75197,-17.14602],[-45.7534,-17.14666],[-45.75525,-17.14792],[-45.75631,-17.14922],[-45.75776,-17.15219],[-45.75789,-17.15405],[-45.75754,-17.15617],[-45.75666,-17.15785],[-45.75579,-17.16087],[-45.75576,-17.1646],[-45.75605,-17.1661],[-45.75747,-17.16807],[-45.75906,-17.16889],[-45.76391,-17.17251],[-45.76535,-17.17333],[-45.76732,-17.17496],[-45.76874,-17.17583],[-45.76991,-17.1761],[-45.7731,-17.17638],[-45.77519,-17.17686],[-45.7783,-17.17689],[-45.78028,-17.17628],[-45.78145,-17.17522],[-45.78187,-17.17315],[-45.78201,-17.17089],[-45.78307,-17.16792],[-45.78378,-17.16692],[-45.78612,-17.16569],[-45.7881,-17.16407],[-45.79089,-17.16125],[-45.79201,-17.16044],[-45.79514,-17.15755],[-45.79767,-17.15556],[-45.79888,-17.15374],[-45.80149,-17.14906],[-45.80552,-17.14501],[-45.80736,-17.14392],[-45.81082,-17.14229],[-45.81209,-17.14215],[-45.81505,-17.14064],[-45.81837,-17.13982],[-45.82112,-17.13933],[-45.82452,-17.13896],[-45.82608,-17.13905],[-45.82812,-17.13975],[-45.83193,-17.14213],[-45.83266,-17.14408],[-45.83284,-17.14569],[-45.83245,-17.14954],[-45.83243,-17.1512],[-45.83299,-17.15271],[-45.83426,-17.15377],[-45.83649,-17.15387],[-45.83823,-17.15294],[-45.83979,-17.15241],[-45.84144,-17.15245],[-45.84401,-17.15306],[-45.8464,-17.15307],[-45.8481,-17.15235],[-45.85058,-17.15052],[-45.85435,-17.14827],[-45.8549,-17.14826],[-45.85877,-17.14673],[-45.86438,-17.14401],[-45.86708,-17.14326],[-45.86912,-17.14295],[-45.87271,-17.14323],[-45.87544,-17.14393],[-45.87865,-17.14401]]]},"properties":{"codigo":"313630615","name":"Canabrava","population":2768,"households":1456,"areaKm2":1827.3078,"density":1.5}},{"type":"Feature","geometry":{"type":"Polygon","coordinates":[[[-45.55768,-17.39375],[-45.558,-17.39391],[-45.56142,-17.39399],[-45.5626,-17.39424],[-45.56718,-17.3937],[-45.57051,-17.39461],[-45.57176,-17.39523],[-45.57251,-17.39663],[-45.57307,-17.40015],[-45.57476,-17.40355],[-45.5752,-17.40601],[-45.57591,-17.40877],[-45.57589,-17.41036],[-45.57465,-17.41289],[-45.57379,-17.41425],[-45.57443,-17.41835],[-45.57444,-17.41948],[-45.57401,-17.42199],[-45.57349,-17.42284],[-45.57129,-17.42434],[-45.56736,-17.42604],[-45.56598,-17.42775],[-45.56541,-17.42913],[-45.56539,-17.4306],[-45.56592,-17.43147],[-45.56832,-17.43269],[-45.56974,-17.43291],[-45.5712,-17.43362],[-45.57432,-17.43444],[-45.57698,-17.43448],[-45.57912,-17.43412],[-45.58003,-17.4344],[-45.58205,-17.43706],[-45.58366,-17.43839],[-45.58642,-17.43928],[-45.58801,-17.43957],[-45.58952,-17.44035],[-45.59063,-17.44152],[-45.59287,-17.44476],[-45.59429,-17.44593],[-45.59535,-17.44645],[-45.59859,-17.44727],[-45.60236,-17.44922],[-45.60523,-17.45266],[-45.60559,-17.45466],[-45.60507,-17.45577],[-45.60418,-17.45664],[-45.60143,-17.45757],[-45.6005,-17.45831],[-45.5971,-17.46003],[-45.59619,-17.46128],[-45.59612,-17.46273],[-45.59697,-17.46438],[-45.59808,-17.46557],[-45.59964,-17.46628],[-45.60326,-17.46714],[-45.60533,-17.46813],[-45.60694,-17.46932],[-45.60685,-17.47045],[-45.60468,-17.47423],[-45.60461,-17.47529],[-45.60512,-17.47568],[-45.6073,-17.47613],[-45.60999,-17.47644],[-45.61141,-17.47736],[-45.61354,-17.47947],[-45.61608,-17.48225],[-45.61796,-17.48339],[-45.61966,-17.485],[-45.62108,-17.48596],[-45.62346,-17.48719],[-45.62447,-17.48813],[-45.62532,-17.48997],[-45.62576,-17.49347],[-45.6253,-17.49658],[-45.62586,-17.49851],[-45.62607,-17.50029],[-45.62673,-17.50189],[-45.62689,-17.50371],[-45.62667,-17.50675],[-45.62688,-17.50863],[-45.62855,-17.51485],[-45.62996,-17.51782],[-45.63198,-17.51937],[-45.6338,-17.52142],[-45.63519,-17.52266],[-45.63645,-17.52446],[-45.64033,-17.52785],[-45.64103,-17.52884],[-45.64143,-17.53017],[-45.6415,-17.53312],[-45.64193,-17.53526],[-45.64238,-17.53644],[-45.6438,-17.53879],[-45.6448,-17.54003],[-45.64859,-17.54413],[-45.64981,-17.54604],[-45.65114,-17.54927],[-45.65126,-17.55088],[-45.64951,-17.55313],[-45.6478,-17.55476],[-45.64701,-17.5564],[-45.64659,-17.55971],[-45.64702,-17.56082],[-45.64947,-17.56273],[-45.6517,-17.56232],[-45.65386,-17.56156],[-45.65602,-17.56189],[-45.65767,-17.56359],[-45.6583,-17.56468],[-45.65822,-17.56709],[-45.65548,-17.57082],[-45.65512,-17.57282],[-45.65511,-17.57599],[-45.65492,-17.57689],[-45.6523,-17.58057],[-45.65189,-17.58172],[-45.65193,-17.58322],[-45.65253,-17.58513],[-45.65337,-17.58612],[-45.65428,-17.58644],[-45.65622,-17.58596],[-45.65716,-17.58638],[-45.65915,-17.58847],[-45.65991,-17.59043],[-45.65957,-17.59206],[-45.65935,-17.59467],[-45.65969,-17.59582],[-45.66185,-17.59824],[-45.66458,-17.59863],[-45.66561,-17.59909],[-45.66667,-17.60047],[-45.66678,-17.60199],[-45.66604,-17.60289],[-45.66431,-17.60383],[-45.66308,-17.60482],[-45.66287,-17.60645],[-45.66288,-17.60995],[-45.66248,-17.61094],[-45.66096,-17.6128],[-45.65959,-17.61381],[-45.65856,-17.61404],[-45.65637,-17.61574],[-45.65447,-17.61797],[-45.65423,-17.61942],[-45.65495,-17.62161],[-45.65588,-17.62557],[-45.65635,-17.62852],[-45.65633,-17.62994],[-45.65541,-17.63245],[-45.65538,-17.63461],[-45.65644,-17.63659],[-45.65804,-17.63888],[-45.65847,-17.63908],[-45.65991,-17.63856],[-45.65963,-17.63757],[-45.66001,-17.63667],[-45.66246,-17.63485],[-45.66381,-17.63412],[-45.66484,-17.63419],[-45.66808,-17.63636],[-45.67014,-17.63705],[-45.67115,-17.6377],[-45.67146,-17.63857],[-45.67102,-17.64094],[-45.67026,-17.64168],[-45.6691,-17.64181],[-45.66627,-17.6414],[-45.66421,-17.64192],[-45.66353,-17.64335],[-45.66283,-17.64717],[-45.66105,-17.6517],[-45.66042,-17.65545],[-45.65977,-17.65814],[-45.6595,-17.66005],[-45.66331,-17.66579],[-45.66455,-17.66719],[-45.66467,-17.66772],[-45.66714,-17.67092],[-45.66846,-17.67396],[-45.6687,-17.67606],[-45.6696,-17.67783],[-45.67395,-17.6794],[-45.67508,-17.68035],[-45.67555,-17.6815],[-45.67589,-17.68424],[-45.67668,-17.6847],[-45.67973,-17.68459],[-45.68177,-17.68379],[-45.68323,-17.68397],[-45.68383,-17.68469],[-45.68258,-17.68717],[-45.6814,-17.68818],[-45.6791,-17.68935],[-45.6771,-17.69114],[-45.67525,-17.69209],[-45.67451,-17.69291],[-45.67248,-17.69666],[-45.67258,-17.69772],[-45.67356,-17.6983],[-45.67615,-17.69865],[-45.67841,-17.69876],[-45.67892,-17.69904],[-45.68151,-17.69909],[-45.68413,-17.69863],[-45.68585,-17.69992],[-45.68672,-17.70167],[-45.68676,-17.70319],[-45.68597,-17.70404],[-45.68347,-17.70535],[-45.68186,-17.70597],[-45.68051,-17.70698],[-45.67986,-17.70822],[-45.6802,-17.70926],[-45.68224,-17.71173],[-45.68488,-17.71325],[-45.68605,-17.71449],[-45.6879,-17.71581],[-45.6884,-17.7168],[-45.68847,-17.71822],[-45.68924,-17.7191],[-45.69145,-17.72039],[-45.69447,-17.72154],[-45.69531,-17.72228],[-45.69632,-17.72447],[-45.69591,-17.72585],[-45.69504,-17.72619],[-45.69391,-17.72523],[-45.69293,-17.72493],[-45.69137,-17.72511],[-45.69048,-17.72566],[-45.69021,-17.72653],[-45.69177,-17.72888],[-45.69225,-17.7307],[-45.69232,-17.73346],[-45.69385,-17.73567],[-45.69752,-17.73915],[-45.69908,-17.74224],[-45.70023,-17.74323],[-45.7022,-17.74408],[-45.70311,-17.74519],[-45.70249,-17.74602],[-45.70023,-17.74744],[-45.70023,-17.74845],[-45.70188,-17.75007],[-45.70366,-17.75097],[-45.70563,-17.75168],[-45.70822,-17.75323],[-45.70889,-17.75452],[-45.70838,-17.75567],[-45.70708,-17.75682],[-45.70444,-17.75688],[-45.70233,-17.75607],[-45.70077,-17.75589],[-45.69981,-17.75635],[-45.70019,-17.75775],[-45.70336,-17.75875],[-45.70482,-17.75877],[-45.70766,-17.75838],[-45.7091,-17.75767],[-45.71013,-17.75758],[-45.71225,-17.75931],[-45.71268,-17.76027],[-45.71263,-17.76184],[-45.71198,-17.76426],[-45.71303,-17.76555],[-45.71438,-17.76612],[-45.71687,-17.7682],[-45.71884,-17.76912],[-45.7211,-17.76638],[-45.72168,-17.76489],[-45.72235,-17.76415],[-45.72339,-17.76406],[-45.72411,-17.76491],[-45.72415,-17.76784],[-45.72456,-17.76942],[-45.72583,-17.77196],[-45.72763,-17.77329],[-45.72948,-17.77428],[-45.73015,-17.77571],[-45.72921,-17.77709],[-45.72777,-17.77762],[-45.72692,-17.77888],[-45.72707,-17.78027],[-45.72803,-17.78232],[-45.72822,-17.784],[-45.72954,-17.78494],[-45.73153,-17.7857],[-45.73405,-17.78619],[-45.73552,-17.78819],[-45.73551,-17.78953],[-45.73378,-17.79067],[-45.73155,-17.79104],[-45.73104,-17.79215],[-45.73181,-17.79406],[-45.73294,-17.79576],[-45.73457,-17.79615],[-45.73606,-17.79622],[-45.73719,-17.79477],[-45.73863,-17.79445],[-45.74098,-17.79572],[-45.74235,-17.7954],[-45.74368,-17.79595],[-45.74406,-17.79517],[-45.74404,-17.79365],[-45.7445,-17.79278],[-45.74613,-17.79145],[-45.74815,-17.79159],[-45.75108,-17.79285],[-45.75153,-17.79278],[-45.75264,-17.79117],[-45.75341,-17.7906],[-45.75574,-17.79118],[-45.75687,-17.79205],[-45.75737,-17.79288],[-45.75711,-17.79371],[-45.75559,-17.79493],[-45.7553,-17.79585],[-45.7566,-17.79659],[-45.7585,-17.79864],[-45.7597,-17.80071],[-45.76106,-17.80207],[-45.76208,-17.80209],[-45.76303,-17.80106],[-45.76342,-17.79954],[-45.76491,-17.79825],[-45.76659,-17.7974],[-45.76799,-17.79747],[-45.76979,-17.79805],[-45.77024,-17.79943],[-45.77022,-17.80046],[-45.76971,-17.80136],[-45.7695,-17.80288],[-45.77014,-17.80359],[-45.77293,-17.80327],[-45.77452,-17.80454],[-45.77507,-17.80548],[-45.77555,-17.8079],[-45.77672,-17.80933],[-45.77674,-17.81078],[-45.77494,-17.81273],[-45.77348,-17.81312],[-45.77295,-17.81381],[-45.77311,-17.81575],[-45.77491,-17.81757],[-45.77575,-17.81812],[-45.77664,-17.81784],[-45.77722,-17.81708],[-45.77813,-17.81722],[-45.77883,-17.81789],[-45.77991,-17.81812],[-45.78166,-17.81782],[-45.78207,-17.81911],[-45.78092,-17.82134],[-45.78118,-17.82227],[-45.78193,-17.82277],[-45.78334,-17.8228],[-45.78392,-17.82402],[-45.78349,-17.82537],[-45.78175,-17.82609],[-45.78154,-17.82698],[-45.78356,-17.82816],[-45.78464,-17.8285],[-45.78548,-17.82959],[-45.78492,-17.83081],[-45.78353,-17.83124],[-45.78259,-17.83101],[-45.77964,-17.83085],[-45.77872,-17.83099],[-45.77807,-17.8317],[-45.77978,-17.83402],[-45.78134,-17.83495],[-45.78019,-17.8358],[-45.78021,-17.83715],[-45.78203,-17.83868],[-45.78227,-17.84003],[-45.78292,-17.84075],[-45.78302,-17.8421],[-45.78393,-17.843],[-45.78455,-17.84445],[-45.78583,-17.84439],[-45.78679,-17.84319],[-45.78761,-17.84271],[-45.78833,-17.84314],[-45.78842,-17.8445],[-45.78977,-17.84508],[-45.79003,-17.84607],[-45.78981,-17.84915],[-45.79082,-17.85067],[-45.78938,-17.8509],[-45.78923,-17.85219],[-45.79027,-17.85244],[-45.79156,-17.85173],[-45.79226,-17.85295],[-45.79175,-17.85477],[-45.79235,-17.85546],[-45.7938,-17.85523],[-45.79464,-17.85567],[-45.79505,-17.85654],[-45.79697,-17.85868],[-45.79718,-17.85963],[-45.79622,-17.86064],[-45.79603,-17.86154],[-45.79629,-17.86336],[-45.79475,-17.86425],[-45.79355,-17.86402],[-45.79384,-17.86637],[-45.79461,-17.86589],[-45.7948,-17.86731],[-45.79533,-17.86814],[-45.79513,-17.86899],[-45.7942,-17.86931],[-45.79335,-17.87046],[-45.79331,-17.87136],[-45.79177,-17.87155],[-45.79097,-17.87205],[-45.79073,-17.87297],[-45.78951,-17.87447],[-45.78878,-17.8764],[-45.79051,-17.87661],[-45.79179,-17.88029],[-45.79303,-17.881],[-45.79378,-17.88059],[-45.79378,-17.87875],[-45.79465,-17.87937],[-45.79563,-17.87843],[-45.79681,-17.87928],[-45.79804,-17.87898],[-45.79871,-17.87832],[-45.7984,-17.87703],[-45.79922,-17.87585],[-45.80162,-17.87556],[-45.80313,-17.87558],[-45.80352,-17.87625],[-45.80219,-17.87701],[-45.80171,-17.87898],[-45.80217,-17.87979],[-45.80397,-17.88041],[-45.80433,-17.88228],[-45.80282,-17.88232],[-45.8019,-17.88182],[-45.80092,-17.88186],[-45.79911,-17.88342],[-45.7983,-17.88457],[-45.79784,-17.88586],[-45.79841,-17.8866],[-45.79964,-17.88577],[-45.80159,-17.88566],[-45.80197,-17.88702],[-45.80142,-17.8884],[-45.80175,-17.88973],[-45.80546,-17.89068],[-45.80545,-17.89162],[-45.80723,-17.89263],[-45.8068,-17.89385],[-45.80896,-17.89452],[-45.81076,-17.8957],[-45.81225,-17.89577],[-45.81172,-17.89855],[-45.81095,-17.8992],[-45.81141,-17.90028],[-45.81331,-17.89947],[-45.8141,-17.90051],[-45.8149,-17.9009],[-45.81622,-17.90046],[-45.8186,-17.90122],[-45.81879,-17.90217],[-45.81845,-17.90369],[-45.81922,-17.90429],[-45.81908,-17.90576],[-45.82054,-17.90583],[-45.81982,-17.90682],[-45.82025,-17.90774],[-45.81905,-17.90937],[-45.81953,-17.91013],[-45.81895,-17.91084],[-45.82032,-17.912],[-45.81989,-17.91276],[-45.81852,-17.9125],[-45.81799,-17.91388],[-45.81907,-17.91464],[-45.81924,-17.91609],[-45.81998,-17.91664],[-45.82099,-17.91671],[-45.82058,-17.91777],[-45.82082,-17.91862],[-45.82179,-17.91867],[-45.82215,-17.91938],[-45.82077,-17.9207],[-45.82166,-17.9236],[-45.82363,-17.92367],[-45.82493,-17.92447],[-45.82589,-17.92431],[-45.82635,-17.92567],[-45.82609,-17.92652],[-45.82462,-17.92666],[-45.82402,-17.9294],[-45.82469,-17.93068],[-45.82341,-17.93071],[-45.82353,-17.93183],[-45.82495,-17.93184],[-45.82493,-17.93278],[-45.82594,-17.93388],[-45.82603,-17.93485],[-45.82536,-17.93547],[-45.82574,-17.93628],[-45.82531,-17.93805],[-45.82454,-17.93856],[-45.8249,-17.93982],[-45.82726,-17.93943],[-45.82762,-17.94074],[-45.82689,-17.94309],[-45.82774,-17.94355],[-45.82706,-17.94456],[-45.82749,-17.94576],[-45.82932,-17.94553],[-45.82935,-17.94712],[-45.83115,-17.94855],[-45.83141,-17.95039],[-45.8322,-17.95092],[-45.83415,-17.95101],[-45.83432,-17.95232],[-45.83521,-17.95264],[-45.83369,-17.95382],[-45.83362,-17.95425],[-45.82985,-17.95464],[-45.8298,-17.95625],[-45.82908,-17.95695],[-45.82941,-17.95821],[-45.82912,-17.95906],[-45.83049,-17.95918],[-45.83004,-17.96146],[-45.83138,-17.96185],[-45.83138,-17.96376],[-45.8323,-17.96415],[-45.83287,-17.96597],[-45.83429,-17.96631],[-45.83487,-17.967],[-45.83515,-17.96947],[-45.836,-17.96977],[-45.83672,-17.96917],[-45.83805,-17.96977],[-45.83888,-17.97115],[-45.83881,-17.97347],[-45.83922,-17.97442],[-45.83732,-17.9763],[-45.83686,-17.97715],[-45.83708,-17.97803],[-45.83582,-17.97939],[-45.83563,-17.9804],[-45.83614,-17.98321],[-45.83972,-17.98567],[-45.84001,-17.98705],[-45.84065,-17.9877],[-45.84263,-17.98779],[-45.84277,-17.98878],[-45.84202,-17.98938],[-45.84128,-17.99106],[-45.84005,-17.99186],[-45.83911,-17.99188],[-45.83839,-17.99248],[-45.83801,-17.99391],[-45.83719,-17.99441],[-45.83721,-17.99591],[-45.83882,-17.99886],[-45.84168,-17.99962],[-45.84293,-17.99948],[-45.84438,-18.00042],[-45.84497,-18.00175],[-45.84654,-18.00308],[-45.84756,-18.00475],[-45.84766,-18.00565],[-45.84714,-18.00639],[-45.84616,-18.00651],[-45.8446,-18.00771],[-45.84464,-18.01052],[-45.84432,-18.01193],[-45.84447,-18.0128],[-45.84661,-18.01313],[-45.84801,-18.01358],[-45.84859,-18.01441],[-45.8485,-18.01537],[-45.8469,-18.01725],[-45.84561,-18.0182],[-45.84338,-18.01946],[-45.84284,-18.02086],[-45.84305,-18.02381],[-45.84277,-18.02535],[-45.84089,-18.02752],[-45.83859,-18.02922],[-45.83669,-18.0301],[-45.83455,-18.03028],[-45.83087,-18.02993],[-45.82994,-18.03017],[-45.82747,-18.03156],[-45.82694,-18.03233],[-45.82667,-18.03382],[-45.82661,-18.03705],[-45.828,-18.03918],[-45.82813,-18.04063],[-45.82773,-18.04155],[-45.82675,-18.04259],[-45.82572,-18.04418],[-45.82566,-18.0452],[-45.82608,-18.04743],[-45.8252,-18.04865],[-45.82251,-18.04913],[-45.82195,-18.04888],[-45.81982,-18.04912],[-45.81744,-18.05017],[-45.81546,-18.05232],[-45.81439,-18.05479],[-45.81371,-18.05707],[-45.81299,-18.0577],[-45.81202,-18.05938],[-45.8112,-18.06006],[-45.80657,-18.06077],[-45.80301,-18.06079],[-45.80209,-18.06105],[-45.79839,-18.06087],[-45.79665,-18.06046],[-45.79459,-18.06061],[-45.79093,-18.06151],[-45.78839,-18.06263],[-45.78695,-18.06262],[-45.78444,-18.06208],[-45.78365,-18.06148],[-45.78277,-18.05946],[-45.78093,-18.05865],[-45.77646,-18.05877],[-45.77328,-18.05809],[-45.77111,-18.05719],[-45.76877,-18.05692],[-45.76428,-18.05775],[-45.76409,-18.05824],[-45.76141,-18.05938],[-45.75975,-18.06056],[-45.75678,-18.06173],[-45.75468,-18.06167],[-45.75311,-18.06053],[-45.75196,-18.06038],[-45.74955,-18.06067],[-45.74864,-18.06033],[-45.74769,-18.05863],[-45.74679,-18.0576],[-45.74659,-18.05622],[-45.74461,-18.05458],[-45.7446,-18.05329],[-45.74323,-18.05274],[-45.74087,-18.05322],[-45.74039,-18.05239],[-45.73889,-18.05199],[-45.73767,-18.05257],[-45.73664,-18.05368],[-45.73563,-18.05371],[-45.73441,-18.05454],[-45.73256,-18.0551],[-45.72866,-18.05526],[-45.7278,-18.05499],[-45.72707,-18.05387],[-45.72703,-18.05187],[-45.72531,-18.05011],[-45.72423,-18.04926],[-45.72359,-18.04779],[-45.72349,-18.04636],[-45.723,-18.04554],[-45.72056,-18.04399],[-45.7196,-18.04383],[-45.71881,-18.04508],[-45.71615,-18.04647],[-45.71468,-18.04651],[-45.71369,-18.04911],[-45.71295,-18.04971],[-45.71121,-18.05207],[-45.71078,-18.05345],[-45.71268,-18.05342],[-45.71322,-18.05424],[-45.71356,-18.05585],[-45.71387,-18.05891],[-45.71481,-18.06017],[-45.71653,-18.06131],[-45.7179,-18.06158],[-45.71962,-18.06263],[-45.72029,-18.06332],[-45.72025,-18.06419],[-45.71922,-18.06544],[-45.71769,-18.06671],[-45.71532,-18.06756],[-45.71479,-18.06846],[-45.7139,-18.0689],[-45.71299,-18.06856],[-45.71259,-18.06996],[-45.71139,-18.07018],[-45.71084,-18.072],[-45.70996,-18.07233],[-45.70851,-18.07201],[-45.7083,-18.07291],[-45.70732,-18.07344],[-45.70544,-18.07293],[-45.70342,-18.07324],[-45.70239,-18.07446],[-45.70146,-18.07499],[-45.6993,-18.07708],[-45.69829,-18.07734],[-45.69775,-18.07865],[-45.69684,-18.07889],[-45.69592,-18.07855],[-45.69438,-18.07876],[-45.69311,-18.07966],[-45.69149,-18.08193],[-45.69022,-18.08269],[-45.6869,-18.08352],[-45.68585,-18.08506],[-45.68461,-18.08599],[-45.68257,-18.08646],[-45.68122,-18.08723],[-45.67742,-18.08693],[-45.67471,-18.08892],[-45.67427,-18.09127],[-45.67454,-18.09281],[-45.6753,-18.09541],[-45.67524,-18.0975],[-45.67564,-18.09904],[-45.67587,-18.10146],[-45.6751,-18.1027],[-45.6751,-18.10544],[-45.67465,-18.10747],[-45.67454,-18.10922],[-45.67595,-18.11135],[-45.67808,-18.11288],[-45.67813,-18.11385],[-45.67699,-18.1162],[-45.67538,-18.11727],[-45.6742,-18.11747],[-45.67381,-18.11603],[-45.66952,-18.11488],[-45.66668,-18.11444],[-45.664,-18.11323],[-45.6632,-18.11153],[-45.66297,-18.10912],[-45.6616,-18.10602],[-45.66099,-18.1042],[-45.66038,-18.10319],[-45.65838,-18.10192],[-45.65544,-18.10138],[-45.65445,-18.10092],[-45.65205,-18.09822],[-45.65016,-18.09466],[-45.64993,-18.09381],[-45.6486,-18.0917],[-45.64555,-18.08827],[-45.64503,-18.08523],[-45.64343,-18.08308],[-45.64291,-18.08207],[-45.64278,-18.07901],[-45.64167,-18.07515],[-45.64159,-18.07402],[-45.64063,-18.07007],[-45.63907,-18.06594],[-45.63798,-18.06398],[-45.6365,-18.06211],[-45.63481,-18.06096],[-45.63368,-18.06085],[-45.63228,-18.06003],[-45.63213,-18.05902],[-45.63256,-18.05821],[-45.63483,-18.05671],[-45.6363,-18.05629],[-45.63757,-18.05538],[-45.63944,-18.05362],[-45.6406,-18.0518],[-45.64119,-18.04897],[-45.64148,-18.04432],[-45.64142,-18.0422],[-45.64077,-18.03926],[-45.64009,-18.03374],[-45.64008,-18.03043],[-45.63885,-18.02555],[-45.63859,-18.02284],[-45.63713,-18.02043],[-45.63531,-18.01609],[-45.63356,-18.01332],[-45.63139,-18.01176],[-45.62917,-18.01175],[-45.62716,-18.01236],[-45.62469,-18.01341],[-45.62255,-18.01351],[-45.62076,-18.0131],[-45.61876,-18.01213],[-45.61661,-18.01082],[-45.61558,-18.00993],[-45.61268,-18.00831],[-45.61034,-18.00653],[-45.60986,-18.00639],[-45.6071,-18.00383],[-45.6063,-18.00273],[-45.60535,-18.00036],[-45.60391,-17.99852],[-45.60259,-17.99573],[-45.60143,-17.9944],[-45.60041,-17.98919],[-45.60503,-17.98699],[-45.60499,-17.98616],[-45.60872,-17.98318],[-45.60821,-17.98257],[-45.60901,-17.98193],[-45.60803,-17.98075],[-45.60903,-17.97995],[-45.60398,-17.97419],[-45.60148,-17.97465],[-45.60032,-17.97446],[-45.59566,-17.9724],[-45.59424,-17.97155],[-45.59251,-17.96998],[-45.58857,-17.96802],[-45.58759,-17.96544],[-45.58765,-17.96155],[-45.5871,-17.95821],[-45.586,-17.95683],[-45.58528,-17.95538],[-45.58348,-17.95298],[-45.5836,-17.95066],[-45.58445,-17.9493],[-45.58455,-17.94663],[-45.58422,-17.94433],[-45.58364,-17.94214],[-45.58211,-17.93972],[-45.58055,-17.93655],[-45.57962,-17.93509],[-45.57827,-17.93364],[-45.57681,-17.93316],[-45.57316,-17.9305],[-45.56946,-17.92617],[-45.56913,-17.92532],[-45.56863,-17.92262],[-45.56791,-17.9209],[-45.56688,-17.91974],[-45.56352,-17.91886],[-45.5628,-17.91813],[-45.56302,-17.9152],[-45.56254,-17.9115],[-45.56301,-17.90952],[-45.56385,-17.90883],[-45.56705,-17.90713],[-45.56763,-17.90538],[-45.5674,-17.90205],[-45.56632,-17.90101],[-45.56209,-17.89983],[-45.55882,-17.89752],[-45.55704,-17.89706],[-45.55493,-17.89721],[-45.55223,-17.89854],[-45.5512,-17.89877],[-45.54904,-17.89854],[-45.5482,-17.89808],[-45.54657,-17.89561],[-45.5452,-17.89271],[-45.54326,-17.88932],[-45.54067,-17.88704],[-45.53904,-17.88584],[-45.53789,-17.88542],[-45.53558,-17.88367],[-45.53232,-17.88242],[-45.5302,-17.88216],[-45.52768,-17.88126],[-45.52564,-17.8801],[-45.52343,-17.87679],[-45.52226,-17.87462],[-45.52018,-17.86992],[-45.5174,-17.86529],[-45.51462,-17.86165],[-45.5115,-17.85943],[-45.50913,-17.85834],[-45.50632,-17.8576],[-45.50214,-17.85667],[-45.50065,-17.85656],[-45.49787,-17.85523],[-45.49578,-17.85456],[-45.49495,-17.85383],[-45.49339,-17.85372],[-45.48956,-17.85562],[-45.4868,-17.85608],[-45.48519,-17.856],[-45.48417,-17.8555],[-45.48163,-17.85575],[-45.47973,-17.85572],[-45.47934,-17.856],[-45.47754,-17.85597],[-45.47411,-17.85475],[-45.47286,-17.85389],[-45.47122,-17.85411],[-45.46925,-17.85611],[-45.46828,-17.85604],[-45.46717,-17.85483],[-45.46631,-17.85337],[-45.46375,-17.85145],[-45.46181,-17.84951],[-45.46016,-17.84819],[-45.45912,-17.84771],[-45.45641,-17.84713],[-45.45718,-17.84623],[-45.45785,-17.8448],[-45.45797,-17.84217],[-45.4593,-17.84083],[-45.46118,-17.83837],[-45.46172,-17.83694],[-45.46236,-17.8362],[-45.46538,-17.83419],[-45.46649,-17.83248],[-45.46641,-17.83142],[-45.46524,-17.8303],[-45.46426,-17.82999],[-45.46102,-17.8278],[-45.46014,-17.82654],[-45.45925,-17.82418],[-45.45912,-17.82317],[-45.4595,-17.82226],[-45.45936,-17.82015],[-45.45737,-17.81788],[-45.45561,-17.81428],[-45.45356,-17.81395],[-45.45207,-17.81304],[-45.4498,-17.81237],[-45.4477,-17.81142],[-45.44807,-17.81004],[-45.44907,-17.80895],[-45.44985,-17.8076],[-45.44941,-17.80613],[-45.44627,-17.80448],[-45.44621,-17.80291],[-45.44718,-17.80104],[-45.44894,-17.79914],[-45.45045,-17.79844],[-45.4543,-17.79863],[-45.4555,-17.79856],[-45.45977,-17.80025],[-45.46005,-17.79928],[-45.45727,-17.79527],[-45.45585,-17.79471],[-45.45327,-17.79127],[-45.45214,-17.79119],[-45.44957,-17.79186],[-45.44757,-17.79109],[-45.44549,-17.7918],[-45.44202,-17.7933],[-45.44101,-17.79342],[-45.43832,-17.79139],[-45.43592,-17.7892],[-45.43422,-17.78716],[-45.43326,-17.78722],[-45.43193,-17.78826],[-45.42894,-17.78799],[-45.42696,-17.78694],[-45.4243,-17.78708],[-45.42262,-17.78737],[-45.4204,-17.78716],[-45.41905,-17.78671],[-45.41753,-17.78543],[-45.41677,-17.78405],[-45.41704,-17.78198],[-45.41821,-17.78047],[-45.41957,-17.77963],[-45.41968,-17.77857],[-45.41835,-17.7769],[-45.41756,-17.77532],[-45.41812,-17.7735],[-45.41939,-17.77257],[-45.42044,-17.77221],[-45.42343,-17.7724],[-45.42426,-17.77177],[-45.42386,-17.76993],[-45.42205,-17.76854],[-45.42122,-17.7667],[-45.42193,-17.7655],[-45.42396,-17.76436],[-45.42822,-17.76257],[-45.42858,-17.76222],[-45.42852,-17.76068],[-45.42803,-17.75974],[-45.42822,-17.75668],[-45.42862,-17.75573],[-45.42958,-17.75554],[-45.43057,-17.75592],[-45.43206,-17.75568],[-45.43262,-17.7539],[-45.43343,-17.75332],[-45.43805,-17.75349],[-45.43968,-17.7532],[-45.44063,-17.75267],[-45.44165,-17.75088],[-45.44238,-17.74865],[-45.44412,-17.74727],[-45.445,-17.74575],[-45.44531,-17.74314],[-45.44467,-17.7414],[-45.44471,-17.74008],[-45.44518,-17.73861],[-45.44504,-17.73686],[-45.44446,-17.7361],[-45.44296,-17.73572],[-45.44071,-17.73314],[-45.43979,-17.73294],[-45.43891,-17.73341],[-45.43696,-17.73561],[-45.43542,-17.7364],[-45.43172,-17.73641],[-45.42944,-17.73617],[-45.42785,-17.73577],[-45.42635,-17.73493],[-45.42529,-17.7339],[-45.42431,-17.73149],[-45.42441,-17.72963],[-45.42364,-17.72685],[-45.42406,-17.72535],[-45.42478,-17.72465],[-45.42614,-17.724],[-45.42754,-17.72417],[-45.42902,-17.72379],[-45.42901,-17.72285],[-45.42843,-17.72197],[-45.42632,-17.71999],[-45.42364,-17.7186],[-45.42165,-17.71862],[-45.41727,-17.71727],[-45.41656,-17.71647],[-45.41563,-17.71404],[-45.4142,-17.71264],[-45.41321,-17.7124],[-45.41256,-17.71157],[-45.41222,-17.70863],[-45.41177,-17.70628],[-45.41236,-17.70492],[-45.41217,-17.70299],[-45.41399,-17.69947],[-45.41424,-17.69712],[-45.41507,-17.69587],[-45.41489,-17.69426],[-45.41365,-17.69342],[-45.41175,-17.69284],[-45.41049,-17.69119],[-45.40943,-17.68871],[-45.40988,-17.68735],[-45.41064,-17.68674],[-45.41196,-17.68639],[-45.41288,-17.68461],[-45.41503,-17.68259],[-45.41449,-17.68142],[-45.41453,-17.68017],[-45.41581,-17.67878],[-45.41527,-17.67757],[-45.41275,-17.67712],[-45.41116,-17.67661],[-45.41023,-17.67466],[-45.41025,-17.67376],[-45.41086,-17.6729],[-45.41044,-17.67157],[-45.40893,-17.67216],[-45.408,-17.67186],[-45.40603,-17.66953],[-45.40359,-17.66835],[-45.40288,-17.66645],[-45.40321,-17.66504],[-45.40451,-17.66303],[-45.40568,-17.66221],[-45.40712,-17.6619],[-45.40863,-17.66198],[-45.40906,-17.66145],[-45.40768,-17.65941],[-45.40772,-17.6589],[-45.4098,-17.6576],[-45.40988,-17.65573],[-45.41107,-17.65418],[-45.41255,-17.65299],[-45.41406,-17.65291],[-45.41578,-17.65205],[-45.41574,-17.65064],[-45.41538,-17.64968],[-45.41526,-17.6477],[-45.41484,-17.64637],[-45.41567,-17.64519],[-45.41686,-17.64578],[-45.4187,-17.64523],[-45.42012,-17.64524],[-45.42193,-17.64415],[-45.42193,-17.64323],[-45.42132,-17.64233],[-45.42176,-17.64099],[-45.42286,-17.64011],[-45.42521,-17.63913],[-45.42667,-17.63895],[-45.42777,-17.63812],[-45.43043,-17.63782],[-45.43192,-17.63811],[-45.43371,-17.63685],[-45.43447,-17.63509],[-45.43459,-17.63306],[-45.43415,-17.63166],[-45.43462,-17.63083],[-45.43596,-17.62955],[-45.43612,-17.62863],[-45.43702,-17.62814],[-45.43799,-17.62636],[-45.43931,-17.62575],[-45.44036,-17.62485],[-45.44276,-17.62478],[-45.44562,-17.62181],[-45.4462,-17.6201],[-45.44732,-17.61869],[-45.44901,-17.61771],[-45.44926,-17.61529],[-45.44987,-17.61445],[-45.45116,-17.61364],[-45.45206,-17.61186],[-45.45211,-17.60949],[-45.45246,-17.60842],[-45.4533,-17.60798],[-45.45513,-17.60628],[-45.45538,-17.60446],[-45.45473,-17.60373],[-45.45322,-17.60379],[-45.44923,-17.60327],[-45.44845,-17.60258],[-45.4469,-17.59799],[-45.44542,-17.59598],[-45.44531,-17.59443],[-45.4448,-17.59356],[-45.44247,-17.59402],[-45.44086,-17.59394],[-45.4392,-17.5928],[-45.43868,-17.59179],[-45.43801,-17.58933],[-45.4376,-17.58547],[-45.43624,-17.58373],[-45.43457,-17.58291],[-45.43287,-17.5826],[-45.43054,-17.58264],[-45.42886,-17.58316],[-45.42572,-17.58321],[-45.42416,-17.58343],[-45.42181,-17.58425],[-45.41942,-17.58556],[-45.41868,-17.58621],[-45.41574,-17.5873],[-45.4132,-17.58748],[-45.4082,-17.58685],[-45.40617,-17.58509],[-45.40312,-17.58316],[-45.40127,-17.58243],[-45.39667,-17.58033],[-45.39455,-17.57967],[-45.39063,-17.57908],[-45.38753,-17.57906],[-45.38461,-17.58012],[-45.38233,-17.58016],[-45.38163,-17.57901],[-45.3815,-17.57782],[-45.38161,-17.57459],[-45.38278,-17.57276],[-45.38565,-17.57168],[-45.38663,-17.57179],[-45.38965,-17.57101],[-45.3913,-17.56989],[-45.39237,-17.56864],[-45.3926,-17.56776],[-45.39239,-17.56578],[-45.39178,-17.56475],[-45.38939,-17.56277],[-45.38659,-17.56111],[-45.38533,-17.55904],[-45.38422,-17.55576],[-45.38264,-17.55321],[-45.38258,-17.55167],[-45.38321,-17.54987],[-45.38378,-17.54904],[-45.38475,-17.54664],[-45.38451,-17.5447],[-45.38368,-17.54213],[-45.38357,-17.53769],[-45.38374,-17.53538],[-45.38418,-17.53388],[-45.38403,-17.53236],[-45.38289,-17.53085],[-45.38271,-17.52991],[-45.38177,-17.52865],[-45.38207,-17.52736],[-45.38198,-17.5254],[-45.38278,-17.52369],[-45.38449,-17.5214],[-45.38583,-17.52081],[-45.38799,-17.51833],[-45.38941,-17.51821],[-45.3902,-17.5176],[-45.39066,-17.51633],[-45.39198,-17.51605],[-45.39287,-17.51643],[-45.3944,-17.51534],[-45.39524,-17.51508],[-45.39465,-17.51308],[-45.39473,-17.5122],[-45.3958,-17.50998],[-45.39715,-17.5085],[-45.39844,-17.50801],[-45.39978,-17.50666],[-45.40019,-17.50479],[-45.40138,-17.50278],[-45.40231,-17.50243],[-45.40338,-17.50145],[-45.4052,-17.50065],[-45.40721,-17.50059],[-45.4095,-17.49926],[-45.41085,-17.49797],[-45.41176,-17.49752],[-45.41332,-17.49619],[-45.41357,-17.4934],[-45.41444,-17.49226],[-45.4156,-17.4913],[-45.41597,-17.48993],[-45.41587,-17.48855],[-45.41759,-17.48788],[-45.41839,-17.48677],[-45.41958,-17.48604],[-45.42021,-17.48469],[-45.42102,-17.48443],[-45.42226,-17.48512],[-45.42369,-17.48457],[-45.42707,-17.48439],[-45.42822,-17.48541],[-45.43077,-17.48584],[-45.43173,-17.48573],[-45.4332,-17.48456],[-45.43462,-17.485],[-45.43611,-17.48487],[-45.4384,-17.48583],[-45.43957,-17.48669],[-45.44154,-17.48707],[-45.44271,-17.48858],[-45.44499,-17.48657],[-45.4485,-17.4853],[-45.44964,-17.48438],[-45.45166,-17.48168],[-45.45245,-17.48117],[-45.45588,-17.48144],[-45.45781,-17.48197],[-45.45877,-17.48152],[-45.459,-17.47967],[-45.46062,-17.4787],[-45.46427,-17.47587],[-45.46493,-17.47653],[-45.46596,-17.47633],[-45.46696,-17.47726],[-45.46801,-17.47715],[-45.47123,-17.47563],[-45.47204,-17.47495],[-45.47236,-17.47403],[-45.47199,-17.4732],[-45.47231,-17.47239],[-45.47319,-17.47199],[-45.47332,-17.4706],[-45.47297,-17.46969],[-45.47406,-17.46894],[-45.47557,-17.46894],[-45.47678,-17.46809],[-45.47733,-17.46583],[-45.47874,-17.46562],[-45.47938,-17.46495],[-45.48152,-17.46404],[-45.48256,-17.46398],[-45.4837,-17.46493],[-45.48415,-17.46481],[-45.48533,-17.46334],[-45.48681,-17.46284],[-45.48783,-17.46193],[-45.48964,-17.45911],[-45.49004,-17.45876],[-45.49125,-17.45948],[-45.4937,-17.45973],[-45.49509,-17.4595],[-45.49537,-17.45871],[-45.49444,-17.45767],[-45.49535,-17.45597],[-45.49802,-17.45483],[-45.50082,-17.45487],[-45.5018,-17.45441],[-45.50318,-17.45305],[-45.50402,-17.45084],[-45.50292,-17.44642],[-45.50347,-17.44492],[-45.50512,-17.44388],[-45.50529,-17.44298],[-45.50428,-17.44283],[-45.50351,-17.44147],[-45.50379,-17.4405],[-45.50521,-17.44008],[-45.50631,-17.43909],[-45.50633,-17.43812],[-45.50712,-17.43764],[-45.50848,-17.43745],[-45.50975,-17.43554],[-45.50991,-17.43418],[-45.51089,-17.43302],[-45.51202,-17.43245],[-45.51165,-17.4315],[-45.51258,-17.43],[-45.51404,-17.4288],[-45.51408,-17.42691],[-45.51475,-17.42643],[-45.51567,-17.4268],[-45.51766,-17.42679],[-45.5176,-17.42541],[-45.51624,-17.42465],[-45.51735,-17.42207],[-45.51829,-17.42207],[-45.5204,-17.42351],[-45.52242,-17.42385],[-45.5241,-17.42369],[-45.5257,-17.42251],[-45.52671,-17.42243],[-45.52745,-17.42183],[-45.52934,-17.42245],[-45.53128,-17.42191],[-45.53233,-17.4197],[-45.53435,-17.41953],[-45.53548,-17.42031],[-45.53684,-17.41976],[-45.53773,-17.4201],[-45.53895,-17.41906],[-45.54036,-17.41837],[-45.54141,-17.4174],[-45.54511,-17.4175],[-45.54609,-17.41768],[-45.54657,-17.41687],[-45.54538,-17.41414],[-45.54605,-17.41324],[-45.54856,-17.41141],[-45.55014,-17.41083],[-45.55162,-17.40862],[-45.55296,-17.40811],[-45.55353,-17.40668],[-45.5543,-17.40589],[-45.55515,-17.40407],[-45.55604,-17.40287],[-45.55776,-17.40165],[-45.5598,-17.4015],[-45.56025,-17.40072],[-45.55923,-17.39819],[-45.55734,-17.39842],[-45.55709,-17.39686],[-45.55714,-17.39488],[-45.55768,-17.39375]]]},"properties":{"codigo":"313630617","name":"Luizlândia do Oeste","population":1560,"households":969,"areaKm2":1827.5998,"density":0.9}},{"type":"Feature","geometry":{"type":"Polygon","coordinates":[[[-45.76208,-17.80209],[-45.76106,-17.80207],[-45.7597,-17.80071],[-45.7585,-17.79864],[-45.7566,-17.79659],[-45.7553,-17.79585],[-45.75559,-17.79493],[-45.75711,-17.79371],[-45.75737,-17.79288],[-45.75687,-17.79205],[-45.75574,-17.79118],[-45.75341,-17.7906],[-45.75264,-17.79117],[-45.75153,-17.79278],[-45.75108,-17.79285],[-45.74815,-17.79159],[-45.74613,-17.79145],[-45.7445,-17.79278],[-45.74404,-17.79365],[-45.74406,-17.79517],[-45.74368,-17.79595],[-45.74235,-17.7954],[-45.74098,-17.79572],[-45.73863,-17.79445],[-45.73719,-17.79477],[-45.73606,-17.79622],[-45.73457,-17.79615],[-45.73294,-17.79576],[-45.73181,-17.79406],[-45.73104,-17.79215],[-45.73155,-17.79104],[-45.73378,-17.79067],[-45.73551,-17.78953],[-45.73552,-17.78819],[-45.73405,-17.78619],[-45.73153,-17.7857],[-45.72954,-17.78494],[-45.72822,-17.784],[-45.72803,-17.78232],[-45.72707,-17.78027],[-45.72692,-17.77888],[-45.72777,-17.77762],[-45.72921,-17.77709],[-45.73015,-17.77571],[-45.72948,-17.77428],[-45.72763,-17.77329],[-45.72583,-17.77196],[-45.72456,-17.76942],[-45.72415,-17.76784],[-45.72411,-17.76491],[-45.72339,-17.76406],[-45.72235,-17.76415],[-45.72168,-17.76489],[-45.7211,-17.76638],[-45.71884,-17.76912],[-45.71687,-17.7682],[-45.71438,-17.76612],[-45.71303,-17.76555],[-45.71198,-17.76426],[-45.71263,-17.76184],[-45.71268,-17.76027],[-45.71225,-17.75931],[-45.71013,-17.75758],[-45.7091,-17.75767],[-45.70766,-17.75838],[-45.70482,-17.75877],[-45.70336,-17.75875],[-45.70019,-17.75775],[-45.69981,-17.75635],[-45.70077,-17.75589],[-45.70233,-17.75607],[-45.70444,-17.75688],[-45.70708,-17.75682],[-45.70838,-17.75567],[-45.70889,-17.75452],[-45.70822,-17.75323],[-45.70563,-17.75168],[-45.70366,-17.75097],[-45.70188,-17.75007],[-45.70023,-17.74845],[-45.70023,-17.74744],[-45.70249,-17.74602],[-45.70311,-17.74519],[-45.7022,-17.74408],[-45.70023,-17.74323],[-45.69908,-17.74224],[-45.69752,-17.73915],[-45.69385,-17.73567],[-45.69232,-17.73346],[-45.69225,-17.7307],[-45.69177,-17.72888],[-45.69021,-17.72653],[-45.69048,-17.72566],[-45.69137,-17.72511],[-45.69293,-17.72493],[-45.69391,-17.72523],[-45.69504,-17.72619],[-45.69591,-17.72585],[-45.69632,-17.72447],[-45.69531,-17.72228],[-45.69447,-17.72154],[-45.69145,-17.72039],[-45.68924,-17.7191],[-45.68847,-17.71822],[-45.6884,-17.7168],[-45.6879,-17.71581],[-45.68605,-17.71449],[-45.68488,-17.71325],[-45.68224,-17.71173],[-45.6802,-17.70926],[-45.67986,-17.70822],[-45.68051,-17.70698],[-45.68186,-17.70597],[-45.68347,-17.70535],[-45.68597,-17.70404],[-45.68676,-17.70319],[-45.68672,-17.70167],[-45.68585,-17.69992],[-45.68413,-17.69863],[-45.68151,-17.69909],[-45.67892,-17.69904],[-45.67841,-17.69876],[-45.67615,-17.69865],[-45.67356,-17.6983],[-45.67258,-17.69772],[-45.67248,-17.69666],[-45.67451,-17.69291],[-45.67525,-17.69209],[-45.6771,-17.69114],[-45.6791,-17.68935],[-45.6814,-17.68818],[-45.68258,-17.68717],[-45.68383,-17.68469],[-45.68323,-17.68397],[-45.68177,-17.68379],[-45.67973,-17.68459],[-45.67668,-17.6847],[-45.67589,-17.68424],[-45.67555,-17.6815],[-45.67508,-17.68035],[-45.67395,-17.6794],[-45.6696,-17.67783],[-45.6687,-17.67606],[-45.66846,-17.67396],[-45.66714,-17.67092],[-45.66467,-17.66772],[-45.66455,-17.66719],[-45.66331,-17.66579],[-45.6595,-17.66005],[-45.65977,-17.65814],[-45.66042,-17.65545],[-45.66105,-17.6517],[-45.66283,-17.64717],[-45.66353,-17.64335],[-45.66421,-17.64192],[-45.66627,-17.6414],[-45.6691,-17.64181],[-45.67026,-17.64168],[-45.67102,-17.64094],[-45.67146,-17.63857],[-45.67115,-17.6377],[-45.67014,-17.63705],[-45.66808,-17.63636],[-45.66484,-17.63419],[-45.66381,-17.63412],[-45.66246,-17.63485],[-45.66001,-17.63667],[-45.65963,-17.63757],[-45.65991,-17.63856],[-45.65847,-17.63908],[-45.65804,-17.63888],[-45.65644,-17.63659],[-45.65538,-17.63461],[-45.65541,-17.63245],[-45.65633,-17.62994],[-45.65635,-17.62852],[-45.65588,-17.62557],[-45.65495,-17.62161],[-45.65423,-17.61942],[-45.65447,-17.61797],[-45.65637,-17.61574],[-45.65856,-17.61404],[-45.65959,-17.61381],[-45.66096,-17.6128],[-45.66248,-17.61094],[-45.66288,-17.60995],[-45.66287,-17.60645],[-45.66308,-17.60482],[-45.66431,-17.60383],[-45.66604,-17.60289],[-45.66678,-17.60199],[-45.66667,-17.60047],[-45.66561,-17.59909],[-45.66458,-17.59863],[-45.66185,-17.59824],[-45.65969,-17.59582],[-45.65935,-17.59467],[-45.65957,-17.59206],[-45.65991,-17.59043],[-45.65915,-17.58847],[-45.65716,-17.58638],[-45.65622,-17.58596],[-45.65428,-17.58644],[-45.65337,-17.58612],[-45.65253,-17.58513],[-45.65193,-17.58322],[-45.65189,-17.58172],[-45.6523,-17.58057],[-45.65492,-17.57689],[-45.65511,-17.57599],[-45.65512,-17.57282],[-45.65548,-17.57082],[-45.65822,-17.56709],[-45.6583,-17.56468],[-45.65767,-17.56359],[-45.65602,-17.56189],[-45.65386,-17.56156],[-45.6517,-17.56232],[-45.64947,-17.56273],[-45.64702,-17.56082],[-45.64659,-17.55971],[-45.64701,-17.5564],[-45.6478,-17.55476],[-45.64951,-17.55313],[-45.65126,-17.55088],[-45.65114,-17.54927],[-45.64981,-17.54604],[-45.64859,-17.54413],[-45.6448,-17.54003],[-45.6438,-17.53879],[-45.64238,-17.53644],[-45.64193,-17.53526],[-45.6415,-17.53312],[-45.64143,-17.53017],[-45.64103,-17.52884],[-45.64033,-17.52785],[-45.63645,-17.52446],[-45.63519,-17.52266],[-45.6338,-17.52142],[-45.63198,-17.51937],[-45.62996,-17.51782],[-45.62855,-17.51485],[-45.62688,-17.50863],[-45.62667,-17.50675],[-45.62689,-17.50371],[-45.62673,-17.50189],[-45.62607,-17.50029],[-45.62586,-17.49851],[-45.6253,-17.49658],[-45.62576,-17.49347],[-45.62532,-17.48997],[-45.62447,-17.48813],[-45.62346,-17.48719],[-45.62108,-17.48596],[-45.61966,-17.485],[-45.61796,-17.48339],[-45.61608,-17.48225],[-45.61354,-17.47947],[-45.61619,-17.47958],[-45.61978,-17.47869],[-45.6217,-17.47804],[-45.6224,-17.47856],[-45.62247,-17.47955],[-45.62322,-17.47992],[-45.62514,-17.47941],[-45.62653,-17.48101],[-45.62915,-17.48192],[-45.63064,-17.48263],[-45.63112,-17.48346],[-45.63161,-17.48587],[-45.63481,-17.4877],[-45.63649,-17.48749],[-45.63802,-17.48627],[-45.63907,-17.48624],[-45.63982,-17.4869],[-45.63992,-17.48907],[-45.64022,-17.49049],[-45.64089,-17.49118],[-45.64344,-17.49184],[-45.64505,-17.49326],[-45.64638,-17.49616],[-45.65045,-17.49936],[-45.65183,-17.50024],[-45.65244,-17.50147],[-45.65371,-17.50248],[-45.65522,-17.50246],[-45.65642,-17.50327],[-45.65951,-17.50396],[-45.66136,-17.50318],[-45.66232,-17.50344],[-45.66433,-17.5056],[-45.6658,-17.50538],[-45.66652,-17.50462],[-45.66755,-17.5043],[-45.66899,-17.50483],[-45.66982,-17.50653],[-45.67095,-17.50761],[-45.67191,-17.50936],[-45.67265,-17.51022],[-45.67423,-17.51116],[-45.67449,-17.51169],[-45.67363,-17.51337],[-45.67269,-17.51616],[-45.67245,-17.51756],[-45.67276,-17.51961],[-45.6734,-17.52092],[-45.67373,-17.52242],[-45.6746,-17.52315],[-45.67714,-17.52378],[-45.67867,-17.52574],[-45.68001,-17.52648],[-45.68219,-17.52945],[-45.68291,-17.53173],[-45.68418,-17.53221],[-45.68478,-17.53293],[-45.68475,-17.53617],[-45.6853,-17.53702],[-45.68617,-17.53677],[-45.68809,-17.53502],[-45.68957,-17.53503],[-45.69046,-17.53613],[-45.69027,-17.53708],[-45.68935,-17.53816],[-45.68921,-17.53912],[-45.6899,-17.53963],[-45.6929,-17.53908],[-45.69427,-17.53844],[-45.69518,-17.53869],[-45.69657,-17.54005],[-45.69801,-17.54212],[-45.69808,-17.54307],[-45.69656,-17.54755],[-45.69956,-17.54951],[-45.70069,-17.55078],[-45.70392,-17.55136],[-45.7068,-17.55219],[-45.70714,-17.55256],[-45.7067,-17.5539],[-45.70363,-17.55456],[-45.70209,-17.55578],[-45.70238,-17.55665],[-45.7048,-17.55863],[-45.70619,-17.55937],[-45.70749,-17.56048],[-45.70895,-17.56246],[-45.70979,-17.56276],[-45.71111,-17.56189],[-45.71252,-17.56134],[-45.71509,-17.56138],[-45.71675,-17.56166],[-45.71713,-17.56254],[-45.71626,-17.56447],[-45.71669,-17.5662],[-45.71643,-17.56923],[-45.71695,-17.57064],[-45.71806,-17.57041],[-45.71976,-17.5694],[-45.72252,-17.5703],[-45.72473,-17.57026],[-45.72629,-17.57063],[-45.72693,-17.57148],[-45.7294,-17.57235],[-45.73094,-17.57256],[-45.73322,-17.57369],[-45.736,-17.57528],[-45.74001,-17.57623],[-45.74092,-17.57586],[-45.74147,-17.57494],[-45.74233,-17.57439],[-45.74433,-17.57421],[-45.74584,-17.57465],[-45.74658,-17.57532],[-45.74759,-17.57534],[-45.75093,-17.57399],[-45.75234,-17.57399],[-45.75496,-17.57461],[-45.75592,-17.57445],[-45.75831,-17.57471],[-45.76009,-17.57402],[-45.76091,-17.57512],[-45.76227,-17.57471],[-45.76352,-17.57319],[-45.7654,-17.57248],[-45.76631,-17.57126],[-45.76677,-17.56974],[-45.76806,-17.56726],[-45.76953,-17.56346],[-45.77186,-17.56151],[-45.77419,-17.56091],[-45.77522,-17.56038],[-45.77836,-17.56025],[-45.77987,-17.55942],[-45.78096,-17.55783],[-45.78201,-17.55383],[-45.7818,-17.54895],[-45.7813,-17.54674],[-45.78003,-17.54271],[-45.78037,-17.5393],[-45.78028,-17.53843],[-45.7792,-17.5362],[-45.77915,-17.53449],[-45.77975,-17.53387],[-45.78239,-17.53344],[-45.78409,-17.53351],[-45.787,-17.53445],[-45.78855,-17.53462],[-45.79019,-17.53423],[-45.79098,-17.53356],[-45.79136,-17.53011],[-45.79096,-17.52925],[-45.7912,-17.52686],[-45.7918,-17.52553],[-45.79516,-17.52286],[-45.79634,-17.52058],[-45.79636,-17.51803],[-45.79696,-17.5166],[-45.79848,-17.5152],[-45.80008,-17.51407],[-45.80232,-17.51315],[-45.80476,-17.51318],[-45.80606,-17.51258],[-45.80788,-17.5121],[-45.8116,-17.51323],[-45.81342,-17.51406],[-45.815,-17.51601],[-45.81591,-17.51608],[-45.81815,-17.51498],[-45.81963,-17.51611],[-45.82102,-17.51553],[-45.82321,-17.51634],[-45.8246,-17.51798],[-45.82671,-17.51903],[-45.82783,-17.51986],[-45.82992,-17.51876],[-45.83208,-17.51878],[-45.83395,-17.52028],[-45.83577,-17.521],[-45.83671,-17.52097],[-45.83736,-17.52026],[-45.83935,-17.52015],[-45.84031,-17.52042],[-45.84249,-17.52176],[-45.84503,-17.52185],[-45.8464,-17.52167],[-45.84983,-17.52031],[-45.85177,-17.52031],[-45.85391,-17.52112],[-45.85448,-17.52107],[-45.85525,-17.51935],[-45.85516,-17.51751],[-45.85674,-17.51659],[-45.85712,-17.51527],[-45.85863,-17.51603],[-45.86065,-17.51652],[-45.85976,-17.51406],[-45.85993,-17.51357],[-45.86187,-17.51348],[-45.86259,-17.51286],[-45.86257,-17.51196],[-45.86195,-17.51109],[-45.86231,-17.50971],[-45.8625,-17.50685],[-45.86411,-17.50451],[-45.86435,-17.50363],[-45.86389,-17.50283],[-45.86255,-17.50223],[-45.8631,-17.50154],[-45.86531,-17.50057],[-45.86563,-17.49844],[-45.86784,-17.49866],[-45.86872,-17.49714],[-45.87063,-17.49577],[-45.87204,-17.49583],[-45.8733,-17.49721],[-45.87467,-17.49739],[-45.87541,-17.49669],[-45.87692,-17.49657],[-45.87746,-17.4959],[-45.87681,-17.49461],[-45.87537,-17.49342],[-45.8751,-17.49253],[-45.87586,-17.49137],[-45.87605,-17.49047],[-45.87711,-17.4884],[-45.8773,-17.48743],[-45.87674,-17.48603],[-45.87551,-17.4847],[-45.8756,-17.48382],[-45.87675,-17.48219],[-45.879,-17.48137],[-45.88093,-17.48],[-45.88194,-17.48],[-45.88427,-17.48049],[-45.88558,-17.47996],[-45.88789,-17.48047],[-45.88935,-17.48047],[-45.89107,-17.47961],[-45.89282,-17.4779],[-45.89449,-17.4731],[-45.89634,-17.47259],[-45.89837,-17.47113],[-45.89935,-17.47087],[-45.90037,-17.46927],[-45.90111,-17.46869],[-45.902,-17.46894],[-45.90304,-17.47048],[-45.90403,-17.47084],[-45.90542,-17.47045],[-45.90634,-17.46874],[-45.9062,-17.46542],[-45.90596,-17.46494],[-45.90251,-17.46471],[-45.90133,-17.46386],[-45.90092,-17.46296],[-45.90122,-17.46158],[-45.9028,-17.46061],[-45.90401,-17.45862],[-45.90473,-17.458],[-45.90724,-17.45702],[-45.90877,-17.45683],[-45.90954,-17.45625],[-45.91172,-17.45237],[-45.9115,-17.45147],[-45.90871,-17.44951],[-45.90694,-17.44664],[-45.90715,-17.44436],[-45.90905,-17.4412],[-45.90969,-17.43926],[-45.90939,-17.43682],[-45.90699,-17.43336],[-45.90603,-17.4324],[-45.90833,-17.4314],[-45.90817,-17.43006],[-45.90579,-17.42798],[-45.90537,-17.42646],[-45.90436,-17.42559],[-45.90445,-17.42423],[-45.90415,-17.4226],[-45.90261,-17.42104],[-45.90265,-17.42008],[-45.90337,-17.41938],[-45.90327,-17.418],[-45.90276,-17.41718],[-45.90307,-17.41628],[-45.90393,-17.41584],[-45.90433,-17.415],[-45.90365,-17.41379],[-45.90257,-17.41264],[-45.90294,-17.41135],[-45.90481,-17.41086],[-45.90526,-17.40996],[-45.90573,-17.4071],[-45.90476,-17.40538],[-45.90588,-17.40446],[-45.90559,-17.40358],[-45.90342,-17.40152],[-45.90363,-17.40009],[-45.90314,-17.39913],[-45.90186,-17.39771],[-45.90195,-17.39665],[-45.90278,-17.3948],[-45.90158,-17.39322],[-45.90133,-17.39226],[-45.90153,-17.38979],[-45.90145,-17.38784],[-45.90217,-17.38666],[-45.90225,-17.38525],[-45.90349,-17.38387],[-45.90351,-17.38288],[-45.90231,-17.38217],[-45.90307,-17.38097],[-45.90458,-17.38057],[-45.90544,-17.38001],[-45.90653,-17.37849],[-45.90672,-17.37697],[-45.9052,-17.37649],[-45.90383,-17.37468],[-45.90441,-17.37217],[-45.9041,-17.3713],[-45.90244,-17.37002],[-45.90193,-17.36926],[-45.90216,-17.36769],[-45.90342,-17.36573],[-45.90367,-17.36368],[-45.90417,-17.36285],[-45.90506,-17.36305],[-45.90602,-17.36408],[-45.90681,-17.36364],[-45.90657,-17.36222],[-45.90488,-17.36064],[-45.90564,-17.36013],[-45.90668,-17.36017],[-45.90833,-17.36124],[-45.90917,-17.36089],[-45.91029,-17.35937],[-45.90992,-17.35799],[-45.90892,-17.35788],[-45.90729,-17.3583],[-45.90686,-17.35803],[-45.9073,-17.35505],[-45.90775,-17.35482],[-45.91082,-17.35492],[-45.91155,-17.35301],[-45.91138,-17.35204],[-45.91006,-17.35207],[-45.90867,-17.35311],[-45.90791,-17.35259],[-45.90783,-17.35123],[-45.90852,-17.35068],[-45.91137,-17.35018],[-45.91289,-17.34844],[-45.91301,-17.34743],[-45.91247,-17.34661],[-45.91242,-17.34562],[-45.91304,-17.34495],[-45.91487,-17.34551],[-45.91529,-17.34429],[-45.91466,-17.34365],[-45.91277,-17.34329],[-45.91229,-17.34249],[-45.91235,-17.34157],[-45.91304,-17.34094],[-45.9145,-17.34073],[-45.91576,-17.33876],[-45.9167,-17.33867],[-45.91804,-17.33933],[-45.919,-17.33944],[-45.92154,-17.33903],[-45.92192,-17.33873],[-45.9221,-17.3365],[-45.92299,-17.33617],[-45.92553,-17.33662],[-45.92829,-17.33668],[-45.93018,-17.33726],[-45.93269,-17.33461],[-45.93318,-17.33292],[-45.9357,-17.33302],[-45.93684,-17.33217],[-45.93818,-17.33161],[-45.93878,-17.33087],[-45.93955,-17.32748],[-45.94185,-17.32807],[-45.94512,-17.32504],[-45.9454,-17.32365],[-45.94683,-17.32339],[-45.9482,-17.32281],[-45.94905,-17.32159],[-45.95149,-17.31969],[-45.95119,-17.31886],[-45.95152,-17.31796],[-45.95322,-17.31717],[-45.95586,-17.31806],[-45.95699,-17.31913],[-45.95763,-17.32048],[-45.95835,-17.32117],[-45.95867,-17.32317],[-45.9594,-17.32446],[-45.95794,-17.32541],[-45.95811,-17.32635],[-45.9598,-17.32802],[-45.96191,-17.32863],[-45.96465,-17.32968],[-45.96521,-17.33046],[-45.96569,-17.33223],[-45.96635,-17.33347],[-45.96616,-17.33439],[-45.96507,-17.33557],[-45.96382,-17.33491],[-45.96341,-17.33516],[-45.96266,-17.3374],[-45.96127,-17.33798],[-45.96137,-17.33892],[-45.96267,-17.34037],[-45.96657,-17.34281],[-45.96799,-17.34347],[-45.96842,-17.34448],[-45.96812,-17.34584],[-45.96851,-17.34614],[-45.97088,-17.34576],[-45.97169,-17.34644],[-45.97202,-17.34819],[-45.973,-17.34819],[-45.9735,-17.34738],[-45.97558,-17.34707],[-45.97642,-17.34667],[-45.97678,-17.34805],[-45.97775,-17.34915],[-45.97953,-17.34974],[-45.97988,-17.3481],[-45.98095,-17.34695],[-45.98193,-17.34669],[-45.98265,-17.34721],[-45.98263,-17.34823],[-45.98204,-17.34897],[-45.98197,-17.34991],[-45.98378,-17.35147],[-45.9834,-17.35329],[-45.98347,-17.35596],[-45.98427,-17.35839],[-45.98426,-17.36085],[-45.98495,-17.36278],[-45.98674,-17.36305],[-45.98782,-17.36217],[-45.98914,-17.3632],[-45.99053,-17.36365],[-45.99171,-17.36452],[-45.99203,-17.36537],[-45.9911,-17.36643],[-45.99072,-17.36745],[-45.99076,-17.36885],[-45.99146,-17.36961],[-45.99256,-17.36979],[-45.99276,-17.3713],[-45.99387,-17.373],[-45.99653,-17.37586],[-45.99739,-17.37623],[-45.99823,-17.37592],[-45.99918,-17.37495],[-46.0014,-17.37573],[-46.00401,-17.37535],[-46.00557,-17.37558],[-46.00673,-17.37659],[-46.00738,-17.3778],[-46.00698,-17.37884],[-46.0071,-17.38041],[-46.00601,-17.38135],[-46.00402,-17.38161],[-46.00288,-17.38357],[-46.00439,-17.3858],[-46.00387,-17.38702],[-46.00613,-17.38869],[-46.00745,-17.38807],[-46.00807,-17.38882],[-46.0109,-17.3889],[-46.01139,-17.38978],[-46.01256,-17.39083],[-46.01214,-17.3915],[-46.01106,-17.39137],[-46.01106,-17.39229],[-46.01245,-17.39311],[-46.01212,-17.39369],[-46.01061,-17.39369],[-46.01006,-17.39477],[-46.01203,-17.39532],[-46.01189,-17.3961],[-46.01091,-17.39601],[-46.01029,-17.39668],[-46.01063,-17.39753],[-46.01161,-17.3985],[-46.0116,-17.39997],[-46.0112,-17.40211],[-46.01166,-17.40291],[-46.01266,-17.40302],[-46.01477,-17.40265],[-46.01438,-17.40576],[-46.01249,-17.40726],[-46.01283,-17.40919],[-46.01389,-17.41027],[-46.01399,-17.41121],[-46.01205,-17.41115],[-46.01136,-17.4118],[-46.01194,-17.41248],[-46.01287,-17.41271],[-46.01374,-17.41358],[-46.01389,-17.41473],[-46.0148,-17.41597],[-46.01497,-17.41717],[-46.01359,-17.41851],[-46.0135,-17.41943],[-46.01463,-17.42092],[-46.0166,-17.42087],[-46.01692,-17.42181],[-46.01478,-17.42195],[-46.01462,-17.42283],[-46.01601,-17.4242],[-46.01611,-17.42512],[-46.01477,-17.42541],[-46.01435,-17.4267],[-46.01286,-17.42693],[-46.01289,-17.42801],[-46.01201,-17.42919],[-46.01202,-17.43101],[-46.01054,-17.43285],[-46.01223,-17.4351],[-46.01412,-17.43572],[-46.01528,-17.43725],[-46.01509,-17.43873],[-46.01315,-17.43885],[-46.01299,-17.43975],[-46.0141,-17.44154],[-46.01406,-17.44244],[-46.01164,-17.44481],[-46.01079,-17.44595],[-46.01153,-17.44633],[-46.01311,-17.44499],[-46.01419,-17.44485],[-46.01462,-17.44563],[-46.01295,-17.44665],[-46.01381,-17.44752],[-46.01406,-17.44932],[-46.01412,-17.45205],[-46.01484,-17.45265],[-46.01557,-17.45396],[-46.01512,-17.45511],[-46.0135,-17.45328],[-46.01276,-17.45411],[-46.01317,-17.45505],[-46.01293,-17.45868],[-46.01348,-17.45995],[-46.01359,-17.46292],[-46.01266,-17.46326],[-46.01219,-17.4646],[-46.01149,-17.46541],[-46.01158,-17.46833],[-46.01269,-17.47065],[-46.01272,-17.47162],[-46.01075,-17.47144],[-46.00992,-17.47209],[-46.00882,-17.47432],[-46.00866,-17.47566],[-46.00984,-17.47584],[-46.0106,-17.47409],[-46.01105,-17.47402],[-46.01175,-17.47533],[-46.013,-17.47592],[-46.01399,-17.47709],[-46.01558,-17.478],[-46.01591,-17.47888],[-46.01443,-17.47884],[-46.01402,-17.47957],[-46.01437,-17.48194],[-46.01392,-17.48385],[-46.0133,-17.48505],[-46.01329,-17.48781],[-46.01162,-17.4901],[-46.01086,-17.49072],[-46.0111,-17.49196],[-46.0129,-17.49244],[-46.01299,-17.49472],[-46.01395,-17.49626],[-46.01254,-17.4976],[-46.01228,-17.49849],[-46.01353,-17.49886],[-46.01506,-17.49779],[-46.01597,-17.49781],[-46.01667,-17.49841],[-46.01546,-17.50033],[-46.01354,-17.50113],[-46.01279,-17.50246],[-46.01162,-17.50327],[-46.01142,-17.50419],[-46.01226,-17.50585],[-46.01533,-17.50629],[-46.01542,-17.50737],[-46.01463,-17.50785],[-46.01456,-17.50969],[-46.01309,-17.51027],[-46.01258,-17.51257],[-46.01176,-17.51434],[-46.01176,-17.51524],[-46.01272,-17.51531],[-46.01385,-17.51448],[-46.01474,-17.5146],[-46.01486,-17.5154],[-46.01418,-17.51605],[-46.01406,-17.51701],[-46.01629,-17.51884],[-46.01816,-17.51909],[-46.01819,-17.51953],[-46.01624,-17.52015],[-46.01581,-17.52139],[-46.01686,-17.52234],[-46.01602,-17.52392],[-46.01585,-17.52484],[-46.01712,-17.52524],[-46.01976,-17.52646],[-46.02115,-17.52646],[-46.02136,-17.52831],[-46.02102,-17.52918],[-46.01987,-17.52994],[-46.0191,-17.5318],[-46.01845,-17.53256],[-46.01857,-17.53394],[-46.01989,-17.53438],[-46.02032,-17.53726],[-46.02106,-17.53915],[-46.02221,-17.54097],[-46.02201,-17.54194],[-46.02074,-17.54332],[-46.02033,-17.54426],[-46.01956,-17.54481],[-46.01809,-17.54495],[-46.01716,-17.54598],[-46.01691,-17.54787],[-46.01857,-17.54886],[-46.01979,-17.54987],[-46.01953,-17.55068],[-46.01866,-17.55098],[-46.01686,-17.55328],[-46.01649,-17.55747],[-46.01658,-17.55922],[-46.01608,-17.56053],[-46.01614,-17.56341],[-46.01544,-17.56525],[-46.01539,-17.56674],[-46.01491,-17.56865],[-46.01371,-17.5707],[-46.01385,-17.57452],[-46.0136,-17.57901],[-46.01417,-17.58145],[-46.01431,-17.58338],[-46.01008,-17.58481],[-46.00917,-17.58581],[-46.0072,-17.58535],[-46.00646,-17.58473],[-46.00536,-17.58247],[-46.00495,-17.58224],[-46.00286,-17.58251],[-46.00262,-17.58212],[-46.00327,-17.58081],[-46.00299,-17.57938],[-46.00203,-17.57814],[-46.00062,-17.57747],[-45.99958,-17.57754],[-45.99883,-17.57829],[-45.99871,-17.5793],[-45.99686,-17.58017],[-45.99631,-17.58149],[-45.99554,-17.58211],[-45.99463,-17.58206],[-45.99276,-17.58114],[-45.99024,-17.5811],[-45.98909,-17.58195],[-45.98909,-17.58292],[-45.98964,-17.58487],[-45.98964,-17.58639],[-45.98864,-17.59023],[-45.98756,-17.59113],[-45.98614,-17.59132],[-45.98595,-17.59215],[-45.98705,-17.59327],[-45.98929,-17.59424],[-45.98986,-17.59546],[-45.98946,-17.59636],[-45.9879,-17.59748],[-45.98773,-17.59838],[-45.9884,-17.59974],[-45.98854,-17.60114],[-45.98735,-17.60264],[-45.98754,-17.60356],[-45.98874,-17.60505],[-45.99092,-17.60646],[-45.99145,-17.60731],[-45.99085,-17.60793],[-45.98886,-17.60761],[-45.98824,-17.60823],[-45.98915,-17.60993],[-45.98776,-17.61244],[-45.98833,-17.61371],[-45.98797,-17.61456],[-45.98706,-17.61491],[-45.98584,-17.6164],[-45.98392,-17.61799],[-45.98357,-17.61916],[-45.98488,-17.61997],[-45.9849,-17.62089],[-45.9833,-17.62225],[-45.98102,-17.62266],[-45.97948,-17.62151],[-45.97967,-17.61956],[-45.97948,-17.61861],[-45.97857,-17.61831],[-45.97665,-17.61898],[-45.97588,-17.62016],[-45.97492,-17.6205],[-45.97384,-17.62151],[-45.97401,-17.62239],[-45.97482,-17.62289],[-45.97667,-17.62345],[-45.97742,-17.62395],[-45.97742,-17.62536],[-45.97672,-17.62593],[-45.97747,-17.62761],[-45.97655,-17.62856],[-45.97555,-17.62862],[-45.97365,-17.62816],[-45.97281,-17.62853],[-45.97163,-17.63028],[-45.9719,-17.6312],[-45.97298,-17.63215],[-45.97471,-17.63304],[-45.97545,-17.63424],[-45.97555,-17.63521],[-45.97435,-17.6359],[-45.97293,-17.63564],[-45.97236,-17.63769],[-45.96988,-17.63802],[-45.96895,-17.63838],[-45.969,-17.63924],[-45.97005,-17.64022],[-45.97147,-17.6408],[-45.97205,-17.64151],[-45.97164,-17.64282],[-45.96984,-17.64324],[-45.96854,-17.64262],[-45.96715,-17.64255],[-45.96708,-17.64347],[-45.9684,-17.64582],[-45.96981,-17.64717],[-45.97001,-17.64803],[-45.97169,-17.64902],[-45.97229,-17.65035],[-45.97205,-17.65175],[-45.97058,-17.65313],[-45.9709,-17.65392],[-45.97181,-17.65403],[-45.97205,-17.65488],[-45.97167,-17.65585],[-45.97246,-17.65815],[-45.97313,-17.65942],[-45.9744,-17.66068],[-45.97412,-17.66142],[-45.97169,-17.66142],[-45.97075,-17.66114],[-45.96941,-17.66229],[-45.97104,-17.66333],[-45.97066,-17.66407],[-45.96883,-17.66354],[-45.96691,-17.66407],[-45.96629,-17.66471],[-45.96653,-17.66549],[-45.96809,-17.66547],[-45.96924,-17.66704],[-45.96874,-17.66784],[-45.96591,-17.6686],[-45.96495,-17.66837],[-45.96411,-17.66895],[-45.96351,-17.67024],[-45.96387,-17.6721],[-45.96327,-17.67383],[-45.96324,-17.67481],[-45.96185,-17.67505],[-45.96171,-17.67636],[-45.96099,-17.67696],[-45.96072,-17.6779],[-45.96101,-17.67882],[-45.95943,-17.67965],[-45.9588,-17.67896],[-45.9576,-17.6791],[-45.95794,-17.67997],[-45.95684,-17.68147],[-45.95612,-17.68202],[-45.95472,-17.68232],[-45.95393,-17.68289],[-45.95364,-17.68471],[-45.95472,-17.68556],[-45.95403,-17.68678],[-45.95405,-17.68773],[-45.95504,-17.68862],[-45.95458,-17.69035],[-45.95278,-17.69194],[-45.95211,-17.69304],[-45.95264,-17.69376],[-45.95216,-17.69449],[-45.95136,-17.69459],[-45.94997,-17.69661],[-45.94858,-17.69709],[-45.94522,-17.69606],[-45.94332,-17.69631],[-45.9415,-17.69737],[-45.94056,-17.69765],[-45.93919,-17.69737],[-45.9377,-17.69749],[-45.93655,-17.6988],[-45.93456,-17.69827],[-45.93319,-17.6985],[-45.93242,-17.69776],[-45.93091,-17.69719],[-45.93038,-17.6959],[-45.92803,-17.69505],[-45.92702,-17.69445],[-45.92507,-17.69275],[-45.92349,-17.69226],[-45.92166,-17.69231],[-45.9177,-17.69337],[-45.91638,-17.69491],[-45.91516,-17.69595],[-45.91282,-17.69641],[-45.91187,-17.69687],[-45.90903,-17.69914],[-45.90769,-17.70126],[-45.90656,-17.70211],[-45.90507,-17.70209],[-45.90361,-17.70133],[-45.89929,-17.69802],[-45.89681,-17.69712],[-45.89578,-17.69709],[-45.89424,-17.69758],[-45.89228,-17.69933],[-45.89141,-17.70043],[-45.88997,-17.70126],[-45.88759,-17.70218],[-45.88562,-17.70356],[-45.88476,-17.70476],[-45.88502,-17.70618],[-45.88423,-17.70784],[-45.8844,-17.71115],[-45.88296,-17.71143],[-45.88279,-17.71233],[-45.88137,-17.71477],[-45.88214,-17.71647],[-45.88221,-17.71746],[-45.88296,-17.71879],[-45.88067,-17.71925],[-45.87959,-17.72034],[-45.8781,-17.72084],[-45.87748,-17.72167],[-45.87702,-17.72303],[-45.87479,-17.72402],[-45.87381,-17.72409],[-45.87152,-17.72305],[-45.87061,-17.72217],[-45.86932,-17.7216],[-45.86859,-17.72282],[-45.866,-17.72418],[-45.86506,-17.72394],[-45.86341,-17.72293],[-45.86141,-17.72259],[-45.85964,-17.72374],[-45.85817,-17.72638],[-45.85762,-17.72783],[-45.85623,-17.72995],[-45.85555,-17.73064],[-45.85341,-17.73184],[-45.85305,-17.73365],[-45.8531,-17.73556],[-45.8525,-17.73736],[-45.85051,-17.74042],[-45.84974,-17.74099],[-45.84808,-17.74152],[-45.84628,-17.74246],[-45.84491,-17.74276],[-45.84143,-17.74292],[-45.8396,-17.74207],[-45.83667,-17.73991],[-45.83586,-17.73862],[-45.83511,-17.7368],[-45.83401,-17.7359],[-45.83252,-17.73595],[-45.8288,-17.73841],[-45.82687,-17.74105],[-45.82608,-17.74299],[-45.82565,-17.74559],[-45.82591,-17.74849],[-45.82418,-17.74947],[-45.82322,-17.74961],[-45.82214,-17.74924],[-45.8189,-17.74926],[-45.81724,-17.75005],[-45.81455,-17.75085],[-45.81294,-17.75246],[-45.81159,-17.75488],[-45.81233,-17.75796],[-45.81216,-17.75957],[-45.8113,-17.76049],[-45.80885,-17.76143],[-45.80786,-17.76205],[-45.8062,-17.76472],[-45.80327,-17.76599],[-45.79883,-17.76621],[-45.79657,-17.76568],[-45.79379,-17.76428],[-45.79184,-17.76373],[-45.7899,-17.76425],[-45.78783,-17.766],[-45.78653,-17.76922],[-45.78581,-17.7704],[-45.78451,-17.77111],[-45.783,-17.77141],[-45.78088,-17.77147],[-45.77925,-17.77193],[-45.77824,-17.77253],[-45.77747,-17.774],[-45.77495,-17.77616],[-45.77398,-17.77768],[-45.77112,-17.77982],[-45.77086,-17.78074],[-45.76901,-17.78148],[-45.76749,-17.78546],[-45.76771,-17.78737],[-45.76653,-17.78762],[-45.7666,-17.79004],[-45.76554,-17.79109],[-45.76516,-17.79194],[-45.76374,-17.79238],[-45.76347,-17.79321],[-45.76254,-17.79351],[-45.76189,-17.79528],[-45.76249,-17.7965],[-45.7621,-17.79744],[-45.76277,-17.79806],[-45.7626,-17.79894],[-45.76135,-17.79972],[-45.76118,-17.80064],[-45.76208,-17.80209]]]},"properties":{"codigo":"313630620","name":"Olhos d'Água do Oeste","population":768,"households":569,"areaKm2":1030.5448,"density":0.7}},{"type":"Feature","geometry":{"type":"Polygon","coordinates":[[[-46.00917,-17.58581],[-46.01008,-17.58481],[-46.01431,-17.58338],[-46.01417,-17.58145],[-46.0136,-17.57901],[-46.01385,-17.57452],[-46.01371,-17.5707],[-46.01491,-17.56865],[-46.01539,-17.56674],[-46.01544,-17.56525],[-46.01614,-17.56341],[-46.01608,-17.56053],[-46.01658,-17.55922],[-46.01649,-17.55747],[-46.01686,-17.55328],[-46.01866,-17.55098],[-46.01953,-17.55068],[-46.01979,-17.54987],[-46.01857,-17.54886],[-46.01691,-17.54787],[-46.01716,-17.54598],[-46.01809,-17.54495],[-46.01956,-17.54481],[-46.02033,-17.54426],[-46.02074,-17.54332],[-46.02201,-17.54194],[-46.02221,-17.54097],[-46.02106,-17.53915],[-46.02032,-17.53726],[-46.01989,-17.53438],[-46.01857,-17.53394],[-46.01845,-17.53256],[-46.0191,-17.5318],[-46.01987,-17.52994],[-46.02102,-17.52918],[-46.02136,-17.52831],[-46.02115,-17.52646],[-46.01976,-17.52646],[-46.01712,-17.52524],[-46.01585,-17.52484],[-46.01602,-17.52392],[-46.01686,-17.52234],[-46.01581,-17.52139],[-46.01624,-17.52015],[-46.01819,-17.51953],[-46.01816,-17.51909],[-46.01629,-17.51884],[-46.01406,-17.51701],[-46.01418,-17.51605],[-46.01486,-17.5154],[-46.01474,-17.5146],[-46.01385,-17.51448],[-46.01272,-17.51531],[-46.01176,-17.51524],[-46.01176,-17.51434],[-46.01258,-17.51257],[-46.01309,-17.51027],[-46.01456,-17.50969],[-46.01463,-17.50785],[-46.01542,-17.50737],[-46.01533,-17.50629],[-46.01226,-17.50585],[-46.01142,-17.50419],[-46.01162,-17.50327],[-46.01279,-17.50246],[-46.01354,-17.50113],[-46.01546,-17.50033],[-46.01667,-17.49841],[-46.01597,-17.49781],[-46.01506,-17.49779],[-46.01353,-17.49886],[-46.01228,-17.49849],[-46.01254,-17.4976],[-46.01395,-17.49626],[-46.01299,-17.49472],[-46.0129,-17.49244],[-46.0111,-17.49196],[-46.01086,-17.49072],[-46.01162,-17.4901],[-46.01329,-17.48781],[-46.0133,-17.48505],[-46.01392,-17.48385],[-46.01437,-17.48194],[-46.01402,-17.47957],[-46.01443,-17.47884],[-46.01591,-17.47888],[-46.01558,-17.478],[-46.01399,-17.47709],[-46.013,-17.47592],[-46.01175,-17.47533],[-46.01105,-17.47402],[-46.0106,-17.47409],[-46.00984,-17.47584],[-46.00866,-17.47566],[-46.00882,-17.47432],[-46.00992,-17.47209],[-46.01075,-17.47144],[-46.01272,-17.47162],[-46.01269,-17.47065],[-46.01158,-17.46833],[-46.01149,-17.46541],[-46.01219,-17.4646],[-46.01266,-17.46326],[-46.01359,-17.46292],[-46.01348,-17.45995],[-46.01293,-17.45868],[-46.01317,-17.45505],[-46.01276,-17.45411],[-46.0135,-17.45328],[-46.01512,-17.45511],[-46.01557,-17.45396],[-46.01484,-17.45265],[-46.01412,-17.45205],[-46.01406,-17.44932],[-46.01381,-17.44752],[-46.01295,-17.44665],[-46.01462,-17.44563],[-46.01419,-17.44485],[-46.01311,-17.44499],[-46.01153,-17.44633],[-46.01079,-17.44595],[-46.01164,-17.44481],[-46.01406,-17.44244],[-46.0141,-17.44154],[-46.01299,-17.43975],[-46.01315,-17.43885],[-46.01509,-17.43873],[-46.01528,-17.43725],[-46.01412,-17.43572],[-46.01223,-17.4351],[-46.01054,-17.43285],[-46.01202,-17.43101],[-46.01201,-17.42919],[-46.01289,-17.42801],[-46.01286,-17.42693],[-46.01435,-17.4267],[-46.01477,-17.42541],[-46.01611,-17.42512],[-46.01601,-17.4242],[-46.01462,-17.42283],[-46.01478,-17.42195],[-46.01692,-17.42181],[-46.0166,-17.42087],[-46.01463,-17.42092],[-46.0135,-17.41943],[-46.01359,-17.41851],[-46.01497,-17.41717],[-46.01508,-17.41806],[-46.01621,-17.4185],[-46.01985,-17.41802],[-46.02225,-17.41861],[-46.02352,-17.41927],[-46.02571,-17.42168],[-46.02766,-17.42243],[-46.03319,-17.42229],[-46.0341,-17.42208],[-46.03633,-17.42258],[-46.03912,-17.42402],[-46.04292,-17.42736],[-46.04506,-17.42807],[-46.04802,-17.43042],[-46.04987,-17.43106],[-46.05229,-17.43232],[-46.05442,-17.43196],[-46.05622,-17.43193],[-46.058,-17.4322],[-46.06171,-17.4317],[-46.06568,-17.42973],[-46.06936,-17.42656],[-46.07,-17.42555],[-46.07111,-17.42301],[-46.07136,-17.41914],[-46.07125,-17.41618],[-46.07055,-17.41392],[-46.07042,-17.41259],[-46.06968,-17.40928],[-46.06828,-17.40689],[-46.06785,-17.40211],[-46.0695,-17.40061],[-46.07112,-17.39883],[-46.07164,-17.39694],[-46.07254,-17.39463],[-46.07349,-17.39311],[-46.07408,-17.39118],[-46.07447,-17.38713],[-46.07497,-17.38498],[-46.07481,-17.38215],[-46.07481,-17.37702],[-46.07449,-17.37576],[-46.07411,-17.37155],[-46.0741,-17.36941],[-46.07445,-17.36782],[-46.07548,-17.36574],[-46.07552,-17.36464],[-46.07484,-17.3622],[-46.07475,-17.35949],[-46.07435,-17.35496],[-46.07428,-17.35118],[-46.07372,-17.34944],[-46.07347,-17.34553],[-46.0735,-17.34175],[-46.07308,-17.34044],[-46.07203,-17.33974],[-46.07102,-17.33951],[-46.06811,-17.33839],[-46.06732,-17.33686],[-46.06726,-17.33506],[-46.06785,-17.33386],[-46.06938,-17.33225],[-46.07091,-17.33109],[-46.07416,-17.32976],[-46.07497,-17.32921],[-46.07511,-17.32776],[-46.07452,-17.32461],[-46.07413,-17.32332],[-46.07213,-17.32013],[-46.07272,-17.31833],[-46.07458,-17.31699],[-46.07773,-17.31417],[-46.0793,-17.31184],[-46.08168,-17.30882],[-46.08289,-17.30697],[-46.08528,-17.30507],[-46.08808,-17.30384],[-46.08954,-17.30301],[-46.09466,-17.30317],[-46.09584,-17.30303],[-46.09708,-17.3036],[-46.09829,-17.30467],[-46.09963,-17.30526],[-46.1059,-17.30503],[-46.10936,-17.30598],[-46.1103,-17.30671],[-46.11178,-17.30726],[-46.11502,-17.30787],[-46.1197,-17.30925],[-46.12178,-17.30928],[-46.12293,-17.30898],[-46.12485,-17.3089],[-46.12681,-17.3085],[-46.12839,-17.3079],[-46.13159,-17.30577],[-46.13343,-17.30521],[-46.13503,-17.30416],[-46.13697,-17.30379],[-46.138,-17.3039],[-46.14016,-17.30462],[-46.14261,-17.30602],[-46.14378,-17.30608],[-46.14608,-17.30674],[-46.15107,-17.3075],[-46.15387,-17.30755],[-46.15698,-17.30738],[-46.1582,-17.30686],[-46.16119,-17.30623],[-46.1627,-17.3056],[-46.16506,-17.30352],[-46.16985,-17.29816],[-46.17274,-17.29679],[-46.17422,-17.29643],[-46.17633,-17.29546],[-46.17919,-17.29351],[-46.17985,-17.29285],[-46.18005,-17.29374],[-46.17944,-17.29581],[-46.17924,-17.29816],[-46.17826,-17.29918],[-46.17582,-17.29926],[-46.17463,-17.30025],[-46.17377,-17.30198],[-46.1738,-17.30293],[-46.17333,-17.30488],[-46.17274,-17.30555],[-46.17128,-17.3062],[-46.17034,-17.30591],[-46.16942,-17.30713],[-46.16942,-17.30822],[-46.17017,-17.30955],[-46.17018,-17.311],[-46.16982,-17.31199],[-46.1688,-17.31344],[-46.16513,-17.31776],[-46.16473,-17.31914],[-46.16343,-17.32129],[-46.1642,-17.3229],[-46.16404,-17.32391],[-46.16311,-17.32529],[-46.16242,-17.32684],[-46.16161,-17.32769],[-46.16063,-17.32802],[-46.16004,-17.32885],[-46.15987,-17.33263],[-46.15906,-17.3347],[-46.15905,-17.33783],[-46.15928,-17.34059],[-46.15968,-17.34234],[-46.15879,-17.34273],[-46.15796,-17.34405],[-46.15833,-17.34665],[-46.15724,-17.34886],[-46.15645,-17.34939],[-46.15592,-17.35218],[-46.15669,-17.35261],[-46.15688,-17.35365],[-46.15598,-17.35531],[-46.15529,-17.356],[-46.15435,-17.35573],[-46.15258,-17.35664],[-46.15115,-17.3568],[-46.15043,-17.35736],[-46.1489,-17.3579],[-46.14718,-17.35816],[-46.14649,-17.3588],[-46.14635,-17.35977],[-46.14709,-17.36062],[-46.14771,-17.36335],[-46.14747,-17.36782],[-46.14716,-17.36989],[-46.14633,-17.37105],[-46.14529,-17.37402],[-46.14374,-17.3761],[-46.14236,-17.3764],[-46.14138,-17.37802],[-46.13925,-17.37879],[-46.13871,-17.38019],[-46.1378,-17.3807],[-46.13738,-17.38321],[-46.13815,-17.38388],[-46.13809,-17.38537],[-46.13864,-17.3862],[-46.13938,-17.38596],[-46.14023,-17.38656],[-46.14107,-17.3884],[-46.1406,-17.38948],[-46.14054,-17.39086],[-46.13982,-17.39222],[-46.14101,-17.39408],[-46.14089,-17.39558],[-46.13999,-17.39657],[-46.14,-17.39818],[-46.13942,-17.39892],[-46.139,-17.40092],[-46.13599,-17.40301],[-46.135,-17.40487],[-46.13537,-17.40791],[-46.13581,-17.40927],[-46.13682,-17.41032],[-46.13709,-17.41227],[-46.13557,-17.41465],[-46.13627,-17.41568],[-46.13762,-17.41609],[-46.1381,-17.4174],[-46.13753,-17.41814],[-46.1366,-17.41826],[-46.13622,-17.41911],[-46.13848,-17.42016],[-46.13855,-17.4211],[-46.13969,-17.42234],[-46.14041,-17.42411],[-46.1426,-17.42599],[-46.14323,-17.42725],[-46.14326,-17.42865],[-46.14403,-17.42922],[-46.14425,-17.43012],[-46.14517,-17.43018],[-46.14627,-17.43096],[-46.14743,-17.43328],[-46.14722,-17.43416],[-46.14778,-17.4356],[-46.14784,-17.4371],[-46.14887,-17.43808],[-46.14893,-17.43912],[-46.14819,-17.4408],[-46.1491,-17.44135],[-46.14978,-17.44319],[-46.15044,-17.44399],[-46.15011,-17.44537],[-46.15134,-17.44638],[-46.15148,-17.44727],[-46.15099,-17.44944],[-46.15163,-17.45217],[-46.15156,-17.45307],[-46.15219,-17.45436],[-46.15033,-17.45577],[-46.14995,-17.45777],[-46.14855,-17.45904],[-46.14814,-17.45999],[-46.14522,-17.45996],[-46.14362,-17.46121],[-46.14291,-17.46296],[-46.14226,-17.46363],[-46.14196,-17.46499],[-46.14,-17.46709],[-46.13833,-17.46721],[-46.13651,-17.46888],[-46.13602,-17.47026],[-46.13686,-17.47155],[-46.13556,-17.47431],[-46.13229,-17.48178],[-46.13109,-17.48644],[-46.13045,-17.48817],[-46.12967,-17.49118],[-46.12854,-17.49487],[-46.12749,-17.4972],[-46.12664,-17.49844],[-46.1262,-17.50071],[-46.12596,-17.5036],[-46.12471,-17.50576],[-46.12384,-17.50627],[-46.12135,-17.50647],[-46.11305,-17.50649],[-46.11072,-17.50637],[-46.10669,-17.50673],[-46.10316,-17.50843],[-46.1009,-17.50977],[-46.09946,-17.51089],[-46.09658,-17.5128],[-46.09579,-17.51374],[-46.09379,-17.51765],[-46.09278,-17.51915],[-46.09237,-17.52104],[-46.09249,-17.52281],[-46.09289,-17.52486],[-46.0938,-17.52652],[-46.09634,-17.52894],[-46.09845,-17.53014],[-46.09994,-17.53173],[-46.10056,-17.53286],[-46.1015,-17.53539],[-46.10171,-17.53815],[-46.10149,-17.54103],[-46.10084,-17.54321],[-46.09999,-17.54715],[-46.09953,-17.5503],[-46.0991,-17.55118],[-46.09869,-17.55458],[-46.09796,-17.55898],[-46.0965,-17.56199],[-46.09553,-17.56473],[-46.09462,-17.56657],[-46.09339,-17.57042],[-46.09267,-17.57315],[-46.09197,-17.57454],[-46.09088,-17.57803],[-46.09014,-17.57928],[-46.08965,-17.58112],[-46.08934,-17.58386],[-46.08847,-17.58728],[-46.08845,-17.58846],[-46.08901,-17.59433],[-46.08904,-17.59548],[-46.08973,-17.60018],[-46.08984,-17.60446],[-46.09088,-17.60521],[-46.09109,-17.6126],[-46.0912,-17.61906],[-46.09092,-17.61981],[-46.0879,-17.62569],[-46.08747,-17.62673],[-46.08771,-17.6285],[-46.08888,-17.63158],[-46.08856,-17.63213],[-46.08889,-17.63427],[-46.08946,-17.63625],[-46.08958,-17.63936],[-46.08891,-17.6417],[-46.08802,-17.64244],[-46.08653,-17.64258],[-46.08475,-17.64188],[-46.08177,-17.64174],[-46.08021,-17.64188],[-46.07724,-17.64125],[-46.07383,-17.64088],[-46.07133,-17.64],[-46.06833,-17.63975],[-46.06442,-17.63997],[-46.06058,-17.64075],[-46.05882,-17.64141],[-46.05673,-17.64286],[-46.05457,-17.64521],[-46.05245,-17.64633],[-46.04978,-17.64806],[-46.04683,-17.65077],[-46.04587,-17.65109],[-46.04347,-17.65092],[-46.04181,-17.65131],[-46.04003,-17.65251],[-46.03904,-17.6537],[-46.03894,-17.65635],[-46.0392,-17.66139],[-46.03958,-17.66342],[-46.03955,-17.66609],[-46.03924,-17.66719],[-46.03823,-17.66919],[-46.03693,-17.66975],[-46.03386,-17.67002],[-46.03273,-17.67034],[-46.0297,-17.67033],[-46.02814,-17.66978],[-46.0243,-17.66699],[-46.02238,-17.66613],[-46.01999,-17.66346],[-46.01737,-17.66329],[-46.01677,-17.66258],[-46.01675,-17.66152],[-46.01762,-17.65927],[-46.01767,-17.65664],[-46.01793,-17.65568],[-46.01885,-17.6545],[-46.01832,-17.65317],[-46.01681,-17.65319],[-46.01587,-17.65289],[-46.01446,-17.65028],[-46.0143,-17.64886],[-46.01687,-17.64729],[-46.01747,-17.64649],[-46.01728,-17.64559],[-46.01404,-17.64361],[-46.01342,-17.64294],[-46.01241,-17.64047],[-46.01314,-17.63677],[-46.01487,-17.63479],[-46.01672,-17.63238],[-46.01944,-17.63118],[-46.02136,-17.63013],[-46.02259,-17.62799],[-46.02221,-17.62322],[-46.02068,-17.62191],[-46.01891,-17.61935],[-46.018,-17.61746],[-46.01812,-17.61537],[-46.02276,-17.61491],[-46.02362,-17.61443],[-46.02441,-17.61323],[-46.02439,-17.61176],[-46.02353,-17.61038],[-46.02154,-17.61008],[-46.02005,-17.61132],[-46.01873,-17.61191],[-46.01676,-17.6115],[-46.01626,-17.61069],[-46.01628,-17.60972],[-46.01684,-17.60832],[-46.01797,-17.60715],[-46.01818,-17.60623],[-46.01783,-17.60524],[-46.01692,-17.60411],[-46.01699,-17.60316],[-46.01781,-17.6019],[-46.01752,-17.59957],[-46.01707,-17.59861],[-46.01573,-17.59692],[-46.01415,-17.59552],[-46.01374,-17.59259],[-46.01384,-17.59112],[-46.01257,-17.589],[-46.00922,-17.58625],[-46.00917,-17.58581]]]},"properties":{"codigo":"313630623","name":"Santa Luzia da Serra","population":446,"households":403,"areaKm2":358.8557,"density":1.2}},{"type":"Feature","geometry":{"type":"Polygon","coordinates":[[[-46.01168,-18.20811],[-46.01077,-18.20935],[-46.00755,-18.21072],[-46.00597,-18.21074],[-46.00489,-18.21185],[-46.00425,-18.21332],[-46.00462,-18.21594],[-46.00517,-18.21702],[-46.00556,-18.21865],[-46.00655,-18.21986],[-46.00844,-18.22126],[-46.00966,-18.22164],[-46.01234,-18.22326],[-46.01215,-18.22416],[-46.00987,-18.22596],[-46.00755,-18.22817],[-46.00705,-18.2296],[-46.00888,-18.23074],[-46.00951,-18.23141],[-46.01201,-18.23284],[-46.013,-18.23302],[-46.01538,-18.23421],[-46.01582,-18.23566],[-46.01484,-18.23623],[-46.01323,-18.23649],[-46.01203,-18.23774],[-46.00982,-18.2394],[-46.00892,-18.24287],[-46.0097,-18.24367],[-46.01124,-18.24449],[-46.01249,-18.24561],[-46.01377,-18.24724],[-46.01529,-18.24866],[-46.01559,-18.24969],[-46.01494,-18.25158],[-46.01312,-18.25338],[-46.01219,-18.25494],[-46.01016,-18.25722],[-46.00896,-18.25833],[-46.00829,-18.25973],[-46.00712,-18.26146],[-46.00672,-18.26314],[-46.00706,-18.26594],[-46.00844,-18.2677],[-46.01008,-18.26919],[-46.01252,-18.2709],[-46.01551,-18.27434],[-46.01898,-18.27745],[-46.02082,-18.28064],[-46.02129,-18.28197],[-46.02128,-18.28567],[-46.01997,-18.28884],[-46.01939,-18.28951],[-46.01868,-18.29117],[-46.01698,-18.29379],[-46.01253,-18.29886],[-46.01095,-18.30194],[-46.00951,-18.30406],[-46.00858,-18.30484],[-46.00578,-18.30943],[-46.00404,-18.31207],[-46.00378,-18.31485],[-46.00415,-18.3169],[-46.00587,-18.31976],[-46.00665,-18.32206],[-46.00719,-18.32296],[-46.00439,-18.32266],[-46.00184,-18.32191],[-46.00061,-18.32186],[-45.99888,-18.32223],[-45.99519,-18.32171],[-45.99268,-18.32019],[-45.9907,-18.31944],[-45.98907,-18.31971],[-45.98823,-18.32036],[-45.98754,-18.3216],[-45.98693,-18.32375],[-45.98609,-18.32419],[-45.98368,-18.32423],[-45.98266,-18.3238],[-45.98089,-18.32192],[-45.97743,-18.32239],[-45.97574,-18.32219],[-45.97363,-18.32099],[-45.97148,-18.31944],[-45.96851,-18.31925],[-45.96605,-18.31874],[-45.96262,-18.31747],[-45.96036,-18.31723],[-45.95824,-18.31828],[-45.95667,-18.31993],[-45.95465,-18.32107],[-45.95413,-18.32169],[-45.95443,-18.32418],[-45.95399,-18.32653],[-45.95318,-18.32674],[-45.95195,-18.32781],[-45.95058,-18.32777],[-45.94968,-18.32711],[-45.94875,-18.32472],[-45.94883,-18.32219],[-45.94848,-18.32118],[-45.94739,-18.3199],[-45.94507,-18.31853],[-45.94141,-18.31851],[-45.9385,-18.31692],[-45.93691,-18.31576],[-45.93432,-18.31447],[-45.93174,-18.31158],[-45.92998,-18.31155],[-45.92547,-18.31289],[-45.92441,-18.3134],[-45.92079,-18.31575],[-45.92012,-18.31656],[-45.91959,-18.31997],[-45.91987,-18.32204],[-45.91933,-18.32418],[-45.91777,-18.32504],[-45.91678,-18.32487],[-45.91469,-18.3215],[-45.91314,-18.31792],[-45.91117,-18.3151],[-45.90989,-18.31364],[-45.90794,-18.31043],[-45.90742,-18.30848],[-45.90575,-18.304],[-45.90477,-18.30233],[-45.90377,-18.29999],[-45.90363,-18.29769],[-45.90306,-18.29562],[-45.90235,-18.29441],[-45.90108,-18.29138],[-45.90088,-18.29009],[-45.90027,-18.28887],[-45.89739,-18.28438],[-45.89489,-18.28088],[-45.89073,-18.27529],[-45.88859,-18.27261],[-45.88747,-18.2706],[-45.88714,-18.2685],[-45.88617,-18.26761],[-45.88536,-18.26824],[-45.88426,-18.26703],[-45.88394,-18.26544],[-45.88395,-18.26321],[-45.88449,-18.26104],[-45.88447,-18.25907],[-45.88337,-18.25682],[-45.88208,-18.2551],[-45.87983,-18.25362],[-45.87544,-18.25192],[-45.8706,-18.25147],[-45.8682,-18.25015],[-45.86628,-18.24777],[-45.86555,-18.24626],[-45.86506,-18.24456],[-45.86396,-18.24263],[-45.8612,-18.23996],[-45.85723,-18.23786],[-45.85161,-18.23606],[-45.85076,-18.23523],[-45.8484,-18.23435],[-45.84641,-18.2328],[-45.84557,-18.23004],[-45.84539,-18.22733],[-45.84471,-18.22379],[-45.84316,-18.22159],[-45.84193,-18.22091],[-45.83906,-18.21748],[-45.83782,-18.21583],[-45.83613,-18.21434],[-45.83463,-18.2135],[-45.83139,-18.21209],[-45.82931,-18.21029],[-45.82695,-18.20651],[-45.82675,-18.20586],[-45.8268,-18.20211],[-45.82643,-18.20025],[-45.82514,-18.19865],[-45.82482,-18.19741],[-45.82473,-18.19444],[-45.8243,-18.19214],[-45.82433,-18.18869],[-45.82418,-18.188],[-45.82239,-18.18727],[-45.8169,-18.18351],[-45.81314,-18.18234],[-45.81089,-18.18076],[-45.80809,-18.1794],[-45.80599,-18.17872],[-45.8033,-18.17888],[-45.80023,-18.17818],[-45.79727,-18.17811],[-45.79445,-18.17741],[-45.79134,-18.17603],[-45.78888,-18.17542],[-45.78653,-18.17642],[-45.78323,-18.17635],[-45.78,-18.17595],[-45.77846,-18.17645],[-45.77684,-18.17825],[-45.77583,-18.17904],[-45.77396,-18.18004],[-45.77276,-18.17993],[-45.772,-18.17911],[-45.77205,-18.17506],[-45.77173,-18.17384],[-45.7703,-18.17297],[-45.76819,-18.17333],[-45.76675,-18.17391],[-45.76574,-18.17466],[-45.76364,-18.17379],[-45.76015,-18.17317],[-45.75899,-18.17279],[-45.7566,-18.171],[-45.7557,-18.16988],[-45.75415,-18.16858],[-45.75237,-18.16912],[-45.74746,-18.16915],[-45.74402,-18.16956],[-45.74116,-18.17043],[-45.73846,-18.17014],[-45.73366,-18.16722],[-45.73194,-18.1667],[-45.72965,-18.16481],[-45.73007,-18.16395],[-45.73229,-18.16373],[-45.73389,-18.16285],[-45.73451,-18.1616],[-45.73435,-18.15905],[-45.73328,-18.15735],[-45.73248,-18.15531],[-45.73134,-18.15456],[-45.73074,-18.15465],[-45.72854,-18.15384],[-45.72548,-18.15229],[-45.72442,-18.15207],[-45.72162,-18.151],[-45.71937,-18.14961],[-45.71835,-18.14821],[-45.71734,-18.1481],[-45.71617,-18.14898],[-45.71622,-18.15013],[-45.7172,-18.15208],[-45.7186,-18.15366],[-45.7196,-18.1557],[-45.71959,-18.15805],[-45.71816,-18.15983],[-45.71715,-18.16034],[-45.71475,-18.16098],[-45.71374,-18.16218],[-45.71337,-18.1634],[-45.71302,-18.16628],[-45.71222,-18.16872],[-45.71136,-18.16926],[-45.70921,-18.16943],[-45.70733,-18.16843],[-45.70557,-18.16699],[-45.70274,-18.16578],[-45.70173,-18.16574],[-45.69997,-18.16433],[-45.69928,-18.16277],[-45.69922,-18.16051],[-45.7,-18.15862],[-45.70014,-18.15705],[-45.69996,-18.15565],[-45.69887,-18.15451],[-45.6975,-18.15387],[-45.69677,-18.15298],[-45.6951,-18.15207],[-45.69331,-18.14996],[-45.69326,-18.14941],[-45.69398,-18.14554],[-45.69354,-18.14397],[-45.69296,-18.14303],[-45.69129,-18.14208],[-45.69005,-18.13978],[-45.68923,-18.13914],[-45.68826,-18.13936],[-45.68594,-18.14089],[-45.68437,-18.14073],[-45.68215,-18.13897],[-45.68049,-18.13836],[-45.67943,-18.13825],[-45.67803,-18.13872],[-45.6769,-18.13785],[-45.6768,-18.13721],[-45.67346,-18.12123],[-45.67303,-18.11921],[-45.6742,-18.11747],[-45.67538,-18.11727],[-45.67699,-18.1162],[-45.67813,-18.11385],[-45.67808,-18.11288],[-45.67595,-18.11135],[-45.67454,-18.10922],[-45.67465,-18.10747],[-45.6751,-18.10544],[-45.6751,-18.1027],[-45.67587,-18.10146],[-45.67564,-18.09904],[-45.67524,-18.0975],[-45.6753,-18.09541],[-45.67454,-18.09281],[-45.67427,-18.09127],[-45.67471,-18.08892],[-45.67742,-18.08693],[-45.68122,-18.08723],[-45.68257,-18.08646],[-45.68461,-18.08599],[-45.68585,-18.08506],[-45.6869,-18.08352],[-45.69022,-18.08269],[-45.69149,-18.08193],[-45.69311,-18.07966],[-45.69438,-18.07876],[-45.69592,-18.07855],[-45.69684,-18.07889],[-45.69775,-18.07865],[-45.69829,-18.07734],[-45.6993,-18.07708],[-45.70146,-18.07499],[-45.70239,-18.07446],[-45.70342,-18.07324],[-45.70544,-18.07293],[-45.70732,-18.07344],[-45.7083,-18.07291],[-45.70851,-18.07201],[-45.70996,-18.07233],[-45.71084,-18.072],[-45.71139,-18.07018],[-45.71259,-18.06996],[-45.71299,-18.06856],[-45.7139,-18.0689],[-45.71479,-18.06846],[-45.71532,-18.06756],[-45.71769,-18.06671],[-45.71922,-18.06544],[-45.72025,-18.06419],[-45.72029,-18.06332],[-45.71962,-18.06263],[-45.7179,-18.06158],[-45.71653,-18.06131],[-45.71481,-18.06017],[-45.71387,-18.05891],[-45.71356,-18.05585],[-45.71322,-18.05424],[-45.71268,-18.05342],[-45.71078,-18.05345],[-45.71121,-18.05207],[-45.71295,-18.04971],[-45.71369,-18.04911],[-45.71468,-18.04651],[-45.71615,-18.04647],[-45.71881,-18.04508],[-45.7196,-18.04383],[-45.72056,-18.04399],[-45.723,-18.04554],[-45.72349,-18.04636],[-45.72359,-18.04779],[-45.72423,-18.04926],[-45.72531,-18.05011],[-45.72703,-18.05187],[-45.72707,-18.05387],[-45.7278,-18.05499],[-45.72866,-18.05526],[-45.73256,-18.0551],[-45.73441,-18.05454],[-45.73563,-18.05371],[-45.73664,-18.05368],[-45.73767,-18.05257],[-45.73889,-18.05199],[-45.74039,-18.05239],[-45.74087,-18.05322],[-45.74323,-18.05274],[-45.7446,-18.05329],[-45.74461,-18.05458],[-45.74659,-18.05622],[-45.74679,-18.0576],[-45.74769,-18.05863],[-45.74864,-18.06033],[-45.74955,-18.06067],[-45.75196,-18.06038],[-45.75311,-18.06053],[-45.75468,-18.06167],[-45.75678,-18.06173],[-45.75975,-18.06056],[-45.76141,-18.05938],[-45.76409,-18.05824],[-45.76428,-18.05775],[-45.76877,-18.05692],[-45.77111,-18.05719],[-45.77328,-18.05809],[-45.77646,-18.05877],[-45.78093,-18.05865],[-45.78277,-18.05946],[-45.78365,-18.06148],[-45.78444,-18.06208],[-45.78695,-18.06262],[-45.78839,-18.06263],[-45.79093,-18.06151],[-45.79459,-18.06061],[-45.79665,-18.06046],[-45.79839,-18.06087],[-45.80209,-18.06105],[-45.80301,-18.06079],[-45.80657,-18.06077],[-45.8112,-18.06006],[-45.81202,-18.05938],[-45.81299,-18.0577],[-45.81371,-18.05707],[-45.81439,-18.05479],[-45.81546,-18.05232],[-45.81744,-18.05017],[-45.81982,-18.04912],[-45.82195,-18.04888],[-45.82251,-18.04913],[-45.8252,-18.04865],[-45.82608,-18.04743],[-45.82566,-18.0452],[-45.82572,-18.04418],[-45.82675,-18.04259],[-45.82773,-18.04155],[-45.82813,-18.04063],[-45.828,-18.03918],[-45.82661,-18.03705],[-45.82667,-18.03382],[-45.82694,-18.03233],[-45.82747,-18.03156],[-45.82994,-18.03017],[-45.83087,-18.02993],[-45.83455,-18.03028],[-45.83669,-18.0301],[-45.83859,-18.02922],[-45.84089,-18.02752],[-45.84277,-18.02535],[-45.84305,-18.02381],[-45.84284,-18.02086],[-45.84338,-18.01946],[-45.84561,-18.0182],[-45.8469,-18.01725],[-45.8485,-18.01537],[-45.84859,-18.01441],[-45.84801,-18.01358],[-45.84661,-18.01313],[-45.84447,-18.0128],[-45.84432,-18.01193],[-45.84464,-18.01052],[-45.8446,-18.00771],[-45.84616,-18.00651],[-45.84714,-18.00639],[-45.84766,-18.00565],[-45.84756,-18.00475],[-45.84654,-18.00308],[-45.84497,-18.00175],[-45.84438,-18.00042],[-45.84293,-17.99948],[-45.84168,-17.99962],[-45.83882,-17.99886],[-45.83721,-17.99591],[-45.83719,-17.99441],[-45.83801,-17.99391],[-45.83839,-17.99248],[-45.83911,-17.99188],[-45.84005,-17.99186],[-45.84128,-17.99106],[-45.84202,-17.98938],[-45.84277,-17.98878],[-45.84263,-17.98779],[-45.84065,-17.9877],[-45.84001,-17.98705],[-45.83972,-17.98567],[-45.83614,-17.98321],[-45.83563,-17.9804],[-45.83582,-17.97939],[-45.83708,-17.97803],[-45.83686,-17.97715],[-45.83732,-17.9763],[-45.83922,-17.97442],[-45.83881,-17.97347],[-45.83888,-17.97115],[-45.83805,-17.96977],[-45.83989,-17.96951],[-45.84081,-17.96995],[-45.84165,-17.96954],[-45.8423,-17.97016],[-45.84364,-17.96952],[-45.84369,-17.97154],[-45.84444,-17.97193],[-45.84576,-17.97189],[-45.84643,-17.97371],[-45.84737,-17.97394],[-45.84847,-17.97539],[-45.84989,-17.97555],[-45.85047,-17.97642],[-45.85095,-17.9787],[-45.85177,-17.97921],[-45.85292,-17.98103],[-45.85227,-17.98188],[-45.85292,-17.9833],[-45.85381,-17.98367],[-45.85436,-17.98597],[-45.85342,-17.98696],[-45.85282,-17.9897],[-45.85128,-17.99083],[-45.85085,-17.99189],[-45.85119,-17.99272],[-45.85208,-17.99295],[-45.85265,-17.99377],[-45.85349,-17.9941],[-45.85496,-17.9941],[-45.85628,-17.99361],[-45.85797,-17.99474],[-45.85982,-17.99483],[-45.86206,-17.99371],[-45.86376,-17.99247],[-45.86627,-17.99207],[-45.87004,-17.99224],[-45.87314,-17.99261],[-45.87584,-17.99314],[-45.87776,-17.99369],[-45.87925,-17.99369],[-45.88166,-17.99461],[-45.88351,-17.99645],[-45.8843,-17.99779],[-45.88457,-17.99949],[-45.88356,-18.0013],[-45.8809,-18.00562],[-45.88058,-18.00802],[-45.88131,-18.00932],[-45.88407,-18.00816],[-45.88888,-18.00826],[-45.89074,-18.00678],[-45.89314,-18.00559],[-45.8947,-18.00551],[-45.89765,-18.00466],[-45.89917,-18.00449],[-45.89996,-18.00398],[-45.90129,-18.00252],[-45.90369,-18.00198],[-45.90509,-18.00218],[-45.90616,-18.00371],[-45.90751,-18.00453],[-45.91007,-18.0055],[-45.91041,-18.00635],[-45.91018,-18.00741],[-45.90922,-18.00806],[-45.90737,-18.00831],[-45.90608,-18.0093],[-45.90606,-18.01085],[-45.90677,-18.01153],[-45.90778,-18.01178],[-45.91218,-18.01173],[-45.91299,-18.01101],[-45.91417,-18.01063],[-45.91685,-18.00928],[-45.91796,-18.00913],[-45.92018,-18.01057],[-45.92144,-18.01268],[-45.92323,-18.01386],[-45.92477,-18.01392],[-45.92704,-18.0148],[-45.93021,-18.01432],[-45.93177,-18.01367],[-45.93369,-18.0137],[-45.93508,-18.01323],[-45.93836,-18.01369],[-45.94088,-18.01331],[-45.94247,-18.0142],[-45.94486,-18.01492],[-45.94625,-18.01698],[-45.94719,-18.01755],[-45.9494,-18.02034],[-45.94977,-18.02215],[-45.95125,-18.02408],[-45.95174,-18.02552],[-45.95319,-18.02662],[-45.95478,-18.02668],[-45.95625,-18.02717],[-45.95676,-18.02804],[-45.95843,-18.02941],[-45.96151,-18.02886],[-45.96312,-18.02945],[-45.96551,-18.02989],[-45.96737,-18.03147],[-45.97095,-18.03112],[-45.97181,-18.03066],[-45.97255,-18.02886],[-45.9723,-18.02771],[-45.97432,-18.02781],[-45.97544,-18.02658],[-45.97638,-18.02692],[-45.97878,-18.02644],[-45.9794,-18.0252],[-45.98036,-18.02487],[-45.98295,-18.02471],[-45.98357,-18.02404],[-45.98482,-18.02072],[-45.98569,-18.02025],[-45.9872,-18.02013],[-45.98858,-18.01835],[-45.99124,-18.01946],[-45.9937,-18.02098],[-45.99414,-18.02181],[-45.99554,-18.02223],[-45.99571,-18.02315],[-45.99702,-18.02459],[-45.99764,-18.02641],[-45.99789,-18.02824],[-45.99848,-18.03008],[-45.99929,-18.03134],[-46.00137,-18.03164],[-46.00143,-18.03307],[-46.00191,-18.0349],[-46.00016,-18.03756],[-45.99904,-18.04032],[-45.99881,-18.04216],[-45.99916,-18.04317],[-46.00126,-18.04584],[-46.00138,-18.0472],[-46.00011,-18.04794],[-45.99971,-18.04877],[-45.99993,-18.04971],[-46.00099,-18.05122],[-46.00178,-18.05177],[-46.00321,-18.05365],[-46.00372,-18.05608],[-46.00435,-18.05785],[-46.00387,-18.05859],[-46.00056,-18.05926],[-46.00033,-18.06041],[-46.0016,-18.06098],[-46.00262,-18.06309],[-46.00334,-18.0636],[-46.00519,-18.06361],[-46.0051,-18.06561],[-46.00561,-18.06676],[-46.00653,-18.06777],[-46.00881,-18.06847],[-46.00985,-18.07065],[-46.01094,-18.07228],[-46.01265,-18.07338],[-46.01388,-18.07484],[-46.01518,-18.07571],[-46.01653,-18.07768],[-46.01656,-18.0786],[-46.01484,-18.08031],[-46.01381,-18.08247],[-46.01252,-18.08312],[-46.01228,-18.0845],[-46.01159,-18.08507],[-46.01022,-18.08457],[-46.00928,-18.08483],[-46.00909,-18.08573],[-46.01025,-18.08724],[-46.01052,-18.08811],[-46.01177,-18.08882],[-46.01319,-18.09033],[-46.01461,-18.09097],[-46.01534,-18.09262],[-46.01604,-18.09322],[-46.01643,-18.09441],[-46.01782,-18.09424],[-46.01959,-18.09281],[-46.02053,-18.09316],[-46.02195,-18.0949],[-46.02204,-18.09758],[-46.02012,-18.09817],[-46.01772,-18.09969],[-46.01717,-18.10047],[-46.01682,-18.10231],[-46.01627,-18.1036],[-46.0156,-18.10429],[-46.01461,-18.1045],[-46.01314,-18.10343],[-46.01177,-18.10286],[-46.00979,-18.10502],[-46.00962,-18.10636],[-46.01071,-18.10723],[-46.01214,-18.11016],[-46.01219,-18.11166],[-46.01318,-18.11335],[-46.01402,-18.11379],[-46.01422,-18.11468],[-46.01574,-18.1159],[-46.01661,-18.11693],[-46.01705,-18.11881],[-46.01772,-18.11956],[-46.0195,-18.12034],[-46.01965,-18.12126],[-46.01908,-18.12195],[-46.01728,-18.12281],[-46.01478,-18.123],[-46.01406,-18.12364],[-46.015,-18.1253],[-46.01462,-18.12656],[-46.01299,-18.12758],[-46.01274,-18.12937],[-46.01466,-18.12994],[-46.01426,-18.13123],[-46.01256,-18.13289],[-46.01169,-18.13319],[-46.01052,-18.13517],[-46.01019,-18.13696],[-46.0096,-18.13827],[-46.00818,-18.13963],[-46.00804,-18.14062],[-46.00904,-18.14397],[-46.01087,-18.1456],[-46.01213,-18.14826],[-46.01265,-18.15053],[-46.01231,-18.15147],[-46.01135,-18.15185],[-46.01004,-18.15323],[-46.01014,-18.15474],[-46.0112,-18.1563],[-46.0115,-18.15729],[-46.01116,-18.15821],[-46.00968,-18.16028],[-46.00935,-18.16162],[-46.0106,-18.1632],[-46.01042,-18.16511],[-46.00982,-18.16667],[-46.00974,-18.16945],[-46.0103,-18.17136],[-46.01166,-18.17475],[-46.01205,-18.1762],[-46.01109,-18.17802],[-46.0093,-18.17986],[-46.00868,-18.18113],[-46.00897,-18.18248],[-46.00974,-18.18305],[-46.00987,-18.18443],[-46.0086,-18.18588],[-46.00716,-18.18672],[-46.00608,-18.18771],[-46.00594,-18.18913],[-46.0072,-18.19055],[-46.00732,-18.19154],[-46.00631,-18.19262],[-46.00608,-18.19416],[-46.00644,-18.19481],[-46.00816,-18.19622],[-46.00891,-18.1976],[-46.01,-18.20056],[-46.01034,-18.20279],[-46.01032,-18.20424],[-46.01064,-18.20616],[-46.01168,-18.20811]]]},"properties":{"codigo":"313630625","name":"Veredas","population":758,"households":516,"areaKm2":780.2457,"density":1}}]}