{"type":"FeatureCollection","features":[{"type":"Feature","geometry":{"type":"Polygon","coordinates":[[[-43.85689,-16.94148],[-43.85658,-16.94039],[-43.85675,-16.9388],[-43.85765,-16.93759],[-43.85994,-16.93639],[-43.86114,-16.93472],[-43.86326,-16.931],[-43.86541,-16.92784],[-43.86671,-16.92633],[-43.86875,-16.92488],[-43.87039,-16.92521],[-43.87114,-16.92583],[-43.87255,-16.92577],[-43.87336,-16.925],[-43.87355,-16.92313],[-43.87306,-16.92179],[-43.87165,-16.91956],[-43.87053,-16.92033],[-43.86937,-16.92069],[-43.86793,-16.92065],[-43.86384,-16.92017],[-43.85839,-16.91917],[-43.8544,-16.91975],[-43.85319,-16.92021],[-43.85105,-16.91892],[-43.8496,-16.91971],[-43.84735,-16.9197],[-43.84699,-16.91889],[-43.84592,-16.91808],[-43.84425,-16.91818],[-43.84341,-16.91771],[-43.8415,-16.91793],[-43.84073,-16.91658],[-43.83953,-16.91736],[-43.83905,-16.91552],[-43.83807,-16.91527],[-43.83716,-16.91578],[-43.83638,-16.91715],[-43.83542,-16.91633],[-43.83312,-16.91617],[-43.83075,-16.91647],[-43.83075,-16.91555],[-43.82968,-16.9152],[-43.82896,-16.91565],[-43.82762,-16.91454],[-43.82587,-16.9147],[-43.82482,-16.91398],[-43.82397,-16.91469],[-43.82236,-16.91334],[-43.82014,-16.91184],[-43.81957,-16.9111],[-43.8178,-16.91062],[-43.81669,-16.91153],[-43.81339,-16.91097],[-43.81259,-16.91131],[-43.81101,-16.90961],[-43.80833,-16.90741],[-43.80804,-16.9068],[-43.80659,-16.90773],[-43.80551,-16.9081],[-43.80524,-16.90702],[-43.80228,-16.90749],[-43.80117,-16.9075],[-43.80012,-16.90656],[-43.79982,-16.90827],[-43.79924,-16.9099],[-43.79816,-16.91047],[-43.79684,-16.91068],[-43.79577,-16.91157],[-43.79518,-16.9106],[-43.79449,-16.91104],[-43.79215,-16.91088],[-43.79197,-16.90954],[-43.79099,-16.9096],[-43.79029,-16.90857],[-43.78874,-16.9081],[-43.78827,-16.90706],[-43.78719,-16.90681],[-43.78661,-16.90554],[-43.78493,-16.906],[-43.78372,-16.90724],[-43.78146,-16.90619],[-43.78109,-16.90735],[-43.78024,-16.90849],[-43.77904,-16.90917],[-43.77879,-16.91066],[-43.77724,-16.91031],[-43.77639,-16.91099],[-43.77508,-16.91097],[-43.77353,-16.91154],[-43.77137,-16.91057],[-43.77096,-16.90955],[-43.76947,-16.90909],[-43.76963,-16.90803],[-43.76892,-16.90775],[-43.76838,-16.90678],[-43.76613,-16.90518],[-43.76555,-16.90414],[-43.76471,-16.9038],[-43.76443,-16.9028],[-43.76282,-16.90305],[-43.7613,-16.90224],[-43.76143,-16.90156],[-43.76041,-16.9004],[-43.76084,-16.89927],[-43.75957,-16.8992],[-43.75882,-16.89865],[-43.75818,-16.89725],[-43.75772,-16.89714],[-43.75618,-16.89817],[-43.75515,-16.89822],[-43.75428,-16.89768],[-43.75428,-16.89966],[-43.75253,-16.90028],[-43.75256,-16.90106],[-43.75115,-16.90119],[-43.75097,-16.90195],[-43.75179,-16.90248],[-43.75192,-16.90331],[-43.75111,-16.90375],[-43.74965,-16.90395],[-43.74872,-16.90442],[-43.7472,-16.90614],[-43.74589,-16.90696],[-43.744,-16.90726],[-43.74294,-16.90637],[-43.7415,-16.90615],[-43.74004,-16.90625],[-43.73794,-16.9053],[-43.73708,-16.90568],[-43.73622,-16.90541],[-43.73565,-16.9036],[-43.73295,-16.90267],[-43.73176,-16.90349],[-43.73092,-16.90313],[-43.7298,-16.904],[-43.72885,-16.90419],[-43.728,-16.90314],[-43.72704,-16.90328],[-43.72603,-16.90288],[-43.72421,-16.90329],[-43.72277,-16.90298],[-43.72093,-16.90327],[-43.71802,-16.90168],[-43.71819,-16.90011],[-43.71897,-16.89888],[-43.71848,-16.89813],[-43.71679,-16.89648],[-43.71588,-16.89621],[-43.71532,-16.89546],[-43.71547,-16.89361],[-43.71617,-16.89176],[-43.71556,-16.89105],[-43.71376,-16.89033],[-43.7123,-16.89043],[-43.71193,-16.88919],[-43.71278,-16.8881],[-43.71279,-16.88717],[-43.71156,-16.88578],[-43.71037,-16.88653],[-43.70966,-16.88589],[-43.7098,-16.88501],[-43.71068,-16.88461],[-43.71151,-16.88354],[-43.71155,-16.88259],[-43.71225,-16.88102],[-43.71116,-16.87934],[-43.70977,-16.8797],[-43.70952,-16.87867],[-43.70994,-16.87746],[-43.70904,-16.87641],[-43.7076,-16.87596],[-43.70774,-16.87506],[-43.7101,-16.87405],[-43.71235,-16.872],[-43.71313,-16.87081],[-43.71373,-16.86841],[-43.71425,-16.86767],[-43.71392,-16.8658],[-43.71322,-16.86514],[-43.71091,-16.8644],[-43.70939,-16.8634],[-43.70905,-16.86245],[-43.70958,-16.86065],[-43.70917,-16.8598],[-43.70766,-16.85993],[-43.70581,-16.85953],[-43.70502,-16.85901],[-43.70498,-16.85813],[-43.70579,-16.85769],[-43.70672,-16.85659],[-43.70649,-16.85519],[-43.70579,-16.85459],[-43.7044,-16.85461],[-43.70329,-16.85208],[-43.70143,-16.85099],[-43.70211,-16.84893],[-43.7016,-16.84813],[-43.69985,-16.84734],[-43.69831,-16.847],[-43.69395,-16.84677],[-43.69288,-16.84583],[-43.69321,-16.8449],[-43.69404,-16.84432],[-43.69548,-16.84428],[-43.69614,-16.84363],[-43.69606,-16.84276],[-43.69367,-16.8404],[-43.69277,-16.83926],[-43.69008,-16.83808],[-43.68978,-16.83709],[-43.69099,-16.8363],[-43.69294,-16.83674],[-43.6947,-16.83767],[-43.69608,-16.83736],[-43.6971,-16.83567],[-43.69699,-16.83435],[-43.69563,-16.83277],[-43.69619,-16.83099],[-43.6981,-16.83051],[-43.69869,-16.82919],[-43.69984,-16.82768],[-43.69902,-16.82667],[-43.69763,-16.8271],[-43.69671,-16.82561],[-43.69671,-16.82321],[-43.69617,-16.82172],[-43.69447,-16.8218],[-43.69426,-16.81989],[-43.69353,-16.81925],[-43.69224,-16.81889],[-43.69182,-16.81758],[-43.69037,-16.81616],[-43.68891,-16.81657],[-43.6879,-16.81635],[-43.68722,-16.81555],[-43.6859,-16.81503],[-43.68376,-16.81698],[-43.68288,-16.81729],[-43.68206,-16.81682],[-43.68238,-16.81538],[-43.68162,-16.81357],[-43.68071,-16.81328],[-43.67892,-16.81454],[-43.67802,-16.81466],[-43.67609,-16.81332],[-43.67631,-16.81149],[-43.67598,-16.81007],[-43.67454,-16.80964],[-43.67445,-16.80878],[-43.67804,-16.80779],[-43.67958,-16.80775],[-43.68046,-16.80737],[-43.68091,-16.80649],[-43.68047,-16.80548],[-43.67907,-16.80489],[-43.67826,-16.80271],[-43.67735,-16.80251],[-43.67268,-16.80276],[-43.6715,-16.80192],[-43.6718,-16.80101],[-43.67483,-16.7996],[-43.67658,-16.80021],[-43.67801,-16.79969],[-43.68044,-16.79778],[-43.68208,-16.79474],[-43.68348,-16.79336],[-43.68261,-16.79169],[-43.68254,-16.79024],[-43.6838,-16.78935],[-43.68526,-16.7909],[-43.68619,-16.79064],[-43.68711,-16.78934],[-43.68916,-16.78805],[-43.69107,-16.78787],[-43.69458,-16.78727],[-43.69599,-16.78675],[-43.69608,-16.78587],[-43.69511,-16.78493],[-43.69415,-16.78482],[-43.69225,-16.78399],[-43.6922,-16.78309],[-43.69295,-16.78188],[-43.69474,-16.78108],[-43.69673,-16.78159],[-43.69795,-16.78096],[-43.6974,-16.77866],[-43.69768,-16.77769],[-43.69743,-16.77677],[-43.69784,-16.77522],[-43.69722,-16.77252],[-43.69593,-16.77032],[-43.69535,-16.76793],[-43.69342,-16.76585],[-43.69182,-16.7618],[-43.69168,-16.76],[-43.69101,-16.75768],[-43.69152,-16.75587],[-43.69291,-16.75542],[-43.69478,-16.75571],[-43.69612,-16.75539],[-43.69603,-16.75438],[-43.69547,-16.75346],[-43.69283,-16.75226],[-43.69138,-16.75098],[-43.69161,-16.75006],[-43.69317,-16.74813],[-43.6934,-16.74725],[-43.69241,-16.74634],[-43.69243,-16.74548],[-43.69375,-16.74411],[-43.69257,-16.74269],[-43.69166,-16.74305],[-43.68831,-16.74319],[-43.68695,-16.74401],[-43.68547,-16.74449],[-43.68431,-16.74519],[-43.68321,-16.7452],[-43.68319,-16.74375],[-43.68232,-16.74265],[-43.68126,-16.74245],[-43.67935,-16.74265],[-43.67851,-16.74217],[-43.67766,-16.74107],[-43.6757,-16.74114],[-43.67416,-16.7409],[-43.674,-16.73956],[-43.67521,-16.73812],[-43.67809,-16.73634],[-43.67955,-16.7364],[-43.68065,-16.73558],[-43.67993,-16.7339],[-43.67911,-16.73278],[-43.67862,-16.73147],[-43.67773,-16.73092],[-43.67645,-16.73264],[-43.67362,-16.73232],[-43.67287,-16.73115],[-43.6721,-16.72887],[-43.67124,-16.72854],[-43.66931,-16.72929],[-43.6678,-16.72928],[-43.66635,-16.72791],[-43.66595,-16.72662],[-43.66683,-16.72558],[-43.66782,-16.72515],[-43.66976,-16.72414],[-43.67049,-16.7228],[-43.67182,-16.72223],[-43.67174,-16.72133],[-43.6709,-16.72067],[-43.67174,-16.71893],[-43.67185,-16.71755],[-43.6748,-16.71572],[-43.67669,-16.71559],[-43.6779,-16.71482],[-43.68015,-16.71231],[-43.68174,-16.71312],[-43.68224,-16.71303],[-43.68283,-16.71164],[-43.68359,-16.71112],[-43.68537,-16.71189],[-43.68623,-16.71154],[-43.68682,-16.71068],[-43.68926,-16.71079],[-43.6905,-16.71],[-43.69054,-16.70944],[-43.68877,-16.70731],[-43.6884,-16.70589],[-43.68888,-16.7036],[-43.68981,-16.7035],[-43.69119,-16.70219],[-43.69212,-16.70214],[-43.69347,-16.70277],[-43.69386,-16.70189],[-43.69349,-16.7],[-43.69434,-16.6988],[-43.69539,-16.69881],[-43.69745,-16.70089],[-43.69836,-16.70093],[-43.69848,-16.69904],[-43.69791,-16.69717],[-43.69809,-16.69629],[-43.69992,-16.69655],[-43.70036,-16.69586],[-43.69997,-16.69505],[-43.70175,-16.69282],[-43.70374,-16.69142],[-43.70568,-16.69115],[-43.70658,-16.69063],[-43.70764,-16.69072],[-43.70875,-16.69158],[-43.70939,-16.69331],[-43.71009,-16.69397],[-43.7109,-16.69352],[-43.70992,-16.69148],[-43.71155,-16.6898],[-43.71226,-16.6886],[-43.7111,-16.68715],[-43.70893,-16.68611],[-43.7076,-16.68659],[-43.70683,-16.68623],[-43.70683,-16.68433],[-43.70744,-16.68299],[-43.70686,-16.68226],[-43.70491,-16.68165],[-43.70397,-16.68053],[-43.70308,-16.68008],[-43.70259,-16.67927],[-43.70304,-16.67855],[-43.70475,-16.67948],[-43.7056,-16.6786],[-43.70447,-16.67794],[-43.70429,-16.67661],[-43.70499,-16.67485],[-43.7047,-16.67404],[-43.70334,-16.67449],[-43.7024,-16.67436],[-43.70182,-16.67363],[-43.70204,-16.67141],[-43.70362,-16.66944],[-43.70378,-16.66849],[-43.7028,-16.66658],[-43.7036,-16.66501],[-43.70408,-16.66473],[-43.70526,-16.6655],[-43.7072,-16.66398],[-43.70717,-16.66251],[-43.70756,-16.66073],[-43.7086,-16.66019],[-43.70909,-16.66113],[-43.7103,-16.65952],[-43.70964,-16.65849],[-43.71087,-16.65707],[-43.71089,-16.65624],[-43.70953,-16.65669],[-43.70923,-16.65617],[-43.71047,-16.65532],[-43.71063,-16.6544],[-43.71177,-16.65363],[-43.71178,-16.65227],[-43.71267,-16.65011],[-43.7135,-16.64964],[-43.71494,-16.65009],[-43.71632,-16.64888],[-43.71742,-16.64675],[-43.7203,-16.64513],[-43.72021,-16.64375],[-43.72097,-16.64314],[-43.72234,-16.64324],[-43.72247,-16.64239],[-43.72075,-16.64021],[-43.72138,-16.63838],[-43.72041,-16.63735],[-43.71992,-16.63602],[-43.72028,-16.63318],[-43.72053,-16.63271],[-43.72246,-16.63198],[-43.72295,-16.63015],[-43.72409,-16.62948],[-43.72463,-16.62869],[-43.7258,-16.62787],[-43.72636,-16.62648],[-43.72726,-16.62601],[-43.7283,-16.62487],[-43.72967,-16.62516],[-43.72972,-16.62333],[-43.72901,-16.62168],[-43.7299,-16.62153],[-43.73156,-16.62283],[-43.73105,-16.62406],[-43.73282,-16.62469],[-43.73356,-16.62403],[-43.73333,-16.62314],[-43.7339,-16.62242],[-43.73311,-16.61975],[-43.73356,-16.61891],[-43.73477,-16.61816],[-43.73485,-16.6168],[-43.7334,-16.61497],[-43.73458,-16.61339],[-43.73581,-16.6128],[-43.73643,-16.61201],[-43.73788,-16.61158],[-43.73855,-16.61093],[-43.73944,-16.61127],[-43.74019,-16.61015],[-43.74013,-16.60923],[-43.73879,-16.60864],[-43.73823,-16.60759],[-43.73921,-16.60749],[-43.73944,-16.60677],[-43.73881,-16.60583],[-43.74012,-16.60533],[-43.73999,-16.60446],[-43.73893,-16.60354],[-43.74042,-16.60162],[-43.74024,-16.60076],[-43.73888,-16.60085],[-43.73743,-16.59959],[-43.73812,-16.59905],[-43.73873,-16.59787],[-43.73961,-16.59802],[-43.7407,-16.59709],[-43.74261,-16.59675],[-43.74273,-16.5959],[-43.74164,-16.59491],[-43.7416,-16.59314],[-43.74199,-16.59221],[-43.74132,-16.5918],[-43.74016,-16.59324],[-43.73973,-16.59025],[-43.74064,-16.58796],[-43.74193,-16.5881],[-43.74199,-16.58674],[-43.74285,-16.58644],[-43.74312,-16.58556],[-43.74458,-16.58527],[-43.7445,-16.58476],[-43.74335,-16.58401],[-43.74322,-16.58311],[-43.74429,-16.58222],[-43.74567,-16.58226],[-43.74662,-16.58372],[-43.74762,-16.58268],[-43.74724,-16.581],[-43.74849,-16.57939],[-43.74965,-16.57853],[-43.75038,-16.57686],[-43.74992,-16.57601],[-43.74963,-16.57188],[-43.75043,-16.57024],[-43.75143,-16.56921],[-43.75146,-16.56831],[-43.75085,-16.56703],[-43.74907,-16.56529],[-43.74675,-16.56358],[-43.74617,-16.56089],[-43.74513,-16.55914],[-43.74238,-16.55961],[-43.74166,-16.55909],[-43.74175,-16.55816],[-43.74023,-16.557],[-43.73984,-16.5562],[-43.74049,-16.55504],[-43.74139,-16.55604],[-43.74232,-16.55583],[-43.74298,-16.55453],[-43.74378,-16.55401],[-43.74216,-16.55227],[-43.74205,-16.55091],[-43.74156,-16.54981],[-43.74285,-16.54927],[-43.74417,-16.55002],[-43.74498,-16.54969],[-43.74418,-16.54854],[-43.74391,-16.54718],[-43.74264,-16.54692],[-43.74251,-16.546],[-43.74099,-16.54495],[-43.74057,-16.54412],[-43.74108,-16.54186],[-43.74202,-16.54069],[-43.74285,-16.5402],[-43.74518,-16.54027],[-43.7461,-16.5393],[-43.74694,-16.53753],[-43.74792,-16.53722],[-43.74878,-16.53756],[-43.74949,-16.53696],[-43.75029,-16.53716],[-43.74968,-16.53889],[-43.75021,-16.53956],[-43.75115,-16.53939],[-43.75171,-16.53869],[-43.75153,-16.53675],[-43.75279,-16.53662],[-43.75295,-16.53535],[-43.75359,-16.53477],[-43.75491,-16.53522],[-43.75723,-16.53363],[-43.75824,-16.53341],[-43.75965,-16.53384],[-43.76156,-16.53357],[-43.76148,-16.53271],[-43.76071,-16.5321],[-43.7599,-16.52994],[-43.759,-16.52879],[-43.75809,-16.52845],[-43.7581,-16.52755],[-43.7587,-16.52686],[-43.75693,-16.52528],[-43.75779,-16.52483],[-43.75783,-16.52403],[-43.7565,-16.52272],[-43.75618,-16.52137],[-43.75423,-16.52263],[-43.75347,-16.52123],[-43.75377,-16.5203],[-43.75289,-16.52004],[-43.75259,-16.51921],[-43.7516,-16.51836],[-43.75192,-16.51705],[-43.75293,-16.51782],[-43.75538,-16.51639],[-43.75677,-16.51624],[-43.75856,-16.51396],[-43.75804,-16.5118],[-43.75768,-16.5094],[-43.75525,-16.50763],[-43.75476,-16.50687],[-43.75498,-16.50534],[-43.7555,-16.50455],[-43.75781,-16.50391],[-43.75776,-16.50301],[-43.75844,-16.5024],[-43.75857,-16.50121],[-43.75747,-16.50051],[-43.75857,-16.50058],[-43.76095,-16.50199],[-43.7632,-16.50473],[-43.76488,-16.50721],[-43.76999,-16.51314],[-43.77184,-16.5148],[-43.77429,-16.51732],[-43.77651,-16.51933],[-43.77784,-16.52095],[-43.77895,-16.52196],[-43.78198,-16.52347],[-43.78519,-16.52429],[-43.78811,-16.52452],[-43.78898,-16.52516],[-43.79024,-16.52674],[-43.79305,-16.52982],[-43.79781,-16.53282],[-43.80042,-16.53534],[-43.80188,-16.53733],[-43.80377,-16.53943],[-43.80457,-16.54116],[-43.80539,-16.54175],[-43.80661,-16.54167],[-43.80844,-16.54061],[-43.81077,-16.53863],[-43.81365,-16.53768],[-43.8151,-16.5366],[-43.81706,-16.53695],[-43.81906,-16.5379],[-43.82098,-16.5383],[-43.82403,-16.5379],[-43.8277,-16.53837],[-43.82861,-16.5388],[-43.82985,-16.54022],[-43.83066,-16.54231],[-43.83058,-16.54607],[-43.83002,-16.54746],[-43.82948,-16.55106],[-43.82937,-16.55376],[-43.82967,-16.55551],[-43.83083,-16.55647],[-43.83184,-16.55685],[-43.8344,-16.55731],[-43.83646,-16.5569],[-43.8383,-16.55737],[-43.84014,-16.55919],[-43.84118,-16.55971],[-43.84559,-16.56048],[-43.84895,-16.56158],[-43.85122,-16.56174],[-43.85411,-16.56136],[-43.85549,-16.56033],[-43.85709,-16.55787],[-43.85804,-16.55712],[-43.86,-16.55468],[-43.86232,-16.55254],[-43.86407,-16.55282],[-43.86684,-16.55242],[-43.86873,-16.55289],[-43.87051,-16.55382],[-43.87147,-16.55371],[-43.87317,-16.5516],[-43.87426,-16.55062],[-43.87666,-16.54919],[-43.87913,-16.54828],[-43.88332,-16.54783],[-43.88417,-16.54749],[-43.88628,-16.54727],[-43.88992,-16.54804],[-43.89146,-16.5489],[-43.89349,-16.55033],[-43.89498,-16.55092],[-43.89406,-16.55436],[-43.88831,-16.56247],[-43.88744,-16.56386],[-43.88667,-16.56602],[-43.88627,-16.56863],[-43.88623,-16.57168],[-43.88651,-16.57499],[-43.88707,-16.5781],[-43.88812,-16.58245],[-43.8882,-16.58344],[-43.88955,-16.5889],[-43.88967,-16.59277],[-43.88926,-16.59541],[-43.8892,-16.59873],[-43.88827,-16.60282],[-43.88753,-16.60516],[-43.88682,-16.60646],[-43.88646,-16.6079],[-43.88658,-16.61075],[-43.88724,-16.61414],[-43.8872,-16.61868],[-43.88702,-16.62002],[-43.88588,-16.6234],[-43.88631,-16.62478],[-43.88722,-16.62487],[-43.88763,-16.62348],[-43.88832,-16.62285],[-43.8897,-16.62237],[-43.8911,-16.62365],[-43.89247,-16.62421],[-43.89378,-16.62374],[-43.89413,-16.62247],[-43.89352,-16.6216],[-43.89423,-16.6203],[-43.89499,-16.6205],[-43.89546,-16.62172],[-43.89647,-16.62161],[-43.8977,-16.62075],[-43.89841,-16.61961],[-43.89934,-16.61953],[-43.90136,-16.62064],[-43.90282,-16.62099],[-43.90447,-16.62098],[-43.90592,-16.61983],[-43.90597,-16.61794],[-43.90738,-16.61569],[-43.90852,-16.61487],[-43.90896,-16.61357],[-43.9088,-16.61214],[-43.91023,-16.61167],[-43.9113,-16.61069],[-43.91309,-16.61016],[-43.914,-16.6105],[-43.91551,-16.61048],[-43.91801,-16.61191],[-43.91927,-16.6134],[-43.92178,-16.61314],[-43.92327,-16.61331],[-43.92477,-16.61302],[-43.92727,-16.61338],[-43.92882,-16.61328],[-43.93165,-16.61405],[-43.93304,-16.61374],[-43.93489,-16.61291],[-43.93853,-16.61285],[-43.94006,-16.61263],[-43.9406,-16.61133],[-43.94314,-16.60734],[-43.94393,-16.60576],[-43.94558,-16.6038],[-43.94787,-16.60254],[-43.94985,-16.6021],[-43.95363,-16.60044],[-43.95504,-16.59967],[-43.961,-16.59785],[-43.96514,-16.59615],[-43.96676,-16.59484],[-43.96859,-16.59187],[-43.97052,-16.58956],[-43.97278,-16.58562],[-43.97351,-16.58478],[-43.97746,-16.57897],[-43.97885,-16.57722],[-43.98087,-16.57575],[-43.98297,-16.57545],[-43.95927,-16.63372],[-43.96054,-16.63812],[-43.96094,-16.64331],[-43.96148,-16.64468],[-43.96383,-16.64911],[-43.96594,-16.6523],[-43.96683,-16.65429],[-43.96687,-16.65621],[-43.96564,-16.65959],[-43.96459,-16.66149],[-43.96322,-16.66324],[-43.96188,-16.66556],[-43.96121,-16.66737],[-43.9607,-16.6709],[-43.95904,-16.67643],[-43.9593,-16.6783],[-43.96158,-16.68144],[-43.96445,-16.68729],[-43.96465,-16.68821],[-43.96448,-16.6902],[-43.96402,-16.69228],[-43.96266,-16.69633],[-43.96281,-16.69711],[-43.99331,-16.73048],[-43.99596,-16.73248],[-43.99771,-16.73481],[-43.99938,-16.7359],[-44.0007,-16.73627],[-44.00286,-16.73905],[-44.00441,-16.73954],[-44.00556,-16.73955],[-44.00849,-16.73864],[-44.01026,-16.739],[-44.01248,-16.74227],[-44.01335,-16.74486],[-44.01342,-16.74585],[-44.01313,-16.74914],[-44.01206,-16.75204],[-44.00874,-16.75825],[-44.007,-16.76124],[-44.00656,-16.76266],[-44.00549,-16.76476],[-44.00528,-16.76715],[-44.00573,-16.76858],[-44.00745,-16.77272],[-44.0078,-16.77422],[-44.00775,-16.77731],[-44.00815,-16.77916],[-44.00976,-16.78169],[-44.00841,-16.78357],[-44.00716,-16.78414],[-44.00668,-16.78335],[-44.00695,-16.78236],[-44.00641,-16.78178],[-44.00492,-16.78172],[-44.004,-16.7805],[-44.00307,-16.7801],[-43.99933,-16.77995],[-43.99776,-16.78107],[-43.99688,-16.78129],[-43.99549,-16.78103],[-43.99519,-16.78237],[-43.99374,-16.78536],[-43.99298,-16.78767],[-43.99262,-16.79015],[-43.99314,-16.79162],[-43.9943,-16.79262],[-43.99499,-16.79395],[-43.99605,-16.79489],[-43.99713,-16.79704],[-43.99642,-16.80014],[-43.99546,-16.8017],[-43.99678,-16.80365],[-43.99719,-16.80653],[-43.99528,-16.80862],[-43.99614,-16.81053],[-43.99594,-16.81242],[-43.99696,-16.81396],[-43.99722,-16.81532],[-43.99823,-16.81747],[-43.99788,-16.81852],[-43.99803,-16.81946],[-43.99738,-16.82069],[-43.99553,-16.82246],[-43.99557,-16.82431],[-43.99536,-16.82666],[-43.99566,-16.82761],[-43.99493,-16.82884],[-43.9948,-16.82985],[-43.99313,-16.83079],[-43.9928,-16.83281],[-43.99205,-16.83447],[-43.99267,-16.83631],[-43.99146,-16.83787],[-43.99216,-16.84026],[-43.99378,-16.84364],[-43.9939,-16.8456],[-43.99287,-16.84736],[-43.99154,-16.84892],[-43.99146,-16.84998],[-43.99379,-16.85538],[-43.99454,-16.85777],[-43.99459,-16.85987],[-43.99489,-16.86123],[-43.99607,-16.86332],[-43.99776,-16.86508],[-43.99973,-16.86671],[-44.00028,-16.86771],[-44.00207,-16.86886],[-44.00299,-16.86992],[-44.00603,-16.87455],[-44.00782,-16.87595],[-44.0094,-16.87589],[-44.01228,-16.87429],[-44.01438,-16.87255],[-44.01781,-16.87061],[-44.02265,-16.86668],[-44.02461,-16.86457],[-44.02922,-16.85823],[-44.03055,-16.85683],[-44.03348,-16.8551],[-44.03473,-16.85462],[-44.03658,-16.85445],[-44.04325,-16.85589],[-44.04674,-16.85619],[-44.05108,-16.85615],[-44.05301,-16.8569],[-44.05519,-16.8582],[-44.05721,-16.86036],[-44.05943,-16.86471],[-44.06027,-16.86868],[-44.06215,-16.87388],[-44.06299,-16.87725],[-44.06499,-16.88367],[-44.06538,-16.88653],[-44.0663,-16.88882],[-44.06713,-16.88987],[-44.06882,-16.89128],[-44.07059,-16.89162],[-44.0764,-16.88911],[-44.07854,-16.88742],[-44.08079,-16.8846],[-44.08258,-16.88161],[-44.08414,-16.87703],[-44.085,-16.87408],[-44.08556,-16.8727],[-44.08834,-16.86914],[-44.09024,-16.86724],[-44.09077,-16.86623],[-44.09141,-16.86386],[-44.09166,-16.86169],[-44.09181,-16.85802],[-44.09203,-16.85606],[-44.09205,-16.85307],[-44.09246,-16.84966],[-44.09277,-16.84853],[-44.09415,-16.84602],[-44.09633,-16.84359],[-44.09948,-16.84151],[-44.10689,-16.83835],[-44.10795,-16.83768],[-44.10923,-16.8364],[-44.11155,-16.83291],[-44.11469,-16.82907],[-44.11673,-16.82756],[-44.11819,-16.82766],[-44.11927,-16.82679],[-44.12051,-16.82502],[-44.12231,-16.82351],[-44.12486,-16.82226],[-44.12922,-16.8218],[-44.13013,-16.82141],[-44.13036,-16.82326],[-44.13142,-16.82518],[-44.13213,-16.82753],[-44.13192,-16.8294],[-44.1312,-16.83087],[-44.13032,-16.83329],[-44.12939,-16.83697],[-44.12929,-16.83787],[-44.12948,-16.84198],[-44.12836,-16.84499],[-44.1281,-16.84838],[-44.12708,-16.85011],[-44.12528,-16.85192],[-44.12313,-16.85483],[-44.11985,-16.85828],[-44.11912,-16.86042],[-44.1198,-16.8616],[-44.12039,-16.86344],[-44.12072,-16.86534],[-44.12062,-16.87357],[-44.11955,-16.87513],[-44.11943,-16.87612],[-44.1199,-16.87746],[-44.12003,-16.87989],[-44.12134,-16.88146],[-44.12269,-16.88267],[-44.12306,-16.88592],[-44.12413,-16.8866],[-44.12403,-16.88798],[-44.12457,-16.88932],[-44.12461,-16.89077],[-44.12592,-16.8915],[-44.1274,-16.89328],[-44.12836,-16.89305],[-44.13083,-16.89138],[-44.13296,-16.8923],[-44.13362,-16.89419],[-44.13385,-16.8962],[-44.13456,-16.89689],[-44.1344,-16.89927],[-44.13564,-16.90094],[-44.13595,-16.90186],[-44.1357,-16.90313],[-44.13394,-16.90411],[-44.1336,-16.90505],[-44.13349,-16.90736],[-44.13292,-16.91024],[-44.13433,-16.91078],[-44.13533,-16.91177],[-44.13584,-16.91466],[-44.13722,-16.91762],[-44.13728,-16.91861],[-44.13691,-16.92098],[-44.13801,-16.92182],[-44.13824,-16.92272],[-44.13954,-16.92224],[-44.14035,-16.92266],[-44.1412,-16.92387],[-44.14131,-16.92631],[-44.14197,-16.92869],[-44.14203,-16.9301],[-44.14146,-16.9324],[-44.1398,-16.93433],[-44.13912,-16.93564],[-44.13898,-16.93859],[-44.13837,-16.9405],[-44.13743,-16.94158],[-44.13647,-16.94162],[-44.13492,-16.9403],[-44.13411,-16.94055],[-44.13396,-16.94145],[-44.13307,-16.94252],[-44.13211,-16.94222],[-44.13145,-16.94086],[-44.13051,-16.94037],[-44.12912,-16.94057],[-44.12758,-16.9418],[-44.12736,-16.94275],[-44.12754,-16.94526],[-44.12867,-16.94829],[-44.129,-16.94977],[-44.12966,-16.95457],[-44.13135,-16.96023],[-44.13183,-16.96138],[-44.13241,-16.96397],[-44.13367,-16.96628],[-44.13561,-16.96941],[-44.13702,-16.97024],[-44.13859,-16.97189],[-44.13971,-16.97438],[-44.14105,-16.97707],[-44.14196,-16.97758],[-44.14549,-16.97689],[-44.14688,-16.97694],[-44.14789,-16.97962],[-44.14832,-16.98447],[-44.1483,-16.98689],[-44.14878,-16.98825],[-44.15032,-16.99024],[-44.15335,-16.99233],[-44.1552,-16.99285],[-44.15776,-16.99639],[-44.15873,-16.9982],[-44.15995,-16.99881],[-44.16038,-16.99961],[-44.15983,-17.00227],[-44.15913,-17.00425],[-44.15731,-17.00513],[-44.15628,-17.00617],[-44.15592,-17.00713],[-44.15537,-17.00999],[-44.15527,-17.01158],[-44.15355,-17.01562],[-44.15355,-17.01661],[-44.15405,-17.01804],[-44.1547,-17.01873],[-44.15449,-17.01975],[-44.15362,-17.02037],[-44.15226,-17.02313],[-44.15046,-17.02537],[-44.15003,-17.02622],[-44.14996,-17.02934],[-44.1501,-17.03116],[-44.15334,-17.03261],[-44.15516,-17.03187],[-44.15616,-17.03286],[-44.15827,-17.03286],[-44.15976,-17.03342],[-44.16134,-17.0345],[-44.16321,-17.03397],[-44.16463,-17.03448],[-44.16594,-17.0368],[-44.16707,-17.03722],[-44.16671,-17.03916],[-44.16755,-17.04114],[-44.16916,-17.04388],[-44.17098,-17.04545],[-44.1711,-17.04637],[-44.17395,-17.04681],[-44.17596,-17.04653],[-44.17771,-17.04745],[-44.17843,-17.0487],[-44.17755,-17.05043],[-44.17843,-17.05163],[-44.17927,-17.05389],[-44.18004,-17.05446],[-44.18153,-17.05432],[-44.1833,-17.05594],[-44.18464,-17.05619],[-44.1858,-17.05847],[-44.18798,-17.05965],[-44.18877,-17.06124],[-44.18846,-17.06216],[-44.18735,-17.06311],[-44.18798,-17.06414],[-44.18901,-17.06403],[-44.19069,-17.06479],[-44.19066,-17.06617],[-44.19145,-17.06682],[-44.19412,-17.06682],[-44.19536,-17.06746],[-44.19539,-17.06944],[-44.1962,-17.07115],[-44.19599,-17.07304],[-44.19534,-17.07366],[-44.1939,-17.07369],[-44.1939,-17.07551],[-44.19342,-17.07708],[-44.19352,-17.0789],[-44.19321,-17.07994],[-44.19225,-17.08113],[-44.19204,-17.08203],[-44.19103,-17.08323],[-44.19105,-17.08655],[-44.19065,-17.08748],[-44.1918,-17.08771],[-44.19278,-17.08692],[-44.19307,-17.08784],[-44.19381,-17.08851],[-44.1958,-17.0886],[-44.19645,-17.08925],[-44.19604,-17.09218],[-44.19693,-17.09384],[-44.19655,-17.09718],[-44.1976,-17.09836],[-44.19813,-17.10121],[-44.19712,-17.10105],[-44.19655,-17.10172],[-44.19684,-17.10264],[-44.19645,-17.10354],[-44.19554,-17.1038],[-44.19319,-17.10212],[-44.1913,-17.10246],[-44.19034,-17.10235],[-44.18801,-17.10066],[-44.18825,-17.09919],[-44.18581,-17.09907],[-44.18492,-17.09806],[-44.18331,-17.09801],[-44.18252,-17.09751],[-44.18228,-17.09622],[-44.1813,-17.09608],[-44.18005,-17.09709],[-44.17979,-17.09795],[-44.18008,-17.09894],[-44.17955,-17.09965],[-44.17802,-17.09993],[-44.17655,-17.10064],[-44.17574,-17.10002],[-44.17298,-17.10115],[-44.17094,-17.10044],[-44.16955,-17.0991],[-44.16852,-17.09929],[-44.16641,-17.10023],[-44.16565,-17.1009],[-44.16481,-17.10392],[-44.16366,-17.10547],[-44.16279,-17.10544],[-44.16198,-17.10466],[-44.16107,-17.1059],[-44.15939,-17.10683],[-44.15862,-17.10858],[-44.15778,-17.10976],[-44.15697,-17.11033],[-44.15553,-17.11052],[-44.1545,-17.10893],[-44.15364,-17.10856],[-44.15232,-17.11012],[-44.15057,-17.11091],[-44.14937,-17.10957],[-44.14752,-17.10893],[-44.14654,-17.1092],[-44.14488,-17.11112],[-44.14383,-17.11151],[-44.13961,-17.11151],[-44.13726,-17.11222],[-44.13623,-17.11218],[-44.13467,-17.11139],[-44.13311,-17.11008],[-44.13237,-17.11063],[-44.13098,-17.11093],[-44.12992,-17.10948],[-44.12848,-17.10909],[-44.1269,-17.10918],[-44.1245,-17.11079],[-44.1241,-17.1122],[-44.12273,-17.11192],[-44.1217,-17.11411],[-44.1206,-17.11515],[-44.11858,-17.11541],[-44.11765,-17.11492],[-44.11563,-17.11513],[-44.1146,-17.11612],[-44.11371,-17.11891],[-44.11225,-17.12059],[-44.1118,-17.12149],[-44.11045,-17.12292],[-44.10906,-17.12359],[-44.10717,-17.12338],[-44.10592,-17.12481],[-44.10369,-17.12576],[-44.10218,-17.127],[-44.10069,-17.12749],[-44.09959,-17.12852],[-44.09899,-17.13099],[-44.10017,-17.13509],[-44.10012,-17.13703],[-44.10062,-17.13793],[-44.10367,-17.14035],[-44.10436,-17.14116],[-44.1052,-17.14305],[-44.10566,-17.14579],[-44.10328,-17.14459],[-44.10235,-17.14434],[-44.10033,-17.14321],[-44.09671,-17.14233],[-44.09383,-17.14122],[-44.09115,-17.13977],[-44.08882,-17.13742],[-44.08638,-17.13654],[-44.08491,-17.13636],[-44.08295,-17.13689],[-44.08153,-17.13751],[-44.07779,-17.13822],[-44.07631,-17.13822],[-44.0736,-17.13744],[-44.07139,-17.13606],[-44.0695,-17.13456],[-44.06451,-17.12994],[-44.0631,-17.12907],[-44.06159,-17.12856],[-44.05852,-17.12814],[-44.05471,-17.12729],[-44.05274,-17.12703],[-44.05099,-17.12639],[-44.0483,-17.12498],[-44.04464,-17.12468],[-44.04296,-17.12422],[-44.04001,-17.12299],[-44.03749,-17.12239],[-44.03452,-17.12103],[-44.03123,-17.12126],[-44.02874,-17.12193],[-44.02687,-17.12181],[-44.0256,-17.12096],[-44.02172,-17.11618],[-44.02066,-17.11441],[-44.02019,-17.11307],[-44.0205,-17.11065],[-44.02036,-17.1089],[-44.021,-17.10747],[-44.02266,-17.10565],[-44.02355,-17.10374],[-44.02463,-17.10023],[-44.02559,-17.09869],[-44.02559,-17.09772],[-44.02475,-17.09578],[-44.02343,-17.09408],[-44.02173,-17.09239],[-44.0214,-17.08707],[-44.02121,-17.08596],[-44.02138,-17.08421],[-44.02162,-17.07651],[-44.0222,-17.07582],[-44.02299,-17.07213],[-44.02328,-17.06952],[-44.02242,-17.06703],[-44.0223,-17.06602],[-44.02156,-17.06473],[-44.0193,-17.06339],[-44.01823,-17.06242],[-44.01607,-17.05963],[-44.01602,-17.05866],[-44.01758,-17.05539],[-44.01734,-17.054],[-44.01643,-17.05195],[-44.01581,-17.05126],[-44.01411,-17.0502],[-44.01234,-17.0484],[-44.00826,-17.04724],[-44.00685,-17.04669],[-44.00431,-17.04452],[-44.00208,-17.04396],[-44.00132,-17.04436],[-43.99954,-17.0459],[-43.99821,-17.04545],[-43.99555,-17.04289],[-43.99367,-17.04222],[-43.98997,-17.04184],[-43.98842,-17.04052],[-43.98729,-17.04008],[-43.98583,-17.04019],[-43.98454,-17.03967],[-43.98352,-17.03815],[-43.98195,-17.03665],[-43.97966,-17.03556],[-43.97924,-17.03479],[-43.97959,-17.03291],[-43.9785,-17.03077],[-43.9773,-17.02967],[-43.9751,-17.02812],[-43.97293,-17.02634],[-43.97211,-17.02578],[-43.97042,-17.02536],[-43.96945,-17.02557],[-43.96786,-17.02694],[-43.9663,-17.0268],[-43.96485,-17.02541],[-43.96409,-17.02412],[-43.96068,-17.0169],[-43.95922,-17.01417],[-43.95885,-17.0122],[-43.95904,-17.01015],[-43.95839,-17.00836],[-43.95695,-17.00674],[-43.95577,-17.00452],[-43.95561,-17.0024],[-43.95648,-16.9984],[-43.9553,-16.99546],[-43.95368,-16.99259],[-43.95352,-16.99095],[-43.95316,-16.99063],[-43.95134,-16.99123],[-43.94925,-16.99067],[-43.94749,-16.98986],[-43.94529,-16.98841],[-43.94403,-16.98704],[-43.94361,-16.98614],[-43.94268,-16.98211],[-43.94234,-16.9796],[-43.94172,-16.97716],[-43.94064,-16.97706],[-43.93869,-16.97874],[-43.93769,-16.97912],[-43.93495,-16.97885],[-43.93362,-16.97805],[-43.93146,-16.97521],[-43.93031,-16.97297],[-43.92909,-16.9715],[-43.92813,-16.971],[-43.92568,-16.97061],[-43.92471,-16.97016],[-43.92307,-16.96891],[-43.92163,-16.96678],[-43.92013,-16.96527],[-43.91808,-16.96453],[-43.91698,-16.96473],[-43.91417,-16.96635],[-43.91118,-16.96688],[-43.90845,-16.96705],[-43.90649,-16.96758],[-43.90468,-16.96861],[-43.90129,-16.97014],[-43.89918,-16.96996],[-43.89814,-16.96965],[-43.89567,-16.96946],[-43.89414,-16.96989],[-43.89259,-16.96991],[-43.89011,-16.96936],[-43.88912,-16.96872],[-43.88829,-16.96725],[-43.88814,-16.96481],[-43.88683,-16.9612],[-43.88747,-16.96027],[-43.88893,-16.95954],[-43.89013,-16.95805],[-43.89033,-16.95602],[-43.88943,-16.95308],[-43.88792,-16.95041],[-43.88737,-16.94892],[-43.88658,-16.94833],[-43.88384,-16.94815],[-43.88135,-16.9485],[-43.87707,-16.94669],[-43.87587,-16.94687],[-43.87255,-16.94821],[-43.86973,-16.94868],[-43.86613,-16.94832],[-43.86324,-16.94752],[-43.86083,-16.946],[-43.85843,-16.94381],[-43.85689,-16.94148]]]},"properties":{"codigo":"314330205","name":"Montes Claros","population":401766,"households":171973,"areaKm2":1715.1181,"density":234.2}},{"type":"Feature","geometry":{"type":"Polygon","coordinates":[[[-43.76397,-16.08979],[-43.76563,-16.08921],[-43.76683,-16.08965],[-43.76726,-16.08884],[-43.76873,-16.0884],[-43.77081,-16.08949],[-43.77191,-16.08974],[-43.77332,-16.08948],[-43.77336,-16.08805],[-43.77507,-16.0878],[-43.77717,-16.08675],[-43.77784,-16.08719],[-43.77871,-16.08561],[-43.77966,-16.0857],[-43.78104,-16.0853],[-43.78159,-16.08449],[-43.78259,-16.08407],[-43.78395,-16.08433],[-43.78425,-16.08717],[-43.78479,-16.08864],[-43.78699,-16.08888],[-43.78858,-16.08795],[-43.78862,-16.09023],[-43.78927,-16.09097],[-43.79101,-16.0916],[-43.79192,-16.09144],[-43.79248,-16.09072],[-43.79467,-16.08964],[-43.79604,-16.09005],[-43.79682,-16.08954],[-43.79674,-16.08813],[-43.79797,-16.08734],[-43.79934,-16.08781],[-43.80087,-16.08886],[-43.80133,-16.08969],[-43.80096,-16.09152],[-43.80252,-16.09273],[-43.80155,-16.09405],[-43.80341,-16.09441],[-43.80484,-16.09391],[-43.80579,-16.09317],[-43.80957,-16.09165],[-43.8105,-16.09153],[-43.81156,-16.0896],[-43.8133,-16.08851],[-43.81334,-16.08724],[-43.81429,-16.08742],[-43.81504,-16.08921],[-43.81654,-16.08851],[-43.81842,-16.08825],[-43.8191,-16.08893],[-43.81986,-16.08842],[-43.82088,-16.0886],[-43.82151,-16.08931],[-43.82102,-16.0915],[-43.82285,-16.09299],[-43.82553,-16.09122],[-43.82642,-16.09163],[-43.82856,-16.0915],[-43.83021,-16.09223],[-43.83079,-16.09315],[-43.82976,-16.09567],[-43.83029,-16.09643],[-43.8322,-16.09625],[-43.83426,-16.09716],[-43.83379,-16.09848],[-43.83571,-16.0998],[-43.836,-16.10151],[-43.83794,-16.10122],[-43.84007,-16.10257],[-43.84096,-16.10372],[-43.84229,-16.10327],[-43.84277,-16.10403],[-43.84409,-16.10466],[-43.84462,-16.10542],[-43.84629,-16.10456],[-43.8476,-16.10423],[-43.8482,-16.10489],[-43.84782,-16.10614],[-43.84933,-16.10712],[-43.8487,-16.10915],[-43.84916,-16.10989],[-43.85054,-16.10937],[-43.85196,-16.11091],[-43.85323,-16.11136],[-43.85461,-16.11133],[-43.85521,-16.11202],[-43.85681,-16.11208],[-43.85621,-16.11397],[-43.85872,-16.11243],[-43.85878,-16.11361],[-43.85933,-16.11427],[-43.86002,-16.11314],[-43.86201,-16.11444],[-43.86327,-16.11365],[-43.86422,-16.11376],[-43.86514,-16.11269],[-43.86638,-16.11183],[-43.86482,-16.1108],[-43.86587,-16.11008],[-43.86581,-16.10895],[-43.86681,-16.10908],[-43.86781,-16.10794],[-43.86899,-16.10713],[-43.86977,-16.10855],[-43.87079,-16.10756],[-43.87168,-16.10891],[-43.87349,-16.10837],[-43.87423,-16.10892],[-43.8747,-16.11027],[-43.87558,-16.11045],[-43.87685,-16.10832],[-43.87755,-16.10889],[-43.87948,-16.1081],[-43.88017,-16.10869],[-43.88103,-16.10852],[-43.88163,-16.10937],[-43.88407,-16.1098],[-43.88527,-16.1105],[-43.88704,-16.11102],[-43.88705,-16.11231],[-43.89058,-16.11254],[-43.89081,-16.1118],[-43.89245,-16.11096],[-43.89311,-16.10914],[-43.89395,-16.10954],[-43.8959,-16.1093],[-43.89639,-16.10752],[-43.89609,-16.10614],[-43.89704,-16.10516],[-43.89831,-16.10541],[-43.90003,-16.10367],[-43.90174,-16.10518],[-43.90213,-16.10608],[-43.90358,-16.10577],[-43.90406,-16.1065],[-43.90497,-16.10677],[-43.9063,-16.10614],[-43.90712,-16.10646],[-43.90737,-16.10551],[-43.90912,-16.10617],[-43.90973,-16.10768],[-43.91091,-16.10622],[-43.91194,-16.10642],[-43.91195,-16.10548],[-43.91303,-16.1051],[-43.9138,-16.10339],[-43.91277,-16.10257],[-43.914,-16.102],[-43.91634,-16.10217],[-43.91706,-16.10284],[-43.918,-16.10283],[-43.91999,-16.10146],[-43.92087,-16.10108],[-43.92328,-16.10104],[-43.92718,-16.09977],[-43.92846,-16.09835],[-43.92951,-16.09791],[-43.93042,-16.09825],[-43.93064,-16.09912],[-43.93153,-16.10022],[-43.93249,-16.10077],[-43.93488,-16.10128],[-43.93829,-16.10107],[-43.94088,-16.10346],[-43.94268,-16.10439],[-43.94556,-16.10421],[-43.94704,-16.10443],[-43.9504,-16.10369],[-43.95168,-16.10158],[-43.95284,-16.10053],[-43.95606,-16.1006],[-43.95832,-16.09967],[-43.95971,-16.09726],[-43.96015,-16.09587],[-43.96176,-16.09385],[-43.96353,-16.09202],[-43.96469,-16.09039],[-43.96552,-16.0897],[-43.96771,-16.08867],[-43.9691,-16.08669],[-43.98999,-16.16269],[-43.9881,-16.16217],[-43.98778,-16.16086],[-43.98658,-16.16011],[-43.98617,-16.15916],[-43.98471,-16.15878],[-43.98451,-16.15832],[-43.98467,-16.15625],[-43.98256,-16.15531],[-43.98056,-16.1533],[-43.97963,-16.15308],[-43.97926,-16.15222],[-43.97952,-16.15132],[-43.97895,-16.14796],[-43.97815,-16.14679],[-43.97626,-16.14609],[-43.97553,-16.14489],[-43.97533,-16.14349],[-43.97327,-16.14214],[-43.97307,-16.14122],[-43.97189,-16.13959],[-43.96942,-16.13811],[-43.96717,-16.13713],[-43.96492,-16.13586],[-43.96159,-16.13459],[-43.95962,-16.13308],[-43.95923,-16.13121],[-43.95836,-16.13039],[-43.95705,-16.13111],[-43.956,-16.13036],[-43.95639,-16.1281],[-43.95587,-16.12616],[-43.95631,-16.12429],[-43.95611,-16.12332],[-43.95409,-16.12099],[-43.95261,-16.12077],[-43.95058,-16.1208],[-43.949,-16.11966],[-43.94798,-16.11815],[-43.94705,-16.11836],[-43.94596,-16.1192],[-43.94458,-16.11946],[-43.94287,-16.11788],[-43.94084,-16.11767],[-43.93794,-16.11849],[-43.93644,-16.11857],[-43.9355,-16.11821],[-43.93412,-16.11827],[-43.93287,-16.1198],[-43.93261,-16.12118],[-43.9313,-16.12145],[-43.92986,-16.1233],[-43.92832,-16.1246],[-43.92759,-16.12625],[-43.92763,-16.12774],[-43.92618,-16.12852],[-43.92483,-16.12666],[-43.92401,-16.12595],[-43.92304,-16.12415],[-43.92289,-16.12307],[-43.92348,-16.12231],[-43.92333,-16.12141],[-43.92227,-16.11985],[-43.9215,-16.11812],[-43.92051,-16.11711],[-43.91958,-16.11737],[-43.91941,-16.11931],[-43.91898,-16.12022],[-43.91813,-16.12057],[-43.91802,-16.12193],[-43.91616,-16.1228],[-43.91469,-16.12407],[-43.91451,-16.12546],[-43.9134,-16.1275],[-43.91323,-16.1293],[-43.91168,-16.13025],[-43.91075,-16.13008],[-43.91004,-16.13066],[-43.91026,-16.13162],[-43.91197,-16.1333],[-43.91279,-16.13502],[-43.91182,-16.1359],[-43.90984,-16.13571],[-43.9089,-16.13477],[-43.90549,-16.13572],[-43.90466,-16.13526],[-43.90282,-16.13562],[-43.9025,-16.13479],[-43.90121,-16.13436],[-43.89978,-16.1349],[-43.89968,-16.134],[-43.89851,-16.1333],[-43.8971,-16.1337],[-43.89606,-16.1346],[-43.89524,-16.13636],[-43.89539,-16.13726],[-43.89418,-16.13891],[-43.89328,-16.13907],[-43.89296,-16.13822],[-43.89193,-16.13805],[-43.88962,-16.13898],[-43.88737,-16.14036],[-43.88646,-16.14],[-43.88388,-16.1399],[-43.8831,-16.1405],[-43.8823,-16.14194],[-43.88089,-16.14248],[-43.88059,-16.1438],[-43.87916,-16.14369],[-43.87859,-16.14487],[-43.87874,-16.14577],[-43.87744,-16.14645],[-43.8778,-16.14774],[-43.87763,-16.15016],[-43.87522,-16.15075],[-43.87283,-16.15312],[-43.8715,-16.15359],[-43.86963,-16.15323],[-43.86614,-16.15492],[-43.86523,-16.15474],[-43.86432,-16.15514],[-43.86476,-16.15594],[-43.86465,-16.15686],[-43.86324,-16.15745],[-43.8603,-16.16024],[-43.86039,-16.16204],[-43.86132,-16.16224],[-43.86197,-16.16355],[-43.86184,-16.16539],[-43.8627,-16.16576],[-43.8641,-16.16803],[-43.86301,-16.16888],[-43.86142,-16.16795],[-43.86024,-16.16924],[-43.85895,-16.16969],[-43.85661,-16.17087],[-43.85516,-16.1718],[-43.85332,-16.17242],[-43.85219,-16.1739],[-43.85116,-16.17418],[-43.84953,-16.17302],[-43.84724,-16.17218],[-43.84421,-16.17278],[-43.84278,-16.1729],[-43.84226,-16.17369],[-43.8421,-16.17487],[-43.84051,-16.17587],[-43.8386,-16.17583],[-43.8379,-16.17517],[-43.83659,-16.17592],[-43.83617,-16.17735],[-43.83658,-16.17797],[-43.83552,-16.17906],[-43.83462,-16.18121],[-43.83281,-16.18178],[-43.83179,-16.18176],[-43.83182,-16.18305],[-43.83267,-16.18577],[-43.83127,-16.18587],[-43.82993,-16.18636],[-43.82795,-16.18656],[-43.82702,-16.18638],[-43.82704,-16.18507],[-43.82522,-16.18406],[-43.8232,-16.18269],[-43.82233,-16.18094],[-43.82163,-16.18033],[-43.81972,-16.18004],[-43.8171,-16.17994],[-43.81691,-16.1804],[-43.81529,-16.18073],[-43.81323,-16.17957],[-43.81193,-16.17817],[-43.81031,-16.17908],[-43.8094,-16.17865],[-43.80745,-16.17926],[-43.80645,-16.18038],[-43.80381,-16.18134],[-43.80104,-16.18066],[-43.80003,-16.17966],[-43.80024,-16.17864],[-43.79913,-16.17775],[-43.79703,-16.17799],[-43.79611,-16.17839],[-43.79362,-16.17833],[-43.79132,-16.18006],[-43.79068,-16.18098],[-43.78927,-16.18129],[-43.7874,-16.18227],[-43.78599,-16.18203],[-43.7822,-16.18408],[-43.77965,-16.18435],[-43.77779,-16.18358],[-43.77745,-16.18275],[-43.77647,-16.18273],[-43.77639,-16.18144],[-43.77552,-16.18029],[-43.77596,-16.17879],[-43.77557,-16.17686],[-43.77411,-16.17666],[-43.77327,-16.17602],[-43.77234,-16.17611],[-43.77157,-16.17566],[-43.77163,-16.17384],[-43.77032,-16.17345],[-43.77081,-16.17179],[-43.7708,-16.1707],[-43.76993,-16.16854],[-43.76869,-16.16871],[-43.76811,-16.1674],[-43.76627,-16.16803],[-43.76582,-16.16783],[-43.76478,-16.16567],[-43.76614,-16.16266],[-43.76568,-16.16079],[-43.7659,-16.15816],[-43.76565,-16.1563],[-43.76612,-16.15491],[-43.76603,-16.15237],[-43.7675,-16.1517],[-43.76697,-16.15041],[-43.76686,-16.14796],[-43.76634,-16.14612],[-43.76907,-16.14324],[-43.76955,-16.14432],[-43.77051,-16.14432],[-43.77167,-16.14348],[-43.77351,-16.14393],[-43.77484,-16.14247],[-43.77587,-16.14246],[-43.77689,-16.14149],[-43.77831,-16.14097],[-43.77905,-16.14034],[-43.7794,-16.13894],[-43.77932,-16.13748],[-43.77991,-16.1367],[-43.7797,-16.13363],[-43.78005,-16.13266],[-43.78102,-16.13235],[-43.78245,-16.13103],[-43.78377,-16.12901],[-43.7857,-16.12833],[-43.78511,-16.12612],[-43.78375,-16.12583],[-43.78343,-16.12496],[-43.7816,-16.12485],[-43.78216,-16.1236],[-43.78189,-16.12217],[-43.78263,-16.12201],[-43.78325,-16.12314],[-43.78397,-16.12255],[-43.78393,-16.12073],[-43.78433,-16.11944],[-43.78247,-16.11966],[-43.78211,-16.11934],[-43.78176,-16.11756],[-43.78087,-16.11646],[-43.78086,-16.11503],[-43.77947,-16.11379],[-43.77881,-16.11546],[-43.77793,-16.11535],[-43.77713,-16.11399],[-43.77633,-16.11109],[-43.77727,-16.10922],[-43.77674,-16.10804],[-43.77687,-16.10659],[-43.77639,-16.10579],[-43.77638,-16.1044],[-43.77542,-16.1033],[-43.77529,-16.10231],[-43.77423,-16.10056],[-43.77431,-16.09902],[-43.77395,-16.09812],[-43.77386,-16.09616],[-43.77299,-16.09407],[-43.77076,-16.09254],[-43.76963,-16.09144],[-43.76723,-16.09147],[-43.76586,-16.09109],[-43.76409,-16.09018],[-43.76397,-16.08979]]]},"properties":{"codigo":"314330208","name":"Aparecida do Mundo Novo","population":815,"households":565,"areaKm2":129.5646,"density":6.3}},{"type":"Feature","geometry":{"type":"Polygon","coordinates":[[[-44.02916,-16.45373],[-44.02986,-16.45228],[-44.03023,-16.45042],[-44.03154,-16.44973],[-44.03279,-16.44826],[-44.03411,-16.44532],[-44.03468,-16.44456],[-44.03643,-16.4439],[-44.03765,-16.44252],[-44.03825,-16.44088],[-44.03817,-16.43803],[-44.03827,-16.43386],[-44.0379,-16.43292],[-44.03717,-16.42964],[-44.03717,-16.42872],[-44.03801,-16.42753],[-44.03789,-16.42444],[-44.03985,-16.42479],[-44.04279,-16.42411],[-44.04744,-16.42383],[-44.04933,-16.4242],[-44.05045,-16.42487],[-44.05205,-16.4232],[-44.05511,-16.42037],[-44.05901,-16.41732],[-44.06193,-16.41436],[-44.06574,-16.41135],[-44.06717,-16.40986],[-44.06973,-16.40782],[-44.07207,-16.40614],[-44.07609,-16.40217],[-44.07813,-16.39997],[-44.07978,-16.39864],[-44.08339,-16.39646],[-44.08621,-16.39463],[-44.08841,-16.39357],[-44.09068,-16.39213],[-44.09273,-16.39133],[-44.09543,-16.38899],[-44.09673,-16.38754],[-44.09788,-16.38568],[-44.10005,-16.38377],[-44.10135,-16.38193],[-44.10169,-16.37961],[-44.1033,-16.37614],[-44.10414,-16.37372],[-44.10548,-16.37308],[-44.10693,-16.37283],[-44.10965,-16.37302],[-44.11151,-16.37372],[-44.11346,-16.37501],[-44.11608,-16.37652],[-44.1182,-16.37714],[-44.12405,-16.37711],[-44.12677,-16.37659],[-44.12934,-16.37584],[-44.1329,-16.3741],[-44.13539,-16.37309],[-44.13785,-16.37229],[-44.13954,-16.37151],[-44.14102,-16.37046],[-44.14222,-16.36781],[-44.14268,-16.36585],[-44.14238,-16.36355],[-44.14181,-16.36173],[-44.14184,-16.3603],[-44.14443,-16.35619],[-44.14534,-16.35506],[-44.1467,-16.35453],[-44.14908,-16.35498],[-44.14982,-16.3556],[-44.15143,-16.3577],[-44.15293,-16.35936],[-44.15536,-16.36252],[-44.15752,-16.36472],[-44.1589,-16.36663],[-44.16187,-16.37],[-44.16411,-16.37178],[-44.16771,-16.37319],[-44.17043,-16.37299],[-44.17463,-16.3722],[-44.17661,-16.37248],[-44.17987,-16.3747],[-44.18175,-16.37528],[-44.18292,-16.37537],[-44.18428,-16.37609],[-44.18513,-16.37729],[-44.18704,-16.37893],[-44.18847,-16.37964],[-44.19157,-16.3805],[-44.19283,-16.38117],[-44.19512,-16.38198],[-44.19831,-16.3822],[-44.1996,-16.38305],[-44.20227,-16.38334],[-44.20327,-16.38366],[-44.20577,-16.38606],[-44.20762,-16.38911],[-44.20836,-16.38975],[-44.21092,-16.39054],[-44.2079,-16.39325],[-44.20649,-16.39329],[-44.20618,-16.3941],[-44.20627,-16.39562],[-44.2056,-16.39633],[-44.20565,-16.39725],[-44.207,-16.39905],[-44.20712,-16.40053],[-44.20581,-16.40115],[-44.20294,-16.40114],[-44.20189,-16.40266],[-44.20098,-16.40247],[-44.2002,-16.40291],[-44.2,-16.4038],[-44.19881,-16.40456],[-44.19842,-16.40544],[-44.19706,-16.4055],[-44.19618,-16.40589],[-44.19475,-16.40582],[-44.19434,-16.40662],[-44.19455,-16.40807],[-44.19221,-16.40881],[-44.19159,-16.40956],[-44.19245,-16.41053],[-44.19173,-16.41122],[-44.19084,-16.41309],[-44.18846,-16.41278],[-44.18788,-16.4143],[-44.18693,-16.41444],[-44.18523,-16.41544],[-44.18525,-16.41641],[-44.18353,-16.41873],[-44.18209,-16.41905],[-44.18197,-16.42083],[-44.17913,-16.42211],[-44.17729,-16.42224],[-44.17543,-16.42141],[-44.17457,-16.42295],[-44.17483,-16.42378],[-44.17373,-16.42454],[-44.17239,-16.4241],[-44.17151,-16.42575],[-44.16842,-16.42816],[-44.16737,-16.42804],[-44.16692,-16.42724],[-44.16551,-16.42765],[-44.16382,-16.42937],[-44.16348,-16.4316],[-44.16197,-16.43123],[-44.16085,-16.43199],[-44.15975,-16.43125],[-44.15797,-16.43113],[-44.15689,-16.43267],[-44.15657,-16.43453],[-44.1549,-16.43527],[-44.15395,-16.43508],[-44.15272,-16.43745],[-44.15191,-16.43793],[-44.14993,-16.43776],[-44.14654,-16.4378],[-44.14554,-16.43796],[-44.14477,-16.4386],[-44.14417,-16.4401],[-44.14372,-16.44024],[-44.14261,-16.4429],[-44.14106,-16.44467],[-44.14058,-16.44599],[-44.13893,-16.44718],[-44.13828,-16.4489],[-44.13749,-16.44952],[-44.13713,-16.4509],[-44.13646,-16.45159],[-44.13512,-16.45212],[-44.13421,-16.4532],[-44.13395,-16.45407],[-44.13413,-16.45686],[-44.13323,-16.46063],[-44.1323,-16.46153],[-44.13092,-16.46017],[-44.13011,-16.46037],[-44.12984,-16.46171],[-44.12796,-16.46163],[-44.12621,-16.46253],[-44.12402,-16.46296],[-44.12263,-16.46298],[-44.12129,-16.46413],[-44.11893,-16.46391],[-44.11647,-16.46425],[-44.11554,-16.46406],[-44.11301,-16.46445],[-44.11174,-16.46511],[-44.11039,-16.46463],[-44.10834,-16.46269],[-44.10688,-16.46307],[-44.10494,-16.46574],[-44.10313,-16.46617],[-44.10119,-16.46608],[-44.09952,-16.4678],[-44.09796,-16.47021],[-44.09748,-16.47194],[-44.09759,-16.47286],[-44.09618,-16.47417],[-44.09615,-16.47615],[-44.09691,-16.47783],[-44.09602,-16.47891],[-44.09387,-16.47976],[-44.09435,-16.48109],[-44.09346,-16.4816],[-44.09258,-16.48282],[-44.09207,-16.48417],[-44.09142,-16.48498],[-44.08738,-16.48766],[-44.08597,-16.48821],[-44.08447,-16.48818],[-44.08394,-16.48857],[-44.08212,-16.49087],[-44.07993,-16.49107],[-44.07792,-16.49099],[-44.07577,-16.49159],[-44.07424,-16.49163],[-44.07198,-16.49098],[-44.07103,-16.49001],[-44.06914,-16.49005],[-44.06721,-16.49055],[-44.06522,-16.49052],[-44.06198,-16.48913],[-44.05946,-16.48689],[-44.0583,-16.48428],[-44.05837,-16.48341],[-44.05732,-16.48343],[-44.05602,-16.48177],[-44.05486,-16.479],[-44.05329,-16.47752],[-44.05123,-16.47694],[-44.04992,-16.47617],[-44.04747,-16.47605],[-44.0438,-16.47335],[-44.04152,-16.4697],[-44.03876,-16.46783],[-44.03615,-16.46441],[-44.03431,-16.46282],[-44.03184,-16.45982],[-44.03087,-16.45758],[-44.03001,-16.45707],[-44.02921,-16.45534],[-44.02916,-16.45373]]]},"properties":{"codigo":"314330210","name":"Ermidinha","population":1135,"households":752,"areaKm2":137.6046,"density":8.2}},{"type":"Feature","geometry":{"type":"Polygon","coordinates":[[[-43.75617,-16.49975],[-43.75924,-16.49973],[-43.75981,-16.50036],[-43.76079,-16.50044],[-43.76162,-16.49997],[-43.76306,-16.49973],[-43.76302,-16.501],[-43.76418,-16.50161],[-43.76478,-16.50234],[-43.76698,-16.50188],[-43.76721,-16.50103],[-43.76852,-16.50062],[-43.76934,-16.50168],[-43.77168,-16.5014],[-43.77239,-16.50024],[-43.77326,-16.5015],[-43.77263,-16.50324],[-43.77195,-16.50377],[-43.77325,-16.50501],[-43.77503,-16.50584],[-43.77609,-16.50676],[-43.7776,-16.50706],[-43.77835,-16.50773],[-43.77951,-16.50942],[-43.78093,-16.50955],[-43.78139,-16.51072],[-43.78263,-16.51027],[-43.78402,-16.51053],[-43.78418,-16.51196],[-43.78355,-16.51317],[-43.78425,-16.51374],[-43.78423,-16.51464],[-43.7836,-16.51584],[-43.7842,-16.51655],[-43.78589,-16.51739],[-43.78689,-16.51724],[-43.78735,-16.51802],[-43.78876,-16.51787],[-43.78977,-16.51809],[-43.79108,-16.51757],[-43.79344,-16.51734],[-43.79508,-16.51633],[-43.79659,-16.51869],[-43.79856,-16.51914],[-43.80092,-16.51861],[-43.80237,-16.51848],[-43.80429,-16.51657],[-43.8058,-16.51653],[-43.80832,-16.51722],[-43.8097,-16.51667],[-43.8121,-16.51497],[-43.81305,-16.51461],[-43.81544,-16.51468],[-43.81613,-16.51393],[-43.8158,-16.51253],[-43.817,-16.51097],[-43.81796,-16.51101],[-43.81874,-16.5104],[-43.81965,-16.51051],[-43.81986,-16.51191],[-43.82075,-16.51209],[-43.82183,-16.51097],[-43.82265,-16.51129],[-43.82372,-16.50853],[-43.82714,-16.50827],[-43.82908,-16.50677],[-43.831,-16.50728],[-43.83191,-16.50704],[-43.83285,-16.50535],[-43.83379,-16.50428],[-43.83588,-16.5028],[-43.83676,-16.5025],[-43.83759,-16.50138],[-43.8387,-16.50052],[-43.84014,-16.50052],[-43.84157,-16.50016],[-43.84346,-16.50031],[-43.84481,-16.50089],[-43.84617,-16.50099],[-43.84804,-16.50169],[-43.84943,-16.50182],[-43.85045,-16.50277],[-43.85183,-16.50288],[-43.85273,-16.504],[-43.85409,-16.50373],[-43.85488,-16.50409],[-43.85552,-16.5054],[-43.85843,-16.50655],[-43.86041,-16.50648],[-43.86257,-16.50517],[-43.86616,-16.50333],[-43.86863,-16.50377],[-43.87019,-16.50382],[-43.87323,-16.50423],[-43.87463,-16.50546],[-43.87605,-16.50607],[-43.87736,-16.50555],[-43.87772,-16.50587],[-43.87955,-16.5053],[-43.88067,-16.50674],[-43.88214,-16.50576],[-43.88337,-16.50641],[-43.88473,-16.50594],[-43.88614,-16.50408],[-43.88622,-16.5002],[-43.88588,-16.4973],[-43.88601,-16.49537],[-43.88603,-16.48462],[-43.88591,-16.48133],[-43.88606,-16.47879],[-43.88571,-16.47429],[-43.88541,-16.47229],[-43.88525,-16.46678],[-43.88537,-16.46562],[-43.88598,-16.46403],[-43.8882,-16.46097],[-43.89077,-16.45857],[-43.89229,-16.4576],[-43.89367,-16.45733],[-43.89501,-16.45668],[-43.89567,-16.45584],[-43.8959,-16.45483],[-43.89524,-16.45239],[-43.89307,-16.44982],[-43.89184,-16.44803],[-43.89072,-16.44557],[-43.89037,-16.44382],[-43.88974,-16.44239],[-43.886,-16.4405],[-43.88521,-16.43961],[-43.8843,-16.43724],[-43.88362,-16.43459],[-43.88326,-16.43081],[-43.88232,-16.42641],[-43.88253,-16.42599],[-43.88417,-16.4246],[-43.88512,-16.42424],[-43.88691,-16.42428],[-43.88906,-16.4239],[-43.89036,-16.42453],[-43.89085,-16.42377],[-43.89093,-16.42181],[-43.89182,-16.42141],[-43.89264,-16.42009],[-43.89503,-16.42],[-43.89639,-16.41963],[-43.89771,-16.42036],[-43.89963,-16.42067],[-43.90133,-16.42192],[-43.90239,-16.42355],[-43.9053,-16.42503],[-43.90616,-16.4259],[-43.90945,-16.4274],[-43.91031,-16.428],[-43.91312,-16.43218],[-43.91495,-16.43514],[-43.91554,-16.43675],[-43.91694,-16.43914],[-43.91858,-16.44104],[-43.92082,-16.44267],[-43.92764,-16.4473],[-43.92978,-16.44936],[-43.93216,-16.45112],[-43.93458,-16.45203],[-43.93613,-16.45204],[-43.94258,-16.45114],[-43.9438,-16.45077],[-43.94756,-16.44871],[-43.94903,-16.44773],[-43.9513,-16.44686],[-43.95607,-16.44602],[-43.95991,-16.44461],[-43.96117,-16.44361],[-43.96379,-16.44223],[-43.96595,-16.44046],[-43.96742,-16.43854],[-43.97082,-16.43372],[-43.9731,-16.43156],[-43.97462,-16.42982],[-43.978,-16.42818],[-43.98098,-16.42763],[-43.98597,-16.42628],[-43.98704,-16.42565],[-43.98841,-16.42342],[-43.9906,-16.42031],[-43.99288,-16.41746],[-43.99485,-16.41576],[-43.9986,-16.41338],[-44.00044,-16.4124],[-44.00393,-16.41006],[-44.00469,-16.40935],[-44.00785,-16.40717],[-44.0109,-16.40654],[-44.01252,-16.40725],[-44.01705,-16.41024],[-44.01835,-16.4116],[-44.02164,-16.41391],[-44.02326,-16.41459],[-44.02483,-16.41468],[-44.02703,-16.41418],[-44.02949,-16.41251],[-44.03325,-16.40898],[-44.03565,-16.40553],[-44.03644,-16.40376],[-44.03855,-16.4005],[-44.03881,-16.39922],[-44.04156,-16.39799],[-44.04508,-16.39573],[-44.04685,-16.39499],[-44.04981,-16.39416],[-44.05054,-16.39639],[-44.05058,-16.39853],[-44.04928,-16.40269],[-44.04796,-16.40488],[-44.04435,-16.408],[-44.04351,-16.40933],[-44.04211,-16.4134],[-44.04081,-16.41625],[-44.03966,-16.41811],[-44.03841,-16.42115],[-44.03789,-16.42444],[-44.03621,-16.42342],[-44.03216,-16.42254],[-44.02975,-16.42168],[-44.02832,-16.42144],[-44.02689,-16.4216],[-44.02299,-16.42272],[-44.02004,-16.42248],[-44.01858,-16.42291],[-44.01695,-16.42394],[-44.01595,-16.42403],[-44.01457,-16.42347],[-44.01136,-16.42102],[-44.01019,-16.42065],[-44.00522,-16.421],[-44.00382,-16.42125],[-44.00059,-16.42106],[-43.99841,-16.42243],[-43.99685,-16.42394],[-43.99491,-16.42651],[-43.99444,-16.42804],[-43.99186,-16.43205],[-43.98942,-16.4349],[-43.98572,-16.43832],[-43.98394,-16.43962],[-43.98127,-16.44119],[-43.97845,-16.44331],[-43.97491,-16.44718],[-43.97212,-16.45087],[-43.97144,-16.45214],[-43.97087,-16.45644],[-43.97074,-16.46119],[-43.97121,-16.46303],[-43.9706,-16.46504],[-43.95256,-16.50593],[-43.95066,-16.50842],[-43.94967,-16.51154],[-43.94813,-16.51491],[-43.94716,-16.51803],[-43.94581,-16.52139],[-43.94372,-16.52466],[-43.94188,-16.52533],[-43.93801,-16.5253],[-43.93713,-16.52593],[-43.93528,-16.52902],[-43.93438,-16.53011],[-43.93341,-16.53072],[-43.9314,-16.5313],[-43.93026,-16.53406],[-43.92863,-16.5358],[-43.92845,-16.53673],[-43.92907,-16.53864],[-43.93008,-16.54347],[-43.92982,-16.54553],[-43.92792,-16.54719],[-43.92648,-16.5472],[-43.92485,-16.54676],[-43.92225,-16.54526],[-43.91819,-16.5432],[-43.91658,-16.54271],[-43.91321,-16.54305],[-43.90964,-16.54241],[-43.90761,-16.54257],[-43.90616,-16.54323],[-43.90519,-16.54433],[-43.90232,-16.54703],[-43.89935,-16.54861],[-43.89613,-16.54966],[-43.89498,-16.55092],[-43.89349,-16.55033],[-43.89146,-16.5489],[-43.88992,-16.54804],[-43.88628,-16.54727],[-43.88417,-16.54749],[-43.88332,-16.54783],[-43.87913,-16.54828],[-43.87666,-16.54919],[-43.87426,-16.55062],[-43.87317,-16.5516],[-43.87147,-16.55371],[-43.87051,-16.55382],[-43.86873,-16.55289],[-43.86684,-16.55242],[-43.86407,-16.55282],[-43.86232,-16.55254],[-43.86,-16.55468],[-43.85804,-16.55712],[-43.85709,-16.55787],[-43.85549,-16.56033],[-43.85411,-16.56136],[-43.85122,-16.56174],[-43.84895,-16.56158],[-43.84559,-16.56048],[-43.84118,-16.55971],[-43.84014,-16.55919],[-43.8383,-16.55737],[-43.83646,-16.5569],[-43.8344,-16.55731],[-43.83184,-16.55685],[-43.83083,-16.55647],[-43.82967,-16.55551],[-43.82937,-16.55376],[-43.82948,-16.55106],[-43.83002,-16.54746],[-43.83058,-16.54607],[-43.83066,-16.54231],[-43.82985,-16.54022],[-43.82861,-16.5388],[-43.8277,-16.53837],[-43.82403,-16.5379],[-43.82098,-16.5383],[-43.81906,-16.5379],[-43.81706,-16.53695],[-43.8151,-16.5366],[-43.81365,-16.53768],[-43.81077,-16.53863],[-43.80844,-16.54061],[-43.80661,-16.54167],[-43.80539,-16.54175],[-43.80457,-16.54116],[-43.80377,-16.53943],[-43.80188,-16.53733],[-43.80042,-16.53534],[-43.79781,-16.53282],[-43.79305,-16.52982],[-43.79024,-16.52674],[-43.78898,-16.52516],[-43.78811,-16.52452],[-43.78519,-16.52429],[-43.78198,-16.52347],[-43.77895,-16.52196],[-43.77784,-16.52095],[-43.77651,-16.51933],[-43.77429,-16.51732],[-43.77184,-16.5148],[-43.76999,-16.51314],[-43.76488,-16.50721],[-43.7632,-16.50473],[-43.76095,-16.50199],[-43.75857,-16.50058],[-43.75747,-16.50051],[-43.75617,-16.49975]]]},"properties":{"codigo":"314330215","name":"Miralta","population":650,"households":527,"areaKm2":147.1451,"density":4.4}},{"type":"Feature","geometry":{"type":"Polygon","coordinates":[[[-44.10448,-16.60652],[-44.10598,-16.60774],[-44.10828,-16.61103],[-44.10837,-16.61273],[-44.10427,-16.61311],[-44.10272,-16.6134],[-44.0998,-16.61629],[-44.09821,-16.61858],[-44.09509,-16.6247],[-44.09418,-16.62827],[-44.09334,-16.63274],[-44.09239,-16.63499],[-44.09073,-16.63761],[-44.08897,-16.63961],[-44.08767,-16.64055],[-44.08587,-16.64137],[-44.08165,-16.64259],[-44.07969,-16.64336],[-44.07801,-16.64451],[-44.07555,-16.64691],[-44.07374,-16.6499],[-44.07317,-16.65317],[-44.07268,-16.65508],[-44.07264,-16.65667],[-44.07365,-16.65993],[-44.0756,-16.6623],[-44.07726,-16.66477],[-44.07784,-16.66743],[-44.07804,-16.66944],[-44.07877,-16.67232],[-44.0793,-16.6756],[-44.07933,-16.67728],[-44.07908,-16.68],[-44.07798,-16.68267],[-44.07661,-16.68435],[-44.0743,-16.68588],[-44.07361,-16.68606],[-44.06978,-16.68634],[-44.06605,-16.68611],[-44.06456,-16.68578],[-44.06212,-16.68592],[-44.05928,-16.68441],[-44.05645,-16.6819],[-44.05476,-16.68085],[-44.052,-16.67867],[-44.0484,-16.67348],[-44.04745,-16.67232],[-44.04477,-16.66823],[-44.04397,-16.66663],[-44.04223,-16.66434],[-44.04058,-16.66137],[-44.03917,-16.65772],[-44.03846,-16.65659],[-44.03766,-16.65412],[-44.03723,-16.64943],[-44.0372,-16.64724],[-44.03685,-16.64565],[-44.03544,-16.6425],[-44.03321,-16.63933],[-44.03187,-16.63835],[-44.02957,-16.63559],[-44.02734,-16.63332],[-44.02658,-16.63223],[-44.02456,-16.63012],[-44.02378,-16.62869],[-44.02326,-16.62695],[-44.02212,-16.62605],[-44.01719,-16.6235],[-44.01531,-16.62225],[-44.01314,-16.62122],[-44.01087,-16.62054],[-44.00906,-16.61942],[-44.00813,-16.61815],[-44.0075,-16.61618],[-44.00708,-16.61415],[-44.00738,-16.61272],[-44.00732,-16.61044],[-44.00759,-16.60915],[-44.0075,-16.60608],[-44.00675,-16.60257],[-44.00576,-16.6004],[-44.00475,-16.59868],[-44.00237,-16.5962],[-44.00054,-16.59506],[-43.99988,-16.5942],[-43.99869,-16.59176],[-43.99757,-16.58849],[-43.99534,-16.58395],[-43.99152,-16.58009],[-43.98861,-16.57687],[-43.98644,-16.57537],[-43.98522,-16.57519],[-43.98297,-16.57545],[-43.98087,-16.57575],[-43.97885,-16.57722],[-43.97746,-16.57897],[-43.97351,-16.58478],[-43.97278,-16.58562],[-43.97052,-16.58956],[-43.96859,-16.59187],[-43.96676,-16.59484],[-43.96514,-16.59615],[-43.961,-16.59785],[-43.95504,-16.59967],[-43.95363,-16.60044],[-43.94985,-16.6021],[-43.94787,-16.60254],[-43.94558,-16.6038],[-43.94393,-16.60576],[-43.94314,-16.60734],[-43.9406,-16.61133],[-43.94006,-16.61263],[-43.93853,-16.61285],[-43.93489,-16.61291],[-43.93304,-16.61374],[-43.93165,-16.61405],[-43.92882,-16.61328],[-43.92727,-16.61338],[-43.92477,-16.61302],[-43.92327,-16.61331],[-43.92178,-16.61314],[-43.91927,-16.6134],[-43.91801,-16.61191],[-43.91551,-16.61048],[-43.914,-16.6105],[-43.91309,-16.61016],[-43.9113,-16.61069],[-43.91023,-16.61167],[-43.9088,-16.61214],[-43.90896,-16.61357],[-43.90852,-16.61487],[-43.90738,-16.61569],[-43.90597,-16.61794],[-43.90592,-16.61983],[-43.90447,-16.62098],[-43.90282,-16.62099],[-43.90136,-16.62064],[-43.89934,-16.61953],[-43.89841,-16.61961],[-43.8977,-16.62075],[-43.89647,-16.62161],[-43.89546,-16.62172],[-43.89499,-16.6205],[-43.89423,-16.6203],[-43.89352,-16.6216],[-43.89413,-16.62247],[-43.89378,-16.62374],[-43.89247,-16.62421],[-43.8911,-16.62365],[-43.8897,-16.62237],[-43.88832,-16.62285],[-43.88763,-16.62348],[-43.88722,-16.62487],[-43.88631,-16.62478],[-43.88588,-16.6234],[-43.88702,-16.62002],[-43.8872,-16.61868],[-43.88724,-16.61414],[-43.88658,-16.61075],[-43.88646,-16.6079],[-43.88682,-16.60646],[-43.88753,-16.60516],[-43.88827,-16.60282],[-43.8892,-16.59873],[-43.88926,-16.59541],[-43.88967,-16.59277],[-43.88955,-16.5889],[-43.8882,-16.58344],[-43.88812,-16.58245],[-43.88707,-16.5781],[-43.88651,-16.57499],[-43.88623,-16.57168],[-43.88627,-16.56863],[-43.88667,-16.56602],[-43.88744,-16.56386],[-43.88831,-16.56247],[-43.89406,-16.55436],[-43.89498,-16.55092],[-43.89613,-16.54966],[-43.89935,-16.54861],[-43.90232,-16.54703],[-43.90519,-16.54433],[-43.90616,-16.54323],[-43.90761,-16.54257],[-43.90964,-16.54241],[-43.91321,-16.54305],[-43.91658,-16.54271],[-43.91819,-16.5432],[-43.92225,-16.54526],[-43.92485,-16.54676],[-43.92648,-16.5472],[-43.92792,-16.54719],[-43.92982,-16.54553],[-43.93008,-16.54347],[-43.92907,-16.53864],[-43.92845,-16.53673],[-43.92863,-16.5358],[-43.93026,-16.53406],[-43.9314,-16.5313],[-43.93341,-16.53072],[-43.93438,-16.53011],[-43.93528,-16.52902],[-43.93713,-16.52593],[-43.93801,-16.5253],[-43.94188,-16.52533],[-43.94372,-16.52466],[-43.94581,-16.52139],[-43.94716,-16.51803],[-43.94813,-16.51491],[-43.94967,-16.51154],[-43.95066,-16.50842],[-43.95256,-16.50593],[-43.9706,-16.46504],[-43.97121,-16.46303],[-43.97074,-16.46119],[-43.97087,-16.45644],[-43.97144,-16.45214],[-43.97212,-16.45087],[-43.97491,-16.44718],[-43.97845,-16.44331],[-43.98127,-16.44119],[-43.98394,-16.43962],[-43.98572,-16.43832],[-43.98942,-16.4349],[-43.99186,-16.43205],[-43.99444,-16.42804],[-43.99491,-16.42651],[-43.99685,-16.42394],[-43.99841,-16.42243],[-44.00059,-16.42106],[-44.00382,-16.42125],[-44.00522,-16.421],[-44.01019,-16.42065],[-44.01136,-16.42102],[-44.01457,-16.42347],[-44.01595,-16.42403],[-44.01695,-16.42394],[-44.01858,-16.42291],[-44.02004,-16.42248],[-44.02299,-16.42272],[-44.02689,-16.4216],[-44.02832,-16.42144],[-44.02975,-16.42168],[-44.03216,-16.42254],[-44.03621,-16.42342],[-44.03789,-16.42444],[-44.03801,-16.42753],[-44.03717,-16.42872],[-44.03717,-16.42964],[-44.0379,-16.43292],[-44.03827,-16.43386],[-44.03817,-16.43803],[-44.03825,-16.44088],[-44.03765,-16.44252],[-44.03643,-16.4439],[-44.03468,-16.44456],[-44.03411,-16.44532],[-44.03279,-16.44826],[-44.03154,-16.44973],[-44.03023,-16.45042],[-44.02986,-16.45228],[-44.02916,-16.45373],[-44.02814,-16.45308],[-44.0263,-16.45273],[-44.02252,-16.44954],[-44.02198,-16.44878],[-44.02035,-16.44861],[-44.01864,-16.44686],[-44.01623,-16.4465],[-44.01516,-16.44685],[-44.01265,-16.44845],[-44.01123,-16.45135],[-44.00815,-16.45258],[-44.00419,-16.45264],[-44.00225,-16.45339],[-43.99999,-16.4533],[-43.99763,-16.45392],[-43.99511,-16.45336],[-43.99371,-16.45413],[-43.99367,-16.45561],[-43.99141,-16.45643],[-43.99116,-16.45814],[-43.99026,-16.45928],[-43.9888,-16.45936],[-43.98819,-16.46137],[-43.98646,-16.46322],[-43.98563,-16.46441],[-43.98531,-16.46635],[-43.98331,-16.46664],[-43.9826,-16.46724],[-43.98191,-16.46852],[-43.9807,-16.46926],[-43.98064,-16.47076],[-43.979,-16.47167],[-43.97861,-16.47403],[-43.97912,-16.47543],[-43.97971,-16.47822],[-43.9794,-16.48085],[-43.97882,-16.48268],[-43.97815,-16.48577],[-43.97699,-16.48737],[-43.97685,-16.48832],[-43.97737,-16.49062],[-43.97609,-16.49222],[-43.97454,-16.49267],[-43.97392,-16.49341],[-43.97254,-16.49398],[-43.97164,-16.4947],[-43.97162,-16.4956],[-43.97263,-16.49661],[-43.97281,-16.49755],[-43.97175,-16.49975],[-43.97005,-16.50076],[-43.9696,-16.50141],[-43.96989,-16.50367],[-43.96931,-16.50541],[-43.96902,-16.50767],[-43.96923,-16.50903],[-43.96877,-16.51033],[-43.96951,-16.51313],[-43.96951,-16.51496],[-43.97095,-16.51764],[-43.97272,-16.51931],[-43.97512,-16.52007],[-43.97594,-16.52119],[-43.97733,-16.52138],[-43.97761,-16.52223],[-43.9773,-16.5245],[-43.97929,-16.52727],[-43.9792,-16.5296],[-43.98014,-16.53065],[-43.98052,-16.53256],[-43.98149,-16.53361],[-43.98399,-16.53425],[-43.98539,-16.53551],[-43.98695,-16.53648],[-43.98849,-16.53661],[-43.99009,-16.53844],[-43.99141,-16.53916],[-43.9925,-16.54069],[-43.99394,-16.54317],[-43.9958,-16.54417],[-43.99722,-16.54549],[-43.99886,-16.54658],[-44.00047,-16.54811],[-44.00476,-16.54915],[-44.00581,-16.55012],[-44.00682,-16.55197],[-44.00802,-16.55572],[-44.00877,-16.5575],[-44.01045,-16.56011],[-44.01092,-16.56152],[-44.01298,-16.56449],[-44.01338,-16.56546],[-44.01342,-16.57023],[-44.01395,-16.57353],[-44.0152,-16.57587],[-44.01642,-16.58026],[-44.01743,-16.58218],[-44.01926,-16.58475],[-44.02116,-16.59057],[-44.02327,-16.59292],[-44.02498,-16.59438],[-44.02672,-16.59545],[-44.03074,-16.5985],[-44.03503,-16.60147],[-44.03781,-16.60465],[-44.03864,-16.60597],[-44.03896,-16.60712],[-44.04003,-16.60877],[-44.0428,-16.61259],[-44.04359,-16.61345],[-44.04687,-16.61619],[-44.04825,-16.61719],[-44.05026,-16.61796],[-44.0531,-16.61816],[-44.05574,-16.61765],[-44.0589,-16.61684],[-44.06281,-16.61552],[-44.06558,-16.61549],[-44.06972,-16.61462],[-44.07186,-16.61336],[-44.07213,-16.61292],[-44.07679,-16.6097],[-44.08056,-16.60601],[-44.08213,-16.605],[-44.08548,-16.60433],[-44.0898,-16.60486],[-44.09447,-16.60493],[-44.09626,-16.6046],[-44.0988,-16.60452],[-44.10169,-16.60518],[-44.10448,-16.60652]]]},"properties":{"codigo":"314330220","name":"Nova Esperança","population":3968,"households":2113,"areaKm2":179.0084,"density":22.2}},{"type":"Feature","geometry":{"type":"Polygon","coordinates":[[[-44.04981,-16.39416],[-44.04685,-16.39499],[-44.04508,-16.39573],[-44.04156,-16.39799],[-44.03881,-16.39922],[-44.0376,-16.39923],[-44.03574,-16.39865],[-44.03384,-16.39721],[-44.02997,-16.39239],[-44.02844,-16.3907],[-44.02496,-16.38493],[-44.02355,-16.38348],[-44.02224,-16.38265],[-44.02108,-16.3823],[-44.01907,-16.38275],[-44.01678,-16.38422],[-44.01568,-16.38451],[-44.01191,-16.3851],[-44.01007,-16.38479],[-44.00667,-16.38303],[-44.00276,-16.38222],[-44.00113,-16.38217],[-43.99931,-16.38341],[-43.99687,-16.3832],[-43.9942,-16.38163],[-43.99206,-16.37941],[-43.9913,-16.37711],[-43.98978,-16.37435],[-43.98751,-16.3716],[-43.98655,-16.3707],[-43.98453,-16.36977],[-43.98268,-16.36854],[-43.98138,-16.36687],[-43.98067,-16.3653],[-43.98056,-16.36339],[-43.98105,-16.36156],[-43.98246,-16.35777],[-43.98388,-16.35289],[-43.98383,-16.35036],[-43.9845,-16.3474],[-43.98533,-16.34541],[-43.98616,-16.34266],[-43.98619,-16.34012],[-43.98548,-16.33745],[-43.98446,-16.33236],[-43.98446,-16.32948],[-43.98469,-16.32828],[-43.98643,-16.32483],[-43.9883,-16.32205],[-43.98989,-16.31804],[-43.99055,-16.31592],[-43.99181,-16.3127],[-43.99376,-16.3108],[-43.9949,-16.30993],[-43.99685,-16.30914],[-43.99901,-16.30926],[-44.00069,-16.31039],[-44.00243,-16.31072],[-44.00446,-16.31024],[-44.00646,-16.31034],[-44.00896,-16.31078],[-44.01289,-16.31236],[-44.01637,-16.31442],[-44.01739,-16.31488],[-44.01908,-16.3151],[-44.02255,-16.31352],[-44.02479,-16.31311],[-44.02617,-16.31321],[-44.02774,-16.31381],[-44.02991,-16.31619],[-44.03045,-16.31707],[-44.03238,-16.31841],[-44.0339,-16.31883],[-44.03581,-16.32015],[-44.03776,-16.32105],[-44.04167,-16.32194],[-44.04303,-16.32199],[-44.04627,-16.32167],[-44.05121,-16.32015],[-44.05302,-16.31975],[-44.05359,-16.32248],[-44.05382,-16.32605],[-44.05321,-16.32897],[-44.05323,-16.33077],[-44.05254,-16.33597],[-44.05282,-16.34071],[-44.05334,-16.34235],[-44.05507,-16.34583],[-44.05535,-16.34675],[-44.05572,-16.35076],[-44.05735,-16.35503],[-44.05708,-16.35774],[-44.05516,-16.36025],[-44.05408,-16.36262],[-44.0535,-16.36535],[-44.05357,-16.36761],[-44.05494,-16.37063],[-44.05601,-16.37206],[-44.05893,-16.37718],[-44.06059,-16.37956],[-44.0613,-16.38182],[-44.06117,-16.38345],[-44.06079,-16.38447],[-44.05677,-16.38745],[-44.05505,-16.38839],[-44.05335,-16.38979],[-44.0511,-16.39252],[-44.04998,-16.39339],[-44.04981,-16.39416]]]},"properties":{"codigo":"314330222","name":"Panorâmica","population":153,"households":174,"areaKm2":59.7972,"density":2.6}},{"type":"Feature","geometry":{"type":"Polygon","coordinates":[[[-43.79678,-16.23425],[-43.79841,-16.23297],[-43.801,-16.23157],[-43.80403,-16.23153],[-43.80444,-16.23235],[-43.80535,-16.23239],[-43.80662,-16.2331],[-43.80695,-16.23243],[-43.80603,-16.23082],[-43.80772,-16.22922],[-43.80857,-16.22896],[-43.80931,-16.22817],[-43.81057,-16.22759],[-43.81184,-16.22823],[-43.81412,-16.22733],[-43.81537,-16.22806],[-43.8166,-16.22958],[-43.81917,-16.22869],[-43.82104,-16.22909],[-43.82194,-16.22904],[-43.82471,-16.22817],[-43.82591,-16.22664],[-43.82734,-16.22633],[-43.82926,-16.22666],[-43.8323,-16.225],[-43.83471,-16.22437],[-43.83566,-16.22441],[-43.83723,-16.22308],[-43.83968,-16.22223],[-43.84113,-16.22144],[-43.84356,-16.22076],[-43.84497,-16.22109],[-43.84551,-16.2224],[-43.84674,-16.22452],[-43.84767,-16.22472],[-43.8477,-16.22569],[-43.85046,-16.22673],[-43.85161,-16.22765],[-43.8535,-16.22787],[-43.8551,-16.22878],[-43.85585,-16.22993],[-43.85796,-16.23104],[-43.85887,-16.23094],[-43.86017,-16.23292],[-43.8618,-16.23402],[-43.86371,-16.23449],[-43.86427,-16.23573],[-43.86518,-16.23607],[-43.86519,-16.23695],[-43.86658,-16.2382],[-43.86731,-16.23928],[-43.86874,-16.23932],[-43.87037,-16.2403],[-43.87205,-16.24186],[-43.87368,-16.24289],[-43.87352,-16.24381],[-43.87396,-16.24468],[-43.87566,-16.24571],[-43.87708,-16.24709],[-43.87725,-16.24801],[-43.87823,-16.24842],[-43.8806,-16.24877],[-43.88132,-16.24994],[-43.88165,-16.25266],[-43.88248,-16.2539],[-43.88333,-16.25597],[-43.88532,-16.25803],[-43.88809,-16.25728],[-43.88936,-16.25784],[-43.88892,-16.25974],[-43.88987,-16.26003],[-43.89024,-16.26141],[-43.89087,-16.26215],[-43.89225,-16.26184],[-43.89292,-16.26262],[-43.8945,-16.26261],[-43.89649,-16.26389],[-43.89717,-16.26508],[-43.89849,-16.26572],[-43.90083,-16.26572],[-43.90141,-16.26683],[-43.90268,-16.26825],[-43.90503,-16.2689],[-43.906,-16.27051],[-43.90611,-16.27277],[-43.90683,-16.27343],[-43.9106,-16.27357],[-43.91074,-16.27225],[-43.91302,-16.27037],[-43.91442,-16.27008],[-43.91596,-16.2712],[-43.91725,-16.27177],[-43.91712,-16.27318],[-43.91813,-16.27407],[-43.91863,-16.27771],[-43.9191,-16.27903],[-43.91842,-16.28088],[-43.91904,-16.28145],[-43.92033,-16.28079],[-43.92124,-16.28097],[-43.9218,-16.28235],[-43.92288,-16.28384],[-43.92429,-16.28418],[-43.92598,-16.28578],[-43.92647,-16.28802],[-43.92717,-16.28898],[-43.92754,-16.29048],[-43.92836,-16.29225],[-43.92967,-16.29381],[-43.93257,-16.29526],[-43.93365,-16.29623],[-43.93715,-16.29777],[-43.93871,-16.29907],[-43.94003,-16.29973],[-43.94174,-16.2991],[-43.94212,-16.29822],[-43.94453,-16.29546],[-43.94622,-16.29392],[-43.94659,-16.29251],[-43.9472,-16.29182],[-43.94786,-16.28955],[-43.94904,-16.28878],[-43.95,-16.28864],[-43.95119,-16.2878],[-43.95412,-16.28667],[-43.95507,-16.28701],[-43.95701,-16.28721],[-43.95868,-16.28634],[-43.96064,-16.2846],[-43.96254,-16.28267],[-43.96427,-16.28148],[-43.96585,-16.28098],[-43.96658,-16.28033],[-43.96664,-16.27876],[-43.9663,-16.27745],[-43.96261,-16.27227],[-43.96155,-16.2711],[-43.9591,-16.26971],[-43.95811,-16.26805],[-43.95761,-16.26483],[-43.95673,-16.2623],[-43.9547,-16.25931],[-43.95352,-16.25803],[-43.9514,-16.25527],[-43.94808,-16.25207],[-43.94713,-16.25032],[-43.94698,-16.24922],[-43.94814,-16.24732],[-43.95009,-16.24601],[-43.9524,-16.2451],[-43.95361,-16.24486],[-43.95561,-16.24404],[-43.95713,-16.24257],[-43.9569,-16.24068],[-43.9559,-16.23829],[-43.95453,-16.23622],[-43.95449,-16.23436],[-43.95491,-16.23348],[-43.95659,-16.2318],[-43.95807,-16.23064],[-43.96042,-16.22968],[-43.96198,-16.23006],[-43.96465,-16.23306],[-43.96647,-16.23441],[-43.96911,-16.23501],[-43.9729,-16.23457],[-43.97505,-16.23472],[-43.97744,-16.23548],[-43.97902,-16.23524],[-43.98143,-16.23541],[-44.00009,-16.25301],[-44.04571,-16.29654],[-44.04778,-16.29757],[-44.04878,-16.29863],[-44.0492,-16.29955],[-44.0496,-16.30183],[-44.04959,-16.30529],[-44.04942,-16.30711],[-44.04965,-16.30865],[-44.05036,-16.31068],[-44.05068,-16.31379],[-44.05125,-16.31575],[-44.05258,-16.31845],[-44.05302,-16.31975],[-44.05121,-16.32015],[-44.04627,-16.32167],[-44.04303,-16.32199],[-44.04167,-16.32194],[-44.03776,-16.32105],[-44.03581,-16.32015],[-44.0339,-16.31883],[-44.03238,-16.31841],[-44.03045,-16.31707],[-44.02991,-16.31619],[-44.02774,-16.31381],[-44.02617,-16.31321],[-44.02479,-16.31311],[-44.02255,-16.31352],[-44.01908,-16.3151],[-44.01739,-16.31488],[-44.01637,-16.31442],[-44.01289,-16.31236],[-44.00896,-16.31078],[-44.00646,-16.31034],[-44.00446,-16.31024],[-44.00243,-16.31072],[-44.00069,-16.31039],[-43.99901,-16.30926],[-43.99685,-16.30914],[-43.9949,-16.30993],[-43.99376,-16.3108],[-43.99181,-16.3127],[-43.99055,-16.31592],[-43.98989,-16.31804],[-43.9883,-16.32205],[-43.98643,-16.32483],[-43.98469,-16.32828],[-43.98446,-16.32948],[-43.98446,-16.33236],[-43.98548,-16.33745],[-43.98619,-16.34012],[-43.98616,-16.34266],[-43.98533,-16.34541],[-43.9845,-16.3474],[-43.98383,-16.35036],[-43.98388,-16.35289],[-43.98246,-16.35777],[-43.98105,-16.36156],[-43.98056,-16.36339],[-43.98067,-16.3653],[-43.98138,-16.36687],[-43.98268,-16.36854],[-43.98453,-16.36977],[-43.98655,-16.3707],[-43.98751,-16.3716],[-43.98978,-16.37435],[-43.9913,-16.37711],[-43.99206,-16.37941],[-43.9942,-16.38163],[-43.99687,-16.3832],[-43.99931,-16.38341],[-44.00113,-16.38217],[-44.00276,-16.38222],[-44.00667,-16.38303],[-44.01007,-16.38479],[-44.01191,-16.3851],[-44.01568,-16.38451],[-44.01678,-16.38422],[-44.01907,-16.38275],[-44.02108,-16.3823],[-44.02224,-16.38265],[-44.02355,-16.38348],[-44.02496,-16.38493],[-44.02844,-16.3907],[-44.02997,-16.39239],[-44.03384,-16.39721],[-44.03574,-16.39865],[-44.0376,-16.39923],[-44.03881,-16.39922],[-44.03855,-16.4005],[-44.03644,-16.40376],[-44.03565,-16.40553],[-44.03325,-16.40898],[-44.02949,-16.41251],[-44.02703,-16.41418],[-44.02483,-16.41468],[-44.02326,-16.41459],[-44.02164,-16.41391],[-44.01835,-16.4116],[-44.01705,-16.41024],[-44.01252,-16.40725],[-44.0109,-16.40654],[-44.00785,-16.40717],[-44.00469,-16.40935],[-44.00393,-16.41006],[-44.00044,-16.4124],[-43.9986,-16.41338],[-43.99485,-16.41576],[-43.99288,-16.41746],[-43.9906,-16.42031],[-43.98841,-16.42342],[-43.98704,-16.42565],[-43.98597,-16.42628],[-43.98098,-16.42763],[-43.978,-16.42818],[-43.97462,-16.42982],[-43.9731,-16.43156],[-43.97082,-16.43372],[-43.96742,-16.43854],[-43.96595,-16.44046],[-43.96379,-16.44223],[-43.96117,-16.44361],[-43.95991,-16.44461],[-43.95607,-16.44602],[-43.9513,-16.44686],[-43.94903,-16.44773],[-43.94756,-16.44871],[-43.9438,-16.45077],[-43.94258,-16.45114],[-43.93613,-16.45204],[-43.93458,-16.45203],[-43.93216,-16.45112],[-43.92978,-16.44936],[-43.92764,-16.4473],[-43.92082,-16.44267],[-43.91858,-16.44104],[-43.91694,-16.43914],[-43.91554,-16.43675],[-43.91495,-16.43514],[-43.91312,-16.43218],[-43.91031,-16.428],[-43.90945,-16.4274],[-43.90616,-16.4259],[-43.9053,-16.42503],[-43.90239,-16.42355],[-43.90133,-16.42192],[-43.89963,-16.42067],[-43.89771,-16.42036],[-43.89639,-16.41963],[-43.89503,-16.42],[-43.89264,-16.42009],[-43.89182,-16.42141],[-43.89093,-16.42181],[-43.89085,-16.42377],[-43.89036,-16.42453],[-43.88906,-16.4239],[-43.88691,-16.42428],[-43.88512,-16.42424],[-43.88417,-16.4246],[-43.88253,-16.42599],[-43.85308,-16.39858],[-43.83322,-16.38009],[-43.82857,-16.37797],[-43.82366,-16.37517],[-43.82145,-16.37424],[-43.82044,-16.37304],[-43.81993,-16.37164],[-43.81992,-16.37051],[-43.82145,-16.36732],[-43.82154,-16.36561],[-43.82011,-16.3629],[-43.81973,-16.36043],[-43.82,-16.35803],[-43.81954,-16.3567],[-43.81818,-16.35638],[-43.8174,-16.35512],[-43.81789,-16.3532],[-43.81749,-16.3503],[-43.81622,-16.34961],[-43.81661,-16.34733],[-43.815,-16.34547],[-43.81306,-16.34555],[-43.81223,-16.34606],[-43.81036,-16.34497],[-43.81076,-16.34411],[-43.80932,-16.34294],[-43.81012,-16.34185],[-43.80985,-16.34098],[-43.80822,-16.33986],[-43.80688,-16.33925],[-43.80604,-16.33812],[-43.80508,-16.33785],[-43.80388,-16.33684],[-43.80295,-16.33689],[-43.80165,-16.33628],[-43.80075,-16.33645],[-43.79943,-16.33569],[-43.79959,-16.33477],[-43.79851,-16.33337],[-43.79761,-16.33109],[-43.79688,-16.32985],[-43.79787,-16.32823],[-43.79911,-16.3276],[-43.79915,-16.32569],[-43.79952,-16.32483],[-43.79882,-16.32364],[-43.79733,-16.32245],[-43.79785,-16.32108],[-43.79782,-16.32016],[-43.79623,-16.31848],[-43.79432,-16.31889],[-43.79269,-16.31784],[-43.7913,-16.31729],[-43.7907,-16.31658],[-43.79087,-16.31337],[-43.79115,-16.31245],[-43.79316,-16.3096],[-43.7932,-16.30826],[-43.79266,-16.30582],[-43.79398,-16.30318],[-43.79481,-16.30209],[-43.79664,-16.30047],[-43.79595,-16.29837],[-43.79592,-16.29724],[-43.79568,-16.29662],[-43.79429,-16.29656],[-43.79351,-16.29703],[-43.79158,-16.29709],[-43.79116,-16.29626],[-43.79023,-16.29622],[-43.78988,-16.29763],[-43.78803,-16.29621],[-43.78769,-16.29527],[-43.78621,-16.29493],[-43.78498,-16.29355],[-43.78522,-16.29265],[-43.78459,-16.2915],[-43.7841,-16.28982],[-43.78385,-16.28798],[-43.78432,-16.28694],[-43.78419,-16.28546],[-43.78282,-16.28445],[-43.78187,-16.28453],[-43.78143,-16.28359],[-43.77887,-16.28217],[-43.77834,-16.28141],[-43.779,-16.28086],[-43.78029,-16.28083],[-43.78002,-16.28002],[-43.77868,-16.27941],[-43.77901,-16.27864],[-43.77999,-16.27799],[-43.78068,-16.27453],[-43.77964,-16.2728],[-43.77996,-16.27093],[-43.78095,-16.26864],[-43.78247,-16.26732],[-43.78343,-16.26731],[-43.78408,-16.26807],[-43.78617,-16.26718],[-43.78863,-16.2665],[-43.79046,-16.26575],[-43.79231,-16.26465],[-43.79476,-16.26284],[-43.79625,-16.26089],[-43.79614,-16.259],[-43.79564,-16.25829],[-43.79471,-16.25827],[-43.79287,-16.25911],[-43.79211,-16.25859],[-43.79236,-16.25762],[-43.79126,-16.25709],[-43.79208,-16.2546],[-43.79217,-16.25367],[-43.79133,-16.25266],[-43.79261,-16.25213],[-43.79341,-16.24984],[-43.79472,-16.24918],[-43.79704,-16.24721],[-43.79896,-16.24745],[-43.79974,-16.24636],[-43.80147,-16.2454],[-43.80156,-16.24404],[-43.79981,-16.24265],[-43.79886,-16.24035],[-43.79954,-16.23804],[-43.79877,-16.23673],[-43.79678,-16.23425]]]},"properties":{"codigo":"314330225","name":"Santa Rosa de Lima","population":2270,"households":1477,"areaKm2":418.1263,"density":5.4}},{"type":"Feature","geometry":{"type":"Polygon","coordinates":[[[-44.14599,-16.72616],[-44.14332,-16.72868],[-44.1434,-16.73099],[-44.14199,-16.73158],[-44.14071,-16.7325],[-44.14039,-16.73383],[-44.13922,-16.73472],[-44.13783,-16.73518],[-44.13721,-16.73796],[-44.13713,-16.73935],[-44.13634,-16.73981],[-44.1352,-16.74254],[-44.1339,-16.74256],[-44.13389,-16.74129],[-44.13245,-16.74126],[-44.13094,-16.74238],[-44.12706,-16.74273],[-44.12573,-16.74134],[-44.1246,-16.74214],[-44.12328,-16.74259],[-44.1237,-16.74389],[-44.12288,-16.7443],[-44.12119,-16.74353],[-44.12057,-16.74278],[-44.11911,-16.74238],[-44.11786,-16.74314],[-44.11717,-16.74396],[-44.11564,-16.74338],[-44.1141,-16.74379],[-44.11232,-16.74481],[-44.11041,-16.74476],[-44.10952,-16.74517],[-44.10965,-16.74757],[-44.11056,-16.74787],[-44.1117,-16.74924],[-44.11091,-16.7499],[-44.11059,-16.75092],[-44.10954,-16.75026],[-44.10868,-16.75031],[-44.10829,-16.75169],[-44.10744,-16.75307],[-44.10774,-16.75441],[-44.10611,-16.75539],[-44.10651,-16.75682],[-44.10643,-16.75774],[-44.10431,-16.75967],[-44.10359,-16.76091],[-44.10386,-16.76225],[-44.10311,-16.7645],[-44.10341,-16.76538],[-44.10219,-16.7659],[-44.10115,-16.76804],[-44.09954,-16.76907],[-44.09925,-16.7699],[-44.0979,-16.77139],[-44.09636,-16.77171],[-44.09456,-16.77273],[-44.0931,-16.77268],[-44.09178,-16.77348],[-44.09137,-16.77433],[-44.09102,-16.77675],[-44.09012,-16.77783],[-44.0883,-16.77826],[-44.08806,-16.77922],[-44.08724,-16.77986],[-44.08635,-16.77954],[-44.08556,-16.78025],[-44.08503,-16.78151],[-44.08373,-16.78217],[-44.08277,-16.78161],[-44.08176,-16.7832],[-44.08099,-16.78375],[-44.08043,-16.78511],[-44.07867,-16.78747],[-44.07737,-16.78767],[-44.07708,-16.78954],[-44.07613,-16.79195],[-44.07476,-16.79289],[-44.07427,-16.79381],[-44.07046,-16.79487],[-44.07026,-16.79529],[-44.07162,-16.79665],[-44.07185,-16.79799],[-44.07249,-16.79938],[-44.07375,-16.80015],[-44.07691,-16.80093],[-44.07903,-16.80216],[-44.08022,-16.80314],[-44.08319,-16.80355],[-44.0839,-16.80415],[-44.08485,-16.80582],[-44.0852,-16.80769],[-44.08755,-16.81091],[-44.08929,-16.81267],[-44.09011,-16.81514],[-44.09065,-16.81586],[-44.09156,-16.8161],[-44.0936,-16.81608],[-44.09573,-16.81653],[-44.09834,-16.81646],[-44.1035,-16.81713],[-44.10556,-16.81714],[-44.10882,-16.8176],[-44.11025,-16.81802],[-44.11323,-16.82115],[-44.11439,-16.82282],[-44.11566,-16.82643],[-44.11673,-16.82756],[-44.11469,-16.82907],[-44.11155,-16.83291],[-44.10923,-16.8364],[-44.10795,-16.83768],[-44.10689,-16.83835],[-44.09948,-16.84151],[-44.09633,-16.84359],[-44.09415,-16.84602],[-44.09277,-16.84853],[-44.09246,-16.84966],[-44.09205,-16.85307],[-44.09203,-16.85606],[-44.09181,-16.85802],[-44.09166,-16.86169],[-44.09141,-16.86386],[-44.09077,-16.86623],[-44.09024,-16.86724],[-44.08834,-16.86914],[-44.08556,-16.8727],[-44.085,-16.87408],[-44.08414,-16.87703],[-44.08258,-16.88161],[-44.08079,-16.8846],[-44.07854,-16.88742],[-44.0764,-16.88911],[-44.07059,-16.89162],[-44.06882,-16.89128],[-44.06713,-16.88987],[-44.0663,-16.88882],[-44.06538,-16.88653],[-44.06499,-16.88367],[-44.06299,-16.87725],[-44.06215,-16.87388],[-44.06027,-16.86868],[-44.05943,-16.86471],[-44.05721,-16.86036],[-44.05519,-16.8582],[-44.05301,-16.8569],[-44.05108,-16.85615],[-44.04674,-16.85619],[-44.04325,-16.85589],[-44.03658,-16.85445],[-44.03473,-16.85462],[-44.03348,-16.8551],[-44.03055,-16.85683],[-44.02922,-16.85823],[-44.02461,-16.86457],[-44.02265,-16.86668],[-44.01781,-16.87061],[-44.01438,-16.87255],[-44.01228,-16.87429],[-44.0094,-16.87589],[-44.00782,-16.87595],[-44.00603,-16.87455],[-44.00299,-16.86992],[-44.00207,-16.86886],[-44.00028,-16.86771],[-43.99973,-16.86671],[-43.99776,-16.86508],[-43.99607,-16.86332],[-43.99489,-16.86123],[-43.99459,-16.85987],[-43.99454,-16.85777],[-43.99379,-16.85538],[-43.99146,-16.84998],[-43.99154,-16.84892],[-43.99287,-16.84736],[-43.9939,-16.8456],[-43.99378,-16.84364],[-43.99216,-16.84026],[-43.99146,-16.83787],[-43.99267,-16.83631],[-43.99205,-16.83447],[-43.9928,-16.83281],[-43.99313,-16.83079],[-43.9948,-16.82985],[-43.99493,-16.82884],[-43.99566,-16.82761],[-43.99536,-16.82666],[-43.99557,-16.82431],[-43.99553,-16.82246],[-43.99738,-16.82069],[-43.99803,-16.81946],[-43.99788,-16.81852],[-43.99823,-16.81747],[-43.99722,-16.81532],[-43.99696,-16.81396],[-43.99594,-16.81242],[-43.99614,-16.81053],[-43.99528,-16.80862],[-43.99719,-16.80653],[-43.99678,-16.80365],[-43.99546,-16.8017],[-43.99642,-16.80014],[-43.99713,-16.79704],[-43.99605,-16.79489],[-43.99499,-16.79395],[-43.9943,-16.79262],[-43.99314,-16.79162],[-43.99262,-16.79015],[-43.99298,-16.78767],[-43.99374,-16.78536],[-43.99519,-16.78237],[-43.99549,-16.78103],[-43.99688,-16.78129],[-43.99776,-16.78107],[-43.99933,-16.77995],[-44.00307,-16.7801],[-44.004,-16.7805],[-44.00492,-16.78172],[-44.00641,-16.78178],[-44.00695,-16.78236],[-44.00668,-16.78335],[-44.00716,-16.78414],[-44.00841,-16.78357],[-44.00976,-16.78169],[-44.00815,-16.77916],[-44.00775,-16.77731],[-44.0078,-16.77422],[-44.00745,-16.77272],[-44.00573,-16.76858],[-44.00528,-16.76715],[-44.00549,-16.76476],[-44.00656,-16.76266],[-44.007,-16.76124],[-44.00874,-16.75825],[-44.01206,-16.75204],[-44.01313,-16.74914],[-44.01342,-16.74585],[-44.01335,-16.74486],[-44.01248,-16.74227],[-44.01026,-16.739],[-44.00849,-16.73864],[-44.00556,-16.73955],[-44.00441,-16.73954],[-44.00286,-16.73905],[-44.0007,-16.73627],[-43.99938,-16.7359],[-43.99771,-16.73481],[-43.99596,-16.73248],[-43.99331,-16.73048],[-43.96281,-16.69711],[-43.96266,-16.69633],[-43.96402,-16.69228],[-43.96448,-16.6902],[-43.96465,-16.68821],[-43.96445,-16.68729],[-43.96158,-16.68144],[-43.9593,-16.6783],[-43.95904,-16.67643],[-43.9607,-16.6709],[-43.96121,-16.66737],[-43.96188,-16.66556],[-43.96322,-16.66324],[-43.96459,-16.66149],[-43.96564,-16.65959],[-43.96687,-16.65621],[-43.96683,-16.65429],[-43.96594,-16.6523],[-43.96383,-16.64911],[-43.96148,-16.64468],[-43.96094,-16.64331],[-43.96054,-16.63812],[-43.95927,-16.63372],[-43.98297,-16.57545],[-43.98522,-16.57519],[-43.98644,-16.57537],[-43.98861,-16.57687],[-43.99152,-16.58009],[-43.99534,-16.58395],[-43.99757,-16.58849],[-43.99869,-16.59176],[-43.99988,-16.5942],[-44.00054,-16.59506],[-44.00237,-16.5962],[-44.00475,-16.59868],[-44.00576,-16.6004],[-44.00675,-16.60257],[-44.0075,-16.60608],[-44.00759,-16.60915],[-44.00732,-16.61044],[-44.00738,-16.61272],[-44.00708,-16.61415],[-44.0075,-16.61618],[-44.00813,-16.61815],[-44.00906,-16.61942],[-44.01087,-16.62054],[-44.01314,-16.62122],[-44.01531,-16.62225],[-44.01719,-16.6235],[-44.02212,-16.62605],[-44.02326,-16.62695],[-44.02378,-16.62869],[-44.02456,-16.63012],[-44.02658,-16.63223],[-44.02734,-16.63332],[-44.02957,-16.63559],[-44.03187,-16.63835],[-44.03321,-16.63933],[-44.03544,-16.6425],[-44.03685,-16.64565],[-44.0372,-16.64724],[-44.03723,-16.64943],[-44.03766,-16.65412],[-44.03846,-16.65659],[-44.03917,-16.65772],[-44.04058,-16.66137],[-44.04223,-16.66434],[-44.04397,-16.66663],[-44.04477,-16.66823],[-44.04745,-16.67232],[-44.0484,-16.67348],[-44.052,-16.67867],[-44.05476,-16.68085],[-44.05645,-16.6819],[-44.05928,-16.68441],[-44.06212,-16.68592],[-44.06456,-16.68578],[-44.06605,-16.68611],[-44.06978,-16.68634],[-44.07361,-16.68606],[-44.0743,-16.68588],[-44.07661,-16.68435],[-44.07798,-16.68267],[-44.07908,-16.68],[-44.07933,-16.67728],[-44.0793,-16.6756],[-44.07877,-16.67232],[-44.07804,-16.66944],[-44.07784,-16.66743],[-44.07726,-16.66477],[-44.0756,-16.6623],[-44.07365,-16.65993],[-44.07264,-16.65667],[-44.07268,-16.65508],[-44.07317,-16.65317],[-44.07374,-16.6499],[-44.07555,-16.64691],[-44.07801,-16.64451],[-44.07969,-16.64336],[-44.08165,-16.64259],[-44.08587,-16.64137],[-44.08767,-16.64055],[-44.08897,-16.63961],[-44.09073,-16.63761],[-44.09239,-16.63499],[-44.09334,-16.63274],[-44.09418,-16.62827],[-44.09509,-16.6247],[-44.09821,-16.61858],[-44.0998,-16.61629],[-44.10272,-16.6134],[-44.10427,-16.61311],[-44.10837,-16.61273],[-44.1078,-16.61488],[-44.10588,-16.6199],[-44.10565,-16.62176],[-44.10764,-16.62629],[-44.11021,-16.63136],[-44.11063,-16.63286],[-44.11074,-16.63491],[-44.11008,-16.63689],[-44.10787,-16.63953],[-44.10692,-16.64239],[-44.10693,-16.64379],[-44.10766,-16.64557],[-44.10852,-16.64696],[-44.11037,-16.64898],[-44.11186,-16.65132],[-44.11295,-16.65345],[-44.11417,-16.65703],[-44.11493,-16.65832],[-44.11778,-16.66122],[-44.11875,-16.66319],[-44.12077,-16.66585],[-44.12117,-16.66666],[-44.12367,-16.66845],[-44.1266,-16.67112],[-44.1273,-16.67361],[-44.1275,-16.67657],[-44.12702,-16.6806],[-44.12739,-16.68258],[-44.12833,-16.68524],[-44.13103,-16.69028],[-44.13252,-16.69733],[-44.13354,-16.69973],[-44.13386,-16.70109],[-44.13612,-16.70466],[-44.13938,-16.71083],[-44.14098,-16.71525],[-44.14203,-16.7197],[-44.14345,-16.72338],[-44.14494,-16.7253],[-44.14599,-16.72616]]]},"properties":{"codigo":"314330230","name":"São João da Vereda","population":1387,"households":1229,"areaKm2":349.8134,"density":4}},{"type":"Feature","geometry":{"type":"Polygon","coordinates":[[[-43.77552,-16.18029],[-43.77639,-16.18144],[-43.77647,-16.18273],[-43.77745,-16.18275],[-43.77779,-16.18358],[-43.77965,-16.18435],[-43.7822,-16.18408],[-43.78599,-16.18203],[-43.7874,-16.18227],[-43.78927,-16.18129],[-43.79068,-16.18098],[-43.79132,-16.18006],[-43.79362,-16.17833],[-43.79611,-16.17839],[-43.79703,-16.17799],[-43.79913,-16.17775],[-43.80024,-16.17864],[-43.80003,-16.17966],[-43.80104,-16.18066],[-43.80381,-16.18134],[-43.80645,-16.18038],[-43.80745,-16.17926],[-43.8094,-16.17865],[-43.81031,-16.17908],[-43.81193,-16.17817],[-43.81323,-16.17957],[-43.81529,-16.18073],[-43.81691,-16.1804],[-43.8171,-16.17994],[-43.81972,-16.18004],[-43.82163,-16.18033],[-43.82233,-16.18094],[-43.8232,-16.18269],[-43.82522,-16.18406],[-43.82704,-16.18507],[-43.82702,-16.18638],[-43.82795,-16.18656],[-43.82993,-16.18636],[-43.83127,-16.18587],[-43.83267,-16.18577],[-43.83182,-16.18305],[-43.83179,-16.18176],[-43.83281,-16.18178],[-43.83462,-16.18121],[-43.83552,-16.17906],[-43.83658,-16.17797],[-43.83617,-16.17735],[-43.83659,-16.17592],[-43.8379,-16.17517],[-43.8386,-16.17583],[-43.84051,-16.17587],[-43.8421,-16.17487],[-43.84226,-16.17369],[-43.84278,-16.1729],[-43.84421,-16.17278],[-43.84724,-16.17218],[-43.84953,-16.17302],[-43.85116,-16.17418],[-43.85219,-16.1739],[-43.85332,-16.17242],[-43.85516,-16.1718],[-43.85661,-16.17087],[-43.85895,-16.16969],[-43.86024,-16.16924],[-43.86142,-16.16795],[-43.86301,-16.16888],[-43.8641,-16.16803],[-43.8627,-16.16576],[-43.86184,-16.16539],[-43.86197,-16.16355],[-43.86132,-16.16224],[-43.86039,-16.16204],[-43.8603,-16.16024],[-43.86324,-16.15745],[-43.86465,-16.15686],[-43.86476,-16.15594],[-43.86432,-16.15514],[-43.86523,-16.15474],[-43.86614,-16.15492],[-43.86963,-16.15323],[-43.8715,-16.15359],[-43.87283,-16.15312],[-43.87522,-16.15075],[-43.87763,-16.15016],[-43.8778,-16.14774],[-43.87744,-16.14645],[-43.87874,-16.14577],[-43.87859,-16.14487],[-43.87916,-16.14369],[-43.88059,-16.1438],[-43.88089,-16.14248],[-43.8823,-16.14194],[-43.8831,-16.1405],[-43.88388,-16.1399],[-43.88646,-16.14],[-43.88737,-16.14036],[-43.88962,-16.13898],[-43.89193,-16.13805],[-43.89296,-16.13822],[-43.89328,-16.13907],[-43.89418,-16.13891],[-43.89539,-16.13726],[-43.89524,-16.13636],[-43.89606,-16.1346],[-43.8971,-16.1337],[-43.89851,-16.1333],[-43.89968,-16.134],[-43.89978,-16.1349],[-43.90121,-16.13436],[-43.9025,-16.13479],[-43.90282,-16.13562],[-43.90466,-16.13526],[-43.90549,-16.13572],[-43.9089,-16.13477],[-43.90984,-16.13571],[-43.91182,-16.1359],[-43.91279,-16.13502],[-43.91197,-16.1333],[-43.91026,-16.13162],[-43.91004,-16.13066],[-43.91075,-16.13008],[-43.91168,-16.13025],[-43.91323,-16.1293],[-43.9134,-16.1275],[-43.91451,-16.12546],[-43.91469,-16.12407],[-43.91616,-16.1228],[-43.91802,-16.12193],[-43.91813,-16.12057],[-43.91898,-16.12022],[-43.91941,-16.11931],[-43.91958,-16.11737],[-43.92051,-16.11711],[-43.9215,-16.11812],[-43.92227,-16.11985],[-43.92333,-16.12141],[-43.92348,-16.12231],[-43.92289,-16.12307],[-43.92304,-16.12415],[-43.92401,-16.12595],[-43.92483,-16.12666],[-43.92618,-16.12852],[-43.92763,-16.12774],[-43.92759,-16.12625],[-43.92832,-16.1246],[-43.92986,-16.1233],[-43.9313,-16.12145],[-43.93261,-16.12118],[-43.93287,-16.1198],[-43.93412,-16.11827],[-43.9355,-16.11821],[-43.93644,-16.11857],[-43.93794,-16.11849],[-43.94084,-16.11767],[-43.94287,-16.11788],[-43.94458,-16.11946],[-43.94596,-16.1192],[-43.94705,-16.11836],[-43.94798,-16.11815],[-43.949,-16.11966],[-43.95058,-16.1208],[-43.95261,-16.12077],[-43.95409,-16.12099],[-43.95611,-16.12332],[-43.95631,-16.12429],[-43.95587,-16.12616],[-43.95639,-16.1281],[-43.956,-16.13036],[-43.95705,-16.13111],[-43.95836,-16.13039],[-43.95923,-16.13121],[-43.95962,-16.13308],[-43.96159,-16.13459],[-43.96492,-16.13586],[-43.96717,-16.13713],[-43.96942,-16.13811],[-43.97189,-16.13959],[-43.97307,-16.14122],[-43.97327,-16.14214],[-43.97533,-16.14349],[-43.97553,-16.14489],[-43.97626,-16.14609],[-43.97815,-16.14679],[-43.97895,-16.14796],[-43.97952,-16.15132],[-43.97926,-16.15222],[-43.97963,-16.15308],[-43.98056,-16.1533],[-43.98256,-16.15531],[-43.98467,-16.15625],[-43.98451,-16.15832],[-43.98471,-16.15878],[-43.98617,-16.15916],[-43.98658,-16.16011],[-43.98778,-16.16086],[-43.9881,-16.16217],[-43.98999,-16.16269],[-43.99011,-16.16315],[-43.99134,-16.16452],[-43.99188,-16.16676],[-43.99197,-16.16826],[-43.99233,-16.16908],[-43.99164,-16.17237],[-43.99022,-16.17397],[-43.99004,-16.17549],[-43.98889,-16.17861],[-43.98767,-16.18067],[-43.9888,-16.1817],[-43.9897,-16.18398],[-43.99114,-16.18522],[-43.99209,-16.18682],[-43.99319,-16.19134],[-43.99285,-16.19319],[-43.99312,-16.19757],[-43.99312,-16.19999],[-43.9925,-16.20075],[-43.99244,-16.20172],[-43.99288,-16.20267],[-43.99276,-16.20583],[-43.99303,-16.20769],[-43.99263,-16.20853],[-43.99078,-16.20916],[-43.98934,-16.21111],[-43.99004,-16.21281],[-43.98989,-16.21424],[-43.98923,-16.21623],[-43.98798,-16.21839],[-43.988,-16.22023],[-43.98765,-16.22164],[-43.98611,-16.22357],[-43.98567,-16.22491],[-43.9864,-16.22742],[-43.98565,-16.22888],[-43.98347,-16.23081],[-43.98214,-16.23222],[-43.98063,-16.23465],[-43.98143,-16.23541],[-43.97902,-16.23524],[-43.97744,-16.23548],[-43.97505,-16.23472],[-43.9729,-16.23457],[-43.96911,-16.23501],[-43.96647,-16.23441],[-43.96465,-16.23306],[-43.96198,-16.23006],[-43.96042,-16.22968],[-43.95807,-16.23064],[-43.95659,-16.2318],[-43.95491,-16.23348],[-43.95449,-16.23436],[-43.95453,-16.23622],[-43.9559,-16.23829],[-43.9569,-16.24068],[-43.95713,-16.24257],[-43.95561,-16.24404],[-43.95361,-16.24486],[-43.9524,-16.2451],[-43.95009,-16.24601],[-43.94814,-16.24732],[-43.94698,-16.24922],[-43.94713,-16.25032],[-43.94808,-16.25207],[-43.9514,-16.25527],[-43.95352,-16.25803],[-43.9547,-16.25931],[-43.95673,-16.2623],[-43.95761,-16.26483],[-43.95811,-16.26805],[-43.9591,-16.26971],[-43.96155,-16.2711],[-43.96261,-16.27227],[-43.9663,-16.27745],[-43.96664,-16.27876],[-43.96658,-16.28033],[-43.96585,-16.28098],[-43.96427,-16.28148],[-43.96254,-16.28267],[-43.96064,-16.2846],[-43.95868,-16.28634],[-43.95701,-16.28721],[-43.95507,-16.28701],[-43.95412,-16.28667],[-43.95119,-16.2878],[-43.95,-16.28864],[-43.94904,-16.28878],[-43.94786,-16.28955],[-43.9472,-16.29182],[-43.94659,-16.29251],[-43.94622,-16.29392],[-43.94453,-16.29546],[-43.94212,-16.29822],[-43.94174,-16.2991],[-43.94003,-16.29973],[-43.93871,-16.29907],[-43.93715,-16.29777],[-43.93365,-16.29623],[-43.93257,-16.29526],[-43.92967,-16.29381],[-43.92836,-16.29225],[-43.92754,-16.29048],[-43.92717,-16.28898],[-43.92647,-16.28802],[-43.92598,-16.28578],[-43.92429,-16.28418],[-43.92288,-16.28384],[-43.9218,-16.28235],[-43.92124,-16.28097],[-43.92033,-16.28079],[-43.91904,-16.28145],[-43.91842,-16.28088],[-43.9191,-16.27903],[-43.91863,-16.27771],[-43.91813,-16.27407],[-43.91712,-16.27318],[-43.91725,-16.27177],[-43.91596,-16.2712],[-43.91442,-16.27008],[-43.91302,-16.27037],[-43.91074,-16.27225],[-43.9106,-16.27357],[-43.90683,-16.27343],[-43.90611,-16.27277],[-43.906,-16.27051],[-43.90503,-16.2689],[-43.90268,-16.26825],[-43.90141,-16.26683],[-43.90083,-16.26572],[-43.89849,-16.26572],[-43.89717,-16.26508],[-43.89649,-16.26389],[-43.8945,-16.26261],[-43.89292,-16.26262],[-43.89225,-16.26184],[-43.89087,-16.26215],[-43.89024,-16.26141],[-43.88987,-16.26003],[-43.88892,-16.25974],[-43.88936,-16.25784],[-43.88809,-16.25728],[-43.88532,-16.25803],[-43.88333,-16.25597],[-43.88248,-16.2539],[-43.88165,-16.25266],[-43.88132,-16.24994],[-43.8806,-16.24877],[-43.87823,-16.24842],[-43.87725,-16.24801],[-43.87708,-16.24709],[-43.87566,-16.24571],[-43.87396,-16.24468],[-43.87352,-16.24381],[-43.87368,-16.24289],[-43.87205,-16.24186],[-43.87037,-16.2403],[-43.86874,-16.23932],[-43.86731,-16.23928],[-43.86658,-16.2382],[-43.86519,-16.23695],[-43.86518,-16.23607],[-43.86427,-16.23573],[-43.86371,-16.23449],[-43.8618,-16.23402],[-43.86017,-16.23292],[-43.85887,-16.23094],[-43.85796,-16.23104],[-43.85585,-16.22993],[-43.8551,-16.22878],[-43.8535,-16.22787],[-43.85161,-16.22765],[-43.85046,-16.22673],[-43.8477,-16.22569],[-43.84767,-16.22472],[-43.84674,-16.22452],[-43.84551,-16.2224],[-43.84497,-16.22109],[-43.84356,-16.22076],[-43.84113,-16.22144],[-43.83968,-16.22223],[-43.83723,-16.22308],[-43.83566,-16.22441],[-43.83471,-16.22437],[-43.8323,-16.225],[-43.82926,-16.22666],[-43.82734,-16.22633],[-43.82591,-16.22664],[-43.82471,-16.22817],[-43.82194,-16.22904],[-43.82104,-16.22909],[-43.81917,-16.22869],[-43.8166,-16.22958],[-43.81537,-16.22806],[-43.81412,-16.22733],[-43.81184,-16.22823],[-43.81057,-16.22759],[-43.80931,-16.22817],[-43.80857,-16.22896],[-43.80772,-16.22922],[-43.80603,-16.23082],[-43.80695,-16.23243],[-43.80662,-16.2331],[-43.80535,-16.23239],[-43.80444,-16.23235],[-43.80403,-16.23153],[-43.801,-16.23157],[-43.79841,-16.23297],[-43.79678,-16.23425],[-43.79542,-16.23322],[-43.79449,-16.23304],[-43.79241,-16.23188],[-43.79221,-16.23102],[-43.79137,-16.2308],[-43.79035,-16.23177],[-43.78942,-16.23093],[-43.78723,-16.23219],[-43.78308,-16.23267],[-43.78269,-16.23187],[-43.7813,-16.23181],[-43.78101,-16.23003],[-43.78038,-16.22911],[-43.77945,-16.22875],[-43.77891,-16.22755],[-43.78146,-16.22639],[-43.78029,-16.22595],[-43.78042,-16.22512],[-43.78183,-16.22523],[-43.78264,-16.2241],[-43.78489,-16.22226],[-43.78635,-16.2223],[-43.78711,-16.22174],[-43.78767,-16.22033],[-43.78739,-16.21786],[-43.78802,-16.21576],[-43.7891,-16.21577],[-43.78947,-16.21457],[-43.78846,-16.21352],[-43.78905,-16.21218],[-43.791,-16.21069],[-43.79035,-16.2094],[-43.79127,-16.2085],[-43.79112,-16.20702],[-43.78938,-16.20761],[-43.78949,-16.20671],[-43.78707,-16.20527],[-43.78511,-16.2048],[-43.78254,-16.20262],[-43.78207,-16.20265],[-43.78139,-16.20131],[-43.78036,-16.2013],[-43.78002,-16.19996],[-43.77935,-16.19937],[-43.77839,-16.19951],[-43.77755,-16.19855],[-43.77629,-16.19879],[-43.77479,-16.19656],[-43.7755,-16.19554],[-43.77392,-16.19469],[-43.77418,-16.19375],[-43.77352,-16.19258],[-43.7731,-16.19025],[-43.7734,-16.18845],[-43.7725,-16.18633],[-43.77221,-16.18479],[-43.77248,-16.18186],[-43.77333,-16.18132],[-43.77365,-16.18229],[-43.77552,-16.18029]]]},"properties":{"codigo":"314330235","name":"São Pedro da Garça","population":849,"households":495,"areaKm2":238.1643,"density":3.6}},{"type":"Feature","geometry":{"type":"Polygon","coordinates":[[[-43.79592,-16.29724],[-43.79595,-16.29837],[-43.79664,-16.30047],[-43.79481,-16.30209],[-43.79398,-16.30318],[-43.79266,-16.30582],[-43.7932,-16.30826],[-43.79316,-16.3096],[-43.79115,-16.31245],[-43.79087,-16.31337],[-43.7907,-16.31658],[-43.7913,-16.31729],[-43.79269,-16.31784],[-43.79432,-16.31889],[-43.79623,-16.31848],[-43.79782,-16.32016],[-43.79785,-16.32108],[-43.79733,-16.32245],[-43.79882,-16.32364],[-43.79952,-16.32483],[-43.79915,-16.32569],[-43.79911,-16.3276],[-43.79787,-16.32823],[-43.79688,-16.32985],[-43.79761,-16.33109],[-43.79851,-16.33337],[-43.79959,-16.33477],[-43.79943,-16.33569],[-43.80075,-16.33645],[-43.80165,-16.33628],[-43.80295,-16.33689],[-43.80388,-16.33684],[-43.80508,-16.33785],[-43.80604,-16.33812],[-43.80688,-16.33925],[-43.80822,-16.33986],[-43.80985,-16.34098],[-43.81012,-16.34185],[-43.80932,-16.34294],[-43.81076,-16.34411],[-43.81036,-16.34497],[-43.81223,-16.34606],[-43.81306,-16.34555],[-43.815,-16.34547],[-43.81661,-16.34733],[-43.81622,-16.34961],[-43.81749,-16.3503],[-43.81789,-16.3532],[-43.8174,-16.35512],[-43.81818,-16.35638],[-43.81954,-16.3567],[-43.82,-16.35803],[-43.81973,-16.36043],[-43.82011,-16.3629],[-43.82154,-16.36561],[-43.82145,-16.36732],[-43.81992,-16.37051],[-43.81993,-16.37164],[-43.82044,-16.37304],[-43.82145,-16.37424],[-43.82366,-16.37517],[-43.82857,-16.37797],[-43.83322,-16.38009],[-43.85308,-16.39858],[-43.88253,-16.42599],[-43.88232,-16.42641],[-43.88326,-16.43081],[-43.88362,-16.43459],[-43.8843,-16.43724],[-43.88521,-16.43961],[-43.886,-16.4405],[-43.88974,-16.44239],[-43.89037,-16.44382],[-43.89072,-16.44557],[-43.89184,-16.44803],[-43.89307,-16.44982],[-43.89524,-16.45239],[-43.8959,-16.45483],[-43.89567,-16.45584],[-43.89501,-16.45668],[-43.89367,-16.45733],[-43.89229,-16.4576],[-43.89077,-16.45857],[-43.8882,-16.46097],[-43.88598,-16.46403],[-43.88537,-16.46562],[-43.88525,-16.46678],[-43.88541,-16.47229],[-43.88571,-16.47429],[-43.88606,-16.47879],[-43.88591,-16.48133],[-43.88603,-16.48462],[-43.88601,-16.49537],[-43.88588,-16.4973],[-43.88622,-16.5002],[-43.88614,-16.50408],[-43.88473,-16.50594],[-43.88337,-16.50641],[-43.88214,-16.50576],[-43.88067,-16.50674],[-43.87955,-16.5053],[-43.87772,-16.50587],[-43.87736,-16.50555],[-43.87605,-16.50607],[-43.87463,-16.50546],[-43.87323,-16.50423],[-43.87019,-16.50382],[-43.86863,-16.50377],[-43.86616,-16.50333],[-43.86257,-16.50517],[-43.86041,-16.50648],[-43.85843,-16.50655],[-43.85552,-16.5054],[-43.85488,-16.50409],[-43.85409,-16.50373],[-43.85273,-16.504],[-43.85183,-16.50288],[-43.85045,-16.50277],[-43.84943,-16.50182],[-43.84804,-16.50169],[-43.84617,-16.50099],[-43.84481,-16.50089],[-43.84346,-16.50031],[-43.84157,-16.50016],[-43.84014,-16.50052],[-43.8387,-16.50052],[-43.83759,-16.50138],[-43.83676,-16.5025],[-43.83588,-16.5028],[-43.83379,-16.50428],[-43.83285,-16.50535],[-43.83191,-16.50704],[-43.831,-16.50728],[-43.82908,-16.50677],[-43.82714,-16.50827],[-43.82372,-16.50853],[-43.82265,-16.51129],[-43.82183,-16.51097],[-43.82075,-16.51209],[-43.81986,-16.51191],[-43.81965,-16.51051],[-43.81874,-16.5104],[-43.81796,-16.51101],[-43.817,-16.51097],[-43.8158,-16.51253],[-43.81613,-16.51393],[-43.81544,-16.51468],[-43.81305,-16.51461],[-43.8121,-16.51497],[-43.8097,-16.51667],[-43.80832,-16.51722],[-43.8058,-16.51653],[-43.80429,-16.51657],[-43.80237,-16.51848],[-43.80092,-16.51861],[-43.79856,-16.51914],[-43.79659,-16.51869],[-43.79508,-16.51633],[-43.79344,-16.51734],[-43.79108,-16.51757],[-43.78977,-16.51809],[-43.78876,-16.51787],[-43.78735,-16.51802],[-43.78689,-16.51724],[-43.78589,-16.51739],[-43.7842,-16.51655],[-43.7836,-16.51584],[-43.78423,-16.51464],[-43.78425,-16.51374],[-43.78355,-16.51317],[-43.78418,-16.51196],[-43.78402,-16.51053],[-43.78263,-16.51027],[-43.78139,-16.51072],[-43.78093,-16.50955],[-43.77951,-16.50942],[-43.77835,-16.50773],[-43.7776,-16.50706],[-43.77609,-16.50676],[-43.77503,-16.50584],[-43.77325,-16.50501],[-43.77195,-16.50377],[-43.77263,-16.50324],[-43.77326,-16.5015],[-43.77239,-16.50024],[-43.77168,-16.5014],[-43.76934,-16.50168],[-43.76852,-16.50062],[-43.76721,-16.50103],[-43.76698,-16.50188],[-43.76478,-16.50234],[-43.76418,-16.50161],[-43.76302,-16.501],[-43.76306,-16.49973],[-43.76162,-16.49997],[-43.76079,-16.50044],[-43.75981,-16.50036],[-43.75924,-16.49973],[-43.75617,-16.49975],[-43.75545,-16.49894],[-43.75343,-16.49756],[-43.75228,-16.49649],[-43.75103,-16.49479],[-43.75101,-16.49246],[-43.75002,-16.4914],[-43.74854,-16.491],[-43.74653,-16.49106],[-43.74576,-16.49035],[-43.7439,-16.49086],[-43.74309,-16.49038],[-43.74228,-16.4908],[-43.74224,-16.49235],[-43.7409,-16.49263],[-43.7399,-16.49319],[-43.73819,-16.49154],[-43.73722,-16.49252],[-43.73649,-16.49068],[-43.73548,-16.48905],[-43.73573,-16.48819],[-43.73659,-16.4877],[-43.73613,-16.48623],[-43.73705,-16.48523],[-43.73642,-16.48394],[-43.73771,-16.48391],[-43.73754,-16.48301],[-43.73837,-16.48229],[-43.74031,-16.48233],[-43.74112,-16.48124],[-43.74142,-16.47951],[-43.74043,-16.47797],[-43.74095,-16.47723],[-43.74236,-16.47699],[-43.74247,-16.47567],[-43.74117,-16.4748],[-43.73959,-16.47447],[-43.739,-16.4726],[-43.73954,-16.4708],[-43.74047,-16.46994],[-43.74148,-16.46774],[-43.74133,-16.46675],[-43.73997,-16.46697],[-43.73938,-16.46397],[-43.73964,-16.46307],[-43.74061,-16.46203],[-43.74089,-16.46113],[-43.74017,-16.45984],[-43.74087,-16.45799],[-43.74108,-16.45619],[-43.74232,-16.45618],[-43.74231,-16.45462],[-43.74297,-16.45291],[-43.74283,-16.45032],[-43.74367,-16.44997],[-43.74376,-16.44919],[-43.74294,-16.44882],[-43.74468,-16.44775],[-43.74317,-16.44686],[-43.74216,-16.44689],[-43.74149,-16.4462],[-43.74288,-16.44299],[-43.74452,-16.44199],[-43.74641,-16.43845],[-43.74755,-16.43673],[-43.74644,-16.43171],[-43.7466,-16.43019],[-43.74625,-16.42837],[-43.7449,-16.42616],[-43.74436,-16.42441],[-43.74518,-16.42201],[-43.74406,-16.42252],[-43.74368,-16.42153],[-43.74234,-16.42145],[-43.74173,-16.42016],[-43.74032,-16.41971],[-43.73952,-16.41759],[-43.73946,-16.41662],[-43.74097,-16.4162],[-43.74106,-16.4153],[-43.7425,-16.41345],[-43.74283,-16.41254],[-43.7438,-16.41159],[-43.74429,-16.40882],[-43.74565,-16.40916],[-43.74691,-16.40862],[-43.7472,-16.40765],[-43.74883,-16.40587],[-43.74871,-16.40499],[-43.74677,-16.40521],[-43.74643,-16.4044],[-43.74729,-16.40378],[-43.74868,-16.40381],[-43.74953,-16.40272],[-43.74886,-16.40199],[-43.7494,-16.4012],[-43.75205,-16.40116],[-43.7532,-16.4009],[-43.75485,-16.40112],[-43.75569,-16.4016],[-43.75652,-16.40111],[-43.7573,-16.40279],[-43.76004,-16.40213],[-43.7608,-16.40143],[-43.76225,-16.40083],[-43.76277,-16.39995],[-43.76378,-16.39692],[-43.76256,-16.39617],[-43.7631,-16.39476],[-43.76477,-16.39168],[-43.76501,-16.39071],[-43.76438,-16.3902],[-43.76302,-16.3909],[-43.76257,-16.39056],[-43.76418,-16.38917],[-43.76482,-16.38787],[-43.76466,-16.3854],[-43.76325,-16.38546],[-43.76299,-16.38498],[-43.7639,-16.38262],[-43.76303,-16.38082],[-43.76701,-16.37944],[-43.76899,-16.37899],[-43.77034,-16.37753],[-43.77154,-16.37798],[-43.77235,-16.37775],[-43.77253,-16.37629],[-43.77324,-16.3746],[-43.77464,-16.37349],[-43.77488,-16.37252],[-43.77613,-16.37099],[-43.77729,-16.3687],[-43.77886,-16.3676],[-43.77983,-16.36739],[-43.78069,-16.36628],[-43.78004,-16.36522],[-43.78244,-16.36332],[-43.78264,-16.36237],[-43.78377,-16.36294],[-43.78451,-16.3624],[-43.78407,-16.361],[-43.78511,-16.35873],[-43.78606,-16.35829],[-43.78596,-16.35744],[-43.7877,-16.35796],[-43.78772,-16.35646],[-43.79082,-16.35556],[-43.79129,-16.35466],[-43.7926,-16.3538],[-43.793,-16.35303],[-43.79208,-16.35087],[-43.79091,-16.35085],[-43.79173,-16.3497],[-43.79122,-16.34792],[-43.7895,-16.34757],[-43.78954,-16.34655],[-43.78858,-16.34626],[-43.78815,-16.34529],[-43.78809,-16.34398],[-43.78668,-16.34364],[-43.78617,-16.34233],[-43.78524,-16.34275],[-43.7844,-16.34218],[-43.78325,-16.34207],[-43.78341,-16.34108],[-43.78547,-16.33763],[-43.78548,-16.33661],[-43.78462,-16.33551],[-43.78461,-16.33461],[-43.78604,-16.33439],[-43.78653,-16.33524],[-43.78748,-16.33526],[-43.78881,-16.33311],[-43.78995,-16.33243],[-43.78886,-16.33082],[-43.78881,-16.32988],[-43.78935,-16.32907],[-43.78877,-16.32771],[-43.78893,-16.32672],[-43.78891,-16.32344],[-43.78936,-16.32263],[-43.78891,-16.32049],[-43.78565,-16.31784],[-43.78521,-16.31701],[-43.78652,-16.31638],[-43.78637,-16.31516],[-43.78768,-16.31512],[-43.78877,-16.31353],[-43.78874,-16.31253],[-43.79007,-16.31121],[-43.79025,-16.3099],[-43.79106,-16.30971],[-43.79108,-16.30818],[-43.79043,-16.30756],[-43.7909,-16.30629],[-43.79039,-16.30494],[-43.79134,-16.30509],[-43.79248,-16.30442],[-43.79319,-16.30323],[-43.79285,-16.30241],[-43.79395,-16.30159],[-43.79363,-16.30069],[-43.79419,-16.29898],[-43.79592,-16.29724]]]},"properties":{"codigo":"314330240","name":"Vila Nova de Minas","population":1247,"households":922,"areaKm2":215.4689,"density":5.8}}]}