{"type":"FeatureCollection","features":[{"type":"Feature","geometry":{"type":"Polygon","coordinates":[[[-40.41356,-20.27457],[-40.41309,-20.27528],[-40.4124,-20.27575],[-40.40933,-20.2762],[-40.40423,-20.27751],[-40.40483,-20.27707],[-40.4049,-20.27665],[-40.40464,-20.27567],[-40.4049,-20.27497],[-40.40596,-20.27407],[-40.40463,-20.27188],[-40.40376,-20.27114],[-40.40312,-20.2702],[-40.40306,-20.26982],[-40.40415,-20.26966],[-40.40507,-20.26974],[-40.40523,-20.269],[-40.40565,-20.26868],[-40.4069,-20.26826],[-40.40887,-20.26878],[-40.41135,-20.2693],[-40.41095,-20.27057],[-40.41181,-20.2707],[-40.41193,-20.2719],[-40.4117,-20.27254],[-40.41296,-20.27297],[-40.41357,-20.2729],[-40.41476,-20.27211],[-40.41546,-20.2709],[-40.41578,-20.27098],[-40.41555,-20.27194],[-40.41487,-20.27256],[-40.41356,-20.27457]]]},"properties":{"codigo":"3201308044","name":"São João Batista","population":1719,"households":750,"areaKm2":0.7024,"density":2447.3}},{"type":"Feature","geometry":{"type":"Polygon","coordinates":[[[-40.38037,-20.29862],[-40.37822,-20.30068],[-40.37856,-20.30119],[-40.37911,-20.30141],[-40.38057,-20.30238],[-40.38118,-20.30316],[-40.38158,-20.30462],[-40.38261,-20.30516],[-40.38327,-20.3052],[-40.38302,-20.30576],[-40.38227,-20.30663],[-40.38165,-20.30706],[-40.38116,-20.30696],[-40.37949,-20.30609],[-40.37854,-20.30784],[-40.37803,-20.30818],[-40.3776,-20.30747],[-40.37761,-20.30703],[-40.37704,-20.3064],[-40.37652,-20.30445],[-40.3767,-20.30326],[-40.37582,-20.30225],[-40.37536,-20.30096],[-40.37457,-20.30007],[-40.37331,-20.29971],[-40.37347,-20.29951],[-40.37457,-20.29818],[-40.37492,-20.29729],[-40.37518,-20.29565],[-40.37547,-20.2957],[-40.37537,-20.29679],[-40.37685,-20.29581],[-40.37714,-20.29599],[-40.3776,-20.29691],[-40.37915,-20.29755],[-40.38041,-20.29767],[-40.38,-20.29857],[-40.38037,-20.29862]]]},"properties":{"codigo":"3201308067","name":"Retiro Saudoso","population":2296,"households":891,"areaKm2":0.5847,"density":3926.5}},{"type":"Feature","geometry":{"type":"Polygon","coordinates":[[[-40.40306,-20.26982],[-40.40212,-20.2696],[-40.40187,-20.26933],[-40.40165,-20.2683],[-40.40116,-20.2677],[-40.40131,-20.26667],[-40.40108,-20.26597],[-40.40115,-20.26144],[-40.40112,-20.26091],[-40.40203,-20.26092],[-40.404,-20.26224],[-40.40502,-20.26227],[-40.40585,-20.26244],[-40.40668,-20.26209],[-40.40772,-20.26269],[-40.40818,-20.26274],[-40.40922,-20.26231],[-40.41028,-20.26171],[-40.41123,-20.26154],[-40.41179,-20.26176],[-40.41282,-20.26164],[-40.41323,-20.26219],[-40.41371,-20.26228],[-40.41408,-20.26283],[-40.41506,-20.26352],[-40.41634,-20.26376],[-40.41733,-20.26346],[-40.41733,-20.2628],[-40.41874,-20.26281],[-40.419,-20.26236],[-40.4172,-20.25954],[-40.41677,-20.25867],[-40.41669,-20.25764],[-40.41711,-20.25708],[-40.41766,-20.25675],[-40.41976,-20.25663],[-40.42031,-20.25601],[-40.42081,-20.25631],[-40.42199,-20.25649],[-40.42212,-20.25807],[-40.42179,-20.25843],[-40.42166,-20.25908],[-40.42183,-20.25997],[-40.42226,-20.26003],[-40.42235,-20.26064],[-40.42299,-20.26143],[-40.42274,-20.26207],[-40.42343,-20.26243],[-40.42306,-20.26299],[-40.42357,-20.26357],[-40.42282,-20.26477],[-40.42334,-20.26563],[-40.4232,-20.26649],[-40.42182,-20.26777],[-40.42137,-20.26796],[-40.42146,-20.26967],[-40.42096,-20.2713],[-40.42089,-20.27237],[-40.42109,-20.27329],[-40.42094,-20.27348],[-40.41988,-20.27362],[-40.41819,-20.27517],[-40.41718,-20.27592],[-40.4169,-20.27546],[-40.41727,-20.27462],[-40.4169,-20.27316],[-40.41632,-20.27302],[-40.41623,-20.27393],[-40.41576,-20.27453],[-40.41474,-20.27372],[-40.41403,-20.2748],[-40.41356,-20.27457],[-40.41487,-20.27256],[-40.41555,-20.27194],[-40.41578,-20.27098],[-40.41546,-20.2709],[-40.41476,-20.27211],[-40.41357,-20.2729],[-40.41296,-20.27297],[-40.4117,-20.27254],[-40.41193,-20.2719],[-40.41181,-20.2707],[-40.41095,-20.27057],[-40.41135,-20.2693],[-40.40887,-20.26878],[-40.4069,-20.26826],[-40.40565,-20.26868],[-40.40523,-20.269],[-40.40507,-20.26974],[-40.40415,-20.26966],[-40.40306,-20.26982]]]},"properties":{"codigo":"3201308039","name":"Cariacica Sede","population":7376,"households":3048,"areaKm2":2.5096,"density":2939.1}},{"type":"Feature","geometry":{"type":"Polygon","coordinates":[[[-40.39501,-20.30598],[-40.39487,-20.30796],[-40.39362,-20.30737],[-40.39335,-20.30762],[-40.38898,-20.30537],[-40.38888,-20.30536],[-40.38926,-20.30509],[-40.39146,-20.30415],[-40.39051,-20.30344],[-40.39132,-20.30163],[-40.39098,-20.30117],[-40.38987,-20.30068],[-40.39019,-20.29964],[-40.39005,-20.2993],[-40.39107,-20.29903],[-40.39202,-20.29973],[-40.39239,-20.30033],[-40.39242,-20.30162],[-40.39295,-20.30201],[-40.39357,-20.30187],[-40.39531,-20.30201],[-40.39532,-20.30308],[-40.39501,-20.30598]]]},"properties":{"codigo":"3201308078","name":"Tabajara","population":1168,"households":520,"areaKm2":0.3412,"density":3423.4}},{"type":"Feature","geometry":{"type":"Polygon","coordinates":[[[-40.39992,-20.29802],[-40.39945,-20.29771],[-40.39949,-20.29733],[-40.39865,-20.29735],[-40.39793,-20.29689],[-40.39967,-20.2947],[-40.39978,-20.2933],[-40.40028,-20.29211],[-40.40012,-20.29138],[-40.40147,-20.28945],[-40.40034,-20.28926],[-40.39961,-20.28797],[-40.4009,-20.28724],[-40.40122,-20.28658],[-40.40223,-20.28523],[-40.40423,-20.28466],[-40.40439,-20.28507],[-40.40419,-20.28576],[-40.40422,-20.28739],[-40.40447,-20.2878],[-40.40533,-20.28845],[-40.40685,-20.29022],[-40.40694,-20.29129],[-40.40686,-20.29389],[-40.40682,-20.29533],[-40.40693,-20.29572],[-40.40787,-20.297],[-40.4082,-20.29802],[-40.4065,-20.29786],[-40.40569,-20.2975],[-40.4049,-20.29677],[-40.40477,-20.29709],[-40.40303,-20.29654],[-40.40261,-20.29716],[-40.40226,-20.29668],[-40.40127,-20.29606],[-40.39992,-20.29802]]]},"properties":{"codigo":"3201308073","name":"Campo verde","population":4577,"households":1917,"areaKm2":0.8454,"density":5413.7}},{"type":"Feature","geometry":{"type":"Polygon","coordinates":[[[-40.38751,-20.24828],[-40.38851,-20.24865],[-40.38939,-20.24875],[-40.38978,-20.24798],[-40.38952,-20.24738],[-40.3905,-20.24755],[-40.39201,-20.24864],[-40.39314,-20.24849],[-40.39397,-20.24967],[-40.39435,-20.24994],[-40.39437,-20.25068],[-40.39551,-20.25116],[-40.39572,-20.25166],[-40.39488,-20.25245],[-40.39377,-20.25261],[-40.39244,-20.25369],[-40.39129,-20.25418],[-40.39076,-20.25485],[-40.38952,-20.2539],[-40.38791,-20.25202],[-40.38819,-20.25127],[-40.38741,-20.25093],[-40.38684,-20.25018],[-40.38683,-20.24978],[-40.38751,-20.24828]]]},"properties":{"codigo":"3201308103","name":"Vila Progresso","population":708,"households":268,"areaKm2":0.4203,"density":1684.5}},{"type":"Feature","geometry":{"type":"Polygon","coordinates":[[[-40.37347,-20.29951],[-40.37289,-20.29925],[-40.37207,-20.29928],[-40.37111,-20.29963],[-40.3704,-20.29923],[-40.36991,-20.29847],[-40.36919,-20.29953],[-40.36963,-20.29988],[-40.36887,-20.30174],[-40.36788,-20.30165],[-40.36734,-20.30236],[-40.36803,-20.30332],[-40.36768,-20.30384],[-40.3677,-20.30479],[-40.36736,-20.30445],[-40.36505,-20.30445],[-40.36425,-20.30437],[-40.36414,-20.30338],[-40.36385,-20.30285],[-40.36303,-20.30182],[-40.36254,-20.30163],[-40.36169,-20.30163],[-40.36081,-20.30116],[-40.36035,-20.3007],[-40.36007,-20.29939],[-40.35953,-20.29799],[-40.36053,-20.29774],[-40.3612,-20.29732],[-40.36241,-20.29732],[-40.36332,-20.29712],[-40.36513,-20.29691],[-40.36683,-20.29625],[-40.36835,-20.29638],[-40.36966,-20.29473],[-40.36916,-20.29399],[-40.3685,-20.29337],[-40.3681,-20.29277],[-40.36873,-20.29196],[-40.36984,-20.2895],[-40.37096,-20.28993],[-40.37122,-20.29037],[-40.37174,-20.2903],[-40.37209,-20.2908],[-40.37235,-20.2924],[-40.37282,-20.29254],[-40.37265,-20.29393],[-40.37268,-20.29481],[-40.37294,-20.29668],[-40.37329,-20.29708],[-40.37406,-20.29719],[-40.37386,-20.29838],[-40.37457,-20.29818],[-40.37347,-20.29951]]]},"properties":{"codigo":"3201308064","name":"Porto Novo","population":7057,"households":2878,"areaKm2":1.045,"density":6753.3}},{"type":"Feature","geometry":{"type":"Polygon","coordinates":[[[-40.39487,-20.30796],[-40.3948,-20.30892],[-40.39536,-20.31274],[-40.39556,-20.31319],[-40.39563,-20.31463],[-40.39586,-20.31635],[-40.39449,-20.31499],[-40.39325,-20.31505],[-40.39225,-20.31497],[-40.39136,-20.3154],[-40.39067,-20.31512],[-40.38977,-20.31437],[-40.3891,-20.31464],[-40.38875,-20.31395],[-40.38793,-20.31372],[-40.38734,-20.31329],[-40.38644,-20.31391],[-40.38589,-20.3115],[-40.38544,-20.31097],[-40.38492,-20.31069],[-40.38486,-20.31022],[-40.38625,-20.3098],[-40.38649,-20.30948],[-40.38731,-20.30946],[-40.388,-20.30923],[-40.38843,-20.30943],[-40.38851,-20.30648],[-40.38888,-20.30536],[-40.38898,-20.30537],[-40.39335,-20.30762],[-40.39362,-20.30737],[-40.39487,-20.30796]]]},"properties":{"codigo":"3201308077","name":"Santana","population":6785,"households":2909,"areaKm2":0.7712,"density":8797.7}},{"type":"Feature","geometry":{"type":"Polygon","coordinates":[[[-40.40112,-20.26091],[-40.4,-20.26068],[-40.39866,-20.25955],[-40.39754,-20.25917],[-40.39607,-20.25832],[-40.39518,-20.25809],[-40.39307,-20.25707],[-40.39247,-20.25688],[-40.39015,-20.25686],[-40.39014,-20.25649],[-40.39076,-20.25485],[-40.39129,-20.25418],[-40.39244,-20.25369],[-40.39377,-20.25261],[-40.39488,-20.25245],[-40.39572,-20.25166],[-40.39736,-20.25242],[-40.39813,-20.25237],[-40.39931,-20.2527],[-40.39967,-20.25357],[-40.40012,-20.25425],[-40.40103,-20.25436],[-40.40169,-20.25387],[-40.40285,-20.25388],[-40.40326,-20.2544],[-40.4043,-20.25399],[-40.40412,-20.25338],[-40.40359,-20.25316],[-40.40287,-20.25244],[-40.40216,-20.25219],[-40.40153,-20.25133],[-40.40168,-20.25013],[-40.40242,-20.24909],[-40.40377,-20.24927],[-40.40357,-20.24992],[-40.40312,-20.25049],[-40.40343,-20.25122],[-40.40417,-20.25118],[-40.40529,-20.25038],[-40.4064,-20.25093],[-40.40715,-20.25183],[-40.40774,-20.2528],[-40.40849,-20.25296],[-40.40923,-20.25365],[-40.40994,-20.25472],[-40.41045,-20.25682],[-40.41048,-20.2576],[-40.41081,-20.25767],[-40.41196,-20.25694],[-40.41233,-20.25653],[-40.41338,-20.25744],[-40.41395,-20.25775],[-40.41385,-20.25851],[-40.41525,-20.2591],[-40.41526,-20.25885],[-40.41677,-20.25867],[-40.4172,-20.25954],[-40.419,-20.26236],[-40.41874,-20.26281],[-40.41733,-20.2628],[-40.41733,-20.26346],[-40.41634,-20.26376],[-40.41506,-20.26352],[-40.41408,-20.26283],[-40.41371,-20.26228],[-40.41323,-20.26219],[-40.41282,-20.26164],[-40.41179,-20.26176],[-40.41123,-20.26154],[-40.41028,-20.26171],[-40.40922,-20.26231],[-40.40818,-20.26274],[-40.40772,-20.26269],[-40.40668,-20.26209],[-40.40585,-20.26244],[-40.40502,-20.26227],[-40.404,-20.26224],[-40.40203,-20.26092],[-40.40112,-20.26091]]]},"properties":{"codigo":"3201308041","name":"Vila Merlo","population":3193,"households":1386,"areaKm2":2.1338,"density":1496.4}},{"type":"Feature","geometry":{"type":"Polygon","coordinates":[[[-40.40477,-20.29709],[-40.40477,-20.29822],[-40.40447,-20.29922],[-40.40445,-20.30001],[-40.40486,-20.30063],[-40.40535,-20.30076],[-40.40523,-20.30188],[-40.40556,-20.3027],[-40.40548,-20.30341],[-40.40493,-20.30406],[-40.40474,-20.3046],[-40.4046,-20.30595],[-40.40398,-20.30633],[-40.40286,-20.30653],[-40.40159,-20.3076],[-40.40073,-20.30755],[-40.40045,-20.30676],[-40.40089,-20.30498],[-40.40147,-20.30477],[-40.40189,-20.30427],[-40.40047,-20.30218],[-40.40009,-20.30205],[-40.40037,-20.3013],[-40.39954,-20.30096],[-40.39804,-20.30153],[-40.39787,-20.30066],[-40.39819,-20.30053],[-40.39992,-20.29802],[-40.40127,-20.29606],[-40.40226,-20.29668],[-40.40261,-20.29716],[-40.40303,-20.29654],[-40.40477,-20.29709]]]},"properties":{"codigo":"3201308079","name":"Santo Antônio","population":2545,"households":1006,"areaKm2":0.5554,"density":4582.1}},{"type":"Feature","geometry":{"type":"Polygon","coordinates":[[[-40.40423,-20.27751],[-40.4037,-20.27785],[-40.40173,-20.27993],[-40.40102,-20.28095],[-40.40017,-20.2818],[-40.39763,-20.28303],[-40.39658,-20.28335],[-40.39614,-20.28298],[-40.39524,-20.28258],[-40.39328,-20.28223],[-40.39319,-20.28105],[-40.39229,-20.27475],[-40.39141,-20.27244],[-40.3902,-20.27005],[-40.38975,-20.26929],[-40.38863,-20.26822],[-40.3863,-20.26625],[-40.38703,-20.26639],[-40.38772,-20.26692],[-40.38908,-20.26728],[-40.39009,-20.26714],[-40.39128,-20.26681],[-40.39207,-20.26637],[-40.39525,-20.26525],[-40.39607,-20.26505],[-40.39729,-20.26498],[-40.39915,-20.26519],[-40.40108,-20.26597],[-40.40131,-20.26667],[-40.40116,-20.2677],[-40.40165,-20.2683],[-40.40187,-20.26933],[-40.40212,-20.2696],[-40.40306,-20.26982],[-40.40312,-20.2702],[-40.40376,-20.27114],[-40.40463,-20.27188],[-40.40596,-20.27407],[-40.4049,-20.27497],[-40.40464,-20.27567],[-40.4049,-20.27665],[-40.40483,-20.27707],[-40.40423,-20.27751]]]},"properties":{"codigo":"3201308042","name":"Porto de Cariacica","population":5286,"households":2120,"areaKm2":2.2589,"density":2340}},{"type":"Feature","geometry":{"type":"Polygon","coordinates":[[[-40.40686,-20.29389],[-40.40731,-20.29417],[-40.40824,-20.29398],[-40.40921,-20.29429],[-40.40977,-20.29465],[-40.41009,-20.2958],[-40.4112,-20.29665],[-40.41207,-20.29695],[-40.41261,-20.29758],[-40.41353,-20.29709],[-40.41431,-20.2969],[-40.41503,-20.297],[-40.41542,-20.29753],[-40.4169,-20.29831],[-40.41645,-20.30014],[-40.41645,-20.3008],[-40.41573,-20.30275],[-40.41489,-20.30419],[-40.415,-20.30531],[-40.41385,-20.30596],[-40.41367,-20.30679],[-40.41285,-20.30696],[-40.41271,-20.30876],[-40.41103,-20.30894],[-40.41095,-20.30753],[-40.40936,-20.30685],[-40.40903,-20.30618],[-40.40869,-20.30614],[-40.40847,-20.30589],[-40.40695,-20.30601],[-40.40679,-20.30662],[-40.40621,-20.30746],[-40.40493,-20.30847],[-40.404,-20.30827],[-40.40337,-20.30843],[-40.40258,-20.30787],[-40.40186,-20.3082],[-40.40159,-20.3076],[-40.40286,-20.30653],[-40.40398,-20.30633],[-40.4046,-20.30595],[-40.40474,-20.3046],[-40.40493,-20.30406],[-40.40548,-20.30341],[-40.40556,-20.3027],[-40.40523,-20.30188],[-40.40535,-20.30076],[-40.40486,-20.30063],[-40.40445,-20.30001],[-40.40447,-20.29922],[-40.40477,-20.29822],[-40.40477,-20.29709],[-40.4049,-20.29677],[-40.40569,-20.2975],[-40.4065,-20.29786],[-40.4082,-20.29802],[-40.40787,-20.297],[-40.40693,-20.29572],[-40.40682,-20.29533],[-40.40686,-20.29389]]]},"properties":{"codigo":"3201308075","name":"Cangaíba","population":400,"households":196,"areaKm2":1.398,"density":286.1}},{"type":"Feature","geometry":{"type":"Polygon","coordinates":[[[-40.37331,-20.29971],[-40.3728,-20.30059],[-40.37273,-20.30144],[-40.37304,-20.30305],[-40.37292,-20.30435],[-40.37164,-20.30755],[-40.37047,-20.30738],[-40.36944,-20.30703],[-40.36877,-20.30628],[-40.36828,-20.30636],[-40.3681,-20.30525],[-40.3677,-20.30479],[-40.36768,-20.30384],[-40.36803,-20.30332],[-40.36734,-20.30236],[-40.36788,-20.30165],[-40.36887,-20.30174],[-40.36963,-20.29988],[-40.36919,-20.29953],[-40.36991,-20.29847],[-40.3704,-20.29923],[-40.37111,-20.29963],[-40.37207,-20.29928],[-40.37289,-20.29925],[-40.37347,-20.29951],[-40.37331,-20.29971]]]},"properties":{"codigo":"3201308065","name":"Presidente Médice","population":6528,"households":2787,"areaKm2":0.3996,"density":16336.6}},{"type":"Feature","geometry":{"type":"Polygon","coordinates":[[[-40.42031,-20.25601],[-40.42127,-20.25299],[-40.42233,-20.25274],[-40.42427,-20.25351],[-40.42458,-20.25191],[-40.42517,-20.25154],[-40.42603,-20.2503],[-40.42688,-20.24994],[-40.42707,-20.24934],[-40.42793,-20.24966],[-40.42869,-20.25068],[-40.43003,-20.25128],[-40.43074,-20.2518],[-40.43082,-20.25219],[-40.43193,-20.25302],[-40.43267,-20.25383],[-40.43325,-20.25366],[-40.43379,-20.25426],[-40.43359,-20.25507],[-40.43288,-20.25572],[-40.43317,-20.25713],[-40.43348,-20.25754],[-40.43395,-20.25862],[-40.43415,-20.25941],[-40.43489,-20.25977],[-40.43525,-20.26039],[-40.43433,-20.26117],[-40.43362,-20.26197],[-40.43274,-20.26169],[-40.43122,-20.26199],[-40.43079,-20.26259],[-40.42895,-20.26278],[-40.42807,-20.26229],[-40.42588,-20.26251],[-40.42449,-20.26198],[-40.42382,-20.26197],[-40.42343,-20.26243],[-40.42274,-20.26207],[-40.42299,-20.26143],[-40.42235,-20.26064],[-40.42226,-20.26003],[-40.42183,-20.25997],[-40.42166,-20.25908],[-40.42179,-20.25843],[-40.42212,-20.25807],[-40.42199,-20.25649],[-40.42081,-20.25631],[-40.42031,-20.25601]]]},"properties":{"codigo":"3201308040","name":"Prolar","population":4291,"households":1736,"areaKm2":1.4604,"density":2938.3}},{"type":"Feature","geometry":{"type":"Polygon","coordinates":[[[-40.42357,-20.26357],[-40.42402,-20.2633],[-40.42583,-20.26371],[-40.42787,-20.26493],[-40.42874,-20.26585],[-40.42858,-20.26645],[-40.42786,-20.26666],[-40.42662,-20.26734],[-40.4264,-20.26692],[-40.42577,-20.26737],[-40.42541,-20.26799],[-40.42478,-20.26843],[-40.42422,-20.27031],[-40.42387,-20.2712],[-40.42326,-20.27219],[-40.42205,-20.27346],[-40.42094,-20.27348],[-40.42109,-20.27329],[-40.42089,-20.27237],[-40.42096,-20.2713],[-40.42146,-20.26967],[-40.42137,-20.26796],[-40.42182,-20.26777],[-40.4232,-20.26649],[-40.42334,-20.26563],[-40.42282,-20.26477],[-40.42357,-20.26357]]]},"properties":{"codigo":"3201308037","name":"Alice Coutinho","population":1255,"households":508,"areaKm2":0.3957,"density":3171.4}},{"type":"Feature","geometry":{"type":"Polygon","coordinates":[[[-40.39328,-20.28223],[-40.39291,-20.28206],[-40.39238,-20.28133],[-40.39202,-20.28116],[-40.39129,-20.27978],[-40.39064,-20.28038],[-40.38987,-20.27974],[-40.38963,-20.2793],[-40.38981,-20.27883],[-40.38895,-20.27871],[-40.38861,-20.27893],[-40.38743,-20.27927],[-40.38574,-20.27916],[-40.38532,-20.27973],[-40.38597,-20.28013],[-40.3861,-20.28054],[-40.38367,-20.28057],[-40.38289,-20.28074],[-40.38236,-20.2804],[-40.38249,-20.27894],[-40.38199,-20.27863],[-40.37979,-20.2807],[-40.37898,-20.28115],[-40.378,-20.28099],[-40.37701,-20.28011],[-40.37591,-20.27987],[-40.37496,-20.27823],[-40.37409,-20.27719],[-40.36868,-20.27204],[-40.36779,-20.27114],[-40.36732,-20.27039],[-40.36499,-20.26221],[-40.36491,-20.26164],[-40.36508,-20.26083],[-40.36591,-20.25987],[-40.36776,-20.25903],[-40.36896,-20.2581],[-40.36956,-20.25706],[-40.36974,-20.25572],[-40.36908,-20.25432],[-40.36772,-20.2528],[-40.36646,-20.25207],[-40.36572,-20.25117],[-40.36456,-20.25018],[-40.36399,-20.24837],[-40.36484,-20.2471],[-40.36426,-20.247],[-40.36342,-20.24721],[-40.36288,-20.24679],[-40.36273,-20.24586],[-40.36301,-20.24467],[-40.36274,-20.24441],[-40.36123,-20.24382],[-40.36031,-20.2426],[-40.35969,-20.24226],[-40.35923,-20.24163],[-40.35829,-20.2409],[-40.35922,-20.24051],[-40.35945,-20.23993],[-40.36119,-20.23813],[-40.36158,-20.23741],[-40.36193,-20.23587],[-40.36241,-20.23524],[-40.3622,-20.23445],[-40.36149,-20.23436],[-40.36195,-20.23341],[-40.36238,-20.23094],[-40.36504,-20.22152],[-40.36553,-20.2201],[-40.36561,-20.21899],[-40.3669,-20.21764],[-40.36725,-20.21697],[-40.36955,-20.21612],[-40.37335,-20.21488],[-40.37465,-20.21489],[-40.37579,-20.21511],[-40.37642,-20.21538],[-40.37742,-20.21612],[-40.37863,-20.21761],[-40.38393,-20.22214],[-40.38493,-20.22296],[-40.38555,-20.22325],[-40.38933,-20.22433],[-40.38936,-20.22523],[-40.38915,-20.22729],[-40.38954,-20.23026],[-40.38804,-20.23111],[-40.38765,-20.23119],[-40.38673,-20.23247],[-40.38586,-20.23293],[-40.38443,-20.23463],[-40.38411,-20.23717],[-40.38384,-20.23812],[-40.38324,-20.23903],[-40.38171,-20.23937],[-40.38119,-20.23963],[-40.38036,-20.24126],[-40.38034,-20.24232],[-40.38076,-20.24313],[-40.38132,-20.24314],[-40.38071,-20.2443],[-40.37978,-20.24473],[-40.37998,-20.24632],[-40.37985,-20.24671],[-40.37894,-20.2477],[-40.37922,-20.24841],[-40.37694,-20.24942],[-40.37622,-20.24794],[-40.37502,-20.24787],[-40.37477,-20.24822],[-40.37448,-20.24937],[-40.3735,-20.25237],[-40.37341,-20.25245],[-40.37537,-20.25544],[-40.37689,-20.25712],[-40.37737,-20.25819],[-40.37778,-20.25991],[-40.37848,-20.26103],[-40.37958,-20.26206],[-40.38078,-20.26283],[-40.38269,-20.26356],[-40.38383,-20.2642],[-40.3863,-20.26625],[-40.38863,-20.26822],[-40.38975,-20.26929],[-40.3902,-20.27005],[-40.39141,-20.27244],[-40.39229,-20.27475],[-40.39319,-20.28105],[-40.39328,-20.28223]]]},"properties":{"codigo":"3201308102","name":"Padre Mathias","population":482,"households":218,"areaKm2":13.3663,"density":36.1}},{"type":"Feature","geometry":{"type":"Polygon","coordinates":[[[-40.39444,-20.32851],[-40.39441,-20.32784],[-40.39388,-20.32789],[-40.39279,-20.32835],[-40.3918,-20.32835],[-40.3904,-20.32792],[-40.38889,-20.3276],[-40.38812,-20.3273],[-40.38681,-20.3257],[-40.38495,-20.32517],[-40.38352,-20.32455],[-40.3828,-20.32412],[-40.38184,-20.32343],[-40.38257,-20.32233],[-40.38224,-20.32207],[-40.38271,-20.32072],[-40.38335,-20.32034],[-40.38374,-20.31919],[-40.3846,-20.31797],[-40.38575,-20.31734],[-40.386,-20.31703],[-40.38655,-20.31705],[-40.38729,-20.31746],[-40.38729,-20.31822],[-40.38665,-20.31885],[-40.38581,-20.31927],[-40.38547,-20.31977],[-40.38552,-20.32056],[-40.38657,-20.32042],[-40.38685,-20.32131],[-40.387,-20.32247],[-40.3876,-20.32339],[-40.38804,-20.32328],[-40.39216,-20.32435],[-40.39367,-20.32409],[-40.39427,-20.32444],[-40.39458,-20.32494],[-40.39544,-20.32443],[-40.39714,-20.32692],[-40.39881,-20.32978],[-40.3982,-20.32973],[-40.3979,-20.32934],[-40.39631,-20.32857],[-40.39508,-20.32843],[-40.39444,-20.32851]]]},"properties":{"codigo":"3201308047","name":"Nova Brasília","population":5387,"households":2314,"areaKm2":0.7833,"density":6876.9}},{"type":"Feature","geometry":{"type":"Polygon","coordinates":[[[-40.3677,-20.30479],[-40.3681,-20.30525],[-40.36828,-20.30636],[-40.36877,-20.30628],[-40.36944,-20.30703],[-40.37047,-20.30738],[-40.37164,-20.30755],[-40.37108,-20.30893],[-40.36833,-20.31575],[-40.36804,-20.3165],[-40.36685,-20.31604],[-40.36643,-20.31601],[-40.36533,-20.31648],[-40.36513,-20.31511],[-40.36489,-20.31469],[-40.36489,-20.31358],[-40.36453,-20.31247],[-40.36472,-20.31149],[-40.36404,-20.31014],[-40.36403,-20.30911],[-40.3648,-20.30865],[-40.36556,-20.308],[-40.36571,-20.30765],[-40.36517,-20.30601],[-40.3646,-20.30554],[-40.36453,-20.30475],[-40.36425,-20.30437],[-40.36505,-20.30445],[-40.36736,-20.30445],[-40.3677,-20.30479]]]},"properties":{"codigo":"3201308070","name":"Porto Santana","population":5963,"households":2606,"areaKm2":0.6462,"density":9228.2}},{"type":"Feature","geometry":{"type":"Polygon","coordinates":[[[-40.38037,-20.29862],[-40.38171,-20.29964],[-40.38234,-20.3006],[-40.38325,-20.30008],[-40.38352,-20.3],[-40.38394,-20.30223],[-40.38468,-20.3023],[-40.38633,-20.30125],[-40.38796,-20.30145],[-40.38928,-20.30128],[-40.38987,-20.30068],[-40.39098,-20.30117],[-40.39132,-20.30163],[-40.39051,-20.30344],[-40.39146,-20.30415],[-40.38926,-20.30509],[-40.38888,-20.30536],[-40.38851,-20.30648],[-40.38843,-20.30943],[-40.388,-20.30923],[-40.38731,-20.30946],[-40.38649,-20.30948],[-40.38632,-20.30838],[-40.38588,-20.30799],[-40.38512,-20.30583],[-40.38498,-20.3049],[-40.38459,-20.30512],[-40.38327,-20.3052],[-40.38261,-20.30516],[-40.38158,-20.30462],[-40.38118,-20.30316],[-40.38057,-20.30238],[-40.37911,-20.30141],[-40.37856,-20.30119],[-40.37822,-20.30068],[-40.38037,-20.29862]]]},"properties":{"codigo":"3201308068","name":"Graúna","population":4941,"households":2016,"areaKm2":0.6605,"density":7480.6}},{"type":"Feature","geometry":{"type":"Polygon","coordinates":[[[-40.40223,-20.28523],[-40.40156,-20.28462],[-40.40261,-20.28457],[-40.40592,-20.28383],[-40.4063,-20.28381],[-40.40623,-20.28298],[-40.40655,-20.28146],[-40.40726,-20.28047],[-40.40788,-20.28002],[-40.4092,-20.27969],[-40.41027,-20.27969],[-40.4111,-20.28026],[-40.41149,-20.28136],[-40.41147,-20.28211],[-40.41087,-20.28269],[-40.41186,-20.28286],[-40.41273,-20.28357],[-40.41324,-20.28501],[-40.41379,-20.28522],[-40.41421,-20.2858],[-40.41509,-20.2859],[-40.41575,-20.28663],[-40.41611,-20.28769],[-40.41648,-20.28997],[-40.41481,-20.29032],[-40.41414,-20.2916],[-40.4137,-20.2921],[-40.41374,-20.29293],[-40.41194,-20.29327],[-40.41048,-20.29437],[-40.40977,-20.29465],[-40.40921,-20.29429],[-40.40824,-20.29398],[-40.40731,-20.29417],[-40.40686,-20.29389],[-40.40694,-20.29129],[-40.40685,-20.29022],[-40.40533,-20.28845],[-40.40447,-20.2878],[-40.40422,-20.28739],[-40.40419,-20.28576],[-40.40439,-20.28507],[-40.40423,-20.28466],[-40.40223,-20.28523]]]},"properties":{"codigo":"3201308072","name":"Bubú","population":1443,"households":624,"areaKm2":1.303,"density":1107.4}},{"type":"Feature","geometry":{"type":"Polygon","coordinates":[[[-40.39076,-20.25485],[-40.39014,-20.25649],[-40.39015,-20.25686],[-40.38914,-20.2576],[-40.38869,-20.25843],[-40.38758,-20.25903],[-40.38811,-20.25955],[-40.38916,-20.26111],[-40.38971,-20.26154],[-40.39082,-20.26168],[-40.39079,-20.26272],[-40.39045,-20.26272],[-40.39009,-20.26714],[-40.38908,-20.26728],[-40.38772,-20.26692],[-40.38703,-20.26639],[-40.3863,-20.26625],[-40.38383,-20.2642],[-40.38269,-20.26356],[-40.38078,-20.26283],[-40.37958,-20.26206],[-40.37848,-20.26103],[-40.37778,-20.25991],[-40.37737,-20.25819],[-40.37689,-20.25712],[-40.37537,-20.25544],[-40.37341,-20.25245],[-40.3735,-20.25237],[-40.37448,-20.24937],[-40.37477,-20.24822],[-40.37502,-20.24787],[-40.37622,-20.24794],[-40.37694,-20.24942],[-40.37922,-20.24841],[-40.37894,-20.2477],[-40.37985,-20.24671],[-40.37998,-20.24632],[-40.37978,-20.24473],[-40.38071,-20.2443],[-40.38311,-20.24665],[-40.38375,-20.247],[-40.38456,-20.24775],[-40.38592,-20.24796],[-40.38668,-20.24839],[-40.38751,-20.24828],[-40.38683,-20.24978],[-40.38684,-20.25018],[-40.38741,-20.25093],[-40.38819,-20.25127],[-40.38791,-20.25202],[-40.38952,-20.2539],[-40.39076,-20.25485]]]},"properties":{"codigo":"3201308061","name":"Nova Rosa da Penha","population":15075,"households":5933,"areaKm2":2.5823,"density":5837.7}},{"type":"Feature","geometry":{"type":"Polygon","coordinates":[[[-40.39586,-20.31635],[-40.39631,-20.31954],[-40.39623,-20.3204],[-40.39536,-20.32206],[-40.39504,-20.32288],[-40.39505,-20.32358],[-40.39544,-20.32443],[-40.39458,-20.32494],[-40.39427,-20.32444],[-40.39367,-20.32409],[-40.39216,-20.32435],[-40.38804,-20.32328],[-40.3876,-20.32339],[-40.387,-20.32247],[-40.38685,-20.32131],[-40.38657,-20.32042],[-40.38552,-20.32056],[-40.38547,-20.31977],[-40.38581,-20.31927],[-40.38665,-20.31885],[-40.38729,-20.31822],[-40.38729,-20.31746],[-40.38655,-20.31705],[-40.386,-20.31703],[-40.38628,-20.31656],[-40.38562,-20.31601],[-40.3848,-20.31602],[-40.38441,-20.31538],[-40.38499,-20.31468],[-40.38644,-20.31391],[-40.38734,-20.31329],[-40.38793,-20.31372],[-40.38875,-20.31395],[-40.3891,-20.31464],[-40.38977,-20.31437],[-40.39067,-20.31512],[-40.39136,-20.3154],[-40.39225,-20.31497],[-40.39325,-20.31505],[-40.39449,-20.31499],[-40.39586,-20.31635]]]},"properties":{"codigo":"3201308071","name":"Nova Valverde","population":3916,"households":1587,"areaKm2":1.0199,"density":3839.8}},{"type":"Feature","geometry":{"type":"Polygon","coordinates":[[[-40.38327,-20.3052],[-40.38459,-20.30512],[-40.38498,-20.3049],[-40.38512,-20.30583],[-40.38588,-20.30799],[-40.38632,-20.30838],[-40.38649,-20.30948],[-40.38625,-20.3098],[-40.38486,-20.31022],[-40.38492,-20.31069],[-40.38544,-20.31097],[-40.38589,-20.3115],[-40.38644,-20.31391],[-40.38499,-20.31468],[-40.38441,-20.31538],[-40.3848,-20.31602],[-40.38562,-20.31601],[-40.38628,-20.31656],[-40.386,-20.31703],[-40.38575,-20.31734],[-40.3846,-20.31797],[-40.38374,-20.31919],[-40.38335,-20.32034],[-40.38271,-20.32072],[-40.38224,-20.32207],[-40.38065,-20.32084],[-40.37988,-20.32092],[-40.37968,-20.32056],[-40.37884,-20.31993],[-40.37702,-20.31896],[-40.37525,-20.31885],[-40.37408,-20.31825],[-40.37226,-20.31751],[-40.37193,-20.31795],[-40.37052,-20.31752],[-40.37054,-20.31698],[-40.36937,-20.31608],[-40.36833,-20.31575],[-40.37108,-20.30893],[-40.37205,-20.30875],[-40.37333,-20.30931],[-40.37374,-20.30988],[-40.37508,-20.31062],[-40.37703,-20.31083],[-40.37747,-20.31192],[-40.3787,-20.31174],[-40.3786,-20.3103],[-40.37874,-20.30929],[-40.37803,-20.30818],[-40.37854,-20.30784],[-40.37949,-20.30609],[-40.38116,-20.30696],[-40.38165,-20.30706],[-40.38227,-20.30663],[-40.38302,-20.30576],[-40.38327,-20.3052]]]},"properties":{"codigo":"3201308045","name":"Tucum","population":4113,"households":1623,"areaKm2":2.002,"density":2054.4}},{"type":"Feature","geometry":{"type":"Polygon","coordinates":[[[-40.37457,-20.29818],[-40.37386,-20.29838],[-40.37406,-20.29719],[-40.37329,-20.29708],[-40.37294,-20.29668],[-40.37268,-20.29481],[-40.37265,-20.29393],[-40.37282,-20.29254],[-40.37235,-20.2924],[-40.37209,-20.2908],[-40.37174,-20.2903],[-40.37122,-20.29037],[-40.37096,-20.28993],[-40.36984,-20.2895],[-40.37008,-20.28899],[-40.37119,-20.2875],[-40.36995,-20.2857],[-40.36966,-20.28468],[-40.36999,-20.28356],[-40.37107,-20.28243],[-40.37153,-20.28173],[-40.37176,-20.28079],[-40.37293,-20.28076],[-40.37503,-20.28002],[-40.37552,-20.27994],[-40.37579,-20.28056],[-40.37583,-20.28133],[-40.37626,-20.28172],[-40.37672,-20.28257],[-40.37683,-20.28401],[-40.37666,-20.28611],[-40.37616,-20.2893],[-40.37541,-20.29471],[-40.37518,-20.29565],[-40.37492,-20.29729],[-40.37457,-20.29818]]]},"properties":{"codigo":"3201308063","name":"Nova Canaã","population":2843,"households":1116,"areaKm2":0.9069,"density":3134.8}},{"type":"Feature","geometry":{"type":"Polygon","coordinates":[[[-40.41677,-20.25867],[-40.41526,-20.25885],[-40.41525,-20.2591],[-40.41385,-20.25851],[-40.41395,-20.25775],[-40.41338,-20.25744],[-40.41233,-20.25653],[-40.41196,-20.25694],[-40.41081,-20.25767],[-40.41048,-20.2576],[-40.41045,-20.25682],[-40.40994,-20.25472],[-40.40923,-20.25365],[-40.40849,-20.25296],[-40.40774,-20.2528],[-40.40715,-20.25183],[-40.4064,-20.25093],[-40.40529,-20.25038],[-40.40417,-20.25118],[-40.40343,-20.25122],[-40.40312,-20.25049],[-40.40357,-20.24992],[-40.40377,-20.24927],[-40.40242,-20.24909],[-40.40168,-20.25013],[-40.40153,-20.25133],[-40.40216,-20.25219],[-40.40287,-20.25244],[-40.40359,-20.25316],[-40.40412,-20.25338],[-40.4043,-20.25399],[-40.40326,-20.2544],[-40.40285,-20.25388],[-40.40169,-20.25387],[-40.40103,-20.25436],[-40.40012,-20.25425],[-40.39967,-20.25357],[-40.39931,-20.2527],[-40.39813,-20.25237],[-40.39736,-20.25242],[-40.39572,-20.25166],[-40.39551,-20.25116],[-40.39437,-20.25068],[-40.39435,-20.24994],[-40.39397,-20.24967],[-40.39314,-20.24849],[-40.39201,-20.24864],[-40.3905,-20.24755],[-40.38952,-20.24738],[-40.38978,-20.24798],[-40.38939,-20.24875],[-40.38851,-20.24865],[-40.38751,-20.24828],[-40.38668,-20.24839],[-40.38592,-20.24796],[-40.38456,-20.24775],[-40.38375,-20.247],[-40.38311,-20.24665],[-40.38071,-20.2443],[-40.38132,-20.24314],[-40.38076,-20.24313],[-40.38034,-20.24232],[-40.38036,-20.24126],[-40.38119,-20.23963],[-40.38171,-20.23937],[-40.38324,-20.23903],[-40.38384,-20.23812],[-40.38411,-20.23717],[-40.38443,-20.23463],[-40.38586,-20.23293],[-40.38673,-20.23247],[-40.38765,-20.23119],[-40.38804,-20.23111],[-40.38954,-20.23026],[-40.38915,-20.22729],[-40.38936,-20.22523],[-40.38933,-20.22433],[-40.39675,-20.22645],[-40.39771,-20.22669],[-40.40401,-20.22956],[-40.40794,-20.23129],[-40.40907,-20.23131],[-40.40969,-20.23097],[-40.41077,-20.22921],[-40.41138,-20.22884],[-40.41277,-20.22883],[-40.41293,-20.22895],[-40.41311,-20.23031],[-40.41383,-20.23082],[-40.41383,-20.23185],[-40.41436,-20.23205],[-40.41517,-20.2329],[-40.41531,-20.23354],[-40.41605,-20.23359],[-40.41696,-20.23389],[-40.41758,-20.23441],[-40.41816,-20.23461],[-40.41886,-20.23658],[-40.41965,-20.23757],[-40.4199,-20.23762],[-40.42054,-20.23848],[-40.42107,-20.23959],[-40.42183,-20.23974],[-40.42254,-20.24013],[-40.42333,-20.24124],[-40.42346,-20.24196],[-40.42395,-20.24253],[-40.42478,-20.2432],[-40.42558,-20.24353],[-40.4257,-20.24402],[-40.42525,-20.24448],[-40.42474,-20.24532],[-40.42462,-20.24588],[-40.42488,-20.24635],[-40.427,-20.2477],[-40.42708,-20.24858],[-40.42735,-20.24889],[-40.42707,-20.24934],[-40.42688,-20.24994],[-40.42603,-20.2503],[-40.42517,-20.25154],[-40.42458,-20.25191],[-40.42427,-20.25351],[-40.42233,-20.25274],[-40.42127,-20.25299],[-40.42031,-20.25601],[-40.41976,-20.25663],[-40.41766,-20.25675],[-40.41711,-20.25708],[-40.41669,-20.25764],[-40.41677,-20.25867]]]},"properties":{"codigo":"3201308036","name":"Área Não Identificada 1/2","population":316,"households":151,"areaKm2":10.5491,"density":30}},{"type":"Feature","geometry":{"type":"Polygon","coordinates":[[[-40.41356,-20.27457],[-40.41403,-20.2748],[-40.41474,-20.27372],[-40.41576,-20.27453],[-40.41623,-20.27393],[-40.41632,-20.27302],[-40.4169,-20.27316],[-40.41727,-20.27462],[-40.4169,-20.27546],[-40.41718,-20.27592],[-40.41615,-20.2766],[-40.41518,-20.2769],[-40.41436,-20.27768],[-40.41337,-20.27757],[-40.41265,-20.27803],[-40.4113,-20.27927],[-40.4111,-20.28026],[-40.41027,-20.27969],[-40.4092,-20.27969],[-40.40788,-20.28002],[-40.40726,-20.28047],[-40.40655,-20.28146],[-40.40623,-20.28298],[-40.4063,-20.28381],[-40.40592,-20.28383],[-40.40261,-20.28457],[-40.40156,-20.28462],[-40.40076,-20.28373],[-40.40032,-20.28299],[-40.40017,-20.2818],[-40.40102,-20.28095],[-40.40173,-20.27993],[-40.4037,-20.27785],[-40.40423,-20.27751],[-40.40933,-20.2762],[-40.4124,-20.27575],[-40.41309,-20.27528],[-40.41356,-20.27457]]]},"properties":{"codigo":"3201308043","name":"Santa Luzia","population":2471,"households":987,"areaKm2":0.7929,"density":3116.5}},{"type":"Feature","geometry":{"type":"Polygon","coordinates":[[[-40.39531,-20.30201],[-40.39524,-20.29989],[-40.39508,-20.29885],[-40.39472,-20.29795],[-40.39349,-20.29523],[-40.39216,-20.29214],[-40.3918,-20.29117],[-40.39171,-20.29014],[-40.39223,-20.28762],[-40.39321,-20.28311],[-40.39328,-20.28223],[-40.39524,-20.28258],[-40.39614,-20.28298],[-40.39658,-20.28335],[-40.39763,-20.28303],[-40.40017,-20.2818],[-40.40032,-20.28299],[-40.40076,-20.28373],[-40.40156,-20.28462],[-40.40223,-20.28523],[-40.40122,-20.28658],[-40.4009,-20.28724],[-40.39961,-20.28797],[-40.40034,-20.28926],[-40.40147,-20.28945],[-40.40012,-20.29138],[-40.40028,-20.29211],[-40.39978,-20.2933],[-40.39967,-20.2947],[-40.39793,-20.29689],[-40.39865,-20.29735],[-40.39949,-20.29733],[-40.39945,-20.29771],[-40.39992,-20.29802],[-40.39819,-20.30053],[-40.39787,-20.30066],[-40.39804,-20.30153],[-40.39954,-20.30096],[-40.40037,-20.3013],[-40.40009,-20.30205],[-40.40047,-20.30218],[-40.40189,-20.30427],[-40.40147,-20.30477],[-40.40089,-20.30498],[-40.40045,-20.30676],[-40.40073,-20.30755],[-40.39944,-20.30674],[-40.39861,-20.30643],[-40.39636,-20.30605],[-40.39501,-20.30598],[-40.39532,-20.30308],[-40.39531,-20.30201]]]},"properties":{"codigo":"3201308076","name":"Planeta","population":1347,"households":556,"areaKm2":1.8087,"density":744.7}},{"type":"Feature","geometry":{"type":"Polygon","coordinates":[[[-40.42343,-20.26243],[-40.42382,-20.26197],[-40.42449,-20.26198],[-40.42588,-20.26251],[-40.42807,-20.26229],[-40.42895,-20.26278],[-40.43079,-20.26259],[-40.43122,-20.26199],[-40.43274,-20.26169],[-40.43362,-20.26197],[-40.43433,-20.26117],[-40.43525,-20.26039],[-40.43612,-20.26042],[-40.43645,-20.26064],[-40.43769,-20.26097],[-40.43818,-20.26143],[-40.43896,-20.26153],[-40.4394,-20.26248],[-40.44051,-20.26303],[-40.44084,-20.26304],[-40.44084,-20.26417],[-40.44056,-20.26485],[-40.44015,-20.26533],[-40.44067,-20.26672],[-40.44035,-20.26773],[-40.44153,-20.26758],[-40.44107,-20.26898],[-40.43955,-20.26926],[-40.43879,-20.26894],[-40.43774,-20.26975],[-40.43711,-20.2704],[-40.43622,-20.26953],[-40.43574,-20.26963],[-40.43449,-20.27053],[-40.43328,-20.27116],[-40.43306,-20.27095],[-40.43256,-20.26941],[-40.43237,-20.26816],[-40.43186,-20.26732],[-40.43096,-20.2683],[-40.42918,-20.2698],[-40.42825,-20.26999],[-40.42763,-20.27033],[-40.42678,-20.27016],[-40.426,-20.27097],[-40.4258,-20.27154],[-40.42461,-20.27205],[-40.42387,-20.27187],[-40.42326,-20.27219],[-40.42387,-20.2712],[-40.42422,-20.27031],[-40.42478,-20.26843],[-40.42541,-20.26799],[-40.42577,-20.26737],[-40.4264,-20.26692],[-40.42662,-20.26734],[-40.42786,-20.26666],[-40.42858,-20.26645],[-40.42874,-20.26585],[-40.42787,-20.26493],[-40.42583,-20.26371],[-40.42402,-20.2633],[-40.42357,-20.26357],[-40.42306,-20.26299],[-40.42343,-20.26243]]]},"properties":{"codigo":"3201308038","name":"Antônio Ferreira Borges","population":1786,"households":1016,"areaKm2":1.3763,"density":1297.6}},{"type":"Feature","geometry":{"type":"Polygon","coordinates":[[[-40.40108,-20.26597],[-40.39915,-20.26519],[-40.39729,-20.26498],[-40.39607,-20.26505],[-40.39525,-20.26525],[-40.39207,-20.26637],[-40.39128,-20.26681],[-40.39009,-20.26714],[-40.39045,-20.26272],[-40.39079,-20.26272],[-40.39082,-20.26168],[-40.38971,-20.26154],[-40.38916,-20.26111],[-40.38811,-20.25955],[-40.38758,-20.25903],[-40.38869,-20.25843],[-40.38914,-20.2576],[-40.39015,-20.25686],[-40.39247,-20.25688],[-40.39307,-20.25707],[-40.39518,-20.25809],[-40.39607,-20.25832],[-40.39754,-20.25917],[-40.39866,-20.25955],[-40.4,-20.26068],[-40.40112,-20.26091],[-40.40115,-20.26144],[-40.40108,-20.26597]]]},"properties":{"codigo":"3201308091","name":"Nova Esperança","population":4452,"households":1727,"areaKm2":0.9804,"density":4540.9}},{"type":"Feature","geometry":{"type":"Polygon","coordinates":[[[-40.37518,-20.29565],[-40.37541,-20.29471],[-40.37616,-20.2893],[-40.37666,-20.28611],[-40.37683,-20.28401],[-40.37775,-20.28399],[-40.37789,-20.28598],[-40.37939,-20.28777],[-40.37983,-20.28754],[-40.3802,-20.28791],[-40.38119,-20.28795],[-40.38166,-20.28824],[-40.38201,-20.28969],[-40.38259,-20.29065],[-40.38298,-20.29101],[-40.38404,-20.29151],[-40.38422,-20.29187],[-40.38405,-20.29286],[-40.38362,-20.29377],[-40.38077,-20.29441],[-40.37952,-20.29475],[-40.3793,-20.29514],[-40.38063,-20.29588],[-40.38244,-20.29675],[-40.38299,-20.2987],[-40.38325,-20.30008],[-40.38234,-20.3006],[-40.38171,-20.29964],[-40.38037,-20.29862],[-40.38,-20.29857],[-40.38041,-20.29767],[-40.37915,-20.29755],[-40.3776,-20.29691],[-40.37714,-20.29599],[-40.37685,-20.29581],[-40.37537,-20.29679],[-40.37547,-20.2957],[-40.37518,-20.29565]]]},"properties":{"codigo":"3201308066","name":"Flexal I","population":3840,"households":1590,"areaKm2":0.83,"density":4626.6}},{"type":"Feature","geometry":{"type":"Polygon","coordinates":[[[-40.37803,-20.30818],[-40.37874,-20.30929],[-40.3786,-20.3103],[-40.3787,-20.31174],[-40.37747,-20.31192],[-40.37703,-20.31083],[-40.37508,-20.31062],[-40.37374,-20.30988],[-40.37333,-20.30931],[-40.37205,-20.30875],[-40.37108,-20.30893],[-40.37164,-20.30755],[-40.37292,-20.30435],[-40.37304,-20.30305],[-40.37273,-20.30144],[-40.3728,-20.30059],[-40.37331,-20.29971],[-40.37457,-20.30007],[-40.37536,-20.30096],[-40.37582,-20.30225],[-40.3767,-20.30326],[-40.37652,-20.30445],[-40.37704,-20.3064],[-40.37761,-20.30703],[-40.3776,-20.30747],[-40.37803,-20.30818]]]},"properties":{"codigo":"3201308069","name":"Aparecida","population":4932,"households":2018,"areaKm2":0.5529,"density":8919.6}},{"type":"Feature","geometry":{"type":"Polygon","coordinates":[[[-40.37591,-20.27987],[-40.37552,-20.27994],[-40.37503,-20.28002],[-40.37293,-20.28076],[-40.37176,-20.28079],[-40.37103,-20.28063],[-40.37044,-20.28],[-40.36997,-20.27899],[-40.36885,-20.27575],[-40.36838,-20.27511],[-40.36689,-20.2743],[-40.36603,-20.27404],[-40.36469,-20.27384],[-40.3627,-20.27385],[-40.36095,-20.27416],[-40.35902,-20.27489],[-40.35708,-20.27588],[-40.3567,-20.27619],[-40.35604,-20.27716],[-40.3557,-20.27878],[-40.35517,-20.27987],[-40.35444,-20.28047],[-40.35411,-20.27973],[-40.35192,-20.27934],[-40.35096,-20.27887],[-40.35088,-20.27816],[-40.35012,-20.27676],[-40.34943,-20.27473],[-40.34824,-20.27393],[-40.34773,-20.27402],[-40.3464,-20.27466],[-40.34578,-20.27426],[-40.34561,-20.2736],[-40.34563,-20.2728],[-40.34601,-20.27179],[-40.34591,-20.27033],[-40.34509,-20.26947],[-40.34482,-20.26875],[-40.34398,-20.26729],[-40.34394,-20.26665],[-40.34311,-20.26537],[-40.34297,-20.26491],[-40.34231,-20.26377],[-40.34248,-20.26266],[-40.34198,-20.26284],[-40.34124,-20.2624],[-40.3405,-20.26338],[-40.34112,-20.26393],[-40.34084,-20.26448],[-40.33993,-20.26432],[-40.33915,-20.26393],[-40.33893,-20.26437],[-40.33827,-20.26439],[-40.33846,-20.26326],[-40.33918,-20.26201],[-40.33909,-20.2605],[-40.33915,-20.25937],[-40.34024,-20.25726],[-40.3406,-20.25566],[-40.34052,-20.25478],[-40.34022,-20.25389],[-40.3392,-20.252],[-40.33904,-20.25111],[-40.33908,-20.25036],[-40.33979,-20.24873],[-40.34059,-20.24794],[-40.3428,-20.24706],[-40.34355,-20.24661],[-40.3444,-20.24564],[-40.34524,-20.24443],[-40.34595,-20.24372],[-40.34854,-20.24253],[-40.35028,-20.24185],[-40.35109,-20.24085],[-40.35152,-20.24005],[-40.35309,-20.23897],[-40.35361,-20.23848],[-40.35394,-20.23847],[-40.35609,-20.23903],[-40.35667,-20.23877],[-40.3573,-20.23805],[-40.35901,-20.23736],[-40.35981,-20.23693],[-40.36082,-20.23569],[-40.36149,-20.23436],[-40.3622,-20.23445],[-40.36241,-20.23524],[-40.36193,-20.23587],[-40.36158,-20.23741],[-40.36119,-20.23813],[-40.35945,-20.23993],[-40.35922,-20.24051],[-40.35829,-20.2409],[-40.35923,-20.24163],[-40.35969,-20.24226],[-40.36031,-20.2426],[-40.36123,-20.24382],[-40.36274,-20.24441],[-40.36301,-20.24467],[-40.36273,-20.24586],[-40.36288,-20.24679],[-40.36342,-20.24721],[-40.36426,-20.247],[-40.36484,-20.2471],[-40.36399,-20.24837],[-40.36456,-20.25018],[-40.36572,-20.25117],[-40.36646,-20.25207],[-40.36772,-20.2528],[-40.36908,-20.25432],[-40.36974,-20.25572],[-40.36956,-20.25706],[-40.36896,-20.2581],[-40.36776,-20.25903],[-40.36591,-20.25987],[-40.36508,-20.26083],[-40.36491,-20.26164],[-40.36499,-20.26221],[-40.36732,-20.27039],[-40.36779,-20.27114],[-40.36868,-20.27204],[-40.37409,-20.27719],[-40.37496,-20.27823],[-40.37591,-20.27987]]]},"properties":{"codigo":"3201308058","name":"Vila Cajueiro","population":97,"households":55,"areaKm2":10.0384,"density":9.7}},{"type":"Feature","geometry":{"type":"Polygon","coordinates":[[[-40.39328,-20.28223],[-40.39321,-20.28311],[-40.39223,-20.28762],[-40.39145,-20.2866],[-40.39042,-20.28704],[-40.38969,-20.28706],[-40.38914,-20.2877],[-40.38778,-20.28876],[-40.38757,-20.28855],[-40.38587,-20.29004],[-40.38529,-20.28907],[-40.38492,-20.28737],[-40.38503,-20.28651],[-40.38407,-20.28618],[-40.38338,-20.28719],[-40.38335,-20.28769],[-40.38166,-20.28824],[-40.38119,-20.28795],[-40.3802,-20.28791],[-40.37983,-20.28754],[-40.37939,-20.28777],[-40.37789,-20.28598],[-40.37775,-20.28399],[-40.37683,-20.28401],[-40.37672,-20.28257],[-40.37626,-20.28172],[-40.37583,-20.28133],[-40.37579,-20.28056],[-40.37552,-20.27994],[-40.37591,-20.27987],[-40.37701,-20.28011],[-40.378,-20.28099],[-40.37898,-20.28115],[-40.37979,-20.2807],[-40.38199,-20.27863],[-40.38249,-20.27894],[-40.38236,-20.2804],[-40.38289,-20.28074],[-40.38367,-20.28057],[-40.3861,-20.28054],[-40.38597,-20.28013],[-40.38532,-20.27973],[-40.38574,-20.27916],[-40.38743,-20.27927],[-40.38861,-20.27893],[-40.38895,-20.27871],[-40.38981,-20.27883],[-40.38963,-20.2793],[-40.38987,-20.27974],[-40.39064,-20.28038],[-40.39129,-20.27978],[-40.39202,-20.28116],[-40.39238,-20.28133],[-40.39291,-20.28206],[-40.39328,-20.28223]]]},"properties":{"codigo":"3201308089","name":"Flexal II","population":6474,"households":2688,"areaKm2":1.4083,"density":4597}},{"type":"Feature","geometry":{"type":"Polygon","coordinates":[[[-40.38987,-20.30068],[-40.38928,-20.30128],[-40.38796,-20.30145],[-40.38633,-20.30125],[-40.38468,-20.3023],[-40.38394,-20.30223],[-40.38352,-20.3],[-40.38325,-20.30008],[-40.38299,-20.2987],[-40.38244,-20.29675],[-40.38063,-20.29588],[-40.3793,-20.29514],[-40.37952,-20.29475],[-40.38077,-20.29441],[-40.38362,-20.29377],[-40.38405,-20.29286],[-40.38422,-20.29187],[-40.38404,-20.29151],[-40.38298,-20.29101],[-40.38259,-20.29065],[-40.38201,-20.28969],[-40.38166,-20.28824],[-40.38335,-20.28769],[-40.38338,-20.28719],[-40.38407,-20.28618],[-40.38503,-20.28651],[-40.38492,-20.28737],[-40.38529,-20.28907],[-40.38587,-20.29004],[-40.38757,-20.28855],[-40.38778,-20.28876],[-40.38914,-20.2877],[-40.38969,-20.28706],[-40.39042,-20.28704],[-40.39145,-20.2866],[-40.39223,-20.28762],[-40.39171,-20.29014],[-40.3918,-20.29117],[-40.39216,-20.29214],[-40.39349,-20.29523],[-40.39472,-20.29795],[-40.39508,-20.29885],[-40.39524,-20.29989],[-40.39531,-20.30201],[-40.39357,-20.30187],[-40.39295,-20.30201],[-40.39242,-20.30162],[-40.39239,-20.30033],[-40.39202,-20.29973],[-40.39107,-20.29903],[-40.39005,-20.2993],[-40.39019,-20.29964],[-40.38987,-20.30068]]]},"properties":{"codigo":"3201308074","name":"Vila Prudêncio","population":3962,"households":1655,"areaKm2":1.6711,"density":2370.8}},{"type":"Feature","geometry":{"type":"Polygon","coordinates":[[[-40.35953,-20.29799],[-40.35906,-20.29754],[-40.35914,-20.29684],[-40.35969,-20.29416],[-40.35938,-20.29352],[-40.35861,-20.29336],[-40.35816,-20.29282],[-40.35769,-20.29265],[-40.35773,-20.29183],[-40.35716,-20.29021],[-40.35773,-20.28949],[-40.35774,-20.28871],[-40.35747,-20.28777],[-40.35674,-20.2868],[-40.35644,-20.2861],[-40.35515,-20.28442],[-40.35453,-20.28344],[-40.35395,-20.28275],[-40.35418,-20.28214],[-40.35484,-20.28161],[-40.35492,-20.28126],[-40.35444,-20.28047],[-40.35517,-20.27987],[-40.3557,-20.27878],[-40.35604,-20.27716],[-40.3567,-20.27619],[-40.35708,-20.27588],[-40.35902,-20.27489],[-40.36095,-20.27416],[-40.3627,-20.27385],[-40.36469,-20.27384],[-40.36603,-20.27404],[-40.36689,-20.2743],[-40.36838,-20.27511],[-40.36885,-20.27575],[-40.36997,-20.27899],[-40.37044,-20.28],[-40.37103,-20.28063],[-40.37176,-20.28079],[-40.37153,-20.28173],[-40.37107,-20.28243],[-40.36999,-20.28356],[-40.36966,-20.28468],[-40.36995,-20.2857],[-40.37119,-20.2875],[-40.37008,-20.28899],[-40.36984,-20.2895],[-40.36873,-20.29196],[-40.3681,-20.29277],[-40.3685,-20.29337],[-40.36916,-20.29399],[-40.36966,-20.29473],[-40.36835,-20.29638],[-40.36683,-20.29625],[-40.36513,-20.29691],[-40.36332,-20.29712],[-40.36241,-20.29732],[-40.3612,-20.29732],[-40.36053,-20.29774],[-40.35953,-20.29799]]]},"properties":{"codigo":"3201308101","name":"Foz do Rio Bubu","population":15,"households":8,"areaKm2":3.3908,"density":4.4}},{"type":"Feature","geometry":{"type":"Polygon","coordinates":[[[-40.37924,-20.3748],[-40.37807,-20.37562],[-40.37735,-20.37596],[-40.37657,-20.37695],[-40.37641,-20.37738],[-40.37552,-20.37754],[-40.37444,-20.37801],[-40.37375,-20.37916],[-40.3728,-20.37961],[-40.37205,-20.3803],[-40.37178,-20.38087],[-40.3722,-20.38166],[-40.37177,-20.38317],[-40.37181,-20.38405],[-40.36952,-20.38377],[-40.36906,-20.38285],[-40.36859,-20.38121],[-40.3686,-20.37833],[-40.36969,-20.37835],[-40.37077,-20.37818],[-40.3714,-20.37765],[-40.37173,-20.37706],[-40.3719,-20.37625],[-40.37243,-20.37584],[-40.37337,-20.37552],[-40.37377,-20.37475],[-40.37435,-20.3748],[-40.37505,-20.37433],[-40.37576,-20.37363],[-40.37613,-20.3736],[-40.37706,-20.37293],[-40.37783,-20.37287],[-40.3785,-20.37414],[-40.37924,-20.3748]]]},"properties":{"codigo":"3201308017","name":"Jardim de Alah","population":2201,"households":876,"areaKm2":0.487,"density":4519.1}},{"type":"Feature","geometry":{"type":"Polygon","coordinates":[[[-40.36958,-20.36475],[-40.36824,-20.36443],[-40.36728,-20.36433],[-40.36465,-20.36375],[-40.36373,-20.36446],[-40.36285,-20.3649],[-40.36271,-20.3638],[-40.36236,-20.36244],[-40.36239,-20.36174],[-40.36306,-20.36069],[-40.36347,-20.36031],[-40.36475,-20.36035],[-40.36527,-20.36021],[-40.36607,-20.35961],[-40.3695,-20.36053],[-40.37113,-20.3608],[-40.37097,-20.3615],[-40.37116,-20.36215],[-40.371,-20.36304],[-40.37014,-20.36341],[-40.37029,-20.36379],[-40.37005,-20.3644],[-40.36958,-20.36475]]]},"properties":{"codigo":"3201308014","name":"Bandeirantes","population":4257,"households":1804,"areaKm2":0.3865,"density":11014.7}},{"type":"Feature","geometry":{"type":"Polygon","coordinates":[[[-40.38184,-20.32343],[-40.38136,-20.32394],[-40.38083,-20.32498],[-40.37992,-20.32581],[-40.37894,-20.32599],[-40.37712,-20.32731],[-40.37638,-20.3272],[-40.37622,-20.32789],[-40.37536,-20.32821],[-40.37455,-20.32887],[-40.37462,-20.32952],[-40.37312,-20.32927],[-40.37259,-20.32948],[-40.37231,-20.32882],[-40.37187,-20.32631],[-40.37162,-20.32553],[-40.37103,-20.32559],[-40.37043,-20.32463],[-40.37088,-20.32304],[-40.36942,-20.32249],[-40.36891,-20.32258],[-40.36882,-20.32229],[-40.36669,-20.32239],[-40.36654,-20.3217],[-40.36529,-20.32193],[-40.36375,-20.32156],[-40.36282,-20.32107],[-40.36142,-20.32121],[-40.36128,-20.32027],[-40.36292,-20.3203],[-40.36451,-20.31989],[-40.36546,-20.31915],[-40.36581,-20.3182],[-40.36591,-20.31749],[-40.36533,-20.31648],[-40.36643,-20.31601],[-40.36685,-20.31604],[-40.36804,-20.3165],[-40.36833,-20.31575],[-40.36937,-20.31608],[-40.37054,-20.31698],[-40.37052,-20.31752],[-40.37193,-20.31795],[-40.37226,-20.31751],[-40.37408,-20.31825],[-40.37525,-20.31885],[-40.37702,-20.31896],[-40.37884,-20.31993],[-40.37968,-20.32056],[-40.37988,-20.32092],[-40.38065,-20.32084],[-40.38224,-20.32207],[-40.38257,-20.32233],[-40.38184,-20.32343]]]},"properties":{"codigo":"3201308046","name":"Itaciba","population":6930,"households":3176,"areaKm2":1.4476,"density":4787.2}},{"type":"Feature","geometry":{"type":"Polygon","coordinates":[[[-40.37069,-20.34037],[-40.37166,-20.34013],[-40.37148,-20.33942],[-40.37226,-20.33949],[-40.37362,-20.33872],[-40.37343,-20.33943],[-40.37356,-20.33992],[-40.37476,-20.34126],[-40.3752,-20.34086],[-40.37615,-20.34272],[-40.3768,-20.34248],[-40.37719,-20.34269],[-40.37701,-20.3452],[-40.37694,-20.34766],[-40.37696,-20.34897],[-40.37659,-20.34996],[-40.3756,-20.35017],[-40.3744,-20.3509],[-40.37263,-20.34864],[-40.37104,-20.34677],[-40.37108,-20.34533],[-40.37121,-20.34524],[-40.37161,-20.34478],[-40.37228,-20.34439],[-40.37166,-20.34343],[-40.37097,-20.34269],[-40.37102,-20.34167],[-40.37069,-20.34037]]]},"properties":{"codigo":"3201308028","name":"São Conrado","population":2513,"households":1063,"areaKm2":0.5939,"density":4231.6}},{"type":"Feature","geometry":{"type":"Polygon","coordinates":[[[-40.39448,-20.34013],[-40.39142,-20.33775],[-40.39262,-20.33681],[-40.39324,-20.33636],[-40.39587,-20.33504],[-40.39666,-20.33433],[-40.39774,-20.33403],[-40.39909,-20.33347],[-40.40011,-20.33231],[-40.40335,-20.33869],[-40.40523,-20.34278],[-40.40566,-20.34339],[-40.39934,-20.34223],[-40.39775,-20.34184],[-40.39665,-20.34142],[-40.39547,-20.34082],[-40.39448,-20.34013]]]},"properties":{"codigo":"3201308093","name":"Vila Capixaba","population":4853,"households":2373,"areaKm2":0.8802,"density":5513.6}},{"type":"Feature","geometry":{"type":"Polygon","coordinates":[[[-40.37932,-20.38838],[-40.38005,-20.38833],[-40.37997,-20.38951],[-40.37977,-20.38987],[-40.37965,-20.39119],[-40.37999,-20.39242],[-40.37955,-20.39385],[-40.37968,-20.39505],[-40.37956,-20.39547],[-40.37835,-20.39521],[-40.37713,-20.39584],[-40.37708,-20.39523],[-40.37642,-20.39456],[-40.37541,-20.39398],[-40.37611,-20.39307],[-40.37609,-20.39237],[-40.37528,-20.39155],[-40.37556,-20.39129],[-40.37615,-20.39116],[-40.37631,-20.39062],[-40.3771,-20.3898],[-40.37932,-20.38838]]]},"properties":{"codigo":"3201308031","name":"Chácaras União","population":76,"households":45,"areaKm2":0.2606,"density":291.6}},{"type":"Feature","geometry":{"type":"Polygon","coordinates":[[[-40.42106,-20.34018],[-40.41934,-20.34098],[-40.41856,-20.34286],[-40.41717,-20.34582],[-40.41682,-20.34631],[-40.41335,-20.34809],[-40.41195,-20.34859],[-40.41041,-20.3454],[-40.40932,-20.34433],[-40.40804,-20.34386],[-40.40865,-20.34251],[-40.40971,-20.34216],[-40.41135,-20.33971],[-40.41142,-20.33907],[-40.41038,-20.33744],[-40.4103,-20.33687],[-40.41065,-20.33567],[-40.4106,-20.33508],[-40.40978,-20.33453],[-40.41116,-20.33309],[-40.4125,-20.33088],[-40.41298,-20.33107],[-40.41377,-20.33211],[-40.41398,-20.33369],[-40.41439,-20.33383],[-40.41681,-20.33389],[-40.41753,-20.33482],[-40.41826,-20.33547],[-40.41927,-20.33615],[-40.42053,-20.33605],[-40.41953,-20.33887],[-40.41983,-20.33891],[-40.42106,-20.34018]]]},"properties":{"codigo":"3201308092","name":"Operário","population":2921,"households":1242,"areaKm2":1.4038,"density":2080.8}},{"type":"Feature","geometry":{"type":"Polygon","coordinates":[[[-40.38002,-20.34891],[-40.38104,-20.34984],[-40.38144,-20.35058],[-40.38166,-20.35156],[-40.38139,-20.35348],[-40.38242,-20.3538],[-40.3823,-20.35539],[-40.38118,-20.35512],[-40.37987,-20.35479],[-40.37889,-20.35478],[-40.37785,-20.35312],[-40.37827,-20.35276],[-40.37762,-20.35202],[-40.3773,-20.35198],[-40.37678,-20.35138],[-40.37616,-20.35129],[-40.3756,-20.35152],[-40.37656,-20.35089],[-40.37829,-20.35052],[-40.37911,-20.35004],[-40.38002,-20.34891]]]},"properties":{"codigo":"3201308100","name":"São Geraldo II","population":2451,"households":1114,"areaKm2":0.2355,"density":10407.5}},{"type":"Feature","geometry":{"type":"Polygon","coordinates":[[[-40.36236,-20.36244],[-40.36202,-20.36185],[-40.36139,-20.3603],[-40.36168,-20.35955],[-40.36156,-20.35891],[-40.36113,-20.35788],[-40.36074,-20.35732],[-40.35956,-20.35489],[-40.35926,-20.35371],[-40.35972,-20.35275],[-40.35975,-20.35217],[-40.35888,-20.35137],[-40.35901,-20.35121],[-40.36218,-20.3524],[-40.36175,-20.35317],[-40.36214,-20.35364],[-40.36237,-20.35432],[-40.3631,-20.35547],[-40.36341,-20.35625],[-40.36547,-20.35588],[-40.36506,-20.35639],[-40.36492,-20.35742],[-40.36345,-20.35735],[-40.36347,-20.36031],[-40.36306,-20.36069],[-40.36239,-20.36174],[-40.36236,-20.36244]]]},"properties":{"codigo":"3201308024","name":"Sotelândia","population":1963,"households":865,"areaKm2":0.3012,"density":6517.1}},{"type":"Feature","geometry":{"type":"Polygon","coordinates":[[[-40.39881,-20.32978],[-40.39896,-20.33005],[-40.40011,-20.33231],[-40.39909,-20.33347],[-40.39774,-20.33403],[-40.39666,-20.33433],[-40.39587,-20.33504],[-40.39324,-20.33636],[-40.39262,-20.33681],[-40.39142,-20.33631],[-40.39174,-20.33453],[-40.3921,-20.33455],[-40.39253,-20.3341],[-40.39355,-20.33368],[-40.39452,-20.33165],[-40.39411,-20.33141],[-40.39402,-20.33075],[-40.39456,-20.3295],[-40.39444,-20.32851],[-40.39508,-20.32843],[-40.39631,-20.32857],[-40.3979,-20.32934],[-40.3982,-20.32973],[-40.39881,-20.32978]]]},"properties":{"codigo":"3201308057","name":"Santa Cecilia","population":2806,"households":1251,"areaKm2":0.4104,"density":6837.9}},{"type":"Feature","geometry":{"type":"Polygon","coordinates":[[[-40.37081,-20.34474],[-40.37027,-20.3457],[-40.36917,-20.34623],[-40.36829,-20.34628],[-40.36776,-20.34651],[-40.36647,-20.34643],[-40.36551,-20.34717],[-40.36449,-20.34602],[-40.36395,-20.34552],[-40.36545,-20.34406],[-40.3661,-20.34353],[-40.3669,-20.34374],[-40.36749,-20.34319],[-40.36759,-20.34267],[-40.36839,-20.34234],[-40.36856,-20.34137],[-40.36939,-20.34139],[-40.3694,-20.3433],[-40.37051,-20.34355],[-40.37026,-20.34426],[-40.37081,-20.34474]]]},"properties":{"codigo":"3201308095","name":"Vale Esperança","population":1379,"households":610,"areaKm2":0.2244,"density":6145.4}},{"type":"Feature","geometry":{"type":"Polygon","coordinates":[[[-40.38479,-20.35314],[-40.38571,-20.35171],[-40.38637,-20.34982],[-40.38671,-20.34924],[-40.38398,-20.34881],[-40.38414,-20.34794],[-40.38329,-20.34656],[-40.38265,-20.34605],[-40.38295,-20.34562],[-40.38378,-20.34462],[-40.3843,-20.34427],[-40.38477,-20.34426],[-40.3863,-20.34469],[-40.38957,-20.3446],[-40.38914,-20.3464],[-40.39023,-20.34841],[-40.39019,-20.34879],[-40.39368,-20.34935],[-40.39257,-20.35049],[-40.3917,-20.35227],[-40.39125,-20.35266],[-40.39014,-20.35285],[-40.38941,-20.35282],[-40.38888,-20.35318],[-40.38829,-20.35397],[-40.38775,-20.35431],[-40.38649,-20.35451],[-40.38588,-20.35495],[-40.3847,-20.35699],[-40.38412,-20.35655],[-40.38397,-20.35613],[-40.38399,-20.35475],[-40.38414,-20.3542],[-40.38479,-20.35314]]]},"properties":{"codigo":"3201308009","name":"Morada de Santa Fé","population":5237,"households":2531,"areaKm2":0.7122,"density":7353.3}},{"type":"Feature","geometry":{"type":"Polygon","coordinates":[[[-40.40011,-20.33231],[-40.39896,-20.33005],[-40.39945,-20.33],[-40.40014,-20.33061],[-40.40097,-20.33044],[-40.40241,-20.33077],[-40.40368,-20.33136],[-40.40432,-20.33136],[-40.40535,-20.33102],[-40.40618,-20.33125],[-40.40855,-20.3309],[-40.40957,-20.33067],[-40.41031,-20.33032],[-40.41079,-20.32978],[-40.41177,-20.32986],[-40.41349,-20.33071],[-40.41298,-20.33107],[-40.4125,-20.33088],[-40.41116,-20.33309],[-40.40978,-20.33453],[-40.4106,-20.33508],[-40.41065,-20.33567],[-40.4103,-20.33687],[-40.41038,-20.33744],[-40.41142,-20.33907],[-40.41135,-20.33971],[-40.40971,-20.34216],[-40.40865,-20.34251],[-40.40804,-20.34386],[-40.40566,-20.34339],[-40.40523,-20.34278],[-40.40335,-20.33869],[-40.40011,-20.33231]]]},"properties":{"codigo":"3201308088","name":"Vila Independência","population":5452,"households":2374,"areaKm2":1.2117,"density":4499.6}},{"type":"Feature","geometry":{"type":"Polygon","coordinates":[[[-40.3801,-20.36949],[-40.37843,-20.36995],[-40.37805,-20.36903],[-40.37757,-20.36921],[-40.37627,-20.37014],[-40.37566,-20.37016],[-40.37487,-20.36981],[-40.37395,-20.37008],[-40.37202,-20.37047],[-40.37091,-20.37056],[-40.37077,-20.3709],[-40.37009,-20.37083],[-40.36909,-20.37103],[-40.36792,-20.37082],[-40.36693,-20.36995],[-40.36579,-20.37037],[-40.36469,-20.37051],[-40.36383,-20.36869],[-40.36324,-20.36888],[-40.36312,-20.36776],[-40.36301,-20.36612],[-40.3658,-20.36771],[-40.3666,-20.36803],[-40.36723,-20.36803],[-40.36874,-20.36734],[-40.36879,-20.36718],[-40.36989,-20.36647],[-40.37116,-20.36582],[-40.37154,-20.36647],[-40.37331,-20.36567],[-40.3748,-20.36584],[-40.37724,-20.36645],[-40.38078,-20.36708],[-40.38099,-20.36728],[-40.38141,-20.36902],[-40.3805,-20.36912],[-40.3801,-20.36949]]]},"properties":{"codigo":"3201308011","name":"Bela Vista","population":3818,"households":1601,"areaKm2":0.709,"density":5385.4}},{"type":"Feature","geometry":{"type":"Polygon","coordinates":[[[-40.37541,-20.39398],[-40.37405,-20.39356],[-40.37373,-20.39365],[-40.37311,-20.39441],[-40.37226,-20.39489],[-40.37128,-20.39507],[-40.37084,-20.39539],[-40.37034,-20.3961],[-40.36954,-20.39622],[-40.36884,-20.39592],[-40.36849,-20.39507],[-40.36818,-20.3947],[-40.36868,-20.39337],[-40.36989,-20.39255],[-40.37066,-20.39222],[-40.37178,-20.39148],[-40.37353,-20.39093],[-40.37528,-20.39103],[-40.37556,-20.39129],[-40.37528,-20.39155],[-40.37609,-20.39237],[-40.37611,-20.39307],[-40.37541,-20.39398]]]},"properties":{"codigo":"3201308012","name":"Vista Linda","population":1465,"households":557,"areaKm2":0.2654,"density":5519.3}},{"type":"Feature","geometry":{"type":"Polygon","coordinates":[[[-40.36142,-20.32121],[-40.36053,-20.32153],[-40.35994,-20.32266],[-40.35998,-20.32352],[-40.36022,-20.32406],[-40.36038,-20.32486],[-40.36028,-20.32649],[-40.36065,-20.32746],[-40.36007,-20.32794],[-40.3593,-20.32831],[-40.35888,-20.32883],[-40.35939,-20.32988],[-40.36023,-20.33078],[-40.36048,-20.33217],[-40.3603,-20.33299],[-40.36125,-20.3326],[-40.3636,-20.3313],[-40.36415,-20.33113],[-40.36518,-20.33111],[-40.3663,-20.3315],[-40.36888,-20.33368],[-40.37041,-20.33454],[-40.37156,-20.33497],[-40.37089,-20.33616],[-40.36995,-20.33687],[-40.37026,-20.33795],[-40.369,-20.33808],[-40.36732,-20.33924],[-40.36717,-20.33977],[-40.36914,-20.33878],[-40.37013,-20.33858],[-40.3702,-20.33979],[-40.37069,-20.34037],[-40.37102,-20.34167],[-40.37097,-20.34269],[-40.37166,-20.34343],[-40.37228,-20.34439],[-40.37161,-20.34478],[-40.37121,-20.34524],[-40.37081,-20.34474],[-40.37026,-20.34426],[-40.37051,-20.34355],[-40.3694,-20.3433],[-40.36939,-20.34139],[-40.36856,-20.34137],[-40.36839,-20.34234],[-40.36759,-20.34267],[-40.36749,-20.34319],[-40.3669,-20.34374],[-40.3661,-20.34353],[-40.36545,-20.34406],[-40.36395,-20.34552],[-40.36449,-20.34602],[-40.36467,-20.34698],[-40.36378,-20.34777],[-40.3637,-20.34825],[-40.36325,-20.34876],[-40.36321,-20.34919],[-40.36395,-20.34924],[-40.36392,-20.34976],[-40.36326,-20.35061],[-40.36238,-20.35104],[-40.36273,-20.35177],[-40.36218,-20.3524],[-40.35901,-20.35121],[-40.35888,-20.35137],[-40.35775,-20.35067],[-40.35744,-20.35074],[-40.35673,-20.34878],[-40.3568,-20.34806],[-40.3571,-20.34705],[-40.35791,-20.34607],[-40.35785,-20.34555],[-40.35662,-20.34451],[-40.35866,-20.34202],[-40.35612,-20.33998],[-40.35439,-20.33919],[-40.35437,-20.33549],[-40.35447,-20.33334],[-40.3544,-20.33257],[-40.35451,-20.32944],[-40.35446,-20.32821],[-40.35453,-20.32676],[-40.35633,-20.32606],[-40.35697,-20.32555],[-40.35751,-20.32538],[-40.35824,-20.32458],[-40.36013,-20.32109],[-40.36054,-20.32094],[-40.36086,-20.32023],[-40.36128,-20.32027],[-40.36142,-20.32121]]]},"properties":{"codigo":"3201308030","name":"Jardim América","population":6983,"households":3387,"areaKm2":3.0471,"density":2291.7}},{"type":"Feature","geometry":{"type":"Polygon","coordinates":[[[-40.3744,-20.3509],[-40.37372,-20.35201],[-40.37315,-20.35178],[-40.37259,-20.3512],[-40.37206,-20.35095],[-40.37097,-20.35072],[-40.36984,-20.35017],[-40.36907,-20.35045],[-40.36846,-20.35117],[-40.36735,-20.35154],[-40.36673,-20.35146],[-40.36619,-20.35094],[-40.3658,-20.34995],[-40.36533,-20.34944],[-40.36521,-20.3486],[-40.36557,-20.34776],[-40.36551,-20.34717],[-40.36647,-20.34643],[-40.36776,-20.34651],[-40.36829,-20.34628],[-40.36917,-20.34623],[-40.37027,-20.3457],[-40.37081,-20.34474],[-40.37121,-20.34524],[-40.37108,-20.34533],[-40.37104,-20.34677],[-40.37263,-20.34864],[-40.3744,-20.3509]]]},"properties":{"codigo":"3201308027","name":"Boa Sorte","population":4828,"households":2127,"areaKm2":0.3962,"density":12185.4}},{"type":"Feature","geometry":{"type":"Polygon","coordinates":[[[-40.44741,-20.32602],[-40.44746,-20.32704],[-40.4478,-20.32754],[-40.45037,-20.32941],[-40.45159,-20.33013],[-40.45222,-20.33117],[-40.45228,-20.33187],[-40.45212,-20.33357],[-40.45126,-20.33489],[-40.45039,-20.33506],[-40.45006,-20.33532],[-40.4498,-20.33618],[-40.4499,-20.33657],[-40.44907,-20.33675],[-40.44792,-20.3363],[-40.44112,-20.33335],[-40.4388,-20.33251],[-40.43838,-20.33253],[-40.43652,-20.33341],[-40.43581,-20.33416],[-40.43568,-20.33402],[-40.43511,-20.33108],[-40.43412,-20.33142],[-40.43321,-20.33114],[-40.43278,-20.33011],[-40.43277,-20.32818],[-40.43438,-20.32826],[-40.4353,-20.32558],[-40.43589,-20.32339],[-40.43651,-20.32222],[-40.43622,-20.32148],[-40.43557,-20.32108],[-40.43636,-20.32089],[-40.43714,-20.32125],[-40.44504,-20.32667],[-40.44641,-20.326],[-40.44741,-20.32602]]]},"properties":{"codigo":"3201308085","name":"Nova Campo Grande","population":869,"households":371,"areaKm2":1.8294,"density":475}},{"type":"Feature","geometry":{"type":"Polygon","coordinates":[[[-40.43321,-20.33114],[-40.43256,-20.33126],[-40.43192,-20.33092],[-40.42891,-20.33021],[-40.42862,-20.33006],[-40.42827,-20.32932],[-40.42727,-20.32888],[-40.42625,-20.32865],[-40.42545,-20.33009],[-40.42382,-20.32995],[-40.42485,-20.32727],[-40.42527,-20.32583],[-40.42625,-20.32452],[-40.42603,-20.32432],[-40.42655,-20.32366],[-40.42704,-20.32212],[-40.42747,-20.32118],[-40.42768,-20.32032],[-40.42986,-20.32029],[-40.43053,-20.32059],[-40.43092,-20.32125],[-40.43244,-20.3209],[-40.43365,-20.32049],[-40.43329,-20.31942],[-40.43285,-20.31964],[-40.4324,-20.31946],[-40.43305,-20.3186],[-40.43331,-20.31851],[-40.43375,-20.31883],[-40.43484,-20.32086],[-40.43533,-20.32057],[-40.43557,-20.32108],[-40.43622,-20.32148],[-40.43651,-20.32222],[-40.43589,-20.32339],[-40.4353,-20.32558],[-40.43438,-20.32826],[-40.43277,-20.32818],[-40.43278,-20.33011],[-40.43321,-20.33114]]]},"properties":{"codigo":"3201308083","name":"Vale dos Reis","population":4129,"households":1651,"areaKm2":1.0316,"density":4002.5}},{"type":"Feature","geometry":{"type":"Polygon","coordinates":[[[-40.39797,-20.34522],[-40.39858,-20.34564],[-40.3988,-20.34642],[-40.39935,-20.34697],[-40.40066,-20.34762],[-40.40202,-20.34922],[-40.4026,-20.35068],[-40.40303,-20.3511],[-40.40507,-20.35231],[-40.40625,-20.35416],[-40.40769,-20.35487],[-40.40794,-20.35519],[-40.40661,-20.35619],[-40.4064,-20.35741],[-40.40596,-20.35847],[-40.40446,-20.35877],[-40.40332,-20.35787],[-40.40299,-20.35662],[-40.40244,-20.3554],[-40.40154,-20.35471],[-40.40131,-20.35344],[-40.4005,-20.35263],[-40.39984,-20.35232],[-40.39897,-20.35131],[-40.3984,-20.3502],[-40.39549,-20.3484],[-40.396,-20.34822],[-40.39737,-20.3471],[-40.39789,-20.34642],[-40.3981,-20.34569],[-40.39797,-20.34522]]]},"properties":{"codigo":"3201308097","name":"Santo André","population":4355,"households":1888,"areaKm2":0.5994,"density":7266}},{"type":"Feature","geometry":{"type":"Polygon","coordinates":[[[-40.36022,-20.32406],[-40.36135,-20.32445],[-40.36263,-20.32489],[-40.36393,-20.32616],[-40.3646,-20.32657],[-40.36518,-20.32671],[-40.36548,-20.32773],[-40.3646,-20.32786],[-40.36442,-20.32848],[-40.36484,-20.32923],[-40.36602,-20.33011],[-40.36662,-20.33116],[-40.3663,-20.3315],[-40.36518,-20.33111],[-40.36415,-20.33113],[-40.3636,-20.3313],[-40.36125,-20.3326],[-40.3603,-20.33299],[-40.36048,-20.33217],[-40.36023,-20.33078],[-40.35939,-20.32988],[-40.35888,-20.32883],[-40.3593,-20.32831],[-40.36007,-20.32794],[-40.36065,-20.32746],[-40.36028,-20.32649],[-40.36038,-20.32486],[-40.36022,-20.32406]]]},"properties":{"codigo":"3201308053","name":"Itaquari","population":2999,"households":1385,"areaKm2":0.4072,"density":7365}},{"type":"Feature","geometry":{"type":"Polygon","coordinates":[[[-40.43557,-20.32108],[-40.43533,-20.32057],[-40.43484,-20.32086],[-40.43375,-20.31883],[-40.43331,-20.31851],[-40.43312,-20.31794],[-40.4332,-20.31686],[-40.43361,-20.31618],[-40.43361,-20.3151],[-40.43493,-20.31409],[-40.43598,-20.31303],[-40.43592,-20.3116],[-40.43606,-20.31],[-40.43626,-20.30913],[-40.43686,-20.30893],[-40.43711,-20.30943],[-40.43664,-20.31044],[-40.43737,-20.31033],[-40.43783,-20.31054],[-40.44231,-20.3101],[-40.44241,-20.31103],[-40.44288,-20.31193],[-40.44265,-20.31208],[-40.4431,-20.31292],[-40.44249,-20.31343],[-40.44261,-20.31409],[-40.44358,-20.31392],[-40.44452,-20.31341],[-40.44497,-20.31264],[-40.44599,-20.3125],[-40.44668,-20.31265],[-40.44691,-20.31222],[-40.44714,-20.31106],[-40.44763,-20.31117],[-40.4479,-20.31171],[-40.4493,-20.31213],[-40.44929,-20.3148],[-40.44887,-20.31569],[-40.44973,-20.31645],[-40.45092,-20.31781],[-40.45118,-20.3203],[-40.45067,-20.32107],[-40.45045,-20.3218],[-40.4501,-20.32227],[-40.45014,-20.32295],[-40.44962,-20.32341],[-40.44982,-20.32371],[-40.44906,-20.32466],[-40.44788,-20.32526],[-40.44741,-20.32602],[-40.44641,-20.326],[-40.44504,-20.32667],[-40.43714,-20.32125],[-40.43636,-20.32089],[-40.43557,-20.32108]]]},"properties":{"codigo":"3201308084","name":"Novo Brasil","population":3567,"households":1521,"areaKm2":2.2676,"density":1573}},{"type":"Feature","geometry":{"type":"Polygon","coordinates":[[[-40.39229,-20.3697],[-40.39075,-20.36976],[-40.39064,-20.37016],[-40.39005,-20.37073],[-40.38856,-20.37027],[-40.38859,-20.36967],[-40.38831,-20.36903],[-40.3861,-20.36698],[-40.38581,-20.36632],[-40.38543,-20.36599],[-40.38637,-20.36555],[-40.38708,-20.36427],[-40.38688,-20.36275],[-40.38512,-20.36283],[-40.38504,-20.36208],[-40.38446,-20.36111],[-40.38525,-20.36097],[-40.38588,-20.36111],[-40.38675,-20.3605],[-40.38756,-20.36023],[-40.38925,-20.36026],[-40.38979,-20.35983],[-40.39067,-20.3602],[-40.3934,-20.36014],[-40.39365,-20.36075],[-40.39351,-20.36141],[-40.39419,-20.36191],[-40.39472,-20.36266],[-40.39521,-20.36502],[-40.3959,-20.36602],[-40.39589,-20.36675],[-40.39559,-20.36738],[-40.39477,-20.36772],[-40.39416,-20.3686],[-40.39345,-20.3689],[-40.39229,-20.3697]]]},"properties":{"codigo":"3201308019","name":"Jardim Campo Grande","population":3276,"households":1344,"areaKm2":0.914,"density":3584.2}},{"type":"Feature","geometry":{"type":"Polygon","coordinates":[[[-40.40299,-20.35662],[-40.40198,-20.35746],[-40.4015,-20.35725],[-40.40032,-20.35797],[-40.39923,-20.35815],[-40.39764,-20.35891],[-40.39601,-20.36013],[-40.39419,-20.36191],[-40.39351,-20.36141],[-40.39365,-20.36075],[-40.3934,-20.36014],[-40.39332,-20.35991],[-40.39355,-20.35845],[-40.39422,-20.35853],[-40.39449,-20.35645],[-40.39482,-20.35563],[-40.39514,-20.35564],[-40.39529,-20.35406],[-40.39746,-20.3543],[-40.39756,-20.35356],[-40.39862,-20.35376],[-40.40034,-20.35485],[-40.40131,-20.35344],[-40.40154,-20.35471],[-40.40244,-20.3554],[-40.40299,-20.35662]]]},"properties":{"codigo":"3201308096","name":"Campina Grande","population":3722,"households":1599,"areaKm2":0.4588,"density":8113.3}},{"type":"Feature","geometry":{"type":"Polygon","coordinates":[[[-40.36958,-20.36475],[-40.36944,-20.36556],[-40.36879,-20.36718],[-40.36874,-20.36734],[-40.36723,-20.36803],[-40.3666,-20.36803],[-40.3658,-20.36771],[-40.36301,-20.36612],[-40.36285,-20.3649],[-40.36373,-20.36446],[-40.36465,-20.36375],[-40.36728,-20.36433],[-40.36824,-20.36443],[-40.36958,-20.36475]]]},"properties":{"codigo":"3201308104","name":"Valparaíso","population":1469,"households":703,"areaKm2":0.2251,"density":6526.2}},{"type":"Feature","geometry":{"type":"Polygon","coordinates":[[[-40.37462,-20.32952],[-40.37581,-20.33015],[-40.37698,-20.33178],[-40.37748,-20.33156],[-40.37818,-20.33167],[-40.37864,-20.33236],[-40.38071,-20.3309],[-40.38119,-20.33069],[-40.38145,-20.33189],[-40.38146,-20.33268],[-40.38168,-20.33407],[-40.38169,-20.33523],[-40.38023,-20.33744],[-40.38003,-20.33732],[-40.3776,-20.33594],[-40.37625,-20.33563],[-40.37402,-20.33557],[-40.37263,-20.33534],[-40.37156,-20.33497],[-40.37041,-20.33454],[-40.36888,-20.33368],[-40.3663,-20.3315],[-40.36662,-20.33116],[-40.36602,-20.33011],[-40.36484,-20.32923],[-40.36442,-20.32848],[-40.3646,-20.32786],[-40.36548,-20.32773],[-40.36646,-20.32776],[-40.36708,-20.3276],[-40.36759,-20.32698],[-40.36873,-20.32647],[-40.36902,-20.32598],[-40.3694,-20.32599],[-40.37007,-20.32654],[-40.37047,-20.32639],[-40.37103,-20.32559],[-40.37162,-20.32553],[-40.37187,-20.32631],[-40.37231,-20.32882],[-40.37259,-20.32948],[-40.37312,-20.32927],[-40.37462,-20.32952]]]},"properties":{"codigo":"3201308049","name":"Alto Lage","population":5866,"households":2716,"areaKm2":1.0996,"density":5334.8}},{"type":"Feature","geometry":{"type":"Polygon","coordinates":[[[-40.39368,-20.34935],[-40.39419,-20.34879],[-40.39549,-20.3484],[-40.3984,-20.3502],[-40.39779,-20.35052],[-40.39836,-20.35165],[-40.39732,-20.35204],[-40.39756,-20.35356],[-40.39746,-20.3543],[-40.39529,-20.35406],[-40.39514,-20.35564],[-40.39482,-20.35563],[-40.39449,-20.35645],[-40.39422,-20.35853],[-40.39355,-20.35845],[-40.39332,-20.35991],[-40.3934,-20.36014],[-40.39067,-20.3602],[-40.38979,-20.35983],[-40.38993,-20.35949],[-40.39025,-20.35732],[-40.38975,-20.3561],[-40.38899,-20.35537],[-40.38869,-20.35457],[-40.38909,-20.35373],[-40.39014,-20.35285],[-40.39125,-20.35266],[-40.3917,-20.35227],[-40.39257,-20.35049],[-40.39368,-20.34935]]]},"properties":{"codigo":"3201308008","name":"Santa Barbara","population":5354,"households":2270,"areaKm2":0.691,"density":7748}},{"type":"Feature","geometry":{"type":"Polygon","coordinates":[[[-40.37713,-20.39584],[-40.37673,-20.39613],[-40.37666,-20.39709],[-40.3761,-20.39763],[-40.37533,-20.39734],[-40.37446,-20.39675],[-40.3741,-20.39685],[-40.37268,-20.39838],[-40.37169,-20.39882],[-40.37101,-20.39895],[-40.37052,-20.39952],[-40.37005,-20.39951],[-40.36914,-20.39858],[-40.36792,-20.3979],[-40.36761,-20.39756],[-40.36705,-20.3964],[-40.36662,-20.39613],[-40.36551,-20.39587],[-40.3652,-20.39542],[-40.36629,-20.39437],[-40.36649,-20.39518],[-40.36752,-20.39516],[-40.36791,-20.39532],[-40.36849,-20.39507],[-40.36884,-20.39592],[-40.36954,-20.39622],[-40.37034,-20.3961],[-40.37084,-20.39539],[-40.37128,-20.39507],[-40.37226,-20.39489],[-40.37311,-20.39441],[-40.37373,-20.39365],[-40.37405,-20.39356],[-40.37541,-20.39398],[-40.37642,-20.39456],[-40.37708,-20.39523],[-40.37713,-20.39584]]]},"properties":{"codigo":"3201308015","name":"Caçaroca","population":324,"households":133,"areaKm2":0.3841,"density":843.6}},{"type":"Feature","geometry":{"type":"Polygon","coordinates":[[[-40.38118,-20.35512],[-40.38088,-20.3557],[-40.38096,-20.35653],[-40.38083,-20.35743],[-40.37939,-20.35772],[-40.37951,-20.35842],[-40.37892,-20.35847],[-40.37896,-20.35929],[-40.37812,-20.35962],[-40.37736,-20.36105],[-40.37722,-20.36193],[-40.37706,-20.36174],[-40.37689,-20.36065],[-40.37694,-20.35958],[-40.3765,-20.35911],[-40.3758,-20.35907],[-40.37783,-20.35756],[-40.37752,-20.35649],[-40.37584,-20.35503],[-40.37785,-20.35312],[-40.37889,-20.35478],[-40.37987,-20.35479],[-40.38118,-20.35512]]]},"properties":{"codigo":"3201308006","name":"Itapemirim","population":2371,"households":1022,"areaKm2":0.2219,"density":10686.4}},{"type":"Feature","geometry":{"type":"Polygon","coordinates":[[[-40.38078,-20.36708],[-40.38141,-20.3669],[-40.38195,-20.36644],[-40.38358,-20.36547],[-40.38472,-20.36561],[-40.38543,-20.36599],[-40.38581,-20.36632],[-40.3861,-20.36698],[-40.38501,-20.36718],[-40.3855,-20.36791],[-40.38578,-20.36896],[-40.38487,-20.37028],[-40.38351,-20.37112],[-40.38267,-20.3718],[-40.38199,-20.37278],[-40.38145,-20.3733],[-40.38111,-20.37279],[-40.3812,-20.37228],[-40.38078,-20.37166],[-40.3805,-20.3707],[-40.38083,-20.36996],[-40.3801,-20.36949],[-40.3805,-20.36912],[-40.38141,-20.36902],[-40.38099,-20.36728],[-40.38078,-20.36708]]]},"properties":{"codigo":"3201308010","name":"Santa Paula","population":1380,"households":599,"areaKm2":0.2979,"density":4633.1}},{"type":"Feature","geometry":{"type":"Polygon","coordinates":[[[-40.39934,-20.34223],[-40.3987,-20.34316],[-40.39797,-20.34522],[-40.39736,-20.34524],[-40.3946,-20.34579],[-40.39372,-20.34563],[-40.39204,-20.34476],[-40.39131,-20.34458],[-40.39132,-20.34388],[-40.39323,-20.34307],[-40.39448,-20.34013],[-40.39547,-20.34082],[-40.39665,-20.34142],[-40.39775,-20.34184],[-40.39934,-20.34223]]]},"properties":{"codigo":"3201308004","name":"Vila Palestina","population":3072,"households":1507,"areaKm2":0.2855,"density":10761.8}},{"type":"Feature","geometry":{"type":"Polygon","coordinates":[[[-40.37659,-20.34996],[-40.3756,-20.35152],[-40.37616,-20.35129],[-40.37678,-20.35138],[-40.3773,-20.35198],[-40.37762,-20.35202],[-40.37827,-20.35276],[-40.37785,-20.35312],[-40.37584,-20.35503],[-40.37752,-20.35649],[-40.37783,-20.35756],[-40.3758,-20.35907],[-40.3765,-20.35911],[-40.37694,-20.35958],[-40.37689,-20.36065],[-40.37706,-20.36174],[-40.37518,-20.36103],[-40.37415,-20.36126],[-40.37359,-20.36152],[-40.37284,-20.36135],[-40.37234,-20.36078],[-40.3712,-20.36011],[-40.37119,-20.35803],[-40.37144,-20.35714],[-40.37261,-20.35486],[-40.37306,-20.35376],[-40.37362,-20.35335],[-40.37363,-20.35297],[-40.37372,-20.35201],[-40.3744,-20.3509],[-40.3756,-20.35017],[-40.37659,-20.34996]]]},"properties":{"codigo":"3201308026","name":"Maracanã","population":2617,"households":1167,"areaKm2":0.5701,"density":4590.2}},{"type":"Feature","geometry":{"type":"Polygon","coordinates":[[[-40.39714,-20.32692],[-40.39954,-20.32686],[-40.40011,-20.32716],[-40.40152,-20.32707],[-40.40264,-20.32756],[-40.40293,-20.32791],[-40.40483,-20.32779],[-40.40698,-20.32724],[-40.40762,-20.32698],[-40.40781,-20.32629],[-40.40835,-20.32593],[-40.40893,-20.32612],[-40.40933,-20.32558],[-40.41034,-20.32485],[-40.41065,-20.3256],[-40.41049,-20.32648],[-40.4095,-20.32861],[-40.40989,-20.32985],[-40.40957,-20.33067],[-40.40855,-20.3309],[-40.40618,-20.33125],[-40.40535,-20.33102],[-40.40432,-20.33136],[-40.40368,-20.33136],[-40.40241,-20.33077],[-40.40097,-20.33044],[-40.40014,-20.33061],[-40.39945,-20.33],[-40.39896,-20.33005],[-40.39881,-20.32978],[-40.39714,-20.32692]]]},"properties":{"codigo":"3201308087","name":"Mucuri","population":2785,"households":1250,"areaKm2":0.5179,"density":5377.3}},{"type":"Feature","geometry":{"type":"Polygon","coordinates":[[[-40.39142,-20.33775],[-40.38983,-20.33668],[-40.38879,-20.33645],[-40.38777,-20.33657],[-40.38766,-20.33605],[-40.38687,-20.33431],[-40.38746,-20.33433],[-40.38767,-20.33408],[-40.38932,-20.33482],[-40.3894,-20.33402],[-40.39089,-20.33405],[-40.39129,-20.33361],[-40.39106,-20.33225],[-40.3914,-20.3312],[-40.39207,-20.33146],[-40.39282,-20.33125],[-40.39371,-20.33184],[-40.39411,-20.33141],[-40.39452,-20.33165],[-40.39355,-20.33368],[-40.39253,-20.3341],[-40.3921,-20.33455],[-40.39174,-20.33453],[-40.39142,-20.33631],[-40.39262,-20.33681],[-40.39142,-20.33775]]]},"properties":{"codigo":"3201308056","name":"Dom Bosco","population":2024,"households":947,"areaKm2":0.2189,"density":9245.6}},{"type":"Feature","geometry":{"type":"Polygon","coordinates":[[[-40.37181,-20.38405],[-40.37412,-20.38426],[-40.37457,-20.3844],[-40.3754,-20.38556],[-40.37565,-20.38676],[-40.37656,-20.38724],[-40.37669,-20.38752],[-40.37791,-20.38705],[-40.37863,-20.38658],[-40.37943,-20.38661],[-40.37932,-20.38838],[-40.3771,-20.3898],[-40.37631,-20.39062],[-40.37615,-20.39116],[-40.37556,-20.39129],[-40.37528,-20.39103],[-40.37353,-20.39093],[-40.37178,-20.39148],[-40.37066,-20.39222],[-40.36989,-20.39255],[-40.36868,-20.39337],[-40.36818,-20.3947],[-40.36849,-20.39507],[-40.36791,-20.39532],[-40.36752,-20.39516],[-40.36649,-20.39518],[-40.36629,-20.39437],[-40.3652,-20.39542],[-40.36495,-20.3948],[-40.36461,-20.3921],[-40.36434,-20.3906],[-40.3643,-20.38964],[-40.36464,-20.38768],[-40.36496,-20.38685],[-40.36464,-20.38547],[-40.36461,-20.38469],[-40.36643,-20.38467],[-40.36746,-20.38455],[-40.36861,-20.38387],[-40.36952,-20.38377],[-40.37181,-20.38405]]]},"properties":{"codigo":"3201308007","name":"Jardim Botânico","population":6703,"households":2642,"areaKm2":1.2062,"density":5557.2}},{"type":"Feature","geometry":{"type":"Polygon","coordinates":[[[-40.38957,-20.3446],[-40.39131,-20.34458],[-40.39204,-20.34476],[-40.39372,-20.34563],[-40.3946,-20.34579],[-40.39736,-20.34524],[-40.39797,-20.34522],[-40.3981,-20.34569],[-40.39789,-20.34642],[-40.39737,-20.3471],[-40.396,-20.34822],[-40.39549,-20.3484],[-40.39419,-20.34879],[-40.39368,-20.34935],[-40.39019,-20.34879],[-40.39023,-20.34841],[-40.38914,-20.3464],[-40.38957,-20.3446]]]},"properties":{"codigo":"3201308001","name":"Cruzeiro do Sul","population":3568,"households":1670,"areaKm2":0.3227,"density":11056.2}},{"type":"Feature","geometry":{"type":"Polygon","coordinates":[[[-40.37924,-20.3748],[-40.37992,-20.37441],[-40.38024,-20.37393],[-40.38145,-20.3733],[-40.38199,-20.37278],[-40.38267,-20.3718],[-40.38351,-20.37112],[-40.38487,-20.37028],[-40.38578,-20.36896],[-40.3855,-20.36791],[-40.38501,-20.36718],[-40.3861,-20.36698],[-40.38831,-20.36903],[-40.38859,-20.36967],[-40.38856,-20.37027],[-40.38844,-20.37073],[-40.38861,-20.37191],[-40.38841,-20.37277],[-40.38853,-20.37335],[-40.38891,-20.37465],[-40.38891,-20.37558],[-40.38871,-20.37625],[-40.38814,-20.37727],[-40.38805,-20.37822],[-40.38815,-20.37931],[-40.38799,-20.38016],[-40.3874,-20.38143],[-40.38733,-20.38188],[-40.38752,-20.38299],[-40.38808,-20.384],[-40.38875,-20.38455],[-40.3893,-20.38584],[-40.38813,-20.38604],[-40.38722,-20.38725],[-40.38668,-20.38747],[-40.38565,-20.38825],[-40.38442,-20.38884],[-40.38314,-20.38846],[-40.3817,-20.38841],[-40.38079,-20.38797],[-40.38005,-20.38833],[-40.37932,-20.38838],[-40.37943,-20.38661],[-40.37863,-20.38658],[-40.37791,-20.38705],[-40.37669,-20.38752],[-40.37656,-20.38724],[-40.37565,-20.38676],[-40.3754,-20.38556],[-40.37457,-20.3844],[-40.37412,-20.38426],[-40.37181,-20.38405],[-40.37177,-20.38317],[-40.3722,-20.38166],[-40.37178,-20.38087],[-40.37205,-20.3803],[-40.3728,-20.37961],[-40.37375,-20.37916],[-40.37444,-20.37801],[-40.37552,-20.37754],[-40.37641,-20.37738],[-40.37657,-20.37695],[-40.37735,-20.37596],[-40.37807,-20.37562],[-40.37924,-20.3748]]]},"properties":{"codigo":"3201308016","name":"Alzira Ramos","population":2553,"households":1037,"areaKm2":2.4934,"density":1023.9}},{"type":"Feature","geometry":{"type":"Polygon","coordinates":[[[-40.41298,-20.33107],[-40.41349,-20.33071],[-40.41413,-20.32969],[-40.41546,-20.32859],[-40.4162,-20.3284],[-40.41611,-20.32768],[-40.41637,-20.32692],[-40.4162,-20.3265],[-40.41518,-20.32549],[-40.41449,-20.32509],[-40.41527,-20.32361],[-40.41679,-20.32305],[-40.4168,-20.32342],[-40.41778,-20.32348],[-40.41854,-20.3231],[-40.41905,-20.3224],[-40.41992,-20.32174],[-40.42092,-20.32136],[-40.42154,-20.32088],[-40.42167,-20.32046],[-40.42322,-20.3205],[-40.42331,-20.32006],[-40.42437,-20.31956],[-40.42468,-20.31966],[-40.42504,-20.32037],[-40.42595,-20.32003],[-40.42642,-20.31951],[-40.42675,-20.31984],[-40.42736,-20.31986],[-40.42768,-20.32032],[-40.42747,-20.32118],[-40.42704,-20.32212],[-40.42655,-20.32366],[-40.42603,-20.32432],[-40.42625,-20.32452],[-40.42527,-20.32583],[-40.42485,-20.32727],[-40.42281,-20.32581],[-40.42214,-20.32664],[-40.42136,-20.32734],[-40.42039,-20.32976],[-40.42039,-20.33097],[-40.42018,-20.33171],[-40.41976,-20.33185],[-40.41976,-20.33286],[-40.4194,-20.33313],[-40.41876,-20.33253],[-40.41857,-20.33333],[-40.41891,-20.33356],[-40.41826,-20.33547],[-40.41753,-20.33482],[-40.41681,-20.33389],[-40.41439,-20.33383],[-40.41398,-20.33369],[-40.41377,-20.33211],[-40.41298,-20.33107]]]},"properties":{"codigo":"3201308082","name":"Piranema","population":2381,"households":1033,"areaKm2":1.1715,"density":2032.5}},{"type":"Feature","geometry":{"type":"Polygon","coordinates":[[[-40.3828,-20.32412],[-40.38291,-20.32499],[-40.38185,-20.32597],[-40.38174,-20.32665],[-40.38227,-20.32697],[-40.38254,-20.32754],[-40.38212,-20.32862],[-40.38234,-20.33081],[-40.38309,-20.33127],[-40.38212,-20.33149],[-40.38145,-20.33189],[-40.38119,-20.33069],[-40.38071,-20.3309],[-40.37864,-20.33236],[-40.37818,-20.33167],[-40.37748,-20.33156],[-40.37698,-20.33178],[-40.37581,-20.33015],[-40.37462,-20.32952],[-40.37455,-20.32887],[-40.37536,-20.32821],[-40.37622,-20.32789],[-40.37638,-20.3272],[-40.37712,-20.32731],[-40.37894,-20.32599],[-40.37992,-20.32581],[-40.38083,-20.32498],[-40.38136,-20.32394],[-40.38184,-20.32343],[-40.3828,-20.32412]]]},"properties":{"codigo":"3201308048","name":"Oriente","population":4630,"households":2024,"areaKm2":0.4387,"density":10553.6}},{"type":"Feature","geometry":{"type":"Polygon","coordinates":[[[-40.38005,-20.38833],[-40.38079,-20.38797],[-40.3817,-20.38841],[-40.38314,-20.38846],[-40.38442,-20.38884],[-40.38565,-20.38825],[-40.38668,-20.38747],[-40.38722,-20.38725],[-40.38813,-20.38604],[-40.3893,-20.38584],[-40.38875,-20.38455],[-40.38808,-20.384],[-40.38752,-20.38299],[-40.38733,-20.38188],[-40.3874,-20.38143],[-40.38799,-20.38016],[-40.38815,-20.37931],[-40.38805,-20.37822],[-40.38814,-20.37727],[-40.38871,-20.37625],[-40.38891,-20.37558],[-40.38891,-20.37465],[-40.38853,-20.37335],[-40.38904,-20.37427],[-40.39158,-20.3753],[-40.39233,-20.37569],[-40.39442,-20.37647],[-40.39813,-20.37825],[-40.39877,-20.37715],[-40.39939,-20.3767],[-40.40036,-20.37535],[-40.40095,-20.37422],[-40.40058,-20.37274],[-40.39951,-20.37046],[-40.39908,-20.37006],[-40.39822,-20.37008],[-40.39784,-20.37028],[-40.39724,-20.37112],[-40.39677,-20.3713],[-40.39608,-20.37104],[-40.39454,-20.37102],[-40.39404,-20.37092],[-40.39354,-20.37052],[-40.39261,-20.37014],[-40.39229,-20.3697],[-40.39345,-20.3689],[-40.39416,-20.3686],[-40.39477,-20.36772],[-40.39559,-20.36738],[-40.39589,-20.36675],[-40.3959,-20.36602],[-40.39521,-20.36502],[-40.39472,-20.36266],[-40.39419,-20.36191],[-40.39601,-20.36013],[-40.39764,-20.35891],[-40.39923,-20.35815],[-40.40032,-20.35797],[-40.4015,-20.35725],[-40.40198,-20.35746],[-40.40299,-20.35662],[-40.40332,-20.35787],[-40.40446,-20.35877],[-40.40382,-20.36058],[-40.40325,-20.36289],[-40.40327,-20.36337],[-40.40424,-20.36448],[-40.40449,-20.36676],[-40.40489,-20.36815],[-40.40511,-20.36871],[-40.40503,-20.36924],[-40.40536,-20.36955],[-40.40538,-20.37047],[-40.40481,-20.37123],[-40.40401,-20.37186],[-40.40376,-20.37333],[-40.40422,-20.37402],[-40.4042,-20.37448],[-40.40501,-20.37592],[-40.40502,-20.37821],[-40.40562,-20.37905],[-40.40555,-20.37963],[-40.40495,-20.38079],[-40.40401,-20.38137],[-40.40331,-20.38225],[-40.40314,-20.3832],[-40.40292,-20.38327],[-40.40085,-20.3835],[-40.40014,-20.3839],[-40.3981,-20.38669],[-40.39682,-20.38821],[-40.39559,-20.39001],[-40.39505,-20.39055],[-40.39455,-20.39151],[-40.39466,-20.39274],[-40.3954,-20.39369],[-40.39502,-20.39486],[-40.39403,-20.39542],[-40.39395,-20.39616],[-40.39288,-20.39595],[-40.39274,-20.39648],[-40.39171,-20.39582],[-40.39111,-20.39621],[-40.39042,-20.39588],[-40.38853,-20.39468],[-40.38677,-20.39554],[-40.38527,-20.39461],[-40.38455,-20.39394],[-40.38354,-20.39424],[-40.38366,-20.3952],[-40.38268,-20.39542],[-40.38239,-20.39648],[-40.38124,-20.39713],[-40.37964,-20.39577],[-40.37956,-20.39547],[-40.37968,-20.39505],[-40.37955,-20.39385],[-40.37999,-20.39242],[-40.37965,-20.39119],[-40.37977,-20.38987],[-40.37997,-20.38951],[-40.38005,-20.38833]]]},"properties":{"codigo":"3201308098","name":"Formate","population":1223,"households":450,"areaKm2":4.8828,"density":250.5}},{"type":"Feature","geometry":{"type":"Polygon","coordinates":[[[-40.37069,-20.34037],[-40.3702,-20.33979],[-40.37013,-20.33858],[-40.36914,-20.33878],[-40.36717,-20.33977],[-40.36732,-20.33924],[-40.369,-20.33808],[-40.37026,-20.33795],[-40.36995,-20.33687],[-40.37089,-20.33616],[-40.37156,-20.33497],[-40.37263,-20.33534],[-40.37402,-20.33557],[-40.37625,-20.33563],[-40.3776,-20.33594],[-40.38003,-20.33732],[-40.37927,-20.33815],[-40.3781,-20.33898],[-40.37732,-20.34161],[-40.37721,-20.34224],[-40.37719,-20.34269],[-40.3768,-20.34248],[-40.37615,-20.34272],[-40.3752,-20.34086],[-40.37476,-20.34126],[-40.37356,-20.33992],[-40.37343,-20.33943],[-40.37362,-20.33872],[-40.37226,-20.33949],[-40.37148,-20.33942],[-40.37166,-20.34013],[-40.37069,-20.34037]]]},"properties":{"codigo":"3201308029","name":"Vera Cruz","population":2713,"households":1307,"areaKm2":0.5102,"density":5317.6}},{"type":"Feature","geometry":{"type":"Polygon","coordinates":[[[-40.36891,-20.32258],[-40.36843,-20.32286],[-40.36807,-20.3236],[-40.36683,-20.32517],[-40.36657,-20.32568],[-40.36717,-20.32676],[-40.36674,-20.32736],[-40.36631,-20.32731],[-40.36566,-20.32683],[-40.36518,-20.32671],[-40.3646,-20.32657],[-40.36393,-20.32616],[-40.36263,-20.32489],[-40.36135,-20.32445],[-40.36208,-20.32442],[-40.36312,-20.32459],[-40.36446,-20.32582],[-40.36491,-20.32568],[-40.36559,-20.32476],[-40.36634,-20.32426],[-40.36664,-20.32373],[-40.36669,-20.32239],[-40.36882,-20.32229],[-40.36891,-20.32258]]]},"properties":{"codigo":"3201308051","name":"Sotema","population":1253,"households":555,"areaKm2":0.1163,"density":10771.4}},{"type":"Feature","geometry":{"type":"Polygon","coordinates":[[[-40.38002,-20.34891],[-40.3812,-20.34762],[-40.38172,-20.34661],[-40.38295,-20.34562],[-40.38265,-20.34605],[-40.38329,-20.34656],[-40.38414,-20.34794],[-40.38398,-20.34881],[-40.38671,-20.34924],[-40.38637,-20.34982],[-40.38571,-20.35171],[-40.38479,-20.35314],[-40.38302,-20.35263],[-40.38242,-20.3538],[-40.38139,-20.35348],[-40.38166,-20.35156],[-40.38144,-20.35058],[-40.38104,-20.34984],[-40.38002,-20.34891]]]},"properties":{"codigo":"3201308005","name":"Rosa da Penha","population":3343,"households":1510,"areaKm2":0.3079,"density":10856.3}},{"type":"Feature","geometry":{"type":"Polygon","coordinates":[[[-40.39444,-20.32851],[-40.39456,-20.3295],[-40.39402,-20.33075],[-40.39411,-20.33141],[-40.39371,-20.33184],[-40.39282,-20.33125],[-40.39207,-20.33146],[-40.3914,-20.3312],[-40.39106,-20.33225],[-40.39129,-20.33361],[-40.39089,-20.33405],[-40.3894,-20.33402],[-40.38932,-20.33482],[-40.38767,-20.33408],[-40.38746,-20.33433],[-40.38767,-20.33259],[-40.38831,-20.3326],[-40.38878,-20.33229],[-40.38936,-20.33116],[-40.38965,-20.33122],[-40.38989,-20.32989],[-40.38968,-20.32857],[-40.38679,-20.32792],[-40.38537,-20.32747],[-40.38458,-20.32751],[-40.38349,-20.32725],[-40.38276,-20.32684],[-40.38227,-20.32697],[-40.38174,-20.32665],[-40.38185,-20.32597],[-40.38291,-20.32499],[-40.3828,-20.32412],[-40.38352,-20.32455],[-40.38495,-20.32517],[-40.38681,-20.3257],[-40.38812,-20.3273],[-40.38889,-20.3276],[-40.3904,-20.32792],[-40.3918,-20.32835],[-40.39279,-20.32835],[-40.39388,-20.32789],[-40.39441,-20.32784],[-40.39444,-20.32851]]]},"properties":{"codigo":"3201308055","name":"Itanguá","population":5296,"households":2439,"areaKm2":0.4446,"density":11912}},{"type":"Feature","geometry":{"type":"Polygon","coordinates":[[[-40.43581,-20.33416],[-40.43311,-20.33743],[-40.43277,-20.33774],[-40.43201,-20.33787],[-40.43093,-20.33778],[-40.4302,-20.338],[-40.42975,-20.33852],[-40.42883,-20.33816],[-40.42975,-20.33679],[-40.42974,-20.33611],[-40.42607,-20.33525],[-40.4252,-20.33468],[-40.42398,-20.33488],[-40.42381,-20.33425],[-40.4239,-20.33353],[-40.42355,-20.33081],[-40.42382,-20.32995],[-40.42545,-20.33009],[-40.42625,-20.32865],[-40.42727,-20.32888],[-40.42827,-20.32932],[-40.42862,-20.33006],[-40.42891,-20.33021],[-40.43192,-20.33092],[-40.43256,-20.33126],[-40.43321,-20.33114],[-40.43412,-20.33142],[-40.43511,-20.33108],[-40.43568,-20.33402],[-40.43581,-20.33416]]]},"properties":{"codigo":"3201308086","name":"Vista Dourada","population":2906,"households":1136,"areaKm2":0.816,"density":3561.5}},{"type":"Feature","geometry":{"type":"Polygon","coordinates":[[[-40.39448,-20.34013],[-40.39323,-20.34307],[-40.39132,-20.34388],[-40.39131,-20.34458],[-40.38957,-20.3446],[-40.3863,-20.34469],[-40.38477,-20.34426],[-40.3843,-20.34427],[-40.38378,-20.34462],[-40.38295,-20.34562],[-40.38172,-20.34661],[-40.38012,-20.34523],[-40.38161,-20.34439],[-40.38206,-20.34313],[-40.38199,-20.34263],[-40.38234,-20.34076],[-40.38167,-20.3409],[-40.38014,-20.34177],[-40.37948,-20.3415],[-40.37721,-20.34224],[-40.37732,-20.34161],[-40.3781,-20.33898],[-40.37927,-20.33815],[-40.38003,-20.33732],[-40.38023,-20.33744],[-40.382,-20.33843],[-40.38341,-20.33858],[-40.38443,-20.33826],[-40.38709,-20.33683],[-40.38777,-20.33657],[-40.38879,-20.33645],[-40.38983,-20.33668],[-40.39142,-20.33775],[-40.39448,-20.34013]]]},"properties":{"codigo":"3201308094","name":"Campo Grande","population":10735,"households":5149,"areaKm2":1.1277,"density":9519.5}},{"type":"Feature","geometry":{"type":"Polygon","coordinates":[[[-40.37116,-20.36582],[-40.37436,-20.36412],[-40.37558,-20.3639],[-40.37648,-20.3635],[-40.37704,-20.36211],[-40.37722,-20.36193],[-40.37736,-20.36105],[-40.37812,-20.35962],[-40.37896,-20.35929],[-40.38023,-20.35897],[-40.38306,-20.35874],[-40.38369,-20.35828],[-40.3847,-20.35699],[-40.38538,-20.35753],[-40.3855,-20.35804],[-40.38598,-20.35881],[-40.38652,-20.35924],[-40.38691,-20.35995],[-40.38756,-20.36023],[-40.38675,-20.3605],[-40.38588,-20.36111],[-40.38525,-20.36097],[-40.38446,-20.36111],[-40.38504,-20.36208],[-40.38512,-20.36283],[-40.38688,-20.36275],[-40.38708,-20.36427],[-40.38637,-20.36555],[-40.38543,-20.36599],[-40.38472,-20.36561],[-40.38358,-20.36547],[-40.38195,-20.36644],[-40.38141,-20.3669],[-40.38078,-20.36708],[-40.37724,-20.36645],[-40.3748,-20.36584],[-40.37331,-20.36567],[-40.37154,-20.36647],[-40.37116,-20.36582]]]},"properties":{"codigo":"3201308020","name":"Campo Belo","population":1299,"households":533,"areaKm2":0.903,"density":1438.5}},{"type":"Feature","geometry":{"type":"Polygon","coordinates":[[[-40.38242,-20.3538],[-40.38302,-20.35263],[-40.38479,-20.35314],[-40.38414,-20.3542],[-40.38399,-20.35475],[-40.38397,-20.35613],[-40.38412,-20.35655],[-40.3847,-20.35699],[-40.38369,-20.35828],[-40.38306,-20.35874],[-40.38023,-20.35897],[-40.37896,-20.35929],[-40.37892,-20.35847],[-40.37951,-20.35842],[-40.37939,-20.35772],[-40.38083,-20.35743],[-40.38096,-20.35653],[-40.38088,-20.3557],[-40.38118,-20.35512],[-40.3823,-20.35539],[-40.38242,-20.3538]]]},"properties":{"codigo":"3201308021","name":"São Benedito","population":2114,"households":904,"areaKm2":0.2086,"density":10133.8}},{"type":"Feature","geometry":{"type":"Polygon","coordinates":[[[-40.35662,-20.34451],[-40.35608,-20.34348],[-40.35618,-20.34211],[-40.35591,-20.34171],[-40.35638,-20.34115],[-40.35575,-20.34073],[-40.35418,-20.34013],[-40.35439,-20.33919],[-40.35612,-20.33998],[-40.35866,-20.34202],[-40.35662,-20.34451]]]},"properties":{"codigo":"3201308002","name":"Vasco da Gama","population":852,"households":448,"areaKm2":0.0931,"density":9151.9}},{"type":"Feature","geometry":{"type":"Polygon","coordinates":[[[-40.36347,-20.36031],[-40.36345,-20.35735],[-40.36492,-20.35742],[-40.36506,-20.35639],[-40.36547,-20.35588],[-40.36341,-20.35625],[-40.3631,-20.35547],[-40.36422,-20.35525],[-40.36523,-20.35488],[-40.36553,-20.35527],[-40.36992,-20.35402],[-40.37224,-20.35204],[-40.37277,-20.35322],[-40.37363,-20.35297],[-40.37362,-20.35335],[-40.37306,-20.35376],[-40.37261,-20.35486],[-40.37144,-20.35714],[-40.37119,-20.35803],[-40.3712,-20.36011],[-40.37113,-20.3608],[-40.3695,-20.36053],[-40.36607,-20.35961],[-40.36527,-20.36021],[-40.36475,-20.36035],[-40.36347,-20.36031]]]},"properties":{"codigo":"3201308023","name":"Vista Mar","population":5939,"households":2582,"areaKm2":0.5539,"density":10721.6}},{"type":"Feature","geometry":{"type":"Polygon","coordinates":[[[-40.37103,-20.32559],[-40.37047,-20.32639],[-40.37007,-20.32654],[-40.3694,-20.32599],[-40.36902,-20.32598],[-40.36873,-20.32647],[-40.36759,-20.32698],[-40.36708,-20.3276],[-40.36646,-20.32776],[-40.36548,-20.32773],[-40.36518,-20.32671],[-40.36566,-20.32683],[-40.36631,-20.32731],[-40.36674,-20.32736],[-40.36717,-20.32676],[-40.36657,-20.32568],[-40.36683,-20.32517],[-40.36807,-20.3236],[-40.36843,-20.32286],[-40.36891,-20.32258],[-40.36942,-20.32249],[-40.37088,-20.32304],[-40.37043,-20.32463],[-40.37103,-20.32559]]]},"properties":{"codigo":"3201308050","name":"Expedito","population":2053,"households":913,"areaKm2":0.1604,"density":12803.2}},{"type":"Feature","geometry":{"type":"Polygon","coordinates":[[[-40.37113,-20.3608],[-40.3712,-20.36011],[-40.37234,-20.36078],[-40.37284,-20.36135],[-40.37359,-20.36152],[-40.37415,-20.36126],[-40.37518,-20.36103],[-40.37706,-20.36174],[-40.37722,-20.36193],[-40.37704,-20.36211],[-40.37648,-20.3635],[-40.37558,-20.3639],[-40.37436,-20.36412],[-40.37116,-20.36582],[-40.36989,-20.36647],[-40.36879,-20.36718],[-40.36944,-20.36556],[-40.36958,-20.36475],[-40.37005,-20.3644],[-40.37029,-20.36379],[-40.37014,-20.36341],[-40.371,-20.36304],[-40.37116,-20.36215],[-40.37097,-20.3615],[-40.37113,-20.3608]]]},"properties":{"codigo":"3201308013","name":"Vila Isabel","population":1614,"households":679,"areaKm2":0.2772,"density":5821.5}},{"type":"Feature","geometry":{"type":"Polygon","coordinates":[[[-40.40131,-20.35344],[-40.40034,-20.35485],[-40.39862,-20.35376],[-40.39756,-20.35356],[-40.39732,-20.35204],[-40.39836,-20.35165],[-40.39779,-20.35052],[-40.3984,-20.3502],[-40.39897,-20.35131],[-40.39984,-20.35232],[-40.4005,-20.35263],[-40.40131,-20.35344]]]},"properties":{"codigo":"3201308099","name":"Tiradentes","population":968,"households":443,"areaKm2":0.0959,"density":10090.9}},{"type":"Feature","geometry":{"type":"Polygon","coordinates":[[[-40.36218,-20.3524],[-40.36273,-20.35177],[-40.36238,-20.35104],[-40.36326,-20.35061],[-40.36392,-20.34976],[-40.36395,-20.34924],[-40.36321,-20.34919],[-40.36325,-20.34876],[-40.3637,-20.34825],[-40.36378,-20.34777],[-40.36467,-20.34698],[-40.36449,-20.34602],[-40.36551,-20.34717],[-40.36557,-20.34776],[-40.36521,-20.3486],[-40.36533,-20.34944],[-40.3658,-20.34995],[-40.36619,-20.35094],[-40.36673,-20.35146],[-40.36735,-20.35154],[-40.36846,-20.35117],[-40.36907,-20.35045],[-40.36984,-20.35017],[-40.37097,-20.35072],[-40.37206,-20.35095],[-40.37259,-20.3512],[-40.37315,-20.35178],[-40.37372,-20.35201],[-40.37363,-20.35297],[-40.37277,-20.35322],[-40.37224,-20.35204],[-40.36992,-20.35402],[-40.36553,-20.35527],[-40.36523,-20.35488],[-40.36422,-20.35525],[-40.3631,-20.35547],[-40.36237,-20.35432],[-40.36214,-20.35364],[-40.36175,-20.35317],[-40.36218,-20.3524]]]},"properties":{"codigo":"3201308025","name":"Bela Aurora","population":5989,"households":2597,"areaKm2":0.5191,"density":11537.5}},{"type":"Feature","geometry":{"type":"Polygon","coordinates":[[[-40.36952,-20.38377],[-40.36861,-20.38387],[-40.36746,-20.38455],[-40.36643,-20.38467],[-40.36461,-20.38469],[-40.36458,-20.38158],[-40.36446,-20.38082],[-40.3638,-20.37975],[-40.36343,-20.37732],[-40.36351,-20.37641],[-40.3644,-20.37593],[-40.36484,-20.37545],[-40.3654,-20.3753],[-40.3658,-20.37468],[-40.36571,-20.37382],[-40.36486,-20.37325],[-40.36461,-20.37225],[-40.36489,-20.37104],[-40.36469,-20.37051],[-40.36579,-20.37037],[-40.36693,-20.36995],[-40.3668,-20.37098],[-40.36689,-20.37176],[-40.3674,-20.37306],[-40.36843,-20.37379],[-40.36858,-20.37461],[-40.36848,-20.37558],[-40.36859,-20.37632],[-40.3686,-20.37833],[-40.36859,-20.38121],[-40.36906,-20.38285],[-40.36952,-20.38377]]]},"properties":{"codigo":"3201308034","name":"Rio Marinho","population":5100,"households":2054,"areaKm2":0.6289,"density":8109.5}},{"type":"Feature","geometry":{"type":"Polygon","coordinates":[[[-40.40566,-20.34339],[-40.40804,-20.34386],[-40.40932,-20.34433],[-40.41041,-20.3454],[-40.41195,-20.34859],[-40.41055,-20.34917],[-40.41001,-20.35003],[-40.40991,-20.35149],[-40.40951,-20.35252],[-40.40908,-20.35288],[-40.40821,-20.35323],[-40.40797,-20.35382],[-40.4082,-20.35418],[-40.40794,-20.35519],[-40.40769,-20.35487],[-40.40625,-20.35416],[-40.40507,-20.35231],[-40.40303,-20.3511],[-40.4026,-20.35068],[-40.40202,-20.34922],[-40.40066,-20.34762],[-40.39935,-20.34697],[-40.3988,-20.34642],[-40.39858,-20.34564],[-40.39797,-20.34522],[-40.3987,-20.34316],[-40.39934,-20.34223],[-40.40566,-20.34339]]]},"properties":{"codigo":"3201308003","name":"São Francisco","population":5641,"households":2597,"areaKm2":1.1056,"density":5102.2}},{"type":"Feature","geometry":{"type":"Polygon","coordinates":[[[-40.36669,-20.32239],[-40.36664,-20.32373],[-40.36634,-20.32426],[-40.36559,-20.32476],[-40.36491,-20.32568],[-40.36446,-20.32582],[-40.36312,-20.32459],[-40.36208,-20.32442],[-40.36135,-20.32445],[-40.36022,-20.32406],[-40.35998,-20.32352],[-40.35994,-20.32266],[-40.36053,-20.32153],[-40.36142,-20.32121],[-40.36282,-20.32107],[-40.36375,-20.32156],[-40.36529,-20.32193],[-40.36654,-20.3217],[-40.36669,-20.32239]]]},"properties":{"codigo":"3201308052","name":"Alto da Boa Vista","population":2710,"households":1191,"areaKm2":0.2435,"density":11128.9}},{"type":"Feature","geometry":{"type":"Polygon","coordinates":[[[-40.37719,-20.34269],[-40.37721,-20.34224],[-40.37948,-20.3415],[-40.38014,-20.34177],[-40.38167,-20.3409],[-40.38234,-20.34076],[-40.38199,-20.34263],[-40.38206,-20.34313],[-40.38161,-20.34439],[-40.38012,-20.34523],[-40.38172,-20.34661],[-40.3812,-20.34762],[-40.38002,-20.34891],[-40.37911,-20.35004],[-40.37829,-20.35052],[-40.37656,-20.35089],[-40.3756,-20.35152],[-40.37659,-20.34996],[-40.37696,-20.34897],[-40.37694,-20.34766],[-40.37701,-20.3452],[-40.37719,-20.34269]]]},"properties":{"codigo":"3201308032","name":"São Geraldo","population":4526,"households":2137,"areaKm2":0.4184,"density":10817.9}},{"type":"Feature","geometry":{"type":"Polygon","coordinates":[[[-40.41826,-20.33547],[-40.41891,-20.33356],[-40.41857,-20.33333],[-40.41876,-20.33253],[-40.4194,-20.33313],[-40.41976,-20.33286],[-40.41976,-20.33185],[-40.42018,-20.33171],[-40.42039,-20.33097],[-40.42039,-20.32976],[-40.42136,-20.32734],[-40.42214,-20.32664],[-40.42281,-20.32581],[-40.42485,-20.32727],[-40.42382,-20.32995],[-40.42355,-20.33081],[-40.4239,-20.33353],[-40.42381,-20.33425],[-40.42398,-20.33488],[-40.4252,-20.33468],[-40.42607,-20.33525],[-40.42974,-20.33611],[-40.42975,-20.33679],[-40.42883,-20.33816],[-40.42975,-20.33852],[-40.42945,-20.33913],[-40.42859,-20.34012],[-40.42721,-20.34074],[-40.42635,-20.3409],[-40.42244,-20.34003],[-40.42186,-20.33999],[-40.42106,-20.34018],[-40.41983,-20.33891],[-40.41953,-20.33887],[-40.42053,-20.33605],[-40.41927,-20.33615],[-40.41826,-20.33547]]]},"properties":{"codigo":"3201308080","name":"Novo Horizonte","population":3009,"households":1309,"areaKm2":0.9562,"density":3147}},{"type":"Feature","geometry":{"type":"Polygon","coordinates":[[[-40.39501,-20.30598],[-40.39636,-20.30605],[-40.39861,-20.30643],[-40.39944,-20.30674],[-40.40073,-20.30755],[-40.40159,-20.3076],[-40.40186,-20.3082],[-40.40258,-20.30787],[-40.40337,-20.30843],[-40.404,-20.30827],[-40.40493,-20.30847],[-40.40621,-20.30746],[-40.40679,-20.30662],[-40.40695,-20.30601],[-40.40847,-20.30589],[-40.40869,-20.30614],[-40.40843,-20.30702],[-40.40845,-20.30786],[-40.40865,-20.30876],[-40.40818,-20.30976],[-40.40703,-20.31041],[-40.40714,-20.31085],[-40.40675,-20.31207],[-40.4067,-20.31268],[-40.40599,-20.3132],[-40.40635,-20.31498],[-40.40689,-20.31569],[-40.40661,-20.31742],[-40.40688,-20.31783],[-40.40649,-20.31864],[-40.4067,-20.31944],[-40.40606,-20.31987],[-40.40638,-20.32018],[-40.40615,-20.32113],[-40.40552,-20.32108],[-40.40503,-20.32159],[-40.40454,-20.32171],[-40.40399,-20.32216],[-40.40368,-20.3219],[-40.40278,-20.32188],[-40.40216,-20.32266],[-40.40128,-20.32402],[-40.40056,-20.32557],[-40.40011,-20.32716],[-40.39954,-20.32686],[-40.39714,-20.32692],[-40.39544,-20.32443],[-40.39505,-20.32358],[-40.39504,-20.32288],[-40.39536,-20.32206],[-40.39623,-20.3204],[-40.39631,-20.31954],[-40.39586,-20.31635],[-40.39563,-20.31463],[-40.39556,-20.31319],[-40.39536,-20.31274],[-40.3948,-20.30892],[-40.39487,-20.30796],[-40.39501,-20.30598]]]},"properties":{"codigo":"3201308090","name":"Serra do Anil","population":139,"households":56,"areaKm2":2.265,"density":61.4}},{"type":"Feature","geometry":{"type":"Polygon","coordinates":[[[-40.40957,-20.33067],[-40.40989,-20.32985],[-40.4095,-20.32861],[-40.41049,-20.32648],[-40.41065,-20.3256],[-40.41034,-20.32485],[-40.41106,-20.32402],[-40.41054,-20.32357],[-40.4107,-20.32304],[-40.41217,-20.32146],[-40.4129,-20.32117],[-40.41326,-20.3207],[-40.41381,-20.32102],[-40.41465,-20.321],[-40.41488,-20.32027],[-40.4153,-20.32027],[-40.41552,-20.32141],[-40.41664,-20.32114],[-40.41687,-20.3214],[-40.41679,-20.32305],[-40.41527,-20.32361],[-40.41449,-20.32509],[-40.41518,-20.32549],[-40.4162,-20.3265],[-40.41637,-20.32692],[-40.41611,-20.32768],[-40.4162,-20.3284],[-40.41546,-20.32859],[-40.41413,-20.32969],[-40.41349,-20.33071],[-40.41177,-20.32986],[-40.41079,-20.32978],[-40.41031,-20.33032],[-40.40957,-20.33067]]]},"properties":{"codigo":"3201308081","name":"São Gonçalo","population":991,"households":423,"areaKm2":0.5472,"density":1811}},{"type":"Feature","geometry":{"type":"Polygon","coordinates":[[[-40.39229,-20.3697],[-40.39261,-20.37014],[-40.39354,-20.37052],[-40.39404,-20.37092],[-40.39454,-20.37102],[-40.39608,-20.37104],[-40.39677,-20.3713],[-40.39724,-20.37112],[-40.39784,-20.37028],[-40.39822,-20.37008],[-40.39908,-20.37006],[-40.39951,-20.37046],[-40.40058,-20.37274],[-40.40095,-20.37422],[-40.40036,-20.37535],[-40.39939,-20.3767],[-40.39877,-20.37715],[-40.39813,-20.37825],[-40.39442,-20.37647],[-40.39233,-20.37569],[-40.39158,-20.3753],[-40.38904,-20.37427],[-40.38853,-20.37335],[-40.38841,-20.37277],[-40.38861,-20.37191],[-40.38844,-20.37073],[-40.38856,-20.37027],[-40.39005,-20.37073],[-40.39064,-20.37016],[-40.39075,-20.36976],[-40.39229,-20.3697]]]},"properties":{"codigo":"3201308018","name":"Padre Gabriel","population":4918,"households":1944,"areaKm2":0.7803,"density":6302.8}},{"type":"Feature","geometry":{"type":"Polygon","coordinates":[[[-40.38145,-20.33189],[-40.38212,-20.33149],[-40.38309,-20.33127],[-40.38234,-20.33081],[-40.38212,-20.32862],[-40.38254,-20.32754],[-40.38227,-20.32697],[-40.38276,-20.32684],[-40.38349,-20.32725],[-40.38458,-20.32751],[-40.38537,-20.32747],[-40.38679,-20.32792],[-40.38968,-20.32857],[-40.38989,-20.32989],[-40.38965,-20.33122],[-40.38936,-20.33116],[-40.38878,-20.33229],[-40.38831,-20.3326],[-40.38767,-20.33259],[-40.38746,-20.33433],[-40.38687,-20.33431],[-40.38766,-20.33605],[-40.38777,-20.33657],[-40.38709,-20.33683],[-40.38443,-20.33826],[-40.38341,-20.33858],[-40.382,-20.33843],[-40.38023,-20.33744],[-40.38169,-20.33523],[-40.38168,-20.33407],[-40.38146,-20.33268],[-40.38145,-20.33189]]]},"properties":{"codigo":"3201308054","name":"Rio Branco","population":5369,"households":2249,"areaKm2":0.7974,"density":6733.1}},{"type":"Feature","geometry":{"type":"Polygon","coordinates":[[[-40.39014,-20.35285],[-40.38909,-20.35373],[-40.38869,-20.35457],[-40.38899,-20.35537],[-40.38975,-20.3561],[-40.39025,-20.35732],[-40.38993,-20.35949],[-40.38979,-20.35983],[-40.38925,-20.36026],[-40.38756,-20.36023],[-40.38691,-20.35995],[-40.38652,-20.35924],[-40.38598,-20.35881],[-40.3855,-20.35804],[-40.38538,-20.35753],[-40.3847,-20.35699],[-40.38588,-20.35495],[-40.38649,-20.35451],[-40.38775,-20.35431],[-40.38829,-20.35397],[-40.38888,-20.35318],[-40.38941,-20.35282],[-40.39014,-20.35285]]]},"properties":{"codigo":"3201308033","name":"Parque Gramado","population":1182,"households":492,"areaKm2":0.2817,"density":4196.4}},{"type":"Feature","geometry":{"type":"Polygon","coordinates":[[[-40.3686,-20.37833],[-40.36859,-20.37632],[-40.36848,-20.37558],[-40.36858,-20.37461],[-40.36843,-20.37379],[-40.3674,-20.37306],[-40.36689,-20.37176],[-40.3668,-20.37098],[-40.36693,-20.36995],[-40.36792,-20.37082],[-40.36909,-20.37103],[-40.37009,-20.37083],[-40.37077,-20.3709],[-40.37091,-20.37056],[-40.37202,-20.37047],[-40.37395,-20.37008],[-40.37487,-20.36981],[-40.37566,-20.37016],[-40.37627,-20.37014],[-40.37757,-20.36921],[-40.37805,-20.36903],[-40.37843,-20.36995],[-40.3801,-20.36949],[-40.38083,-20.36996],[-40.3805,-20.3707],[-40.38078,-20.37166],[-40.3812,-20.37228],[-40.38111,-20.37279],[-40.38145,-20.3733],[-40.38024,-20.37393],[-40.37992,-20.37441],[-40.37924,-20.3748],[-40.3785,-20.37414],[-40.37783,-20.37287],[-40.37706,-20.37293],[-40.37613,-20.3736],[-40.37576,-20.37363],[-40.37505,-20.37433],[-40.37435,-20.3748],[-40.37377,-20.37475],[-40.37337,-20.37552],[-40.37243,-20.37584],[-40.3719,-20.37625],[-40.37173,-20.37706],[-40.3714,-20.37765],[-40.37077,-20.37818],[-40.36969,-20.37835],[-40.3686,-20.37833]]]},"properties":{"codigo":"3201308022","name":"Castelo Branco","population":8352,"households":3525,"areaKm2":0.7879,"density":10600.8}}]}