{"type":"FeatureCollection","features":[{"type":"Feature","geometry":{"type":"Polygon","coordinates":[[[-40.24493,-20.1381],[-40.24442,-20.138],[-40.24403,-20.13938],[-40.24391,-20.1403],[-40.24343,-20.14006],[-40.24303,-20.14076],[-40.24178,-20.14109],[-40.24043,-20.14202],[-40.23908,-20.14378],[-40.23819,-20.14467],[-40.23718,-20.14536],[-40.23779,-20.14608],[-40.23808,-20.14594],[-40.23868,-20.14709],[-40.23625,-20.14835],[-40.23538,-20.14865],[-40.23352,-20.14954],[-40.23192,-20.14985],[-40.23054,-20.14913],[-40.23006,-20.14861],[-40.22824,-20.14799],[-40.22688,-20.14864],[-40.22572,-20.14896],[-40.22474,-20.14979],[-40.22052,-20.14955],[-40.21796,-20.15006],[-40.21458,-20.14906],[-40.21351,-20.14794],[-40.21265,-20.14822],[-40.21224,-20.14984],[-40.21163,-20.15074],[-40.21068,-20.15119],[-40.2094,-20.15133],[-40.20827,-20.15215],[-40.20865,-20.15249],[-40.20829,-20.15276],[-40.20743,-20.15246],[-40.20674,-20.15244],[-40.20555,-20.15275],[-40.20428,-20.15245],[-40.2036,-20.15267],[-40.20295,-20.15336],[-40.20233,-20.15375],[-40.20165,-20.1545],[-40.20043,-20.15379],[-40.20018,-20.15462],[-40.19918,-20.15437],[-40.19755,-20.15386],[-40.19685,-20.15386],[-40.1964,-20.15301],[-40.1962,-20.15258],[-40.19621,-20.15218],[-40.19681,-20.15203],[-40.19667,-20.15145],[-40.19713,-20.15074],[-40.19778,-20.15044],[-40.19758,-20.14987],[-40.19809,-20.14898],[-40.19865,-20.14862],[-40.20074,-20.14949],[-40.20089,-20.149],[-40.20185,-20.1481],[-40.20269,-20.14778],[-40.20327,-20.1473],[-40.20382,-20.14726],[-40.20414,-20.14678],[-40.20335,-20.14663],[-40.20276,-20.1461],[-40.20204,-20.14595],[-40.20253,-20.14518],[-40.20282,-20.14419],[-40.20354,-20.14328],[-40.20458,-20.14257],[-40.20426,-20.14141],[-40.20474,-20.14112],[-40.20579,-20.14128],[-40.2069,-20.14215],[-40.20762,-20.1424],[-40.20839,-20.14201],[-40.20931,-20.14082],[-40.20936,-20.14028],[-40.21021,-20.13978],[-40.21078,-20.13875],[-40.21083,-20.13782],[-40.21263,-20.13624],[-40.21454,-20.13506],[-40.21529,-20.13447],[-40.21619,-20.13326],[-40.21808,-20.13247],[-40.21965,-20.13159],[-40.22264,-20.13042],[-40.22629,-20.13065],[-40.22762,-20.13086],[-40.22932,-20.13129],[-40.23174,-20.13221],[-40.23246,-20.13266],[-40.2334,-20.13303],[-40.2339,-20.13218],[-40.23522,-20.13302],[-40.23551,-20.13394],[-40.23506,-20.13578],[-40.23512,-20.13649],[-40.23551,-20.13677],[-40.23764,-20.13751],[-40.23875,-20.1374],[-40.23964,-20.13745],[-40.24075,-20.13727],[-40.24196,-20.13675],[-40.24293,-20.13656],[-40.24378,-20.13594],[-40.24398,-20.13541],[-40.24438,-20.13518],[-40.24502,-20.1362],[-40.24513,-20.13698],[-40.24493,-20.1381]]]},"properties":{"codigo":"3205002127","name":"Porto Dourado","population":5593,"households":2324,"areaKm2":6.8422,"density":817.4}},{"type":"Feature","geometry":{"type":"Polygon","coordinates":[[[-40.29896,-20.12354],[-40.29978,-20.12281],[-40.30089,-20.1211],[-40.30084,-20.12088],[-40.30251,-20.12154],[-40.30299,-20.12185],[-40.3036,-20.12286],[-40.3045,-20.12363],[-40.30262,-20.12522],[-40.30215,-20.1252],[-40.3011,-20.12446],[-40.29896,-20.12354]]]},"properties":{"codigo":"3205002104","name":"Jardim Primavera","population":276,"households":101,"areaKm2":0.1432,"density":1927.9}},{"type":"Feature","geometry":{"type":"Polygon","coordinates":[[[-40.2339,-20.13218],[-40.23438,-20.13136],[-40.23658,-20.12847],[-40.24019,-20.12748],[-40.24068,-20.12739],[-40.24601,-20.12785],[-40.24616,-20.12939],[-40.24595,-20.13048],[-40.2455,-20.13131],[-40.24555,-20.1321],[-40.2459,-20.13307],[-40.24569,-20.13369],[-40.24579,-20.1343],[-40.24669,-20.13533],[-40.24655,-20.13637],[-40.24597,-20.13698],[-40.246,-20.13752],[-40.24636,-20.13768],[-40.24631,-20.13826],[-40.24478,-20.13894],[-40.24493,-20.1381],[-40.24513,-20.13698],[-40.24502,-20.1362],[-40.24438,-20.13518],[-40.24398,-20.13541],[-40.24378,-20.13594],[-40.24293,-20.13656],[-40.24196,-20.13675],[-40.24075,-20.13727],[-40.23964,-20.13745],[-40.23875,-20.1374],[-40.23764,-20.13751],[-40.23551,-20.13677],[-40.23512,-20.13649],[-40.23506,-20.13578],[-40.23551,-20.13394],[-40.23522,-20.13302],[-40.2339,-20.13218]]]},"properties":{"codigo":"3205002092","name":"Serra Dourada I","population":3723,"households":1559,"areaKm2":1.156,"density":3220.6}},{"type":"Feature","geometry":{"type":"Polygon","coordinates":[[[-40.32887,-20.10854],[-40.33656,-20.10058],[-40.33821,-20.09851],[-40.33924,-20.09689],[-40.34217,-20.09084],[-40.34269,-20.09136],[-40.34321,-20.09392],[-40.34306,-20.09446],[-40.34314,-20.09693],[-40.3433,-20.09773],[-40.34394,-20.09832],[-40.34473,-20.09945],[-40.34559,-20.09924],[-40.34629,-20.09938],[-40.34734,-20.10032],[-40.34783,-20.09962],[-40.34949,-20.09979],[-40.34988,-20.101],[-40.34903,-20.10132],[-40.34865,-20.10194],[-40.34741,-20.10293],[-40.34721,-20.10265],[-40.34601,-20.10322],[-40.3448,-20.10409],[-40.34444,-20.1045],[-40.34445,-20.10535],[-40.3451,-20.10662],[-40.34404,-20.10664],[-40.34359,-20.10685],[-40.34195,-20.10707],[-40.34178,-20.10649],[-40.34019,-20.10659],[-40.34012,-20.10721],[-40.33959,-20.10846],[-40.33917,-20.10902],[-40.33885,-20.10905],[-40.33818,-20.10806],[-40.33773,-20.10793],[-40.33672,-20.10883],[-40.33653,-20.10817],[-40.33596,-20.10768],[-40.3334,-20.10835],[-40.33341,-20.10872],[-40.33258,-20.10956],[-40.3318,-20.11065],[-40.33161,-20.10978],[-40.33089,-20.10946],[-40.33026,-20.10957],[-40.32988,-20.10926],[-40.32925,-20.10959],[-40.32887,-20.10854]]]},"properties":{"codigo":"3205002020","name":"Belvedere","population":1646,"households":710,"areaKm2":1.6266,"density":1011.9}},{"type":"Feature","geometry":{"type":"Polygon","coordinates":[[[-40.2738,-20.12181],[-40.2706,-20.11946],[-40.26946,-20.11959],[-40.26837,-20.11955],[-40.26765,-20.11911],[-40.26635,-20.11722],[-40.267,-20.11676],[-40.26897,-20.11514],[-40.27205,-20.11508],[-40.2733,-20.11732],[-40.27322,-20.1189],[-40.27437,-20.11765],[-40.27579,-20.11744],[-40.2762,-20.1171],[-40.27621,-20.11665],[-40.27693,-20.11599],[-40.27764,-20.11606],[-40.27889,-20.11687],[-40.28075,-20.11676],[-40.28132,-20.11629],[-40.2812,-20.11548],[-40.28076,-20.11579],[-40.27972,-20.11597],[-40.279,-20.1158],[-40.27778,-20.11455],[-40.27759,-20.11382],[-40.27777,-20.11337],[-40.2783,-20.11292],[-40.28254,-20.1126],[-40.28361,-20.11283],[-40.28532,-20.11366],[-40.28602,-20.11299],[-40.28649,-20.11422],[-40.28746,-20.11527],[-40.28836,-20.11497],[-40.2876,-20.11424],[-40.28628,-20.11272],[-40.28884,-20.1122],[-40.29198,-20.11421],[-40.29258,-20.11368],[-40.29207,-20.11309],[-40.29282,-20.11275],[-40.29346,-20.11286],[-40.29448,-20.11247],[-40.29512,-20.11143],[-40.29562,-20.11127],[-40.29603,-20.11178],[-40.29544,-20.11343],[-40.29558,-20.11405],[-40.29611,-20.11481],[-40.29711,-20.11423],[-40.2975,-20.11458],[-40.29911,-20.11524],[-40.29974,-20.11535],[-40.2995,-20.11585],[-40.30022,-20.11641],[-40.30186,-20.11653],[-40.30157,-20.11735],[-40.3015,-20.11832],[-40.30124,-20.11896],[-40.30137,-20.12024],[-40.30018,-20.12002],[-40.29969,-20.11965],[-40.2993,-20.12011],[-40.29716,-20.12205],[-40.29671,-20.12316],[-40.2959,-20.1229],[-40.29496,-20.12179],[-40.29443,-20.12146],[-40.29286,-20.12158],[-40.29231,-20.12116],[-40.29194,-20.11998],[-40.29149,-20.11908],[-40.29085,-20.11851],[-40.28976,-20.11817],[-40.28653,-20.11863],[-40.2855,-20.11925],[-40.2849,-20.11936],[-40.28405,-20.11892],[-40.28333,-20.11983],[-40.28282,-20.11968],[-40.28122,-20.12079],[-40.28108,-20.12112],[-40.28023,-20.12182],[-40.27824,-20.12099],[-40.27623,-20.12127],[-40.27536,-20.12097],[-40.27446,-20.12127],[-40.2738,-20.12181]]]},"properties":{"codigo":"3205002106","name":"Residencial Centro da Serra","population":6131,"households":2517,"areaKm2":2.3382,"density":2622.1}},{"type":"Feature","geometry":{"type":"Polygon","coordinates":[[[-40.3045,-20.12363],[-40.30481,-20.12337],[-40.30522,-20.12396],[-40.30629,-20.12621],[-40.30658,-20.12666],[-40.30544,-20.12712],[-40.30583,-20.12884],[-40.30491,-20.12905],[-40.30334,-20.12894],[-40.2998,-20.12879],[-40.29889,-20.12836],[-40.30262,-20.12522],[-40.3045,-20.12363]]]},"properties":{"codigo":"3205002101","name":"Caçaroca","population":1333,"households":571,"areaKm2":0.2637,"density":5054.7}},{"type":"Feature","geometry":{"type":"Polygon","coordinates":[[[-40.31391,-20.13148],[-40.3132,-20.13172],[-40.31272,-20.1324],[-40.31167,-20.13236],[-40.31083,-20.13324],[-40.31007,-20.13425],[-40.31023,-20.13336],[-40.30941,-20.13171],[-40.30896,-20.13115],[-40.30856,-20.13149],[-40.30805,-20.13071],[-40.30743,-20.13062],[-40.30776,-20.13024],[-40.30803,-20.12873],[-40.30887,-20.12864],[-40.30881,-20.12796],[-40.30956,-20.12734],[-40.30999,-20.12771],[-40.31033,-20.12847],[-40.31078,-20.12835],[-40.31115,-20.12898],[-40.311,-20.13026],[-40.31242,-20.12997],[-40.31347,-20.12999],[-40.31391,-20.13148]]]},"properties":{"codigo":"3205002082","name":"Santo Antônio","population":2001,"households":850,"areaKm2":0.2134,"density":9377.7}},{"type":"Feature","geometry":{"type":"Polygon","coordinates":[[[-40.26639,-20.14752],[-40.26766,-20.14716],[-40.26893,-20.1473],[-40.2698,-20.14769],[-40.27069,-20.14838],[-40.27143,-20.14848],[-40.27192,-20.14833],[-40.27347,-20.14727],[-40.27645,-20.14749],[-40.27847,-20.14936],[-40.27861,-20.14986],[-40.27789,-20.15225],[-40.27833,-20.15265],[-40.27785,-20.15415],[-40.27579,-20.1538],[-40.27567,-20.15436],[-40.27523,-20.15431],[-40.27446,-20.15336],[-40.27411,-20.15318],[-40.27083,-20.15416],[-40.26945,-20.15438],[-40.26894,-20.15472],[-40.26849,-20.15536],[-40.26789,-20.15571],[-40.26688,-20.15559],[-40.26635,-20.15526],[-40.26525,-20.15494],[-40.2635,-20.15477],[-40.26293,-20.1546],[-40.26191,-20.15354],[-40.26104,-20.15333],[-40.26244,-20.15282],[-40.26359,-20.15168],[-40.26399,-20.15092],[-40.26439,-20.1506],[-40.26573,-20.14896],[-40.26597,-20.14814],[-40.26639,-20.14752]]]},"properties":{"codigo":"3205002087","name":"Nova Carapina II","population":9483,"households":3731,"areaKm2":1.1037,"density":8592.4}},{"type":"Feature","geometry":{"type":"Polygon","coordinates":[[[-40.36864,-20.07332],[-40.36425,-20.08111],[-40.36278,-20.08102],[-40.36167,-20.08035],[-40.3608,-20.08091],[-40.35968,-20.08101],[-40.35964,-20.08022],[-40.3592,-20.07985],[-40.35867,-20.07877],[-40.35815,-20.07822],[-40.35787,-20.07743],[-40.3566,-20.07705],[-40.35704,-20.07531],[-40.35694,-20.07513],[-40.35418,-20.07313],[-40.35621,-20.07151],[-40.35785,-20.07039],[-40.3591,-20.06978],[-40.36053,-20.06926],[-40.36153,-20.069],[-40.36646,-20.06818],[-40.37024,-20.06759],[-40.37196,-20.06741],[-40.36864,-20.07332]]]},"properties":{"codigo":"3205002128","name":"Chapada Grande","population":0,"households":1,"areaKm2":1.5252,"density":0}},{"type":"Feature","geometry":{"type":"Polygon","coordinates":[[[-40.30623,-20.11096],[-40.30664,-20.1116],[-40.30666,-20.11227],[-40.30753,-20.1133],[-40.30901,-20.11405],[-40.30865,-20.11461],[-40.3076,-20.11422],[-40.30694,-20.11626],[-40.30638,-20.1161],[-40.306,-20.11733],[-40.30512,-20.11704],[-40.30491,-20.11617],[-40.30505,-20.11571],[-40.30351,-20.11625],[-40.30388,-20.11771],[-40.30297,-20.11775],[-40.30186,-20.11653],[-40.30194,-20.1154],[-40.30296,-20.11524],[-40.30214,-20.11278],[-40.30224,-20.1116],[-40.30258,-20.11022],[-40.30352,-20.10962],[-40.30578,-20.11009],[-40.30575,-20.11045],[-40.30623,-20.11096]]]},"properties":{"codigo":"3205002117","name":"Palmeiras","population":2082,"households":773,"areaKm2":0.3774,"density":5516}},{"type":"Feature","geometry":{"type":"Polygon","coordinates":[[[-40.31946,-20.13219],[-40.31754,-20.13241],[-40.31597,-20.13214],[-40.31563,-20.13164],[-40.31643,-20.12896],[-40.31649,-20.12706],[-40.3166,-20.12646],[-40.31699,-20.12649],[-40.31689,-20.12468],[-40.31781,-20.12584],[-40.31784,-20.12619],[-40.31865,-20.12627],[-40.31885,-20.12571],[-40.31794,-20.12501],[-40.31685,-20.12395],[-40.31724,-20.12303],[-40.31694,-20.12233],[-40.317,-20.12197],[-40.31753,-20.12159],[-40.31858,-20.1216],[-40.31945,-20.12182],[-40.32094,-20.12109],[-40.32118,-20.12152],[-40.32301,-20.12109],[-40.3228,-20.12503],[-40.32296,-20.1258],[-40.3228,-20.12646],[-40.32332,-20.12673],[-40.32252,-20.12824],[-40.32379,-20.12884],[-40.32417,-20.12948],[-40.32406,-20.12979],[-40.32282,-20.13076],[-40.32183,-20.13127],[-40.32051,-20.13126],[-40.31946,-20.13219]]]},"properties":{"codigo":"3205002109","name":"São Marcos","population":5699,"households":2375,"areaKm2":0.756,"density":7538}},{"type":"Feature","geometry":{"type":"Polygon","coordinates":[[[-40.24571,-20.1461],[-40.24605,-20.14564],[-40.24622,-20.14445],[-40.24661,-20.14386],[-40.24745,-20.14302],[-40.24839,-20.14237],[-40.24895,-20.1424],[-40.24943,-20.14088],[-40.24955,-20.14007],[-40.24936,-20.13969],[-40.24988,-20.13878],[-40.25227,-20.13915],[-40.25192,-20.13947],[-40.25318,-20.14022],[-40.25371,-20.14006],[-40.25437,-20.14015],[-40.25481,-20.14044],[-40.25514,-20.14016],[-40.25655,-20.14147],[-40.25778,-20.14182],[-40.25795,-20.14103],[-40.25897,-20.14097],[-40.26017,-20.14108],[-40.26082,-20.14098],[-40.26213,-20.14086],[-40.26235,-20.14206],[-40.26191,-20.14405],[-40.26075,-20.14346],[-40.25729,-20.14562],[-40.25599,-20.14568],[-40.25513,-20.146],[-40.25094,-20.14819],[-40.24979,-20.1489],[-40.24898,-20.14829],[-40.24814,-20.14734],[-40.24795,-20.14669],[-40.24742,-20.14627],[-40.24571,-20.1461]]]},"properties":{"codigo":"3205002090","name":"Novo Porto Canoa","population":5219,"households":2115,"areaKm2":0.9818,"density":5316}},{"type":"Feature","geometry":{"type":"Polygon","coordinates":[[[-40.24601,-20.12785],[-40.25149,-20.1283],[-40.25224,-20.12934],[-40.25067,-20.13074],[-40.25026,-20.13173],[-40.24975,-20.13174],[-40.2489,-20.13228],[-40.24795,-20.1327],[-40.2459,-20.13307],[-40.24555,-20.1321],[-40.2455,-20.13131],[-40.24595,-20.13048],[-40.24616,-20.12939],[-40.24601,-20.12785]]]},"properties":{"codigo":"3205002118","name":"Santa Rita de Cassia","population":787,"households":355,"areaKm2":0.2662,"density":2956}},{"type":"Feature","geometry":{"type":"Polygon","coordinates":[[[-40.2998,-20.12879],[-40.29986,-20.12936],[-40.30028,-20.12983],[-40.30035,-20.13052],[-40.30109,-20.13153],[-40.30221,-20.13127],[-40.30317,-20.13173],[-40.30281,-20.13198],[-40.30384,-20.13345],[-40.3034,-20.13439],[-40.3035,-20.13565],[-40.30409,-20.1354],[-40.30515,-20.13522],[-40.30636,-20.13494],[-40.30771,-20.1348],[-40.30787,-20.13572],[-40.30775,-20.13669],[-40.3083,-20.13741],[-40.30766,-20.1377],[-40.30611,-20.13781],[-40.305,-20.13834],[-40.30428,-20.13758],[-40.30355,-20.13759],[-40.30335,-20.1391],[-40.304,-20.14233],[-40.30314,-20.1441],[-40.30232,-20.14437],[-40.30102,-20.14543],[-40.30007,-20.14559],[-40.29874,-20.14377],[-40.29832,-20.14298],[-40.29849,-20.14244],[-40.2975,-20.14093],[-40.2973,-20.14082],[-40.29752,-20.1406],[-40.29876,-20.14011],[-40.29625,-20.13646],[-40.29574,-20.13614],[-40.29499,-20.135],[-40.29536,-20.13416],[-40.29361,-20.1336],[-40.29327,-20.13338],[-40.29343,-20.13314],[-40.29434,-20.13217],[-40.29889,-20.12836],[-40.2998,-20.12879]]]},"properties":{"codigo":"3205002098","name":"Vista da Serra I","population":7670,"households":3123,"areaKm2":1.2985,"density":5906.9}},{"type":"Feature","geometry":{"type":"Polygon","coordinates":[[[-40.30007,-20.14559],[-40.29969,-20.14597],[-40.29859,-20.14602],[-40.29706,-20.14711],[-40.29706,-20.14796],[-40.29742,-20.14877],[-40.29681,-20.15006],[-40.29675,-20.15067],[-40.29722,-20.15104],[-40.29614,-20.15199],[-40.29596,-20.15074],[-40.29518,-20.15026],[-40.295,-20.1499],[-40.29522,-20.14929],[-40.2946,-20.14842],[-40.29391,-20.1485],[-40.29315,-20.14891],[-40.29295,-20.14767],[-40.29193,-20.14836],[-40.29107,-20.14777],[-40.29096,-20.14569],[-40.28992,-20.14562],[-40.2897,-20.14588],[-40.28843,-20.14825],[-40.28831,-20.14866],[-40.28658,-20.14851],[-40.28672,-20.1465],[-40.28773,-20.1464],[-40.28896,-20.14595],[-40.29009,-20.14515],[-40.29109,-20.14374],[-40.29149,-20.14283],[-40.29249,-20.14336],[-40.29315,-20.14442],[-40.29433,-20.1444],[-40.29537,-20.1447],[-40.29592,-20.14434],[-40.29516,-20.14386],[-40.29511,-20.14257],[-40.29657,-20.14127],[-40.2973,-20.14082],[-40.2975,-20.14093],[-40.29849,-20.14244],[-40.29832,-20.14298],[-40.29874,-20.14377],[-40.30007,-20.14559]]]},"properties":{"codigo":"3205002094","name":"Campinho da Serra II","population":1232,"households":508,"areaKm2":0.6009,"density":2050.2}},{"type":"Feature","geometry":{"type":"Polygon","coordinates":[[[-40.30743,-20.13062],[-40.30648,-20.13079],[-40.30748,-20.13359],[-40.30721,-20.13415],[-40.30511,-20.13436],[-40.30515,-20.13522],[-40.30409,-20.1354],[-40.3035,-20.13565],[-40.3034,-20.13439],[-40.30384,-20.13345],[-40.30489,-20.13319],[-40.3052,-20.13275],[-40.30539,-20.13195],[-40.30471,-20.1309],[-40.30427,-20.13053],[-40.30446,-20.1301],[-40.30569,-20.13017],[-40.30616,-20.12951],[-40.30776,-20.13024],[-40.30743,-20.13062]]]},"properties":{"codigo":"3205002099","name":"São Lourenço","population":836,"households":350,"areaKm2":0.1455,"density":5747.4}},{"type":"Feature","geometry":{"type":"Polygon","coordinates":[[[-40.31689,-20.12468],[-40.31659,-20.12436],[-40.31685,-20.12395],[-40.31794,-20.12501],[-40.31885,-20.12571],[-40.31865,-20.12627],[-40.31784,-20.12619],[-40.31781,-20.12584],[-40.31689,-20.12468]]]},"properties":{"codigo":"3205002119","name":"São Marcos II","population":188,"households":80,"areaKm2":0.0199,"density":9444}},{"type":"Feature","geometry":{"type":"Polygon","coordinates":[[[-40.32925,-20.10959],[-40.32786,-20.11067],[-40.32797,-20.11179],[-40.32743,-20.11238],[-40.32608,-20.1114],[-40.32531,-20.11194],[-40.31928,-20.11498],[-40.31914,-20.11447],[-40.31765,-20.11321],[-40.31787,-20.11196],[-40.31889,-20.11223],[-40.31989,-20.11162],[-40.31984,-20.11095],[-40.3213,-20.11069],[-40.32285,-20.11018],[-40.32314,-20.1094],[-40.32464,-20.10892],[-40.32623,-20.10771],[-40.32796,-20.10948],[-40.32887,-20.10854],[-40.32925,-20.10959]]]},"properties":{"codigo":"3205002113","name":"Divinópolis","population":2447,"households":1008,"areaKm2":0.3904,"density":6267.6}},{"type":"Feature","geometry":{"type":"Polygon","coordinates":[[[-40.24988,-20.13878],[-40.25011,-20.13816],[-40.25016,-20.13707],[-40.25004,-20.13647],[-40.25012,-20.13539],[-40.25066,-20.13411],[-40.25093,-20.13382],[-40.25032,-20.13265],[-40.25026,-20.13173],[-40.25067,-20.13074],[-40.25224,-20.12934],[-40.25311,-20.12986],[-40.25343,-20.13028],[-40.25464,-20.1326],[-40.25631,-20.13391],[-40.25864,-20.13558],[-40.25927,-20.13611],[-40.26086,-20.13787],[-40.26136,-20.13904],[-40.26128,-20.14026],[-40.26082,-20.14098],[-40.26017,-20.14108],[-40.25897,-20.14097],[-40.25795,-20.14103],[-40.25778,-20.14182],[-40.25655,-20.14147],[-40.25514,-20.14016],[-40.25481,-20.14044],[-40.25437,-20.14015],[-40.25371,-20.14006],[-40.25318,-20.14022],[-40.25192,-20.13947],[-40.25227,-20.13915],[-40.24988,-20.13878]]]},"properties":{"codigo":"3205002093","name":"Serra Dourada III","population":4897,"households":2039,"areaKm2":0.9091,"density":5386.7}},{"type":"Feature","geometry":{"type":"Polygon","coordinates":[[[-40.30623,-20.11096],[-40.30631,-20.11072],[-40.308,-20.10948],[-40.30839,-20.10941],[-40.3099,-20.11107],[-40.3104,-20.11242],[-40.31099,-20.11282],[-40.31149,-20.11282],[-40.31356,-20.1122],[-40.31379,-20.11151],[-40.31421,-20.11099],[-40.31787,-20.11196],[-40.31765,-20.11321],[-40.31914,-20.11447],[-40.31928,-20.11498],[-40.31458,-20.11735],[-40.30913,-20.1201],[-40.308,-20.12079],[-40.30682,-20.12009],[-40.3061,-20.11939],[-40.30496,-20.11863],[-40.30441,-20.11844],[-40.30388,-20.11771],[-40.30351,-20.11625],[-40.30505,-20.11571],[-40.30491,-20.11617],[-40.30512,-20.11704],[-40.306,-20.11733],[-40.30638,-20.1161],[-40.30694,-20.11626],[-40.3076,-20.11422],[-40.30865,-20.11461],[-40.30901,-20.11405],[-40.30753,-20.1133],[-40.30666,-20.11227],[-40.30664,-20.1116],[-40.30623,-20.11096]]]},"properties":{"codigo":"3205002108","name":"Jardim Bela Vista","population":3846,"households":1651,"areaKm2":0.9807,"density":3921.7}},{"type":"Feature","geometry":{"type":"Polygon","coordinates":[[[-40.31391,-20.13148],[-40.31597,-20.13214],[-40.31754,-20.13241],[-40.31946,-20.13219],[-40.32057,-20.1326],[-40.32085,-20.13295],[-40.3208,-20.13354],[-40.32038,-20.13413],[-40.32058,-20.1351],[-40.32038,-20.13543],[-40.31909,-20.13611],[-40.31825,-20.1363],[-40.31674,-20.13615],[-40.31556,-20.13876],[-40.31464,-20.13815],[-40.31183,-20.137],[-40.31034,-20.13733],[-40.30954,-20.13588],[-40.30955,-20.13511],[-40.31007,-20.13425],[-40.31083,-20.13324],[-40.31167,-20.13236],[-40.31272,-20.1324],[-40.3132,-20.13172],[-40.31391,-20.13148]]]},"properties":{"codigo":"3205002102","name":"Cascata","population":3618,"households":1487,"areaKm2":0.5838,"density":6197.8}},{"type":"Feature","geometry":{"type":"Polygon","coordinates":[[[-40.24493,-20.1381],[-40.24478,-20.13894],[-40.24631,-20.13826],[-40.24636,-20.13768],[-40.246,-20.13752],[-40.24597,-20.13698],[-40.24655,-20.13637],[-40.24669,-20.13533],[-40.24579,-20.1343],[-40.24569,-20.13369],[-40.2459,-20.13307],[-40.24795,-20.1327],[-40.2489,-20.13228],[-40.24975,-20.13174],[-40.25026,-20.13173],[-40.25032,-20.13265],[-40.25093,-20.13382],[-40.25066,-20.13411],[-40.25012,-20.13539],[-40.25004,-20.13647],[-40.25016,-20.13707],[-40.25011,-20.13816],[-40.24988,-20.13878],[-40.24936,-20.13969],[-40.24955,-20.14007],[-40.24943,-20.14088],[-40.24895,-20.1424],[-40.24839,-20.14237],[-40.24745,-20.14302],[-40.24661,-20.14386],[-40.24622,-20.14445],[-40.24605,-20.14564],[-40.24571,-20.1461],[-40.24267,-20.14588],[-40.24078,-20.14584],[-40.2402,-20.14601],[-40.23868,-20.14709],[-40.23808,-20.14594],[-40.23779,-20.14608],[-40.23718,-20.14536],[-40.23819,-20.14467],[-40.23908,-20.14378],[-40.24043,-20.14202],[-40.24178,-20.14109],[-40.24303,-20.14076],[-40.24343,-20.14006],[-40.24391,-20.1403],[-40.24403,-20.13938],[-40.24442,-20.138],[-40.24493,-20.1381]]]},"properties":{"codigo":"3205002091","name":"Serra Dourada II","population":5288,"households":2189,"areaKm2":0.9336,"density":5664}},{"type":"Feature","geometry":{"type":"Polygon","coordinates":[[[-40.30491,-20.12905],[-40.30446,-20.1301],[-40.30427,-20.13053],[-40.30471,-20.1309],[-40.30539,-20.13195],[-40.3052,-20.13275],[-40.30489,-20.13319],[-40.30384,-20.13345],[-40.30281,-20.13198],[-40.30317,-20.13173],[-40.30221,-20.13127],[-40.30109,-20.13153],[-40.30035,-20.13052],[-40.30028,-20.12983],[-40.29986,-20.12936],[-40.2998,-20.12879],[-40.30334,-20.12894],[-40.30491,-20.12905]]]},"properties":{"codigo":"3205002100","name":"Maria Níobe","population":1706,"households":736,"areaKm2":0.1688,"density":10107.3}},{"type":"Feature","geometry":{"type":"Polygon","coordinates":[[[-40.27824,-20.12099],[-40.27852,-20.12228],[-40.27925,-20.1224],[-40.27988,-20.12277],[-40.28037,-20.1242],[-40.28144,-20.12491],[-40.28168,-20.12453],[-40.28235,-20.12451],[-40.28317,-20.12518],[-40.2845,-20.12538],[-40.2862,-20.12575],[-40.28696,-20.12629],[-40.28773,-20.12771],[-40.28777,-20.12809],[-40.28705,-20.12934],[-40.28747,-20.13045],[-40.28816,-20.13063],[-40.2892,-20.13063],[-40.28975,-20.13105],[-40.29082,-20.13154],[-40.29261,-20.13272],[-40.29343,-20.13314],[-40.29327,-20.13338],[-40.29255,-20.13486],[-40.29229,-20.13592],[-40.29225,-20.13677],[-40.29131,-20.13773],[-40.29079,-20.13861],[-40.29012,-20.13772],[-40.28925,-20.13835],[-40.2883,-20.13861],[-40.28736,-20.13863],[-40.28691,-20.13882],[-40.28541,-20.13869],[-40.28415,-20.13821],[-40.28363,-20.13778],[-40.28321,-20.13682],[-40.28349,-20.13496],[-40.28318,-20.13473],[-40.28335,-20.13421],[-40.28269,-20.1329],[-40.28285,-20.1324],[-40.28271,-20.13165],[-40.28048,-20.13081],[-40.27569,-20.13008],[-40.26747,-20.12871],[-40.26,-20.12752],[-40.26257,-20.12684],[-40.26757,-20.12561],[-40.27106,-20.12468],[-40.27158,-20.12416],[-40.27215,-20.12312],[-40.27269,-20.12249],[-40.2738,-20.12181],[-40.27446,-20.12127],[-40.27536,-20.12097],[-40.27623,-20.12127],[-40.27824,-20.12099]]]},"properties":{"codigo":"3205002097","name":"Planalto Serrano","population":16042,"households":6290,"areaKm2":2.4118,"density":6651.6}},{"type":"Feature","geometry":{"type":"Polygon","coordinates":[[[-40.26104,-20.15333],[-40.25987,-20.15323],[-40.25928,-20.15268],[-40.25873,-20.15247],[-40.25743,-20.15241],[-40.25735,-20.15263],[-40.2563,-20.15235],[-40.25543,-20.15241],[-40.25483,-20.15217],[-40.25354,-20.15106],[-40.25221,-20.1502],[-40.25104,-20.14972],[-40.24979,-20.1489],[-40.25094,-20.14819],[-40.25513,-20.146],[-40.25599,-20.14568],[-40.25729,-20.14562],[-40.26075,-20.14346],[-40.26191,-20.14405],[-40.26254,-20.14416],[-40.26293,-20.14464],[-40.26399,-20.14398],[-40.2648,-20.14377],[-40.26567,-20.14472],[-40.26758,-20.14428],[-40.26764,-20.14538],[-40.26667,-20.14633],[-40.2667,-20.14695],[-40.26639,-20.14752],[-40.26597,-20.14814],[-40.26573,-20.14896],[-40.26439,-20.1506],[-40.26399,-20.15092],[-40.26359,-20.15168],[-40.26244,-20.15282],[-40.26104,-20.15333]]]},"properties":{"codigo":"3205002089","name":"Eldorado","population":8059,"households":3285,"areaKm2":1.179,"density":6835.6}},{"type":"Feature","geometry":{"type":"Polygon","coordinates":[[[-40.29896,-20.12354],[-40.29791,-20.12379],[-40.29736,-20.12365],[-40.29671,-20.12316],[-40.29716,-20.12205],[-40.2993,-20.12011],[-40.29969,-20.11965],[-40.30018,-20.12002],[-40.30084,-20.12088],[-40.30089,-20.1211],[-40.29978,-20.12281],[-40.29896,-20.12354]]]},"properties":{"codigo":"3205002105","name":"Jardim Guanabara","population":924,"households":380,"areaKm2":0.1065,"density":8673.1}},{"type":"Feature","geometry":{"type":"Polygon","coordinates":[[[-40.26639,-20.14752],[-40.2667,-20.14695],[-40.26667,-20.14633],[-40.26764,-20.14538],[-40.26758,-20.14428],[-40.26567,-20.14472],[-40.2648,-20.14377],[-40.26399,-20.14398],[-40.26293,-20.14464],[-40.26254,-20.14416],[-40.26191,-20.14405],[-40.26235,-20.14206],[-40.26213,-20.14086],[-40.26232,-20.14054],[-40.26379,-20.1399],[-40.26508,-20.13967],[-40.26578,-20.14121],[-40.26608,-20.14072],[-40.26693,-20.13997],[-40.26793,-20.13973],[-40.26923,-20.1398],[-40.27015,-20.14033],[-40.27145,-20.14127],[-40.27213,-20.14126],[-40.27492,-20.14181],[-40.27601,-20.14341],[-40.27672,-20.14431],[-40.27825,-20.14456],[-40.28118,-20.14474],[-40.28305,-20.14623],[-40.2818,-20.14663],[-40.2803,-20.14775],[-40.27945,-20.1492],[-40.27833,-20.15265],[-40.27789,-20.15225],[-40.27861,-20.14986],[-40.27847,-20.14936],[-40.27645,-20.14749],[-40.27347,-20.14727],[-40.27192,-20.14833],[-40.27143,-20.14848],[-40.27069,-20.14838],[-40.2698,-20.14769],[-40.26893,-20.1473],[-40.26766,-20.14716],[-40.26639,-20.14752]]]},"properties":{"codigo":"3205002088","name":"Cidade Pomar","population":7270,"households":2865,"areaKm2":1.198,"density":6068.5}},{"type":"Feature","geometry":{"type":"Polygon","coordinates":[[[-40.31685,-20.12395],[-40.31659,-20.12436],[-40.31689,-20.12468],[-40.31699,-20.12649],[-40.3166,-20.12646],[-40.31508,-20.12632],[-40.31452,-20.12538],[-40.31459,-20.12437],[-40.31537,-20.12275],[-40.31553,-20.12127],[-40.31511,-20.11939],[-40.31709,-20.12014],[-40.31752,-20.1204],[-40.31785,-20.12101],[-40.31898,-20.12115],[-40.31945,-20.12182],[-40.31858,-20.1216],[-40.31753,-20.12159],[-40.317,-20.12197],[-40.31694,-20.12233],[-40.31724,-20.12303],[-40.31685,-20.12395]]]},"properties":{"codigo":"3205002110","name":"Nossa Senhora da Conceição","population":1480,"households":646,"areaKm2":0.1666,"density":8881.3}},{"type":"Feature","geometry":{"type":"Polygon","coordinates":[[[-40.31242,-20.12997],[-40.31222,-20.12949],[-40.31235,-20.12869],[-40.31228,-20.12752],[-40.31152,-20.12707],[-40.31181,-20.1259],[-40.31285,-20.12553],[-40.31452,-20.12538],[-40.31508,-20.12632],[-40.3166,-20.12646],[-40.31649,-20.12706],[-40.31643,-20.12896],[-40.31563,-20.13164],[-40.31597,-20.13214],[-40.31391,-20.13148],[-40.31347,-20.12999],[-40.31242,-20.12997]]]},"properties":{"codigo":"3205002073","name":"São Judas Tadeu","population":1554,"households":697,"areaKm2":0.252,"density":6167.9}},{"type":"Feature","geometry":{"type":"Polygon","coordinates":[[[-40.30481,-20.12337],[-40.308,-20.12079],[-40.30913,-20.1201],[-40.31458,-20.11735],[-40.31473,-20.11737],[-40.31511,-20.11939],[-40.31553,-20.12127],[-40.31537,-20.12275],[-40.31459,-20.12437],[-40.31452,-20.12538],[-40.31285,-20.12553],[-40.31181,-20.1259],[-40.31152,-20.12707],[-40.31228,-20.12752],[-40.31235,-20.12869],[-40.31222,-20.12949],[-40.31242,-20.12997],[-40.311,-20.13026],[-40.31115,-20.12898],[-40.31078,-20.12835],[-40.31033,-20.12847],[-40.30999,-20.12771],[-40.30956,-20.12734],[-40.30881,-20.12796],[-40.30887,-20.12864],[-40.30803,-20.12873],[-40.30776,-20.13024],[-40.30616,-20.12951],[-40.30569,-20.13017],[-40.30446,-20.1301],[-40.30491,-20.12905],[-40.30583,-20.12884],[-40.30544,-20.12712],[-40.30658,-20.12666],[-40.30629,-20.12621],[-40.30522,-20.12396],[-40.30481,-20.12337]]]},"properties":{"codigo":"3205002103","name":"Serra Centro","population":2743,"households":1263,"areaKm2":0.9247,"density":2966.3}},{"type":"Feature","geometry":{"type":"Polygon","coordinates":[[[-40.28896,-20.14595],[-40.28962,-20.14496],[-40.28861,-20.14478],[-40.28773,-20.14274],[-40.2868,-20.1418],[-40.28531,-20.14178],[-40.28489,-20.14167],[-40.28351,-20.14075],[-40.28243,-20.13905],[-40.28321,-20.13682],[-40.28363,-20.13778],[-40.28415,-20.13821],[-40.28541,-20.13869],[-40.28691,-20.13882],[-40.28736,-20.13863],[-40.2883,-20.13861],[-40.28925,-20.13835],[-40.29012,-20.13772],[-40.29079,-20.13861],[-40.29131,-20.13773],[-40.29225,-20.13677],[-40.29226,-20.13993],[-40.29217,-20.1409],[-40.29149,-20.14283],[-40.29109,-20.14374],[-40.29009,-20.14515],[-40.28896,-20.14595]]]},"properties":{"codigo":"3205002096","name":"Campinho da Serra I","population":1881,"households":745,"areaKm2":0.4912,"density":3829.7}},{"type":"Feature","geometry":{"type":"Polygon","coordinates":[[[-40.30262,-20.12522],[-40.29889,-20.12836],[-40.29434,-20.13217],[-40.29343,-20.13314],[-40.29261,-20.13272],[-40.29082,-20.13154],[-40.28975,-20.13105],[-40.2892,-20.13063],[-40.28816,-20.13063],[-40.28747,-20.13045],[-40.28705,-20.12934],[-40.28777,-20.12809],[-40.28773,-20.12771],[-40.28696,-20.12629],[-40.2862,-20.12575],[-40.2845,-20.12538],[-40.28317,-20.12518],[-40.28235,-20.12451],[-40.28168,-20.12453],[-40.28144,-20.12491],[-40.28037,-20.1242],[-40.27988,-20.12277],[-40.27925,-20.1224],[-40.27852,-20.12228],[-40.27824,-20.12099],[-40.28023,-20.12182],[-40.28108,-20.12112],[-40.28122,-20.12079],[-40.28282,-20.11968],[-40.28333,-20.11983],[-40.28405,-20.11892],[-40.2849,-20.11936],[-40.2855,-20.11925],[-40.28653,-20.11863],[-40.28976,-20.11817],[-40.29085,-20.11851],[-40.29149,-20.11908],[-40.29194,-20.11998],[-40.29231,-20.12116],[-40.29286,-20.12158],[-40.29443,-20.12146],[-40.29496,-20.12179],[-40.2959,-20.1229],[-40.29671,-20.12316],[-40.29736,-20.12365],[-40.29791,-20.12379],[-40.29896,-20.12354],[-40.3011,-20.12446],[-40.30215,-20.1252],[-40.30262,-20.12522]]]},"properties":{"codigo":"3205002116","name":"Continental","population":763,"households":270,"areaKm2":1.9498,"density":391.3}},{"type":"Feature","geometry":{"type":"Polygon","coordinates":[[[-40.31945,-20.12182],[-40.31898,-20.12115],[-40.31934,-20.11994],[-40.32057,-20.11843],[-40.32115,-20.11791],[-40.32099,-20.1168],[-40.32017,-20.11592],[-40.31937,-20.11677],[-40.31832,-20.11736],[-40.31846,-20.11762],[-40.31745,-20.11813],[-40.31774,-20.11863],[-40.31684,-20.11909],[-40.31722,-20.11977],[-40.31709,-20.12014],[-40.31511,-20.11939],[-40.31473,-20.11737],[-40.31458,-20.11735],[-40.31928,-20.11498],[-40.32531,-20.11194],[-40.32608,-20.1114],[-40.32743,-20.11238],[-40.32717,-20.11269],[-40.32665,-20.11231],[-40.32566,-20.11299],[-40.32608,-20.1137],[-40.32595,-20.11411],[-40.32543,-20.11454],[-40.32522,-20.1159],[-40.32498,-20.11615],[-40.32378,-20.11631],[-40.32384,-20.11669],[-40.32439,-20.11773],[-40.3243,-20.11857],[-40.32404,-20.11924],[-40.323,-20.12002],[-40.32094,-20.12109],[-40.31945,-20.12182]]]},"properties":{"codigo":"3205002112","name":"Jardim da Serra","population":1075,"households":476,"areaKm2":0.5562,"density":1932.8}},{"type":"Feature","geometry":{"type":"Polygon","coordinates":[[[-40.2973,-20.14082],[-40.29657,-20.14127],[-40.29511,-20.14257],[-40.29516,-20.14386],[-40.29592,-20.14434],[-40.29537,-20.1447],[-40.29433,-20.1444],[-40.29315,-20.14442],[-40.29249,-20.14336],[-40.29149,-20.14283],[-40.29217,-20.1409],[-40.29226,-20.13993],[-40.29225,-20.13677],[-40.29229,-20.13592],[-40.29255,-20.13486],[-40.29327,-20.13338],[-40.29361,-20.1336],[-40.29536,-20.13416],[-40.29499,-20.135],[-40.29574,-20.13614],[-40.29625,-20.13646],[-40.29876,-20.14011],[-40.29752,-20.1406],[-40.2973,-20.14082]]]},"properties":{"codigo":"3205002095","name":"Vista da Serra II","population":3707,"households":1480,"areaKm2":0.5048,"density":7344.1}},{"type":"Feature","geometry":{"type":"Polygon","coordinates":[[[-40.31709,-20.12014],[-40.31722,-20.11977],[-40.31684,-20.11909],[-40.31774,-20.11863],[-40.31745,-20.11813],[-40.31846,-20.11762],[-40.31832,-20.11736],[-40.31937,-20.11677],[-40.32017,-20.11592],[-40.32099,-20.1168],[-40.32115,-20.11791],[-40.32057,-20.11843],[-40.31934,-20.11994],[-40.31898,-20.12115],[-40.31785,-20.12101],[-40.31752,-20.1204],[-40.31709,-20.12014]]]},"properties":{"codigo":"3205002111","name":"Colina da Serra","population":1305,"households":522,"areaKm2":0.1327,"density":9831.8}},{"type":"Feature","geometry":{"type":"Polygon","coordinates":[[[-40.30084,-20.12088],[-40.30018,-20.12002],[-40.30137,-20.12024],[-40.30272,-20.12093],[-40.30386,-20.12123],[-40.30404,-20.12065],[-40.30453,-20.12028],[-40.30496,-20.11863],[-40.3061,-20.11939],[-40.30682,-20.12009],[-40.308,-20.12079],[-40.30481,-20.12337],[-40.3045,-20.12363],[-40.3036,-20.12286],[-40.30299,-20.12185],[-40.30251,-20.12154],[-40.30084,-20.12088]]]},"properties":{"codigo":"3205002107","name":"São Domingos","population":1198,"households":479,"areaKm2":0.1595,"density":7510.2}},{"type":"Feature","geometry":{"type":"Polygon","coordinates":[[[-40.40253,-20.01739],[-40.40356,-20.01755],[-40.40317,-20.01892],[-40.40299,-20.01897],[-40.40244,-20.02069],[-40.40155,-20.02192],[-40.39898,-20.0218],[-40.39881,-20.02135],[-40.39948,-20.02059],[-40.40041,-20.02],[-40.40113,-20.01981],[-40.40139,-20.01891],[-40.40214,-20.01803],[-40.40253,-20.01739]]]},"properties":{"codigo":"3205002130","name":"Santiago","population":531,"households":194,"areaKm2":0.1095,"density":4850.5}},{"type":"Feature","geometry":{"type":"Polygon","coordinates":[[[-40.38746,-20.04608],[-40.38586,-20.04597],[-40.38396,-20.04554],[-40.38326,-20.04505],[-40.3821,-20.04497],[-40.38193,-20.04306],[-40.38253,-20.04275],[-40.38337,-20.04259],[-40.38293,-20.04151],[-40.38412,-20.04085],[-40.38593,-20.03867],[-40.38733,-20.03664],[-40.38787,-20.0354],[-40.38846,-20.03467],[-40.39078,-20.03447],[-40.39114,-20.03487],[-40.39353,-20.0336],[-40.39515,-20.03341],[-40.39477,-20.03405],[-40.39521,-20.03422],[-40.39339,-20.03692],[-40.39298,-20.03837],[-40.39281,-20.04032],[-40.39218,-20.04198],[-40.39149,-20.0428],[-40.38894,-20.0449],[-40.38818,-20.04589],[-40.38746,-20.04608]]]},"properties":{"codigo":"3205002114","name":"Cidade Nova da Serra","population":885,"households":465,"areaKm2":0.9982,"density":886.6}},{"type":"Feature","geometry":{"type":"Polygon","coordinates":[[[-40.37196,-20.06741],[-40.37218,-20.06702],[-40.37404,-20.06676],[-40.37506,-20.06628],[-40.37547,-20.06554],[-40.37646,-20.06229],[-40.37666,-20.0613],[-40.37799,-20.05876],[-40.38027,-20.05547],[-40.38117,-20.05466],[-40.38317,-20.05342],[-40.38472,-20.05121],[-40.38746,-20.04608],[-40.38818,-20.04589],[-40.3885,-20.046],[-40.38662,-20.04894],[-40.38582,-20.05041],[-40.38503,-20.05164],[-40.38438,-20.05285],[-40.38346,-20.05384],[-40.38152,-20.05507],[-40.38072,-20.05597],[-40.37996,-20.05702],[-40.37938,-20.05813],[-40.37867,-20.05912],[-40.37881,-20.05951],[-40.37969,-20.06045],[-40.37999,-20.06033],[-40.38216,-20.06107],[-40.38254,-20.06078],[-40.38404,-20.06186],[-40.38535,-20.06317],[-40.38562,-20.06309],[-40.38644,-20.06184],[-40.38722,-20.06202],[-40.38781,-20.06146],[-40.38849,-20.06157],[-40.38963,-20.06255],[-40.39276,-20.06431],[-40.39351,-20.0644],[-40.39417,-20.06517],[-40.39417,-20.06553],[-40.39493,-20.06544],[-40.39617,-20.06578],[-40.39717,-20.06731],[-40.3967,-20.06813],[-40.39669,-20.07244],[-40.39571,-20.07224],[-40.39501,-20.07285],[-40.39402,-20.07251],[-40.39288,-20.0729],[-40.39254,-20.07341],[-40.39155,-20.07344],[-40.39098,-20.07315],[-40.39062,-20.07343],[-40.3896,-20.07311],[-40.38905,-20.07337],[-40.38855,-20.07389],[-40.38691,-20.07503],[-40.38633,-20.07516],[-40.3851,-20.07597],[-40.38536,-20.07698],[-40.38647,-20.07722],[-40.38737,-20.07787],[-40.38809,-20.07922],[-40.38877,-20.07971],[-40.38873,-20.08059],[-40.38723,-20.08054],[-40.38533,-20.08152],[-40.38347,-20.08267],[-40.38276,-20.08275],[-40.38224,-20.0826],[-40.38103,-20.08296],[-40.38108,-20.08225],[-40.38172,-20.08189],[-40.38195,-20.08096],[-40.38113,-20.08055],[-40.38065,-20.07959],[-40.37926,-20.07873],[-40.37678,-20.07801],[-40.37669,-20.07749],[-40.37565,-20.07675],[-40.3735,-20.07625],[-40.37232,-20.07619],[-40.37159,-20.07664],[-40.37085,-20.07609],[-40.37065,-20.07516],[-40.37101,-20.07404],[-40.37051,-20.07339],[-40.36952,-20.07315],[-40.36864,-20.07332],[-40.37196,-20.06741]]]},"properties":{"codigo":"3205002129","name":"Chapada Grande","population":18,"households":13,"areaKm2":4.26,"density":4.2}},{"type":"Feature","geometry":{"type":"Polygon","coordinates":[[[-40.23067,-20.18043],[-40.23051,-20.17959],[-40.23045,-20.1773],[-40.23018,-20.17459],[-40.22987,-20.17377],[-40.23,-20.17343],[-40.22967,-20.17076],[-40.22848,-20.1692],[-40.22819,-20.16698],[-40.2286,-20.1651],[-40.22988,-20.16526],[-40.2318,-20.16634],[-40.23328,-20.16636],[-40.2339,-20.16648],[-40.23455,-20.16694],[-40.23511,-20.16792],[-40.23632,-20.16824],[-40.23843,-20.16918],[-40.23785,-20.16985],[-40.23803,-20.17116],[-40.23787,-20.17231],[-40.23805,-20.17292],[-40.23875,-20.17437],[-40.23938,-20.1745],[-40.23987,-20.1749],[-40.24115,-20.17527],[-40.24208,-20.17596],[-40.24212,-20.17641],[-40.24283,-20.17817],[-40.2429,-20.17872],[-40.24451,-20.17909],[-40.24467,-20.17951],[-40.24573,-20.18024],[-40.24771,-20.18118],[-40.24903,-20.18169],[-40.24994,-20.18239],[-40.25048,-20.1831],[-40.2511,-20.1832],[-40.2514,-20.184],[-40.25304,-20.18707],[-40.25372,-20.18797],[-40.25605,-20.18954],[-40.25639,-20.19009],[-40.25671,-20.19301],[-40.25678,-20.19437],[-40.25432,-20.19452],[-40.25423,-20.19464],[-40.2479,-20.19506],[-40.24718,-20.19538],[-40.2456,-20.19539],[-40.24427,-20.19584],[-40.24373,-20.19579],[-40.2431,-20.19527],[-40.24266,-20.19452],[-40.23891,-20.19479],[-40.23877,-20.19606],[-40.23975,-20.19802],[-40.23987,-20.19879],[-40.23961,-20.19968],[-40.23958,-20.20076],[-40.23867,-20.20079],[-40.23786,-20.20052],[-40.23761,-20.20067],[-40.236,-20.20022],[-40.23507,-20.19966],[-40.23376,-20.19953],[-40.23335,-20.19827],[-40.23326,-20.19728],[-40.2352,-20.19764],[-40.2364,-20.1972],[-40.23718,-20.19624],[-40.23733,-20.1955],[-40.23714,-20.19489],[-40.23637,-20.19455],[-40.23509,-20.19345],[-40.23485,-20.19299],[-40.23499,-20.19091],[-40.23484,-20.1899],[-40.23441,-20.18909],[-40.23497,-20.18861],[-40.23736,-20.18774],[-40.23804,-20.18501],[-40.23799,-20.18484],[-40.23498,-20.18354],[-40.23416,-20.18307],[-40.23254,-20.1813],[-40.23067,-20.18043]]]},"properties":{"codigo":"3205002041","name":"Civit II","population":442,"households":177,"areaKm2":4.9375,"density":89.5}},{"type":"Feature","geometry":{"type":"Polygon","coordinates":[[[-40.23707,-20.2137],[-40.23734,-20.21279],[-40.23675,-20.21274],[-40.23648,-20.21161],[-40.2365,-20.21108],[-40.23609,-20.21007],[-40.23612,-20.20973],[-40.23709,-20.20941],[-40.23878,-20.20987],[-40.23939,-20.20977],[-40.24076,-20.21006],[-40.24176,-20.2106],[-40.24359,-20.21122],[-40.24379,-20.21161],[-40.24469,-20.21187],[-40.24564,-20.21185],[-40.2464,-20.21201],[-40.24737,-20.2124],[-40.24805,-20.21293],[-40.24825,-20.21332],[-40.24936,-20.21412],[-40.2498,-20.21461],[-40.24997,-20.21525],[-40.25188,-20.21613],[-40.25239,-20.21682],[-40.25352,-20.21701],[-40.25417,-20.21678],[-40.25446,-20.21713],[-40.25379,-20.21844],[-40.25336,-20.21963],[-40.25343,-20.22081],[-40.25273,-20.224],[-40.25239,-20.22436],[-40.25258,-20.22558],[-40.25229,-20.22579],[-40.24999,-20.22587],[-40.24956,-20.22601],[-40.24818,-20.22428],[-40.24683,-20.22385],[-40.24626,-20.22266],[-40.24628,-20.22234],[-40.24541,-20.22095],[-40.24463,-20.22076],[-40.2443,-20.22035],[-40.24453,-20.21981],[-40.24429,-20.21934],[-40.24193,-20.21617],[-40.23994,-20.21756],[-40.23945,-20.21738],[-40.23756,-20.21482],[-40.23685,-20.21505],[-40.23661,-20.21469],[-40.23707,-20.2137]]]},"properties":{"codigo":"3205002049","name":"Novo Horizonte","population":13840,"households":5803,"areaKm2":1.6378,"density":8450.3}},{"type":"Feature","geometry":{"type":"Polygon","coordinates":[[[-40.19918,-20.15437],[-40.19752,-20.15607],[-40.19675,-20.15718],[-40.19632,-20.15843],[-40.19635,-20.15933],[-40.19668,-20.16092],[-40.19621,-20.16122],[-40.19607,-20.16062],[-40.19565,-20.16004],[-40.19435,-20.15968],[-40.19333,-20.15891],[-40.19285,-20.15829],[-40.19262,-20.15763],[-40.19214,-20.15708],[-40.19128,-20.15658],[-40.19041,-20.1566],[-40.18925,-20.15711],[-40.18814,-20.15794],[-40.18709,-20.1582],[-40.18597,-20.15781],[-40.18595,-20.15666],[-40.18677,-20.15762],[-40.18736,-20.15729],[-40.18753,-20.15688],[-40.18696,-20.15587],[-40.18708,-20.15558],[-40.18861,-20.15556],[-40.18897,-20.15524],[-40.18889,-20.15433],[-40.18935,-20.154],[-40.18996,-20.15392],[-40.19143,-20.15467],[-40.19225,-20.15457],[-40.19256,-20.15406],[-40.19337,-20.15358],[-40.19398,-20.15356],[-40.19431,-20.153],[-40.19406,-20.15248],[-40.19441,-20.15227],[-40.19515,-20.15269],[-40.19556,-20.15324],[-40.1964,-20.15301],[-40.19685,-20.15386],[-40.19755,-20.15386],[-40.19918,-20.15437]]]},"properties":{"codigo":"3205002024","name":"São Pedro","population":1347,"households":620,"areaKm2":0.5155,"density":2613}},{"type":"Feature","geometry":{"type":"Polygon","coordinates":[[[-40.27304,-20.24052],[-40.27302,-20.24082],[-40.27109,-20.24328],[-40.27094,-20.24365],[-40.26763,-20.24241],[-40.26668,-20.24192],[-40.26643,-20.24153],[-40.26711,-20.24015],[-40.26732,-20.23947],[-40.26797,-20.23895],[-40.2686,-20.23774],[-40.26898,-20.23721],[-40.27089,-20.23639],[-40.27126,-20.23587],[-40.27197,-20.23576],[-40.27237,-20.23641],[-40.27256,-20.23684],[-40.27246,-20.23754],[-40.27174,-20.23877],[-40.27189,-20.23958],[-40.27305,-20.24051],[-40.27304,-20.24052]]]},"properties":{"codigo":"3205002132","name":"Hélio Ferraz","population":6070,"households":2473,"areaKm2":0.3482,"density":17432.1}},{"type":"Feature","geometry":{"type":"Polygon","coordinates":[[[-40.2514,-20.184],[-40.25219,-20.18367],[-40.2537,-20.18339],[-40.25441,-20.18256],[-40.25501,-20.18226],[-40.25747,-20.1816],[-40.25867,-20.18224],[-40.25941,-20.18248],[-40.25971,-20.18221],[-40.26051,-20.18331],[-40.26055,-20.18363],[-40.2612,-20.18412],[-40.26133,-20.18458],[-40.26279,-20.18464],[-40.26328,-20.184],[-40.26415,-20.18381],[-40.26523,-20.184],[-40.2665,-20.1837],[-40.26722,-20.1848],[-40.26794,-20.18639],[-40.26821,-20.18781],[-40.26858,-20.19361],[-40.26255,-20.19399],[-40.25923,-20.19421],[-40.25678,-20.19437],[-40.25671,-20.19301],[-40.25639,-20.19009],[-40.25605,-20.18954],[-40.25372,-20.18797],[-40.25304,-20.18707],[-40.2514,-20.184]]]},"properties":{"codigo":"3205002121","name":"Colina de Laranjeiras","population":18487,"households":8234,"areaKm2":1.6937,"density":10914.9}},{"type":"Feature","geometry":{"type":"Polygon","coordinates":[[[-40.27298,-20.21999],[-40.2735,-20.22002],[-40.27323,-20.22203],[-40.27349,-20.22242],[-40.27236,-20.22397],[-40.2733,-20.2246],[-40.27432,-20.22375],[-40.27512,-20.2244],[-40.274,-20.22554],[-40.27309,-20.22618],[-40.27104,-20.22711],[-40.27103,-20.22712],[-40.27074,-20.22645],[-40.27051,-20.22533],[-40.27029,-20.22183],[-40.27023,-20.2209],[-40.27061,-20.22089],[-40.27298,-20.21999]]]},"properties":{"codigo":"3205002062","name":"Diamantina","population":1568,"households":626,"areaKm2":0.223,"density":7031.7}},{"type":"Feature","geometry":{"type":"Polygon","coordinates":[[[-40.23868,-20.14709],[-40.2402,-20.14601],[-40.24078,-20.14584],[-40.24267,-20.14588],[-40.24397,-20.14729],[-40.2396,-20.15251],[-40.23985,-20.15266],[-40.23917,-20.15354],[-40.23838,-20.15499],[-40.2373,-20.15615],[-40.23668,-20.15608],[-40.23639,-20.15587],[-40.23525,-20.15446],[-40.23371,-20.15336],[-40.2335,-20.15266],[-40.23256,-20.15081],[-40.23259,-20.15019],[-40.23192,-20.14985],[-40.23352,-20.14954],[-40.23538,-20.14865],[-40.23625,-20.14835],[-40.23868,-20.14709]]]},"properties":{"codigo":"3205002078","name":"Parque Residencial Tubarão","population":4420,"households":1694,"areaKm2":0.6851,"density":6451.8}},{"type":"Feature","geometry":{"type":"Polygon","coordinates":[[[-40.24397,-20.14729],[-40.24556,-20.14865],[-40.24736,-20.14993],[-40.24501,-20.15414],[-40.24408,-20.15563],[-40.24234,-20.15691],[-40.24107,-20.1569],[-40.24088,-20.15723],[-40.24038,-20.15706],[-40.23941,-20.15734],[-40.23893,-20.15705],[-40.23755,-20.15659],[-40.23668,-20.15608],[-40.2373,-20.15615],[-40.23838,-20.15499],[-40.23917,-20.15354],[-40.23985,-20.15266],[-40.2396,-20.15251],[-40.24397,-20.14729]]]},"properties":{"codigo":"3205002079","name":"Planície da Serra","population":3644,"households":1580,"areaKm2":0.5718,"density":6373.3}},{"type":"Feature","geometry":{"type":"Polygon","coordinates":[[[-40.20865,-20.15249],[-40.20982,-20.15351],[-40.2109,-20.15467],[-40.21199,-20.15546],[-40.21401,-20.15733],[-40.21663,-20.15892],[-40.2153,-20.16131],[-40.21545,-20.16215],[-40.21627,-20.16262],[-40.2173,-20.16299],[-40.21766,-20.16384],[-40.21863,-20.1644],[-40.21906,-20.16495],[-40.21959,-20.16621],[-40.22006,-20.16676],[-40.22123,-20.16738],[-40.22166,-20.16853],[-40.22149,-20.16894],[-40.22075,-20.16938],[-40.22051,-20.17028],[-40.22078,-20.17114],[-40.22053,-20.17466],[-40.22039,-20.17519],[-40.22011,-20.17493],[-40.21954,-20.17375],[-40.21921,-20.17329],[-40.21561,-20.17182],[-40.21491,-20.17141],[-40.21373,-20.17035],[-40.21335,-20.17017],[-40.21238,-20.17013],[-40.21132,-20.17004],[-40.20739,-20.16922],[-40.20666,-20.16891],[-40.20536,-20.16798],[-40.20457,-20.16759],[-40.20356,-20.16727],[-40.20059,-20.16676],[-40.19818,-20.16553],[-40.19739,-20.16485],[-40.19681,-20.16351],[-40.19643,-20.16235],[-40.19621,-20.16122],[-40.19668,-20.16092],[-40.19635,-20.15933],[-40.19632,-20.15843],[-40.19675,-20.15718],[-40.19752,-20.15607],[-40.19918,-20.15437],[-40.20018,-20.15462],[-40.20043,-20.15379],[-40.20165,-20.1545],[-40.20233,-20.15375],[-40.20295,-20.15336],[-40.2036,-20.15267],[-40.20428,-20.15245],[-40.20555,-20.15275],[-40.20674,-20.15244],[-40.20743,-20.15246],[-40.20829,-20.15276],[-40.20865,-20.15249]]]},"properties":{"codigo":"3205002120","name":"Boulevard Lagoa","population":1301,"households":402,"areaKm2":3.5934,"density":362.1}},{"type":"Feature","geometry":{"type":"Polygon","coordinates":[[[-40.25678,-20.19437],[-40.25923,-20.19421],[-40.25903,-20.19462],[-40.2593,-20.19821],[-40.25778,-20.19892],[-40.25676,-20.19963],[-40.25729,-20.20039],[-40.25685,-20.20137],[-40.25665,-20.20273],[-40.25569,-20.20444],[-40.25461,-20.2057],[-40.25463,-20.20659],[-40.25315,-20.20577],[-40.25176,-20.20424],[-40.24799,-20.20141],[-40.24571,-20.2],[-40.24522,-20.19955],[-40.24418,-20.19993],[-40.24318,-20.19979],[-40.24192,-20.20025],[-40.24124,-20.20075],[-40.24063,-20.2005],[-40.24039,-20.20073],[-40.23958,-20.20076],[-40.23961,-20.19968],[-40.23987,-20.19879],[-40.23975,-20.19802],[-40.23877,-20.19606],[-40.23891,-20.19479],[-40.24266,-20.19452],[-40.2431,-20.19527],[-40.24373,-20.19579],[-40.24427,-20.19584],[-40.2456,-20.19539],[-40.24718,-20.19538],[-40.2479,-20.19506],[-40.25423,-20.19464],[-40.25432,-20.19452],[-40.25678,-20.19437]]]},"properties":{"codigo":"3205002036","name":"Parque Residencial Laranjeiras","population":7254,"households":3356,"areaKm2":1.5995,"density":4535.2}},{"type":"Feature","geometry":{"type":"Polygon","coordinates":[[[-40.27784,-20.23171],[-40.27822,-20.23157],[-40.28145,-20.22968],[-40.28305,-20.22846],[-40.28589,-20.22561],[-40.28754,-20.22392],[-40.29049,-20.22587],[-40.29029,-20.22615],[-40.29186,-20.22724],[-40.29217,-20.22694],[-40.29266,-20.22739],[-40.29256,-20.22846],[-40.29044,-20.23625],[-40.28974,-20.23831],[-40.28962,-20.23922],[-40.28912,-20.23944],[-40.28574,-20.23861],[-40.28459,-20.2387],[-40.28489,-20.23829],[-40.28397,-20.23787],[-40.28396,-20.23715],[-40.28316,-20.23673],[-40.2836,-20.23592],[-40.28144,-20.23458],[-40.28091,-20.23487],[-40.28,-20.23446],[-40.27907,-20.23359],[-40.27901,-20.23288],[-40.27725,-20.23204],[-40.27784,-20.23171]]]},"properties":{"codigo":"3205002057","name":"Jardim Carapina","population":14596,"households":5844,"areaKm2":1.4664,"density":9953.4}},{"type":"Feature","geometry":{"type":"Polygon","coordinates":[[[-40.2705,-20.18963],[-40.27243,-20.18975],[-40.27308,-20.18955],[-40.27427,-20.18984],[-40.27679,-20.19083],[-40.27782,-20.19111],[-40.27846,-20.19223],[-40.27999,-20.19228],[-40.28017,-20.19422],[-40.27962,-20.19544],[-40.27698,-20.19441],[-40.27524,-20.19369],[-40.27537,-20.1934],[-40.27428,-20.19295],[-40.27358,-20.19284],[-40.27268,-20.19233],[-40.27176,-20.1921],[-40.27149,-20.19276],[-40.27101,-20.19273],[-40.2699,-20.19229],[-40.27033,-20.19141],[-40.27056,-20.19057],[-40.2705,-20.18963]]]},"properties":{"codigo":"3205002070","name":"José de Anchieta III","population":1840,"households":745,"areaKm2":0.3459,"density":5319.8}},{"type":"Feature","geometry":{"type":"Polygon","coordinates":[[[-40.27627,-20.15871],[-40.28094,-20.16011],[-40.28053,-20.16113],[-40.27984,-20.16197],[-40.27941,-20.16341],[-40.27875,-20.16386],[-40.27864,-20.16443],[-40.27824,-20.16499],[-40.27629,-20.16585],[-40.27622,-20.16645],[-40.27709,-20.16651],[-40.27788,-20.16583],[-40.27917,-20.16584],[-40.28054,-20.16658],[-40.28143,-20.16607],[-40.28254,-20.16566],[-40.28516,-20.16432],[-40.28775,-20.17354],[-40.28906,-20.17678],[-40.29035,-20.17687],[-40.29063,-20.17751],[-40.29218,-20.17877],[-40.29247,-20.17933],[-40.2923,-20.1816],[-40.29182,-20.18188],[-40.29115,-20.18268],[-40.29064,-20.18377],[-40.28616,-20.18314],[-40.28486,-20.18271],[-40.28178,-20.18024],[-40.279,-20.17937],[-40.27761,-20.17912],[-40.27574,-20.17849],[-40.27486,-20.17832],[-40.27339,-20.17786],[-40.27244,-20.17786],[-40.27212,-20.17759],[-40.26992,-20.17673],[-40.2692,-20.1766],[-40.26866,-20.17623],[-40.26737,-20.17612],[-40.26637,-20.17672],[-40.26589,-20.17659],[-40.2667,-20.17428],[-40.26716,-20.17336],[-40.26804,-20.17182],[-40.26897,-20.17056],[-40.27002,-20.16938],[-40.27236,-20.16645],[-40.2741,-20.16413],[-40.27502,-20.1625],[-40.27627,-20.15871]]]},"properties":{"codigo":"3205002084","name":"Pitanga","population":1572,"households":611,"areaKm2":3.6083,"density":435.7}},{"type":"Feature","geometry":{"type":"Polygon","coordinates":[[[-40.18709,-20.1582],[-40.18715,-20.15936],[-40.18784,-20.15927],[-40.18829,-20.16611],[-40.18837,-20.16764],[-40.18593,-20.16772],[-40.18536,-20.16716],[-40.18435,-20.16678],[-40.18464,-20.16622],[-40.18457,-20.16509],[-40.18409,-20.16389],[-40.18388,-20.16212],[-40.18402,-20.16025],[-40.18422,-20.15967],[-40.18414,-20.15844],[-40.1837,-20.15651],[-40.18379,-20.15606],[-40.18263,-20.15567],[-40.18304,-20.15537],[-40.18366,-20.15558],[-40.18413,-20.15476],[-40.18521,-20.15539],[-40.18595,-20.15666],[-40.18597,-20.15781],[-40.18709,-20.1582]]]},"properties":{"codigo":"3205002025","name":"Castelândia","population":1551,"households":890,"areaKm2":0.4816,"density":3220.4}},{"type":"Feature","geometry":{"type":"Polygon","coordinates":[[[-40.27002,-20.16938],[-40.27009,-20.16889],[-40.26946,-20.16814],[-40.26915,-20.16728],[-40.26878,-20.16682],[-40.26878,-20.16572],[-40.26982,-20.16527],[-40.27053,-20.16557],[-40.27206,-20.16476],[-40.27374,-20.16416],[-40.2741,-20.16413],[-40.27236,-20.16645],[-40.27002,-20.16938]]]},"properties":{"codigo":"3205002083","name":"Barro Branco","population":969,"households":397,"areaKm2":0.1272,"density":7615}},{"type":"Feature","geometry":{"type":"Polygon","coordinates":[[[-40.19621,-20.16122],[-40.19643,-20.16235],[-40.19681,-20.16351],[-40.19449,-20.16432],[-40.19004,-20.1657],[-40.18829,-20.16611],[-40.18784,-20.15927],[-40.18715,-20.15936],[-40.18709,-20.1582],[-40.18814,-20.15794],[-40.18925,-20.15711],[-40.19041,-20.1566],[-40.19128,-20.15658],[-40.19214,-20.15708],[-40.19262,-20.15763],[-40.19285,-20.15829],[-40.19333,-20.15891],[-40.19435,-20.15968],[-40.19565,-20.16004],[-40.19607,-20.16062],[-40.19621,-20.16122]]]},"properties":{"codigo":"3205002026","name":"Conjunto Jacaraípe","population":3867,"households":2418,"areaKm2":0.6739,"density":5738.5}},{"type":"Feature","geometry":{"type":"Polygon","coordinates":[[[-40.28017,-20.19422],[-40.2824,-20.19677],[-40.28036,-20.19765],[-40.27937,-20.19845],[-40.27897,-20.19839],[-40.27751,-20.19777],[-40.27797,-20.19675],[-40.27698,-20.19441],[-40.27962,-20.19544],[-40.28017,-20.19422]]]},"properties":{"codigo":"3205002068","name":"Solar de Anchieta","population":1367,"households":600,"areaKm2":0.1401,"density":9757.4}},{"type":"Feature","geometry":{"type":"Polygon","coordinates":[[[-40.26255,-20.19399],[-40.26277,-20.19792],[-40.26493,-20.19748],[-40.26505,-20.20098],[-40.26404,-20.20152],[-40.26302,-20.20171],[-40.2623,-20.20205],[-40.26019,-20.19869],[-40.2593,-20.19821],[-40.25903,-20.19462],[-40.25923,-20.19421],[-40.26255,-20.19399]]]},"properties":{"codigo":"3205002027","name":"Valparaíso","population":5707,"households":2415,"areaKm2":0.3403,"density":16772.6}},{"type":"Feature","geometry":{"type":"Polygon","coordinates":[[[-40.27094,-20.24365],[-40.27023,-20.24466],[-40.26911,-20.24655],[-40.26853,-20.24661],[-40.26761,-20.24551],[-40.26765,-20.24531],[-40.26571,-20.2431],[-40.26643,-20.24153],[-40.26668,-20.24192],[-40.26763,-20.24241],[-40.27094,-20.24365]]]},"properties":{"codigo":"3205002131","name":"Conjunto Carapina I","population":2061,"households":915,"areaKm2":0.1421,"density":14502.4}},{"type":"Feature","geometry":{"type":"Polygon","coordinates":[[[-40.26853,-20.24661],[-40.26897,-20.24764],[-40.26764,-20.2485],[-40.26682,-20.24809],[-40.26645,-20.24887],[-40.2659,-20.2495],[-40.26529,-20.25065],[-40.26516,-20.25123],[-40.2658,-20.25154],[-40.26547,-20.25217],[-40.26563,-20.25327],[-40.26451,-20.25453],[-40.26404,-20.25467],[-40.26233,-20.25486],[-40.26225,-20.25396],[-40.26268,-20.25278],[-40.26192,-20.25212],[-40.26139,-20.25211],[-40.26182,-20.25108],[-40.26224,-20.25048],[-40.26342,-20.24818],[-40.26387,-20.24685],[-40.25975,-20.24496],[-40.26006,-20.24418],[-40.26148,-20.24369],[-40.26215,-20.24271],[-40.26521,-20.24406],[-40.26571,-20.2431],[-40.26765,-20.24531],[-40.26761,-20.24551],[-40.26853,-20.24661]]]},"properties":{"codigo":"3205002133","name":"Bairro de Fátima","population":3143,"households":1456,"areaKm2":0.5703,"density":5510.7}},{"type":"Feature","geometry":{"type":"Polygon","coordinates":[[[-40.27916,-20.21416],[-40.27542,-20.21545],[-40.27491,-20.21492],[-40.27463,-20.21428],[-40.27467,-20.21382],[-40.27566,-20.2128],[-40.27626,-20.21171],[-40.27698,-20.21101],[-40.27702,-20.21047],[-40.2769,-20.20959],[-40.27698,-20.2084],[-40.27736,-20.20632],[-40.27658,-20.20539],[-40.27605,-20.20297],[-40.27605,-20.20219],[-40.27576,-20.20191],[-40.27557,-20.20012],[-40.27722,-20.19955],[-40.27808,-20.20023],[-40.28115,-20.20242],[-40.28317,-20.20372],[-40.28338,-20.20447],[-40.28321,-20.20507],[-40.28366,-20.20599],[-40.28357,-20.20634],[-40.2828,-20.20718],[-40.28171,-20.20979],[-40.28321,-20.21217],[-40.28078,-20.21338],[-40.27991,-20.21391],[-40.27916,-20.21416]]]},"properties":{"codigo":"3205002066","name":"Cantinho do Céu","population":4236,"households":1689,"areaKm2":0.9516,"density":4451.3}},{"type":"Feature","geometry":{"type":"Polygon","coordinates":[[[-40.28574,-20.23861],[-40.28696,-20.23894],[-40.2898,-20.24009],[-40.28565,-20.2401],[-40.28526,-20.24035],[-40.28467,-20.24023],[-40.28137,-20.24024],[-40.28088,-20.2404],[-40.28048,-20.24128],[-40.27892,-20.23895],[-40.27866,-20.23877],[-40.27684,-20.23599],[-40.27494,-20.23326],[-40.27725,-20.23204],[-40.27901,-20.23288],[-40.27907,-20.23359],[-40.28,-20.23446],[-40.28091,-20.23487],[-40.28144,-20.23458],[-40.2836,-20.23592],[-40.28316,-20.23673],[-40.28396,-20.23715],[-40.28397,-20.23787],[-40.28489,-20.23829],[-40.28459,-20.2387],[-40.28574,-20.23861]]]},"properties":{"codigo":"3205002056","name":"Boa Vista (Carapina)","population":2366,"households":998,"areaKm2":0.5485,"density":4313.5}},{"type":"Feature","geometry":{"type":"Polygon","coordinates":[[[-40.24451,-20.17909],[-40.2447,-20.17866],[-40.24542,-20.17807],[-40.24671,-20.17754],[-40.24819,-20.17739],[-40.25009,-20.17659],[-40.2509,-20.17598],[-40.25161,-20.17637],[-40.25259,-20.17657],[-40.25319,-20.17624],[-40.25414,-20.17532],[-40.25496,-20.17512],[-40.25928,-20.17558],[-40.25953,-20.17523],[-40.26008,-20.17627],[-40.26055,-20.17664],[-40.26108,-20.17673],[-40.26204,-20.17657],[-40.26303,-20.17622],[-40.26368,-20.17622],[-40.26506,-20.17785],[-40.26549,-20.17815],[-40.26538,-20.17857],[-40.26397,-20.17856],[-40.26317,-20.17838],[-40.26183,-20.17845],[-40.26088,-20.17891],[-40.25907,-20.18087],[-40.25922,-20.18157],[-40.25867,-20.18224],[-40.25747,-20.1816],[-40.25501,-20.18226],[-40.25441,-20.18256],[-40.2537,-20.18339],[-40.25219,-20.18367],[-40.2514,-20.184],[-40.2511,-20.1832],[-40.25048,-20.1831],[-40.24994,-20.18239],[-40.24903,-20.18169],[-40.24771,-20.18118],[-40.24573,-20.18024],[-40.24467,-20.17951],[-40.24451,-20.17909]]]},"properties":{"codigo":"3205002074","name":"Taquara II","population":2904,"households":1181,"areaKm2":1.1166,"density":2600.6}},{"type":"Feature","geometry":{"type":"Polygon","coordinates":[[[-40.23067,-20.18043],[-40.22853,-20.18694],[-40.22814,-20.18825],[-40.22779,-20.18817],[-40.22643,-20.18847],[-40.22482,-20.18901],[-40.22252,-20.18881],[-40.22101,-20.18851],[-40.21884,-20.18852],[-40.2177,-20.18806],[-40.21706,-20.18737],[-40.21665,-20.18722],[-40.21514,-20.18776],[-40.21353,-20.18755],[-40.2129,-20.18728],[-40.21256,-20.18671],[-40.21265,-20.18611],[-40.21311,-20.18554],[-40.21526,-20.18443],[-40.21793,-20.18355],[-40.21897,-20.18343],[-40.21929,-20.18256],[-40.21921,-20.18189],[-40.21933,-20.18094],[-40.21908,-20.17978],[-40.21829,-20.17808],[-40.21807,-20.17737],[-40.22016,-20.17598],[-40.22122,-20.1754],[-40.22319,-20.17649],[-40.22521,-20.1774],[-40.22792,-20.17913],[-40.23067,-20.18043]]]},"properties":{"codigo":"3205002039","name":"Nova Zelândia","population":961,"households":544,"areaKm2":1.6201,"density":593.2}},{"type":"Feature","geometry":{"type":"Polygon","coordinates":[[[-40.21954,-20.17375],[-40.21559,-20.17455],[-40.21293,-20.1753],[-40.21126,-20.17593],[-40.20982,-20.17575],[-40.20746,-20.17588],[-40.20577,-20.17624],[-40.20553,-20.17729],[-40.20589,-20.17785],[-40.20522,-20.17833],[-40.20377,-20.17901],[-40.2031,-20.17904],[-40.20224,-20.17878],[-40.20183,-20.1791],[-40.20111,-20.18019],[-40.20006,-20.1805],[-40.19921,-20.18041],[-40.19859,-20.1805],[-40.19794,-20.1803],[-40.19697,-20.17983],[-40.19696,-20.1794],[-40.1974,-20.17836],[-40.19766,-20.17712],[-40.19724,-20.17678],[-40.19668,-20.17704],[-40.19637,-20.17676],[-40.19682,-20.17617],[-40.19688,-20.17534],[-40.19552,-20.17399],[-40.19552,-20.17363],[-40.19502,-20.17249],[-40.19553,-20.17251],[-40.19537,-20.17166],[-40.195,-20.17144],[-40.19477,-20.17029],[-40.19474,-20.16893],[-40.19574,-20.16877],[-40.19671,-20.16929],[-40.19718,-20.16983],[-40.19841,-20.17025],[-40.19923,-20.17013],[-40.20111,-20.17074],[-40.20161,-20.17112],[-40.202,-20.17175],[-40.20272,-20.17172],[-40.20399,-20.171],[-40.20463,-20.17096],[-40.20577,-20.1717],[-40.20643,-20.17136],[-40.20768,-20.17135],[-40.2091,-20.17186],[-40.21022,-20.17186],[-40.21118,-20.17147],[-40.21234,-20.17073],[-40.21238,-20.17013],[-40.21335,-20.17017],[-40.21373,-20.17035],[-40.21491,-20.17141],[-40.21561,-20.17182],[-40.21921,-20.17329],[-40.21954,-20.17375]]]},"properties":{"codigo":"3205002031","name":"Feu Rosa","population":17897,"households":7612,"areaKm2":1.5604,"density":11469.7}},{"type":"Feature","geometry":{"type":"Polygon","coordinates":[[[-40.2665,-20.1837],[-40.26571,-20.18243],[-40.26524,-20.18072],[-40.26524,-20.17964],[-40.26574,-20.18069],[-40.26641,-20.18156],[-40.2673,-20.18305],[-40.26783,-20.18348],[-40.27137,-20.18285],[-40.2776,-20.18226],[-40.27985,-20.18176],[-40.28088,-20.18199],[-40.28083,-20.18259],[-40.28026,-20.18397],[-40.28045,-20.18468],[-40.28096,-20.18493],[-40.28164,-20.1856],[-40.28212,-20.18568],[-40.28275,-20.18646],[-40.28269,-20.18674],[-40.28177,-20.1869],[-40.28114,-20.18675],[-40.2809,-20.18753],[-40.27796,-20.18661],[-40.27676,-20.18596],[-40.2744,-20.18541],[-40.26975,-20.18768],[-40.27001,-20.18856],[-40.2705,-20.18963],[-40.27056,-20.19057],[-40.27033,-20.19141],[-40.2699,-20.19229],[-40.26963,-20.19401],[-40.2686,-20.19389],[-40.26858,-20.19361],[-40.26821,-20.18781],[-40.26794,-20.18639],[-40.26722,-20.1848],[-40.2665,-20.1837]]]},"properties":{"codigo":"3205002071","name":"Laranjeiras Velha","population":1723,"households":779,"areaKm2":0.8094,"density":2128.7}},{"type":"Feature","geometry":{"type":"Polygon","coordinates":[[[-40.22076,-20.20428],[-40.22156,-20.20322],[-40.22246,-20.20306],[-40.2232,-20.20263],[-40.22508,-20.20274],[-40.22627,-20.20239],[-40.22719,-20.20226],[-40.22754,-20.20306],[-40.22807,-20.20363],[-40.22889,-20.20415],[-40.22929,-20.20464],[-40.22952,-20.20582],[-40.2292,-20.20658],[-40.22862,-20.20671],[-40.22811,-20.20652],[-40.22721,-20.20742],[-40.22617,-20.20767],[-40.2257,-20.20798],[-40.22463,-20.20915],[-40.22294,-20.20802],[-40.22166,-20.20572],[-40.22144,-20.20478],[-40.22076,-20.20428]]]},"properties":{"codigo":"3205002037","name":"Camará","population":1633,"households":750,"areaKm2":0.4269,"density":3825.2}},{"type":"Feature","geometry":{"type":"Polygon","coordinates":[[[-40.23707,-20.2137],[-40.23344,-20.21231],[-40.2315,-20.21277],[-40.23063,-20.21323],[-40.22992,-20.21387],[-40.22895,-20.21413],[-40.22762,-20.21374],[-40.22644,-20.21305],[-40.22386,-20.21194],[-40.22104,-20.21128],[-40.2204,-20.2113],[-40.21599,-20.21304],[-40.21423,-20.21356],[-40.21397,-20.21584],[-40.21255,-20.21535],[-40.21142,-20.21534],[-40.20968,-20.21578],[-40.20911,-20.21614],[-40.20835,-20.2158],[-40.20729,-20.21566],[-40.20626,-20.21576],[-40.20588,-20.21598],[-40.20554,-20.21732],[-40.20529,-20.21764],[-40.20447,-20.21766],[-40.20387,-20.21898],[-40.20325,-20.21855],[-40.20278,-20.21938],[-40.20212,-20.21951],[-40.20219,-20.22011],[-40.20171,-20.22049],[-40.20115,-20.21955],[-40.20045,-20.21895],[-40.20023,-20.21848],[-40.19894,-20.21683],[-40.19854,-20.21607],[-40.19875,-20.21434],[-40.19902,-20.21327],[-40.1987,-20.21092],[-40.19823,-20.20868],[-40.19791,-20.20778],[-40.19833,-20.20767],[-40.19906,-20.20813],[-40.19962,-20.20919],[-40.20032,-20.20929],[-40.20044,-20.20835],[-40.19953,-20.207],[-40.19947,-20.20629],[-40.20007,-20.20524],[-40.20106,-20.20498],[-40.20114,-20.20589],[-40.20154,-20.20701],[-40.20202,-20.20736],[-40.20359,-20.2077],[-40.2045,-20.20863],[-40.20538,-20.20861],[-40.20662,-20.209],[-40.20667,-20.20841],[-40.20755,-20.2086],[-40.20864,-20.20831],[-40.20902,-20.2079],[-40.20909,-20.20671],[-40.20884,-20.20516],[-40.21065,-20.20453],[-40.21136,-20.20406],[-40.21236,-20.20313],[-40.21281,-20.20303],[-40.21411,-20.20336],[-40.21573,-20.20402],[-40.21632,-20.20404],[-40.21726,-20.20366],[-40.21842,-20.20267],[-40.22076,-20.20428],[-40.22144,-20.20478],[-40.22166,-20.20572],[-40.22294,-20.20802],[-40.22463,-20.20915],[-40.22539,-20.20977],[-40.22617,-20.20969],[-40.2263,-20.20937],[-40.22734,-20.20944],[-40.22801,-20.20991],[-40.23029,-20.20934],[-40.23095,-20.20894],[-40.23112,-20.20849],[-40.23342,-20.2081],[-40.23489,-20.20885],[-40.23504,-20.20924],[-40.23612,-20.20973],[-40.23609,-20.21007],[-40.2365,-20.21108],[-40.23648,-20.21161],[-40.23675,-20.21274],[-40.23734,-20.21279],[-40.23707,-20.2137]]]},"properties":{"codigo":"3205002043","name":"Bicanga","population":2166,"households":1181,"areaKm2":3.3058,"density":655.2}},{"type":"Feature","geometry":{"type":"Polygon","coordinates":[[[-40.25273,-20.224],[-40.26185,-20.22359],[-40.26214,-20.22356],[-40.2622,-20.22415],[-40.26302,-20.22624],[-40.26229,-20.22844],[-40.26326,-20.22966],[-40.26543,-20.22821],[-40.26723,-20.22739],[-40.26965,-20.22725],[-40.26996,-20.22884],[-40.26958,-20.22893],[-40.2689,-20.22996],[-40.2667,-20.23128],[-40.26695,-20.23174],[-40.26557,-20.23259],[-40.26574,-20.23391],[-40.26614,-20.23513],[-40.26801,-20.23641],[-40.2686,-20.23774],[-40.26797,-20.23895],[-40.22136,-20.23895],[-40.22196,-20.2384],[-40.2227,-20.23462],[-40.22296,-20.23366],[-40.22376,-20.23239],[-40.22379,-20.23166],[-40.22304,-20.22911],[-40.22308,-20.22884],[-40.22474,-20.22644],[-40.225,-20.2262],[-40.22567,-20.22653],[-40.22617,-20.22624],[-40.22701,-20.22448],[-40.22844,-20.22324],[-40.22989,-20.22289],[-40.23096,-20.22291],[-40.23207,-20.222],[-40.23234,-20.22142],[-40.23317,-20.22099],[-40.23419,-20.22016],[-40.23447,-20.21873],[-40.23506,-20.21744],[-40.23566,-20.21649],[-40.23642,-20.21507],[-40.23685,-20.21505],[-40.23756,-20.21482],[-40.23945,-20.21738],[-40.23994,-20.21756],[-40.24193,-20.21617],[-40.24429,-20.21934],[-40.24453,-20.21981],[-40.2443,-20.22035],[-40.24463,-20.22076],[-40.24541,-20.22095],[-40.24628,-20.22234],[-40.24626,-20.22266],[-40.24683,-20.22385],[-40.24818,-20.22428],[-40.24956,-20.22601],[-40.24999,-20.22587],[-40.25229,-20.22579],[-40.25258,-20.22558],[-40.25239,-20.22436],[-40.25273,-20.224]]]},"properties":{"codigo":"3205002126","name":"Polo Industrial Tubarão","population":null,"households":null,"areaKm2":8.3291,"density":null}},{"type":"Feature","geometry":{"type":"Polygon","coordinates":[[[-40.2705,-20.18963],[-40.27001,-20.18856],[-40.26975,-20.18768],[-40.2744,-20.18541],[-40.27676,-20.18596],[-40.27796,-20.18661],[-40.2809,-20.18753],[-40.28115,-20.18805],[-40.28267,-20.18889],[-40.28271,-20.18929],[-40.28157,-20.18994],[-40.27998,-20.19011],[-40.27782,-20.19111],[-40.27679,-20.19083],[-40.27427,-20.18984],[-40.27308,-20.18955],[-40.27243,-20.18975],[-40.2705,-20.18963]]]},"properties":{"codigo":"3205002124","name":"Residencial Vista do Mestre","population":4188,"households":1725,"areaKm2":0.4991,"density":8390.6}},{"type":"Feature","geometry":{"type":"Polygon","coordinates":[[[-40.26858,-20.19361],[-40.2686,-20.19389],[-40.26963,-20.19401],[-40.26973,-20.19402],[-40.27056,-20.19803],[-40.27014,-20.19811],[-40.27022,-20.19866],[-40.27128,-20.20002],[-40.27171,-20.20119],[-40.27189,-20.20229],[-40.27227,-20.20372],[-40.27218,-20.20719],[-40.27236,-20.20892],[-40.27265,-20.21019],[-40.27237,-20.2108],[-40.27486,-20.21201],[-40.27659,-20.21093],[-40.27702,-20.21047],[-40.27698,-20.21101],[-40.27626,-20.21171],[-40.27566,-20.2128],[-40.27467,-20.21382],[-40.27463,-20.21428],[-40.27491,-20.21492],[-40.27542,-20.21545],[-40.27586,-20.21618],[-40.27438,-20.217],[-40.27332,-20.21692],[-40.27328,-20.2173],[-40.27268,-20.21959],[-40.27298,-20.21999],[-40.27061,-20.22089],[-40.27023,-20.2209],[-40.26997,-20.21626],[-40.26959,-20.21618],[-40.26629,-20.21326],[-40.26539,-20.20998],[-40.26539,-20.20982],[-40.2642,-20.20506],[-40.2623,-20.20205],[-40.26302,-20.20171],[-40.26404,-20.20152],[-40.26505,-20.20098],[-40.26493,-20.19748],[-40.26277,-20.19792],[-40.26255,-20.19399],[-40.26858,-20.19361]]]},"properties":{"codigo":"3205002064","name":"Planalto Carapina","population":5282,"households":2297,"areaKm2":2.1252,"density":2485.4}},{"type":"Feature","geometry":{"type":"Polygon","coordinates":[[[-40.25867,-20.18224],[-40.25922,-20.18157],[-40.25907,-20.18087],[-40.26088,-20.17891],[-40.26183,-20.17845],[-40.26317,-20.17838],[-40.26397,-20.17856],[-40.26538,-20.17857],[-40.26524,-20.17964],[-40.26524,-20.18072],[-40.26571,-20.18243],[-40.2665,-20.1837],[-40.26523,-20.184],[-40.26415,-20.18381],[-40.26328,-20.184],[-40.26279,-20.18464],[-40.26133,-20.18458],[-40.2612,-20.18412],[-40.26055,-20.18363],[-40.26051,-20.18331],[-40.25971,-20.18221],[-40.25941,-20.18248],[-40.25867,-20.18224]]]},"properties":{"codigo":"3205002072","name":"Taquara I","population":4253,"households":1639,"areaKm2":0.3699,"density":11496.7}},{"type":"Feature","geometry":{"type":"Polygon","coordinates":[[[-40.27698,-20.19441],[-40.27797,-20.19675],[-40.27751,-20.19777],[-40.27552,-20.19696],[-40.27421,-20.19699],[-40.27359,-20.19626],[-40.27349,-20.19579],[-40.27282,-20.1955],[-40.27154,-20.19572],[-40.27204,-20.19812],[-40.27348,-20.19961],[-40.27171,-20.20119],[-40.27128,-20.20002],[-40.27022,-20.19866],[-40.27014,-20.19811],[-40.27056,-20.19803],[-40.26973,-20.19402],[-40.26963,-20.19401],[-40.2699,-20.19229],[-40.27101,-20.19273],[-40.27149,-20.19276],[-40.27176,-20.1921],[-40.27268,-20.19233],[-40.27358,-20.19284],[-40.27428,-20.19295],[-40.27537,-20.1934],[-40.27524,-20.19369],[-40.27698,-20.19441]]]},"properties":{"codigo":"3205002069","name":"José de Anchieta","population":5573,"households":2355,"areaKm2":0.4003,"density":13923.6}},{"type":"Feature","geometry":{"type":"Polygon","coordinates":[[[-40.22136,-20.23895],[-40.22101,-20.23895],[-40.21494,-20.24265],[-40.21466,-20.24181],[-40.21336,-20.23974],[-40.21301,-20.23957],[-40.21303,-20.23868],[-40.21353,-20.23795],[-40.21441,-20.23754],[-40.21548,-20.23634],[-40.21586,-20.23554],[-40.21571,-20.23491],[-40.21519,-20.23395],[-40.21429,-20.23276],[-40.21341,-20.23193],[-40.21157,-20.23046],[-40.21043,-20.22994],[-40.2087,-20.22893],[-40.20859,-20.22854],[-40.20892,-20.22852],[-40.20959,-20.22908],[-40.21113,-20.2295],[-40.21191,-20.22948],[-40.21249,-20.22917],[-40.21296,-20.22842],[-40.21309,-20.22784],[-40.21463,-20.22783],[-40.21622,-20.22769],[-40.21789,-20.22735],[-40.21983,-20.22727],[-40.22176,-20.22647],[-40.22284,-20.2259],[-40.22351,-20.22591],[-40.22474,-20.22644],[-40.22308,-20.22884],[-40.22304,-20.22911],[-40.22379,-20.23166],[-40.22376,-20.23239],[-40.22296,-20.23366],[-40.2227,-20.23462],[-40.22196,-20.2384],[-40.22136,-20.23895]]]},"properties":{"codigo":"3205002047","name":"Praia de Carapebus","population":4640,"households":2056,"areaKm2":1.4493,"density":3201.6}},{"type":"Feature","geometry":{"type":"Polygon","coordinates":[[[-40.27702,-20.21047],[-40.27659,-20.21093],[-40.27486,-20.21201],[-40.27237,-20.2108],[-40.27265,-20.21019],[-40.27236,-20.20892],[-40.27218,-20.20719],[-40.27227,-20.20372],[-40.27189,-20.20229],[-40.27171,-20.20119],[-40.27348,-20.19961],[-40.27429,-20.19894],[-40.27521,-20.1992],[-40.27557,-20.20012],[-40.27576,-20.20191],[-40.27605,-20.20219],[-40.27605,-20.20297],[-40.27658,-20.20539],[-40.27736,-20.20632],[-40.27698,-20.2084],[-40.2769,-20.20959],[-40.27702,-20.21047]]]},"properties":{"codigo":"3205002065","name":"Jardim Tropical","population":6574,"households":2997,"areaKm2":0.5856,"density":11226.9}},{"type":"Feature","geometry":{"type":"Polygon","coordinates":[[[-40.26214,-20.22356],[-40.25975,-20.22152],[-40.25892,-20.22123],[-40.25814,-20.21827],[-40.2602,-20.21777],[-40.25969,-20.2159],[-40.26104,-20.21559],[-40.26101,-20.21511],[-40.26153,-20.2144],[-40.26215,-20.21676],[-40.26419,-20.21629],[-40.26586,-20.22266],[-40.26214,-20.22356]]]},"properties":{"codigo":"3205002051","name":"São Diogo I","population":2825,"households":1290,"areaKm2":0.4639,"density":6089.3}},{"type":"Feature","geometry":{"type":"Polygon","coordinates":[[[-40.24979,-20.1489],[-40.25104,-20.14972],[-40.25221,-20.1502],[-40.25354,-20.15106],[-40.25483,-20.15217],[-40.25543,-20.15241],[-40.2563,-20.15235],[-40.25735,-20.15263],[-40.25693,-20.15307],[-40.25627,-20.15318],[-40.25584,-20.1536],[-40.25524,-20.15457],[-40.25527,-20.15545],[-40.25656,-20.15808],[-40.25651,-20.15887],[-40.25613,-20.15969],[-40.25284,-20.15781],[-40.25247,-20.15707],[-40.24998,-20.15634],[-40.24903,-20.15562],[-40.24755,-20.15513],[-40.24641,-20.15513],[-40.24574,-20.15539],[-40.24408,-20.15563],[-40.24501,-20.15414],[-40.24736,-20.14993],[-40.24556,-20.14865],[-40.24397,-20.14729],[-40.24267,-20.14588],[-40.24571,-20.1461],[-40.24742,-20.14627],[-40.24795,-20.14669],[-40.24814,-20.14734],[-40.24898,-20.14829],[-40.24979,-20.1489]]]},"properties":{"codigo":"3205002081","name":"Porto Canoa","population":3500,"households":1488,"areaKm2":0.9307,"density":3760.7}},{"type":"Feature","geometry":{"type":"Polygon","coordinates":[[[-40.2593,-20.19821],[-40.26019,-20.19869],[-40.2623,-20.20205],[-40.2642,-20.20506],[-40.26539,-20.20982],[-40.26539,-20.20998],[-40.26472,-20.20926],[-40.26372,-20.20909],[-40.25958,-20.21009],[-40.2585,-20.20738],[-40.25796,-20.20722],[-40.25742,-20.20671],[-40.25725,-20.20603],[-40.25677,-20.20649],[-40.25628,-20.20661],[-40.25587,-20.20624],[-40.25536,-20.20673],[-40.25463,-20.20659],[-40.25461,-20.2057],[-40.25569,-20.20444],[-40.25665,-20.20273],[-40.25685,-20.20137],[-40.25729,-20.20039],[-40.25676,-20.19963],[-40.25778,-20.19892],[-40.2593,-20.19821]]]},"properties":{"codigo":"3205002058","name":"Santa Luzia","population":4037,"households":1705,"areaKm2":0.7955,"density":5074.5}},{"type":"Feature","geometry":{"type":"Polygon","coordinates":[[[-40.28589,-20.22561],[-40.28508,-20.22439],[-40.28435,-20.22311],[-40.2831,-20.22001],[-40.28244,-20.22007],[-40.28094,-20.21591],[-40.28207,-20.21435],[-40.28272,-20.21378],[-40.28398,-20.21316],[-40.28563,-20.21296],[-40.28651,-20.2131],[-40.29001,-20.21402],[-40.29166,-20.21417],[-40.29275,-20.21401],[-40.29357,-20.21374],[-40.29488,-20.21297],[-40.29562,-20.21227],[-40.29724,-20.21015],[-40.29792,-20.20943],[-40.29928,-20.20856],[-40.30031,-20.20821],[-40.30596,-20.20704],[-40.30535,-20.20484],[-40.31206,-20.20345],[-40.31508,-20.20292],[-40.31527,-20.20443],[-40.31549,-20.20736],[-40.31454,-20.2084],[-40.31347,-20.20791],[-40.31109,-20.20732],[-40.30973,-20.20723],[-40.30788,-20.20739],[-40.30063,-20.20901],[-40.2997,-20.20924],[-40.29864,-20.20978],[-40.298,-20.21043],[-40.28824,-20.22314],[-40.28754,-20.22392],[-40.28589,-20.22561]]]},"properties":{"codigo":"3205002059","name":"Terminal Intermodal da Serra","population":5,"households":2,"areaKm2":1.6543,"density":3}},{"type":"Feature","geometry":{"type":"Polygon","coordinates":[[[-40.25075,-20.16723],[-40.25069,-20.16654],[-40.25014,-20.16558],[-40.25008,-20.16478],[-40.25047,-20.1628],[-40.25158,-20.16233],[-40.25332,-20.16112],[-40.25432,-20.16041],[-40.2558,-20.15985],[-40.25573,-20.16049],[-40.2547,-20.16266],[-40.2539,-20.1659],[-40.25364,-20.16662],[-40.25215,-20.16728],[-40.25158,-20.16739],[-40.25075,-20.16723]]]},"properties":{"codigo":"3205002076","name":"Maringá","population":2000,"households":811,"areaKm2":0.2652,"density":7541.3}},{"type":"Feature","geometry":{"type":"Polygon","coordinates":[[[-40.36149,-20.23436],[-40.36082,-20.23569],[-40.35981,-20.23693],[-40.35901,-20.23736],[-40.3573,-20.23805],[-40.35667,-20.23877],[-40.35609,-20.23903],[-40.35394,-20.23847],[-40.35361,-20.23848],[-40.35309,-20.23897],[-40.34685,-20.2391],[-40.33543,-20.23889],[-40.32925,-20.23997],[-40.3292,-20.23926],[-40.32722,-20.23895],[-40.31903,-20.23895],[-40.31865,-20.23753],[-40.31744,-20.23704],[-40.31676,-20.23654],[-40.3158,-20.23681],[-40.31364,-20.23699],[-40.311,-20.23739],[-40.31029,-20.2373],[-40.30985,-20.23678],[-40.30982,-20.2358],[-40.31033,-20.23456],[-40.31082,-20.23306],[-40.31053,-20.2315],[-40.30969,-20.2309],[-40.309,-20.23092],[-40.30812,-20.22963],[-40.30673,-20.22923],[-40.3062,-20.22957],[-40.30497,-20.22988],[-40.30395,-20.2292],[-40.30319,-20.22952],[-40.30241,-20.22933],[-40.30009,-20.23114],[-40.29899,-20.23258],[-40.29905,-20.23316],[-40.29821,-20.23368],[-40.29794,-20.23457],[-40.29824,-20.23562],[-40.29771,-20.23605],[-40.29799,-20.23726],[-40.2978,-20.23856],[-40.29787,-20.23895],[-40.29105,-20.23895],[-40.29083,-20.24008],[-40.2898,-20.24009],[-40.28696,-20.23894],[-40.28574,-20.23861],[-40.28912,-20.23944],[-40.28962,-20.23922],[-40.28974,-20.23831],[-40.29044,-20.23625],[-40.29256,-20.22846],[-40.29266,-20.22739],[-40.29217,-20.22694],[-40.29186,-20.22724],[-40.29029,-20.22615],[-40.29049,-20.22587],[-40.28754,-20.22392],[-40.28824,-20.22314],[-40.298,-20.21043],[-40.29864,-20.20978],[-40.2997,-20.20924],[-40.30063,-20.20901],[-40.30788,-20.20739],[-40.30973,-20.20723],[-40.31109,-20.20732],[-40.31347,-20.20791],[-40.31454,-20.2084],[-40.31549,-20.20736],[-40.31527,-20.20443],[-40.31508,-20.20292],[-40.31206,-20.20345],[-40.30535,-20.20484],[-40.30533,-20.2043],[-40.30564,-20.20381],[-40.30537,-20.20245],[-40.30554,-20.20212],[-40.31115,-20.20096],[-40.31143,-20.20112],[-40.31311,-20.20079],[-40.31355,-20.19996],[-40.31354,-20.19918],[-40.31447,-20.19861],[-40.32815,-20.19842],[-40.32888,-20.19869],[-40.33112,-20.20632],[-40.33105,-20.20732],[-40.33016,-20.20819],[-40.32695,-20.20914],[-40.32971,-20.2092],[-40.35457,-20.21232],[-40.3598,-20.21331],[-40.36955,-20.21612],[-40.36725,-20.21697],[-40.3669,-20.21764],[-40.36561,-20.21899],[-40.36553,-20.2201],[-40.36504,-20.22152],[-40.36238,-20.23094],[-40.36195,-20.23341],[-40.36149,-20.23436]]]},"properties":{"codigo":"3205002125","name":"Jacuhy","population":1058,"households":323,"areaKm2":24.7243,"density":42.8}},{"type":"Feature","geometry":{"type":"Polygon","coordinates":[[[-40.23685,-20.21505],[-40.23642,-20.21507],[-40.23566,-20.21649],[-40.23506,-20.21744],[-40.23447,-20.21873],[-40.23419,-20.22016],[-40.23317,-20.22099],[-40.23234,-20.22142],[-40.23207,-20.222],[-40.23096,-20.22291],[-40.22989,-20.22289],[-40.22844,-20.22324],[-40.22701,-20.22448],[-40.22617,-20.22624],[-40.22567,-20.22653],[-40.225,-20.2262],[-40.22474,-20.22644],[-40.22351,-20.22591],[-40.22284,-20.2259],[-40.22176,-20.22647],[-40.22029,-20.2241],[-40.22338,-20.22237],[-40.22104,-20.21862],[-40.21967,-20.21818],[-40.22026,-20.21736],[-40.2209,-20.21677],[-40.22213,-20.21634],[-40.22196,-20.21452],[-40.22138,-20.21452],[-40.22113,-20.21484],[-40.22001,-20.21468],[-40.21978,-20.21288],[-40.21919,-20.21314],[-40.21888,-20.21426],[-40.21811,-20.21508],[-40.21719,-20.21529],[-40.21662,-20.21605],[-40.21539,-20.21678],[-40.21465,-20.21662],[-40.21397,-20.21584],[-40.21423,-20.21356],[-40.21599,-20.21304],[-40.2204,-20.2113],[-40.22104,-20.21128],[-40.22386,-20.21194],[-40.22644,-20.21305],[-40.22762,-20.21374],[-40.22895,-20.21413],[-40.22992,-20.21387],[-40.23063,-20.21323],[-40.2315,-20.21277],[-40.23344,-20.21231],[-40.23707,-20.2137],[-40.23661,-20.21469],[-40.23685,-20.21505]]]},"properties":{"codigo":"3205002046","name":"Cidade Continental","population":10852,"households":4300,"areaKm2":2.0094,"density":5400.7}},{"type":"Feature","geometry":{"type":"Polygon","coordinates":[[[-40.19791,-20.20778],[-40.197,-20.20618],[-40.19658,-20.20575],[-40.196,-20.20416],[-40.19561,-20.20269],[-40.19492,-20.20139],[-40.1945,-20.20096],[-40.19324,-20.20008],[-40.19209,-20.19962],[-40.19219,-20.19845],[-40.19207,-20.19716],[-40.19136,-20.19574],[-40.1906,-20.19458],[-40.19019,-20.19332],[-40.19038,-20.19222],[-40.19094,-20.19094],[-40.19088,-20.18973],[-40.19053,-20.18884],[-40.19046,-20.18749],[-40.19015,-20.18654],[-40.19107,-20.1861],[-40.1911,-20.18545],[-40.19162,-20.18487],[-40.19165,-20.1841],[-40.19129,-20.18359],[-40.1909,-20.18256],[-40.19037,-20.18202],[-40.19126,-20.18196],[-40.19303,-20.18441],[-40.19398,-20.18536],[-40.20278,-20.1916],[-40.21606,-20.20097],[-40.21842,-20.20267],[-40.21726,-20.20366],[-40.21632,-20.20404],[-40.21573,-20.20402],[-40.21411,-20.20336],[-40.21281,-20.20303],[-40.21236,-20.20313],[-40.21136,-20.20406],[-40.21065,-20.20453],[-40.20884,-20.20516],[-40.20909,-20.20671],[-40.20902,-20.2079],[-40.20864,-20.20831],[-40.20755,-20.2086],[-40.20667,-20.20841],[-40.20662,-20.209],[-40.20538,-20.20861],[-40.2045,-20.20863],[-40.20359,-20.2077],[-40.20202,-20.20736],[-40.20154,-20.20701],[-40.20114,-20.20589],[-40.20106,-20.20498],[-40.20007,-20.20524],[-40.19947,-20.20629],[-40.19953,-20.207],[-40.20044,-20.20835],[-40.20032,-20.20929],[-40.19962,-20.20919],[-40.19906,-20.20813],[-40.19833,-20.20767],[-40.19791,-20.20778]]]},"properties":{"codigo":"3205002035","name":"Manguinhos","population":2489,"households":1423,"areaKm2":3.8364,"density":648.8}},{"type":"Feature","geometry":{"type":"Polygon","coordinates":[[[-40.24408,-20.15563],[-40.24574,-20.15539],[-40.24641,-20.15513],[-40.24755,-20.15513],[-40.24903,-20.15562],[-40.24998,-20.15634],[-40.25247,-20.15707],[-40.25284,-20.15781],[-40.25613,-20.15969],[-40.2558,-20.15985],[-40.25432,-20.16041],[-40.25332,-20.16112],[-40.25273,-20.16051],[-40.25152,-20.1604],[-40.25099,-20.1611],[-40.24966,-20.16139],[-40.24863,-20.1619],[-40.24835,-20.16181],[-40.24732,-20.16083],[-40.24606,-20.16029],[-40.24553,-20.16029],[-40.24253,-20.1586],[-40.24207,-20.15814],[-40.24072,-20.15753],[-40.24088,-20.15723],[-40.24107,-20.1569],[-40.24234,-20.15691],[-40.24408,-20.15563]]]},"properties":{"codigo":"3205002080","name":"Mata da Serra","population":2185,"households":876,"areaKm2":0.6305,"density":3465.4}},{"type":"Feature","geometry":{"type":"Polygon","coordinates":[[[-40.2741,-20.16413],[-40.27374,-20.16416],[-40.27206,-20.16476],[-40.27053,-20.16557],[-40.26982,-20.16527],[-40.26878,-20.16572],[-40.26858,-20.16527],[-40.26751,-20.1641],[-40.26735,-20.16348],[-40.26606,-20.16212],[-40.26528,-20.16087],[-40.26539,-20.16042],[-40.26689,-20.16046],[-40.27411,-20.16172],[-40.27385,-20.16256],[-40.27502,-20.1625],[-40.2741,-20.16413]]]},"properties":{"codigo":"3205002085","name":"Parque Residencial Mestre Álvaro","population":2063,"households":806,"areaKm2":0.3482,"density":5924.9}},{"type":"Feature","geometry":{"type":"Polygon","coordinates":[[[-40.2686,-20.23774],[-40.26801,-20.23641],[-40.26614,-20.23513],[-40.26574,-20.23391],[-40.26557,-20.23259],[-40.26695,-20.23174],[-40.2667,-20.23128],[-40.2689,-20.22996],[-40.26889,-20.23007],[-40.27103,-20.23335],[-40.27145,-20.23407],[-40.27158,-20.23503],[-40.27197,-20.23576],[-40.27126,-20.23587],[-40.27089,-20.23639],[-40.26898,-20.23721],[-40.2686,-20.23774]]]},"properties":{"codigo":"3205002053","name":"Manoel Plaza","population":1749,"households":706,"areaKm2":0.3214,"density":5441.8}},{"type":"Feature","geometry":{"type":"Polygon","coordinates":[[[-40.27785,-20.15415],[-40.27656,-20.15814],[-40.27627,-20.15871],[-40.27502,-20.1625],[-40.27385,-20.16256],[-40.27411,-20.16172],[-40.26689,-20.16046],[-40.26539,-20.16042],[-40.2654,-20.15942],[-40.26519,-20.15903],[-40.26458,-20.15883],[-40.26332,-20.1592],[-40.26202,-20.15919],[-40.26095,-20.15841],[-40.26046,-20.15713],[-40.26039,-20.15618],[-40.2602,-20.15579],[-40.25885,-20.1553],[-40.25752,-20.15467],[-40.25693,-20.15413],[-40.25676,-20.15369],[-40.25693,-20.15307],[-40.25735,-20.15263],[-40.25743,-20.15241],[-40.25873,-20.15247],[-40.25928,-20.15268],[-40.25987,-20.15323],[-40.26104,-20.15333],[-40.26191,-20.15354],[-40.26293,-20.1546],[-40.2635,-20.15477],[-40.26525,-20.15494],[-40.26635,-20.15526],[-40.26688,-20.15559],[-40.26789,-20.15571],[-40.26849,-20.15536],[-40.26894,-20.15472],[-40.26945,-20.15438],[-40.27083,-20.15416],[-40.27411,-20.15318],[-40.27446,-20.15336],[-40.27523,-20.15431],[-40.27567,-20.15436],[-40.27579,-20.1538],[-40.27785,-20.15415]]]},"properties":{"codigo":"3205002086","name":"Nova Carapina I","population":10197,"households":4294,"areaKm2":1.2537,"density":8133.8}},{"type":"Feature","geometry":{"type":"Polygon","coordinates":[[[-40.23441,-20.18909],[-40.23314,-20.18883],[-40.23262,-20.1891],[-40.23165,-20.18871],[-40.23071,-20.18887],[-40.22814,-20.18825],[-40.22853,-20.18694],[-40.23067,-20.18043],[-40.23254,-20.1813],[-40.23416,-20.18307],[-40.23498,-20.18354],[-40.23799,-20.18484],[-40.23804,-20.18501],[-40.23736,-20.18774],[-40.23497,-20.18861],[-40.23441,-20.18909]]]},"properties":{"codigo":"3205002045","name":"Alterozas","population":1714,"households":710,"areaKm2":0.6022,"density":2846.3}},{"type":"Feature","geometry":{"type":"Polygon","coordinates":[[[-40.23192,-20.14985],[-40.23259,-20.15019],[-40.23256,-20.15081],[-40.2335,-20.15266],[-40.23371,-20.15336],[-40.23525,-20.15446],[-40.23639,-20.15587],[-40.23668,-20.15608],[-40.23755,-20.15659],[-40.23893,-20.15705],[-40.23941,-20.15734],[-40.24038,-20.15706],[-40.24088,-20.15723],[-40.24072,-20.15753],[-40.24207,-20.15814],[-40.24253,-20.1586],[-40.24553,-20.16029],[-40.24606,-20.16029],[-40.24732,-20.16083],[-40.24835,-20.16181],[-40.24863,-20.1619],[-40.24966,-20.16139],[-40.25099,-20.1611],[-40.25152,-20.1604],[-40.25273,-20.16051],[-40.25332,-20.16112],[-40.25158,-20.16233],[-40.25047,-20.1628],[-40.25008,-20.16478],[-40.25014,-20.16558],[-40.25069,-20.16654],[-40.25075,-20.16723],[-40.24956,-20.16753],[-40.24892,-20.16724],[-40.24735,-20.16715],[-40.24662,-20.16742],[-40.24511,-20.16744],[-40.24444,-20.16776],[-40.24398,-20.1677],[-40.24244,-20.16861],[-40.24226,-20.16898],[-40.2415,-20.16886],[-40.23976,-20.16894],[-40.23843,-20.16918],[-40.23632,-20.16824],[-40.23511,-20.16792],[-40.23455,-20.16694],[-40.2339,-20.16648],[-40.23328,-20.16636],[-40.2318,-20.16634],[-40.22988,-20.16526],[-40.2286,-20.1651],[-40.2276,-20.16456],[-40.22704,-20.16395],[-40.22574,-20.16308],[-40.22456,-20.16206],[-40.22339,-20.16065],[-40.22272,-20.15961],[-40.22169,-20.15915],[-40.22019,-20.15966],[-40.21881,-20.15959],[-40.21663,-20.15892],[-40.21401,-20.15733],[-40.21199,-20.15546],[-40.2109,-20.15467],[-40.20982,-20.15351],[-40.20865,-20.15249],[-40.20827,-20.15215],[-40.2094,-20.15133],[-40.21068,-20.15119],[-40.21163,-20.15074],[-40.21224,-20.14984],[-40.21265,-20.14822],[-40.21351,-20.14794],[-40.21458,-20.14906],[-40.21796,-20.15006],[-40.22052,-20.14955],[-40.22474,-20.14979],[-40.22572,-20.14896],[-40.22688,-20.14864],[-40.22824,-20.14799],[-40.23006,-20.14861],[-40.23054,-20.14913],[-40.23192,-20.14985]]]},"properties":{"codigo":"3205002077","name":"Civit I","population":37,"households":22,"areaKm2":5.0567,"density":7.3}},{"type":"Feature","geometry":{"type":"Polygon","coordinates":[[[-40.22039,-20.17519],[-40.22122,-20.1754],[-40.22016,-20.17598],[-40.21807,-20.17737],[-40.21829,-20.17808],[-40.21908,-20.17978],[-40.21933,-20.18094],[-40.21921,-20.18189],[-40.21929,-20.18256],[-40.21897,-20.18343],[-40.21793,-20.18355],[-40.21526,-20.18443],[-40.21311,-20.18554],[-40.21265,-20.18611],[-40.21256,-20.18671],[-40.21071,-20.18864],[-40.21018,-20.18958],[-40.20937,-20.19027],[-40.20825,-20.19052],[-40.20739,-20.19032],[-40.20671,-20.18952],[-40.20656,-20.18825],[-40.2053,-20.1864],[-40.2043,-20.18668],[-40.20305,-20.18645],[-40.20118,-20.18562],[-40.20004,-20.18476],[-40.20067,-20.18344],[-40.2005,-20.18304],[-40.20064,-20.18213],[-40.19954,-20.18066],[-40.19921,-20.18041],[-40.20006,-20.1805],[-40.20111,-20.18019],[-40.20183,-20.1791],[-40.20224,-20.17878],[-40.2031,-20.17904],[-40.20377,-20.17901],[-40.20522,-20.17833],[-40.20589,-20.17785],[-40.20553,-20.17729],[-40.20577,-20.17624],[-40.20746,-20.17588],[-40.20982,-20.17575],[-40.21126,-20.17593],[-40.21293,-20.1753],[-40.21559,-20.17455],[-40.21954,-20.17375],[-40.22011,-20.17493],[-40.22039,-20.17519]]]},"properties":{"codigo":"3205002033","name":"Vila Nova de Colares","population":16721,"households":6861,"areaKm2":2.2559,"density":7412.3}},{"type":"Feature","geometry":{"type":"Polygon","coordinates":[[[-40.24415,-20.20401],[-40.24434,-20.20339],[-40.25069,-20.20513],[-40.25022,-20.20549],[-40.24995,-20.2062],[-40.25136,-20.20859],[-40.25136,-20.20876],[-40.24336,-20.20655],[-40.24415,-20.20401]]]},"properties":{"codigo":"3205002048","name":"Chácara Parreiral","population":1011,"households":428,"areaKm2":0.2666,"density":3792.5}},{"type":"Feature","geometry":{"type":"Polygon","coordinates":[[[-40.27103,-20.22712],[-40.26965,-20.22725],[-40.26723,-20.22739],[-40.26543,-20.22821],[-40.26326,-20.22966],[-40.26229,-20.22844],[-40.26302,-20.22624],[-40.2622,-20.22415],[-40.26214,-20.22356],[-40.26586,-20.22266],[-40.26863,-20.22195],[-40.27029,-20.22183],[-40.27051,-20.22533],[-40.27074,-20.22645],[-40.27103,-20.22712]]]},"properties":{"codigo":"3205002052","name":"São Geraldo","population":1490,"households":631,"areaKm2":0.5049,"density":2951}},{"type":"Feature","geometry":{"type":"Polygon","coordinates":[[[-40.21309,-20.22784],[-40.21357,-20.22602],[-40.21418,-20.2252],[-40.21561,-20.22389],[-40.21695,-20.22307],[-40.2181,-20.22138],[-40.21898,-20.21911],[-40.21967,-20.21818],[-40.22104,-20.21862],[-40.22338,-20.22237],[-40.22029,-20.2241],[-40.22176,-20.22647],[-40.21983,-20.22727],[-40.21789,-20.22735],[-40.21622,-20.22769],[-40.21463,-20.22783],[-40.21309,-20.22784]]]},"properties":{"codigo":"3205002122","name":"Lagoa de Carapebus","population":3157,"households":1169,"areaKm2":0.5549,"density":5689.7}},{"type":"Feature","geometry":{"type":"Polygon","coordinates":[[[-40.23958,-20.20076],[-40.23853,-20.20091],[-40.23828,-20.20131],[-40.23857,-20.20252],[-40.23905,-20.20247],[-40.24025,-20.20266],[-40.24058,-20.20305],[-40.24415,-20.20401],[-40.24336,-20.20655],[-40.25136,-20.20876],[-40.25136,-20.20859],[-40.24995,-20.2062],[-40.25022,-20.20549],[-40.25069,-20.20513],[-40.25176,-20.20424],[-40.25315,-20.20577],[-40.25463,-20.20659],[-40.25536,-20.20673],[-40.25587,-20.20624],[-40.25628,-20.20661],[-40.25677,-20.20649],[-40.25725,-20.20603],[-40.25742,-20.20671],[-40.25796,-20.20722],[-40.2585,-20.20738],[-40.25958,-20.21009],[-40.26372,-20.20909],[-40.26472,-20.20926],[-40.26539,-20.20998],[-40.26629,-20.21326],[-40.26959,-20.21618],[-40.26997,-20.21626],[-40.27023,-20.2209],[-40.27029,-20.22183],[-40.26863,-20.22195],[-40.26586,-20.22266],[-40.26419,-20.21629],[-40.26215,-20.21676],[-40.26153,-20.2144],[-40.26101,-20.21511],[-40.26104,-20.21559],[-40.25969,-20.2159],[-40.2602,-20.21777],[-40.25814,-20.21827],[-40.25801,-20.21776],[-40.2553,-20.21839],[-40.25379,-20.21844],[-40.25446,-20.21713],[-40.25417,-20.21678],[-40.25352,-20.21701],[-40.25239,-20.21682],[-40.25188,-20.21613],[-40.24997,-20.21525],[-40.2498,-20.21461],[-40.24936,-20.21412],[-40.24825,-20.21332],[-40.24805,-20.21293],[-40.24737,-20.2124],[-40.2464,-20.21201],[-40.24564,-20.21185],[-40.24469,-20.21187],[-40.24379,-20.21161],[-40.24359,-20.21122],[-40.24176,-20.2106],[-40.24076,-20.21006],[-40.23939,-20.20977],[-40.23878,-20.20987],[-40.23709,-20.20941],[-40.23612,-20.20973],[-40.23504,-20.20924],[-40.23489,-20.20885],[-40.23342,-20.2081],[-40.23112,-20.20849],[-40.23095,-20.20894],[-40.23029,-20.20934],[-40.22801,-20.20991],[-40.22734,-20.20944],[-40.2263,-20.20937],[-40.22617,-20.20969],[-40.22539,-20.20977],[-40.22463,-20.20915],[-40.2257,-20.20798],[-40.22617,-20.20767],[-40.22721,-20.20742],[-40.22811,-20.20652],[-40.22862,-20.20671],[-40.2292,-20.20658],[-40.22952,-20.20582],[-40.22929,-20.20464],[-40.22889,-20.20415],[-40.22807,-20.20363],[-40.22754,-20.20306],[-40.22719,-20.20226],[-40.2303,-20.20157],[-40.23115,-20.20026],[-40.23157,-20.20009],[-40.23269,-20.20016],[-40.23376,-20.19953],[-40.23507,-20.19966],[-40.236,-20.20022],[-40.23761,-20.20067],[-40.23786,-20.20052],[-40.23867,-20.20079],[-40.23958,-20.20076]]]},"properties":{"codigo":"3205002042","name":"Jardim Limoeiro","population":15677,"households":7255,"areaKm2":3.9948,"density":3924.3}},{"type":"Feature","geometry":{"type":"Polygon","coordinates":[[[-40.27237,-20.23641],[-40.275,-20.23594],[-40.27684,-20.23599],[-40.27866,-20.23877],[-40.27892,-20.23895],[-40.27794,-20.23895],[-40.27432,-20.24139],[-40.27383,-20.24027],[-40.27343,-20.24011],[-40.27305,-20.24051],[-40.27189,-20.23958],[-40.27174,-20.23877],[-40.27246,-20.23754],[-40.27256,-20.23684],[-40.27237,-20.23641]]]},"properties":{"codigo":"3205002054","name":"Eurico Salles","population":1155,"households":506,"areaKm2":0.273,"density":4231.5}},{"type":"Feature","geometry":{"type":"Polygon","coordinates":[[[-40.23376,-20.19953],[-40.23269,-20.20016],[-40.23157,-20.20009],[-40.23115,-20.20026],[-40.2303,-20.20157],[-40.22719,-20.20226],[-40.22627,-20.20239],[-40.22508,-20.20274],[-40.2232,-20.20263],[-40.22246,-20.20306],[-40.22156,-20.20322],[-40.22076,-20.20428],[-40.21842,-20.20267],[-40.21606,-20.20097],[-40.20278,-20.1916],[-40.203,-20.1915],[-40.20448,-20.19212],[-40.2048,-20.19168],[-40.20528,-20.19162],[-40.20549,-20.19082],[-40.2053,-20.1904],[-40.20573,-20.18993],[-40.20671,-20.18952],[-40.20739,-20.19032],[-40.20825,-20.19052],[-40.20937,-20.19027],[-40.21018,-20.18958],[-40.21071,-20.18864],[-40.21256,-20.18671],[-40.2129,-20.18728],[-40.21353,-20.18755],[-40.21514,-20.18776],[-40.21665,-20.18722],[-40.21706,-20.18737],[-40.2177,-20.18806],[-40.21884,-20.18852],[-40.22101,-20.18851],[-40.22252,-20.18881],[-40.22482,-20.18901],[-40.22643,-20.18847],[-40.22779,-20.18817],[-40.22814,-20.18825],[-40.23071,-20.18887],[-40.23165,-20.18871],[-40.23262,-20.1891],[-40.23314,-20.18883],[-40.23441,-20.18909],[-40.23484,-20.1899],[-40.23499,-20.19091],[-40.23485,-20.19299],[-40.23509,-20.19345],[-40.23637,-20.19455],[-40.23714,-20.19489],[-40.23733,-20.1955],[-40.23718,-20.19624],[-40.2364,-20.1972],[-40.2352,-20.19764],[-40.23326,-20.19728],[-40.23335,-20.19827],[-40.23376,-20.19953]]]},"properties":{"codigo":"3205002038","name":"Morada de Laranjeiras","population":14438,"households":6460,"areaKm2":4.0232,"density":3588.7}},{"type":"Feature","geometry":{"type":"Polygon","coordinates":[[[-40.25176,-20.20424],[-40.25069,-20.20513],[-40.24434,-20.20339],[-40.24415,-20.20401],[-40.24058,-20.20305],[-40.24025,-20.20266],[-40.23905,-20.20247],[-40.23857,-20.20252],[-40.23828,-20.20131],[-40.23853,-20.20091],[-40.23958,-20.20076],[-40.24039,-20.20073],[-40.24063,-20.2005],[-40.24124,-20.20075],[-40.24192,-20.20025],[-40.24318,-20.19979],[-40.24418,-20.19993],[-40.24522,-20.19955],[-40.24571,-20.2],[-40.24799,-20.20141],[-40.25176,-20.20424]]]},"properties":{"codigo":"3205002040","name":"Guaraciaba","population":1923,"households":873,"areaKm2":0.4275,"density":4497.8}},{"type":"Feature","geometry":{"type":"Polygon","coordinates":[[[-40.21397,-20.21584],[-40.21465,-20.21662],[-40.21539,-20.21678],[-40.21662,-20.21605],[-40.21719,-20.21529],[-40.21811,-20.21508],[-40.21888,-20.21426],[-40.21919,-20.21314],[-40.21978,-20.21288],[-40.22001,-20.21468],[-40.22113,-20.21484],[-40.22138,-20.21452],[-40.22196,-20.21452],[-40.22213,-20.21634],[-40.2209,-20.21677],[-40.22026,-20.21736],[-40.21967,-20.21818],[-40.21898,-20.21911],[-40.2181,-20.22138],[-40.21695,-20.22307],[-40.21561,-20.22389],[-40.21418,-20.2252],[-40.21357,-20.22602],[-40.21309,-20.22784],[-40.21296,-20.22842],[-40.21249,-20.22917],[-40.21191,-20.22948],[-40.21113,-20.2295],[-40.20959,-20.22908],[-40.20892,-20.22852],[-40.20859,-20.22854],[-40.20852,-20.22817],[-40.20709,-20.22618],[-40.20642,-20.22545],[-40.20575,-20.22501],[-40.20481,-20.22464],[-40.20415,-20.22389],[-40.20398,-20.22259],[-40.20341,-20.22174],[-40.20171,-20.22049],[-40.20219,-20.22011],[-40.20212,-20.21951],[-40.20278,-20.21938],[-40.20325,-20.21855],[-40.20387,-20.21898],[-40.20447,-20.21766],[-40.20529,-20.21764],[-40.20554,-20.21732],[-40.20588,-20.21598],[-40.20626,-20.21576],[-40.20729,-20.21566],[-40.20835,-20.2158],[-40.20911,-20.21614],[-40.20968,-20.21578],[-40.21142,-20.21534],[-40.21255,-20.21535],[-40.21397,-20.21584]]]},"properties":{"codigo":"3205002044","name":"Balneário de Carapebus","population":8304,"households":3740,"areaKm2":1.8841,"density":4407.5}},{"type":"Feature","geometry":{"type":"Polygon","coordinates":[[[-40.18837,-20.16764],[-40.18955,-20.16786],[-40.1901,-20.16817],[-40.1921,-20.16842],[-40.19263,-20.16828],[-40.19384,-20.16895],[-40.19474,-20.16893],[-40.19477,-20.17029],[-40.195,-20.17144],[-40.19537,-20.17166],[-40.19553,-20.17251],[-40.19502,-20.17249],[-40.19552,-20.17363],[-40.19552,-20.17399],[-40.19688,-20.17534],[-40.19682,-20.17617],[-40.19637,-20.17676],[-40.19668,-20.17704],[-40.19724,-20.17678],[-40.19766,-20.17712],[-40.1974,-20.17836],[-40.19696,-20.1794],[-40.19697,-20.17983],[-40.19794,-20.1803],[-40.19668,-20.18019],[-40.19466,-20.18026],[-40.194,-20.17997],[-40.19365,-20.18011],[-40.19336,-20.18096],[-40.19293,-20.18097],[-40.19281,-20.18147],[-40.19126,-20.18196],[-40.19037,-20.18202],[-40.18941,-20.18117],[-40.18916,-20.18047],[-40.1893,-20.17952],[-40.18911,-20.17881],[-40.18851,-20.17785],[-40.18825,-20.17619],[-40.18766,-20.17535],[-40.18664,-20.17485],[-40.1862,-20.17429],[-40.18625,-20.17358],[-40.18605,-20.173],[-40.18612,-20.17145],[-40.18583,-20.17094],[-40.18495,-20.17002],[-40.18487,-20.16895],[-40.18443,-20.16798],[-40.18382,-20.16729],[-40.18435,-20.16678],[-40.18536,-20.16716],[-40.18593,-20.16772],[-40.18837,-20.16764]]]},"properties":{"codigo":"3205002123","name":"Praia da Baleia","population":4660,"households":2070,"areaKm2":1.3587,"density":3429.7}},{"type":"Feature","geometry":{"type":"Polygon","coordinates":[[[-40.21238,-20.17013],[-40.21234,-20.17073],[-40.21118,-20.17147],[-40.21022,-20.17186],[-40.2091,-20.17186],[-40.20768,-20.17135],[-40.20643,-20.17136],[-40.20577,-20.1717],[-40.20463,-20.17096],[-40.20399,-20.171],[-40.20272,-20.17172],[-40.202,-20.17175],[-40.20161,-20.17112],[-40.20111,-20.17074],[-40.19923,-20.17013],[-40.19841,-20.17025],[-40.19718,-20.16983],[-40.19671,-20.16929],[-40.19574,-20.16877],[-40.19474,-20.16893],[-40.19384,-20.16895],[-40.19263,-20.16828],[-40.1921,-20.16842],[-40.1901,-20.16817],[-40.18955,-20.16786],[-40.18837,-20.16764],[-40.18829,-20.16611],[-40.19004,-20.1657],[-40.19449,-20.16432],[-40.19681,-20.16351],[-40.19739,-20.16485],[-40.19818,-20.16553],[-40.20059,-20.16676],[-40.20356,-20.16727],[-40.20457,-20.16759],[-40.20536,-20.16798],[-40.20666,-20.16891],[-40.20739,-20.16922],[-40.21132,-20.17004],[-40.21238,-20.17013]]]},"properties":{"codigo":"3205002028","name":"Portal de Jacaraípe","population":1152,"households":596,"areaKm2":0.938,"density":1228.2}},{"type":"Feature","geometry":{"type":"Polygon","coordinates":[[[-40.27298,-20.21999],[-40.27268,-20.21959],[-40.27328,-20.2173],[-40.27332,-20.21692],[-40.27438,-20.217],[-40.27586,-20.21618],[-40.27542,-20.21545],[-40.27916,-20.21416],[-40.27858,-20.21476],[-40.27805,-20.2161],[-40.27995,-20.21736],[-40.27512,-20.2244],[-40.27432,-20.22375],[-40.2733,-20.2246],[-40.27236,-20.22397],[-40.27349,-20.22242],[-40.27323,-20.22203],[-40.2735,-20.22002],[-40.27298,-20.21999]]]},"properties":{"codigo":"3205002063","name":"Central Carapina","population":6180,"households":2351,"areaKm2":0.4628,"density":13353.9}},{"type":"Feature","geometry":{"type":"Polygon","coordinates":[[[-40.23843,-20.16918],[-40.23976,-20.16894],[-40.2415,-20.16886],[-40.24226,-20.16898],[-40.24244,-20.16861],[-40.24398,-20.1677],[-40.24444,-20.16776],[-40.24511,-20.16744],[-40.24662,-20.16742],[-40.24735,-20.16715],[-40.24892,-20.16724],[-40.24956,-20.16753],[-40.25075,-20.16723],[-40.25158,-20.16739],[-40.25215,-20.16728],[-40.25364,-20.16662],[-40.25425,-20.16666],[-40.25577,-20.16744],[-40.25899,-20.1697],[-40.26023,-20.17065],[-40.26222,-20.17068],[-40.26386,-20.17253],[-40.26548,-20.17254],[-40.26615,-20.17268],[-40.26716,-20.17336],[-40.2667,-20.17428],[-40.26589,-20.17659],[-40.26549,-20.17815],[-40.26506,-20.17785],[-40.26368,-20.17622],[-40.26303,-20.17622],[-40.26204,-20.17657],[-40.26108,-20.17673],[-40.26055,-20.17664],[-40.26008,-20.17627],[-40.25953,-20.17523],[-40.25928,-20.17558],[-40.25496,-20.17512],[-40.25414,-20.17532],[-40.25319,-20.17624],[-40.25259,-20.17657],[-40.25161,-20.17637],[-40.2509,-20.17598],[-40.25009,-20.17659],[-40.24819,-20.17739],[-40.24671,-20.17754],[-40.24542,-20.17807],[-40.2447,-20.17866],[-40.24451,-20.17909],[-40.2429,-20.17872],[-40.24283,-20.17817],[-40.24212,-20.17641],[-40.24208,-20.17596],[-40.24115,-20.17527],[-40.23987,-20.1749],[-40.23938,-20.1745],[-40.23875,-20.17437],[-40.23805,-20.17292],[-40.23787,-20.17231],[-40.23803,-20.17116],[-40.23785,-20.16985],[-40.23843,-20.16918]]]},"properties":{"codigo":"3205002075","name":"Barcelona","population":11723,"households":4746,"areaKm2":2.4994,"density":4690.3}},{"type":"Feature","geometry":{"type":"Polygon","coordinates":[[[-40.27512,-20.2244],[-40.27995,-20.21736],[-40.28094,-20.21591],[-40.28244,-20.22007],[-40.2831,-20.22001],[-40.28435,-20.22311],[-40.28508,-20.22439],[-40.28168,-20.22561],[-40.28172,-20.22609],[-40.28011,-20.22581],[-40.27935,-20.22548],[-40.27872,-20.22607],[-40.27863,-20.22937],[-40.27779,-20.23068],[-40.27784,-20.23171],[-40.27725,-20.23204],[-40.27494,-20.23326],[-40.27376,-20.23133],[-40.27167,-20.22828],[-40.27104,-20.22711],[-40.27309,-20.22618],[-40.274,-20.22554],[-40.27512,-20.2244]]]},"properties":{"codigo":"3205002061","name":"Carapina Grande","population":11738,"households":5085,"areaKm2":1.0601,"density":11072.2}},{"type":"Feature","geometry":{"type":"Polygon","coordinates":[[[-40.27784,-20.23171],[-40.27779,-20.23068],[-40.27863,-20.22937],[-40.27872,-20.22607],[-40.27935,-20.22548],[-40.28011,-20.22581],[-40.28172,-20.22609],[-40.28168,-20.22561],[-40.28508,-20.22439],[-40.28589,-20.22561],[-40.28305,-20.22846],[-40.28145,-20.22968],[-40.27822,-20.23157],[-40.27784,-20.23171]]]},"properties":{"codigo":"3205002060","name":"André Carlone","population":4911,"households":2443,"areaKm2":0.3061,"density":16041.3}},{"type":"Feature","geometry":{"type":"Polygon","coordinates":[[[-40.2824,-20.19677],[-40.28255,-20.1972],[-40.282,-20.19825],[-40.28157,-20.19936],[-40.28097,-20.20135],[-40.28115,-20.20242],[-40.27808,-20.20023],[-40.27722,-20.19955],[-40.27557,-20.20012],[-40.27521,-20.1992],[-40.27429,-20.19894],[-40.27348,-20.19961],[-40.27204,-20.19812],[-40.27154,-20.19572],[-40.27282,-20.1955],[-40.27349,-20.19579],[-40.27359,-20.19626],[-40.27421,-20.19699],[-40.27552,-20.19696],[-40.27751,-20.19777],[-40.27897,-20.19839],[-40.27937,-20.19845],[-40.28036,-20.19765],[-40.2824,-20.19677]]]},"properties":{"codigo":"3205002067","name":"José de Anchieta II","population":4043,"households":1667,"areaKm2":0.3361,"density":12030.1}},{"type":"Feature","geometry":{"type":"Polygon","coordinates":[[[-40.19921,-20.18041],[-40.19954,-20.18066],[-40.20064,-20.18213],[-40.2005,-20.18304],[-40.20067,-20.18344],[-40.20004,-20.18476],[-40.20118,-20.18562],[-40.20305,-20.18645],[-40.2043,-20.18668],[-40.2053,-20.1864],[-40.20656,-20.18825],[-40.20671,-20.18952],[-40.20573,-20.18993],[-40.2053,-20.1904],[-40.20549,-20.19082],[-40.20528,-20.19162],[-40.2048,-20.19168],[-40.20448,-20.19212],[-40.203,-20.1915],[-40.20278,-20.1916],[-40.19398,-20.18536],[-40.19303,-20.18441],[-40.19126,-20.18196],[-40.19281,-20.18147],[-40.19293,-20.18097],[-40.19336,-20.18096],[-40.19365,-20.18011],[-40.194,-20.17997],[-40.19466,-20.18026],[-40.19668,-20.18019],[-40.19794,-20.1803],[-40.19859,-20.1805],[-40.19921,-20.18041]]]},"properties":{"codigo":"3205002034","name":"Ourimar","population":4074,"households":1784,"areaKm2":0.9497,"density":4289.9}},{"type":"Feature","geometry":{"type":"Polygon","coordinates":[[[-40.27197,-20.23576],[-40.27158,-20.23503],[-40.27145,-20.23407],[-40.27103,-20.23335],[-40.26889,-20.23007],[-40.2689,-20.22996],[-40.26958,-20.22893],[-40.26996,-20.22884],[-40.26965,-20.22725],[-40.27103,-20.22712],[-40.27104,-20.22711],[-40.27167,-20.22828],[-40.27376,-20.23133],[-40.27494,-20.23326],[-40.27684,-20.23599],[-40.275,-20.23594],[-40.27237,-20.23641],[-40.27197,-20.23576]]]},"properties":{"codigo":"3205002055","name":"Rosário de Fátima","population":1979,"households":943,"areaKm2":0.3717,"density":5324.5}},{"type":"Feature","geometry":{"type":"Polygon","coordinates":[[[-40.25379,-20.21844],[-40.2553,-20.21839],[-40.25801,-20.21776],[-40.25814,-20.21827],[-40.25892,-20.22123],[-40.25975,-20.22152],[-40.26214,-20.22356],[-40.26185,-20.22359],[-40.25273,-20.224],[-40.25343,-20.22081],[-40.25336,-20.21963],[-40.25379,-20.21844]]]},"properties":{"codigo":"3205002050","name":"São Diogo II","population":3506,"households":1588,"areaKm2":0.4067,"density":8621.1}},{"type":"Feature","geometry":{"type":"Polygon","coordinates":[[[-40.19825,-20.04436],[-40.19729,-20.0444],[-40.19739,-20.04593],[-40.19672,-20.05003],[-40.19618,-20.04994],[-40.19502,-20.05017],[-40.19476,-20.04918],[-40.19376,-20.04778],[-40.19267,-20.04722],[-40.19069,-20.04655],[-40.19033,-20.04627],[-40.19003,-20.0454],[-40.19032,-20.04405],[-40.19111,-20.04239],[-40.19187,-20.04133],[-40.19299,-20.03929],[-40.19355,-20.03753],[-40.19429,-20.03628],[-40.19506,-20.03569],[-40.19582,-20.03542],[-40.1967,-20.03541],[-40.19858,-20.03575],[-40.1994,-20.03552],[-40.20111,-20.03404],[-40.20423,-20.0397],[-40.2049,-20.04253],[-40.20315,-20.04264],[-40.20257,-20.04268],[-40.20271,-20.04323],[-40.20054,-20.04434],[-40.20009,-20.04444],[-40.19825,-20.04436]]]},"properties":{"codigo":"3205002001","name":"Parque das Gaivotas","population":5421,"households":2261,"areaKm2":1.4456,"density":3750}},{"type":"Feature","geometry":{"type":"Polygon","coordinates":[[[-40.17278,-20.11075],[-40.1728,-20.10933],[-40.17223,-20.10828],[-40.17547,-20.10748],[-40.17776,-20.10705],[-40.17995,-20.10684],[-40.18223,-20.10672],[-40.18513,-20.10647],[-40.19047,-20.10586],[-40.19063,-20.10605],[-40.19051,-20.10769],[-40.19025,-20.10889],[-40.1902,-20.10991],[-40.18984,-20.10995],[-40.17863,-20.10945],[-40.17804,-20.10955],[-40.17403,-20.11054],[-40.17278,-20.11075]]]},"properties":{"codigo":"3205002012","name":"Praia de Capuba","population":1573,"households":697,"areaKm2":0.6235,"density":2523}},{"type":"Feature","geometry":{"type":"Polygon","coordinates":[[[-40.19476,-20.05808],[-40.19444,-20.05841],[-40.19358,-20.05884],[-40.19269,-20.06121],[-40.1926,-20.06212],[-40.19173,-20.06203],[-40.19119,-20.06172],[-40.19044,-20.06317],[-40.19045,-20.06413],[-40.18957,-20.06606],[-40.19045,-20.06649],[-40.188,-20.06754],[-40.18769,-20.06838],[-40.18731,-20.0703],[-40.18697,-20.07058],[-40.18645,-20.07053],[-40.18595,-20.07014],[-40.18589,-20.06868],[-40.1856,-20.06721],[-40.18618,-20.06496],[-40.18604,-20.06315],[-40.18937,-20.06048],[-40.19022,-20.05973],[-40.19152,-20.05747],[-40.19452,-20.05765],[-40.19476,-20.05808]]]},"properties":{"codigo":"3205002008","name":"São João","population":2527,"households":1095,"areaKm2":0.4948,"density":5107.2}},{"type":"Feature","geometry":{"type":"Polygon","coordinates":[[[-40.19476,-20.05808],[-40.19528,-20.05828],[-40.19638,-20.05843],[-40.19727,-20.05792],[-40.19772,-20.05786],[-40.19813,-20.0585],[-40.19768,-20.0598],[-40.19686,-20.06064],[-40.19552,-20.06095],[-40.19494,-20.06146],[-40.19474,-20.06246],[-40.19395,-20.06316],[-40.19322,-20.06326],[-40.19344,-20.06417],[-40.19339,-20.06476],[-40.19305,-20.06536],[-40.19045,-20.06649],[-40.18957,-20.06606],[-40.19045,-20.06413],[-40.19044,-20.06317],[-40.19119,-20.06172],[-40.19173,-20.06203],[-40.1926,-20.06212],[-40.19269,-20.06121],[-40.19358,-20.05884],[-40.19444,-20.05841],[-40.19476,-20.05808]]]},"properties":{"codigo":"3205002007","name":"Boa Vista (Nova Almeida)","population":1667,"households":745,"areaKm2":0.3166,"density":5265.3}},{"type":"Feature","geometry":{"type":"Polygon","coordinates":[[[-40.21773,-20.05263],[-40.21761,-20.05115],[-40.21715,-20.05056],[-40.21712,-20.04919],[-40.21745,-20.04877],[-40.2187,-20.04832],[-40.21923,-20.04834],[-40.22007,-20.04878],[-40.22086,-20.04869],[-40.22291,-20.04806],[-40.22329,-20.04782],[-40.22373,-20.04705],[-40.22433,-20.04659],[-40.22733,-20.05294],[-40.2242,-20.05338],[-40.21931,-20.05422],[-40.21735,-20.05449],[-40.21698,-20.054],[-40.21773,-20.05263]]]},"properties":{"codigo":"3205002115","name":"Parque Residencial Nova Almeida","population":662,"households":334,"areaKm2":0.5781,"density":1145.1}},{"type":"Feature","geometry":{"type":"Polygon","coordinates":[[[-40.1964,-20.15301],[-40.19556,-20.15324],[-40.19515,-20.15269],[-40.19441,-20.15227],[-40.19406,-20.15248],[-40.19431,-20.153],[-40.19398,-20.15356],[-40.19337,-20.15358],[-40.19256,-20.15406],[-40.19225,-20.15457],[-40.19143,-20.15467],[-40.18996,-20.15392],[-40.18935,-20.154],[-40.18889,-20.15433],[-40.18897,-20.15524],[-40.18861,-20.15556],[-40.18708,-20.15558],[-40.18696,-20.15587],[-40.18753,-20.15688],[-40.18736,-20.15729],[-40.18677,-20.15762],[-40.18595,-20.15666],[-40.18521,-20.15539],[-40.18413,-20.15476],[-40.1843,-20.15435],[-40.18455,-20.15134],[-40.18455,-20.14995],[-40.18431,-20.1484],[-40.19265,-20.14816],[-40.19303,-20.14816],[-40.19307,-20.14883],[-40.19392,-20.14969],[-40.19347,-20.15012],[-40.19595,-20.15245],[-40.1962,-20.15258],[-40.1964,-20.15301]]]},"properties":{"codigo":"3205002023","name":"Parque Jacaraípe","population":3549,"households":1850,"areaKm2":0.7639,"density":4646.1}},{"type":"Feature","geometry":{"type":"Polygon","coordinates":[[[-40.1962,-20.15258],[-40.19595,-20.15245],[-40.19347,-20.15012],[-40.19392,-20.14969],[-40.19307,-20.14883],[-40.19303,-20.14816],[-40.19265,-20.14816],[-40.19249,-20.14577],[-40.19409,-20.14556],[-40.19521,-20.14484],[-40.1965,-20.14444],[-40.1993,-20.14195],[-40.20016,-20.14133],[-40.20081,-20.14064],[-40.20214,-20.14073],[-40.20251,-20.13964],[-40.20474,-20.14112],[-40.20426,-20.14141],[-40.20458,-20.14257],[-40.20354,-20.14328],[-40.20282,-20.14419],[-40.20253,-20.14518],[-40.20204,-20.14595],[-40.20276,-20.1461],[-40.20335,-20.14663],[-40.20414,-20.14678],[-40.20382,-20.14726],[-40.20327,-20.1473],[-40.20269,-20.14778],[-40.20185,-20.1481],[-40.20089,-20.149],[-40.20074,-20.14949],[-40.19865,-20.14862],[-40.19809,-20.14898],[-40.19758,-20.14987],[-40.19778,-20.15044],[-40.19713,-20.15074],[-40.19667,-20.15145],[-40.19681,-20.15203],[-40.19621,-20.15218],[-40.1962,-20.15258]]]},"properties":{"codigo":"3205002022","name":"São Patrício","population":1878,"households":1036,"areaKm2":0.8457,"density":2220.5}},{"type":"Feature","geometry":{"type":"Polygon","coordinates":[[[-40.1902,-20.10991],[-40.19252,-20.10988],[-40.19329,-20.11131],[-40.19273,-20.11176],[-40.18985,-20.11223],[-40.18021,-20.11406],[-40.17995,-20.11416],[-40.17746,-20.11318],[-40.17677,-20.11297],[-40.17484,-20.11292],[-40.17461,-20.11355],[-40.1738,-20.11266],[-40.17308,-20.11157],[-40.17278,-20.11075],[-40.17403,-20.11054],[-40.17804,-20.10955],[-40.17863,-20.10945],[-40.18984,-20.10995],[-40.1902,-20.10991]]]},"properties":{"codigo":"3205002013","name":"Enseada de Jacaraípe","population":2390,"households":1013,"areaKm2":0.7264,"density":3290.2}},{"type":"Feature","geometry":{"type":"Polygon","coordinates":[[[-40.19338,-20.14152],[-40.18905,-20.14221],[-40.18703,-20.14245],[-40.18457,-20.14298],[-40.18263,-20.14328],[-40.18239,-20.14267],[-40.18148,-20.14143],[-40.18157,-20.14059],[-40.18193,-20.13895],[-40.18185,-20.13762],[-40.18601,-20.1366],[-40.19055,-20.13496],[-40.19434,-20.13372],[-40.19482,-20.13495],[-40.19354,-20.13858],[-40.19441,-20.13997],[-40.19338,-20.14152]]]},"properties":{"codigo":"3205002019","name":"Jardim Atlântico","population":4945,"households":2511,"areaKm2":0.9318,"density":5306.9}},{"type":"Feature","geometry":{"type":"Polygon","coordinates":[[[-40.19825,-20.04436],[-40.19939,-20.04747],[-40.19881,-20.04767],[-40.2001,-20.05214],[-40.1975,-20.05426],[-40.1967,-20.05371],[-40.19734,-20.05013],[-40.19672,-20.05003],[-40.19739,-20.04593],[-40.19729,-20.0444],[-40.19825,-20.04436]]]},"properties":{"codigo":"3205002003","name":"Parque Santa Fé","population":798,"households":446,"areaKm2":0.23,"density":3469.1}},{"type":"Feature","geometry":{"type":"Polygon","coordinates":[[[-40.18041,-20.1043],[-40.17699,-20.10462],[-40.17591,-20.10488],[-40.17537,-20.10516],[-40.17312,-20.10564],[-40.17258,-20.10569],[-40.17296,-20.10422],[-40.17282,-20.10286],[-40.174,-20.1023],[-40.1753,-20.10183],[-40.17658,-20.10207],[-40.17761,-20.10246],[-40.17787,-20.10183],[-40.17862,-20.10106],[-40.1786,-20.10084],[-40.18001,-20.09987],[-40.18036,-20.09907],[-40.18155,-20.09952],[-40.1825,-20.09937],[-40.18447,-20.10086],[-40.18916,-20.10104],[-40.18938,-20.1015],[-40.19025,-20.10416],[-40.1895,-20.10418],[-40.18829,-20.10373],[-40.18764,-20.10366],[-40.18667,-20.10413],[-40.18499,-20.10396],[-40.18402,-20.10397],[-40.18041,-20.1043]]]},"properties":{"codigo":"3205002011","name":"Costabela","population":1513,"households":765,"areaKm2":0.6687,"density":2262.7}},{"type":"Feature","geometry":{"type":"Polygon","coordinates":[[[-40.20474,-20.14112],[-40.20251,-20.13964],[-40.19847,-20.13679],[-40.19543,-20.13469],[-40.19482,-20.13495],[-40.19434,-20.13372],[-40.19507,-20.13348],[-40.19489,-20.133],[-40.19674,-20.13231],[-40.19632,-20.13129],[-40.19633,-20.13065],[-40.19821,-20.13002],[-40.20017,-20.12958],[-40.20195,-20.12914],[-40.20267,-20.13078],[-40.20273,-20.13194],[-40.20433,-20.1319],[-40.20468,-20.13165],[-40.20584,-20.13133],[-40.20775,-20.13135],[-40.20799,-20.13154],[-40.20878,-20.13301],[-40.20969,-20.13083],[-40.21501,-20.13073],[-40.21689,-20.13073],[-40.21692,-20.13192],[-40.21619,-20.13326],[-40.21529,-20.13447],[-40.21454,-20.13506],[-40.21263,-20.13624],[-40.21083,-20.13782],[-40.21078,-20.13875],[-40.21021,-20.13978],[-40.20936,-20.14028],[-40.20931,-20.14082],[-40.20839,-20.14201],[-40.20762,-20.1424],[-40.2069,-20.14215],[-40.20579,-20.14128],[-40.20474,-20.14112]]]},"properties":{"codigo":"3205002017","name":"Residencial Jacaraípe","population":5653,"households":2392,"areaKm2":1.8157,"density":3113.4}},{"type":"Feature","geometry":{"type":"Polygon","coordinates":[[[-40.2049,-20.04253],[-40.20516,-20.0438],[-40.20515,-20.04464],[-40.20541,-20.04549],[-40.20561,-20.0473],[-40.20581,-20.04773],[-40.20601,-20.04908],[-40.20635,-20.05312],[-40.20609,-20.05381],[-40.20643,-20.05761],[-40.20621,-20.05755],[-40.20451,-20.05789],[-40.20296,-20.05789],[-40.20233,-20.05734],[-40.19906,-20.05525],[-40.20091,-20.05374],[-40.20092,-20.05301],[-40.20269,-20.05153],[-40.20227,-20.05036],[-40.20277,-20.04997],[-40.20238,-20.04857],[-40.20293,-20.04844],[-40.20262,-20.04727],[-40.20312,-20.04716],[-40.20266,-20.04548],[-40.20409,-20.0452],[-40.2036,-20.04373],[-40.2034,-20.04369],[-40.20315,-20.04264],[-40.2049,-20.04253]]]},"properties":{"codigo":"3205002004","name":"Serramar","population":3845,"households":1668,"areaKm2":0.6608,"density":5819.1}},{"type":"Feature","geometry":{"type":"Polygon","coordinates":[[[-40.20315,-20.04264],[-40.2034,-20.04369],[-40.2036,-20.04373],[-40.20409,-20.0452],[-40.20266,-20.04548],[-40.20312,-20.04716],[-40.20262,-20.04727],[-40.20293,-20.04844],[-40.20238,-20.04857],[-40.20277,-20.04997],[-40.20227,-20.05036],[-40.20269,-20.05153],[-40.20092,-20.05301],[-40.20093,-20.05226],[-40.20072,-20.05163],[-40.2001,-20.05214],[-40.19881,-20.04767],[-40.19939,-20.04747],[-40.19825,-20.04436],[-40.20009,-20.04444],[-40.20054,-20.04434],[-40.20271,-20.04323],[-40.20257,-20.04268],[-40.20315,-20.04264]]]},"properties":{"codigo":"3205002002","name":"Praiamar","population":2755,"households":1143,"areaKm2":0.3588,"density":7679.4}},{"type":"Feature","geometry":{"type":"Polygon","coordinates":[[[-40.19249,-20.14577],[-40.19217,-20.1454],[-40.19205,-20.14472],[-40.19207,-20.14344],[-40.19338,-20.14152],[-40.19441,-20.13997],[-40.19354,-20.13858],[-40.19482,-20.13495],[-40.19543,-20.13469],[-40.19847,-20.13679],[-40.20251,-20.13964],[-40.20214,-20.14073],[-40.20081,-20.14064],[-40.20016,-20.14133],[-40.1993,-20.14195],[-40.1965,-20.14444],[-40.19521,-20.14484],[-40.19409,-20.14556],[-40.19249,-20.14577]]]},"properties":{"codigo":"3205002018","name":"Costa Dourada","population":2690,"households":995,"areaKm2":0.6727,"density":3998.7}},{"type":"Feature","geometry":{"type":"Polygon","coordinates":[[[-40.18431,-20.1484],[-40.184,-20.14743],[-40.18341,-20.14637],[-40.18313,-20.1449],[-40.18263,-20.14328],[-40.18457,-20.14298],[-40.18703,-20.14245],[-40.18905,-20.14221],[-40.19338,-20.14152],[-40.19207,-20.14344],[-40.19205,-20.14472],[-40.19217,-20.1454],[-40.19249,-20.14577],[-40.19265,-20.14816],[-40.18431,-20.1484]]]},"properties":{"codigo":"3205002021","name":"Estância Monazítica","population":3005,"households":1961,"areaKm2":0.6199,"density":4847.6}},{"type":"Feature","geometry":{"type":"Polygon","coordinates":[[[-40.19452,-20.05765],[-40.19418,-20.05674],[-40.19489,-20.05635],[-40.1975,-20.05426],[-40.2001,-20.05214],[-40.20072,-20.05163],[-40.20093,-20.05226],[-40.20092,-20.05301],[-40.20091,-20.05374],[-40.19906,-20.05525],[-40.20233,-20.05734],[-40.20296,-20.05789],[-40.20145,-20.05807],[-40.20026,-20.05801],[-40.1983,-20.05806],[-40.19772,-20.05786],[-40.19727,-20.05792],[-40.19638,-20.05843],[-40.19528,-20.05828],[-40.19476,-20.05808],[-40.19452,-20.05765]]]},"properties":{"codigo":"3205002005","name":"Reis Magos","population":811,"households":495,"areaKm2":0.2928,"density":2769.6}},{"type":"Feature","geometry":{"type":"Polygon","coordinates":[[[-40.19672,-20.05003],[-40.19734,-20.05013],[-40.1967,-20.05371],[-40.1975,-20.05426],[-40.19489,-20.05635],[-40.19418,-20.05674],[-40.19452,-20.05765],[-40.19152,-20.05747],[-40.19172,-20.05677],[-40.19235,-20.05631],[-40.19261,-20.05544],[-40.19357,-20.05551],[-40.19434,-20.05514],[-40.19447,-20.05477],[-40.19467,-20.05273],[-40.19499,-20.05117],[-40.19502,-20.05017],[-40.19618,-20.04994],[-40.19672,-20.05003]]]},"properties":{"codigo":"3205002006","name":"Nova Almeida Centro","population":457,"households":329,"areaKm2":0.2083,"density":2193.8}},{"type":"Feature","geometry":{"type":"Polygon","coordinates":[[[-40.20195,-20.12914],[-40.20297,-20.12878],[-40.20292,-20.12921],[-40.20373,-20.12931],[-40.20432,-20.12838],[-40.20439,-20.12783],[-40.20511,-20.12735],[-40.20673,-20.12652],[-40.20821,-20.12563],[-40.20876,-20.12561],[-40.21017,-20.12622],[-40.21186,-20.12786],[-40.21356,-20.12733],[-40.21423,-20.12792],[-40.2154,-20.12868],[-40.2164,-20.12972],[-40.21689,-20.13073],[-40.21501,-20.13073],[-40.20969,-20.13083],[-40.20878,-20.13301],[-40.20799,-20.13154],[-40.20775,-20.13135],[-40.20584,-20.13133],[-40.20468,-20.13165],[-40.20433,-20.1319],[-40.20273,-20.13194],[-40.20267,-20.13078],[-40.20195,-20.12914]]]},"properties":{"codigo":"3205002016","name":"Lagoa Jacaraípe","population":2801,"households":1223,"areaKm2":0.6239,"density":4489.8}},{"type":"Feature","geometry":{"type":"Polygon","coordinates":[[[-40.18595,-20.07014],[-40.18342,-20.06988],[-40.18398,-20.06923],[-40.18442,-20.06811],[-40.18097,-20.06699],[-40.18136,-20.06572],[-40.18167,-20.06409],[-40.18216,-20.06354],[-40.18296,-20.06351],[-40.1837,-20.06305],[-40.18469,-20.06135],[-40.18587,-20.06258],[-40.18604,-20.06315],[-40.18618,-20.06496],[-40.1856,-20.06721],[-40.18589,-20.06868],[-40.18595,-20.07014]]]},"properties":{"codigo":"3205002010","name":"Marbela","population":503,"households":297,"areaKm2":0.3031,"density":1659.5}},{"type":"Feature","geometry":{"type":"Polygon","coordinates":[[[-40.18604,-20.06315],[-40.18587,-20.06258],[-40.18469,-20.06135],[-40.18555,-20.0612],[-40.18624,-20.06063],[-40.18729,-20.05932],[-40.18856,-20.05825],[-40.18985,-20.0569],[-40.19124,-20.0546],[-40.19181,-20.0545],[-40.1921,-20.05504],[-40.19261,-20.05544],[-40.19235,-20.05631],[-40.19172,-20.05677],[-40.19152,-20.05747],[-40.19022,-20.05973],[-40.18937,-20.06048],[-40.18604,-20.06315]]]},"properties":{"codigo":"3205002009","name":"Bairro Novo","population":349,"households":341,"areaKm2":0.2234,"density":1562.3}},{"type":"Feature","geometry":{"type":"Polygon","coordinates":[[[-40.18185,-20.13762],[-40.18155,-20.13458],[-40.18043,-20.13141],[-40.17954,-20.12929],[-40.17911,-20.12803],[-40.17981,-20.12777],[-40.18582,-20.12059],[-40.18632,-20.12059],[-40.18676,-20.12161],[-40.18844,-20.12112],[-40.18887,-20.12113],[-40.18913,-20.12165],[-40.19095,-20.12108],[-40.19185,-20.12112],[-40.19208,-20.12075],[-40.19278,-20.12069],[-40.19367,-20.12011],[-40.19634,-20.11936],[-40.20064,-20.11799],[-40.20187,-20.11938],[-40.20062,-20.11979],[-40.20179,-20.12157],[-40.20091,-20.12666],[-40.20045,-20.12867],[-40.19986,-20.12892],[-40.20017,-20.12958],[-40.19821,-20.13002],[-40.19633,-20.13065],[-40.19632,-20.13129],[-40.19674,-20.13231],[-40.19489,-20.133],[-40.19507,-20.13348],[-40.19434,-20.13372],[-40.19055,-20.13496],[-40.18601,-20.1366],[-40.18185,-20.13762]]]},"properties":{"codigo":"3205002015","name":"Bairro das Laranjeiras","population":17109,"households":7703,"areaKm2":3.1382,"density":5451.9}},{"type":"Feature","geometry":{"type":"Polygon","coordinates":[[[-40.19329,-20.11131],[-40.19405,-20.11279],[-40.19373,-20.11311],[-40.19341,-20.11407],[-40.19277,-20.1145],[-40.19318,-20.11478],[-40.19311,-20.11671],[-40.19378,-20.11774],[-40.19327,-20.11836],[-40.19309,-20.11773],[-40.19224,-20.11667],[-40.19147,-20.11677],[-40.19178,-20.11748],[-40.19141,-20.11802],[-40.18996,-20.11941],[-40.18863,-20.11883],[-40.18823,-20.11934],[-40.18838,-20.12022],[-40.18781,-20.12049],[-40.18682,-20.12013],[-40.18645,-20.11981],[-40.18582,-20.12059],[-40.17981,-20.12777],[-40.17911,-20.12803],[-40.17878,-20.12732],[-40.17833,-20.12554],[-40.1782,-20.12432],[-40.17756,-20.1229],[-40.17694,-20.12185],[-40.17667,-20.12097],[-40.17631,-20.1204],[-40.17517,-20.1169],[-40.17545,-20.11486],[-40.17516,-20.11409],[-40.17461,-20.11355],[-40.17484,-20.11292],[-40.17677,-20.11297],[-40.17746,-20.11318],[-40.17995,-20.11416],[-40.18021,-20.11406],[-40.18985,-20.11223],[-40.19273,-20.11176],[-40.19329,-20.11131]]]},"properties":{"codigo":"3205002014","name":"São Francisco","population":3702,"households":1760,"areaKm2":1.8466,"density":2004.8}}]}