{"type":"FeatureCollection","features":[{"type":"Feature","geometry":{"type":"Polygon","coordinates":[[[-43.33404,-22.85913],[-43.33213,-22.85947],[-43.33077,-22.86038],[-43.33069,-22.86071],[-43.32985,-22.86131],[-43.3289,-22.86155],[-43.32707,-22.86274],[-43.32691,-22.8633],[-43.32427,-22.86457],[-43.32368,-22.8647],[-43.32229,-22.86427],[-43.32056,-22.86435],[-43.32153,-22.86326],[-43.32233,-22.86176],[-43.32282,-22.86157],[-43.32257,-22.86095],[-43.32278,-22.86065],[-43.32306,-22.8588],[-43.32353,-22.8584],[-43.32414,-22.85594],[-43.32388,-22.85574],[-43.32427,-22.85505],[-43.32472,-22.85561],[-43.32527,-22.85548],[-43.3255,-22.85473],[-43.32623,-22.85342],[-43.32794,-22.85427],[-43.32855,-22.85415],[-43.32942,-22.85476],[-43.33296,-22.85445],[-43.33353,-22.85433],[-43.33374,-22.85388],[-43.3343,-22.85379],[-43.3371,-22.856],[-43.33557,-22.85795],[-43.33404,-22.85913]]]},"properties":{"codigo":"3304557074","name":"Vaz Lobo","population":10995,"households":5597,"areaKm2":1.0518,"density":10453.9}},{"type":"Feature","geometry":{"type":"Polygon","coordinates":[[[-43.6527,-23.00052],[-43.65231,-23.00134],[-43.65245,-23.00165],[-43.65327,-23.00233],[-43.6532,-23.00278],[-43.65252,-23.00272],[-43.6519,-23.00227],[-43.65105,-23.00222],[-43.64996,-23.00197],[-43.64897,-23.00145],[-43.64867,-23.00108],[-43.64768,-23.00095],[-43.64627,-23.00196],[-43.64511,-23.00184],[-43.64456,-23.00117],[-43.64399,-23.00149],[-43.64323,-23.00112],[-43.64229,-23.00175],[-43.64233,-23.00195],[-43.64073,-23.00362],[-43.6401,-23.00414],[-43.63884,-23.006],[-43.63836,-23.00624],[-43.63723,-23.00548],[-43.63611,-23.00556],[-43.63524,-23.00587],[-43.63466,-23.00634],[-43.63382,-23.00602],[-43.63332,-23.00613],[-43.63289,-23.00579],[-43.63219,-23.0056],[-43.63158,-23.00591],[-43.63037,-23.0059],[-43.62867,-23.00643],[-43.62796,-23.00481],[-43.62746,-23.00471],[-43.62724,-23.00423],[-43.62783,-23.00405],[-43.62763,-23.00297],[-43.62728,-23.00237],[-43.62687,-23.00224],[-43.62677,-23.00169],[-43.62704,-23.00138],[-43.62656,-22.99951],[-43.62688,-22.99938],[-43.62663,-22.99789],[-43.62611,-22.99734],[-43.62649,-22.99704],[-43.62692,-22.99545],[-43.62728,-22.99491],[-43.62738,-22.9942],[-43.62786,-22.99416],[-43.62783,-22.99359],[-43.62833,-22.99275],[-43.62872,-22.99289],[-43.62921,-22.99251],[-43.62929,-22.99182],[-43.62933,-22.98951],[-43.62988,-22.98963],[-43.63031,-22.9893],[-43.63086,-22.98943],[-43.63042,-22.99075],[-43.63102,-22.99087],[-43.63176,-22.98994],[-43.63317,-22.99025],[-43.63359,-22.99064],[-43.63332,-22.99157],[-43.63429,-22.99189],[-43.63445,-22.99214],[-43.63641,-22.99138],[-43.63703,-22.99037],[-43.63761,-22.99017],[-43.63798,-22.98915],[-43.63861,-22.98918],[-43.63999,-22.98982],[-43.64062,-22.99027],[-43.64082,-22.98992],[-43.64161,-22.99033],[-43.64234,-22.99184],[-43.64334,-22.99202],[-43.64451,-22.99177],[-43.64495,-22.99203],[-43.64673,-22.992],[-43.64744,-22.99233],[-43.65011,-22.99318],[-43.65056,-22.99377],[-43.65095,-22.99382],[-43.65092,-22.99473],[-43.65035,-22.99544],[-43.6507,-22.99688],[-43.65135,-22.99768],[-43.6512,-22.99804],[-43.65247,-22.99969],[-43.6527,-23.00052]]]},"properties":{"codigo":"3304557144","name":"Pedra de Guaratiba","population":11950,"households":6623,"areaKm2":3.475,"density":3438.9}},{"type":"Feature","geometry":{"type":"MultiPolygon","coordinates":[[[[-43.28478,-23.00115],[-43.28508,-23.00173],[-43.28642,-23.00308],[-43.29137,-23.00399],[-43.29207,-23.00438],[-43.29267,-23.00526],[-43.29245,-23.00742],[-43.29225,-23.00834],[-43.29249,-23.00872],[-43.29446,-23.00966],[-43.29478,-23.00963],[-43.29616,-23.01064],[-43.29552,-23.01097],[-43.29439,-23.01102],[-43.29354,-23.01248],[-43.29365,-23.01281],[-43.29449,-23.01314],[-43.29537,-23.01375],[-43.29584,-23.0145],[-43.29586,-23.01525],[-43.29684,-23.01599],[-43.29665,-23.01658],[-43.29665,-23.01659],[-43.29632,-23.01681],[-43.29502,-23.01685],[-43.29349,-23.01667],[-43.29244,-23.01534],[-43.29071,-23.01506],[-43.28923,-23.01506],[-43.28838,-23.01534],[-43.28738,-23.01484],[-43.28689,-23.01507],[-43.28677,-23.01622],[-43.28616,-23.01627],[-43.2855,-23.015],[-43.28642,-23.01441],[-43.28637,-23.01377],[-43.28697,-23.01245],[-43.28739,-23.01107],[-43.28691,-23.00989],[-43.28656,-23.00984],[-43.28626,-23.00923],[-43.28545,-23.00862],[-43.28395,-23.00793],[-43.28308,-23.00729],[-43.28237,-23.00695],[-43.28158,-23.00627],[-43.28025,-23.00613],[-43.27946,-23.00566],[-43.27846,-23.00557],[-43.27815,-23.00588],[-43.2772,-23.00571],[-43.27653,-23.00494],[-43.27574,-23.00447],[-43.27566,-23.00325],[-43.27624,-23.00275],[-43.27524,-23.00192],[-43.27553,-23.00109],[-43.27653,-23.00089],[-43.27721,-23.00112],[-43.28478,-23.00115]]],[[[-43.27526,-23.02963],[-43.27586,-23.02934],[-43.27592,-23.02882],[-43.27682,-23.02913],[-43.27672,-23.02943],[-43.27776,-23.02968],[-43.27843,-23.03018],[-43.27796,-23.03046],[-43.27742,-23.03033],[-43.27667,-23.03074],[-43.27597,-23.03067],[-43.27522,-23.03015],[-43.27526,-23.02963]]]]},"properties":{"codigo":"3304557129","name":"Joá","population":983,"households":476,"areaKm2":1.7004,"density":578.1}},{"type":"Feature","geometry":{"type":"Polygon","coordinates":[[[-43.25286,-22.91993],[-43.25335,-22.92005],[-43.25352,-22.91936],[-43.25401,-22.91949],[-43.25409,-22.92013],[-43.25526,-22.92029],[-43.25591,-22.92009],[-43.25615,-22.92065],[-43.25702,-22.92069],[-43.25723,-22.92014],[-43.25887,-22.92044],[-43.25982,-22.92027],[-43.26035,-22.91939],[-43.26096,-22.91921],[-43.26175,-22.91931],[-43.26231,-22.91909],[-43.26252,-22.91754],[-43.26277,-22.91707],[-43.26338,-22.91633],[-43.26414,-22.91605],[-43.26427,-22.91547],[-43.26483,-22.91565],[-43.2656,-22.91641],[-43.26696,-22.91673],[-43.2678,-22.91722],[-43.26854,-22.91721],[-43.26907,-22.917],[-43.27049,-22.91763],[-43.27122,-22.91765],[-43.27233,-22.91817],[-43.27373,-22.91931],[-43.27565,-22.92019],[-43.2772,-22.92039],[-43.27808,-22.92071],[-43.27891,-22.92133],[-43.27932,-22.92271],[-43.27871,-22.92329],[-43.27929,-22.92419],[-43.27915,-22.92505],[-43.27824,-22.92652],[-43.27821,-22.92842],[-43.2791,-22.93048],[-43.28015,-22.93175],[-43.28074,-22.93275],[-43.28159,-22.93272],[-43.28476,-22.93434],[-43.28576,-22.93501],[-43.28664,-22.93586],[-43.28667,-22.9364],[-43.28554,-22.93813],[-43.28521,-22.94168],[-43.28546,-22.94294],[-43.28657,-22.94377],[-43.28482,-22.94364],[-43.2841,-22.94204],[-43.28149,-22.94022],[-43.27989,-22.93984],[-43.27871,-22.93943],[-43.2776,-22.93997],[-43.27617,-22.94143],[-43.27493,-22.94431],[-43.27375,-22.94441],[-43.27234,-22.94364],[-43.27063,-22.94097],[-43.26986,-22.94041],[-43.26933,-22.93974],[-43.2683,-22.93853],[-43.26806,-22.93774],[-43.267,-22.9365],[-43.26598,-22.93612],[-43.26451,-22.93535],[-43.26399,-22.9355],[-43.26356,-22.93485],[-43.26243,-22.93396],[-43.26249,-22.93344],[-43.26148,-22.93296],[-43.26093,-22.9322],[-43.25943,-22.93121],[-43.25945,-22.93075],[-43.258,-22.92974],[-43.25736,-22.92872],[-43.25687,-22.92895],[-43.25643,-22.92863],[-43.25709,-22.92824],[-43.25635,-22.92696],[-43.25632,-22.92654],[-43.25535,-22.92716],[-43.2543,-22.92561],[-43.25414,-22.92491],[-43.25339,-22.92478],[-43.25299,-22.92446],[-43.25266,-22.92358],[-43.25367,-22.92327],[-43.25313,-22.92176],[-43.25352,-22.9217],[-43.253,-22.9208],[-43.25286,-22.91993]]]},"properties":{"codigo":"3304557035","name":"Grajaú","population":32816,"households":16258,"areaKm2":5.6149,"density":5844.4}},{"type":"Feature","geometry":{"type":"Polygon","coordinates":[[[-43.27264,-22.9044],[-43.2736,-22.90454],[-43.27137,-22.90338],[-43.27208,-22.90269],[-43.27178,-22.90252],[-43.27222,-22.90171],[-43.27201,-22.90135],[-43.27245,-22.90071],[-43.27298,-22.89936],[-43.27248,-22.89916],[-43.27166,-22.89967],[-43.27065,-22.89917],[-43.27138,-22.89836],[-43.27177,-22.89772],[-43.27248,-22.89769],[-43.27235,-22.89697],[-43.27357,-22.89599],[-43.27421,-22.89532],[-43.27531,-22.89579],[-43.27629,-22.89517],[-43.2764,-22.89454],[-43.276,-22.89398],[-43.27651,-22.89387],[-43.27756,-22.89321],[-43.27906,-22.89342],[-43.2786,-22.894],[-43.2799,-22.89523],[-43.2811,-22.89701],[-43.28129,-22.89767],[-43.28205,-22.89807],[-43.28121,-22.89861],[-43.28055,-22.89923],[-43.28106,-22.89935],[-43.28154,-22.89882],[-43.28195,-22.89914],[-43.28129,-22.89999],[-43.28215,-22.90007],[-43.28297,-22.90073],[-43.28418,-22.89941],[-43.28421,-22.8999],[-43.28509,-22.90024],[-43.28569,-22.90152],[-43.28613,-22.90132],[-43.2865,-22.90195],[-43.28733,-22.90148],[-43.28704,-22.90097],[-43.28779,-22.90059],[-43.28819,-22.90115],[-43.28919,-22.90091],[-43.28918,-22.9002],[-43.28983,-22.89989],[-43.28987,-22.89959],[-43.29044,-22.90015],[-43.29113,-22.89985],[-43.29195,-22.90011],[-43.29288,-22.89993],[-43.29341,-22.90149],[-43.2927,-22.90215],[-43.29347,-22.90462],[-43.29298,-22.9051],[-43.29337,-22.90557],[-43.29371,-22.90644],[-43.29436,-22.90623],[-43.29523,-22.90962],[-43.29533,-22.91068],[-43.29492,-22.91103],[-43.29288,-22.90978],[-43.29268,-22.90918],[-43.29181,-22.90902],[-43.29156,-22.90949],[-43.29107,-22.90941],[-43.29073,-22.90975],[-43.28953,-22.90906],[-43.28906,-22.90985],[-43.28832,-22.90952],[-43.28775,-22.91016],[-43.28713,-22.90987],[-43.28746,-22.90925],[-43.2871,-22.90908],[-43.28649,-22.90955],[-43.2861,-22.90921],[-43.28641,-22.90865],[-43.28604,-22.90845],[-43.28652,-22.90782],[-43.28557,-22.90713],[-43.28467,-22.9079],[-43.28439,-22.90765],[-43.28328,-22.90772],[-43.28298,-22.90808],[-43.28232,-22.90766],[-43.28183,-22.90796],[-43.28144,-22.90777],[-43.28149,-22.90723],[-43.28061,-22.90692],[-43.27961,-22.90753],[-43.27895,-22.90759],[-43.27791,-22.90739],[-43.276,-22.90652],[-43.27561,-22.90588],[-43.27428,-22.90521],[-43.27358,-22.90498],[-43.27264,-22.9044]]]},"properties":{"codigo":"3304557053","name":"Méier","population":39700,"households":21707,"areaKm2":2.3763,"density":16706.8}},{"type":"Feature","geometry":{"type":"MultiPolygon","coordinates":[[[[-43.17522,-22.82384],[-43.17434,-22.82398],[-43.17363,-22.82431],[-43.17265,-22.8253],[-43.17272,-22.82688],[-43.17308,-22.82708],[-43.17306,-22.82875],[-43.17461,-22.82911],[-43.17467,-22.8293],[-43.1737,-22.83116],[-43.17221,-22.83129],[-43.17059,-22.83132],[-43.17017,-22.83122],[-43.16861,-22.82858],[-43.16883,-22.82816],[-43.16798,-22.82612],[-43.16838,-22.8256],[-43.16819,-22.82473],[-43.16727,-22.82412],[-43.16575,-22.82345],[-43.16473,-22.82288],[-43.16388,-22.82285],[-43.16383,-22.82237],[-43.16506,-22.8203],[-43.16545,-22.82006],[-43.16651,-22.82046],[-43.16728,-22.82114],[-43.16876,-22.82115],[-43.16984,-22.82173],[-43.17301,-22.82052],[-43.17346,-22.82119],[-43.17318,-22.82156],[-43.1744,-22.82192],[-43.17477,-22.82266],[-43.17453,-22.82288],[-43.17522,-22.82384]]],[[[-43.16223,-22.81116],[-43.16285,-22.81122],[-43.16339,-22.81176],[-43.16469,-22.81186],[-43.16513,-22.81219],[-43.16526,-22.81309],[-43.16488,-22.81376],[-43.16357,-22.81445],[-43.16287,-22.81457],[-43.16188,-22.81512],[-43.16123,-22.81496],[-43.1612,-22.81456],[-43.16169,-22.81388],[-43.1614,-22.81223],[-43.16189,-22.81127],[-43.16223,-22.81116]]]]},"properties":{"codigo":"3304557109","name":"Ribeira","population":3474,"households":1674,"areaKm2":0.8457,"density":4107.9}},{"type":"Feature","geometry":{"type":"Polygon","coordinates":[[[-43.19748,-22.80006],[-43.19758,-22.80058],[-43.19722,-22.80113],[-43.19657,-22.80165],[-43.19584,-22.80164],[-43.19481,-22.8013],[-43.19483,-22.80097],[-43.19363,-22.80025],[-43.1927,-22.80038],[-43.19013,-22.80102],[-43.18962,-22.80159],[-43.18883,-22.80199],[-43.1896,-22.80247],[-43.18947,-22.80277],[-43.19017,-22.80337],[-43.18998,-22.80451],[-43.18903,-22.80416],[-43.18841,-22.80428],[-43.18787,-22.80391],[-43.18731,-22.80402],[-43.1865,-22.80361],[-43.18527,-22.80429],[-43.18368,-22.80636],[-43.18353,-22.8059],[-43.18335,-22.80346],[-43.18317,-22.80347],[-43.18313,-22.80137],[-43.18291,-22.80045],[-43.18247,-22.80054],[-43.18224,-22.80004],[-43.18091,-22.79953],[-43.18035,-22.79919],[-43.17955,-22.79838],[-43.17816,-22.79783],[-43.17907,-22.79738],[-43.17886,-22.79676],[-43.17921,-22.79526],[-43.17972,-22.79489],[-43.18034,-22.79505],[-43.18066,-22.79472],[-43.18167,-22.79509],[-43.18201,-22.79474],[-43.18113,-22.79389],[-43.18262,-22.7923],[-43.18367,-22.7914],[-43.18472,-22.79122],[-43.1856,-22.79033],[-43.18593,-22.78981],[-43.187,-22.78928],[-43.18722,-22.78862],[-43.18834,-22.78848],[-43.18819,-22.78917],[-43.18908,-22.79099],[-43.18903,-22.7918],[-43.18942,-22.7926],[-43.18864,-22.79484],[-43.18957,-22.79511],[-43.19039,-22.79552],[-43.19106,-22.79604],[-43.19125,-22.79645],[-43.19259,-22.79645],[-43.19267,-22.79763],[-43.194,-22.79708],[-43.19414,-22.79747],[-43.19597,-22.79863],[-43.19727,-22.79966],[-43.19748,-22.80006]]]},"properties":{"codigo":"3304557119","name":"Tauá","population":26482,"households":11648,"areaKm2":1.6077,"density":16471.6}},{"type":"Feature","geometry":{"type":"Polygon","coordinates":[[[-43.1859,-22.92636],[-43.18426,-22.92806],[-43.18367,-22.9282],[-43.18365,-22.9286],[-43.183,-22.92859],[-43.18301,-22.92905],[-43.18151,-22.92929],[-43.1809,-22.92926],[-43.18041,-22.93012],[-43.17993,-22.92998],[-43.17956,-22.93083],[-43.18009,-22.931],[-43.17991,-22.93159],[-43.17937,-22.93153],[-43.17886,-22.93284],[-43.17834,-22.93231],[-43.17796,-22.93258],[-43.17681,-22.933],[-43.17664,-22.93209],[-43.17709,-22.93148],[-43.17721,-22.92947],[-43.17645,-22.92946],[-43.1769,-22.92886],[-43.17659,-22.92778],[-43.17578,-22.92657],[-43.1764,-22.92516],[-43.17578,-22.92509],[-43.17614,-22.92467],[-43.17633,-22.92392],[-43.17678,-22.92393],[-43.17734,-22.92355],[-43.17708,-22.92199],[-43.17845,-22.92249],[-43.18011,-22.92287],[-43.18122,-22.92341],[-43.18155,-22.92303],[-43.18242,-22.92324],[-43.18137,-22.92381],[-43.18345,-22.92419],[-43.18408,-22.9247],[-43.18518,-22.92456],[-43.18507,-22.92502],[-43.1859,-22.92636]]]},"properties":{"codigo":"3304557012","name":"Catete","population":22295,"households":12832,"areaKm2":0.6641,"density":33572.9}},{"type":"Feature","geometry":{"type":"Polygon","coordinates":[[[-43.40559,-22.88446],[-43.40282,-22.88478],[-43.3993,-22.88551],[-43.39871,-22.88547],[-43.39829,-22.88541],[-43.3966,-22.88392],[-43.39334,-22.88159],[-43.39417,-22.87919],[-43.39385,-22.87869],[-43.39235,-22.87793],[-43.39203,-22.87637],[-43.39149,-22.87589],[-43.38965,-22.87527],[-43.3885,-22.87469],[-43.3879,-22.87417],[-43.38638,-22.87203],[-43.38589,-22.8715],[-43.38466,-22.87056],[-43.38201,-22.86873],[-43.38156,-22.86821],[-43.38154,-22.86745],[-43.38319,-22.86749],[-43.39166,-22.86449],[-43.39159,-22.86216],[-43.39123,-22.86167],[-43.39149,-22.8612],[-43.38964,-22.8603],[-43.38969,-22.86003],[-43.38797,-22.85904],[-43.38735,-22.85898],[-43.38775,-22.85837],[-43.38929,-22.85736],[-43.39015,-22.85662],[-43.39054,-22.8569],[-43.39077,-22.85614],[-43.39169,-22.85631],[-43.39308,-22.85699],[-43.39412,-22.85489],[-43.39279,-22.85429],[-43.39121,-22.85328],[-43.39199,-22.85274],[-43.39311,-22.85224],[-43.39494,-22.85098],[-43.39594,-22.84899],[-43.39629,-22.8487],[-43.39678,-22.84725],[-43.3975,-22.84542],[-43.40261,-22.84511],[-43.40296,-22.84534],[-43.40396,-22.84481],[-43.40657,-22.84651],[-43.40826,-22.84442],[-43.41131,-22.84086],[-43.41311,-22.83901],[-43.41381,-22.83812],[-43.41623,-22.84063],[-43.41821,-22.84201],[-43.42196,-22.84336],[-43.42227,-22.84405],[-43.42316,-22.84444],[-43.42591,-22.84624],[-43.42604,-22.84698],[-43.42503,-22.84731],[-43.42405,-22.84818],[-43.42236,-22.84874],[-43.42166,-22.84923],[-43.42014,-22.84968],[-43.41957,-22.84996],[-43.41838,-22.85191],[-43.41837,-22.85225],[-43.41726,-22.85402],[-43.41668,-22.8546],[-43.4162,-22.85567],[-43.41557,-22.85873],[-43.41562,-22.85972],[-43.41592,-22.86018],[-43.41535,-22.86268],[-43.41484,-22.86342],[-43.41132,-22.86206],[-43.41045,-22.86363],[-43.40913,-22.86599],[-43.41272,-22.86772],[-43.41166,-22.86956],[-43.41073,-22.87017],[-43.41005,-22.86999],[-43.4094,-22.87107],[-43.40869,-22.87172],[-43.40794,-22.87107],[-43.40772,-22.87192],[-43.40825,-22.87275],[-43.40742,-22.87359],[-43.40511,-22.87633],[-43.40538,-22.87696],[-43.4061,-22.87677],[-43.40724,-22.87689],[-43.40748,-22.87677],[-43.40928,-22.88245],[-43.40926,-22.88266],[-43.40831,-22.88324],[-43.40585,-22.88425],[-43.40559,-22.88446]]]},"properties":{"codigo":"3304557093","name":"Vila Militar","population":12956,"households":5387,"areaKm2":10.5225,"density":1231.3}},{"type":"Feature","geometry":{"type":"Polygon","coordinates":[[[-43.37212,-22.94771],[-43.37151,-22.9487],[-43.36899,-22.94867],[-43.36856,-22.94811],[-43.36715,-22.95022],[-43.36554,-22.95162],[-43.36473,-22.9516],[-43.36421,-22.95198],[-43.36218,-22.95201],[-43.36179,-22.95218],[-43.35994,-22.95351],[-43.35863,-22.95352],[-43.35782,-22.95408],[-43.35734,-22.95364],[-43.35562,-22.95341],[-43.35479,-22.95305],[-43.35413,-22.95324],[-43.35367,-22.95446],[-43.35309,-22.95429],[-43.35353,-22.95318],[-43.35298,-22.9531],[-43.35327,-22.95141],[-43.35338,-22.94987],[-43.35558,-22.94939],[-43.35815,-22.94816],[-43.35872,-22.94776],[-43.35888,-22.94626],[-43.35839,-22.94541],[-43.35885,-22.94403],[-43.35914,-22.94353],[-43.36002,-22.94356],[-43.36102,-22.94341],[-43.36113,-22.94275],[-43.36092,-22.94191],[-43.36164,-22.9415],[-43.36157,-22.94125],[-43.36182,-22.94121],[-43.36213,-22.94215],[-43.36289,-22.94396],[-43.36334,-22.94409],[-43.36397,-22.94482],[-43.36501,-22.94433],[-43.36472,-22.94379],[-43.36507,-22.94341],[-43.36577,-22.94392],[-43.36623,-22.94375],[-43.36755,-22.94394],[-43.36852,-22.94352],[-43.36875,-22.94255],[-43.36806,-22.94182],[-43.37073,-22.94136],[-43.37096,-22.94214],[-43.37175,-22.94221],[-43.37124,-22.94287],[-43.37104,-22.94372],[-43.37148,-22.94376],[-43.37136,-22.94484],[-43.37144,-22.94614],[-43.3712,-22.94686],[-43.37171,-22.94696],[-43.37161,-22.94765],[-43.37212,-22.94771]]]},"properties":{"codigo":"3304557084","name":"Cidade de Deus","population":30576,"households":13278,"areaKm2":1.4305,"density":21374.6}},{"type":"Feature","geometry":{"type":"Polygon","coordinates":[[[-43.36743,-22.90277],[-43.36874,-22.90177],[-43.36869,-22.90139],[-43.36901,-22.90013],[-43.36881,-22.89802],[-43.36848,-22.89748],[-43.36739,-22.89713],[-43.36722,-22.89667],[-43.36622,-22.89652],[-43.36285,-22.89539],[-43.36246,-22.89592],[-43.36192,-22.89555],[-43.36189,-22.89362],[-43.36128,-22.89297],[-43.3609,-22.89303],[-43.35923,-22.89109],[-43.35871,-22.89139],[-43.3591,-22.89176],[-43.35876,-22.89209],[-43.35783,-22.89139],[-43.35762,-22.89151],[-43.35696,-22.89021],[-43.35625,-22.88919],[-43.35574,-22.88902],[-43.35586,-22.88807],[-43.35527,-22.88833],[-43.35486,-22.88765],[-43.3542,-22.8869],[-43.35478,-22.8866],[-43.35453,-22.88624],[-43.35524,-22.88458],[-43.35637,-22.884],[-43.35646,-22.88341],[-43.35723,-22.883],[-43.35718,-22.88233],[-43.35814,-22.88156],[-43.35785,-22.88067],[-43.35854,-22.88047],[-43.35824,-22.87959],[-43.3573,-22.87981],[-43.35725,-22.87941],[-43.3581,-22.87919],[-43.35799,-22.87889],[-43.36089,-22.87832],[-43.36227,-22.8782],[-43.36361,-22.87768],[-43.36374,-22.87814],[-43.36663,-22.87776],[-43.3677,-22.87771],[-43.36903,-22.87764],[-43.36987,-22.87715],[-43.37021,-22.8774],[-43.37137,-22.87716],[-43.37169,-22.87671],[-43.37228,-22.87705],[-43.37348,-22.87686],[-43.37418,-22.87723],[-43.37464,-22.87714],[-43.37495,-22.87972],[-43.37527,-22.88049],[-43.37494,-22.88063],[-43.37482,-22.88549],[-43.37497,-22.88743],[-43.37514,-22.88805],[-43.37487,-22.88891],[-43.37535,-22.88951],[-43.37557,-22.89088],[-43.37601,-22.89206],[-43.37681,-22.8926],[-43.37722,-22.89317],[-43.3775,-22.89392],[-43.37749,-22.89498],[-43.3765,-22.89641],[-43.37492,-22.89817],[-43.37469,-22.90117],[-43.37395,-22.90069],[-43.37317,-22.90054],[-43.37238,-22.90085],[-43.37141,-22.90161],[-43.37032,-22.90215],[-43.36947,-22.90283],[-43.36743,-22.90277]]]},"properties":{"codigo":"3304557091","name":"Vila Valqueire","population":34024,"households":16033,"areaKm2":4.1251,"density":8248.1}},{"type":"Feature","geometry":{"type":"Polygon","coordinates":[[[-43.52204,-23.00775],[-43.52106,-23.00737],[-43.52129,-23.0084],[-43.52116,-23.00976],[-43.51992,-23.01001],[-43.51873,-23.01073],[-43.5198,-23.01264],[-43.51998,-23.01532],[-43.51669,-23.01624],[-43.51652,-23.01558],[-43.51354,-23.01638],[-43.51362,-23.01704],[-43.50774,-23.0187],[-43.50129,-23.02048],[-43.49873,-23.02097],[-43.49721,-23.02112],[-43.49506,-23.02115],[-43.493,-23.02078],[-43.49328,-23.01181],[-43.49385,-23.00002],[-43.494,-22.9991],[-43.49434,-22.99837],[-43.49522,-22.99581],[-43.49493,-22.99542],[-43.49431,-22.99573],[-43.4937,-22.99454],[-43.49148,-22.99429],[-43.48965,-22.9939],[-43.4879,-22.99334],[-43.48752,-22.99144],[-43.4888,-22.99112],[-43.48917,-22.99139],[-43.4902,-22.99102],[-43.49106,-22.99027],[-43.48873,-22.98787],[-43.48964,-22.98697],[-43.48865,-22.98601],[-43.48851,-22.98456],[-43.48776,-22.98317],[-43.48821,-22.98222],[-43.48874,-22.98185],[-43.48915,-22.98105],[-43.48895,-22.9798],[-43.48801,-22.97819],[-43.48807,-22.9761],[-43.48599,-22.97775],[-43.48429,-22.978],[-43.48338,-22.97781],[-43.48347,-22.97892],[-43.48318,-22.98022],[-43.48283,-22.98059],[-43.4817,-22.98021],[-43.48009,-22.98],[-43.47936,-22.98021],[-43.47803,-22.97991],[-43.47764,-22.97965],[-43.47735,-22.97875],[-43.47743,-22.9783],[-43.47795,-22.97747],[-43.47796,-22.97705],[-43.47917,-22.97676],[-43.47958,-22.97587],[-43.47968,-22.97513],[-43.48016,-22.97504],[-43.48137,-22.97538],[-43.48195,-22.97513],[-43.48163,-22.97385],[-43.48078,-22.97339],[-43.48036,-22.97235],[-43.47971,-22.97174],[-43.47929,-22.97174],[-43.47733,-22.97109],[-43.47344,-22.97057],[-43.47176,-22.97082],[-43.47009,-22.97022],[-43.46481,-22.97027],[-43.46072,-22.96664],[-43.45959,-22.96475],[-43.45882,-22.96413],[-43.45502,-22.96239],[-43.45431,-22.96128],[-43.45388,-22.96098],[-43.4483,-22.9604],[-43.44526,-22.95975],[-43.44606,-22.95961],[-43.4463,-22.95904],[-43.44634,-22.95816],[-43.44678,-22.95752],[-43.44743,-22.95719],[-43.44639,-22.95659],[-43.44659,-22.9561],[-43.44641,-22.95528],[-43.44672,-22.9547],[-43.44681,-22.9538],[-43.44662,-22.95289],[-43.44618,-22.9522],[-43.44579,-22.95028],[-43.44601,-22.9497],[-43.44599,-22.94899],[-43.44545,-22.94883],[-43.44423,-22.94878],[-43.44301,-22.9489],[-43.44171,-22.9477],[-43.44196,-22.94639],[-43.44224,-22.94574],[-43.44281,-22.94526],[-43.4459,-22.94517],[-43.45592,-22.94784],[-43.46408,-22.94697],[-43.46657,-22.94629],[-43.46511,-22.94502],[-43.4643,-22.94288],[-43.46488,-22.94083],[-43.46962,-22.93656],[-43.46991,-22.93418],[-43.47177,-22.93157],[-43.47288,-22.9317],[-43.47444,-22.93271],[-43.47648,-22.93287],[-43.47919,-22.93459],[-43.48144,-22.93467],[-43.48299,-22.93436],[-43.48376,-22.93569],[-43.49015,-22.93839],[-43.49114,-22.93835],[-43.4931,-22.93923],[-43.49519,-22.94152],[-43.49789,-22.94235],[-43.50013,-22.94242],[-43.50294,-22.9435],[-43.50474,-22.94562],[-43.50638,-22.94984],[-43.51003,-22.95079],[-43.51221,-22.95231],[-43.51559,-22.95217],[-43.51747,-22.95267],[-43.51761,-22.95354],[-43.51734,-22.95454],[-43.51783,-22.95587],[-43.5187,-22.95721],[-43.51795,-22.95951],[-43.51806,-22.96278],[-43.51756,-22.96408],[-43.51782,-22.96469],[-43.51834,-22.96483],[-43.52091,-22.96765],[-43.51854,-22.96975],[-43.51737,-22.97175],[-43.51732,-22.9728],[-43.51631,-22.97417],[-43.51634,-22.97468],[-43.51822,-22.97577],[-43.51939,-22.97724],[-43.51919,-22.9804],[-43.51951,-22.98339],[-43.52006,-22.98385],[-43.51954,-22.9854],[-43.52089,-22.98805],[-43.52044,-22.99001],[-43.5193,-22.9909],[-43.51915,-22.99164],[-43.51955,-22.99292],[-43.52164,-22.99397],[-43.52214,-22.99502],[-43.52232,-22.99632],[-43.52169,-22.99778],[-43.52093,-22.99867],[-43.52091,-22.99898],[-43.52254,-23.00066],[-43.52315,-23.00217],[-43.52308,-23.00391],[-43.52226,-23.0051],[-43.52171,-23.0068],[-43.52204,-23.00775]]]},"properties":{"codigo":"3304557134","name":"Vargem Grande","population":21350,"households":9639,"areaKm2":38.265,"density":558}},{"type":"Feature","geometry":{"type":"Polygon","coordinates":[[[-43.24764,-22.85627],[-43.24748,-22.85172],[-43.24714,-22.84979],[-43.24713,-22.84834],[-43.24751,-22.84702],[-43.24789,-22.84633],[-43.24875,-22.84528],[-43.25364,-22.83992],[-43.25439,-22.83915],[-43.25509,-22.83945],[-43.25582,-22.84111],[-43.25586,-22.84164],[-43.25632,-22.8427],[-43.25636,-22.84346],[-43.25699,-22.84328],[-43.25717,-22.84376],[-43.25807,-22.84499],[-43.25743,-22.84515],[-43.25732,-22.84566],[-43.25855,-22.84619],[-43.25946,-22.8472],[-43.2598,-22.84698],[-43.26032,-22.84808],[-43.26062,-22.84788],[-43.26111,-22.8484],[-43.261,-22.84882],[-43.26142,-22.84949],[-43.26264,-22.85078],[-43.26299,-22.85047],[-43.26422,-22.85135],[-43.26427,-22.85194],[-43.26349,-22.8525],[-43.26408,-22.85307],[-43.26431,-22.8537],[-43.26467,-22.85376],[-43.265,-22.85442],[-43.26574,-22.85475],[-43.2657,-22.85526],[-43.26607,-22.85562],[-43.26645,-22.85539],[-43.26708,-22.85609],[-43.26707,-22.857],[-43.26568,-22.85776],[-43.26397,-22.85712],[-43.26366,-22.85744],[-43.26285,-22.85714],[-43.26251,-22.85783],[-43.26329,-22.85834],[-43.26454,-22.85865],[-43.26448,-22.85911],[-43.26602,-22.85924],[-43.26636,-22.8599],[-43.26702,-22.85982],[-43.26737,-22.86038],[-43.26738,-22.86162],[-43.26668,-22.86169],[-43.26522,-22.86137],[-43.26496,-22.86156],[-43.2633,-22.86214],[-43.26291,-22.86197],[-43.26138,-22.86264],[-43.26007,-22.86236],[-43.25972,-22.86182],[-43.25994,-22.86129],[-43.25898,-22.86119],[-43.25818,-22.86048],[-43.25772,-22.8603],[-43.25829,-22.85863],[-43.25743,-22.85877],[-43.25706,-22.85863],[-43.25636,-22.85746],[-43.2552,-22.85738],[-43.25273,-22.85705],[-43.25233,-22.85671],[-43.25198,-22.85719],[-43.24898,-22.85684],[-43.24897,-22.85642],[-43.24764,-22.85627]]]},"properties":{"codigo":"3304557038","name":"Ramos","population":34453,"households":16107,"areaKm2":2.8034,"density":12289.8}},{"type":"Feature","geometry":{"type":"Polygon","coordinates":[[[-43.45021,-22.85596],[-43.45082,-22.85579],[-43.45228,-22.85593],[-43.45337,-22.85674],[-43.45502,-22.85687],[-43.455,-22.85725],[-43.45419,-22.85807],[-43.45457,-22.85844],[-43.45522,-22.85808],[-43.45614,-22.85876],[-43.45522,-22.85941],[-43.45462,-22.86002],[-43.45475,-22.86036],[-43.45382,-22.86052],[-43.45404,-22.86133],[-43.45411,-22.86259],[-43.45494,-22.86309],[-43.45419,-22.86416],[-43.45373,-22.86448],[-43.45081,-22.86839],[-43.4513,-22.86856],[-43.45078,-22.86924],[-43.45019,-22.86922],[-43.44992,-22.86985],[-43.45037,-22.87021],[-43.44942,-22.87149],[-43.44946,-22.87174],[-43.45115,-22.87167],[-43.45179,-22.87195],[-43.45216,-22.87163],[-43.45265,-22.87191],[-43.45375,-22.87172],[-43.45553,-22.87168],[-43.45545,-22.87493],[-43.456,-22.87601],[-43.45562,-22.87675],[-43.45559,-22.879],[-43.45598,-22.8791],[-43.45597,-22.88015],[-43.4554,-22.88015],[-43.4554,-22.88114],[-43.45598,-22.88124],[-43.45596,-22.88279],[-43.45272,-22.88266],[-43.4523,-22.88248],[-43.45156,-22.8847],[-43.45229,-22.88511],[-43.45508,-22.88519],[-43.45582,-22.8858],[-43.45413,-22.88757],[-43.45403,-22.88839],[-43.45444,-22.88944],[-43.45421,-22.89056],[-43.4545,-22.89104],[-43.45423,-22.89155],[-43.45429,-22.89251],[-43.45457,-22.89309],[-43.45576,-22.89413],[-43.45558,-22.89444],[-43.45615,-22.89532],[-43.46148,-22.90422],[-43.4607,-22.90396],[-43.45327,-22.90014],[-43.45269,-22.89915],[-43.45139,-22.89824],[-43.45064,-22.89704],[-43.45045,-22.89643],[-43.44939,-22.89517],[-43.44563,-22.8912],[-43.44414,-22.88977],[-43.44356,-22.88976],[-43.44231,-22.88856],[-43.442,-22.88798],[-43.43986,-22.88596],[-43.43972,-22.88535],[-43.44129,-22.88406],[-43.44088,-22.88363],[-43.4403,-22.88421],[-43.43993,-22.88329],[-43.44042,-22.88275],[-43.44,-22.88229],[-43.44161,-22.88076],[-43.44151,-22.88031],[-43.44224,-22.87983],[-43.44353,-22.8783],[-43.44338,-22.8781],[-43.44423,-22.87719],[-43.4449,-22.87685],[-43.44557,-22.87505],[-43.44193,-22.87499],[-43.44138,-22.87449],[-43.44141,-22.8734],[-43.44193,-22.87342],[-43.44177,-22.87205],[-43.44208,-22.87152],[-43.4419,-22.87044],[-43.4418,-22.86897],[-43.44223,-22.8684],[-43.44291,-22.86844],[-43.44356,-22.86822],[-43.44382,-22.86771],[-43.44449,-22.86775],[-43.44507,-22.86719],[-43.44483,-22.86695],[-43.44563,-22.86639],[-43.44655,-22.86599],[-43.44773,-22.86517],[-43.44674,-22.86397],[-43.44696,-22.86352],[-43.44656,-22.86228],[-43.44621,-22.86192],[-43.44655,-22.86084],[-43.44863,-22.86071],[-43.44874,-22.85804],[-43.44893,-22.85804],[-43.44898,-22.85624],[-43.45019,-22.85633],[-43.45021,-22.85596]]]},"properties":{"codigo":"3304557098","name":"Padre Miguel","population":60410,"households":25770,"areaKm2":4.8704,"density":12403.6}},{"type":"Feature","geometry":{"type":"Polygon","coordinates":[[[-43.25216,-22.89582],[-43.25208,-22.89622],[-43.25268,-22.8964],[-43.2528,-22.89728],[-43.25314,-22.8973],[-43.25296,-22.8992],[-43.25329,-22.90042],[-43.25278,-22.90186],[-43.25306,-22.90226],[-43.25252,-22.9041],[-43.25232,-22.90544],[-43.25195,-22.90586],[-43.25095,-22.90936],[-43.24773,-22.90812],[-43.24651,-22.9081],[-43.24717,-22.90765],[-43.24834,-22.9062],[-43.24735,-22.90478],[-43.24815,-22.90439],[-43.24792,-22.90385],[-43.247,-22.90399],[-43.24596,-22.90335],[-43.24555,-22.90335],[-43.24514,-22.90202],[-43.24572,-22.90174],[-43.24548,-22.90045],[-43.2447,-22.9006],[-43.24423,-22.9],[-43.24433,-22.89917],[-43.24467,-22.89904],[-43.24463,-22.89813],[-43.24419,-22.89813],[-43.24413,-22.89729],[-43.24513,-22.89627],[-43.24615,-22.89544],[-43.24595,-22.89527],[-43.24671,-22.89394],[-43.24699,-22.89366],[-43.24928,-22.89031],[-43.25046,-22.89163],[-43.24957,-22.89229],[-43.25108,-22.89439],[-43.25132,-22.89505],[-43.25099,-22.89536],[-43.25152,-22.89598],[-43.25216,-22.89582]]]},"properties":{"codigo":"3304557048","name":"Rocha","population":14627,"households":6424,"areaKm2":1.1444,"density":12781.7}},{"type":"Feature","geometry":{"type":"MultiPolygon","coordinates":[[[[-43.17244,-22.7967],[-43.17209,-22.79589],[-43.17147,-22.79511],[-43.16946,-22.79338],[-43.16636,-22.7915],[-43.16399,-22.7903],[-43.16111,-22.78923],[-43.16031,-22.78913],[-43.15989,-22.78835],[-43.15739,-22.78734],[-43.15693,-22.78662],[-43.15631,-22.78624],[-43.15654,-22.78557],[-43.1556,-22.78413],[-43.15576,-22.7833],[-43.1563,-22.78295],[-43.15686,-22.78161],[-43.15697,-22.78097],[-43.15679,-22.78032],[-43.15625,-22.77967],[-43.15666,-22.77907],[-43.15747,-22.77858],[-43.15922,-22.7782],[-43.16012,-22.77828],[-43.16116,-22.77798],[-43.16252,-22.77813],[-43.16277,-22.77778],[-43.16392,-22.77773],[-43.16449,-22.77698],[-43.16473,-22.77719],[-43.16622,-22.77723],[-43.16685,-22.77747],[-43.16708,-22.77844],[-43.16649,-22.77873],[-43.16667,-22.77924],[-43.16804,-22.78007],[-43.16837,-22.78052],[-43.16926,-22.78088],[-43.16909,-22.78212],[-43.16823,-22.78205],[-43.16929,-22.78308],[-43.17035,-22.78293],[-43.17118,-22.78221],[-43.17131,-22.78103],[-43.1727,-22.78003],[-43.17321,-22.77917],[-43.17308,-22.77787],[-43.17233,-22.77716],[-43.1713,-22.77697],[-43.1722,-22.77565],[-43.17326,-22.77653],[-43.17553,-22.77707],[-43.17581,-22.77807],[-43.17618,-22.77848],[-43.17669,-22.77861],[-43.17712,-22.77942],[-43.17641,-22.78031],[-43.17694,-22.78152],[-43.17812,-22.78275],[-43.17922,-22.78342],[-43.18,-22.78365],[-43.18169,-22.78353],[-43.18246,-22.78164],[-43.18313,-22.78154],[-43.18354,-22.78183],[-43.18379,-22.7827],[-43.185,-22.78427],[-43.18613,-22.7848],[-43.18565,-22.78536],[-43.18528,-22.78511],[-43.18069,-22.7897],[-43.17625,-22.79405],[-43.17561,-22.79477],[-43.17348,-22.79682],[-43.17244,-22.7967]]],[[[-43.16766,-22.7688],[-43.16753,-22.76831],[-43.16828,-22.76806],[-43.1685,-22.76871],[-43.1681,-22.76907],[-43.16766,-22.7688]]],[[[-43.16009,-22.77011],[-43.16095,-22.77022],[-43.16138,-22.77056],[-43.16191,-22.77135],[-43.16207,-22.77194],[-43.16038,-22.7717],[-43.15999,-22.77252],[-43.16002,-22.77361],[-43.16048,-22.77461],[-43.15984,-22.77549],[-43.15904,-22.77552],[-43.15893,-22.77581],[-43.15808,-22.77595],[-43.15793,-22.77571],[-43.15601,-22.77522],[-43.15499,-22.77548],[-43.15334,-22.77519],[-43.15278,-22.77449],[-43.15195,-22.77391],[-43.15225,-22.77281],[-43.1526,-22.77252],[-43.15285,-22.77168],[-43.15327,-22.77195],[-43.15321,-22.77278],[-43.15383,-22.77317],[-43.15446,-22.77332],[-43.15578,-22.77328],[-43.15639,-22.77315],[-43.15737,-22.77261],[-43.1586,-22.77144],[-43.15874,-22.77067],[-43.15977,-22.77044],[-43.16009,-22.77011]]],[[[-43.14054,-22.77583],[-43.14131,-22.7759],[-43.14102,-22.77642],[-43.14034,-22.77671],[-43.13991,-22.77723],[-43.13908,-22.77665],[-43.13962,-22.77605],[-43.14036,-22.77641],[-43.14054,-22.77583]]],[[[-43.13741,-22.78287],[-43.13785,-22.78263],[-43.13835,-22.78304],[-43.13748,-22.7833],[-43.13741,-22.78287]]],[[[-43.14926,-22.78663],[-43.15013,-22.78666],[-43.15164,-22.78733],[-43.15143,-22.78777],[-43.15088,-22.78811],[-43.15007,-22.78774],[-43.1495,-22.78768],[-43.14872,-22.78697],[-43.14926,-22.78663]]],[[[-43.15499,-22.79412],[-43.15495,-22.79357],[-43.15573,-22.79339],[-43.15583,-22.79414],[-43.15566,-22.7946],[-43.15499,-22.79412]]]]},"properties":{"codigo":"3304557116","name":"Freguesia (Ilha do Governador)","population":15900,"households":7629,"areaKm2":4.0668,"density":3909.7}},{"type":"Feature","geometry":{"type":"Polygon","coordinates":[[[-43.37469,-22.90117],[-43.37434,-22.9029],[-43.37396,-22.90348],[-43.37535,-22.90415],[-43.37712,-22.90535],[-43.37848,-22.90604],[-43.37978,-22.90691],[-43.37964,-22.90737],[-43.37861,-22.90813],[-43.3791,-22.90933],[-43.37906,-22.91071],[-43.37819,-22.91122],[-43.37885,-22.91204],[-43.37969,-22.91226],[-43.37987,-22.91289],[-43.38052,-22.91307],[-43.38048,-22.91352],[-43.37962,-22.9137],[-43.37965,-22.91407],[-43.38038,-22.91402],[-43.38036,-22.91457],[-43.37559,-22.91424],[-43.37478,-22.91441],[-43.37406,-22.91542],[-43.37365,-22.91448],[-43.37246,-22.91491],[-43.37223,-22.91593],[-43.37167,-22.91617],[-43.3714,-22.91732],[-43.37142,-22.91784],[-43.37241,-22.91917],[-43.37128,-22.91941],[-43.37073,-22.91908],[-43.36983,-22.91931],[-43.3695,-22.91857],[-43.36916,-22.91837],[-43.36845,-22.91888],[-43.36805,-22.91849],[-43.36773,-22.91898],[-43.36735,-22.91895],[-43.36575,-22.9184],[-43.36536,-22.91855],[-43.36439,-22.91804],[-43.36397,-22.91895],[-43.36293,-22.91895],[-43.36307,-22.91949],[-43.36429,-22.92032],[-43.364,-22.92076],[-43.36479,-22.92169],[-43.36457,-22.92391],[-43.36455,-22.9249],[-43.3642,-22.92572],[-43.36374,-22.92539],[-43.3626,-22.92574],[-43.36281,-22.92625],[-43.36117,-22.9268],[-43.36083,-22.92658],[-43.36016,-22.92677],[-43.36011,-22.92725],[-43.35907,-22.92692],[-43.35909,-22.92761],[-43.35802,-22.92516],[-43.35869,-22.9248],[-43.35926,-22.9248],[-43.35946,-22.92413],[-43.35869,-22.92391],[-43.35881,-22.92354],[-43.358,-22.92261],[-43.35404,-22.92073],[-43.35308,-22.92046],[-43.35291,-22.92079],[-43.35213,-22.92107],[-43.35105,-22.9207],[-43.34982,-22.92185],[-43.34905,-22.92146],[-43.34998,-22.92052],[-43.34716,-22.91941],[-43.34522,-22.92069],[-43.34367,-22.92039],[-43.34351,-22.92085],[-43.34357,-22.92178],[-43.34337,-22.92196],[-43.343,-22.92205],[-43.34268,-22.921],[-43.34347,-22.91879],[-43.34413,-22.91806],[-43.34342,-22.91718],[-43.34354,-22.91678],[-43.34317,-22.91552],[-43.34252,-22.91513],[-43.34051,-22.91473],[-43.33731,-22.9135],[-43.33572,-22.91225],[-43.33572,-22.91095],[-43.33547,-22.91023],[-43.335,-22.90993],[-43.33471,-22.90858],[-43.33363,-22.90744],[-43.33352,-22.90649],[-43.33296,-22.90579],[-43.33554,-22.90427],[-43.33831,-22.90622],[-43.33924,-22.90651],[-43.34029,-22.90749],[-43.34129,-22.90766],[-43.34371,-22.90746],[-43.34688,-22.90949],[-43.34807,-22.90958],[-43.34937,-22.91013],[-43.35006,-22.91058],[-43.35155,-22.91087],[-43.35497,-22.91076],[-43.35514,-22.91128],[-43.35483,-22.91174],[-43.35506,-22.91206],[-43.3565,-22.9124],[-43.35653,-22.9127],[-43.35735,-22.91292],[-43.35846,-22.9124],[-43.35836,-22.91166],[-43.359,-22.91147],[-43.35955,-22.91196],[-43.35944,-22.91259],[-43.36185,-22.91231],[-43.36177,-22.91127],[-43.36201,-22.91124],[-43.36201,-22.91014],[-43.36284,-22.91017],[-43.36329,-22.90998],[-43.36501,-22.90756],[-43.36544,-22.9075],[-43.36611,-22.90673],[-43.36616,-22.90557],[-43.367,-22.9049],[-43.36611,-22.90406],[-43.36602,-22.90296],[-43.36681,-22.90274],[-43.36743,-22.90277],[-43.36947,-22.90283],[-43.37032,-22.90215],[-43.37141,-22.90161],[-43.37238,-22.90085],[-43.37317,-22.90054],[-43.37395,-22.90069],[-43.37469,-22.90117]]]},"properties":{"codigo":"3304557089","name":"Tanque","population":36217,"households":17370,"areaKm2":5.7824,"density":6263.4}},{"type":"Feature","geometry":{"type":"MultiPolygon","coordinates":[[[[-43.55372,-23.07568],[-43.55331,-23.07638],[-43.55229,-23.07589],[-43.55175,-23.07608],[-43.55164,-23.07527],[-43.55135,-23.07477],[-43.55066,-23.0741],[-43.54889,-23.0734],[-43.54921,-23.0728],[-43.55052,-23.07251],[-43.5516,-23.07215],[-43.55249,-23.07221],[-43.5528,-23.07152],[-43.55234,-23.07065],[-43.55229,-23.06982],[-43.55181,-23.06909],[-43.55127,-23.06866],[-43.55176,-23.0681],[-43.5515,-23.06765],[-43.55196,-23.06734],[-43.55171,-23.06642],[-43.55097,-23.0658],[-43.55086,-23.06528],[-43.55002,-23.06505],[-43.54936,-23.06531],[-43.54841,-23.06523],[-43.54774,-23.06463],[-43.54827,-23.06439],[-43.5485,-23.06375],[-43.54987,-23.06323],[-43.55003,-23.06294],[-43.54951,-23.06204],[-43.54893,-23.06071],[-43.54833,-23.06101],[-43.54739,-23.0607],[-43.54734,-23.0604],[-43.54653,-23.0598],[-43.54642,-23.05918],[-43.54538,-23.05881],[-43.54446,-23.05922],[-43.54324,-23.05944],[-43.5421,-23.05912],[-43.54184,-23.05886],[-43.54196,-23.0583],[-43.5414,-23.05828],[-43.54071,-23.05726],[-43.53959,-23.05644],[-43.53863,-23.05617],[-43.53767,-23.05628],[-43.53688,-23.05606],[-43.5359,-23.05526],[-43.53577,-23.05487],[-43.53504,-23.05392],[-43.53499,-23.05322],[-43.53548,-23.05246],[-43.5363,-23.0525],[-43.53637,-23.05208],[-43.53599,-23.05143],[-43.53439,-23.05029],[-43.53219,-23.04971],[-43.5292,-23.04939],[-43.52495,-23.04876],[-43.52301,-23.04854],[-43.52126,-23.0485],[-43.518,-23.04859],[-43.51502,-23.0486],[-43.51397,-23.04877],[-43.51237,-23.04853],[-43.51072,-23.04812],[-43.51037,-23.04813],[-43.5094,-23.0477],[-43.50854,-23.04757],[-43.50798,-23.04732],[-43.50705,-23.04615],[-43.50684,-23.04567],[-43.50692,-23.04429],[-43.50737,-23.04292],[-43.50661,-23.04204],[-43.50519,-23.0411],[-43.50395,-23.04041],[-43.50303,-23.04012],[-43.50184,-23.04035],[-43.50098,-23.0408],[-43.50096,-23.03967],[-43.50253,-23.03719],[-43.50252,-23.03602],[-43.5022,-23.03396],[-43.50419,-23.03312],[-43.50509,-23.033],[-43.50715,-23.0332],[-43.50878,-23.033],[-43.51191,-23.03474],[-43.51267,-23.0344],[-43.51888,-23.03384],[-43.52171,-23.0343],[-43.52277,-23.03422],[-43.5241,-23.03445],[-43.52572,-23.03433],[-43.52737,-23.03343],[-43.53024,-23.03343],[-43.53279,-23.03417],[-43.53508,-23.03461],[-43.53656,-23.03511],[-43.53845,-23.03608],[-43.53935,-23.03708],[-43.54026,-23.03767],[-43.5418,-23.03812],[-43.54311,-23.03865],[-43.54773,-23.04175],[-43.54821,-23.04274],[-43.5485,-23.04386],[-43.54776,-23.04559],[-43.54731,-23.04718],[-43.54861,-23.04858],[-43.54972,-23.05019],[-43.54956,-23.05111],[-43.54909,-23.05229],[-43.54944,-23.05367],[-43.55112,-23.05543],[-43.55244,-23.05792],[-43.55369,-23.05871],[-43.55556,-23.05915],[-43.55653,-23.06003],[-43.5568,-23.06149],[-43.55677,-23.06287],[-43.55699,-23.06419],[-43.55746,-23.0653],[-43.55797,-23.06696],[-43.55844,-23.06755],[-43.55865,-23.06816],[-43.55852,-23.06869],[-43.55722,-23.06971],[-43.5556,-23.06994],[-43.55247,-23.07326],[-43.55201,-23.07349],[-43.55232,-23.07475],[-43.55372,-23.07568]]],[[[-43.50818,-23.05262],[-43.50906,-23.05269],[-43.50951,-23.05306],[-43.50963,-23.05362],[-43.50918,-23.05415],[-43.50774,-23.05334],[-43.50818,-23.05262]]],[[[-43.51104,-23.06031],[-43.5112,-23.0602],[-43.51232,-23.06063],[-43.51273,-23.06113],[-43.51215,-23.06131],[-43.51104,-23.06031]]],[[[-43.50948,-23.06561],[-43.50815,-23.06517],[-43.5079,-23.06485],[-43.50827,-23.06387],[-43.50887,-23.06364],[-43.50916,-23.06319],[-43.51054,-23.063],[-43.51108,-23.0624],[-43.5107,-23.06132],[-43.51141,-23.06127],[-43.51233,-23.06154],[-43.51345,-23.06252],[-43.51259,-23.06292],[-43.51257,-23.06354],[-43.51398,-23.06443],[-43.51449,-23.06514],[-43.51441,-23.06538],[-43.51349,-23.06582],[-43.51221,-23.06585],[-43.51171,-23.06573],[-43.50948,-23.06561]]]]},"properties":{"codigo":"3304557136","name":"Grumari","population":184,"households":85,"areaKm2":9.6008,"density":19.2}},{"type":"Feature","geometry":{"type":"Polygon","coordinates":[[[-43.19916,-22.93647],[-43.19928,-22.93684],[-43.19855,-22.93757],[-43.19942,-22.93781],[-43.19954,-22.93821],[-43.19842,-22.93964],[-43.19946,-22.93995],[-43.20099,-22.93925],[-43.20176,-22.93855],[-43.20278,-22.93849],[-43.20412,-22.93922],[-43.20436,-22.93896],[-43.20625,-22.93899],[-43.2073,-22.9394],[-43.20788,-22.93937],[-43.20893,-22.93977],[-43.20906,-22.9402],[-43.20797,-22.94052],[-43.20684,-22.94039],[-43.20641,-22.94102],[-43.2062,-22.94228],[-43.20655,-22.94234],[-43.20718,-22.94322],[-43.20776,-22.94325],[-43.20839,-22.94273],[-43.20896,-22.94326],[-43.20877,-22.94407],[-43.20826,-22.94465],[-43.20886,-22.94518],[-43.20863,-22.94587],[-43.20777,-22.94598],[-43.20769,-22.94569],[-43.20656,-22.94537],[-43.20505,-22.9445],[-43.20449,-22.9447],[-43.20509,-22.94578],[-43.20466,-22.94658],[-43.20405,-22.94682],[-43.20333,-22.94665],[-43.20188,-22.94598],[-43.2014,-22.94512],[-43.20035,-22.94383],[-43.19951,-22.94327],[-43.19641,-22.94515],[-43.19542,-22.94174],[-43.19486,-22.93893],[-43.19443,-22.93851],[-43.19474,-22.93725],[-43.19512,-22.93707],[-43.19663,-22.93724],[-43.19744,-22.93722],[-43.19847,-22.93693],[-43.19916,-22.93647]]]},"properties":{"codigo":"3304557013","name":"Cosme Velho","population":6408,"households":2735,"areaKm2":0.9366,"density":6841.6}},{"type":"Feature","geometry":{"type":"Polygon","coordinates":[[[-43.2357,-22.90087],[-43.23509,-22.90111],[-43.23448,-22.90046],[-43.23383,-22.90058],[-43.23381,-22.90128],[-43.23277,-22.90109],[-43.23277,-22.90148],[-43.23231,-22.90195],[-43.23235,-22.90372],[-43.23192,-22.90411],[-43.232,-22.90607],[-43.23189,-22.90733],[-43.23149,-22.90804],[-43.23029,-22.90768],[-43.2303,-22.90686],[-43.22999,-22.90668],[-43.2286,-22.90654],[-43.22759,-22.90742],[-43.2277,-22.90777],[-43.22716,-22.90858],[-43.22634,-22.90924],[-43.22507,-22.90955],[-43.22427,-22.9095],[-43.22402,-22.90982],[-43.22441,-22.91086],[-43.22337,-22.91038],[-43.22364,-22.91006],[-43.22229,-22.9098],[-43.22152,-22.90977],[-43.21992,-22.90995],[-43.21981,-22.90964],[-43.21964,-22.9092],[-43.21914,-22.90889],[-43.21813,-22.90795],[-43.21775,-22.90779],[-43.21345,-22.90746],[-43.21284,-22.90728],[-43.21046,-22.90704],[-43.2101,-22.90731],[-43.20972,-22.90685],[-43.21027,-22.89866],[-43.21079,-22.89864],[-43.21225,-22.89728],[-43.21327,-22.8966],[-43.21435,-22.89529],[-43.2145,-22.89443],[-43.21504,-22.89327],[-43.21549,-22.89344],[-43.21592,-22.89255],[-43.21552,-22.89215],[-43.21647,-22.89013],[-43.2169,-22.8903],[-43.21752,-22.88896],[-43.2185,-22.88885],[-43.22196,-22.88876],[-43.22288,-22.88836],[-43.22596,-22.88532],[-43.2265,-22.885],[-43.22769,-22.88489],[-43.22615,-22.88567],[-43.22462,-22.88718],[-43.22527,-22.88766],[-43.22469,-22.88855],[-43.22375,-22.88867],[-43.22277,-22.88975],[-43.22311,-22.89055],[-43.22228,-22.89053],[-43.22123,-22.8918],[-43.22152,-22.89203],[-43.22068,-22.89282],[-43.22045,-22.89335],[-43.22043,-22.89409],[-43.22098,-22.89481],[-43.22242,-22.89578],[-43.22187,-22.89618],[-43.2223,-22.89671],[-43.22305,-22.89641],[-43.22357,-22.89688],[-43.22333,-22.89718],[-43.2247,-22.89805],[-43.22421,-22.89844],[-43.22486,-22.89905],[-43.22564,-22.89891],[-43.22665,-22.89621],[-43.22746,-22.89617],[-43.22861,-22.89419],[-43.22867,-22.89372],[-43.22947,-22.89309],[-43.22945,-22.8926],[-43.22975,-22.89179],[-43.23105,-22.89193],[-43.23132,-22.89129],[-43.23244,-22.89126],[-43.23347,-22.89221],[-43.23326,-22.893],[-43.23351,-22.89365],[-43.23292,-22.89393],[-43.23315,-22.89448],[-43.2328,-22.89522],[-43.23319,-22.89688],[-43.23361,-22.89749],[-43.23504,-22.89736],[-43.23573,-22.89765],[-43.23561,-22.89878],[-43.23478,-22.89971],[-43.23549,-22.90022],[-43.2357,-22.90087]]]},"properties":{"codigo":"3304557026","name":"São Cristóvão","population":28016,"households":12479,"areaKm2":3.8545,"density":7268.4}},{"type":"Feature","geometry":{"type":"Polygon","coordinates":[[[-43.24764,-22.85627],[-43.24784,-22.86355],[-43.24777,-22.86505],[-43.24746,-22.86614],[-43.24709,-22.86858],[-43.24687,-22.86931],[-43.24607,-22.86963],[-43.24488,-22.86977],[-43.2444,-22.86969],[-43.24412,-22.87005],[-43.24449,-22.87043],[-43.24479,-22.87181],[-43.24463,-22.87282],[-43.24124,-22.87724],[-43.24071,-22.87811],[-43.23939,-22.88001],[-43.23577,-22.87585],[-43.23531,-22.87538],[-43.23485,-22.87417],[-43.23479,-22.87317],[-43.23381,-22.87143],[-43.23257,-22.86831],[-43.23296,-22.86595],[-43.23342,-22.86475],[-43.23365,-22.86372],[-43.23428,-22.86323],[-43.23546,-22.86297],[-43.23653,-22.86203],[-43.23687,-22.86104],[-43.23726,-22.85831],[-43.23774,-22.85605],[-43.23823,-22.85439],[-43.23873,-22.85313],[-43.23995,-22.85047],[-43.24024,-22.84969],[-43.24082,-22.84882],[-43.24145,-22.84753],[-43.2422,-22.84733],[-43.24217,-22.84661],[-43.24256,-22.84607],[-43.24271,-22.84454],[-43.24294,-22.84347],[-43.24355,-22.84206],[-43.24415,-22.84127],[-43.24501,-22.84063],[-43.2466,-22.84031],[-43.24774,-22.83994],[-43.24786,-22.8394],[-43.25047,-22.83833],[-43.25217,-22.83746],[-43.25251,-22.83769],[-43.25351,-22.83746],[-43.25474,-22.83653],[-43.25504,-22.83713],[-43.25612,-22.83773],[-43.25577,-22.8381],[-43.25439,-22.83915],[-43.25364,-22.83992],[-43.24875,-22.84528],[-43.24789,-22.84633],[-43.24751,-22.84702],[-43.24713,-22.84834],[-43.24714,-22.84979],[-43.24748,-22.85172],[-43.24764,-22.85627]]]},"properties":{"codigo":"3304557158","name":"Maré","population":124832,"households":54884,"areaKm2":4.2901,"density":29097.8}},{"type":"Feature","geometry":{"type":"Polygon","coordinates":[[[-43.19748,-22.80006],[-43.19974,-22.80011],[-43.20031,-22.79992],[-43.20143,-22.80063],[-43.20448,-22.804],[-43.20412,-22.8042],[-43.20349,-22.80428],[-43.20009,-22.80602],[-43.19802,-22.80681],[-43.19579,-22.80922],[-43.1951,-22.8104],[-43.19472,-22.81072],[-43.19181,-22.81217],[-43.1919,-22.81157],[-43.19109,-22.81106],[-43.18862,-22.8105],[-43.18797,-22.81018],[-43.18672,-22.8101],[-43.18523,-22.81036],[-43.18427,-22.80976],[-43.18424,-22.80919],[-43.18385,-22.80785],[-43.18317,-22.80756],[-43.18409,-22.80713],[-43.18368,-22.80636],[-43.18527,-22.80429],[-43.1865,-22.80361],[-43.18731,-22.80402],[-43.18787,-22.80391],[-43.18841,-22.80428],[-43.18903,-22.80416],[-43.18998,-22.80451],[-43.19017,-22.80337],[-43.18947,-22.80277],[-43.1896,-22.80247],[-43.18883,-22.80199],[-43.18962,-22.80159],[-43.19013,-22.80102],[-43.1927,-22.80038],[-43.19363,-22.80025],[-43.19483,-22.80097],[-43.19481,-22.8013],[-43.19584,-22.80164],[-43.19657,-22.80165],[-43.19722,-22.80113],[-43.19758,-22.80058],[-43.19748,-22.80006]]]},"properties":{"codigo":"3304557118","name":"Jardim Carioca","population":20374,"households":9736,"areaKm2":1.5924,"density":12794.9}},{"type":"Feature","geometry":{"type":"MultiPolygon","coordinates":[[[[-43.20972,-22.90685],[-43.20957,-22.90927],[-43.20827,-22.90909],[-43.20612,-22.90835],[-43.20339,-22.90668],[-43.20275,-22.90613],[-43.19994,-22.90503],[-43.19833,-22.90465],[-43.19721,-22.90447],[-43.19665,-22.90418],[-43.19453,-22.90342],[-43.19584,-22.90369],[-43.19602,-22.90165],[-43.19622,-22.90124],[-43.19687,-22.90114],[-43.19715,-22.90143],[-43.19748,-22.90269],[-43.19883,-22.90235],[-43.19878,-22.90173],[-43.19771,-22.90125],[-43.19777,-22.90059],[-43.19841,-22.90012],[-43.19807,-22.89916],[-43.19901,-22.89896],[-43.19865,-22.89759],[-43.19753,-22.89786],[-43.19743,-22.89764],[-43.19894,-22.89729],[-43.19924,-22.89679],[-43.19862,-22.89629],[-43.1988,-22.8955],[-43.19916,-22.89506],[-43.1966,-22.894],[-43.19652,-22.89345],[-43.19593,-22.89298],[-43.19595,-22.89206],[-43.20968,-22.89767],[-43.2103,-22.89772],[-43.21027,-22.89866],[-43.20972,-22.90685]]],[[[-43.19584,-22.88709],[-43.19634,-22.88711],[-43.19782,-22.88777],[-43.19766,-22.88811],[-43.19704,-22.88805],[-43.19562,-22.88747],[-43.19584,-22.88709]]]]},"properties":{"codigo":"3304557003","name":"Santo Cristo","population":9936,"households":4988,"areaKm2":1.6439,"density":6044}},{"type":"Feature","geometry":{"type":"Polygon","coordinates":[[[-43.60377,-22.93395],[-43.60273,-22.9338],[-43.60208,-22.93355],[-43.60026,-22.9323],[-43.60006,-22.93205],[-43.5995,-22.92948],[-43.59918,-22.92919],[-43.5981,-22.92885],[-43.59735,-22.9284],[-43.59728,-22.92799],[-43.59661,-22.92761],[-43.59518,-22.92728],[-43.59434,-22.92686],[-43.5928,-22.92631],[-43.59183,-22.92569],[-43.59151,-22.92523],[-43.59162,-22.92419],[-43.5922,-22.92373],[-43.59079,-22.92351],[-43.58926,-22.92346],[-43.58793,-22.92265],[-43.58758,-22.92209],[-43.58611,-22.92108],[-43.58511,-22.92014],[-43.5831,-22.91993],[-43.58201,-22.91932],[-43.58149,-22.9183],[-43.58138,-22.91718],[-43.58157,-22.91648],[-43.58117,-22.91144],[-43.5832,-22.91132],[-43.58341,-22.91066],[-43.58267,-22.9096],[-43.58253,-22.90802],[-43.58199,-22.90804],[-43.58191,-22.90703],[-43.58121,-22.9069],[-43.58128,-22.90806],[-43.5806,-22.90808],[-43.58035,-22.90616],[-43.57804,-22.90569],[-43.57837,-22.90513],[-43.57805,-22.90147],[-43.5794,-22.90149],[-43.57922,-22.89922],[-43.58154,-22.89915],[-43.5834,-22.89842],[-43.58497,-22.89704],[-43.58553,-22.89685],[-43.58701,-22.89707],[-43.5878,-22.89692],[-43.58878,-22.89735],[-43.58932,-22.89731],[-43.59015,-22.89607],[-43.59048,-22.89509],[-43.59017,-22.8942],[-43.58999,-22.8924],[-43.59064,-22.89166],[-43.59115,-22.8917],[-43.59154,-22.89027],[-43.59274,-22.89037],[-43.5937,-22.89014],[-43.59373,-22.89052],[-43.59471,-22.89037],[-43.59536,-22.88942],[-43.59588,-22.88972],[-43.59677,-22.89099],[-43.59643,-22.89147],[-43.59656,-22.89324],[-43.59741,-22.89364],[-43.59776,-22.89701],[-43.59764,-22.89837],[-43.59797,-22.89865],[-43.59807,-22.90018],[-43.59793,-22.90056],[-43.60154,-22.90137],[-43.60202,-22.90465],[-43.60289,-22.90444],[-43.60408,-22.90368],[-43.60426,-22.90429],[-43.60453,-22.90728],[-43.60439,-22.90729],[-43.60453,-22.90933],[-43.60484,-22.90987],[-43.60456,-22.91084],[-43.60609,-22.91112],[-43.60632,-22.91206],[-43.60615,-22.91273],[-43.60535,-22.91277],[-43.60505,-22.91305],[-43.60515,-22.91381],[-43.60603,-22.9138],[-43.60609,-22.9147],[-43.60684,-22.91496],[-43.60685,-22.91842],[-43.60673,-22.91929],[-43.60673,-22.92238],[-43.60643,-22.92261],[-43.60592,-22.9236],[-43.60627,-22.92387],[-43.60658,-22.92453],[-43.60591,-22.92538],[-43.6052,-22.92703],[-43.60538,-22.92746],[-43.60476,-22.92814],[-43.60481,-22.92852],[-43.60562,-22.93007],[-43.60572,-22.93088],[-43.60526,-22.93145],[-43.60605,-22.93244],[-43.60582,-22.93444],[-43.60377,-22.93395]]]},"properties":{"codigo":"3304557104","name":"Inhoaíba","population":72141,"households":28245,"areaKm2":8.2572,"density":8736.8}},{"type":"Feature","geometry":{"type":"Polygon","coordinates":[[[-43.28657,-22.94377],[-43.29149,-22.94456],[-43.29509,-22.94745],[-43.29837,-22.94911],[-43.29974,-22.9507],[-43.3007,-22.953],[-43.30015,-22.9552],[-43.30025,-22.95848],[-43.30092,-22.9594],[-43.30109,-22.96385],[-43.30127,-22.9653],[-43.2999,-22.97496],[-43.29953,-22.97491],[-43.29929,-22.97424],[-43.29891,-22.974],[-43.29813,-22.97426],[-43.29752,-22.97514],[-43.29702,-22.97518],[-43.29604,-22.97651],[-43.29515,-22.97658],[-43.29424,-22.97611],[-43.29404,-22.97543],[-43.2935,-22.97547],[-43.29416,-22.97683],[-43.29499,-22.97782],[-43.29553,-22.97809],[-43.29655,-22.97817],[-43.29721,-22.97915],[-43.29678,-22.97947],[-43.29628,-22.97907],[-43.29529,-22.97907],[-43.29435,-22.97939],[-43.29428,-22.97974],[-43.29308,-22.97989],[-43.29229,-22.97943],[-43.29003,-22.98176],[-43.2866,-22.98556],[-43.28519,-22.98776],[-43.28271,-22.98794],[-43.28166,-22.98592],[-43.27897,-22.98354],[-43.27867,-22.98191],[-43.27646,-22.98227],[-43.27502,-22.98228],[-43.27428,-22.98218],[-43.27293,-22.98175],[-43.27088,-22.98183],[-43.26628,-22.98253],[-43.26377,-22.98213],[-43.26212,-22.98126],[-43.26076,-22.98076],[-43.25971,-22.9805],[-43.25858,-22.97977],[-43.25787,-22.97957],[-43.25603,-22.97922],[-43.25422,-22.97913],[-43.25275,-22.97921],[-43.25124,-22.97891],[-43.24983,-22.979],[-43.24908,-22.97934],[-43.24797,-22.98018],[-43.24665,-22.9805],[-43.24526,-22.98109],[-43.2447,-22.98152],[-43.24356,-22.98167],[-43.24228,-22.98229],[-43.24173,-22.98193],[-43.24324,-22.98082],[-43.24482,-22.98018],[-43.24503,-22.9798],[-43.24567,-22.97957],[-43.24615,-22.97868],[-43.24684,-22.97874],[-43.24713,-22.9777],[-43.24865,-22.97658],[-43.24781,-22.97632],[-43.24669,-22.97561],[-43.24631,-22.97472],[-43.24559,-22.9744],[-43.24475,-22.9746],[-43.24394,-22.97519],[-43.24339,-22.97665],[-43.24297,-22.97832],[-43.24261,-22.97911],[-43.24208,-22.97878],[-43.24153,-22.97921],[-43.24044,-22.97966],[-43.2394,-22.97954],[-43.23989,-22.97857],[-43.23969,-22.97773],[-43.23914,-22.97753],[-43.23846,-22.97855],[-43.23868,-22.97921],[-43.23763,-22.97978],[-43.23829,-22.978],[-43.23843,-22.97718],[-43.23902,-22.97657],[-43.23827,-22.97557],[-43.23776,-22.97556],[-43.23706,-22.97501],[-43.23683,-22.97455],[-43.23749,-22.974],[-43.2382,-22.97374],[-43.23839,-22.97306],[-43.23782,-22.97264],[-43.23636,-22.97261],[-43.23586,-22.9724],[-43.23373,-22.97213],[-43.23317,-22.97285],[-43.2316,-22.9733],[-43.23046,-22.9723],[-43.22981,-22.97231],[-43.22915,-22.97202],[-43.22852,-22.97045],[-43.22751,-22.97071],[-43.22709,-22.9705],[-43.22742,-22.96978],[-43.22819,-22.96972],[-43.22899,-22.96998],[-43.22944,-22.96988],[-43.2305,-22.97033],[-43.23138,-22.97048],[-43.23264,-22.97004],[-43.2331,-22.97009],[-43.23355,-22.97071],[-43.23444,-22.97124],[-43.23515,-22.97119],[-43.23553,-22.97164],[-43.23634,-22.97191],[-43.23739,-22.97204],[-43.23815,-22.97154],[-43.23918,-22.97132],[-43.2398,-22.97101],[-43.23878,-22.9705],[-43.23818,-22.96928],[-43.23928,-22.96878],[-43.24051,-22.96889],[-43.24163,-22.96937],[-43.24262,-22.96869],[-43.24267,-22.96841],[-43.24184,-22.96789],[-43.24164,-22.96723],[-43.24113,-22.96632],[-43.24011,-22.96567],[-43.23956,-22.96513],[-43.23902,-22.96501],[-43.2385,-22.96544],[-43.23809,-22.96446],[-43.23669,-22.96451],[-43.2359,-22.96466],[-43.23556,-22.96502],[-43.23487,-22.96468],[-43.23399,-22.96493],[-43.23284,-22.96469],[-43.23238,-22.9638],[-43.23062,-22.96354],[-43.22931,-22.96311],[-43.22853,-22.9625],[-43.22798,-22.96249],[-43.22765,-22.96166],[-43.22779,-22.96113],[-43.22711,-22.96062],[-43.22637,-22.96064],[-43.22595,-22.96015],[-43.22467,-22.95956],[-43.22346,-22.95963],[-43.22336,-22.95892],[-43.22178,-22.95779],[-43.22162,-22.95823],[-43.22041,-22.95927],[-43.2197,-22.95975],[-43.21817,-22.95952],[-43.21693,-22.95954],[-43.21527,-22.95926],[-43.2141,-22.95888],[-43.2124,-22.95773],[-43.21154,-22.95775],[-43.21085,-22.957],[-43.20998,-22.95719],[-43.20919,-22.9567],[-43.20756,-22.95618],[-43.20745,-22.95661],[-43.20609,-22.95677],[-43.20559,-22.95658],[-43.20527,-22.95594],[-43.20557,-22.95515],[-43.20474,-22.95496],[-43.20372,-22.95421],[-43.2022,-22.95436],[-43.20317,-22.95367],[-43.20426,-22.95312],[-43.21009,-22.95189],[-43.2117,-22.95227],[-43.21243,-22.95215],[-43.2135,-22.95219],[-43.21407,-22.95186],[-43.21504,-22.94989],[-43.21572,-22.94897],[-43.21664,-22.94865],[-43.21736,-22.94798],[-43.21786,-22.94668],[-43.21905,-22.94234],[-43.21911,-22.94038],[-43.21895,-22.93882],[-43.21853,-22.93722],[-43.21831,-22.9344],[-43.21647,-22.93378],[-43.21437,-22.93334],[-43.21468,-22.93308],[-43.21554,-22.93338],[-43.21626,-22.93326],[-43.21738,-22.9335],[-43.21833,-22.93324],[-43.21927,-22.93359],[-43.2204,-22.93213],[-43.22115,-22.93188],[-43.2215,-22.93109],[-43.22225,-22.93092],[-43.22287,-22.9315],[-43.22307,-22.93217],[-43.22378,-22.93369],[-43.22461,-22.93432],[-43.22547,-22.93462],[-43.22707,-22.93539],[-43.22745,-22.93674],[-43.22869,-22.93778],[-43.22901,-22.93832],[-43.22901,-22.939],[-43.2296,-22.93962],[-43.23023,-22.9396],[-43.23059,-22.94015],[-43.23098,-22.94179],[-43.23147,-22.94258],[-43.23175,-22.9439],[-43.23168,-22.94459],[-43.23199,-22.94489],[-43.23339,-22.94495],[-43.23413,-22.94543],[-43.23551,-22.94525],[-43.23606,-22.94425],[-43.23614,-22.94345],[-43.23702,-22.9422],[-43.2373,-22.94093],[-43.23905,-22.94151],[-43.23943,-22.94146],[-43.2395,-22.94256],[-43.23988,-22.94431],[-43.2404,-22.94499],[-43.2407,-22.9458],[-43.2417,-22.94573],[-43.24419,-22.94488],[-43.24488,-22.9462],[-43.24627,-22.94624],[-43.24654,-22.9468],[-43.24739,-22.94791],[-43.247,-22.94902],[-43.24639,-22.95012],[-43.24662,-22.95055],[-43.24742,-22.95067],[-43.24875,-22.95068],[-43.24968,-22.95048],[-43.25121,-22.95038],[-43.25173,-22.94986],[-43.25228,-22.94983],[-43.25305,-22.95027],[-43.25608,-22.94808],[-43.25665,-22.94761],[-43.25686,-22.94685],[-43.2577,-22.94631],[-43.25743,-22.94545],[-43.25847,-22.945],[-43.25952,-22.94505],[-43.26009,-22.94547],[-43.26133,-22.94556],[-43.26271,-22.94515],[-43.2638,-22.94534],[-43.26428,-22.94484],[-43.2649,-22.94481],[-43.26509,-22.94527],[-43.26651,-22.94513],[-43.26798,-22.94472],[-43.26855,-22.94475],[-43.26963,-22.94535],[-43.27236,-22.94511],[-43.27375,-22.94441],[-43.27493,-22.94431],[-43.27617,-22.94143],[-43.2776,-22.93997],[-43.27871,-22.93943],[-43.27989,-22.93984],[-43.28149,-22.94022],[-43.2841,-22.94204],[-43.28482,-22.94364],[-43.28657,-22.94377]]]},"properties":{"codigo":"3304557031","name":"Alto da Boa Vista","population":8079,"households":3640,"areaKm2":31.4065,"density":257.2}},{"type":"Feature","geometry":{"type":"Polygon","coordinates":[[[-43.2772,-22.92039],[-43.27707,-22.91637],[-43.27741,-22.91423],[-43.2754,-22.91363],[-43.27496,-22.91304],[-43.27507,-22.91234],[-43.27539,-22.91167],[-43.27505,-22.91135],[-43.27528,-22.91058],[-43.27564,-22.91031],[-43.27527,-22.90982],[-43.27607,-22.90902],[-43.27492,-22.90832],[-43.27289,-22.90731],[-43.27309,-22.90638],[-43.27245,-22.90604],[-43.27219,-22.9055],[-43.27264,-22.9044],[-43.27358,-22.90498],[-43.27428,-22.90521],[-43.27561,-22.90588],[-43.276,-22.90652],[-43.27791,-22.90739],[-43.27895,-22.90759],[-43.27961,-22.90753],[-43.28061,-22.90692],[-43.28149,-22.90723],[-43.28144,-22.90777],[-43.28183,-22.90796],[-43.28232,-22.90766],[-43.28298,-22.90808],[-43.28328,-22.90772],[-43.28439,-22.90765],[-43.28467,-22.9079],[-43.28557,-22.90713],[-43.28652,-22.90782],[-43.28604,-22.90845],[-43.28641,-22.90865],[-43.2861,-22.90921],[-43.28649,-22.90955],[-43.2871,-22.90908],[-43.28746,-22.90925],[-43.28713,-22.90987],[-43.28775,-22.91016],[-43.28832,-22.90952],[-43.28906,-22.90985],[-43.28953,-22.90906],[-43.29073,-22.90975],[-43.29107,-22.90941],[-43.29156,-22.90949],[-43.29181,-22.90902],[-43.29268,-22.90918],[-43.29288,-22.90978],[-43.29492,-22.91103],[-43.29519,-22.91132],[-43.29504,-22.91201],[-43.29413,-22.91301],[-43.29435,-22.91372],[-43.2943,-22.91426],[-43.2953,-22.91452],[-43.2958,-22.91447],[-43.29612,-22.91483],[-43.29586,-22.9158],[-43.29539,-22.91643],[-43.29527,-22.91705],[-43.29758,-22.92114],[-43.29659,-22.92134],[-43.295,-22.92144],[-43.29427,-22.92125],[-43.29276,-22.92124],[-43.29191,-22.92186],[-43.29112,-22.92192],[-43.28873,-22.92109],[-43.28547,-22.92109],[-43.28476,-22.92125],[-43.28373,-22.9212],[-43.28321,-22.92076],[-43.28237,-22.92057],[-43.28038,-22.92084],[-43.27973,-22.92128],[-43.27891,-22.92133],[-43.27808,-22.92071],[-43.2772,-22.92039]]]},"properties":{"codigo":"3304557052","name":"Lins de Vasconcelos","population":30910,"households":14130,"areaKm2":2.8658,"density":10785.7}},{"type":"Feature","geometry":{"type":"Polygon","coordinates":[[[-43.27891,-22.92133],[-43.27973,-22.92128],[-43.28038,-22.92084],[-43.28237,-22.92057],[-43.28321,-22.92076],[-43.28373,-22.9212],[-43.28476,-22.92125],[-43.28547,-22.92109],[-43.28873,-22.92109],[-43.29112,-22.92192],[-43.29191,-22.92186],[-43.29276,-22.92124],[-43.29427,-22.92125],[-43.295,-22.92144],[-43.29659,-22.92134],[-43.29758,-22.92114],[-43.29885,-22.92114],[-43.30093,-22.92101],[-43.30356,-22.91937],[-43.30424,-22.91916],[-43.30597,-22.91824],[-43.30798,-22.91727],[-43.3088,-22.91696],[-43.31071,-22.9165],[-43.31157,-22.91687],[-43.3135,-22.91644],[-43.31491,-22.91676],[-43.31659,-22.9179],[-43.31824,-22.91772],[-43.31935,-22.91749],[-43.32056,-22.91706],[-43.32288,-22.91912],[-43.32419,-22.91988],[-43.32668,-22.92298],[-43.3242,-22.92393],[-43.32479,-22.92419],[-43.32483,-22.92465],[-43.3242,-22.92518],[-43.32428,-22.92619],[-43.32468,-22.92676],[-43.32476,-22.92754],[-43.32418,-22.92773],[-43.32371,-22.92905],[-43.32383,-22.92943],[-43.32256,-22.92998],[-43.32504,-22.93065],[-43.32438,-22.93152],[-43.32517,-22.93223],[-43.32686,-22.93329],[-43.32661,-22.93357],[-43.32765,-22.93428],[-43.32719,-22.93472],[-43.32524,-22.93588],[-43.32455,-22.93658],[-43.32466,-22.93718],[-43.32543,-22.93734],[-43.32467,-22.93796],[-43.32521,-22.93934],[-43.32565,-22.9393],[-43.32631,-22.93974],[-43.32598,-22.94036],[-43.32742,-22.94102],[-43.328,-22.94071],[-43.32959,-22.94148],[-43.3294,-22.94183],[-43.33071,-22.9424],[-43.33109,-22.94172],[-43.3316,-22.94199],[-43.33111,-22.94293],[-43.3313,-22.94314],[-43.33113,-22.94387],[-43.33047,-22.94408],[-43.3311,-22.94474],[-43.33035,-22.9463],[-43.33081,-22.94663],[-43.33015,-22.94773],[-43.33011,-22.94841],[-43.32975,-22.94907],[-43.32902,-22.94982],[-43.32907,-22.95011],[-43.32826,-22.95061],[-43.32706,-22.95232],[-43.32702,-22.95325],[-43.32798,-22.95345],[-43.32858,-22.95437],[-43.32865,-22.95484],[-43.3294,-22.95633],[-43.32988,-22.95663],[-43.33035,-22.95753],[-43.33126,-22.95749],[-43.33167,-22.95884],[-43.33496,-22.95733],[-43.33573,-22.9573],[-43.33573,-22.95814],[-43.33536,-22.95806],[-43.33458,-22.96002],[-43.33435,-22.96105],[-43.33472,-22.96202],[-43.33488,-22.9641],[-43.33451,-22.96469],[-43.33562,-22.96494],[-43.33602,-22.96727],[-43.33611,-22.96849],[-43.33633,-22.96879],[-43.33694,-22.96816],[-43.33686,-22.96706],[-43.33782,-22.96727],[-43.3378,-22.96758],[-43.33827,-22.96898],[-43.33889,-22.97017],[-43.33989,-22.97109],[-43.3401,-22.97091],[-43.34123,-22.97112],[-43.34307,-22.97199],[-43.34421,-22.97204],[-43.3459,-22.9712],[-43.3465,-22.97065],[-43.34672,-22.97002],[-43.34663,-22.96932],[-43.34607,-22.96816],[-43.34757,-22.96691],[-43.34798,-22.9668],[-43.34582,-22.96372],[-43.34945,-22.96348],[-43.35127,-22.96319],[-43.35671,-22.96273],[-43.35675,-22.96256],[-43.35409,-22.95897],[-43.35466,-22.95905],[-43.35467,-22.95839],[-43.35663,-22.95843],[-43.35618,-22.95696],[-43.35622,-22.95658],[-43.35486,-22.95513],[-43.35472,-22.95459],[-43.35498,-22.95361],[-43.35479,-22.95305],[-43.35562,-22.95341],[-43.35734,-22.95364],[-43.35782,-22.95408],[-43.35863,-22.95352],[-43.35994,-22.95351],[-43.36179,-22.95218],[-43.36218,-22.95201],[-43.36421,-22.95198],[-43.36473,-22.9516],[-43.36554,-22.95162],[-43.36715,-22.95022],[-43.36856,-22.94811],[-43.36899,-22.94867],[-43.37151,-22.9487],[-43.37212,-22.94771],[-43.37258,-22.94762],[-43.3733,-22.9471],[-43.37396,-22.94761],[-43.37528,-22.94755],[-43.37534,-22.9482],[-43.37573,-22.94899],[-43.37678,-22.94928],[-43.37845,-22.95003],[-43.37866,-22.95057],[-43.37866,-22.9516],[-43.37888,-22.95243],[-43.37872,-22.95312],[-43.37832,-22.9536],[-43.37696,-22.9541],[-43.37667,-22.95481],[-43.38067,-22.95779],[-43.38123,-22.95807],[-43.39061,-22.96034],[-43.39108,-22.96031],[-43.39294,-22.96082],[-43.40343,-22.96333],[-43.40516,-22.96125],[-43.4053,-22.96061],[-43.40462,-22.95794],[-43.40411,-22.95716],[-43.40342,-22.95671],[-43.40295,-22.95665],[-43.40119,-22.95695],[-43.3997,-22.95733],[-43.39836,-22.95787],[-43.39765,-22.95796],[-43.39575,-22.95791],[-43.39481,-22.95732],[-43.3916,-22.95459],[-43.3911,-22.95358],[-43.39178,-22.95234],[-43.38988,-22.94658],[-43.3877,-22.94461],[-43.38485,-22.94278],[-43.38428,-22.94192],[-43.38462,-22.9418],[-43.38453,-22.94033],[-43.38465,-22.93942],[-43.38423,-22.93895],[-43.38336,-22.93835],[-43.38285,-22.93584],[-43.38394,-22.93571],[-43.38323,-22.93469],[-43.38342,-22.93402],[-43.38403,-22.93387],[-43.38518,-22.93402],[-43.38505,-22.93253],[-43.38554,-22.93242],[-43.38571,-22.9333],[-43.38602,-22.93327],[-43.38609,-22.9342],[-43.38629,-22.93461],[-43.38591,-22.93515],[-43.3893,-22.93377],[-43.38815,-22.93206],[-43.38834,-22.93156],[-43.39281,-22.92877],[-43.39287,-22.92835],[-43.39213,-22.92762],[-43.39162,-22.92662],[-43.39151,-22.92519],[-43.39066,-22.9251],[-43.39121,-22.92196],[-43.39184,-22.92037],[-43.39209,-22.9205],[-43.39286,-22.92014],[-43.39346,-22.91964],[-43.39412,-22.91937],[-43.39494,-22.9193],[-43.39597,-22.91789],[-43.39727,-22.9184],[-43.39751,-22.91817],[-43.39884,-22.91934],[-43.39928,-22.91929],[-43.399,-22.91852],[-43.39846,-22.91788],[-43.39929,-22.91747],[-43.40133,-22.91736],[-43.40233,-22.91746],[-43.40376,-22.91787],[-43.40386,-22.91832],[-43.40445,-22.91818],[-43.40488,-22.91852],[-43.4057,-22.91863],[-43.40696,-22.91905],[-43.40689,-22.91958],[-43.40816,-22.91968],[-43.40829,-22.91903],[-43.40976,-22.91879],[-43.41272,-22.9173],[-43.41473,-22.91661],[-43.41492,-22.91548],[-43.41558,-22.91501],[-43.41636,-22.91472],[-43.41702,-22.91479],[-43.41735,-22.9143],[-43.41618,-22.91361],[-43.41563,-22.91293],[-43.41563,-22.91185],[-43.41609,-22.91176],[-43.41619,-22.91238],[-43.41724,-22.91329],[-43.41823,-22.91349],[-43.41892,-22.91311],[-43.4197,-22.91217],[-43.42071,-22.91199],[-43.4207,-22.91137],[-43.42209,-22.91167],[-43.42312,-22.91222],[-43.42531,-22.91182],[-43.4264,-22.91069],[-43.4271,-22.91062],[-43.42793,-22.91021],[-43.42902,-22.90988],[-43.43048,-22.90868],[-43.43123,-22.90782],[-43.43311,-22.90813],[-43.43567,-22.90873],[-43.43692,-22.90883],[-43.43787,-22.90865],[-43.43997,-22.90913],[-43.4501,-22.91225],[-43.45167,-22.91357],[-43.45267,-22.9138],[-43.45442,-22.91437],[-43.45517,-22.91474],[-43.45618,-22.9146],[-43.45748,-22.91467],[-43.46045,-22.91513],[-43.46247,-22.9152],[-43.46387,-22.91512],[-43.46658,-22.91563],[-43.46763,-22.91633],[-43.46846,-22.91724],[-43.46906,-22.91868],[-43.46936,-22.92005],[-43.46857,-22.92209],[-43.46752,-22.9232],[-43.47081,-22.92586],[-43.47242,-22.92775],[-43.47288,-22.9317],[-43.47177,-22.93157],[-43.46991,-22.93418],[-43.46962,-22.93656],[-43.46488,-22.94083],[-43.4643,-22.94288],[-43.46511,-22.94502],[-43.46657,-22.94629],[-43.46408,-22.94697],[-43.45592,-22.94784],[-43.4459,-22.94517],[-43.44281,-22.94526],[-43.44195,-22.94557],[-43.44052,-22.94645],[-43.43854,-22.94708],[-43.43789,-22.94756],[-43.43706,-22.94751],[-43.43663,-22.94784],[-43.43624,-22.94866],[-43.43638,-22.9516],[-43.43651,-22.95261],[-43.43663,-22.95472],[-43.43691,-22.95521],[-43.4367,-22.95589],[-43.43467,-22.95678],[-43.43315,-22.95669],[-43.43123,-22.95694],[-43.42959,-22.95663],[-43.42844,-22.95696],[-43.42816,-22.95766],[-43.42815,-22.95908],[-43.42672,-22.96227],[-43.42604,-22.96317],[-43.426,-22.96395],[-43.4256,-22.96498],[-43.42561,-22.96561],[-43.42594,-22.96673],[-43.42551,-22.96745],[-43.42599,-22.96831],[-43.42501,-22.96892],[-43.42548,-22.9699],[-43.4246,-22.97054],[-43.42445,-22.97093],[-43.42356,-22.9717],[-43.42165,-22.97239],[-43.42111,-22.97303],[-43.42099,-22.9735],[-43.41973,-22.97363],[-43.41853,-22.97316],[-43.41785,-22.97315],[-43.41523,-22.97399],[-43.41459,-22.97483],[-43.41344,-22.97556],[-43.41344,-22.97589],[-43.41101,-22.9743],[-43.40983,-22.97373],[-43.4084,-22.97335],[-43.40577,-22.97522],[-43.40527,-22.97489],[-43.40315,-22.97257],[-43.40224,-22.97285],[-43.40095,-22.97284],[-43.40061,-22.97247],[-43.39923,-22.97249],[-43.39862,-22.97192],[-43.39487,-22.97195],[-43.39487,-22.97288],[-43.39458,-22.97289],[-43.39456,-22.97169],[-43.39441,-22.97099],[-43.39274,-22.97101],[-43.39266,-22.972],[-43.38909,-22.97201],[-43.38775,-22.97214],[-43.38708,-22.97283],[-43.38666,-22.97232],[-43.38605,-22.97294],[-43.38528,-22.97295],[-43.38523,-22.97206],[-43.38572,-22.97106],[-43.38495,-22.97079],[-43.38492,-22.9704],[-43.38092,-22.97042],[-43.3806,-22.97053],[-43.37943,-22.97304],[-43.37923,-22.97399],[-43.37824,-22.97459],[-43.37798,-22.97516],[-43.37707,-22.97563],[-43.3758,-22.97603],[-43.37444,-22.97748],[-43.37397,-22.97745],[-43.37282,-22.97641],[-43.37204,-22.97605],[-43.37121,-22.97595],[-43.37027,-22.97611],[-43.3692,-22.97563],[-43.36847,-22.97594],[-43.36693,-22.97612],[-43.36644,-22.97588],[-43.36514,-22.97594],[-43.36423,-22.97569],[-43.36278,-22.97585],[-43.36076,-22.97545],[-43.35879,-22.97547],[-43.35733,-22.97569],[-43.35657,-22.9762],[-43.35616,-22.9767],[-43.35559,-22.97819],[-43.35433,-22.97868],[-43.35296,-22.97871],[-43.34975,-22.97858],[-43.34812,-22.97857],[-43.34632,-22.9801],[-43.34544,-22.9814],[-43.3449,-22.9819],[-43.34424,-22.98149],[-43.34336,-22.98178],[-43.34276,-22.98135],[-43.34183,-22.98171],[-43.3409,-22.98096],[-43.34047,-22.9804],[-43.33856,-22.97898],[-43.33745,-22.97851],[-43.33626,-22.97775],[-43.33474,-22.97788],[-43.33347,-22.97713],[-43.33289,-22.9766],[-43.33118,-22.97554],[-43.3302,-22.97446],[-43.32888,-22.97353],[-43.32779,-22.97338],[-43.32672,-22.97377],[-43.32455,-22.97417],[-43.32262,-22.9743],[-43.32074,-22.97434],[-43.31968,-22.97409],[-43.31689,-22.97311],[-43.31609,-22.97301],[-43.31353,-22.97211],[-43.31238,-22.97148],[-43.31195,-22.97077],[-43.31043,-22.97031],[-43.30698,-22.96998],[-43.30446,-22.96928],[-43.30127,-22.9653],[-43.30109,-22.96385],[-43.30092,-22.9594],[-43.30025,-22.95848],[-43.30015,-22.9552],[-43.3007,-22.953],[-43.29974,-22.9507],[-43.29837,-22.94911],[-43.29509,-22.94745],[-43.29149,-22.94456],[-43.28657,-22.94377],[-43.28546,-22.94294],[-43.28521,-22.94168],[-43.28554,-22.93813],[-43.28667,-22.9364],[-43.28664,-22.93586],[-43.28576,-22.93501],[-43.28476,-22.93434],[-43.28159,-22.93272],[-43.28074,-22.93275],[-43.28015,-22.93175],[-43.2791,-22.93048],[-43.27821,-22.92842],[-43.27824,-22.92652],[-43.27915,-22.92505],[-43.27929,-22.92419],[-43.27871,-22.92329],[-43.27932,-22.92271],[-43.27891,-22.92133]]]},"properties":{"codigo":"3304557081","name":"Jacarepaguá","population":217462,"households":100465,"areaKm2":74.7999,"density":2907.2}},{"type":"Feature","geometry":{"type":"Polygon","coordinates":[[[-43.24513,-22.89627],[-43.24498,-22.89614],[-43.24843,-22.89101],[-43.24909,-22.8901],[-43.25056,-22.88862],[-43.25127,-22.8881],[-43.25179,-22.88835],[-43.2512,-22.89037],[-43.25141,-22.89037],[-43.25252,-22.89117],[-43.25271,-22.89086],[-43.25342,-22.89076],[-43.2541,-22.88955],[-43.2536,-22.88844],[-43.25374,-22.88763],[-43.25522,-22.88885],[-43.25657,-22.88902],[-43.25741,-22.88993],[-43.25818,-22.89045],[-43.25848,-22.89086],[-43.25978,-22.89022],[-43.26015,-22.88971],[-43.26121,-22.8905],[-43.26183,-22.89206],[-43.26176,-22.89354],[-43.26191,-22.89398],[-43.26361,-22.89319],[-43.26336,-22.89233],[-43.26472,-22.89271],[-43.26515,-22.89324],[-43.26553,-22.89316],[-43.26673,-22.8947],[-43.26678,-22.89561],[-43.26658,-22.89606],[-43.2664,-22.89626],[-43.26521,-22.8967],[-43.2646,-22.89675],[-43.26285,-22.89722],[-43.26335,-22.89777],[-43.26298,-22.89867],[-43.26195,-22.89741],[-43.26101,-22.89766],[-43.26116,-22.89703],[-43.26128,-22.89488],[-43.26106,-22.8944],[-43.26042,-22.89448],[-43.26036,-22.8939],[-43.25871,-22.89412],[-43.25726,-22.89455],[-43.25726,-22.89479],[-43.2556,-22.89489],[-43.25489,-22.8952],[-43.25379,-22.89533],[-43.25252,-22.89615],[-43.25216,-22.89582],[-43.25152,-22.89598],[-43.25099,-22.89536],[-43.25132,-22.89505],[-43.25108,-22.89439],[-43.24957,-22.89229],[-43.25046,-22.89163],[-43.24928,-22.89031],[-43.24699,-22.89366],[-43.24671,-22.89394],[-43.24595,-22.89527],[-43.24615,-22.89544],[-43.24513,-22.89627]]]},"properties":{"codigo":"3304557146","name":"Jacaré","population":8088,"households":3575,"areaKm2":0.9292,"density":8704.6}},{"type":"Feature","geometry":{"type":"Polygon","coordinates":[[[-43.40926,-22.88266],[-43.41054,-22.8827],[-43.41088,-22.8822],[-43.41206,-22.88168],[-43.41329,-22.88082],[-43.4138,-22.88088],[-43.41486,-22.87969],[-43.41542,-22.87943],[-43.41583,-22.87873],[-43.41717,-22.87864],[-43.41745,-22.87822],[-43.418,-22.8781],[-43.41837,-22.87836],[-43.41967,-22.87764],[-43.42021,-22.87796],[-43.42047,-22.87763],[-43.41843,-22.87576],[-43.41935,-22.87494],[-43.41917,-22.87391],[-43.41968,-22.87389],[-43.41977,-22.87326],[-43.41941,-22.87176],[-43.41967,-22.8709],[-43.41928,-22.87053],[-43.4193,-22.86899],[-43.41961,-22.86872],[-43.41925,-22.86758],[-43.4194,-22.86674],[-43.4167,-22.86693],[-43.41623,-22.86504],[-43.4155,-22.86405],[-43.41366,-22.86328],[-43.41191,-22.86353],[-43.41045,-22.86363],[-43.41132,-22.86206],[-43.41484,-22.86342],[-43.41535,-22.86268],[-43.41592,-22.86018],[-43.41562,-22.85972],[-43.41557,-22.85873],[-43.4162,-22.85567],[-43.41668,-22.8546],[-43.41726,-22.85402],[-43.41837,-22.85225],[-43.41838,-22.85191],[-43.41957,-22.84996],[-43.42014,-22.84968],[-43.42166,-22.84923],[-43.42236,-22.84874],[-43.42405,-22.84818],[-43.42503,-22.84731],[-43.42604,-22.84698],[-43.42655,-22.84679],[-43.42815,-22.84681],[-43.42882,-22.84659],[-43.43056,-22.84544],[-43.4312,-22.84435],[-43.43163,-22.84399],[-43.43246,-22.84371],[-43.43317,-22.84392],[-43.43388,-22.8439],[-43.43419,-22.84363],[-43.4345,-22.84285],[-43.43511,-22.84185],[-43.43514,-22.8408],[-43.43915,-22.84237],[-43.45798,-22.84899],[-43.45351,-22.85237],[-43.45041,-22.85479],[-43.45021,-22.85596],[-43.45019,-22.85633],[-43.44898,-22.85624],[-43.44893,-22.85804],[-43.44874,-22.85804],[-43.44863,-22.86071],[-43.44655,-22.86084],[-43.44621,-22.86192],[-43.44656,-22.86228],[-43.44696,-22.86352],[-43.44674,-22.86397],[-43.44773,-22.86517],[-43.44655,-22.86599],[-43.44563,-22.86639],[-43.44483,-22.86695],[-43.44507,-22.86719],[-43.44449,-22.86775],[-43.44382,-22.86771],[-43.44356,-22.86822],[-43.44291,-22.86844],[-43.44223,-22.8684],[-43.4418,-22.86897],[-43.4419,-22.87044],[-43.44208,-22.87152],[-43.44177,-22.87205],[-43.44193,-22.87342],[-43.44141,-22.8734],[-43.44138,-22.87449],[-43.44193,-22.87499],[-43.44557,-22.87505],[-43.4449,-22.87685],[-43.44423,-22.87719],[-43.44338,-22.8781],[-43.44353,-22.8783],[-43.44224,-22.87983],[-43.44151,-22.88031],[-43.44161,-22.88076],[-43.44,-22.88229],[-43.44042,-22.88275],[-43.43993,-22.88329],[-43.4403,-22.88421],[-43.44088,-22.88363],[-43.44129,-22.88406],[-43.43972,-22.88535],[-43.43986,-22.88596],[-43.442,-22.88798],[-43.44231,-22.88856],[-43.44356,-22.88976],[-43.44414,-22.88977],[-43.44563,-22.8912],[-43.44939,-22.89517],[-43.45045,-22.89643],[-43.45064,-22.89704],[-43.45139,-22.89824],[-43.45269,-22.89915],[-43.45327,-22.90014],[-43.4607,-22.90396],[-43.46148,-22.90422],[-43.46276,-22.9055],[-43.46383,-22.90802],[-43.46641,-22.91035],[-43.46751,-22.91148],[-43.46849,-22.91316],[-43.46951,-22.9142],[-43.47011,-22.91442],[-43.46763,-22.91633],[-43.46658,-22.91563],[-43.46387,-22.91512],[-43.46247,-22.9152],[-43.46045,-22.91513],[-43.45748,-22.91467],[-43.45618,-22.9146],[-43.45517,-22.91474],[-43.45442,-22.91437],[-43.45267,-22.9138],[-43.45167,-22.91357],[-43.4501,-22.91225],[-43.43997,-22.90913],[-43.43787,-22.90865],[-43.43692,-22.90883],[-43.43567,-22.90873],[-43.43311,-22.90813],[-43.43123,-22.90782],[-43.43048,-22.90868],[-43.42902,-22.90988],[-43.42793,-22.91021],[-43.4271,-22.91062],[-43.4264,-22.91069],[-43.42531,-22.91182],[-43.42312,-22.91222],[-43.42209,-22.91167],[-43.4207,-22.91137],[-43.42071,-22.91199],[-43.4197,-22.91217],[-43.41892,-22.91311],[-43.41823,-22.91349],[-43.41724,-22.91329],[-43.41619,-22.91238],[-43.41609,-22.91176],[-43.41563,-22.91185],[-43.41606,-22.91124],[-43.41902,-22.91015],[-43.41936,-22.90953],[-43.41889,-22.90878],[-43.4155,-22.90641],[-43.41509,-22.90496],[-43.41503,-22.90367],[-43.41645,-22.90259],[-43.41679,-22.902],[-43.41758,-22.9012],[-43.41756,-22.9007],[-43.41666,-22.9003],[-43.41564,-22.89964],[-43.41476,-22.8987],[-43.41403,-22.89823],[-43.41348,-22.8981],[-43.41295,-22.89737],[-43.41145,-22.89634],[-43.41039,-22.89503],[-43.4099,-22.89426],[-43.40875,-22.89286],[-43.4088,-22.89208],[-43.40828,-22.89077],[-43.4064,-22.88793],[-43.40595,-22.88613],[-43.40638,-22.88483],[-43.40559,-22.88446],[-43.40585,-22.88425],[-43.40831,-22.88324],[-43.40926,-22.88266]]]},"properties":{"codigo":"3304557097","name":"Realengo","population":167027,"households":73275,"areaKm2":26.0503,"density":6411.7}},{"type":"Feature","geometry":{"type":"Polygon","coordinates":[[[-43.28134,-22.88198],[-43.2817,-22.88125],[-43.28022,-22.88066],[-43.27855,-22.87962],[-43.27779,-22.87894],[-43.27677,-22.87739],[-43.27613,-22.87657],[-43.27439,-22.87579],[-43.27337,-22.87571],[-43.27242,-22.87546],[-43.26873,-22.87342],[-43.26787,-22.8729],[-43.26748,-22.87288],[-43.26824,-22.87251],[-43.26849,-22.872],[-43.26853,-22.87108],[-43.27078,-22.8703],[-43.27059,-22.86892],[-43.27061,-22.86829],[-43.26879,-22.86826],[-43.27003,-22.86709],[-43.27141,-22.86708],[-43.27199,-22.86691],[-43.27571,-22.86244],[-43.2771,-22.86337],[-43.27578,-22.8647],[-43.27583,-22.86557],[-43.27443,-22.86713],[-43.27482,-22.86744],[-43.27441,-22.86811],[-43.27528,-22.86894],[-43.27558,-22.86868],[-43.27789,-22.86767],[-43.28003,-22.86719],[-43.27978,-22.86668],[-43.27926,-22.86632],[-43.27999,-22.86574],[-43.2804,-22.86606],[-43.28141,-22.86524],[-43.28273,-22.86565],[-43.28319,-22.86535],[-43.28447,-22.86524],[-43.2853,-22.86536],[-43.28518,-22.86429],[-43.28537,-22.86323],[-43.28509,-22.86131],[-43.28461,-22.86074],[-43.28423,-22.86061],[-43.2844,-22.85982],[-43.28526,-22.85834],[-43.28608,-22.85866],[-43.28731,-22.85828],[-43.28745,-22.85875],[-43.28729,-22.85941],[-43.28763,-22.86022],[-43.28746,-22.86057],[-43.28785,-22.86634],[-43.28807,-22.86663],[-43.28898,-22.86682],[-43.28994,-22.86612],[-43.2905,-22.86613],[-43.29197,-22.8673],[-43.29318,-22.86798],[-43.29464,-22.86833],[-43.29461,-22.86889],[-43.29154,-22.8699],[-43.28932,-22.87108],[-43.28852,-22.87228],[-43.28921,-22.87292],[-43.28989,-22.87273],[-43.29093,-22.87312],[-43.29119,-22.8728],[-43.29382,-22.87339],[-43.29379,-22.87412],[-43.29149,-22.8764],[-43.29051,-22.8768],[-43.28949,-22.87776],[-43.28916,-22.87901],[-43.28942,-22.87925],[-43.28835,-22.88019],[-43.28749,-22.88078],[-43.28683,-22.88104],[-43.28681,-22.88182],[-43.28751,-22.88257],[-43.28858,-22.88292],[-43.28737,-22.8832],[-43.28595,-22.88303],[-43.28134,-22.88198]]]},"properties":{"codigo":"3304557149","name":"Inhaúma","population":37233,"households":16844,"areaKm2":3.429,"density":10858.3}},{"type":"Feature","geometry":{"type":"Polygon","coordinates":[[[-43.59536,-22.88942],[-43.59607,-22.88856],[-43.59703,-22.88839],[-43.59822,-22.88787],[-43.59807,-22.88765],[-43.59949,-22.88651],[-43.60145,-22.88604],[-43.6029,-22.88597],[-43.60507,-22.88606],[-43.60517,-22.88567],[-43.60587,-22.88499],[-43.60678,-22.88476],[-43.60703,-22.88539],[-43.60751,-22.885],[-43.60858,-22.88473],[-43.61069,-22.88512],[-43.61177,-22.88545],[-43.61382,-22.88558],[-43.61609,-22.88546],[-43.61622,-22.8857],[-43.61796,-22.88587],[-43.61839,-22.88562],[-43.61826,-22.88591],[-43.61889,-22.88689],[-43.61931,-22.88727],[-43.62147,-22.89094],[-43.6206,-22.89364],[-43.61932,-22.89808],[-43.62145,-22.89945],[-43.62256,-22.89967],[-43.62365,-22.90087],[-43.62438,-22.90081],[-43.62707,-22.90256],[-43.62643,-22.9036],[-43.6278,-22.90568],[-43.62713,-22.90725],[-43.62821,-22.90798],[-43.62867,-22.90891],[-43.62684,-22.91105],[-43.62771,-22.9117],[-43.62767,-22.91207],[-43.62693,-22.9129],[-43.62603,-22.91413],[-43.62659,-22.91479],[-43.629,-22.91528],[-43.62887,-22.91564],[-43.62525,-22.91488],[-43.62548,-22.91531],[-43.62497,-22.91641],[-43.62468,-22.91639],[-43.62452,-22.91815],[-43.62459,-22.91868],[-43.62434,-22.91973],[-43.62316,-22.91977],[-43.62096,-22.91949],[-43.62106,-22.921],[-43.62129,-22.92151],[-43.62111,-22.92208],[-43.62129,-22.92401],[-43.62148,-22.92448],[-43.62169,-22.9264],[-43.62159,-22.92693],[-43.62157,-22.92862],[-43.62169,-22.93061],[-43.62158,-22.93207],[-43.62166,-22.93621],[-43.6163,-22.93484],[-43.61465,-22.93468],[-43.60582,-22.93444],[-43.60605,-22.93244],[-43.60526,-22.93145],[-43.60572,-22.93088],[-43.60562,-22.93007],[-43.60481,-22.92852],[-43.60476,-22.92814],[-43.60538,-22.92746],[-43.6052,-22.92703],[-43.60591,-22.92538],[-43.60658,-22.92453],[-43.60627,-22.92387],[-43.60592,-22.9236],[-43.60643,-22.92261],[-43.60673,-22.92238],[-43.60673,-22.91929],[-43.60685,-22.91842],[-43.60684,-22.91496],[-43.60609,-22.9147],[-43.60603,-22.9138],[-43.60515,-22.91381],[-43.60505,-22.91305],[-43.60535,-22.91277],[-43.60615,-22.91273],[-43.60632,-22.91206],[-43.60609,-22.91112],[-43.60456,-22.91084],[-43.60484,-22.90987],[-43.60453,-22.90933],[-43.60439,-22.90729],[-43.60453,-22.90728],[-43.60426,-22.90429],[-43.60408,-22.90368],[-43.60289,-22.90444],[-43.60202,-22.90465],[-43.60154,-22.90137],[-43.59793,-22.90056],[-43.59807,-22.90018],[-43.59797,-22.89865],[-43.59764,-22.89837],[-43.59776,-22.89701],[-43.59741,-22.89364],[-43.59656,-22.89324],[-43.59643,-22.89147],[-43.59677,-22.89099],[-43.59588,-22.88972],[-43.59536,-22.88942]]]},"properties":{"codigo":"3304557105","name":"Cosmos","population":95484,"households":40925,"areaKm2":11.3371,"density":8422.2}},{"type":"Feature","geometry":{"type":"Polygon","coordinates":[[[-43.29967,-22.80602],[-43.30103,-22.80766],[-43.30236,-22.80892],[-43.30137,-22.81031],[-43.30122,-22.81103],[-43.30082,-22.81501],[-43.30098,-22.81549],[-43.30462,-22.81636],[-43.30567,-22.8167],[-43.30725,-22.81747],[-43.30972,-22.81902],[-43.31076,-22.81947],[-43.31233,-22.81982],[-43.31662,-22.81978],[-43.31646,-22.82043],[-43.31545,-22.82221],[-43.31361,-22.82573],[-43.31351,-22.82618],[-43.31228,-22.82572],[-43.31081,-22.82481],[-43.31044,-22.82442],[-43.30962,-22.82398],[-43.3089,-22.82389],[-43.30799,-22.82338],[-43.30788,-22.82361],[-43.30691,-22.82315],[-43.30677,-22.82258],[-43.30606,-22.82273],[-43.3055,-22.82246],[-43.30511,-22.82185],[-43.30463,-22.82231],[-43.30412,-22.82229],[-43.30384,-22.8219],[-43.30339,-22.82205],[-43.30126,-22.81959],[-43.30018,-22.82043],[-43.29871,-22.82024],[-43.29824,-22.82079],[-43.29718,-22.8202],[-43.29732,-22.82001],[-43.29643,-22.81929],[-43.29637,-22.81903],[-43.2956,-22.81852],[-43.29492,-22.81838],[-43.29322,-22.81612],[-43.29336,-22.81539],[-43.29409,-22.81443],[-43.29077,-22.81527],[-43.29065,-22.81504],[-43.28958,-22.81493],[-43.28814,-22.81395],[-43.28774,-22.81313],[-43.28848,-22.81037],[-43.28892,-22.81049],[-43.29017,-22.81041],[-43.29169,-22.80952],[-43.29375,-22.80809],[-43.2954,-22.80658],[-43.29652,-22.80614],[-43.29798,-22.80677],[-43.29885,-22.80669],[-43.29967,-22.80602]]]},"properties":{"codigo":"3304557044","name":"Parada de Lucas","population":22069,"households":11233,"areaKm2":2.2966,"density":9609.5}},{"type":"Feature","geometry":{"type":"Polygon","coordinates":[[[-43.36743,-22.90277],[-43.36681,-22.90274],[-43.36602,-22.90296],[-43.36611,-22.90406],[-43.367,-22.9049],[-43.36616,-22.90557],[-43.36611,-22.90673],[-43.36544,-22.9075],[-43.36501,-22.90756],[-43.36329,-22.90998],[-43.36284,-22.91017],[-43.36201,-22.91014],[-43.36201,-22.91124],[-43.36177,-22.91127],[-43.36185,-22.91231],[-43.35944,-22.91259],[-43.35955,-22.91196],[-43.359,-22.91147],[-43.35836,-22.91166],[-43.35846,-22.9124],[-43.35735,-22.91292],[-43.35653,-22.9127],[-43.3565,-22.9124],[-43.35506,-22.91206],[-43.35483,-22.91174],[-43.35514,-22.91128],[-43.35497,-22.91076],[-43.35155,-22.91087],[-43.35006,-22.91058],[-43.34937,-22.91013],[-43.34807,-22.90958],[-43.34688,-22.90949],[-43.34371,-22.90746],[-43.34129,-22.90766],[-43.34029,-22.90749],[-43.33924,-22.90651],[-43.33831,-22.90622],[-43.33554,-22.90427],[-43.33672,-22.90365],[-43.33682,-22.9031],[-43.33729,-22.90277],[-43.33799,-22.90157],[-43.33852,-22.90096],[-43.33888,-22.89979],[-43.33875,-22.89937],[-43.33918,-22.8984],[-43.33877,-22.89822],[-43.33815,-22.89692],[-43.33801,-22.89621],[-43.3386,-22.89545],[-43.33861,-22.89498],[-43.33819,-22.89417],[-43.33868,-22.89351],[-43.33993,-22.89253],[-43.34003,-22.89202],[-43.3395,-22.89092],[-43.33944,-22.89029],[-43.33972,-22.88984],[-43.34353,-22.88979],[-43.34413,-22.88928],[-43.34439,-22.88944],[-43.34681,-22.88819],[-43.34648,-22.88759],[-43.35121,-22.88505],[-43.35302,-22.88417],[-43.35443,-22.88441],[-43.35563,-22.88374],[-43.35576,-22.88333],[-43.35646,-22.88341],[-43.35637,-22.884],[-43.35524,-22.88458],[-43.35453,-22.88624],[-43.35478,-22.8866],[-43.3542,-22.8869],[-43.35486,-22.88765],[-43.35527,-22.88833],[-43.35586,-22.88807],[-43.35574,-22.88902],[-43.35625,-22.88919],[-43.35696,-22.89021],[-43.35762,-22.89151],[-43.35783,-22.89139],[-43.35876,-22.89209],[-43.3591,-22.89176],[-43.35871,-22.89139],[-43.35923,-22.89109],[-43.3609,-22.89303],[-43.36128,-22.89297],[-43.36189,-22.89362],[-43.36192,-22.89555],[-43.36246,-22.89592],[-43.36285,-22.89539],[-43.36622,-22.89652],[-43.36722,-22.89667],[-43.36739,-22.89713],[-43.36848,-22.89748],[-43.36881,-22.89802],[-43.36901,-22.90013],[-43.36869,-22.90139],[-43.36874,-22.90177],[-43.36743,-22.90277]]]},"properties":{"codigo":"3304557090","name":"Praça Seca","population":63158,"households":30105,"areaKm2":6.5365,"density":9662.4}},{"type":"Feature","geometry":{"type":"MultiPolygon","coordinates":[[[[-43.62867,-23.00643],[-43.62778,-23.0066],[-43.62724,-23.0071],[-43.62541,-23.00818],[-43.62427,-23.00854],[-43.62292,-23.00787],[-43.62216,-23.00899],[-43.62198,-23.00953],[-43.6213,-23.01066],[-43.6203,-23.01166],[-43.61898,-23.01281],[-43.61828,-23.01377],[-43.61779,-23.0142],[-43.6174,-23.01489],[-43.61557,-23.01623],[-43.6141,-23.01763],[-43.61172,-23.01906],[-43.60927,-23.02041],[-43.60838,-23.02083],[-43.60729,-23.02158],[-43.60651,-23.02165],[-43.60522,-23.0221],[-43.60372,-23.02197],[-43.60267,-23.02199],[-43.60171,-23.02232],[-43.59956,-23.02288],[-43.59919,-23.02354],[-43.59945,-23.02396],[-43.59935,-23.02465],[-43.59774,-23.02772],[-43.59662,-23.02941],[-43.5953,-23.03121],[-43.59426,-23.03239],[-43.59188,-23.03404],[-43.59074,-23.03464],[-43.59015,-23.03467],[-43.58941,-23.03506],[-43.58806,-23.03521],[-43.58661,-23.0349],[-43.58538,-23.03519],[-43.58335,-23.03661],[-43.58175,-23.03798],[-43.58077,-23.03862],[-43.57966,-23.03963],[-43.57831,-23.04166],[-43.57772,-23.04242],[-43.57779,-23.04335],[-43.57717,-23.04365],[-43.57744,-23.04428],[-43.57821,-23.04435],[-43.57864,-23.04506],[-43.57807,-23.04561],[-43.57748,-23.04586],[-43.57622,-23.0461],[-43.57355,-23.04724],[-43.57251,-23.04813],[-43.57184,-23.049],[-43.57057,-23.04958],[-43.56979,-23.04962],[-43.56937,-23.04991],[-43.56903,-23.05044],[-43.568,-23.05085],[-43.56587,-23.05113],[-43.56472,-23.05118],[-43.56415,-23.05164],[-43.56375,-23.05268],[-43.56351,-23.0529],[-43.56237,-23.05316],[-43.56259,-23.05398],[-43.56255,-23.05526],[-43.56283,-23.05689],[-43.56251,-23.05699],[-43.5616,-23.05815],[-43.56099,-23.05771],[-43.56021,-23.05683],[-43.5563,-23.05342],[-43.55615,-23.05304],[-43.55478,-23.05197],[-43.55471,-23.05106],[-43.55336,-23.05087],[-43.55308,-23.05023],[-43.55314,-23.04894],[-43.55287,-23.04892],[-43.55316,-23.04621],[-43.55349,-23.04602],[-43.55412,-23.04473],[-43.55784,-23.04117],[-43.55823,-23.04074],[-43.56265,-23.0344],[-43.56389,-23.03308],[-43.56444,-23.03139],[-43.56394,-23.03004],[-43.56335,-23.02939],[-43.56285,-23.02847],[-43.56297,-23.02793],[-43.56427,-23.0267],[-43.56432,-23.02638],[-43.56349,-23.0255],[-43.56325,-23.02479],[-43.56247,-23.02509],[-43.56058,-23.02378],[-43.5593,-23.02336],[-43.55706,-23.02383],[-43.5565,-23.02423],[-43.55523,-23.02383],[-43.55515,-23.02456],[-43.5539,-23.02456],[-43.55392,-23.02377],[-43.55275,-23.02355],[-43.55189,-23.02369],[-43.55155,-23.02462],[-43.54992,-23.02453],[-43.54997,-23.02388],[-43.54952,-23.02345],[-43.54845,-23.02276],[-43.5479,-23.02321],[-43.54722,-23.02238],[-43.5468,-23.02151],[-43.54672,-23.02089],[-43.54613,-23.02018],[-43.5466,-23.01978],[-43.5456,-23.01939],[-43.54718,-23.01793],[-43.54654,-23.01739],[-43.54566,-23.01805],[-43.5454,-23.01761],[-43.54477,-23.01802],[-43.54392,-23.01633],[-43.5453,-23.01562],[-43.54446,-23.01481],[-43.54423,-23.01363],[-43.54348,-23.01396],[-43.54301,-23.01251],[-43.54205,-23.01183],[-43.54148,-23.01172],[-43.54209,-23.01089],[-43.54188,-23.01056],[-43.54051,-23.01161],[-43.53944,-23.01291],[-43.53893,-23.01334],[-43.53602,-23.01364],[-43.53492,-23.01353],[-43.53153,-23.01289],[-43.53071,-23.01243],[-43.53029,-23.01142],[-43.53084,-23.01042],[-43.5307,-23.00971],[-43.52995,-23.00922],[-43.52846,-23.00875],[-43.52761,-23.00818],[-43.52704,-23.00813],[-43.52571,-23.00873],[-43.5253,-23.00875],[-43.52408,-23.0082],[-43.52231,-23.0079],[-43.52204,-23.00775],[-43.52171,-23.0068],[-43.52226,-23.0051],[-43.52308,-23.00391],[-43.52315,-23.00217],[-43.52254,-23.00066],[-43.52091,-22.99898],[-43.52093,-22.99867],[-43.52169,-22.99778],[-43.52232,-22.99632],[-43.52214,-22.99502],[-43.52164,-22.99397],[-43.51955,-22.99292],[-43.51915,-22.99164],[-43.5193,-22.9909],[-43.52044,-22.99001],[-43.52089,-22.98805],[-43.51954,-22.9854],[-43.52006,-22.98385],[-43.51951,-22.98339],[-43.51919,-22.9804],[-43.51939,-22.97724],[-43.51822,-22.97577],[-43.51634,-22.97468],[-43.51631,-22.97417],[-43.51732,-22.9728],[-43.51737,-22.97175],[-43.51854,-22.96975],[-43.52091,-22.96765],[-43.51834,-22.96483],[-43.51782,-22.96469],[-43.51756,-22.96408],[-43.51806,-22.96278],[-43.51795,-22.95951],[-43.5187,-22.95721],[-43.51783,-22.95587],[-43.51734,-22.95454],[-43.51761,-22.95354],[-43.51747,-22.95267],[-43.53135,-22.94592],[-43.53553,-22.94362],[-43.53854,-22.94229],[-43.54196,-22.94384],[-43.54379,-22.94504],[-43.54557,-22.9464],[-43.54706,-22.94728],[-43.54836,-22.9478],[-43.54851,-22.94763],[-43.54985,-22.9483],[-43.55268,-22.94926],[-43.55396,-22.9495],[-43.55497,-22.94996],[-43.55534,-22.94965],[-43.55762,-22.94936],[-43.55881,-22.94934],[-43.55982,-22.94972],[-43.56143,-22.94969],[-43.56177,-22.94942],[-43.56137,-22.94742],[-43.56134,-22.94425],[-43.56155,-22.9439],[-43.56251,-22.94392],[-43.56253,-22.94228],[-43.56222,-22.94161],[-43.56498,-22.94133],[-43.56473,-22.94067],[-43.56693,-22.94001],[-43.56798,-22.93962],[-43.56848,-22.94049],[-43.5687,-22.94127],[-43.56928,-22.94172],[-43.56988,-22.94283],[-43.571,-22.94534],[-43.57291,-22.94651],[-43.57517,-22.94683],[-43.57539,-22.94705],[-43.57664,-22.94724],[-43.57736,-22.94665],[-43.57709,-22.94567],[-43.57673,-22.94571],[-43.57684,-22.9447],[-43.5776,-22.94454],[-43.57752,-22.94304],[-43.57797,-22.94221],[-43.57802,-22.94047],[-43.57863,-22.94009],[-43.57863,-22.9391],[-43.57881,-22.93774],[-43.57815,-22.93729],[-43.57857,-22.93645],[-43.57812,-22.93566],[-43.57823,-22.93513],[-43.57795,-22.93445],[-43.57805,-22.93391],[-43.5779,-22.9319],[-43.5785,-22.93154],[-43.58013,-22.93176],[-43.58186,-22.93229],[-43.58648,-22.93224],[-43.58706,-22.93327],[-43.58769,-22.93334],[-43.58929,-22.93436],[-43.59072,-22.93484],[-43.59245,-22.93559],[-43.5941,-22.93543],[-43.59808,-22.93531],[-43.60377,-22.93395],[-43.60582,-22.93444],[-43.61465,-22.93468],[-43.61339,-22.93617],[-43.61335,-22.93774],[-43.61359,-22.93885],[-43.61407,-22.942],[-43.6147,-22.94223],[-43.61596,-22.94328],[-43.6167,-22.9443],[-43.6169,-22.945],[-43.61702,-22.94631],[-43.61774,-22.9466],[-43.61906,-22.94744],[-43.61971,-22.94812],[-43.62074,-22.94879],[-43.62152,-22.94913],[-43.62316,-22.94945],[-43.62546,-22.95029],[-43.62577,-22.95086],[-43.62626,-22.95111],[-43.62877,-22.95156],[-43.63131,-22.95246],[-43.63225,-22.95306],[-43.63317,-22.95396],[-43.63427,-22.95419],[-43.63562,-22.9547],[-43.63597,-22.9552],[-43.63692,-22.95549],[-43.63791,-22.95613],[-43.6421,-22.9559],[-43.64338,-22.95683],[-43.64473,-22.95716],[-43.64835,-22.95494],[-43.64942,-22.9544],[-43.64933,-22.9535],[-43.6506,-22.9544],[-43.65177,-22.95453],[-43.65228,-22.95525],[-43.65437,-22.95495],[-43.65561,-22.95564],[-43.65771,-22.95693],[-43.65921,-22.95897],[-43.662,-22.96216],[-43.66254,-22.96293],[-43.66275,-22.96352],[-43.66396,-22.96549],[-43.66477,-22.96617],[-43.66495,-22.96731],[-43.66606,-22.96812],[-43.66732,-22.96852],[-43.66817,-22.96935],[-43.66986,-22.9701],[-43.67079,-22.97034],[-43.67161,-22.97102],[-43.67507,-22.97146],[-43.67591,-22.97182],[-43.67618,-22.97257],[-43.67545,-22.9758],[-43.67474,-22.97669],[-43.67417,-22.97927],[-43.67431,-22.98031],[-43.6741,-22.98072],[-43.67357,-22.98073],[-43.67162,-22.98162],[-43.66973,-22.98274],[-43.66898,-22.98333],[-43.66593,-22.98533],[-43.66396,-22.98686],[-43.65897,-22.99164],[-43.65747,-22.99328],[-43.65671,-22.9945],[-43.65528,-22.99742],[-43.65497,-22.99774],[-43.65538,-22.99828],[-43.65423,-23.00004],[-43.65297,-23.00008],[-43.6527,-23.00052],[-43.65247,-22.99969],[-43.6512,-22.99804],[-43.65135,-22.99768],[-43.6507,-22.99688],[-43.65035,-22.99544],[-43.65092,-22.99473],[-43.65095,-22.99382],[-43.65056,-22.99377],[-43.65011,-22.99318],[-43.64744,-22.99233],[-43.64673,-22.992],[-43.64495,-22.99203],[-43.64451,-22.99177],[-43.64334,-22.99202],[-43.64234,-22.99184],[-43.64161,-22.99033],[-43.64082,-22.98992],[-43.64062,-22.99027],[-43.63999,-22.98982],[-43.63861,-22.98918],[-43.63798,-22.98915],[-43.63761,-22.99017],[-43.63703,-22.99037],[-43.63641,-22.99138],[-43.63445,-22.99214],[-43.63429,-22.99189],[-43.63332,-22.99157],[-43.63359,-22.99064],[-43.63317,-22.99025],[-43.63176,-22.98994],[-43.63102,-22.99087],[-43.63042,-22.99075],[-43.63086,-22.98943],[-43.63031,-22.9893],[-43.62988,-22.98963],[-43.62933,-22.98951],[-43.62929,-22.99182],[-43.62921,-22.99251],[-43.62872,-22.99289],[-43.62833,-22.99275],[-43.62783,-22.99359],[-43.62786,-22.99416],[-43.62738,-22.9942],[-43.62728,-22.99491],[-43.62692,-22.99545],[-43.62649,-22.99704],[-43.62611,-22.99734],[-43.62663,-22.99789],[-43.62688,-22.99938],[-43.62656,-22.99951],[-43.62704,-23.00138],[-43.62677,-23.00169],[-43.62687,-23.00224],[-43.62728,-23.00237],[-43.62763,-23.00297],[-43.62783,-23.00405],[-43.62724,-23.00423],[-43.62746,-23.00471],[-43.62796,-23.00481],[-43.62867,-23.00643]]],[[[-43.58209,-23.05465],[-43.58068,-23.055],[-43.5769,-23.05631],[-43.57464,-23.0578],[-43.57394,-23.05803],[-43.57211,-23.05906],[-43.57001,-23.06082],[-43.5693,-23.06133],[-43.56775,-23.06309],[-43.56696,-23.063],[-43.56634,-23.06178],[-43.56662,-23.06103],[-43.56759,-23.06052],[-43.56827,-23.05936],[-43.56734,-23.05794],[-43.56654,-23.05792],[-43.56593,-23.05754],[-43.5661,-23.05717],[-43.566,-23.05608],[-43.56646,-23.05485],[-43.56756,-23.05398],[-43.56929,-23.05337],[-43.57065,-23.05255],[-43.57141,-23.0523],[-43.57301,-23.05135],[-43.57464,-23.04988],[-43.57531,-23.04963],[-43.57624,-23.04869],[-43.57695,-23.04814],[-43.57846,-23.04747],[-43.58013,-23.04738],[-43.58254,-23.0468],[-43.58479,-23.04589],[-43.58614,-23.0456],[-43.58755,-23.04448],[-43.58837,-23.04323],[-43.58899,-23.04288],[-43.59013,-23.04273],[-43.59302,-23.04292],[-43.59499,-23.04228],[-43.59569,-23.04225],[-43.59855,-23.0411],[-43.59912,-23.04103],[-43.60094,-23.04053],[-43.60299,-23.03951],[-43.60398,-23.03871],[-43.60476,-23.03697],[-43.60499,-23.03475],[-43.6058,-23.03381],[-43.60663,-23.03329],[-43.60819,-23.03264],[-43.60964,-23.03227],[-43.61189,-23.03202],[-43.61302,-23.03157],[-43.61401,-23.03098],[-43.61457,-23.03099],[-43.61564,-23.03165],[-43.6183,-23.03245],[-43.61953,-23.03291],[-43.62285,-23.03328],[-43.62315,-23.03338],[-43.62613,-23.03353],[-43.62922,-23.03346],[-43.63093,-23.03369],[-43.63149,-23.03395],[-43.63301,-23.03431],[-43.63503,-23.03457],[-43.63796,-23.03545],[-43.63947,-23.03561],[-43.64086,-23.03609],[-43.64101,-23.03586],[-43.64309,-23.03589],[-43.64606,-23.03683],[-43.64755,-23.037],[-43.64903,-23.03745],[-43.65075,-23.03766],[-43.6521,-23.03818],[-43.65305,-23.03838],[-43.65402,-23.03878],[-43.65453,-23.03863],[-43.65571,-23.03901],[-43.65657,-23.03914],[-43.6581,-23.03995],[-43.65913,-23.03991],[-43.65939,-23.04044],[-43.6607,-23.04094],[-43.66246,-23.04132],[-43.66282,-23.04093],[-43.6637,-23.04074],[-43.6649,-23.04134],[-43.66503,-23.04183],[-43.66664,-23.04257],[-43.6678,-23.05306],[-43.6581,-23.05235],[-43.65151,-23.05169],[-43.64428,-23.05112],[-43.63675,-23.05055],[-43.63036,-23.05027],[-43.62474,-23.05019],[-43.61833,-23.05028],[-43.61184,-23.05026],[-43.60849,-23.05036],[-43.60608,-23.05051],[-43.60414,-23.05081],[-43.59908,-23.05124],[-43.59615,-23.05175],[-43.59255,-23.05229],[-43.59007,-23.05283],[-43.58682,-23.05334],[-43.58443,-23.0539],[-43.58209,-23.05465]]],[[[-43.60405,-23.03136],[-43.60454,-23.0307],[-43.60548,-23.03024],[-43.60761,-23.02963],[-43.60958,-23.02952],[-43.61164,-23.03019],[-43.61158,-23.03102],[-43.61103,-23.03119],[-43.60959,-23.03108],[-43.60848,-23.03125],[-43.60668,-23.03206],[-43.60529,-23.03316],[-43.60498,-23.03314],[-43.60406,-23.0317],[-43.60405,-23.03136]]],[[[-43.57795,-23.04279],[-43.57801,-23.04247],[-43.57876,-23.04143],[-43.57909,-23.04071],[-43.58064,-23.03906],[-43.58228,-23.03781],[-43.58352,-23.03676],[-43.5849,-23.03574],[-43.58575,-23.0353],[-43.58745,-23.03529],[-43.58827,-23.03579],[-43.58671,-23.03727],[-43.58579,-23.03762],[-43.58385,-23.03772],[-43.58261,-23.03832],[-43.58145,-23.03906],[-43.58044,-23.04039],[-43.58004,-23.04229],[-43.57952,-23.04314],[-43.57921,-23.04448],[-43.57851,-23.04404],[-43.57776,-23.04406],[-43.57798,-23.04338],[-43.57795,-23.04279]]],[[[-43.60311,-23.02895],[-43.60265,-23.02891],[-43.60027,-23.02749],[-43.6005,-23.02694],[-43.60154,-23.02647],[-43.60247,-23.02628],[-43.60347,-23.02645],[-43.60447,-23.02707],[-43.60457,-23.02739],[-43.60366,-23.02875],[-43.60311,-23.02895]]],[[[-43.59701,-23.03115],[-43.59918,-23.02817],[-43.5997,-23.02768],[-43.6004,-23.02767],[-43.6023,-23.02888],[-43.60322,-23.02902],[-43.60379,-23.0288],[-43.60402,-23.0291],[-43.6029,-23.0318],[-43.60268,-23.0331],[-43.60287,-23.03388],[-43.60281,-23.03465],[-43.60311,-23.03541],[-43.60331,-23.03646],[-43.60331,-23.03726],[-43.603,-23.03819],[-43.60228,-23.03904],[-43.60064,-23.03966],[-43.59709,-23.04028],[-43.59503,-23.04051],[-43.59307,-23.04017],[-43.59144,-23.04023],[-43.58965,-23.04066],[-43.58688,-23.04182],[-43.58583,-23.04236],[-43.58505,-23.04313],[-43.58303,-23.04455],[-43.58189,-23.04554],[-43.58051,-23.04607],[-43.57935,-23.04617],[-43.57848,-23.04609],[-43.57927,-23.04542],[-43.57993,-23.04456],[-43.58008,-23.04357],[-43.58075,-23.04173],[-43.58085,-23.04037],[-43.58141,-23.0398],[-43.58341,-23.03838],[-43.58437,-23.03815],[-43.58577,-23.03802],[-43.58668,-23.0377],[-43.588,-23.0368],[-43.58931,-23.03577],[-43.59147,-23.03486],[-43.5936,-23.03385],[-43.59561,-23.03252],[-43.59701,-23.03115]]],[[[-43.5832,-23.04546],[-43.58287,-23.04519],[-43.58362,-23.04438],[-43.58461,-23.04411],[-43.58409,-23.04504],[-43.5832,-23.04546]]],[[[-43.58861,-23.04266],[-43.58859,-23.04223],[-43.58935,-23.04169],[-43.59049,-23.04141],[-43.59166,-23.04133],[-43.59333,-23.0416],[-43.59417,-23.04207],[-43.59347,-23.04248],[-43.59251,-23.04269],[-43.58951,-23.04249],[-43.58861,-23.04266]]],[[[-43.5857,-23.04482],[-43.58576,-23.04436],[-43.58648,-23.04293],[-43.58774,-23.04221],[-43.58833,-23.04218],[-43.58839,-23.04265],[-43.58742,-23.04355],[-43.58684,-23.04437],[-43.5857,-23.04482]]],[[[-43.57048,-23.04963],[-43.57078,-23.04978],[-43.57011,-23.05047],[-43.56927,-23.05049],[-43.56938,-23.04995],[-43.56998,-23.04964],[-43.57048,-23.04963]]],[[[-43.56547,-23.05155],[-43.56822,-23.0511],[-43.56906,-23.05078],[-43.56946,-23.05106],[-43.56889,-23.05158],[-43.56802,-23.05196],[-43.56629,-23.05254],[-43.56447,-23.0523],[-43.56474,-23.05152],[-43.56547,-23.05155]]],[[[-43.56598,-23.05807],[-43.56702,-23.05798],[-43.56736,-23.05813],[-43.56769,-23.05927],[-43.56721,-23.0596],[-43.56598,-23.05807]]],[[[-43.56528,-23.05815],[-43.56492,-23.05718],[-43.56502,-23.05598],[-43.56562,-23.05555],[-43.56583,-23.05666],[-43.56579,-23.05721],[-43.56528,-23.05815]]],[[[-43.56328,-23.05484],[-43.5634,-23.054],[-43.56426,-23.05335],[-43.56521,-23.05332],[-43.56423,-23.05443],[-43.56328,-23.05484]]],[[[-43.56367,-23.05913],[-43.56345,-23.05836],[-43.56294,-23.0581],[-43.56344,-23.05731],[-43.56388,-23.05782],[-43.56398,-23.05878],[-43.56367,-23.05913]]]]},"properties":{"codigo":"3304557142","name":"Guaratiba","population":159888,"households":74688,"areaKm2":136.0701,"density":1175}},{"type":"Feature","geometry":{"type":"Polygon","coordinates":[[[-43.48242,-22.83043],[-43.4834,-22.83163],[-43.48174,-22.83745],[-43.48219,-22.83753],[-43.48196,-22.83883],[-43.48152,-22.83904],[-43.4878,-22.84639],[-43.48757,-22.84822],[-43.48738,-22.84872],[-43.48598,-22.8498],[-43.48465,-22.84836],[-43.48357,-22.84686],[-43.48259,-22.84793],[-43.48064,-22.84938],[-43.48011,-22.84873],[-43.47943,-22.84917],[-43.47977,-22.84995],[-43.47958,-22.85018],[-43.47875,-22.84991],[-43.47783,-22.85019],[-43.47756,-22.85095],[-43.47745,-22.85186],[-43.4785,-22.85265],[-43.47783,-22.85325],[-43.47673,-22.854],[-43.47621,-22.85377],[-43.47573,-22.85402],[-43.47511,-22.85368],[-43.47491,-22.85328],[-43.47509,-22.85233],[-43.47551,-22.85184],[-43.47567,-22.8505],[-43.47546,-22.84969],[-43.4758,-22.84864],[-43.47589,-22.84768],[-43.47556,-22.8475],[-43.47039,-22.84567],[-43.47115,-22.84259],[-43.47098,-22.84195],[-43.47054,-22.84125],[-43.46975,-22.84061],[-43.46939,-22.84052],[-43.47607,-22.83532],[-43.48242,-22.83043]]]},"properties":{"codigo":"3304557160","name":"Gericinó","population":23130,"households":1128,"areaKm2":2.207,"density":10480.5}},{"type":"Feature","geometry":{"type":"Polygon","coordinates":[[[-43.28848,-22.81037],[-43.28774,-22.81313],[-43.28814,-22.81395],[-43.28958,-22.81493],[-43.29065,-22.81504],[-43.29077,-22.81527],[-43.29409,-22.81443],[-43.29336,-22.81539],[-43.29322,-22.81612],[-43.29492,-22.81838],[-43.2956,-22.81852],[-43.29637,-22.81903],[-43.29643,-22.81929],[-43.29732,-22.82001],[-43.29718,-22.8202],[-43.29824,-22.82079],[-43.29871,-22.82024],[-43.30018,-22.82043],[-43.30126,-22.81959],[-43.30339,-22.82205],[-43.30384,-22.8219],[-43.30412,-22.82229],[-43.30463,-22.82231],[-43.30511,-22.82185],[-43.3055,-22.82246],[-43.30606,-22.82273],[-43.30677,-22.82258],[-43.30691,-22.82315],[-43.30788,-22.82361],[-43.30799,-22.82338],[-43.3089,-22.82389],[-43.30962,-22.82398],[-43.31044,-22.82442],[-43.31081,-22.82481],[-43.31228,-22.82572],[-43.31351,-22.82618],[-43.31294,-22.83027],[-43.30811,-22.83173],[-43.3082,-22.83134],[-43.30757,-22.83074],[-43.30709,-22.8297],[-43.30606,-22.82914],[-43.30564,-22.82925],[-43.30494,-22.83027],[-43.30211,-22.82968],[-43.30083,-22.8289],[-43.30095,-22.82867],[-43.30002,-22.82826],[-43.2998,-22.82861],[-43.29911,-22.82826],[-43.29913,-22.82777],[-43.29791,-22.82705],[-43.29719,-22.82675],[-43.29658,-22.82674],[-43.29581,-22.82594],[-43.29513,-22.82554],[-43.29407,-22.82822],[-43.2934,-22.82761],[-43.293,-22.8277],[-43.29226,-22.82696],[-43.29197,-22.82733],[-43.29087,-22.82656],[-43.29005,-22.8258],[-43.28994,-22.8251],[-43.28952,-22.82447],[-43.28959,-22.82357],[-43.29005,-22.82316],[-43.28976,-22.82269],[-43.29034,-22.82228],[-43.28973,-22.82185],[-43.28767,-22.82108],[-43.28724,-22.82076],[-43.28518,-22.81852],[-43.28303,-22.81596],[-43.28046,-22.8135],[-43.27953,-22.81299],[-43.27339,-22.81049],[-43.27354,-22.81015],[-43.27283,-22.80983],[-43.27572,-22.80798],[-43.27639,-22.80767],[-43.27784,-22.80737],[-43.27909,-22.8074],[-43.28905,-22.80791],[-43.28848,-22.81037]]]},"properties":{"codigo":"3304557043","name":"Cordovil","population":34668,"households":16721,"areaKm2":3.514,"density":9865.7}},{"type":"Feature","geometry":{"type":"Polygon","coordinates":[[[-43.31359,-22.87939],[-43.31274,-22.88023],[-43.31294,-22.88061],[-43.31151,-22.88149],[-43.31134,-22.88325],[-43.31006,-22.88413],[-43.31089,-22.88566],[-43.31121,-22.88573],[-43.31141,-22.88646],[-43.3111,-22.88662],[-43.31171,-22.88743],[-43.31215,-22.88741],[-43.31238,-22.88787],[-43.3133,-22.8883],[-43.31327,-22.88914],[-43.31359,-22.89037],[-43.31391,-22.89107],[-43.31422,-22.89112],[-43.31438,-22.89184],[-43.31415,-22.89216],[-43.31546,-22.89365],[-43.3165,-22.89462],[-43.31737,-22.89462],[-43.31771,-22.89602],[-43.3173,-22.89635],[-43.31704,-22.89712],[-43.31787,-22.89782],[-43.31826,-22.89854],[-43.31859,-22.89872],[-43.3203,-22.89915],[-43.32135,-22.89923],[-43.32173,-22.89952],[-43.32367,-22.90159],[-43.32379,-22.90276],[-43.32443,-22.90405],[-43.32617,-22.90487],[-43.32657,-22.90562],[-43.32667,-22.90634],[-43.32504,-22.90949],[-43.3238,-22.91017],[-43.32309,-22.91073],[-43.32237,-22.90999],[-43.32159,-22.9096],[-43.32094,-22.90947],[-43.31937,-22.90869],[-43.31801,-22.90825],[-43.3176,-22.90884],[-43.31655,-22.90945],[-43.31556,-22.90899],[-43.31516,-22.90826],[-43.31603,-22.9078],[-43.31567,-22.90685],[-43.31524,-22.90699],[-43.31483,-22.90588],[-43.31515,-22.90526],[-43.31495,-22.90463],[-43.31495,-22.90384],[-43.31332,-22.90443],[-43.31286,-22.90431],[-43.31198,-22.90455],[-43.31104,-22.90561],[-43.31046,-22.90558],[-43.30953,-22.90279],[-43.30903,-22.90163],[-43.30834,-22.89929],[-43.30872,-22.89885],[-43.30832,-22.89837],[-43.30804,-22.89751],[-43.30753,-22.89673],[-43.30799,-22.89627],[-43.30765,-22.89568],[-43.30772,-22.89481],[-43.30673,-22.89549],[-43.30528,-22.89574],[-43.30466,-22.89605],[-43.30426,-22.89543],[-43.30542,-22.89471],[-43.30472,-22.89356],[-43.30638,-22.89268],[-43.30544,-22.89166],[-43.30554,-22.89128],[-43.30435,-22.89054],[-43.30349,-22.89056],[-43.30333,-22.89004],[-43.30239,-22.8901],[-43.30228,-22.89068],[-43.30162,-22.8906],[-43.30184,-22.88908],[-43.30131,-22.88874],[-43.30109,-22.88827],[-43.30224,-22.88681],[-43.30275,-22.88603],[-43.30272,-22.88546],[-43.30397,-22.88262],[-43.30362,-22.88241],[-43.30384,-22.88157],[-43.30306,-22.88119],[-43.30253,-22.88018],[-43.30245,-22.87966],[-43.30225,-22.87913],[-43.30262,-22.87854],[-43.30335,-22.87869],[-43.30362,-22.87804],[-43.30342,-22.8775],[-43.30347,-22.8767],[-43.30477,-22.87632],[-43.306,-22.87582],[-43.30635,-22.87554],[-43.30761,-22.87529],[-43.30836,-22.87494],[-43.30842,-22.8754],[-43.30909,-22.87528],[-43.30927,-22.87491],[-43.30967,-22.87482],[-43.31034,-22.87523],[-43.31165,-22.8763],[-43.31091,-22.87714],[-43.31108,-22.87815],[-43.31271,-22.87856],[-43.31359,-22.87939]]]},"properties":{"codigo":"3304557059","name":"Piedade","population":38181,"households":19523,"areaKm2":3.9666,"density":9625.7}},{"type":"Feature","geometry":{"type":"Polygon","coordinates":[[[-43.49006,-22.81551],[-43.5218,-22.82255],[-43.52227,-22.82263],[-43.52279,-22.82295],[-43.5237,-22.82396],[-43.52506,-22.82446],[-43.52523,-22.82495],[-43.52609,-22.82588],[-43.52635,-22.8264],[-43.52746,-22.82925],[-43.52716,-22.83073],[-43.52456,-22.83643],[-43.5222,-22.83801],[-43.52091,-22.83913],[-43.52038,-22.84004],[-43.51998,-22.84202],[-43.5193,-22.84357],[-43.51877,-22.84349],[-43.51863,-22.84446],[-43.51929,-22.84613],[-43.51916,-22.84664],[-43.51954,-22.84701],[-43.51956,-22.84804],[-43.51942,-22.84855],[-43.51861,-22.84835],[-43.51807,-22.84912],[-43.51511,-22.85227],[-43.51458,-22.86047],[-43.51479,-22.86078],[-43.51443,-22.86275],[-43.51391,-22.86251],[-43.51246,-22.86286],[-43.51203,-22.86342],[-43.51144,-22.86318],[-43.51131,-22.86374],[-43.51156,-22.86402],[-43.51097,-22.86477],[-43.51101,-22.86583],[-43.51046,-22.86654],[-43.50958,-22.86662],[-43.50951,-22.86724],[-43.50867,-22.86788],[-43.50897,-22.8682],[-43.50846,-22.86904],[-43.50878,-22.86929],[-43.50678,-22.86821],[-43.50413,-22.86751],[-43.50257,-22.86738],[-43.50149,-22.86667],[-43.50039,-22.8662],[-43.49775,-22.86462],[-43.49581,-22.86459],[-43.49355,-22.86519],[-43.49065,-22.86546],[-43.48847,-22.86458],[-43.48735,-22.86457],[-43.48619,-22.86603],[-43.48567,-22.86713],[-43.48545,-22.86708],[-43.48502,-22.86868],[-43.48514,-22.8689],[-43.48456,-22.87073],[-43.48276,-22.87031],[-43.48233,-22.87089],[-43.48219,-22.8753],[-43.48233,-22.87572],[-43.47896,-22.87564],[-43.47944,-22.87626],[-43.48158,-22.87628],[-43.48181,-22.87875],[-43.48152,-22.87969],[-43.48166,-22.88083],[-43.4815,-22.88121],[-43.48196,-22.88163],[-43.48168,-22.88209],[-43.48181,-22.88294],[-43.48106,-22.88576],[-43.48,-22.88776],[-43.47991,-22.88833],[-43.4789,-22.8919],[-43.47914,-22.89256],[-43.47987,-22.89274],[-43.47995,-22.89312],[-43.47935,-22.89532],[-43.47969,-22.89706],[-43.48008,-22.89833],[-43.4788,-22.89924],[-43.47775,-22.90056],[-43.47721,-22.90155],[-43.47681,-22.90502],[-43.47692,-22.9068],[-43.47643,-22.90942],[-43.47472,-22.91098],[-43.47367,-22.91267],[-43.47198,-22.91386],[-43.47011,-22.91442],[-43.46951,-22.9142],[-43.46849,-22.91316],[-43.46751,-22.91148],[-43.46641,-22.91035],[-43.46383,-22.90802],[-43.46276,-22.9055],[-43.46148,-22.90422],[-43.45615,-22.89532],[-43.45558,-22.89444],[-43.45576,-22.89413],[-43.45457,-22.89309],[-43.45429,-22.89251],[-43.45423,-22.89155],[-43.4545,-22.89104],[-43.45421,-22.89056],[-43.45444,-22.88944],[-43.45403,-22.88839],[-43.45413,-22.88757],[-43.45582,-22.8858],[-43.45508,-22.88519],[-43.45229,-22.88511],[-43.45156,-22.8847],[-43.4523,-22.88248],[-43.45272,-22.88266],[-43.45596,-22.88279],[-43.45598,-22.88124],[-43.4554,-22.88114],[-43.4554,-22.88015],[-43.45597,-22.88015],[-43.45598,-22.8791],[-43.45559,-22.879],[-43.45562,-22.87675],[-43.456,-22.87601],[-43.45545,-22.87493],[-43.45553,-22.87168],[-43.45375,-22.87172],[-43.45265,-22.87191],[-43.45216,-22.87163],[-43.45179,-22.87195],[-43.45115,-22.87167],[-43.44946,-22.87174],[-43.44942,-22.87149],[-43.45037,-22.87021],[-43.44992,-22.86985],[-43.45019,-22.86922],[-43.45078,-22.86924],[-43.4513,-22.86856],[-43.45081,-22.86839],[-43.45373,-22.86448],[-43.45419,-22.86416],[-43.45494,-22.86309],[-43.45411,-22.86259],[-43.45404,-22.86133],[-43.45382,-22.86052],[-43.45475,-22.86036],[-43.45462,-22.86002],[-43.45522,-22.85941],[-43.45614,-22.85876],[-43.45522,-22.85808],[-43.45457,-22.85844],[-43.45419,-22.85807],[-43.455,-22.85725],[-43.45502,-22.85687],[-43.45337,-22.85674],[-43.45228,-22.85593],[-43.45082,-22.85579],[-43.45021,-22.85596],[-43.45041,-22.85479],[-43.45351,-22.85237],[-43.45798,-22.84899],[-43.45813,-22.84904],[-43.46324,-22.845],[-43.46922,-22.84041],[-43.46939,-22.84052],[-43.46975,-22.84061],[-43.47054,-22.84125],[-43.47098,-22.84195],[-43.47115,-22.84259],[-43.47039,-22.84567],[-43.47556,-22.8475],[-43.47589,-22.84768],[-43.4758,-22.84864],[-43.47546,-22.84969],[-43.47567,-22.8505],[-43.47551,-22.85184],[-43.47509,-22.85233],[-43.47491,-22.85328],[-43.47511,-22.85368],[-43.47573,-22.85402],[-43.47621,-22.85377],[-43.47673,-22.854],[-43.47783,-22.85325],[-43.4785,-22.85265],[-43.47745,-22.85186],[-43.47756,-22.85095],[-43.47783,-22.85019],[-43.47875,-22.84991],[-43.47958,-22.85018],[-43.47977,-22.84995],[-43.47943,-22.84917],[-43.48011,-22.84873],[-43.48064,-22.84938],[-43.48259,-22.84793],[-43.48357,-22.84686],[-43.48465,-22.84836],[-43.48598,-22.8498],[-43.48738,-22.84872],[-43.48757,-22.84822],[-43.4878,-22.84639],[-43.48152,-22.83904],[-43.48196,-22.83883],[-43.48219,-22.83753],[-43.48174,-22.83745],[-43.4834,-22.83163],[-43.48242,-22.83043],[-43.48849,-22.81858],[-43.49006,-22.81551]],[[-43.48795,-22.86234],[-43.48839,-22.86036],[-43.48876,-22.86056],[-43.49314,-22.86149],[-43.49361,-22.86094],[-43.49504,-22.85681],[-43.49513,-22.85611],[-43.49602,-22.8534],[-43.49422,-22.85299],[-43.49481,-22.85066],[-43.49149,-22.84994],[-43.49128,-22.85075],[-43.49022,-22.85051],[-43.48939,-22.85375],[-43.48733,-22.85343],[-43.48567,-22.85286],[-43.48446,-22.8529],[-43.48361,-22.85264],[-43.48287,-22.85372],[-43.48239,-22.85396],[-43.4813,-22.85415],[-43.48023,-22.85504],[-43.47938,-22.85543],[-43.47917,-22.85633],[-43.4794,-22.85695],[-43.47993,-22.857],[-43.48023,-22.85804],[-43.48271,-22.85884],[-43.48467,-22.8591],[-43.48452,-22.85977],[-43.48256,-22.85948],[-43.47954,-22.85853],[-43.47957,-22.85999],[-43.47978,-22.86042],[-43.48086,-22.86103],[-43.48235,-22.86126],[-43.48328,-22.86181],[-43.48382,-22.86193],[-43.48486,-22.86173],[-43.48615,-22.86235],[-43.48795,-22.86234]]]},"properties":{"codigo":"3304557099","name":"Bangu","population":209302,"households":87387,"areaKm2":36.3956,"density":5750.7}},{"type":"Feature","geometry":{"type":"Polygon","coordinates":[[[-43.30109,-22.88827],[-43.30079,-22.88822],[-43.30073,-22.88931],[-43.30042,-22.88967],[-43.30094,-22.89123],[-43.30052,-22.89134],[-43.29818,-22.89016],[-43.29757,-22.89124],[-43.29736,-22.89152],[-43.29665,-22.89111],[-43.2968,-22.89084],[-43.29518,-22.88998],[-43.29428,-22.8905],[-43.29457,-22.88889],[-43.29521,-22.88867],[-43.29601,-22.88767],[-43.29571,-22.88752],[-43.29523,-22.88809],[-43.29459,-22.88755],[-43.29562,-22.88597],[-43.29646,-22.88529],[-43.29696,-22.88511],[-43.29735,-22.88422],[-43.29743,-22.88359],[-43.29793,-22.88268],[-43.29823,-22.88278],[-43.29868,-22.88226],[-43.29943,-22.88229],[-43.29939,-22.88177],[-43.30008,-22.87995],[-43.3012,-22.88058],[-43.30178,-22.87992],[-43.30055,-22.87904],[-43.30074,-22.87887],[-43.30198,-22.87972],[-43.30245,-22.87966],[-43.30253,-22.88018],[-43.30306,-22.88119],[-43.30384,-22.88157],[-43.30362,-22.88241],[-43.30397,-22.88262],[-43.30272,-22.88546],[-43.30275,-22.88603],[-43.30224,-22.88681],[-43.30109,-22.88827]]]},"properties":{"codigo":"3304557060","name":"Abolição","population":9196,"households":4780,"areaKm2":0.6829,"density":13466.2}},{"type":"Feature","geometry":{"type":"Polygon","coordinates":[[[-43.20031,-22.79992],[-43.20068,-22.79926],[-43.2012,-22.79945],[-43.20149,-22.79874],[-43.20097,-22.79859],[-43.20158,-22.79801],[-43.20204,-22.79692],[-43.20187,-22.79612],[-43.2025,-22.79457],[-43.20323,-22.79483],[-43.20413,-22.79541],[-43.20543,-22.79552],[-43.20714,-22.79492],[-43.20755,-22.79493],[-43.20913,-22.79341],[-43.20921,-22.79316],[-43.21018,-22.79223],[-43.21043,-22.79219],[-43.21056,-22.79232],[-43.21098,-22.7949],[-43.21151,-22.79754],[-43.21142,-22.79757],[-43.21209,-22.80151],[-43.21274,-22.80636],[-43.21115,-22.80624],[-43.20966,-22.8063],[-43.20881,-22.80571],[-43.20847,-22.80578],[-43.20719,-22.80547],[-43.20584,-22.80456],[-43.20519,-22.80475],[-43.20408,-22.80446],[-43.20412,-22.8042],[-43.20448,-22.804],[-43.20143,-22.80063],[-43.20031,-22.79992]]]},"properties":{"codigo":"3304557121","name":"Portuguesa","population":19831,"households":9061,"areaKm2":1.1982,"density":16550.2}},{"type":"Feature","geometry":{"type":"MultiPolygon","coordinates":[[[[-43.62166,-22.93621],[-43.62279,-22.93733],[-43.62652,-22.93914],[-43.62717,-22.9392],[-43.62964,-22.93975],[-43.63048,-22.93962],[-43.63168,-22.93828],[-43.63289,-22.9375],[-43.6337,-22.93741],[-43.63368,-22.93687],[-43.63436,-22.93661],[-43.63475,-22.93586],[-43.6351,-22.93574],[-43.63608,-22.9344],[-43.63644,-22.93483],[-43.63703,-22.9346],[-43.63798,-22.93367],[-43.63959,-22.93187],[-43.63933,-22.93172],[-43.64024,-22.93062],[-43.64172,-22.92904],[-43.64298,-22.92741],[-43.64242,-22.92668],[-43.64258,-22.92614],[-43.6439,-22.92447],[-43.64459,-22.92396],[-43.64612,-22.92386],[-43.64719,-22.92261],[-43.64845,-22.92156],[-43.65106,-22.92119],[-43.6515,-22.92087],[-43.65137,-22.91984],[-43.651,-22.91971],[-43.65097,-22.91864],[-43.65173,-22.91856],[-43.65188,-22.9174],[-43.6524,-22.91632],[-43.65203,-22.91581],[-43.65335,-22.91501],[-43.65437,-22.91421],[-43.65636,-22.91292],[-43.65743,-22.91209],[-43.66067,-22.91105],[-43.66044,-22.9105],[-43.66174,-22.90944],[-43.66087,-22.9089],[-43.65999,-22.90872],[-43.65815,-22.90746],[-43.65803,-22.90694],[-43.65614,-22.90533],[-43.65584,-22.90485],[-43.65487,-22.90438],[-43.65248,-22.90465],[-43.65256,-22.90564],[-43.64938,-22.90527],[-43.64805,-22.89316],[-43.65341,-22.89351],[-43.65298,-22.89],[-43.65305,-22.88963],[-43.65477,-22.88756],[-43.65534,-22.88739],[-43.64731,-22.88488],[-43.64394,-22.88393],[-43.64394,-22.88278],[-43.64339,-22.88259],[-43.64345,-22.88094],[-43.64384,-22.88093],[-43.64383,-22.88023],[-43.64264,-22.88026],[-43.64261,-22.87987],[-43.64376,-22.87981],[-43.64349,-22.87913],[-43.64365,-22.87836],[-43.64337,-22.87743],[-43.64626,-22.8782],[-43.64733,-22.87809],[-43.64849,-22.87779],[-43.64962,-22.87772],[-43.65285,-22.87789],[-43.65312,-22.87546],[-43.65358,-22.87501],[-43.65396,-22.87539],[-43.65317,-22.87818],[-43.65468,-22.87893],[-43.65544,-22.87869],[-43.6557,-22.87893],[-43.65649,-22.87889],[-43.65734,-22.87928],[-43.65967,-22.88008],[-43.65976,-22.88054],[-43.66085,-22.88058],[-43.66252,-22.88177],[-43.66397,-22.88299],[-43.66357,-22.88104],[-43.6642,-22.88115],[-43.66448,-22.88061],[-43.66443,-22.87981],[-43.6649,-22.87911],[-43.6654,-22.87677],[-43.66532,-22.87649],[-43.66292,-22.87431],[-43.66167,-22.8736],[-43.66115,-22.87317],[-43.65972,-22.87298],[-43.65881,-22.87238],[-43.6584,-22.87166],[-43.66117,-22.86774],[-43.66296,-22.86713],[-43.66339,-22.86732],[-43.66354,-22.86811],[-43.66666,-22.86778],[-43.66627,-22.86513],[-43.66849,-22.86506],[-43.67,-22.86525],[-43.67127,-22.86469],[-43.6726,-22.86391],[-43.67336,-22.86393],[-43.67372,-22.86478],[-43.67427,-22.86457],[-43.67539,-22.86526],[-43.67619,-22.86495],[-43.67698,-22.86551],[-43.67736,-22.8652],[-43.67749,-22.86446],[-43.67795,-22.86404],[-43.67851,-22.86402],[-43.68013,-22.86364],[-43.68105,-22.86268],[-43.68208,-22.86345],[-43.68441,-22.86438],[-43.68535,-22.86408],[-43.68681,-22.86437],[-43.68779,-22.86444],[-43.68901,-22.86471],[-43.68972,-22.86524],[-43.69152,-22.86484],[-43.6925,-22.86428],[-43.69598,-22.86471],[-43.69738,-22.86474],[-43.70027,-22.86565],[-43.70113,-22.866],[-43.70197,-22.86708],[-43.70328,-22.86789],[-43.70408,-22.86812],[-43.70534,-22.86819],[-43.70652,-22.86861],[-43.70703,-22.86861],[-43.70793,-22.86804],[-43.70926,-22.86754],[-43.71033,-22.86695],[-43.71138,-22.86676],[-43.71237,-22.86713],[-43.71348,-22.86821],[-43.71446,-22.86884],[-43.71537,-22.87109],[-43.71577,-22.87124],[-43.7176,-22.87249],[-43.71878,-22.87264],[-43.72096,-22.87223],[-43.72209,-22.87229],[-43.72336,-22.87264],[-43.7251,-22.87255],[-43.72689,-22.87304],[-43.72746,-22.8733],[-43.73347,-22.87784],[-43.73435,-22.87833],[-43.73599,-22.87812],[-43.74111,-22.87713],[-43.74566,-22.87742],[-43.74672,-22.87762],[-43.74774,-22.87816],[-43.74823,-22.87793],[-43.74921,-22.87842],[-43.75,-22.87899],[-43.7516,-22.87985],[-43.75201,-22.88019],[-43.75226,-22.88091],[-43.75175,-22.88298],[-43.75174,-22.88332],[-43.7512,-22.88564],[-43.75095,-22.88637],[-43.75072,-22.88776],[-43.75081,-22.88805],[-43.75162,-22.88874],[-43.7535,-22.88917],[-43.75409,-22.88947],[-43.7554,-22.88978],[-43.75616,-22.89029],[-43.75883,-22.89149],[-43.76385,-22.89406],[-43.76594,-22.89506],[-43.76767,-22.8954],[-43.768,-22.89511],[-43.7691,-22.89475],[-43.76909,-22.8935],[-43.77166,-22.89315],[-43.7732,-22.8925],[-43.7746,-22.89272],[-43.77516,-22.8958],[-43.77828,-22.89618],[-43.77856,-22.89605],[-43.77874,-22.89531],[-43.77908,-22.8948],[-43.78005,-22.89467],[-43.78066,-22.89512],[-43.78106,-22.89605],[-43.7816,-22.89675],[-43.78171,-22.89762],[-43.78139,-22.89874],[-43.78177,-22.89941],[-43.78265,-22.90021],[-43.78344,-22.89969],[-43.78387,-22.89966],[-43.78435,-22.90023],[-43.78419,-22.90082],[-43.78375,-22.90128],[-43.78371,-22.90221],[-43.78469,-22.90398],[-43.78534,-22.90392],[-43.78561,-22.90342],[-43.78576,-22.90203],[-43.78631,-22.90136],[-43.78708,-22.90087],[-43.78835,-22.90061],[-43.78893,-22.90096],[-43.78989,-22.90358],[-43.79158,-22.90301],[-43.79304,-22.90287],[-43.79443,-22.90329],[-43.7951,-22.90381],[-43.79537,-22.90472],[-43.79553,-22.906],[-43.79501,-22.90753],[-43.79445,-22.90797],[-43.79379,-22.90807],[-43.79313,-22.90792],[-43.79225,-22.90831],[-43.79205,-22.90898],[-43.79224,-22.90986],[-43.7922,-22.91061],[-43.79135,-22.91171],[-43.79115,-22.91215],[-43.79102,-22.91353],[-43.79075,-22.91433],[-43.79128,-22.91453],[-43.79521,-22.91655],[-43.79603,-22.91708],[-43.79524,-22.91763],[-43.7961,-22.91911],[-43.79577,-22.91953],[-43.79505,-22.91917],[-43.79482,-22.91992],[-43.79455,-22.92002],[-43.79403,-22.921],[-43.79339,-22.92181],[-43.7926,-22.9223],[-43.79209,-22.92229],[-43.79107,-22.92344],[-43.79039,-22.92447],[-43.78996,-22.9257],[-43.78971,-22.92581],[-43.7882,-22.92503],[-43.78783,-22.92466],[-43.78686,-22.92464],[-43.78433,-22.92427],[-43.78094,-22.92701],[-43.78125,-22.92787],[-43.78102,-22.92828],[-43.78027,-22.92887],[-43.77949,-22.92895],[-43.77843,-22.92982],[-43.77566,-22.93183],[-43.77404,-22.93276],[-43.77315,-22.9331],[-43.77245,-22.93311],[-43.77105,-22.93274],[-43.76936,-22.93276],[-43.76839,-22.93264],[-43.76803,-22.93297],[-43.76843,-22.93337],[-43.7679,-22.93457],[-43.76675,-22.93559],[-43.76563,-22.93629],[-43.76399,-22.93704],[-43.76022,-22.9385],[-43.75758,-22.93977],[-43.75456,-22.94135],[-43.75004,-22.94423],[-43.74842,-22.94557],[-43.7472,-22.946],[-43.74628,-22.94589],[-43.74525,-22.9465],[-43.74505,-22.94702],[-43.74411,-22.94843],[-43.74113,-22.95087],[-43.73338,-22.95569],[-43.73158,-22.95791],[-43.72927,-22.95911],[-43.72644,-22.95978],[-43.72465,-22.9607],[-43.72158,-22.96379],[-43.72042,-22.96566],[-43.71883,-22.96663],[-43.71817,-22.96626],[-43.71674,-22.96576],[-43.71562,-22.96566],[-43.71423,-22.96572],[-43.70922,-22.9641],[-43.70848,-22.96374],[-43.70803,-22.9632],[-43.70735,-22.96203],[-43.7056,-22.95815],[-43.70409,-22.95592],[-43.69831,-22.94956],[-43.69495,-22.94648],[-43.69492,-22.9456],[-43.69433,-22.94576],[-43.69323,-22.9463],[-43.68637,-22.94713],[-43.68575,-22.94738],[-43.68456,-22.94659],[-43.68382,-22.94715],[-43.68425,-22.94778],[-43.68394,-22.94842],[-43.68287,-22.94779],[-43.68278,-22.94832],[-43.6832,-22.9486],[-43.68207,-22.94896],[-43.68111,-22.94974],[-43.68076,-22.95031],[-43.6815,-22.9517],[-43.68137,-22.95201],[-43.68265,-22.95382],[-43.68329,-22.95406],[-43.68215,-22.95455],[-43.68262,-22.95484],[-43.6844,-22.95405],[-43.68492,-22.95433],[-43.68461,-22.95497],[-43.68568,-22.95552],[-43.68211,-22.95873],[-43.68159,-22.95924],[-43.6829,-22.95942],[-43.68355,-22.95997],[-43.684,-22.96072],[-43.68511,-22.96147],[-43.68732,-22.96211],[-43.6879,-22.96285],[-43.68406,-22.96449],[-43.67971,-22.9664],[-43.67491,-22.96855],[-43.67079,-22.97034],[-43.66986,-22.9701],[-43.66817,-22.96935],[-43.66732,-22.96852],[-43.66606,-22.96812],[-43.66495,-22.96731],[-43.66477,-22.96617],[-43.66396,-22.96549],[-43.66275,-22.96352],[-43.66254,-22.96293],[-43.662,-22.96216],[-43.65921,-22.95897],[-43.65771,-22.95693],[-43.65561,-22.95564],[-43.65437,-22.95495],[-43.65228,-22.95525],[-43.65177,-22.95453],[-43.6506,-22.9544],[-43.64933,-22.9535],[-43.64942,-22.9544],[-43.64835,-22.95494],[-43.64473,-22.95716],[-43.64338,-22.95683],[-43.6421,-22.9559],[-43.63791,-22.95613],[-43.63692,-22.95549],[-43.63597,-22.9552],[-43.63562,-22.9547],[-43.63427,-22.95419],[-43.63317,-22.95396],[-43.63225,-22.95306],[-43.63131,-22.95246],[-43.62877,-22.95156],[-43.62626,-22.95111],[-43.62577,-22.95086],[-43.62546,-22.95029],[-43.62316,-22.94945],[-43.62152,-22.94913],[-43.62074,-22.94879],[-43.61971,-22.94812],[-43.61906,-22.94744],[-43.61774,-22.9466],[-43.61702,-22.94631],[-43.6169,-22.945],[-43.6167,-22.9443],[-43.61596,-22.94328],[-43.6147,-22.94223],[-43.61407,-22.942],[-43.61359,-22.93885],[-43.61335,-22.93774],[-43.61339,-22.93617],[-43.61465,-22.93468],[-43.6163,-22.93484],[-43.62166,-22.93621]]],[[[-43.7854,-22.92887],[-43.78388,-22.92797],[-43.78358,-22.92714],[-43.78329,-22.92572],[-43.78428,-22.92537],[-43.78569,-22.92571],[-43.78689,-22.92643],[-43.78652,-22.92761],[-43.78658,-22.92791],[-43.78587,-22.92891],[-43.7854,-22.92887]]]]},"properties":{"codigo":"3304557107","name":"Santa Cruz","population":249130,"households":112836,"areaKm2":124.8786,"density":1995}},{"type":"Feature","geometry":{"type":"Polygon","coordinates":[[[-43.30127,-22.9653],[-43.30446,-22.96928],[-43.30698,-22.96998],[-43.31043,-22.97031],[-43.31195,-22.97077],[-43.31238,-22.97148],[-43.31353,-22.97211],[-43.31609,-22.97301],[-43.31689,-22.97311],[-43.31968,-22.97409],[-43.32074,-22.97434],[-43.32262,-22.9743],[-43.32455,-22.97417],[-43.32672,-22.97377],[-43.32779,-22.97338],[-43.32888,-22.97353],[-43.3302,-22.97446],[-43.33118,-22.97554],[-43.33289,-22.9766],[-43.33347,-22.97713],[-43.33474,-22.97788],[-43.33626,-22.97775],[-43.33745,-22.97851],[-43.33856,-22.97898],[-43.34047,-22.9804],[-43.3409,-22.98096],[-43.34183,-22.98171],[-43.34165,-22.98256],[-43.34075,-22.98265],[-43.34126,-22.98323],[-43.34064,-22.98405],[-43.34057,-22.98446],[-43.34003,-22.98473],[-43.33943,-22.98473],[-43.33817,-22.98572],[-43.33771,-22.98694],[-43.33682,-22.9875],[-43.33576,-22.98758],[-43.33506,-22.98735],[-43.33365,-22.98811],[-43.33422,-22.9894],[-43.33398,-22.9903],[-43.33359,-22.99068],[-43.33205,-22.99042],[-43.33092,-22.98969],[-43.33024,-22.98944],[-43.32955,-22.98947],[-43.32783,-22.99022],[-43.32691,-22.99003],[-43.3258,-22.99015],[-43.32445,-22.99097],[-43.3232,-22.99145],[-43.32297,-22.99183],[-43.32222,-22.99206],[-43.322,-22.99271],[-43.32208,-22.99368],[-43.32157,-22.99471],[-43.32167,-22.99509],[-43.32093,-22.99555],[-43.32082,-22.99707],[-43.32038,-22.99781],[-43.31989,-22.99808],[-43.31912,-22.99798],[-43.31832,-22.99831],[-43.31777,-22.99794],[-43.31667,-22.99837],[-43.31565,-22.99898],[-43.31418,-22.99944],[-43.31313,-22.99927],[-43.31294,-22.99879],[-43.31233,-22.99986],[-43.31129,-23.0006],[-43.30895,-23.0009],[-43.30806,-23.00075],[-43.30632,-23.00069],[-43.30591,-23.00078],[-43.30544,-23.00134],[-43.3054,-23.00209],[-43.30488,-23.00286],[-43.30492,-23.00364],[-43.30438,-23.00555],[-43.30411,-23.00562],[-43.30223,-23.00541],[-43.30121,-23.00474],[-43.30082,-23.00354],[-43.30018,-23.00196],[-43.29855,-22.99976],[-43.29563,-22.99766],[-43.29092,-22.99716],[-43.28469,-22.99745],[-43.28469,-22.99654],[-43.28535,-22.9953],[-43.28498,-22.99245],[-43.28421,-22.99014],[-43.28286,-22.98913],[-43.28271,-22.98794],[-43.28519,-22.98776],[-43.2866,-22.98556],[-43.29003,-22.98176],[-43.29229,-22.97943],[-43.29308,-22.97989],[-43.29428,-22.97974],[-43.29435,-22.97939],[-43.29529,-22.97907],[-43.29628,-22.97907],[-43.29678,-22.97947],[-43.29721,-22.97915],[-43.29655,-22.97817],[-43.29553,-22.97809],[-43.29499,-22.97782],[-43.29416,-22.97683],[-43.2935,-22.97547],[-43.29404,-22.97543],[-43.29424,-22.97611],[-43.29515,-22.97658],[-43.29604,-22.97651],[-43.29702,-22.97518],[-43.29752,-22.97514],[-43.29813,-22.97426],[-43.29891,-22.974],[-43.29929,-22.97424],[-43.29953,-22.97491],[-43.2999,-22.97496],[-43.30127,-22.9653]]]},"properties":{"codigo":"3304557130","name":"Itanhangá","population":68537,"households":31074,"areaKm2":13.2492,"density":5172.9}},{"type":"Feature","geometry":{"type":"Polygon","coordinates":[[[-43.33296,-22.90579],[-43.33132,-22.90645],[-43.33037,-22.90769],[-43.32963,-22.90896],[-43.32881,-22.91136],[-43.32871,-22.91273],[-43.32594,-22.91128],[-43.32413,-22.91079],[-43.32309,-22.91073],[-43.3238,-22.91017],[-43.32504,-22.90949],[-43.32667,-22.90634],[-43.32657,-22.90562],[-43.32617,-22.90487],[-43.32443,-22.90405],[-43.32379,-22.90276],[-43.32367,-22.90159],[-43.32173,-22.89952],[-43.32135,-22.89923],[-43.3203,-22.89915],[-43.31859,-22.89872],[-43.31826,-22.89854],[-43.31787,-22.89782],[-43.31704,-22.89712],[-43.3173,-22.89635],[-43.31771,-22.89602],[-43.31737,-22.89462],[-43.3165,-22.89462],[-43.31546,-22.89365],[-43.31415,-22.89216],[-43.31438,-22.89184],[-43.31422,-22.89112],[-43.31391,-22.89107],[-43.31359,-22.89037],[-43.31327,-22.88914],[-43.3133,-22.8883],[-43.31238,-22.88787],[-43.31215,-22.88741],[-43.31171,-22.88743],[-43.3111,-22.88662],[-43.31141,-22.88646],[-43.31121,-22.88573],[-43.31089,-22.88566],[-43.31006,-22.88413],[-43.31134,-22.88325],[-43.31151,-22.88149],[-43.31294,-22.88061],[-43.31274,-22.88023],[-43.31359,-22.87939],[-43.31381,-22.87954],[-43.31458,-22.87869],[-43.31488,-22.87882],[-43.31531,-22.87881],[-43.31617,-22.87968],[-43.31682,-22.87975],[-43.31875,-22.88136],[-43.3188,-22.882],[-43.31958,-22.88206],[-43.31979,-22.88265],[-43.3204,-22.88332],[-43.32078,-22.88433],[-43.32147,-22.88545],[-43.32176,-22.88526],[-43.32278,-22.88586],[-43.32348,-22.88647],[-43.32474,-22.88709],[-43.32711,-22.88908],[-43.32648,-22.88951],[-43.32656,-22.89014],[-43.32765,-22.89091],[-43.32762,-22.8904],[-43.32846,-22.88957],[-43.3288,-22.88985],[-43.32965,-22.89007],[-43.32854,-22.89153],[-43.33252,-22.89422],[-43.33478,-22.89579],[-43.33514,-22.8953],[-43.33801,-22.89621],[-43.33815,-22.89692],[-43.33877,-22.89822],[-43.33918,-22.8984],[-43.33875,-22.89937],[-43.33888,-22.89979],[-43.33852,-22.90096],[-43.33799,-22.90157],[-43.33729,-22.90277],[-43.33682,-22.9031],[-43.33672,-22.90365],[-43.33554,-22.90427],[-43.33296,-22.90579]]]},"properties":{"codigo":"3304557069","name":"Quintino Bocaiúva","population":25271,"households":12819,"areaKm2":4.3377,"density":5825.8}},{"type":"Feature","geometry":{"type":"Polygon","coordinates":[[[-43.31397,-22.8498],[-43.31385,-22.85007],[-43.31295,-22.8497],[-43.31316,-22.84924],[-43.31213,-22.84907],[-43.31098,-22.84857],[-43.3107,-22.84828],[-43.30952,-22.85038],[-43.3091,-22.85045],[-43.30789,-22.84958],[-43.30488,-22.84722],[-43.3068,-22.84526],[-43.30672,-22.84479],[-43.30625,-22.84472],[-43.30524,-22.84353],[-43.30402,-22.84304],[-43.30249,-22.84216],[-43.30118,-22.8416],[-43.30157,-22.84122],[-43.30209,-22.84117],[-43.30331,-22.83925],[-43.30444,-22.83971],[-43.30492,-22.83866],[-43.30578,-22.83769],[-43.30614,-22.83782],[-43.30658,-22.83641],[-43.30718,-22.83609],[-43.30795,-22.83643],[-43.31077,-22.83909],[-43.31213,-22.83894],[-43.31258,-22.83851],[-43.31349,-22.83927],[-43.31726,-22.84091],[-43.31696,-22.84212],[-43.31723,-22.84298],[-43.31716,-22.84407],[-43.31748,-22.8445],[-43.3173,-22.84501],[-43.31684,-22.84536],[-43.31603,-22.84504],[-43.31551,-22.84596],[-43.31567,-22.84613],[-43.31504,-22.84729],[-43.31455,-22.84904],[-43.31397,-22.8498]]]},"properties":{"codigo":"3304557064","name":"Vila da Penha","population":21950,"households":10614,"areaKm2":1.4506,"density":15131.8}},{"type":"Feature","geometry":{"type":"Polygon","coordinates":[[[-43.2022,-22.95436],[-43.20183,-22.9549],[-43.20218,-22.9552],[-43.20269,-22.95509],[-43.20385,-22.95575],[-43.20418,-22.95659],[-43.20469,-22.95724],[-43.20383,-22.95766],[-43.20368,-22.95734],[-43.20275,-22.95784],[-43.20288,-22.95844],[-43.20256,-22.95951],[-43.20371,-22.95989],[-43.20418,-22.95951],[-43.20415,-22.96079],[-43.203,-22.96037],[-43.20262,-22.96071],[-43.20199,-22.96058],[-43.20093,-22.96089],[-43.20132,-22.96167],[-43.20048,-22.96214],[-43.19973,-22.96238],[-43.19897,-22.96239],[-43.19726,-22.96274],[-43.19782,-22.96005],[-43.197,-22.95976],[-43.19716,-22.95913],[-43.19651,-22.95828],[-43.19613,-22.95854],[-43.1955,-22.95839],[-43.19612,-22.95614],[-43.19653,-22.95574],[-43.19569,-22.95503],[-43.19612,-22.95443],[-43.1963,-22.95368],[-43.19607,-22.95329],[-43.19623,-22.95239],[-43.19931,-22.95015],[-43.20166,-22.94855],[-43.20287,-22.94939],[-43.204,-22.94982],[-43.20694,-22.95053],[-43.20909,-22.95138],[-43.21009,-22.95189],[-43.20426,-22.95312],[-43.20317,-22.95367],[-43.2022,-22.95436]]]},"properties":{"codigo":"3304557016","name":"Humaitá","population":13044,"households":7020,"areaKm2":1.0571,"density":12339.1}},{"type":"Feature","geometry":{"type":"Polygon","coordinates":[[[-43.18414,-22.91487],[-43.18396,-22.91519],[-43.18337,-22.91515],[-43.1825,-22.91416],[-43.1816,-22.91466],[-43.18105,-22.91454],[-43.18068,-22.91402],[-43.17982,-22.91418],[-43.17985,-22.91464],[-43.17947,-22.91513],[-43.17892,-22.91653],[-43.17826,-22.91625],[-43.17793,-22.91811],[-43.1777,-22.91814],[-43.17764,-22.91745],[-43.17695,-22.91721],[-43.17705,-22.91652],[-43.17678,-22.91467],[-43.17603,-22.91443],[-43.17553,-22.9137],[-43.17629,-22.91219],[-43.1768,-22.91249],[-43.17784,-22.9137],[-43.17831,-22.91376],[-43.17874,-22.91325],[-43.17905,-22.91228],[-43.17987,-22.91217],[-43.18022,-22.91269],[-43.18152,-22.91206],[-43.18229,-22.91187],[-43.18305,-22.91011],[-43.18675,-22.91139],[-43.18608,-22.91318],[-43.18452,-22.91264],[-43.18394,-22.9144],[-43.18414,-22.91487]]]},"properties":{"codigo":"3304557161","name":"Lapa","population":8984,"households":6677,"areaKm2":0.3457,"density":25990}},{"type":"Feature","geometry":{"type":"Polygon","coordinates":[[[-43.27065,-22.89917],[-43.26726,-22.89679],[-43.26658,-22.89606],[-43.26678,-22.89561],[-43.26673,-22.8947],[-43.26553,-22.89316],[-43.26515,-22.89324],[-43.26472,-22.89271],[-43.26336,-22.89233],[-43.26359,-22.89159],[-43.26393,-22.89134],[-43.26376,-22.89081],[-43.26488,-22.89036],[-43.26504,-22.89],[-43.26485,-22.88913],[-43.26497,-22.88858],[-43.26439,-22.88786],[-43.2633,-22.88809],[-43.26243,-22.88801],[-43.2624,-22.88772],[-43.26316,-22.88664],[-43.26375,-22.88657],[-43.26432,-22.88609],[-43.26519,-22.88615],[-43.26569,-22.8856],[-43.26888,-22.88725],[-43.26934,-22.88735],[-43.26949,-22.88682],[-43.26897,-22.88639],[-43.26943,-22.88614],[-43.26978,-22.88685],[-43.27047,-22.88687],[-43.27139,-22.88645],[-43.27155,-22.8859],[-43.27199,-22.88554],[-43.27231,-22.88483],[-43.27269,-22.88461],[-43.27325,-22.88501],[-43.27354,-22.8855],[-43.27436,-22.88483],[-43.27536,-22.88541],[-43.27571,-22.88507],[-43.27615,-22.88414],[-43.2768,-22.88393],[-43.27779,-22.88474],[-43.27769,-22.88409],[-43.27937,-22.88283],[-43.28007,-22.88242],[-43.28068,-22.88184],[-43.28134,-22.88198],[-43.28595,-22.88303],[-43.28592,-22.8842],[-43.28672,-22.88454],[-43.28498,-22.8875],[-43.28324,-22.88774],[-43.28278,-22.88889],[-43.28291,-22.88929],[-43.28216,-22.89121],[-43.28266,-22.89152],[-43.28207,-22.89234],[-43.28039,-22.89312],[-43.27969,-22.89266],[-43.27906,-22.89289],[-43.2787,-22.89234],[-43.27756,-22.89321],[-43.27651,-22.89387],[-43.276,-22.89398],[-43.2764,-22.89454],[-43.27629,-22.89517],[-43.27531,-22.89579],[-43.27421,-22.89532],[-43.27357,-22.89599],[-43.27235,-22.89697],[-43.27248,-22.89769],[-43.27177,-22.89772],[-43.27138,-22.89836],[-43.27065,-22.89917]]]},"properties":{"codigo":"3304557055","name":"Cachambi","population":39022,"households":19799,"areaKm2":2.3332,"density":16724.5}},{"type":"Feature","geometry":{"type":"Polygon","coordinates":[[[-43.30953,-22.90279],[-43.30813,-22.90307],[-43.30764,-22.90332],[-43.30694,-22.90338],[-43.30561,-22.90375],[-43.30576,-22.90418],[-43.30452,-22.90455],[-43.30429,-22.90414],[-43.30376,-22.90428],[-43.30338,-22.90474],[-43.30263,-22.90446],[-43.30242,-22.90387],[-43.30296,-22.90317],[-43.30213,-22.9032],[-43.30172,-22.90286],[-43.3015,-22.9022],[-43.30258,-22.90188],[-43.30219,-22.90068],[-43.30175,-22.90038],[-43.30104,-22.89842],[-43.30106,-22.8981],[-43.30035,-22.89623],[-43.30073,-22.89589],[-43.30081,-22.89533],[-43.30042,-22.89442],[-43.30096,-22.89408],[-43.30057,-22.8937],[-43.30056,-22.89318],[-43.29933,-22.89236],[-43.29851,-22.89208],[-43.29757,-22.89124],[-43.29818,-22.89016],[-43.30052,-22.89134],[-43.30094,-22.89123],[-43.30042,-22.88967],[-43.30073,-22.88931],[-43.30079,-22.88822],[-43.30109,-22.88827],[-43.30131,-22.88874],[-43.30184,-22.88908],[-43.30162,-22.8906],[-43.30228,-22.89068],[-43.30239,-22.8901],[-43.30333,-22.89004],[-43.30349,-22.89056],[-43.30435,-22.89054],[-43.30554,-22.89128],[-43.30544,-22.89166],[-43.30638,-22.89268],[-43.30472,-22.89356],[-43.30542,-22.89471],[-43.30426,-22.89543],[-43.30466,-22.89605],[-43.30528,-22.89574],[-43.30673,-22.89549],[-43.30772,-22.89481],[-43.30765,-22.89568],[-43.30799,-22.89627],[-43.30753,-22.89673],[-43.30804,-22.89751],[-43.30832,-22.89837],[-43.30872,-22.89885],[-43.30834,-22.89929],[-43.30903,-22.90163],[-43.30953,-22.90279]]]},"properties":{"codigo":"3304557058","name":"Encantado","population":12405,"households":6203,"areaKm2":1.0144,"density":12229}},{"type":"Feature","geometry":{"type":"Polygon","coordinates":[[[-43.17578,-22.92509],[-43.17463,-22.92517],[-43.1738,-22.92462],[-43.1729,-22.92471],[-43.16769,-22.92257],[-43.16811,-22.92192],[-43.1678,-22.92046],[-43.16798,-22.91907],[-43.16826,-22.91828],[-43.16935,-22.91683],[-43.16976,-22.91706],[-43.1692,-22.91835],[-43.16942,-22.91913],[-43.16976,-22.91953],[-43.17042,-22.91988],[-43.17161,-22.91978],[-43.17217,-22.91938],[-43.17266,-22.91837],[-43.17281,-22.9175],[-43.17271,-22.91661],[-43.17213,-22.91548],[-43.17129,-22.91477],[-43.17,-22.91429],[-43.16898,-22.9144],[-43.16897,-22.91336],[-43.16933,-22.91338],[-43.16935,-22.91249],[-43.17049,-22.91201],[-43.17144,-22.91203],[-43.17218,-22.91238],[-43.17291,-22.91203],[-43.17419,-22.91346],[-43.17479,-22.91287],[-43.17553,-22.9137],[-43.17603,-22.91443],[-43.17678,-22.91467],[-43.17705,-22.91652],[-43.17695,-22.91721],[-43.17764,-22.91745],[-43.1777,-22.91814],[-43.17761,-22.91878],[-43.17886,-22.9189],[-43.17938,-22.91966],[-43.18036,-22.91959],[-43.18067,-22.9209],[-43.18011,-22.92287],[-43.17845,-22.92249],[-43.17708,-22.92199],[-43.17734,-22.92355],[-43.17678,-22.92393],[-43.17633,-22.92392],[-43.17614,-22.92467],[-43.17578,-22.92509]]]},"properties":{"codigo":"3304557010","name":"Glória","population":7120,"households":4970,"areaKm2":1.0472,"density":6798.9}},{"type":"Feature","geometry":{"type":"Polygon","coordinates":[[[-43.24413,-22.89729],[-43.24405,-22.89674],[-43.24275,-22.8974],[-43.2417,-22.89845],[-43.24135,-22.89951],[-43.24052,-22.89911],[-43.23979,-22.89908],[-43.23955,-22.89983],[-43.23963,-22.90053],[-43.23906,-22.90055],[-43.23869,-22.90007],[-43.23778,-22.9],[-43.2362,-22.90045],[-43.2357,-22.90087],[-43.23549,-22.90022],[-43.23478,-22.89971],[-43.23561,-22.89878],[-43.23573,-22.89765],[-43.23504,-22.89736],[-43.23361,-22.89749],[-43.23319,-22.89688],[-43.2328,-22.89522],[-43.23315,-22.89448],[-43.23292,-22.89393],[-43.23351,-22.89365],[-43.23326,-22.893],[-43.23347,-22.89221],[-43.23244,-22.89126],[-43.2336,-22.89159],[-43.23395,-22.89082],[-43.23338,-22.89037],[-43.23383,-22.88963],[-43.23294,-22.88891],[-43.23209,-22.8885],[-43.23188,-22.88813],[-43.2324,-22.88725],[-43.23131,-22.88727],[-43.23021,-22.88694],[-43.23032,-22.88669],[-43.23183,-22.88634],[-43.23224,-22.88639],[-43.23252,-22.88692],[-43.23335,-22.88664],[-43.23386,-22.88679],[-43.23615,-22.8881],[-43.23718,-22.88862],[-43.23832,-22.88894],[-43.23987,-22.88891],[-43.24283,-22.88849],[-43.24447,-22.88837],[-43.2475,-22.88873],[-43.24928,-22.88417],[-43.2499,-22.88248],[-43.25026,-22.88255],[-43.25218,-22.88343],[-43.25284,-22.88402],[-43.25319,-22.88431],[-43.25151,-22.88625],[-43.24958,-22.88766],[-43.24917,-22.88867],[-43.24929,-22.88894],[-43.24867,-22.88975],[-43.24909,-22.8901],[-43.24843,-22.89101],[-43.24498,-22.89614],[-43.24513,-22.89627],[-43.24413,-22.89729]]]},"properties":{"codigo":"3304557028","name":"Benfica","population":22661,"households":9804,"areaKm2":1.815,"density":12485.2}},{"type":"Feature","geometry":{"type":"Polygon","coordinates":[[[-43.21437,-22.93334],[-43.21392,-22.93371],[-43.21446,-22.93411],[-43.21543,-22.93422],[-43.21587,-22.93443],[-43.21608,-22.93511],[-43.2166,-22.9357],[-43.2163,-22.93613],[-43.21662,-22.93687],[-43.21642,-22.93719],[-43.21575,-22.93735],[-43.2154,-22.93796],[-43.21479,-22.93782],[-43.2144,-22.93818],[-43.21346,-22.93763],[-43.21316,-22.93782],[-43.21244,-22.93767],[-43.21212,-22.93784],[-43.21122,-22.93774],[-43.21078,-22.93743],[-43.20874,-22.93819],[-43.20757,-22.93775],[-43.20736,-22.93747],[-43.20673,-22.93753],[-43.20549,-22.93715],[-43.20505,-22.9366],[-43.20544,-22.93584],[-43.20474,-22.93594],[-43.20477,-22.93533],[-43.2051,-22.93496],[-43.2048,-22.93444],[-43.20536,-22.93383],[-43.20483,-22.93354],[-43.20488,-22.93216],[-43.20557,-22.93235],[-43.20609,-22.93202],[-43.20604,-22.93151],[-43.2051,-22.93037],[-43.20495,-22.93096],[-43.20426,-22.93132],[-43.2041,-22.93098],[-43.203,-22.93009],[-43.20271,-22.93055],[-43.20287,-22.93092],[-43.20291,-22.93197],[-43.20255,-22.93187],[-43.20209,-22.93112],[-43.20161,-22.93128],[-43.20174,-22.93234],[-43.20156,-22.93383],[-43.2001,-22.93392],[-43.20032,-22.93316],[-43.1996,-22.9324],[-43.19928,-22.93157],[-43.19882,-22.93212],[-43.198,-22.93128],[-43.19691,-22.93077],[-43.197,-22.92972],[-43.19766,-22.92924],[-43.19732,-22.92797],[-43.19661,-22.92808],[-43.19635,-22.92729],[-43.197,-22.92715],[-43.19723,-22.92746],[-43.19807,-22.92723],[-43.19833,-22.92673],[-43.19798,-22.92607],[-43.19833,-22.92622],[-43.19904,-22.92555],[-43.19896,-22.92515],[-43.19935,-22.9245],[-43.19964,-22.92448],[-43.1999,-22.9234],[-43.20061,-22.92261],[-43.20035,-22.92212],[-43.20125,-22.92157],[-43.20148,-22.92119],[-43.20226,-22.92122],[-43.20274,-22.92049],[-43.20381,-22.92054],[-43.20532,-22.92101],[-43.2062,-22.92118],[-43.20699,-22.92107],[-43.20721,-22.92076],[-43.20717,-22.91977],[-43.20823,-22.91958],[-43.20851,-22.91852],[-43.209,-22.91724],[-43.20951,-22.9167],[-43.20996,-22.91674],[-43.21005,-22.9157],[-43.21058,-22.91629],[-43.21229,-22.91626],[-43.2126,-22.91673],[-43.21183,-22.91801],[-43.21211,-22.91917],[-43.21238,-22.91962],[-43.21325,-22.91981],[-43.21332,-22.9203],[-43.2145,-22.92078],[-43.21427,-22.9213],[-43.21474,-22.92155],[-43.21495,-22.92202],[-43.21439,-22.9233],[-43.21454,-22.92382],[-43.2154,-22.92473],[-43.21583,-22.92482],[-43.21735,-22.92568],[-43.21795,-22.92618],[-43.21802,-22.92678],[-43.21903,-22.92974],[-43.2204,-22.93213],[-43.21927,-22.93359],[-43.21833,-22.93324],[-43.21738,-22.9335],[-43.21626,-22.93326],[-43.21554,-22.93338],[-43.21468,-22.93308],[-43.21437,-22.93334]]]},"properties":{"codigo":"3304557006","name":"Rio Comprido","population":40269,"households":18308,"areaKm2":3.3016,"density":12196.8}},{"type":"Feature","geometry":{"type":"Polygon","coordinates":[[[-43.19453,-22.90342],[-43.19384,-22.90325],[-43.19368,-22.90247],[-43.19213,-22.90142],[-43.19153,-22.90089],[-43.19009,-22.90019],[-43.18898,-22.89955],[-43.18896,-22.8992],[-43.18812,-22.89881],[-43.18734,-22.89905],[-43.18759,-22.89852],[-43.1874,-22.89761],[-43.18793,-22.89726],[-43.18752,-22.89649],[-43.18741,-22.89558],[-43.18712,-22.89545],[-43.18637,-22.89362],[-43.19078,-22.89211],[-43.19561,-22.89199],[-43.19595,-22.89206],[-43.19593,-22.89298],[-43.19652,-22.89345],[-43.1966,-22.894],[-43.19916,-22.89506],[-43.1988,-22.8955],[-43.19862,-22.89629],[-43.19924,-22.89679],[-43.19894,-22.89729],[-43.19743,-22.89764],[-43.19753,-22.89786],[-43.19865,-22.89759],[-43.19901,-22.89896],[-43.19807,-22.89916],[-43.19841,-22.90012],[-43.19777,-22.90059],[-43.19771,-22.90125],[-43.19878,-22.90173],[-43.19883,-22.90235],[-43.19748,-22.90269],[-43.19715,-22.90143],[-43.19687,-22.90114],[-43.19622,-22.90124],[-43.19602,-22.90165],[-43.19584,-22.90369],[-43.19453,-22.90342]]]},"properties":{"codigo":"3304557002","name":"Gamboa","population":11416,"households":5551,"areaKm2":1.116,"density":10229.7}},{"type":"Feature","geometry":{"type":"MultiPolygon","coordinates":[[[[-43.25833,-22.82454],[-43.25918,-22.82469],[-43.25992,-22.82509],[-43.25971,-22.82604],[-43.2592,-22.82662],[-43.25781,-22.82655],[-43.25744,-22.8257],[-43.25781,-22.82477],[-43.25833,-22.82454]]],[[[-43.25527,-22.8242],[-43.25555,-22.82453],[-43.25466,-22.82532],[-43.25462,-22.82463],[-43.25527,-22.8242]]],[[[-43.21043,-22.79219],[-43.21244,-22.78965],[-43.21298,-22.78913],[-43.21409,-22.78854],[-43.21463,-22.7884],[-43.21577,-22.78757],[-43.21694,-22.78649],[-43.21773,-22.78598],[-43.21931,-22.78515],[-43.2207,-22.78458],[-43.22273,-22.78435],[-43.22406,-22.78396],[-43.2243,-22.78407],[-43.2259,-22.78402],[-43.22664,-22.78377],[-43.2285,-22.78363],[-43.22878,-22.78439],[-43.22833,-22.78567],[-43.22833,-22.78661],[-43.22892,-22.78815],[-43.22966,-22.78821],[-43.23022,-22.78855],[-43.2312,-22.78953],[-43.23202,-22.78948],[-43.23394,-22.79073],[-43.23382,-22.79152],[-43.2362,-22.79168],[-43.23762,-22.79101],[-43.24003,-22.79094],[-43.24078,-22.79113],[-43.24142,-22.79184],[-43.24195,-22.79174],[-43.24286,-22.79186],[-43.24358,-22.79218],[-43.24399,-22.79195],[-43.24491,-22.79204],[-43.24585,-22.79253],[-43.24639,-22.79255],[-43.24747,-22.79295],[-43.248,-22.7934],[-43.24798,-22.79374],[-43.24904,-22.79509],[-43.2495,-22.79549],[-43.2509,-22.79615],[-43.2516,-22.79687],[-43.25238,-22.79738],[-43.25294,-22.79715],[-43.25401,-22.79785],[-43.25449,-22.79781],[-43.2552,-22.79715],[-43.25585,-22.79707],[-43.25673,-22.79753],[-43.25677,-22.79805],[-43.25716,-22.79879],[-43.25756,-22.79885],[-43.2582,-22.79949],[-43.25882,-22.80045],[-43.25966,-22.80085],[-43.26006,-22.80174],[-43.26087,-22.80259],[-43.26129,-22.80441],[-43.26215,-22.80567],[-43.26214,-22.80618],[-43.26326,-22.80732],[-43.26389,-22.80776],[-43.26425,-22.8083],[-43.26419,-22.80887],[-43.26443,-22.80948],[-43.26569,-22.8112],[-43.26584,-22.81231],[-43.26543,-22.81323],[-43.26464,-22.81384],[-43.26374,-22.81474],[-43.26193,-22.81594],[-43.26169,-22.81626],[-43.26123,-22.81758],[-43.2608,-22.81806],[-43.25966,-22.8187],[-43.25865,-22.8196],[-43.25672,-22.82057],[-43.25638,-22.82089],[-43.25523,-22.82153],[-43.25384,-22.82198],[-43.25278,-22.82271],[-43.25201,-22.82282],[-43.25085,-22.82329],[-43.25048,-22.82375],[-43.25033,-22.82559],[-43.25093,-22.82587],[-43.25149,-22.82587],[-43.25175,-22.82651],[-43.25162,-22.82709],[-43.2517,-22.82803],[-43.25151,-22.82853],[-43.25081,-22.82855],[-43.25043,-22.82833],[-43.2499,-22.8287],[-43.24928,-22.82862],[-43.24842,-22.82918],[-43.24867,-22.82975],[-43.24839,-22.83039],[-43.24747,-22.83107],[-43.24638,-22.83166],[-43.24482,-22.83223],[-43.24388,-22.83274],[-43.2423,-22.83329],[-43.24204,-22.83381],[-43.24149,-22.83395],[-43.24085,-22.83371],[-43.2392,-22.83381],[-43.23777,-22.83284],[-43.23663,-22.83144],[-43.23505,-22.8289],[-43.23249,-22.82609],[-43.23167,-22.8255],[-43.23098,-22.82476],[-43.23052,-22.82371],[-43.22963,-22.82276],[-43.22793,-22.82138],[-43.22553,-22.82004],[-43.22364,-22.81923],[-43.22256,-22.819],[-43.22158,-22.81915],[-43.22133,-22.81972],[-43.22053,-22.8192],[-43.21855,-22.81832],[-43.21691,-22.81723],[-43.2153,-22.81715],[-43.21479,-22.8178],[-43.21344,-22.81094],[-43.21274,-22.80636],[-43.21209,-22.80151],[-43.21142,-22.79757],[-43.21151,-22.79754],[-43.21098,-22.7949],[-43.21056,-22.79232],[-43.21043,-22.79219]]]]},"properties":{"codigo":"3304557122","name":"Galeão","population":20816,"households":8948,"areaKm2":18.8692,"density":1103.2}},{"type":"Feature","geometry":{"type":"MultiPolygon","coordinates":[[[[-43.12329,-22.80705],[-43.12324,-22.80637],[-43.1229,-22.80547],[-43.12225,-22.80493],[-43.12256,-22.80445],[-43.12342,-22.8048],[-43.12426,-22.80598],[-43.1238,-22.80681],[-43.12329,-22.80705]]],[[[-43.11708,-22.80366],[-43.11686,-22.80321],[-43.11696,-22.80259],[-43.11791,-22.80244],[-43.11921,-22.80281],[-43.11961,-22.80385],[-43.11786,-22.80443],[-43.11708,-22.80366]]],[[[-43.10919,-22.8016],[-43.10813,-22.80084],[-43.10888,-22.80004],[-43.10921,-22.80001],[-43.10988,-22.80111],[-43.11061,-22.80173],[-43.11167,-22.80167],[-43.11164,-22.80223],[-43.11193,-22.80281],[-43.11172,-22.80324],[-43.11096,-22.8029],[-43.11032,-22.80186],[-43.10954,-22.80187],[-43.10919,-22.8016]]],[[[-43.11201,-22.797],[-43.11127,-22.79662],[-43.11168,-22.7957],[-43.11377,-22.79639],[-43.11344,-22.79731],[-43.11244,-22.79725],[-43.11201,-22.797]]],[[[-43.12096,-22.79625],[-43.1212,-22.7957],[-43.12189,-22.79626],[-43.12201,-22.79679],[-43.1213,-22.79668],[-43.12096,-22.79625]]],[[[-43.12321,-22.79919],[-43.12272,-22.79901],[-43.12331,-22.79782],[-43.12392,-22.79841],[-43.12373,-22.7993],[-43.12321,-22.79919]]],[[[-43.1102,-22.76932],[-43.10827,-22.76989],[-43.10735,-22.76922],[-43.10715,-22.76869],[-43.10659,-22.76827],[-43.10658,-22.7679],[-43.10564,-22.76749],[-43.10511,-22.76769],[-43.10513,-22.76677],[-43.10424,-22.76591],[-43.10356,-22.76575],[-43.10326,-22.76536],[-43.10248,-22.76509],[-43.10271,-22.76455],[-43.10261,-22.7635],[-43.10439,-22.76314],[-43.10471,-22.76285],[-43.1057,-22.76329],[-43.10613,-22.76381],[-43.10662,-22.76354],[-43.10722,-22.76268],[-43.1069,-22.76203],[-43.10717,-22.76185],[-43.10781,-22.75958],[-43.10815,-22.75892],[-43.10848,-22.7578],[-43.10825,-22.75703],[-43.10753,-22.75665],[-43.10706,-22.75509],[-43.10555,-22.75481],[-43.10444,-22.75421],[-43.10399,-22.75339],[-43.10345,-22.75343],[-43.10286,-22.75318],[-43.10245,-22.75252],[-43.10186,-22.75212],[-43.10225,-22.75167],[-43.10263,-22.75061],[-43.10368,-22.75112],[-43.10426,-22.75096],[-43.10526,-22.75007],[-43.10585,-22.74889],[-43.10706,-22.74939],[-43.10727,-22.74976],[-43.10794,-22.74964],[-43.10886,-22.74916],[-43.10885,-22.75022],[-43.10901,-22.75155],[-43.10958,-22.75233],[-43.10993,-22.75226],[-43.11031,-22.7528],[-43.1108,-22.75302],[-43.11203,-22.75296],[-43.11232,-22.75309],[-43.11281,-22.75407],[-43.11236,-22.75515],[-43.11139,-22.7562],[-43.11034,-22.75766],[-43.10995,-22.75866],[-43.10984,-22.75934],[-43.11094,-22.76044],[-43.1114,-22.76047],[-43.11044,-22.76255],[-43.11022,-22.7637],[-43.11017,-22.76469],[-43.11039,-22.76574],[-43.11069,-22.76631],[-43.11151,-22.7667],[-43.11342,-22.76662],[-43.11438,-22.76747],[-43.11385,-22.768],[-43.11241,-22.7685],[-43.11074,-22.76959],[-43.1102,-22.76932]]],[[[-43.12712,-22.74605],[-43.128,-22.74623],[-43.12904,-22.74667],[-43.12915,-22.74753],[-43.12879,-22.74803],[-43.12804,-22.74837],[-43.12601,-22.74724],[-43.12603,-22.74668],[-43.12712,-22.74605]]],[[[-43.11767,-22.75377],[-43.11808,-22.75353],[-43.11858,-22.75413],[-43.11925,-22.75445],[-43.11936,-22.75593],[-43.12008,-22.75608],[-43.1209,-22.75649],[-43.1209,-22.75726],[-43.12068,-22.75782],[-43.12006,-22.75847],[-43.11973,-22.75835],[-43.11857,-22.75862],[-43.11785,-22.75808],[-43.11733,-22.75708],[-43.11653,-22.75709],[-43.11524,-22.75677],[-43.1148,-22.75651],[-43.11481,-22.75586],[-43.11635,-22.75536],[-43.11681,-22.75488],[-43.11675,-22.75398],[-43.11767,-22.75377]]],[[[-43.10549,-22.77674],[-43.10614,-22.77649],[-43.10684,-22.77697],[-43.10623,-22.77774],[-43.10508,-22.7775],[-43.10549,-22.77674]]]]},"properties":{"codigo":"3304557153","name":"Paquetá","population":3486,"households":2641,"areaKm2":1.6803,"density":2074.6}},{"type":"Feature","geometry":{"type":"Polygon","coordinates":[[[-43.36092,-22.94191],[-43.35983,-22.94164],[-43.35955,-22.94175],[-43.35872,-22.94101],[-43.35806,-22.94122],[-43.35797,-22.94067],[-43.35681,-22.94053],[-43.35648,-22.94017],[-43.35577,-22.94018],[-43.35588,-22.93938],[-43.35458,-22.93934],[-43.35461,-22.9389],[-43.35406,-22.93873],[-43.35341,-22.93817],[-43.35298,-22.93742],[-43.35177,-22.9363],[-43.35152,-22.93511],[-43.35114,-22.93445],[-43.35048,-22.93367],[-43.34965,-22.93348],[-43.34885,-22.93423],[-43.34791,-22.9346],[-43.34742,-22.9339],[-43.34907,-22.93249],[-43.34864,-22.93185],[-43.3481,-22.93176],[-43.34676,-22.93124],[-43.34665,-22.93093],[-43.34756,-22.93076],[-43.34649,-22.9296],[-43.34576,-22.92925],[-43.34462,-22.92846],[-43.34397,-22.9284],[-43.34417,-22.92757],[-43.3435,-22.92704],[-43.34332,-22.92747],[-43.3427,-22.92736],[-43.34297,-22.92644],[-43.34338,-22.9261],[-43.34453,-22.92614],[-43.34511,-22.9247],[-43.34438,-22.92472],[-43.34421,-22.92442],[-43.34404,-22.9232],[-43.34355,-22.92295],[-43.34337,-22.92196],[-43.34357,-22.92178],[-43.34351,-22.92085],[-43.34367,-22.92039],[-43.34522,-22.92069],[-43.34716,-22.91941],[-43.34998,-22.92052],[-43.34905,-22.92146],[-43.34982,-22.92185],[-43.35105,-22.9207],[-43.35213,-22.92107],[-43.35291,-22.92079],[-43.35308,-22.92046],[-43.35404,-22.92073],[-43.358,-22.92261],[-43.35881,-22.92354],[-43.35869,-22.92391],[-43.35946,-22.92413],[-43.35926,-22.9248],[-43.35869,-22.9248],[-43.35802,-22.92516],[-43.35909,-22.92761],[-43.36,-22.92737],[-43.36093,-22.92792],[-43.36204,-22.92896],[-43.36275,-22.93039],[-43.36254,-22.93054],[-43.36328,-22.93225],[-43.36318,-22.93303],[-43.36429,-22.93259],[-43.3645,-22.93318],[-43.36338,-22.93352],[-43.36372,-22.93467],[-43.36447,-22.93452],[-43.36463,-22.93566],[-43.36523,-22.93556],[-43.36551,-22.93666],[-43.36498,-22.93675],[-43.36421,-22.93637],[-43.3638,-22.93645],[-43.36369,-22.93701],[-43.36259,-22.93684],[-43.36223,-22.93735],[-43.36133,-22.93771],[-43.36148,-22.93901],[-43.36134,-22.93938],[-43.36175,-22.94102],[-43.36157,-22.94125],[-43.36164,-22.9415],[-43.36092,-22.94191]]]},"properties":{"codigo":"3304557087","name":"Pechincha","population":37487,"households":17675,"areaKm2":3.0445,"density":12313.2}},{"type":"Feature","geometry":{"type":"Polygon","coordinates":[[[-43.25216,-22.89582],[-43.25252,-22.89615],[-43.25379,-22.89533],[-43.25489,-22.8952],[-43.2556,-22.89489],[-43.25726,-22.89479],[-43.25726,-22.89455],[-43.25871,-22.89412],[-43.25872,-22.89482],[-43.26013,-22.89469],[-43.26036,-22.89529],[-43.26022,-22.89679],[-43.25994,-22.89712],[-43.2587,-22.89686],[-43.25839,-22.8975],[-43.25788,-22.89777],[-43.25709,-22.89761],[-43.2569,-22.89909],[-43.25837,-22.89918],[-43.25839,-22.90028],[-43.25864,-22.90073],[-43.25818,-22.90151],[-43.2584,-22.90179],[-43.25812,-22.90263],[-43.25837,-22.90282],[-43.25811,-22.90378],[-43.25809,-22.90525],[-43.25782,-22.90573],[-43.2583,-22.90604],[-43.25767,-22.90748],[-43.25688,-22.90818],[-43.25716,-22.90847],[-43.2565,-22.91109],[-43.25532,-22.91072],[-43.25524,-22.91052],[-43.25306,-22.91007],[-43.25095,-22.90936],[-43.25195,-22.90586],[-43.25232,-22.90544],[-43.25252,-22.9041],[-43.25306,-22.90226],[-43.25278,-22.90186],[-43.25329,-22.90042],[-43.25296,-22.8992],[-43.25314,-22.8973],[-43.2528,-22.89728],[-43.25268,-22.8964],[-43.25208,-22.89622],[-43.25216,-22.89582]]]},"properties":{"codigo":"3304557049","name":"Riachuelo","population":10514,"households":5520,"areaKm2":1.0024,"density":10488.4}},{"type":"Feature","geometry":{"type":"MultiPolygon","coordinates":[[[[-43.19181,-22.81217],[-43.18989,-22.81355],[-43.18934,-22.81421],[-43.18879,-22.81435],[-43.18757,-22.81575],[-43.18736,-22.81623],[-43.18804,-22.81658],[-43.18872,-22.81784],[-43.18856,-22.81801],[-43.18928,-22.81926],[-43.19004,-22.81947],[-43.19049,-22.81999],[-43.19198,-22.81923],[-43.19232,-22.81968],[-43.19093,-22.82045],[-43.18994,-22.82141],[-43.18935,-22.82242],[-43.18926,-22.8234],[-43.1881,-22.82552],[-43.18772,-22.82662],[-43.18762,-22.82764],[-43.18887,-22.8285],[-43.18939,-22.82898],[-43.18878,-22.82916],[-43.18694,-22.82913],[-43.18588,-22.82934],[-43.1851,-22.82963],[-43.1845,-22.83012],[-43.18436,-22.83053],[-43.18473,-22.83227],[-43.18507,-22.83288],[-43.18493,-22.83344],[-43.18439,-22.83353],[-43.18403,-22.83285],[-43.18331,-22.83265],[-43.18196,-22.83206],[-43.18076,-22.83131],[-43.18013,-22.83125],[-43.1803,-22.83066],[-43.17972,-22.82995],[-43.17828,-22.82945],[-43.17837,-22.82887],[-43.17753,-22.82854],[-43.17747,-22.82792],[-43.17605,-22.82742],[-43.17609,-22.82687],[-43.17649,-22.82612],[-43.17676,-22.82518],[-43.17664,-22.82475],[-43.17595,-22.8239],[-43.17553,-22.82378],[-43.17641,-22.82312],[-43.17794,-22.82107],[-43.17864,-22.82068],[-43.1802,-22.82063],[-43.18055,-22.82084],[-43.18188,-22.82074],[-43.18275,-22.82014],[-43.18306,-22.81948],[-43.18457,-22.81923],[-43.18514,-22.81925],[-43.18569,-22.81849],[-43.18612,-22.81734],[-43.18593,-22.81711],[-43.18657,-22.81658],[-43.18544,-22.81656],[-43.18433,-22.81612],[-43.18373,-22.81553],[-43.18245,-22.81489],[-43.1823,-22.81498],[-43.17965,-22.81368],[-43.18017,-22.81286],[-43.18023,-22.8124],[-43.18114,-22.81236],[-43.18145,-22.81153],[-43.18209,-22.81102],[-43.18318,-22.81079],[-43.18447,-22.81057],[-43.18499,-22.81075],[-43.18523,-22.81036],[-43.18672,-22.8101],[-43.18797,-22.81018],[-43.18862,-22.8105],[-43.19109,-22.81106],[-43.1919,-22.81157],[-43.19181,-22.81217]]],[[[-43.17298,-22.83842],[-43.17326,-22.83796],[-43.17423,-22.83741],[-43.1745,-22.83684],[-43.17533,-22.83659],[-43.17578,-22.83671],[-43.17563,-22.83759],[-43.17474,-22.83848],[-43.17408,-22.83877],[-43.17296,-22.83868],[-43.17298,-22.83842]]]]},"properties":{"codigo":"3304557111","name":"Cacuia","population":10392,"households":4821,"areaKm2":2.1234,"density":4894.1}},{"type":"Feature","geometry":{"type":"Polygon","coordinates":[[[-43.46763,-22.91633],[-43.47011,-22.91442],[-43.47198,-22.91386],[-43.47367,-22.91267],[-43.47472,-22.91098],[-43.47643,-22.90942],[-43.47692,-22.9068],[-43.47681,-22.90502],[-43.47721,-22.90155],[-43.47775,-22.90056],[-43.4788,-22.89924],[-43.48008,-22.89833],[-43.47969,-22.89706],[-43.47935,-22.89532],[-43.47995,-22.89312],[-43.47987,-22.89274],[-43.47914,-22.89256],[-43.4789,-22.8919],[-43.47991,-22.88833],[-43.48,-22.88776],[-43.48106,-22.88576],[-43.48181,-22.88294],[-43.48168,-22.88209],[-43.48196,-22.88163],[-43.4815,-22.88121],[-43.48166,-22.88083],[-43.48152,-22.87969],[-43.48181,-22.87875],[-43.48158,-22.87628],[-43.47944,-22.87626],[-43.47896,-22.87564],[-43.48233,-22.87572],[-43.48219,-22.8753],[-43.48233,-22.87089],[-43.48276,-22.87031],[-43.48456,-22.87073],[-43.48514,-22.8689],[-43.48502,-22.86868],[-43.48545,-22.86708],[-43.48567,-22.86713],[-43.48619,-22.86603],[-43.48735,-22.86457],[-43.48847,-22.86458],[-43.49065,-22.86546],[-43.49355,-22.86519],[-43.49581,-22.86459],[-43.49775,-22.86462],[-43.50039,-22.8662],[-43.50149,-22.86667],[-43.50257,-22.86738],[-43.50413,-22.86751],[-43.50678,-22.86821],[-43.50878,-22.86929],[-43.5085,-22.86962],[-43.50892,-22.87081],[-43.50935,-22.87104],[-43.50914,-22.87155],[-43.50791,-22.87088],[-43.5073,-22.8709],[-43.50667,-22.87125],[-43.50569,-22.87241],[-43.5044,-22.87309],[-43.50447,-22.87348],[-43.50515,-22.87422],[-43.50511,-22.8752],[-43.50464,-22.8756],[-43.5044,-22.87623],[-43.50507,-22.87634],[-43.50663,-22.87682],[-43.50808,-22.87747],[-43.50695,-22.87997],[-43.505,-22.88561],[-43.50503,-22.88583],[-43.50423,-22.88791],[-43.50369,-22.88956],[-43.50256,-22.89213],[-43.50376,-22.89265],[-43.50659,-22.89305],[-43.50798,-22.89446],[-43.51283,-22.89754],[-43.51213,-22.89788],[-43.51132,-22.89853],[-43.50929,-22.89906],[-43.50805,-22.89906],[-43.50671,-22.9006],[-43.50633,-22.90123],[-43.50581,-22.90156],[-43.5023,-22.90526],[-43.50091,-22.90412],[-43.49993,-22.90421],[-43.4992,-22.90452],[-43.49898,-22.90582],[-43.4984,-22.90733],[-43.49749,-22.90847],[-43.49439,-22.90922],[-43.49355,-22.91168],[-43.49351,-22.91335],[-43.49506,-22.91523],[-43.49653,-22.91726],[-43.49667,-22.91912],[-43.49584,-22.92019],[-43.49548,-22.92175],[-43.49567,-22.9228],[-43.49388,-22.92366],[-43.49086,-22.92437],[-43.49007,-22.9259],[-43.48918,-22.92664],[-43.48755,-22.92703],[-43.48631,-22.92661],[-43.48465,-22.9255],[-43.48377,-22.92531],[-43.48293,-22.9255],[-43.48123,-22.92676],[-43.47905,-22.92752],[-43.47288,-22.9317],[-43.47242,-22.92775],[-43.47081,-22.92586],[-43.46752,-22.9232],[-43.46857,-22.92209],[-43.46936,-22.92005],[-43.46906,-22.91868],[-43.46846,-22.91724],[-43.46763,-22.91633]]]},"properties":{"codigo":"3304557100","name":"Senador Camará","population":107267,"households":44667,"areaKm2":17.2792,"density":6207.9}},{"type":"Feature","geometry":{"type":"Polygon","coordinates":[[[-43.33404,-22.85913],[-43.33512,-22.86019],[-43.33526,-22.86056],[-43.33639,-22.86133],[-43.33812,-22.863],[-43.33939,-22.86433],[-43.33942,-22.86516],[-43.33874,-22.86548],[-43.3399,-22.86734],[-43.34048,-22.86668],[-43.34091,-22.8668],[-43.34209,-22.86784],[-43.34272,-22.86874],[-43.34257,-22.86952],[-43.34202,-22.86981],[-43.34254,-22.87018],[-43.34283,-22.87076],[-43.34427,-22.87213],[-43.34508,-22.87238],[-43.34492,-22.87275],[-43.34543,-22.87377],[-43.34616,-22.87373],[-43.34643,-22.87414],[-43.34648,-22.87503],[-43.34688,-22.87536],[-43.34747,-22.87648],[-43.34707,-22.87682],[-43.34728,-22.87735],[-43.34695,-22.87781],[-43.34726,-22.87821],[-43.34787,-22.87773],[-43.34848,-22.87902],[-43.34835,-22.87942],[-43.34876,-22.88074],[-43.34982,-22.88198],[-43.34934,-22.88294],[-43.34951,-22.88423],[-43.34794,-22.88411],[-43.34562,-22.88382],[-43.34392,-22.88374],[-43.34388,-22.883],[-43.34204,-22.8829],[-43.34195,-22.88228],[-43.34136,-22.8822],[-43.34142,-22.88047],[-43.34091,-22.88007],[-43.33879,-22.87987],[-43.33846,-22.88175],[-43.33689,-22.8815],[-43.33686,-22.88115],[-43.33547,-22.88121],[-43.33489,-22.88035],[-43.335,-22.88187],[-43.33374,-22.8819],[-43.33366,-22.87982],[-43.33237,-22.87983],[-43.3311,-22.88055],[-43.33085,-22.88013],[-43.33013,-22.88009],[-43.33016,-22.87929],[-43.33091,-22.87935],[-43.33101,-22.87906],[-43.33032,-22.87851],[-43.33035,-22.87803],[-43.32919,-22.87796],[-43.32878,-22.87753],[-43.32828,-22.8775],[-43.32835,-22.87641],[-43.32777,-22.87637],[-43.3282,-22.87534],[-43.32894,-22.87537],[-43.32896,-22.875],[-43.33137,-22.87497],[-43.33177,-22.87436],[-43.33186,-22.87354],[-43.33167,-22.8727],[-43.33114,-22.87257],[-43.32933,-22.87152],[-43.32827,-22.87146],[-43.32782,-22.87116],[-43.32562,-22.87074],[-43.3251,-22.86917],[-43.32454,-22.86949],[-43.32405,-22.86834],[-43.32448,-22.86787],[-43.32483,-22.86695],[-43.32511,-22.86689],[-43.32512,-22.86552],[-43.32427,-22.86457],[-43.32691,-22.8633],[-43.32707,-22.86274],[-43.3289,-22.86155],[-43.32985,-22.86131],[-43.33069,-22.86071],[-43.33077,-22.86038],[-43.33213,-22.85947],[-43.33404,-22.85913]]]},"properties":{"codigo":"3304557073","name":"Madureira","population":39888,"households":20050,"areaKm2":3.7865,"density":10534.3}},{"type":"Feature","geometry":{"type":"Polygon","coordinates":[[[-43.30347,-22.8767],[-43.30363,-22.87601],[-43.30355,-22.8751],[-43.30377,-22.8745],[-43.30377,-22.87362],[-43.3034,-22.87358],[-43.30275,-22.873],[-43.30237,-22.87329],[-43.30166,-22.87297],[-43.30038,-22.87167],[-43.29968,-22.87144],[-43.29902,-22.87081],[-43.29781,-22.87035],[-43.29853,-22.86939],[-43.29852,-22.8677],[-43.30374,-22.86632],[-43.30492,-22.86622],[-43.30552,-22.86672],[-43.30636,-22.86572],[-43.30508,-22.86565],[-43.30483,-22.86488],[-43.30426,-22.86463],[-43.29991,-22.86045],[-43.29808,-22.85904],[-43.29843,-22.85902],[-43.29921,-22.85826],[-43.29969,-22.85809],[-43.30117,-22.85725],[-43.30177,-22.85736],[-43.30185,-22.85805],[-43.30305,-22.85835],[-43.30393,-22.85909],[-43.30292,-22.85931],[-43.30503,-22.8603],[-43.30612,-22.8609],[-43.30693,-22.8615],[-43.30766,-22.86183],[-43.30718,-22.86224],[-43.30747,-22.86286],[-43.30847,-22.86219],[-43.31127,-22.86137],[-43.31287,-22.86124],[-43.31443,-22.86134],[-43.31515,-22.86336],[-43.31138,-22.86816],[-43.31073,-22.86834],[-43.31002,-22.8691],[-43.31008,-22.86961],[-43.30978,-22.86995],[-43.30932,-22.86964],[-43.30885,-22.87003],[-43.30879,-22.87134],[-43.30901,-22.8722],[-43.31035,-22.871],[-43.31101,-22.8716],[-43.30896,-22.87343],[-43.30914,-22.87372],[-43.30927,-22.87491],[-43.30909,-22.87528],[-43.30842,-22.8754],[-43.30836,-22.87494],[-43.30761,-22.87529],[-43.30635,-22.87554],[-43.306,-22.87582],[-43.30477,-22.87632],[-43.30347,-22.8767]]]},"properties":{"codigo":"3304557151","name":"Tomás Coelho","population":20343,"households":9989,"areaKm2":1.777,"density":11447.8}},{"type":"Feature","geometry":{"type":"Polygon","coordinates":[[[-43.28526,-22.85834],[-43.28583,-22.85767],[-43.28427,-22.85701],[-43.28434,-22.85686],[-43.28674,-22.85577],[-43.29209,-22.85256],[-43.29353,-22.85492],[-43.294,-22.85537],[-43.29504,-22.85587],[-43.29537,-22.85622],[-43.29688,-22.8572],[-43.29729,-22.85833],[-43.29808,-22.85904],[-43.29991,-22.86045],[-43.30426,-22.86463],[-43.30483,-22.86488],[-43.30508,-22.86565],[-43.30636,-22.86572],[-43.30552,-22.86672],[-43.30492,-22.86622],[-43.30374,-22.86632],[-43.29852,-22.8677],[-43.29853,-22.86939],[-43.29781,-22.87035],[-43.29902,-22.87081],[-43.29727,-22.87194],[-43.29647,-22.87112],[-43.29592,-22.87131],[-43.29571,-22.87186],[-43.2965,-22.87265],[-43.29639,-22.87293],[-43.29547,-22.87223],[-43.29434,-22.87328],[-43.29382,-22.87339],[-43.29119,-22.8728],[-43.29093,-22.87312],[-43.28989,-22.87273],[-43.28921,-22.87292],[-43.28852,-22.87228],[-43.28932,-22.87108],[-43.29154,-22.8699],[-43.29461,-22.86889],[-43.29464,-22.86833],[-43.29318,-22.86798],[-43.29197,-22.8673],[-43.2905,-22.86613],[-43.28994,-22.86612],[-43.28898,-22.86682],[-43.28807,-22.86663],[-43.28785,-22.86634],[-43.28746,-22.86057],[-43.28763,-22.86022],[-43.28729,-22.85941],[-43.28745,-22.85875],[-43.28731,-22.85828],[-43.28608,-22.85866],[-43.28526,-22.85834]]]},"properties":{"codigo":"3304557150","name":"Engenho da Rainha","population":24188,"households":11169,"areaKm2":2.304,"density":10498.3}},{"type":"Feature","geometry":{"type":"Polygon","coordinates":[[[-43.33091,-22.80267],[-43.33444,-22.80292],[-43.34004,-22.80318],[-43.34541,-22.80357],[-43.3474,-22.80367],[-43.34846,-22.80377],[-43.34923,-22.80326],[-43.35165,-22.8029],[-43.35395,-22.80239],[-43.35632,-22.8027],[-43.3574,-22.80261],[-43.3593,-22.80294],[-43.35994,-22.80322],[-43.36174,-22.80445],[-43.36458,-22.8041],[-43.36548,-22.80407],[-43.36754,-22.80499],[-43.36999,-22.80528],[-43.37041,-22.80549],[-43.37234,-22.80718],[-43.37384,-22.80745],[-43.37451,-22.80764],[-43.37592,-22.80864],[-43.37632,-22.80917],[-43.37655,-22.81048],[-43.37717,-22.81089],[-43.37952,-22.81063],[-43.37981,-22.81075],[-43.38016,-22.81102],[-43.38109,-22.81118],[-43.38207,-22.81172],[-43.38287,-22.81188],[-43.38383,-22.81251],[-43.38448,-22.81371],[-43.38485,-22.814],[-43.38621,-22.81423],[-43.38758,-22.81479],[-43.38791,-22.81477],[-43.38938,-22.81382],[-43.39001,-22.81363],[-43.39045,-22.81377],[-43.38846,-22.81633],[-43.38716,-22.81739],[-43.38622,-22.81832],[-43.38185,-22.82315],[-43.38003,-22.82513],[-43.37918,-22.82502],[-43.37854,-22.82441],[-43.37805,-22.82439],[-43.37833,-22.82354],[-43.37805,-22.82268],[-43.37737,-22.82164],[-43.37553,-22.82004],[-43.37503,-22.81986],[-43.37399,-22.82002],[-43.37295,-22.81994],[-43.37188,-22.82036],[-43.3701,-22.8204],[-43.37,-22.81664],[-43.36895,-22.81628],[-43.36858,-22.81755],[-43.36843,-22.81855],[-43.36812,-22.81902],[-43.36636,-22.81926],[-43.36586,-22.81973],[-43.3656,-22.82032],[-43.36437,-22.82042],[-43.36364,-22.82035],[-43.36342,-22.82068],[-43.36264,-22.82094],[-43.363,-22.8224],[-43.36223,-22.82333],[-43.36123,-22.82367],[-43.36053,-22.82441],[-43.36023,-22.82536],[-43.3598,-22.82593],[-43.35942,-22.82611],[-43.35796,-22.82613],[-43.35796,-22.82642],[-43.35708,-22.82649],[-43.3569,-22.82605],[-43.35615,-22.82551],[-43.35325,-22.82446],[-43.35181,-22.82289],[-43.35115,-22.82293],[-43.35159,-22.82136],[-43.35198,-22.82033],[-43.35157,-22.81985],[-43.35069,-22.81926],[-43.34971,-22.8189],[-43.34789,-22.81793],[-43.34718,-22.81772],[-43.34711,-22.81713],[-43.34736,-22.81272],[-43.34729,-22.81151],[-43.34708,-22.81086],[-43.34621,-22.80937],[-43.34574,-22.80895],[-43.34469,-22.80858],[-43.34096,-22.80879],[-43.34031,-22.80841],[-43.33987,-22.80772],[-43.33088,-22.81266],[-43.33044,-22.81162],[-43.33052,-22.81097],[-43.33126,-22.80986],[-43.33138,-22.8089],[-43.3307,-22.80738],[-43.32876,-22.80559],[-43.32778,-22.80384],[-43.32759,-22.80251],[-43.32773,-22.80226],[-43.32891,-22.80264],[-43.33091,-22.80267]]]},"properties":{"codigo":"3304557141","name":"Pavuna","population":95337,"households":40928,"areaKm2":8.2649,"density":11535.1}},{"type":"Feature","geometry":{"type":"Polygon","coordinates":[[[-43.18734,-22.89905],[-43.1867,-22.89934],[-43.18555,-22.8993],[-43.18507,-22.89955],[-43.18447,-22.89932],[-43.18389,-22.89988],[-43.18285,-22.89989],[-43.18252,-22.90035],[-43.18192,-22.89981],[-43.18213,-22.89943],[-43.18196,-22.89886],[-43.18143,-22.89838],[-43.18096,-22.89753],[-43.18221,-22.89709],[-43.18183,-22.89614],[-43.1815,-22.89616],[-43.18118,-22.89541],[-43.18637,-22.89362],[-43.18712,-22.89545],[-43.18741,-22.89558],[-43.18752,-22.89649],[-43.18793,-22.89726],[-43.1874,-22.89761],[-43.18759,-22.89852],[-43.18734,-22.89905]]]},"properties":{"codigo":"3304557152","name":"Saúde","population":1876,"households":1001,"areaKm2":0.3378,"density":5553.6}},{"type":"Feature","geometry":{"type":"MultiPolygon","coordinates":[[[[-43.3975,-22.84542],[-43.39681,-22.84538],[-43.39717,-22.84443],[-43.39773,-22.84354],[-43.39731,-22.84275],[-43.39795,-22.84142],[-43.39792,-22.84016],[-43.39697,-22.84022],[-43.39686,-22.84069],[-43.3959,-22.84048],[-43.39483,-22.84007],[-43.3947,-22.83955],[-43.39289,-22.83884],[-43.39282,-22.83898],[-43.39032,-22.83797],[-43.3887,-22.83782],[-43.38885,-22.83733],[-43.38775,-22.83723],[-43.38707,-22.83703],[-43.38684,-22.83649],[-43.38613,-22.83624],[-43.38577,-22.83544],[-43.38453,-22.83404],[-43.38401,-22.8337],[-43.38411,-22.83309],[-43.3838,-22.83273],[-43.38579,-22.83055],[-43.3861,-22.83006],[-43.3868,-22.82944],[-43.38756,-22.82953],[-43.38758,-22.82887],[-43.38806,-22.82832],[-43.38957,-22.82704],[-43.39126,-22.82709],[-43.39182,-22.8267],[-43.39249,-22.82735],[-43.3926,-22.82848],[-43.39248,-22.82928],[-43.39356,-22.82935],[-43.39421,-22.82962],[-43.39508,-22.8306],[-43.39526,-22.83101],[-43.39632,-22.83131],[-43.39565,-22.83216],[-43.3954,-22.83278],[-43.39515,-22.83399],[-43.39533,-22.83567],[-43.39571,-22.83646],[-43.39619,-22.83706],[-43.39721,-22.83787],[-43.39785,-22.83683],[-43.39978,-22.83651],[-43.40067,-22.83689],[-43.40158,-22.8379],[-43.40209,-22.83806],[-43.40233,-22.83722],[-43.40283,-22.83669],[-43.4038,-22.83676],[-43.40638,-22.83918],[-43.40727,-22.83825],[-43.40766,-22.83828],[-43.4082,-22.83769],[-43.40864,-22.8377],[-43.40917,-22.83848],[-43.41081,-22.83993],[-43.41131,-22.84086],[-43.40826,-22.84442],[-43.40657,-22.84651],[-43.40396,-22.84481],[-43.40296,-22.84534],[-43.40261,-22.84511],[-43.3975,-22.84542]]],[[[-43.38289,-22.83726],[-43.381,-22.83649],[-43.3809,-22.83622],[-43.38219,-22.83623],[-43.3834,-22.83673],[-43.38465,-22.83697],[-43.38572,-22.83663],[-43.38684,-22.83649],[-43.38645,-22.83678],[-43.38621,-22.83755],[-43.38289,-22.83726]]]]},"properties":{"codigo":"3304557127","name":"Ricardo de Albuquerque","population":27779,"households":11178,"areaKm2":2.3123,"density":12013.6}},{"type":"Feature","geometry":{"type":"Polygon","coordinates":[[[-43.17965,-22.81368],[-43.17798,-22.81326],[-43.17509,-22.81242],[-43.17631,-22.81183],[-43.17656,-22.81102],[-43.17718,-22.81085],[-43.17735,-22.81033],[-43.17751,-22.80795],[-43.17737,-22.80763],[-43.17745,-22.80609],[-43.17786,-22.80621],[-43.1778,-22.80773],[-43.17851,-22.80806],[-43.17886,-22.80769],[-43.17959,-22.80763],[-43.18034,-22.80726],[-43.18091,-22.80724],[-43.18249,-22.80873],[-43.18316,-22.81048],[-43.18318,-22.81079],[-43.18209,-22.81102],[-43.18145,-22.81153],[-43.18114,-22.81236],[-43.18023,-22.8124],[-43.18017,-22.81286],[-43.17965,-22.81368]]]},"properties":{"codigo":"3304557113","name":"Praia da Bandeira","population":5153,"households":2442,"areaKm2":0.3266,"density":15778.9}},{"type":"Feature","geometry":{"type":"Polygon","coordinates":[[[-43.34272,-22.86874],[-43.34342,-22.86876],[-43.34516,-22.86751],[-43.34607,-22.86706],[-43.34681,-22.86631],[-43.34665,-22.86602],[-43.34808,-22.86527],[-43.34756,-22.86481],[-43.34724,-22.86355],[-43.3486,-22.863],[-43.34917,-22.86202],[-43.34924,-22.86113],[-43.34975,-22.86164],[-43.35045,-22.86104],[-43.34992,-22.86055],[-43.35044,-22.85974],[-43.35075,-22.86003],[-43.35191,-22.85954],[-43.35246,-22.86048],[-43.35233,-22.86106],[-43.35273,-22.86115],[-43.35353,-22.86295],[-43.35333,-22.86345],[-43.35279,-22.86376],[-43.35259,-22.86506],[-43.3538,-22.86494],[-43.3543,-22.86502],[-43.35432,-22.86604],[-43.3541,-22.8668],[-43.35288,-22.86752],[-43.35354,-22.86794],[-43.35376,-22.86854],[-43.35427,-22.86867],[-43.3553,-22.86938],[-43.35575,-22.87016],[-43.35642,-22.87062],[-43.3571,-22.87136],[-43.3573,-22.87193],[-43.35728,-22.87275],[-43.35704,-22.87344],[-43.35691,-22.87518],[-43.3567,-22.87551],[-43.35652,-22.87663],[-43.35639,-22.87851],[-43.35664,-22.87912],[-43.35644,-22.87981],[-43.35589,-22.87989],[-43.35428,-22.88066],[-43.35401,-22.88105],[-43.3531,-22.8812],[-43.353,-22.88142],[-43.35159,-22.88171],[-43.35106,-22.88201],[-43.35128,-22.88361],[-43.35051,-22.88398],[-43.3503,-22.88432],[-43.34951,-22.88423],[-43.34934,-22.88294],[-43.34982,-22.88198],[-43.34876,-22.88074],[-43.34835,-22.87942],[-43.34848,-22.87902],[-43.34787,-22.87773],[-43.34726,-22.87821],[-43.34695,-22.87781],[-43.34728,-22.87735],[-43.34707,-22.87682],[-43.34747,-22.87648],[-43.34688,-22.87536],[-43.34648,-22.87503],[-43.34643,-22.87414],[-43.34616,-22.87373],[-43.34543,-22.87377],[-43.34492,-22.87275],[-43.34508,-22.87238],[-43.34427,-22.87213],[-43.34283,-22.87076],[-43.34254,-22.87018],[-43.34202,-22.86981],[-43.34257,-22.86952],[-43.34272,-22.86874]]]},"properties":{"codigo":"3304557078","name":"Oswaldo Cruz","population":29819,"households":14105,"areaKm2":2.1119,"density":14119.2}},{"type":"Feature","geometry":{"type":"Polygon","coordinates":[[[-43.44526,-22.95975],[-43.44545,-22.96039],[-43.44603,-22.9613],[-43.44642,-22.96362],[-43.44637,-22.96436],[-43.44661,-22.96629],[-43.44617,-22.96715],[-43.44577,-22.96756],[-43.44516,-22.96747],[-43.44436,-22.96693],[-43.44368,-22.96692],[-43.44284,-22.96715],[-43.4422,-22.96751],[-43.44148,-22.96836],[-43.44033,-22.96879],[-43.43898,-22.96998],[-43.43858,-22.97128],[-43.43858,-22.97223],[-43.43893,-22.97328],[-43.43834,-22.9736],[-43.43789,-22.97452],[-43.4381,-22.97581],[-43.43905,-22.97795],[-43.43927,-22.97905],[-43.44006,-22.97967],[-43.44126,-22.98169],[-43.43864,-22.98201],[-43.43797,-22.98241],[-43.43714,-22.98224],[-43.43648,-22.98319],[-43.43609,-22.98455],[-43.43462,-22.98505],[-43.43474,-22.98559],[-43.43436,-22.98581],[-43.43391,-22.98538],[-43.43312,-22.9858],[-43.43197,-22.9862],[-43.43165,-22.986],[-43.43093,-22.98775],[-43.43034,-22.98723],[-43.42873,-22.98716],[-43.42846,-22.98576],[-43.42797,-22.98605],[-43.42815,-22.98719],[-43.42868,-22.98879],[-43.42866,-22.98977],[-43.4283,-22.99016],[-43.4274,-22.99196],[-43.4261,-22.99218],[-43.42086,-22.99097],[-43.42075,-22.99111],[-43.41785,-22.98924],[-43.4161,-22.9879],[-43.41491,-22.98753],[-43.41441,-22.98649],[-43.41363,-22.98602],[-43.41086,-22.98238],[-43.41611,-22.97824],[-43.41595,-22.97798],[-43.41344,-22.97589],[-43.41344,-22.97556],[-43.41459,-22.97483],[-43.41523,-22.97399],[-43.41785,-22.97315],[-43.41853,-22.97316],[-43.41973,-22.97363],[-43.42099,-22.9735],[-43.42111,-22.97303],[-43.42165,-22.97239],[-43.42356,-22.9717],[-43.42445,-22.97093],[-43.4246,-22.97054],[-43.42548,-22.9699],[-43.42501,-22.96892],[-43.42599,-22.96831],[-43.42551,-22.96745],[-43.42594,-22.96673],[-43.42561,-22.96561],[-43.4256,-22.96498],[-43.426,-22.96395],[-43.42604,-22.96317],[-43.42672,-22.96227],[-43.42815,-22.95908],[-43.42816,-22.95766],[-43.42844,-22.95696],[-43.42959,-22.95663],[-43.43123,-22.95694],[-43.43315,-22.95669],[-43.43467,-22.95678],[-43.4367,-22.95589],[-43.43691,-22.95521],[-43.43663,-22.95472],[-43.43651,-22.95261],[-43.43638,-22.9516],[-43.43624,-22.94866],[-43.43663,-22.94784],[-43.43706,-22.94751],[-43.43789,-22.94756],[-43.43854,-22.94708],[-43.44052,-22.94645],[-43.44195,-22.94557],[-43.44281,-22.94526],[-43.44224,-22.94574],[-43.44196,-22.94639],[-43.44171,-22.9477],[-43.44301,-22.9489],[-43.44423,-22.94878],[-43.44545,-22.94883],[-43.44599,-22.94899],[-43.44601,-22.9497],[-43.44579,-22.95028],[-43.44618,-22.9522],[-43.44662,-22.95289],[-43.44681,-22.9538],[-43.44672,-22.9547],[-43.44641,-22.95528],[-43.44659,-22.9561],[-43.44639,-22.95659],[-43.44743,-22.95719],[-43.44678,-22.95752],[-43.44634,-22.95816],[-43.4463,-22.95904],[-43.44606,-22.95961],[-43.44526,-22.95975]]]},"properties":{"codigo":"3304557132","name":"Camorim","population":7037,"households":6038,"areaKm2":8.6482,"density":813.7}},{"type":"Feature","geometry":{"type":"Polygon","coordinates":[[[-43.2357,-22.90087],[-43.2362,-22.90045],[-43.23778,-22.9],[-43.23869,-22.90007],[-43.23906,-22.90055],[-43.23963,-22.90053],[-43.23955,-22.89983],[-43.23979,-22.89908],[-43.24052,-22.89911],[-43.24135,-22.89951],[-43.24132,-22.90002],[-43.24148,-22.90308],[-43.2411,-22.90461],[-43.24014,-22.90582],[-43.23844,-22.90722],[-43.23732,-22.90799],[-43.23767,-22.90844],[-43.23626,-22.90933],[-43.23559,-22.90958],[-43.23537,-22.90891],[-43.23298,-22.90936],[-43.22693,-22.91013],[-43.22511,-22.9101],[-43.22402,-22.90982],[-43.22427,-22.9095],[-43.22507,-22.90955],[-43.22634,-22.90924],[-43.22716,-22.90858],[-43.2277,-22.90777],[-43.22759,-22.90742],[-43.2286,-22.90654],[-43.22999,-22.90668],[-43.2303,-22.90686],[-43.23029,-22.90768],[-43.23149,-22.90804],[-43.23189,-22.90733],[-43.232,-22.90607],[-43.23192,-22.90411],[-43.23235,-22.90372],[-43.23231,-22.90195],[-43.23277,-22.90148],[-43.23277,-22.90109],[-43.23381,-22.90128],[-43.23383,-22.90058],[-43.23448,-22.90046],[-43.23509,-22.90111],[-43.2357,-22.90087]]]},"properties":{"codigo":"3304557027","name":"Mangueira","population":18247,"households":7123,"areaKm2":0.969,"density":18829.8}},{"type":"Feature","geometry":{"type":"Polygon","coordinates":[[[-43.3598,-22.82593],[-43.36015,-22.82604],[-43.36061,-22.82498],[-43.36355,-22.82706],[-43.36318,-22.82752],[-43.36439,-22.82828],[-43.36398,-22.82877],[-43.36501,-22.82955],[-43.36593,-22.82987],[-43.36603,-22.83102],[-43.36655,-22.83073],[-43.36736,-22.83105],[-43.36762,-22.83053],[-43.36919,-22.83082],[-43.37002,-22.83036],[-43.36974,-22.82996],[-43.37029,-22.82902],[-43.37102,-22.82994],[-43.37276,-22.83055],[-43.37338,-22.83093],[-43.37347,-22.83181],[-43.37387,-22.83213],[-43.37054,-22.83591],[-43.36872,-22.83813],[-43.36787,-22.83954],[-43.36702,-22.83887],[-43.36577,-22.8383],[-43.36467,-22.83906],[-43.36389,-22.83985],[-43.36324,-22.84094],[-43.3619,-22.84517],[-43.3614,-22.84589],[-43.36039,-22.84678],[-43.35959,-22.84577],[-43.35848,-22.84481],[-43.35792,-22.84388],[-43.35803,-22.84277],[-43.35836,-22.84215],[-43.36023,-22.83695],[-43.36014,-22.83576],[-43.35972,-22.83466],[-43.35962,-22.83387],[-43.35844,-22.82867],[-43.35708,-22.82649],[-43.35796,-22.82642],[-43.35796,-22.82613],[-43.35942,-22.82611],[-43.3598,-22.82593]]]},"properties":{"codigo":"3304557139","name":"Barros Filho","population":20444,"households":8630,"areaKm2":1.7824,"density":11470}},{"type":"Feature","geometry":{"type":"Polygon","coordinates":[[[-43.26298,-22.89867],[-43.26348,-22.89877],[-43.26315,-22.89946],[-43.26327,-22.90008],[-43.26376,-22.9001],[-43.26484,-22.90052],[-43.26489,-22.90123],[-43.26527,-22.9015],[-43.26503,-22.90205],[-43.26415,-22.902],[-43.26364,-22.90217],[-43.26389,-22.90301],[-43.26376,-22.90387],[-43.264,-22.90441],[-43.26395,-22.90535],[-43.2637,-22.90582],[-43.26416,-22.90599],[-43.26414,-22.90667],[-43.26253,-22.90804],[-43.2614,-22.90863],[-43.25956,-22.90942],[-43.25823,-22.91045],[-43.2565,-22.91109],[-43.25716,-22.90847],[-43.25688,-22.90818],[-43.25767,-22.90748],[-43.2583,-22.90604],[-43.25782,-22.90573],[-43.25809,-22.90525],[-43.25811,-22.90378],[-43.25837,-22.90282],[-43.25812,-22.90263],[-43.2584,-22.90179],[-43.25818,-22.90151],[-43.25864,-22.90073],[-43.25839,-22.90028],[-43.25837,-22.89918],[-43.2569,-22.89909],[-43.25709,-22.89761],[-43.25788,-22.89777],[-43.25839,-22.8975],[-43.2587,-22.89686],[-43.25994,-22.89712],[-43.26022,-22.89679],[-43.26036,-22.89529],[-43.26013,-22.89469],[-43.25872,-22.89482],[-43.25871,-22.89412],[-43.26036,-22.8939],[-43.26042,-22.89448],[-43.26106,-22.8944],[-43.26128,-22.89488],[-43.26116,-22.89703],[-43.26101,-22.89766],[-43.26195,-22.89741],[-43.26298,-22.89867]]]},"properties":{"codigo":"3304557050","name":"Sampaio","population":8832,"households":4158,"areaKm2":0.8422,"density":10486.3}},{"type":"Feature","geometry":{"type":"Polygon","coordinates":[[[-43.20957,-22.90927],[-43.20881,-22.91009],[-43.208,-22.91052],[-43.2083,-22.91101],[-43.20908,-22.91119],[-43.20955,-22.91246],[-43.2095,-22.91278],[-43.20829,-22.91349],[-43.20803,-22.91331],[-43.20519,-22.91246],[-43.20511,-22.91267],[-43.20337,-22.91214],[-43.203,-22.91308],[-43.20237,-22.91296],[-43.2018,-22.9132],[-43.20114,-22.91309],[-43.20035,-22.91354],[-43.1988,-22.91417],[-43.19713,-22.91413],[-43.19617,-22.91399],[-43.19489,-22.91395],[-43.19539,-22.9126],[-43.19444,-22.91174],[-43.19573,-22.91173],[-43.19576,-22.91139],[-43.1964,-22.90959],[-43.19698,-22.90841],[-43.19756,-22.90694],[-43.19833,-22.90465],[-43.19994,-22.90503],[-43.20275,-22.90613],[-43.20339,-22.90668],[-43.20612,-22.90835],[-43.20827,-22.90909],[-43.20957,-22.90927]]]},"properties":{"codigo":"3304557007","name":"Cidade Nova","population":4745,"households":2392,"areaKm2":0.9513,"density":4987.7}},{"type":"Feature","geometry":{"type":"Polygon","coordinates":[[[-43.31361,-22.82573],[-43.31464,-22.8262],[-43.31557,-22.82631],[-43.31649,-22.82668],[-43.31769,-22.8275],[-43.31944,-22.82793],[-43.31979,-22.82821],[-43.3193,-22.83116],[-43.31909,-22.83317],[-43.3188,-22.83319],[-43.31863,-22.83343],[-43.31712,-22.8331],[-43.31559,-22.83246],[-43.31412,-22.83259],[-43.31316,-22.83297],[-43.31124,-22.83297],[-43.31018,-22.83341],[-43.3099,-22.83305],[-43.30941,-22.83336],[-43.30896,-22.83325],[-43.30863,-22.83239],[-43.30815,-22.83232],[-43.30811,-22.83173],[-43.31294,-22.83027],[-43.31351,-22.82618],[-43.31361,-22.82573]]]},"properties":{"codigo":"3304557065","name":"Vista Alegre","population":7059,"households":3239,"areaKm2":0.5417,"density":13030.8}},{"type":"Feature","geometry":{"type":"Polygon","coordinates":[[[-43.38684,-22.83649],[-43.38572,-22.83663],[-43.38465,-22.83697],[-43.3834,-22.83673],[-43.38219,-22.83623],[-43.3809,-22.83622],[-43.381,-22.83649],[-43.38289,-22.83726],[-43.3801,-22.84614],[-43.37962,-22.84677],[-43.37976,-22.84723],[-43.37932,-22.84884],[-43.37936,-22.8498],[-43.37893,-22.85021],[-43.37718,-22.85016],[-43.37665,-22.85025],[-43.37524,-22.85077],[-43.37357,-22.85027],[-43.37269,-22.84958],[-43.37118,-22.8489],[-43.37002,-22.84849],[-43.36825,-22.84757],[-43.36747,-22.84745],[-43.36661,-22.84772],[-43.36465,-22.8474],[-43.36351,-22.84683],[-43.36318,-22.8468],[-43.36073,-22.84713],[-43.36039,-22.84678],[-43.3614,-22.84589],[-43.3619,-22.84517],[-43.36324,-22.84094],[-43.36389,-22.83985],[-43.36467,-22.83906],[-43.36577,-22.8383],[-43.36702,-22.83887],[-43.36787,-22.83954],[-43.36872,-22.83813],[-43.37054,-22.83591],[-43.37387,-22.83213],[-43.37681,-22.82874],[-43.37948,-22.82573],[-43.38009,-22.82563],[-43.38062,-22.82597],[-43.3816,-22.82598],[-43.3838,-22.82508],[-43.3841,-22.82532],[-43.38509,-22.82554],[-43.38474,-22.8263],[-43.38516,-22.82653],[-43.38524,-22.82703],[-43.38655,-22.8281],[-43.38701,-22.82904],[-43.3868,-22.82944],[-43.3861,-22.83006],[-43.38579,-22.83055],[-43.3838,-22.83273],[-43.38411,-22.83309],[-43.38401,-22.8337],[-43.38453,-22.83404],[-43.38577,-22.83544],[-43.38613,-22.83624],[-43.38684,-22.83649]]]},"properties":{"codigo":"3304557124","name":"Guadalupe","population":40820,"households":18450,"areaKm2":3.7577,"density":10863.1}},{"type":"Feature","geometry":{"type":"Polygon","coordinates":[[[-43.28518,-22.81852],[-43.27935,-22.82307],[-43.28037,-22.82434],[-43.28058,-22.82501],[-43.28108,-22.82582],[-43.28227,-22.82718],[-43.28249,-22.82767],[-43.28396,-22.82933],[-43.28408,-22.82965],[-43.28547,-22.83137],[-43.28584,-22.83082],[-43.28651,-22.83088],[-43.28795,-22.83021],[-43.28842,-22.83036],[-43.28881,-22.83094],[-43.28951,-22.83085],[-43.28968,-22.83128],[-43.29029,-22.83169],[-43.28888,-22.83231],[-43.28801,-22.83309],[-43.28836,-22.8333],[-43.28835,-22.83459],[-43.28882,-22.83587],[-43.29348,-22.83663],[-43.29856,-22.83736],[-43.30144,-22.83748],[-43.30236,-22.83774],[-43.30226,-22.83889],[-43.30257,-22.83882],[-43.30331,-22.83925],[-43.30209,-22.84117],[-43.30157,-22.84122],[-43.30118,-22.8416],[-43.30249,-22.84216],[-43.30402,-22.84304],[-43.30524,-22.84353],[-43.30625,-22.84472],[-43.30672,-22.84479],[-43.3068,-22.84526],[-43.30488,-22.84722],[-43.30249,-22.84596],[-43.30261,-22.84656],[-43.30085,-22.84917],[-43.3016,-22.85037],[-43.30067,-22.85064],[-43.30127,-22.85173],[-43.29971,-22.85184],[-43.29938,-22.85164],[-43.29838,-22.85302],[-43.29701,-22.85304],[-43.29659,-22.85333],[-43.29407,-22.85456],[-43.29353,-22.85492],[-43.29209,-22.85256],[-43.29588,-22.85031],[-43.29674,-22.84873],[-43.29687,-22.84822],[-43.29668,-22.84742],[-43.29693,-22.84608],[-43.29632,-22.84566],[-43.29498,-22.84553],[-43.29515,-22.84483],[-43.29457,-22.84457],[-43.29322,-22.84373],[-43.29114,-22.84266],[-43.2901,-22.84241],[-43.28973,-22.8419],[-43.28899,-22.84218],[-43.28855,-22.84193],[-43.28848,-22.84131],[-43.28772,-22.84048],[-43.28616,-22.84009],[-43.28559,-22.83927],[-43.28535,-22.83941],[-43.28462,-22.83877],[-43.28511,-22.83827],[-43.28432,-22.83756],[-43.28456,-22.83727],[-43.28304,-22.83572],[-43.2821,-22.83501],[-43.2818,-22.8351],[-43.28082,-22.83448],[-43.28024,-22.83359],[-43.2795,-22.83287],[-43.27956,-22.83244],[-43.27894,-22.83239],[-43.27794,-22.83131],[-43.27738,-22.83025],[-43.27703,-22.83042],[-43.27657,-22.82975],[-43.27692,-22.82933],[-43.27647,-22.82899],[-43.27603,-22.82921],[-43.27488,-22.82739],[-43.27456,-22.82717],[-43.27471,-22.82652],[-43.27423,-22.82617],[-43.27097,-22.82212],[-43.27079,-22.82173],[-43.26884,-22.81934],[-43.27158,-22.81362],[-43.2715,-22.81317],[-43.27302,-22.81081],[-43.27339,-22.81049],[-43.27953,-22.81299],[-43.28046,-22.8135],[-43.28303,-22.81596],[-43.28518,-22.81852]]]},"properties":{"codigo":"3304557041","name":"Penha Circular","population":36725,"households":18249,"areaKm2":4.7224,"density":7776.8}},{"type":"Feature","geometry":{"type":"Polygon","coordinates":[[[-43.494,-22.9991],[-43.49215,-22.99885],[-43.49191,-22.99894],[-43.48947,-22.9992],[-43.48505,-22.99837],[-43.48415,-22.99812],[-43.48326,-22.9977],[-43.48071,-22.99693],[-43.47965,-22.99523],[-43.47872,-22.99466],[-43.47793,-22.99392],[-43.47653,-22.99123],[-43.47347,-22.99004],[-43.47232,-22.98945],[-43.46878,-22.98948],[-43.46737,-22.99033],[-43.46175,-22.99389],[-43.45753,-22.99499],[-43.45493,-22.99563],[-43.45345,-22.99594],[-43.45288,-22.99594],[-43.44815,-22.99434],[-43.44665,-22.99395],[-43.44552,-22.99403],[-43.44262,-22.99405],[-43.44055,-22.99494],[-43.43848,-22.99516],[-43.43321,-22.99443],[-43.43192,-22.99409],[-43.42981,-22.99227],[-43.42889,-22.99185],[-43.4274,-22.99196],[-43.4283,-22.99016],[-43.42866,-22.98977],[-43.42868,-22.98879],[-43.42815,-22.98719],[-43.42797,-22.98605],[-43.42846,-22.98576],[-43.42873,-22.98716],[-43.43034,-22.98723],[-43.43093,-22.98775],[-43.43165,-22.986],[-43.43197,-22.9862],[-43.43312,-22.9858],[-43.43391,-22.98538],[-43.43436,-22.98581],[-43.43474,-22.98559],[-43.43462,-22.98505],[-43.43609,-22.98455],[-43.43648,-22.98319],[-43.43714,-22.98224],[-43.43797,-22.98241],[-43.43864,-22.98201],[-43.44126,-22.98169],[-43.44006,-22.97967],[-43.43927,-22.97905],[-43.43905,-22.97795],[-43.4381,-22.97581],[-43.43789,-22.97452],[-43.43834,-22.9736],[-43.43893,-22.97328],[-43.43858,-22.97223],[-43.43858,-22.97128],[-43.43898,-22.96998],[-43.44033,-22.96879],[-43.44148,-22.96836],[-43.4422,-22.96751],[-43.44284,-22.96715],[-43.44368,-22.96692],[-43.44436,-22.96693],[-43.44516,-22.96747],[-43.44577,-22.96756],[-43.44617,-22.96715],[-43.44661,-22.96629],[-43.44637,-22.96436],[-43.44642,-22.96362],[-43.44603,-22.9613],[-43.44545,-22.96039],[-43.44526,-22.95975],[-43.4483,-22.9604],[-43.45388,-22.96098],[-43.45431,-22.96128],[-43.45502,-22.96239],[-43.45882,-22.96413],[-43.45959,-22.96475],[-43.46072,-22.96664],[-43.46481,-22.97027],[-43.47009,-22.97022],[-43.47176,-22.97082],[-43.47344,-22.97057],[-43.47733,-22.97109],[-43.47929,-22.97174],[-43.47971,-22.97174],[-43.48036,-22.97235],[-43.48078,-22.97339],[-43.48163,-22.97385],[-43.48195,-22.97513],[-43.48137,-22.97538],[-43.48016,-22.97504],[-43.47968,-22.97513],[-43.47958,-22.97587],[-43.47917,-22.97676],[-43.47796,-22.97705],[-43.47795,-22.97747],[-43.47743,-22.9783],[-43.47735,-22.97875],[-43.47764,-22.97965],[-43.47803,-22.97991],[-43.47936,-22.98021],[-43.48009,-22.98],[-43.4817,-22.98021],[-43.48283,-22.98059],[-43.48318,-22.98022],[-43.48347,-22.97892],[-43.48338,-22.97781],[-43.48429,-22.978],[-43.48599,-22.97775],[-43.48807,-22.9761],[-43.48801,-22.97819],[-43.48895,-22.9798],[-43.48915,-22.98105],[-43.48874,-22.98185],[-43.48821,-22.98222],[-43.48776,-22.98317],[-43.48851,-22.98456],[-43.48865,-22.98601],[-43.48964,-22.98697],[-43.48873,-22.98787],[-43.49106,-22.99027],[-43.4902,-22.99102],[-43.48917,-22.99139],[-43.4888,-22.99112],[-43.48752,-22.99144],[-43.4879,-22.99334],[-43.48965,-22.9939],[-43.49148,-22.99429],[-43.4937,-22.99454],[-43.49431,-22.99573],[-43.49493,-22.99542],[-43.49522,-22.99581],[-43.49434,-22.99837],[-43.494,-22.9991]]]},"properties":{"codigo":"3304557133","name":"Vargem Pequena","population":31307,"households":14196,"areaKm2":15.5558,"density":2012.6}},{"type":"Feature","geometry":{"type":"Polygon","coordinates":[[[-43.39871,-22.88547],[-43.39664,-22.88542],[-43.39172,-22.88504],[-43.39039,-22.88514],[-43.38868,-22.885],[-43.38841,-22.88618],[-43.38774,-22.88616],[-43.3875,-22.88692],[-43.38691,-22.88716],[-43.38526,-22.88713],[-43.38295,-22.88639],[-43.3827,-22.88651],[-43.3811,-22.88572],[-43.37979,-22.88554],[-43.37801,-22.88582],[-43.37718,-22.88572],[-43.37624,-22.88493],[-43.37627,-22.88395],[-43.37584,-22.88394],[-43.37583,-22.88278],[-43.37527,-22.88049],[-43.37495,-22.87972],[-43.37464,-22.87714],[-43.37418,-22.87723],[-43.37348,-22.87686],[-43.37295,-22.87591],[-43.37439,-22.87242],[-43.37515,-22.87168],[-43.37564,-22.87027],[-43.37613,-22.86948],[-43.37809,-22.86695],[-43.37812,-22.86676],[-43.37831,-22.86673],[-43.38154,-22.86745],[-43.38156,-22.86821],[-43.38201,-22.86873],[-43.38466,-22.87056],[-43.38589,-22.8715],[-43.38638,-22.87203],[-43.3879,-22.87417],[-43.3885,-22.87469],[-43.38965,-22.87527],[-43.39149,-22.87589],[-43.39203,-22.87637],[-43.39235,-22.87793],[-43.39385,-22.87869],[-43.39417,-22.87919],[-43.39334,-22.88159],[-43.3966,-22.88392],[-43.39829,-22.88541],[-43.39871,-22.88547]]]},"properties":{"codigo":"3304557094","name":"Campo dos Afonsos","population":2106,"households":761,"areaKm2":3.1879,"density":660.6}},{"type":"Feature","geometry":{"type":"Polygon","coordinates":[[[-43.41972,-22.82858],[-43.4205,-22.8295],[-43.42146,-22.83192],[-43.42196,-22.83258],[-43.42367,-22.83224],[-43.42422,-22.83266],[-43.42557,-22.83582],[-43.42621,-22.83626],[-43.42717,-22.83659],[-43.4292,-22.83791],[-43.42989,-22.83783],[-43.43121,-22.83927],[-43.43514,-22.8408],[-43.43511,-22.84185],[-43.4345,-22.84285],[-43.43419,-22.84363],[-43.43388,-22.8439],[-43.43317,-22.84392],[-43.43246,-22.84371],[-43.43163,-22.84399],[-43.4312,-22.84435],[-43.43056,-22.84544],[-43.42882,-22.84659],[-43.42815,-22.84681],[-43.42655,-22.84679],[-43.42604,-22.84698],[-43.42591,-22.84624],[-43.42316,-22.84444],[-43.42227,-22.84405],[-43.42196,-22.84336],[-43.41821,-22.84201],[-43.41623,-22.84063],[-43.41381,-22.83812],[-43.41311,-22.83901],[-43.41131,-22.84086],[-43.41081,-22.83993],[-43.40917,-22.83848],[-43.40864,-22.8377],[-43.4082,-22.83769],[-43.40766,-22.83828],[-43.40727,-22.83825],[-43.40638,-22.83918],[-43.4038,-22.83676],[-43.40283,-22.83669],[-43.40233,-22.83722],[-43.40209,-22.83806],[-43.40158,-22.8379],[-43.40067,-22.83689],[-43.39978,-22.83651],[-43.39785,-22.83683],[-43.39721,-22.83787],[-43.39619,-22.83706],[-43.39571,-22.83646],[-43.39533,-22.83567],[-43.39515,-22.83399],[-43.3954,-22.83278],[-43.39565,-22.83216],[-43.39632,-22.83131],[-43.39887,-22.82907],[-43.39913,-22.82862],[-43.39965,-22.82834],[-43.40151,-22.82618],[-43.40273,-22.8249],[-43.40343,-22.82579],[-43.40335,-22.82615],[-43.40446,-22.8275],[-43.40448,-22.82934],[-43.40476,-22.83023],[-43.40527,-22.83052],[-43.40587,-22.8304],[-43.40612,-22.83074],[-43.40664,-22.83059],[-43.40715,-22.83117],[-43.40707,-22.83198],[-43.40796,-22.8333],[-43.40892,-22.83445],[-43.40966,-22.83481],[-43.41374,-22.8319],[-43.41767,-22.82645],[-43.41776,-22.82624],[-43.4191,-22.82797],[-43.41972,-22.82858]]]},"properties":{"codigo":"3304557126","name":"Parque Anchieta","population":21552,"households":9972,"areaKm2":3.9255,"density":5490.3}},{"type":"Feature","geometry":{"type":"Polygon","coordinates":[[[-43.25431,-22.98339],[-43.25569,-22.98452],[-43.25697,-22.98766],[-43.25704,-22.98837],[-43.25679,-22.98913],[-43.25609,-22.98948],[-43.25513,-22.98974],[-43.25441,-22.9904],[-43.25368,-22.9907],[-43.25322,-22.99121],[-43.25252,-22.99098],[-43.25188,-22.99204],[-43.25189,-22.99229],[-43.2493,-22.99239],[-43.24934,-22.99258],[-43.25109,-22.99251],[-43.2525,-22.99275],[-43.25332,-22.99305],[-43.25307,-22.99367],[-43.25228,-22.99334],[-43.25193,-22.99343],[-43.25153,-22.99424],[-43.2503,-22.99578],[-43.24799,-22.99511],[-43.24428,-22.99324],[-43.2442,-22.99211],[-43.24365,-22.99165],[-43.24228,-22.99108],[-43.23983,-22.99047],[-43.24065,-22.98817],[-43.24132,-22.98685],[-43.24266,-22.98574],[-43.24375,-22.98571],[-43.24474,-22.98528],[-43.24542,-22.98446],[-43.24573,-22.98471],[-43.24754,-22.98456],[-43.24816,-22.98388],[-43.24946,-22.98378],[-43.25093,-22.98273],[-43.25141,-22.98267],[-43.25189,-22.98303],[-43.25185,-22.9834],[-43.25314,-22.98367],[-43.25431,-22.98339]]]},"properties":{"codigo":"3304557156","name":"Rocinha","population":72154,"households":32962,"areaKm2":1.4918,"density":48366.9}},{"type":"Feature","geometry":{"type":"Polygon","coordinates":[[[-43.63107,-22.86035],[-43.63487,-22.85884],[-43.63895,-22.85744],[-43.64298,-22.85596],[-43.64413,-22.85573],[-43.64603,-22.85617],[-43.64671,-22.85654],[-43.64955,-22.85713],[-43.6509,-22.85789],[-43.65368,-22.85993],[-43.65591,-22.86144],[-43.65772,-22.86285],[-43.65872,-22.8634],[-43.65988,-22.86359],[-43.66101,-22.86392],[-43.66285,-22.8646],[-43.66513,-22.86515],[-43.66627,-22.86513],[-43.66666,-22.86778],[-43.66354,-22.86811],[-43.66339,-22.86732],[-43.66296,-22.86713],[-43.66117,-22.86774],[-43.6584,-22.87166],[-43.65881,-22.87238],[-43.65972,-22.87298],[-43.66115,-22.87317],[-43.66167,-22.8736],[-43.66292,-22.87431],[-43.66532,-22.87649],[-43.6654,-22.87677],[-43.6649,-22.87911],[-43.66443,-22.87981],[-43.66448,-22.88061],[-43.6642,-22.88115],[-43.66357,-22.88104],[-43.66397,-22.88299],[-43.66252,-22.88177],[-43.66085,-22.88058],[-43.65976,-22.88054],[-43.65967,-22.88008],[-43.65734,-22.87928],[-43.65649,-22.87889],[-43.6557,-22.87893],[-43.65544,-22.87869],[-43.65468,-22.87893],[-43.65317,-22.87818],[-43.65396,-22.87539],[-43.65358,-22.87501],[-43.65312,-22.87546],[-43.65285,-22.87789],[-43.64962,-22.87772],[-43.64849,-22.87779],[-43.64733,-22.87809],[-43.64626,-22.8782],[-43.64337,-22.87743],[-43.64365,-22.87836],[-43.64349,-22.87913],[-43.64376,-22.87981],[-43.64261,-22.87987],[-43.64264,-22.88026],[-43.64383,-22.88023],[-43.64384,-22.88093],[-43.64345,-22.88094],[-43.64339,-22.88259],[-43.64394,-22.88278],[-43.64394,-22.88393],[-43.64731,-22.88488],[-43.65534,-22.88739],[-43.65477,-22.88756],[-43.65305,-22.88963],[-43.65298,-22.89],[-43.65341,-22.89351],[-43.64805,-22.89316],[-43.64938,-22.90527],[-43.65256,-22.90564],[-43.65248,-22.90465],[-43.65487,-22.90438],[-43.65584,-22.90485],[-43.65614,-22.90533],[-43.65803,-22.90694],[-43.65815,-22.90746],[-43.65999,-22.90872],[-43.66087,-22.9089],[-43.66174,-22.90944],[-43.66044,-22.9105],[-43.66067,-22.91105],[-43.65743,-22.91209],[-43.65636,-22.91292],[-43.65437,-22.91421],[-43.65335,-22.91501],[-43.65203,-22.91581],[-43.6524,-22.91632],[-43.65188,-22.9174],[-43.65173,-22.91856],[-43.65097,-22.91864],[-43.651,-22.91971],[-43.65137,-22.91984],[-43.6515,-22.92087],[-43.65106,-22.92119],[-43.64845,-22.92156],[-43.64719,-22.92261],[-43.64612,-22.92386],[-43.64459,-22.92396],[-43.6439,-22.92447],[-43.64258,-22.92614],[-43.64242,-22.92668],[-43.64298,-22.92741],[-43.64172,-22.92904],[-43.64024,-22.93062],[-43.63933,-22.93172],[-43.63959,-22.93187],[-43.63798,-22.93367],[-43.63703,-22.9346],[-43.63644,-22.93483],[-43.63608,-22.9344],[-43.6351,-22.93574],[-43.63475,-22.93586],[-43.63436,-22.93661],[-43.63368,-22.93687],[-43.6337,-22.93741],[-43.63289,-22.9375],[-43.63168,-22.93828],[-43.63048,-22.93962],[-43.62964,-22.93975],[-43.62717,-22.9392],[-43.62652,-22.93914],[-43.62279,-22.93733],[-43.62166,-22.93621],[-43.62158,-22.93207],[-43.62169,-22.93061],[-43.62157,-22.92862],[-43.62159,-22.92693],[-43.62169,-22.9264],[-43.62148,-22.92448],[-43.62129,-22.92401],[-43.62111,-22.92208],[-43.62129,-22.92151],[-43.62106,-22.921],[-43.62096,-22.91949],[-43.62316,-22.91977],[-43.62434,-22.91973],[-43.62459,-22.91868],[-43.62452,-22.91815],[-43.62468,-22.91639],[-43.62497,-22.91641],[-43.62548,-22.91531],[-43.62525,-22.91488],[-43.62887,-22.91564],[-43.629,-22.91528],[-43.62659,-22.91479],[-43.62603,-22.91413],[-43.62693,-22.9129],[-43.62767,-22.91207],[-43.62771,-22.9117],[-43.62684,-22.91105],[-43.62867,-22.90891],[-43.62821,-22.90798],[-43.62713,-22.90725],[-43.6278,-22.90568],[-43.62643,-22.9036],[-43.62707,-22.90256],[-43.62438,-22.90081],[-43.62365,-22.90087],[-43.62256,-22.89967],[-43.62145,-22.89945],[-43.61932,-22.89808],[-43.6206,-22.89364],[-43.62147,-22.89094],[-43.61931,-22.88727],[-43.61889,-22.88689],[-43.61826,-22.88591],[-43.61839,-22.88562],[-43.61831,-22.88541],[-43.61945,-22.88494],[-43.62067,-22.8847],[-43.62143,-22.8844],[-43.62048,-22.88238],[-43.62092,-22.88218],[-43.61925,-22.87879],[-43.61647,-22.87785],[-43.61578,-22.87808],[-43.61245,-22.87871],[-43.61183,-22.878],[-43.61113,-22.87688],[-43.61494,-22.87476],[-43.61604,-22.87397],[-43.62491,-22.86242],[-43.62974,-22.86072],[-43.63107,-22.86035]]]},"properties":{"codigo":"3304557106","name":"Paciência","population":105701,"households":45050,"areaKm2":26.9548,"density":3921.4}},{"type":"Feature","geometry":{"type":"Polygon","coordinates":[[[-43.27566,-23.00325],[-43.2757,-23.00298],[-43.27473,-23.00228],[-43.26985,-23.00099],[-43.26538,-23.00018],[-43.26167,-22.99984],[-43.25665,-22.99987],[-43.25532,-22.99983],[-43.25207,-22.99911],[-43.25029,-22.99963],[-43.2494,-22.99951],[-43.24959,-22.99903],[-43.24952,-22.99813],[-43.24888,-22.99799],[-43.24862,-22.99738],[-43.2515,-22.99745],[-43.2503,-22.99578],[-43.25153,-22.99424],[-43.25193,-22.99343],[-43.25228,-22.99334],[-43.25307,-22.99367],[-43.25332,-22.99305],[-43.2525,-22.99275],[-43.25109,-22.99251],[-43.24934,-22.99258],[-43.2493,-22.99239],[-43.25189,-22.99229],[-43.25188,-22.99204],[-43.25252,-22.99098],[-43.25322,-22.99121],[-43.25368,-22.9907],[-43.25441,-22.9904],[-43.25513,-22.98974],[-43.25609,-22.98948],[-43.25679,-22.98913],[-43.25704,-22.98837],[-43.25697,-22.98766],[-43.25569,-22.98452],[-43.25431,-22.98339],[-43.25466,-22.9829],[-43.2552,-22.98093],[-43.25572,-22.98018],[-43.2566,-22.97978],[-43.25787,-22.97957],[-43.25858,-22.97977],[-43.25971,-22.9805],[-43.26076,-22.98076],[-43.26212,-22.98126],[-43.26377,-22.98213],[-43.26628,-22.98253],[-43.27088,-22.98183],[-43.27293,-22.98175],[-43.27428,-22.98218],[-43.27502,-22.98228],[-43.27646,-22.98227],[-43.27867,-22.98191],[-43.27897,-22.98354],[-43.28166,-22.98592],[-43.28271,-22.98794],[-43.28286,-22.98913],[-43.28421,-22.99014],[-43.28498,-22.99245],[-43.28535,-22.9953],[-43.28469,-22.99654],[-43.28469,-22.99745],[-43.28466,-23.00026],[-43.28478,-23.00115],[-43.27721,-23.00112],[-43.27653,-23.00089],[-43.27553,-23.00109],[-43.27524,-23.00192],[-43.27624,-23.00275],[-43.27566,-23.00325]]]},"properties":{"codigo":"3304557025","name":"São Conrado","population":9739,"households":4645,"areaKm2":6.4546,"density":1508.9}},{"type":"Feature","geometry":{"type":"Polygon","coordinates":[[[-43.32773,-22.80226],[-43.32759,-22.80251],[-43.32778,-22.80384],[-43.32876,-22.80559],[-43.3307,-22.80738],[-43.33138,-22.8089],[-43.33126,-22.80986],[-43.33052,-22.81097],[-43.33044,-22.81162],[-43.33088,-22.81266],[-43.32923,-22.81363],[-43.32267,-22.81707],[-43.31922,-22.81895],[-43.31823,-22.81935],[-43.31655,-22.81841],[-43.31618,-22.81811],[-43.31716,-22.81608],[-43.31678,-22.81574],[-43.31714,-22.81493],[-43.31604,-22.81447],[-43.31606,-22.81394],[-43.31775,-22.81064],[-43.31747,-22.81009],[-43.31793,-22.80971],[-43.31859,-22.80795],[-43.31929,-22.80809],[-43.31994,-22.80541],[-43.32035,-22.8051],[-43.32008,-22.80473],[-43.32041,-22.80341],[-43.32065,-22.80312],[-43.32082,-22.8016],[-43.32294,-22.80126],[-43.32505,-22.80111],[-43.32594,-22.80128],[-43.32705,-22.80172],[-43.32773,-22.80226]]]},"properties":{"codigo":"3304557046","name":"Jardim América","population":20244,"households":9787,"areaKm2":1.9562,"density":10348.4}},{"type":"Feature","geometry":{"type":"Polygon","coordinates":[[[-43.29382,-22.87339],[-43.29434,-22.87328],[-43.29547,-22.87223],[-43.29639,-22.87293],[-43.2965,-22.87265],[-43.29571,-22.87186],[-43.29592,-22.87131],[-43.29647,-22.87112],[-43.29727,-22.87194],[-43.29902,-22.87081],[-43.29968,-22.87144],[-43.30038,-22.87167],[-43.30166,-22.87297],[-43.30237,-22.87329],[-43.30275,-22.873],[-43.3034,-22.87358],[-43.30377,-22.87362],[-43.30377,-22.8745],[-43.30355,-22.8751],[-43.30363,-22.87601],[-43.30347,-22.8767],[-43.30342,-22.8775],[-43.30362,-22.87804],[-43.30335,-22.87869],[-43.30262,-22.87854],[-43.30225,-22.87913],[-43.30245,-22.87966],[-43.30198,-22.87972],[-43.30074,-22.87887],[-43.30055,-22.87904],[-43.30178,-22.87992],[-43.3012,-22.88058],[-43.30008,-22.87995],[-43.29939,-22.88177],[-43.29943,-22.88229],[-43.29868,-22.88226],[-43.29823,-22.88278],[-43.29793,-22.88268],[-43.29743,-22.88359],[-43.29735,-22.88422],[-43.29696,-22.88511],[-43.29646,-22.88529],[-43.29562,-22.88597],[-43.29459,-22.88755],[-43.29523,-22.88809],[-43.29571,-22.88752],[-43.29601,-22.88767],[-43.29521,-22.88867],[-43.29457,-22.88889],[-43.29314,-22.88774],[-43.29325,-22.88733],[-43.29267,-22.88678],[-43.29162,-22.88518],[-43.29175,-22.88478],[-43.29093,-22.88457],[-43.29047,-22.88353],[-43.28949,-22.88291],[-43.28945,-22.88255],[-43.28858,-22.88292],[-43.28751,-22.88257],[-43.28681,-22.88182],[-43.28683,-22.88104],[-43.28749,-22.88078],[-43.28835,-22.88019],[-43.28942,-22.87925],[-43.28916,-22.87901],[-43.28949,-22.87776],[-43.29051,-22.8768],[-43.29149,-22.8764],[-43.29379,-22.87412],[-43.29382,-22.87339]]]},"properties":{"codigo":"3304557061","name":"Pilares","population":23518,"households":10887,"areaKm2":1.7325,"density":13574.2}},{"type":"Feature","geometry":{"type":"MultiPolygon","coordinates":[[[[-43.18035,-22.79919],[-43.17891,-22.79906],[-43.17743,-22.79954],[-43.1772,-22.8004],[-43.17645,-22.80086],[-43.17521,-22.80118],[-43.17476,-22.8001],[-43.17395,-22.79905],[-43.17321,-22.79888],[-43.17265,-22.79852],[-43.17204,-22.79773],[-43.1721,-22.79709],[-43.17244,-22.7967],[-43.17348,-22.79682],[-43.17561,-22.79477],[-43.17625,-22.79405],[-43.18069,-22.7897],[-43.18528,-22.78511],[-43.18565,-22.78536],[-43.18613,-22.7848],[-43.18688,-22.78465],[-43.1879,-22.78353],[-43.18923,-22.78313],[-43.18941,-22.78341],[-43.18975,-22.78545],[-43.19033,-22.78785],[-43.18834,-22.78848],[-43.18722,-22.78862],[-43.187,-22.78928],[-43.18593,-22.78981],[-43.1856,-22.79033],[-43.18472,-22.79122],[-43.18367,-22.7914],[-43.18262,-22.7923],[-43.18113,-22.79389],[-43.18201,-22.79474],[-43.18167,-22.79509],[-43.18066,-22.79472],[-43.18034,-22.79505],[-43.17972,-22.79489],[-43.17921,-22.79526],[-43.17886,-22.79676],[-43.17907,-22.79738],[-43.17816,-22.79783],[-43.17955,-22.79838],[-43.18035,-22.79919]]],[[[-43.16879,-22.79976],[-43.16932,-22.80007],[-43.16938,-22.80058],[-43.16845,-22.80019],[-43.16879,-22.79976]]]]},"properties":{"codigo":"3304557115","name":"Bancários","population":11062,"households":5121,"areaKm2":1.0099,"density":10954.1}},{"type":"Feature","geometry":{"type":"Polygon","coordinates":[[[-43.41045,-22.86363],[-43.41191,-22.86353],[-43.41366,-22.86328],[-43.4155,-22.86405],[-43.41623,-22.86504],[-43.4167,-22.86693],[-43.4194,-22.86674],[-43.41925,-22.86758],[-43.41961,-22.86872],[-43.4193,-22.86899],[-43.41928,-22.87053],[-43.41967,-22.8709],[-43.41941,-22.87176],[-43.41977,-22.87326],[-43.41968,-22.87389],[-43.41917,-22.87391],[-43.41935,-22.87494],[-43.41843,-22.87576],[-43.42047,-22.87763],[-43.42021,-22.87796],[-43.41967,-22.87764],[-43.41837,-22.87836],[-43.418,-22.8781],[-43.41745,-22.87822],[-43.41717,-22.87864],[-43.41583,-22.87873],[-43.41542,-22.87943],[-43.41486,-22.87969],[-43.4138,-22.88088],[-43.41329,-22.88082],[-43.41206,-22.88168],[-43.41088,-22.8822],[-43.41054,-22.8827],[-43.40926,-22.88266],[-43.40928,-22.88245],[-43.40748,-22.87677],[-43.40724,-22.87689],[-43.4061,-22.87677],[-43.40538,-22.87696],[-43.40511,-22.87633],[-43.40742,-22.87359],[-43.40825,-22.87275],[-43.40772,-22.87192],[-43.40794,-22.87107],[-43.40869,-22.87172],[-43.4094,-22.87107],[-43.41005,-22.86999],[-43.41073,-22.87017],[-43.41166,-22.86956],[-43.41272,-22.86772],[-43.40913,-22.86599],[-43.41045,-22.86363]]]},"properties":{"codigo":"3304557096","name":"Magalhães Bastos","population":20636,"households":9202,"areaKm2":1.8869,"density":10936.3}},{"type":"Feature","geometry":{"type":"Polygon","coordinates":[[[-43.19798,-22.92607],[-43.19707,-22.92502],[-43.19645,-22.92377],[-43.19533,-22.9239],[-43.19504,-22.92338],[-43.19523,-22.92285],[-43.19577,-22.92247],[-43.1955,-22.92165],[-43.19435,-22.92083],[-43.19356,-22.92106],[-43.19314,-22.92074],[-43.19356,-22.91955],[-43.19312,-22.91829],[-43.1938,-22.91832],[-43.19406,-22.91725],[-43.19387,-22.91634],[-43.19404,-22.91521],[-43.19457,-22.91479],[-43.19489,-22.91395],[-43.19617,-22.91399],[-43.19713,-22.91413],[-43.1969,-22.91519],[-43.19727,-22.91535],[-43.197,-22.91605],[-43.19898,-22.91692],[-43.19992,-22.91844],[-43.19996,-22.91899],[-43.20115,-22.92016],[-43.20093,-22.92053],[-43.20148,-22.92119],[-43.20125,-22.92157],[-43.20035,-22.92212],[-43.20061,-22.92261],[-43.1999,-22.9234],[-43.19964,-22.92448],[-43.19935,-22.9245],[-43.19896,-22.92515],[-43.19904,-22.92555],[-43.19833,-22.92622],[-43.19798,-22.92607]]]},"properties":{"codigo":"3304557005","name":"Catumbi","population":12201,"households":5303,"areaKm2":0.6314,"density":19324.6}},{"type":"Feature","geometry":{"type":"Polygon","coordinates":[[[-43.21981,-22.90964],[-43.21779,-22.91025],[-43.21529,-22.91018],[-43.21543,-22.91047],[-43.2176,-22.91145],[-43.21759,-22.91188],[-43.21675,-22.91282],[-43.21694,-22.9131],[-43.21642,-22.91277],[-43.216,-22.91287],[-43.21585,-22.91411],[-43.21533,-22.91491],[-43.21389,-22.91521],[-43.2135,-22.91622],[-43.21256,-22.91577],[-43.21229,-22.91626],[-43.21058,-22.91629],[-43.21005,-22.9157],[-43.21006,-22.91489],[-43.20982,-22.91333],[-43.20955,-22.91246],[-43.20908,-22.91119],[-43.2083,-22.91101],[-43.208,-22.91052],[-43.20881,-22.91009],[-43.20957,-22.90927],[-43.20972,-22.90685],[-43.2101,-22.90731],[-43.21046,-22.90704],[-43.21284,-22.90728],[-43.21345,-22.90746],[-43.21775,-22.90779],[-43.21813,-22.90795],[-43.21914,-22.90889],[-43.21964,-22.9092],[-43.21981,-22.90964]]]},"properties":{"codigo":"3304557029","name":"Praça da Bandeira","population":7215,"households":4193,"areaKm2":0.7312,"density":9867.5}},{"type":"Feature","geometry":{"type":"Polygon","coordinates":[[[-43.38003,-22.82513],[-43.37948,-22.82573],[-43.37681,-22.82874],[-43.37387,-22.83213],[-43.37347,-22.83181],[-43.37338,-22.83093],[-43.37276,-22.83055],[-43.37102,-22.82994],[-43.37029,-22.82902],[-43.36974,-22.82996],[-43.37002,-22.83036],[-43.36919,-22.83082],[-43.36762,-22.83053],[-43.36736,-22.83105],[-43.36655,-22.83073],[-43.36603,-22.83102],[-43.36593,-22.82987],[-43.36501,-22.82955],[-43.36398,-22.82877],[-43.36439,-22.82828],[-43.36318,-22.82752],[-43.36355,-22.82706],[-43.36061,-22.82498],[-43.36015,-22.82604],[-43.3598,-22.82593],[-43.36023,-22.82536],[-43.36053,-22.82441],[-43.36123,-22.82367],[-43.36223,-22.82333],[-43.363,-22.8224],[-43.36264,-22.82094],[-43.36342,-22.82068],[-43.36364,-22.82035],[-43.36437,-22.82042],[-43.3656,-22.82032],[-43.36586,-22.81973],[-43.36636,-22.81926],[-43.36812,-22.81902],[-43.36843,-22.81855],[-43.36858,-22.81755],[-43.36895,-22.81628],[-43.37,-22.81664],[-43.3701,-22.8204],[-43.37188,-22.82036],[-43.37295,-22.81994],[-43.37399,-22.82002],[-43.37503,-22.81986],[-43.37553,-22.82004],[-43.37737,-22.82164],[-43.37805,-22.82268],[-43.37833,-22.82354],[-43.37805,-22.82439],[-43.37854,-22.82441],[-43.37918,-22.82502],[-43.38003,-22.82513]]]},"properties":{"codigo":"3304557140","name":"Costa Barros","population":26272,"households":11010,"areaKm2":1.8349,"density":14317.6}},{"type":"Feature","geometry":{"type":"Polygon","coordinates":[[[-43.35646,-22.88341],[-43.35576,-22.88333],[-43.35563,-22.88374],[-43.35443,-22.88441],[-43.35302,-22.88417],[-43.35121,-22.88505],[-43.34648,-22.88759],[-43.34681,-22.88819],[-43.34439,-22.88944],[-43.34413,-22.88928],[-43.34353,-22.88979],[-43.33972,-22.88984],[-43.33973,-22.88728],[-43.33927,-22.88653],[-43.33997,-22.88585],[-43.34017,-22.88494],[-43.34007,-22.88458],[-43.34083,-22.88441],[-43.34152,-22.88407],[-43.34173,-22.88299],[-43.34204,-22.8829],[-43.34388,-22.883],[-43.34392,-22.88374],[-43.34562,-22.88382],[-43.34794,-22.88411],[-43.34951,-22.88423],[-43.3503,-22.88432],[-43.35051,-22.88398],[-43.35128,-22.88361],[-43.35106,-22.88201],[-43.35159,-22.88171],[-43.353,-22.88142],[-43.3531,-22.8812],[-43.35401,-22.88105],[-43.35428,-22.88066],[-43.35589,-22.87989],[-43.35644,-22.87981],[-43.35664,-22.87912],[-43.35662,-22.88001],[-43.3573,-22.87981],[-43.35824,-22.87959],[-43.35854,-22.88047],[-43.35785,-22.88067],[-43.35814,-22.88156],[-43.35718,-22.88233],[-43.35723,-22.883],[-43.35646,-22.88341]]]},"properties":{"codigo":"3304557068","name":"Campinho","population":8579,"households":4163,"areaKm2":0.8261,"density":10385.1}},{"type":"Feature","geometry":{"type":"Polygon","coordinates":[[[-43.32427,-22.86457],[-43.32512,-22.86552],[-43.32511,-22.86689],[-43.32483,-22.86695],[-43.32448,-22.86787],[-43.32405,-22.86834],[-43.32454,-22.86949],[-43.3251,-22.86917],[-43.32562,-22.87074],[-43.32483,-22.87084],[-43.32365,-22.87133],[-43.32286,-22.87144],[-43.32197,-22.87183],[-43.32092,-22.8729],[-43.32064,-22.87335],[-43.32057,-22.87446],[-43.32001,-22.87443],[-43.32,-22.87536],[-43.3205,-22.87663],[-43.31884,-22.87649],[-43.31762,-22.87591],[-43.31703,-22.87579],[-43.31696,-22.87632],[-43.31632,-22.87667],[-43.3158,-22.87737],[-43.31455,-22.87849],[-43.31488,-22.87882],[-43.31458,-22.87869],[-43.31381,-22.87954],[-43.31359,-22.87939],[-43.31271,-22.87856],[-43.31108,-22.87815],[-43.31091,-22.87714],[-43.31165,-22.8763],[-43.31034,-22.87523],[-43.30967,-22.87482],[-43.30927,-22.87491],[-43.30914,-22.87372],[-43.30896,-22.87343],[-43.31101,-22.8716],[-43.31035,-22.871],[-43.30901,-22.8722],[-43.30879,-22.87134],[-43.30885,-22.87003],[-43.30932,-22.86964],[-43.30978,-22.86995],[-43.31008,-22.86961],[-43.31002,-22.8691],[-43.31073,-22.86834],[-43.31138,-22.86816],[-43.31515,-22.86336],[-43.31764,-22.86354],[-43.32056,-22.86435],[-43.32229,-22.86427],[-43.32368,-22.8647],[-43.32427,-22.86457]]]},"properties":{"codigo":"3304557070","name":"Cavalcanti","population":13799,"households":6605,"areaKm2":1.8425,"density":7489.1}},{"type":"Feature","geometry":{"type":"MultiPolygon","coordinates":[[[[-43.70288,-22.98523],[-43.70354,-22.98519],[-43.70645,-22.98618],[-43.70662,-22.98688],[-43.70572,-22.98668],[-43.70321,-22.98566],[-43.70288,-22.98523]]],[[[-43.67079,-22.97034],[-43.67491,-22.96855],[-43.67971,-22.9664],[-43.68406,-22.96449],[-43.6879,-22.96285],[-43.68732,-22.96211],[-43.68511,-22.96147],[-43.684,-22.96072],[-43.68355,-22.95997],[-43.6829,-22.95942],[-43.68159,-22.95924],[-43.68211,-22.95873],[-43.68568,-22.95552],[-43.68461,-22.95497],[-43.68492,-22.95433],[-43.6844,-22.95405],[-43.68262,-22.95484],[-43.68215,-22.95455],[-43.68329,-22.95406],[-43.68265,-22.95382],[-43.68137,-22.95201],[-43.6815,-22.9517],[-43.68076,-22.95031],[-43.68111,-22.94974],[-43.68207,-22.94896],[-43.6832,-22.9486],[-43.68278,-22.94832],[-43.68287,-22.94779],[-43.68394,-22.94842],[-43.68425,-22.94778],[-43.68382,-22.94715],[-43.68456,-22.94659],[-43.68575,-22.94738],[-43.68637,-22.94713],[-43.69323,-22.9463],[-43.69433,-22.94576],[-43.69492,-22.9456],[-43.69495,-22.94648],[-43.69831,-22.94956],[-43.70409,-22.95592],[-43.7056,-22.95815],[-43.70735,-22.96203],[-43.70803,-22.9632],[-43.70848,-22.96374],[-43.70922,-22.9641],[-43.71423,-22.96572],[-43.71562,-22.96566],[-43.71674,-22.96576],[-43.71817,-22.96626],[-43.71883,-22.96663],[-43.7187,-22.9667],[-43.71797,-22.96875],[-43.71786,-22.96959],[-43.71858,-22.97033],[-43.71935,-22.9708],[-43.71989,-22.97062],[-43.72023,-22.9711],[-43.71948,-22.97181],[-43.71805,-22.9718],[-43.71797,-22.97094],[-43.71765,-22.97073],[-43.71648,-22.97059],[-43.71414,-22.96904],[-43.7128,-22.96959],[-43.71096,-22.97058],[-43.7104,-22.97107],[-43.70862,-22.97294],[-43.70657,-22.97493],[-43.70592,-22.97598],[-43.70448,-22.97791],[-43.70296,-22.98048],[-43.70135,-22.9837],[-43.70037,-22.98506],[-43.7001,-22.98612],[-43.69939,-22.98617],[-43.69918,-22.98583],[-43.69824,-22.98591],[-43.69772,-22.9855],[-43.69707,-22.98531],[-43.69583,-22.98461],[-43.6949,-22.98547],[-43.69376,-22.98612],[-43.69104,-22.98928],[-43.68967,-22.9918],[-43.68924,-22.99185],[-43.68873,-22.98975],[-43.68899,-22.98874],[-43.68895,-22.9882],[-43.68828,-22.9871],[-43.68748,-22.986],[-43.68628,-22.98516],[-43.68502,-22.98465],[-43.68363,-22.98436],[-43.68298,-22.98375],[-43.68241,-22.98289],[-43.68142,-22.9821],[-43.68085,-22.98136],[-43.67983,-22.98087],[-43.67884,-22.981],[-43.67785,-22.98083],[-43.67746,-22.98055],[-43.67632,-22.98049],[-43.6757,-22.9807],[-43.67431,-22.98031],[-43.67417,-22.97927],[-43.67474,-22.97669],[-43.67545,-22.9758],[-43.67618,-22.97257],[-43.67591,-22.97182],[-43.67507,-22.97146],[-43.67161,-22.97102],[-43.67079,-22.97034]]]]},"properties":{"codigo":"3304557108","name":"Sepetiba","population":58738,"households":28922,"areaKm2":11.5864,"density":5069.6}},{"type":"Feature","geometry":{"type":"MultiPolygon","coordinates":[[[[-43.36222,-22.85545],[-43.36185,-22.8553],[-43.36025,-22.85594],[-43.35886,-22.85583],[-43.35824,-22.85611],[-43.35658,-22.85652],[-43.35591,-22.85631],[-43.35499,-22.85495],[-43.35389,-22.85413],[-43.35432,-22.85351],[-43.35817,-22.85003],[-43.35829,-22.84963],[-43.35874,-22.8494],[-43.35946,-22.8498],[-43.36006,-22.8496],[-43.36051,-22.84992],[-43.36034,-22.85041],[-43.36119,-22.8508],[-43.36151,-22.85135],[-43.36131,-22.85177],[-43.36195,-22.85214],[-43.36231,-22.85277],[-43.36187,-22.85315],[-43.36281,-22.8537],[-43.36316,-22.85431],[-43.36282,-22.85471],[-43.36292,-22.85524],[-43.36222,-22.85545]]],[[[-43.36039,-22.84678],[-43.35808,-22.84865],[-43.35765,-22.84917],[-43.35601,-22.85059],[-43.35581,-22.84992],[-43.35387,-22.8491],[-43.35313,-22.84578],[-43.35236,-22.84578],[-43.35221,-22.84508],[-43.35245,-22.84483],[-43.35244,-22.84302],[-43.35282,-22.83935],[-43.35406,-22.83946],[-43.35497,-22.83975],[-43.35985,-22.83615],[-43.36014,-22.83576],[-43.36023,-22.83695],[-43.35836,-22.84215],[-43.35803,-22.84277],[-43.35792,-22.84388],[-43.35848,-22.84481],[-43.35959,-22.84577],[-43.36039,-22.84678]]]]},"properties":{"codigo":"3304557077","name":"Honório Gurgel","population":18213,"households":8343,"areaKm2":1.2034,"density":15135.2}},{"type":"Feature","geometry":{"type":"Polygon","coordinates":[[[-43.37528,-22.94755],[-43.37531,-22.94715],[-43.37671,-22.94526],[-43.37827,-22.94355],[-43.37831,-22.94334],[-43.37812,-22.94001],[-43.38004,-22.93782],[-43.38062,-22.93735],[-43.38306,-22.94021],[-43.3842,-22.94166],[-43.38428,-22.94192],[-43.38485,-22.94278],[-43.3877,-22.94461],[-43.38988,-22.94658],[-43.39178,-22.95234],[-43.3911,-22.95358],[-43.3916,-22.95459],[-43.39481,-22.95732],[-43.39575,-22.95791],[-43.39765,-22.95796],[-43.39836,-22.95787],[-43.3997,-22.95733],[-43.40119,-22.95695],[-43.40295,-22.95665],[-43.40342,-22.95671],[-43.40411,-22.95716],[-43.40462,-22.95794],[-43.4053,-22.96061],[-43.40516,-22.96125],[-43.40343,-22.96333],[-43.39294,-22.96082],[-43.39108,-22.96031],[-43.39061,-22.96034],[-43.38123,-22.95807],[-43.38067,-22.95779],[-43.37667,-22.95481],[-43.37696,-22.9541],[-43.37832,-22.9536],[-43.37872,-22.95312],[-43.37888,-22.95243],[-43.37866,-22.9516],[-43.37866,-22.95057],[-43.37845,-22.95003],[-43.37678,-22.94928],[-43.37573,-22.94899],[-43.37534,-22.9482],[-43.37528,-22.94755]]]},"properties":{"codigo":"3304557085","name":"Curicica","population":29038,"households":13639,"areaKm2":3.349,"density":8670.7}},{"type":"Feature","geometry":{"type":"Polygon","coordinates":[[[-43.32427,-22.85505],[-43.32288,-22.85424],[-43.32282,-22.85395],[-43.32146,-22.8534],[-43.32051,-22.85272],[-43.32035,-22.85289],[-43.31749,-22.85095],[-43.31602,-22.85171],[-43.31395,-22.8503],[-43.31397,-22.8498],[-43.31455,-22.84904],[-43.31504,-22.84729],[-43.31567,-22.84613],[-43.31551,-22.84596],[-43.31603,-22.84504],[-43.31684,-22.84536],[-43.3173,-22.84501],[-43.31748,-22.8445],[-43.31716,-22.84407],[-43.31723,-22.84298],[-43.31696,-22.84212],[-43.31726,-22.84091],[-43.31349,-22.83927],[-43.31258,-22.83851],[-43.31384,-22.8381],[-43.31465,-22.83763],[-43.31586,-22.83768],[-43.31755,-22.8373],[-43.3182,-22.83626],[-43.31837,-22.83534],[-43.31867,-22.83536],[-43.31893,-22.83458],[-43.31909,-22.83326],[-43.3188,-22.83319],[-43.31909,-22.83317],[-43.3193,-22.83116],[-43.31979,-22.82821],[-43.31944,-22.82793],[-43.31769,-22.8275],[-43.31649,-22.82668],[-43.31557,-22.82631],[-43.31464,-22.8262],[-43.31361,-22.82573],[-43.31545,-22.82221],[-43.31646,-22.82043],[-43.31662,-22.81978],[-43.31823,-22.81935],[-43.31922,-22.81895],[-43.32267,-22.81707],[-43.32923,-22.81363],[-43.33088,-22.81266],[-43.33108,-22.813],[-43.3321,-22.81342],[-43.33233,-22.81407],[-43.33283,-22.81802],[-43.33468,-22.81825],[-43.33499,-22.82018],[-43.33518,-22.82266],[-43.33475,-22.82306],[-43.33468,-22.82431],[-43.33419,-22.82488],[-43.3389,-22.82656],[-43.34159,-22.82757],[-43.34056,-22.82743],[-43.34081,-22.82952],[-43.34026,-22.8297],[-43.34086,-22.83059],[-43.34138,-22.83074],[-43.34144,-22.83138],[-43.34191,-22.83137],[-43.34212,-22.83228],[-43.34194,-22.83228],[-43.34085,-22.83351],[-43.3406,-22.83401],[-43.33956,-22.83428],[-43.33909,-22.83415],[-43.33538,-22.83453],[-43.33485,-22.83311],[-43.33449,-22.8334],[-43.33462,-22.83426],[-43.33097,-22.83321],[-43.33122,-22.8326],[-43.33085,-22.83241],[-43.3292,-22.83317],[-43.32862,-22.83319],[-43.32882,-22.83409],[-43.32799,-22.83431],[-43.32822,-22.83518],[-43.32762,-22.83559],[-43.33012,-22.83839],[-43.33001,-22.83881],[-43.32651,-22.83499],[-43.32594,-22.83625],[-43.32903,-22.83912],[-43.33123,-22.84107],[-43.33291,-22.84266],[-43.33143,-22.8432],[-43.33073,-22.84381],[-43.33128,-22.84396],[-43.33326,-22.84671],[-43.33409,-22.84807],[-43.33405,-22.84853],[-43.33509,-22.84801],[-43.33529,-22.84751],[-43.33591,-22.84702],[-43.33657,-22.84684],[-43.33733,-22.85325],[-43.3371,-22.856],[-43.3343,-22.85379],[-43.33374,-22.85388],[-43.33353,-22.85433],[-43.33296,-22.85445],[-43.32942,-22.85476],[-43.32855,-22.85415],[-43.32794,-22.85427],[-43.32623,-22.85342],[-43.3255,-22.85473],[-43.32527,-22.85548],[-43.32472,-22.85561],[-43.32427,-22.85505]]]},"properties":{"codigo":"3304557066","name":"Irajá","population":86388,"households":40777,"areaKm2":7.7583,"density":11134.9}},{"type":"Feature","geometry":{"type":"Polygon","coordinates":[[[-43.27375,-22.94441],[-43.27236,-22.94511],[-43.26963,-22.94535],[-43.26855,-22.94475],[-43.26798,-22.94472],[-43.26651,-22.94513],[-43.26509,-22.94527],[-43.2649,-22.94481],[-43.26428,-22.94484],[-43.2638,-22.94534],[-43.26271,-22.94515],[-43.26133,-22.94556],[-43.26009,-22.94547],[-43.25952,-22.94505],[-43.25847,-22.945],[-43.25743,-22.94545],[-43.2577,-22.94631],[-43.25686,-22.94685],[-43.25665,-22.94761],[-43.25608,-22.94808],[-43.25305,-22.95027],[-43.25228,-22.94983],[-43.25173,-22.94986],[-43.25121,-22.95038],[-43.24968,-22.95048],[-43.24875,-22.95068],[-43.24742,-22.95067],[-43.24662,-22.95055],[-43.24639,-22.95012],[-43.247,-22.94902],[-43.24739,-22.94791],[-43.24654,-22.9468],[-43.24627,-22.94624],[-43.24488,-22.9462],[-43.24419,-22.94488],[-43.2417,-22.94573],[-43.2407,-22.9458],[-43.2404,-22.94499],[-43.23988,-22.94431],[-43.2395,-22.94256],[-43.23943,-22.94146],[-43.23905,-22.94151],[-43.2373,-22.94093],[-43.23702,-22.9422],[-43.23614,-22.94345],[-43.23606,-22.94425],[-43.23551,-22.94525],[-43.23413,-22.94543],[-43.23339,-22.94495],[-43.23199,-22.94489],[-43.23168,-22.94459],[-43.23175,-22.9439],[-43.23147,-22.94258],[-43.23098,-22.94179],[-43.23059,-22.94015],[-43.23023,-22.9396],[-43.2296,-22.93962],[-43.22901,-22.939],[-43.22901,-22.93832],[-43.22869,-22.93778],[-43.22745,-22.93674],[-43.22707,-22.93539],[-43.22547,-22.93462],[-43.22461,-22.93432],[-43.22378,-22.93369],[-43.22307,-22.93217],[-43.22287,-22.9315],[-43.22225,-22.93092],[-43.2215,-22.93109],[-43.22115,-22.93188],[-43.2204,-22.93213],[-43.21903,-22.92974],[-43.21802,-22.92678],[-43.21795,-22.92618],[-43.21735,-22.92568],[-43.21583,-22.92482],[-43.2154,-22.92473],[-43.21454,-22.92382],[-43.21439,-22.9233],[-43.21495,-22.92202],[-43.21474,-22.92155],[-43.21427,-22.9213],[-43.2145,-22.92078],[-43.21332,-22.9203],[-43.21325,-22.91981],[-43.21238,-22.91962],[-43.21211,-22.91917],[-43.21183,-22.91801],[-43.2126,-22.91673],[-43.21229,-22.91626],[-43.21256,-22.91577],[-43.2135,-22.91622],[-43.21389,-22.91521],[-43.21533,-22.91491],[-43.21585,-22.91411],[-43.216,-22.91287],[-43.21642,-22.91277],[-43.21694,-22.9131],[-43.22015,-22.91491],[-43.22106,-22.91551],[-43.2221,-22.91639],[-43.22402,-22.91787],[-43.2244,-22.91731],[-43.22381,-22.91675],[-43.22409,-22.91654],[-43.22531,-22.91636],[-43.22646,-22.91591],[-43.22884,-22.9158],[-43.22923,-22.9159],[-43.23028,-22.91689],[-43.2305,-22.91759],[-43.23085,-22.91795],[-43.2319,-22.91856],[-43.23203,-22.91898],[-43.23256,-22.91937],[-43.23366,-22.91977],[-43.234,-22.91956],[-43.23388,-22.91887],[-43.23478,-22.91873],[-43.23528,-22.91961],[-43.23584,-22.92069],[-43.23585,-22.92146],[-43.23625,-22.92189],[-43.23616,-22.92286],[-43.23631,-22.92402],[-43.23698,-22.92418],[-43.23668,-22.92468],[-43.23706,-22.92518],[-43.23777,-22.92515],[-43.23803,-22.92566],[-43.23861,-22.92541],[-43.23856,-22.92459],[-43.23994,-22.9245],[-43.24059,-22.92418],[-43.24097,-22.92431],[-43.24131,-22.92508],[-43.24262,-22.92542],[-43.24362,-22.92609],[-43.244,-22.92571],[-43.24464,-22.92617],[-43.24408,-22.92697],[-43.24398,-22.92745],[-43.24346,-22.92813],[-43.24394,-22.92902],[-43.24592,-22.93008],[-43.24745,-22.93006],[-43.24808,-22.92967],[-43.24913,-22.93001],[-43.24991,-22.93],[-43.25073,-22.93115],[-43.25136,-22.93153],[-43.25206,-22.93158],[-43.25296,-22.93303],[-43.25377,-22.93381],[-43.2552,-22.93474],[-43.25561,-22.93557],[-43.2579,-22.9376],[-43.25803,-22.93816],[-43.25859,-22.93908],[-43.25918,-22.93924],[-43.26003,-22.93885],[-43.26111,-22.9387],[-43.26223,-22.93932],[-43.26275,-22.93948],[-43.26328,-22.93927],[-43.26425,-22.93928],[-43.26503,-22.939],[-43.26612,-22.93897],[-43.26757,-22.9392],[-43.26933,-22.93974],[-43.26986,-22.94041],[-43.27063,-22.94097],[-43.27234,-22.94364],[-43.27375,-22.94441]]]},"properties":{"codigo":"3304557030","name":"Tijuca","population":142909,"households":71218,"areaKm2":9.9393,"density":14378.2}},{"type":"Feature","geometry":{"type":"Polygon","coordinates":[[[-43.32056,-22.86435],[-43.31764,-22.86354],[-43.31515,-22.86336],[-43.31443,-22.86134],[-43.31287,-22.86124],[-43.31127,-22.86137],[-43.30847,-22.86219],[-43.30747,-22.86286],[-43.30718,-22.86224],[-43.30766,-22.86183],[-43.30693,-22.8615],[-43.3072,-22.86055],[-43.30789,-22.85903],[-43.30924,-22.85737],[-43.31019,-22.8564],[-43.31042,-22.85574],[-43.30906,-22.85474],[-43.31134,-22.85208],[-43.31135,-22.85161],[-43.30984,-22.85086],[-43.30952,-22.85038],[-43.3107,-22.84828],[-43.31098,-22.84857],[-43.31213,-22.84907],[-43.31316,-22.84924],[-43.31295,-22.8497],[-43.31385,-22.85007],[-43.31397,-22.8498],[-43.31395,-22.8503],[-43.31602,-22.85171],[-43.31749,-22.85095],[-43.32035,-22.85289],[-43.32051,-22.85272],[-43.32146,-22.8534],[-43.32282,-22.85395],[-43.32288,-22.85424],[-43.32427,-22.85505],[-43.32388,-22.85574],[-43.32414,-22.85594],[-43.32353,-22.8584],[-43.32306,-22.8588],[-43.32278,-22.86065],[-43.32257,-22.86095],[-43.32282,-22.86157],[-43.32233,-22.86176],[-43.32153,-22.86326],[-43.32056,-22.86435]]]},"properties":{"codigo":"3304557063","name":"Vicente de Carvalho","population":21300,"households":9996,"areaKm2":1.8464,"density":11535.7}},{"type":"Feature","geometry":{"type":"Polygon","coordinates":[[[-43.20148,-22.92119],[-43.20093,-22.92053],[-43.20115,-22.92016],[-43.19996,-22.91899],[-43.19992,-22.91844],[-43.19898,-22.91692],[-43.197,-22.91605],[-43.19727,-22.91535],[-43.1969,-22.91519],[-43.19713,-22.91413],[-43.1988,-22.91417],[-43.20035,-22.91354],[-43.20114,-22.91309],[-43.2018,-22.9132],[-43.20237,-22.91296],[-43.203,-22.91308],[-43.20337,-22.91214],[-43.20511,-22.91267],[-43.20519,-22.91246],[-43.20803,-22.91331],[-43.20829,-22.91349],[-43.2095,-22.91278],[-43.20955,-22.91246],[-43.20982,-22.91333],[-43.21006,-22.91489],[-43.21005,-22.9157],[-43.20996,-22.91674],[-43.20951,-22.9167],[-43.209,-22.91724],[-43.20851,-22.91852],[-43.20823,-22.91958],[-43.20717,-22.91977],[-43.20721,-22.92076],[-43.20699,-22.92107],[-43.2062,-22.92118],[-43.20532,-22.92101],[-43.20381,-22.92054],[-43.20274,-22.92049],[-43.20226,-22.92122],[-43.20148,-22.92119]]]},"properties":{"codigo":"3304557008","name":"Estácio","population":23260,"households":8894,"areaKm2":0.8985,"density":25886.5}},{"type":"Feature","geometry":{"type":"Polygon","coordinates":[[[-43.28134,-22.88198],[-43.28068,-22.88184],[-43.28007,-22.88242],[-43.27937,-22.88283],[-43.27769,-22.88409],[-43.27779,-22.88474],[-43.2768,-22.88393],[-43.27615,-22.88414],[-43.27571,-22.88507],[-43.27536,-22.88541],[-43.27436,-22.88483],[-43.27354,-22.8855],[-43.27325,-22.88501],[-43.27269,-22.88461],[-43.27231,-22.88483],[-43.27184,-22.88478],[-43.27083,-22.88422],[-43.27071,-22.8838],[-43.26991,-22.88397],[-43.26985,-22.8835],[-43.26682,-22.88178],[-43.26589,-22.88187],[-43.26573,-22.88111],[-43.2641,-22.88016],[-43.26374,-22.87969],[-43.26411,-22.87899],[-43.26419,-22.87816],[-43.26433,-22.87775],[-43.26531,-22.87665],[-43.26583,-22.87587],[-43.26547,-22.87564],[-43.26543,-22.87472],[-43.26587,-22.87471],[-43.26748,-22.87288],[-43.26787,-22.8729],[-43.26873,-22.87342],[-43.27242,-22.87546],[-43.27337,-22.87571],[-43.27439,-22.87579],[-43.27613,-22.87657],[-43.27677,-22.87739],[-43.27779,-22.87894],[-43.27855,-22.87962],[-43.28022,-22.88066],[-43.2817,-22.88125],[-43.28134,-22.88198]]]},"properties":{"codigo":"3304557148","name":"Del Castilho","population":20597,"households":9505,"areaKm2":1.384,"density":14882.4}},{"type":"Feature","geometry":{"type":"Polygon","coordinates":[[[-43.26707,-22.857],[-43.26742,-22.85765],[-43.26808,-22.85755],[-43.26966,-22.85624],[-43.27017,-22.85678],[-43.27104,-22.85614],[-43.27118,-22.85583],[-43.27071,-22.85526],[-43.27136,-22.8548],[-43.27271,-22.85465],[-43.27339,-22.85509],[-43.27445,-22.8543],[-43.27462,-22.85445],[-43.2756,-22.85382],[-43.2765,-22.85355],[-43.27744,-22.85378],[-43.27898,-22.85309],[-43.27979,-22.85328],[-43.28055,-22.85388],[-43.28169,-22.85397],[-43.28147,-22.85545],[-43.28269,-22.85574],[-43.2837,-22.85693],[-43.28427,-22.85701],[-43.28583,-22.85767],[-43.28526,-22.85834],[-43.2844,-22.85982],[-43.28423,-22.86061],[-43.28461,-22.86074],[-43.28509,-22.86131],[-43.28537,-22.86323],[-43.28518,-22.86429],[-43.2853,-22.86536],[-43.28447,-22.86524],[-43.28319,-22.86535],[-43.28273,-22.86565],[-43.28141,-22.86524],[-43.2804,-22.86606],[-43.27999,-22.86574],[-43.27926,-22.86632],[-43.27978,-22.86668],[-43.28003,-22.86719],[-43.27789,-22.86767],[-43.27558,-22.86868],[-43.27528,-22.86894],[-43.27441,-22.86811],[-43.27482,-22.86744],[-43.27443,-22.86713],[-43.27583,-22.86557],[-43.27578,-22.8647],[-43.2771,-22.86337],[-43.27571,-22.86244],[-43.27199,-22.86691],[-43.27141,-22.86708],[-43.27003,-22.86709],[-43.26879,-22.86826],[-43.2682,-22.86881],[-43.26768,-22.8689],[-43.26702,-22.86867],[-43.26573,-22.8679],[-43.26525,-22.86757],[-43.26416,-22.86595],[-43.26313,-22.86597],[-43.26109,-22.86621],[-43.25821,-22.86669],[-43.25795,-22.86629],[-43.25826,-22.86539],[-43.2577,-22.86506],[-43.25812,-22.86472],[-43.2585,-22.86362],[-43.25892,-22.86376],[-43.25981,-22.86314],[-43.26007,-22.86236],[-43.26138,-22.86264],[-43.26291,-22.86197],[-43.2633,-22.86214],[-43.26496,-22.86156],[-43.26522,-22.86137],[-43.26668,-22.86169],[-43.26738,-22.86162],[-43.26737,-22.86038],[-43.26702,-22.85982],[-43.26636,-22.8599],[-43.26602,-22.85924],[-43.26448,-22.85911],[-43.26454,-22.85865],[-43.26329,-22.85834],[-43.26251,-22.85783],[-43.26285,-22.85714],[-43.26366,-22.85744],[-43.26397,-22.85712],[-43.26568,-22.85776],[-43.26707,-22.857]]]},"properties":{"codigo":"3304557157","name":"Complexo do Alemão","population":54202,"households":22686,"areaKm2":2.8588,"density":18959.4}},{"type":"Feature","geometry":{"type":"Polygon","coordinates":[[[-43.35708,-22.82649],[-43.35844,-22.82867],[-43.35962,-22.83387],[-43.35972,-22.83466],[-43.36014,-22.83576],[-43.35985,-22.83615],[-43.35497,-22.83975],[-43.35406,-22.83946],[-43.35282,-22.83935],[-43.35116,-22.839],[-43.35041,-22.83911],[-43.3504,-22.83855],[-43.34966,-22.83852],[-43.34893,-22.83887],[-43.34874,-22.83959],[-43.34724,-22.83978],[-43.34684,-22.8401],[-43.34688,-22.83963],[-43.34343,-22.83789],[-43.34112,-22.83611],[-43.34091,-22.83523],[-43.34134,-22.83391],[-43.34232,-22.83261],[-43.34212,-22.83228],[-43.34191,-22.83137],[-43.34144,-22.83138],[-43.34138,-22.83074],[-43.34086,-22.83059],[-43.34026,-22.8297],[-43.34081,-22.82952],[-43.34056,-22.82743],[-43.34159,-22.82757],[-43.34458,-22.8287],[-43.34608,-22.82914],[-43.35035,-22.82425],[-43.35115,-22.82293],[-43.35181,-22.82289],[-43.35325,-22.82446],[-43.35615,-22.82551],[-43.3569,-22.82605],[-43.35708,-22.82649]]]},"properties":{"codigo":"3304557137","name":"Coelho Neto","population":26780,"households":12671,"areaKm2":2.4947,"density":10734.9}},{"type":"Feature","geometry":{"type":"Polygon","coordinates":[[[-43.26933,-22.93974],[-43.26757,-22.9392],[-43.26612,-22.93897],[-43.26503,-22.939],[-43.26425,-22.93928],[-43.26328,-22.93927],[-43.26275,-22.93948],[-43.26223,-22.93932],[-43.26111,-22.9387],[-43.26003,-22.93885],[-43.25918,-22.93924],[-43.25859,-22.93908],[-43.25803,-22.93816],[-43.2579,-22.9376],[-43.25561,-22.93557],[-43.2552,-22.93474],[-43.25377,-22.93381],[-43.25296,-22.93303],[-43.25206,-22.93158],[-43.25136,-22.93153],[-43.25073,-22.93115],[-43.24991,-22.93],[-43.24913,-22.93001],[-43.24808,-22.92967],[-43.24745,-22.93006],[-43.24592,-22.93008],[-43.24394,-22.92902],[-43.24346,-22.92813],[-43.24398,-22.92745],[-43.24408,-22.92697],[-43.24464,-22.92617],[-43.244,-22.92571],[-43.24362,-22.92609],[-43.24262,-22.92542],[-43.24131,-22.92508],[-43.24097,-22.92431],[-43.2409,-22.92396],[-43.2434,-22.92052],[-43.24377,-22.91991],[-43.24468,-22.92067],[-43.24646,-22.92155],[-43.24722,-22.92147],[-43.24703,-22.92095],[-43.24758,-22.92013],[-43.24874,-22.92002],[-43.24954,-22.9197],[-43.24982,-22.91853],[-43.251,-22.91858],[-43.2514,-22.91912],[-43.25129,-22.91963],[-43.25286,-22.91993],[-43.253,-22.9208],[-43.25352,-22.9217],[-43.25313,-22.92176],[-43.25367,-22.92327],[-43.25266,-22.92358],[-43.25299,-22.92446],[-43.25339,-22.92478],[-43.25414,-22.92491],[-43.2543,-22.92561],[-43.25535,-22.92716],[-43.25632,-22.92654],[-43.25635,-22.92696],[-43.25709,-22.92824],[-43.25643,-22.92863],[-43.25687,-22.92895],[-43.25736,-22.92872],[-43.258,-22.92974],[-43.25945,-22.93075],[-43.25943,-22.93121],[-43.26093,-22.9322],[-43.26148,-22.93296],[-43.26249,-22.93344],[-43.26243,-22.93396],[-43.26356,-22.93485],[-43.26399,-22.9355],[-43.26451,-22.93535],[-43.26598,-22.93612],[-43.267,-22.9365],[-43.26806,-22.93774],[-43.2683,-22.93853],[-43.26933,-22.93974]]]},"properties":{"codigo":"3304557034","name":"Andaraí","population":34576,"households":17283,"areaKm2":2.2665,"density":15255.4}},{"type":"Feature","geometry":{"type":"MultiPolygon","coordinates":[[[[-43.52204,-23.00775],[-43.52393,-23.00919],[-43.52433,-23.01005],[-43.52502,-23.01046],[-43.526,-23.01078],[-43.52679,-23.0113],[-43.52756,-23.01283],[-43.5278,-23.01438],[-43.52762,-23.01505],[-43.52821,-23.01559],[-43.53003,-23.01658],[-43.53037,-23.017],[-43.53098,-23.01917],[-43.53211,-23.02081],[-43.53198,-23.02201],[-43.53211,-23.02309],[-43.53376,-23.02494],[-43.53543,-23.02611],[-43.53704,-23.02781],[-43.53905,-23.02894],[-43.53946,-23.03225],[-43.54182,-23.03335],[-43.54274,-23.03412],[-43.54317,-23.03614],[-43.543,-23.03789],[-43.54311,-23.03865],[-43.5418,-23.03812],[-43.54026,-23.03767],[-43.53935,-23.03708],[-43.53845,-23.03608],[-43.53656,-23.03511],[-43.53508,-23.03461],[-43.53279,-23.03417],[-43.53024,-23.03343],[-43.52737,-23.03343],[-43.52572,-23.03433],[-43.5241,-23.03445],[-43.52277,-23.03422],[-43.52171,-23.0343],[-43.51888,-23.03384],[-43.51267,-23.0344],[-43.51191,-23.03474],[-43.50878,-23.033],[-43.50715,-23.0332],[-43.50509,-23.033],[-43.50419,-23.03312],[-43.5022,-23.03396],[-43.50252,-23.03602],[-43.50253,-23.03719],[-43.50096,-23.03967],[-43.50098,-23.0408],[-43.50045,-23.04111],[-43.4994,-23.0398],[-43.49947,-23.03932],[-43.49899,-23.03864],[-43.49876,-23.0376],[-43.49825,-23.03713],[-43.49797,-23.03782],[-43.49693,-23.03758],[-43.49619,-23.03706],[-43.49586,-23.03713],[-43.49516,-23.03668],[-43.49475,-23.0362],[-43.49345,-23.03596],[-43.4928,-23.03532],[-43.49116,-23.03497],[-43.48546,-23.03362],[-43.48068,-23.03255],[-43.47964,-23.03219],[-43.47759,-23.03173],[-43.47526,-23.03161],[-43.47359,-23.03186],[-43.47208,-23.03238],[-43.4707,-23.03325],[-43.46974,-23.03171],[-43.46896,-23.03089],[-43.46769,-23.02992],[-43.4663,-23.02919],[-43.46279,-23.02785],[-43.45779,-23.02617],[-43.45439,-23.02515],[-43.44705,-23.02329],[-43.44756,-23.02209],[-43.44865,-23.02187],[-43.44998,-23.02113],[-43.45023,-23.0191],[-43.45002,-23.01807],[-43.44925,-23.0183],[-43.44887,-23.01785],[-43.44822,-23.01793],[-43.44805,-23.01747],[-43.44883,-23.01694],[-43.44626,-23.01466],[-43.44472,-23.01338],[-43.44379,-23.01294],[-43.44249,-23.01262],[-43.44275,-23.01159],[-43.44241,-23.01131],[-43.44171,-23.01178],[-43.44041,-23.01148],[-43.44082,-23.01006],[-43.43987,-23.00897],[-43.43918,-23.00879],[-43.438,-23.00822],[-43.43705,-23.00761],[-43.43755,-23.00713],[-43.43582,-23.00541],[-43.43212,-23.0022],[-43.42694,-22.99781],[-43.42513,-22.99699],[-43.42467,-22.99663],[-43.42148,-22.99264],[-43.42048,-22.99169],[-43.42075,-22.99111],[-43.42086,-22.99097],[-43.4261,-22.99218],[-43.4274,-22.99196],[-43.42889,-22.99185],[-43.42981,-22.99227],[-43.43192,-22.99409],[-43.43321,-22.99443],[-43.43848,-22.99516],[-43.44055,-22.99494],[-43.44262,-22.99405],[-43.44552,-22.99403],[-43.44665,-22.99395],[-43.44815,-22.99434],[-43.45288,-22.99594],[-43.45345,-22.99594],[-43.45493,-22.99563],[-43.45753,-22.99499],[-43.46175,-22.99389],[-43.46737,-22.99033],[-43.46878,-22.98948],[-43.47232,-22.98945],[-43.47347,-22.99004],[-43.47653,-22.99123],[-43.47793,-22.99392],[-43.47872,-22.99466],[-43.47965,-22.99523],[-43.48071,-22.99693],[-43.48326,-22.9977],[-43.48415,-22.99812],[-43.48505,-22.99837],[-43.48947,-22.9992],[-43.49191,-22.99894],[-43.49215,-22.99885],[-43.494,-22.9991],[-43.49385,-23.00002],[-43.49328,-23.01181],[-43.493,-23.02078],[-43.49506,-23.02115],[-43.49721,-23.02112],[-43.49873,-23.02097],[-43.50129,-23.02048],[-43.50774,-23.0187],[-43.51362,-23.01704],[-43.51354,-23.01638],[-43.51652,-23.01558],[-43.51669,-23.01624],[-43.51998,-23.01532],[-43.5198,-23.01264],[-43.51873,-23.01073],[-43.51992,-23.01001],[-43.52116,-23.00976],[-43.52129,-23.0084],[-43.52106,-23.00737],[-43.52204,-23.00775]]],[[[-43.46907,-23.03408],[-43.46959,-23.03376],[-43.47066,-23.03383],[-43.47121,-23.03455],[-43.47095,-23.03474],[-43.47202,-23.03554],[-43.47209,-23.03649],[-43.47103,-23.03734],[-43.47092,-23.03777],[-43.46948,-23.03793],[-43.46826,-23.03782],[-43.46753,-23.03713],[-43.46787,-23.03639],[-43.46791,-23.0358],[-43.4683,-23.03536],[-43.46907,-23.03408]]]]},"properties":{"codigo":"3304557135","name":"Recreio dos Bandeirantes","population":140437,"households":67041,"areaKm2":30.624,"density":4585.9}},{"type":"Feature","geometry":{"type":"Polygon","coordinates":[[[-43.3986,-22.81663],[-43.40071,-22.81739],[-43.40242,-22.81829],[-43.40344,-22.81872],[-43.40454,-22.81949],[-43.40543,-22.81995],[-43.40787,-22.82117],[-43.40938,-22.82041],[-43.41062,-22.82017],[-43.41116,-22.82023],[-43.41211,-22.82063],[-43.41319,-22.82092],[-43.41397,-22.82094],[-43.41445,-22.82104],[-43.41539,-22.82159],[-43.41599,-22.82277],[-43.41703,-22.82392],[-43.41729,-22.82534],[-43.41776,-22.82624],[-43.41767,-22.82645],[-43.41374,-22.8319],[-43.40966,-22.83481],[-43.40892,-22.83445],[-43.40796,-22.8333],[-43.40707,-22.83198],[-43.40715,-22.83117],[-43.40664,-22.83059],[-43.40612,-22.83074],[-43.40587,-22.8304],[-43.40527,-22.83052],[-43.40476,-22.83023],[-43.40448,-22.82934],[-43.40446,-22.8275],[-43.40335,-22.82615],[-43.40343,-22.82579],[-43.40273,-22.8249],[-43.40151,-22.82618],[-43.39965,-22.82834],[-43.39913,-22.82862],[-43.39887,-22.82907],[-43.39632,-22.83131],[-43.39526,-22.83101],[-43.39508,-22.8306],[-43.39421,-22.82962],[-43.39356,-22.82935],[-43.39248,-22.82928],[-43.3926,-22.82848],[-43.39249,-22.82735],[-43.39182,-22.8267],[-43.39126,-22.82709],[-43.38957,-22.82704],[-43.38806,-22.82832],[-43.38758,-22.82887],[-43.38756,-22.82953],[-43.3868,-22.82944],[-43.38701,-22.82904],[-43.38655,-22.8281],[-43.38524,-22.82703],[-43.38516,-22.82653],[-43.38474,-22.8263],[-43.38509,-22.82554],[-43.3841,-22.82532],[-43.3838,-22.82508],[-43.3816,-22.82598],[-43.38062,-22.82597],[-43.38009,-22.82563],[-43.37948,-22.82573],[-43.38003,-22.82513],[-43.38185,-22.82315],[-43.38622,-22.81832],[-43.38716,-22.81739],[-43.38846,-22.81633],[-43.39045,-22.81377],[-43.39056,-22.81382],[-43.39305,-22.81479],[-43.39516,-22.81527],[-43.3986,-22.81663]]]},"properties":{"codigo":"3304557125","name":"Anchieta","population":52569,"households":22119,"areaKm2":4.3618,"density":12052}},{"type":"Feature","geometry":{"type":"Polygon","coordinates":[[[-43.26277,-22.91707],[-43.26347,-22.91542],[-43.26181,-22.91426],[-43.26093,-22.91295],[-43.26025,-22.91257],[-43.25827,-22.91075],[-43.25823,-22.91045],[-43.25956,-22.90942],[-43.2614,-22.90863],[-43.26253,-22.90804],[-43.26414,-22.90667],[-43.26416,-22.90599],[-43.2637,-22.90582],[-43.26395,-22.90535],[-43.264,-22.90441],[-43.26376,-22.90387],[-43.26389,-22.90301],[-43.26364,-22.90217],[-43.26415,-22.902],[-43.26503,-22.90205],[-43.26527,-22.9015],[-43.26489,-22.90123],[-43.26484,-22.90052],[-43.26376,-22.9001],[-43.26327,-22.90008],[-43.26315,-22.89946],[-43.26348,-22.89877],[-43.26298,-22.89867],[-43.26335,-22.89777],[-43.26285,-22.89722],[-43.2646,-22.89675],[-43.26521,-22.8967],[-43.2664,-22.89626],[-43.26658,-22.89606],[-43.26726,-22.89679],[-43.27065,-22.89917],[-43.27166,-22.89967],[-43.27248,-22.89916],[-43.27298,-22.89936],[-43.27245,-22.90071],[-43.27201,-22.90135],[-43.27222,-22.90171],[-43.27178,-22.90252],[-43.27208,-22.90269],[-43.27137,-22.90338],[-43.2736,-22.90454],[-43.27264,-22.9044],[-43.27219,-22.9055],[-43.27245,-22.90604],[-43.27309,-22.90638],[-43.27289,-22.90731],[-43.27492,-22.90832],[-43.27607,-22.90902],[-43.27527,-22.90982],[-43.27564,-22.91031],[-43.27528,-22.91058],[-43.27505,-22.91135],[-43.27539,-22.91167],[-43.27507,-22.91234],[-43.27496,-22.91304],[-43.2754,-22.91363],[-43.27741,-22.91423],[-43.27707,-22.91637],[-43.2772,-22.92039],[-43.27565,-22.92019],[-43.27373,-22.91931],[-43.27233,-22.91817],[-43.27122,-22.91765],[-43.27049,-22.91763],[-43.26907,-22.917],[-43.26854,-22.91721],[-43.2678,-22.91722],[-43.26696,-22.91673],[-43.2656,-22.91641],[-43.26483,-22.91565],[-43.26427,-22.91547],[-43.26414,-22.91605],[-43.26338,-22.91633],[-43.26277,-22.91707]]]},"properties":{"codigo":"3304557051","name":"Engenho Novo","population":39424,"households":18748,"areaKm2":2.6788,"density":14717.1}},{"type":"Feature","geometry":{"type":"Polygon","coordinates":[[[-43.20415,-22.96079],[-43.20442,-22.96061],[-43.20632,-22.96088],[-43.20694,-22.96111],[-43.20887,-22.96131],[-43.20987,-22.96119],[-43.21014,-22.9615],[-43.21116,-22.96158],[-43.21149,-22.96201],[-43.21237,-22.96259],[-43.21315,-22.96224],[-43.21355,-22.96148],[-43.21469,-22.96179],[-43.21587,-22.96262],[-43.215,-22.96351],[-43.21586,-22.96405],[-43.2164,-22.96359],[-43.21686,-22.96362],[-43.21766,-22.9647],[-43.21762,-22.96523],[-43.21855,-22.96656],[-43.21906,-22.9663],[-43.21944,-22.96668],[-43.22268,-22.97054],[-43.22247,-22.97086],[-43.2229,-22.9715],[-43.22364,-22.97168],[-43.22444,-22.9726],[-43.22492,-22.97308],[-43.22506,-22.97433],[-43.22574,-22.97406],[-43.22596,-22.97448],[-43.22494,-22.97658],[-43.22423,-22.97632],[-43.22241,-22.97754],[-43.22081,-22.9772],[-43.22025,-22.97677],[-43.2197,-22.97729],[-43.22193,-22.97773],[-43.22201,-22.97789],[-43.2215,-22.97953],[-43.21801,-22.9788],[-43.21822,-22.97904],[-43.21801,-22.9806],[-43.21804,-22.98156],[-43.2176,-22.98142],[-43.21646,-22.98146],[-43.21467,-22.9819],[-43.21418,-22.98055],[-43.21284,-22.98057],[-43.21268,-22.98087],[-43.21121,-22.98101],[-43.20908,-22.98105],[-43.20898,-22.98076],[-43.20696,-22.98115],[-43.20661,-22.98094],[-43.20554,-22.98094],[-43.20232,-22.97993],[-43.20034,-22.97955],[-43.19884,-22.97887],[-43.19829,-22.97847],[-43.19725,-22.97844],[-43.19648,-22.97827],[-43.19542,-22.97739],[-43.19575,-22.97683],[-43.19501,-22.97668],[-43.19521,-22.97613],[-43.19591,-22.97541],[-43.19693,-22.97242],[-43.19729,-22.97092],[-43.19792,-22.96908],[-43.19732,-22.96819],[-43.19693,-22.96662],[-43.19721,-22.96483],[-43.19706,-22.96469],[-43.19726,-22.96274],[-43.19897,-22.96239],[-43.19973,-22.96238],[-43.20048,-22.96214],[-43.20132,-22.96167],[-43.20093,-22.96089],[-43.20199,-22.96058],[-43.20262,-22.96071],[-43.203,-22.96037],[-43.20415,-22.96079]]]},"properties":{"codigo":"3304557021","name":"Lagoa","population":18676,"households":9526,"areaKm2":5.201,"density":3590.9}},{"type":"Feature","geometry":{"type":"Polygon","coordinates":[[[-43.19726,-22.96274],[-43.19542,-22.96174],[-43.19442,-22.9614],[-43.19368,-22.96131],[-43.19299,-22.96147],[-43.19159,-22.96246],[-43.1911,-22.9623],[-43.19017,-22.96274],[-43.18975,-22.96268],[-43.18893,-22.96312],[-43.18787,-22.96326],[-43.18665,-22.96297],[-43.1858,-22.96245],[-43.18512,-22.96179],[-43.1846,-22.9616],[-43.18189,-22.96096],[-43.18017,-22.96075],[-43.1795,-22.96081],[-43.17938,-22.96046],[-43.17868,-22.96064],[-43.1781,-22.96047],[-43.175,-22.95886],[-43.17349,-22.95794],[-43.17297,-22.9558],[-43.17255,-22.95542],[-43.17549,-22.95359],[-43.1748,-22.95272],[-43.17557,-22.95226],[-43.17491,-22.95135],[-43.17657,-22.9504],[-43.17825,-22.94958],[-43.17787,-22.94892],[-43.17875,-22.94868],[-43.17902,-22.94886],[-43.1801,-22.94849],[-43.18052,-22.94715],[-43.18035,-22.94594],[-43.17986,-22.94436],[-43.17927,-22.94356],[-43.17866,-22.94302],[-43.17789,-22.94311],[-43.17769,-22.94248],[-43.17676,-22.94281],[-43.17616,-22.94328],[-43.17554,-22.94265],[-43.17599,-22.94228],[-43.17586,-22.94154],[-43.17672,-22.94123],[-43.17698,-22.94047],[-43.17758,-22.94094],[-43.17778,-22.94025],[-43.17842,-22.93984],[-43.1792,-22.93964],[-43.17955,-22.9392],[-43.18056,-22.93913],[-43.18096,-22.9393],[-43.18134,-22.93889],[-43.18495,-22.9401],[-43.18691,-22.94012],[-43.18766,-22.93953],[-43.18853,-22.93969],[-43.18872,-22.94033],[-43.18913,-22.94072],[-43.18902,-22.94147],[-43.18957,-22.94263],[-43.18892,-22.94416],[-43.18937,-22.94456],[-43.18945,-22.94519],[-43.19034,-22.94524],[-43.19108,-22.94595],[-43.19245,-22.9462],[-43.1936,-22.94606],[-43.19511,-22.94528],[-43.19641,-22.94515],[-43.19701,-22.9456],[-43.19728,-22.9464],[-43.19803,-22.94706],[-43.20103,-22.94802],[-43.20166,-22.94855],[-43.19931,-22.95015],[-43.19623,-22.95239],[-43.19607,-22.95329],[-43.1963,-22.95368],[-43.19612,-22.95443],[-43.19569,-22.95503],[-43.19653,-22.95574],[-43.19612,-22.95614],[-43.1955,-22.95839],[-43.19613,-22.95854],[-43.19651,-22.95828],[-43.19716,-22.95913],[-43.197,-22.95976],[-43.19782,-22.96005],[-43.19726,-22.96274]]]},"properties":{"codigo":"3304557014","name":"Botafogo","population":76728,"households":42552,"areaKm2":4.6537,"density":16487.6}},{"type":"Feature","geometry":{"type":"Polygon","coordinates":[[[-43.22769,-22.88489],[-43.22825,-22.88509],[-43.23032,-22.88669],[-43.23021,-22.88694],[-43.23131,-22.88727],[-43.2324,-22.88725],[-43.23188,-22.88813],[-43.23209,-22.8885],[-43.23294,-22.88891],[-43.23383,-22.88963],[-43.23338,-22.89037],[-43.23395,-22.89082],[-43.2336,-22.89159],[-43.23244,-22.89126],[-43.23132,-22.89129],[-43.23105,-22.89193],[-43.22975,-22.89179],[-43.22945,-22.8926],[-43.22947,-22.89309],[-43.22867,-22.89372],[-43.22861,-22.89419],[-43.22746,-22.89617],[-43.22665,-22.89621],[-43.22564,-22.89891],[-43.22486,-22.89905],[-43.22421,-22.89844],[-43.2247,-22.89805],[-43.22333,-22.89718],[-43.22357,-22.89688],[-43.22305,-22.89641],[-43.2223,-22.89671],[-43.22187,-22.89618],[-43.22242,-22.89578],[-43.22098,-22.89481],[-43.22043,-22.89409],[-43.22045,-22.89335],[-43.22068,-22.89282],[-43.22152,-22.89203],[-43.22123,-22.8918],[-43.22228,-22.89053],[-43.22311,-22.89055],[-43.22277,-22.88975],[-43.22375,-22.88867],[-43.22469,-22.88855],[-43.22527,-22.88766],[-43.22462,-22.88718],[-43.22615,-22.88567],[-43.22769,-22.88489]]]},"properties":{"codigo":"3304557159","name":"Vasco da Gama","population":14471,"households":7138,"areaKm2":1.0326,"density":14014.6}},{"type":"Feature","geometry":{"type":"Polygon","coordinates":[[[-43.17301,-22.82052],[-43.17368,-22.82007],[-43.17455,-22.82016],[-43.17498,-22.81974],[-43.17522,-22.81905],[-43.17566,-22.81952],[-43.17653,-22.8191],[-43.1781,-22.81935],[-43.17898,-22.81988],[-43.17995,-22.82021],[-43.1802,-22.82063],[-43.17864,-22.82068],[-43.17794,-22.82107],[-43.17641,-22.82312],[-43.17553,-22.82378],[-43.17522,-22.82384],[-43.17453,-22.82288],[-43.17477,-22.82266],[-43.1744,-22.82192],[-43.17318,-22.82156],[-43.17346,-22.82119],[-43.17301,-22.82052]]]},"properties":{"codigo":"3304557110","name":"Zumbi","population":1817,"households":855,"areaKm2":0.1821,"density":9976.5}},{"type":"Feature","geometry":{"type":"MultiPolygon","coordinates":[[[[-43.28478,-23.00115],[-43.28466,-23.00026],[-43.28469,-22.99745],[-43.29092,-22.99716],[-43.29563,-22.99766],[-43.29855,-22.99976],[-43.30018,-23.00196],[-43.30082,-23.00354],[-43.30121,-23.00474],[-43.30223,-23.00541],[-43.30411,-23.00562],[-43.30438,-23.00555],[-43.30492,-23.00364],[-43.30488,-23.00286],[-43.3054,-23.00209],[-43.30544,-23.00134],[-43.30591,-23.00078],[-43.30632,-23.00069],[-43.30806,-23.00075],[-43.30895,-23.0009],[-43.31129,-23.0006],[-43.31233,-22.99986],[-43.31294,-22.99879],[-43.31313,-22.99927],[-43.31418,-22.99944],[-43.31565,-22.99898],[-43.31667,-22.99837],[-43.31777,-22.99794],[-43.31832,-22.99831],[-43.31912,-22.99798],[-43.31989,-22.99808],[-43.32038,-22.99781],[-43.32082,-22.99707],[-43.32093,-22.99555],[-43.32167,-22.99509],[-43.32157,-22.99471],[-43.32208,-22.99368],[-43.322,-22.99271],[-43.32222,-22.99206],[-43.32297,-22.99183],[-43.3232,-22.99145],[-43.32445,-22.99097],[-43.3258,-22.99015],[-43.32691,-22.99003],[-43.32783,-22.99022],[-43.32955,-22.98947],[-43.33024,-22.98944],[-43.33092,-22.98969],[-43.33205,-22.99042],[-43.33359,-22.99068],[-43.33398,-22.9903],[-43.33422,-22.9894],[-43.33365,-22.98811],[-43.33506,-22.98735],[-43.33576,-22.98758],[-43.33682,-22.9875],[-43.33771,-22.98694],[-43.33817,-22.98572],[-43.33943,-22.98473],[-43.34003,-22.98473],[-43.34057,-22.98446],[-43.34064,-22.98405],[-43.34126,-22.98323],[-43.34075,-22.98265],[-43.34165,-22.98256],[-43.34183,-22.98171],[-43.34276,-22.98135],[-43.34336,-22.98178],[-43.34424,-22.98149],[-43.3449,-22.9819],[-43.34544,-22.9814],[-43.34632,-22.9801],[-43.34812,-22.97857],[-43.34975,-22.97858],[-43.35296,-22.97871],[-43.35433,-22.97868],[-43.35559,-22.97819],[-43.35616,-22.9767],[-43.35657,-22.9762],[-43.35733,-22.97569],[-43.35879,-22.97547],[-43.36076,-22.97545],[-43.36278,-22.97585],[-43.36423,-22.97569],[-43.36514,-22.97594],[-43.36644,-22.97588],[-43.36693,-22.97612],[-43.36847,-22.97594],[-43.3692,-22.97563],[-43.37027,-22.97611],[-43.37121,-22.97595],[-43.37204,-22.97605],[-43.37282,-22.97641],[-43.37397,-22.97745],[-43.37444,-22.97748],[-43.3758,-22.97603],[-43.37707,-22.97563],[-43.37798,-22.97516],[-43.37824,-22.97459],[-43.37923,-22.97399],[-43.37943,-22.97304],[-43.3806,-22.97053],[-43.38092,-22.97042],[-43.38492,-22.9704],[-43.38495,-22.97079],[-43.38572,-22.97106],[-43.38523,-22.97206],[-43.38528,-22.97295],[-43.38605,-22.97294],[-43.38666,-22.97232],[-43.38708,-22.97283],[-43.38775,-22.97214],[-43.38909,-22.97201],[-43.39266,-22.972],[-43.39274,-22.97101],[-43.39441,-22.97099],[-43.39456,-22.97169],[-43.39458,-22.97289],[-43.39487,-22.97288],[-43.39487,-22.97195],[-43.39862,-22.97192],[-43.39923,-22.97249],[-43.40061,-22.97247],[-43.40095,-22.97284],[-43.40224,-22.97285],[-43.40315,-22.97257],[-43.40527,-22.97489],[-43.40577,-22.97522],[-43.4084,-22.97335],[-43.40983,-22.97373],[-43.41101,-22.9743],[-43.41344,-22.97589],[-43.41595,-22.97798],[-43.41611,-22.97824],[-43.41086,-22.98238],[-43.41363,-22.98602],[-43.41441,-22.98649],[-43.41491,-22.98753],[-43.4161,-22.9879],[-43.41785,-22.98924],[-43.42075,-22.99111],[-43.42048,-22.99169],[-43.42148,-22.99264],[-43.42467,-22.99663],[-43.42513,-22.99699],[-43.42694,-22.99781],[-43.43212,-23.0022],[-43.43582,-23.00541],[-43.43755,-23.00713],[-43.43705,-23.00761],[-43.438,-23.00822],[-43.43918,-23.00879],[-43.43987,-23.00897],[-43.44082,-23.01006],[-43.44041,-23.01148],[-43.44171,-23.01178],[-43.44241,-23.01131],[-43.44275,-23.01159],[-43.44249,-23.01262],[-43.44379,-23.01294],[-43.44472,-23.01338],[-43.44626,-23.01466],[-43.44883,-23.01694],[-43.44805,-23.01747],[-43.44822,-23.01793],[-43.44887,-23.01785],[-43.44925,-23.0183],[-43.45002,-23.01807],[-43.45023,-23.0191],[-43.44998,-23.02113],[-43.44865,-23.02187],[-43.44756,-23.02209],[-43.44705,-23.02329],[-43.4456,-23.02292],[-43.43933,-23.02155],[-43.4283,-23.01941],[-43.42387,-23.01843],[-43.4198,-23.01764],[-43.41431,-23.01676],[-43.40877,-23.01592],[-43.40423,-23.01527],[-43.39868,-23.01435],[-43.3932,-23.01369],[-43.3906,-23.01345],[-43.3879,-23.01311],[-43.38586,-23.01308],[-43.38312,-23.01282],[-43.38074,-23.01266],[-43.37752,-23.01222],[-43.37494,-23.01208],[-43.37342,-23.01206],[-43.37242,-23.01192],[-43.36931,-23.01167],[-43.36656,-23.01156],[-43.36449,-23.01165],[-43.36153,-23.0114],[-43.3576,-23.01112],[-43.35311,-23.01113],[-43.35176,-23.0112],[-43.34942,-23.01104],[-43.34828,-23.01103],[-43.34695,-23.01117],[-43.34463,-23.01109],[-43.34296,-23.01125],[-43.34118,-23.01118],[-43.33872,-23.01129],[-43.33734,-23.01149],[-43.33594,-23.01136],[-43.33105,-23.01185],[-43.32764,-23.01226],[-43.32447,-23.01276],[-43.31753,-23.01401],[-43.30944,-23.01565],[-43.30706,-23.016],[-43.30285,-23.01634],[-43.29971,-23.01599],[-43.29738,-23.01593],[-43.29684,-23.01599],[-43.29586,-23.01525],[-43.29584,-23.0145],[-43.29537,-23.01375],[-43.29449,-23.01314],[-43.29365,-23.01281],[-43.29354,-23.01248],[-43.29439,-23.01102],[-43.29552,-23.01097],[-43.29616,-23.01064],[-43.29478,-23.00963],[-43.29446,-23.00966],[-43.29249,-23.00872],[-43.29225,-23.00834],[-43.29245,-23.00742],[-43.29267,-23.00526],[-43.29207,-23.00438],[-43.29137,-23.00399],[-43.28642,-23.00308],[-43.28508,-23.00173],[-43.28478,-23.00115]]],[[[-43.30386,-23.03656],[-43.30419,-23.03658],[-43.3048,-23.03714],[-43.30532,-23.03731],[-43.30674,-23.03741],[-43.30768,-23.03829],[-43.30794,-23.03871],[-43.30723,-23.03898],[-43.3063,-23.03894],[-43.30517,-23.03819],[-43.30413,-23.03813],[-43.30306,-23.03848],[-43.30259,-23.03844],[-43.30235,-23.03792],[-43.30297,-23.03691],[-43.30386,-23.03656]]],[[[-43.29939,-23.0312],[-43.30092,-23.03203],[-43.30128,-23.03288],[-43.3011,-23.03343],[-43.30041,-23.03339],[-43.30036,-23.0339],[-43.29931,-23.03425],[-43.29817,-23.03388],[-43.29824,-23.03343],[-43.29923,-23.03327],[-43.29898,-23.03262],[-43.29915,-23.03234],[-43.29845,-23.03193],[-43.29848,-23.03125],[-43.29939,-23.0312]]]]},"properties":{"codigo":"3304557131","name":"Barra da Tijuca","population":151603,"households":74235,"areaKm2":49.0335,"density":3091.8}},{"type":"Feature","geometry":{"type":"MultiPolygon","coordinates":[[[[-43.21027,-22.89866],[-43.2103,-22.89772],[-43.21084,-22.89761],[-43.21606,-22.88668],[-43.21587,-22.88612],[-43.21377,-22.8839],[-43.21334,-22.88428],[-43.21046,-22.8812],[-43.20421,-22.87446],[-43.20139,-22.87146],[-43.20189,-22.87105],[-43.20298,-22.87216],[-43.20402,-22.87134],[-43.20466,-22.87126],[-43.20992,-22.867],[-43.21143,-22.86853],[-43.21266,-22.87031],[-43.21317,-22.87048],[-43.21381,-22.87117],[-43.21276,-22.87205],[-43.21264,-22.87268],[-43.21343,-22.87306],[-43.21469,-22.87286],[-43.21654,-22.87355],[-43.21699,-22.87448],[-43.21686,-22.87473],[-43.21702,-22.8758],[-43.21878,-22.87487],[-43.21975,-22.87537],[-43.21834,-22.87374],[-43.21822,-22.87324],[-43.21879,-22.87212],[-43.21982,-22.87252],[-43.22017,-22.87248],[-43.22139,-22.87291],[-43.22089,-22.87404],[-43.22158,-22.87435],[-43.2219,-22.87367],[-43.22229,-22.87379],[-43.22262,-22.87312],[-43.22412,-22.87367],[-43.22378,-22.87447],[-43.22396,-22.87486],[-43.22473,-22.8753],[-43.22567,-22.87414],[-43.22663,-22.87407],[-43.22586,-22.87347],[-43.22602,-22.87156],[-43.2257,-22.87059],[-43.22608,-22.86994],[-43.22621,-22.86915],[-43.22686,-22.86881],[-43.22836,-22.86843],[-43.23002,-22.86779],[-43.2311,-22.86791],[-43.23215,-22.86849],[-43.23257,-22.86831],[-43.23381,-22.87143],[-43.23479,-22.87317],[-43.23485,-22.87417],[-43.23531,-22.87538],[-43.23577,-22.87585],[-43.23555,-22.87609],[-43.23494,-22.87809],[-43.23452,-22.87915],[-43.23452,-22.88057],[-43.23382,-22.88209],[-43.23372,-22.88271],[-43.23286,-22.88391],[-43.23188,-22.88551],[-43.2334,-22.88649],[-43.23335,-22.88664],[-43.23252,-22.88692],[-43.23224,-22.88639],[-43.23183,-22.88634],[-43.23032,-22.88669],[-43.22825,-22.88509],[-43.22769,-22.88489],[-43.2265,-22.885],[-43.22596,-22.88532],[-43.22288,-22.88836],[-43.22196,-22.88876],[-43.2185,-22.88885],[-43.21752,-22.88896],[-43.2169,-22.8903],[-43.21647,-22.89013],[-43.21552,-22.89215],[-43.21592,-22.89255],[-43.21549,-22.89344],[-43.21504,-22.89327],[-43.2145,-22.89443],[-43.21435,-22.89529],[-43.21327,-22.8966],[-43.21225,-22.89728],[-43.21079,-22.89864],[-43.21027,-22.89866]]],[[[-43.20922,-22.88642],[-43.20955,-22.88664],[-43.21033,-22.88662],[-43.21092,-22.88683],[-43.21097,-22.88739],[-43.2102,-22.88758],[-43.20931,-22.88881],[-43.20866,-22.88951],[-43.20932,-22.89038],[-43.20955,-22.89127],[-43.20915,-22.89194],[-43.20877,-22.89151],[-43.20894,-22.89008],[-43.20885,-22.88986],[-43.20736,-22.88914],[-43.20756,-22.88817],[-43.20819,-22.88672],[-43.20855,-22.88643],[-43.20922,-22.88642]]]]},"properties":{"codigo":"3304557004","name":"Caju","population":24116,"households":10772,"areaKm2":5.0204,"density":4803.6}},{"type":"Feature","geometry":{"type":"MultiPolygon","coordinates":[[[[-43.19833,-22.90465],[-43.19756,-22.90694],[-43.19698,-22.90841],[-43.1964,-22.90959],[-43.19576,-22.91139],[-43.19573,-22.91173],[-43.19444,-22.91174],[-43.19326,-22.91195],[-43.19232,-22.91258],[-43.19256,-22.91289],[-43.19156,-22.91352],[-43.19162,-22.9137],[-43.18989,-22.91492],[-43.18965,-22.91461],[-43.18905,-22.91499],[-43.18948,-22.91582],[-43.18888,-22.91599],[-43.18863,-22.9164],[-43.18866,-22.91718],[-43.18894,-22.91748],[-43.18887,-22.91801],[-43.1877,-22.9181],[-43.18795,-22.91735],[-43.18788,-22.91595],[-43.18735,-22.91498],[-43.18677,-22.91496],[-43.18592,-22.91544],[-43.18548,-22.91543],[-43.18497,-22.91499],[-43.18414,-22.91487],[-43.18394,-22.9144],[-43.18452,-22.91264],[-43.18608,-22.91318],[-43.18675,-22.91139],[-43.18305,-22.91011],[-43.18229,-22.91187],[-43.18152,-22.91206],[-43.18022,-22.91269],[-43.17987,-22.91217],[-43.17905,-22.91228],[-43.17874,-22.91325],[-43.17831,-22.91376],[-43.17784,-22.9137],[-43.1768,-22.91249],[-43.17629,-22.91219],[-43.17553,-22.9137],[-43.17479,-22.91287],[-43.17419,-22.91346],[-43.17291,-22.91203],[-43.17218,-22.91238],[-43.17144,-22.91203],[-43.17049,-22.91201],[-43.16935,-22.91249],[-43.16933,-22.91338],[-43.16897,-22.91336],[-43.16898,-22.9144],[-43.16782,-22.9145],[-43.16668,-22.91496],[-43.16606,-22.91543],[-43.16626,-22.91596],[-43.1673,-22.9175],[-43.16713,-22.91769],[-43.16579,-22.91568],[-43.16567,-22.91562],[-43.16373,-22.9166],[-43.16261,-22.91725],[-43.16164,-22.91679],[-43.16181,-22.91518],[-43.16171,-22.91404],[-43.16116,-22.91292],[-43.16123,-22.91075],[-43.16154,-22.90528],[-43.16179,-22.90478],[-43.16278,-22.90426],[-43.1689,-22.9046],[-43.16924,-22.90456],[-43.17175,-22.90288],[-43.1728,-22.90178],[-43.17335,-22.90208],[-43.17382,-22.90128],[-43.17367,-22.90083],[-43.1756,-22.89839],[-43.17576,-22.8985],[-43.17407,-22.90063],[-43.17432,-22.90076],[-43.17482,-22.9001],[-43.17509,-22.90029],[-43.17628,-22.89876],[-43.17658,-22.89737],[-43.17724,-22.8957],[-43.17848,-22.89557],[-43.17953,-22.89564],[-43.17832,-22.89254],[-43.17907,-22.89228],[-43.18019,-22.89504],[-43.18083,-22.89548],[-43.18118,-22.89541],[-43.1815,-22.89616],[-43.18183,-22.89614],[-43.18221,-22.89709],[-43.18096,-22.89753],[-43.18143,-22.89838],[-43.18196,-22.89886],[-43.18213,-22.89943],[-43.18192,-22.89981],[-43.18252,-22.90035],[-43.18285,-22.89989],[-43.18389,-22.89988],[-43.18447,-22.89932],[-43.18507,-22.89955],[-43.18555,-22.8993],[-43.1867,-22.89934],[-43.18734,-22.89905],[-43.18812,-22.89881],[-43.18896,-22.8992],[-43.18898,-22.89955],[-43.19009,-22.90019],[-43.19153,-22.90089],[-43.19213,-22.90142],[-43.19368,-22.90247],[-43.19384,-22.90325],[-43.19453,-22.90342],[-43.19665,-22.90418],[-43.19721,-22.90447],[-43.19833,-22.90465]]],[[[-43.17531,-22.88292],[-43.17609,-22.88304],[-43.17612,-22.88338],[-43.17691,-22.88405],[-43.17678,-22.88435],[-43.17558,-22.88442],[-43.17507,-22.88395],[-43.17366,-22.88416],[-43.17304,-22.88386],[-43.17278,-22.88318],[-43.17502,-22.88268],[-43.17531,-22.88292]]],[[[-43.1715,-22.89418],[-43.17472,-22.89315],[-43.17551,-22.89519],[-43.17589,-22.89556],[-43.17551,-22.89639],[-43.17501,-22.8971],[-43.17496,-22.89752],[-43.17135,-22.89866],[-43.17097,-22.89795],[-43.16832,-22.89758],[-43.16803,-22.89731],[-43.16737,-22.8956],[-43.16782,-22.89535],[-43.1715,-22.89418]]],[[[-43.16671,-22.8973],[-43.16585,-22.89702],[-43.16603,-22.89663],[-43.16696,-22.89686],[-43.16671,-22.8973]]],[[[-43.15886,-22.91261],[-43.15982,-22.91264],[-43.16063,-22.91295],[-43.16147,-22.91488],[-43.16137,-22.91642],[-43.16055,-22.91655],[-43.15869,-22.91422],[-43.15793,-22.91304],[-43.15811,-22.91254],[-43.15886,-22.91261]]]]},"properties":{"codigo":"3304557001","name":"Centro","population":23774,"households":18190,"areaKm2":5.5502,"density":4283.5}},{"type":"Feature","geometry":{"type":"Polygon","coordinates":[[[-43.26007,-22.86236],[-43.25981,-22.86314],[-43.25892,-22.86376],[-43.2585,-22.86362],[-43.25812,-22.86472],[-43.2577,-22.86506],[-43.25826,-22.86539],[-43.25795,-22.86629],[-43.25821,-22.86669],[-43.26109,-22.86621],[-43.26313,-22.86597],[-43.26416,-22.86595],[-43.26525,-22.86757],[-43.26573,-22.8679],[-43.26488,-22.86779],[-43.26422,-22.86858],[-43.26314,-22.8691],[-43.26261,-22.8692],[-43.26042,-22.86892],[-43.25991,-22.8687],[-43.25882,-22.86853],[-43.25842,-22.86891],[-43.25857,-22.86961],[-43.25823,-22.87111],[-43.25847,-22.87247],[-43.25816,-22.87335],[-43.2569,-22.87633],[-43.25622,-22.87712],[-43.25604,-22.87657],[-43.25349,-22.87499],[-43.25316,-22.87517],[-43.2528,-22.8746],[-43.25347,-22.87294],[-43.25296,-22.87287],[-43.25068,-22.87219],[-43.24755,-22.87166],[-43.24614,-22.87084],[-43.24687,-22.86931],[-43.24709,-22.86858],[-43.24746,-22.86614],[-43.24777,-22.86505],[-43.24784,-22.86355],[-43.24764,-22.85627],[-43.24897,-22.85642],[-43.24898,-22.85684],[-43.25198,-22.85719],[-43.25233,-22.85671],[-43.25273,-22.85705],[-43.2552,-22.85738],[-43.25636,-22.85746],[-43.25706,-22.85863],[-43.25743,-22.85877],[-43.25829,-22.85863],[-43.25772,-22.8603],[-43.25818,-22.86048],[-43.25898,-22.86119],[-43.25994,-22.86129],[-43.25972,-22.86182],[-43.26007,-22.86236]]]},"properties":{"codigo":"3304557037","name":"Bonsucesso","population":16872,"households":8271,"areaKm2":2.2687,"density":7436.9}},{"type":"Feature","geometry":{"type":"Polygon","coordinates":[[[-43.1859,-22.92636],[-43.18816,-22.9266],[-43.18944,-22.9269],[-43.18983,-22.92727],[-43.19129,-22.92763],[-43.19248,-22.92824],[-43.19249,-22.92896],[-43.1932,-22.92949],[-43.19373,-22.92963],[-43.19442,-22.93112],[-43.19425,-22.9316],[-43.19453,-22.93228],[-43.19567,-22.93303],[-43.19781,-22.93414],[-43.19704,-22.93441],[-43.19589,-22.93398],[-43.19458,-22.93337],[-43.19425,-22.9337],[-43.19426,-22.9343],[-43.19551,-22.93555],[-43.19553,-22.93627],[-43.19678,-22.93675],[-43.19729,-22.93673],[-43.19792,-22.9363],[-43.19916,-22.93647],[-43.19847,-22.93693],[-43.19744,-22.93722],[-43.19663,-22.93724],[-43.19512,-22.93707],[-43.19474,-22.93725],[-43.19443,-22.93851],[-43.19486,-22.93893],[-43.19542,-22.94174],[-43.19641,-22.94515],[-43.19511,-22.94528],[-43.1936,-22.94606],[-43.19245,-22.9462],[-43.19108,-22.94595],[-43.19034,-22.94524],[-43.18945,-22.94519],[-43.18937,-22.94456],[-43.18892,-22.94416],[-43.18957,-22.94263],[-43.18902,-22.94147],[-43.18913,-22.94072],[-43.18872,-22.94033],[-43.18853,-22.93969],[-43.18766,-22.93953],[-43.18691,-22.94012],[-43.18495,-22.9401],[-43.18134,-22.93889],[-43.18053,-22.93847],[-43.18014,-22.93763],[-43.18028,-22.93721],[-43.17983,-22.93698],[-43.1801,-22.93642],[-43.17959,-22.936],[-43.17846,-22.9356],[-43.17836,-22.93478],[-43.17891,-22.93417],[-43.17901,-22.93349],[-43.17886,-22.93284],[-43.17937,-22.93153],[-43.17991,-22.93159],[-43.18009,-22.931],[-43.17956,-22.93083],[-43.17993,-22.92998],[-43.18041,-22.93012],[-43.1809,-22.92926],[-43.18151,-22.92929],[-43.18301,-22.92905],[-43.183,-22.92859],[-43.18365,-22.9286],[-43.18367,-22.9282],[-43.18426,-22.92806],[-43.1859,-22.92636]]]},"properties":{"codigo":"3304557011","name":"Laranjeiras","population":39982,"households":21030,"areaKm2":2.4836,"density":16098.2}},{"type":"Feature","geometry":{"type":"Polygon","coordinates":[[[-43.26748,-22.87288],[-43.26587,-22.87471],[-43.26543,-22.87472],[-43.26547,-22.87564],[-43.26583,-22.87587],[-43.26531,-22.87665],[-43.26433,-22.87775],[-43.26419,-22.87816],[-43.26377,-22.87785],[-43.26268,-22.87778],[-43.26187,-22.87791],[-43.2604,-22.87853],[-43.25956,-22.8796],[-43.25809,-22.88043],[-43.2568,-22.88089],[-43.25627,-22.88077],[-43.25478,-22.87917],[-43.25622,-22.87712],[-43.2569,-22.87633],[-43.25816,-22.87335],[-43.25847,-22.87247],[-43.25823,-22.87111],[-43.25857,-22.86961],[-43.25842,-22.86891],[-43.25882,-22.86853],[-43.25991,-22.8687],[-43.26042,-22.86892],[-43.26261,-22.8692],[-43.26314,-22.8691],[-43.26422,-22.86858],[-43.26488,-22.86779],[-43.26573,-22.8679],[-43.26702,-22.86867],[-43.26768,-22.8689],[-43.2682,-22.86881],[-43.26879,-22.86826],[-43.27061,-22.86829],[-43.27059,-22.86892],[-43.27078,-22.8703],[-43.26853,-22.87108],[-43.26849,-22.872],[-43.26824,-22.87251],[-43.26748,-22.87288]]]},"properties":{"codigo":"3304557145","name":"Higienópolis","population":14227,"households":7188,"areaKm2":1.1663,"density":12198.1}},{"type":"Feature","geometry":{"type":"Polygon","coordinates":[[[-43.17886,-22.93284],[-43.17901,-22.93349],[-43.17891,-22.93417],[-43.17836,-22.93478],[-43.17846,-22.9356],[-43.17959,-22.936],[-43.1801,-22.93642],[-43.17983,-22.93698],[-43.18028,-22.93721],[-43.18014,-22.93763],[-43.18053,-22.93847],[-43.18134,-22.93889],[-43.18096,-22.9393],[-43.18056,-22.93913],[-43.17955,-22.9392],[-43.1792,-22.93964],[-43.17842,-22.93984],[-43.17778,-22.94025],[-43.17758,-22.94094],[-43.17698,-22.94047],[-43.17672,-22.94123],[-43.17586,-22.94154],[-43.17599,-22.94228],[-43.17554,-22.94265],[-43.17616,-22.94328],[-43.17676,-22.94281],[-43.17769,-22.94248],[-43.17789,-22.94311],[-43.17595,-22.94412],[-43.17549,-22.94425],[-43.17426,-22.94419],[-43.17305,-22.94339],[-43.17104,-22.94191],[-43.16955,-22.94006],[-43.16863,-22.93872],[-43.16851,-22.93694],[-43.16941,-22.93563],[-43.17073,-22.93542],[-43.17112,-22.93513],[-43.17127,-22.93241],[-43.17089,-22.9295],[-43.17023,-22.92752],[-43.16907,-22.92491],[-43.16801,-22.92281],[-43.16769,-22.92257],[-43.1729,-22.92471],[-43.1738,-22.92462],[-43.17463,-22.92517],[-43.17578,-22.92509],[-43.1764,-22.92516],[-43.17578,-22.92657],[-43.17659,-22.92778],[-43.1769,-22.92886],[-43.17645,-22.92946],[-43.17721,-22.92947],[-43.17709,-22.93148],[-43.17664,-22.93209],[-43.17681,-22.933],[-43.17796,-22.93258],[-43.17834,-22.93231],[-43.17886,-22.93284]]]},"properties":{"codigo":"3304557009","name":"Flamengo","population":43099,"households":26160,"areaKm2":1.6636,"density":25906.4}},{"type":"Feature","geometry":{"type":"Polygon","coordinates":[[[-43.35044,-22.85974],[-43.34956,-22.85919],[-43.34829,-22.85861],[-43.34754,-22.85877],[-43.34687,-22.8584],[-43.34651,-22.85865],[-43.34606,-22.85824],[-43.34622,-22.85787],[-43.34259,-22.85712],[-43.34078,-22.85678],[-43.34009,-22.8569],[-43.33954,-22.85632],[-43.3371,-22.856],[-43.33733,-22.85325],[-43.33657,-22.84684],[-43.3368,-22.84641],[-43.33807,-22.84567],[-43.33916,-22.84544],[-43.34088,-22.84706],[-43.34201,-22.8478],[-43.34251,-22.84779],[-43.34317,-22.84715],[-43.34393,-22.84673],[-43.34392,-22.84597],[-43.34321,-22.84557],[-43.34294,-22.84443],[-43.34342,-22.84382],[-43.34377,-22.84374],[-43.34397,-22.84274],[-43.34289,-22.84168],[-43.34361,-22.84105],[-43.34429,-22.84125],[-43.34469,-22.83996],[-43.34672,-22.83983],[-43.34684,-22.8401],[-43.34724,-22.83978],[-43.34874,-22.83959],[-43.34893,-22.83887],[-43.34966,-22.83852],[-43.3504,-22.83855],[-43.35041,-22.83911],[-43.35116,-22.839],[-43.35282,-22.83935],[-43.35244,-22.84302],[-43.35245,-22.84483],[-43.35221,-22.84508],[-43.35236,-22.84578],[-43.35313,-22.84578],[-43.35387,-22.8491],[-43.35581,-22.84992],[-43.35601,-22.85059],[-43.35765,-22.84917],[-43.35829,-22.84963],[-43.35817,-22.85003],[-43.35432,-22.85351],[-43.35389,-22.85413],[-43.35499,-22.85495],[-43.35591,-22.85631],[-43.35535,-22.85676],[-43.35407,-22.85689],[-43.35336,-22.85746],[-43.3519,-22.85929],[-43.35191,-22.85954],[-43.35075,-22.86003],[-43.35044,-22.85974]]]},"properties":{"codigo":"3304557076","name":"Rocha Miranda","population":36360,"households":17188,"areaKm2":3.0194,"density":12042}},{"type":"Feature","geometry":{"type":"Polygon","coordinates":[[[-43.24909,-22.8901],[-43.24867,-22.88975],[-43.24929,-22.88894],[-43.24917,-22.88867],[-43.24958,-22.88766],[-43.25151,-22.88625],[-43.25319,-22.88431],[-43.25284,-22.88402],[-43.25342,-22.88384],[-43.25421,-22.88291],[-43.25362,-22.88172],[-43.25364,-22.88052],[-43.25394,-22.88007],[-43.25443,-22.88024],[-43.25612,-22.88187],[-43.26116,-22.88562],[-43.26316,-22.88664],[-43.2624,-22.88772],[-43.26243,-22.88801],[-43.2633,-22.88809],[-43.26439,-22.88786],[-43.26497,-22.88858],[-43.26485,-22.88913],[-43.26504,-22.89],[-43.26488,-22.89036],[-43.26376,-22.89081],[-43.26393,-22.89134],[-43.26359,-22.89159],[-43.26336,-22.89233],[-43.26361,-22.89319],[-43.26191,-22.89398],[-43.26176,-22.89354],[-43.26183,-22.89206],[-43.26121,-22.8905],[-43.26015,-22.88971],[-43.25978,-22.89022],[-43.25848,-22.89086],[-43.25818,-22.89045],[-43.25741,-22.88993],[-43.25657,-22.88902],[-43.25522,-22.88885],[-43.25374,-22.88763],[-43.2536,-22.88844],[-43.2541,-22.88955],[-43.25342,-22.89076],[-43.25271,-22.89086],[-43.25252,-22.89117],[-43.25141,-22.89037],[-43.2512,-22.89037],[-43.25179,-22.88835],[-43.25127,-22.8881],[-43.25056,-22.88862],[-43.24909,-22.8901]]]},"properties":{"codigo":"3304557155","name":"Jacarezinho","population":35458,"households":14746,"areaKm2":0.9859,"density":35966.2}},{"type":"Feature","geometry":{"type":"Polygon","coordinates":[[[-43.25787,-22.97957],[-43.2566,-22.97978],[-43.25572,-22.98018],[-43.2552,-22.98093],[-43.25466,-22.9829],[-43.25431,-22.98339],[-43.25314,-22.98367],[-43.25185,-22.9834],[-43.25189,-22.98303],[-43.25141,-22.98267],[-43.25093,-22.98273],[-43.24946,-22.98378],[-43.24816,-22.98388],[-43.24754,-22.98456],[-43.24573,-22.98471],[-43.24542,-22.98446],[-43.24474,-22.98528],[-43.24375,-22.98571],[-43.24266,-22.98574],[-43.24132,-22.98685],[-43.24065,-22.98817],[-43.23983,-22.99047],[-43.23926,-22.98972],[-43.23792,-22.98923],[-43.23714,-22.98751],[-43.23675,-22.98598],[-43.23662,-22.98489],[-43.23587,-22.98434],[-43.23509,-22.98419],[-43.23403,-22.98337],[-43.23346,-22.9827],[-43.23215,-22.98061],[-43.23131,-22.98026],[-43.23035,-22.98027],[-43.22981,-22.9805],[-43.22847,-22.97976],[-43.22829,-22.97929],[-43.22751,-22.9791],[-43.2267,-22.97927],[-43.22643,-22.97767],[-43.22544,-22.97659],[-43.22494,-22.97658],[-43.22596,-22.97448],[-43.22574,-22.97406],[-43.22506,-22.97433],[-43.22492,-22.97308],[-43.22444,-22.9726],[-43.22461,-22.97173],[-43.22506,-22.97136],[-43.2255,-22.97047],[-43.22709,-22.9705],[-43.22751,-22.97071],[-43.22852,-22.97045],[-43.22915,-22.97202],[-43.22981,-22.97231],[-43.23046,-22.9723],[-43.2316,-22.9733],[-43.23317,-22.97285],[-43.23373,-22.97213],[-43.23586,-22.9724],[-43.23636,-22.97261],[-43.23782,-22.97264],[-43.23839,-22.97306],[-43.2382,-22.97374],[-43.23749,-22.974],[-43.23683,-22.97455],[-43.23706,-22.97501],[-43.23776,-22.97556],[-43.23827,-22.97557],[-43.23902,-22.97657],[-43.23843,-22.97718],[-43.23829,-22.978],[-43.23763,-22.97978],[-43.23868,-22.97921],[-43.23846,-22.97855],[-43.23914,-22.97753],[-43.23969,-22.97773],[-43.23989,-22.97857],[-43.2394,-22.97954],[-43.24044,-22.97966],[-43.24153,-22.97921],[-43.24208,-22.97878],[-43.24261,-22.97911],[-43.24297,-22.97832],[-43.24339,-22.97665],[-43.24394,-22.97519],[-43.24475,-22.9746],[-43.24559,-22.9744],[-43.24631,-22.97472],[-43.24669,-22.97561],[-43.24781,-22.97632],[-43.24865,-22.97658],[-43.24713,-22.9777],[-43.24684,-22.97874],[-43.24615,-22.97868],[-43.24567,-22.97957],[-43.24503,-22.9798],[-43.24482,-22.98018],[-43.24324,-22.98082],[-43.24173,-22.98193],[-43.24228,-22.98229],[-43.24356,-22.98167],[-43.2447,-22.98152],[-43.24526,-22.98109],[-43.24665,-22.9805],[-43.24797,-22.98018],[-43.24908,-22.97934],[-43.24983,-22.979],[-43.25124,-22.97891],[-43.25275,-22.97921],[-43.25422,-22.97913],[-43.25603,-22.97922],[-43.25787,-22.97957]]]},"properties":{"codigo":"3304557023","name":"Gávea","population":14100,"households":7416,"areaKm2":2.7323,"density":5160.4}},{"type":"Feature","geometry":{"type":"Polygon","coordinates":[[[-43.30811,-22.83173],[-43.30815,-22.83232],[-43.30863,-22.83239],[-43.30896,-22.83325],[-43.30941,-22.83336],[-43.3099,-22.83305],[-43.31018,-22.83341],[-43.31124,-22.83297],[-43.31316,-22.83297],[-43.31412,-22.83259],[-43.31559,-22.83246],[-43.31712,-22.8331],[-43.31863,-22.83343],[-43.3188,-22.83319],[-43.31909,-22.83326],[-43.31893,-22.83458],[-43.31867,-22.83536],[-43.31837,-22.83534],[-43.3182,-22.83626],[-43.31755,-22.8373],[-43.31586,-22.83768],[-43.31465,-22.83763],[-43.31384,-22.8381],[-43.31258,-22.83851],[-43.31213,-22.83894],[-43.31077,-22.83909],[-43.30795,-22.83643],[-43.30718,-22.83609],[-43.30658,-22.83641],[-43.30614,-22.83782],[-43.30578,-22.83769],[-43.30492,-22.83866],[-43.30444,-22.83971],[-43.30331,-22.83925],[-43.30257,-22.83882],[-43.30226,-22.83889],[-43.30236,-22.83774],[-43.30144,-22.83748],[-43.29856,-22.83736],[-43.29348,-22.83663],[-43.28882,-22.83587],[-43.28835,-22.83459],[-43.28836,-22.8333],[-43.28801,-22.83309],[-43.28888,-22.83231],[-43.29029,-22.83169],[-43.28968,-22.83128],[-43.28951,-22.83085],[-43.28881,-22.83094],[-43.28842,-22.83036],[-43.28795,-22.83021],[-43.28651,-22.83088],[-43.28584,-22.83082],[-43.28547,-22.83137],[-43.28408,-22.82965],[-43.28396,-22.82933],[-43.28249,-22.82767],[-43.28227,-22.82718],[-43.28108,-22.82582],[-43.28058,-22.82501],[-43.28037,-22.82434],[-43.27935,-22.82307],[-43.28518,-22.81852],[-43.28724,-22.82076],[-43.28767,-22.82108],[-43.28973,-22.82185],[-43.29034,-22.82228],[-43.28976,-22.82269],[-43.29005,-22.82316],[-43.28959,-22.82357],[-43.28952,-22.82447],[-43.28994,-22.8251],[-43.29005,-22.8258],[-43.29087,-22.82656],[-43.29197,-22.82733],[-43.29226,-22.82696],[-43.293,-22.8277],[-43.2934,-22.82761],[-43.29407,-22.82822],[-43.29513,-22.82554],[-43.29581,-22.82594],[-43.29658,-22.82674],[-43.29719,-22.82675],[-43.29791,-22.82705],[-43.29913,-22.82777],[-43.29911,-22.82826],[-43.2998,-22.82861],[-43.30002,-22.82826],[-43.30095,-22.82867],[-43.30083,-22.8289],[-43.30211,-22.82968],[-43.30494,-22.83027],[-43.30564,-22.82925],[-43.30606,-22.82914],[-43.30709,-22.8297],[-43.30757,-22.83074],[-43.3082,-22.83134],[-43.30811,-22.83173]]]},"properties":{"codigo":"3304557042","name":"Brás de Pina","population":45048,"households":22369,"areaKm2":3.5056,"density":12850.1}},{"type":"Feature","geometry":{"type":"Polygon","coordinates":[[[-43.18011,-22.92287],[-43.18067,-22.9209],[-43.18036,-22.91959],[-43.17938,-22.91966],[-43.17886,-22.9189],[-43.17761,-22.91878],[-43.1777,-22.91814],[-43.17793,-22.91811],[-43.17826,-22.91625],[-43.17892,-22.91653],[-43.17947,-22.91513],[-43.17985,-22.91464],[-43.17982,-22.91418],[-43.18068,-22.91402],[-43.18105,-22.91454],[-43.1816,-22.91466],[-43.1825,-22.91416],[-43.18337,-22.91515],[-43.18396,-22.91519],[-43.18414,-22.91487],[-43.18497,-22.91499],[-43.18548,-22.91543],[-43.18592,-22.91544],[-43.18677,-22.91496],[-43.18735,-22.91498],[-43.18788,-22.91595],[-43.18795,-22.91735],[-43.1877,-22.9181],[-43.18887,-22.91801],[-43.18894,-22.91748],[-43.18866,-22.91718],[-43.18863,-22.9164],[-43.18888,-22.91599],[-43.18948,-22.91582],[-43.18905,-22.91499],[-43.18965,-22.91461],[-43.18989,-22.91492],[-43.19162,-22.9137],[-43.19156,-22.91352],[-43.19256,-22.91289],[-43.19232,-22.91258],[-43.19326,-22.91195],[-43.19444,-22.91174],[-43.19539,-22.9126],[-43.19489,-22.91395],[-43.19457,-22.91479],[-43.19404,-22.91521],[-43.19387,-22.91634],[-43.19406,-22.91725],[-43.1938,-22.91832],[-43.19312,-22.91829],[-43.19356,-22.91955],[-43.19314,-22.92074],[-43.19356,-22.92106],[-43.19435,-22.92083],[-43.1955,-22.92165],[-43.19577,-22.92247],[-43.19523,-22.92285],[-43.19504,-22.92338],[-43.19533,-22.9239],[-43.19645,-22.92377],[-43.19707,-22.92502],[-43.19798,-22.92607],[-43.19833,-22.92673],[-43.19807,-22.92723],[-43.19723,-22.92746],[-43.197,-22.92715],[-43.19635,-22.92729],[-43.19661,-22.92808],[-43.19732,-22.92797],[-43.19766,-22.92924],[-43.197,-22.92972],[-43.19691,-22.93077],[-43.198,-22.93128],[-43.19882,-22.93212],[-43.19928,-22.93157],[-43.1996,-22.9324],[-43.20032,-22.93316],[-43.2001,-22.93392],[-43.20156,-22.93383],[-43.20174,-22.93234],[-43.20161,-22.93128],[-43.20209,-22.93112],[-43.20255,-22.93187],[-43.20291,-22.93197],[-43.20287,-22.93092],[-43.20271,-22.93055],[-43.203,-22.93009],[-43.2041,-22.93098],[-43.20426,-22.93132],[-43.20495,-22.93096],[-43.2051,-22.93037],[-43.20604,-22.93151],[-43.20609,-22.93202],[-43.20557,-22.93235],[-43.20488,-22.93216],[-43.20483,-22.93354],[-43.20536,-22.93383],[-43.2048,-22.93444],[-43.2051,-22.93496],[-43.20477,-22.93533],[-43.20474,-22.93594],[-43.20544,-22.93584],[-43.20505,-22.9366],[-43.20549,-22.93715],[-43.20673,-22.93753],[-43.20736,-22.93747],[-43.20757,-22.93775],[-43.20874,-22.93819],[-43.21078,-22.93743],[-43.21122,-22.93774],[-43.21212,-22.93784],[-43.21244,-22.93767],[-43.21316,-22.93782],[-43.21346,-22.93763],[-43.2144,-22.93818],[-43.21479,-22.93782],[-43.2154,-22.93796],[-43.21575,-22.93735],[-43.21642,-22.93719],[-43.21662,-22.93687],[-43.2163,-22.93613],[-43.2166,-22.9357],[-43.21608,-22.93511],[-43.21587,-22.93443],[-43.21543,-22.93422],[-43.21446,-22.93411],[-43.21392,-22.93371],[-43.21437,-22.93334],[-43.21647,-22.93378],[-43.21831,-22.9344],[-43.21853,-22.93722],[-43.21895,-22.93882],[-43.21911,-22.94038],[-43.21905,-22.94234],[-43.21786,-22.94668],[-43.21736,-22.94798],[-43.21664,-22.94865],[-43.21572,-22.94897],[-43.21504,-22.94989],[-43.21407,-22.95186],[-43.2135,-22.95219],[-43.21243,-22.95215],[-43.2117,-22.95227],[-43.21009,-22.95189],[-43.20909,-22.95138],[-43.20694,-22.95053],[-43.204,-22.94982],[-43.20287,-22.94939],[-43.20166,-22.94855],[-43.20103,-22.94802],[-43.19803,-22.94706],[-43.19728,-22.9464],[-43.19701,-22.9456],[-43.19641,-22.94515],[-43.19951,-22.94327],[-43.20035,-22.94383],[-43.2014,-22.94512],[-43.20188,-22.94598],[-43.20333,-22.94665],[-43.20405,-22.94682],[-43.20466,-22.94658],[-43.20509,-22.94578],[-43.20449,-22.9447],[-43.20505,-22.9445],[-43.20656,-22.94537],[-43.20769,-22.94569],[-43.20777,-22.94598],[-43.20863,-22.94587],[-43.20886,-22.94518],[-43.20826,-22.94465],[-43.20877,-22.94407],[-43.20896,-22.94326],[-43.20839,-22.94273],[-43.20776,-22.94325],[-43.20718,-22.94322],[-43.20655,-22.94234],[-43.2062,-22.94228],[-43.20641,-22.94102],[-43.20684,-22.94039],[-43.20797,-22.94052],[-43.20906,-22.9402],[-43.20893,-22.93977],[-43.20788,-22.93937],[-43.2073,-22.9394],[-43.20625,-22.93899],[-43.20436,-22.93896],[-43.20412,-22.93922],[-43.20278,-22.93849],[-43.20176,-22.93855],[-43.20099,-22.93925],[-43.19946,-22.93995],[-43.19842,-22.93964],[-43.19954,-22.93821],[-43.19942,-22.93781],[-43.19855,-22.93757],[-43.19928,-22.93684],[-43.19916,-22.93647],[-43.19792,-22.9363],[-43.19729,-22.93673],[-43.19678,-22.93675],[-43.19553,-22.93627],[-43.19551,-22.93555],[-43.19426,-22.9343],[-43.19425,-22.9337],[-43.19458,-22.93337],[-43.19589,-22.93398],[-43.19704,-22.93441],[-43.19781,-22.93414],[-43.19567,-22.93303],[-43.19453,-22.93228],[-43.19425,-22.9316],[-43.19442,-22.93112],[-43.19373,-22.92963],[-43.1932,-22.92949],[-43.19249,-22.92896],[-43.19248,-22.92824],[-43.19129,-22.92763],[-43.18983,-22.92727],[-43.18944,-22.9269],[-43.18816,-22.9266],[-43.1859,-22.92636],[-43.18507,-22.92502],[-43.18518,-22.92456],[-43.18408,-22.9247],[-43.18345,-22.92419],[-43.18137,-22.92381],[-43.18242,-22.92324],[-43.18155,-22.92303],[-43.18122,-22.92341],[-43.18011,-22.92287]]]},"properties":{"codigo":"3304557128","name":"Santa Teresa","population":35873,"households":19556,"areaKm2":5.1337,"density":6987.7}},{"type":"Feature","geometry":{"type":"Polygon","coordinates":[[[-43.24687,-22.86931],[-43.24614,-22.87084],[-43.24755,-22.87166],[-43.25068,-22.87219],[-43.25296,-22.87287],[-43.25347,-22.87294],[-43.2528,-22.8746],[-43.25316,-22.87517],[-43.25349,-22.87499],[-43.25604,-22.87657],[-43.25622,-22.87712],[-43.25478,-22.87917],[-43.25394,-22.88007],[-43.25364,-22.88052],[-43.25362,-22.88172],[-43.25421,-22.88291],[-43.25342,-22.88384],[-43.25284,-22.88402],[-43.25218,-22.88343],[-43.25026,-22.88255],[-43.2499,-22.88248],[-43.24928,-22.88417],[-43.2475,-22.88873],[-43.24447,-22.88837],[-43.24283,-22.88849],[-43.23987,-22.88891],[-43.23832,-22.88894],[-43.23718,-22.88862],[-43.23615,-22.8881],[-43.23386,-22.88679],[-43.23335,-22.88664],[-43.2334,-22.88649],[-43.23188,-22.88551],[-43.23286,-22.88391],[-43.23372,-22.88271],[-43.23382,-22.88209],[-43.23452,-22.88057],[-43.23452,-22.87915],[-43.23494,-22.87809],[-43.23555,-22.87609],[-43.23577,-22.87585],[-43.23939,-22.88001],[-43.24071,-22.87811],[-43.24124,-22.87724],[-43.24463,-22.87282],[-43.24479,-22.87181],[-43.24449,-22.87043],[-43.24412,-22.87005],[-43.2444,-22.86969],[-43.24488,-22.86977],[-43.24607,-22.86963],[-43.24687,-22.86931]]]},"properties":{"codigo":"3304557036","name":"Manguinhos","population":28855,"households":12130,"areaKm2":2.9171,"density":9891.7}},{"type":"Feature","geometry":{"type":"Polygon","coordinates":[[[-43.51458,-22.86047],[-43.51738,-22.86034],[-43.52072,-22.86029],[-43.52361,-22.86037],[-43.5412,-22.86128],[-43.54117,-22.86221],[-43.54091,-22.86262],[-43.54234,-22.86315],[-43.54179,-22.8647],[-43.54126,-22.86582],[-43.54043,-22.86523],[-43.53967,-22.86601],[-43.53868,-22.86637],[-43.53616,-22.86657],[-43.53538,-22.86719],[-43.53517,-22.86863],[-43.5363,-22.8726],[-43.53433,-22.87723],[-43.5344,-22.87753],[-43.53296,-22.87754],[-43.53267,-22.88077],[-43.53263,-22.88171],[-43.53203,-22.88261],[-43.53126,-22.88279],[-43.53016,-22.88284],[-43.52952,-22.88261],[-43.529,-22.88216],[-43.52818,-22.88228],[-43.52715,-22.88225],[-43.52636,-22.88252],[-43.52541,-22.88333],[-43.52607,-22.88572],[-43.52465,-22.88548],[-43.52242,-22.88462],[-43.52248,-22.88486],[-43.52163,-22.88704],[-43.52058,-22.88666],[-43.52002,-22.88805],[-43.51906,-22.8881],[-43.5189,-22.88748],[-43.51749,-22.8878],[-43.5171,-22.88734],[-43.51631,-22.88711],[-43.51459,-22.88704],[-43.51269,-22.88782],[-43.50879,-22.89152],[-43.51283,-22.89754],[-43.50798,-22.89446],[-43.50659,-22.89305],[-43.50376,-22.89265],[-43.50256,-22.89213],[-43.50369,-22.88956],[-43.50423,-22.88791],[-43.50503,-22.88583],[-43.505,-22.88561],[-43.50695,-22.87997],[-43.50808,-22.87747],[-43.50663,-22.87682],[-43.50507,-22.87634],[-43.5044,-22.87623],[-43.50464,-22.8756],[-43.50511,-22.8752],[-43.50515,-22.87422],[-43.50447,-22.87348],[-43.5044,-22.87309],[-43.50569,-22.87241],[-43.50667,-22.87125],[-43.5073,-22.8709],[-43.50791,-22.87088],[-43.50914,-22.87155],[-43.50935,-22.87104],[-43.50892,-22.87081],[-43.5085,-22.86962],[-43.50878,-22.86929],[-43.50846,-22.86904],[-43.50897,-22.8682],[-43.50867,-22.86788],[-43.50951,-22.86724],[-43.50958,-22.86662],[-43.51046,-22.86654],[-43.51101,-22.86583],[-43.51097,-22.86477],[-43.51156,-22.86402],[-43.51131,-22.86374],[-43.51144,-22.86318],[-43.51203,-22.86342],[-43.51246,-22.86286],[-43.51391,-22.86251],[-43.51443,-22.86275],[-43.51479,-22.86078],[-43.51458,-22.86047]]]},"properties":{"codigo":"3304557101","name":"Santíssimo","population":48187,"households":19641,"areaKm2":8.5233,"density":5653.6}},{"type":"Feature","geometry":{"type":"Polygon","coordinates":[[[-43.33801,-22.89621],[-43.33514,-22.8953],[-43.33478,-22.89579],[-43.33252,-22.89422],[-43.32854,-22.89153],[-43.32965,-22.89007],[-43.3288,-22.88985],[-43.32846,-22.88957],[-43.32762,-22.8904],[-43.32765,-22.89091],[-43.32656,-22.89014],[-43.32648,-22.88951],[-43.32711,-22.88908],[-43.32474,-22.88709],[-43.32348,-22.88647],[-43.32278,-22.88586],[-43.32176,-22.88526],[-43.32147,-22.88545],[-43.32078,-22.88433],[-43.3204,-22.88332],[-43.31979,-22.88265],[-43.31958,-22.88206],[-43.3188,-22.882],[-43.31875,-22.88136],[-43.31682,-22.87975],[-43.31617,-22.87968],[-43.31531,-22.87881],[-43.31488,-22.87882],[-43.31455,-22.87849],[-43.3158,-22.87737],[-43.31632,-22.87667],[-43.31696,-22.87632],[-43.31703,-22.87579],[-43.31762,-22.87591],[-43.31884,-22.87649],[-43.31869,-22.87675],[-43.31956,-22.87713],[-43.31976,-22.87692],[-43.32152,-22.87847],[-43.32196,-22.87831],[-43.3225,-22.87874],[-43.32388,-22.87745],[-43.32441,-22.87764],[-43.32534,-22.87749],[-43.32551,-22.87728],[-43.32655,-22.87736],[-43.32665,-22.87629],[-43.32777,-22.87637],[-43.32835,-22.87641],[-43.32828,-22.8775],[-43.32878,-22.87753],[-43.32919,-22.87796],[-43.33035,-22.87803],[-43.33032,-22.87851],[-43.33101,-22.87906],[-43.33091,-22.87935],[-43.33016,-22.87929],[-43.33013,-22.88009],[-43.33085,-22.88013],[-43.3311,-22.88055],[-43.33237,-22.87983],[-43.33366,-22.87982],[-43.33374,-22.8819],[-43.335,-22.88187],[-43.33489,-22.88035],[-43.33547,-22.88121],[-43.33686,-22.88115],[-43.33689,-22.8815],[-43.33846,-22.88175],[-43.33879,-22.87987],[-43.34091,-22.88007],[-43.34142,-22.88047],[-43.34136,-22.8822],[-43.34195,-22.88228],[-43.34204,-22.8829],[-43.34173,-22.88299],[-43.34152,-22.88407],[-43.34083,-22.88441],[-43.34007,-22.88458],[-43.34017,-22.88494],[-43.33997,-22.88585],[-43.33927,-22.88653],[-43.33973,-22.88728],[-43.33972,-22.88984],[-43.33944,-22.89029],[-43.3395,-22.89092],[-43.34003,-22.89202],[-43.33993,-22.89253],[-43.33868,-22.89351],[-43.33819,-22.89417],[-43.33861,-22.89498],[-43.3386,-22.89545],[-43.33801,-22.89621]]]},"properties":{"codigo":"3304557072","name":"Cascadura","population":26895,"households":13843,"areaKm2":3.0046,"density":8951.3}},{"type":"Feature","geometry":{"type":"Polygon","coordinates":[[[-43.25286,-22.91993],[-43.25129,-22.91963],[-43.2514,-22.91912],[-43.251,-22.91858],[-43.24982,-22.91853],[-43.24954,-22.9197],[-43.24874,-22.92002],[-43.24758,-22.92013],[-43.24703,-22.92095],[-43.24722,-22.92147],[-43.24646,-22.92155],[-43.24468,-22.92067],[-43.24377,-22.91991],[-43.2434,-22.92052],[-43.2409,-22.92396],[-43.24097,-22.92431],[-43.24059,-22.92418],[-43.23994,-22.9245],[-43.23856,-22.92459],[-43.23861,-22.92541],[-43.23803,-22.92566],[-43.23777,-22.92515],[-43.23706,-22.92518],[-43.23668,-22.92468],[-43.23698,-22.92418],[-43.23631,-22.92402],[-43.23616,-22.92286],[-43.23625,-22.92189],[-43.23585,-22.92146],[-43.23584,-22.92069],[-43.23528,-22.91961],[-43.23643,-22.91848],[-43.23736,-22.9171],[-43.23688,-22.91698],[-43.23603,-22.91632],[-43.23575,-22.91589],[-43.23473,-22.91548],[-43.23486,-22.91449],[-43.23537,-22.91437],[-43.23607,-22.91335],[-43.23696,-22.91365],[-43.23744,-22.91328],[-43.23769,-22.91262],[-43.2381,-22.91286],[-43.2388,-22.91267],[-43.23828,-22.91217],[-43.23882,-22.91157],[-43.23819,-22.91119],[-43.23846,-22.91059],[-43.23907,-22.91094],[-43.23945,-22.91044],[-43.23896,-22.91016],[-43.23943,-22.90937],[-43.23862,-22.90886],[-43.23922,-22.90911],[-43.23953,-22.9086],[-43.24006,-22.90889],[-43.24046,-22.90819],[-43.24002,-22.90792],[-43.24056,-22.9073],[-43.24171,-22.90721],[-43.24324,-22.90801],[-43.24449,-22.90808],[-43.24511,-22.90829],[-43.246,-22.90801],[-43.24651,-22.9081],[-43.24773,-22.90812],[-43.25095,-22.90936],[-43.25306,-22.91007],[-43.25524,-22.91052],[-43.25532,-22.91072],[-43.2565,-22.91109],[-43.25823,-22.91045],[-43.25827,-22.91075],[-43.26025,-22.91257],[-43.26093,-22.91295],[-43.26181,-22.91426],[-43.26347,-22.91542],[-43.26277,-22.91707],[-43.26252,-22.91754],[-43.26231,-22.91909],[-43.26175,-22.91931],[-43.26096,-22.91921],[-43.26035,-22.91939],[-43.25982,-22.92027],[-43.25887,-22.92044],[-43.25723,-22.92014],[-43.25702,-22.92069],[-43.25615,-22.92065],[-43.25591,-22.92009],[-43.25526,-22.92029],[-43.25409,-22.92013],[-43.25401,-22.91949],[-43.25352,-22.91936],[-43.25335,-22.92005],[-43.25286,-22.91993]]]},"properties":{"codigo":"3304557033","name":"Vila Isabel","population":65790,"households":33043,"areaKm2":3.3568,"density":19598.9}},{"type":"Feature","geometry":{"type":"Polygon","coordinates":[[[-43.3321,-22.81342],[-43.33325,-22.81366],[-43.33451,-22.81442],[-43.33573,-22.81586],[-43.33605,-22.81608],[-43.33691,-22.8171],[-43.33762,-22.81705],[-43.33856,-22.81656],[-43.33975,-22.81694],[-43.33996,-22.81734],[-43.34077,-22.81755],[-43.3422,-22.81723],[-43.34289,-22.81771],[-43.34357,-22.8188],[-43.34413,-22.81929],[-43.3469,-22.82101],[-43.34769,-22.82156],[-43.34883,-22.82207],[-43.3506,-22.8225],[-43.35115,-22.82293],[-43.35035,-22.82425],[-43.34608,-22.82914],[-43.34458,-22.8287],[-43.34159,-22.82757],[-43.3389,-22.82656],[-43.33419,-22.82488],[-43.33468,-22.82431],[-43.33475,-22.82306],[-43.33518,-22.82266],[-43.33499,-22.82018],[-43.33468,-22.81825],[-43.33283,-22.81802],[-43.33233,-22.81407],[-43.3321,-22.81342]]]},"properties":{"codigo":"3304557138","name":"Acari","population":29673,"households":11409,"areaKm2":1.5869,"density":18699.3}},{"type":"Feature","geometry":{"type":"Polygon","coordinates":[[[-43.35115,-22.82293],[-43.3506,-22.8225],[-43.34883,-22.82207],[-43.34769,-22.82156],[-43.3469,-22.82101],[-43.34413,-22.81929],[-43.34357,-22.8188],[-43.34289,-22.81771],[-43.3422,-22.81723],[-43.34077,-22.81755],[-43.33996,-22.81734],[-43.33975,-22.81694],[-43.33856,-22.81656],[-43.33762,-22.81705],[-43.33691,-22.8171],[-43.33605,-22.81608],[-43.33573,-22.81586],[-43.33451,-22.81442],[-43.33325,-22.81366],[-43.3321,-22.81342],[-43.33108,-22.813],[-43.33088,-22.81266],[-43.33987,-22.80772],[-43.34031,-22.80841],[-43.34096,-22.80879],[-43.34469,-22.80858],[-43.34574,-22.80895],[-43.34621,-22.80937],[-43.34708,-22.81086],[-43.34729,-22.81151],[-43.34736,-22.81272],[-43.34711,-22.81713],[-43.34718,-22.81772],[-43.34789,-22.81793],[-43.34971,-22.8189],[-43.35069,-22.81926],[-43.35157,-22.81985],[-43.35198,-22.82033],[-43.35159,-22.82136],[-43.35115,-22.82293]]]},"properties":{"codigo":"3304557154","name":"Parque Colúmbia","population":8222,"households":3580,"areaKm2":1.5215,"density":5403.9}},{"type":"Feature","geometry":{"type":"Polygon","coordinates":[[[-43.19542,-22.97739],[-43.19494,-22.97766],[-43.19551,-22.97874],[-43.19702,-22.97913],[-43.19723,-22.9801],[-43.19717,-22.98192],[-43.19732,-22.98205],[-43.19659,-22.98314],[-43.19535,-22.9833],[-43.19536,-22.98364],[-43.19482,-22.98406],[-43.19451,-22.98385],[-43.19346,-22.98527],[-43.1931,-22.98602],[-43.19281,-22.98598],[-43.1924,-22.98684],[-43.19183,-22.98696],[-43.19033,-22.98901],[-43.18996,-22.98906],[-43.18922,-22.98821],[-43.18852,-22.98785],[-43.18752,-22.98757],[-43.18736,-22.98716],[-43.18667,-22.98696],[-43.18584,-22.98646],[-43.18399,-22.98633],[-43.18358,-22.98582],[-43.18428,-22.98545],[-43.18601,-22.9854],[-43.18743,-22.98577],[-43.18816,-22.98579],[-43.18865,-22.98527],[-43.18926,-22.98363],[-43.18931,-22.98204],[-43.18896,-22.98007],[-43.18837,-22.97847],[-43.18773,-22.97729],[-43.18678,-22.97622],[-43.1853,-22.97422],[-43.18357,-22.97272],[-43.18167,-22.97127],[-43.17893,-22.96952],[-43.17693,-22.96836],[-43.17547,-22.96764],[-43.17259,-22.96654],[-43.17338,-22.96498],[-43.17302,-22.96464],[-43.17336,-22.96409],[-43.17393,-22.96388],[-43.17361,-22.96336],[-43.17405,-22.9629],[-43.17433,-22.96223],[-43.17419,-22.96161],[-43.17346,-22.96079],[-43.17325,-22.95958],[-43.17186,-22.95893],[-43.17111,-22.95816],[-43.16977,-22.95768],[-43.16958,-22.95733],[-43.1725,-22.95786],[-43.17349,-22.95794],[-43.175,-22.95886],[-43.1781,-22.96047],[-43.17868,-22.96064],[-43.17938,-22.96046],[-43.1795,-22.96081],[-43.18017,-22.96075],[-43.18189,-22.96096],[-43.1846,-22.9616],[-43.18512,-22.96179],[-43.1858,-22.96245],[-43.18665,-22.96297],[-43.18787,-22.96326],[-43.18893,-22.96312],[-43.18975,-22.96268],[-43.19017,-22.96274],[-43.1911,-22.9623],[-43.19159,-22.96246],[-43.19299,-22.96147],[-43.19368,-22.96131],[-43.19442,-22.9614],[-43.19542,-22.96174],[-43.19726,-22.96274],[-43.19706,-22.96469],[-43.19721,-22.96483],[-43.19693,-22.96662],[-43.19732,-22.96819],[-43.19792,-22.96908],[-43.19729,-22.97092],[-43.19693,-22.97242],[-43.19591,-22.97541],[-43.19521,-22.97613],[-43.19501,-22.97668],[-43.19575,-22.97683],[-43.19542,-22.97739]]]},"properties":{"codigo":"3304557018","name":"Copacabana","population":128919,"households":84715,"areaKm2":4.1082,"density":31380.9}},{"type":"Feature","geometry":{"type":"Polygon","coordinates":[[[-43.21718,-22.87033],[-43.21567,-22.87053],[-43.21549,-22.87025],[-43.21461,-22.86977],[-43.2143,-22.86901],[-43.2141,-22.86783],[-43.21427,-22.866],[-43.21511,-22.86395],[-43.21512,-22.86367],[-43.21624,-22.86253],[-43.21667,-22.86176],[-43.21705,-22.86192],[-43.21764,-22.86276],[-43.21779,-22.86332],[-43.21829,-22.86332],[-43.21938,-22.86213],[-43.21951,-22.86177],[-43.21882,-22.86126],[-43.2178,-22.86109],[-43.21672,-22.86061],[-43.21571,-22.86033],[-43.2147,-22.85974],[-43.21383,-22.8598],[-43.21296,-22.86061],[-43.21243,-22.86062],[-43.21058,-22.85983],[-43.20977,-22.86031],[-43.20881,-22.86027],[-43.20861,-22.85995],[-43.2083,-22.85865],[-43.20839,-22.85836],[-43.20953,-22.85764],[-43.21097,-22.85787],[-43.21221,-22.85851],[-43.21274,-22.85845],[-43.21398,-22.85759],[-43.21536,-22.8572],[-43.21717,-22.85858],[-43.2181,-22.85887],[-43.21941,-22.85864],[-43.22117,-22.85895],[-43.22266,-22.85881],[-43.2243,-22.85791],[-43.22562,-22.85666],[-43.22662,-22.85616],[-43.22832,-22.85444],[-43.22886,-22.85349],[-43.22937,-22.8529],[-43.22984,-22.85205],[-43.23052,-22.85163],[-43.23084,-22.85074],[-43.2324,-22.84725],[-43.23222,-22.84614],[-43.23167,-22.84489],[-43.23127,-22.84449],[-43.23133,-22.84409],[-43.2305,-22.84344],[-43.22963,-22.84337],[-43.22792,-22.84233],[-43.2262,-22.8415],[-43.22466,-22.8416],[-43.22387,-22.8419],[-43.22246,-22.84319],[-43.22229,-22.84379],[-43.22342,-22.84488],[-43.22396,-22.84484],[-43.22409,-22.84526],[-43.22416,-22.8466],[-43.22337,-22.84792],[-43.22202,-22.84805],[-43.22167,-22.84867],[-43.22132,-22.84784],[-43.2211,-22.8464],[-43.22076,-22.84571],[-43.2202,-22.8456],[-43.21984,-22.8448],[-43.22035,-22.84394],[-43.22104,-22.84332],[-43.22162,-22.84324],[-43.22212,-22.84231],[-43.22231,-22.84145],[-43.22267,-22.84147],[-43.22318,-22.84082],[-43.22321,-22.84003],[-43.22375,-22.83928],[-43.22501,-22.83965],[-43.22555,-22.83954],[-43.2261,-22.83902],[-43.22662,-22.83782],[-43.22768,-22.83706],[-43.22885,-22.83696],[-43.22932,-22.83721],[-43.23006,-22.83723],[-43.23136,-22.83617],[-43.23203,-22.83626],[-43.23207,-22.83682],[-43.23131,-22.83724],[-43.23154,-22.83804],[-43.2323,-22.83861],[-43.23408,-22.83858],[-43.23622,-22.83911],[-43.23758,-22.83924],[-43.2388,-22.839],[-43.23967,-22.83819],[-43.24004,-22.83813],[-43.24115,-22.83751],[-43.24165,-22.83694],[-43.24234,-22.83696],[-43.24278,-22.83734],[-43.2431,-22.83809],[-43.24326,-22.83958],[-43.24286,-22.83997],[-43.2423,-22.83975],[-43.24113,-22.84058],[-43.24018,-22.8417],[-43.23995,-22.84272],[-43.24019,-22.84473],[-43.24079,-22.8454],[-43.24072,-22.84605],[-43.24097,-22.84669],[-43.24054,-22.84695],[-43.23937,-22.84836],[-43.23916,-22.84899],[-43.23933,-22.84964],[-43.23888,-22.85027],[-43.2379,-22.85236],[-43.2365,-22.85395],[-43.23674,-22.85441],[-43.23636,-22.85504],[-43.23638,-22.8559],[-43.23588,-22.85867],[-43.23596,-22.86076],[-43.23624,-22.86113],[-43.235,-22.862],[-43.23433,-22.8622],[-43.23326,-22.86293],[-43.23246,-22.86307],[-43.2322,-22.86389],[-43.23208,-22.86518],[-43.23224,-22.86573],[-43.23172,-22.86643],[-43.22994,-22.8664],[-43.22914,-22.86652],[-43.2277,-22.867],[-43.22706,-22.86746],[-43.22564,-22.86824],[-43.22449,-22.86898],[-43.22291,-22.86964],[-43.22231,-22.87005],[-43.22227,-22.87054],[-43.2217,-22.87059],[-43.22077,-22.87037],[-43.22001,-22.86964],[-43.21718,-22.87033]]]},"properties":{"codigo":"3304557123","name":"Cidade Universitária","population":1303,"households":622,"areaKm2":4.9258,"density":264.5}},{"type":"Feature","geometry":{"type":"Polygon","coordinates":[[[-43.32777,-22.87637],[-43.32665,-22.87629],[-43.32655,-22.87736],[-43.32551,-22.87728],[-43.32534,-22.87749],[-43.32441,-22.87764],[-43.32388,-22.87745],[-43.3225,-22.87874],[-43.32196,-22.87831],[-43.32152,-22.87847],[-43.31976,-22.87692],[-43.31956,-22.87713],[-43.31869,-22.87675],[-43.31884,-22.87649],[-43.3205,-22.87663],[-43.32,-22.87536],[-43.32001,-22.87443],[-43.32057,-22.87446],[-43.32064,-22.87335],[-43.32092,-22.8729],[-43.32197,-22.87183],[-43.32286,-22.87144],[-43.32365,-22.87133],[-43.32483,-22.87084],[-43.32562,-22.87074],[-43.32782,-22.87116],[-43.32827,-22.87146],[-43.32933,-22.87152],[-43.33114,-22.87257],[-43.33167,-22.8727],[-43.33186,-22.87354],[-43.33177,-22.87436],[-43.33137,-22.87497],[-43.32896,-22.875],[-43.32894,-22.87537],[-43.3282,-22.87534],[-43.32777,-22.87637]]]},"properties":{"codigo":"3304557071","name":"Engenheiro Leal","population":5200,"households":2195,"areaKm2":0.6689,"density":7773.9}},{"type":"Feature","geometry":{"type":"Polygon","coordinates":[[[-43.34212,-22.83228],[-43.34232,-22.83261],[-43.34134,-22.83391],[-43.34091,-22.83523],[-43.34112,-22.83611],[-43.34343,-22.83789],[-43.34688,-22.83963],[-43.34684,-22.8401],[-43.34672,-22.83983],[-43.34469,-22.83996],[-43.34429,-22.84125],[-43.34361,-22.84105],[-43.34289,-22.84168],[-43.34397,-22.84274],[-43.34377,-22.84374],[-43.34342,-22.84382],[-43.34294,-22.84443],[-43.34321,-22.84557],[-43.34392,-22.84597],[-43.34393,-22.84673],[-43.34317,-22.84715],[-43.34251,-22.84779],[-43.34201,-22.8478],[-43.34088,-22.84706],[-43.33916,-22.84544],[-43.33807,-22.84567],[-43.3368,-22.84641],[-43.33657,-22.84684],[-43.33591,-22.84702],[-43.33529,-22.84751],[-43.33509,-22.84801],[-43.33405,-22.84853],[-43.33409,-22.84807],[-43.33326,-22.84671],[-43.33128,-22.84396],[-43.33073,-22.84381],[-43.33143,-22.8432],[-43.33291,-22.84266],[-43.33123,-22.84107],[-43.32903,-22.83912],[-43.32594,-22.83625],[-43.32651,-22.83499],[-43.33001,-22.83881],[-43.33012,-22.83839],[-43.32762,-22.83559],[-43.32822,-22.83518],[-43.32799,-22.83431],[-43.32882,-22.83409],[-43.32862,-22.83319],[-43.3292,-22.83317],[-43.33085,-22.83241],[-43.33122,-22.8326],[-43.33097,-22.83321],[-43.33462,-22.83426],[-43.33449,-22.8334],[-43.33485,-22.83311],[-43.33538,-22.83453],[-43.33909,-22.83415],[-43.33956,-22.83428],[-43.3406,-22.83401],[-43.34085,-22.83351],[-43.34194,-22.83228],[-43.34212,-22.83228]]]},"properties":{"codigo":"3304557067","name":"Colégio","population":26358,"households":11819,"areaKm2":1.9905,"density":13242.1}},{"type":"Feature","geometry":{"type":"Polygon","coordinates":[[[-43.2503,-22.99578],[-43.2515,-22.99745],[-43.24862,-22.99738],[-43.24888,-22.99799],[-43.24952,-22.99813],[-43.24959,-22.99903],[-43.2494,-22.99951],[-43.24782,-22.99982],[-43.24654,-23.00087],[-43.24565,-23.00104],[-43.24438,-23.00097],[-43.24296,-23.00078],[-43.24246,-23.00058],[-43.24078,-23.00042],[-43.23996,-22.99972],[-43.23972,-22.9988],[-43.23881,-22.99863],[-43.23861,-22.99838],[-43.23572,-22.99691],[-43.23527,-22.99681],[-43.23472,-22.99622],[-43.23401,-22.99612],[-43.23397,-22.99517],[-43.23343,-22.99511],[-43.23267,-22.99533],[-43.232,-22.99528],[-43.2319,-22.99458],[-43.23297,-22.9939],[-43.23313,-22.99338],[-43.23171,-22.99144],[-43.23098,-22.99079],[-43.22962,-22.99122],[-43.22872,-22.99094],[-43.22821,-22.99044],[-43.22696,-22.99018],[-43.22698,-22.98958],[-43.22784,-22.98865],[-43.22843,-22.98967],[-43.23019,-22.98941],[-43.2313,-22.98879],[-43.23288,-22.98816],[-43.23383,-22.98848],[-43.23443,-22.98892],[-43.23529,-22.98924],[-43.23684,-22.98951],[-43.23792,-22.98923],[-43.23926,-22.98972],[-43.23983,-22.99047],[-43.24228,-22.99108],[-43.24365,-22.99165],[-43.2442,-22.99211],[-43.24428,-22.99324],[-43.24799,-22.99511],[-43.2503,-22.99578]]]},"properties":{"codigo":"3304557024","name":"Vidigal","population":15112,"households":6729,"areaKm2":1.619,"density":9334.2}},{"type":"Feature","geometry":{"type":"MultiPolygon","coordinates":[[[[-43.56094,-23.07961],[-43.56138,-23.07874],[-43.56172,-23.0791],[-43.56234,-23.08028],[-43.56238,-23.0807],[-43.56344,-23.08116],[-43.5638,-23.08151],[-43.56355,-23.08216],[-43.56276,-23.08191],[-43.56218,-23.08239],[-43.56176,-23.08233],[-43.56164,-23.08146],[-43.56089,-23.08068],[-43.56056,-23.08104],[-43.55982,-23.08135],[-43.55917,-23.08074],[-43.55965,-23.08016],[-43.56018,-23.08004],[-43.56031,-23.07964],[-43.56094,-23.07961]]],[[[-43.54311,-23.03865],[-43.543,-23.03789],[-43.54317,-23.03614],[-43.54274,-23.03412],[-43.54182,-23.03335],[-43.53946,-23.03225],[-43.53905,-23.02894],[-43.53704,-23.02781],[-43.53543,-23.02611],[-43.53376,-23.02494],[-43.53211,-23.02309],[-43.53198,-23.02201],[-43.53211,-23.02081],[-43.53098,-23.01917],[-43.53037,-23.017],[-43.53003,-23.01658],[-43.52821,-23.01559],[-43.52762,-23.01505],[-43.5278,-23.01438],[-43.52756,-23.01283],[-43.52679,-23.0113],[-43.526,-23.01078],[-43.52502,-23.01046],[-43.52433,-23.01005],[-43.52393,-23.00919],[-43.52204,-23.00775],[-43.52231,-23.0079],[-43.52408,-23.0082],[-43.5253,-23.00875],[-43.52571,-23.00873],[-43.52704,-23.00813],[-43.52761,-23.00818],[-43.52846,-23.00875],[-43.52995,-23.00922],[-43.5307,-23.00971],[-43.53084,-23.01042],[-43.53029,-23.01142],[-43.53071,-23.01243],[-43.53153,-23.01289],[-43.53492,-23.01353],[-43.53602,-23.01364],[-43.53893,-23.01334],[-43.53944,-23.01291],[-43.54051,-23.01161],[-43.54188,-23.01056],[-43.54209,-23.01089],[-43.54148,-23.01172],[-43.54205,-23.01183],[-43.54301,-23.01251],[-43.54348,-23.01396],[-43.54423,-23.01363],[-43.54446,-23.01481],[-43.5453,-23.01562],[-43.54392,-23.01633],[-43.54477,-23.01802],[-43.5454,-23.01761],[-43.54566,-23.01805],[-43.54654,-23.01739],[-43.54718,-23.01793],[-43.5456,-23.01939],[-43.5466,-23.01978],[-43.54613,-23.02018],[-43.54672,-23.02089],[-43.5468,-23.02151],[-43.54722,-23.02238],[-43.5479,-23.02321],[-43.54845,-23.02276],[-43.54952,-23.02345],[-43.54997,-23.02388],[-43.54992,-23.02453],[-43.55155,-23.02462],[-43.55189,-23.02369],[-43.55275,-23.02355],[-43.55392,-23.02377],[-43.5539,-23.02456],[-43.55515,-23.02456],[-43.55523,-23.02383],[-43.5565,-23.02423],[-43.55706,-23.02383],[-43.5593,-23.02336],[-43.56058,-23.02378],[-43.56247,-23.02509],[-43.56325,-23.02479],[-43.56349,-23.0255],[-43.56432,-23.02638],[-43.56427,-23.0267],[-43.56297,-23.02793],[-43.56285,-23.02847],[-43.56335,-23.02939],[-43.56394,-23.03004],[-43.56444,-23.03139],[-43.56389,-23.03308],[-43.56265,-23.0344],[-43.55823,-23.04074],[-43.55784,-23.04117],[-43.55412,-23.04473],[-43.55349,-23.04602],[-43.55316,-23.04621],[-43.55287,-23.04892],[-43.55314,-23.04894],[-43.55308,-23.05023],[-43.55336,-23.05087],[-43.55471,-23.05106],[-43.55478,-23.05197],[-43.55615,-23.05304],[-43.5563,-23.05342],[-43.56021,-23.05683],[-43.56099,-23.05771],[-43.5616,-23.05815],[-43.56303,-23.0596],[-43.56391,-23.0609],[-43.56464,-23.06132],[-43.56565,-23.06162],[-43.56602,-23.06227],[-43.56634,-23.06344],[-43.56749,-23.064],[-43.56788,-23.06434],[-43.56808,-23.06511],[-43.56867,-23.06553],[-43.56862,-23.06654],[-43.56828,-23.06713],[-43.56792,-23.06819],[-43.5676,-23.0696],[-43.56755,-23.07048],[-43.56772,-23.07146],[-43.56795,-23.07171],[-43.56963,-23.07216],[-43.57059,-23.07211],[-43.57213,-23.07268],[-43.57246,-23.07314],[-43.57161,-23.07333],[-43.57067,-23.07377],[-43.56981,-23.07373],[-43.56963,-23.07404],[-43.56884,-23.07419],[-43.56745,-23.07361],[-43.56682,-23.07358],[-43.56626,-23.07437],[-43.56642,-23.07516],[-43.56544,-23.0754],[-43.56479,-23.07512],[-43.56461,-23.07553],[-43.56358,-23.07504],[-43.56301,-23.07564],[-43.56211,-23.07533],[-43.5609,-23.07431],[-43.55827,-23.07394],[-43.55808,-23.07384],[-43.55643,-23.07386],[-43.55414,-23.07264],[-43.55392,-23.07317],[-43.55436,-23.07355],[-43.55436,-23.07403],[-43.5537,-23.07422],[-43.55354,-23.07474],[-43.55372,-23.07568],[-43.55232,-23.07475],[-43.55201,-23.07349],[-43.55247,-23.07326],[-43.5556,-23.06994],[-43.55722,-23.06971],[-43.55852,-23.06869],[-43.55865,-23.06816],[-43.55844,-23.06755],[-43.55797,-23.06696],[-43.55746,-23.0653],[-43.55699,-23.06419],[-43.55677,-23.06287],[-43.5568,-23.06149],[-43.55653,-23.06003],[-43.55556,-23.05915],[-43.55369,-23.05871],[-43.55244,-23.05792],[-43.55112,-23.05543],[-43.54944,-23.05367],[-43.54909,-23.05229],[-43.54956,-23.05111],[-43.54972,-23.05019],[-43.54861,-23.04858],[-43.54731,-23.04718],[-43.54776,-23.04559],[-43.5485,-23.04386],[-43.54821,-23.04274],[-43.54773,-23.04175],[-43.54311,-23.03865]]],[[[-43.57361,-23.07262],[-43.57415,-23.07273],[-43.57424,-23.0733],[-43.57363,-23.07349],[-43.57302,-23.07285],[-43.57361,-23.07262]]]]},"properties":{"codigo":"3304557143","name":"Barra de Guaratiba","population":5091,"households":3278,"areaKm2":9.8798,"density":515.3}},{"type":"Feature","geometry":{"type":"Polygon","coordinates":[[[-43.35298,-22.9531],[-43.35223,-22.95311],[-43.34985,-22.9546],[-43.34917,-22.95449],[-43.34918,-22.95415],[-43.3498,-22.9537],[-43.3483,-22.95301],[-43.34784,-22.95238],[-43.34768,-22.95173],[-43.34685,-22.95201],[-43.3466,-22.95278],[-43.34595,-22.95261],[-43.34573,-22.95322],[-43.34495,-22.95261],[-43.34485,-22.95172],[-43.34378,-22.95218],[-43.34343,-22.95164],[-43.34181,-22.95001],[-43.34115,-22.9483],[-43.34212,-22.94667],[-43.33983,-22.94742],[-43.33942,-22.94745],[-43.33816,-22.94686],[-43.33833,-22.94586],[-43.33757,-22.9458],[-43.33739,-22.9461],[-43.33676,-22.94594],[-43.33688,-22.94542],[-43.33563,-22.9446],[-43.33538,-22.94412],[-43.33457,-22.94362],[-43.3336,-22.94325],[-43.33329,-22.94366],[-43.33172,-22.94286],[-43.3313,-22.94314],[-43.33111,-22.94293],[-43.3316,-22.94199],[-43.33109,-22.94172],[-43.33071,-22.9424],[-43.3294,-22.94183],[-43.32959,-22.94148],[-43.328,-22.94071],[-43.32742,-22.94102],[-43.32598,-22.94036],[-43.32631,-22.93974],[-43.32565,-22.9393],[-43.32521,-22.93934],[-43.32467,-22.93796],[-43.32543,-22.93734],[-43.32466,-22.93718],[-43.32455,-22.93658],[-43.32524,-22.93588],[-43.32719,-22.93472],[-43.32765,-22.93428],[-43.32661,-22.93357],[-43.32686,-22.93329],[-43.32517,-22.93223],[-43.32438,-22.93152],[-43.32504,-22.93065],[-43.32256,-22.92998],[-43.32383,-22.92943],[-43.32371,-22.92905],[-43.32418,-22.92773],[-43.32476,-22.92754],[-43.32468,-22.92676],[-43.32428,-22.92619],[-43.3242,-22.92518],[-43.32483,-22.92465],[-43.32479,-22.92419],[-43.3242,-22.92393],[-43.32668,-22.92298],[-43.32419,-22.91988],[-43.32288,-22.91912],[-43.32056,-22.91706],[-43.32081,-22.91642],[-43.32062,-22.91455],[-43.32082,-22.91407],[-43.32256,-22.91301],[-43.32309,-22.91073],[-43.32413,-22.91079],[-43.32594,-22.91128],[-43.32871,-22.91273],[-43.32881,-22.91136],[-43.32963,-22.90896],[-43.33037,-22.90769],[-43.33132,-22.90645],[-43.33296,-22.90579],[-43.33352,-22.90649],[-43.33363,-22.90744],[-43.33471,-22.90858],[-43.335,-22.90993],[-43.33547,-22.91023],[-43.33572,-22.91095],[-43.33572,-22.91225],[-43.33731,-22.9135],[-43.34051,-22.91473],[-43.34252,-22.91513],[-43.34317,-22.91552],[-43.34354,-22.91678],[-43.34342,-22.91718],[-43.34413,-22.91806],[-43.34347,-22.91879],[-43.34268,-22.921],[-43.343,-22.92205],[-43.34337,-22.92196],[-43.34355,-22.92295],[-43.34404,-22.9232],[-43.34421,-22.92442],[-43.34438,-22.92472],[-43.34511,-22.9247],[-43.34453,-22.92614],[-43.34338,-22.9261],[-43.34297,-22.92644],[-43.3427,-22.92736],[-43.34332,-22.92747],[-43.3435,-22.92704],[-43.34417,-22.92757],[-43.34397,-22.9284],[-43.34462,-22.92846],[-43.34576,-22.92925],[-43.34649,-22.9296],[-43.34756,-22.93076],[-43.34665,-22.93093],[-43.34676,-22.93124],[-43.3481,-22.93176],[-43.34864,-22.93185],[-43.34907,-22.93249],[-43.34742,-22.9339],[-43.34791,-22.9346],[-43.34885,-22.93423],[-43.34965,-22.93348],[-43.35048,-22.93367],[-43.35114,-22.93445],[-43.35152,-22.93511],[-43.35177,-22.9363],[-43.35298,-22.93742],[-43.35341,-22.93817],[-43.35406,-22.93873],[-43.35461,-22.9389],[-43.35458,-22.93934],[-43.35588,-22.93938],[-43.35577,-22.94018],[-43.35648,-22.94017],[-43.35681,-22.94053],[-43.35797,-22.94067],[-43.35806,-22.94122],[-43.35872,-22.94101],[-43.35955,-22.94175],[-43.35983,-22.94164],[-43.36092,-22.94191],[-43.36113,-22.94275],[-43.36102,-22.94341],[-43.36002,-22.94356],[-43.35914,-22.94353],[-43.35885,-22.94403],[-43.35839,-22.94541],[-43.35888,-22.94626],[-43.35872,-22.94776],[-43.35815,-22.94816],[-43.35558,-22.94939],[-43.35338,-22.94987],[-43.35327,-22.95141],[-43.35298,-22.9531]]]},"properties":{"codigo":"3304557086","name":"Freguesia (Jacarepaguá)","population":75912,"households":34437,"areaKm2":10.1709,"density":7463.6}},{"type":"Feature","geometry":{"type":"Polygon","coordinates":[[[-43.53126,-22.88279],[-43.5324,-22.88414],[-43.5321,-22.88491],[-43.53305,-22.88539],[-43.53544,-22.88455],[-43.53769,-22.8854],[-43.53936,-22.88553],[-43.53941,-22.88628],[-43.54037,-22.88681],[-43.54061,-22.88722],[-43.54138,-22.88736],[-43.54166,-22.88781],[-43.54243,-22.88816],[-43.54269,-22.88854],[-43.54356,-22.8887],[-43.54496,-22.88918],[-43.54609,-22.88967],[-43.54659,-22.8897],[-43.54709,-22.89025],[-43.54665,-22.89151],[-43.54669,-22.89186],[-43.54637,-22.89296],[-43.54587,-22.89283],[-43.54557,-22.89323],[-43.54594,-22.89388],[-43.54548,-22.89505],[-43.54555,-22.89531],[-43.5464,-22.89572],[-43.54613,-22.89624],[-43.54622,-22.89683],[-43.5448,-22.8981],[-43.54403,-22.89867],[-43.54449,-22.89912],[-43.54395,-22.89947],[-43.54377,-22.90044],[-43.544,-22.90102],[-43.54261,-22.90181],[-43.5421,-22.90284],[-43.54356,-22.90306],[-43.54355,-22.90354],[-43.54276,-22.90341],[-43.54274,-22.90386],[-43.54334,-22.90473],[-43.54224,-22.90481],[-43.54136,-22.90524],[-43.54121,-22.90431],[-43.54001,-22.90417],[-43.53951,-22.90442],[-43.53801,-22.90562],[-43.5376,-22.9062],[-43.53649,-22.90685],[-43.53614,-22.90674],[-43.53474,-22.90673],[-43.53413,-22.90627],[-43.53358,-22.90679],[-43.5333,-22.90667],[-43.53286,-22.90745],[-43.5318,-22.90731],[-43.53063,-22.90696],[-43.5306,-22.9077],[-43.53006,-22.90776],[-43.52918,-22.9075],[-43.52652,-22.90432],[-43.52646,-22.90277],[-43.52503,-22.90088],[-43.52451,-22.89975],[-43.52426,-22.89837],[-43.52352,-22.8976],[-43.51928,-22.89725],[-43.51283,-22.89754],[-43.50879,-22.89152],[-43.51269,-22.88782],[-43.51459,-22.88704],[-43.51631,-22.88711],[-43.5171,-22.88734],[-43.51749,-22.8878],[-43.5189,-22.88748],[-43.51906,-22.8881],[-43.52002,-22.88805],[-43.52058,-22.88666],[-43.52163,-22.88704],[-43.52248,-22.88486],[-43.52242,-22.88462],[-43.52465,-22.88548],[-43.52607,-22.88572],[-43.52541,-22.88333],[-43.52636,-22.88252],[-43.52715,-22.88225],[-43.52818,-22.88228],[-43.529,-22.88216],[-43.52952,-22.88261],[-43.53016,-22.88284],[-43.53126,-22.88279]]]},"properties":{"codigo":"3304557103","name":"Senador Vasconcelos","population":32296,"households":13480,"areaKm2":6.3881,"density":5055.6}},{"type":"Feature","geometry":{"type":"MultiPolygon","coordinates":[[[[-43.17349,-22.95794],[-43.1725,-22.95786],[-43.16958,-22.95733],[-43.1672,-22.95882],[-43.16583,-22.95907],[-43.1633,-22.95916],[-43.16221,-22.95969],[-43.16202,-22.95998],[-43.16178,-22.96155],[-43.16023,-22.96156],[-43.16034,-22.96067],[-43.15986,-22.96028],[-43.15997,-22.95956],[-43.15921,-22.95886],[-43.15982,-22.95849],[-43.16012,-22.95788],[-43.15968,-22.95769],[-43.16102,-22.95709],[-43.16146,-22.95731],[-43.1626,-22.95742],[-43.16314,-22.95678],[-43.16441,-22.95634],[-43.16444,-22.95472],[-43.1641,-22.95429],[-43.16245,-22.95382],[-43.16161,-22.95341],[-43.16094,-22.95284],[-43.1601,-22.9533],[-43.15906,-22.9532],[-43.1566,-22.9533],[-43.1551,-22.95261],[-43.15401,-22.95198],[-43.15271,-22.95153],[-43.15127,-22.95146],[-43.15052,-22.95118],[-43.15021,-22.9507],[-43.15107,-22.94982],[-43.1508,-22.94915],[-43.15159,-22.94874],[-43.1519,-22.94829],[-43.15298,-22.9477],[-43.15429,-22.94745],[-43.15494,-22.94702],[-43.15579,-22.94418],[-43.15583,-22.94333],[-43.15511,-22.94278],[-43.1543,-22.94187],[-43.15351,-22.94204],[-43.1523,-22.94186],[-43.15203,-22.94169],[-43.15108,-22.94048],[-43.1521,-22.93947],[-43.15157,-22.93911],[-43.15218,-22.93857],[-43.15312,-22.93884],[-43.15396,-22.93886],[-43.15452,-22.93947],[-43.15537,-22.93971],[-43.15664,-22.94067],[-43.15775,-22.94116],[-43.15757,-22.942],[-43.15772,-22.94327],[-43.15861,-22.94362],[-43.15947,-22.94338],[-43.16127,-22.94321],[-43.16199,-22.94338],[-43.16252,-22.94382],[-43.16337,-22.94505],[-43.16385,-22.94594],[-43.16305,-22.94748],[-43.16387,-22.94811],[-43.16446,-22.94775],[-43.16514,-22.94771],[-43.16781,-22.94988],[-43.16804,-22.95071],[-43.17,-22.95231],[-43.1702,-22.95174],[-43.17088,-22.95144],[-43.17114,-22.95196],[-43.17645,-22.94966],[-43.17654,-22.94937],[-43.17787,-22.94892],[-43.17825,-22.94958],[-43.17657,-22.9504],[-43.17491,-22.95135],[-43.17557,-22.95226],[-43.1748,-22.95272],[-43.17549,-22.95359],[-43.17255,-22.95542],[-43.17297,-22.9558],[-43.17349,-22.95794]]],[[[-43.14604,-22.93436],[-43.14709,-22.93439],[-43.14731,-22.93494],[-43.14656,-22.93484],[-43.14604,-22.93436]]]]},"properties":{"codigo":"3304557015","name":"Urca","population":5215,"households":2627,"areaKm2":2.4448,"density":2133.1}},{"type":"Feature","geometry":{"type":"Polygon","coordinates":[[[-43.48795,-22.86234],[-43.48615,-22.86235],[-43.48486,-22.86173],[-43.48382,-22.86193],[-43.48328,-22.86181],[-43.48235,-22.86126],[-43.48086,-22.86103],[-43.47978,-22.86042],[-43.47957,-22.85999],[-43.47954,-22.85853],[-43.48256,-22.85948],[-43.48452,-22.85977],[-43.48467,-22.8591],[-43.48271,-22.85884],[-43.48023,-22.85804],[-43.47993,-22.857],[-43.4794,-22.85695],[-43.47917,-22.85633],[-43.47938,-22.85543],[-43.48023,-22.85504],[-43.4813,-22.85415],[-43.48239,-22.85396],[-43.48287,-22.85372],[-43.48361,-22.85264],[-43.48446,-22.8529],[-43.48567,-22.85286],[-43.48733,-22.85343],[-43.48939,-22.85375],[-43.49022,-22.85051],[-43.49128,-22.85075],[-43.49149,-22.84994],[-43.49481,-22.85066],[-43.49422,-22.85299],[-43.49602,-22.8534],[-43.49513,-22.85611],[-43.49504,-22.85681],[-43.49361,-22.86094],[-43.49314,-22.86149],[-43.48876,-22.86056],[-43.48839,-22.86036],[-43.48795,-22.86234]]]},"properties":{"codigo":"3304557162","name":"Vila Kennedy","population":21749,"households":8752,"areaKm2":1.4808,"density":14686.9}},{"type":"Feature","geometry":{"type":"Polygon","coordinates":[[[-43.35479,-22.95305],[-43.35498,-22.95361],[-43.35472,-22.95459],[-43.35486,-22.95513],[-43.35622,-22.95658],[-43.35618,-22.95696],[-43.35663,-22.95843],[-43.35467,-22.95839],[-43.35466,-22.95905],[-43.35409,-22.95897],[-43.35675,-22.96256],[-43.35671,-22.96273],[-43.35127,-22.96319],[-43.34945,-22.96348],[-43.34582,-22.96372],[-43.34452,-22.96221],[-43.3434,-22.95957],[-43.34328,-22.95842],[-43.34344,-22.95738],[-43.34408,-22.95758],[-43.3442,-22.958],[-43.34555,-22.95789],[-43.3456,-22.9584],[-43.34644,-22.9581],[-43.34846,-22.95779],[-43.34858,-22.95816],[-43.35026,-22.95802],[-43.35005,-22.95716],[-43.35033,-22.95686],[-43.34979,-22.95647],[-43.34972,-22.95548],[-43.3489,-22.95484],[-43.34917,-22.95449],[-43.34985,-22.9546],[-43.35223,-22.95311],[-43.35298,-22.9531],[-43.35353,-22.95318],[-43.35309,-22.95429],[-43.35367,-22.95446],[-43.35413,-22.95324],[-43.35479,-22.95305]]]},"properties":{"codigo":"3304557083","name":"Gardênia Azul","population":20490,"households":9860,"areaKm2":0.979,"density":20929.8}},{"type":"Feature","geometry":{"type":"Polygon","coordinates":[[[-43.27756,-22.89321],[-43.2787,-22.89234],[-43.27906,-22.89289],[-43.27969,-22.89266],[-43.28039,-22.89312],[-43.28207,-22.89234],[-43.28266,-22.89152],[-43.28216,-22.89121],[-43.28291,-22.88929],[-43.28278,-22.88889],[-43.28324,-22.88774],[-43.28498,-22.8875],[-43.28573,-22.88749],[-43.287,-22.8871],[-43.28764,-22.88727],[-43.28819,-22.88796],[-43.28809,-22.88901],[-43.28851,-22.88947],[-43.28795,-22.89024],[-43.28811,-22.89108],[-43.28782,-22.89119],[-43.28793,-22.8919],[-43.28761,-22.89313],[-43.28845,-22.89429],[-43.28775,-22.89523],[-43.28734,-22.89526],[-43.2875,-22.89619],[-43.28686,-22.89641],[-43.28676,-22.8969],[-43.28922,-22.89624],[-43.28953,-22.89672],[-43.28925,-22.89714],[-43.28965,-22.89768],[-43.28973,-22.89924],[-43.28987,-22.89959],[-43.28983,-22.89989],[-43.28918,-22.9002],[-43.28919,-22.90091],[-43.28819,-22.90115],[-43.28779,-22.90059],[-43.28704,-22.90097],[-43.28733,-22.90148],[-43.2865,-22.90195],[-43.28613,-22.90132],[-43.28569,-22.90152],[-43.28509,-22.90024],[-43.28421,-22.8999],[-43.28418,-22.89941],[-43.28297,-22.90073],[-43.28215,-22.90007],[-43.28129,-22.89999],[-43.28195,-22.89914],[-43.28154,-22.89882],[-43.28106,-22.89935],[-43.28055,-22.89923],[-43.28121,-22.89861],[-43.28205,-22.89807],[-43.28129,-22.89767],[-43.2811,-22.89701],[-43.2799,-22.89523],[-43.2786,-22.894],[-43.27906,-22.89342],[-43.27756,-22.89321]]]},"properties":{"codigo":"3304557054","name":"Todos os Santos","population":22593,"households":11772,"areaKm2":1.0792,"density":20935.4}},{"type":"Feature","geometry":{"type":"Polygon","coordinates":[[[-43.24651,-22.9081],[-43.246,-22.90801],[-43.24511,-22.90829],[-43.24449,-22.90808],[-43.24324,-22.90801],[-43.24171,-22.90721],[-43.24056,-22.9073],[-43.24002,-22.90792],[-43.24046,-22.90819],[-43.24006,-22.90889],[-43.23953,-22.9086],[-43.23922,-22.90911],[-43.23862,-22.90886],[-43.23767,-22.90844],[-43.23732,-22.90799],[-43.23844,-22.90722],[-43.24014,-22.90582],[-43.2411,-22.90461],[-43.24148,-22.90308],[-43.24132,-22.90002],[-43.24135,-22.89951],[-43.2417,-22.89845],[-43.24275,-22.8974],[-43.24405,-22.89674],[-43.24413,-22.89729],[-43.24419,-22.89813],[-43.24463,-22.89813],[-43.24467,-22.89904],[-43.24433,-22.89917],[-43.24423,-22.9],[-43.2447,-22.9006],[-43.24548,-22.90045],[-43.24572,-22.90174],[-43.24514,-22.90202],[-43.24555,-22.90335],[-43.24596,-22.90335],[-43.247,-22.90399],[-43.24792,-22.90385],[-43.24815,-22.90439],[-43.24735,-22.90478],[-43.24834,-22.9062],[-43.24717,-22.90765],[-43.24651,-22.9081]]]},"properties":{"codigo":"3304557047","name":"São Francisco Xavier","population":6340,"households":3237,"areaKm2":0.6417,"density":9880.6}},{"type":"Feature","geometry":{"type":"Polygon","coordinates":[[[-43.18368,-22.80636],[-43.18409,-22.80713],[-43.18317,-22.80756],[-43.18385,-22.80785],[-43.18424,-22.80919],[-43.18427,-22.80976],[-43.18523,-22.81036],[-43.18499,-22.81075],[-43.18447,-22.81057],[-43.18318,-22.81079],[-43.18316,-22.81048],[-43.18249,-22.80873],[-43.18091,-22.80724],[-43.18034,-22.80726],[-43.17959,-22.80763],[-43.17886,-22.80769],[-43.17851,-22.80806],[-43.1778,-22.80773],[-43.17786,-22.80621],[-43.17745,-22.80609],[-43.17796,-22.80536],[-43.1784,-22.80266],[-43.17835,-22.80206],[-43.17779,-22.80153],[-43.17695,-22.80159],[-43.17545,-22.80138],[-43.17521,-22.80118],[-43.17645,-22.80086],[-43.1772,-22.8004],[-43.17743,-22.79954],[-43.17891,-22.79906],[-43.18035,-22.79919],[-43.18091,-22.79953],[-43.18224,-22.80004],[-43.18247,-22.80054],[-43.18291,-22.80045],[-43.18313,-22.80137],[-43.18317,-22.80347],[-43.18335,-22.80346],[-43.18353,-22.8059],[-43.18368,-22.80636]]]},"properties":{"codigo":"3304557114","name":"Cocotá","population":5021,"households":2329,"areaKm2":0.5752,"density":8728.6}},{"type":"Feature","geometry":{"type":"Polygon","coordinates":[[[-43.30597,-22.91824],[-43.3054,-22.91724],[-43.30483,-22.9166],[-43.30427,-22.91567],[-43.30282,-22.91393],[-43.30244,-22.91297],[-43.3025,-22.91152],[-43.30244,-22.90942],[-43.30274,-22.90909],[-43.30258,-22.90828],[-43.30264,-22.90742],[-43.30233,-22.90685],[-43.30256,-22.90564],[-43.30338,-22.90474],[-43.30376,-22.90428],[-43.30429,-22.90414],[-43.30452,-22.90455],[-43.30576,-22.90418],[-43.30561,-22.90375],[-43.30694,-22.90338],[-43.30764,-22.90332],[-43.30813,-22.90307],[-43.30953,-22.90279],[-43.31046,-22.90558],[-43.31104,-22.90561],[-43.31198,-22.90455],[-43.31286,-22.90431],[-43.31332,-22.90443],[-43.31495,-22.90384],[-43.31495,-22.90463],[-43.31515,-22.90526],[-43.31483,-22.90588],[-43.31524,-22.90699],[-43.31567,-22.90685],[-43.31603,-22.9078],[-43.31516,-22.90826],[-43.31556,-22.90899],[-43.31655,-22.90945],[-43.3176,-22.90884],[-43.31801,-22.90825],[-43.31937,-22.90869],[-43.32094,-22.90947],[-43.32159,-22.9096],[-43.32237,-22.90999],[-43.32309,-22.91073],[-43.32256,-22.91301],[-43.32082,-22.91407],[-43.32062,-22.91455],[-43.32081,-22.91642],[-43.32056,-22.91706],[-43.31935,-22.91749],[-43.31824,-22.91772],[-43.31659,-22.9179],[-43.31491,-22.91676],[-43.3135,-22.91644],[-43.31157,-22.91687],[-43.31071,-22.9165],[-43.3088,-22.91696],[-43.30798,-22.91727],[-43.30597,-22.91824]]]},"properties":{"codigo":"3304557057","name":"Água Santa","population":6419,"households":3199,"areaKm2":2.4344,"density":2636.8}},{"type":"Feature","geometry":{"type":"Polygon","coordinates":[[[-43.30857,-22.79987],[-43.31048,-22.79989],[-43.31284,-22.80011],[-43.31705,-22.80095],[-43.31952,-22.80152],[-43.32082,-22.8016],[-43.32065,-22.80312],[-43.32041,-22.80341],[-43.32008,-22.80473],[-43.32035,-22.8051],[-43.31994,-22.80541],[-43.31929,-22.80809],[-43.31859,-22.80795],[-43.31793,-22.80971],[-43.31747,-22.81009],[-43.31775,-22.81064],[-43.31606,-22.81394],[-43.31604,-22.81447],[-43.31714,-22.81493],[-43.31678,-22.81574],[-43.31716,-22.81608],[-43.31618,-22.81811],[-43.31655,-22.81841],[-43.31823,-22.81935],[-43.31662,-22.81978],[-43.31233,-22.81982],[-43.31076,-22.81947],[-43.30972,-22.81902],[-43.30725,-22.81747],[-43.30567,-22.8167],[-43.30462,-22.81636],[-43.30098,-22.81549],[-43.30082,-22.81501],[-43.30122,-22.81103],[-43.30137,-22.81031],[-43.30236,-22.80892],[-43.30103,-22.80766],[-43.29967,-22.80602],[-43.30017,-22.80451],[-43.30092,-22.80365],[-43.30178,-22.80351],[-43.30278,-22.8038],[-43.3032,-22.80348],[-43.30355,-22.80199],[-43.30413,-22.80082],[-43.30505,-22.8008],[-43.30703,-22.8],[-43.30857,-22.79987]]]},"properties":{"codigo":"3304557045","name":"Vigário Geral","population":34645,"households":15972,"areaKm2":3.4122,"density":10153.3}},{"type":"Feature","geometry":{"type":"Polygon","coordinates":[[[-43.28987,-22.89959],[-43.28973,-22.89924],[-43.28965,-22.89768],[-43.28925,-22.89714],[-43.28953,-22.89672],[-43.28922,-22.89624],[-43.28676,-22.8969],[-43.28686,-22.89641],[-43.2875,-22.89619],[-43.28734,-22.89526],[-43.28775,-22.89523],[-43.28845,-22.89429],[-43.28761,-22.89313],[-43.28793,-22.8919],[-43.28782,-22.89119],[-43.28811,-22.89108],[-43.28795,-22.89024],[-43.28851,-22.88947],[-43.28809,-22.88901],[-43.28819,-22.88796],[-43.28764,-22.88727],[-43.287,-22.8871],[-43.28573,-22.88749],[-43.28498,-22.8875],[-43.28672,-22.88454],[-43.28592,-22.8842],[-43.28595,-22.88303],[-43.28737,-22.8832],[-43.28858,-22.88292],[-43.28945,-22.88255],[-43.28949,-22.88291],[-43.29047,-22.88353],[-43.29093,-22.88457],[-43.29175,-22.88478],[-43.29162,-22.88518],[-43.29267,-22.88678],[-43.29325,-22.88733],[-43.29314,-22.88774],[-43.29457,-22.88889],[-43.29428,-22.8905],[-43.29518,-22.88998],[-43.2968,-22.89084],[-43.29665,-22.89111],[-43.29736,-22.89152],[-43.29757,-22.89124],[-43.29851,-22.89208],[-43.29933,-22.89236],[-43.30056,-22.89318],[-43.30057,-22.8937],[-43.30096,-22.89408],[-43.30042,-22.89442],[-43.30081,-22.89533],[-43.30073,-22.89589],[-43.30035,-22.89623],[-43.30106,-22.8981],[-43.30104,-22.89842],[-43.30175,-22.90038],[-43.30219,-22.90068],[-43.30258,-22.90188],[-43.3015,-22.9022],[-43.30172,-22.90286],[-43.30213,-22.9032],[-43.30296,-22.90317],[-43.30242,-22.90387],[-43.30263,-22.90446],[-43.30338,-22.90474],[-43.30256,-22.90564],[-43.30233,-22.90685],[-43.30264,-22.90742],[-43.30258,-22.90828],[-43.30274,-22.90909],[-43.30244,-22.90942],[-43.3025,-22.91152],[-43.30244,-22.91297],[-43.30282,-22.91393],[-43.30427,-22.91567],[-43.30483,-22.9166],[-43.3054,-22.91724],[-43.30597,-22.91824],[-43.30424,-22.91916],[-43.30356,-22.91937],[-43.30093,-22.92101],[-43.29885,-22.92114],[-43.29758,-22.92114],[-43.29527,-22.91705],[-43.29539,-22.91643],[-43.29586,-22.9158],[-43.29612,-22.91483],[-43.2958,-22.91447],[-43.2953,-22.91452],[-43.2943,-22.91426],[-43.29435,-22.91372],[-43.29413,-22.91301],[-43.29504,-22.91201],[-43.29519,-22.91132],[-43.29492,-22.91103],[-43.29533,-22.91068],[-43.29523,-22.90962],[-43.29436,-22.90623],[-43.29371,-22.90644],[-43.29337,-22.90557],[-43.29298,-22.9051],[-43.29347,-22.90462],[-43.2927,-22.90215],[-43.29341,-22.90149],[-43.29288,-22.89993],[-43.29195,-22.90011],[-43.29113,-22.89985],[-43.29044,-22.90015],[-43.28987,-22.89959]]]},"properties":{"codigo":"3304557056","name":"Engenho de Dentro","population":42826,"households":21418,"areaKm2":3.7308,"density":11479.2}},{"type":"Feature","geometry":{"type":"Polygon","coordinates":[[[-43.25439,-22.83915],[-43.25577,-22.8381],[-43.26043,-22.83558],[-43.26053,-22.83584],[-43.26191,-22.83699],[-43.26228,-22.83678],[-43.26349,-22.83647],[-43.26217,-22.83505],[-43.26363,-22.83427],[-43.26394,-22.83454],[-43.26496,-22.83684],[-43.26696,-22.83907],[-43.26757,-22.83893],[-43.26761,-22.8394],[-43.26915,-22.84151],[-43.26858,-22.84157],[-43.26781,-22.84288],[-43.26847,-22.84381],[-43.27052,-22.84273],[-43.27079,-22.84302],[-43.271,-22.84393],[-43.27132,-22.844],[-43.27167,-22.84504],[-43.27405,-22.84481],[-43.27527,-22.84449],[-43.27583,-22.84489],[-43.2764,-22.8457],[-43.27761,-22.84599],[-43.27722,-22.84662],[-43.27725,-22.84736],[-43.27782,-22.84753],[-43.27887,-22.84842],[-43.27936,-22.84846],[-43.28012,-22.84822],[-43.28151,-22.84855],[-43.28289,-22.84991],[-43.28295,-22.85047],[-43.28405,-22.85073],[-43.28565,-22.85063],[-43.28645,-22.85069],[-43.28768,-22.85057],[-43.28881,-22.85082],[-43.2907,-22.85141],[-43.29209,-22.85256],[-43.28674,-22.85577],[-43.28434,-22.85686],[-43.28427,-22.85701],[-43.2837,-22.85693],[-43.28269,-22.85574],[-43.28147,-22.85545],[-43.28169,-22.85397],[-43.28055,-22.85388],[-43.27979,-22.85328],[-43.27898,-22.85309],[-43.27744,-22.85378],[-43.2765,-22.85355],[-43.2756,-22.85382],[-43.27462,-22.85445],[-43.27445,-22.8543],[-43.27339,-22.85509],[-43.27271,-22.85465],[-43.27136,-22.8548],[-43.27071,-22.85526],[-43.27118,-22.85583],[-43.27104,-22.85614],[-43.27017,-22.85678],[-43.26966,-22.85624],[-43.26808,-22.85755],[-43.26742,-22.85765],[-43.26707,-22.857],[-43.26708,-22.85609],[-43.26645,-22.85539],[-43.26607,-22.85562],[-43.2657,-22.85526],[-43.26574,-22.85475],[-43.265,-22.85442],[-43.26467,-22.85376],[-43.26431,-22.8537],[-43.26408,-22.85307],[-43.26349,-22.8525],[-43.26427,-22.85194],[-43.26422,-22.85135],[-43.26299,-22.85047],[-43.26264,-22.85078],[-43.26142,-22.84949],[-43.261,-22.84882],[-43.26111,-22.8484],[-43.26062,-22.84788],[-43.26032,-22.84808],[-43.2598,-22.84698],[-43.25946,-22.8472],[-43.25855,-22.84619],[-43.25732,-22.84566],[-43.25743,-22.84515],[-43.25807,-22.84499],[-43.25717,-22.84376],[-43.25699,-22.84328],[-43.25636,-22.84346],[-43.25632,-22.8427],[-43.25586,-22.84164],[-43.25582,-22.84111],[-43.25509,-22.83945],[-43.25439,-22.83915]]]},"properties":{"codigo":"3304557039","name":"Olaria","population":51222,"households":23715,"areaKm2":3.7788,"density":13555.2}},{"type":"Feature","geometry":{"type":"Polygon","coordinates":[[[-43.25474,-22.83653],[-43.25502,-22.83525],[-43.25591,-22.83414],[-43.2633,-22.82783],[-43.26423,-22.82644],[-43.2648,-22.82647],[-43.2654,-22.82578],[-43.26689,-22.82348],[-43.26884,-22.81934],[-43.27079,-22.82173],[-43.27097,-22.82212],[-43.27423,-22.82617],[-43.27471,-22.82652],[-43.27456,-22.82717],[-43.27488,-22.82739],[-43.27603,-22.82921],[-43.27647,-22.82899],[-43.27692,-22.82933],[-43.27657,-22.82975],[-43.27703,-22.83042],[-43.27738,-22.83025],[-43.27794,-22.83131],[-43.27894,-22.83239],[-43.27956,-22.83244],[-43.2795,-22.83287],[-43.28024,-22.83359],[-43.28082,-22.83448],[-43.2818,-22.8351],[-43.2821,-22.83501],[-43.28304,-22.83572],[-43.28456,-22.83727],[-43.28432,-22.83756],[-43.28511,-22.83827],[-43.28462,-22.83877],[-43.28535,-22.83941],[-43.28559,-22.83927],[-43.28616,-22.84009],[-43.28772,-22.84048],[-43.28848,-22.84131],[-43.28855,-22.84193],[-43.28899,-22.84218],[-43.28973,-22.8419],[-43.2901,-22.84241],[-43.29114,-22.84266],[-43.29322,-22.84373],[-43.29457,-22.84457],[-43.29515,-22.84483],[-43.29498,-22.84553],[-43.29632,-22.84566],[-43.29693,-22.84608],[-43.29668,-22.84742],[-43.29687,-22.84822],[-43.29674,-22.84873],[-43.29588,-22.85031],[-43.29209,-22.85256],[-43.2907,-22.85141],[-43.28881,-22.85082],[-43.28768,-22.85057],[-43.28645,-22.85069],[-43.28565,-22.85063],[-43.28405,-22.85073],[-43.28295,-22.85047],[-43.28289,-22.84991],[-43.28151,-22.84855],[-43.28012,-22.84822],[-43.27936,-22.84846],[-43.27887,-22.84842],[-43.27782,-22.84753],[-43.27725,-22.84736],[-43.27722,-22.84662],[-43.27761,-22.84599],[-43.2764,-22.8457],[-43.27583,-22.84489],[-43.27527,-22.84449],[-43.27405,-22.84481],[-43.27167,-22.84504],[-43.27132,-22.844],[-43.271,-22.84393],[-43.27079,-22.84302],[-43.27052,-22.84273],[-43.26847,-22.84381],[-43.26781,-22.84288],[-43.26858,-22.84157],[-43.26915,-22.84151],[-43.26761,-22.8394],[-43.26757,-22.83893],[-43.26696,-22.83907],[-43.26496,-22.83684],[-43.26394,-22.83454],[-43.26363,-22.83427],[-43.26217,-22.83505],[-43.26349,-22.83647],[-43.26228,-22.83678],[-43.26191,-22.83699],[-43.26053,-22.83584],[-43.26043,-22.83558],[-43.25577,-22.8381],[-43.25612,-22.83773],[-43.25504,-22.83713],[-43.25474,-22.83653]]]},"properties":{"codigo":"3304557040","name":"Penha","population":58516,"households":27541,"areaKm2":5.6823,"density":10298}},{"type":"Feature","geometry":{"type":"MultiPolygon","coordinates":[[[[-43.17259,-22.96654],[-43.17135,-22.96608],[-43.1672,-22.96389],[-43.16587,-22.96356],[-43.16477,-22.9636],[-43.16475,-22.96413],[-43.16416,-22.96475],[-43.16321,-22.96516],[-43.16192,-22.96521],[-43.16058,-22.96486],[-43.1596,-22.96441],[-43.15868,-22.9631],[-43.15882,-22.96262],[-43.15971,-22.96231],[-43.16023,-22.96156],[-43.16178,-22.96155],[-43.16202,-22.95998],[-43.16221,-22.95969],[-43.1633,-22.95916],[-43.16583,-22.95907],[-43.1672,-22.95882],[-43.16958,-22.95733],[-43.16977,-22.95768],[-43.17111,-22.95816],[-43.17186,-22.95893],[-43.17325,-22.95958],[-43.17346,-22.96079],[-43.17419,-22.96161],[-43.17433,-22.96223],[-43.17405,-22.9629],[-43.17361,-22.96336],[-43.17393,-22.96388],[-43.17336,-22.96409],[-43.17302,-22.96464],[-43.17338,-22.96498],[-43.17259,-22.96654]]],[[[-43.14725,-22.96185],[-43.14753,-22.96167],[-43.14894,-22.96184],[-43.14963,-22.96211],[-43.15072,-22.96311],[-43.15106,-22.96435],[-43.15034,-22.96498],[-43.14937,-22.96516],[-43.14978,-22.96573],[-43.15049,-22.96596],[-43.1514,-22.96662],[-43.15092,-22.967],[-43.15034,-22.96679],[-43.14983,-22.96616],[-43.14919,-22.96594],[-43.14858,-22.96525],[-43.14892,-22.9649],[-43.14831,-22.9646],[-43.14734,-22.96319],[-43.14709,-22.96216],[-43.14725,-22.96185]]]]},"properties":{"codigo":"3304557017","name":"Leme","population":12479,"households":7391,"areaKm2":1.0483,"density":11904.4}},{"type":"Feature","geometry":{"type":"Polygon","coordinates":[[[-43.22402,-22.90982],[-43.22511,-22.9101],[-43.22693,-22.91013],[-43.23298,-22.90936],[-43.23537,-22.90891],[-43.23559,-22.90958],[-43.23626,-22.90933],[-43.23767,-22.90844],[-43.23862,-22.90886],[-43.23943,-22.90937],[-43.23896,-22.91016],[-43.23945,-22.91044],[-43.23907,-22.91094],[-43.23846,-22.91059],[-43.23819,-22.91119],[-43.23882,-22.91157],[-43.23828,-22.91217],[-43.2388,-22.91267],[-43.2381,-22.91286],[-43.23769,-22.91262],[-43.23744,-22.91328],[-43.23696,-22.91365],[-43.23607,-22.91335],[-43.23537,-22.91437],[-43.23486,-22.91449],[-43.23473,-22.91548],[-43.23575,-22.91589],[-43.23603,-22.91632],[-43.23688,-22.91698],[-43.23736,-22.9171],[-43.23643,-22.91848],[-43.23528,-22.91961],[-43.23478,-22.91873],[-43.23388,-22.91887],[-43.234,-22.91956],[-43.23366,-22.91977],[-43.23256,-22.91937],[-43.23203,-22.91898],[-43.2319,-22.91856],[-43.23085,-22.91795],[-43.2305,-22.91759],[-43.23028,-22.91689],[-43.22923,-22.9159],[-43.22884,-22.9158],[-43.22646,-22.91591],[-43.22531,-22.91636],[-43.22409,-22.91654],[-43.22381,-22.91675],[-43.2244,-22.91731],[-43.22402,-22.91787],[-43.2221,-22.91639],[-43.22106,-22.91551],[-43.22015,-22.91491],[-43.21694,-22.9131],[-43.21675,-22.91282],[-43.21759,-22.91188],[-43.2176,-22.91145],[-43.21543,-22.91047],[-43.21529,-22.91018],[-43.21779,-22.91025],[-43.21981,-22.90964],[-43.21992,-22.90995],[-43.22152,-22.90977],[-43.22229,-22.9098],[-43.22364,-22.91006],[-43.22337,-22.91038],[-43.22441,-22.91086],[-43.22402,-22.90982]]]},"properties":{"codigo":"3304557032","name":"Maracanã","population":22915,"households":11693,"areaKm2":1.6149,"density":14189.3}},{"type":"Feature","geometry":{"type":"Polygon","coordinates":[[[-43.19259,-22.79645],[-43.19238,-22.79594],[-43.19166,-22.79599],[-43.19133,-22.79513],[-43.19181,-22.79459],[-43.19223,-22.79468],[-43.19323,-22.79416],[-43.19377,-22.795],[-43.19447,-22.7951],[-43.19565,-22.79432],[-43.19663,-22.79414],[-43.19784,-22.7937],[-43.19951,-22.79367],[-43.20209,-22.79428],[-43.2025,-22.79457],[-43.20187,-22.79612],[-43.20204,-22.79692],[-43.20158,-22.79801],[-43.20097,-22.79859],[-43.20149,-22.79874],[-43.2012,-22.79945],[-43.20068,-22.79926],[-43.20031,-22.79992],[-43.19974,-22.80011],[-43.19748,-22.80006],[-43.19727,-22.79966],[-43.19597,-22.79863],[-43.19414,-22.79747],[-43.194,-22.79708],[-43.19267,-22.79763],[-43.19259,-22.79645]]]},"properties":{"codigo":"3304557120","name":"Moneró","population":5723,"households":2568,"areaKm2":0.5197,"density":11011.5}},{"type":"Feature","geometry":{"type":"Polygon","coordinates":[[[-43.3677,-22.87771],[-43.36781,-22.87707],[-43.36771,-22.87609],[-43.36805,-22.87557],[-43.3686,-22.87561],[-43.36922,-22.87394],[-43.36901,-22.87345],[-43.36948,-22.87316],[-43.36974,-22.87243],[-43.36935,-22.87193],[-43.36966,-22.87163],[-43.36979,-22.8708],[-43.36935,-22.87061],[-43.36929,-22.86963],[-43.36968,-22.8698],[-43.3703,-22.86925],[-43.36954,-22.86877],[-43.36626,-22.86705],[-43.36623,-22.86686],[-43.36711,-22.86398],[-43.36642,-22.86386],[-43.36614,-22.86356],[-43.36578,-22.86231],[-43.36621,-22.86208],[-43.36437,-22.85888],[-43.3638,-22.85882],[-43.36369,-22.85789],[-43.36277,-22.85632],[-43.36254,-22.85562],[-43.36222,-22.85545],[-43.36292,-22.85524],[-43.36282,-22.85471],[-43.36316,-22.85431],[-43.36281,-22.8537],[-43.36187,-22.85315],[-43.36231,-22.85277],[-43.36195,-22.85214],[-43.36131,-22.85177],[-43.36151,-22.85135],[-43.36119,-22.8508],[-43.36034,-22.85041],[-43.36051,-22.84992],[-43.36006,-22.8496],[-43.35946,-22.8498],[-43.35874,-22.8494],[-43.35829,-22.84963],[-43.35765,-22.84917],[-43.35808,-22.84865],[-43.36039,-22.84678],[-43.36073,-22.84713],[-43.36318,-22.8468],[-43.36351,-22.84683],[-43.36465,-22.8474],[-43.36661,-22.84772],[-43.36747,-22.84745],[-43.36825,-22.84757],[-43.37002,-22.84849],[-43.37118,-22.8489],[-43.37269,-22.84958],[-43.37357,-22.85027],[-43.37524,-22.85077],[-43.37665,-22.85025],[-43.37718,-22.85016],[-43.37893,-22.85021],[-43.37883,-22.85111],[-43.3782,-22.85234],[-43.37828,-22.85276],[-43.37762,-22.85403],[-43.3801,-22.85481],[-43.38141,-22.85516],[-43.38235,-22.85509],[-43.38263,-22.85575],[-43.3816,-22.85607],[-43.37824,-22.85733],[-43.37676,-22.85818],[-43.37472,-22.85916],[-43.37594,-22.86136],[-43.37779,-22.86075],[-43.37839,-22.86204],[-43.37782,-22.86239],[-43.37851,-22.86364],[-43.37749,-22.86412],[-43.37816,-22.86533],[-43.37832,-22.86586],[-43.37812,-22.86676],[-43.37809,-22.86695],[-43.37613,-22.86948],[-43.37564,-22.87027],[-43.37515,-22.87168],[-43.37439,-22.87242],[-43.37295,-22.87591],[-43.37348,-22.87686],[-43.37228,-22.87705],[-43.37169,-22.87671],[-43.37137,-22.87716],[-43.37021,-22.8774],[-43.36987,-22.87715],[-43.36903,-22.87764],[-43.3677,-22.87771]]]},"properties":{"codigo":"3304557080","name":"Marechal Hermes","population":41507,"households":19311,"areaKm2":3.7518,"density":11063.1}},{"type":"Feature","geometry":{"type":"Polygon","coordinates":[[[-43.22709,-22.9705],[-43.2255,-22.97047],[-43.22506,-22.97136],[-43.22461,-22.97173],[-43.22444,-22.9726],[-43.22364,-22.97168],[-43.2229,-22.9715],[-43.22247,-22.97086],[-43.22268,-22.97054],[-43.21944,-22.96668],[-43.21906,-22.9663],[-43.21855,-22.96656],[-43.21762,-22.96523],[-43.21766,-22.9647],[-43.21686,-22.96362],[-43.2164,-22.96359],[-43.21586,-22.96405],[-43.215,-22.96351],[-43.21587,-22.96262],[-43.21469,-22.96179],[-43.21355,-22.96148],[-43.21315,-22.96224],[-43.21237,-22.96259],[-43.21149,-22.96201],[-43.21116,-22.96158],[-43.21014,-22.9615],[-43.20987,-22.96119],[-43.20887,-22.96131],[-43.20694,-22.96111],[-43.20632,-22.96088],[-43.20442,-22.96061],[-43.20415,-22.96079],[-43.20418,-22.95951],[-43.20371,-22.95989],[-43.20256,-22.95951],[-43.20288,-22.95844],[-43.20275,-22.95784],[-43.20368,-22.95734],[-43.20383,-22.95766],[-43.20469,-22.95724],[-43.20418,-22.95659],[-43.20385,-22.95575],[-43.20269,-22.95509],[-43.20218,-22.9552],[-43.20183,-22.9549],[-43.2022,-22.95436],[-43.20372,-22.95421],[-43.20474,-22.95496],[-43.20557,-22.95515],[-43.20527,-22.95594],[-43.20559,-22.95658],[-43.20609,-22.95677],[-43.20745,-22.95661],[-43.20756,-22.95618],[-43.20919,-22.9567],[-43.20998,-22.95719],[-43.21085,-22.957],[-43.21154,-22.95775],[-43.2124,-22.95773],[-43.2141,-22.95888],[-43.21527,-22.95926],[-43.21693,-22.95954],[-43.21817,-22.95952],[-43.2197,-22.95975],[-43.22041,-22.95927],[-43.22162,-22.95823],[-43.22178,-22.95779],[-43.22336,-22.95892],[-43.22346,-22.95963],[-43.22467,-22.95956],[-43.22595,-22.96015],[-43.22637,-22.96064],[-43.22711,-22.96062],[-43.22779,-22.96113],[-43.22765,-22.96166],[-43.22798,-22.96249],[-43.22853,-22.9625],[-43.22931,-22.96311],[-43.23062,-22.96354],[-43.23238,-22.9638],[-43.23284,-22.96469],[-43.23399,-22.96493],[-43.23487,-22.96468],[-43.23556,-22.96502],[-43.2359,-22.96466],[-43.23669,-22.96451],[-43.23809,-22.96446],[-43.2385,-22.96544],[-43.23902,-22.96501],[-43.23956,-22.96513],[-43.24011,-22.96567],[-43.24113,-22.96632],[-43.24164,-22.96723],[-43.24184,-22.96789],[-43.24267,-22.96841],[-43.24262,-22.96869],[-43.24163,-22.96937],[-43.24051,-22.96889],[-43.23928,-22.96878],[-43.23818,-22.96928],[-43.23878,-22.9705],[-43.2398,-22.97101],[-43.23918,-22.97132],[-43.23815,-22.97154],[-43.23739,-22.97204],[-43.23634,-22.97191],[-43.23553,-22.97164],[-43.23515,-22.97119],[-43.23444,-22.97124],[-43.23355,-22.97071],[-43.2331,-22.97009],[-43.23264,-22.97004],[-43.23138,-22.97048],[-43.2305,-22.97033],[-43.22944,-22.96988],[-43.22899,-22.96998],[-43.22819,-22.96972],[-43.22742,-22.96978],[-43.22709,-22.9705]]]},"properties":{"codigo":"3304557022","name":"Jardim Botânico","population":15871,"households":7933,"areaKm2":2.8077,"density":5652.6}},{"type":"Feature","geometry":{"type":"Polygon","coordinates":[[[-43.3371,-22.856],[-43.33954,-22.85632],[-43.34009,-22.8569],[-43.34078,-22.85678],[-43.34259,-22.85712],[-43.34622,-22.85787],[-43.34606,-22.85824],[-43.34651,-22.85865],[-43.34687,-22.8584],[-43.34754,-22.85877],[-43.34829,-22.85861],[-43.34956,-22.85919],[-43.35044,-22.85974],[-43.34992,-22.86055],[-43.35045,-22.86104],[-43.34975,-22.86164],[-43.34924,-22.86113],[-43.34917,-22.86202],[-43.3486,-22.863],[-43.34724,-22.86355],[-43.34756,-22.86481],[-43.34808,-22.86527],[-43.34665,-22.86602],[-43.34681,-22.86631],[-43.34607,-22.86706],[-43.34516,-22.86751],[-43.34342,-22.86876],[-43.34272,-22.86874],[-43.34209,-22.86784],[-43.34091,-22.8668],[-43.34048,-22.86668],[-43.3399,-22.86734],[-43.33874,-22.86548],[-43.33942,-22.86516],[-43.33939,-22.86433],[-43.33812,-22.863],[-43.33639,-22.86133],[-43.33526,-22.86056],[-43.33512,-22.86019],[-43.33404,-22.85913],[-43.33557,-22.85795],[-43.3371,-22.856]]]},"properties":{"codigo":"3304557075","name":"Turiaçu","population":11613,"households":5539,"areaKm2":1.3117,"density":8853.1}},{"type":"Feature","geometry":{"type":"Polygon","coordinates":[[[-43.22494,-22.97658],[-43.22544,-22.97659],[-43.22643,-22.97767],[-43.2267,-22.97927],[-43.22751,-22.9791],[-43.22829,-22.97929],[-43.22847,-22.97976],[-43.22981,-22.9805],[-43.23035,-22.98027],[-43.23131,-22.98026],[-43.23215,-22.98061],[-43.23346,-22.9827],[-43.23403,-22.98337],[-43.23509,-22.98419],[-43.23587,-22.98434],[-43.23662,-22.98489],[-43.23675,-22.98598],[-43.23714,-22.98751],[-43.23792,-22.98923],[-43.23684,-22.98951],[-43.23529,-22.98924],[-43.23443,-22.98892],[-43.23383,-22.98848],[-43.23288,-22.98816],[-43.2313,-22.98879],[-43.23019,-22.98941],[-43.22843,-22.98967],[-43.22784,-22.98865],[-43.22698,-22.98958],[-43.22695,-22.9887],[-43.22667,-22.98854],[-43.22459,-22.98798],[-43.22229,-22.98749],[-43.22118,-22.98743],[-43.21967,-22.98714],[-43.21761,-22.98701],[-43.21535,-22.98716],[-43.21561,-22.98478],[-43.21549,-22.98417],[-43.21467,-22.9819],[-43.21646,-22.98146],[-43.2176,-22.98142],[-43.21804,-22.98156],[-43.21801,-22.9806],[-43.21822,-22.97904],[-43.21801,-22.9788],[-43.2215,-22.97953],[-43.22201,-22.97789],[-43.22193,-22.97773],[-43.2197,-22.97729],[-43.22025,-22.97677],[-43.22081,-22.9772],[-43.22241,-22.97754],[-43.22423,-22.97632],[-43.22494,-22.97658]]]},"properties":{"codigo":"3304557020","name":"Leblon","population":37709,"households":22205,"areaKm2":2.0095,"density":18765.4}},{"type":"Feature","geometry":{"type":"Polygon","coordinates":[[[-43.1802,-22.82063],[-43.17995,-22.82021],[-43.17898,-22.81988],[-43.1781,-22.81935],[-43.17653,-22.8191],[-43.17566,-22.81952],[-43.17522,-22.81905],[-43.17496,-22.8182],[-43.17531,-22.81756],[-43.17614,-22.81662],[-43.17649,-22.81562],[-43.1764,-22.81371],[-43.17551,-22.813],[-43.17509,-22.81242],[-43.17798,-22.81326],[-43.17965,-22.81368],[-43.1823,-22.81498],[-43.18245,-22.81489],[-43.18373,-22.81553],[-43.18433,-22.81612],[-43.18544,-22.81656],[-43.18657,-22.81658],[-43.18593,-22.81711],[-43.18612,-22.81734],[-43.18569,-22.81849],[-43.18514,-22.81925],[-43.18457,-22.81923],[-43.18306,-22.81948],[-43.18275,-22.82014],[-43.18188,-22.82074],[-43.18055,-22.82084],[-43.1802,-22.82063]]]},"properties":{"codigo":"3304557112","name":"Pitangueiras","population":10242,"households":4481,"areaKm2":0.6098,"density":16796.6}},{"type":"Feature","geometry":{"type":"Polygon","coordinates":[[[-43.3313,-22.94314],[-43.33172,-22.94286],[-43.33329,-22.94366],[-43.3336,-22.94325],[-43.33457,-22.94362],[-43.33538,-22.94412],[-43.33563,-22.9446],[-43.33688,-22.94542],[-43.33676,-22.94594],[-43.33739,-22.9461],[-43.33757,-22.9458],[-43.33833,-22.94586],[-43.33816,-22.94686],[-43.33942,-22.94745],[-43.33983,-22.94742],[-43.34212,-22.94667],[-43.34115,-22.9483],[-43.34181,-22.95001],[-43.34343,-22.95164],[-43.34378,-22.95218],[-43.34485,-22.95172],[-43.34495,-22.95261],[-43.34573,-22.95322],[-43.34595,-22.95261],[-43.3466,-22.95278],[-43.34685,-22.95201],[-43.34768,-22.95173],[-43.34784,-22.95238],[-43.3483,-22.95301],[-43.3498,-22.9537],[-43.34918,-22.95415],[-43.34917,-22.95449],[-43.3489,-22.95484],[-43.34972,-22.95548],[-43.34979,-22.95647],[-43.35033,-22.95686],[-43.35005,-22.95716],[-43.35026,-22.95802],[-43.34858,-22.95816],[-43.34846,-22.95779],[-43.34644,-22.9581],[-43.3456,-22.9584],[-43.34555,-22.95789],[-43.3442,-22.958],[-43.34408,-22.95758],[-43.34344,-22.95738],[-43.34328,-22.95842],[-43.3434,-22.95957],[-43.34452,-22.96221],[-43.34582,-22.96372],[-43.34798,-22.9668],[-43.34757,-22.96691],[-43.34607,-22.96816],[-43.34663,-22.96932],[-43.34672,-22.97002],[-43.3465,-22.97065],[-43.3459,-22.9712],[-43.34421,-22.97204],[-43.34307,-22.97199],[-43.34123,-22.97112],[-43.3401,-22.97091],[-43.33989,-22.97109],[-43.33889,-22.97017],[-43.33827,-22.96898],[-43.3378,-22.96758],[-43.33782,-22.96727],[-43.33686,-22.96706],[-43.33694,-22.96816],[-43.33633,-22.96879],[-43.33611,-22.96849],[-43.33602,-22.96727],[-43.33562,-22.96494],[-43.33451,-22.96469],[-43.33488,-22.9641],[-43.33472,-22.96202],[-43.33435,-22.96105],[-43.33458,-22.96002],[-43.33536,-22.95806],[-43.33573,-22.95814],[-43.33573,-22.9573],[-43.33496,-22.95733],[-43.33167,-22.95884],[-43.33126,-22.95749],[-43.33035,-22.95753],[-43.32988,-22.95663],[-43.3294,-22.95633],[-43.32865,-22.95484],[-43.32858,-22.95437],[-43.32798,-22.95345],[-43.32702,-22.95325],[-43.32706,-22.95232],[-43.32826,-22.95061],[-43.32907,-22.95011],[-43.32902,-22.94982],[-43.32975,-22.94907],[-43.33011,-22.94841],[-43.33015,-22.94773],[-43.33081,-22.94663],[-43.33035,-22.9463],[-43.3311,-22.94474],[-43.33047,-22.94408],[-43.33113,-22.94387],[-43.3313,-22.94314]]]},"properties":{"codigo":"3304557082","name":"Anil","population":31895,"households":13976,"areaKm2":3.8091,"density":8373.4}},{"type":"Feature","geometry":{"type":"Polygon","coordinates":[[[-43.30952,-22.85038],[-43.30984,-22.85086],[-43.31135,-22.85161],[-43.31134,-22.85208],[-43.30906,-22.85474],[-43.31042,-22.85574],[-43.31019,-22.8564],[-43.30924,-22.85737],[-43.30789,-22.85903],[-43.3072,-22.86055],[-43.30693,-22.8615],[-43.30612,-22.8609],[-43.30503,-22.8603],[-43.30292,-22.85931],[-43.30393,-22.85909],[-43.30305,-22.85835],[-43.30185,-22.85805],[-43.30177,-22.85736],[-43.30117,-22.85725],[-43.29969,-22.85809],[-43.29921,-22.85826],[-43.29843,-22.85902],[-43.29808,-22.85904],[-43.29729,-22.85833],[-43.29688,-22.8572],[-43.29537,-22.85622],[-43.29504,-22.85587],[-43.294,-22.85537],[-43.29353,-22.85492],[-43.29407,-22.85456],[-43.29659,-22.85333],[-43.29701,-22.85304],[-43.29838,-22.85302],[-43.29938,-22.85164],[-43.29971,-22.85184],[-43.30127,-22.85173],[-43.30067,-22.85064],[-43.3016,-22.85037],[-43.30085,-22.84917],[-43.30261,-22.84656],[-43.30249,-22.84596],[-43.30488,-22.84722],[-43.30789,-22.84958],[-43.3091,-22.85045],[-43.30952,-22.85038]]]},"properties":{"codigo":"3304557062","name":"Vila Kosmos","population":14878,"households":6517,"areaKm2":1.4737,"density":10095.6}},{"type":"Feature","geometry":{"type":"MultiPolygon","coordinates":[[[[-43.21467,-22.9819],[-43.21549,-22.98417],[-43.21561,-22.98478],[-43.21535,-22.98716],[-43.20816,-22.98718],[-43.20598,-22.98729],[-43.20027,-22.98779],[-43.19823,-22.98792],[-43.19682,-22.98822],[-43.19525,-22.98843],[-43.19252,-22.98933],[-43.1916,-22.98998],[-43.19145,-22.99084],[-43.19012,-22.9907],[-43.19051,-22.99027],[-43.1906,-22.98976],[-43.18996,-22.98906],[-43.19033,-22.98901],[-43.19183,-22.98696],[-43.1924,-22.98684],[-43.19281,-22.98598],[-43.1931,-22.98602],[-43.19346,-22.98527],[-43.19451,-22.98385],[-43.19482,-22.98406],[-43.19536,-22.98364],[-43.19535,-22.9833],[-43.19659,-22.98314],[-43.19732,-22.98205],[-43.19717,-22.98192],[-43.19723,-22.9801],[-43.19702,-22.97913],[-43.19551,-22.97874],[-43.19494,-22.97766],[-43.19542,-22.97739],[-43.19648,-22.97827],[-43.19725,-22.97844],[-43.19829,-22.97847],[-43.19884,-22.97887],[-43.20034,-22.97955],[-43.20232,-22.97993],[-43.20554,-22.98094],[-43.20661,-22.98094],[-43.20696,-22.98115],[-43.20898,-22.98076],[-43.20908,-22.98105],[-43.21121,-22.98101],[-43.21268,-22.98087],[-43.21284,-22.98057],[-43.21418,-22.98055],[-43.21467,-22.9819]]],[[[-43.20301,-23.02533],[-43.20435,-23.02549],[-43.20462,-23.02582],[-43.20586,-23.02565],[-43.2063,-23.02577],[-43.20614,-23.02644],[-43.20569,-23.02686],[-43.2038,-23.02727],[-43.20202,-23.02744],[-43.20065,-23.02675],[-43.20078,-23.02608],[-43.20189,-23.02552],[-43.20301,-23.02533]]],[[[-43.20013,-23.03756],[-43.19964,-23.03707],[-43.19867,-23.03673],[-43.19777,-23.03565],[-43.19731,-23.0355],[-43.19677,-23.03472],[-43.19715,-23.03441],[-43.1982,-23.03465],[-43.1999,-23.03583],[-43.19994,-23.03616],[-43.20058,-23.03656],[-43.20183,-23.0368],[-43.20321,-23.03735],[-43.2052,-23.03785],[-43.20611,-23.03757],[-43.20736,-23.03783],[-43.20776,-23.03845],[-43.20769,-23.03883],[-43.20825,-23.0396],[-43.20824,-23.03992],[-43.20743,-23.04027],[-43.20601,-23.04021],[-43.20496,-23.03949],[-43.20312,-23.03863],[-43.20261,-23.03789],[-43.2015,-23.03763],[-43.20013,-23.03756]]],[[[-43.19555,-23.03391],[-43.1952,-23.03375],[-43.19463,-23.03299],[-43.19492,-23.03248],[-43.1962,-23.03383],[-43.19555,-23.03391]]],[[[-43.1987,-23.0734],[-43.19983,-23.07301],[-43.20048,-23.07366],[-43.2001,-23.07421],[-43.19889,-23.07477],[-43.19814,-23.07454],[-43.1987,-23.0734]]],[[[-43.19448,-23.06717],[-43.19565,-23.0675],[-43.19669,-23.06823],[-43.19724,-23.06839],[-43.19815,-23.06903],[-43.19883,-23.06987],[-43.19911,-23.07047],[-43.1991,-23.07147],[-43.1977,-23.07264],[-43.19537,-23.07303],[-43.19416,-23.07379],[-43.19299,-23.07408],[-43.19234,-23.07371],[-43.19239,-23.07298],[-43.19182,-23.07269],[-43.19124,-23.07211],[-43.191,-23.07155],[-43.19117,-23.07056],[-43.19178,-23.07002],[-43.19223,-23.06888],[-43.19219,-23.06839],[-43.19318,-23.06775],[-43.19374,-23.0672],[-43.19448,-23.06717]]],[[[-43.19122,-23.02532],[-43.1919,-23.02533],[-43.19333,-23.02582],[-43.19498,-23.02688],[-43.19502,-23.0275],[-43.19425,-23.02761],[-43.19315,-23.02739],[-43.19216,-23.02746],[-43.19182,-23.0277],[-43.19006,-23.02702],[-43.19075,-23.02639],[-43.19042,-23.02581],[-43.19122,-23.02532]]],[[[-43.18251,-23.02233],[-43.18287,-23.0221],[-43.1828,-23.02139],[-43.1838,-23.02173],[-43.18274,-23.02277],[-43.18251,-23.02233]]],[[[-43.19185,-23.02919],[-43.19241,-23.02901],[-43.19266,-23.0293],[-43.19258,-23.03021],[-43.1915,-23.03021],[-43.19112,-23.02955],[-43.19185,-23.02919]]],[[[-43.14825,-23.05958],[-43.14884,-23.0595],[-43.14983,-23.05982],[-43.14954,-23.0604],[-43.14847,-23.06079],[-43.14838,-23.06167],[-43.14792,-23.06275],[-43.14833,-23.06377],[-43.14782,-23.06494],[-43.14678,-23.0657],[-43.14491,-23.06594],[-43.14451,-23.06586],[-43.14296,-23.06601],[-43.14233,-23.06589],[-43.14285,-23.0641],[-43.14377,-23.06328],[-43.1443,-23.063],[-43.14609,-23.06155],[-43.14698,-23.06111],[-43.14749,-23.06057],[-43.14761,-23.0601],[-43.14825,-23.05958]]]]},"properties":{"codigo":"3304557019","name":"Ipanema","population":37392,"households":23296,"areaKm2":2.908,"density":12858.2}},{"type":"Feature","geometry":{"type":"Polygon","coordinates":[[[-43.40559,-22.88446],[-43.40638,-22.88483],[-43.40595,-22.88613],[-43.4064,-22.88793],[-43.40828,-22.89077],[-43.4088,-22.89208],[-43.40875,-22.89286],[-43.4099,-22.89426],[-43.41039,-22.89503],[-43.41145,-22.89634],[-43.41295,-22.89737],[-43.41348,-22.8981],[-43.41403,-22.89823],[-43.41476,-22.8987],[-43.41564,-22.89964],[-43.41666,-22.9003],[-43.41756,-22.9007],[-43.41758,-22.9012],[-43.41679,-22.902],[-43.41645,-22.90259],[-43.41503,-22.90367],[-43.41509,-22.90496],[-43.4155,-22.90641],[-43.41244,-22.90609],[-43.41181,-22.90585],[-43.41196,-22.90544],[-43.41147,-22.90505],[-43.41123,-22.90402],[-43.41201,-22.90385],[-43.4121,-22.90305],[-43.41172,-22.90253],[-43.41096,-22.90219],[-43.4097,-22.90257],[-43.40959,-22.90323],[-43.41033,-22.90343],[-43.41036,-22.9038],[-43.40968,-22.90448],[-43.40993,-22.90504],[-43.40907,-22.90579],[-43.40662,-22.90509],[-43.4057,-22.90433],[-43.40451,-22.90422],[-43.40379,-22.90429],[-43.40314,-22.90494],[-43.39461,-22.90431],[-43.39396,-22.90397],[-43.39319,-22.90402],[-43.38917,-22.90329],[-43.38659,-22.90251],[-43.3858,-22.90255],[-43.38566,-22.90361],[-43.38333,-22.90494],[-43.38189,-22.9055],[-43.38007,-22.907],[-43.37978,-22.90691],[-43.37848,-22.90604],[-43.37712,-22.90535],[-43.37535,-22.90415],[-43.37396,-22.90348],[-43.37434,-22.9029],[-43.37469,-22.90117],[-43.37492,-22.89817],[-43.3765,-22.89641],[-43.37749,-22.89498],[-43.3775,-22.89392],[-43.37722,-22.89317],[-43.37681,-22.8926],[-43.37601,-22.89206],[-43.37557,-22.89088],[-43.37535,-22.88951],[-43.37487,-22.88891],[-43.37514,-22.88805],[-43.37497,-22.88743],[-43.37482,-22.88549],[-43.37494,-22.88063],[-43.37527,-22.88049],[-43.37583,-22.88278],[-43.37584,-22.88394],[-43.37627,-22.88395],[-43.37624,-22.88493],[-43.37718,-22.88572],[-43.37801,-22.88582],[-43.37979,-22.88554],[-43.3811,-22.88572],[-43.3827,-22.88651],[-43.38295,-22.88639],[-43.38526,-22.88713],[-43.38691,-22.88716],[-43.3875,-22.88692],[-43.38774,-22.88616],[-43.38841,-22.88618],[-43.38868,-22.885],[-43.39039,-22.88514],[-43.39172,-22.88504],[-43.39664,-22.88542],[-43.39871,-22.88547],[-43.3993,-22.88551],[-43.40282,-22.88478],[-43.40559,-22.88446]]]},"properties":{"codigo":"3304557095","name":"Jardim Sulacap","population":14396,"households":6389,"areaKm2":7.801,"density":1845.4}},{"type":"Feature","geometry":{"type":"Polygon","coordinates":[[[-43.26316,-22.88664],[-43.26116,-22.88562],[-43.25612,-22.88187],[-43.25443,-22.88024],[-43.25394,-22.88007],[-43.25478,-22.87917],[-43.25627,-22.88077],[-43.2568,-22.88089],[-43.25809,-22.88043],[-43.25956,-22.8796],[-43.2604,-22.87853],[-43.26187,-22.87791],[-43.26268,-22.87778],[-43.26377,-22.87785],[-43.26419,-22.87816],[-43.26411,-22.87899],[-43.26374,-22.87969],[-43.2641,-22.88016],[-43.26573,-22.88111],[-43.26589,-22.88187],[-43.26682,-22.88178],[-43.26985,-22.8835],[-43.26991,-22.88397],[-43.27071,-22.8838],[-43.27083,-22.88422],[-43.27184,-22.88478],[-43.27231,-22.88483],[-43.27199,-22.88554],[-43.27155,-22.8859],[-43.27139,-22.88645],[-43.27047,-22.88687],[-43.26978,-22.88685],[-43.26943,-22.88614],[-43.26897,-22.88639],[-43.26949,-22.88682],[-43.26934,-22.88735],[-43.26888,-22.88725],[-43.26569,-22.8856],[-43.26519,-22.88615],[-43.26432,-22.88609],[-43.26375,-22.88657],[-43.26316,-22.88664]]]},"properties":{"codigo":"3304557147","name":"Maria da Graça","population":7209,"households":3576,"areaKm2":0.875,"density":8238.8}},{"type":"Feature","geometry":{"type":"Polygon","coordinates":[[[-43.59088,-22.85069],[-43.59229,-22.85763],[-43.5927,-22.86015],[-43.59299,-22.86042],[-43.59402,-22.85953],[-43.59504,-22.85842],[-43.59634,-22.85777],[-43.59724,-22.85784],[-43.59988,-22.85853],[-43.60167,-22.8589],[-43.60208,-22.8589],[-43.60581,-22.85962],[-43.60964,-22.86045],[-43.61085,-22.86062],[-43.61321,-22.86112],[-43.61456,-22.86132],[-43.61872,-22.86213],[-43.62054,-22.86236],[-43.62309,-22.86281],[-43.62398,-22.86274],[-43.62491,-22.86242],[-43.61604,-22.87397],[-43.61494,-22.87476],[-43.61113,-22.87688],[-43.61183,-22.878],[-43.61245,-22.87871],[-43.61578,-22.87808],[-43.61647,-22.87785],[-43.61925,-22.87879],[-43.62092,-22.88218],[-43.62048,-22.88238],[-43.62143,-22.8844],[-43.62067,-22.8847],[-43.61945,-22.88494],[-43.61831,-22.88541],[-43.61839,-22.88562],[-43.61796,-22.88587],[-43.61622,-22.8857],[-43.61609,-22.88546],[-43.61382,-22.88558],[-43.61177,-22.88545],[-43.61069,-22.88512],[-43.60858,-22.88473],[-43.60751,-22.885],[-43.60703,-22.88539],[-43.60678,-22.88476],[-43.60587,-22.88499],[-43.60517,-22.88567],[-43.60507,-22.88606],[-43.6029,-22.88597],[-43.60145,-22.88604],[-43.59949,-22.88651],[-43.59807,-22.88765],[-43.59822,-22.88787],[-43.59703,-22.88839],[-43.59607,-22.88856],[-43.59536,-22.88942],[-43.59471,-22.89037],[-43.59373,-22.89052],[-43.5937,-22.89014],[-43.59274,-22.89037],[-43.59154,-22.89027],[-43.59115,-22.8917],[-43.59064,-22.89166],[-43.58999,-22.8924],[-43.59017,-22.8942],[-43.59048,-22.89509],[-43.59015,-22.89607],[-43.58932,-22.89731],[-43.58878,-22.89735],[-43.5878,-22.89692],[-43.58701,-22.89707],[-43.58553,-22.89685],[-43.58497,-22.89704],[-43.5834,-22.89842],[-43.58154,-22.89915],[-43.57922,-22.89922],[-43.5794,-22.90149],[-43.57805,-22.90147],[-43.57837,-22.90513],[-43.57804,-22.90569],[-43.58035,-22.90616],[-43.5806,-22.90808],[-43.58128,-22.90806],[-43.58121,-22.9069],[-43.58191,-22.90703],[-43.58199,-22.90804],[-43.58253,-22.90802],[-43.58267,-22.9096],[-43.58341,-22.91066],[-43.5832,-22.91132],[-43.58117,-22.91144],[-43.58157,-22.91648],[-43.58138,-22.91718],[-43.58149,-22.9183],[-43.58201,-22.91932],[-43.5831,-22.91993],[-43.58511,-22.92014],[-43.58611,-22.92108],[-43.58758,-22.92209],[-43.58793,-22.92265],[-43.58926,-22.92346],[-43.59079,-22.92351],[-43.5922,-22.92373],[-43.59162,-22.92419],[-43.59151,-22.92523],[-43.59183,-22.92569],[-43.5928,-22.92631],[-43.59434,-22.92686],[-43.59518,-22.92728],[-43.59661,-22.92761],[-43.59728,-22.92799],[-43.59735,-22.9284],[-43.5981,-22.92885],[-43.59918,-22.92919],[-43.5995,-22.92948],[-43.60006,-22.93205],[-43.60026,-22.9323],[-43.60208,-22.93355],[-43.60273,-22.9338],[-43.60377,-22.93395],[-43.59808,-22.93531],[-43.5941,-22.93543],[-43.59245,-22.93559],[-43.59072,-22.93484],[-43.58929,-22.93436],[-43.58769,-22.93334],[-43.58706,-22.93327],[-43.58648,-22.93224],[-43.58186,-22.93229],[-43.58013,-22.93176],[-43.5785,-22.93154],[-43.5779,-22.9319],[-43.57805,-22.93391],[-43.57795,-22.93445],[-43.57823,-22.93513],[-43.57812,-22.93566],[-43.57857,-22.93645],[-43.57815,-22.93729],[-43.57881,-22.93774],[-43.57863,-22.9391],[-43.57863,-22.94009],[-43.57802,-22.94047],[-43.57797,-22.94221],[-43.57752,-22.94304],[-43.5776,-22.94454],[-43.57684,-22.9447],[-43.57673,-22.94571],[-43.57709,-22.94567],[-43.57736,-22.94665],[-43.57664,-22.94724],[-43.57539,-22.94705],[-43.57517,-22.94683],[-43.57291,-22.94651],[-43.571,-22.94534],[-43.56988,-22.94283],[-43.56928,-22.94172],[-43.5687,-22.94127],[-43.56848,-22.94049],[-43.56798,-22.93962],[-43.56693,-22.94001],[-43.56473,-22.94067],[-43.56498,-22.94133],[-43.56222,-22.94161],[-43.56253,-22.94228],[-43.56251,-22.94392],[-43.56155,-22.9439],[-43.56134,-22.94425],[-43.56137,-22.94742],[-43.56177,-22.94942],[-43.56143,-22.94969],[-43.55982,-22.94972],[-43.55881,-22.94934],[-43.55762,-22.94936],[-43.55534,-22.94965],[-43.55497,-22.94996],[-43.55396,-22.9495],[-43.55268,-22.94926],[-43.54985,-22.9483],[-43.54851,-22.94763],[-43.54836,-22.9478],[-43.54706,-22.94728],[-43.54557,-22.9464],[-43.54379,-22.94504],[-43.54196,-22.94384],[-43.53854,-22.94229],[-43.53553,-22.94362],[-43.53135,-22.94592],[-43.51747,-22.95267],[-43.51559,-22.95217],[-43.51221,-22.95231],[-43.51003,-22.95079],[-43.50638,-22.94984],[-43.50474,-22.94562],[-43.50294,-22.9435],[-43.50013,-22.94242],[-43.49789,-22.94235],[-43.49519,-22.94152],[-43.4931,-22.93923],[-43.49114,-22.93835],[-43.49015,-22.93839],[-43.48376,-22.93569],[-43.48299,-22.93436],[-43.48144,-22.93467],[-43.47919,-22.93459],[-43.47648,-22.93287],[-43.47444,-22.93271],[-43.47288,-22.9317],[-43.47905,-22.92752],[-43.48123,-22.92676],[-43.48293,-22.9255],[-43.48377,-22.92531],[-43.48465,-22.9255],[-43.48631,-22.92661],[-43.48755,-22.92703],[-43.48918,-22.92664],[-43.49007,-22.9259],[-43.49086,-22.92437],[-43.49388,-22.92366],[-43.49567,-22.9228],[-43.49548,-22.92175],[-43.49584,-22.92019],[-43.49667,-22.91912],[-43.49653,-22.91726],[-43.49506,-22.91523],[-43.49351,-22.91335],[-43.49355,-22.91168],[-43.49439,-22.90922],[-43.49749,-22.90847],[-43.4984,-22.90733],[-43.49898,-22.90582],[-43.4992,-22.90452],[-43.49993,-22.90421],[-43.50091,-22.90412],[-43.5023,-22.90526],[-43.50581,-22.90156],[-43.50633,-22.90123],[-43.50671,-22.9006],[-43.50805,-22.89906],[-43.50929,-22.89906],[-43.51132,-22.89853],[-43.51213,-22.89788],[-43.51283,-22.89754],[-43.51928,-22.89725],[-43.52352,-22.8976],[-43.52426,-22.89837],[-43.52451,-22.89975],[-43.52503,-22.90088],[-43.52646,-22.90277],[-43.52652,-22.90432],[-43.52918,-22.9075],[-43.53006,-22.90776],[-43.5306,-22.9077],[-43.53063,-22.90696],[-43.5318,-22.90731],[-43.53286,-22.90745],[-43.5333,-22.90667],[-43.53358,-22.90679],[-43.53413,-22.90627],[-43.53474,-22.90673],[-43.53614,-22.90674],[-43.53649,-22.90685],[-43.5376,-22.9062],[-43.53801,-22.90562],[-43.53951,-22.90442],[-43.54001,-22.90417],[-43.54121,-22.90431],[-43.54136,-22.90524],[-43.54224,-22.90481],[-43.54334,-22.90473],[-43.54274,-22.90386],[-43.54276,-22.90341],[-43.54355,-22.90354],[-43.54356,-22.90306],[-43.5421,-22.90284],[-43.54261,-22.90181],[-43.544,-22.90102],[-43.54377,-22.90044],[-43.54395,-22.89947],[-43.54449,-22.89912],[-43.54403,-22.89867],[-43.5448,-22.8981],[-43.54622,-22.89683],[-43.54613,-22.89624],[-43.5464,-22.89572],[-43.54555,-22.89531],[-43.54548,-22.89505],[-43.54594,-22.89388],[-43.54557,-22.89323],[-43.54587,-22.89283],[-43.54637,-22.89296],[-43.54669,-22.89186],[-43.54665,-22.89151],[-43.54709,-22.89025],[-43.54659,-22.8897],[-43.54609,-22.88967],[-43.54496,-22.88918],[-43.54356,-22.8887],[-43.54269,-22.88854],[-43.54243,-22.88816],[-43.54166,-22.88781],[-43.54138,-22.88736],[-43.54061,-22.88722],[-43.54037,-22.88681],[-43.53941,-22.88628],[-43.53936,-22.88553],[-43.53769,-22.8854],[-43.53544,-22.88455],[-43.53305,-22.88539],[-43.5321,-22.88491],[-43.5324,-22.88414],[-43.53126,-22.88279],[-43.53203,-22.88261],[-43.53263,-22.88171],[-43.53267,-22.88077],[-43.53296,-22.87754],[-43.5344,-22.87753],[-43.53433,-22.87723],[-43.5363,-22.8726],[-43.53517,-22.86863],[-43.53538,-22.86719],[-43.53616,-22.86657],[-43.53868,-22.86637],[-43.53967,-22.86601],[-43.54043,-22.86523],[-43.54126,-22.86582],[-43.54179,-22.8647],[-43.54234,-22.86315],[-43.54091,-22.86262],[-43.54117,-22.86221],[-43.5412,-22.86128],[-43.52361,-22.86037],[-43.52072,-22.86029],[-43.51738,-22.86034],[-43.51458,-22.86047],[-43.51511,-22.85227],[-43.51807,-22.84912],[-43.51861,-22.84835],[-43.51942,-22.84855],[-43.51956,-22.84804],[-43.51954,-22.84701],[-43.51916,-22.84664],[-43.51929,-22.84613],[-43.51863,-22.84446],[-43.51877,-22.84349],[-43.5193,-22.84357],[-43.51998,-22.84202],[-43.52038,-22.84004],[-43.52091,-22.83913],[-43.5222,-22.83801],[-43.52456,-22.83643],[-43.52716,-22.83073],[-43.52746,-22.82925],[-43.52635,-22.8264],[-43.52609,-22.82588],[-43.52523,-22.82495],[-43.52506,-22.82446],[-43.5237,-22.82396],[-43.52279,-22.82295],[-43.52227,-22.82263],[-43.53566,-22.82488],[-43.55939,-22.82888],[-43.56679,-22.83138],[-43.58847,-22.83869],[-43.59088,-22.85069]]]},"properties":{"codigo":"3304557102","name":"Campo Grande","population":352356,"households":161720,"areaKm2":104.2057,"density":3381.3}},{"type":"Feature","geometry":{"type":"Polygon","coordinates":[[[-43.36157,-22.94125],[-43.36175,-22.94102],[-43.36134,-22.93938],[-43.36148,-22.93901],[-43.36133,-22.93771],[-43.36223,-22.93735],[-43.36259,-22.93684],[-43.36369,-22.93701],[-43.3638,-22.93645],[-43.36421,-22.93637],[-43.36498,-22.93675],[-43.36551,-22.93666],[-43.36523,-22.93556],[-43.36463,-22.93566],[-43.36447,-22.93452],[-43.36372,-22.93467],[-43.36338,-22.93352],[-43.3645,-22.93318],[-43.36429,-22.93259],[-43.36318,-22.93303],[-43.36328,-22.93225],[-43.36254,-22.93054],[-43.36275,-22.93039],[-43.36204,-22.92896],[-43.36093,-22.92792],[-43.36,-22.92737],[-43.35909,-22.92761],[-43.35907,-22.92692],[-43.36011,-22.92725],[-43.36016,-22.92677],[-43.36083,-22.92658],[-43.36117,-22.9268],[-43.36281,-22.92625],[-43.3626,-22.92574],[-43.36374,-22.92539],[-43.3642,-22.92572],[-43.36455,-22.9249],[-43.36457,-22.92391],[-43.36479,-22.92169],[-43.364,-22.92076],[-43.36429,-22.92032],[-43.36307,-22.91949],[-43.36293,-22.91895],[-43.36397,-22.91895],[-43.36439,-22.91804],[-43.36536,-22.91855],[-43.36575,-22.9184],[-43.36735,-22.91895],[-43.36773,-22.91898],[-43.36805,-22.91849],[-43.36845,-22.91888],[-43.36916,-22.91837],[-43.3695,-22.91857],[-43.36983,-22.91931],[-43.37073,-22.91908],[-43.37128,-22.91941],[-43.37241,-22.91917],[-43.37142,-22.91784],[-43.3714,-22.91732],[-43.37167,-22.91617],[-43.37223,-22.91593],[-43.37246,-22.91491],[-43.37365,-22.91448],[-43.37406,-22.91542],[-43.37478,-22.91441],[-43.37559,-22.91424],[-43.38036,-22.91457],[-43.38038,-22.91402],[-43.37965,-22.91407],[-43.37962,-22.9137],[-43.38048,-22.91352],[-43.38052,-22.91307],[-43.37987,-22.91289],[-43.37969,-22.91226],[-43.37885,-22.91204],[-43.37819,-22.91122],[-43.37906,-22.91071],[-43.3791,-22.90933],[-43.37861,-22.90813],[-43.37964,-22.90737],[-43.37978,-22.90691],[-43.38007,-22.907],[-43.38189,-22.9055],[-43.38333,-22.90494],[-43.38566,-22.90361],[-43.3858,-22.90255],[-43.38659,-22.90251],[-43.38917,-22.90329],[-43.39319,-22.90402],[-43.39396,-22.90397],[-43.39461,-22.90431],[-43.40314,-22.90494],[-43.40379,-22.90429],[-43.40451,-22.90422],[-43.4057,-22.90433],[-43.40662,-22.90509],[-43.40907,-22.90579],[-43.40993,-22.90504],[-43.40968,-22.90448],[-43.41036,-22.9038],[-43.41033,-22.90343],[-43.40959,-22.90323],[-43.4097,-22.90257],[-43.41096,-22.90219],[-43.41172,-22.90253],[-43.4121,-22.90305],[-43.41201,-22.90385],[-43.41123,-22.90402],[-43.41147,-22.90505],[-43.41196,-22.90544],[-43.41181,-22.90585],[-43.41244,-22.90609],[-43.4155,-22.90641],[-43.41889,-22.90878],[-43.41936,-22.90953],[-43.41902,-22.91015],[-43.41606,-22.91124],[-43.41563,-22.91185],[-43.41563,-22.91293],[-43.41618,-22.91361],[-43.41735,-22.9143],[-43.41702,-22.91479],[-43.41636,-22.91472],[-43.41558,-22.91501],[-43.41492,-22.91548],[-43.41473,-22.91661],[-43.41272,-22.9173],[-43.40976,-22.91879],[-43.40829,-22.91903],[-43.40816,-22.91968],[-43.40689,-22.91958],[-43.40696,-22.91905],[-43.4057,-22.91863],[-43.40488,-22.91852],[-43.40445,-22.91818],[-43.40386,-22.91832],[-43.40376,-22.91787],[-43.40233,-22.91746],[-43.40133,-22.91736],[-43.39929,-22.91747],[-43.39846,-22.91788],[-43.399,-22.91852],[-43.39928,-22.91929],[-43.39884,-22.91934],[-43.39751,-22.91817],[-43.39727,-22.9184],[-43.39597,-22.91789],[-43.39494,-22.9193],[-43.39412,-22.91937],[-43.39346,-22.91964],[-43.39286,-22.92014],[-43.39209,-22.9205],[-43.39184,-22.92037],[-43.39121,-22.92196],[-43.39066,-22.9251],[-43.39151,-22.92519],[-43.39162,-22.92662],[-43.39213,-22.92762],[-43.39287,-22.92835],[-43.39281,-22.92877],[-43.38834,-22.93156],[-43.38815,-22.93206],[-43.3893,-22.93377],[-43.38591,-22.93515],[-43.38629,-22.93461],[-43.38609,-22.9342],[-43.38602,-22.93327],[-43.38571,-22.9333],[-43.38554,-22.93242],[-43.38505,-22.93253],[-43.38518,-22.93402],[-43.38403,-22.93387],[-43.38342,-22.93402],[-43.38323,-22.93469],[-43.38394,-22.93571],[-43.38285,-22.93584],[-43.38336,-22.93835],[-43.38423,-22.93895],[-43.38465,-22.93942],[-43.38453,-22.94033],[-43.38462,-22.9418],[-43.38428,-22.94192],[-43.3842,-22.94166],[-43.38306,-22.94021],[-43.38062,-22.93735],[-43.38004,-22.93782],[-43.37812,-22.94001],[-43.37831,-22.94334],[-43.37827,-22.94355],[-43.37671,-22.94526],[-43.37531,-22.94715],[-43.37528,-22.94755],[-43.37396,-22.94761],[-43.3733,-22.9471],[-43.37258,-22.94762],[-43.37212,-22.94771],[-43.37161,-22.94765],[-43.37171,-22.94696],[-43.3712,-22.94686],[-43.37144,-22.94614],[-43.37136,-22.94484],[-43.37148,-22.94376],[-43.37104,-22.94372],[-43.37124,-22.94287],[-43.37175,-22.94221],[-43.37096,-22.94214],[-43.37073,-22.94136],[-43.36806,-22.94182],[-43.36875,-22.94255],[-43.36852,-22.94352],[-43.36755,-22.94394],[-43.36623,-22.94375],[-43.36577,-22.94392],[-43.36507,-22.94341],[-43.36472,-22.94379],[-43.36501,-22.94433],[-43.36397,-22.94482],[-43.36334,-22.94409],[-43.36289,-22.94396],[-43.36213,-22.94215],[-43.36182,-22.94121],[-43.36157,-22.94125]]]},"properties":{"codigo":"3304557088","name":"Taquara","population":107809,"households":50361,"areaKm2":13.2194,"density":8155.4}},{"type":"Feature","geometry":{"type":"Polygon","coordinates":[[[-43.38154,-22.86745],[-43.37831,-22.86673],[-43.37812,-22.86676],[-43.37832,-22.86586],[-43.37816,-22.86533],[-43.37749,-22.86412],[-43.37851,-22.86364],[-43.37782,-22.86239],[-43.37839,-22.86204],[-43.37779,-22.86075],[-43.37594,-22.86136],[-43.37472,-22.85916],[-43.37676,-22.85818],[-43.37824,-22.85733],[-43.3816,-22.85607],[-43.38263,-22.85575],[-43.38235,-22.85509],[-43.38141,-22.85516],[-43.3801,-22.85481],[-43.37762,-22.85403],[-43.37828,-22.85276],[-43.3782,-22.85234],[-43.37883,-22.85111],[-43.37893,-22.85021],[-43.37936,-22.8498],[-43.37932,-22.84884],[-43.37976,-22.84723],[-43.37962,-22.84677],[-43.3801,-22.84614],[-43.38289,-22.83726],[-43.38621,-22.83755],[-43.38645,-22.83678],[-43.38684,-22.83649],[-43.38707,-22.83703],[-43.38775,-22.83723],[-43.38885,-22.83733],[-43.3887,-22.83782],[-43.39032,-22.83797],[-43.39282,-22.83898],[-43.39289,-22.83884],[-43.3947,-22.83955],[-43.39483,-22.84007],[-43.3959,-22.84048],[-43.39686,-22.84069],[-43.39697,-22.84022],[-43.39792,-22.84016],[-43.39795,-22.84142],[-43.39731,-22.84275],[-43.39773,-22.84354],[-43.39717,-22.84443],[-43.39681,-22.84538],[-43.3975,-22.84542],[-43.39678,-22.84725],[-43.39629,-22.8487],[-43.39594,-22.84899],[-43.39494,-22.85098],[-43.39311,-22.85224],[-43.39199,-22.85274],[-43.39121,-22.85328],[-43.39279,-22.85429],[-43.39412,-22.85489],[-43.39308,-22.85699],[-43.39169,-22.85631],[-43.39077,-22.85614],[-43.39054,-22.8569],[-43.39015,-22.85662],[-43.38929,-22.85736],[-43.38775,-22.85837],[-43.38735,-22.85898],[-43.38797,-22.85904],[-43.38969,-22.86003],[-43.38964,-22.8603],[-43.39149,-22.8612],[-43.39123,-22.86167],[-43.39159,-22.86216],[-43.39166,-22.86449],[-43.38319,-22.86749],[-43.38154,-22.86745]]]},"properties":{"codigo":"3304557092","name":"Deodoro","population":10402,"households":4265,"areaKm2":4.6865,"density":2219.6}},{"type":"Feature","geometry":{"type":"Polygon","coordinates":[[[-43.20412,-22.8042],[-43.20408,-22.80446],[-43.20519,-22.80475],[-43.20584,-22.80456],[-43.20719,-22.80547],[-43.20847,-22.80578],[-43.20881,-22.80571],[-43.20966,-22.8063],[-43.21115,-22.80624],[-43.21274,-22.80636],[-43.21344,-22.81094],[-43.21479,-22.8178],[-43.21419,-22.81758],[-43.21392,-22.81722],[-43.2126,-22.81625],[-43.21148,-22.81577],[-43.21013,-22.81566],[-43.2084,-22.81623],[-43.20871,-22.81741],[-43.2091,-22.81845],[-43.20859,-22.81864],[-43.20752,-22.81832],[-43.20676,-22.81831],[-43.20656,-22.81934],[-43.20497,-22.81975],[-43.20402,-22.8197],[-43.20366,-22.82017],[-43.20228,-22.81958],[-43.20136,-22.81959],[-43.20011,-22.8193],[-43.19759,-22.81892],[-43.19559,-22.81893],[-43.1929,-22.81946],[-43.19232,-22.81968],[-43.19198,-22.81923],[-43.19049,-22.81999],[-43.19004,-22.81947],[-43.18928,-22.81926],[-43.18856,-22.81801],[-43.18872,-22.81784],[-43.18804,-22.81658],[-43.18736,-22.81623],[-43.18757,-22.81575],[-43.18879,-22.81435],[-43.18934,-22.81421],[-43.18989,-22.81355],[-43.19181,-22.81217],[-43.19472,-22.81072],[-43.1951,-22.8104],[-43.19579,-22.80922],[-43.19802,-22.80681],[-43.20009,-22.80602],[-43.20349,-22.80428],[-43.20412,-22.8042]]]},"properties":{"codigo":"3304557117","name":"Jardim Guanabara","population":27084,"households":12650,"areaKm2":3.1464,"density":8608}},{"type":"Feature","geometry":{"type":"Polygon","coordinates":[[[-43.3573,-22.87981],[-43.35662,-22.88001],[-43.35664,-22.87912],[-43.35639,-22.87851],[-43.35652,-22.87663],[-43.3567,-22.87551],[-43.35691,-22.87518],[-43.35704,-22.87344],[-43.35728,-22.87275],[-43.3573,-22.87193],[-43.3571,-22.87136],[-43.35642,-22.87062],[-43.35575,-22.87016],[-43.3553,-22.86938],[-43.35427,-22.86867],[-43.35376,-22.86854],[-43.35354,-22.86794],[-43.35288,-22.86752],[-43.3541,-22.8668],[-43.35432,-22.86604],[-43.3543,-22.86502],[-43.3538,-22.86494],[-43.35259,-22.86506],[-43.35279,-22.86376],[-43.35333,-22.86345],[-43.35353,-22.86295],[-43.35273,-22.86115],[-43.35233,-22.86106],[-43.35246,-22.86048],[-43.35191,-22.85954],[-43.3519,-22.85929],[-43.35336,-22.85746],[-43.35407,-22.85689],[-43.35535,-22.85676],[-43.35591,-22.85631],[-43.35658,-22.85652],[-43.35824,-22.85611],[-43.35886,-22.85583],[-43.36025,-22.85594],[-43.36185,-22.8553],[-43.36222,-22.85545],[-43.36254,-22.85562],[-43.36277,-22.85632],[-43.36369,-22.85789],[-43.3638,-22.85882],[-43.36437,-22.85888],[-43.36621,-22.86208],[-43.36578,-22.86231],[-43.36614,-22.86356],[-43.36642,-22.86386],[-43.36711,-22.86398],[-43.36623,-22.86686],[-43.36626,-22.86705],[-43.36954,-22.86877],[-43.3703,-22.86925],[-43.36968,-22.8698],[-43.36929,-22.86963],[-43.36935,-22.87061],[-43.36979,-22.8708],[-43.36966,-22.87163],[-43.36935,-22.87193],[-43.36974,-22.87243],[-43.36948,-22.87316],[-43.36901,-22.87345],[-43.36922,-22.87394],[-43.3686,-22.87561],[-43.36805,-22.87557],[-43.36771,-22.87609],[-43.36781,-22.87707],[-43.3677,-22.87771],[-43.36663,-22.87776],[-43.36374,-22.87814],[-43.36361,-22.87768],[-43.36227,-22.8782],[-43.36089,-22.87832],[-43.35799,-22.87889],[-43.3581,-22.87919],[-43.35725,-22.87941],[-43.3573,-22.87981]]]},"properties":{"codigo":"3304557079","name":"Bento Ribeiro","population":37306,"households":17937,"areaKm2":3.1377,"density":11889.6}}]}