{"type":"FeatureCollection","features":[{"type":"Feature","geometry":{"type":"Polygon","coordinates":[[[-46.53001,-22.96096],[-46.52934,-22.96117],[-46.52728,-22.96253],[-46.52616,-22.96278],[-46.52537,-22.96276],[-46.52406,-22.96251],[-46.52352,-22.96257],[-46.52219,-22.96305],[-46.52169,-22.96309],[-46.52014,-22.9635],[-46.52072,-22.96426],[-46.52139,-22.96394],[-46.5229,-22.96394],[-46.52326,-22.96463],[-46.52009,-22.96627],[-46.52005,-22.96675],[-46.52062,-22.96754],[-46.5201,-22.96818],[-46.51783,-22.97036],[-46.51879,-22.9714],[-46.51948,-22.97264],[-46.51883,-22.97386],[-46.51768,-22.97519],[-46.51649,-22.97699],[-46.51654,-22.97829],[-46.51645,-22.98035],[-46.51659,-22.98155],[-46.5146,-22.98185],[-46.51456,-22.98279],[-46.51602,-22.98268],[-46.51638,-22.98554],[-46.51673,-22.98734],[-46.51699,-22.9881],[-46.51476,-22.98902],[-46.51323,-22.99047],[-46.51282,-22.9915],[-46.51275,-22.9922],[-46.51309,-22.99396],[-46.51289,-22.99447],[-46.50875,-22.99136],[-46.50846,-22.99157],[-46.50935,-22.99242],[-46.50937,-22.99356],[-46.50868,-22.99426],[-46.50701,-22.99476],[-46.5037,-22.9946],[-46.50241,-22.99483],[-46.50164,-22.99417],[-46.50038,-22.99345],[-46.49779,-22.99273],[-46.49644,-22.99218],[-46.49529,-22.99136],[-46.49522,-22.98998],[-46.49415,-22.98944],[-46.49381,-22.98967],[-46.49296,-22.98971],[-46.49234,-22.98946],[-46.49199,-22.989],[-46.49201,-22.98805],[-46.49228,-22.98725],[-46.4919,-22.98618],[-46.49165,-22.98588],[-46.49036,-22.98516],[-46.49005,-22.98343],[-46.49075,-22.98309],[-46.49208,-22.98184],[-46.49365,-22.98159],[-46.49456,-22.98196],[-46.49531,-22.98158],[-46.49585,-22.98133],[-46.49661,-22.98164],[-46.49738,-22.98152],[-46.49968,-22.98035],[-46.50221,-22.98007],[-46.50345,-22.9791],[-46.50491,-22.97714],[-46.50621,-22.97575],[-46.5072,-22.97412],[-46.50981,-22.97136],[-46.51009,-22.9707],[-46.51053,-22.96867],[-46.51142,-22.9667],[-46.5125,-22.96602],[-46.51414,-22.96585],[-46.51514,-22.96537],[-46.51541,-22.9648],[-46.51537,-22.96359],[-46.51476,-22.96276],[-46.51476,-22.95918],[-46.51543,-22.95741],[-46.51542,-22.9572],[-46.51673,-22.95603],[-46.51837,-22.95524],[-46.51899,-22.95348],[-46.52074,-22.95164],[-46.52402,-22.94821],[-46.52626,-22.9489],[-46.52883,-22.94991],[-46.52905,-22.95188],[-46.52896,-22.95283],[-46.52918,-22.95356],[-46.52903,-22.95531],[-46.52872,-22.95592],[-46.52866,-22.95704],[-46.52896,-22.95885],[-46.52928,-22.9601],[-46.53001,-22.96096]]]},"properties":{"codigo":"3507605017","name":"Bom Retiro","population":2587,"households":1012,"areaKm2":7.0233,"density":368.3}},{"type":"Feature","geometry":{"type":"Polygon","coordinates":[[[-46.49828,-23.02714],[-46.49796,-23.02692],[-46.49625,-23.02501],[-46.49513,-23.02365],[-46.49397,-23.02251],[-46.49321,-23.02139],[-46.49352,-23.02087],[-46.49338,-23.02043],[-46.49353,-23.01773],[-46.49348,-23.01731],[-46.4924,-23.01634],[-46.4927,-23.01521],[-46.49239,-23.01442],[-46.49174,-23.01223],[-46.49081,-23.01122],[-46.49049,-23.01016],[-46.48951,-23.0089],[-46.48954,-23.00803],[-46.48888,-23.00489],[-46.48839,-23.00437],[-46.48813,-23.00318],[-46.48812,-23.00182],[-46.48824,-22.99985],[-46.48816,-22.99834],[-46.48742,-22.99674],[-46.48736,-22.99579],[-46.48671,-22.99381],[-46.48601,-22.99262],[-46.48555,-22.99224],[-46.48486,-22.99125],[-46.48446,-22.99091],[-46.48486,-22.99019],[-46.48655,-22.98949],[-46.48858,-22.98907],[-46.49019,-22.98921],[-46.49183,-22.9904],[-46.49347,-22.99096],[-46.49529,-22.99136],[-46.49644,-22.99218],[-46.49779,-22.99273],[-46.50038,-22.99345],[-46.50164,-22.99417],[-46.50241,-22.99483],[-46.5037,-22.9946],[-46.50701,-22.99476],[-46.50868,-22.99426],[-46.50937,-22.99356],[-46.50916,-22.99472],[-46.50926,-22.99502],[-46.51055,-22.99634],[-46.51123,-22.99776],[-46.51091,-22.9992],[-46.5098,-23.00213],[-46.50995,-23.00399],[-46.50878,-23.00395],[-46.50842,-23.00371],[-46.50823,-23.00308],[-46.50749,-23.00267],[-46.5056,-23.00244],[-46.50495,-23.00203],[-46.50366,-23.00194],[-46.50255,-23.00266],[-46.50223,-23.00332],[-46.50148,-23.00414],[-46.50101,-23.00443],[-46.50091,-23.00538],[-46.50062,-23.00595],[-46.5017,-23.00653],[-46.50231,-23.00626],[-46.50273,-23.00638],[-46.50387,-23.00766],[-46.50415,-23.00774],[-46.50588,-23.00752],[-46.50774,-23.00653],[-46.50947,-23.00605],[-46.51044,-23.00607],[-46.51093,-23.00663],[-46.51087,-23.00716],[-46.51046,-23.00808],[-46.50941,-23.00907],[-46.50853,-23.01043],[-46.50835,-23.01116],[-46.50901,-23.01327],[-46.51009,-23.01474],[-46.51,-23.01554],[-46.50915,-23.01637],[-46.50945,-23.01766],[-46.50999,-23.01802],[-46.51081,-23.01802],[-46.51126,-23.01829],[-46.51119,-23.01944],[-46.51151,-23.02065],[-46.51182,-23.02124],[-46.51225,-23.02299],[-46.51271,-23.02417],[-46.51223,-23.02528],[-46.51234,-23.02619],[-46.51144,-23.02631],[-46.51164,-23.02729],[-46.5121,-23.02835],[-46.51068,-23.02805],[-46.50895,-23.02814],[-46.50734,-23.02785],[-46.50658,-23.02665],[-46.50447,-23.02616],[-46.50365,-23.02617],[-46.50277,-23.02637],[-46.50219,-23.02677],[-46.50153,-23.02755],[-46.50096,-23.02789],[-46.49828,-23.02714]]]},"properties":{"codigo":"3507605045","name":"Boa Vista","population":838,"households":449,"areaKm2":7.3931,"density":113.3}},{"type":"Feature","geometry":{"type":"Polygon","coordinates":[[[-46.66191,-22.99919],[-46.66179,-22.99838],[-46.66205,-22.99722],[-46.66182,-22.99647],[-46.66171,-22.99437],[-46.66098,-22.99333],[-46.65902,-22.99191],[-46.65665,-22.99067],[-46.65441,-22.98987],[-46.65188,-22.98972],[-46.65122,-22.98988],[-46.64958,-22.98883],[-46.64828,-22.98749],[-46.64602,-22.98499],[-46.64261,-22.98136],[-46.6408,-22.97804],[-46.63887,-22.97481],[-46.63814,-22.97391],[-46.63641,-22.97222],[-46.63543,-22.97161],[-46.63375,-22.97104],[-46.63252,-22.97028],[-46.63186,-22.9693],[-46.62949,-22.9677],[-46.63089,-22.96703],[-46.63237,-22.96705],[-46.63271,-22.96653],[-46.63258,-22.96577],[-46.63262,-22.96481],[-46.63248,-22.96334],[-46.63392,-22.96176],[-46.63414,-22.96133],[-46.63374,-22.96043],[-46.6346,-22.95946],[-46.63559,-22.95888],[-46.63677,-22.95843],[-46.63776,-22.95818],[-46.63948,-22.95957],[-46.64073,-22.95992],[-46.64148,-22.95977],[-46.64237,-22.95872],[-46.64295,-22.95834],[-46.64362,-22.95725],[-46.64409,-22.95673],[-46.6456,-22.95545],[-46.64627,-22.95615],[-46.64661,-22.95688],[-46.64709,-22.95989],[-46.6489,-22.96019],[-46.6487,-22.96066],[-46.64983,-22.96082],[-46.65413,-22.96177],[-46.6541,-22.96095],[-46.65486,-22.96079],[-46.65546,-22.96042],[-46.65642,-22.96007],[-46.65678,-22.95976],[-46.65944,-22.95832],[-46.66031,-22.95806],[-46.6617,-22.95783],[-46.66325,-22.95687],[-46.66468,-22.95619],[-46.66531,-22.9586],[-46.66629,-22.96164],[-46.66758,-22.9614],[-46.67067,-22.96028],[-46.6722,-22.95935],[-46.6731,-22.95784],[-46.67322,-22.95659],[-46.67339,-22.956],[-46.67404,-22.95526],[-46.67533,-22.95544],[-46.67793,-22.95568],[-46.67897,-22.95598],[-46.6795,-22.9571],[-46.67977,-22.95876],[-46.68033,-22.96006],[-46.68116,-22.96158],[-46.68213,-22.96312],[-46.68291,-22.96408],[-46.68537,-22.96656],[-46.68784,-22.96883],[-46.68992,-22.97081],[-46.69104,-22.97174],[-46.69255,-22.97285],[-46.69414,-22.97418],[-46.69585,-22.97573],[-46.69503,-22.97617],[-46.69253,-22.97672],[-46.69122,-22.9774],[-46.69074,-22.97799],[-46.69092,-22.97843],[-46.69072,-22.98145],[-46.69008,-22.98203],[-46.68851,-22.98374],[-46.68656,-22.98614],[-46.68585,-22.9873],[-46.68551,-22.98816],[-46.68527,-22.99016],[-46.68471,-22.99145],[-46.68398,-22.99262],[-46.6822,-22.99473],[-46.68396,-22.99657],[-46.68432,-22.99726],[-46.68477,-22.99861],[-46.6809,-23.00093],[-46.6801,-23.00185],[-46.67921,-23.00255],[-46.67786,-23.00305],[-46.67764,-23.00247],[-46.67654,-23.00193],[-46.67616,-23.00078],[-46.6753,-23.00043],[-46.67483,-22.99998],[-46.67423,-22.99978],[-46.67381,-22.99923],[-46.67338,-22.99918],[-46.6723,-22.99973],[-46.67137,-22.99965],[-46.67065,-23.00021],[-46.66973,-22.99984],[-46.6689,-22.99915],[-46.66696,-22.9991],[-46.66668,-22.99887],[-46.66642,-22.99805],[-46.66531,-22.99747],[-46.6631,-22.99758],[-46.6624,-22.9982],[-46.66191,-22.99919]]]},"properties":{"codigo":"3507605056","name":"Biriçá","population":754,"households":424,"areaKm2":19.9719,"density":37.8}},{"type":"Feature","geometry":{"type":"Polygon","coordinates":[[[-46.54667,-22.94016],[-46.54719,-22.94131],[-46.54742,-22.94268],[-46.54839,-22.94457],[-46.54906,-22.94423],[-46.54999,-22.94594],[-46.55188,-22.94907],[-46.55242,-22.94902],[-46.55344,-22.94852],[-46.55359,-22.94871],[-46.55311,-22.94977],[-46.55252,-22.95057],[-46.54927,-22.9524],[-46.54823,-22.95293],[-46.54719,-22.95316],[-46.54699,-22.953],[-46.54667,-22.95131],[-46.54645,-22.95123],[-46.54424,-22.95186],[-46.54044,-22.9513],[-46.541,-22.94864],[-46.54097,-22.94816],[-46.54014,-22.94556],[-46.53983,-22.94526],[-46.54129,-22.94408],[-46.54234,-22.94318],[-46.54343,-22.94199],[-46.54519,-22.94076],[-46.54667,-22.94016]]]},"properties":{"codigo":"3507605012","name":"Lavapés","population":6513,"households":2822,"areaKm2":1.1041,"density":5899.2}},{"type":"Feature","geometry":{"type":"Polygon","coordinates":[[[-46.54044,-22.9513],[-46.54013,-22.95242],[-46.53998,-22.95226],[-46.52883,-22.94991],[-46.52818,-22.94523],[-46.52758,-22.94115],[-46.532,-22.94096],[-46.53498,-22.94179],[-46.53578,-22.93882],[-46.53608,-22.93806],[-46.53664,-22.93873],[-46.53762,-22.93937],[-46.53851,-22.93977],[-46.53979,-22.94015],[-46.54027,-22.94046],[-46.54066,-22.94106],[-46.54123,-22.94298],[-46.54129,-22.94408],[-46.53983,-22.94526],[-46.54014,-22.94556],[-46.54097,-22.94816],[-46.541,-22.94864],[-46.54044,-22.9513]]]},"properties":{"codigo":"3507605015","name":"Matadouro","population":7125,"households":3017,"areaKm2":1.5101,"density":4718.2}},{"type":"Feature","geometry":{"type":"Polygon","coordinates":[[[-46.51699,-22.9881],[-46.52026,-22.98684],[-46.52242,-22.98594],[-46.52308,-22.98549],[-46.52533,-22.98305],[-46.52616,-22.98229],[-46.52654,-22.98239],[-46.52744,-22.98215],[-46.52791,-22.98268],[-46.5287,-22.98286],[-46.52702,-22.98421],[-46.52537,-22.98563],[-46.52459,-22.98641],[-46.5242,-22.9872],[-46.52402,-22.98895],[-46.52436,-22.99001],[-46.52511,-22.99054],[-46.52651,-22.99081],[-46.52728,-22.99114],[-46.52769,-22.9917],[-46.52778,-22.99248],[-46.52655,-22.99567],[-46.52693,-22.99719],[-46.52689,-22.99904],[-46.52712,-22.99978],[-46.52681,-23.00036],[-46.52415,-23.00093],[-46.52314,-23.00103],[-46.52258,-23.00129],[-46.5215,-23.00234],[-46.51992,-23.00279],[-46.51847,-22.99922],[-46.51711,-22.99755],[-46.51289,-22.99447],[-46.51309,-22.99396],[-46.51275,-22.9922],[-46.51282,-22.9915],[-46.51323,-22.99047],[-46.51476,-22.98902],[-46.51699,-22.9881]]]},"properties":{"codigo":"3507605031","name":"Santa Helena","population":943,"households":375,"areaKm2":1.9119,"density":493.2}},{"type":"Feature","geometry":{"type":"Polygon","coordinates":[[[-46.55843,-22.98002],[-46.55665,-22.97811],[-46.55408,-22.97635],[-46.55505,-22.98027],[-46.55536,-22.98232],[-46.55514,-22.98329],[-46.55463,-22.9847],[-46.55411,-22.98529],[-46.55291,-22.98473],[-46.55206,-22.9845],[-46.55213,-22.9833],[-46.55127,-22.98345],[-46.54966,-22.98338],[-46.54842,-22.98297],[-46.54557,-22.98374],[-46.54379,-22.9836],[-46.54363,-22.98227],[-46.54367,-22.98131],[-46.54406,-22.97979],[-46.54466,-22.97885],[-46.54485,-22.97803],[-46.54457,-22.97787],[-46.54492,-22.97637],[-46.54526,-22.97557],[-46.54491,-22.97501],[-46.54239,-22.97952],[-46.54195,-22.98008],[-46.54018,-22.97984],[-46.54062,-22.97805],[-46.54132,-22.97579],[-46.54149,-22.9745],[-46.5413,-22.97304],[-46.54087,-22.97074],[-46.53945,-22.96977],[-46.54001,-22.96945],[-46.54309,-22.96848],[-46.54399,-22.96742],[-46.54481,-22.96574],[-46.54598,-22.9664],[-46.54738,-22.9666],[-46.55065,-22.96632],[-46.55123,-22.96645],[-46.55329,-22.96757],[-46.55514,-22.96839],[-46.55781,-22.9697],[-46.55852,-22.96985],[-46.55812,-22.97066],[-46.55796,-22.97175],[-46.55747,-22.97326],[-46.55734,-22.97409],[-46.55742,-22.97497],[-46.55765,-22.97561],[-46.55841,-22.97671],[-46.55865,-22.9786],[-46.55843,-22.98002]]]},"properties":{"codigo":"3507605004","name":"Santa Luzia","population":8287,"households":3317,"areaKm2":2.7792,"density":2981.8}},{"type":"Feature","geometry":{"type":"Polygon","coordinates":[[[-46.6476,-22.88376],[-46.64571,-22.8844],[-46.64416,-22.88481],[-46.64142,-22.88531],[-46.64068,-22.8853],[-46.64015,-22.88508],[-46.63989,-22.88556],[-46.64011,-22.88684],[-46.63922,-22.88774],[-46.63863,-22.88766],[-46.63757,-22.88682],[-46.63563,-22.88548],[-46.63487,-22.88471],[-46.63369,-22.88373],[-46.63321,-22.8826],[-46.633,-22.88069],[-46.63251,-22.87993],[-46.63176,-22.87963],[-46.63149,-22.87866],[-46.63205,-22.87746],[-46.63172,-22.87661],[-46.63117,-22.87622],[-46.62936,-22.87547],[-46.62852,-22.87534],[-46.62774,-22.8754],[-46.62684,-22.87619],[-46.62618,-22.87698],[-46.62449,-22.87742],[-46.62291,-22.87871],[-46.62233,-22.88016],[-46.62165,-22.88063],[-46.62155,-22.88178],[-46.62122,-22.8828],[-46.62045,-22.8827],[-46.61998,-22.88166],[-46.61997,-22.88101],[-46.6203,-22.87985],[-46.62015,-22.87902],[-46.61975,-22.87892],[-46.61877,-22.87917],[-46.61772,-22.87906],[-46.61724,-22.87878],[-46.61609,-22.87748],[-46.61495,-22.87724],[-46.6135,-22.87726],[-46.61211,-22.87713],[-46.60992,-22.87719],[-46.61013,-22.87671],[-46.61073,-22.87595],[-46.61286,-22.87466],[-46.61424,-22.87401],[-46.61728,-22.87304],[-46.61917,-22.87219],[-46.62237,-22.87143],[-46.62294,-22.87116],[-46.62382,-22.87041],[-46.62405,-22.86998],[-46.62534,-22.86634],[-46.62577,-22.86571],[-46.62784,-22.86448],[-46.62891,-22.86375],[-46.62954,-22.86277],[-46.63028,-22.86228],[-46.63107,-22.86219],[-46.63555,-22.86243],[-46.63887,-22.86247],[-46.63957,-22.86266],[-46.6416,-22.86381],[-46.6423,-22.86459],[-46.64282,-22.86481],[-46.64385,-22.86494],[-46.64746,-22.8663],[-46.64959,-22.86726],[-46.6505,-22.86816],[-46.65085,-22.8694],[-46.65071,-22.87],[-46.65003,-22.87122],[-46.64962,-22.87157],[-46.64786,-22.87271],[-46.64702,-22.87385],[-46.64669,-22.87452],[-46.64618,-22.87623],[-46.64616,-22.87817],[-46.64658,-22.88037],[-46.64728,-22.88221],[-46.6476,-22.88376]]]},"properties":{"codigo":"3507605065","name":"Usina","population":191,"households":155,"areaKm2":5.7593,"density":33.2}},{"type":"Feature","geometry":{"type":"Polygon","coordinates":[[[-46.6541,-22.96095],[-46.65444,-22.95977],[-46.65467,-22.95808],[-46.65427,-22.95724],[-46.65361,-22.95514],[-46.65344,-22.95421],[-46.65269,-22.95397],[-46.65026,-22.95352],[-46.64969,-22.95283],[-46.65021,-22.95198],[-46.65051,-22.95117],[-46.65245,-22.94866],[-46.65258,-22.94804],[-46.65203,-22.94617],[-46.65215,-22.94503],[-46.65438,-22.94456],[-46.65808,-22.94375],[-46.65988,-22.94341],[-46.66092,-22.94343],[-46.66483,-22.94456],[-46.66596,-22.94468],[-46.67474,-22.9444],[-46.67584,-22.94423],[-46.6821,-22.94255],[-46.68318,-22.94206],[-46.68428,-22.94187],[-46.68599,-22.94196],[-46.68662,-22.94174],[-46.6862,-22.94267],[-46.68637,-22.94316],[-46.68739,-22.9439],[-46.68817,-22.94492],[-46.68838,-22.94566],[-46.68881,-22.94596],[-46.68923,-22.9469],[-46.68976,-22.94731],[-46.69027,-22.94825],[-46.69204,-22.94809],[-46.69254,-22.94888],[-46.69324,-22.94926],[-46.69313,-22.94977],[-46.69386,-22.9507],[-46.69392,-22.95293],[-46.69445,-22.95363],[-46.69614,-22.95401],[-46.69706,-22.95484],[-46.69756,-22.95637],[-46.6974,-22.95703],[-46.6979,-22.95741],[-46.6981,-22.95796],[-46.69847,-22.9581],[-46.69934,-22.9577],[-46.7015,-22.95884],[-46.70199,-22.95936],[-46.7025,-22.95928],[-46.70307,-22.95976],[-46.70376,-22.95972],[-46.70437,-22.9588],[-46.70483,-22.9585],[-46.70541,-22.95856],[-46.70597,-22.95898],[-46.70644,-22.95888],[-46.70697,-22.95918],[-46.70736,-22.95887],[-46.708,-22.95903],[-46.70946,-22.95909],[-46.70944,-22.95829],[-46.70996,-22.95818],[-46.71046,-22.95845],[-46.71251,-22.95841],[-46.71286,-22.95872],[-46.71279,-22.9596],[-46.7133,-22.96011],[-46.71349,-22.96065],[-46.71406,-22.96106],[-46.71425,-22.9617],[-46.71492,-22.96188],[-46.71522,-22.96247],[-46.71593,-22.96292],[-46.71611,-22.9637],[-46.71672,-22.96458],[-46.71795,-22.96458],[-46.71865,-22.96569],[-46.71994,-22.96633],[-46.72067,-22.96719],[-46.72077,-22.96857],[-46.72002,-22.96926],[-46.71942,-22.96957],[-46.71905,-22.97011],[-46.71784,-22.97012],[-46.7173,-22.97074],[-46.71714,-22.97178],[-46.71596,-22.97273],[-46.71575,-22.97368],[-46.71396,-22.97252],[-46.71158,-22.97134],[-46.70955,-22.97061],[-46.70657,-22.96965],[-46.70617,-22.97061],[-46.70665,-22.97276],[-46.70712,-22.97374],[-46.70803,-22.97402],[-46.70835,-22.97463],[-46.70827,-22.97546],[-46.7078,-22.97605],[-46.70707,-22.97611],[-46.70646,-22.97583],[-46.70578,-22.97588],[-46.70488,-22.9765],[-46.70349,-22.97663],[-46.70266,-22.9764],[-46.7021,-22.97594],[-46.7014,-22.97452],[-46.70081,-22.97408],[-46.69994,-22.97375],[-46.6993,-22.97368],[-46.69833,-22.97384],[-46.69729,-22.97445],[-46.69585,-22.97573],[-46.69414,-22.97418],[-46.69255,-22.97285],[-46.69104,-22.97174],[-46.68992,-22.97081],[-46.68784,-22.96883],[-46.68537,-22.96656],[-46.68291,-22.96408],[-46.68213,-22.96312],[-46.68116,-22.96158],[-46.68033,-22.96006],[-46.67977,-22.95876],[-46.6795,-22.9571],[-46.67897,-22.95598],[-46.67793,-22.95568],[-46.67533,-22.95544],[-46.67404,-22.95526],[-46.67339,-22.956],[-46.67322,-22.95659],[-46.6731,-22.95784],[-46.6722,-22.95935],[-46.67067,-22.96028],[-46.66758,-22.9614],[-46.66629,-22.96164],[-46.66531,-22.9586],[-46.66468,-22.95619],[-46.66325,-22.95687],[-46.6617,-22.95783],[-46.66031,-22.95806],[-46.65944,-22.95832],[-46.65678,-22.95976],[-46.65642,-22.96007],[-46.65546,-22.96042],[-46.65486,-22.96079],[-46.6541,-22.96095]]]},"properties":{"codigo":"3507605040","name":"Barreiro","population":1381,"households":742,"areaKm2":12.1961,"density":113.2}},{"type":"Feature","geometry":{"type":"Polygon","coordinates":[[[-46.45267,-22.9986],[-46.45165,-22.99925],[-46.44692,-23.00539],[-46.44671,-23.00584],[-46.44672,-23.00688],[-46.44637,-23.00758],[-46.44475,-23.00902],[-46.4445,-23.00965],[-46.44462,-23.01036],[-46.44437,-23.01172],[-46.44435,-23.01318],[-46.44404,-23.0136],[-46.44151,-23.01468],[-46.43962,-23.01562],[-46.43857,-23.01606],[-46.43848,-23.01666],[-46.43803,-23.01686],[-46.4374,-23.01751],[-46.43644,-23.01788],[-46.43557,-23.0185],[-46.43479,-23.01872],[-46.43456,-23.01778],[-46.43369,-23.01829],[-46.43276,-23.01822],[-46.43091,-23.01987],[-46.43114,-23.02013],[-46.42865,-23.02255],[-46.42778,-23.02346],[-46.42784,-23.02446],[-46.42821,-23.02458],[-46.42839,-23.02529],[-46.42805,-23.02489],[-46.4266,-23.02379],[-46.42591,-23.02367],[-46.42526,-23.02393],[-46.42505,-23.02439],[-46.42476,-23.02231],[-46.42456,-23.02165],[-46.42318,-23.01961],[-46.42114,-23.01594],[-46.42091,-23.01488],[-46.42086,-23.01356],[-46.42041,-23.0122],[-46.41997,-23.00924],[-46.42005,-23.00793],[-46.41993,-23.00742],[-46.41905,-23.00595],[-46.41826,-23.00502],[-46.41664,-23.0027],[-46.41583,-23.00113],[-46.41481,-23.0006],[-46.41376,-23.00023],[-46.41264,-22.99893],[-46.41052,-22.99683],[-46.40838,-22.99404],[-46.40777,-22.99305],[-46.40728,-22.99147],[-46.40694,-22.98918],[-46.40667,-22.98843],[-46.40534,-22.98605],[-46.40495,-22.9848],[-46.40488,-22.98408],[-46.40513,-22.9836],[-46.40621,-22.98346],[-46.40804,-22.98409],[-46.40857,-22.98375],[-46.409,-22.98289],[-46.4098,-22.98243],[-46.41111,-22.98077],[-46.41172,-22.98041],[-46.41264,-22.98091],[-46.4134,-22.98097],[-46.41447,-22.98068],[-46.41565,-22.98136],[-46.41654,-22.9809],[-46.41708,-22.97974],[-46.41813,-22.97926],[-46.41876,-22.97821],[-46.4194,-22.9776],[-46.4195,-22.97716],[-46.42022,-22.97625],[-46.42071,-22.97621],[-46.42075,-22.9756],[-46.42111,-22.97542],[-46.42226,-22.97373],[-46.42236,-22.97277],[-46.42335,-22.97215],[-46.42377,-22.97171],[-46.4248,-22.97149],[-46.42484,-22.97062],[-46.42513,-22.96937],[-46.42515,-22.96814],[-46.42466,-22.9675],[-46.42501,-22.96712],[-46.42514,-22.9662],[-46.42483,-22.96558],[-46.42526,-22.96527],[-46.42493,-22.9648],[-46.42537,-22.96442],[-46.42485,-22.96298],[-46.42488,-22.96258],[-46.42576,-22.96156],[-46.42683,-22.96079],[-46.42712,-22.96004],[-46.42808,-22.96],[-46.42832,-22.95953],[-46.42882,-22.95967],[-46.42907,-22.9593],[-46.42897,-22.95875],[-46.42966,-22.95844],[-46.43053,-22.95767],[-46.4302,-22.95698],[-46.43118,-22.95578],[-46.43173,-22.95555],[-46.43181,-22.95465],[-46.43227,-22.95464],[-46.43261,-22.95412],[-46.43317,-22.95414],[-46.4333,-22.95306],[-46.43388,-22.95291],[-46.43477,-22.95178],[-46.43548,-22.95192],[-46.43553,-22.95113],[-46.43604,-22.95076],[-46.43592,-22.95022],[-46.43711,-22.95006],[-46.43792,-22.95082],[-46.43862,-22.94971],[-46.43982,-22.94952],[-46.44071,-22.94909],[-46.44081,-22.94858],[-46.44176,-22.94876],[-46.44266,-22.94826],[-46.44375,-22.9485],[-46.44406,-22.9488],[-46.444,-22.94949],[-46.44451,-22.95011],[-46.44568,-22.95045],[-46.44526,-22.9545],[-46.4449,-22.95461],[-46.44423,-22.95433],[-46.44258,-22.95468],[-46.44189,-22.95446],[-46.44105,-22.9535],[-46.44011,-22.9535],[-46.4396,-22.9538],[-46.43844,-22.95553],[-46.43722,-22.95585],[-46.43635,-22.95636],[-46.43638,-22.95775],[-46.43666,-22.95852],[-46.43721,-22.95894],[-46.43686,-22.96008],[-46.43684,-22.96119],[-46.43735,-22.96241],[-46.43791,-22.96328],[-46.43779,-22.96386],[-46.43726,-22.96438],[-46.43634,-22.96476],[-46.43581,-22.96482],[-46.43486,-22.96402],[-46.43388,-22.96242],[-46.43352,-22.96211],[-46.4328,-22.9622],[-46.43261,-22.9626],[-46.43237,-22.96394],[-46.43187,-22.96519],[-46.43171,-22.96592],[-46.43175,-22.96697],[-46.43208,-22.96762],[-46.43348,-22.96843],[-46.43424,-22.96901],[-46.43472,-22.96913],[-46.43551,-22.96882],[-46.43604,-22.96972],[-46.43678,-22.97032],[-46.43797,-22.9723],[-46.43823,-22.97373],[-46.43917,-22.97509],[-46.43963,-22.9752],[-46.44081,-22.97515],[-46.44053,-22.9759],[-46.44074,-22.97718],[-46.4405,-22.97825],[-46.44121,-22.97801],[-46.44218,-22.97822],[-46.44255,-22.97849],[-46.44162,-22.97945],[-46.44162,-22.97978],[-46.44231,-22.98228],[-46.44235,-22.98291],[-46.44263,-22.98317],[-46.44293,-22.98433],[-46.44271,-22.98519],[-46.4431,-22.98603],[-46.44249,-22.98623],[-46.44196,-22.9851],[-46.4415,-22.98447],[-46.44103,-22.98423],[-46.44029,-22.98439],[-46.43939,-22.98492],[-46.43907,-22.98487],[-46.43931,-22.984],[-46.44014,-22.98373],[-46.44025,-22.98347],[-46.44009,-22.98188],[-46.439,-22.98045],[-46.43831,-22.97979],[-46.43735,-22.9796],[-46.43619,-22.97974],[-46.43551,-22.97996],[-46.43427,-22.98096],[-46.43388,-22.98156],[-46.43327,-22.98186],[-46.43276,-22.9817],[-46.43245,-22.98105],[-46.43264,-22.98044],[-46.43365,-22.97978],[-46.43467,-22.97868],[-46.43586,-22.97786],[-46.43627,-22.97708],[-46.43617,-22.97625],[-46.4355,-22.97478],[-46.43489,-22.97388],[-46.43407,-22.97306],[-46.43346,-22.97265],[-46.432,-22.97241],[-46.4313,-22.97275],[-46.43096,-22.97356],[-46.43152,-22.97477],[-46.43167,-22.97545],[-46.43147,-22.976],[-46.4306,-22.97651],[-46.4287,-22.97685],[-46.42788,-22.97714],[-46.42716,-22.97801],[-46.427,-22.97863],[-46.42788,-22.97937],[-46.42895,-22.97981],[-46.43003,-22.98054],[-46.43035,-22.98106],[-46.43037,-22.98159],[-46.42978,-22.98333],[-46.42894,-22.98181],[-46.42857,-22.98162],[-46.42711,-22.98159],[-46.42627,-22.98124],[-46.42563,-22.98122],[-46.42493,-22.98241],[-46.42374,-22.98321],[-46.42352,-22.98413],[-46.42279,-22.98457],[-46.42186,-22.98461],[-46.42163,-22.98511],[-46.42226,-22.98548],[-46.42259,-22.98631],[-46.42254,-22.98697],[-46.42172,-22.98801],[-46.42169,-22.98848],[-46.42249,-22.99016],[-46.42342,-22.99095],[-46.42463,-22.99136],[-46.42557,-22.99198],[-46.42577,-22.99264],[-46.42655,-22.99318],[-46.42575,-22.99326],[-46.42514,-22.9937],[-46.42404,-22.9935],[-46.42364,-22.99361],[-46.42258,-22.99332],[-46.42183,-22.9926],[-46.42133,-22.99287],[-46.42115,-22.99341],[-46.42116,-22.99424],[-46.42072,-22.99485],[-46.42003,-22.99484],[-46.4195,-22.99429],[-46.41917,-22.99307],[-46.41949,-22.99142],[-46.4193,-22.99064],[-46.4189,-22.98996],[-46.41761,-22.98847],[-46.4168,-22.9879],[-46.41642,-22.98788],[-46.41475,-22.98929],[-46.41373,-22.99111],[-46.41319,-22.99139],[-46.4123,-22.99139],[-46.41008,-22.99207],[-46.41034,-22.99454],[-46.41083,-22.99511],[-46.41148,-22.99513],[-46.41246,-22.9954],[-46.4134,-22.99621],[-46.41472,-22.99836],[-46.41535,-22.99847],[-46.41632,-22.99786],[-46.41661,-22.99858],[-46.41631,-22.99919],[-46.41627,-23.00008],[-46.41645,-23.0005],[-46.41753,-23.00128],[-46.41787,-23.00235],[-46.4183,-23.00304],[-46.41901,-23.00315],[-46.41943,-23.0029],[-46.42162,-23.00219],[-46.42227,-23.00113],[-46.42261,-23.00115],[-46.42273,-23.00179],[-46.42228,-23.00231],[-46.42125,-23.00286],[-46.41955,-23.00481],[-46.41958,-23.00525],[-46.42084,-23.0059],[-46.42237,-23.00624],[-46.42326,-23.0061],[-46.42395,-23.00532],[-46.42477,-23.00467],[-46.42557,-23.00456],[-46.42598,-23.00472],[-46.425,-23.0061],[-46.42502,-23.00703],[-46.42582,-23.00779],[-46.42659,-23.00804],[-46.42733,-23.00805],[-46.42863,-23.00765],[-46.42942,-23.0072],[-46.43059,-23.00704],[-46.4312,-23.00714],[-46.43094,-23.0078],[-46.43008,-23.00802],[-46.42953,-23.00835],[-46.429,-23.00902],[-46.4272,-23.00928],[-46.42656,-23.00953],[-46.42595,-23.01041],[-46.42602,-23.01145],[-46.42569,-23.01174],[-46.42502,-23.01176],[-46.42433,-23.01105],[-46.42438,-23.01015],[-46.42419,-23.00943],[-46.42331,-23.00865],[-46.42222,-23.00818],[-46.42154,-23.00811],[-46.42092,-23.00834],[-46.42057,-23.00876],[-46.42065,-23.01028],[-46.42119,-23.01157],[-46.42145,-23.0132],[-46.42149,-23.01406],[-46.42192,-23.01514],[-46.42213,-23.01684],[-46.42267,-23.01796],[-46.42307,-23.0182],[-46.42431,-23.01937],[-46.42564,-23.01985],[-46.42598,-23.01936],[-46.42712,-23.01821],[-46.42906,-23.01728],[-46.42921,-23.01692],[-46.4308,-23.01602],[-46.43158,-23.01513],[-46.43301,-23.01422],[-46.43392,-23.01316],[-46.43559,-23.01332],[-46.43635,-23.01191],[-46.4365,-23.0108],[-46.43531,-23.01028],[-46.43379,-23.0089],[-46.43384,-23.00814],[-46.43367,-23.00653],[-46.43313,-23.00506],[-46.43251,-23.00448],[-46.43218,-23.00386],[-46.43157,-23.00342],[-46.43272,-23.00273],[-46.43281,-23.00232],[-46.43235,-23.00183],[-46.43172,-23.00065],[-46.43097,-22.9998],[-46.43044,-22.99955],[-46.43016,-22.99871],[-46.42914,-22.99785],[-46.4289,-22.9974],[-46.42971,-22.99611],[-46.42949,-22.99542],[-46.42793,-22.99431],[-46.428,-22.99326],[-46.42831,-22.99286],[-46.42912,-22.9925],[-46.43031,-22.99246],[-46.43056,-22.99227],[-46.43135,-22.99084],[-46.43229,-22.99043],[-46.43339,-22.99056],[-46.43434,-22.99102],[-46.43515,-22.99164],[-46.4361,-22.99184],[-46.43627,-22.99214],[-46.43617,-22.99297],[-46.4374,-22.99362],[-46.43873,-22.9934],[-46.4403,-22.99397],[-46.44181,-22.99407],[-46.44322,-22.99403],[-46.44458,-22.99422],[-46.44571,-22.99385],[-46.44661,-22.99383],[-46.44794,-22.99432],[-46.44816,-22.9957],[-46.448,-22.99632],[-46.44761,-22.99684],[-46.44748,-22.99773],[-46.44805,-22.99873],[-46.4498,-22.99907],[-46.45051,-22.99886],[-46.45267,-22.9986]]]},"properties":{"codigo":"3507605047","name":"Morro Grande","population":663,"households":429,"areaKm2":11.1729,"density":59.3}},{"type":"Feature","geometry":{"type":"Polygon","coordinates":[[[-46.52758,-22.94115],[-46.52747,-22.94102],[-46.52407,-22.93959],[-46.52226,-22.93856],[-46.52028,-22.93735],[-46.51872,-22.93649],[-46.51731,-22.93585],[-46.51638,-22.93518],[-46.51566,-22.93487],[-46.51615,-22.93464],[-46.5174,-22.93445],[-46.51815,-22.9342],[-46.51873,-22.93378],[-46.51886,-22.93311],[-46.52023,-22.93263],[-46.52099,-22.93153],[-46.52109,-22.93088],[-46.52076,-22.92961],[-46.5209,-22.92893],[-46.52151,-22.92786],[-46.52198,-22.92745],[-46.52349,-22.92708],[-46.52582,-22.92758],[-46.5262,-22.92828],[-46.52757,-22.92865],[-46.52886,-22.92957],[-46.52977,-22.92997],[-46.53061,-22.93011],[-46.53011,-22.93111],[-46.53033,-22.93164],[-46.53204,-22.93231],[-46.53307,-22.93311],[-46.53357,-22.9333],[-46.53571,-22.93373],[-46.53573,-22.93677],[-46.53608,-22.93806],[-46.53578,-22.93882],[-46.53498,-22.94179],[-46.532,-22.94096],[-46.52758,-22.94115]]]},"properties":{"codigo":"3507605008","name":"Bianchi","population":8857,"households":3758,"areaKm2":1.9231,"density":4605.6}},{"type":"Feature","geometry":{"type":"Polygon","coordinates":[[[-46.43247,-23.03802],[-46.43128,-23.03447],[-46.43098,-23.03311],[-46.43083,-23.03139],[-46.43156,-23.03104],[-46.43237,-23.03015],[-46.43245,-23.02947],[-46.43164,-23.02872],[-46.43121,-23.02749],[-46.43071,-23.02724],[-46.43032,-23.02626],[-46.42839,-23.02529],[-46.42821,-23.02458],[-46.42784,-23.02446],[-46.42778,-23.02346],[-46.42865,-23.02255],[-46.43114,-23.02013],[-46.43091,-23.01987],[-46.43276,-23.01822],[-46.43369,-23.01829],[-46.43456,-23.01778],[-46.43479,-23.01872],[-46.43557,-23.0185],[-46.43644,-23.01788],[-46.4374,-23.01751],[-46.43803,-23.01686],[-46.43848,-23.01666],[-46.43857,-23.01606],[-46.43962,-23.01562],[-46.44151,-23.01468],[-46.44404,-23.0136],[-46.44435,-23.01318],[-46.44437,-23.01172],[-46.44462,-23.01036],[-46.4445,-23.00965],[-46.44475,-23.00902],[-46.44637,-23.00758],[-46.44672,-23.00688],[-46.44671,-23.00584],[-46.44692,-23.00539],[-46.45165,-22.99925],[-46.45267,-22.9986],[-46.45345,-22.99865],[-46.45399,-22.99911],[-46.45418,-23.00029],[-46.45404,-23.0008],[-46.45415,-23.00175],[-46.45497,-23.00336],[-46.45501,-23.00372],[-46.45598,-23.00394],[-46.45711,-23.0039],[-46.45909,-23.00402],[-46.45936,-23.00419],[-46.46085,-23.00569],[-46.4612,-23.00696],[-46.46197,-23.0086],[-46.46256,-23.00966],[-46.46457,-23.00915],[-46.46489,-23.00853],[-46.46466,-23.00722],[-46.46544,-23.00631],[-46.46594,-23.00488],[-46.46759,-23.00445],[-46.46918,-23.00414],[-46.46842,-23.0025],[-46.46804,-23.00002],[-46.46847,-22.99938],[-46.47051,-22.99682],[-46.4709,-22.99646],[-46.4709,-22.99435],[-46.47203,-22.99573],[-46.47451,-22.99777],[-46.47648,-22.99915],[-46.4772,-22.9986],[-46.47812,-22.99865],[-46.47842,-22.99926],[-46.47836,-22.99974],[-46.47884,-23],[-46.4796,-22.99939],[-46.48252,-22.99947],[-46.48389,-22.99986],[-46.48506,-22.99981],[-46.48565,-22.99999],[-46.48649,-22.99994],[-46.48816,-22.99834],[-46.48824,-22.99985],[-46.48812,-23.00182],[-46.48813,-23.00318],[-46.48839,-23.00437],[-46.48888,-23.00489],[-46.48954,-23.00803],[-46.48951,-23.0089],[-46.49049,-23.01016],[-46.49081,-23.01122],[-46.49174,-23.01223],[-46.49239,-23.01442],[-46.4927,-23.01521],[-46.4924,-23.01634],[-46.49348,-23.01731],[-46.49353,-23.01773],[-46.49338,-23.02043],[-46.49352,-23.02087],[-46.49321,-23.02139],[-46.49397,-23.02251],[-46.49513,-23.02365],[-46.49625,-23.02501],[-46.49796,-23.02692],[-46.49828,-23.02714],[-46.49786,-23.02713],[-46.49736,-23.02751],[-46.49713,-23.0282],[-46.49712,-23.03031],[-46.49693,-23.03085],[-46.49648,-23.03112],[-46.49562,-23.03045],[-46.49493,-23.0295],[-46.49386,-23.02934],[-46.49311,-23.02962],[-46.49233,-23.0304],[-46.49152,-23.03158],[-46.4891,-23.03029],[-46.48836,-23.02896],[-46.48801,-23.02865],[-46.48719,-23.0284],[-46.48539,-23.02834],[-46.48385,-23.02882],[-46.48208,-23.02986],[-46.48116,-23.0305],[-46.4803,-23.03131],[-46.47929,-23.033],[-46.47886,-23.03411],[-46.47782,-23.03528],[-46.47529,-23.03744],[-46.47449,-23.03874],[-46.4741,-23.0397],[-46.47333,-23.04073],[-46.47237,-23.04316],[-46.47186,-23.04408],[-46.46981,-23.04567],[-46.4685,-23.04733],[-46.46791,-23.04786],[-46.46741,-23.04857],[-46.46726,-23.04925],[-46.46652,-23.05057],[-46.46573,-23.0515],[-46.46518,-23.05171],[-46.46404,-23.05141],[-46.46174,-23.05104],[-46.46107,-23.0511],[-46.4597,-23.05173],[-46.45963,-23.05125],[-46.46058,-23.05045],[-46.4608,-23.04998],[-46.46024,-23.04722],[-46.45965,-23.04638],[-46.45833,-23.0458],[-46.45718,-23.045],[-46.45494,-23.04435],[-46.45295,-23.04363],[-46.45252,-23.04281],[-46.45135,-23.04155],[-46.45125,-23.04105],[-46.4513,-23.0393],[-46.45071,-23.03794],[-46.4498,-23.03635],[-46.44994,-23.03469],[-46.44989,-23.034],[-46.44909,-23.03231],[-46.44819,-23.03091],[-46.44784,-23.03061],[-46.4462,-23.02985],[-46.44551,-23.0297],[-46.44434,-23.03003],[-46.44222,-23.03004],[-46.44107,-23.03057],[-46.43994,-23.03073],[-46.4394,-23.03111],[-46.43846,-23.03216],[-46.43726,-23.03249],[-46.43532,-23.03328],[-46.43498,-23.03369],[-46.43466,-23.03482],[-46.43362,-23.03587],[-46.43297,-23.0369],[-46.43247,-23.03802]]]},"properties":{"codigo":"3507605046","name":"Morro Grande da Boa Vista","population":1555,"households":934,"areaKm2":22.7761,"density":68.3}},{"type":"Feature","geometry":{"type":"Polygon","coordinates":[[[-46.54209,-22.86093],[-46.54156,-22.86137],[-46.53902,-22.86243],[-46.53782,-22.86299],[-46.53728,-22.86444],[-46.5367,-22.86541],[-46.53396,-22.87244],[-46.53376,-22.87351],[-46.53377,-22.87434],[-46.53403,-22.8755],[-46.53564,-22.87882],[-46.53807,-22.88394],[-46.53296,-22.88614],[-46.53071,-22.88714],[-46.53107,-22.88801],[-46.52925,-22.88976],[-46.52835,-22.89045],[-46.52607,-22.89189],[-46.52398,-22.89362],[-46.52317,-22.8937],[-46.52265,-22.89318],[-46.5209,-22.88985],[-46.52118,-22.88806],[-46.52183,-22.88585],[-46.52188,-22.88482],[-46.5212,-22.88222],[-46.52069,-22.881],[-46.52485,-22.87878],[-46.52465,-22.87821],[-46.52506,-22.8774],[-46.52649,-22.87649],[-46.52621,-22.87525],[-46.52619,-22.87317],[-46.52594,-22.87183],[-46.52526,-22.87057],[-46.52092,-22.86387],[-46.52099,-22.86303],[-46.52137,-22.86268],[-46.52246,-22.86244],[-46.52369,-22.86147],[-46.52285,-22.86137],[-46.52253,-22.86104],[-46.52286,-22.85957],[-46.52375,-22.85848],[-46.52361,-22.85703],[-46.52362,-22.85608],[-46.52337,-22.85567],[-46.52352,-22.85487],[-46.52496,-22.85429],[-46.5257,-22.85382],[-46.52627,-22.85312],[-46.52663,-22.8523],[-46.52705,-22.85185],[-46.52791,-22.85141],[-46.52968,-22.8518],[-46.53179,-22.85425],[-46.53281,-22.85555],[-46.53394,-22.85591],[-46.53502,-22.85605],[-46.53652,-22.85687],[-46.53729,-22.85702],[-46.53826,-22.85757],[-46.53892,-22.85768],[-46.53976,-22.85817],[-46.53992,-22.85857],[-46.53975,-22.85972],[-46.54082,-22.85998],[-46.54209,-22.86093]]]},"properties":{"codigo":"3507605022","name":"Palmeiras","population":943,"households":534,"areaKm2":5.3613,"density":175.9}},{"type":"Feature","geometry":{"type":"Polygon","coordinates":[[[-46.52883,-22.94991],[-46.53998,-22.95226],[-46.54013,-22.95242],[-46.54005,-22.95319],[-46.5392,-22.95712],[-46.53835,-22.96071],[-46.53701,-22.96233],[-46.53624,-22.96397],[-46.53485,-22.96587],[-46.53481,-22.96677],[-46.53559,-22.96794],[-46.53679,-22.96946],[-46.53638,-22.96933],[-46.53598,-22.96992],[-46.53535,-22.96916],[-46.5339,-22.96825],[-46.53286,-22.96816],[-46.53167,-22.96832],[-46.53117,-22.96791],[-46.53131,-22.96617],[-46.53122,-22.96567],[-46.53079,-22.96502],[-46.53089,-22.96451],[-46.5317,-22.96357],[-46.53156,-22.96273],[-46.53001,-22.96096],[-46.52928,-22.9601],[-46.52896,-22.95885],[-46.52866,-22.95704],[-46.52872,-22.95592],[-46.52903,-22.95531],[-46.52918,-22.95356],[-46.52896,-22.95283],[-46.52905,-22.95188],[-46.52883,-22.94991]]]},"properties":{"codigo":"3507605014","name":"Aparecida","population":8192,"households":3578,"areaKm2":1.5824,"density":5177.1}},{"type":"Feature","geometry":{"type":"Polygon","coordinates":[[[-46.54927,-22.9524],[-46.55089,-22.95275],[-46.55265,-22.95329],[-46.55319,-22.95368],[-46.55436,-22.95494],[-46.55665,-22.957],[-46.55614,-22.95796],[-46.55687,-22.95842],[-46.55651,-22.95995],[-46.55752,-22.96079],[-46.55768,-22.96167],[-46.55756,-22.96268],[-46.55721,-22.9636],[-46.55712,-22.96516],[-46.55738,-22.96562],[-46.55871,-22.96741],[-46.55949,-22.96865],[-46.5599,-22.96981],[-46.55852,-22.96985],[-46.55781,-22.9697],[-46.55514,-22.96839],[-46.55329,-22.96757],[-46.55123,-22.96645],[-46.55065,-22.96632],[-46.54738,-22.9666],[-46.54598,-22.9664],[-46.54481,-22.96574],[-46.5441,-22.96433],[-46.5439,-22.9636],[-46.54405,-22.96077],[-46.54438,-22.95975],[-46.54591,-22.95801],[-46.54625,-22.95718],[-46.54646,-22.95578],[-46.5471,-22.95431],[-46.54719,-22.95316],[-46.54823,-22.95293],[-46.54927,-22.9524]]]},"properties":{"codigo":"3507605003","name":"América","population":1863,"households":754,"areaKm2":1.877,"density":992.5}},{"type":"Feature","geometry":{"type":"Polygon","coordinates":[[[-46.46554,-22.82423],[-46.466,-22.82465],[-46.46762,-22.82533],[-46.46789,-22.82564],[-46.4678,-22.82621],[-46.4673,-22.82638],[-46.4673,-22.8268],[-46.46819,-22.82755],[-46.46878,-22.8276],[-46.46895,-22.82854],[-46.46866,-22.8296],[-46.46752,-22.82971],[-46.46724,-22.83008],[-46.46765,-22.83225],[-46.46771,-22.83363],[-46.46748,-22.83483],[-46.46745,-22.83585],[-46.46795,-22.83705],[-46.46831,-22.83747],[-46.46983,-22.83862],[-46.47085,-22.83908],[-46.47185,-22.8394],[-46.47356,-22.84016],[-46.47461,-22.84019],[-46.47601,-22.84062],[-46.47729,-22.84047],[-46.47829,-22.84008],[-46.4799,-22.83999],[-46.48062,-22.8403],[-46.48209,-22.84174],[-46.4858,-22.84345],[-46.48545,-22.84375],[-46.48257,-22.84368],[-46.48102,-22.84451],[-46.47925,-22.8457],[-46.47757,-22.84731],[-46.47656,-22.84732],[-46.47628,-22.84749],[-46.47548,-22.84851],[-46.47431,-22.84858],[-46.47378,-22.84875],[-46.47329,-22.84941],[-46.47271,-22.84961],[-46.47164,-22.84914],[-46.47047,-22.84881],[-46.46872,-22.84891],[-46.46827,-22.84877],[-46.46759,-22.8482],[-46.46629,-22.84769],[-46.46443,-22.84773],[-46.46392,-22.84764],[-46.46171,-22.84662],[-46.46116,-22.84699],[-46.46014,-22.84816],[-46.46003,-22.84928],[-46.45965,-22.84986],[-46.45784,-22.85082],[-46.45619,-22.85082],[-46.45554,-22.85097],[-46.45505,-22.85083],[-46.45429,-22.85107],[-46.45373,-22.85209],[-46.4522,-22.85065],[-46.45089,-22.84914],[-46.4482,-22.8454],[-46.44408,-22.84063],[-46.44334,-22.83947],[-46.44294,-22.83773],[-46.44284,-22.83301],[-46.44205,-22.83025],[-46.44185,-22.82856],[-46.44194,-22.82773],[-46.44259,-22.82598],[-46.44284,-22.82453],[-46.44386,-22.82475],[-46.44487,-22.82461],[-46.4466,-22.82348],[-46.44788,-22.82286],[-46.4493,-22.82239],[-46.45003,-22.82236],[-46.45244,-22.82258],[-46.45417,-22.82303],[-46.45511,-22.8235],[-46.4563,-22.8245],[-46.45723,-22.82481],[-46.45931,-22.82491],[-46.46191,-22.8247],[-46.46369,-22.82473],[-46.46554,-22.82423]]]},"properties":{"codigo":"3507605060","name":"Estiva do Agudo","population":500,"households":323,"areaKm2":8.0493,"density":62.1}},{"type":"Feature","geometry":{"type":"Polygon","coordinates":[[[-46.52352,-22.85487],[-46.52281,-22.85407],[-46.52197,-22.85337],[-46.51995,-22.85204],[-46.51882,-22.85143],[-46.51756,-22.8509],[-46.51633,-22.85052],[-46.51505,-22.85025],[-46.51078,-22.8498],[-46.51074,-22.84754],[-46.51049,-22.84628],[-46.5094,-22.84405],[-46.50875,-22.84255],[-46.5076,-22.83876],[-46.50648,-22.83607],[-46.50502,-22.83357],[-46.50423,-22.83239],[-46.50189,-22.82944],[-46.50105,-22.82815],[-46.50069,-22.82729],[-46.5005,-22.82639],[-46.50104,-22.8249],[-46.50132,-22.82448],[-46.50193,-22.82414],[-46.50307,-22.82377],[-46.50539,-22.8223],[-46.50614,-22.82214],[-46.50728,-22.82226],[-46.50858,-22.82196],[-46.51087,-22.82176],[-46.51237,-22.82154],[-46.5142,-22.82204],[-46.51592,-22.82307],[-46.51713,-22.82428],[-46.51815,-22.82514],[-46.51972,-22.82599],[-46.52085,-22.8271],[-46.52223,-22.82767],[-46.52299,-22.82843],[-46.52387,-22.82854],[-46.52513,-22.82848],[-46.52614,-22.82802],[-46.52691,-22.82727],[-46.52727,-22.8275],[-46.52732,-22.82841],[-46.528,-22.82893],[-46.52856,-22.8298],[-46.52852,-22.83027],[-46.52908,-22.83044],[-46.52943,-22.83115],[-46.52936,-22.83235],[-46.5299,-22.83261],[-46.53038,-22.83317],[-46.53054,-22.83375],[-46.53095,-22.83372],[-46.53176,-22.83327],[-46.53253,-22.83235],[-46.53382,-22.83213],[-46.53446,-22.83235],[-46.53456,-22.83354],[-46.53434,-22.83431],[-46.53514,-22.83467],[-46.53543,-22.83525],[-46.53631,-22.83579],[-46.53681,-22.83635],[-46.53721,-22.83649],[-46.53897,-22.83643],[-46.54012,-22.83704],[-46.54169,-22.83835],[-46.54281,-22.83865],[-46.54394,-22.8386],[-46.54503,-22.83885],[-46.54558,-22.8384],[-46.5451,-22.83714],[-46.54522,-22.83648],[-46.54572,-22.83618],[-46.54682,-22.83614],[-46.54726,-22.83587],[-46.54804,-22.83596],[-46.54854,-22.83662],[-46.5495,-22.83693],[-46.5501,-22.83761],[-46.55047,-22.83778],[-46.55102,-22.83862],[-46.55134,-22.83942],[-46.55048,-22.84186],[-46.54986,-22.84331],[-46.54919,-22.84403],[-46.54698,-22.84563],[-46.54649,-22.84613],[-46.54595,-22.84708],[-46.54536,-22.84889],[-46.54291,-22.85712],[-46.54235,-22.85808],[-46.53975,-22.85972],[-46.53992,-22.85857],[-46.53976,-22.85817],[-46.53892,-22.85768],[-46.53826,-22.85757],[-46.53729,-22.85702],[-46.53652,-22.85687],[-46.53502,-22.85605],[-46.53394,-22.85591],[-46.53281,-22.85555],[-46.53179,-22.85425],[-46.52968,-22.8518],[-46.52791,-22.85141],[-46.52705,-22.85185],[-46.52663,-22.8523],[-46.52627,-22.85312],[-46.5257,-22.85382],[-46.52496,-22.85429],[-46.52352,-22.85487]]]},"properties":{"codigo":"3507605061","name":"Araras","population":405,"households":179,"areaKm2":11.1874,"density":36.2}},{"type":"Feature","geometry":{"type":"Polygon","coordinates":[[[-46.60992,-22.87719],[-46.60874,-22.87718],[-46.60643,-22.87796],[-46.60494,-22.87835],[-46.60384,-22.87901],[-46.60218,-22.87967],[-46.60108,-22.88086],[-46.60043,-22.88123],[-46.59993,-22.88112],[-46.59912,-22.88028],[-46.59804,-22.88019],[-46.59728,-22.87982],[-46.59639,-22.88056],[-46.59575,-22.88134],[-46.59559,-22.88246],[-46.59611,-22.88352],[-46.59702,-22.88401],[-46.59861,-22.88423],[-46.60048,-22.88482],[-46.60159,-22.885],[-46.60337,-22.8845],[-46.60396,-22.88418],[-46.60484,-22.88412],[-46.60491,-22.8846],[-46.60465,-22.88513],[-46.60405,-22.88573],[-46.60413,-22.88662],[-46.60299,-22.88702],[-46.60249,-22.88739],[-46.60226,-22.8883],[-46.60238,-22.88951],[-46.60231,-22.89027],[-46.60174,-22.89048],[-46.60141,-22.88997],[-46.60085,-22.88981],[-46.59974,-22.88983],[-46.59926,-22.89017],[-46.59918,-22.89071],[-46.59956,-22.89133],[-46.59949,-22.89233],[-46.59914,-22.89292],[-46.59872,-22.89301],[-46.59837,-22.89244],[-46.5977,-22.8919],[-46.59581,-22.89143],[-46.59545,-22.89217],[-46.59496,-22.89251],[-46.59377,-22.8929],[-46.59332,-22.89253],[-46.5928,-22.89155],[-46.59324,-22.89099],[-46.59348,-22.88993],[-46.59325,-22.88892],[-46.59297,-22.88867],[-46.59227,-22.88658],[-46.592,-22.88627],[-46.592,-22.88511],[-46.5914,-22.88432],[-46.59126,-22.88382],[-46.59069,-22.88306],[-46.58846,-22.88125],[-46.58717,-22.87979],[-46.58613,-22.87889],[-46.58486,-22.87803],[-46.58216,-22.8761],[-46.58096,-22.87539],[-46.57948,-22.87403],[-46.57888,-22.87362],[-46.57821,-22.87364],[-46.57734,-22.87298],[-46.57781,-22.87141],[-46.57772,-22.87028],[-46.57752,-22.86973],[-46.57598,-22.86713],[-46.5756,-22.86672],[-46.57487,-22.86649],[-46.57384,-22.86663],[-46.5728,-22.86701],[-46.57198,-22.86696],[-46.57165,-22.86656],[-46.57045,-22.86589],[-46.57007,-22.86548],[-46.57001,-22.86366],[-46.57009,-22.8626],[-46.56947,-22.86176],[-46.56876,-22.86142],[-46.5692,-22.8607],[-46.57085,-22.86063],[-46.57235,-22.86081],[-46.57346,-22.8606],[-46.5745,-22.86007],[-46.57542,-22.86019],[-46.57615,-22.85996],[-46.57689,-22.86027],[-46.57754,-22.8599],[-46.57777,-22.85929],[-46.57837,-22.85855],[-46.57873,-22.85707],[-46.57955,-22.8565],[-46.58029,-22.85643],[-46.58055,-22.85529],[-46.58051,-22.85372],[-46.58143,-22.85231],[-46.58194,-22.85187],[-46.58216,-22.8509],[-46.58268,-22.85085],[-46.58406,-22.85081],[-46.58536,-22.8506],[-46.58686,-22.85069],[-46.58865,-22.85102],[-46.59008,-22.85095],[-46.59171,-22.85136],[-46.59276,-22.85202],[-46.59321,-22.85214],[-46.59466,-22.85207],[-46.59622,-22.85284],[-46.59735,-22.85302],[-46.5983,-22.85334],[-46.60001,-22.85414],[-46.6007,-22.85463],[-46.60106,-22.8557],[-46.60107,-22.85786],[-46.60134,-22.85905],[-46.60215,-22.86056],[-46.60254,-22.86162],[-46.60257,-22.86228],[-46.60286,-22.86281],[-46.60238,-22.86354],[-46.60298,-22.86351],[-46.60321,-22.86411],[-46.60302,-22.86487],[-46.60382,-22.865],[-46.60356,-22.86555],[-46.60469,-22.86607],[-46.60533,-22.86652],[-46.60555,-22.86711],[-46.60619,-22.86774],[-46.60772,-22.86982],[-46.60846,-22.87068],[-46.60858,-22.87121],[-46.60758,-22.87147],[-46.60679,-22.87223],[-46.60682,-22.87257],[-46.60742,-22.87322],[-46.60766,-22.87385],[-46.60745,-22.87471],[-46.60808,-22.87622],[-46.60856,-22.87632],[-46.60894,-22.8768],[-46.61013,-22.87671],[-46.60992,-22.87719]]]},"properties":{"codigo":"3507605063","name":"Modestos","population":146,"households":81,"areaKm2":9.7216,"density":15}},{"type":"Feature","geometry":{"type":"Polygon","coordinates":[[[-46.57308,-22.94838],[-46.57394,-22.94766],[-46.57465,-22.94754],[-46.57595,-22.94777],[-46.57796,-22.94775],[-46.57932,-22.94804],[-46.58105,-22.94774],[-46.58142,-22.94783],[-46.58341,-22.94901],[-46.5839,-22.94917],[-46.58581,-22.94893],[-46.58713,-22.94887],[-46.58742,-22.94839],[-46.59048,-22.94702],[-46.59132,-22.94625],[-46.59153,-22.94577],[-46.59583,-22.94325],[-46.59682,-22.94218],[-46.59785,-22.94138],[-46.59833,-22.94118],[-46.59923,-22.93968],[-46.60018,-22.93875],[-46.6006,-22.93853],[-46.60147,-22.93844],[-46.6004,-22.937],[-46.6001,-22.9372],[-46.59886,-22.93568],[-46.59847,-22.93296],[-46.59752,-22.93131],[-46.59625,-22.92944],[-46.59603,-22.92865],[-46.59546,-22.92808],[-46.59568,-22.92767],[-46.59647,-22.92694],[-46.59745,-22.92636],[-46.59842,-22.92542],[-46.59951,-22.92484],[-46.59982,-22.92356],[-46.60042,-22.92241],[-46.60178,-22.92059],[-46.60199,-22.91951],[-46.60258,-22.91832],[-46.6034,-22.91769],[-46.60426,-22.91736],[-46.6048,-22.91645],[-46.60543,-22.91581],[-46.60643,-22.916],[-46.60786,-22.9167],[-46.60961,-22.91665],[-46.61056,-22.91705],[-46.61092,-22.91826],[-46.61112,-22.9199],[-46.61221,-22.91985],[-46.61355,-22.91954],[-46.61345,-22.91914],[-46.61434,-22.91878],[-46.61379,-22.91811],[-46.61358,-22.91755],[-46.61433,-22.91671],[-46.61448,-22.91605],[-46.61516,-22.91519],[-46.61605,-22.91462],[-46.61596,-22.91393],[-46.61484,-22.91321],[-46.61571,-22.91264],[-46.61714,-22.91282],[-46.61775,-22.91306],[-46.61891,-22.91386],[-46.62097,-22.91316],[-46.62297,-22.9134],[-46.62325,-22.91478],[-46.62412,-22.915],[-46.62499,-22.91458],[-46.62605,-22.91492],[-46.6264,-22.91565],[-46.62674,-22.91562],[-46.6275,-22.9162],[-46.62858,-22.91673],[-46.62876,-22.917],[-46.62841,-22.91766],[-46.62864,-22.918],[-46.62926,-22.91812],[-46.62809,-22.91838],[-46.62728,-22.91806],[-46.62668,-22.91812],[-46.6256,-22.91883],[-46.62621,-22.91998],[-46.62688,-22.92151],[-46.62883,-22.92044],[-46.62946,-22.92018],[-46.63154,-22.91803],[-46.63373,-22.91635],[-46.63453,-22.91596],[-46.63573,-22.91507],[-46.63687,-22.91458],[-46.63797,-22.91434],[-46.63924,-22.91431],[-46.64035,-22.91441],[-46.64145,-22.91646],[-46.64318,-22.91874],[-46.64384,-22.91982],[-46.64413,-22.92072],[-46.64423,-22.92157],[-46.64464,-22.92167],[-46.64573,-22.92374],[-46.6471,-22.92415],[-46.64647,-22.92613],[-46.64539,-22.92805],[-46.64358,-22.92908],[-46.64239,-22.92911],[-46.64186,-22.92944],[-46.6407,-22.92976],[-46.63992,-22.93013],[-46.63902,-22.93037],[-46.6382,-22.93032],[-46.63724,-22.92994],[-46.63661,-22.92992],[-46.63552,-22.93024],[-46.63386,-22.93035],[-46.63227,-22.9317],[-46.632,-22.93214],[-46.63149,-22.93471],[-46.63116,-22.93535],[-46.63001,-22.93559],[-46.62829,-22.93469],[-46.62751,-22.93454],[-46.62595,-22.93464],[-46.6253,-22.93447],[-46.62357,-22.93374],[-46.62263,-22.93282],[-46.62165,-22.93288],[-46.62103,-22.93243],[-46.62046,-22.93239],[-46.61935,-22.93202],[-46.61939,-22.93268],[-46.61896,-22.93316],[-46.61838,-22.93419],[-46.61722,-22.93542],[-46.61509,-22.93888],[-46.6146,-22.94039],[-46.61415,-22.94118],[-46.61399,-22.94181],[-46.61395,-22.94404],[-46.61384,-22.94493],[-46.61383,-22.94667],[-46.61295,-22.94714],[-46.61077,-22.94777],[-46.6103,-22.94777],[-46.60901,-22.94697],[-46.60841,-22.94735],[-46.60832,-22.94824],[-46.60778,-22.94949],[-46.6073,-22.95007],[-46.60718,-22.95067],[-46.60738,-22.9514],[-46.60698,-22.95179],[-46.60562,-22.95221],[-46.60491,-22.9528],[-46.60488,-22.95378],[-46.60364,-22.95495],[-46.6033,-22.95489],[-46.60192,-22.95403],[-46.59772,-22.94905],[-46.59658,-22.94839],[-46.59544,-22.94834],[-46.59442,-22.94871],[-46.59165,-22.95025],[-46.59082,-22.95114],[-46.58763,-22.95717],[-46.58696,-22.95853],[-46.58684,-22.95938],[-46.587,-22.96057],[-46.58654,-22.96166],[-46.58566,-22.96137],[-46.58416,-22.96106],[-46.58362,-22.96051],[-46.58283,-22.96027],[-46.58109,-22.96024],[-46.57901,-22.96047],[-46.5771,-22.95902],[-46.57537,-22.95747],[-46.57481,-22.95721],[-46.57308,-22.95715],[-46.57194,-22.95652],[-46.57181,-22.95318],[-46.57156,-22.94981],[-46.57175,-22.94941],[-46.57253,-22.94866],[-46.57308,-22.94838]]]},"properties":{"codigo":"3507605034","name":"Campo Novo","population":1800,"households":796,"areaKm2":14.3386,"density":125.5}},{"type":"Feature","geometry":{"type":"Polygon","coordinates":[[[-46.55843,-22.98002],[-46.5587,-22.98093],[-46.55919,-22.98151],[-46.55936,-22.98341],[-46.55968,-22.98456],[-46.55922,-22.98586],[-46.55923,-22.98636],[-46.55978,-22.98704],[-46.56093,-22.9874],[-46.56252,-22.98832],[-46.56358,-22.98904],[-46.56506,-22.98884],[-46.56679,-22.98962],[-46.56726,-22.99007],[-46.56983,-22.99123],[-46.56997,-22.99286],[-46.5699,-22.99362],[-46.56924,-22.99447],[-46.56779,-22.99487],[-46.56653,-22.99572],[-46.56554,-22.99691],[-46.56493,-22.99745],[-46.56419,-22.99775],[-46.56345,-22.99772],[-46.56262,-22.99806],[-46.56183,-22.99868],[-46.56036,-22.99788],[-46.55996,-22.99757],[-46.55893,-22.99738],[-46.55771,-22.99797],[-46.5569,-22.99818],[-46.55619,-22.99789],[-46.55545,-22.99791],[-46.55492,-22.99837],[-46.55488,-22.99926],[-46.55443,-23.00028],[-46.55432,-23.00115],[-46.55364,-23.00165],[-46.55311,-23.00232],[-46.55281,-23.00367],[-46.55205,-23.00461],[-46.55243,-23.00751],[-46.55258,-23.00997],[-46.55186,-23.00969],[-46.55006,-23.00833],[-46.54853,-23.00788],[-46.54775,-23.00744],[-46.54599,-23.00612],[-46.54468,-23.00572],[-46.54328,-23.00566],[-46.54235,-23.00576],[-46.54036,-23.00558],[-46.53941,-23.00495],[-46.5377,-23.00495],[-46.53678,-23.00414],[-46.53648,-23.00339],[-46.53403,-23.00296],[-46.53255,-22.99895],[-46.53224,-22.99885],[-46.53027,-22.9987],[-46.52985,-22.99844],[-46.52915,-22.99662],[-46.52877,-22.99544],[-46.52978,-22.99228],[-46.53002,-22.99176],[-46.53334,-22.99076],[-46.53475,-22.99024],[-46.53607,-22.98947],[-46.53735,-22.98904],[-46.53805,-22.98908],[-46.53932,-22.98946],[-46.53988,-22.98984],[-46.54012,-22.98921],[-46.54019,-22.98796],[-46.54,-22.98597],[-46.54005,-22.98504],[-46.54054,-22.98253],[-46.54049,-22.9818],[-46.54018,-22.98059],[-46.54018,-22.97984],[-46.54195,-22.98008],[-46.54239,-22.97952],[-46.54491,-22.97501],[-46.54526,-22.97557],[-46.54492,-22.97637],[-46.54457,-22.97787],[-46.54485,-22.97803],[-46.54466,-22.97885],[-46.54406,-22.97979],[-46.54367,-22.98131],[-46.54363,-22.98227],[-46.54379,-22.9836],[-46.54557,-22.98374],[-46.54842,-22.98297],[-46.54966,-22.98338],[-46.55127,-22.98345],[-46.55213,-22.9833],[-46.55206,-22.9845],[-46.55291,-22.98473],[-46.55411,-22.98529],[-46.55463,-22.9847],[-46.55514,-22.98329],[-46.55536,-22.98232],[-46.55505,-22.98027],[-46.55408,-22.97635],[-46.55665,-22.97811],[-46.55843,-22.98002]]]},"properties":{"codigo":"3507605028","name":"Caeté","population":960,"households":392,"areaKm2":7.2898,"density":131.7}},{"type":"Feature","geometry":{"type":"Polygon","coordinates":[[[-46.428,-22.99326],[-46.42655,-22.99318],[-46.42577,-22.99264],[-46.42557,-22.99198],[-46.42463,-22.99136],[-46.42342,-22.99095],[-46.42249,-22.99016],[-46.42169,-22.98848],[-46.42172,-22.98801],[-46.42254,-22.98697],[-46.42259,-22.98631],[-46.42226,-22.98548],[-46.42163,-22.98511],[-46.42186,-22.98461],[-46.42279,-22.98457],[-46.42352,-22.98413],[-46.42374,-22.98321],[-46.42493,-22.98241],[-46.42563,-22.98122],[-46.42627,-22.98124],[-46.42711,-22.98159],[-46.42857,-22.98162],[-46.42894,-22.98181],[-46.42978,-22.98333],[-46.43037,-22.98159],[-46.43035,-22.98106],[-46.43003,-22.98054],[-46.42895,-22.97981],[-46.42788,-22.97937],[-46.427,-22.97863],[-46.42716,-22.97801],[-46.42788,-22.97714],[-46.4287,-22.97685],[-46.4306,-22.97651],[-46.43147,-22.976],[-46.43167,-22.97545],[-46.43152,-22.97477],[-46.43096,-22.97356],[-46.4313,-22.97275],[-46.432,-22.97241],[-46.43346,-22.97265],[-46.43407,-22.97306],[-46.43489,-22.97388],[-46.4355,-22.97478],[-46.43617,-22.97625],[-46.43627,-22.97708],[-46.43586,-22.97786],[-46.43467,-22.97868],[-46.43365,-22.97978],[-46.43264,-22.98044],[-46.43245,-22.98105],[-46.43276,-22.9817],[-46.43327,-22.98186],[-46.43388,-22.98156],[-46.43427,-22.98096],[-46.43551,-22.97996],[-46.43619,-22.97974],[-46.43735,-22.9796],[-46.43831,-22.97979],[-46.439,-22.98045],[-46.44009,-22.98188],[-46.44025,-22.98347],[-46.44014,-22.98373],[-46.43931,-22.984],[-46.43907,-22.98487],[-46.43939,-22.98492],[-46.44029,-22.98439],[-46.44103,-22.98423],[-46.4415,-22.98447],[-46.44196,-22.9851],[-46.44249,-22.98623],[-46.44197,-22.98717],[-46.44197,-22.98823],[-46.4424,-22.98997],[-46.44248,-22.99138],[-46.44266,-22.99197],[-46.44398,-22.99341],[-46.44458,-22.99422],[-46.44322,-22.99403],[-46.44181,-22.99407],[-46.4403,-22.99397],[-46.43873,-22.9934],[-46.4374,-22.99362],[-46.43617,-22.99297],[-46.43627,-22.99214],[-46.4361,-22.99184],[-46.43515,-22.99164],[-46.43434,-22.99102],[-46.43339,-22.99056],[-46.43229,-22.99043],[-46.43135,-22.99084],[-46.43056,-22.99227],[-46.43031,-22.99246],[-46.42912,-22.9925],[-46.42831,-22.99286],[-46.428,-22.99326]]]},"properties":{"codigo":"3507605033","name":"Serrinha","population":42,"households":141,"areaKm2":2.9125,"density":14.4}},{"type":"Feature","geometry":{"type":"Polygon","coordinates":[[[-46.53376,-22.87351],[-46.53413,-22.87249],[-46.53558,-22.871],[-46.53829,-22.87042],[-46.53945,-22.87116],[-46.54115,-22.87304],[-46.5418,-22.87386],[-46.54056,-22.87517],[-46.54024,-22.8758],[-46.53866,-22.87611],[-46.53881,-22.87723],[-46.53938,-22.87738],[-46.54019,-22.87805],[-46.54102,-22.87841],[-46.54199,-22.8791],[-46.54255,-22.87969],[-46.5435,-22.88118],[-46.54381,-22.88139],[-46.54454,-22.88105],[-46.54551,-22.88208],[-46.54622,-22.88318],[-46.54637,-22.88395],[-46.54734,-22.88561],[-46.54805,-22.88765],[-46.54843,-22.8885],[-46.54929,-22.88991],[-46.55051,-22.89098],[-46.5508,-22.89193],[-46.55067,-22.89248],[-46.55026,-22.89299],[-46.54886,-22.89408],[-46.54817,-22.89437],[-46.54736,-22.89521],[-46.54848,-22.89582],[-46.55009,-22.89644],[-46.54959,-22.89677],[-46.55217,-22.89823],[-46.55447,-22.89964],[-46.55532,-22.90036],[-46.55653,-22.90177],[-46.55592,-22.90203],[-46.55489,-22.90192],[-46.55452,-22.90253],[-46.55383,-22.90283],[-46.55332,-22.90341],[-46.55293,-22.90337],[-46.55231,-22.90262],[-46.5513,-22.90219],[-46.5511,-22.90246],[-46.55169,-22.90331],[-46.55168,-22.90372],[-46.55104,-22.90389],[-46.54999,-22.9029],[-46.54928,-22.90237],[-46.54893,-22.90271],[-46.5489,-22.90362],[-46.54918,-22.90404],[-46.54829,-22.90443],[-46.54621,-22.90411],[-46.54545,-22.90367],[-46.54418,-22.90368],[-46.54359,-22.90398],[-46.54293,-22.9025],[-46.54274,-22.9018],[-46.54181,-22.90162],[-46.541,-22.90181],[-46.53889,-22.90183],[-46.53805,-22.90158],[-46.53712,-22.90093],[-46.53515,-22.89938],[-46.5323,-22.89733],[-46.53015,-22.89618],[-46.52948,-22.89574],[-46.52787,-22.89446],[-46.52644,-22.89366],[-46.52563,-22.89338],[-46.52398,-22.89362],[-46.52607,-22.89189],[-46.52835,-22.89045],[-46.52925,-22.88976],[-46.53107,-22.88801],[-46.53071,-22.88714],[-46.53296,-22.88614],[-46.53807,-22.88394],[-46.53564,-22.87882],[-46.53403,-22.8755],[-46.53377,-22.87434],[-46.53376,-22.87351]]]},"properties":{"codigo":"3507605021","name":"Curitibanos","population":446,"households":222,"areaKm2":5.003,"density":89.1}},{"type":"Feature","geometry":{"type":"Polygon","coordinates":[[[-46.65438,-22.94456],[-46.65454,-22.94243],[-46.65416,-22.941],[-46.65291,-22.93923],[-46.65245,-22.93838],[-46.65194,-22.93639],[-46.65107,-22.93478],[-46.65081,-22.93396],[-46.65084,-22.9326],[-46.65013,-22.9308],[-46.64924,-22.9291],[-46.64876,-22.92758],[-46.64876,-22.92685],[-46.64779,-22.92526],[-46.64746,-22.92357],[-46.64782,-22.92233],[-46.64827,-22.91949],[-46.64877,-22.91842],[-46.65003,-22.91757],[-46.65059,-22.91739],[-46.6518,-22.9174],[-46.65321,-22.91822],[-46.65365,-22.91867],[-46.65515,-22.92074],[-46.65603,-22.92304],[-46.65962,-22.92674],[-46.66095,-22.92847],[-46.66145,-22.92879],[-46.66298,-22.92932],[-46.66455,-22.92973],[-46.66504,-22.92967],[-46.66636,-22.9282],[-46.66691,-22.92799],[-46.66987,-22.92734],[-46.67083,-22.92732],[-46.67161,-22.92681],[-46.67226,-22.92669],[-46.6735,-22.92678],[-46.67393,-22.92698],[-46.67325,-22.92706],[-46.67245,-22.92801],[-46.67079,-22.92901],[-46.67038,-22.92942],[-46.67164,-22.93045],[-46.67348,-22.93116],[-46.67476,-22.93224],[-46.67575,-22.9326],[-46.67672,-22.9331],[-46.67776,-22.93427],[-46.67901,-22.93523],[-46.68006,-22.93648],[-46.68224,-22.93789],[-46.68324,-22.93929],[-46.68409,-22.93994],[-46.68478,-22.94067],[-46.68611,-22.9413],[-46.68662,-22.94174],[-46.68599,-22.94196],[-46.68428,-22.94187],[-46.68318,-22.94206],[-46.6821,-22.94255],[-46.67584,-22.94423],[-46.67474,-22.9444],[-46.66596,-22.94468],[-46.66483,-22.94456],[-46.66092,-22.94343],[-46.65988,-22.94341],[-46.65808,-22.94375],[-46.65438,-22.94456]]]},"properties":{"codigo":"3507605039","name":"Fazenda Velha","population":286,"households":149,"areaKm2":5.8609,"density":48.8}},{"type":"Feature","geometry":{"type":"Polygon","coordinates":[[[-46.67786,-23.00305],[-46.67921,-23.00255],[-46.6801,-23.00185],[-46.6809,-23.00093],[-46.68477,-22.99861],[-46.68432,-22.99726],[-46.68396,-22.99657],[-46.6822,-22.99473],[-46.68398,-22.99262],[-46.68471,-22.99145],[-46.68527,-22.99016],[-46.68551,-22.98816],[-46.68585,-22.9873],[-46.68656,-22.98614],[-46.68851,-22.98374],[-46.69008,-22.98203],[-46.69072,-22.98145],[-46.69092,-22.97843],[-46.69074,-22.97799],[-46.69122,-22.9774],[-46.69253,-22.97672],[-46.69503,-22.97617],[-46.69585,-22.97573],[-46.69729,-22.97445],[-46.69833,-22.97384],[-46.6993,-22.97368],[-46.69994,-22.97375],[-46.70081,-22.97408],[-46.7014,-22.97452],[-46.7021,-22.97594],[-46.70266,-22.9764],[-46.70349,-22.97663],[-46.70488,-22.9765],[-46.70578,-22.97588],[-46.70646,-22.97583],[-46.70707,-22.97611],[-46.7078,-22.97605],[-46.70827,-22.97546],[-46.70835,-22.97463],[-46.70803,-22.97402],[-46.70712,-22.97374],[-46.70665,-22.97276],[-46.70617,-22.97061],[-46.70657,-22.96965],[-46.70955,-22.97061],[-46.71158,-22.97134],[-46.71396,-22.97252],[-46.71575,-22.97368],[-46.71603,-22.97427],[-46.71665,-22.97483],[-46.71653,-22.97525],[-46.71589,-22.97589],[-46.7163,-22.97673],[-46.71569,-22.97757],[-46.71531,-22.97843],[-46.71471,-22.97912],[-46.71438,-22.9802],[-46.71401,-22.98095],[-46.71354,-22.98133],[-46.71252,-22.9817],[-46.71203,-22.98253],[-46.71205,-22.98347],[-46.7117,-22.98406],[-46.71099,-22.98415],[-46.71004,-22.98356],[-46.70919,-22.98347],[-46.70835,-22.98318],[-46.70766,-22.98323],[-46.70689,-22.98376],[-46.70605,-22.98407],[-46.70559,-22.98453],[-46.7055,-22.98502],[-46.70591,-22.98552],[-46.70681,-22.98602],[-46.70679,-22.98719],[-46.70655,-22.98773],[-46.70564,-22.98814],[-46.7051,-22.9891],[-46.70442,-22.98986],[-46.70458,-22.99061],[-46.70568,-22.99125],[-46.70573,-22.99161],[-46.70377,-22.99453],[-46.70354,-22.99529],[-46.70347,-22.99701],[-46.70328,-22.99741],[-46.70221,-22.99858],[-46.7016,-22.99967],[-46.70152,-23.0006],[-46.70296,-23.00075],[-46.70369,-23.00125],[-46.70404,-23.00307],[-46.70373,-23.00381],[-46.70261,-23.0042],[-46.70201,-23.00465],[-46.70146,-23.0054],[-46.70123,-23.00653],[-46.7019,-23.00791],[-46.70257,-23.00835],[-46.70267,-23.00891],[-46.7021,-23.01024],[-46.70139,-23.0104],[-46.70016,-23.00976],[-46.69845,-23.00971],[-46.69706,-23.01001],[-46.69587,-23.00989],[-46.69567,-23.01074],[-46.69524,-23.01128],[-46.69438,-23.01103],[-46.69274,-23.01169],[-46.69222,-23.01126],[-46.69144,-23.01004],[-46.69054,-23.00981],[-46.68997,-23.01018],[-46.68916,-23.01004],[-46.68831,-23.01082],[-46.6876,-23.01029],[-46.68589,-23.01041],[-46.68414,-23.00954],[-46.68328,-23.008],[-46.68225,-23.00753],[-46.6822,-23.00697],[-46.68119,-23.00625],[-46.68024,-23.0059],[-46.68001,-23.00537],[-46.67871,-23.0042],[-46.67786,-23.00305]]]},"properties":{"codigo":"3507605041","name":"Baronesa","population":207,"households":414,"areaKm2":8.7653,"density":23.6}},{"type":"Feature","geometry":{"type":"Polygon","coordinates":[[[-46.57175,-22.94941],[-46.5709,-22.94973],[-46.56838,-22.94988],[-46.56631,-22.9497],[-46.56498,-22.95014],[-46.56327,-22.95016],[-46.56279,-22.95],[-46.56023,-22.94869],[-46.55908,-22.94873],[-46.55727,-22.94801],[-46.55673,-22.94798],[-46.55694,-22.94633],[-46.55639,-22.94454],[-46.55641,-22.94196],[-46.55665,-22.93575],[-46.5568,-22.93501],[-46.55682,-22.93481],[-46.55706,-22.93445],[-46.55767,-22.9325],[-46.55815,-22.93171],[-46.55826,-22.93058],[-46.55831,-22.92937],[-46.55878,-22.92779],[-46.5595,-22.92655],[-46.56185,-22.92567],[-46.56427,-22.92507],[-46.565,-22.92481],[-46.5662,-22.92385],[-46.5666,-22.92307],[-46.56668,-22.92208],[-46.56636,-22.92053],[-46.56657,-22.92013],[-46.56729,-22.91995],[-46.56836,-22.92033],[-46.56878,-22.9203],[-46.56967,-22.91973],[-46.57047,-22.92049],[-46.57028,-22.9214],[-46.57058,-22.92171],[-46.57137,-22.92138],[-46.57143,-22.92271],[-46.57103,-22.92275],[-46.57102,-22.92365],[-46.57133,-22.925],[-46.57163,-22.92578],[-46.57179,-22.92674],[-46.5718,-22.92862],[-46.57235,-22.93077],[-46.57008,-22.93198],[-46.56849,-22.93325],[-46.56808,-22.93564],[-46.56933,-22.9354],[-46.57249,-22.93457],[-46.57287,-22.93454],[-46.57319,-22.93546],[-46.57256,-22.93577],[-46.57246,-22.93649],[-46.57155,-22.93674],[-46.57067,-22.93735],[-46.57046,-22.93832],[-46.5703,-22.94085],[-46.57008,-22.94332],[-46.57144,-22.94344],[-46.5714,-22.9457],[-46.57241,-22.9474],[-46.57308,-22.94838],[-46.57253,-22.94866],[-46.57175,-22.94941]]]},"properties":{"codigo":"3507605002","name":"Jardins","population":13134,"households":5154,"areaKm2":4.0556,"density":3238.4}},{"type":"Feature","geometry":{"type":"Polygon","coordinates":[[[-46.55852,-22.96985],[-46.5599,-22.96981],[-46.5613,-22.96923],[-46.56256,-22.96894],[-46.56808,-22.96901],[-46.5688,-22.96911],[-46.57156,-22.97],[-46.57223,-22.97015],[-46.57306,-22.97008],[-46.57477,-22.96939],[-46.57897,-22.96752],[-46.58077,-22.96732],[-46.58167,-22.96701],[-46.58395,-22.9648],[-46.58499,-22.96292],[-46.58551,-22.96233],[-46.58654,-22.96166],[-46.587,-22.96057],[-46.58684,-22.95938],[-46.58696,-22.95853],[-46.58763,-22.95717],[-46.59082,-22.95114],[-46.59165,-22.95025],[-46.59442,-22.94871],[-46.59544,-22.94834],[-46.59658,-22.94839],[-46.59772,-22.94905],[-46.60192,-22.95403],[-46.60208,-22.95446],[-46.60207,-22.95616],[-46.60229,-22.95739],[-46.60166,-22.9585],[-46.60161,-22.95942],[-46.60173,-22.96109],[-46.60171,-22.96293],[-46.60124,-22.96388],[-46.60051,-22.96449],[-46.60048,-22.96511],[-46.60109,-22.96563],[-46.60147,-22.96623],[-46.60325,-22.96699],[-46.60505,-22.96786],[-46.60503,-22.96883],[-46.60523,-22.96951],[-46.60515,-22.97003],[-46.60504,-22.9718],[-46.60448,-22.97265],[-46.60308,-22.97369],[-46.60248,-22.97428],[-46.60215,-22.97487],[-46.60175,-22.97646],[-46.60149,-22.97703],[-46.59916,-22.97722],[-46.59256,-22.97805],[-46.58893,-22.97832],[-46.58706,-22.97862],[-46.58405,-22.97948],[-46.58279,-22.98021],[-46.58018,-22.98132],[-46.57767,-22.98262],[-46.57548,-22.98322],[-46.57363,-22.98439],[-46.57298,-22.98509],[-46.57158,-22.98693],[-46.57038,-22.98811],[-46.56988,-22.98953],[-46.56983,-22.99123],[-46.56726,-22.99007],[-46.56679,-22.98962],[-46.56506,-22.98884],[-46.56358,-22.98904],[-46.56252,-22.98832],[-46.56093,-22.9874],[-46.55978,-22.98704],[-46.55923,-22.98636],[-46.55922,-22.98586],[-46.55968,-22.98456],[-46.55936,-22.98341],[-46.55919,-22.98151],[-46.5587,-22.98093],[-46.55843,-22.98002],[-46.55865,-22.9786],[-46.55841,-22.97671],[-46.55765,-22.97561],[-46.55742,-22.97497],[-46.55734,-22.97409],[-46.55747,-22.97326],[-46.55796,-22.97175],[-46.55812,-22.97066],[-46.55852,-22.96985]]]},"properties":{"codigo":"3507605027","name":"Itapechinga","population":363,"households":161,"areaKm2":10.1643,"density":35.7}},{"type":"Feature","geometry":{"type":"Polygon","coordinates":[[[-46.54667,-22.94016],[-46.54765,-22.93979],[-46.54971,-22.93879],[-46.55302,-22.93689],[-46.55449,-22.9367],[-46.55568,-22.93711],[-46.55644,-22.93538],[-46.5568,-22.93501],[-46.55665,-22.93575],[-46.55641,-22.94196],[-46.55639,-22.94454],[-46.55694,-22.94633],[-46.55673,-22.94798],[-46.55611,-22.94862],[-46.55475,-22.94912],[-46.55415,-22.9496],[-46.55252,-22.95057],[-46.55311,-22.94977],[-46.55359,-22.94871],[-46.55344,-22.94852],[-46.55242,-22.94902],[-46.55188,-22.94907],[-46.54999,-22.94594],[-46.54906,-22.94423],[-46.54839,-22.94457],[-46.54742,-22.94268],[-46.54719,-22.94131],[-46.54667,-22.94016]]]},"properties":{"codigo":"3507605011","name":"Santa Cruz","population":7800,"households":3171,"areaKm2":1.0176,"density":7665.4}},{"type":"Feature","geometry":{"type":"Polygon","coordinates":[[[-46.51542,-22.9572],[-46.51445,-22.95792],[-46.51341,-22.95775],[-46.51162,-22.95802],[-46.51127,-22.95822],[-46.50931,-22.95867],[-46.50517,-22.95984],[-46.50423,-22.96001],[-46.50257,-22.96047],[-46.50155,-22.9603],[-46.50036,-22.9606],[-46.49885,-22.96076],[-46.49778,-22.961],[-46.49702,-22.96142],[-46.49608,-22.96133],[-46.49504,-22.96104],[-46.48978,-22.95815],[-46.48837,-22.95826],[-46.48744,-22.95815],[-46.48544,-22.95741],[-46.48301,-22.95696],[-46.48308,-22.95554],[-46.48289,-22.95353],[-46.48384,-22.95253],[-46.48247,-22.9496],[-46.48169,-22.94855],[-46.48201,-22.94792],[-46.48237,-22.9467],[-46.48263,-22.94509],[-46.48248,-22.94396],[-46.4822,-22.94339],[-46.48144,-22.94241],[-46.48123,-22.94139],[-46.47976,-22.93965],[-46.47927,-22.9388],[-46.47908,-22.93779],[-46.47922,-22.93662],[-46.47967,-22.93569],[-46.48052,-22.93467],[-46.48072,-22.93371],[-46.48051,-22.93302],[-46.4794,-22.93063],[-46.47967,-22.92941],[-46.4805,-22.92958],[-46.4811,-22.92836],[-46.48125,-22.92747],[-46.4811,-22.92573],[-46.4807,-22.92375],[-46.48001,-22.92155],[-46.47847,-22.91635],[-46.47852,-22.91509],[-46.47891,-22.91411],[-46.48093,-22.91077],[-46.48066,-22.90987],[-46.48233,-22.91001],[-46.48404,-22.91024],[-46.48611,-22.91069],[-46.48762,-22.91116],[-46.48927,-22.91183],[-46.49048,-22.91244],[-46.49222,-22.91351],[-46.49399,-22.91489],[-46.49487,-22.91571],[-46.50079,-22.92172],[-46.50163,-22.92267],[-46.50224,-22.92356],[-46.50305,-22.92527],[-46.5032,-22.92612],[-46.50358,-22.92721],[-46.50404,-22.92937],[-46.50465,-22.93072],[-46.50528,-22.93159],[-46.50602,-22.93232],[-46.50727,-22.93315],[-46.5082,-22.93356],[-46.50925,-22.93385],[-46.51237,-22.9341],[-46.51431,-22.93445],[-46.51566,-22.93487],[-46.51332,-22.93679],[-46.51262,-22.93716],[-46.51204,-22.93777],[-46.51132,-22.93889],[-46.51235,-22.93955],[-46.51356,-22.9392],[-46.51393,-22.93963],[-46.51551,-22.9407],[-46.51636,-22.94116],[-46.51967,-22.94187],[-46.51969,-22.94241],[-46.52007,-22.94318],[-46.51991,-22.94533],[-46.51977,-22.94835],[-46.52146,-22.94837],[-46.52102,-22.95074],[-46.52074,-22.95164],[-46.51899,-22.95348],[-46.51837,-22.95524],[-46.51673,-22.95603],[-46.51542,-22.9572]]]},"properties":{"codigo":"3507605019","name":"Guaripocaba","population":1793,"households":733,"areaKm2":15.4749,"density":115.9}},{"type":"Feature","geometry":{"type":"Polygon","coordinates":[[[-46.62926,-22.91812],[-46.6295,-22.91782],[-46.62976,-22.91673],[-46.63036,-22.91544],[-46.63102,-22.91446],[-46.63203,-22.91387],[-46.63331,-22.91363],[-46.63387,-22.91305],[-46.63402,-22.91256],[-46.63411,-22.91091],[-46.63467,-22.90977],[-46.63477,-22.90882],[-46.6358,-22.90841],[-46.63647,-22.90855],[-46.63704,-22.90894],[-46.63776,-22.90892],[-46.63871,-22.90807],[-46.63875,-22.90754],[-46.63851,-22.90675],[-46.6378,-22.90528],[-46.63743,-22.9042],[-46.63767,-22.90321],[-46.63745,-22.90103],[-46.63751,-22.89994],[-46.63805,-22.89971],[-46.63806,-22.89895],[-46.63835,-22.89869],[-46.63828,-22.89802],[-46.63902,-22.89728],[-46.63949,-22.89608],[-46.64043,-22.89521],[-46.64096,-22.89502],[-46.64155,-22.89515],[-46.6416,-22.89451],[-46.64192,-22.89397],[-46.6424,-22.89395],[-46.64281,-22.89498],[-46.64365,-22.89487],[-46.64426,-22.89414],[-46.64481,-22.89294],[-46.64611,-22.8923],[-46.64647,-22.89189],[-46.64638,-22.89088],[-46.6471,-22.89005],[-46.64762,-22.88849],[-46.64827,-22.88736],[-46.64785,-22.88665],[-46.64842,-22.88577],[-46.64902,-22.8858],[-46.65069,-22.88559],[-46.65104,-22.88639],[-46.65218,-22.88794],[-46.65282,-22.88779],[-46.65306,-22.88635],[-46.65335,-22.88584],[-46.65453,-22.88519],[-46.65612,-22.88481],[-46.6567,-22.88485],[-46.65769,-22.88531],[-46.65876,-22.8853],[-46.66023,-22.88688],[-46.66079,-22.88687],[-46.66178,-22.88621],[-46.66305,-22.88607],[-46.66403,-22.88668],[-46.66429,-22.8873],[-46.66412,-22.88786],[-46.66324,-22.88865],[-46.66349,-22.88986],[-46.6638,-22.89021],[-46.66499,-22.89075],[-46.66642,-22.89059],[-46.66843,-22.89085],[-46.66984,-22.89073],[-46.67043,-22.89026],[-46.67096,-22.88841],[-46.67209,-22.88716],[-46.67257,-22.88697],[-46.67488,-22.88707],[-46.67611,-22.88689],[-46.67671,-22.8866],[-46.67772,-22.88562],[-46.67738,-22.88485],[-46.67753,-22.88428],[-46.67801,-22.88429],[-46.67938,-22.88494],[-46.68182,-22.88545],[-46.68087,-22.88602],[-46.68092,-22.88646],[-46.6818,-22.88716],[-46.68235,-22.8881],[-46.68242,-22.88892],[-46.68197,-22.88978],[-46.68129,-22.89065],[-46.68154,-22.89191],[-46.68117,-22.8931],[-46.68144,-22.89407],[-46.68103,-22.89482],[-46.6809,-22.89552],[-46.68036,-22.89627],[-46.67986,-22.89784],[-46.67986,-22.89872],[-46.68018,-22.89945],[-46.6802,-22.9002],[-46.68044,-22.90152],[-46.68079,-22.90242],[-46.68101,-22.90338],[-46.68134,-22.90389],[-46.68147,-22.90464],[-46.68187,-22.90539],[-46.68185,-22.906],[-46.68126,-22.90677],[-46.6816,-22.90769],[-46.68237,-22.90861],[-46.68259,-22.90927],[-46.68241,-22.91011],[-46.68276,-22.91094],[-46.68287,-22.91183],[-46.68353,-22.91314],[-46.68432,-22.91412],[-46.68447,-22.91467],[-46.68439,-22.91592],[-46.68397,-22.9164],[-46.68289,-22.91708],[-46.68224,-22.91821],[-46.68212,-22.91942],[-46.68135,-22.92014],[-46.68045,-22.92118],[-46.6799,-22.92218],[-46.67999,-22.92608],[-46.6816,-22.93022],[-46.68023,-22.93019],[-46.67862,-22.92981],[-46.6778,-22.92934],[-46.67515,-22.92741],[-46.67393,-22.92698],[-46.6735,-22.92678],[-46.67226,-22.92669],[-46.67161,-22.92681],[-46.67083,-22.92732],[-46.66987,-22.92734],[-46.66691,-22.92799],[-46.66636,-22.9282],[-46.66504,-22.92967],[-46.66455,-22.92973],[-46.66298,-22.92932],[-46.66145,-22.92879],[-46.66095,-22.92847],[-46.65962,-22.92674],[-46.65603,-22.92304],[-46.65515,-22.92074],[-46.65365,-22.91867],[-46.65321,-22.91822],[-46.6518,-22.9174],[-46.65059,-22.91739],[-46.65003,-22.91757],[-46.64877,-22.91842],[-46.64827,-22.91949],[-46.64782,-22.92233],[-46.64746,-22.92357],[-46.6471,-22.92415],[-46.64573,-22.92374],[-46.64464,-22.92167],[-46.64423,-22.92157],[-46.64413,-22.92072],[-46.64384,-22.91982],[-46.64318,-22.91874],[-46.64145,-22.91646],[-46.64035,-22.91441],[-46.63924,-22.91431],[-46.63797,-22.91434],[-46.63687,-22.91458],[-46.63573,-22.91507],[-46.63453,-22.91596],[-46.63373,-22.91635],[-46.63154,-22.91803],[-46.62946,-22.92018],[-46.62883,-22.92044],[-46.62688,-22.92151],[-46.62621,-22.91998],[-46.6256,-22.91883],[-46.62668,-22.91812],[-46.62728,-22.91806],[-46.62809,-22.91838],[-46.62926,-22.91812]]]},"properties":{"codigo":"3507605067","name":"Couto","population":179,"households":127,"areaKm2":18.1054,"density":9.9}},{"type":"Feature","geometry":{"type":"Polygon","coordinates":[[[-46.62949,-22.9677],[-46.62864,-22.96713],[-46.62817,-22.96643],[-46.62688,-22.96512],[-46.62634,-22.96424],[-46.62574,-22.96365],[-46.62578,-22.96306],[-46.6262,-22.96255],[-46.62692,-22.96222],[-46.62685,-22.96178],[-46.62638,-22.96129],[-46.62661,-22.96058],[-46.62652,-22.96002],[-46.62597,-22.95965],[-46.62558,-22.95903],[-46.62438,-22.95828],[-46.621,-22.95683],[-46.62014,-22.95595],[-46.61912,-22.95584],[-46.61811,-22.95589],[-46.61611,-22.95573],[-46.61585,-22.95555],[-46.6154,-22.95414],[-46.61908,-22.95083],[-46.6214,-22.94859],[-46.62289,-22.94726],[-46.62366,-22.94684],[-46.62913,-22.94447],[-46.63337,-22.94267],[-46.6339,-22.94255],[-46.63508,-22.94262],[-46.63618,-22.94312],[-46.63792,-22.94436],[-46.63859,-22.94467],[-46.6451,-22.94613],[-46.64589,-22.94623],[-46.64683,-22.94615],[-46.65215,-22.94503],[-46.65203,-22.94617],[-46.65258,-22.94804],[-46.65245,-22.94866],[-46.65051,-22.95117],[-46.65021,-22.95198],[-46.64969,-22.95283],[-46.65026,-22.95352],[-46.65269,-22.95397],[-46.65344,-22.95421],[-46.65361,-22.95514],[-46.65427,-22.95724],[-46.65467,-22.95808],[-46.65444,-22.95977],[-46.6541,-22.96095],[-46.65413,-22.96177],[-46.64983,-22.96082],[-46.6487,-22.96066],[-46.6489,-22.96019],[-46.64709,-22.95989],[-46.64661,-22.95688],[-46.64627,-22.95615],[-46.6456,-22.95545],[-46.64409,-22.95673],[-46.64362,-22.95725],[-46.64295,-22.95834],[-46.64237,-22.95872],[-46.64148,-22.95977],[-46.64073,-22.95992],[-46.63948,-22.95957],[-46.63776,-22.95818],[-46.63677,-22.95843],[-46.63559,-22.95888],[-46.6346,-22.95946],[-46.63374,-22.96043],[-46.63414,-22.96133],[-46.63392,-22.96176],[-46.63248,-22.96334],[-46.63262,-22.96481],[-46.63258,-22.96577],[-46.63271,-22.96653],[-46.63237,-22.96705],[-46.63089,-22.96703],[-46.62949,-22.9677]]]},"properties":{"codigo":"3507605037","name":"Campinho","population":559,"households":226,"areaKm2":5.8188,"density":96.1}},{"type":"Feature","geometry":{"type":"MultiPolygon","coordinates":[[[[-46.42839,-23.02529],[-46.43032,-23.02626],[-46.43071,-23.02724],[-46.43121,-23.02749],[-46.43164,-23.02872],[-46.43245,-23.02947],[-46.43237,-23.03015],[-46.43156,-23.03104],[-46.43083,-23.03139],[-46.43098,-23.03311],[-46.43128,-23.03447],[-46.43247,-23.03802],[-46.4309,-23.03811],[-46.42941,-23.03904],[-46.42875,-23.04044],[-46.42818,-23.04121],[-46.42753,-23.04171],[-46.42704,-23.04163],[-46.42688,-23.04026],[-46.42632,-23.03855],[-46.4262,-23.03749],[-46.42596,-23.03693],[-46.42518,-23.03609],[-46.42402,-23.03567],[-46.42351,-23.03484],[-46.42356,-23.03415],[-46.42421,-23.03305],[-46.42453,-23.03118],[-46.42453,-23.02712],[-46.42499,-23.02517],[-46.42505,-23.02439],[-46.42526,-23.02393],[-46.42591,-23.02367],[-46.4266,-23.02379],[-46.42805,-23.02489],[-46.42839,-23.02529]]],[[[-46.42655,-22.99318],[-46.428,-22.99326],[-46.42793,-22.99431],[-46.42949,-22.99542],[-46.42971,-22.99611],[-46.4289,-22.9974],[-46.42914,-22.99785],[-46.43016,-22.99871],[-46.43044,-22.99955],[-46.43097,-22.9998],[-46.43172,-23.00065],[-46.43235,-23.00183],[-46.43281,-23.00232],[-46.43272,-23.00273],[-46.43157,-23.00342],[-46.43218,-23.00386],[-46.43251,-23.00448],[-46.43313,-23.00506],[-46.43367,-23.00653],[-46.43384,-23.00814],[-46.43379,-23.0089],[-46.43531,-23.01028],[-46.4365,-23.0108],[-46.43635,-23.01191],[-46.43559,-23.01332],[-46.43392,-23.01316],[-46.43301,-23.01422],[-46.43158,-23.01513],[-46.4308,-23.01602],[-46.42921,-23.01692],[-46.42906,-23.01728],[-46.42712,-23.01821],[-46.42598,-23.01936],[-46.42564,-23.01985],[-46.42431,-23.01937],[-46.42307,-23.0182],[-46.42267,-23.01796],[-46.42213,-23.01684],[-46.42192,-23.01514],[-46.42149,-23.01406],[-46.42145,-23.0132],[-46.42119,-23.01157],[-46.42065,-23.01028],[-46.42057,-23.00876],[-46.42092,-23.00834],[-46.42154,-23.00811],[-46.42222,-23.00818],[-46.42331,-23.00865],[-46.42419,-23.00943],[-46.42438,-23.01015],[-46.42433,-23.01105],[-46.42502,-23.01176],[-46.42569,-23.01174],[-46.42602,-23.01145],[-46.42595,-23.01041],[-46.42656,-23.00953],[-46.4272,-23.00928],[-46.429,-23.00902],[-46.42953,-23.00835],[-46.43008,-23.00802],[-46.43094,-23.0078],[-46.4312,-23.00714],[-46.43059,-23.00704],[-46.42942,-23.0072],[-46.42863,-23.00765],[-46.42733,-23.00805],[-46.42659,-23.00804],[-46.42582,-23.00779],[-46.42502,-23.00703],[-46.425,-23.0061],[-46.42598,-23.00472],[-46.42557,-23.00456],[-46.42477,-23.00467],[-46.42395,-23.00532],[-46.42326,-23.0061],[-46.42237,-23.00624],[-46.42084,-23.0059],[-46.41958,-23.00525],[-46.41955,-23.00481],[-46.42125,-23.00286],[-46.42228,-23.00231],[-46.42273,-23.00179],[-46.42261,-23.00115],[-46.42227,-23.00113],[-46.42162,-23.00219],[-46.41943,-23.0029],[-46.41901,-23.00315],[-46.4183,-23.00304],[-46.41787,-23.00235],[-46.41753,-23.00128],[-46.41645,-23.0005],[-46.41627,-23.00008],[-46.41631,-22.99919],[-46.41661,-22.99858],[-46.41632,-22.99786],[-46.41535,-22.99847],[-46.41472,-22.99836],[-46.4134,-22.99621],[-46.41246,-22.9954],[-46.41148,-22.99513],[-46.41083,-22.99511],[-46.41034,-22.99454],[-46.41008,-22.99207],[-46.4123,-22.99139],[-46.41319,-22.99139],[-46.41373,-22.99111],[-46.41475,-22.98929],[-46.41642,-22.98788],[-46.4168,-22.9879],[-46.41761,-22.98847],[-46.4189,-22.98996],[-46.4193,-22.99064],[-46.41949,-22.99142],[-46.41917,-22.99307],[-46.4195,-22.99429],[-46.42003,-22.99484],[-46.42072,-22.99485],[-46.42116,-22.99424],[-46.42115,-22.99341],[-46.42133,-22.99287],[-46.42183,-22.9926],[-46.42258,-22.99332],[-46.42364,-22.99361],[-46.42404,-22.9935],[-46.42514,-22.9937],[-46.42575,-22.99326],[-46.42655,-22.99318]]]]},"properties":{"codigo":"3507605032","name":"Sete Pontes","population":79,"households":191,"areaKm2":4.9482,"density":16}},{"type":"Feature","geometry":{"type":"Polygon","coordinates":[[[-46.56967,-22.91973],[-46.57005,-22.91901],[-46.57525,-22.91158],[-46.57662,-22.9095],[-46.57746,-22.90807],[-46.57829,-22.90619],[-46.57866,-22.90577],[-46.58078,-22.90402],[-46.58291,-22.90308],[-46.58389,-22.90247],[-46.58462,-22.9018],[-46.58578,-22.90127],[-46.58691,-22.90115],[-46.59114,-22.89948],[-46.59432,-22.89835],[-46.59484,-22.89803],[-46.59618,-22.89678],[-46.59677,-22.89644],[-46.59855,-22.89668],[-46.59929,-22.89668],[-46.60053,-22.89639],[-46.6013,-22.89705],[-46.60108,-22.89812],[-46.60134,-22.89865],[-46.60264,-22.89953],[-46.60382,-22.89972],[-46.60457,-22.90045],[-46.60496,-22.90133],[-46.60512,-22.90232],[-46.60561,-22.9035],[-46.60508,-22.90529],[-46.604,-22.90629],[-46.6024,-22.90708],[-46.60086,-22.9077],[-46.60004,-22.9079],[-46.59934,-22.90855],[-46.59927,-22.91024],[-46.59816,-22.91217],[-46.5977,-22.9126],[-46.5967,-22.91315],[-46.59546,-22.91365],[-46.59411,-22.91403],[-46.59258,-22.91427],[-46.59092,-22.915],[-46.59021,-22.91544],[-46.58893,-22.91694],[-46.58824,-22.9176],[-46.58687,-22.9185],[-46.58591,-22.91897],[-46.58437,-22.92003],[-46.58368,-22.92081],[-46.58258,-22.92163],[-46.58134,-22.92205],[-46.57893,-22.92341],[-46.57742,-22.92411],[-46.57649,-22.9247],[-46.57541,-22.92646],[-46.57478,-22.92692],[-46.57411,-22.92796],[-46.57368,-22.9292],[-46.57271,-22.93048],[-46.57235,-22.93077],[-46.5718,-22.92862],[-46.57179,-22.92674],[-46.57163,-22.92578],[-46.57133,-22.925],[-46.57102,-22.92365],[-46.57103,-22.92275],[-46.57143,-22.92271],[-46.57137,-22.92138],[-46.57058,-22.92171],[-46.57028,-22.9214],[-46.57047,-22.92049],[-46.56967,-22.91973]]]},"properties":{"codigo":"3507605024","name":"Sete Barras","population":743,"households":420,"areaKm2":5.7873,"density":128.4}},{"type":"Feature","geometry":{"type":"Polygon","coordinates":[[[-46.60992,-22.87719],[-46.60932,-22.87869],[-46.60906,-22.88125],[-46.60884,-22.8829],[-46.60855,-22.88576],[-46.60795,-22.88713],[-46.60557,-22.89134],[-46.60405,-22.89335],[-46.60366,-22.89366],[-46.60216,-22.89431],[-46.59677,-22.89644],[-46.59618,-22.89678],[-46.59484,-22.89803],[-46.59432,-22.89835],[-46.59114,-22.89948],[-46.58691,-22.90115],[-46.58578,-22.90127],[-46.58462,-22.9018],[-46.58389,-22.90247],[-46.58291,-22.90308],[-46.58078,-22.90402],[-46.57866,-22.90577],[-46.57829,-22.90619],[-46.57746,-22.90807],[-46.57662,-22.9095],[-46.57525,-22.91158],[-46.57005,-22.91901],[-46.56967,-22.91973],[-46.56878,-22.9203],[-46.56836,-22.92033],[-46.56729,-22.91995],[-46.56657,-22.92013],[-46.56636,-22.92053],[-46.56668,-22.92208],[-46.5666,-22.92307],[-46.5662,-22.92385],[-46.565,-22.92481],[-46.56427,-22.92507],[-46.56185,-22.92567],[-46.5595,-22.92655],[-46.55878,-22.92779],[-46.55831,-22.92937],[-46.55826,-22.93058],[-46.55773,-22.93066],[-46.55733,-22.93004],[-46.55718,-22.92883],[-46.55715,-22.9275],[-46.55729,-22.92503],[-46.5575,-22.92411],[-46.55809,-22.92314],[-46.55905,-22.92348],[-46.55923,-22.92273],[-46.55956,-22.9222],[-46.55955,-22.92067],[-46.56064,-22.9201],[-46.56161,-22.91917],[-46.56246,-22.9181],[-46.56347,-22.91749],[-46.56207,-22.91608],[-46.5595,-22.91389],[-46.55917,-22.91368],[-46.55901,-22.91228],[-46.55946,-22.91027],[-46.55855,-22.90879],[-46.55769,-22.90663],[-46.55791,-22.90655],[-46.55743,-22.90489],[-46.55665,-22.9038],[-46.55556,-22.90382],[-46.55411,-22.90426],[-46.55318,-22.90427],[-46.55461,-22.9077],[-46.5519,-22.90874],[-46.54661,-22.91066],[-46.54359,-22.90398],[-46.54418,-22.90368],[-46.54545,-22.90367],[-46.54621,-22.90411],[-46.54829,-22.90443],[-46.54918,-22.90404],[-46.5489,-22.90362],[-46.54893,-22.90271],[-46.54928,-22.90237],[-46.54999,-22.9029],[-46.55104,-22.90389],[-46.55168,-22.90372],[-46.55169,-22.90331],[-46.5511,-22.90246],[-46.5513,-22.90219],[-46.55231,-22.90262],[-46.55293,-22.90337],[-46.55332,-22.90341],[-46.55383,-22.90283],[-46.55452,-22.90253],[-46.55489,-22.90192],[-46.55592,-22.90203],[-46.55653,-22.90177],[-46.55678,-22.90162],[-46.5579,-22.90163],[-46.55819,-22.9011],[-46.55718,-22.90073],[-46.55722,-22.90011],[-46.5587,-22.89969],[-46.55969,-22.90052],[-46.55968,-22.90095],[-46.56008,-22.9015],[-46.56063,-22.90146],[-46.56123,-22.90115],[-46.56164,-22.90123],[-46.56172,-22.90209],[-46.56264,-22.90239],[-46.56292,-22.90323],[-46.5633,-22.90352],[-46.56443,-22.90251],[-46.56538,-22.90316],[-46.56613,-22.90309],[-46.56629,-22.90378],[-46.56679,-22.90428],[-46.56766,-22.90326],[-46.56882,-22.90295],[-46.56939,-22.90324],[-46.56988,-22.90299],[-46.57022,-22.90247],[-46.57025,-22.90147],[-46.57101,-22.90143],[-46.5715,-22.90217],[-46.57188,-22.90225],[-46.57254,-22.90156],[-46.57251,-22.90095],[-46.57219,-22.90043],[-46.57238,-22.90001],[-46.57303,-22.9003],[-46.5742,-22.90009],[-46.57446,-22.89952],[-46.57518,-22.8995],[-46.57544,-22.89993],[-46.5753,-22.90184],[-46.57563,-22.90195],[-46.57613,-22.90144],[-46.57657,-22.9015],[-46.57698,-22.90212],[-46.57766,-22.90214],[-46.57873,-22.90104],[-46.57943,-22.90092],[-46.57985,-22.9005],[-46.57966,-22.89974],[-46.58012,-22.89949],[-46.58099,-22.89981],[-46.58142,-22.9002],[-46.5816,-22.90102],[-46.58196,-22.90122],[-46.58257,-22.9006],[-46.58229,-22.89969],[-46.58234,-22.8992],[-46.5831,-22.89894],[-46.58377,-22.89933],[-46.58442,-22.89913],[-46.58434,-22.8985],[-46.58509,-22.8987],[-46.58517,-22.89958],[-46.58562,-22.89975],[-46.58665,-22.89845],[-46.58685,-22.8979],[-46.58725,-22.89781],[-46.58845,-22.89852],[-46.58901,-22.89821],[-46.58891,-22.89773],[-46.58823,-22.89744],[-46.58842,-22.89688],[-46.58956,-22.89709],[-46.59056,-22.89687],[-46.5913,-22.89766],[-46.59192,-22.8975],[-46.592,-22.89666],[-46.59244,-22.89657],[-46.5935,-22.89771],[-46.59398,-22.89775],[-46.59416,-22.89701],[-46.59399,-22.8965],[-46.59267,-22.89634],[-46.5914,-22.89588],[-46.59071,-22.8952],[-46.59084,-22.89464],[-46.5928,-22.8944],[-46.5935,-22.89485],[-46.59341,-22.89554],[-46.59371,-22.89576],[-46.59437,-22.89517],[-46.59524,-22.89494],[-46.59551,-22.89456],[-46.59499,-22.89401],[-46.59411,-22.89413],[-46.59347,-22.89392],[-46.59338,-22.89328],[-46.59377,-22.8929],[-46.59496,-22.89251],[-46.59545,-22.89217],[-46.59581,-22.89143],[-46.5977,-22.8919],[-46.59837,-22.89244],[-46.59872,-22.89301],[-46.59914,-22.89292],[-46.59949,-22.89233],[-46.59956,-22.89133],[-46.59918,-22.89071],[-46.59926,-22.89017],[-46.59974,-22.88983],[-46.60085,-22.88981],[-46.60141,-22.88997],[-46.60174,-22.89048],[-46.60231,-22.89027],[-46.60238,-22.88951],[-46.60226,-22.8883],[-46.60249,-22.88739],[-46.60299,-22.88702],[-46.60413,-22.88662],[-46.60405,-22.88573],[-46.60465,-22.88513],[-46.60491,-22.8846],[-46.60484,-22.88412],[-46.60396,-22.88418],[-46.60337,-22.8845],[-46.60159,-22.885],[-46.60048,-22.88482],[-46.59861,-22.88423],[-46.59702,-22.88401],[-46.59611,-22.88352],[-46.59559,-22.88246],[-46.59575,-22.88134],[-46.59639,-22.88056],[-46.59728,-22.87982],[-46.59804,-22.88019],[-46.59912,-22.88028],[-46.59993,-22.88112],[-46.60043,-22.88123],[-46.60108,-22.88086],[-46.60218,-22.87967],[-46.60384,-22.87901],[-46.60494,-22.87835],[-46.60643,-22.87796],[-46.60874,-22.87718],[-46.60992,-22.87719]]]},"properties":{"codigo":"3507605023","name":"Caetanos","population":162,"households":92,"areaKm2":6.6763,"density":24.3}},{"type":"Feature","geometry":{"type":"Polygon","coordinates":[[[-46.61013,-22.87671],[-46.60894,-22.8768],[-46.60856,-22.87632],[-46.60808,-22.87622],[-46.60745,-22.87471],[-46.60766,-22.87385],[-46.60742,-22.87322],[-46.60682,-22.87257],[-46.60679,-22.87223],[-46.60758,-22.87147],[-46.60858,-22.87121],[-46.60846,-22.87068],[-46.60772,-22.86982],[-46.60619,-22.86774],[-46.60555,-22.86711],[-46.60533,-22.86652],[-46.60469,-22.86607],[-46.60356,-22.86555],[-46.60382,-22.865],[-46.60302,-22.86487],[-46.60321,-22.86411],[-46.60298,-22.86351],[-46.60238,-22.86354],[-46.60286,-22.86281],[-46.60257,-22.86228],[-46.60254,-22.86162],[-46.60215,-22.86056],[-46.60134,-22.85905],[-46.60107,-22.85786],[-46.60106,-22.8557],[-46.6007,-22.85463],[-46.60001,-22.85414],[-46.5983,-22.85334],[-46.59735,-22.85302],[-46.59622,-22.85284],[-46.59466,-22.85207],[-46.59321,-22.85214],[-46.59276,-22.85202],[-46.59171,-22.85136],[-46.59008,-22.85095],[-46.58865,-22.85102],[-46.58686,-22.85069],[-46.58536,-22.8506],[-46.58406,-22.85081],[-46.58268,-22.85085],[-46.59628,-22.83864],[-46.59767,-22.83805],[-46.59884,-22.83727],[-46.59947,-22.8364],[-46.59998,-22.83383],[-46.60038,-22.83291],[-46.60182,-22.83119],[-46.60379,-22.82912],[-46.60436,-22.82767],[-46.60548,-22.82628],[-46.60593,-22.8259],[-46.60705,-22.82606],[-46.61227,-22.82867],[-46.61294,-22.82892],[-46.61452,-22.82995],[-46.61623,-22.8305],[-46.61777,-22.83133],[-46.62086,-22.8318],[-46.62447,-22.83295],[-46.62672,-22.83476],[-46.62928,-22.83663],[-46.63225,-22.83833],[-46.63492,-22.84024],[-46.63567,-22.84098],[-46.63701,-22.84288],[-46.63754,-22.84345],[-46.6407,-22.84655],[-46.6411,-22.84744],[-46.64151,-22.8489],[-46.64074,-22.84921],[-46.63991,-22.85012],[-46.63739,-22.8513],[-46.63699,-22.85174],[-46.63654,-22.85381],[-46.63654,-22.8543],[-46.63691,-22.856],[-46.63685,-22.85638],[-46.63569,-22.85724],[-46.63461,-22.85821],[-46.634,-22.85893],[-46.63354,-22.86053],[-46.63316,-22.86115],[-46.63227,-22.8618],[-46.63107,-22.86219],[-46.63028,-22.86228],[-46.62954,-22.86277],[-46.62891,-22.86375],[-46.62784,-22.86448],[-46.62577,-22.86571],[-46.62534,-22.86634],[-46.62405,-22.86998],[-46.62382,-22.87041],[-46.62294,-22.87116],[-46.62237,-22.87143],[-46.61917,-22.87219],[-46.61728,-22.87304],[-46.61424,-22.87401],[-46.61286,-22.87466],[-46.61073,-22.87595],[-46.61013,-22.87671]]]},"properties":{"codigo":"3507605064","name":"Atibaianos","population":579,"households":397,"areaKm2":16.7571,"density":34.6}},{"type":"Feature","geometry":{"type":"Polygon","coordinates":[[[-46.52582,-22.92758],[-46.52666,-22.92583],[-46.52658,-22.92544],[-46.52553,-22.92284],[-46.52437,-22.91851],[-46.52433,-22.9163],[-46.52396,-22.91526],[-46.52272,-22.9136],[-46.5216,-22.91275],[-46.52079,-22.91256],[-46.52012,-22.91199],[-46.51903,-22.91139],[-46.51903,-22.91015],[-46.51864,-22.90938],[-46.51751,-22.90817],[-46.51609,-22.90696],[-46.51662,-22.90666],[-46.51726,-22.9067],[-46.51818,-22.90785],[-46.5187,-22.90765],[-46.51921,-22.90618],[-46.5194,-22.90603],[-46.5207,-22.90581],[-46.52164,-22.9062],[-46.52221,-22.90664],[-46.52275,-22.90624],[-46.52261,-22.90443],[-46.52355,-22.90433],[-46.52465,-22.90503],[-46.52556,-22.9046],[-46.52558,-22.90398],[-46.52508,-22.90325],[-46.5253,-22.90273],[-46.52698,-22.90263],[-46.52711,-22.90353],[-46.52746,-22.9038],[-46.5279,-22.9032],[-46.5289,-22.90306],[-46.52935,-22.90273],[-46.52989,-22.90306],[-46.52977,-22.90399],[-46.52897,-22.90484],[-46.52915,-22.90525],[-46.53006,-22.90514],[-46.53114,-22.90399],[-46.53158,-22.90379],[-46.53279,-22.90423],[-46.53343,-22.90365],[-46.53405,-22.90363],[-46.53432,-22.90471],[-46.53349,-22.9055],[-46.53407,-22.90589],[-46.53465,-22.90544],[-46.53541,-22.90572],[-46.53525,-22.9062],[-46.53425,-22.90682],[-46.53496,-22.90719],[-46.53587,-22.90685],[-46.53614,-22.90574],[-46.53745,-22.90591],[-46.53838,-22.90517],[-46.53953,-22.90455],[-46.54007,-22.90464],[-46.54244,-22.90549],[-46.54327,-22.90532],[-46.54328,-22.90441],[-46.54359,-22.90398],[-46.54661,-22.91066],[-46.54843,-22.91473],[-46.54851,-22.91543],[-46.54725,-22.91594],[-46.54776,-22.91719],[-46.55021,-22.92257],[-46.55021,-22.9235],[-46.54985,-22.92437],[-46.54809,-22.92639],[-46.54702,-22.92676],[-46.54489,-22.92711],[-46.5436,-22.92744],[-46.54215,-22.92806],[-46.54045,-22.9288],[-46.53889,-22.92992],[-46.53697,-22.93081],[-46.53627,-22.93172],[-46.53571,-22.93373],[-46.53357,-22.9333],[-46.53307,-22.93311],[-46.53204,-22.93231],[-46.53033,-22.93164],[-46.53011,-22.93111],[-46.53061,-22.93011],[-46.52977,-22.92997],[-46.52886,-22.92957],[-46.52757,-22.92865],[-46.5262,-22.92828],[-46.52582,-22.92758]]]},"properties":{"codigo":"3507605009","name":"Jaguari","population":26553,"households":9967,"areaKm2":6.9883,"density":3799.6}},{"type":"Feature","geometry":{"type":"Polygon","coordinates":[[[-46.51566,-22.93487],[-46.51431,-22.93445],[-46.51237,-22.9341],[-46.50925,-22.93385],[-46.5082,-22.93356],[-46.50727,-22.93315],[-46.50602,-22.93232],[-46.50528,-22.93159],[-46.50465,-22.93072],[-46.50404,-22.92937],[-46.50358,-22.92721],[-46.5032,-22.92612],[-46.50305,-22.92527],[-46.50224,-22.92356],[-46.50163,-22.92267],[-46.50079,-22.92172],[-46.49487,-22.91571],[-46.49399,-22.91489],[-46.49222,-22.91351],[-46.49048,-22.91244],[-46.48927,-22.91183],[-46.48762,-22.91116],[-46.48611,-22.91069],[-46.48404,-22.91024],[-46.48233,-22.91001],[-46.48066,-22.90987],[-46.47523,-22.90943],[-46.47348,-22.90938],[-46.47216,-22.90952],[-46.47099,-22.90983],[-46.46975,-22.91029],[-46.46608,-22.91222],[-46.46572,-22.91174],[-46.4653,-22.91166],[-46.46474,-22.91072],[-46.46493,-22.91023],[-46.46665,-22.9093],[-46.46733,-22.90953],[-46.46787,-22.90913],[-46.46795,-22.90816],[-46.46848,-22.90778],[-46.4708,-22.90724],[-46.47164,-22.90741],[-46.47205,-22.90725],[-46.47227,-22.90674],[-46.47292,-22.90624],[-46.47433,-22.90636],[-46.47465,-22.90573],[-46.47549,-22.9055],[-46.47616,-22.9058],[-46.47647,-22.9062],[-46.47707,-22.9065],[-46.47858,-22.90534],[-46.48052,-22.90618],[-46.48113,-22.9066],[-46.48242,-22.90692],[-46.48332,-22.90636],[-46.48338,-22.9059],[-46.48389,-22.90554],[-46.48455,-22.90562],[-46.48559,-22.90643],[-46.48625,-22.90755],[-46.48679,-22.90784],[-46.48732,-22.90769],[-46.48798,-22.90718],[-46.4897,-22.90688],[-46.49011,-22.90708],[-46.49065,-22.90773],[-46.49113,-22.90789],[-46.49208,-22.90755],[-46.4929,-22.9092],[-46.49321,-22.91041],[-46.49381,-22.91056],[-46.4946,-22.91031],[-46.49506,-22.90974],[-46.49547,-22.90823],[-46.49641,-22.90771],[-46.49666,-22.90694],[-46.49724,-22.90699],[-46.49735,-22.90768],[-46.4973,-22.9089],[-46.49646,-22.91001],[-46.49664,-22.91042],[-46.49769,-22.91003],[-46.49852,-22.91001],[-46.49933,-22.91081],[-46.49991,-22.91108],[-46.50043,-22.91095],[-46.50075,-22.90988],[-46.50102,-22.90955],[-46.5019,-22.90985],[-46.50238,-22.9104],[-46.50372,-22.91131],[-46.50428,-22.911],[-46.5046,-22.91022],[-46.50519,-22.91012],[-46.50578,-22.91032],[-46.50636,-22.90975],[-46.50637,-22.90894],[-46.50674,-22.90869],[-46.50788,-22.90902],[-46.50833,-22.90847],[-46.50879,-22.90878],[-46.50858,-22.9101],[-46.5093,-22.91038],[-46.50988,-22.90979],[-46.51038,-22.9098],[-46.51086,-22.91017],[-46.5123,-22.91054],[-46.51297,-22.91029],[-46.51398,-22.90969],[-46.51424,-22.90917],[-46.5142,-22.90862],[-46.51448,-22.90821],[-46.51547,-22.90815],[-46.51609,-22.90696],[-46.51751,-22.90817],[-46.51864,-22.90938],[-46.51903,-22.91015],[-46.51903,-22.91139],[-46.52012,-22.91199],[-46.52079,-22.91256],[-46.5216,-22.91275],[-46.52272,-22.9136],[-46.52396,-22.91526],[-46.52433,-22.9163],[-46.52437,-22.91851],[-46.52553,-22.92284],[-46.52658,-22.92544],[-46.52666,-22.92583],[-46.52582,-22.92758],[-46.52349,-22.92708],[-46.52198,-22.92745],[-46.52151,-22.92786],[-46.5209,-22.92893],[-46.52076,-22.92961],[-46.52109,-22.93088],[-46.52099,-22.93153],[-46.52023,-22.93263],[-46.51886,-22.93311],[-46.51873,-22.93378],[-46.51815,-22.9342],[-46.5174,-22.93445],[-46.51615,-22.93464],[-46.51566,-22.93487]]]},"properties":{"codigo":"3507605020","name":"Santa Rosa","population":1687,"households":583,"areaKm2":7.616,"density":221.5}},{"type":"Feature","geometry":{"type":"Polygon","coordinates":[[[-46.5568,-22.93501],[-46.55644,-22.93538],[-46.55568,-22.93711],[-46.55449,-22.9367],[-46.55302,-22.93689],[-46.54971,-22.93879],[-46.54765,-22.93979],[-46.54667,-22.94016],[-46.54533,-22.93742],[-46.54494,-22.93747],[-46.54521,-22.93638],[-46.54352,-22.93579],[-46.54368,-22.93347],[-46.54267,-22.933],[-46.5436,-22.93244],[-46.54409,-22.93079],[-46.54254,-22.93113],[-46.54258,-22.92918],[-46.54337,-22.92885],[-46.54288,-22.92823],[-46.54215,-22.92806],[-46.5436,-22.92744],[-46.54489,-22.92711],[-46.54702,-22.92676],[-46.54809,-22.92639],[-46.54985,-22.92437],[-46.55021,-22.9235],[-46.55021,-22.92257],[-46.54776,-22.91719],[-46.54725,-22.91594],[-46.54851,-22.91543],[-46.5489,-22.91542],[-46.54909,-22.91622],[-46.55646,-22.93257],[-46.55667,-22.93329],[-46.55682,-22.93481],[-46.5568,-22.93501]]]},"properties":{"codigo":"3507605010","name":"Brasil","population":9516,"households":3787,"areaKm2":1.8671,"density":5096.8}},{"type":"Feature","geometry":{"type":"Polygon","coordinates":[[[-46.6476,-22.88376],[-46.64921,-22.88322],[-46.65039,-22.88326],[-46.65049,-22.88359],[-46.6501,-22.88436],[-46.65012,-22.88482],[-46.65069,-22.88559],[-46.64902,-22.8858],[-46.64842,-22.88577],[-46.64785,-22.88665],[-46.64827,-22.88736],[-46.64762,-22.88849],[-46.6471,-22.89005],[-46.64638,-22.89088],[-46.64647,-22.89189],[-46.64611,-22.8923],[-46.64481,-22.89294],[-46.64426,-22.89414],[-46.64365,-22.89487],[-46.64281,-22.89498],[-46.6424,-22.89395],[-46.64192,-22.89397],[-46.6416,-22.89451],[-46.64155,-22.89515],[-46.64096,-22.89502],[-46.64043,-22.89521],[-46.63949,-22.89608],[-46.63902,-22.89728],[-46.63828,-22.89802],[-46.63835,-22.89869],[-46.63806,-22.89895],[-46.63805,-22.89971],[-46.63751,-22.89994],[-46.63745,-22.90103],[-46.63767,-22.90321],[-46.63743,-22.9042],[-46.6378,-22.90528],[-46.63851,-22.90675],[-46.63875,-22.90754],[-46.63871,-22.90807],[-46.63776,-22.90892],[-46.63704,-22.90894],[-46.63647,-22.90855],[-46.6358,-22.90841],[-46.63477,-22.90882],[-46.63467,-22.90977],[-46.63411,-22.91091],[-46.63402,-22.91256],[-46.63387,-22.91305],[-46.63331,-22.91363],[-46.63203,-22.91387],[-46.63102,-22.91446],[-46.63036,-22.91544],[-46.62976,-22.91673],[-46.6295,-22.91782],[-46.62926,-22.91812],[-46.62864,-22.918],[-46.62841,-22.91766],[-46.62876,-22.917],[-46.62858,-22.91673],[-46.6275,-22.9162],[-46.62674,-22.91562],[-46.6264,-22.91565],[-46.62605,-22.91492],[-46.62499,-22.91458],[-46.62412,-22.915],[-46.62325,-22.91478],[-46.62297,-22.9134],[-46.62097,-22.91316],[-46.61891,-22.91386],[-46.61775,-22.91306],[-46.61714,-22.91282],[-46.61571,-22.91264],[-46.61484,-22.91321],[-46.61596,-22.91393],[-46.61605,-22.91462],[-46.61516,-22.91519],[-46.61448,-22.91605],[-46.61433,-22.91671],[-46.61358,-22.91755],[-46.61379,-22.91811],[-46.61434,-22.91878],[-46.61345,-22.91914],[-46.61355,-22.91954],[-46.61221,-22.91985],[-46.61112,-22.9199],[-46.61092,-22.91826],[-46.61056,-22.91705],[-46.60961,-22.91665],[-46.60786,-22.9167],[-46.60643,-22.916],[-46.60543,-22.91581],[-46.6048,-22.91645],[-46.60426,-22.91736],[-46.6034,-22.91769],[-46.60258,-22.91832],[-46.60199,-22.91951],[-46.60178,-22.92059],[-46.60042,-22.92241],[-46.59982,-22.92356],[-46.59951,-22.92484],[-46.59842,-22.92542],[-46.59745,-22.92636],[-46.59647,-22.92694],[-46.59568,-22.92767],[-46.59546,-22.92808],[-46.59466,-22.92803],[-46.59308,-22.92756],[-46.59193,-22.92587],[-46.59114,-22.92542],[-46.59154,-22.92475],[-46.5874,-22.92199],[-46.58667,-22.92171],[-46.58695,-22.91977],[-46.58749,-22.91909],[-46.58741,-22.91861],[-46.58687,-22.9185],[-46.58824,-22.9176],[-46.58893,-22.91694],[-46.59021,-22.91544],[-46.59092,-22.915],[-46.59258,-22.91427],[-46.59411,-22.91403],[-46.59546,-22.91365],[-46.5967,-22.91315],[-46.5977,-22.9126],[-46.59816,-22.91217],[-46.59927,-22.91024],[-46.59934,-22.90855],[-46.60004,-22.9079],[-46.60086,-22.9077],[-46.6024,-22.90708],[-46.604,-22.90629],[-46.60508,-22.90529],[-46.60561,-22.9035],[-46.60512,-22.90232],[-46.60496,-22.90133],[-46.60457,-22.90045],[-46.60382,-22.89972],[-46.60264,-22.89953],[-46.60134,-22.89865],[-46.60108,-22.89812],[-46.6013,-22.89705],[-46.60053,-22.89639],[-46.59929,-22.89668],[-46.59855,-22.89668],[-46.59677,-22.89644],[-46.60216,-22.89431],[-46.60366,-22.89366],[-46.60405,-22.89335],[-46.60557,-22.89134],[-46.60795,-22.88713],[-46.60855,-22.88576],[-46.60884,-22.8829],[-46.60906,-22.88125],[-46.60932,-22.87869],[-46.60992,-22.87719],[-46.61211,-22.87713],[-46.6135,-22.87726],[-46.61495,-22.87724],[-46.61609,-22.87748],[-46.61724,-22.87878],[-46.61772,-22.87906],[-46.61877,-22.87917],[-46.61975,-22.87892],[-46.62015,-22.87902],[-46.6203,-22.87985],[-46.61997,-22.88101],[-46.61998,-22.88166],[-46.62045,-22.8827],[-46.62122,-22.8828],[-46.62155,-22.88178],[-46.62165,-22.88063],[-46.62233,-22.88016],[-46.62291,-22.87871],[-46.62449,-22.87742],[-46.62618,-22.87698],[-46.62684,-22.87619],[-46.62774,-22.8754],[-46.62852,-22.87534],[-46.62936,-22.87547],[-46.63117,-22.87622],[-46.63172,-22.87661],[-46.63205,-22.87746],[-46.63149,-22.87866],[-46.63176,-22.87963],[-46.63251,-22.87993],[-46.633,-22.88069],[-46.63321,-22.8826],[-46.63369,-22.88373],[-46.63487,-22.88471],[-46.63563,-22.88548],[-46.63757,-22.88682],[-46.63863,-22.88766],[-46.63922,-22.88774],[-46.64011,-22.88684],[-46.63989,-22.88556],[-46.64015,-22.88508],[-46.64068,-22.8853],[-46.64142,-22.88531],[-46.64416,-22.88481],[-46.64571,-22.8844],[-46.6476,-22.88376]]]},"properties":{"codigo":"3507605066","name":"Mãe dos Homens","population":206,"households":139,"areaKm2":16.6077,"density":12.4}},{"type":"Feature","geometry":{"type":"Polygon","coordinates":[[[-46.52616,-22.98229],[-46.52687,-22.98151],[-46.52993,-22.97851],[-46.53113,-22.97742],[-46.53142,-22.97651],[-46.53227,-22.97526],[-46.53279,-22.97481],[-46.53433,-22.97229],[-46.53605,-22.97015],[-46.53598,-22.96992],[-46.53638,-22.96933],[-46.53679,-22.96946],[-46.53717,-22.9694],[-46.53962,-22.9682],[-46.54023,-22.96774],[-46.54081,-22.96767],[-46.54226,-22.96629],[-46.54399,-22.96742],[-46.54309,-22.96848],[-46.54001,-22.96945],[-46.53945,-22.96977],[-46.54087,-22.97074],[-46.5413,-22.97304],[-46.54149,-22.9745],[-46.54132,-22.97579],[-46.54062,-22.97805],[-46.54018,-22.97984],[-46.54018,-22.98059],[-46.54049,-22.9818],[-46.54054,-22.98253],[-46.54005,-22.98504],[-46.54,-22.98597],[-46.54019,-22.98796],[-46.54012,-22.98921],[-46.53988,-22.98984],[-46.53932,-22.98946],[-46.53805,-22.98908],[-46.53735,-22.98904],[-46.53607,-22.98947],[-46.53475,-22.99024],[-46.53334,-22.99076],[-46.53002,-22.99176],[-46.52978,-22.99228],[-46.52877,-22.99544],[-46.52915,-22.99662],[-46.52693,-22.99719],[-46.52655,-22.99567],[-46.52778,-22.99248],[-46.52769,-22.9917],[-46.52728,-22.99114],[-46.52651,-22.99081],[-46.52511,-22.99054],[-46.52436,-22.99001],[-46.52402,-22.98895],[-46.5242,-22.9872],[-46.52459,-22.98641],[-46.52537,-22.98563],[-46.52702,-22.98421],[-46.5287,-22.98286],[-46.52791,-22.98268],[-46.52744,-22.98215],[-46.52654,-22.98239],[-46.52616,-22.98229]]]},"properties":{"codigo":"3507605005","name":"Taboão","population":4764,"households":3118,"areaKm2":2.9252,"density":1628.6}},{"type":"Feature","geometry":{"type":"Polygon","coordinates":[[[-46.60192,-22.95403],[-46.60298,-22.95503],[-46.6039,-22.95532],[-46.61204,-22.95491],[-46.6139,-22.95475],[-46.6154,-22.95414],[-46.61585,-22.95555],[-46.61611,-22.95573],[-46.61811,-22.95589],[-46.61912,-22.95584],[-46.62014,-22.95595],[-46.621,-22.95683],[-46.62438,-22.95828],[-46.62558,-22.95903],[-46.62544,-22.9602],[-46.62407,-22.9625],[-46.62417,-22.9636],[-46.6248,-22.96485],[-46.62479,-22.96521],[-46.62417,-22.96634],[-46.62411,-22.96692],[-46.62364,-22.96781],[-46.62348,-22.96886],[-46.62276,-22.96858],[-46.62181,-22.96907],[-46.61943,-22.96841],[-46.61844,-22.96881],[-46.6169,-22.96822],[-46.61626,-22.96838],[-46.61571,-22.96885],[-46.61468,-22.96923],[-46.61273,-22.96906],[-46.61141,-22.96806],[-46.6098,-22.96773],[-46.60899,-22.96782],[-46.60766,-22.96828],[-46.60714,-22.96868],[-46.60647,-22.9696],[-46.60567,-22.96998],[-46.60515,-22.97003],[-46.60523,-22.96951],[-46.60503,-22.96883],[-46.60505,-22.96786],[-46.60325,-22.96699],[-46.60147,-22.96623],[-46.60109,-22.96563],[-46.60048,-22.96511],[-46.60051,-22.96449],[-46.60124,-22.96388],[-46.60171,-22.96293],[-46.60173,-22.96109],[-46.60161,-22.95942],[-46.60166,-22.9585],[-46.60229,-22.95739],[-46.60207,-22.95616],[-46.60208,-22.95446],[-46.60192,-22.95403]]]},"properties":{"codigo":"3507605036","name":"Morro Verde","population":170,"households":93,"areaKm2":3.3396,"density":50.9}},{"type":"Feature","geometry":{"type":"Polygon","coordinates":[[[-46.53576,-23.02642],[-46.53194,-23.02248],[-46.52526,-23.01567],[-46.52448,-23.01459],[-46.52418,-23.01391],[-46.5219,-23.00799],[-46.52094,-23.00563],[-46.51992,-23.00279],[-46.5215,-23.00234],[-46.52258,-23.00129],[-46.52314,-23.00103],[-46.52415,-23.00093],[-46.52681,-23.00036],[-46.52712,-22.99978],[-46.52689,-22.99904],[-46.52693,-22.99719],[-46.52915,-22.99662],[-46.52985,-22.99844],[-46.53027,-22.9987],[-46.53224,-22.99885],[-46.53255,-22.99895],[-46.53403,-23.00296],[-46.53648,-23.00339],[-46.53678,-23.00414],[-46.5377,-23.00495],[-46.53941,-23.00495],[-46.54036,-23.00558],[-46.54235,-23.00576],[-46.54328,-23.00566],[-46.54468,-23.00572],[-46.54599,-23.00612],[-46.54775,-23.00744],[-46.54853,-23.00788],[-46.55006,-23.00833],[-46.55186,-23.00969],[-46.55258,-23.00997],[-46.55273,-23.01128],[-46.55298,-23.01252],[-46.55327,-23.01326],[-46.55361,-23.01467],[-46.55421,-23.0159],[-46.55517,-23.01675],[-46.55629,-23.01717],[-46.55742,-23.0173],[-46.55981,-23.01728],[-46.56269,-23.01751],[-46.5656,-23.01798],[-46.56891,-23.01866],[-46.56912,-23.01913],[-46.56962,-23.02122],[-46.57003,-23.02141],[-46.57078,-23.02111],[-46.57164,-23.02146],[-46.57264,-23.02135],[-46.57489,-23.02143],[-46.57526,-23.02151],[-46.57658,-23.02142],[-46.5768,-23.02185],[-46.57793,-23.02176],[-46.57814,-23.02192],[-46.57808,-23.02468],[-46.57737,-23.02499],[-46.57646,-23.02608],[-46.57569,-23.02779],[-46.57498,-23.0286],[-46.57471,-23.02944],[-46.57373,-23.02983],[-46.57326,-23.03039],[-46.5733,-23.03098],[-46.57247,-23.03146],[-46.57133,-23.0325],[-46.57115,-23.03357],[-46.57081,-23.0342],[-46.57037,-23.03449],[-46.56931,-23.03441],[-46.56848,-23.03491],[-46.568,-23.0358],[-46.56826,-23.03633],[-46.56865,-23.0363],[-46.56894,-23.03715],[-46.56898,-23.03894],[-46.56871,-23.03979],[-46.56879,-23.04078],[-46.56819,-23.04115],[-46.56771,-23.04184],[-46.56827,-23.04332],[-46.56766,-23.04403],[-46.56643,-23.04446],[-46.56588,-23.04619],[-46.56561,-23.04643],[-46.56488,-23.04646],[-46.56334,-23.04574],[-46.56304,-23.04546],[-46.56224,-23.04417],[-46.56196,-23.04251],[-46.5617,-23.042],[-46.56024,-23.04083],[-46.55929,-23.03972],[-46.55892,-23.03903],[-46.55829,-23.03837],[-46.5571,-23.03672],[-46.55596,-23.03614],[-46.55505,-23.03515],[-46.55381,-23.03444],[-46.55312,-23.03364],[-46.55263,-23.03344],[-46.55156,-23.0334],[-46.5506,-23.03379],[-46.54946,-23.03398],[-46.54893,-23.03424],[-46.54806,-23.03383],[-46.5467,-23.03355],[-46.54642,-23.03309],[-46.54348,-23.0316],[-46.54215,-23.03153],[-46.54108,-23.03082],[-46.54045,-23.02977],[-46.53941,-23.02861],[-46.53834,-23.02782],[-46.53747,-23.02682],[-46.53658,-23.02615],[-46.53576,-23.02642]]]},"properties":{"codigo":"3507605029","name":"Fernão Dias","population":765,"households":452,"areaKm2":13.0634,"density":58.6}},{"type":"Feature","geometry":{"type":"Polygon","coordinates":[[[-46.52118,-22.88806],[-46.51898,-22.88808],[-46.51662,-22.88802],[-46.51428,-22.88787],[-46.51213,-22.88762],[-46.50993,-22.88723],[-46.50761,-22.88667],[-46.50554,-22.88597],[-46.50269,-22.88486],[-46.50054,-22.88386],[-46.4995,-22.88361],[-46.49837,-22.88366],[-46.49655,-22.88413],[-46.49541,-22.88457],[-46.49175,-22.8863],[-46.48992,-22.88691],[-46.48796,-22.88719],[-46.48621,-22.88724],[-46.48465,-22.88704],[-46.48318,-22.88662],[-46.48207,-22.88621],[-46.4817,-22.8859],[-46.48119,-22.8839],[-46.48079,-22.88321],[-46.48028,-22.8828],[-46.47938,-22.88172],[-46.47886,-22.88025],[-46.47892,-22.87895],[-46.481,-22.87849],[-46.48266,-22.87853],[-46.48522,-22.87922],[-46.48579,-22.87891],[-46.48586,-22.87842],[-46.48547,-22.8764],[-46.48568,-22.87345],[-46.48528,-22.87183],[-46.48486,-22.86893],[-46.48428,-22.86852],[-46.48377,-22.86857],[-46.48285,-22.86923],[-46.48167,-22.87032],[-46.47871,-22.87365],[-46.47811,-22.87407],[-46.47764,-22.87411],[-46.47575,-22.87326],[-46.47465,-22.87248],[-46.47104,-22.86874],[-46.46847,-22.86651],[-46.46671,-22.86541],[-46.46461,-22.86474],[-46.46376,-22.86429],[-46.46282,-22.86357],[-46.4616,-22.86246],[-46.45939,-22.86027],[-46.45852,-22.85918],[-46.45762,-22.85727],[-46.45649,-22.85438],[-46.45589,-22.85373],[-46.45474,-22.85299],[-46.45373,-22.85209],[-46.45429,-22.85107],[-46.45505,-22.85083],[-46.45554,-22.85097],[-46.45619,-22.85082],[-46.45784,-22.85082],[-46.45965,-22.84986],[-46.46003,-22.84928],[-46.46014,-22.84816],[-46.46116,-22.84699],[-46.46171,-22.84662],[-46.46392,-22.84764],[-46.46443,-22.84773],[-46.46629,-22.84769],[-46.46759,-22.8482],[-46.46827,-22.84877],[-46.46872,-22.84891],[-46.47047,-22.84881],[-46.47164,-22.84914],[-46.47271,-22.84961],[-46.47329,-22.84941],[-46.47378,-22.84875],[-46.47431,-22.84858],[-46.47548,-22.84851],[-46.47628,-22.84749],[-46.47656,-22.84732],[-46.47757,-22.84731],[-46.47925,-22.8457],[-46.48102,-22.84451],[-46.48257,-22.84368],[-46.48545,-22.84375],[-46.4858,-22.84345],[-46.48209,-22.84174],[-46.48062,-22.8403],[-46.4799,-22.83999],[-46.47829,-22.84008],[-46.47729,-22.84047],[-46.47601,-22.84062],[-46.47461,-22.84019],[-46.47356,-22.84016],[-46.47185,-22.8394],[-46.47085,-22.83908],[-46.46983,-22.83862],[-46.46831,-22.83747],[-46.46795,-22.83705],[-46.46745,-22.83585],[-46.46748,-22.83483],[-46.46771,-22.83363],[-46.46765,-22.83225],[-46.46724,-22.83008],[-46.46752,-22.82971],[-46.46866,-22.8296],[-46.46895,-22.82854],[-46.46878,-22.8276],[-46.46819,-22.82755],[-46.4673,-22.8268],[-46.4673,-22.82638],[-46.4678,-22.82621],[-46.46789,-22.82564],[-46.46762,-22.82533],[-46.466,-22.82465],[-46.46554,-22.82423],[-46.4672,-22.82379],[-46.46817,-22.82382],[-46.46868,-22.82408],[-46.47025,-22.82579],[-46.47087,-22.82621],[-46.47194,-22.82654],[-46.47323,-22.8266],[-46.47477,-22.82623],[-46.47645,-22.82514],[-46.47824,-22.82417],[-46.48062,-22.82238],[-46.48147,-22.82201],[-46.48352,-22.82198],[-46.48859,-22.82276],[-46.49168,-22.82407],[-46.49589,-22.82568],[-46.49734,-22.82592],[-46.49909,-22.82585],[-46.5005,-22.82639],[-46.50069,-22.82729],[-46.50105,-22.82815],[-46.50189,-22.82944],[-46.50423,-22.83239],[-46.50502,-22.83357],[-46.50648,-22.83607],[-46.5076,-22.83876],[-46.50875,-22.84255],[-46.5094,-22.84405],[-46.51049,-22.84628],[-46.51074,-22.84754],[-46.51078,-22.8498],[-46.51505,-22.85025],[-46.51633,-22.85052],[-46.51756,-22.8509],[-46.51882,-22.85143],[-46.51995,-22.85204],[-46.52197,-22.85337],[-46.52281,-22.85407],[-46.52352,-22.85487],[-46.52337,-22.85567],[-46.52362,-22.85608],[-46.52361,-22.85703],[-46.52375,-22.85848],[-46.52286,-22.85957],[-46.52253,-22.86104],[-46.52285,-22.86137],[-46.52369,-22.86147],[-46.52246,-22.86244],[-46.52137,-22.86268],[-46.52099,-22.86303],[-46.52092,-22.86387],[-46.52526,-22.87057],[-46.52594,-22.87183],[-46.52619,-22.87317],[-46.52621,-22.87525],[-46.52649,-22.87649],[-46.52506,-22.8774],[-46.52465,-22.87821],[-46.52485,-22.87878],[-46.52069,-22.881],[-46.5212,-22.88222],[-46.52188,-22.88482],[-46.52183,-22.88585],[-46.52118,-22.88806]]]},"properties":{"codigo":"3507605059","name":"Morro do Agudo","population":706,"households":430,"areaKm2":31.8415,"density":22.2}},{"type":"Feature","geometry":{"type":"Polygon","coordinates":[[[-46.52074,-22.95164],[-46.52102,-22.95074],[-46.52146,-22.94837],[-46.51977,-22.94835],[-46.51991,-22.94533],[-46.52007,-22.94318],[-46.51969,-22.94241],[-46.51967,-22.94187],[-46.51636,-22.94116],[-46.51551,-22.9407],[-46.51393,-22.93963],[-46.51356,-22.9392],[-46.51235,-22.93955],[-46.51132,-22.93889],[-46.51204,-22.93777],[-46.51262,-22.93716],[-46.51332,-22.93679],[-46.51566,-22.93487],[-46.51638,-22.93518],[-46.51731,-22.93585],[-46.51872,-22.93649],[-46.52028,-22.93735],[-46.52226,-22.93856],[-46.52407,-22.93959],[-46.52747,-22.94102],[-46.52758,-22.94115],[-46.52818,-22.94523],[-46.52883,-22.94991],[-46.52626,-22.9489],[-46.52402,-22.94821],[-46.52074,-22.95164]]]},"properties":{"codigo":"3507605007","name":"Penha","population":3819,"households":1509,"areaKm2":1.3199,"density":2893.3}},{"type":"Feature","geometry":{"type":"Polygon","coordinates":[[[-46.57308,-22.94838],[-46.57241,-22.9474],[-46.5714,-22.9457],[-46.57144,-22.94344],[-46.57008,-22.94332],[-46.5703,-22.94085],[-46.57046,-22.93832],[-46.57067,-22.93735],[-46.57155,-22.93674],[-46.57246,-22.93649],[-46.57256,-22.93577],[-46.57319,-22.93546],[-46.57287,-22.93454],[-46.57249,-22.93457],[-46.56933,-22.9354],[-46.56808,-22.93564],[-46.56849,-22.93325],[-46.57008,-22.93198],[-46.57235,-22.93077],[-46.57271,-22.93048],[-46.57368,-22.9292],[-46.57411,-22.92796],[-46.57478,-22.92692],[-46.57541,-22.92646],[-46.57649,-22.9247],[-46.57742,-22.92411],[-46.57893,-22.92341],[-46.58134,-22.92205],[-46.58258,-22.92163],[-46.58368,-22.92081],[-46.58437,-22.92003],[-46.58591,-22.91897],[-46.58687,-22.9185],[-46.58741,-22.91861],[-46.58749,-22.91909],[-46.58695,-22.91977],[-46.58667,-22.92171],[-46.5874,-22.92199],[-46.59154,-22.92475],[-46.59114,-22.92542],[-46.59193,-22.92587],[-46.59308,-22.92756],[-46.59466,-22.92803],[-46.59546,-22.92808],[-46.59603,-22.92865],[-46.59625,-22.92944],[-46.59752,-22.93131],[-46.59847,-22.93296],[-46.59886,-22.93568],[-46.6001,-22.9372],[-46.6004,-22.937],[-46.60147,-22.93844],[-46.6006,-22.93853],[-46.60018,-22.93875],[-46.59923,-22.93968],[-46.59833,-22.94118],[-46.59785,-22.94138],[-46.59682,-22.94218],[-46.59583,-22.94325],[-46.59153,-22.94577],[-46.59132,-22.94625],[-46.59048,-22.94702],[-46.58742,-22.94839],[-46.58713,-22.94887],[-46.58581,-22.94893],[-46.5839,-22.94917],[-46.58341,-22.94901],[-46.58142,-22.94783],[-46.58105,-22.94774],[-46.57932,-22.94804],[-46.57796,-22.94775],[-46.57595,-22.94777],[-46.57465,-22.94754],[-46.57394,-22.94766],[-46.57308,-22.94838]]]},"properties":{"codigo":"3507605025","name":"Uberaba","population":1565,"households":793,"areaKm2":6.9455,"density":225.3}},{"type":"Feature","geometry":{"type":"Polygon","coordinates":[[[-46.54209,-22.86093],[-46.54298,-22.8616],[-46.54424,-22.86323],[-46.54449,-22.86395],[-46.54454,-22.86566],[-46.54481,-22.86681],[-46.54605,-22.86915],[-46.54891,-22.86885],[-46.54969,-22.86868],[-46.54961,-22.86983],[-46.54995,-22.87095],[-46.55092,-22.87137],[-46.55173,-22.87226],[-46.55211,-22.87334],[-46.55238,-22.87468],[-46.55225,-22.87587],[-46.55559,-22.87839],[-46.55718,-22.87882],[-46.55917,-22.87757],[-46.55986,-22.87765],[-46.56044,-22.87742],[-46.56059,-22.877],[-46.56126,-22.87651],[-46.56268,-22.8759],[-46.56287,-22.87566],[-46.56278,-22.87485],[-46.56168,-22.87324],[-46.56152,-22.87232],[-46.56099,-22.87186],[-46.5586,-22.8708],[-46.5578,-22.87076],[-46.55555,-22.86978],[-46.55415,-22.86933],[-46.55251,-22.86942],[-46.55159,-22.86916],[-46.55142,-22.86879],[-46.55002,-22.86759],[-46.54986,-22.86681],[-46.55023,-22.86519],[-46.55111,-22.8641],[-46.55147,-22.86288],[-46.55269,-22.86207],[-46.55356,-22.86195],[-46.5544,-22.86235],[-46.5548,-22.86234],[-46.556,-22.86176],[-46.55657,-22.86176],[-46.55853,-22.86223],[-46.56034,-22.86256],[-46.56178,-22.86302],[-46.56243,-22.8634],[-46.56314,-22.86344],[-46.5635,-22.86248],[-46.56446,-22.86178],[-46.56488,-22.86111],[-46.56604,-22.86107],[-46.56708,-22.86064],[-46.56809,-22.86057],[-46.5692,-22.8607],[-46.56876,-22.86142],[-46.56947,-22.86176],[-46.57009,-22.8626],[-46.57001,-22.86366],[-46.57007,-22.86548],[-46.57045,-22.86589],[-46.57165,-22.86656],[-46.57198,-22.86696],[-46.5728,-22.86701],[-46.57384,-22.86663],[-46.57487,-22.86649],[-46.5756,-22.86672],[-46.57598,-22.86713],[-46.57752,-22.86973],[-46.57772,-22.87028],[-46.57781,-22.87141],[-46.57734,-22.87298],[-46.57821,-22.87364],[-46.57888,-22.87362],[-46.57948,-22.87403],[-46.58096,-22.87539],[-46.58216,-22.8761],[-46.58486,-22.87803],[-46.58613,-22.87889],[-46.58717,-22.87979],[-46.58846,-22.88125],[-46.59069,-22.88306],[-46.59126,-22.88382],[-46.5914,-22.88432],[-46.592,-22.88511],[-46.592,-22.88627],[-46.59227,-22.88658],[-46.59297,-22.88867],[-46.59325,-22.88892],[-46.59348,-22.88993],[-46.59324,-22.89099],[-46.5928,-22.89155],[-46.59332,-22.89253],[-46.59377,-22.8929],[-46.59338,-22.89328],[-46.59347,-22.89392],[-46.59411,-22.89413],[-46.59499,-22.89401],[-46.59551,-22.89456],[-46.59524,-22.89494],[-46.59437,-22.89517],[-46.59371,-22.89576],[-46.59341,-22.89554],[-46.5935,-22.89485],[-46.5928,-22.8944],[-46.59084,-22.89464],[-46.59071,-22.8952],[-46.5914,-22.89588],[-46.59267,-22.89634],[-46.59399,-22.8965],[-46.59416,-22.89701],[-46.59398,-22.89775],[-46.5935,-22.89771],[-46.59244,-22.89657],[-46.592,-22.89666],[-46.59192,-22.8975],[-46.5913,-22.89766],[-46.59056,-22.89687],[-46.58956,-22.89709],[-46.58842,-22.89688],[-46.58823,-22.89744],[-46.58891,-22.89773],[-46.58901,-22.89821],[-46.58845,-22.89852],[-46.58725,-22.89781],[-46.58685,-22.8979],[-46.58665,-22.89845],[-46.58562,-22.89975],[-46.58517,-22.89958],[-46.58509,-22.8987],[-46.58434,-22.8985],[-46.58442,-22.89913],[-46.58377,-22.89933],[-46.5831,-22.89894],[-46.58234,-22.8992],[-46.58229,-22.89969],[-46.58257,-22.9006],[-46.58196,-22.90122],[-46.5816,-22.90102],[-46.58142,-22.9002],[-46.58099,-22.89981],[-46.58012,-22.89949],[-46.57966,-22.89974],[-46.57985,-22.9005],[-46.57943,-22.90092],[-46.57873,-22.90104],[-46.57766,-22.90214],[-46.57698,-22.90212],[-46.57657,-22.9015],[-46.57613,-22.90144],[-46.57563,-22.90195],[-46.5753,-22.90184],[-46.57544,-22.89993],[-46.57518,-22.8995],[-46.57446,-22.89952],[-46.5742,-22.90009],[-46.57303,-22.9003],[-46.57238,-22.90001],[-46.57219,-22.90043],[-46.57251,-22.90095],[-46.57254,-22.90156],[-46.57188,-22.90225],[-46.5715,-22.90217],[-46.57101,-22.90143],[-46.57025,-22.90147],[-46.57022,-22.90247],[-46.56988,-22.90299],[-46.56939,-22.90324],[-46.56882,-22.90295],[-46.56766,-22.90326],[-46.56679,-22.90428],[-46.56629,-22.90378],[-46.56613,-22.90309],[-46.56538,-22.90316],[-46.56443,-22.90251],[-46.5633,-22.90352],[-46.56292,-22.90323],[-46.56264,-22.90239],[-46.56172,-22.90209],[-46.56164,-22.90123],[-46.56123,-22.90115],[-46.56063,-22.90146],[-46.56008,-22.9015],[-46.55968,-22.90095],[-46.55969,-22.90052],[-46.5587,-22.89969],[-46.55722,-22.90011],[-46.55718,-22.90073],[-46.55819,-22.9011],[-46.5579,-22.90163],[-46.55678,-22.90162],[-46.55653,-22.90177],[-46.55532,-22.90036],[-46.55447,-22.89964],[-46.55217,-22.89823],[-46.54959,-22.89677],[-46.55009,-22.89644],[-46.54848,-22.89582],[-46.54736,-22.89521],[-46.54817,-22.89437],[-46.54886,-22.89408],[-46.55026,-22.89299],[-46.55067,-22.89248],[-46.5508,-22.89193],[-46.55051,-22.89098],[-46.54929,-22.88991],[-46.54843,-22.8885],[-46.54805,-22.88765],[-46.54734,-22.88561],[-46.54637,-22.88395],[-46.54622,-22.88318],[-46.54551,-22.88208],[-46.54454,-22.88105],[-46.54381,-22.88139],[-46.5435,-22.88118],[-46.54255,-22.87969],[-46.54199,-22.8791],[-46.54102,-22.87841],[-46.54019,-22.87805],[-46.53938,-22.87738],[-46.53881,-22.87723],[-46.53866,-22.87611],[-46.54024,-22.8758],[-46.54056,-22.87517],[-46.5418,-22.87386],[-46.54115,-22.87304],[-46.53945,-22.87116],[-46.53829,-22.87042],[-46.53558,-22.871],[-46.53413,-22.87249],[-46.53376,-22.87351],[-46.53396,-22.87244],[-46.5367,-22.86541],[-46.53728,-22.86444],[-46.53782,-22.86299],[-46.53902,-22.86243],[-46.54156,-22.86137],[-46.54209,-22.86093]]]},"properties":{"codigo":"3507605062","name":"Cardosos","population":504,"households":256,"areaKm2":16.8239,"density":30}},{"type":"Feature","geometry":{"type":"Polygon","coordinates":[[[-46.65215,-22.94503],[-46.64683,-22.94615],[-46.64589,-22.94623],[-46.6451,-22.94613],[-46.63859,-22.94467],[-46.63792,-22.94436],[-46.63618,-22.94312],[-46.63508,-22.94262],[-46.6339,-22.94255],[-46.63337,-22.94267],[-46.62913,-22.94447],[-46.62366,-22.94684],[-46.62289,-22.94726],[-46.6214,-22.94859],[-46.61908,-22.95083],[-46.6154,-22.95414],[-46.6139,-22.95475],[-46.61204,-22.95491],[-46.6039,-22.95532],[-46.60298,-22.95503],[-46.60192,-22.95403],[-46.6033,-22.95489],[-46.60364,-22.95495],[-46.60488,-22.95378],[-46.60491,-22.9528],[-46.60562,-22.95221],[-46.60698,-22.95179],[-46.60738,-22.9514],[-46.60718,-22.95067],[-46.6073,-22.95007],[-46.60778,-22.94949],[-46.60832,-22.94824],[-46.60841,-22.94735],[-46.60901,-22.94697],[-46.6103,-22.94777],[-46.61077,-22.94777],[-46.61295,-22.94714],[-46.61383,-22.94667],[-46.61384,-22.94493],[-46.61395,-22.94404],[-46.61399,-22.94181],[-46.61415,-22.94118],[-46.6146,-22.94039],[-46.61509,-22.93888],[-46.61722,-22.93542],[-46.61838,-22.93419],[-46.61896,-22.93316],[-46.61939,-22.93268],[-46.61935,-22.93202],[-46.62046,-22.93239],[-46.62103,-22.93243],[-46.62165,-22.93288],[-46.62263,-22.93282],[-46.62357,-22.93374],[-46.6253,-22.93447],[-46.62595,-22.93464],[-46.62751,-22.93454],[-46.62829,-22.93469],[-46.63001,-22.93559],[-46.63116,-22.93535],[-46.63149,-22.93471],[-46.632,-22.93214],[-46.63227,-22.9317],[-46.63386,-22.93035],[-46.63552,-22.93024],[-46.63661,-22.92992],[-46.63724,-22.92994],[-46.6382,-22.93032],[-46.63902,-22.93037],[-46.63992,-22.93013],[-46.6407,-22.92976],[-46.64186,-22.92944],[-46.64239,-22.92911],[-46.64358,-22.92908],[-46.64539,-22.92805],[-46.64647,-22.92613],[-46.6471,-22.92415],[-46.64746,-22.92357],[-46.64779,-22.92526],[-46.64876,-22.92685],[-46.64876,-22.92758],[-46.64924,-22.9291],[-46.65013,-22.9308],[-46.65084,-22.9326],[-46.65081,-22.93396],[-46.65107,-22.93478],[-46.65194,-22.93639],[-46.65245,-22.93838],[-46.65291,-22.93923],[-46.65416,-22.941],[-46.65454,-22.94243],[-46.65438,-22.94456],[-46.65215,-22.94503]]]},"properties":{"codigo":"3507605038","name":"Birica do Campo Novo","population":551,"households":284,"areaKm2":7.0218,"density":78.5}},{"type":"Feature","geometry":{"type":"Polygon","coordinates":[[[-46.55252,-22.95057],[-46.55415,-22.9496],[-46.55475,-22.94912],[-46.55611,-22.94862],[-46.55673,-22.94798],[-46.55727,-22.94801],[-46.55908,-22.94873],[-46.56023,-22.94869],[-46.56279,-22.95],[-46.56327,-22.95016],[-46.56498,-22.95014],[-46.56631,-22.9497],[-46.56838,-22.94988],[-46.5709,-22.94973],[-46.57175,-22.94941],[-46.57156,-22.94981],[-46.57181,-22.95318],[-46.57194,-22.95652],[-46.57308,-22.95715],[-46.57481,-22.95721],[-46.57537,-22.95747],[-46.5771,-22.95902],[-46.57901,-22.96047],[-46.58109,-22.96024],[-46.58283,-22.96027],[-46.58362,-22.96051],[-46.58416,-22.96106],[-46.58566,-22.96137],[-46.58654,-22.96166],[-46.58551,-22.96233],[-46.58499,-22.96292],[-46.58395,-22.9648],[-46.58167,-22.96701],[-46.58077,-22.96732],[-46.57897,-22.96752],[-46.57477,-22.96939],[-46.57306,-22.97008],[-46.57223,-22.97015],[-46.57156,-22.97],[-46.5688,-22.96911],[-46.56808,-22.96901],[-46.56256,-22.96894],[-46.5613,-22.96923],[-46.5599,-22.96981],[-46.55949,-22.96865],[-46.55871,-22.96741],[-46.55738,-22.96562],[-46.55712,-22.96516],[-46.55721,-22.9636],[-46.55756,-22.96268],[-46.55768,-22.96167],[-46.55752,-22.96079],[-46.55651,-22.95995],[-46.55687,-22.95842],[-46.55614,-22.95796],[-46.55665,-22.957],[-46.55436,-22.95494],[-46.55319,-22.95368],[-46.55265,-22.95329],[-46.55089,-22.95275],[-46.54927,-22.9524],[-46.55252,-22.95057]]]},"properties":{"codigo":"3507605026","name":"Santana","population":1522,"households":512,"areaKm2":4.8963,"density":310.8}},{"type":"Feature","geometry":{"type":"Polygon","coordinates":[[[-46.55682,-22.93481],[-46.55667,-22.93329],[-46.55646,-22.93257],[-46.54909,-22.91622],[-46.5489,-22.91542],[-46.54851,-22.91543],[-46.54843,-22.91473],[-46.54661,-22.91066],[-46.5519,-22.90874],[-46.55461,-22.9077],[-46.55318,-22.90427],[-46.55411,-22.90426],[-46.55556,-22.90382],[-46.55665,-22.9038],[-46.55743,-22.90489],[-46.55791,-22.90655],[-46.55769,-22.90663],[-46.55855,-22.90879],[-46.55946,-22.91027],[-46.55901,-22.91228],[-46.55917,-22.91368],[-46.5595,-22.91389],[-46.56207,-22.91608],[-46.56347,-22.91749],[-46.56246,-22.9181],[-46.56161,-22.91917],[-46.56064,-22.9201],[-46.55955,-22.92067],[-46.55956,-22.9222],[-46.55923,-22.92273],[-46.55905,-22.92348],[-46.55809,-22.92314],[-46.5575,-22.92411],[-46.55729,-22.92503],[-46.55715,-22.9275],[-46.55718,-22.92883],[-46.55733,-22.93004],[-46.55773,-22.93066],[-46.55826,-22.93058],[-46.55815,-22.93171],[-46.55767,-22.9325],[-46.55706,-22.93445],[-46.55682,-22.93481]]]},"properties":{"codigo":"3507605001","name":"Cidade Nova","population":17815,"households":6553,"areaKm2":2.3632,"density":7538.4}},{"type":"Feature","geometry":{"type":"Polygon","coordinates":[[[-46.48301,-22.95696],[-46.48137,-22.95681],[-46.48076,-22.95778],[-46.48033,-22.95511],[-46.47937,-22.94985],[-46.47865,-22.94814],[-46.47779,-22.94675],[-46.47556,-22.94286],[-46.47071,-22.93468],[-46.46965,-22.93294],[-46.46854,-22.93168],[-46.46742,-22.93091],[-46.46639,-22.93045],[-46.45896,-22.92747],[-46.4592,-22.92537],[-46.46025,-22.92539],[-46.46007,-22.92453],[-46.46045,-22.92437],[-46.46085,-22.92473],[-46.46073,-22.92317],[-46.46088,-22.92252],[-46.46074,-22.92198],[-46.46132,-22.92168],[-46.46164,-22.92106],[-46.46108,-22.92034],[-46.46072,-22.9192],[-46.46167,-22.91898],[-46.46233,-22.91912],[-46.46248,-22.91867],[-46.46327,-22.9182],[-46.46276,-22.91772],[-46.46301,-22.91701],[-46.46245,-22.91678],[-46.46236,-22.91602],[-46.4628,-22.91539],[-46.46205,-22.91528],[-46.46209,-22.91486],[-46.46262,-22.91479],[-46.46317,-22.9142],[-46.4637,-22.91449],[-46.46438,-22.91378],[-46.46488,-22.9138],[-46.46532,-22.91344],[-46.46609,-22.91322],[-46.46637,-22.9128],[-46.46608,-22.91222],[-46.46975,-22.91029],[-46.47099,-22.90983],[-46.47216,-22.90952],[-46.47348,-22.90938],[-46.47523,-22.90943],[-46.48066,-22.90987],[-46.48093,-22.91077],[-46.47891,-22.91411],[-46.47852,-22.91509],[-46.47847,-22.91635],[-46.48001,-22.92155],[-46.4807,-22.92375],[-46.4811,-22.92573],[-46.48125,-22.92747],[-46.4811,-22.92836],[-46.4805,-22.92958],[-46.47967,-22.92941],[-46.4794,-22.93063],[-46.48051,-22.93302],[-46.48072,-22.93371],[-46.48052,-22.93467],[-46.47967,-22.93569],[-46.47922,-22.93662],[-46.47908,-22.93779],[-46.47927,-22.9388],[-46.47976,-22.93965],[-46.48123,-22.94139],[-46.48144,-22.94241],[-46.4822,-22.94339],[-46.48248,-22.94396],[-46.48263,-22.94509],[-46.48237,-22.9467],[-46.48201,-22.94792],[-46.48169,-22.94855],[-46.48247,-22.9496],[-46.48384,-22.95253],[-46.48289,-22.95353],[-46.48308,-22.95554],[-46.48301,-22.95696]]]},"properties":{"codigo":"3507605050","name":"Souzas","population":704,"households":263,"areaKm2":5.8636,"density":120.1}},{"type":"Feature","geometry":{"type":"Polygon","coordinates":[[[-46.54129,-22.94408],[-46.54123,-22.94298],[-46.54066,-22.94106],[-46.54027,-22.94046],[-46.53979,-22.94015],[-46.53851,-22.93977],[-46.53762,-22.93937],[-46.53664,-22.93873],[-46.53608,-22.93806],[-46.53573,-22.93677],[-46.53571,-22.93373],[-46.53627,-22.93172],[-46.53697,-22.93081],[-46.53889,-22.92992],[-46.54045,-22.9288],[-46.54215,-22.92806],[-46.54288,-22.92823],[-46.54337,-22.92885],[-46.54258,-22.92918],[-46.54254,-22.93113],[-46.54409,-22.93079],[-46.5436,-22.93244],[-46.54267,-22.933],[-46.54368,-22.93347],[-46.54352,-22.93579],[-46.54521,-22.93638],[-46.54494,-22.93747],[-46.54533,-22.93742],[-46.54667,-22.94016],[-46.54519,-22.94076],[-46.54343,-22.94199],[-46.54234,-22.94318],[-46.54129,-22.94408]]]},"properties":{"codigo":"3507605016","name":"São Lourenço","population":7593,"households":3170,"areaKm2":1.0905,"density":6962.9}},{"type":"Feature","geometry":{"type":"Polygon","coordinates":[[[-46.52751,-23.03345],[-46.52681,-23.03365],[-46.52575,-23.03349],[-46.525,-23.03317],[-46.52306,-23.03143],[-46.52106,-23.029],[-46.52039,-23.02853],[-46.51954,-23.02841],[-46.51851,-23.02856],[-46.51691,-23.02801],[-46.51595,-23.02799],[-46.51492,-23.02847],[-46.51411,-23.02857],[-46.51308,-23.0283],[-46.5121,-23.02835],[-46.51164,-23.02729],[-46.51144,-23.02631],[-46.51234,-23.02619],[-46.51223,-23.02528],[-46.51271,-23.02417],[-46.51225,-23.02299],[-46.51182,-23.02124],[-46.51151,-23.02065],[-46.51119,-23.01944],[-46.51126,-23.01829],[-46.51081,-23.01802],[-46.50999,-23.01802],[-46.50945,-23.01766],[-46.50915,-23.01637],[-46.51,-23.01554],[-46.51009,-23.01474],[-46.50901,-23.01327],[-46.50835,-23.01116],[-46.50853,-23.01043],[-46.50941,-23.00907],[-46.51046,-23.00808],[-46.51087,-23.00716],[-46.51093,-23.00663],[-46.51044,-23.00607],[-46.50947,-23.00605],[-46.50774,-23.00653],[-46.50588,-23.00752],[-46.50415,-23.00774],[-46.50387,-23.00766],[-46.50273,-23.00638],[-46.50231,-23.00626],[-46.5017,-23.00653],[-46.50062,-23.00595],[-46.50091,-23.00538],[-46.50101,-23.00443],[-46.50148,-23.00414],[-46.50223,-23.00332],[-46.50255,-23.00266],[-46.50366,-23.00194],[-46.50495,-23.00203],[-46.5056,-23.00244],[-46.50749,-23.00267],[-46.50823,-23.00308],[-46.50842,-23.00371],[-46.50878,-23.00395],[-46.50995,-23.00399],[-46.5098,-23.00213],[-46.51091,-22.9992],[-46.51123,-22.99776],[-46.51055,-22.99634],[-46.50926,-22.99502],[-46.50916,-22.99472],[-46.50937,-22.99356],[-46.50935,-22.99242],[-46.50846,-22.99157],[-46.50875,-22.99136],[-46.51289,-22.99447],[-46.51711,-22.99755],[-46.51847,-22.99922],[-46.51992,-23.00279],[-46.52094,-23.00563],[-46.5219,-23.00799],[-46.52418,-23.01391],[-46.52448,-23.01459],[-46.52526,-23.01567],[-46.53194,-23.02248],[-46.53576,-23.02642],[-46.53437,-23.02685],[-46.53347,-23.02698],[-46.53287,-23.02729],[-46.53235,-23.02784],[-46.53122,-23.02825],[-46.5301,-23.02925],[-46.52839,-23.03159],[-46.52775,-23.03327],[-46.52751,-23.03345]]]},"properties":{"codigo":"3507605030","name":"Rio das Pedras","population":319,"households":203,"areaKm2":6.1575,"density":51.8}},{"type":"Feature","geometry":{"type":"Polygon","coordinates":[[[-46.49531,-22.98158],[-46.49426,-22.98121],[-46.49311,-22.98065],[-46.49153,-22.9795],[-46.49042,-22.97835],[-46.48958,-22.97702],[-46.48876,-22.9754],[-46.48175,-22.96051],[-46.48113,-22.95903],[-46.48076,-22.95778],[-46.48137,-22.95681],[-46.48301,-22.95696],[-46.48544,-22.95741],[-46.48744,-22.95815],[-46.48837,-22.95826],[-46.48978,-22.95815],[-46.49504,-22.96104],[-46.49608,-22.96133],[-46.49702,-22.96142],[-46.49778,-22.961],[-46.49885,-22.96076],[-46.50036,-22.9606],[-46.50155,-22.9603],[-46.50257,-22.96047],[-46.50423,-22.96001],[-46.50517,-22.95984],[-46.50931,-22.95867],[-46.51127,-22.95822],[-46.51162,-22.95802],[-46.51341,-22.95775],[-46.51445,-22.95792],[-46.51542,-22.9572],[-46.51543,-22.95741],[-46.51476,-22.95918],[-46.51476,-22.96276],[-46.51537,-22.96359],[-46.51541,-22.9648],[-46.51514,-22.96537],[-46.51414,-22.96585],[-46.5125,-22.96602],[-46.51142,-22.9667],[-46.51053,-22.96867],[-46.51009,-22.9707],[-46.50981,-22.97136],[-46.5072,-22.97412],[-46.50621,-22.97575],[-46.50491,-22.97714],[-46.50345,-22.9791],[-46.50221,-22.98007],[-46.49968,-22.98035],[-46.49738,-22.98152],[-46.49661,-22.98164],[-46.49585,-22.98133],[-46.49531,-22.98158]]]},"properties":{"codigo":"3507605018","name":"Mourão","population":1166,"households":527,"areaKm2":5.8387,"density":199.7}},{"type":"Feature","geometry":{"type":"Polygon","coordinates":[[[-46.52398,-22.89362],[-46.52563,-22.89338],[-46.52644,-22.89366],[-46.52787,-22.89446],[-46.52948,-22.89574],[-46.53015,-22.89618],[-46.5323,-22.89733],[-46.53515,-22.89938],[-46.53712,-22.90093],[-46.53805,-22.90158],[-46.53889,-22.90183],[-46.541,-22.90181],[-46.54181,-22.90162],[-46.54274,-22.9018],[-46.54293,-22.9025],[-46.54359,-22.90398],[-46.54328,-22.90441],[-46.54327,-22.90532],[-46.54244,-22.90549],[-46.54007,-22.90464],[-46.53953,-22.90455],[-46.53838,-22.90517],[-46.53745,-22.90591],[-46.53614,-22.90574],[-46.53587,-22.90685],[-46.53496,-22.90719],[-46.53425,-22.90682],[-46.53525,-22.9062],[-46.53541,-22.90572],[-46.53465,-22.90544],[-46.53407,-22.90589],[-46.53349,-22.9055],[-46.53432,-22.90471],[-46.53405,-22.90363],[-46.53343,-22.90365],[-46.53279,-22.90423],[-46.53158,-22.90379],[-46.53114,-22.90399],[-46.53006,-22.90514],[-46.52915,-22.90525],[-46.52897,-22.90484],[-46.52977,-22.90399],[-46.52989,-22.90306],[-46.52935,-22.90273],[-46.5289,-22.90306],[-46.5279,-22.9032],[-46.52746,-22.9038],[-46.52711,-22.90353],[-46.52698,-22.90263],[-46.5253,-22.90273],[-46.52508,-22.90325],[-46.52558,-22.90398],[-46.52556,-22.9046],[-46.52465,-22.90503],[-46.52355,-22.90433],[-46.52261,-22.90443],[-46.52275,-22.90624],[-46.52221,-22.90664],[-46.52164,-22.9062],[-46.5207,-22.90581],[-46.5194,-22.90603],[-46.51921,-22.90618],[-46.5187,-22.90765],[-46.51818,-22.90785],[-46.51726,-22.9067],[-46.51662,-22.90666],[-46.51609,-22.90696],[-46.51547,-22.90815],[-46.51448,-22.90821],[-46.5142,-22.90862],[-46.51424,-22.90917],[-46.51398,-22.90969],[-46.51297,-22.91029],[-46.5123,-22.91054],[-46.51086,-22.91017],[-46.51038,-22.9098],[-46.50988,-22.90979],[-46.5093,-22.91038],[-46.50858,-22.9101],[-46.50879,-22.90878],[-46.50833,-22.90847],[-46.50788,-22.90902],[-46.50674,-22.90869],[-46.50637,-22.90894],[-46.50636,-22.90975],[-46.50578,-22.91032],[-46.50519,-22.91012],[-46.5046,-22.91022],[-46.50428,-22.911],[-46.50372,-22.91131],[-46.50238,-22.9104],[-46.5019,-22.90985],[-46.50102,-22.90955],[-46.50075,-22.90988],[-46.50043,-22.91095],[-46.49991,-22.91108],[-46.49933,-22.91081],[-46.49852,-22.91001],[-46.49769,-22.91003],[-46.49664,-22.91042],[-46.49646,-22.91001],[-46.4973,-22.9089],[-46.49735,-22.90768],[-46.49724,-22.90699],[-46.49666,-22.90694],[-46.49641,-22.90771],[-46.49547,-22.90823],[-46.49506,-22.90974],[-46.4946,-22.91031],[-46.49381,-22.91056],[-46.49321,-22.91041],[-46.4929,-22.9092],[-46.49208,-22.90755],[-46.49113,-22.90789],[-46.49065,-22.90773],[-46.49011,-22.90708],[-46.4897,-22.90688],[-46.48798,-22.90718],[-46.48732,-22.90769],[-46.48679,-22.90784],[-46.48625,-22.90755],[-46.48559,-22.90643],[-46.48455,-22.90562],[-46.48389,-22.90554],[-46.48338,-22.9059],[-46.48332,-22.90636],[-46.48242,-22.90692],[-46.48113,-22.9066],[-46.48052,-22.90618],[-46.47858,-22.90534],[-46.47707,-22.9065],[-46.47647,-22.9062],[-46.47616,-22.9058],[-46.47549,-22.9055],[-46.47465,-22.90573],[-46.47433,-22.90636],[-46.47292,-22.90624],[-46.47227,-22.90674],[-46.47205,-22.90725],[-46.47164,-22.90741],[-46.4708,-22.90724],[-46.46848,-22.90778],[-46.46795,-22.90816],[-46.46787,-22.90913],[-46.46733,-22.90953],[-46.46665,-22.9093],[-46.46493,-22.91023],[-46.46474,-22.91072],[-46.46423,-22.90954],[-46.46152,-22.90517],[-46.46095,-22.90304],[-46.46063,-22.90282],[-46.45814,-22.90233],[-46.45772,-22.90197],[-46.45776,-22.90148],[-46.45843,-22.90081],[-46.46122,-22.899],[-46.46335,-22.89731],[-46.46992,-22.89454],[-46.47074,-22.89409],[-46.47283,-22.89245],[-46.47462,-22.89047],[-46.47569,-22.88892],[-46.47629,-22.88769],[-46.4766,-22.88659],[-46.47675,-22.88436],[-46.47667,-22.8811],[-46.47733,-22.87982],[-46.47813,-22.87927],[-46.47892,-22.87895],[-46.47886,-22.88025],[-46.47938,-22.88172],[-46.48028,-22.8828],[-46.48079,-22.88321],[-46.48119,-22.8839],[-46.4817,-22.8859],[-46.48207,-22.88621],[-46.48318,-22.88662],[-46.48465,-22.88704],[-46.48621,-22.88724],[-46.48796,-22.88719],[-46.48992,-22.88691],[-46.49175,-22.8863],[-46.49541,-22.88457],[-46.49655,-22.88413],[-46.49837,-22.88366],[-46.4995,-22.88361],[-46.50054,-22.88386],[-46.50269,-22.88486],[-46.50554,-22.88597],[-46.50761,-22.88667],[-46.50993,-22.88723],[-46.51213,-22.88762],[-46.51428,-22.88787],[-46.51662,-22.88802],[-46.51898,-22.88808],[-46.52118,-22.88806],[-46.5209,-22.88985],[-46.52265,-22.89318],[-46.52317,-22.8937],[-46.52398,-22.89362]]]},"properties":{"codigo":"3507605051","name":"Menin","population":1422,"households":794,"areaKm2":15.6101,"density":91.1}},{"type":"Feature","geometry":{"type":"Polygon","coordinates":[[[-46.49529,-22.99136],[-46.49347,-22.99096],[-46.49183,-22.9904],[-46.49019,-22.98921],[-46.48858,-22.98907],[-46.48655,-22.98949],[-46.48486,-22.99019],[-46.48446,-22.99091],[-46.48486,-22.99125],[-46.48555,-22.99224],[-46.48601,-22.99262],[-46.48671,-22.99381],[-46.48736,-22.99579],[-46.48742,-22.99674],[-46.48816,-22.99834],[-46.48649,-22.99994],[-46.48565,-22.99999],[-46.48506,-22.99981],[-46.48389,-22.99986],[-46.48252,-22.99947],[-46.4796,-22.99939],[-46.47884,-23],[-46.47836,-22.99974],[-46.47842,-22.99926],[-46.47812,-22.99865],[-46.4772,-22.9986],[-46.47648,-22.99915],[-46.47451,-22.99777],[-46.47203,-22.99573],[-46.4709,-22.99435],[-46.4709,-22.99646],[-46.47051,-22.99682],[-46.46847,-22.99938],[-46.46804,-23.00002],[-46.46842,-23.0025],[-46.46918,-23.00414],[-46.46759,-23.00445],[-46.46594,-23.00488],[-46.46544,-23.00631],[-46.46466,-23.00722],[-46.46489,-23.00853],[-46.46457,-23.00915],[-46.46256,-23.00966],[-46.46197,-23.0086],[-46.4612,-23.00696],[-46.46085,-23.00569],[-46.45936,-23.00419],[-46.45909,-23.00402],[-46.45711,-23.0039],[-46.45598,-23.00394],[-46.45501,-23.00372],[-46.45497,-23.00336],[-46.45415,-23.00175],[-46.45404,-23.0008],[-46.45418,-23.00029],[-46.45399,-22.99911],[-46.45345,-22.99865],[-46.45267,-22.9986],[-46.45051,-22.99886],[-46.4498,-22.99907],[-46.44805,-22.99873],[-46.44748,-22.99773],[-46.44761,-22.99684],[-46.448,-22.99632],[-46.44816,-22.9957],[-46.44794,-22.99432],[-46.44661,-22.99383],[-46.44571,-22.99385],[-46.44458,-22.99422],[-46.44398,-22.99341],[-46.44266,-22.99197],[-46.44248,-22.99138],[-46.4424,-22.98997],[-46.44197,-22.98823],[-46.44197,-22.98717],[-46.44249,-22.98623],[-46.4431,-22.98603],[-46.44271,-22.98519],[-46.44293,-22.98433],[-46.44263,-22.98317],[-46.44235,-22.98291],[-46.44231,-22.98228],[-46.44162,-22.97978],[-46.44162,-22.97945],[-46.44255,-22.97849],[-46.44218,-22.97822],[-46.44121,-22.97801],[-46.4405,-22.97825],[-46.44074,-22.97718],[-46.44053,-22.9759],[-46.44081,-22.97515],[-46.43963,-22.9752],[-46.43917,-22.97509],[-46.43823,-22.97373],[-46.43797,-22.9723],[-46.43678,-22.97032],[-46.43604,-22.96972],[-46.43551,-22.96882],[-46.43472,-22.96913],[-46.43424,-22.96901],[-46.43348,-22.96843],[-46.43208,-22.96762],[-46.43175,-22.96697],[-46.43171,-22.96592],[-46.43187,-22.96519],[-46.43237,-22.96394],[-46.43261,-22.9626],[-46.4328,-22.9622],[-46.43352,-22.96211],[-46.43388,-22.96242],[-46.43486,-22.96402],[-46.43581,-22.96482],[-46.43634,-22.96476],[-46.43726,-22.96438],[-46.43779,-22.96386],[-46.43791,-22.96328],[-46.43735,-22.96241],[-46.43684,-22.96119],[-46.43686,-22.96008],[-46.43721,-22.95894],[-46.43666,-22.95852],[-46.43638,-22.95775],[-46.43635,-22.95636],[-46.43722,-22.95585],[-46.43844,-22.95553],[-46.4396,-22.9538],[-46.44011,-22.9535],[-46.44105,-22.9535],[-46.44189,-22.95446],[-46.44258,-22.95468],[-46.44423,-22.95433],[-46.4449,-22.95461],[-46.44526,-22.9545],[-46.44568,-22.95045],[-46.44591,-22.95111],[-46.44674,-22.9513],[-46.44692,-22.95078],[-46.4476,-22.95098],[-46.44786,-22.95155],[-46.44826,-22.95139],[-46.44941,-22.95263],[-46.44983,-22.95333],[-46.45021,-22.9555],[-46.45086,-22.95691],[-46.45168,-22.95828],[-46.45296,-22.95997],[-46.4539,-22.96092],[-46.45402,-22.96206],[-46.45555,-22.96629],[-46.45602,-22.96771],[-46.45641,-22.96855],[-46.45691,-22.96902],[-46.4581,-22.96968],[-46.45924,-22.97124],[-46.4594,-22.97176],[-46.45946,-22.97306],[-46.45996,-22.97381],[-46.46088,-22.97488],[-46.462,-22.97572],[-46.46294,-22.97739],[-46.46394,-22.97966],[-46.46476,-22.98076],[-46.46528,-22.98112],[-46.46621,-22.98143],[-46.46676,-22.98225],[-46.46796,-22.98256],[-46.46937,-22.98237],[-46.46991,-22.9825],[-46.4706,-22.98233],[-46.47139,-22.98163],[-46.47253,-22.98148],[-46.47354,-22.98177],[-46.47409,-22.98176],[-46.47508,-22.98212],[-46.47681,-22.98258],[-46.47964,-22.98391],[-46.48104,-22.98372],[-46.48221,-22.98377],[-46.48348,-22.9836],[-46.48548,-22.98272],[-46.48654,-22.98238],[-46.4877,-22.98224],[-46.48982,-22.98259],[-46.49005,-22.98343],[-46.49036,-22.98516],[-46.49165,-22.98588],[-46.4919,-22.98618],[-46.49228,-22.98725],[-46.49201,-22.98805],[-46.49199,-22.989],[-46.49234,-22.98946],[-46.49296,-22.98971],[-46.49381,-22.98967],[-46.49415,-22.98944],[-46.49522,-22.98998],[-46.49529,-22.99136]]]},"properties":{"codigo":"3507605048","name":"Água Comprida","population":1385,"households":742,"areaKm2":15.7999,"density":87.7}},{"type":"Feature","geometry":{"type":"Polygon","coordinates":[[[-46.53001,-22.96096],[-46.53156,-22.96273],[-46.5317,-22.96357],[-46.53089,-22.96451],[-46.53079,-22.96502],[-46.53122,-22.96567],[-46.53131,-22.96617],[-46.53117,-22.96791],[-46.53167,-22.96832],[-46.53286,-22.96816],[-46.5339,-22.96825],[-46.53535,-22.96916],[-46.53598,-22.96992],[-46.53605,-22.97015],[-46.53433,-22.97229],[-46.53279,-22.97481],[-46.53227,-22.97526],[-46.53142,-22.97651],[-46.53113,-22.97742],[-46.52993,-22.97851],[-46.52687,-22.98151],[-46.52616,-22.98229],[-46.52533,-22.98305],[-46.52308,-22.98549],[-46.52242,-22.98594],[-46.52026,-22.98684],[-46.51699,-22.9881],[-46.51673,-22.98734],[-46.51638,-22.98554],[-46.51602,-22.98268],[-46.51456,-22.98279],[-46.5146,-22.98185],[-46.51659,-22.98155],[-46.51645,-22.98035],[-46.51654,-22.97829],[-46.51649,-22.97699],[-46.51768,-22.97519],[-46.51883,-22.97386],[-46.51948,-22.97264],[-46.51879,-22.9714],[-46.51783,-22.97036],[-46.5201,-22.96818],[-46.52062,-22.96754],[-46.52005,-22.96675],[-46.52009,-22.96627],[-46.52326,-22.96463],[-46.5229,-22.96394],[-46.52139,-22.96394],[-46.52072,-22.96426],[-46.52014,-22.9635],[-46.52169,-22.96309],[-46.52219,-22.96305],[-46.52352,-22.96257],[-46.52406,-22.96251],[-46.52537,-22.96276],[-46.52616,-22.96278],[-46.52728,-22.96253],[-46.52934,-22.96117],[-46.53001,-22.96096]]]},"properties":{"codigo":"3507605006","name":"Pinheirais","population":5744,"households":2658,"areaKm2":3.3912,"density":1693.8}},{"type":"Feature","geometry":{"type":"Polygon","coordinates":[[[-46.57808,-23.02468],[-46.57814,-23.02192],[-46.57793,-23.02176],[-46.5768,-23.02185],[-46.57658,-23.02142],[-46.57526,-23.02151],[-46.57489,-23.02143],[-46.57264,-23.02135],[-46.57164,-23.02146],[-46.57078,-23.02111],[-46.57003,-23.02141],[-46.56962,-23.02122],[-46.56912,-23.01913],[-46.56891,-23.01866],[-46.5656,-23.01798],[-46.56269,-23.01751],[-46.55981,-23.01728],[-46.55742,-23.0173],[-46.55629,-23.01717],[-46.55517,-23.01675],[-46.55421,-23.0159],[-46.55361,-23.01467],[-46.55327,-23.01326],[-46.55298,-23.01252],[-46.55273,-23.01128],[-46.55258,-23.00997],[-46.55243,-23.00751],[-46.55205,-23.00461],[-46.55281,-23.00367],[-46.55311,-23.00232],[-46.55364,-23.00165],[-46.55432,-23.00115],[-46.55443,-23.00028],[-46.55488,-22.99926],[-46.55492,-22.99837],[-46.55545,-22.99791],[-46.55619,-22.99789],[-46.5569,-22.99818],[-46.55771,-22.99797],[-46.55893,-22.99738],[-46.55996,-22.99757],[-46.56036,-22.99788],[-46.56183,-22.99868],[-46.56262,-22.99806],[-46.56345,-22.99772],[-46.56419,-22.99775],[-46.56493,-22.99745],[-46.56554,-22.99691],[-46.56653,-22.99572],[-46.56779,-22.99487],[-46.56924,-22.99447],[-46.5699,-22.99362],[-46.56997,-22.99286],[-46.56983,-22.99123],[-46.56988,-22.98953],[-46.57038,-22.98811],[-46.57158,-22.98693],[-46.57298,-22.98509],[-46.57363,-22.98439],[-46.57548,-22.98322],[-46.57767,-22.98262],[-46.58018,-22.98132],[-46.58279,-22.98021],[-46.58405,-22.97948],[-46.58706,-22.97862],[-46.58893,-22.97832],[-46.59256,-22.97805],[-46.59916,-22.97722],[-46.60149,-22.97703],[-46.60193,-22.97814],[-46.60266,-22.97942],[-46.60461,-22.98175],[-46.60621,-22.98345],[-46.60718,-22.98437],[-46.60801,-22.98494],[-46.60932,-22.98551],[-46.61093,-22.98679],[-46.61182,-22.98709],[-46.61288,-22.98717],[-46.61369,-22.98688],[-46.61436,-22.98685],[-46.61563,-22.98737],[-46.61598,-22.98847],[-46.61721,-22.99008],[-46.61803,-22.99058],[-46.6204,-22.99091],[-46.62124,-22.9918],[-46.62135,-22.99318],[-46.62216,-22.99401],[-46.62305,-22.9943],[-46.623,-22.9948],[-46.62327,-22.99572],[-46.62342,-22.99677],[-46.62344,-22.99828],[-46.62331,-22.99865],[-46.62224,-22.99944],[-46.62125,-23.00031],[-46.62074,-23.00125],[-46.6202,-23.00191],[-46.61914,-23.00266],[-46.61842,-23.00424],[-46.61804,-23.00439],[-46.61701,-23.004],[-46.61672,-23.00448],[-46.61728,-23.00509],[-46.61764,-23.00585],[-46.61859,-23.00622],[-46.61918,-23.00676],[-46.6202,-23.00727],[-46.62101,-23.00715],[-46.62053,-23.00806],[-46.62073,-23.00884],[-46.6208,-23.01006],[-46.62128,-23.01092],[-46.62137,-23.01154],[-46.62192,-23.01317],[-46.62201,-23.01491],[-46.62178,-23.01538],[-46.62013,-23.01662],[-46.61906,-23.01689],[-46.61806,-23.01651],[-46.61138,-23.01655],[-46.61072,-23.01682],[-46.60975,-23.01746],[-46.60787,-23.01833],[-46.60698,-23.01853],[-46.60579,-23.01824],[-46.60464,-23.01794],[-46.60242,-23.01821],[-46.6005,-23.01813],[-46.59938,-23.01875],[-46.59836,-23.02001],[-46.59726,-23.02032],[-46.59568,-23.01994],[-46.59419,-23.0201],[-46.59344,-23.01967],[-46.59292,-23.01966],[-46.5923,-23.01997],[-46.59135,-23.01964],[-46.59034,-23.01872],[-46.58972,-23.01836],[-46.58874,-23.01811],[-46.58779,-23.01804],[-46.58678,-23.01835],[-46.58588,-23.01957],[-46.58546,-23.01994],[-46.58465,-23.02012],[-46.58406,-23.01992],[-46.58352,-23.02013],[-46.58321,-23.0208],[-46.58254,-23.02096],[-46.58182,-23.02059],[-46.58095,-23.01866],[-46.5802,-23.01808],[-46.57949,-23.01818],[-46.5791,-23.01863],[-46.57914,-23.01917],[-46.57961,-23.02092],[-46.57915,-23.02242],[-46.57926,-23.02401],[-46.57904,-23.02454],[-46.57862,-23.02479],[-46.57808,-23.02468]]]},"properties":{"codigo":"3507605058","name":"Bocaina","population":343,"households":145,"areaKm2":25.1156,"density":13.7}},{"type":"Feature","geometry":{"type":"Polygon","coordinates":[[[-46.49005,-22.98343],[-46.48982,-22.98259],[-46.4877,-22.98224],[-46.48654,-22.98238],[-46.48548,-22.98272],[-46.48348,-22.9836],[-46.48221,-22.98377],[-46.48104,-22.98372],[-46.47964,-22.98391],[-46.47681,-22.98258],[-46.47508,-22.98212],[-46.47409,-22.98176],[-46.47354,-22.98177],[-46.47253,-22.98148],[-46.47139,-22.98163],[-46.4706,-22.98233],[-46.46991,-22.9825],[-46.46937,-22.98237],[-46.46796,-22.98256],[-46.46676,-22.98225],[-46.46621,-22.98143],[-46.46528,-22.98112],[-46.46476,-22.98076],[-46.46394,-22.97966],[-46.46294,-22.97739],[-46.462,-22.97572],[-46.46088,-22.97488],[-46.45996,-22.97381],[-46.45946,-22.97306],[-46.4594,-22.97176],[-46.45924,-22.97124],[-46.4581,-22.96968],[-46.45691,-22.96902],[-46.45641,-22.96855],[-46.45602,-22.96771],[-46.45555,-22.96629],[-46.45402,-22.96206],[-46.4539,-22.96092],[-46.45296,-22.95997],[-46.45168,-22.95828],[-46.45086,-22.95691],[-46.45021,-22.9555],[-46.44983,-22.95333],[-46.44941,-22.95263],[-46.44826,-22.95139],[-46.44888,-22.95133],[-46.44912,-22.9508],[-46.44991,-22.95038],[-46.45044,-22.95034],[-46.45065,-22.94989],[-46.45024,-22.94905],[-46.44975,-22.94877],[-46.45032,-22.94793],[-46.44975,-22.94746],[-46.45016,-22.94721],[-46.44974,-22.94643],[-46.44989,-22.94574],[-46.44968,-22.94488],[-46.45009,-22.94472],[-46.45001,-22.94416],[-46.45062,-22.94427],[-46.45063,-22.94375],[-46.45105,-22.94291],[-46.45075,-22.94251],[-46.45103,-22.94205],[-46.45076,-22.94176],[-46.45064,-22.94084],[-46.45117,-22.94061],[-46.45115,-22.9398],[-46.45015,-22.93846],[-46.44864,-22.93771],[-46.44885,-22.93708],[-46.44873,-22.93658],[-46.44823,-22.93645],[-46.44794,-22.93583],[-46.44852,-22.93563],[-46.44881,-22.93477],[-46.44915,-22.93449],[-46.45018,-22.93465],[-46.45049,-22.93406],[-46.45135,-22.93365],[-46.45218,-22.9339],[-46.45228,-22.93345],[-46.4531,-22.93313],[-46.45289,-22.93233],[-46.45322,-22.93179],[-46.45295,-22.93073],[-46.45346,-22.93025],[-46.45312,-22.92936],[-46.45487,-22.92934],[-46.45523,-22.9299],[-46.45578,-22.9296],[-46.45664,-22.92942],[-46.45722,-22.92991],[-46.45774,-22.92971],[-46.45758,-22.9292],[-46.45815,-22.92895],[-46.45878,-22.92803],[-46.45896,-22.92747],[-46.46639,-22.93045],[-46.46742,-22.93091],[-46.46854,-22.93168],[-46.46965,-22.93294],[-46.47071,-22.93468],[-46.47556,-22.94286],[-46.47779,-22.94675],[-46.47865,-22.94814],[-46.47937,-22.94985],[-46.48033,-22.95511],[-46.48076,-22.95778],[-46.48113,-22.95903],[-46.48175,-22.96051],[-46.48876,-22.9754],[-46.48958,-22.97702],[-46.49042,-22.97835],[-46.49153,-22.9795],[-46.49311,-22.98065],[-46.49426,-22.98121],[-46.49531,-22.98158],[-46.49456,-22.98196],[-46.49365,-22.98159],[-46.49208,-22.98184],[-46.49075,-22.98309],[-46.49005,-22.98343]]]},"properties":{"codigo":"3507605049","name":"Bacci","population":639,"households":334,"areaKm2":16.0079,"density":39.9}},{"type":"Feature","geometry":{"type":"Polygon","coordinates":[[[-46.64835,-23.01134],[-46.64702,-23.01137],[-46.64588,-23.01193],[-46.64393,-23.01331],[-46.64346,-23.01341],[-46.64245,-23.01455],[-46.64171,-23.01496],[-46.64058,-23.0158],[-46.63977,-23.01693],[-46.63913,-23.01746],[-46.63854,-23.01764],[-46.63737,-23.01903],[-46.63683,-23.01845],[-46.63676,-23.01537],[-46.63605,-23.01374],[-46.63532,-23.01308],[-46.63433,-23.01259],[-46.63223,-23.0122],[-46.63146,-23.01155],[-46.63149,-23.01038],[-46.63131,-23.00955],[-46.63064,-23.00848],[-46.62817,-23.00668],[-46.62744,-23.00644],[-46.6267,-23.00645],[-46.62551,-23.00673],[-46.62468,-23.00639],[-46.62362,-23.0063],[-46.62236,-23.0065],[-46.62101,-23.00715],[-46.6202,-23.00727],[-46.61918,-23.00676],[-46.61859,-23.00622],[-46.61764,-23.00585],[-46.61728,-23.00509],[-46.61672,-23.00448],[-46.61701,-23.004],[-46.61804,-23.00439],[-46.61842,-23.00424],[-46.61914,-23.00266],[-46.6202,-23.00191],[-46.62074,-23.00125],[-46.62125,-23.00031],[-46.62224,-22.99944],[-46.62331,-22.99865],[-46.62344,-22.99828],[-46.62342,-22.99677],[-46.62327,-22.99572],[-46.623,-22.9948],[-46.62305,-22.9943],[-46.62216,-22.99401],[-46.62135,-22.99318],[-46.62124,-22.9918],[-46.6204,-22.99091],[-46.61803,-22.99058],[-46.61721,-22.99008],[-46.61598,-22.98847],[-46.61563,-22.98737],[-46.61436,-22.98685],[-46.61369,-22.98688],[-46.61288,-22.98717],[-46.61182,-22.98709],[-46.61093,-22.98679],[-46.60932,-22.98551],[-46.60801,-22.98494],[-46.60718,-22.98437],[-46.60621,-22.98345],[-46.60461,-22.98175],[-46.60266,-22.97942],[-46.60193,-22.97814],[-46.60149,-22.97703],[-46.60175,-22.97646],[-46.60215,-22.97487],[-46.60248,-22.97428],[-46.60308,-22.97369],[-46.60448,-22.97265],[-46.60504,-22.9718],[-46.60515,-22.97003],[-46.60567,-22.96998],[-46.60647,-22.9696],[-46.60714,-22.96868],[-46.60766,-22.96828],[-46.60899,-22.96782],[-46.6098,-22.96773],[-46.61141,-22.96806],[-46.61273,-22.96906],[-46.61468,-22.96923],[-46.61571,-22.96885],[-46.61626,-22.96838],[-46.6169,-22.96822],[-46.61844,-22.96881],[-46.61943,-22.96841],[-46.62181,-22.96907],[-46.62276,-22.96858],[-46.62348,-22.96886],[-46.62364,-22.96781],[-46.62411,-22.96692],[-46.62417,-22.96634],[-46.62479,-22.96521],[-46.6248,-22.96485],[-46.62417,-22.9636],[-46.62407,-22.9625],[-46.62544,-22.9602],[-46.62558,-22.95903],[-46.62597,-22.95965],[-46.62652,-22.96002],[-46.62661,-22.96058],[-46.62638,-22.96129],[-46.62685,-22.96178],[-46.62692,-22.96222],[-46.6262,-22.96255],[-46.62578,-22.96306],[-46.62574,-22.96365],[-46.62634,-22.96424],[-46.62688,-22.96512],[-46.62817,-22.96643],[-46.62864,-22.96713],[-46.62949,-22.9677],[-46.63186,-22.9693],[-46.63252,-22.97028],[-46.63375,-22.97104],[-46.63543,-22.97161],[-46.63641,-22.97222],[-46.63814,-22.97391],[-46.63887,-22.97481],[-46.6408,-22.97804],[-46.64261,-22.98136],[-46.64602,-22.98499],[-46.64828,-22.98749],[-46.64958,-22.98883],[-46.65122,-22.98988],[-46.65188,-22.98972],[-46.65441,-22.98987],[-46.65665,-22.99067],[-46.65902,-22.99191],[-46.66098,-22.99333],[-46.66171,-22.99437],[-46.66182,-22.99647],[-46.66205,-22.99722],[-46.66179,-22.99838],[-46.66191,-22.99919],[-46.66146,-22.99975],[-46.66121,-23.00052],[-46.66058,-23.00095],[-46.66034,-23.00168],[-46.65969,-23.00245],[-46.65912,-23.0029],[-46.65854,-23.0037],[-46.65798,-23.00421],[-46.65773,-23.00484],[-46.65713,-23.00541],[-46.65677,-23.00607],[-46.65494,-23.00698],[-46.65458,-23.00751],[-46.65378,-23.00805],[-46.65299,-23.00826],[-46.65279,-23.0089],[-46.65232,-23.00929],[-46.65164,-23.01019],[-46.65085,-23.01074],[-46.65,-23.01091],[-46.64902,-23.01135],[-46.64835,-23.01134]]]},"properties":{"codigo":"3507605057","name":"Santa Cristina","population":333,"households":207,"areaKm2":17.9382,"density":18.6}},{"type":"Feature","geometry":{"type":"Polygon","coordinates":[[[-46.54719,-22.95316],[-46.5471,-22.95431],[-46.54646,-22.95578],[-46.54625,-22.95718],[-46.54591,-22.95801],[-46.54438,-22.95975],[-46.54405,-22.96077],[-46.5439,-22.9636],[-46.5441,-22.96433],[-46.54481,-22.96574],[-46.54399,-22.96742],[-46.54226,-22.96629],[-46.54081,-22.96767],[-46.54023,-22.96774],[-46.53962,-22.9682],[-46.53717,-22.9694],[-46.53679,-22.96946],[-46.53559,-22.96794],[-46.53481,-22.96677],[-46.53485,-22.96587],[-46.53624,-22.96397],[-46.53701,-22.96233],[-46.53835,-22.96071],[-46.5392,-22.95712],[-46.54005,-22.95319],[-46.54013,-22.95242],[-46.54044,-22.9513],[-46.54424,-22.95186],[-46.54645,-22.95123],[-46.54667,-22.95131],[-46.54699,-22.953],[-46.54719,-22.95316]]]},"properties":{"codigo":"3507605013","name":"Centro","population":4715,"households":2714,"areaKm2":1.3623,"density":3461}},{"type":"Feature","geometry":{"type":"Polygon","coordinates":[[[-46.53975,-22.85972],[-46.54235,-22.85808],[-46.54291,-22.85712],[-46.54536,-22.84889],[-46.54595,-22.84708],[-46.54649,-22.84613],[-46.54698,-22.84563],[-46.54919,-22.84403],[-46.54986,-22.84331],[-46.55048,-22.84186],[-46.55134,-22.83942],[-46.55162,-22.84053],[-46.55236,-22.841],[-46.55278,-22.84101],[-46.55453,-22.83993],[-46.55515,-22.83985],[-46.55583,-22.84013],[-46.55687,-22.8402],[-46.55785,-22.84096],[-46.55939,-22.84176],[-46.55997,-22.84244],[-46.56131,-22.84251],[-46.56209,-22.84283],[-46.56313,-22.84274],[-46.56381,-22.84312],[-46.56473,-22.84323],[-46.56499,-22.84358],[-46.56571,-22.84377],[-46.56617,-22.84439],[-46.56742,-22.8448],[-46.56806,-22.84474],[-46.56911,-22.84525],[-46.56947,-22.84572],[-46.56998,-22.84581],[-46.57099,-22.84692],[-46.57106,-22.84743],[-46.57228,-22.84751],[-46.57269,-22.84727],[-46.57328,-22.8477],[-46.57453,-22.84746],[-46.57494,-22.8478],[-46.57614,-22.84764],[-46.57716,-22.84773],[-46.57743,-22.84729],[-46.57793,-22.84764],[-46.57876,-22.84744],[-46.57936,-22.84759],[-46.57994,-22.84852],[-46.58067,-22.84833],[-46.58092,-22.8488],[-46.58163,-22.849],[-46.58171,-22.8495],[-46.58235,-22.84982],[-46.58229,-22.85024],[-46.58268,-22.85085],[-46.58216,-22.8509],[-46.58194,-22.85187],[-46.58143,-22.85231],[-46.58051,-22.85372],[-46.58055,-22.85529],[-46.58029,-22.85643],[-46.57955,-22.8565],[-46.57873,-22.85707],[-46.57837,-22.85855],[-46.57777,-22.85929],[-46.57754,-22.8599],[-46.57689,-22.86027],[-46.57615,-22.85996],[-46.57542,-22.86019],[-46.5745,-22.86007],[-46.57346,-22.8606],[-46.57235,-22.86081],[-46.57085,-22.86063],[-46.5692,-22.8607],[-46.56809,-22.86057],[-46.56708,-22.86064],[-46.56604,-22.86107],[-46.56488,-22.86111],[-46.56446,-22.86178],[-46.5635,-22.86248],[-46.56314,-22.86344],[-46.56243,-22.8634],[-46.56178,-22.86302],[-46.56034,-22.86256],[-46.55853,-22.86223],[-46.55657,-22.86176],[-46.556,-22.86176],[-46.5548,-22.86234],[-46.5544,-22.86235],[-46.55356,-22.86195],[-46.55269,-22.86207],[-46.55147,-22.86288],[-46.55111,-22.8641],[-46.55023,-22.86519],[-46.54986,-22.86681],[-46.55002,-22.86759],[-46.55142,-22.86879],[-46.55159,-22.86916],[-46.55251,-22.86942],[-46.55415,-22.86933],[-46.55555,-22.86978],[-46.5578,-22.87076],[-46.5586,-22.8708],[-46.56099,-22.87186],[-46.56152,-22.87232],[-46.56168,-22.87324],[-46.56278,-22.87485],[-46.56287,-22.87566],[-46.56268,-22.8759],[-46.56126,-22.87651],[-46.56059,-22.877],[-46.56044,-22.87742],[-46.55986,-22.87765],[-46.55917,-22.87757],[-46.55718,-22.87882],[-46.55559,-22.87839],[-46.55225,-22.87587],[-46.55238,-22.87468],[-46.55211,-22.87334],[-46.55173,-22.87226],[-46.55092,-22.87137],[-46.54995,-22.87095],[-46.54961,-22.86983],[-46.54969,-22.86868],[-46.54891,-22.86885],[-46.54605,-22.86915],[-46.54481,-22.86681],[-46.54454,-22.86566],[-46.54449,-22.86395],[-46.54424,-22.86323],[-46.54298,-22.8616],[-46.54209,-22.86093],[-46.54082,-22.85998],[-46.53975,-22.85972]]]},"properties":{"codigo":"3507605055","name":"Pereiras","population":1430,"households":770,"areaKm2":8.5131,"density":168}}]}