{"type":"FeatureCollection","features":[{"type":"Feature","geometry":{"type":"Polygon","coordinates":[[[-46.91573,-23.17754],[-46.92319,-23.17172],[-46.92372,-23.17129],[-46.92608,-23.17317],[-46.92753,-23.17369],[-46.92811,-23.17368],[-46.93049,-23.17336],[-46.93413,-23.1728],[-46.93523,-23.17268],[-46.93847,-23.17218],[-46.93657,-23.17552],[-46.93471,-23.18074],[-46.9329,-23.18602],[-46.93227,-23.18591],[-46.93248,-23.1851],[-46.93223,-23.18004],[-46.93186,-23.17822],[-46.93134,-23.17704],[-46.92784,-23.17771],[-46.92423,-23.17792],[-46.92351,-23.17878],[-46.92316,-23.17891],[-46.92256,-23.17862],[-46.92232,-23.17956],[-46.92139,-23.17917],[-46.92027,-23.17786],[-46.91972,-23.17738],[-46.91997,-23.17615],[-46.91704,-23.17739],[-46.91613,-23.17789],[-46.91573,-23.17754]]]},"properties":{"codigo":"3525904023","name":"Casa Branca","population":274,"households":133,"areaKm2":1.2083,"density":226.8}},{"type":"Feature","geometry":{"type":"Polygon","coordinates":[[[-46.86325,-23.2075],[-46.8626,-23.20919],[-46.86177,-23.21008],[-46.8586,-23.21264],[-46.85806,-23.2134],[-46.85731,-23.21372],[-46.85668,-23.21422],[-46.85593,-23.21541],[-46.85575,-23.21605],[-46.85598,-23.21724],[-46.8554,-23.2176],[-46.85511,-23.21632],[-46.85496,-23.21499],[-46.85464,-23.21381],[-46.85405,-23.21263],[-46.85393,-23.21084],[-46.8537,-23.21049],[-46.85401,-23.20792],[-46.85442,-23.20714],[-46.85381,-23.20715],[-46.8499,-23.20793],[-46.84988,-23.20714],[-46.84835,-23.20582],[-46.84782,-23.20583],[-46.84744,-23.20499],[-46.84555,-23.2029],[-46.84654,-23.20279],[-46.8482,-23.20294],[-46.85697,-23.20425],[-46.85903,-23.20449],[-46.86023,-23.2044],[-46.86131,-23.20411],[-46.86237,-23.2036],[-46.86366,-23.20273],[-46.86386,-23.20565],[-46.8638,-23.20653],[-46.86418,-23.20672],[-46.86325,-23.2075]]]},"properties":{"codigo":"3525904003","name":"Agapeama","population":8451,"households":3636,"areaKm2":1.217,"density":6944.3}},{"type":"Feature","geometry":{"type":"Polygon","coordinates":[[[-46.88987,-23.1911],[-46.88905,-23.19068],[-46.88902,-23.1915],[-46.88776,-23.19316],[-46.88779,-23.19352],[-46.88595,-23.19246],[-46.8862,-23.19442],[-46.88391,-23.19411],[-46.88325,-23.19379],[-46.88218,-23.19295],[-46.88115,-23.19479],[-46.8804,-23.19499],[-46.8806,-23.19557],[-46.87454,-23.19189],[-46.87796,-23.18699],[-46.87862,-23.18613],[-46.88041,-23.18276],[-46.88104,-23.18178],[-46.88217,-23.18066],[-46.88405,-23.17943],[-46.88616,-23.17823],[-46.88745,-23.17749],[-46.88946,-23.17935],[-46.89322,-23.18267],[-46.89409,-23.18343],[-46.89386,-23.18403],[-46.8932,-23.18479],[-46.89414,-23.18481],[-46.89244,-23.18622],[-46.89139,-23.18739],[-46.88985,-23.18955],[-46.88996,-23.18999],[-46.88987,-23.1911]]]},"properties":{"codigo":"3525904001","name":"Centro","population":8964,"households":5232,"areaKm2":2.1541,"density":4161.4}},{"type":"Feature","geometry":{"type":"Polygon","coordinates":[[[-46.87329,-23.13938],[-46.87182,-23.13901],[-46.87148,-23.13764],[-46.87102,-23.13699],[-46.8694,-23.1364],[-46.86869,-23.13637],[-46.86813,-23.1359],[-46.86623,-23.13542],[-46.86512,-23.13456],[-46.86353,-23.13439],[-46.8619,-23.13463],[-46.86055,-23.13553],[-46.86019,-23.13609],[-46.85817,-23.13615],[-46.85723,-23.13611],[-46.85517,-23.13557],[-46.85413,-23.13541],[-46.85323,-23.13581],[-46.85203,-23.13697],[-46.8514,-23.13816],[-46.85022,-23.13905],[-46.84994,-23.13941],[-46.84955,-23.14045],[-46.84901,-23.1401],[-46.84834,-23.13854],[-46.84836,-23.1379],[-46.8474,-23.1379],[-46.84322,-23.13738],[-46.83927,-23.13664],[-46.83674,-23.13611],[-46.83545,-23.13574],[-46.83559,-23.13501],[-46.83544,-23.13404],[-46.83539,-23.1326],[-46.83415,-23.13103],[-46.8344,-23.13068],[-46.83447,-23.12926],[-46.83466,-23.12842],[-46.83474,-23.12731],[-46.83449,-23.12683],[-46.8356,-23.12646],[-46.83696,-23.12689],[-46.83765,-23.12685],[-46.83896,-23.12717],[-46.83992,-23.12647],[-46.84,-23.12623],[-46.84206,-23.12368],[-46.84261,-23.12403],[-46.8438,-23.1244],[-46.84541,-23.12525],[-46.84543,-23.12434],[-46.84708,-23.12271],[-46.84745,-23.12214],[-46.84874,-23.12093],[-46.84946,-23.11985],[-46.84985,-23.11993],[-46.85033,-23.11913],[-46.85075,-23.11922],[-46.85099,-23.11853],[-46.85162,-23.11798],[-46.85188,-23.11692],[-46.85274,-23.11552],[-46.85338,-23.11542],[-46.85435,-23.11598],[-46.85863,-23.11782],[-46.85953,-23.11814],[-46.8623,-23.11892],[-46.86284,-23.11919],[-46.86475,-23.12061],[-46.86591,-23.12092],[-46.86916,-23.12106],[-46.86974,-23.12127],[-46.87083,-23.12232],[-46.87238,-23.12306],[-46.87283,-23.12356],[-46.87313,-23.12499],[-46.87376,-23.1261],[-46.87391,-23.12665],[-46.87422,-23.1297],[-46.8747,-23.13086],[-46.87457,-23.13177],[-46.87398,-23.13278],[-46.87335,-23.13529],[-46.87328,-23.1373],[-46.87329,-23.13938]]]},"properties":{"codigo":"3525904049","name":"Mato Dentro","population":1338,"households":589,"areaKm2":6.7433,"density":198.4}},{"type":"Feature","geometry":{"type":"Polygon","coordinates":[[[-46.9808,-23.12972],[-46.98116,-23.12971],[-46.9823,-23.12824],[-46.98357,-23.12709],[-46.98911,-23.1222],[-46.992,-23.1196],[-46.99278,-23.11993],[-46.99355,-23.11942],[-46.99444,-23.11746],[-46.99554,-23.11648],[-46.99676,-23.11644],[-46.9975,-23.11678],[-46.99849,-23.1175],[-47.00018,-23.11721],[-47.00264,-23.11727],[-47.00465,-23.11805],[-47.00559,-23.11884],[-47.00642,-23.12023],[-47.00657,-23.12163],[-47.00614,-23.1224],[-47.00505,-23.12331],[-47.00414,-23.12476],[-47.00407,-23.12542],[-47.0044,-23.12617],[-47.0052,-23.12716],[-47.00607,-23.12783],[-47.00698,-23.12824],[-47.00814,-23.12844],[-47.0085,-23.12866],[-47.0088,-23.12931],[-47.00862,-23.13065],[-47.00904,-23.13117],[-47.01041,-23.13187],[-47.01121,-23.13181],[-47.0121,-23.13152],[-47.01313,-23.13166],[-47.01433,-23.13248],[-47.01472,-23.13308],[-47.01483,-23.13387],[-47.01468,-23.13577],[-47.01484,-23.13648],[-47.01531,-23.13732],[-47.01589,-23.1378],[-47.01864,-23.13913],[-47.01977,-23.14017],[-47.02032,-23.14111],[-47.02048,-23.14282],[-47.02047,-23.14448],[-47.02072,-23.14532],[-47.02117,-23.14604],[-47.02249,-23.14736],[-47.02187,-23.1478],[-47.02081,-23.1477],[-47.01724,-23.1456],[-47.01654,-23.14505],[-47.01557,-23.14468],[-47.01492,-23.14391],[-47.01428,-23.14273],[-47.01394,-23.14236],[-47.01355,-23.14125],[-47.01281,-23.14016],[-47.01224,-23.13957],[-47.01212,-23.13902],[-47.01162,-23.13887],[-47.01085,-23.13909],[-47.01081,-23.13755],[-47.0103,-23.13718],[-47.00998,-23.13625],[-47.00876,-23.1364],[-47.00816,-23.13609],[-47.00771,-23.13541],[-47.00655,-23.13478],[-47.00561,-23.13492],[-47.00456,-23.13559],[-47.00354,-23.13533],[-47.00286,-23.13608],[-47.00188,-23.13601],[-47.00149,-23.13619],[-47.00126,-23.13679],[-47.00075,-23.1372],[-46.99991,-23.13756],[-46.99948,-23.13752],[-46.9988,-23.13702],[-46.99731,-23.1364],[-46.99644,-23.13701],[-46.99563,-23.13708],[-46.99481,-23.13686],[-46.99396,-23.1369],[-46.99322,-23.13674],[-46.99275,-23.13632],[-46.99144,-23.13585],[-46.98932,-23.13556],[-46.98956,-23.13628],[-46.98942,-23.13681],[-46.98858,-23.13699],[-46.98739,-23.13702],[-46.98677,-23.13671],[-46.9862,-23.13678],[-46.98577,-23.13716],[-46.985,-23.13723],[-46.98469,-23.13603],[-46.98427,-23.13613],[-46.98336,-23.13751],[-46.98172,-23.13849],[-46.98164,-23.13922],[-46.98217,-23.14006],[-46.98274,-23.14138],[-46.98259,-23.14186],[-46.98082,-23.14303],[-46.97954,-23.14357],[-46.97842,-23.14354],[-46.97763,-23.14411],[-46.9768,-23.14579],[-46.97672,-23.14594],[-46.97497,-23.14506],[-46.97504,-23.1436],[-46.97297,-23.14234],[-46.97241,-23.14278],[-46.9723,-23.14333],[-46.97125,-23.14265],[-46.97448,-23.14088],[-46.97611,-23.13971],[-46.97754,-23.13813],[-46.97839,-23.13648],[-46.98026,-23.13086],[-46.9808,-23.12972]]]},"properties":{"codigo":"3525904064","name":"Bom Jardim","population":1260,"households":495,"areaKm2":6.3432,"density":198.6}},{"type":"Feature","geometry":{"type":"Polygon","coordinates":[[[-46.80662,-23.14658],[-46.80626,-23.14614],[-46.80612,-23.14536],[-46.80656,-23.14335],[-46.80759,-23.14103],[-46.80833,-23.13897],[-46.80835,-23.13843],[-46.80786,-23.13751],[-46.80647,-23.13601],[-46.80568,-23.13496],[-46.80413,-23.13448],[-46.80338,-23.13306],[-46.8029,-23.13246],[-46.80225,-23.13212],[-46.80058,-23.13184],[-46.80003,-23.13161],[-46.79962,-23.13085],[-46.79969,-23.12921],[-46.79941,-23.12809],[-46.79881,-23.12668],[-46.79852,-23.12542],[-46.79793,-23.12485],[-46.79661,-23.12457],[-46.79624,-23.12436],[-46.79555,-23.12305],[-46.7951,-23.12245],[-46.79505,-23.12171],[-46.79461,-23.12086],[-46.79294,-23.11925],[-46.79239,-23.11855],[-46.79222,-23.11633],[-46.7917,-23.11509],[-46.79138,-23.11316],[-46.79193,-23.11239],[-46.79351,-23.11152],[-46.79459,-23.11133],[-46.79649,-23.11134],[-46.79685,-23.11109],[-46.79656,-23.11044],[-46.79528,-23.10957],[-46.79552,-23.10771],[-46.79526,-23.10666],[-46.79439,-23.10539],[-46.79308,-23.10394],[-46.79263,-23.10326],[-46.7926,-23.10284],[-46.7933,-23.10236],[-46.79438,-23.10117],[-46.79494,-23.10084],[-46.79594,-23.1008],[-46.79647,-23.101],[-46.7982,-23.10224],[-46.79921,-23.10257],[-46.80142,-23.10226],[-46.80189,-23.10204],[-46.80262,-23.10135],[-46.80312,-23.10108],[-46.80426,-23.10086],[-46.80488,-23.10097],[-46.80697,-23.10274],[-46.8094,-23.10378],[-46.81073,-23.10428],[-46.81141,-23.10614],[-46.81181,-23.10663],[-46.8125,-23.10682],[-46.81367,-23.10657],[-46.81455,-23.10612],[-46.81622,-23.10638],[-46.81678,-23.10601],[-46.81703,-23.10626],[-46.81626,-23.10707],[-46.817,-23.10799],[-46.81776,-23.10866],[-46.81863,-23.10984],[-46.81857,-23.11071],[-46.81908,-23.11137],[-46.81895,-23.11246],[-46.81993,-23.11377],[-46.82205,-23.11411],[-46.82273,-23.11458],[-46.82301,-23.11526],[-46.82348,-23.11579],[-46.82337,-23.1161],[-46.82314,-23.11676],[-46.82239,-23.11766],[-46.82061,-23.11882],[-46.81971,-23.11985],[-46.81908,-23.1217],[-46.81796,-23.12206],[-46.81672,-23.12217],[-46.81624,-23.12348],[-46.81653,-23.12403],[-46.81553,-23.12509],[-46.81464,-23.12545],[-46.81466,-23.12597],[-46.81669,-23.12745],[-46.81957,-23.13133],[-46.82052,-23.13376],[-46.82098,-23.13461],[-46.82152,-23.13486],[-46.82288,-23.1346],[-46.82342,-23.13524],[-46.82347,-23.13651],[-46.8258,-23.13768],[-46.8262,-23.13936],[-46.82683,-23.14015],[-46.8267,-23.14116],[-46.82625,-23.1425],[-46.82626,-23.14535],[-46.82715,-23.14548],[-46.82708,-23.14634],[-46.82791,-23.14645],[-46.82749,-23.1471],[-46.82674,-23.14775],[-46.82599,-23.14785],[-46.82457,-23.14857],[-46.82445,-23.14939],[-46.82402,-23.14938],[-46.82376,-23.15001],[-46.82337,-23.14994],[-46.8226,-23.14908],[-46.82167,-23.14919],[-46.82123,-23.1488],[-46.82042,-23.14849],[-46.81953,-23.14792],[-46.81794,-23.14731],[-46.81252,-23.14504],[-46.8109,-23.14455],[-46.81019,-23.14468],[-46.80789,-23.14657],[-46.80753,-23.14672],[-46.80662,-23.14658]]]},"properties":{"codigo":"3525904074","name":"Roseira","population":2157,"households":823,"areaKm2":10.7727,"density":200.2}},{"type":"Feature","geometry":{"type":"Polygon","coordinates":[[[-46.93213,-23.13503],[-46.93106,-23.13452],[-46.93049,-23.13368],[-46.9302,-23.13204],[-46.92961,-23.13125],[-46.92901,-23.13114],[-46.92752,-23.13141],[-46.92707,-23.13133],[-46.92654,-23.13089],[-46.92521,-23.12933],[-46.92324,-23.13086],[-46.9228,-23.1317],[-46.92228,-23.13433],[-46.92194,-23.13527],[-46.92086,-23.13669],[-46.91774,-23.13375],[-46.9163,-23.13448],[-46.91533,-23.13514],[-46.91351,-23.1368],[-46.91271,-23.13723],[-46.9105,-23.13806],[-46.90965,-23.1387],[-46.90909,-23.13942],[-46.90895,-23.13893],[-46.90987,-23.13803],[-46.90987,-23.13709],[-46.90896,-23.1357],[-46.9091,-23.13467],[-46.90893,-23.13336],[-46.90842,-23.13124],[-46.90791,-23.12979],[-46.9077,-23.12941],[-46.90752,-23.1281],[-46.9076,-23.12758],[-46.90835,-23.12688],[-46.90825,-23.12643],[-46.90742,-23.12621],[-46.90728,-23.12554],[-46.90733,-23.12447],[-46.90783,-23.12214],[-46.9081,-23.12149],[-46.90819,-23.12068],[-46.90925,-23.11977],[-46.91014,-23.11932],[-46.91146,-23.11896],[-46.91204,-23.11845],[-46.91231,-23.11759],[-46.91236,-23.11644],[-46.91221,-23.11575],[-46.91237,-23.11468],[-46.91344,-23.1127],[-46.91426,-23.11089],[-46.91515,-23.10968],[-46.91536,-23.10858],[-46.91523,-23.10742],[-46.91432,-23.10614],[-46.91446,-23.10562],[-46.91533,-23.10498],[-46.91579,-23.10414],[-46.91578,-23.10345],[-46.91527,-23.10226],[-46.91477,-23.10173],[-46.91314,-23.10086],[-46.91386,-23.101],[-46.91604,-23.10202],[-46.91714,-23.10167],[-46.91832,-23.10045],[-46.91906,-23.09995],[-46.91993,-23.09957],[-46.92187,-23.099],[-46.92268,-23.09861],[-46.92355,-23.09765],[-46.92439,-23.09768],[-46.92492,-23.09817],[-46.92619,-23.09847],[-46.92736,-23.09816],[-46.92863,-23.09747],[-46.92919,-23.09734],[-46.9313,-23.0974],[-46.93256,-23.09753],[-46.93561,-23.09616],[-46.93766,-23.09603],[-46.93859,-23.0962],[-46.93951,-23.09777],[-46.94145,-23.09922],[-46.94202,-23.10046],[-46.94207,-23.10114],[-46.94243,-23.10234],[-46.94215,-23.10343],[-46.94221,-23.10396],[-46.94286,-23.10543],[-46.94292,-23.10797],[-46.94286,-23.10878],[-46.94253,-23.11006],[-46.94094,-23.11485],[-46.94026,-23.11629],[-46.93934,-23.11757],[-46.93867,-23.11834],[-46.93676,-23.12013],[-46.93433,-23.12363],[-46.93508,-23.1237],[-46.93492,-23.12534],[-46.93668,-23.12545],[-46.93572,-23.12785],[-46.93518,-23.129],[-46.93443,-23.13022],[-46.93351,-23.13219],[-46.93334,-23.13271],[-46.93213,-23.13503]]]},"properties":{"codigo":"3525904047","name":"Currupira","population":6311,"households":2430,"areaKm2":11.1096,"density":568.1}},{"type":"Feature","geometry":{"type":"Polygon","coordinates":[[[-46.87376,-23.1261],[-46.87539,-23.12635],[-46.87806,-23.12784],[-46.87918,-23.12664],[-46.88018,-23.12574],[-46.88063,-23.12596],[-46.88152,-23.12756],[-46.88263,-23.12867],[-46.88259,-23.12892],[-46.88443,-23.12945],[-46.88623,-23.12769],[-46.88707,-23.12708],[-46.88912,-23.12589],[-46.89017,-23.12577],[-46.89024,-23.12634],[-46.89141,-23.12632],[-46.89245,-23.1261],[-46.89252,-23.12566],[-46.89562,-23.12711],[-46.89845,-23.12479],[-46.90019,-23.126],[-46.90314,-23.1287],[-46.9051,-23.12893],[-46.90791,-23.12979],[-46.90842,-23.13124],[-46.90893,-23.13336],[-46.9091,-23.13467],[-46.90896,-23.1357],[-46.90987,-23.13709],[-46.90987,-23.13803],[-46.90895,-23.13893],[-46.90909,-23.13942],[-46.90611,-23.14382],[-46.9057,-23.14463],[-46.9054,-23.14591],[-46.90541,-23.14816],[-46.90501,-23.14957],[-46.90411,-23.15116],[-46.90305,-23.15253],[-46.9026,-23.15391],[-46.90301,-23.15391],[-46.91255,-23.15451],[-46.91004,-23.16063],[-46.90952,-23.16171],[-46.90866,-23.16303],[-46.90396,-23.16147],[-46.90175,-23.1607],[-46.89485,-23.15762],[-46.89265,-23.15663],[-46.89132,-23.15619],[-46.87747,-23.15335],[-46.8774,-23.15189],[-46.87906,-23.15008],[-46.87832,-23.14945],[-46.87706,-23.15053],[-46.87686,-23.15011],[-46.87387,-23.14459],[-46.87356,-23.14377],[-46.87327,-23.14113],[-46.87329,-23.13938],[-46.87328,-23.1373],[-46.87335,-23.13529],[-46.87398,-23.13278],[-46.87457,-23.13177],[-46.8747,-23.13086],[-46.87422,-23.1297],[-46.87391,-23.12665],[-46.87376,-23.1261]]]},"properties":{"codigo":"3525904039","name":"Pinheirinho","population":528,"households":239,"areaKm2":11.31,"density":46.7}},{"type":"Feature","geometry":{"type":"Polygon","coordinates":[[[-46.86934,-23.18827],[-46.86749,-23.18892],[-46.86651,-23.18876],[-46.86554,-23.18879],[-46.86411,-23.18915],[-46.86182,-23.19023],[-46.86074,-23.19106],[-46.85832,-23.19124],[-46.85681,-23.19004],[-46.8549,-23.18752],[-46.85443,-23.18671],[-46.85426,-23.18504],[-46.85458,-23.18476],[-46.85693,-23.18374],[-46.85752,-23.18356],[-46.85774,-23.18322],[-46.85689,-23.18301],[-46.85655,-23.18261],[-46.85784,-23.18151],[-46.85913,-23.18148],[-46.85951,-23.18098],[-46.86003,-23.18091],[-46.86064,-23.17822],[-46.86114,-23.17854],[-46.86419,-23.1793],[-46.86627,-23.1814],[-46.86734,-23.18135],[-46.86705,-23.18248],[-46.86698,-23.18435],[-46.86663,-23.18472],[-46.86787,-23.18474],[-46.86899,-23.18489],[-46.86981,-23.18482],[-46.8696,-23.18595],[-46.87005,-23.18694],[-46.86964,-23.18794],[-46.86934,-23.18827]]]},"properties":{"codigo":"3525904020","name":"Jardim Pacaembu","population":7667,"households":3433,"areaKm2":1.3598,"density":5638.4}},{"type":"Feature","geometry":{"type":"Polygon","coordinates":[[[-46.86325,-23.2075],[-46.86406,-23.20745],[-46.86488,-23.20681],[-46.86642,-23.20846],[-46.86874,-23.21108],[-46.86961,-23.2104],[-46.87011,-23.2093],[-46.87098,-23.20899],[-46.8717,-23.20961],[-46.87184,-23.21003],[-46.87303,-23.21059],[-46.87291,-23.21115],[-46.87302,-23.21329],[-46.87288,-23.2143],[-46.87262,-23.21507],[-46.87207,-23.21733],[-46.87151,-23.21785],[-46.87031,-23.21847],[-46.87017,-23.21885],[-46.87029,-23.22163],[-46.87001,-23.22235],[-46.86764,-23.22512],[-46.86547,-23.22771],[-46.86406,-23.22932],[-46.86308,-23.23019],[-46.86227,-23.23063],[-46.8605,-23.23138],[-46.85706,-23.22862],[-46.85682,-23.22803],[-46.85579,-23.22838],[-46.85546,-23.22747],[-46.85525,-23.22641],[-46.85551,-23.2241],[-46.85464,-23.2241],[-46.85382,-23.2244],[-46.85382,-23.22397],[-46.85424,-23.2236],[-46.85409,-23.22315],[-46.85327,-23.22284],[-46.85274,-23.2221],[-46.85187,-23.22216],[-46.85175,-23.22182],[-46.85185,-23.22059],[-46.85242,-23.21969],[-46.8535,-23.21904],[-46.85436,-23.21834],[-46.8553,-23.21797],[-46.8554,-23.2176],[-46.85598,-23.21724],[-46.85575,-23.21605],[-46.85593,-23.21541],[-46.85668,-23.21422],[-46.85731,-23.21372],[-46.85806,-23.2134],[-46.8586,-23.21264],[-46.86177,-23.21008],[-46.8626,-23.20919],[-46.86325,-23.2075]]]},"properties":{"codigo":"3525904004","name":"Jardim do Lago","population":18888,"households":7841,"areaKm2":3.3496,"density":5638.8}},{"type":"Feature","geometry":{"type":"Polygon","coordinates":[[[-46.82791,-23.14645],[-46.82867,-23.14665],[-46.82936,-23.14716],[-46.83013,-23.14709],[-46.83066,-23.14725],[-46.83223,-23.1484],[-46.83349,-23.14789],[-46.83414,-23.14749],[-46.83438,-23.14705],[-46.83503,-23.14724],[-46.83613,-23.14708],[-46.83691,-23.14671],[-46.83804,-23.14683],[-46.83891,-23.14749],[-46.83905,-23.14911],[-46.83749,-23.14922],[-46.83711,-23.15051],[-46.83679,-23.15388],[-46.83525,-23.15309],[-46.83509,-23.15384],[-46.83337,-23.15338],[-46.83363,-23.15432],[-46.8329,-23.15518],[-46.83225,-23.15549],[-46.83209,-23.15606],[-46.83157,-23.15644],[-46.83113,-23.15751],[-46.83038,-23.1583],[-46.83016,-23.15962],[-46.8294,-23.16024],[-46.82873,-23.1602],[-46.82694,-23.16113],[-46.8256,-23.16102],[-46.82436,-23.16125],[-46.82414,-23.16154],[-46.82228,-23.16259],[-46.82104,-23.16359],[-46.81993,-23.16382],[-46.819,-23.16477],[-46.81856,-23.16499],[-46.81758,-23.16596],[-46.81426,-23.1641],[-46.81399,-23.1637],[-46.81279,-23.16333],[-46.81154,-23.16319],[-46.81154,-23.16098],[-46.81203,-23.15922],[-46.81218,-23.15834],[-46.81281,-23.1573],[-46.81289,-23.1568],[-46.81421,-23.15557],[-46.8153,-23.15515],[-46.81758,-23.15379],[-46.81825,-23.15282],[-46.81926,-23.15162],[-46.82157,-23.14962],[-46.82167,-23.14919],[-46.8226,-23.14908],[-46.82337,-23.14994],[-46.82376,-23.15001],[-46.82402,-23.14938],[-46.82445,-23.14939],[-46.82457,-23.14857],[-46.82599,-23.14785],[-46.82674,-23.14775],[-46.82749,-23.1471],[-46.82791,-23.14645]]]},"properties":{"codigo":"3525904042","name":"Nova Odessa","population":938,"households":399,"areaKm2":3.0719,"density":305.3}},{"type":"Feature","geometry":{"type":"Polygon","coordinates":[[[-46.9329,-23.18602],[-46.93047,-23.19326],[-46.92718,-23.20299],[-46.92656,-23.20468],[-46.92593,-23.20608],[-46.92499,-23.20788],[-46.92413,-23.20924],[-46.92315,-23.21049],[-46.92148,-23.21227],[-46.92048,-23.21323],[-46.91986,-23.21194],[-46.91933,-23.21132],[-46.91844,-23.20821],[-46.91764,-23.20705],[-46.91661,-23.20528],[-46.91686,-23.20513],[-46.91743,-23.20325],[-46.91813,-23.20337],[-46.91875,-23.20176],[-46.91908,-23.20182],[-46.92085,-23.20094],[-46.92034,-23.2003],[-46.92021,-23.19984],[-46.92131,-23.19666],[-46.9229,-23.19705],[-46.92294,-23.19625],[-46.92256,-23.1957],[-46.92252,-23.19484],[-46.92287,-23.19306],[-46.92225,-23.19165],[-46.92135,-23.19034],[-46.92108,-23.18921],[-46.92074,-23.18864],[-46.9218,-23.18442],[-46.92253,-23.18241],[-46.92294,-23.18147],[-46.92348,-23.18144],[-46.92435,-23.18217],[-46.92667,-23.18333],[-46.92843,-23.18383],[-46.93103,-23.18538],[-46.93227,-23.18591],[-46.9329,-23.18602]]]},"properties":{"codigo":"3525904033","name":"Gramadão","population":4755,"households":2224,"areaKm2":2.6996,"density":1761.3}},{"type":"Feature","geometry":{"type":"Polygon","coordinates":[[[-46.83679,-23.15388],[-46.83804,-23.15436],[-46.83963,-23.15484],[-46.83927,-23.15558],[-46.84176,-23.15594],[-46.84175,-23.15645],[-46.8423,-23.15731],[-46.84327,-23.15778],[-46.84367,-23.1578],[-46.84365,-23.15918],[-46.84352,-23.15987],[-46.8438,-23.16045],[-46.84386,-23.16132],[-46.84372,-23.16179],[-46.84306,-23.16232],[-46.84082,-23.16332],[-46.84002,-23.16389],[-46.83935,-23.16537],[-46.83869,-23.16637],[-46.83771,-23.16749],[-46.83675,-23.1688],[-46.83653,-23.16929],[-46.83582,-23.17015],[-46.83491,-23.17208],[-46.83441,-23.17417],[-46.83465,-23.17547],[-46.83529,-23.17639],[-46.83553,-23.1787],[-46.8358,-23.17915],[-46.8364,-23.17938],[-46.83612,-23.17992],[-46.83628,-23.18061],[-46.83733,-23.18098],[-46.83772,-23.18097],[-46.83717,-23.18219],[-46.83667,-23.18278],[-46.83606,-23.18285],[-46.83537,-23.1833],[-46.83472,-23.18337],[-46.83276,-23.18438],[-46.83177,-23.18405],[-46.83043,-23.18436],[-46.82977,-23.18437],[-46.82891,-23.18376],[-46.8287,-23.18316],[-46.82851,-23.18158],[-46.82871,-23.18024],[-46.82854,-23.17978],[-46.82773,-23.17929],[-46.82608,-23.17675],[-46.82525,-23.17506],[-46.82482,-23.17355],[-46.82383,-23.17175],[-46.82202,-23.16972],[-46.82106,-23.16854],[-46.82038,-23.16802],[-46.81922,-23.16737],[-46.81758,-23.16596],[-46.81856,-23.16499],[-46.819,-23.16477],[-46.81993,-23.16382],[-46.82104,-23.16359],[-46.82228,-23.16259],[-46.82414,-23.16154],[-46.82436,-23.16125],[-46.8256,-23.16102],[-46.82694,-23.16113],[-46.82873,-23.1602],[-46.8294,-23.16024],[-46.83016,-23.15962],[-46.83038,-23.1583],[-46.83113,-23.15751],[-46.83157,-23.15644],[-46.83209,-23.15606],[-46.83225,-23.15549],[-46.8329,-23.15518],[-46.83363,-23.15432],[-46.83337,-23.15338],[-46.83509,-23.15384],[-46.83525,-23.15309],[-46.83679,-23.15388]]]},"properties":{"codigo":"3525904063","name":"Ponte Alta","population":827,"households":337,"areaKm2":4.2807,"density":193.2}},{"type":"Feature","geometry":{"type":"Polygon","coordinates":[[[-46.90866,-23.16303],[-46.90758,-23.16448],[-46.90586,-23.1666],[-46.90534,-23.16773],[-46.90259,-23.17127],[-46.90219,-23.17188],[-46.9016,-23.17233],[-46.90106,-23.17356],[-46.90062,-23.17404],[-46.89922,-23.17469],[-46.89859,-23.17539],[-46.89668,-23.1749],[-46.8958,-23.17458],[-46.89508,-23.17408],[-46.89665,-23.17348],[-46.89735,-23.17293],[-46.89825,-23.17177],[-46.90151,-23.16735],[-46.90206,-23.1663],[-46.90382,-23.162],[-46.90396,-23.16147],[-46.90866,-23.16303]]]},"properties":{"codigo":"3525904071","name":"Jardim Botânico","population":264,"households":115,"areaKm2":0.6272,"density":420.9}},{"type":"Feature","geometry":{"type":"Polygon","coordinates":[[[-47.02249,-23.14736],[-47.02342,-23.14844],[-47.02088,-23.14933],[-47.01928,-23.14942],[-47.01723,-23.14899],[-47.01678,-23.15034],[-47.01621,-23.15101],[-47.01424,-23.1523],[-47.01375,-23.15244],[-47.01153,-23.15171],[-47.00727,-23.14896],[-47.00685,-23.14891],[-47.00621,-23.14807],[-47.00631,-23.1477],[-47.00542,-23.14657],[-47.00448,-23.14605],[-47.00273,-23.14624],[-46.99991,-23.14694],[-46.99807,-23.14733],[-46.99627,-23.14753],[-46.99368,-23.14761],[-46.99045,-23.14731],[-46.98745,-23.14679],[-46.98737,-23.14639],[-46.9892,-23.14353],[-46.98846,-23.14333],[-46.98727,-23.14322],[-46.98636,-23.14331],[-46.98467,-23.14438],[-46.98303,-23.14588],[-46.98157,-23.14703],[-46.98093,-23.14806],[-46.9803,-23.14767],[-46.97981,-23.14831],[-46.9768,-23.14579],[-46.97763,-23.14411],[-46.97842,-23.14354],[-46.97954,-23.14357],[-46.98082,-23.14303],[-46.98259,-23.14186],[-46.98274,-23.14138],[-46.98217,-23.14006],[-46.98164,-23.13922],[-46.98172,-23.13849],[-46.98336,-23.13751],[-46.98427,-23.13613],[-46.98469,-23.13603],[-46.985,-23.13723],[-46.98577,-23.13716],[-46.9862,-23.13678],[-46.98677,-23.13671],[-46.98739,-23.13702],[-46.98858,-23.13699],[-46.98942,-23.13681],[-46.98956,-23.13628],[-46.98932,-23.13556],[-46.99144,-23.13585],[-46.99275,-23.13632],[-46.99322,-23.13674],[-46.99396,-23.1369],[-46.99481,-23.13686],[-46.99563,-23.13708],[-46.99644,-23.13701],[-46.99731,-23.1364],[-46.9988,-23.13702],[-46.99948,-23.13752],[-46.99991,-23.13756],[-47.00075,-23.1372],[-47.00126,-23.13679],[-47.00149,-23.13619],[-47.00188,-23.13601],[-47.00286,-23.13608],[-47.00354,-23.13533],[-47.00456,-23.13559],[-47.00561,-23.13492],[-47.00655,-23.13478],[-47.00771,-23.13541],[-47.00816,-23.13609],[-47.00876,-23.1364],[-47.00998,-23.13625],[-47.0103,-23.13718],[-47.01081,-23.13755],[-47.01085,-23.13909],[-47.01162,-23.13887],[-47.01212,-23.13902],[-47.01224,-23.13957],[-47.01281,-23.14016],[-47.01355,-23.14125],[-47.01394,-23.14236],[-47.01428,-23.14273],[-47.01492,-23.14391],[-47.01557,-23.14468],[-47.01654,-23.14505],[-47.01724,-23.1456],[-47.02081,-23.1477],[-47.02187,-23.1478],[-47.02249,-23.14736]]]},"properties":{"codigo":"3525904066","name":"Novo Horizonte","population":23004,"households":7678,"areaKm2":4.4567,"density":5161.6}},{"type":"Feature","geometry":{"type":"Polygon","coordinates":[[[-46.84555,-23.2029],[-46.84542,-23.20275],[-46.84145,-23.20285],[-46.84159,-23.20215],[-46.84206,-23.20173],[-46.84319,-23.20156],[-46.84434,-23.20161],[-46.84641,-23.20199],[-46.84804,-23.20212],[-46.84942,-23.20237],[-46.85023,-23.20235],[-46.85106,-23.20212],[-46.85212,-23.20136],[-46.85376,-23.20061],[-46.85131,-23.19861],[-46.85091,-23.19816],[-46.85042,-23.19691],[-46.8498,-23.19576],[-46.8506,-23.19487],[-46.85065,-23.19456],[-46.85238,-23.19222],[-46.85412,-23.19143],[-46.85542,-23.192],[-46.85832,-23.19124],[-46.86074,-23.19106],[-46.86182,-23.19023],[-46.86411,-23.18915],[-46.86554,-23.18879],[-46.86651,-23.18876],[-46.86749,-23.18892],[-46.86934,-23.18827],[-46.87393,-23.18927],[-46.8737,-23.19093],[-46.87381,-23.1914],[-46.87454,-23.19189],[-46.87113,-23.19671],[-46.87001,-23.19815],[-46.86822,-23.19971],[-46.86539,-23.20159],[-46.86366,-23.20273],[-46.86237,-23.2036],[-46.86131,-23.20411],[-46.86023,-23.2044],[-46.85903,-23.20449],[-46.85697,-23.20425],[-46.8482,-23.20294],[-46.84654,-23.20279],[-46.84555,-23.2029]]]},"properties":{"codigo":"3525904019","name":"Nambi","population":18091,"households":7229,"areaKm2":3.026,"density":5978.4}},{"type":"Feature","geometry":{"type":"Polygon","coordinates":[[[-46.88987,-23.1911],[-46.88994,-23.19211],[-46.88939,-23.19479],[-46.88947,-23.19611],[-46.88981,-23.19721],[-46.89127,-23.19956],[-46.8921,-23.2012],[-46.89262,-23.20251],[-46.8923,-23.20246],[-46.89173,-23.20316],[-46.89129,-23.20283],[-46.89029,-23.20256],[-46.89006,-23.20287],[-46.88922,-23.20267],[-46.88552,-23.2028],[-46.88507,-23.20312],[-46.88465,-23.20228],[-46.88351,-23.20166],[-46.88215,-23.20139],[-46.88189,-23.2009],[-46.88117,-23.20018],[-46.88144,-23.19993],[-46.88068,-23.1991],[-46.8806,-23.19557],[-46.8804,-23.19499],[-46.88115,-23.19479],[-46.88218,-23.19295],[-46.88325,-23.19379],[-46.88391,-23.19411],[-46.8862,-23.19442],[-46.88595,-23.19246],[-46.88779,-23.19352],[-46.88776,-23.19316],[-46.88902,-23.1915],[-46.88905,-23.19068],[-46.88987,-23.1911]]]},"properties":{"codigo":"3525904053","name":"Vianelo","population":7033,"households":3227,"areaKm2":0.9974,"density":7051.3}},{"type":"Feature","geometry":{"type":"Polygon","coordinates":[[[-46.89322,-23.18267],[-46.89496,-23.1811],[-46.89737,-23.1783],[-46.89782,-23.17714],[-46.89813,-23.1767],[-46.89859,-23.17539],[-46.90083,-23.17597],[-46.90189,-23.17601],[-46.90627,-23.17534],[-46.90637,-23.17646],[-46.90562,-23.17797],[-46.90567,-23.17968],[-46.9028,-23.18093],[-46.90239,-23.18123],[-46.90062,-23.18296],[-46.89877,-23.18491],[-46.89794,-23.18653],[-46.89747,-23.18725],[-46.89658,-23.18762],[-46.89467,-23.18812],[-46.89239,-23.18891],[-46.89161,-23.18933],[-46.89027,-23.18957],[-46.88996,-23.18999],[-46.88985,-23.18955],[-46.89139,-23.18739],[-46.89244,-23.18622],[-46.89414,-23.18481],[-46.8932,-23.18479],[-46.89386,-23.18403],[-46.89409,-23.18343],[-46.89322,-23.18267]]]},"properties":{"codigo":"3525904011","name":"Chácara Urbana","population":2784,"households":1342,"areaKm2":1.0354,"density":2688.9}},{"type":"Feature","geometry":{"type":"Polygon","coordinates":[[[-46.9768,-23.14579],[-46.97981,-23.14831],[-46.9803,-23.14767],[-46.98093,-23.14806],[-46.98157,-23.14703],[-46.98303,-23.14588],[-46.98467,-23.14438],[-46.98636,-23.14331],[-46.98727,-23.14322],[-46.98846,-23.14333],[-46.9892,-23.14353],[-46.98737,-23.14639],[-46.98745,-23.14679],[-46.99045,-23.14731],[-46.99021,-23.14774],[-46.98989,-23.14953],[-46.98774,-23.14954],[-46.9878,-23.15316],[-46.9927,-23.15312],[-46.99111,-23.17335],[-46.9895,-23.17397],[-46.97282,-23.17964],[-46.9716,-23.18025],[-46.97098,-23.18084],[-46.97049,-23.18162],[-46.96972,-23.18343],[-46.96332,-23.18111],[-46.9638,-23.17983],[-46.96524,-23.17795],[-46.96532,-23.17689],[-46.96582,-23.17594],[-46.96267,-23.17455],[-46.9625,-23.17389],[-46.96114,-23.17629],[-46.96094,-23.17628],[-46.95957,-23.17164],[-46.96373,-23.17054],[-46.96479,-23.16977],[-46.96523,-23.16905],[-46.96505,-23.16735],[-46.9651,-23.16622],[-46.96484,-23.16401],[-46.96609,-23.16316],[-46.96904,-23.16159],[-46.96942,-23.16121],[-46.96975,-23.15943],[-46.97,-23.1586],[-46.97007,-23.15746],[-46.97047,-23.15606],[-46.9712,-23.15486],[-46.97243,-23.15417],[-46.97298,-23.15355],[-46.97411,-23.15269],[-46.975,-23.15132],[-46.97463,-23.15022],[-46.97502,-23.14954],[-46.97541,-23.1478],[-46.97563,-23.14716],[-46.97636,-23.1466],[-46.97672,-23.14594],[-46.9768,-23.14579]]]},"properties":{"codigo":"3525904065","name":"Fazenda Grande","population":12837,"households":4286,"areaKm2":8.4029,"density":1527.7}},{"type":"Feature","geometry":{"type":"Polygon","coordinates":[[[-46.88777,-23.23807],[-46.88309,-23.24215],[-46.88226,-23.24308],[-46.87957,-23.24642],[-46.87792,-23.2481],[-46.87791,-23.24838],[-46.87265,-23.25267],[-46.87174,-23.25305],[-46.8708,-23.25378],[-46.86968,-23.25518],[-46.86855,-23.25694],[-46.86717,-23.25809],[-46.86739,-23.2566],[-46.8672,-23.25513],[-46.86626,-23.25213],[-46.86585,-23.25026],[-46.86609,-23.24838],[-46.86865,-23.243],[-46.86889,-23.24214],[-46.86935,-23.23888],[-46.86949,-23.23834],[-46.86971,-23.23752],[-46.87367,-23.22962],[-46.87416,-23.22872],[-46.87448,-23.22893],[-46.87449,-23.22951],[-46.87409,-23.23007],[-46.87423,-23.23079],[-46.87531,-23.22982],[-46.87556,-23.22937],[-46.87639,-23.23016],[-46.87754,-23.22984],[-46.87794,-23.23053],[-46.87972,-23.23094],[-46.8829,-23.23148],[-46.88296,-23.23114],[-46.88414,-23.23156],[-46.88408,-23.23278],[-46.88451,-23.2335],[-46.88559,-23.23458],[-46.88616,-23.23541],[-46.88777,-23.23807]]]},"properties":{"codigo":"3525904058","name":"Terra Nova","population":239,"households":106,"areaKm2":3.4772,"density":68.7}},{"type":"Feature","geometry":{"type":"Polygon","coordinates":[[[-46.88616,-23.17823],[-46.88586,-23.17817],[-46.88509,-23.17861],[-46.88344,-23.17924],[-46.88183,-23.17831],[-46.87983,-23.17751],[-46.87855,-23.17709],[-46.8789,-23.17617],[-46.87741,-23.17587],[-46.87578,-23.17506],[-46.87713,-23.17267],[-46.87461,-23.17111],[-46.87301,-23.17117],[-46.87214,-23.17088],[-46.87293,-23.16835],[-46.87749,-23.16676],[-46.87787,-23.16653],[-46.87791,-23.16792],[-46.87817,-23.1684],[-46.8799,-23.16956],[-46.88059,-23.1703],[-46.88103,-23.17032],[-46.88187,-23.16968],[-46.88233,-23.16978],[-46.8836,-23.171],[-46.88452,-23.17134],[-46.88553,-23.17054],[-46.88601,-23.16981],[-46.88765,-23.16817],[-46.88939,-23.16838],[-46.88981,-23.16822],[-46.89108,-23.1682],[-46.8928,-23.1689],[-46.89427,-23.17004],[-46.89238,-23.17125],[-46.89315,-23.1718],[-46.89508,-23.17408],[-46.89306,-23.17466],[-46.89142,-23.17525],[-46.88745,-23.17749],[-46.88616,-23.17823]]]},"properties":{"codigo":"3525904013","name":"Vila Rio Branco","population":6996,"households":3070,"areaKm2":1.7051,"density":4103}},{"type":"Feature","geometry":{"type":"Polygon","coordinates":[[[-46.88996,-23.18999],[-46.89027,-23.18957],[-46.89161,-23.18933],[-46.89239,-23.18891],[-46.89467,-23.18812],[-46.89658,-23.18762],[-46.89747,-23.18725],[-46.89924,-23.18742],[-46.90002,-23.18792],[-46.90016,-23.18857],[-46.90005,-23.18945],[-46.90254,-23.18964],[-46.90462,-23.19067],[-46.90564,-23.19019],[-46.90561,-23.18958],[-46.90649,-23.18859],[-46.90688,-23.18867],[-46.90566,-23.19197],[-46.90255,-23.20059],[-46.90184,-23.20234],[-46.90099,-23.20387],[-46.89954,-23.20576],[-46.89788,-23.20726],[-46.89619,-23.20842],[-46.89488,-23.20654],[-46.89503,-23.20638],[-46.89419,-23.20553],[-46.89358,-23.20468],[-46.89302,-23.20325],[-46.89262,-23.20251],[-46.8921,-23.2012],[-46.89127,-23.19956],[-46.88981,-23.19721],[-46.88947,-23.19611],[-46.88939,-23.19479],[-46.88994,-23.19211],[-46.88987,-23.1911],[-46.88996,-23.18999]]]},"properties":{"codigo":"3525904009","name":"Anhangabaú","population":12017,"households":5225,"areaKm2":2.5147,"density":4778.7}},{"type":"Feature","geometry":{"type":"Polygon","coordinates":[[[-46.83449,-23.12683],[-46.83392,-23.12596],[-46.83303,-23.12519],[-46.83107,-23.12202],[-46.83039,-23.12163],[-46.82925,-23.1213],[-46.82824,-23.12044],[-46.82643,-23.11764],[-46.82536,-23.11665],[-46.82417,-23.11652],[-46.82337,-23.1161],[-46.82348,-23.11579],[-46.82301,-23.11526],[-46.82273,-23.11458],[-46.82205,-23.11411],[-46.81993,-23.11377],[-46.81895,-23.11246],[-46.81908,-23.11137],[-46.81857,-23.11071],[-46.81863,-23.10984],[-46.81776,-23.10866],[-46.817,-23.10799],[-46.81626,-23.10707],[-46.81703,-23.10626],[-46.81678,-23.10601],[-46.81856,-23.1046],[-46.81945,-23.10329],[-46.8196,-23.10233],[-46.81933,-23.10023],[-46.81953,-23.09928],[-46.82118,-23.09868],[-46.82226,-23.09787],[-46.82298,-23.09748],[-46.82485,-23.09721],[-46.82622,-23.09678],[-46.82757,-23.09672],[-46.82809,-23.09686],[-46.82994,-23.0982],[-46.83061,-23.09844],[-46.83139,-23.0983],[-46.83245,-23.0978],[-46.83444,-23.09718],[-46.83509,-23.09738],[-46.83528,-23.09786],[-46.83474,-23.09905],[-46.83481,-23.09963],[-46.83572,-23.10022],[-46.83646,-23.1001],[-46.83714,-23.0993],[-46.83749,-23.09912],[-46.83936,-23.09908],[-46.84044,-23.09919],[-46.84182,-23.09984],[-46.84252,-23.09968],[-46.84364,-23.0987],[-46.84509,-23.09871],[-46.84607,-23.0982],[-46.84577,-23.09946],[-46.84584,-23.10052],[-46.84613,-23.1014],[-46.84679,-23.10254],[-46.84817,-23.10464],[-46.84865,-23.10572],[-46.84928,-23.10847],[-46.85043,-23.11229],[-46.851,-23.11317],[-46.85338,-23.11542],[-46.85274,-23.11552],[-46.85188,-23.11692],[-46.85162,-23.11798],[-46.85099,-23.11853],[-46.85075,-23.11922],[-46.85033,-23.11913],[-46.84985,-23.11993],[-46.84946,-23.11985],[-46.84874,-23.12093],[-46.84745,-23.12214],[-46.84708,-23.12271],[-46.84543,-23.12434],[-46.84541,-23.12525],[-46.8438,-23.1244],[-46.84261,-23.12403],[-46.84206,-23.12368],[-46.84,-23.12623],[-46.83992,-23.12647],[-46.83896,-23.12717],[-46.83765,-23.12685],[-46.83696,-23.12689],[-46.8356,-23.12646],[-46.83449,-23.12683]]]},"properties":{"codigo":"3525904048","name":"Fazenda Conceição","population":627,"households":301,"areaKm2":8.1285,"density":77.1}},{"type":"Feature","geometry":{"type":"Polygon","coordinates":[[[-46.84607,-23.0982],[-46.84686,-23.09761],[-46.84924,-23.09299],[-46.84972,-23.09241],[-46.85042,-23.09108],[-46.85167,-23.08963],[-46.85237,-23.08652],[-46.85276,-23.08565],[-46.85348,-23.08466],[-46.85367,-23.08396],[-46.85461,-23.08288],[-46.85511,-23.08266],[-46.85575,-23.08294],[-46.85676,-23.0829],[-46.8575,-23.08237],[-46.85779,-23.08133],[-46.85843,-23.08069],[-46.85898,-23.08055],[-46.86083,-23.08038],[-46.86144,-23.07999],[-46.86185,-23.07897],[-46.86213,-23.07867],[-46.86406,-23.07796],[-46.86456,-23.07751],[-46.86533,-23.07638],[-46.86713,-23.07654],[-46.86835,-23.07846],[-46.86912,-23.07924],[-46.87025,-23.07969],[-46.87094,-23.08043],[-46.87158,-23.08158],[-46.87231,-23.08207],[-46.87338,-23.08346],[-46.87422,-23.08513],[-46.87532,-23.08671],[-46.87542,-23.08831],[-46.87585,-23.08889],[-46.87711,-23.08936],[-46.8779,-23.09045],[-46.87803,-23.09173],[-46.87839,-23.09228],[-46.88019,-23.09273],[-46.88139,-23.09361],[-46.88203,-23.09343],[-46.88224,-23.09271],[-46.88257,-23.09253],[-46.88338,-23.0926],[-46.88516,-23.09364],[-46.88611,-23.09366],[-46.88755,-23.0945],[-46.88804,-23.09448],[-46.88817,-23.09368],[-46.88864,-23.09329],[-46.88986,-23.09322],[-46.89051,-23.09374],[-46.89124,-23.094],[-46.89244,-23.09552],[-46.89219,-23.0963],[-46.89193,-23.09772],[-46.8914,-23.09857],[-46.89062,-23.09934],[-46.88993,-23.10074],[-46.8896,-23.10251],[-46.88849,-23.10171],[-46.88762,-23.10133],[-46.88673,-23.10116],[-46.88497,-23.10332],[-46.87905,-23.10028],[-46.87866,-23.09999],[-46.87712,-23.10213],[-46.87548,-23.10453],[-46.87526,-23.10508],[-46.87537,-23.10583],[-46.8742,-23.10592],[-46.87302,-23.10658],[-46.87295,-23.1071],[-46.87259,-23.10742],[-46.87232,-23.10848],[-46.87156,-23.10902],[-46.87086,-23.10987],[-46.87029,-23.11023],[-46.86706,-23.10824],[-46.86448,-23.10718],[-46.86376,-23.10674],[-46.86025,-23.10528],[-46.8598,-23.10648],[-46.85997,-23.10868],[-46.85653,-23.10755],[-46.85196,-23.10827],[-46.84928,-23.10847],[-46.84865,-23.10572],[-46.84817,-23.10464],[-46.84679,-23.10254],[-46.84613,-23.1014],[-46.84584,-23.10052],[-46.84577,-23.09946],[-46.84607,-23.0982]]]},"properties":{"codigo":"3525904046","name":"Champirra","population":2437,"households":1043,"areaKm2":9.6258,"density":253.2}},{"type":"Feature","geometry":{"type":"Polygon","coordinates":[[[-46.82167,-23.14919],[-46.82157,-23.14962],[-46.81926,-23.15162],[-46.81825,-23.15282],[-46.81758,-23.15379],[-46.8153,-23.15515],[-46.81421,-23.15557],[-46.81289,-23.1568],[-46.81281,-23.1573],[-46.81218,-23.15834],[-46.81203,-23.15922],[-46.81154,-23.16098],[-46.81154,-23.16319],[-46.81111,-23.1634],[-46.80992,-23.16294],[-46.80814,-23.16286],[-46.80698,-23.163],[-46.80692,-23.16364],[-46.80761,-23.16451],[-46.8087,-23.16655],[-46.80828,-23.16741],[-46.80661,-23.16622],[-46.8046,-23.16394],[-46.80239,-23.16228],[-46.80143,-23.16198],[-46.80037,-23.16233],[-46.79948,-23.16497],[-46.79911,-23.16587],[-46.79848,-23.16633],[-46.79702,-23.16858],[-46.79576,-23.16891],[-46.79533,-23.16935],[-46.79469,-23.16956],[-46.79317,-23.17031],[-46.79249,-23.16891],[-46.79235,-23.16681],[-46.79192,-23.16492],[-46.79114,-23.16313],[-46.79029,-23.16161],[-46.79002,-23.16068],[-46.79031,-23.15983],[-46.79102,-23.15915],[-46.79185,-23.15795],[-46.79203,-23.15668],[-46.79177,-23.15538],[-46.79119,-23.15467],[-46.79065,-23.15432],[-46.78851,-23.15388],[-46.78736,-23.15402],[-46.7866,-23.15378],[-46.78643,-23.15323],[-46.78781,-23.15256],[-46.78852,-23.15158],[-46.7895,-23.15047],[-46.79023,-23.15004],[-46.79096,-23.14983],[-46.79281,-23.14986],[-46.79391,-23.15013],[-46.79455,-23.15068],[-46.79478,-23.1516],[-46.79485,-23.15307],[-46.79581,-23.1539],[-46.79678,-23.15426],[-46.79707,-23.15417],[-46.79777,-23.1533],[-46.79831,-23.15284],[-46.79938,-23.15234],[-46.80002,-23.1516],[-46.80152,-23.1514],[-46.8019,-23.15083],[-46.80247,-23.15038],[-46.80246,-23.14994],[-46.80182,-23.14934],[-46.80163,-23.14862],[-46.80102,-23.14767],[-46.80098,-23.14726],[-46.80133,-23.14657],[-46.80191,-23.14639],[-46.80248,-23.14651],[-46.80365,-23.14759],[-46.80441,-23.14793],[-46.80494,-23.14855],[-46.80552,-23.14843],[-46.80566,-23.14705],[-46.80662,-23.14658],[-46.80753,-23.14672],[-46.80789,-23.14657],[-46.81019,-23.14468],[-46.8109,-23.14455],[-46.81252,-23.14504],[-46.81794,-23.14731],[-46.81953,-23.14792],[-46.82042,-23.14849],[-46.82123,-23.1488],[-46.82167,-23.14919]]]},"properties":{"codigo":"3525904061","name":"Campo Verde","population":272,"households":177,"areaKm2":4.7242,"density":57.6}},{"type":"Feature","geometry":{"type":"Polygon","coordinates":[[[-47.02342,-23.14844],[-47.02366,-23.15017],[-47.02436,-23.1505],[-47.02435,-23.15086],[-47.0236,-23.15112],[-47.02383,-23.15172],[-47.02293,-23.153],[-47.0233,-23.15329],[-47.02314,-23.15383],[-47.0235,-23.15449],[-47.02326,-23.15488],[-47.02365,-23.15547],[-47.02337,-23.15591],[-47.02355,-23.15636],[-47.02309,-23.15688],[-47.02333,-23.15764],[-47.02255,-23.15799],[-47.0222,-23.15837],[-47.02219,-23.15893],[-47.0215,-23.15959],[-47.02186,-23.16066],[-47.02148,-23.16178],[-47.01798,-23.1625],[-47.01543,-23.1631],[-47.01251,-23.16408],[-47.00772,-23.16632],[-47.00524,-23.16766],[-47.00419,-23.16801],[-47.0023,-23.16898],[-46.99893,-23.17061],[-46.99692,-23.17142],[-46.99334,-23.17265],[-46.99111,-23.17335],[-46.9927,-23.15312],[-46.9878,-23.15316],[-46.98774,-23.14954],[-46.98989,-23.14953],[-46.99021,-23.14774],[-46.99045,-23.14731],[-46.99368,-23.14761],[-46.99627,-23.14753],[-46.99807,-23.14733],[-46.99991,-23.14694],[-47.00273,-23.14624],[-47.00448,-23.14605],[-47.00542,-23.14657],[-47.00631,-23.1477],[-47.00621,-23.14807],[-47.00685,-23.14891],[-47.00727,-23.14896],[-47.01153,-23.15171],[-47.01375,-23.15244],[-47.01424,-23.1523],[-47.01621,-23.15101],[-47.01678,-23.15034],[-47.01723,-23.14899],[-47.01928,-23.14942],[-47.02088,-23.14933],[-47.02342,-23.14844]]]},"properties":{"codigo":"3525904067","name":"Parque Industrial","population":5941,"households":2371,"areaKm2":6.563,"density":905.2}},{"type":"Feature","geometry":{"type":"Polygon","coordinates":[[[-46.88745,-23.17749],[-46.89142,-23.17525],[-46.89306,-23.17466],[-46.89508,-23.17408],[-46.8958,-23.17458],[-46.89668,-23.1749],[-46.89859,-23.17539],[-46.89813,-23.1767],[-46.89782,-23.17714],[-46.89737,-23.1783],[-46.89496,-23.1811],[-46.89322,-23.18267],[-46.88946,-23.17935],[-46.88745,-23.17749]]]},"properties":{"codigo":"3525904012","name":"Vila Municipal","population":2057,"households":1007,"areaKm2":0.584,"density":3522}},{"type":"Feature","geometry":{"type":"Polygon","coordinates":[[[-46.87416,-23.22872],[-46.87517,-23.22665],[-46.87586,-23.2254],[-46.87664,-23.22434],[-46.88223,-23.21799],[-46.88344,-23.21675],[-46.88538,-23.21516],[-46.88834,-23.21327],[-46.89288,-23.21047],[-46.89547,-23.2119],[-46.89468,-23.21328],[-46.89314,-23.21561],[-46.88919,-23.22294],[-46.88866,-23.22311],[-46.88766,-23.22422],[-46.88677,-23.22572],[-46.88606,-23.22719],[-46.88622,-23.22865],[-46.8875,-23.22908],[-46.88853,-23.22879],[-46.88889,-23.22897],[-46.88919,-23.23017],[-46.89,-23.23215],[-46.89067,-23.23217],[-46.8922,-23.233],[-46.89419,-23.23304],[-46.89359,-23.23348],[-46.88791,-23.23822],[-46.88777,-23.23807],[-46.88616,-23.23541],[-46.88559,-23.23458],[-46.88451,-23.2335],[-46.88408,-23.23278],[-46.88414,-23.23156],[-46.88296,-23.23114],[-46.8829,-23.23148],[-46.87972,-23.23094],[-46.87794,-23.23053],[-46.87754,-23.22984],[-46.87639,-23.23016],[-46.87556,-23.22937],[-46.87531,-23.22982],[-46.87423,-23.23079],[-46.87409,-23.23007],[-46.87449,-23.22951],[-46.87448,-23.22893],[-46.87416,-23.22872]]]},"properties":{"codigo":"3525904006","name":"Maringá","population":14714,"households":6049,"areaKm2":2.6599,"density":5531.9}},{"type":"Feature","geometry":{"type":"Polygon","coordinates":[[[-46.86623,-23.15759],[-46.86569,-23.15732],[-46.86469,-23.15895],[-46.86308,-23.16543],[-46.86238,-23.16669],[-46.8598,-23.16679],[-46.86024,-23.16757],[-46.8604,-23.16854],[-46.86,-23.17058],[-46.8579,-23.17085],[-46.85637,-23.16992],[-46.85623,-23.17016],[-46.85587,-23.16992],[-46.85442,-23.16937],[-46.8536,-23.16833],[-46.85305,-23.16714],[-46.85277,-23.1658],[-46.85254,-23.16523],[-46.85184,-23.16463],[-46.85166,-23.16414],[-46.85171,-23.16327],[-46.85237,-23.16229],[-46.85257,-23.16141],[-46.8523,-23.16039],[-46.85413,-23.15931],[-46.85463,-23.1573],[-46.85505,-23.1565],[-46.85538,-23.15628],[-46.85645,-23.15625],[-46.85594,-23.15544],[-46.85536,-23.15296],[-46.85585,-23.15307],[-46.85726,-23.15306],[-46.8583,-23.15355],[-46.85888,-23.15368],[-46.86098,-23.15362],[-46.86388,-23.15216],[-46.86464,-23.15202],[-46.86628,-23.15196],[-46.86678,-23.15183],[-46.86805,-23.15114],[-46.8695,-23.1507],[-46.87108,-23.15128],[-46.87271,-23.15294],[-46.86853,-23.15435],[-46.86939,-23.15631],[-46.86746,-23.15711],[-46.86679,-23.15681],[-46.86623,-23.15759]]]},"properties":{"codigo":"3525904028","name":"Vale Azul","population":1183,"households":409,"areaKm2":2.2362,"density":529}},{"type":"Feature","geometry":{"type":"Polygon","coordinates":[[[-46.86608,-23.26254],[-46.86634,-23.2633],[-46.86778,-23.26599],[-46.86817,-23.2669],[-46.86836,-23.26776],[-46.86831,-23.27088],[-46.86843,-23.27183],[-46.86909,-23.27329],[-46.87101,-23.27557],[-46.87171,-23.27659],[-46.87208,-23.27746],[-46.87294,-23.28066],[-46.87294,-23.28179],[-46.87256,-23.28224],[-46.87054,-23.28257],[-46.86964,-23.28218],[-46.86928,-23.2816],[-46.86918,-23.27968],[-46.86863,-23.27867],[-46.8681,-23.2782],[-46.86746,-23.27794],[-46.86681,-23.27809],[-46.86621,-23.27908],[-46.86513,-23.27964],[-46.8645,-23.27958],[-46.86308,-23.27856],[-46.86254,-23.2785],[-46.8622,-23.27886],[-46.86165,-23.28114],[-46.86144,-23.28144],[-46.86024,-23.28217],[-46.85651,-23.28302],[-46.85385,-23.28399],[-46.85275,-23.28451],[-46.85167,-23.2844],[-46.85124,-23.28457],[-46.85061,-23.28532],[-46.84962,-23.28566],[-46.84898,-23.28564],[-46.84758,-23.28505],[-46.84688,-23.28451],[-46.84672,-23.28412],[-46.84643,-23.28242],[-46.8456,-23.28194],[-46.84437,-23.28201],[-46.84342,-23.28252],[-46.84209,-23.28371],[-46.83987,-23.28683],[-46.83895,-23.2877],[-46.83846,-23.28792],[-46.83795,-23.28779],[-46.83738,-23.28719],[-46.83622,-23.28674],[-46.83524,-23.28661],[-46.83449,-23.28623],[-46.83413,-23.28558],[-46.83408,-23.2848],[-46.83439,-23.28286],[-46.83462,-23.28209],[-46.83472,-23.28101],[-46.83454,-23.28035],[-46.83392,-23.27993],[-46.83291,-23.2796],[-46.83208,-23.27906],[-46.83134,-23.27901],[-46.83011,-23.27925],[-46.82857,-23.27981],[-46.82783,-23.27984],[-46.82711,-23.28007],[-46.82442,-23.28018],[-46.82295,-23.28016],[-46.82039,-23.28076],[-46.81929,-23.28091],[-46.81774,-23.28196],[-46.81649,-23.28261],[-46.81595,-23.28262],[-46.81424,-23.28211],[-46.81371,-23.28092],[-46.81353,-23.27962],[-46.81417,-23.27821],[-46.81424,-23.27745],[-46.81355,-23.27654],[-46.81241,-23.276],[-46.81079,-23.27593],[-46.80972,-23.27463],[-46.8082,-23.27471],[-46.8066,-23.2752],[-46.80543,-23.27463],[-46.80595,-23.27319],[-46.80587,-23.27236],[-46.80346,-23.27107],[-46.80311,-23.2706],[-46.80311,-23.26946],[-46.80358,-23.26791],[-46.80357,-23.26727],[-46.80286,-23.26657],[-46.80259,-23.26596],[-46.80257,-23.26522],[-46.80327,-23.26409],[-46.8034,-23.26344],[-46.80314,-23.26173],[-46.80318,-23.26115],[-46.80297,-23.26012],[-46.80263,-23.25921],[-46.8025,-23.25769],[-46.8026,-23.25711],[-46.80312,-23.2568],[-46.80405,-23.25661],[-46.80538,-23.256],[-46.80665,-23.25574],[-46.80712,-23.25529],[-46.80761,-23.2555],[-46.80908,-23.25551],[-46.81066,-23.25567],[-46.81101,-23.25583],[-46.81331,-23.2578],[-46.81436,-23.25858],[-46.81562,-23.25977],[-46.816,-23.26073],[-46.81653,-23.26113],[-46.81728,-23.26078],[-46.81773,-23.26003],[-46.81863,-23.25952],[-46.81939,-23.25937],[-46.82062,-23.2594],[-46.82134,-23.25913],[-46.82222,-23.25827],[-46.82252,-23.25752],[-46.82303,-23.25681],[-46.82452,-23.25599],[-46.82515,-23.25403],[-46.82654,-23.25218],[-46.82676,-23.25157],[-46.82744,-23.25082],[-46.82751,-23.25045],[-46.82861,-23.25002],[-46.83117,-23.24978],[-46.83242,-23.24917],[-46.83261,-23.24864],[-46.83266,-23.24721],[-46.8328,-23.24679],[-46.8335,-23.24751],[-46.83561,-23.25081],[-46.83613,-23.25155],[-46.83687,-23.25228],[-46.83717,-23.25284],[-46.83623,-23.25383],[-46.83599,-23.25456],[-46.83607,-23.25678],[-46.83593,-23.25734],[-46.83626,-23.25769],[-46.83685,-23.25884],[-46.83786,-23.25957],[-46.83906,-23.26072],[-46.83966,-23.26196],[-46.83994,-23.26304],[-46.84039,-23.26371],[-46.84066,-23.26474],[-46.84102,-23.26548],[-46.84132,-23.26663],[-46.84187,-23.2668],[-46.8439,-23.26654],[-46.84454,-23.26667],[-46.84607,-23.26672],[-46.84666,-23.26788],[-46.84776,-23.26901],[-46.84931,-23.26985],[-46.85041,-23.27067],[-46.85126,-23.27112],[-46.85281,-23.27255],[-46.85304,-23.2729],[-46.8537,-23.27274],[-46.85408,-23.27306],[-46.85561,-23.27148],[-46.85797,-23.26828],[-46.85903,-23.26728],[-46.86608,-23.26254]]]},"properties":{"codigo":"3525904055","name":"Cristais","population":1497,"households":235,"areaKm2":15.2323,"density":98.3}},{"type":"Feature","geometry":{"type":"Polygon","coordinates":[[[-46.92372,-23.17129],[-46.92468,-23.17045],[-46.9261,-23.16906],[-46.92685,-23.16821],[-46.92849,-23.16604],[-46.93016,-23.16336],[-46.93282,-23.15896],[-46.93406,-23.15665],[-46.93487,-23.15488],[-46.93711,-23.14954],[-46.93772,-23.1481],[-46.94199,-23.14616],[-46.94337,-23.14534],[-46.94454,-23.14746],[-46.94562,-23.14883],[-46.94156,-23.15068],[-46.94193,-23.15127],[-46.94272,-23.15188],[-46.94339,-23.15211],[-46.94508,-23.15317],[-46.94577,-23.15311],[-46.94726,-23.1525],[-46.94844,-23.15222],[-46.95012,-23.15205],[-46.95123,-23.15245],[-46.9518,-23.15293],[-46.95335,-23.15553],[-46.9534,-23.15626],[-46.9543,-23.15615],[-46.95455,-23.15632],[-46.95561,-23.1571],[-46.95678,-23.15819],[-46.95744,-23.15935],[-46.95704,-23.15978],[-46.95777,-23.16095],[-46.95819,-23.16185],[-46.95901,-23.16229],[-46.96053,-23.16349],[-46.9611,-23.16384],[-46.9626,-23.16444],[-46.96352,-23.16423],[-46.96396,-23.1643],[-46.96484,-23.16401],[-46.9651,-23.16622],[-46.96505,-23.16735],[-46.96523,-23.16905],[-46.96479,-23.16977],[-46.96373,-23.17054],[-46.95957,-23.17164],[-46.96094,-23.17628],[-46.96114,-23.17629],[-46.9625,-23.17389],[-46.96267,-23.17455],[-46.96582,-23.17594],[-46.96532,-23.17689],[-46.96524,-23.17795],[-46.9638,-23.17983],[-46.96332,-23.18111],[-46.96123,-23.18028],[-46.95982,-23.17956],[-46.95748,-23.17826],[-46.94891,-23.17309],[-46.94695,-23.17225],[-46.94548,-23.17188],[-46.94444,-23.17173],[-46.94231,-23.17165],[-46.93847,-23.17218],[-46.93523,-23.17268],[-46.93413,-23.1728],[-46.93049,-23.17336],[-46.92811,-23.17368],[-46.92753,-23.17369],[-46.92608,-23.17317],[-46.92372,-23.17129]]]},"properties":{"codigo":"3525904034","name":"Distrito Industrial","population":37,"households":14,"areaKm2":7.8272,"density":4.7}},{"type":"Feature","geometry":{"type":"Polygon","coordinates":[[[-46.92372,-23.17129],[-46.92212,-23.17028],[-46.92022,-23.16942],[-46.91651,-23.16782],[-46.91825,-23.16542],[-46.91901,-23.16394],[-46.92106,-23.16342],[-46.92028,-23.16135],[-46.91929,-23.15837],[-46.91857,-23.15645],[-46.91841,-23.15563],[-46.91809,-23.15529],[-46.91843,-23.15457],[-46.91768,-23.153],[-46.9213,-23.15177],[-46.92341,-23.15129],[-46.92513,-23.15099],[-46.92642,-23.15039],[-46.92825,-23.14894],[-46.92932,-23.14878],[-46.93064,-23.14834],[-46.93258,-23.14827],[-46.93389,-23.14788],[-46.93524,-23.14781],[-46.93676,-23.14797],[-46.93721,-23.14857],[-46.93711,-23.14954],[-46.93487,-23.15488],[-46.93406,-23.15665],[-46.93282,-23.15896],[-46.93016,-23.16336],[-46.92849,-23.16604],[-46.92685,-23.16821],[-46.9261,-23.16906],[-46.92468,-23.17045],[-46.92372,-23.17129]]]},"properties":{"codigo":"3525904035","name":"Engordadouro","population":10767,"households":3907,"areaKm2":3.0177,"density":3568}},{"type":"Feature","geometry":{"type":"Polygon","coordinates":[[[-46.8605,-23.23138],[-46.85923,-23.23184],[-46.86069,-23.23222],[-46.86113,-23.23289],[-46.86212,-23.23323],[-46.86289,-23.23256],[-46.86355,-23.2312],[-46.86426,-23.23067],[-46.86528,-23.23038],[-46.86628,-23.23094],[-46.86685,-23.23102],[-46.86816,-23.23071],[-46.86898,-23.23151],[-46.86888,-23.23215],[-46.86809,-23.23312],[-46.86793,-23.23394],[-46.86813,-23.23484],[-46.86803,-23.23576],[-46.8672,-23.23658],[-46.86819,-23.237],[-46.86949,-23.23834],[-46.86935,-23.23888],[-46.86889,-23.24214],[-46.86865,-23.243],[-46.86609,-23.24838],[-46.86585,-23.25026],[-46.8655,-23.25004],[-46.86466,-23.25029],[-46.86341,-23.25023],[-46.86405,-23.24917],[-46.86383,-23.24896],[-46.86178,-23.25002],[-46.86144,-23.25036],[-46.8609,-23.25001],[-46.85904,-23.24795],[-46.85532,-23.24523],[-46.85286,-23.24338],[-46.85248,-23.24364],[-46.85178,-23.24298],[-46.85135,-23.24351],[-46.85138,-23.24416],[-46.84955,-23.24499],[-46.84858,-23.24531],[-46.84713,-23.24543],[-46.84629,-23.24574],[-46.84208,-23.24872],[-46.84143,-23.24891],[-46.83982,-23.24906],[-46.83889,-23.24973],[-46.83778,-23.25185],[-46.83717,-23.25284],[-46.83687,-23.25228],[-46.83613,-23.25155],[-46.83561,-23.25081],[-46.8335,-23.24751],[-46.8328,-23.24679],[-46.83379,-23.24595],[-46.83433,-23.24594],[-46.83722,-23.2469],[-46.83807,-23.2467],[-46.83944,-23.24578],[-46.84078,-23.24443],[-46.84267,-23.24304],[-46.84305,-23.24252],[-46.84373,-23.24114],[-46.84477,-23.23979],[-46.84592,-23.23954],[-46.84767,-23.24022],[-46.84822,-23.2402],[-46.84872,-23.23951],[-46.84877,-23.23793],[-46.8491,-23.23651],[-46.84971,-23.23544],[-46.85069,-23.23498],[-46.85096,-23.23408],[-46.85047,-23.23349],[-46.85034,-23.23297],[-46.85034,-23.23179],[-46.85211,-23.23072],[-46.85271,-23.22982],[-46.85213,-23.22789],[-46.85206,-23.22712],[-46.85214,-23.22502],[-46.85179,-23.2229],[-46.85175,-23.22182],[-46.85187,-23.22216],[-46.85274,-23.2221],[-46.85327,-23.22284],[-46.85409,-23.22315],[-46.85424,-23.2236],[-46.85382,-23.22397],[-46.85382,-23.2244],[-46.85464,-23.2241],[-46.85551,-23.2241],[-46.85525,-23.22641],[-46.85546,-23.22747],[-46.85579,-23.22838],[-46.85682,-23.22803],[-46.85706,-23.22862],[-46.8605,-23.23138]]]},"properties":{"codigo":"3525904054","name":"Castanho","population":6270,"households":2570,"areaKm2":4.6497,"density":1348.5}},{"type":"Feature","geometry":{"type":"Polygon","coordinates":[[[-46.87214,-23.17088],[-46.87186,-23.17179],[-46.87151,-23.17238],[-46.87065,-23.17305],[-46.87018,-23.17283],[-46.86977,-23.17357],[-46.86932,-23.17335],[-46.86917,-23.17288],[-46.86843,-23.1723],[-46.86687,-23.17212],[-46.86563,-23.1725],[-46.86444,-23.17083],[-46.86225,-23.17058],[-46.86167,-23.17062],[-46.86032,-23.17104],[-46.86,-23.17058],[-46.8604,-23.16854],[-46.86024,-23.16757],[-46.8598,-23.16679],[-46.86238,-23.16669],[-46.86308,-23.16543],[-46.86469,-23.15895],[-46.86569,-23.15732],[-46.86623,-23.15759],[-46.86769,-23.15827],[-46.86835,-23.15873],[-46.86935,-23.15906],[-46.87024,-23.15954],[-46.87017,-23.15977],[-46.87123,-23.16035],[-46.87259,-23.16175],[-46.87296,-23.16168],[-46.87462,-23.16009],[-46.87692,-23.15979],[-46.87671,-23.16092],[-46.8768,-23.16182],[-46.87814,-23.16507],[-46.87822,-23.1656],[-46.87787,-23.16653],[-46.87749,-23.16676],[-46.87293,-23.16835],[-46.87214,-23.17088]]]},"properties":{"codigo":"3525904052","name":"Tarumã","population":4852,"households":1946,"areaKm2":1.8803,"density":2580.4}},{"type":"Feature","geometry":{"type":"Polygon","coordinates":[[[-46.97125,-23.14265],[-46.96638,-23.14533],[-46.96581,-23.14499],[-46.96686,-23.14431],[-46.96723,-23.14352],[-46.96613,-23.14376],[-46.96452,-23.1437],[-46.96242,-23.14266],[-46.96164,-23.14251],[-46.96081,-23.14266],[-46.96091,-23.14207],[-46.96061,-23.14084],[-46.96045,-23.13967],[-46.96022,-23.13935],[-46.95905,-23.13888],[-46.95905,-23.13813],[-46.95865,-23.13779],[-46.95504,-23.1333],[-46.95227,-23.12975],[-46.95153,-23.12897],[-46.95279,-23.1267],[-46.95453,-23.12737],[-46.955,-23.12681],[-46.95728,-23.12566],[-46.95776,-23.12556],[-46.95934,-23.12582],[-46.96054,-23.12569],[-46.96232,-23.12476],[-46.96275,-23.12474],[-46.96391,-23.12503],[-46.96449,-23.12574],[-46.96588,-23.12639],[-46.96641,-23.12702],[-46.96702,-23.12853],[-46.9678,-23.12949],[-46.96829,-23.13108],[-46.9696,-23.13087],[-46.9703,-23.13103],[-46.9713,-23.13066],[-46.97151,-23.12976],[-46.97199,-23.1295],[-46.97355,-23.12954],[-46.9744,-23.12985],[-46.97609,-23.13092],[-46.97681,-23.132],[-46.97828,-23.13028],[-46.97917,-23.12981],[-46.9808,-23.12972],[-46.98026,-23.13086],[-46.97839,-23.13648],[-46.97754,-23.13813],[-46.97611,-23.13971],[-46.97448,-23.14088],[-46.97125,-23.14265]]]},"properties":{"codigo":"3525904072","name":"Poste","population":1025,"households":377,"areaKm2":3.6475,"density":281}},{"type":"Feature","geometry":{"type":"Polygon","coordinates":[[[-46.89262,-23.20251],[-46.89302,-23.20325],[-46.89358,-23.20468],[-46.89419,-23.20553],[-46.89503,-23.20638],[-46.89488,-23.20654],[-46.89619,-23.20842],[-46.89288,-23.21047],[-46.88834,-23.21327],[-46.88619,-23.2111],[-46.88559,-23.2096],[-46.88498,-23.20855],[-46.88479,-23.20722],[-46.88498,-23.20672],[-46.88458,-23.20641],[-46.88076,-23.20409],[-46.88033,-23.20596],[-46.87954,-23.20581],[-46.87946,-23.20502],[-46.87889,-23.20504],[-46.87886,-23.2044],[-46.87826,-23.20431],[-46.87867,-23.20292],[-46.87829,-23.20243],[-46.88117,-23.20018],[-46.88189,-23.2009],[-46.88215,-23.20139],[-46.88351,-23.20166],[-46.88465,-23.20228],[-46.88507,-23.20312],[-46.88552,-23.2028],[-46.88922,-23.20267],[-46.89006,-23.20287],[-46.89029,-23.20256],[-46.89129,-23.20283],[-46.89173,-23.20316],[-46.8923,-23.20246],[-46.89262,-23.20251]]]},"properties":{"codigo":"3525904008","name":"Bonfiglioli","population":9368,"households":4283,"areaKm2":1.2155,"density":7706.9}},{"type":"Feature","geometry":{"type":"Polygon","coordinates":[[[-46.87031,-23.21847],[-46.87088,-23.2186],[-46.87143,-23.2198],[-46.87154,-23.22057],[-46.87428,-23.22028],[-46.8751,-23.22289],[-46.87498,-23.22349],[-46.87457,-23.22415],[-46.87393,-23.22478],[-46.87354,-23.22562],[-46.87366,-23.22752],[-46.87338,-23.22835],[-46.87416,-23.22872],[-46.87367,-23.22962],[-46.86971,-23.23752],[-46.86949,-23.23834],[-46.86819,-23.237],[-46.8672,-23.23658],[-46.86803,-23.23576],[-46.86813,-23.23484],[-46.86793,-23.23394],[-46.86809,-23.23312],[-46.86888,-23.23215],[-46.86898,-23.23151],[-46.86816,-23.23071],[-46.86685,-23.23102],[-46.86628,-23.23094],[-46.86528,-23.23038],[-46.86426,-23.23067],[-46.86355,-23.2312],[-46.86289,-23.23256],[-46.86212,-23.23323],[-46.86113,-23.23289],[-46.86069,-23.23222],[-46.85923,-23.23184],[-46.8605,-23.23138],[-46.86227,-23.23063],[-46.86308,-23.23019],[-46.86406,-23.22932],[-46.86547,-23.22771],[-46.86764,-23.22512],[-46.87001,-23.22235],[-46.87029,-23.22163],[-46.87017,-23.21885],[-46.87031,-23.21847]]]},"properties":{"codigo":"3525904005","name":"Vila Militar","population":125,"households":56,"areaKm2":1.1504,"density":108.7}},{"type":"Feature","geometry":{"type":"Polygon","coordinates":[[[-46.87454,-23.19189],[-46.87381,-23.1914],[-46.8737,-23.19093],[-46.87393,-23.18927],[-46.86934,-23.18827],[-46.86964,-23.18794],[-46.87005,-23.18694],[-46.8696,-23.18595],[-46.86981,-23.18482],[-46.86899,-23.18489],[-46.86905,-23.18434],[-46.86964,-23.18426],[-46.8702,-23.18189],[-46.87054,-23.18196],[-46.87041,-23.1794],[-46.86984,-23.17899],[-46.87082,-23.1777],[-46.8705,-23.17749],[-46.86996,-23.17649],[-46.87037,-23.17589],[-46.87071,-23.17465],[-46.87065,-23.17305],[-46.87151,-23.17238],[-46.87186,-23.17179],[-46.87214,-23.17088],[-46.87301,-23.17117],[-46.87461,-23.17111],[-46.87713,-23.17267],[-46.87578,-23.17506],[-46.87741,-23.17587],[-46.8789,-23.17617],[-46.87855,-23.17709],[-46.87983,-23.17751],[-46.88183,-23.17831],[-46.88344,-23.17924],[-46.88509,-23.17861],[-46.88586,-23.17817],[-46.88616,-23.17823],[-46.88405,-23.17943],[-46.88217,-23.18066],[-46.88104,-23.18178],[-46.88041,-23.18276],[-46.87862,-23.18613],[-46.87796,-23.18699],[-46.87454,-23.19189]]]},"properties":{"codigo":"3525904014","name":"Ponte São João","population":9180,"households":4197,"areaKm2":1.8199,"density":5044.3}},{"type":"Feature","geometry":{"type":"Polygon","coordinates":[[[-46.91237,-23.11468],[-46.91176,-23.11492],[-46.91085,-23.11569],[-46.91025,-23.11577],[-46.90965,-23.11518],[-46.90776,-23.11422],[-46.90732,-23.11416],[-46.90683,-23.11451],[-46.90602,-23.11565],[-46.90504,-23.11652],[-46.90338,-23.11747],[-46.90246,-23.11754],[-46.90189,-23.11734],[-46.90109,-23.11755],[-46.90073,-23.11785],[-46.89994,-23.11805],[-46.8993,-23.11803],[-46.89908,-23.11697],[-46.89925,-23.11552],[-46.89875,-23.11436],[-46.89835,-23.11447],[-46.89775,-23.11551],[-46.89676,-23.11623],[-46.89592,-23.11643],[-46.8965,-23.11566],[-46.89644,-23.11457],[-46.89513,-23.11291],[-46.89448,-23.1122],[-46.89397,-23.1113],[-46.89292,-23.10994],[-46.89263,-23.10915],[-46.89151,-23.10785],[-46.89119,-23.10668],[-46.89038,-23.10548],[-46.88981,-23.1036],[-46.8896,-23.10251],[-46.88993,-23.10074],[-46.89062,-23.09934],[-46.8914,-23.09857],[-46.89193,-23.09772],[-46.89219,-23.0963],[-46.89244,-23.09552],[-46.89236,-23.09807],[-46.89283,-23.09885],[-46.8934,-23.09899],[-46.89463,-23.09899],[-46.89682,-23.09982],[-46.89791,-23.09983],[-46.89837,-23.09967],[-46.89873,-23.09918],[-46.89892,-23.09732],[-46.8993,-23.09673],[-46.90004,-23.096],[-46.90083,-23.0958],[-46.90431,-23.09594],[-46.90566,-23.09523],[-46.90705,-23.09548],[-46.90861,-23.09539],[-46.90924,-23.0957],[-46.90982,-23.09671],[-46.91,-23.0982],[-46.91037,-23.09905],[-46.91122,-23.10002],[-46.91224,-23.10077],[-46.91314,-23.10086],[-46.91477,-23.10173],[-46.91527,-23.10226],[-46.91578,-23.10345],[-46.91579,-23.10414],[-46.91533,-23.10498],[-46.91446,-23.10562],[-46.91432,-23.10614],[-46.91523,-23.10742],[-46.91536,-23.10858],[-46.91515,-23.10968],[-46.91426,-23.11089],[-46.91344,-23.1127],[-46.91237,-23.11468]]]},"properties":{"codigo":"3525904051","name":"São José da Pedra Santa","population":793,"households":345,"areaKm2":4.6122,"density":171.9}},{"type":"Feature","geometry":{"type":"Polygon","coordinates":[[[-46.81758,-23.16596],[-46.81922,-23.16737],[-46.82038,-23.16802],[-46.82106,-23.16854],[-46.82202,-23.16972],[-46.82383,-23.17175],[-46.82482,-23.17355],[-46.82525,-23.17506],[-46.82608,-23.17675],[-46.82773,-23.17929],[-46.82854,-23.17978],[-46.82871,-23.18024],[-46.82851,-23.18158],[-46.8287,-23.18316],[-46.82891,-23.18376],[-46.82977,-23.18437],[-46.83043,-23.18436],[-46.8298,-23.18457],[-46.82925,-23.18434],[-46.82849,-23.18335],[-46.82797,-23.18296],[-46.82734,-23.18359],[-46.8269,-23.18359],[-46.82522,-23.18197],[-46.82446,-23.18183],[-46.82359,-23.18229],[-46.82314,-23.18222],[-46.82258,-23.18161],[-46.82207,-23.18139],[-46.82144,-23.18151],[-46.82073,-23.18278],[-46.82017,-23.18306],[-46.81887,-23.18336],[-46.8182,-23.18373],[-46.81778,-23.18423],[-46.81788,-23.18578],[-46.81754,-23.18619],[-46.81612,-23.18655],[-46.81522,-23.18701],[-46.8139,-23.18829],[-46.81347,-23.18851],[-46.81261,-23.18822],[-46.81131,-23.187],[-46.81095,-23.18679],[-46.81015,-23.18685],[-46.80942,-23.18757],[-46.80845,-23.18886],[-46.80784,-23.18985],[-46.8065,-23.19002],[-46.80516,-23.18962],[-46.80416,-23.18877],[-46.80341,-23.18775],[-46.80273,-23.18644],[-46.80216,-23.18586],[-46.80165,-23.1858],[-46.80046,-23.18633],[-46.80003,-23.1867],[-46.7992,-23.18778],[-46.79707,-23.18702],[-46.79488,-23.18708],[-46.79224,-23.18665],[-46.79173,-23.18569],[-46.79079,-23.18344],[-46.79066,-23.18276],[-46.79101,-23.18176],[-46.79162,-23.18137],[-46.79273,-23.18122],[-46.79315,-23.18058],[-46.79279,-23.17873],[-46.79341,-23.17715],[-46.79395,-23.17614],[-46.79373,-23.17566],[-46.79307,-23.17499],[-46.79284,-23.17443],[-46.79289,-23.17352],[-46.79338,-23.17161],[-46.79337,-23.17086],[-46.79317,-23.17031],[-46.79469,-23.16956],[-46.79533,-23.16935],[-46.79576,-23.16891],[-46.79702,-23.16858],[-46.79848,-23.16633],[-46.79911,-23.16587],[-46.79948,-23.16497],[-46.80037,-23.16233],[-46.80143,-23.16198],[-46.80239,-23.16228],[-46.8046,-23.16394],[-46.80661,-23.16622],[-46.80828,-23.16741],[-46.8087,-23.16655],[-46.80761,-23.16451],[-46.80692,-23.16364],[-46.80698,-23.163],[-46.80814,-23.16286],[-46.80992,-23.16294],[-46.81111,-23.1634],[-46.81154,-23.16319],[-46.81279,-23.16333],[-46.81399,-23.1637],[-46.81426,-23.1641],[-46.81758,-23.16596]]]},"properties":{"codigo":"3525904062","name":"Ivoturucaia","population":5983,"households":2356,"areaKm2":7.7038,"density":776.6}},{"type":"Feature","geometry":{"type":"Polygon","coordinates":[[[-46.93772,-23.1481],[-46.93961,-23.14366],[-46.9405,-23.14191],[-46.94156,-23.14022],[-46.94287,-23.13846],[-46.94521,-23.13593],[-46.94785,-23.13326],[-46.95028,-23.13069],[-46.95153,-23.12897],[-46.95227,-23.12975],[-46.95504,-23.1333],[-46.95865,-23.13779],[-46.95905,-23.13813],[-46.95905,-23.13888],[-46.96022,-23.13935],[-46.96045,-23.13967],[-46.96061,-23.14084],[-46.96091,-23.14207],[-46.96081,-23.14266],[-46.96164,-23.14251],[-46.96242,-23.14266],[-46.96452,-23.1437],[-46.96613,-23.14376],[-46.96723,-23.14352],[-46.96686,-23.14431],[-46.96581,-23.14499],[-46.96638,-23.14533],[-46.96454,-23.14639],[-46.96289,-23.14754],[-46.96102,-23.14919],[-46.95455,-23.15632],[-46.9543,-23.15615],[-46.9534,-23.15626],[-46.95335,-23.15553],[-46.9518,-23.15293],[-46.95123,-23.15245],[-46.95012,-23.15205],[-46.94844,-23.15222],[-46.94726,-23.1525],[-46.94577,-23.15311],[-46.94508,-23.15317],[-46.94339,-23.15211],[-46.94272,-23.15188],[-46.94193,-23.15127],[-46.94156,-23.15068],[-46.94562,-23.14883],[-46.94454,-23.14746],[-46.94337,-23.14534],[-46.94199,-23.14616],[-46.93772,-23.1481]]]},"properties":{"codigo":"3525904069","name":"Água Doce","population":4113,"households":1509,"areaKm2":4.2482,"density":968.2}},{"type":"Feature","geometry":{"type":"Polygon","coordinates":[[[-46.87329,-23.13938],[-46.87327,-23.14113],[-46.87356,-23.14377],[-46.87387,-23.14459],[-46.87686,-23.15011],[-46.87706,-23.15053],[-46.87832,-23.14945],[-46.87906,-23.15008],[-46.8774,-23.15189],[-46.87747,-23.15335],[-46.87758,-23.15606],[-46.87692,-23.15979],[-46.87462,-23.16009],[-46.87296,-23.16168],[-46.87259,-23.16175],[-46.87123,-23.16035],[-46.87017,-23.15977],[-46.87024,-23.15954],[-46.86935,-23.15906],[-46.86835,-23.15873],[-46.86769,-23.15827],[-46.86623,-23.15759],[-46.86679,-23.15681],[-46.86746,-23.15711],[-46.86939,-23.15631],[-46.86853,-23.15435],[-46.87271,-23.15294],[-46.87108,-23.15128],[-46.8695,-23.1507],[-46.86805,-23.15114],[-46.86678,-23.15183],[-46.86628,-23.15196],[-46.86464,-23.15202],[-46.86388,-23.15216],[-46.8635,-23.14995],[-46.86317,-23.14858],[-46.8636,-23.14822],[-46.86437,-23.14841],[-46.86498,-23.14814],[-46.86609,-23.14858],[-46.86511,-23.14535],[-46.86249,-23.14571],[-46.86249,-23.14345],[-46.85822,-23.1429],[-46.85941,-23.1398],[-46.85837,-23.13889],[-46.85759,-23.13858],[-46.85812,-23.13738],[-46.85817,-23.13615],[-46.86019,-23.13609],[-46.86055,-23.13553],[-46.8619,-23.13463],[-46.86353,-23.13439],[-46.86512,-23.13456],[-46.86623,-23.13542],[-46.86813,-23.1359],[-46.86869,-23.13637],[-46.8694,-23.1364],[-46.87102,-23.13699],[-46.87148,-23.13764],[-46.87182,-23.13901],[-46.87329,-23.13938]]]},"properties":{"codigo":"3525904015","name":"Jundiaí Mirim","population":5634,"households":2294,"areaKm2":3.1187,"density":1806.5}},{"type":"Feature","geometry":{"type":"Polygon","coordinates":[[[-46.89485,-23.15762],[-46.89317,-23.15732],[-46.89223,-23.15701],[-46.89194,-23.15738],[-46.89184,-23.15887],[-46.89078,-23.16182],[-46.89057,-23.16215],[-46.88964,-23.16275],[-46.88824,-23.16298],[-46.8877,-23.16323],[-46.88669,-23.16464],[-46.88671,-23.16586],[-46.88736,-23.16611],[-46.88819,-23.16717],[-46.88817,-23.16753],[-46.88765,-23.16817],[-46.88601,-23.16981],[-46.88553,-23.17054],[-46.88452,-23.17134],[-46.8836,-23.171],[-46.88233,-23.16978],[-46.88187,-23.16968],[-46.88103,-23.17032],[-46.88059,-23.1703],[-46.8799,-23.16956],[-46.87817,-23.1684],[-46.87791,-23.16792],[-46.87787,-23.16653],[-46.87822,-23.1656],[-46.87814,-23.16507],[-46.8768,-23.16182],[-46.87671,-23.16092],[-46.87692,-23.15979],[-46.87758,-23.15606],[-46.87747,-23.15335],[-46.89132,-23.15619],[-46.89265,-23.15663],[-46.89485,-23.15762]]]},"properties":{"codigo":"3525904026","name":"Marco Leite","population":579,"households":246,"areaKm2":2.0795,"density":278.4}},{"type":"Feature","geometry":{"type":"Polygon","coordinates":[[[-46.93227,-23.18591],[-46.93103,-23.18538],[-46.92843,-23.18383],[-46.92667,-23.18333],[-46.92435,-23.18217],[-46.92348,-23.18144],[-46.92294,-23.18147],[-46.92253,-23.18241],[-46.9218,-23.18442],[-46.92074,-23.18864],[-46.92108,-23.18921],[-46.92135,-23.19034],[-46.92225,-23.19165],[-46.92287,-23.19306],[-46.92252,-23.19484],[-46.92256,-23.1957],[-46.92294,-23.19625],[-46.9229,-23.19705],[-46.92131,-23.19666],[-46.91894,-23.19612],[-46.91918,-23.1954],[-46.91813,-23.19517],[-46.91765,-23.19473],[-46.91702,-23.19363],[-46.91627,-23.19297],[-46.91514,-23.18936],[-46.91284,-23.19058],[-46.91156,-23.18767],[-46.91,-23.18843],[-46.90688,-23.18867],[-46.90649,-23.18859],[-46.90701,-23.18729],[-46.90791,-23.18543],[-46.90922,-23.18322],[-46.90978,-23.18265],[-46.91028,-23.18249],[-46.91144,-23.18117],[-46.91337,-23.17939],[-46.91573,-23.17754],[-46.91613,-23.17789],[-46.91704,-23.17739],[-46.91997,-23.17615],[-46.91972,-23.17738],[-46.92027,-23.17786],[-46.92139,-23.17917],[-46.92232,-23.17956],[-46.92256,-23.17862],[-46.92316,-23.17891],[-46.92351,-23.17878],[-46.92423,-23.17792],[-46.92784,-23.17771],[-46.93134,-23.17704],[-46.93186,-23.17822],[-46.93223,-23.18004],[-46.93248,-23.1851],[-46.93227,-23.18591]]]},"properties":{"codigo":"3525904022","name":"Alvorada","population":19192,"households":8252,"areaKm2":2.6451,"density":7255.6}},{"type":"Feature","geometry":{"type":"Polygon","coordinates":[[[-46.94243,-23.10234],[-46.94308,-23.10411],[-46.94366,-23.1075],[-46.94496,-23.11003],[-46.94547,-23.1106],[-46.94649,-23.11108],[-46.94779,-23.11124],[-46.94879,-23.11111],[-46.95025,-23.11073],[-46.95117,-23.11022],[-46.95199,-23.10921],[-46.95279,-23.10851],[-46.9545,-23.1078],[-46.95577,-23.10791],[-46.95674,-23.1084],[-46.95864,-23.10906],[-46.95925,-23.10945],[-46.96018,-23.10946],[-46.95766,-23.11339],[-46.95645,-23.11574],[-46.95587,-23.11715],[-46.95529,-23.11879],[-46.95343,-23.12513],[-46.95279,-23.1267],[-46.95153,-23.12897],[-46.95028,-23.13069],[-46.94785,-23.13326],[-46.94521,-23.13593],[-46.94287,-23.13846],[-46.94156,-23.14022],[-46.93899,-23.13987],[-46.93821,-23.14003],[-46.93682,-23.13926],[-46.93611,-23.1383],[-46.93473,-23.13727],[-46.93445,-23.13647],[-46.93374,-23.13546],[-46.93213,-23.13503],[-46.93334,-23.13271],[-46.93351,-23.13219],[-46.93443,-23.13022],[-46.93518,-23.129],[-46.93572,-23.12785],[-46.93668,-23.12545],[-46.93492,-23.12534],[-46.93508,-23.1237],[-46.93433,-23.12363],[-46.93676,-23.12013],[-46.93867,-23.11834],[-46.93934,-23.11757],[-46.94026,-23.11629],[-46.94094,-23.11485],[-46.94253,-23.11006],[-46.94286,-23.10878],[-46.94292,-23.10797],[-46.94286,-23.10543],[-46.94221,-23.10396],[-46.94215,-23.10343],[-46.94243,-23.10234]]]},"properties":{"codigo":"3525904070","name":"Fernandes","population":1689,"households":665,"areaKm2":5.3822,"density":313.8}},{"type":"Feature","geometry":{"type":"Polygon","coordinates":[[[-46.8806,-23.19557],[-46.88068,-23.1991],[-46.88144,-23.19993],[-46.88117,-23.20018],[-46.87829,-23.20243],[-46.87867,-23.20292],[-46.87826,-23.20431],[-46.87746,-23.20451],[-46.8768,-23.205],[-46.87654,-23.20372],[-46.87579,-23.20427],[-46.87561,-23.20343],[-46.87451,-23.20347],[-46.87422,-23.20235],[-46.87246,-23.20034],[-46.87194,-23.2011],[-46.87055,-23.20265],[-46.86949,-23.2035],[-46.86782,-23.20397],[-46.86653,-23.20147],[-46.86555,-23.20187],[-46.86539,-23.20159],[-46.86822,-23.19971],[-46.87001,-23.19815],[-46.87113,-23.19671],[-46.87454,-23.19189],[-46.8806,-23.19557]]]},"properties":{"codigo":"3525904002","name":"Vila Arens","population":6547,"households":3316,"areaKm2":1.1515,"density":5685.8}},{"type":"Feature","geometry":{"type":"Polygon","coordinates":[[[-46.91573,-23.17754],[-46.91337,-23.17939],[-46.91144,-23.18117],[-46.91028,-23.18249],[-46.90978,-23.18265],[-46.90922,-23.18322],[-46.90791,-23.18543],[-46.90701,-23.18729],[-46.90649,-23.18859],[-46.90561,-23.18958],[-46.90564,-23.19019],[-46.90462,-23.19067],[-46.90254,-23.18964],[-46.90005,-23.18945],[-46.90016,-23.18857],[-46.90002,-23.18792],[-46.89924,-23.18742],[-46.89747,-23.18725],[-46.89794,-23.18653],[-46.89877,-23.18491],[-46.90062,-23.18296],[-46.90239,-23.18123],[-46.9028,-23.18093],[-46.90567,-23.17968],[-46.90562,-23.17797],[-46.90637,-23.17646],[-46.90627,-23.17534],[-46.90955,-23.17435],[-46.91109,-23.17397],[-46.91308,-23.17369],[-46.91617,-23.173],[-46.91688,-23.17212],[-46.91865,-23.17061],[-46.92022,-23.16942],[-46.92212,-23.17028],[-46.92372,-23.17129],[-46.92319,-23.17172],[-46.91573,-23.17754]]]},"properties":{"codigo":"3525904010","name":"Retiro","population":11145,"households":4913,"areaKm2":1.8772,"density":5937}},{"type":"Feature","geometry":{"type":"Polygon","coordinates":[[[-46.86341,-23.25023],[-46.86285,-23.2512],[-46.86314,-23.25185],[-46.86212,-23.25224],[-46.86178,-23.25372],[-46.86039,-23.25432],[-46.8588,-23.25466],[-46.8584,-23.25717],[-46.85702,-23.25728],[-46.85608,-23.25789],[-46.85575,-23.25751],[-46.85572,-23.2565],[-46.85541,-23.25573],[-46.85418,-23.25583],[-46.85328,-23.25506],[-46.852,-23.25433],[-46.85204,-23.25411],[-46.85138,-23.25268],[-46.85101,-23.25255],[-46.84989,-23.25089],[-46.84985,-23.25014],[-46.84946,-23.24938],[-46.84912,-23.24817],[-46.84899,-23.24712],[-46.84872,-23.24648],[-46.84858,-23.24531],[-46.84955,-23.24499],[-46.85138,-23.24416],[-46.85135,-23.24351],[-46.85178,-23.24298],[-46.85248,-23.24364],[-46.85286,-23.24338],[-46.85532,-23.24523],[-46.85904,-23.24795],[-46.8609,-23.25001],[-46.86144,-23.25036],[-46.86178,-23.25002],[-46.86383,-23.24896],[-46.86405,-23.24917],[-46.86341,-23.25023]]]},"properties":{"codigo":"3525904057","name":"Santa Gertrudes","population":10050,"households":3946,"areaKm2":1.298,"density":7742.8}},{"type":"Feature","geometry":{"type":"Polygon","coordinates":[[[-46.96972,-23.18343],[-46.96916,-23.18406],[-46.96858,-23.18412],[-46.96904,-23.18683],[-46.96868,-23.1881],[-46.96771,-23.18829],[-46.96628,-23.18806],[-46.96486,-23.18977],[-46.96399,-23.19097],[-46.96346,-23.19061],[-46.96242,-23.19193],[-46.9618,-23.19329],[-46.96012,-23.19275],[-46.95949,-23.19236],[-46.95803,-23.19109],[-46.95751,-23.19098],[-46.95498,-23.19093],[-46.95532,-23.18966],[-46.95537,-23.18798],[-46.9559,-23.18706],[-46.95606,-23.18568],[-46.95572,-23.18482],[-46.95564,-23.18366],[-46.95594,-23.18316],[-46.95578,-23.18276],[-46.95506,-23.18218],[-46.95465,-23.18131],[-46.95532,-23.18123],[-46.95982,-23.18154],[-46.95969,-23.18038],[-46.95982,-23.17956],[-46.96123,-23.18028],[-46.96332,-23.18111],[-46.96972,-23.18343]]]},"properties":{"codigo":"3525904030","name":"Eloy Chaves","population":11280,"households":4640,"areaKm2":1.4037,"density":8036.1}},{"type":"Feature","geometry":{"type":"Polygon","coordinates":[[[-46.92086,-23.13669],[-46.91866,-23.13876],[-46.91781,-23.1395],[-46.91694,-23.14043],[-46.91543,-23.1431],[-46.91477,-23.14403],[-46.91478,-23.14492],[-46.91499,-23.14508],[-46.91509,-23.14697],[-46.91495,-23.14822],[-46.91449,-23.14976],[-46.91255,-23.15451],[-46.90301,-23.15391],[-46.9026,-23.15391],[-46.90305,-23.15253],[-46.90411,-23.15116],[-46.90501,-23.14957],[-46.90541,-23.14816],[-46.9054,-23.14591],[-46.9057,-23.14463],[-46.90611,-23.14382],[-46.90909,-23.13942],[-46.90965,-23.1387],[-46.9105,-23.13806],[-46.91271,-23.13723],[-46.91351,-23.1368],[-46.91533,-23.13514],[-46.9163,-23.13448],[-46.91774,-23.13375],[-46.92086,-23.13669]]]},"properties":{"codigo":"3525904038","name":"Parque Centenário","population":3335,"households":1246,"areaKm2":1.9663,"density":1696.1}},{"type":"Feature","geometry":{"type":"Polygon","coordinates":[[[-46.91661,-23.20528],[-46.91619,-23.2044],[-46.9155,-23.20351],[-46.91294,-23.20215],[-46.91174,-23.20105],[-46.91058,-23.20025],[-46.90918,-23.19841],[-46.90876,-23.19732],[-46.90726,-23.19532],[-46.90636,-23.19446],[-46.90619,-23.19406],[-46.90637,-23.19343],[-46.907,-23.19266],[-46.90715,-23.19194],[-46.90669,-23.19171],[-46.90625,-23.19214],[-46.90566,-23.19197],[-46.90688,-23.18867],[-46.91,-23.18843],[-46.91156,-23.18767],[-46.91284,-23.19058],[-46.91514,-23.18936],[-46.91627,-23.19297],[-46.91702,-23.19363],[-46.91765,-23.19473],[-46.91813,-23.19517],[-46.91918,-23.1954],[-46.91894,-23.19612],[-46.92131,-23.19666],[-46.92021,-23.19984],[-46.92034,-23.2003],[-46.92085,-23.20094],[-46.91908,-23.20182],[-46.91875,-23.20176],[-46.91813,-23.20337],[-46.91743,-23.20325],[-46.91686,-23.20513],[-46.91661,-23.20528]]]},"properties":{"codigo":"3525904043","name":"Samambaia","population":5510,"households":2428,"areaKm2":1.6007,"density":3442.2}},{"type":"Feature","geometry":{"type":"Polygon","coordinates":[[[-46.90396,-23.16147],[-46.90382,-23.162],[-46.90206,-23.1663],[-46.90151,-23.16735],[-46.89825,-23.17177],[-46.89735,-23.17293],[-46.89665,-23.17348],[-46.89508,-23.17408],[-46.89315,-23.1718],[-46.89238,-23.17125],[-46.89427,-23.17004],[-46.8928,-23.1689],[-46.89108,-23.1682],[-46.88981,-23.16822],[-46.88939,-23.16838],[-46.88765,-23.16817],[-46.88817,-23.16753],[-46.88819,-23.16717],[-46.88736,-23.16611],[-46.88671,-23.16586],[-46.88669,-23.16464],[-46.8877,-23.16323],[-46.88824,-23.16298],[-46.88964,-23.16275],[-46.89057,-23.16215],[-46.89078,-23.16182],[-46.89184,-23.15887],[-46.89194,-23.15738],[-46.89223,-23.15701],[-46.89317,-23.15732],[-46.89485,-23.15762],[-46.90175,-23.1607],[-46.90396,-23.16147]]]},"properties":{"codigo":"3525904025","name":"Horto Florestal","population":3482,"households":1566,"areaKm2":1.8039,"density":1930.2}},{"type":"Feature","geometry":{"type":"Polygon","coordinates":[[[-46.83545,-23.13574],[-46.83498,-23.13627],[-46.83435,-23.13738],[-46.83453,-23.13881],[-46.83562,-23.14074],[-46.83553,-23.14208],[-46.83577,-23.14266],[-46.83643,-23.14319],[-46.83733,-23.14446],[-46.83729,-23.14467],[-46.83806,-23.14662],[-46.83804,-23.14683],[-46.83691,-23.14671],[-46.83613,-23.14708],[-46.83503,-23.14724],[-46.83438,-23.14705],[-46.83414,-23.14749],[-46.83349,-23.14789],[-46.83223,-23.1484],[-46.83066,-23.14725],[-46.83013,-23.14709],[-46.82936,-23.14716],[-46.82867,-23.14665],[-46.82791,-23.14645],[-46.82708,-23.14634],[-46.82715,-23.14548],[-46.82626,-23.14535],[-46.82625,-23.1425],[-46.8267,-23.14116],[-46.82683,-23.14015],[-46.8262,-23.13936],[-46.8258,-23.13768],[-46.82347,-23.13651],[-46.82342,-23.13524],[-46.82288,-23.1346],[-46.82152,-23.13486],[-46.82098,-23.13461],[-46.82052,-23.13376],[-46.81957,-23.13133],[-46.81669,-23.12745],[-46.81466,-23.12597],[-46.81464,-23.12545],[-46.81553,-23.12509],[-46.81653,-23.12403],[-46.81624,-23.12348],[-46.81672,-23.12217],[-46.81796,-23.12206],[-46.81908,-23.1217],[-46.81971,-23.11985],[-46.82061,-23.11882],[-46.82239,-23.11766],[-46.82314,-23.11676],[-46.82337,-23.1161],[-46.82417,-23.11652],[-46.82536,-23.11665],[-46.82643,-23.11764],[-46.82824,-23.12044],[-46.82925,-23.1213],[-46.83039,-23.12163],[-46.83107,-23.12202],[-46.83303,-23.12519],[-46.83392,-23.12596],[-46.83449,-23.12683],[-46.83474,-23.12731],[-46.83466,-23.12842],[-46.83447,-23.12926],[-46.8344,-23.13068],[-46.83415,-23.13103],[-46.83539,-23.1326],[-46.83544,-23.13404],[-46.83559,-23.13501],[-46.83545,-23.13574]]]},"properties":{"codigo":"3525904075","name":"Toca","population":558,"households":224,"areaKm2":4.1993,"density":132.9}},{"type":"Feature","geometry":{"type":"Polygon","coordinates":[[[-46.85338,-23.11542],[-46.851,-23.11317],[-46.85043,-23.11229],[-46.84928,-23.10847],[-46.85196,-23.10827],[-46.85653,-23.10755],[-46.85997,-23.10868],[-46.8598,-23.10648],[-46.86025,-23.10528],[-46.86376,-23.10674],[-46.86448,-23.10718],[-46.86706,-23.10824],[-46.87029,-23.11023],[-46.87086,-23.10987],[-46.87156,-23.10902],[-46.87232,-23.10848],[-46.87259,-23.10742],[-46.87295,-23.1071],[-46.87302,-23.10658],[-46.8742,-23.10592],[-46.87537,-23.10583],[-46.87526,-23.10508],[-46.87548,-23.10453],[-46.87712,-23.10213],[-46.87866,-23.09999],[-46.87905,-23.10028],[-46.88497,-23.10332],[-46.88673,-23.10116],[-46.88762,-23.10133],[-46.88849,-23.10171],[-46.8896,-23.10251],[-46.88981,-23.1036],[-46.89038,-23.10548],[-46.89119,-23.10668],[-46.89151,-23.10785],[-46.89263,-23.10915],[-46.89292,-23.10994],[-46.89397,-23.1113],[-46.89448,-23.1122],[-46.89513,-23.11291],[-46.89644,-23.11457],[-46.8965,-23.11566],[-46.89592,-23.11643],[-46.89676,-23.11623],[-46.89775,-23.11551],[-46.89835,-23.11447],[-46.89875,-23.11436],[-46.89925,-23.11552],[-46.89908,-23.11697],[-46.8993,-23.11803],[-46.89994,-23.11805],[-46.90073,-23.11785],[-46.90109,-23.11755],[-46.90189,-23.11734],[-46.90246,-23.11754],[-46.90338,-23.11747],[-46.90504,-23.11652],[-46.90602,-23.11565],[-46.90683,-23.11451],[-46.90732,-23.11416],[-46.90776,-23.11422],[-46.90965,-23.11518],[-46.91025,-23.11577],[-46.91085,-23.11569],[-46.91176,-23.11492],[-46.91237,-23.11468],[-46.91221,-23.11575],[-46.91236,-23.11644],[-46.91231,-23.11759],[-46.91204,-23.11845],[-46.91146,-23.11896],[-46.91014,-23.11932],[-46.90925,-23.11977],[-46.90819,-23.12068],[-46.9081,-23.12149],[-46.90783,-23.12214],[-46.90733,-23.12447],[-46.90728,-23.12554],[-46.90742,-23.12621],[-46.90825,-23.12643],[-46.90835,-23.12688],[-46.9076,-23.12758],[-46.90752,-23.1281],[-46.9077,-23.12941],[-46.90791,-23.12979],[-46.9051,-23.12893],[-46.90314,-23.1287],[-46.90019,-23.126],[-46.89845,-23.12479],[-46.89562,-23.12711],[-46.89252,-23.12566],[-46.89245,-23.1261],[-46.89141,-23.12632],[-46.89024,-23.12634],[-46.89017,-23.12577],[-46.88912,-23.12589],[-46.88707,-23.12708],[-46.88623,-23.12769],[-46.88443,-23.12945],[-46.88259,-23.12892],[-46.88263,-23.12867],[-46.88152,-23.12756],[-46.88063,-23.12596],[-46.88018,-23.12574],[-46.87918,-23.12664],[-46.87806,-23.12784],[-46.87539,-23.12635],[-46.87376,-23.1261],[-46.87313,-23.12499],[-46.87283,-23.12356],[-46.87238,-23.12306],[-46.87083,-23.12232],[-46.86974,-23.12127],[-46.86916,-23.12106],[-46.86591,-23.12092],[-46.86475,-23.12061],[-46.86284,-23.11919],[-46.8623,-23.11892],[-46.85953,-23.11814],[-46.85863,-23.11782],[-46.85435,-23.11598],[-46.85338,-23.11542]]]},"properties":{"codigo":"3525904050","name":"Rio Acima","population":1569,"households":691,"areaKm2":10.3846,"density":151.1}},{"type":"Feature","geometry":{"type":"Polygon","coordinates":[[[-46.85426,-23.18504],[-46.85375,-23.18509],[-46.85287,-23.18575],[-46.85171,-23.18717],[-46.85035,-23.18776],[-46.84801,-23.18828],[-46.84693,-23.18601],[-46.84695,-23.18519],[-46.84638,-23.18549],[-46.8438,-23.1847],[-46.84251,-23.18388],[-46.84064,-23.18303],[-46.84016,-23.1827],[-46.83857,-23.18128],[-46.83772,-23.18097],[-46.83733,-23.18098],[-46.83628,-23.18061],[-46.83612,-23.17992],[-46.8364,-23.17938],[-46.8358,-23.17915],[-46.83553,-23.1787],[-46.83529,-23.17639],[-46.83465,-23.17547],[-46.83441,-23.17417],[-46.83491,-23.17208],[-46.83582,-23.17015],[-46.83653,-23.16929],[-46.83789,-23.16993],[-46.83875,-23.1702],[-46.84082,-23.17003],[-46.8428,-23.16979],[-46.84332,-23.16988],[-46.84435,-23.17053],[-46.8446,-23.1726],[-46.84581,-23.17386],[-46.84667,-23.17396],[-46.84668,-23.17328],[-46.8477,-23.17261],[-46.84938,-23.17101],[-46.85082,-23.1708],[-46.85158,-23.17025],[-46.85171,-23.16989],[-46.85047,-23.16909],[-46.84988,-23.16821],[-46.85118,-23.16829],[-46.85258,-23.16809],[-46.85305,-23.16714],[-46.8536,-23.16833],[-46.85442,-23.16937],[-46.85587,-23.16992],[-46.85623,-23.17016],[-46.85653,-23.17091],[-46.85754,-23.17193],[-46.85839,-23.17364],[-46.85821,-23.1767],[-46.85886,-23.17688],[-46.85994,-23.17747],[-46.86064,-23.17822],[-46.86003,-23.18091],[-46.85951,-23.18098],[-46.85913,-23.18148],[-46.85784,-23.18151],[-46.85655,-23.18261],[-46.85689,-23.18301],[-46.85774,-23.18322],[-46.85752,-23.18356],[-46.85693,-23.18374],[-46.85458,-23.18476],[-46.85426,-23.18504]]]},"properties":{"codigo":"3525904017","name":"Colônia","population":11930,"households":4897,"areaKm2":3.7234,"density":3204.1}},{"type":"Feature","geometry":{"type":"Polygon","coordinates":[[[-46.92048,-23.21323],[-46.91396,-23.21821],[-46.90921,-23.2218],[-46.90241,-23.22688],[-46.9011,-23.22564],[-46.89884,-23.22574],[-46.89865,-23.22497],[-46.89807,-23.22369],[-46.89722,-23.22363],[-46.89623,-23.22274],[-46.89711,-23.22162],[-46.8974,-23.22039],[-46.8949,-23.21876],[-46.89525,-23.21763],[-46.89557,-23.21519],[-46.89594,-23.21434],[-46.89785,-23.21452],[-46.89871,-23.21322],[-46.8995,-23.21226],[-46.89619,-23.20842],[-46.89788,-23.20726],[-46.9013,-23.21023],[-46.90279,-23.20814],[-46.90428,-23.20898],[-46.90504,-23.20814],[-46.90583,-23.20851],[-46.90603,-23.20814],[-46.90753,-23.20859],[-46.90748,-23.20753],[-46.90796,-23.20627],[-46.90872,-23.20607],[-46.90979,-23.20802],[-46.91218,-23.20702],[-46.91619,-23.2044],[-46.91661,-23.20528],[-46.91764,-23.20705],[-46.91844,-23.20821],[-46.91933,-23.21132],[-46.91986,-23.21194],[-46.92048,-23.21323]]]},"properties":{"codigo":"3525904021","name":"Malota","population":786,"households":341,"areaKm2":3.6085,"density":217.8}},{"type":"Feature","geometry":{"type":"Polygon","coordinates":[[[-46.97672,-23.14594],[-46.97636,-23.1466],[-46.97563,-23.14716],[-46.97541,-23.1478],[-46.97502,-23.14954],[-46.97463,-23.15022],[-46.975,-23.15132],[-46.97411,-23.15269],[-46.97298,-23.15355],[-46.97243,-23.15417],[-46.9712,-23.15486],[-46.97047,-23.15606],[-46.97007,-23.15746],[-46.97,-23.1586],[-46.96975,-23.15943],[-46.96942,-23.16121],[-46.96904,-23.16159],[-46.96609,-23.16316],[-46.96484,-23.16401],[-46.96396,-23.1643],[-46.96352,-23.16423],[-46.9626,-23.16444],[-46.9611,-23.16384],[-46.96053,-23.16349],[-46.95901,-23.16229],[-46.95819,-23.16185],[-46.95777,-23.16095],[-46.95704,-23.15978],[-46.95744,-23.15935],[-46.95678,-23.15819],[-46.95561,-23.1571],[-46.95455,-23.15632],[-46.96102,-23.14919],[-46.96289,-23.14754],[-46.96454,-23.14639],[-46.96638,-23.14533],[-46.97125,-23.14265],[-46.9723,-23.14333],[-46.97241,-23.14278],[-46.97297,-23.14234],[-46.97504,-23.1436],[-46.97497,-23.14506],[-46.97672,-23.14594]]]},"properties":{"codigo":"3525904032","name":"Tulipas","population":14167,"households":5277,"areaKm2":2.9594,"density":4787.1}},{"type":"Feature","geometry":{"type":"Polygon","coordinates":[[[-46.85817,-23.13615],[-46.85812,-23.13738],[-46.85759,-23.13858],[-46.85837,-23.13889],[-46.85941,-23.1398],[-46.85822,-23.1429],[-46.86249,-23.14345],[-46.86249,-23.14571],[-46.86511,-23.14535],[-46.86609,-23.14858],[-46.86498,-23.14814],[-46.86437,-23.14841],[-46.8636,-23.14822],[-46.86317,-23.14858],[-46.8635,-23.14995],[-46.86388,-23.15216],[-46.86098,-23.15362],[-46.85888,-23.15368],[-46.8583,-23.15355],[-46.85726,-23.15306],[-46.85585,-23.15307],[-46.85536,-23.15296],[-46.85594,-23.15544],[-46.85645,-23.15625],[-46.85538,-23.15628],[-46.85505,-23.1565],[-46.85463,-23.1573],[-46.85413,-23.15931],[-46.8523,-23.16039],[-46.85257,-23.16141],[-46.85237,-23.16229],[-46.85171,-23.16327],[-46.85166,-23.16414],[-46.85184,-23.16463],[-46.85254,-23.16523],[-46.85277,-23.1658],[-46.85305,-23.16714],[-46.85258,-23.16809],[-46.85118,-23.16829],[-46.84988,-23.16821],[-46.85047,-23.16909],[-46.85171,-23.16989],[-46.85158,-23.17025],[-46.85082,-23.1708],[-46.84938,-23.17101],[-46.8477,-23.17261],[-46.84668,-23.17328],[-46.84667,-23.17396],[-46.84581,-23.17386],[-46.8446,-23.1726],[-46.84435,-23.17053],[-46.84332,-23.16988],[-46.8428,-23.16979],[-46.84082,-23.17003],[-46.83875,-23.1702],[-46.83789,-23.16993],[-46.83653,-23.16929],[-46.83675,-23.1688],[-46.83771,-23.16749],[-46.83869,-23.16637],[-46.83935,-23.16537],[-46.84002,-23.16389],[-46.84082,-23.16332],[-46.84306,-23.16232],[-46.84372,-23.16179],[-46.84386,-23.16132],[-46.8438,-23.16045],[-46.84352,-23.15987],[-46.84365,-23.15918],[-46.84367,-23.1578],[-46.84327,-23.15778],[-46.8423,-23.15731],[-46.84175,-23.15645],[-46.84176,-23.15594],[-46.83927,-23.15558],[-46.83963,-23.15484],[-46.83804,-23.15436],[-46.83679,-23.15388],[-46.83711,-23.15051],[-46.83749,-23.14922],[-46.83905,-23.14911],[-46.83891,-23.14749],[-46.83804,-23.14683],[-46.83806,-23.14662],[-46.83729,-23.14467],[-46.83733,-23.14446],[-46.83643,-23.14319],[-46.83577,-23.14266],[-46.83553,-23.14208],[-46.83562,-23.14074],[-46.83453,-23.13881],[-46.83435,-23.13738],[-46.83498,-23.13627],[-46.83545,-23.13574],[-46.83674,-23.13611],[-46.83927,-23.13664],[-46.84322,-23.13738],[-46.8474,-23.1379],[-46.84836,-23.1379],[-46.84834,-23.13854],[-46.84901,-23.1401],[-46.84955,-23.14045],[-46.84994,-23.13941],[-46.85022,-23.13905],[-46.8514,-23.13816],[-46.85203,-23.13697],[-46.85323,-23.13581],[-46.85413,-23.13541],[-46.85517,-23.13557],[-46.85723,-23.13611],[-46.85817,-23.13615]]]},"properties":{"codigo":"3525904041","name":"Caxambu","population":5136,"households":2082,"areaKm2":7.2427,"density":709.1}},{"type":"Feature","geometry":{"type":"Polygon","coordinates":[[[-46.96972,-23.18343],[-46.97073,-23.18381],[-46.98036,-23.18721],[-46.98578,-23.18915],[-46.98694,-23.18963],[-46.98838,-23.19042],[-46.98965,-23.19137],[-46.99406,-23.19522],[-46.9941,-23.19525],[-46.99407,-23.19587],[-46.9943,-23.19675],[-46.99468,-23.20199],[-46.9896,-23.19986],[-46.98419,-23.19898],[-46.98204,-23.20113],[-46.9819,-23.20156],[-46.98269,-23.20241],[-46.98276,-23.20269],[-46.9821,-23.20314],[-46.97988,-23.20318],[-46.97956,-23.20341],[-46.97907,-23.20429],[-46.97849,-23.20435],[-46.97689,-23.2038],[-46.97557,-23.20385],[-46.97171,-23.20365],[-46.97138,-23.20343],[-46.97063,-23.20243],[-46.96958,-23.20134],[-46.96875,-23.20021],[-46.96779,-23.1995],[-46.96613,-23.19773],[-46.9655,-23.19719],[-46.96274,-23.19411],[-46.9618,-23.19329],[-46.96242,-23.19193],[-46.96346,-23.19061],[-46.96399,-23.19097],[-46.96486,-23.18977],[-46.96628,-23.18806],[-46.96771,-23.18829],[-46.96868,-23.1881],[-46.96904,-23.18683],[-46.96858,-23.18412],[-46.96916,-23.18406],[-46.96972,-23.18343]]]},"properties":{"codigo":"3525904031","name":"Ermida","population":6185,"households":2289,"areaKm2":4.5454,"density":1360.7}},{"type":"Feature","geometry":{"type":"Polygon","coordinates":[[[-46.85832,-23.19124],[-46.85542,-23.192],[-46.85412,-23.19143],[-46.85238,-23.19222],[-46.85065,-23.19456],[-46.8506,-23.19487],[-46.8498,-23.19576],[-46.84837,-23.19495],[-46.84779,-23.1943],[-46.84711,-23.19286],[-46.84661,-23.19223],[-46.84573,-23.19187],[-46.84535,-23.19192],[-46.84362,-23.19288],[-46.84223,-23.19321],[-46.84064,-23.1932],[-46.83992,-23.1929],[-46.83888,-23.19208],[-46.83845,-23.19157],[-46.83637,-23.18966],[-46.83469,-23.18679],[-46.834,-23.18612],[-46.83276,-23.18438],[-46.83472,-23.18337],[-46.83537,-23.1833],[-46.83606,-23.18285],[-46.83667,-23.18278],[-46.83717,-23.18219],[-46.83772,-23.18097],[-46.83857,-23.18128],[-46.84016,-23.1827],[-46.84064,-23.18303],[-46.84251,-23.18388],[-46.8438,-23.1847],[-46.84638,-23.18549],[-46.84695,-23.18519],[-46.84693,-23.18601],[-46.84801,-23.18828],[-46.85035,-23.18776],[-46.85171,-23.18717],[-46.85287,-23.18575],[-46.85375,-23.18509],[-46.85426,-23.18504],[-46.85443,-23.18671],[-46.8549,-23.18752],[-46.85681,-23.19004],[-46.85832,-23.19124]]]},"properties":{"codigo":"3525904018","name":"Tamoio","population":10023,"households":4020,"areaKm2":1.8536,"density":5407.4}},{"type":"Feature","geometry":{"type":"Polygon","coordinates":[[[-46.87303,-23.21059],[-46.87391,-23.2103],[-46.87391,-23.21126],[-46.87468,-23.2114],[-46.87532,-23.21051],[-46.87612,-23.20989],[-46.87958,-23.20798],[-46.88033,-23.20596],[-46.88076,-23.20409],[-46.88458,-23.20641],[-46.88498,-23.20672],[-46.88479,-23.20722],[-46.88498,-23.20855],[-46.88559,-23.2096],[-46.88619,-23.2111],[-46.88834,-23.21327],[-46.88538,-23.21516],[-46.88344,-23.21675],[-46.88223,-23.21799],[-46.87664,-23.22434],[-46.87586,-23.2254],[-46.87517,-23.22665],[-46.87416,-23.22872],[-46.87338,-23.22835],[-46.87366,-23.22752],[-46.87354,-23.22562],[-46.87393,-23.22478],[-46.87457,-23.22415],[-46.87498,-23.22349],[-46.8751,-23.22289],[-46.87428,-23.22028],[-46.87154,-23.22057],[-46.87143,-23.2198],[-46.87088,-23.2186],[-46.87031,-23.21847],[-46.87151,-23.21785],[-46.87207,-23.21733],[-46.87262,-23.21507],[-46.87288,-23.2143],[-46.87302,-23.21329],[-46.87291,-23.21115],[-46.87303,-23.21059]]]},"properties":{"codigo":"3525904007","name":"Vila Rami","population":9481,"households":4205,"areaKm2":1.9929,"density":4757.4}},{"type":"Feature","geometry":{"type":"Polygon","coordinates":[[[-46.91255,-23.15451],[-46.91299,-23.15478],[-46.91349,-23.15442],[-46.91481,-23.154],[-46.91549,-23.15363],[-46.91768,-23.153],[-46.91843,-23.15457],[-46.91809,-23.15529],[-46.91841,-23.15563],[-46.91857,-23.15645],[-46.91929,-23.15837],[-46.92028,-23.16135],[-46.92106,-23.16342],[-46.91901,-23.16394],[-46.91825,-23.16542],[-46.91651,-23.16782],[-46.91552,-23.16733],[-46.91052,-23.16406],[-46.90866,-23.16303],[-46.90952,-23.16171],[-46.91004,-23.16063],[-46.91255,-23.15451]]]},"properties":{"codigo":"3525904036","name":"Torres de São José","population":7359,"households":2858,"areaKm2":1.1949,"density":6158.9}},{"type":"Feature","geometry":{"type":"Polygon","coordinates":[[[-46.93847,-23.17218],[-46.94231,-23.17165],[-46.94444,-23.17173],[-46.94548,-23.17188],[-46.94695,-23.17225],[-46.94891,-23.17309],[-46.95748,-23.17826],[-46.95982,-23.17956],[-46.95969,-23.18038],[-46.95982,-23.18154],[-46.95532,-23.18123],[-46.95465,-23.18131],[-46.95506,-23.18218],[-46.95578,-23.18276],[-46.95594,-23.18316],[-46.95564,-23.18366],[-46.95572,-23.18482],[-46.95606,-23.18568],[-46.9559,-23.18706],[-46.95537,-23.18798],[-46.95532,-23.18966],[-46.95498,-23.19093],[-46.95295,-23.19092],[-46.95109,-23.19117],[-46.95017,-23.19113],[-46.94908,-23.19086],[-46.94721,-23.19058],[-46.94623,-23.19018],[-46.94498,-23.1891],[-46.94369,-23.18851],[-46.94302,-23.18838],[-46.93897,-23.18657],[-46.93827,-23.18651],[-46.93546,-23.18652],[-46.9329,-23.18602],[-46.93471,-23.18074],[-46.93657,-23.17552],[-46.93847,-23.17218]]]},"properties":{"codigo":"3525904029","name":"Aeroporto","population":290,"households":174,"areaKm2":3.8252,"density":75.8}},{"type":"Feature","geometry":{"type":"Polygon","coordinates":[[[-46.86366,-23.20273],[-46.86539,-23.20159],[-46.86555,-23.20187],[-46.86653,-23.20147],[-46.86782,-23.20397],[-46.86949,-23.2035],[-46.87055,-23.20265],[-46.87194,-23.2011],[-46.87246,-23.20034],[-46.87422,-23.20235],[-46.87451,-23.20347],[-46.87561,-23.20343],[-46.87579,-23.20427],[-46.87654,-23.20372],[-46.8768,-23.205],[-46.87746,-23.20451],[-46.87826,-23.20431],[-46.87886,-23.2044],[-46.87889,-23.20504],[-46.87946,-23.20502],[-46.87954,-23.20581],[-46.88033,-23.20596],[-46.87958,-23.20798],[-46.87612,-23.20989],[-46.87532,-23.21051],[-46.87468,-23.2114],[-46.87391,-23.21126],[-46.87391,-23.2103],[-46.87303,-23.21059],[-46.87184,-23.21003],[-46.8717,-23.20961],[-46.87098,-23.20899],[-46.87011,-23.2093],[-46.86961,-23.2104],[-46.86874,-23.21108],[-46.86642,-23.20846],[-46.86488,-23.20681],[-46.86406,-23.20745],[-46.86325,-23.2075],[-46.86418,-23.20672],[-46.8638,-23.20653],[-46.86386,-23.20565],[-46.86366,-23.20273]]]},"properties":{"codigo":"3525904060","name":"Vila Progresso","population":7302,"households":3338,"areaKm2":1.1742,"density":6218.7}},{"type":"Feature","geometry":{"type":"Polygon","coordinates":[[[-46.93213,-23.13503],[-46.93374,-23.13546],[-46.93445,-23.13647],[-46.93473,-23.13727],[-46.93611,-23.1383],[-46.93682,-23.13926],[-46.93821,-23.14003],[-46.93899,-23.13987],[-46.94156,-23.14022],[-46.9405,-23.14191],[-46.93961,-23.14366],[-46.93772,-23.1481],[-46.93711,-23.14954],[-46.93721,-23.14857],[-46.93676,-23.14797],[-46.93524,-23.14781],[-46.93389,-23.14788],[-46.93258,-23.14827],[-46.93064,-23.14834],[-46.92932,-23.14878],[-46.92825,-23.14894],[-46.92642,-23.15039],[-46.92513,-23.15099],[-46.92341,-23.15129],[-46.9213,-23.15177],[-46.91768,-23.153],[-46.91549,-23.15363],[-46.91481,-23.154],[-46.91349,-23.15442],[-46.91299,-23.15478],[-46.91255,-23.15451],[-46.91449,-23.14976],[-46.91495,-23.14822],[-46.91509,-23.14697],[-46.91499,-23.14508],[-46.91478,-23.14492],[-46.91477,-23.14403],[-46.91543,-23.1431],[-46.91694,-23.14043],[-46.91781,-23.1395],[-46.91866,-23.13876],[-46.92086,-23.13669],[-46.92194,-23.13527],[-46.92228,-23.13433],[-46.9228,-23.1317],[-46.92324,-23.13086],[-46.92521,-23.12933],[-46.92654,-23.13089],[-46.92707,-23.13133],[-46.92752,-23.13141],[-46.92901,-23.13114],[-46.92961,-23.13125],[-46.9302,-23.13204],[-46.93049,-23.13368],[-46.93106,-23.13452],[-46.93213,-23.13503]]]},"properties":{"codigo":"3525904037","name":"Cecap","population":18153,"households":7434,"areaKm2":4.1088,"density":4418.1}},{"type":"Feature","geometry":{"type":"Polygon","coordinates":[[[-46.86064,-23.17822],[-46.85994,-23.17747],[-46.85886,-23.17688],[-46.85821,-23.1767],[-46.85839,-23.17364],[-46.85754,-23.17193],[-46.85653,-23.17091],[-46.85623,-23.17016],[-46.85637,-23.16992],[-46.8579,-23.17085],[-46.86,-23.17058],[-46.86032,-23.17104],[-46.86167,-23.17062],[-46.86225,-23.17058],[-46.86444,-23.17083],[-46.86563,-23.1725],[-46.86687,-23.17212],[-46.86843,-23.1723],[-46.86917,-23.17288],[-46.86932,-23.17335],[-46.86977,-23.17357],[-46.87018,-23.17283],[-46.87065,-23.17305],[-46.87071,-23.17465],[-46.87037,-23.17589],[-46.86996,-23.17649],[-46.8705,-23.17749],[-46.87082,-23.1777],[-46.86984,-23.17899],[-46.87041,-23.1794],[-46.87054,-23.18196],[-46.8702,-23.18189],[-46.86964,-23.18426],[-46.86905,-23.18434],[-46.86899,-23.18489],[-46.86787,-23.18474],[-46.86663,-23.18472],[-46.86698,-23.18435],[-46.86705,-23.18248],[-46.86734,-23.18135],[-46.86627,-23.1814],[-46.86419,-23.1793],[-46.86114,-23.17854],[-46.86064,-23.17822]]]},"properties":{"codigo":"3525904016","name":"São Camilo","population":11818,"households":4614,"areaKm2":1.2635,"density":9353.5}},{"type":"Feature","geometry":{"type":"Polygon","coordinates":[[[-46.99406,-23.19522],[-46.99468,-23.194],[-46.99586,-23.19286],[-46.99666,-23.19253],[-46.99748,-23.19139],[-46.99776,-23.19072],[-46.99813,-23.19068],[-46.99867,-23.19012],[-46.99913,-23.18996],[-46.99945,-23.18936],[-47.00039,-23.18907],[-47.00088,-23.18918],[-47.00181,-23.18863],[-47.00284,-23.18822],[-47.00369,-23.18718],[-47.00405,-23.18703],[-47.00597,-23.18724],[-47.00646,-23.18693],[-47.00727,-23.18731],[-47.00813,-23.18736],[-47.00866,-23.18685],[-47.00814,-23.18752],[-47.00822,-23.18874],[-47.00879,-23.18938],[-47.00899,-23.19012],[-47.00955,-23.19001],[-47.01034,-23.19026],[-47.01118,-23.19147],[-47.01173,-23.1914],[-47.01199,-23.1919],[-47.01253,-23.19162],[-47.01304,-23.19168],[-47.01358,-23.19131],[-47.01412,-23.19155],[-47.01394,-23.19206],[-47.01423,-23.19256],[-47.0148,-23.19213],[-47.01537,-23.19233],[-47.01564,-23.19175],[-47.01605,-23.19209],[-47.01751,-23.19208],[-47.01788,-23.19259],[-47.01829,-23.19212],[-47.01866,-23.19236],[-47.01909,-23.19203],[-47.01976,-23.19202],[-47.02055,-23.19156],[-47.02148,-23.19135],[-47.02129,-23.19206],[-47.02176,-23.19237],[-47.02244,-23.19363],[-47.02246,-23.1942],[-47.02316,-23.19495],[-47.02322,-23.19638],[-47.02383,-23.19653],[-47.02377,-23.19704],[-47.02431,-23.19766],[-47.02484,-23.1979],[-47.0252,-23.19889],[-47.02581,-23.19943],[-47.02508,-23.19996],[-47.02511,-23.2004],[-47.02608,-23.20097],[-47.02672,-23.2008],[-47.02713,-23.20176],[-47.02775,-23.20244],[-47.02858,-23.20279],[-47.02889,-23.20356],[-47.02844,-23.20483],[-47.02865,-23.20541],[-47.02826,-23.20711],[-47.02768,-23.20779],[-47.02695,-23.2079],[-47.02607,-23.20758],[-47.02554,-23.20799],[-47.0254,-23.20883],[-47.02507,-23.20934],[-47.02502,-23.21019],[-47.02462,-23.21096],[-47.02502,-23.21216],[-47.02505,-23.21273],[-47.02463,-23.21315],[-47.02422,-23.21406],[-47.02431,-23.21539],[-47.02373,-23.21589],[-47.02386,-23.21645],[-47.02353,-23.21681],[-47.0241,-23.21741],[-47.02418,-23.21789],[-47.02379,-23.21881],[-47.02339,-23.21929],[-47.01989,-23.216],[-47.01852,-23.21467],[-47.01725,-23.21323],[-47.00932,-23.20394],[-47.00742,-23.20244],[-47.00642,-23.20192],[-47.00403,-23.20104],[-47.00026,-23.19974],[-46.99819,-23.19875],[-46.99669,-23.19756],[-46.9941,-23.19525],[-46.99406,-23.19522]]]},"properties":{"codigo":"3525904068","name":"Rio das Pedras","population":2127,"households":959,"areaKm2":5.5965,"density":380.1}},{"type":"Feature","geometry":{"type":"Polygon","coordinates":[[[-46.90566,-23.19197],[-46.90625,-23.19214],[-46.90669,-23.19171],[-46.90715,-23.19194],[-46.907,-23.19266],[-46.90637,-23.19343],[-46.90619,-23.19406],[-46.90636,-23.19446],[-46.90726,-23.19532],[-46.90876,-23.19732],[-46.90918,-23.19841],[-46.91058,-23.20025],[-46.91174,-23.20105],[-46.91294,-23.20215],[-46.9155,-23.20351],[-46.91619,-23.2044],[-46.91218,-23.20702],[-46.90979,-23.20802],[-46.90872,-23.20607],[-46.90796,-23.20627],[-46.90748,-23.20753],[-46.90753,-23.20859],[-46.90603,-23.20814],[-46.90583,-23.20851],[-46.90504,-23.20814],[-46.90428,-23.20898],[-46.90279,-23.20814],[-46.9013,-23.21023],[-46.89788,-23.20726],[-46.89954,-23.20576],[-46.90099,-23.20387],[-46.90184,-23.20234],[-46.90255,-23.20059],[-46.90566,-23.19197]]]},"properties":{"codigo":"3525904027","name":"Moisés","population":943,"households":335,"areaKm2":1.5354,"density":614.2}},{"type":"Feature","geometry":{"type":"Polygon","coordinates":[[[-46.99111,-23.17335],[-46.99334,-23.17265],[-46.99692,-23.17142],[-46.99893,-23.17061],[-47.0023,-23.16898],[-47.00419,-23.16801],[-47.00524,-23.16766],[-47.00772,-23.16632],[-47.01251,-23.16408],[-47.01543,-23.1631],[-47.01798,-23.1625],[-47.02148,-23.16178],[-47.02142,-23.16233],[-47.02084,-23.16226],[-47.02008,-23.16246],[-47.01968,-23.16347],[-47.01901,-23.16324],[-47.01877,-23.16354],[-47.01769,-23.16369],[-47.01745,-23.16405],[-47.01666,-23.16452],[-47.01576,-23.16451],[-47.01554,-23.16595],[-47.01483,-23.16585],[-47.01442,-23.16626],[-47.01452,-23.16694],[-47.01367,-23.16704],[-47.01412,-23.16754],[-47.0141,-23.16847],[-47.0135,-23.16873],[-47.01344,-23.16911],[-47.01274,-23.16989],[-47.0127,-23.17059],[-47.01346,-23.17103],[-47.01314,-23.17166],[-47.01365,-23.17175],[-47.01368,-23.17226],[-47.01318,-23.17258],[-47.01334,-23.17365],[-47.01299,-23.17409],[-47.01322,-23.1746],[-47.01307,-23.175],[-47.01336,-23.1754],[-47.01397,-23.17546],[-47.01354,-23.17687],[-47.01408,-23.17712],[-47.01429,-23.17758],[-47.01355,-23.17783],[-47.01404,-23.17847],[-47.01378,-23.17912],[-47.01415,-23.17939],[-47.01408,-23.17989],[-47.01428,-23.1809],[-47.0151,-23.18107],[-47.01526,-23.1818],[-47.01511,-23.18243],[-47.01475,-23.18282],[-47.01389,-23.18303],[-47.01382,-23.18351],[-47.0133,-23.18385],[-47.01325,-23.1846],[-47.01235,-23.18453],[-47.01165,-23.18539],[-47.01046,-23.18592],[-47.00969,-23.1857],[-47.00863,-23.1861],[-47.00866,-23.18685],[-47.00813,-23.18736],[-47.00727,-23.18731],[-47.00646,-23.18693],[-47.00597,-23.18724],[-47.00405,-23.18703],[-47.00369,-23.18718],[-47.00284,-23.18822],[-47.00181,-23.18863],[-47.00088,-23.18918],[-47.00039,-23.18907],[-46.99945,-23.18936],[-46.99913,-23.18996],[-46.99867,-23.19012],[-46.99813,-23.19068],[-46.99776,-23.19072],[-46.99748,-23.19139],[-46.99666,-23.19253],[-46.99586,-23.19286],[-46.99468,-23.194],[-46.99406,-23.19522],[-46.98965,-23.19137],[-46.98838,-23.19042],[-46.98694,-23.18963],[-46.98578,-23.18915],[-46.98036,-23.18721],[-46.97073,-23.18381],[-46.96972,-23.18343],[-46.97049,-23.18162],[-46.97098,-23.18084],[-46.9716,-23.18025],[-46.97282,-23.17964],[-46.9895,-23.17397],[-46.99111,-23.17335]]]},"properties":{"codigo":"3525904044","name":"Medeiros","population":14151,"households":5842,"areaKm2":7.8364,"density":1805.8}},{"type":"Feature","geometry":{"type":"Polygon","coordinates":[[[-46.9808,-23.12972],[-46.97917,-23.12981],[-46.97828,-23.13028],[-46.97681,-23.132],[-46.97609,-23.13092],[-46.9744,-23.12985],[-46.97355,-23.12954],[-46.97199,-23.1295],[-46.97151,-23.12976],[-46.9713,-23.13066],[-46.9703,-23.13103],[-46.9696,-23.13087],[-46.96829,-23.13108],[-46.9678,-23.12949],[-46.96702,-23.12853],[-46.96641,-23.12702],[-46.96588,-23.12639],[-46.96449,-23.12574],[-46.96391,-23.12503],[-46.96275,-23.12474],[-46.96232,-23.12476],[-46.96054,-23.12569],[-46.95934,-23.12582],[-46.95776,-23.12556],[-46.95728,-23.12566],[-46.955,-23.12681],[-46.95453,-23.12737],[-46.95279,-23.1267],[-46.95343,-23.12513],[-46.95529,-23.11879],[-46.95587,-23.11715],[-46.95645,-23.11574],[-46.95766,-23.11339],[-46.96018,-23.10946],[-46.96177,-23.10932],[-46.9633,-23.10994],[-46.96435,-23.10997],[-46.96621,-23.1097],[-46.96711,-23.10974],[-46.96828,-23.11],[-46.96954,-23.11054],[-46.97078,-23.11127],[-46.9737,-23.11187],[-46.97415,-23.11227],[-46.9743,-23.11301],[-46.97477,-23.11418],[-46.97555,-23.11486],[-46.97592,-23.11617],[-46.97552,-23.11758],[-46.97549,-23.11879],[-46.97562,-23.11914],[-46.97687,-23.11933],[-46.97777,-23.11974],[-46.97868,-23.1194],[-46.98133,-23.12039],[-46.98227,-23.12108],[-46.98408,-23.12137],[-46.98469,-23.1212],[-46.9852,-23.12013],[-46.98605,-23.11987],[-46.98716,-23.11982],[-46.98783,-23.11929],[-46.98845,-23.11908],[-46.98924,-23.11845],[-46.99036,-23.11891],[-46.99101,-23.11897],[-46.992,-23.1196],[-46.98911,-23.1222],[-46.98357,-23.12709],[-46.9823,-23.12824],[-46.98116,-23.12971],[-46.9808,-23.12972]]]},"properties":{"codigo":"3525904073","name":"Traviú","population":1363,"households":568,"areaKm2":5.0994,"density":267.3}},{"type":"Feature","geometry":{"type":"Polygon","coordinates":[[[-46.90866,-23.16303],[-46.91052,-23.16406],[-46.91552,-23.16733],[-46.91651,-23.16782],[-46.92022,-23.16942],[-46.91865,-23.17061],[-46.91688,-23.17212],[-46.91617,-23.173],[-46.91308,-23.17369],[-46.91109,-23.17397],[-46.90955,-23.17435],[-46.90627,-23.17534],[-46.90189,-23.17601],[-46.90083,-23.17597],[-46.89859,-23.17539],[-46.89922,-23.17469],[-46.90062,-23.17404],[-46.90106,-23.17356],[-46.9016,-23.17233],[-46.90219,-23.17188],[-46.90259,-23.17127],[-46.90534,-23.16773],[-46.90586,-23.1666],[-46.90758,-23.16448],[-46.90866,-23.16303]]]},"properties":{"codigo":"3525904024","name":"Hortolândia","population":10719,"households":4592,"areaKm2":1.5002,"density":7145.1}},{"type":"Feature","geometry":{"type":"Polygon","coordinates":[[[-46.89288,-23.21047],[-46.89619,-23.20842],[-46.8995,-23.21226],[-46.89871,-23.21322],[-46.89785,-23.21452],[-46.89594,-23.21434],[-46.89557,-23.21519],[-46.89525,-23.21763],[-46.8949,-23.21876],[-46.8974,-23.22039],[-46.89711,-23.22162],[-46.89623,-23.22274],[-46.89722,-23.22363],[-46.89807,-23.22369],[-46.89865,-23.22497],[-46.89884,-23.22574],[-46.9011,-23.22564],[-46.90241,-23.22688],[-46.89419,-23.23304],[-46.8922,-23.233],[-46.89067,-23.23217],[-46.89,-23.23215],[-46.88919,-23.23017],[-46.88889,-23.22897],[-46.88853,-23.22879],[-46.8875,-23.22908],[-46.88622,-23.22865],[-46.88606,-23.22719],[-46.88677,-23.22572],[-46.88766,-23.22422],[-46.88866,-23.22311],[-46.88919,-23.22294],[-46.89314,-23.21561],[-46.89468,-23.21328],[-46.89547,-23.2119],[-46.89288,-23.21047]]]},"properties":{"codigo":"3525904056","name":"Pracatú","population":85,"households":41,"areaKm2":1.8864,"density":45.1}},{"type":"Feature","geometry":{"type":"Polygon","coordinates":[[[-46.86717,-23.25809],[-46.86667,-23.25957],[-46.86561,-23.26156],[-46.86608,-23.26254],[-46.85903,-23.26728],[-46.85797,-23.26828],[-46.85561,-23.27148],[-46.85408,-23.27306],[-46.8537,-23.27274],[-46.85304,-23.2729],[-46.85281,-23.27255],[-46.85126,-23.27112],[-46.85041,-23.27067],[-46.84931,-23.26985],[-46.84776,-23.26901],[-46.84666,-23.26788],[-46.84607,-23.26672],[-46.84454,-23.26667],[-46.8439,-23.26654],[-46.84187,-23.2668],[-46.84132,-23.26663],[-46.84102,-23.26548],[-46.84066,-23.26474],[-46.84039,-23.26371],[-46.83994,-23.26304],[-46.83966,-23.26196],[-46.83906,-23.26072],[-46.83786,-23.25957],[-46.83685,-23.25884],[-46.83626,-23.25769],[-46.83593,-23.25734],[-46.83607,-23.25678],[-46.83599,-23.25456],[-46.83623,-23.25383],[-46.83717,-23.25284],[-46.83778,-23.25185],[-46.83889,-23.24973],[-46.83982,-23.24906],[-46.84143,-23.24891],[-46.84208,-23.24872],[-46.84629,-23.24574],[-46.84713,-23.24543],[-46.84858,-23.24531],[-46.84872,-23.24648],[-46.84899,-23.24712],[-46.84912,-23.24817],[-46.84946,-23.24938],[-46.84985,-23.25014],[-46.84989,-23.25089],[-46.85101,-23.25255],[-46.85138,-23.25268],[-46.85204,-23.25411],[-46.852,-23.25433],[-46.85328,-23.25506],[-46.85418,-23.25583],[-46.85541,-23.25573],[-46.85572,-23.2565],[-46.85575,-23.25751],[-46.85608,-23.25789],[-46.85702,-23.25728],[-46.8584,-23.25717],[-46.8588,-23.25466],[-46.86039,-23.25432],[-46.86178,-23.25372],[-46.86212,-23.25224],[-46.86314,-23.25185],[-46.86285,-23.2512],[-46.86341,-23.25023],[-46.86466,-23.25029],[-46.8655,-23.25004],[-46.86585,-23.25026],[-46.86626,-23.25213],[-46.8672,-23.25513],[-46.86739,-23.2566],[-46.86717,-23.25809]]]},"properties":{"codigo":"3525904059","name":"Tijuco Preto","population":872,"households":566,"areaKm2":5.3352,"density":163.4}}]}