{"type":"FeatureCollection","features":[{"type":"Feature","geometry":{"type":"Polygon","coordinates":[[[-46.64658,-23.73204],[-46.64752,-23.73186],[-46.64712,-23.73253],[-46.64652,-23.73259],[-46.64584,-23.73311],[-46.64446,-23.73336],[-46.64431,-23.73366],[-46.64302,-23.73395],[-46.64216,-23.73494],[-46.6421,-23.73546],[-46.64402,-23.7344],[-46.64539,-23.73425],[-46.64544,-23.73502],[-46.64451,-23.73535],[-46.64354,-23.73607],[-46.64307,-23.73676],[-46.64185,-23.73814],[-46.64079,-23.73833],[-46.64039,-23.73867],[-46.63948,-23.73882],[-46.63777,-23.73867],[-46.63721,-23.73837],[-46.63482,-23.73836],[-46.63409,-23.73809],[-46.63306,-23.73841],[-46.6316,-23.73859],[-46.63167,-23.73918],[-46.63325,-23.73928],[-46.63415,-23.73918],[-46.63528,-23.7395],[-46.63571,-23.73982],[-46.6357,-23.741],[-46.63592,-23.74127],[-46.63667,-23.74026],[-46.63746,-23.7401],[-46.63951,-23.74056],[-46.64062,-23.74073],[-46.64081,-23.74158],[-46.64144,-23.74219],[-46.64153,-23.74347],[-46.6407,-23.74505],[-46.63963,-23.74577],[-46.64001,-23.74646],[-46.64093,-23.74674],[-46.64131,-23.74797],[-46.64083,-23.74937],[-46.63912,-23.7501],[-46.63699,-23.74956],[-46.63606,-23.74986],[-46.63504,-23.75054],[-46.6358,-23.75066],[-46.6366,-23.75051],[-46.63772,-23.7506],[-46.63859,-23.75112],[-46.6394,-23.75212],[-46.63947,-23.75245],[-46.63912,-23.75329],[-46.63966,-23.75414],[-46.64002,-23.75433],[-46.64086,-23.75422],[-46.64132,-23.75478],[-46.64137,-23.75531],[-46.6408,-23.75574],[-46.64015,-23.75572],[-46.63912,-23.75604],[-46.63814,-23.75608],[-46.63748,-23.75578],[-46.63675,-23.75579],[-46.63524,-23.75661],[-46.63414,-23.75608],[-46.63354,-23.7561],[-46.63327,-23.75679],[-46.63218,-23.75734],[-46.63195,-23.75808],[-46.63207,-23.75866],[-46.63298,-23.75933],[-46.63294,-23.75979],[-46.63238,-23.76022],[-46.63134,-23.76034],[-46.63016,-23.75966],[-46.63062,-23.75852],[-46.63032,-23.75816],[-46.62921,-23.7587],[-46.62809,-23.75794],[-46.62814,-23.76018],[-46.62768,-23.76136],[-46.6267,-23.76264],[-46.62627,-23.76389],[-46.62564,-23.76415],[-46.62516,-23.76401],[-46.62445,-23.76315],[-46.62416,-23.76238],[-46.62428,-23.76179],[-46.62405,-23.76118],[-46.62292,-23.76128],[-46.62246,-23.76068],[-46.62233,-23.75977],[-46.62301,-23.75838],[-46.62295,-23.75736],[-46.62327,-23.75658],[-46.62274,-23.75659],[-46.62214,-23.75715],[-46.62214,-23.75747],[-46.62155,-23.75841],[-46.62141,-23.75934],[-46.6209,-23.76015],[-46.62024,-23.76019],[-46.61978,-23.75985],[-46.61944,-23.7592],[-46.61894,-23.75891],[-46.61878,-23.75825],[-46.61892,-23.75763],[-46.61811,-23.75758],[-46.61798,-23.75633],[-46.61848,-23.75632],[-46.61877,-23.75559],[-46.61826,-23.75546],[-46.61786,-23.75502],[-46.61741,-23.75503],[-46.6169,-23.75429],[-46.61715,-23.75342],[-46.61641,-23.75382],[-46.6159,-23.75337],[-46.61626,-23.75281],[-46.6161,-23.75219],[-46.61648,-23.75163],[-46.61723,-23.75108],[-46.61797,-23.75113],[-46.61766,-23.75005],[-46.61726,-23.74976],[-46.61674,-23.7504],[-46.61564,-23.75099],[-46.61384,-23.75095],[-46.61239,-23.74935],[-46.61092,-23.74815],[-46.61031,-23.74622],[-46.60948,-23.74551],[-46.61059,-23.74401],[-46.60989,-23.74424],[-46.60837,-23.74446],[-46.60825,-23.74488],[-46.60855,-23.74534],[-46.60831,-23.74569],[-46.60692,-23.7458],[-46.60674,-23.7454],[-46.60623,-23.74531],[-46.60494,-23.74431],[-46.60477,-23.74447],[-46.6054,-23.74536],[-46.60479,-23.74591],[-46.60518,-23.74631],[-46.60504,-23.74708],[-46.60606,-23.74739],[-46.60711,-23.74849],[-46.60702,-23.74918],[-46.60738,-23.74964],[-46.60805,-23.75001],[-46.60855,-23.75099],[-46.60908,-23.75131],[-46.60964,-23.75203],[-46.61057,-23.75207],[-46.61079,-23.75239],[-46.61117,-23.75395],[-46.61084,-23.75431],[-46.60932,-23.75503],[-46.60997,-23.75535],[-46.61084,-23.75499],[-46.61201,-23.75477],[-46.61271,-23.75489],[-46.61329,-23.75549],[-46.61444,-23.75633],[-46.61492,-23.75822],[-46.6148,-23.75892],[-46.61434,-23.75909],[-46.61276,-23.7589],[-46.61233,-23.75861],[-46.6119,-23.75895],[-46.61041,-23.7589],[-46.61052,-23.75916],[-46.6137,-23.76],[-46.61494,-23.76041],[-46.61524,-23.76078],[-46.61516,-23.76136],[-46.61401,-23.76183],[-46.61231,-23.76161],[-46.61161,-23.76188],[-46.61153,-23.76295],[-46.6105,-23.76353],[-46.61014,-23.7635],[-46.60952,-23.76267],[-46.60845,-23.76259],[-46.60895,-23.76339],[-46.60889,-23.76397],[-46.60818,-23.76433],[-46.60723,-23.76456],[-46.60493,-23.76387],[-46.60405,-23.76343],[-46.60339,-23.762],[-46.60424,-23.76134],[-46.60454,-23.76081],[-46.6034,-23.76105],[-46.60302,-23.76058],[-46.60324,-23.75984],[-46.60278,-23.75978],[-46.6024,-23.75869],[-46.60256,-23.75766],[-46.60205,-23.75698],[-46.60164,-23.75738],[-46.60117,-23.75736],[-46.59979,-23.75619],[-46.59959,-23.75584],[-46.59904,-23.75575],[-46.59804,-23.75516],[-46.59688,-23.75416],[-46.59532,-23.75406],[-46.59617,-23.75498],[-46.59746,-23.75569],[-46.59754,-23.7562],[-46.59795,-23.7566],[-46.5993,-23.75743],[-46.60026,-23.75829],[-46.60051,-23.75909],[-46.60095,-23.75929],[-46.60146,-23.76136],[-46.60195,-23.76268],[-46.60195,-23.76321],[-46.60123,-23.7636],[-46.59961,-23.7636],[-46.59877,-23.76312],[-46.59733,-23.76257],[-46.59597,-23.76263],[-46.5955,-23.76343],[-46.59721,-23.76451],[-46.59736,-23.76534],[-46.59695,-23.7658],[-46.5938,-23.76401],[-46.59193,-23.76333],[-46.5912,-23.76345],[-46.58927,-23.76329],[-46.58808,-23.76338],[-46.58687,-23.76363],[-46.58659,-23.76241],[-46.58666,-23.76117],[-46.58621,-23.75723],[-46.58567,-23.75281],[-46.58548,-23.752],[-46.58466,-23.75049],[-46.58381,-23.74968],[-46.58225,-23.74886],[-46.58152,-23.74877],[-46.57928,-23.74871],[-46.57736,-23.74844],[-46.57545,-23.74774],[-46.57488,-23.74747],[-46.57691,-23.74614],[-46.57618,-23.74571],[-46.578,-23.74453],[-46.57817,-23.7437],[-46.57762,-23.74334],[-46.57859,-23.74278],[-46.57832,-23.74238],[-46.57916,-23.74193],[-46.58023,-23.74159],[-46.58128,-23.74042],[-46.58097,-23.74001],[-46.58117,-23.73954],[-46.58118,-23.73804],[-46.58155,-23.73545],[-46.58408,-23.73521],[-46.58498,-23.73479],[-46.58565,-23.73488],[-46.58688,-23.73542],[-46.58924,-23.73579],[-46.59028,-23.73429],[-46.59014,-23.73377],[-46.59155,-23.73166],[-46.59212,-23.73131],[-46.59254,-23.73141],[-46.59217,-23.73266],[-46.5921,-23.73337],[-46.59171,-23.73438],[-46.59174,-23.73505],[-46.59141,-23.73609],[-46.59097,-23.73673],[-46.59134,-23.73788],[-46.59218,-23.73926],[-46.59277,-23.73941],[-46.59408,-23.73918],[-46.5961,-23.73949],[-46.59711,-23.73953],[-46.59798,-23.73923],[-46.5983,-23.7397],[-46.59847,-23.74067],[-46.59931,-23.74119],[-46.60542,-23.73123],[-46.60549,-23.73128],[-46.60619,-23.73207],[-46.60672,-23.73239],[-46.6076,-23.73351],[-46.60816,-23.73311],[-46.60934,-23.73395],[-46.61054,-23.73556],[-46.61079,-23.73632],[-46.61138,-23.73737],[-46.61228,-23.73777],[-46.61379,-23.73802],[-46.61464,-23.73796],[-46.6163,-23.73817],[-46.61736,-23.73754],[-46.61859,-23.73853],[-46.61955,-23.73899],[-46.62093,-23.73838],[-46.62137,-23.73795],[-46.62297,-23.73716],[-46.62401,-23.73624],[-46.62464,-23.73596],[-46.62559,-23.73668],[-46.62601,-23.73736],[-46.62645,-23.73683],[-46.62737,-23.73691],[-46.62824,-23.73631],[-46.62838,-23.73572],[-46.62882,-23.73538],[-46.62949,-23.73534],[-46.63023,-23.73559],[-46.63112,-23.73512],[-46.63262,-23.73558],[-46.63387,-23.73618],[-46.63449,-23.73594],[-46.636,-23.73383],[-46.63727,-23.73374],[-46.63826,-23.73392],[-46.63934,-23.73264],[-46.63947,-23.73192],[-46.64035,-23.73157],[-46.64147,-23.73178],[-46.64284,-23.73219],[-46.64421,-23.7318],[-46.64571,-23.73205],[-46.64658,-23.73204]]]},"properties":{"codigo":"3548708021","name":"Dos Alvarenga","population":72403,"households":28767,"areaKm2":15.4153,"density":4696.8}},{"type":"Feature","geometry":{"type":"Polygon","coordinates":[[[-46.57545,-23.74774],[-46.57512,-23.74809],[-46.57547,-23.74876],[-46.57309,-23.75057],[-46.57283,-23.75033],[-46.57208,-23.7509],[-46.57059,-23.75062],[-46.56981,-23.7508],[-46.56927,-23.75071],[-46.56662,-23.7506],[-46.56475,-23.75068],[-46.56312,-23.75113],[-46.56174,-23.75177],[-46.56021,-23.75272],[-46.56,-23.75194],[-46.55932,-23.75057],[-46.5588,-23.75014],[-46.55757,-23.74943],[-46.55773,-23.74919],[-46.55587,-23.74747],[-46.5556,-23.7471],[-46.55376,-23.74703],[-46.55397,-23.746],[-46.55324,-23.74581],[-46.5519,-23.74585],[-46.5496,-23.7457],[-46.54584,-23.7458],[-46.54398,-23.74567],[-46.54173,-23.74479],[-46.54122,-23.7444],[-46.54088,-23.74465],[-46.54024,-23.74447],[-46.54082,-23.74226],[-46.54095,-23.74229],[-46.5419,-23.73841],[-46.54219,-23.73744],[-46.54257,-23.73673],[-46.54675,-23.73125],[-46.54766,-23.72997],[-46.55134,-23.72512],[-46.55193,-23.72442],[-46.55308,-23.7232],[-46.55452,-23.72423],[-46.55577,-23.7253],[-46.55703,-23.72593],[-46.5589,-23.72603],[-46.56051,-23.72635],[-46.56054,-23.72795],[-46.55947,-23.72907],[-46.55986,-23.72909],[-46.5599,-23.73081],[-46.55967,-23.73136],[-46.55923,-23.73171],[-46.55808,-23.73215],[-46.55901,-23.73311],[-46.55946,-23.73336],[-46.56145,-23.73336],[-46.56201,-23.7347],[-46.56321,-23.73441],[-46.56367,-23.73445],[-46.56511,-23.73417],[-46.56625,-23.73429],[-46.5668,-23.73493],[-46.56662,-23.73605],[-46.56629,-23.73633],[-46.56633,-23.73743],[-46.56662,-23.73842],[-46.56752,-23.73938],[-46.56972,-23.74233],[-46.56987,-23.74238],[-46.5717,-23.74473],[-46.5735,-23.74657],[-46.57488,-23.74747],[-46.57545,-23.74774]]]},"properties":{"codigo":"3548708017","name":"Demarchi","population":25267,"households":10345,"areaKm2":5.7393,"density":4402.4}},{"type":"Feature","geometry":{"type":"Polygon","coordinates":[[[-46.53881,-23.72182],[-46.53813,-23.72181],[-46.53321,-23.72549],[-46.53286,-23.72585],[-46.53131,-23.72486],[-46.52954,-23.72399],[-46.52776,-23.72395],[-46.52673,-23.7229],[-46.52643,-23.72242],[-46.52684,-23.72168],[-46.52817,-23.72049],[-46.52885,-23.71998],[-46.53087,-23.71825],[-46.53244,-23.71778],[-46.53285,-23.71682],[-46.53283,-23.71643],[-46.53371,-23.7159],[-46.53304,-23.71526],[-46.53415,-23.7152],[-46.53451,-23.71546],[-46.53637,-23.71397],[-46.53618,-23.71374],[-46.53776,-23.71256],[-46.53819,-23.71256],[-46.54133,-23.71045],[-46.54221,-23.70935],[-46.54352,-23.71016],[-46.54437,-23.71083],[-46.54234,-23.71374],[-46.54194,-23.71459],[-46.54187,-23.71516],[-46.54207,-23.71648],[-46.54129,-23.718],[-46.54113,-23.71994],[-46.54048,-23.72066],[-46.53981,-23.72071],[-46.5391,-23.721],[-46.53881,-23.72182]]]},"properties":{"codigo":"3548708014","name":"Santa Terezinha","population":25641,"households":11108,"areaKm2":1.3698,"density":18719.4}},{"type":"Feature","geometry":{"type":"Polygon","coordinates":[[[-46.58396,-23.69367],[-46.5844,-23.69388],[-46.58512,-23.69514],[-46.58688,-23.69698],[-46.58797,-23.69733],[-46.58879,-23.69852],[-46.58845,-23.69939],[-46.58866,-23.69998],[-46.58911,-23.70009],[-46.58977,-23.70079],[-46.59002,-23.7014],[-46.58978,-23.70224],[-46.5899,-23.70273],[-46.59049,-23.70389],[-46.59064,-23.70461],[-46.5901,-23.70499],[-46.58923,-23.70636],[-46.58887,-23.70755],[-46.58798,-23.70917],[-46.58619,-23.71175],[-46.58611,-23.71169],[-46.58285,-23.71172],[-46.57759,-23.71163],[-46.57386,-23.71166],[-46.57591,-23.70536],[-46.57665,-23.70242],[-46.57793,-23.69757],[-46.57835,-23.69684],[-46.57966,-23.69544],[-46.5799,-23.69508],[-46.57998,-23.69413],[-46.57963,-23.69315],[-46.57919,-23.69074],[-46.57961,-23.6912],[-46.58033,-23.69158],[-46.58122,-23.69263],[-46.58232,-23.69291],[-46.58396,-23.69367]]]},"properties":{"codigo":"3548708007","name":"Independência","population":22784,"households":9272,"areaKm2":2.4029,"density":9482}},{"type":"Feature","geometry":{"type":"Polygon","coordinates":[[[-46.55308,-23.7232],[-46.55924,-23.71739],[-46.56057,-23.71599],[-46.56121,-23.7147],[-46.5614,-23.7137],[-46.56142,-23.71133],[-46.5619,-23.71132],[-46.57371,-23.71171],[-46.57386,-23.71166],[-46.57759,-23.71163],[-46.58285,-23.71172],[-46.58611,-23.71169],[-46.58619,-23.71175],[-46.58582,-23.71272],[-46.58582,-23.71334],[-46.58526,-23.71414],[-46.58437,-23.7148],[-46.58292,-23.7157],[-46.58231,-23.71622],[-46.5814,-23.71788],[-46.58088,-23.71971],[-46.58013,-23.72102],[-46.58006,-23.72164],[-46.57945,-23.7231],[-46.57928,-23.72404],[-46.57868,-23.7256],[-46.57835,-23.72726],[-46.57752,-23.72837],[-46.57697,-23.72809],[-46.57533,-23.72803],[-46.57261,-23.72853],[-46.57021,-23.7289],[-46.57013,-23.72667],[-46.56636,-23.7266],[-46.56567,-23.72649],[-46.56419,-23.72649],[-46.56051,-23.72635],[-46.5589,-23.72603],[-46.55703,-23.72593],[-46.55577,-23.7253],[-46.55452,-23.72423],[-46.55308,-23.7232]]]},"properties":{"codigo":"3548708012","name":"Assunção","population":39952,"households":17224,"areaKm2":4.1686,"density":9584}},{"type":"Feature","geometry":{"type":"Polygon","coordinates":[[[-46.56021,-23.75272],[-46.56039,-23.75365],[-46.56083,-23.755],[-46.5615,-23.75589],[-46.56153,-23.75704],[-46.56202,-23.75745],[-46.56257,-23.75878],[-46.56232,-23.75902],[-46.56177,-23.76054],[-46.5612,-23.76088],[-46.56141,-23.76129],[-46.56115,-23.76219],[-46.56125,-23.76274],[-46.56096,-23.76323],[-46.56044,-23.7635],[-46.55924,-23.76297],[-46.55929,-23.76384],[-46.56044,-23.76404],[-46.56103,-23.76437],[-46.56149,-23.76495],[-46.56209,-23.76657],[-46.56179,-23.76698],[-46.5621,-23.76754],[-46.56231,-23.76844],[-46.56173,-23.76925],[-46.56268,-23.76991],[-46.56293,-23.77036],[-46.56288,-23.77094],[-46.56358,-23.77182],[-46.56343,-23.77233],[-46.56405,-23.77288],[-46.56369,-23.77419],[-46.56367,-23.77484],[-46.56331,-23.77513],[-46.56172,-23.77549],[-46.56012,-23.77564],[-46.55951,-23.77499],[-46.55925,-23.77414],[-46.55949,-23.77214],[-46.55912,-23.77215],[-46.55862,-23.77386],[-46.55834,-23.77443],[-46.55742,-23.77468],[-46.55633,-23.77418],[-46.55468,-23.77322],[-46.55382,-23.77258],[-46.55326,-23.77189],[-46.55285,-23.77097],[-46.55333,-23.77006],[-46.55292,-23.76895],[-46.55298,-23.76814],[-46.55354,-23.76767],[-46.55328,-23.76698],[-46.55318,-23.76581],[-46.55231,-23.76677],[-46.55238,-23.7674],[-46.55187,-23.76953],[-46.55114,-23.77023],[-46.55014,-23.77007],[-46.54868,-23.76922],[-46.54789,-23.76845],[-46.54714,-23.76749],[-46.54648,-23.76728],[-46.54579,-23.76743],[-46.54448,-23.76579],[-46.54375,-23.76578],[-46.54267,-23.76532],[-46.54051,-23.76487],[-46.54017,-23.76524],[-46.53902,-23.76518],[-46.53849,-23.76534],[-46.53803,-23.76596],[-46.53595,-23.76611],[-46.53493,-23.7657],[-46.5347,-23.76533],[-46.53419,-23.7653],[-46.53384,-23.76189],[-46.53392,-23.76089],[-46.53455,-23.75838],[-46.53457,-23.7577],[-46.53391,-23.75562],[-46.53404,-23.75445],[-46.53437,-23.75383],[-46.5367,-23.75057],[-46.53877,-23.74776],[-46.53958,-23.74642],[-46.54024,-23.74447],[-46.54088,-23.74465],[-46.54122,-23.7444],[-46.54173,-23.74479],[-46.54398,-23.74567],[-46.54584,-23.7458],[-46.5496,-23.7457],[-46.5519,-23.74585],[-46.55324,-23.74581],[-46.55397,-23.746],[-46.55376,-23.74703],[-46.5556,-23.7471],[-46.55587,-23.74747],[-46.55773,-23.74919],[-46.55757,-23.74943],[-46.5588,-23.75014],[-46.55932,-23.75057],[-46.56,-23.75194],[-46.56021,-23.75272]]]},"properties":{"codigo":"3548708019","name":"Botujuru","population":13034,"households":4871,"areaKm2":6.7241,"density":1938.4}},{"type":"Feature","geometry":{"type":"Polygon","coordinates":[[[-46.54082,-23.74226],[-46.54028,-23.74215],[-46.54022,-23.74049],[-46.53939,-23.74029],[-46.53897,-23.74055],[-46.53846,-23.73974],[-46.53759,-23.74038],[-46.53709,-23.74119],[-46.53629,-23.74178],[-46.53527,-23.74171],[-46.53511,-23.74127],[-46.53286,-23.74086],[-46.53153,-23.74094],[-46.53021,-23.74077],[-46.53033,-23.73891],[-46.5315,-23.73892],[-46.53156,-23.73782],[-46.53257,-23.73666],[-46.53421,-23.73563],[-46.53435,-23.7351],[-46.53404,-23.73427],[-46.5339,-23.73298],[-46.53358,-23.73278],[-46.53352,-23.73138],[-46.53397,-23.73107],[-46.5349,-23.73123],[-46.53438,-23.72985],[-46.53365,-23.72973],[-46.53142,-23.72752],[-46.53286,-23.72585],[-46.53321,-23.72549],[-46.53813,-23.72181],[-46.53881,-23.72182],[-46.53949,-23.72196],[-46.54501,-23.72248],[-46.54814,-23.72162],[-46.54901,-23.72163],[-46.54939,-23.72202],[-46.54941,-23.7228],[-46.55053,-23.72335],[-46.55193,-23.72442],[-46.55134,-23.72512],[-46.54766,-23.72997],[-46.54675,-23.73125],[-46.54257,-23.73673],[-46.54219,-23.73744],[-46.5419,-23.73841],[-46.54095,-23.74229],[-46.54082,-23.74226]]]},"properties":{"codigo":"3548708016","name":"Ferrazópolis","population":43090,"households":17263,"areaKm2":2.8131,"density":15317.6}},{"type":"Feature","geometry":{"type":"Polygon","coordinates":[[[-46.59329,-23.70883],[-46.59322,-23.71003],[-46.59265,-23.7118],[-46.59432,-23.71207],[-46.59454,-23.71478],[-46.59531,-23.71477],[-46.59508,-23.71612],[-46.59174,-23.71743],[-46.59132,-23.71784],[-46.59048,-23.71811],[-46.58908,-23.71908],[-46.5878,-23.7207],[-46.58731,-23.72198],[-46.5874,-23.72406],[-46.58652,-23.7237],[-46.58632,-23.72342],[-46.58537,-23.72339],[-46.58505,-23.72369],[-46.58473,-23.72453],[-46.58536,-23.72552],[-46.58587,-23.72551],[-46.58616,-23.72635],[-46.58566,-23.72686],[-46.58588,-23.72753],[-46.58483,-23.72954],[-46.58376,-23.73105],[-46.58385,-23.73163],[-46.5845,-23.73208],[-46.58458,-23.73245],[-46.58434,-23.73357],[-46.58441,-23.73413],[-46.58498,-23.73479],[-46.58408,-23.73521],[-46.58155,-23.73545],[-46.58164,-23.73476],[-46.58209,-23.73434],[-46.58157,-23.73318],[-46.57997,-23.73207],[-46.57857,-23.73149],[-46.57808,-23.72991],[-46.57789,-23.72889],[-46.57752,-23.72837],[-46.57835,-23.72726],[-46.57868,-23.7256],[-46.57928,-23.72404],[-46.57945,-23.7231],[-46.58006,-23.72164],[-46.58013,-23.72102],[-46.58088,-23.71971],[-46.5814,-23.71788],[-46.58231,-23.71622],[-46.58292,-23.7157],[-46.58437,-23.7148],[-46.58526,-23.71414],[-46.58582,-23.71334],[-46.58582,-23.71272],[-46.58619,-23.71175],[-46.58798,-23.70917],[-46.58887,-23.70755],[-46.58923,-23.70636],[-46.5901,-23.70499],[-46.59064,-23.70461],[-46.59087,-23.70497],[-46.59033,-23.70591],[-46.59055,-23.70658],[-46.59113,-23.70721],[-46.59207,-23.7078],[-46.59272,-23.7085],[-46.59329,-23.70883]]]},"properties":{"codigo":"3548708008","name":"Alves Dias","population":27157,"households":10561,"areaKm2":2.237,"density":12139.7}},{"type":"Feature","geometry":{"type":"Polygon","coordinates":[[[-46.56117,-23.65536],[-46.56159,-23.65483],[-46.5629,-23.6538],[-46.56365,-23.6522],[-46.5647,-23.65109],[-46.56557,-23.65059],[-46.56721,-23.65016],[-46.56771,-23.65003],[-46.57053,-23.64929],[-46.5713,-23.64929],[-46.57185,-23.64967],[-46.57273,-23.65047],[-46.57314,-23.65057],[-46.57408,-23.65034],[-46.57457,-23.64999],[-46.57626,-23.64784],[-46.57678,-23.64731],[-46.58003,-23.64391],[-46.58123,-23.64278],[-46.5827,-23.6418],[-46.58338,-23.64104],[-46.58341,-23.64133],[-46.58466,-23.64441],[-46.58349,-23.6456],[-46.58239,-23.64744],[-46.58095,-23.65005],[-46.57724,-23.65661],[-46.57671,-23.65773],[-46.57332,-23.66613],[-46.57196,-23.66931],[-46.57081,-23.67218],[-46.57044,-23.6731],[-46.56961,-23.67556],[-46.56928,-23.6753],[-46.56914,-23.67395],[-46.56891,-23.67304],[-46.56836,-23.6722],[-46.56765,-23.67147],[-46.55919,-23.66998],[-46.55362,-23.6692],[-46.55316,-23.66909],[-46.55305,-23.66851],[-46.55315,-23.66742],[-46.55364,-23.66636],[-46.5594,-23.65838],[-46.56005,-23.65736],[-46.56117,-23.65536]]]},"properties":{"codigo":"3548708003","name":"Rudge Ramos","population":40309,"households":18480,"areaKm2":4.6114,"density":8741.1}},{"type":"Feature","geometry":{"type":"Polygon","coordinates":[[[-46.54704,-23.68429],[-46.54783,-23.68449],[-46.54984,-23.68474],[-46.55133,-23.68443],[-46.55316,-23.6837],[-46.55387,-23.6829],[-46.55516,-23.68292],[-46.55516,-23.68317],[-46.55792,-23.68305],[-46.55874,-23.68456],[-46.55912,-23.68544],[-46.56642,-23.68483],[-46.56587,-23.68652],[-46.56475,-23.68965],[-46.56492,-23.6897],[-46.56319,-23.6947],[-46.56157,-23.69969],[-46.56127,-23.70101],[-46.56125,-23.70354],[-46.56088,-23.70485],[-46.5614,-23.7049],[-46.56137,-23.70714],[-46.56142,-23.71133],[-46.5614,-23.7137],[-46.56121,-23.7147],[-46.56057,-23.71599],[-46.55924,-23.71739],[-46.55308,-23.7232],[-46.55193,-23.72442],[-46.55053,-23.72335],[-46.54941,-23.7228],[-46.54939,-23.72202],[-46.54901,-23.72163],[-46.54814,-23.72162],[-46.54501,-23.72248],[-46.53949,-23.72196],[-46.53881,-23.72182],[-46.5391,-23.721],[-46.53981,-23.72071],[-46.54048,-23.72066],[-46.54113,-23.71994],[-46.54129,-23.718],[-46.54207,-23.71648],[-46.54187,-23.71516],[-46.54194,-23.71459],[-46.54234,-23.71374],[-46.54437,-23.71083],[-46.54511,-23.70978],[-46.54664,-23.708],[-46.54807,-23.70695],[-46.55072,-23.70558],[-46.55098,-23.70376],[-46.55133,-23.70013],[-46.55152,-23.69974],[-46.55127,-23.69931],[-46.55039,-23.69983],[-46.54954,-23.70005],[-46.54864,-23.70004],[-46.54855,-23.69945],[-46.54703,-23.69946],[-46.54558,-23.69966],[-46.54521,-23.69818],[-46.5445,-23.69839],[-46.54364,-23.69785],[-46.54311,-23.69733],[-46.54303,-23.69693],[-46.54354,-23.69661],[-46.54405,-23.69662],[-46.54945,-23.69389],[-46.54862,-23.6927],[-46.54832,-23.69167],[-46.54742,-23.68665],[-46.54745,-23.68553],[-46.54692,-23.68426],[-46.54704,-23.68429]]]},"properties":{"codigo":"3548708011","name":"Centro","population":77565,"households":33486,"areaKm2":6.787,"density":11428.4}},{"type":"Feature","geometry":{"type":"Polygon","coordinates":[[[-46.59736,-23.76534],[-46.59761,-23.76568],[-46.59844,-23.76576],[-46.59876,-23.76626],[-46.59959,-23.76569],[-46.60014,-23.76559],[-46.60143,-23.76594],[-46.60195,-23.76622],[-46.60298,-23.76578],[-46.60436,-23.76604],[-46.60486,-23.76597],[-46.60655,-23.76636],[-46.60781,-23.76681],[-46.60822,-23.76713],[-46.60801,-23.76809],[-46.60644,-23.7689],[-46.60547,-23.76911],[-46.60476,-23.76946],[-46.60506,-23.7698],[-46.60576,-23.76952],[-46.60715,-23.76925],[-46.60813,-23.76945],[-46.60837,-23.76985],[-46.60867,-23.77124],[-46.60896,-23.77106],[-46.60903,-23.76885],[-46.60934,-23.76829],[-46.60999,-23.76771],[-46.61113,-23.76754],[-46.61101,-23.76658],[-46.61245,-23.7662],[-46.61417,-23.76597],[-46.6148,-23.76618],[-46.61522,-23.76668],[-46.6153,-23.76715],[-46.6151,-23.76907],[-46.61567,-23.76877],[-46.61565,-23.7684],[-46.61605,-23.76711],[-46.61573,-23.76587],[-46.61589,-23.76553],[-46.61751,-23.76553],[-46.61836,-23.76577],[-46.61943,-23.76747],[-46.62208,-23.76812],[-46.62287,-23.76883],[-46.62319,-23.7698],[-46.62332,-23.77105],[-46.62358,-23.77182],[-46.62105,-23.77289],[-46.61884,-23.77358],[-46.61842,-23.77405],[-46.61975,-23.77496],[-46.62002,-23.77567],[-46.61939,-23.77644],[-46.61839,-23.77685],[-46.61706,-23.77653],[-46.61662,-23.77676],[-46.61643,-23.77779],[-46.61657,-23.77893],[-46.61565,-23.77927],[-46.61415,-23.77947],[-46.61326,-23.77871],[-46.61155,-23.77888],[-46.61135,-23.77791],[-46.61169,-23.77772],[-46.61154,-23.77684],[-46.61083,-23.77782],[-46.61025,-23.77818],[-46.61056,-23.77878],[-46.60981,-23.78063],[-46.60904,-23.77994],[-46.6086,-23.78084],[-46.6079,-23.78053],[-46.60767,-23.77986],[-46.60879,-23.77741],[-46.60815,-23.77782],[-46.60674,-23.77965],[-46.60581,-23.77853],[-46.60569,-23.77747],[-46.60489,-23.77685],[-46.60545,-23.77914],[-46.60548,-23.77962],[-46.60448,-23.77981],[-46.60373,-23.77966],[-46.60331,-23.77904],[-46.60293,-23.77751],[-46.60242,-23.77751],[-46.60268,-23.77892],[-46.6024,-23.77921],[-46.60149,-23.77937],[-46.60289,-23.78007],[-46.60315,-23.78091],[-46.60203,-23.78138],[-46.60214,-23.78193],[-46.60267,-23.78214],[-46.60463,-23.78152],[-46.60531,-23.78164],[-46.60637,-23.78232],[-46.60729,-23.78319],[-46.60737,-23.78453],[-46.60691,-23.78566],[-46.60773,-23.78544],[-46.60834,-23.78584],[-46.6082,-23.78424],[-46.60837,-23.78376],[-46.60902,-23.78355],[-46.61002,-23.78416],[-46.61097,-23.7854],[-46.61115,-23.78625],[-46.61086,-23.78707],[-46.61076,-23.78793],[-46.61013,-23.78837],[-46.60895,-23.78838],[-46.60821,-23.78852],[-46.60893,-23.7892],[-46.60906,-23.78962],[-46.60825,-23.79022],[-46.6077,-23.79096],[-46.60704,-23.7908],[-46.60685,-23.78975],[-46.60618,-23.78875],[-46.60477,-23.78764],[-46.60497,-23.78912],[-46.60478,-23.78925],[-46.60359,-23.78892],[-46.60291,-23.78815],[-46.60258,-23.78832],[-46.60289,-23.78912],[-46.60248,-23.78968],[-46.60233,-23.79051],[-46.60184,-23.79059],[-46.60143,-23.79026],[-46.60093,-23.79027],[-46.60103,-23.7896],[-46.60146,-23.78919],[-46.60111,-23.7888],[-46.60113,-23.78831],[-46.60045,-23.78847],[-46.59989,-23.78778],[-46.59944,-23.78838],[-46.59905,-23.78849],[-46.59838,-23.78795],[-46.59698,-23.78739],[-46.59602,-23.78732],[-46.59478,-23.78695],[-46.5931,-23.78674],[-46.59219,-23.78528],[-46.59086,-23.78426],[-46.58959,-23.78408],[-46.58967,-23.78349],[-46.59028,-23.7835],[-46.59011,-23.78284],[-46.59043,-23.78224],[-46.59142,-23.78124],[-46.59173,-23.78182],[-46.59213,-23.78147],[-46.59195,-23.78075],[-46.59289,-23.78009],[-46.59321,-23.77937],[-46.59302,-23.77888],[-46.59312,-23.77824],[-46.59345,-23.77786],[-46.59291,-23.77728],[-46.59221,-23.77752],[-46.59225,-23.77807],[-46.59106,-23.77999],[-46.58954,-23.78092],[-46.58849,-23.78034],[-46.58834,-23.77951],[-46.58801,-23.77874],[-46.58803,-23.77775],[-46.58781,-23.77711],[-46.58816,-23.77659],[-46.58731,-23.7763],[-46.58685,-23.77541],[-46.58723,-23.77472],[-46.58655,-23.77474],[-46.58591,-23.77359],[-46.58485,-23.77379],[-46.58502,-23.77438],[-46.5857,-23.77503],[-46.58643,-23.77671],[-46.58623,-23.77772],[-46.58654,-23.77859],[-46.58647,-23.78009],[-46.58599,-23.78077],[-46.5855,-23.78099],[-46.5848,-23.7802],[-46.58406,-23.77982],[-46.58384,-23.77886],[-46.58293,-23.77768],[-46.58271,-23.7784],[-46.58216,-23.77808],[-46.58219,-23.7774],[-46.58115,-23.77763],[-46.58118,-23.77885],[-46.5806,-23.7793],[-46.58021,-23.77996],[-46.5796,-23.77988],[-46.5796,-23.77902],[-46.57989,-23.77817],[-46.57868,-23.77873],[-46.57796,-23.77856],[-46.57762,-23.77815],[-46.57771,-23.77701],[-46.57807,-23.77629],[-46.57819,-23.77475],[-46.57813,-23.77392],[-46.57782,-23.77391],[-46.57701,-23.77659],[-46.57656,-23.77694],[-46.57662,-23.77849],[-46.57587,-23.77883],[-46.57525,-23.77822],[-46.57374,-23.77797],[-46.57346,-23.77762],[-46.57328,-23.77605],[-46.57305,-23.77583],[-46.57165,-23.77731],[-46.57099,-23.77735],[-46.5703,-23.77612],[-46.56923,-23.77633],[-46.56869,-23.77611],[-46.56838,-23.77553],[-46.56857,-23.77463],[-46.56931,-23.77437],[-46.56933,-23.77353],[-46.57023,-23.77349],[-46.57046,-23.77281],[-46.57096,-23.77248],[-46.57189,-23.77265],[-46.57177,-23.77219],[-46.57274,-23.77147],[-46.57385,-23.77128],[-46.57419,-23.77048],[-46.57299,-23.77042],[-46.5726,-23.77106],[-46.57168,-23.77116],[-46.57108,-23.77095],[-46.57043,-23.77152],[-46.56957,-23.77131],[-46.56937,-23.77191],[-46.56889,-23.7722],[-46.56803,-23.77336],[-46.56699,-23.77364],[-46.56627,-23.77332],[-46.56562,-23.77237],[-46.56604,-23.77154],[-46.5659,-23.77116],[-46.56632,-23.77035],[-46.56593,-23.77024],[-46.56503,-23.77089],[-46.56446,-23.7698],[-46.56433,-23.76784],[-46.56493,-23.76717],[-46.56728,-23.76645],[-46.56871,-23.76633],[-46.56762,-23.76541],[-46.56649,-23.76575],[-46.56456,-23.7665],[-46.56408,-23.76648],[-46.56304,-23.76535],[-46.56247,-23.76334],[-46.56253,-23.76234],[-46.56226,-23.7608],[-46.56297,-23.75899],[-46.56257,-23.75878],[-46.56202,-23.75745],[-46.56153,-23.75704],[-46.5615,-23.75589],[-46.56083,-23.755],[-46.56039,-23.75365],[-46.56021,-23.75272],[-46.56174,-23.75177],[-46.56312,-23.75113],[-46.56475,-23.75068],[-46.56662,-23.7506],[-46.56927,-23.75071],[-46.56981,-23.7508],[-46.57059,-23.75062],[-46.57208,-23.7509],[-46.57283,-23.75033],[-46.57309,-23.75057],[-46.57547,-23.74876],[-46.57512,-23.74809],[-46.57545,-23.74774],[-46.57736,-23.74844],[-46.57928,-23.74871],[-46.58152,-23.74877],[-46.58225,-23.74886],[-46.58381,-23.74968],[-46.58466,-23.75049],[-46.58548,-23.752],[-46.58567,-23.75281],[-46.58621,-23.75723],[-46.58666,-23.76117],[-46.58659,-23.76241],[-46.58687,-23.76363],[-46.58808,-23.76338],[-46.58927,-23.76329],[-46.5912,-23.76345],[-46.59193,-23.76333],[-46.5938,-23.76401],[-46.59695,-23.7658],[-46.59736,-23.76534]]]},"properties":{"codigo":"3548708022","name":"Batistini","population":30087,"households":11696,"areaKm2":13.6515,"density":2203.9}},{"type":"Feature","geometry":{"type":"Polygon","coordinates":[[[-46.54692,-23.68426],[-46.54745,-23.68553],[-46.54742,-23.68665],[-46.54832,-23.69167],[-46.54862,-23.6927],[-46.54945,-23.69389],[-46.54405,-23.69662],[-46.54354,-23.69661],[-46.54303,-23.69693],[-46.54311,-23.69733],[-46.54364,-23.69785],[-46.5445,-23.69839],[-46.54521,-23.69818],[-46.54558,-23.69966],[-46.54703,-23.69946],[-46.54855,-23.69945],[-46.54864,-23.70004],[-46.54773,-23.70007],[-46.54562,-23.70113],[-46.54376,-23.70197],[-46.5407,-23.70315],[-46.5394,-23.70376],[-46.53655,-23.70533],[-46.5355,-23.70575],[-46.53324,-23.70696],[-46.53281,-23.70633],[-46.53087,-23.70724],[-46.52956,-23.70759],[-46.52742,-23.70756],[-46.52644,-23.7077],[-46.52556,-23.70809],[-46.52487,-23.70985],[-46.52444,-23.71052],[-46.52371,-23.71065],[-46.52329,-23.71097],[-46.52299,-23.71019],[-46.52142,-23.71055],[-46.52074,-23.71111],[-46.52047,-23.71167],[-46.5204,-23.71151],[-46.52019,-23.71037],[-46.52044,-23.71015],[-46.51953,-23.7095],[-46.51885,-23.70938],[-46.51804,-23.70889],[-46.51758,-23.70892],[-46.51777,-23.70839],[-46.51767,-23.70708],[-46.51687,-23.7066],[-46.51676,-23.70536],[-46.51787,-23.70408],[-46.51852,-23.70417],[-46.51877,-23.7037],[-46.51931,-23.70366],[-46.52004,-23.70071],[-46.52047,-23.70078],[-46.52101,-23.70171],[-46.52201,-23.70255],[-46.52266,-23.70273],[-46.52375,-23.70135],[-46.525,-23.70172],[-46.52589,-23.70209],[-46.5263,-23.70206],[-46.52775,-23.70293],[-46.52906,-23.70345],[-46.52956,-23.70296],[-46.53014,-23.70164],[-46.53219,-23.70101],[-46.53295,-23.70054],[-46.53408,-23.69923],[-46.53431,-23.69829],[-46.53417,-23.69781],[-46.53515,-23.69714],[-46.53656,-23.69663],[-46.53686,-23.69632],[-46.53689,-23.69413],[-46.53765,-23.69047],[-46.53847,-23.68935],[-46.53919,-23.68893],[-46.53928,-23.68858],[-46.53914,-23.68839],[-46.5395,-23.68749],[-46.54143,-23.68573],[-46.54261,-23.6849],[-46.54459,-23.68386],[-46.54511,-23.68379],[-46.54692,-23.68426]]]},"properties":{"codigo":"3548708010","name":"Baeta Neves","population":47911,"households":20715,"areaKm2":3.4066,"density":14064}},{"type":"Feature","geometry":{"type":"Polygon","coordinates":[[[-46.57488,-23.74747],[-46.5735,-23.74657],[-46.5717,-23.74473],[-46.56987,-23.74238],[-46.56972,-23.74233],[-46.56752,-23.73938],[-46.56662,-23.73842],[-46.56633,-23.73743],[-46.56629,-23.73633],[-46.56662,-23.73605],[-46.5668,-23.73493],[-46.56625,-23.73429],[-46.56511,-23.73417],[-46.56367,-23.73445],[-46.56321,-23.73441],[-46.56201,-23.7347],[-46.56145,-23.73336],[-46.55946,-23.73336],[-46.55901,-23.73311],[-46.55808,-23.73215],[-46.55923,-23.73171],[-46.55967,-23.73136],[-46.5599,-23.73081],[-46.55986,-23.72909],[-46.55947,-23.72907],[-46.56054,-23.72795],[-46.56051,-23.72635],[-46.56419,-23.72649],[-46.56567,-23.72649],[-46.56636,-23.7266],[-46.57013,-23.72667],[-46.57021,-23.7289],[-46.57261,-23.72853],[-46.57533,-23.72803],[-46.57697,-23.72809],[-46.57752,-23.72837],[-46.57789,-23.72889],[-46.57808,-23.72991],[-46.57857,-23.73149],[-46.57997,-23.73207],[-46.58157,-23.73318],[-46.58209,-23.73434],[-46.58164,-23.73476],[-46.58155,-23.73545],[-46.58118,-23.73804],[-46.58117,-23.73954],[-46.58097,-23.74001],[-46.58128,-23.74042],[-46.58023,-23.74159],[-46.57916,-23.74193],[-46.57832,-23.74238],[-46.57859,-23.74278],[-46.57762,-23.74334],[-46.57817,-23.7437],[-46.578,-23.74453],[-46.57618,-23.74571],[-46.57691,-23.74614],[-46.57488,-23.74747]]]},"properties":{"codigo":"3548708015","name":"Dos Casa","population":41519,"households":16583,"areaKm2":3.0633,"density":13553.7}},{"type":"Feature","geometry":{"type":"Polygon","coordinates":[[[-46.57386,-23.71166],[-46.57371,-23.71171],[-46.5619,-23.71132],[-46.56142,-23.71133],[-46.56137,-23.70714],[-46.5614,-23.7049],[-46.56088,-23.70485],[-46.56125,-23.70354],[-46.56127,-23.70101],[-46.56157,-23.69969],[-46.56319,-23.6947],[-46.56492,-23.6897],[-46.56615,-23.68995],[-46.57187,-23.68946],[-46.57332,-23.68948],[-46.5779,-23.69053],[-46.57919,-23.69074],[-46.57963,-23.69315],[-46.57998,-23.69413],[-46.5799,-23.69508],[-46.57966,-23.69544],[-46.57835,-23.69684],[-46.57793,-23.69757],[-46.57665,-23.70242],[-46.57591,-23.70536],[-46.57386,-23.71166]]]},"properties":{"codigo":"3548708006","name":"Planalto","population":35138,"households":14079,"areaKm2":3.6735,"density":9565.2}},{"type":"Feature","geometry":{"type":"Polygon","coordinates":[[[-46.59633,-23.66343],[-46.59603,-23.66346],[-46.59374,-23.66256],[-46.59258,-23.66201],[-46.59116,-23.66111],[-46.58961,-23.65952],[-46.5884,-23.65933],[-46.58812,-23.65876],[-46.58721,-23.65814],[-46.58668,-23.65754],[-46.58493,-23.65521],[-46.58426,-23.65538],[-46.58243,-23.65801],[-46.58154,-23.65791],[-46.57671,-23.65773],[-46.57724,-23.65661],[-46.58095,-23.65005],[-46.58239,-23.64744],[-46.58349,-23.6456],[-46.58466,-23.64441],[-46.58489,-23.64477],[-46.58459,-23.64517],[-46.58749,-23.64711],[-46.59001,-23.64894],[-46.59202,-23.65006],[-46.59311,-23.65074],[-46.59416,-23.65111],[-46.59491,-23.65161],[-46.59553,-23.65171],[-46.5958,-23.65226],[-46.5966,-23.65287],[-46.59816,-23.6531],[-46.59892,-23.65298],[-46.59979,-23.65347],[-46.60104,-23.65383],[-46.60149,-23.6542],[-46.60219,-23.65433],[-46.60256,-23.65522],[-46.6032,-23.65579],[-46.60384,-23.65608],[-46.60537,-23.65595],[-46.60682,-23.65629],[-46.60784,-23.65689],[-46.60892,-23.65791],[-46.60963,-23.65809],[-46.61015,-23.6586],[-46.61093,-23.6587],[-46.61208,-23.65915],[-46.61329,-23.65984],[-46.61441,-23.66026],[-46.61498,-23.65988],[-46.61536,-23.65893],[-46.61634,-23.65797],[-46.61637,-23.65933],[-46.61523,-23.66137],[-46.61482,-23.66224],[-46.61313,-23.66336],[-46.61306,-23.66439],[-46.61329,-23.66555],[-46.61309,-23.66633],[-46.61257,-23.66686],[-46.61188,-23.6672],[-46.61031,-23.66826],[-46.61051,-23.66857],[-46.60909,-23.66951],[-46.60802,-23.66861],[-46.60712,-23.66801],[-46.60585,-23.6674],[-46.6055,-23.66697],[-46.60491,-23.66559],[-46.60243,-23.6636],[-46.60181,-23.66285],[-46.60017,-23.66257],[-46.59962,-23.66265],[-46.59902,-23.66317],[-46.59811,-23.66335],[-46.59719,-23.6633],[-46.59633,-23.66343]]]},"properties":{"codigo":"3548708001","name":"Taboão","population":29574,"households":12561,"areaKm2":4.0318,"density":7335.2}},{"type":"Feature","geometry":{"type":"MultiPolygon","coordinates":[[[[-46.51695,-23.72672],[-46.5174,-23.72584],[-46.51773,-23.72443],[-46.51832,-23.72413],[-46.51831,-23.72361],[-46.51769,-23.72278],[-46.51748,-23.72165],[-46.51737,-23.72033],[-46.51764,-23.71931],[-46.51823,-23.71859],[-46.51844,-23.71805],[-46.51949,-23.7171],[-46.5203,-23.71653],[-46.52054,-23.71586],[-46.52187,-23.71468],[-46.52081,-23.71258],[-46.52047,-23.71167],[-46.52074,-23.71111],[-46.52142,-23.71055],[-46.52299,-23.71019],[-46.52329,-23.71097],[-46.52371,-23.71065],[-46.52444,-23.71052],[-46.52487,-23.70985],[-46.52556,-23.70809],[-46.52644,-23.7077],[-46.52742,-23.70756],[-46.52956,-23.70759],[-46.53087,-23.70724],[-46.53281,-23.70633],[-46.53324,-23.70696],[-46.53158,-23.70815],[-46.53044,-23.70936],[-46.53086,-23.71007],[-46.53082,-23.71075],[-46.53055,-23.71116],[-46.53054,-23.71178],[-46.53115,-23.71297],[-46.53031,-23.71347],[-46.52973,-23.71558],[-46.52977,-23.71605],[-46.52936,-23.71702],[-46.52719,-23.71891],[-46.52719,-23.7192],[-46.52817,-23.72049],[-46.52684,-23.72168],[-46.52643,-23.72242],[-46.52673,-23.7229],[-46.52776,-23.72395],[-46.52954,-23.72399],[-46.53131,-23.72486],[-46.53286,-23.72585],[-46.53142,-23.72752],[-46.53365,-23.72973],[-46.53438,-23.72985],[-46.5349,-23.73123],[-46.53397,-23.73107],[-46.53352,-23.73138],[-46.53358,-23.73278],[-46.5339,-23.73298],[-46.53404,-23.73427],[-46.53435,-23.7351],[-46.53421,-23.73563],[-46.53257,-23.73666],[-46.53156,-23.73782],[-46.5315,-23.73892],[-46.53033,-23.73891],[-46.53021,-23.74077],[-46.53153,-23.74094],[-46.53286,-23.74086],[-46.53511,-23.74127],[-46.53527,-23.74171],[-46.53629,-23.74178],[-46.53709,-23.74119],[-46.53759,-23.74038],[-46.53846,-23.73974],[-46.53897,-23.74055],[-46.53939,-23.74029],[-46.54022,-23.74049],[-46.54028,-23.74215],[-46.54082,-23.74226],[-46.54024,-23.74447],[-46.53958,-23.74642],[-46.53877,-23.74776],[-46.5367,-23.75057],[-46.53437,-23.75383],[-46.53404,-23.75445],[-46.53391,-23.75562],[-46.53457,-23.7577],[-46.53455,-23.75838],[-46.53392,-23.76089],[-46.53384,-23.76189],[-46.53419,-23.7653],[-46.5344,-23.76724],[-46.53435,-23.76848],[-46.534,-23.7696],[-46.53324,-23.76889],[-46.53322,-23.76823],[-46.53295,-23.76787],[-46.53217,-23.76849],[-46.53159,-23.76821],[-46.5311,-23.76715],[-46.53124,-23.76645],[-46.53053,-23.76659],[-46.52966,-23.7672],[-46.52933,-23.76664],[-46.52924,-23.76597],[-46.53009,-23.76489],[-46.53034,-23.76396],[-46.53014,-23.76297],[-46.52943,-23.7642],[-46.52873,-23.7644],[-46.52859,-23.76491],[-46.52781,-23.76541],[-46.52718,-23.76532],[-46.52704,-23.7636],[-46.52644,-23.76325],[-46.52533,-23.76356],[-46.525,-23.76319],[-46.52522,-23.76214],[-46.52513,-23.76117],[-46.5257,-23.76086],[-46.52541,-23.75946],[-46.52481,-23.76033],[-46.52327,-23.76171],[-46.52277,-23.76189],[-46.52163,-23.76123],[-46.5212,-23.76077],[-46.52111,-23.75969],[-46.52063,-23.75973],[-46.52042,-23.75904],[-46.51991,-23.75964],[-46.51945,-23.75982],[-46.51897,-23.7595],[-46.51847,-23.75797],[-46.51847,-23.75674],[-46.51796,-23.75681],[-46.51804,-23.75939],[-46.51745,-23.76008],[-46.51597,-23.76058],[-46.51557,-23.76039],[-46.51539,-23.7597],[-46.5149,-23.76012],[-46.51418,-23.76012],[-46.51382,-23.75977],[-46.51308,-23.75836],[-46.51285,-23.75872],[-46.51272,-23.75982],[-46.5129,-23.76104],[-46.51245,-23.76206],[-46.5124,-23.76281],[-46.51156,-23.76313],[-46.5111,-23.76258],[-46.51073,-23.76269],[-46.51103,-23.76388],[-46.51173,-23.76531],[-46.51156,-23.76599],[-46.51173,-23.7668],[-46.51126,-23.76711],[-46.51065,-23.76709],[-46.50986,-23.76681],[-46.50912,-23.76693],[-46.5089,-23.76637],[-46.50907,-23.76509],[-46.50867,-23.76298],[-46.50877,-23.76231],[-46.50921,-23.76153],[-46.50937,-23.76082],[-46.50887,-23.75784],[-46.50942,-23.75637],[-46.50905,-23.75616],[-46.50863,-23.75659],[-46.50791,-23.75814],[-46.50822,-23.75864],[-46.50852,-23.75999],[-46.50827,-23.76109],[-46.50792,-23.7615],[-46.50736,-23.76298],[-46.50679,-23.7635],[-46.50733,-23.76379],[-46.50787,-23.76488],[-46.50761,-23.76575],[-46.5067,-23.76558],[-46.50623,-23.76478],[-46.50549,-23.76447],[-46.50522,-23.76378],[-46.50575,-23.76281],[-46.50588,-23.76184],[-46.50502,-23.76203],[-46.50399,-23.76188],[-46.50392,-23.76145],[-46.50219,-23.76143],[-46.50215,-23.76003],[-46.50252,-23.75955],[-46.50192,-23.75879],[-46.50248,-23.75778],[-46.50211,-23.75778],[-46.50092,-23.75934],[-46.50001,-23.75894],[-46.49969,-23.75828],[-46.50034,-23.75626],[-46.50114,-23.75547],[-46.50252,-23.7547],[-46.50217,-23.75401],[-46.50273,-23.75334],[-46.50238,-23.75312],[-46.50167,-23.75349],[-46.5006,-23.75457],[-46.49952,-23.75539],[-46.49856,-23.75638],[-46.49718,-23.75634],[-46.49553,-23.75571],[-46.49539,-23.7552],[-46.49436,-23.7545],[-46.49412,-23.75396],[-46.49424,-23.75318],[-46.49507,-23.75147],[-46.49605,-23.75036],[-46.49556,-23.74958],[-46.4958,-23.74885],[-46.49653,-23.74782],[-46.49783,-23.74703],[-46.49937,-23.74603],[-46.50011,-23.74594],[-46.50096,-23.74627],[-46.50186,-23.74583],[-46.5022,-23.74511],[-46.5025,-23.74495],[-46.50401,-23.74479],[-46.50551,-23.74415],[-46.50646,-23.74332],[-46.507,-23.74374],[-46.50739,-23.74497],[-46.5085,-23.74572],[-46.50931,-23.74664],[-46.51023,-23.74686],[-46.51171,-23.74768],[-46.51216,-23.74761],[-46.51328,-23.74678],[-46.5139,-23.74695],[-46.51455,-23.74763],[-46.51798,-23.74804],[-46.51836,-23.74814],[-46.51906,-23.74917],[-46.51952,-23.74936],[-46.52121,-23.74909],[-46.52166,-23.74929],[-46.52229,-23.74995],[-46.52315,-23.75009],[-46.52523,-23.74972],[-46.52624,-23.74892],[-46.52746,-23.74874],[-46.52792,-23.74839],[-46.52756,-23.74708],[-46.52644,-23.74589],[-46.52556,-23.74563],[-46.52305,-23.74609],[-46.52111,-23.74582],[-46.52049,-23.7455],[-46.5192,-23.74441],[-46.51859,-23.74325],[-46.51754,-23.7422],[-46.51777,-23.74127],[-46.51848,-23.74003],[-46.51767,-23.73791],[-46.51943,-23.7358],[-46.52031,-23.73534],[-46.52033,-23.73485],[-46.51998,-23.7339],[-46.51906,-23.73243],[-46.51784,-23.73116],[-46.51706,-23.72865],[-46.51683,-23.72732],[-46.51695,-23.72672]]],[[[-46.51758,-23.70892],[-46.51804,-23.70889],[-46.51885,-23.70938],[-46.51953,-23.7095],[-46.52044,-23.71015],[-46.52019,-23.71037],[-46.5204,-23.71151],[-46.51926,-23.71083],[-46.5185,-23.71024],[-46.51727,-23.70974],[-46.51758,-23.70892]]]]},"properties":{"codigo":"3548708018","name":"Montanhão","population":99075,"households":37218,"areaKm2":12.3434,"density":8026.6}},{"type":"Feature","geometry":{"type":"Polygon","coordinates":[[[-46.52817,-23.72049],[-46.52719,-23.7192],[-46.52719,-23.71891],[-46.52936,-23.71702],[-46.52977,-23.71605],[-46.52973,-23.71558],[-46.53031,-23.71347],[-46.53115,-23.71297],[-46.53054,-23.71178],[-46.53055,-23.71116],[-46.53082,-23.71075],[-46.53086,-23.71007],[-46.53044,-23.70936],[-46.53158,-23.70815],[-46.53324,-23.70696],[-46.5355,-23.70575],[-46.53655,-23.70533],[-46.5394,-23.70376],[-46.5407,-23.70315],[-46.54376,-23.70197],[-46.54562,-23.70113],[-46.54773,-23.70007],[-46.54864,-23.70004],[-46.54954,-23.70005],[-46.55039,-23.69983],[-46.55127,-23.69931],[-46.55152,-23.69974],[-46.55133,-23.70013],[-46.55098,-23.70376],[-46.55072,-23.70558],[-46.54807,-23.70695],[-46.54664,-23.708],[-46.54511,-23.70978],[-46.54437,-23.71083],[-46.54352,-23.71016],[-46.54221,-23.70935],[-46.54133,-23.71045],[-46.53819,-23.71256],[-46.53776,-23.71256],[-46.53618,-23.71374],[-46.53637,-23.71397],[-46.53451,-23.71546],[-46.53415,-23.7152],[-46.53304,-23.71526],[-46.53371,-23.7159],[-46.53283,-23.71643],[-46.53285,-23.71682],[-46.53244,-23.71778],[-46.53087,-23.71825],[-46.52885,-23.71998],[-46.52817,-23.72049]]]},"properties":{"codigo":"3548708013","name":"Nova Petrópolis","population":25585,"households":10614,"areaKm2":1.9488,"density":13128.9}},{"type":"Feature","geometry":{"type":"Polygon","coordinates":[[[-46.60549,-23.73128],[-46.60542,-23.73123],[-46.59931,-23.74119],[-46.59847,-23.74067],[-46.5983,-23.7397],[-46.59798,-23.73923],[-46.59711,-23.73953],[-46.5961,-23.73949],[-46.59408,-23.73918],[-46.59277,-23.73941],[-46.59218,-23.73926],[-46.59134,-23.73788],[-46.59097,-23.73673],[-46.59141,-23.73609],[-46.59174,-23.73505],[-46.59171,-23.73438],[-46.5921,-23.73337],[-46.59217,-23.73266],[-46.59254,-23.73141],[-46.59212,-23.73131],[-46.59155,-23.73166],[-46.59014,-23.73377],[-46.59028,-23.73429],[-46.58924,-23.73579],[-46.58688,-23.73542],[-46.58565,-23.73488],[-46.58498,-23.73479],[-46.58441,-23.73413],[-46.58434,-23.73357],[-46.58458,-23.73245],[-46.5845,-23.73208],[-46.58385,-23.73163],[-46.58376,-23.73105],[-46.58483,-23.72954],[-46.58588,-23.72753],[-46.58566,-23.72686],[-46.58616,-23.72635],[-46.58587,-23.72551],[-46.58536,-23.72552],[-46.58473,-23.72453],[-46.58505,-23.72369],[-46.58537,-23.72339],[-46.58632,-23.72342],[-46.58652,-23.7237],[-46.5874,-23.72406],[-46.58731,-23.72198],[-46.5878,-23.7207],[-46.58908,-23.71908],[-46.59048,-23.71811],[-46.59132,-23.71784],[-46.59174,-23.71743],[-46.59508,-23.71612],[-46.59531,-23.71477],[-46.59454,-23.71478],[-46.59432,-23.71207],[-46.59265,-23.7118],[-46.59322,-23.71003],[-46.59329,-23.70883],[-46.59346,-23.70907],[-46.59484,-23.70953],[-46.59545,-23.71007],[-46.59704,-23.71088],[-46.59776,-23.71195],[-46.59814,-23.71231],[-46.59915,-23.71273],[-46.59968,-23.71343],[-46.59979,-23.71394],[-46.60048,-23.71543],[-46.6003,-23.71566],[-46.60056,-23.71631],[-46.60118,-23.71666],[-46.60197,-23.71739],[-46.60259,-23.7175],[-46.60318,-23.71788],[-46.60417,-23.71783],[-46.60488,-23.71846],[-46.60511,-23.7195],[-46.60505,-23.72023],[-46.60542,-23.72091],[-46.60559,-23.72225],[-46.60604,-23.72297],[-46.60622,-23.72394],[-46.60621,-23.72631],[-46.60613,-23.72697],[-46.60654,-23.72771],[-46.60703,-23.72796],[-46.6065,-23.72961],[-46.60549,-23.73128]]]},"properties":{"codigo":"3548708009","name":"Cooperativa","population":30073,"households":11313,"areaKm2":4.7805,"density":6290.8}},{"type":"Feature","geometry":{"type":"Polygon","coordinates":[[[-46.55316,-23.66909],[-46.55362,-23.6692],[-46.55919,-23.66998],[-46.56765,-23.67147],[-46.56836,-23.6722],[-46.56891,-23.67304],[-46.56914,-23.67395],[-46.56928,-23.6753],[-46.56961,-23.67556],[-46.56779,-23.68094],[-46.56642,-23.68483],[-46.55912,-23.68544],[-46.55874,-23.68456],[-46.55792,-23.68305],[-46.55516,-23.68317],[-46.55516,-23.68292],[-46.55387,-23.6829],[-46.55455,-23.68093],[-46.55464,-23.67941],[-46.55363,-23.67838],[-46.55326,-23.67713],[-46.55315,-23.67619],[-46.55322,-23.67446],[-46.55382,-23.67301],[-46.554,-23.67212],[-46.55382,-23.67082],[-46.55315,-23.66927],[-46.55316,-23.66909]]]},"properties":{"codigo":"3548708004","name":"Anchieta","population":15975,"households":7686,"areaKm2":2.3053,"density":6929.8}},{"type":"Feature","geometry":{"type":"Polygon","coordinates":[[[-46.57919,-23.69074],[-46.5779,-23.69053],[-46.57332,-23.68948],[-46.57187,-23.68946],[-46.56615,-23.68995],[-46.56492,-23.6897],[-46.56475,-23.68965],[-46.56587,-23.68652],[-46.56642,-23.68483],[-46.56779,-23.68094],[-46.56961,-23.67556],[-46.57044,-23.6731],[-46.57081,-23.67218],[-46.57243,-23.67223],[-46.57705,-23.67227],[-46.57761,-23.67233],[-46.57782,-23.67299],[-46.5786,-23.674],[-46.57856,-23.6746],[-46.57926,-23.67585],[-46.58045,-23.67666],[-46.58065,-23.67733],[-46.58018,-23.6779],[-46.57963,-23.67819],[-46.57915,-23.67884],[-46.57871,-23.67988],[-46.57864,-23.68043],[-46.57951,-23.68212],[-46.57997,-23.68329],[-46.57995,-23.68392],[-46.58017,-23.68501],[-46.57975,-23.68566],[-46.57948,-23.68684],[-46.5791,-23.68747],[-46.57868,-23.68921],[-46.57878,-23.69003],[-46.57919,-23.69074]]]},"properties":{"codigo":"3548708005","name":"Jordanópolis","population":14568,"households":5923,"areaKm2":2.2929,"density":6353.5}},{"type":"Feature","geometry":{"type":"Polygon","coordinates":[[[-46.59134,-23.6773],[-46.59036,-23.67673],[-46.58889,-23.67655],[-46.58788,-23.67608],[-46.58647,-23.67411],[-46.5859,-23.6737],[-46.58396,-23.67284],[-46.58244,-23.67238],[-46.58134,-23.67246],[-46.57925,-23.67276],[-46.5783,-23.67263],[-46.57761,-23.67233],[-46.57705,-23.67227],[-46.57243,-23.67223],[-46.57081,-23.67218],[-46.57196,-23.66931],[-46.57332,-23.66613],[-46.57671,-23.65773],[-46.58154,-23.65791],[-46.58243,-23.65801],[-46.58426,-23.65538],[-46.58493,-23.65521],[-46.58668,-23.65754],[-46.58721,-23.65814],[-46.58812,-23.65876],[-46.5884,-23.65933],[-46.58961,-23.65952],[-46.59116,-23.66111],[-46.59258,-23.66201],[-46.59374,-23.66256],[-46.59603,-23.66346],[-46.59633,-23.66343],[-46.59705,-23.66456],[-46.5976,-23.6657],[-46.598,-23.66682],[-46.59914,-23.66837],[-46.59901,-23.66907],[-46.59924,-23.66929],[-46.60006,-23.67077],[-46.59134,-23.6773]]]},"properties":{"codigo":"3548708002","name":"Paulicéia","population":23237,"households":9733,"areaKm2":4.0761,"density":5700.8}},{"type":"Feature","geometry":{"type":"Polygon","coordinates":[[[-46.54579,-23.76743],[-46.54604,-23.76872],[-46.54598,-23.76936],[-46.54742,-23.76959],[-46.54807,-23.76994],[-46.54847,-23.7705],[-46.55019,-23.77126],[-46.55055,-23.77184],[-46.5513,-23.77184],[-46.55179,-23.77228],[-46.55243,-23.77322],[-46.55161,-23.77423],[-46.55192,-23.77465],[-46.55239,-23.77416],[-46.55346,-23.77421],[-46.5534,-23.7755],[-46.55415,-23.77497],[-46.55494,-23.77503],[-46.556,-23.77565],[-46.55608,-23.77616],[-46.55521,-23.77703],[-46.55566,-23.77729],[-46.55612,-23.77692],[-46.5569,-23.7771],[-46.55711,-23.77758],[-46.557,-23.77825],[-46.55597,-23.77911],[-46.55556,-23.77974],[-46.55536,-23.78074],[-46.55484,-23.78071],[-46.55442,-23.78012],[-46.55105,-23.78053],[-46.54887,-23.77956],[-46.54876,-23.7781],[-46.54787,-23.77682],[-46.54694,-23.77462],[-46.54674,-23.77349],[-46.54627,-23.77303],[-46.54538,-23.77394],[-46.54478,-23.77421],[-46.54447,-23.77513],[-46.54294,-23.77576],[-46.54285,-23.77619],[-46.54225,-23.77623],[-46.54096,-23.77586],[-46.54112,-23.77423],[-46.54074,-23.77353],[-46.54009,-23.77356],[-46.53945,-23.77198],[-46.53907,-23.77145],[-46.53797,-23.77101],[-46.53755,-23.77112],[-46.53741,-23.77179],[-46.53628,-23.77107],[-46.53511,-23.77142],[-46.53325,-23.77167],[-46.53277,-23.77142],[-46.53346,-23.77059],[-46.534,-23.7696],[-46.53435,-23.76848],[-46.5344,-23.76724],[-46.53419,-23.7653],[-46.5347,-23.76533],[-46.53493,-23.7657],[-46.53595,-23.76611],[-46.53803,-23.76596],[-46.53849,-23.76534],[-46.53902,-23.76518],[-46.54017,-23.76524],[-46.54051,-23.76487],[-46.54267,-23.76532],[-46.54375,-23.76578],[-46.54448,-23.76579],[-46.54579,-23.76743]]]},"properties":{"codigo":"3548708020","name":"Balneária","population":602,"households":281,"areaKm2":1.7723,"density":339.7}},{"type":"Feature","geometry":{"type":"Polygon","coordinates":[[[-46.61033,-23.82694],[-46.60901,-23.82795],[-46.60872,-23.82837],[-46.60826,-23.82962],[-46.60819,-23.83038],[-46.60791,-23.83077],[-46.60816,-23.83174],[-46.60851,-23.83219],[-46.60844,-23.83258],[-46.60883,-23.83349],[-46.60887,-23.8342],[-46.60816,-23.83601],[-46.60848,-23.83795],[-46.60848,-23.83851],[-46.60781,-23.83954],[-46.607,-23.84224],[-46.60588,-23.84244],[-46.60546,-23.84305],[-46.60526,-23.84411],[-46.60449,-23.84403],[-46.60326,-23.84445],[-46.60291,-23.84351],[-46.60243,-23.8435],[-46.60194,-23.84254],[-46.60078,-23.84215],[-46.59997,-23.84238],[-46.59803,-23.8427],[-46.59143,-23.83969],[-46.59125,-23.84],[-46.59016,-23.83926],[-46.58949,-23.83902],[-46.58874,-23.83906],[-46.58751,-23.83906],[-46.58738,-23.83856],[-46.58677,-23.83803],[-46.58707,-23.8374],[-46.58805,-23.83876],[-46.58917,-23.83871],[-46.58934,-23.83747],[-46.58973,-23.83696],[-46.58966,-23.83482],[-46.59001,-23.83344],[-46.59071,-23.83278],[-46.59249,-23.83373],[-46.59478,-23.83457],[-46.5956,-23.83447],[-46.59546,-23.83411],[-46.59308,-23.8331],[-46.59244,-23.83238],[-46.59228,-23.83172],[-46.59273,-23.83103],[-46.59154,-23.83086],[-46.59114,-23.82942],[-46.59126,-23.82855],[-46.5918,-23.82777],[-46.59187,-23.82697],[-46.59283,-23.82613],[-46.59392,-23.82663],[-46.59337,-23.82522],[-46.59364,-23.82485],[-46.5949,-23.82435],[-46.59602,-23.8249],[-46.59687,-23.82552],[-46.59741,-23.82541],[-46.59597,-23.82395],[-46.59558,-23.82336],[-46.59547,-23.82215],[-46.59557,-23.8215],[-46.59619,-23.82079],[-46.59688,-23.82039],[-46.59783,-23.82051],[-46.59958,-23.82115],[-46.59909,-23.82052],[-46.59803,-23.81954],[-46.5976,-23.81809],[-46.59774,-23.81643],[-46.59825,-23.81574],[-46.59892,-23.81559],[-46.60016,-23.81606],[-46.60101,-23.81651],[-46.6016,-23.81703],[-46.6023,-23.81725],[-46.60209,-23.81647],[-46.60325,-23.81586],[-46.60147,-23.8159],[-46.60097,-23.81552],[-46.60081,-23.81461],[-46.60047,-23.81437],[-46.6,-23.81468],[-46.59941,-23.81443],[-46.59864,-23.81377],[-46.59869,-23.81305],[-46.59958,-23.81276],[-46.59857,-23.81219],[-46.59858,-23.81101],[-46.59895,-23.81058],[-46.59969,-23.81089],[-46.60021,-23.81143],[-46.60044,-23.81095],[-46.60121,-23.81091],[-46.60203,-23.81217],[-46.60253,-23.81184],[-46.60197,-23.81123],[-46.60201,-23.81081],[-46.60312,-23.81121],[-46.60339,-23.81084],[-46.60298,-23.81047],[-46.60324,-23.80987],[-46.60372,-23.80953],[-46.60354,-23.80906],[-46.60252,-23.80984],[-46.60142,-23.80994],[-46.60028,-23.80944],[-46.6003,-23.80854],[-46.60168,-23.80849],[-46.60309,-23.80744],[-46.60258,-23.80698],[-46.60136,-23.80743],[-46.6008,-23.80708],[-46.60081,-23.80665],[-46.60164,-23.80608],[-46.60063,-23.8056],[-46.60087,-23.80467],[-46.60084,-23.80374],[-46.60166,-23.80323],[-46.60302,-23.80314],[-46.60389,-23.80323],[-46.60456,-23.80358],[-46.60527,-23.80449],[-46.60587,-23.80466],[-46.60596,-23.80386],[-46.60664,-23.8037],[-46.60761,-23.80375],[-46.60803,-23.80404],[-46.60871,-23.80512],[-46.60879,-23.80615],[-46.60899,-23.80681],[-46.60939,-23.80692],[-46.6098,-23.80607],[-46.61032,-23.80572],[-46.61141,-23.8053],[-46.61175,-23.80479],[-46.61169,-23.80414],[-46.61086,-23.80274],[-46.61074,-23.80216],[-46.61107,-23.80166],[-46.61209,-23.80116],[-46.61384,-23.80116],[-46.61414,-23.80107],[-46.61466,-23.80012],[-46.61688,-23.79836],[-46.61847,-23.79783],[-46.61905,-23.79787],[-46.61929,-23.79831],[-46.61947,-23.80053],[-46.61871,-23.80088],[-46.61857,-23.8015],[-46.618,-23.80188],[-46.61867,-23.80259],[-46.61891,-23.8033],[-46.61883,-23.80438],[-46.61848,-23.8054],[-46.61957,-23.80545],[-46.62072,-23.8066],[-46.62075,-23.80733],[-46.62102,-23.8078],[-46.62074,-23.80825],[-46.61898,-23.80881],[-46.61839,-23.80862],[-46.61703,-23.81051],[-46.61619,-23.81141],[-46.6154,-23.81176],[-46.615,-23.81272],[-46.61525,-23.81428],[-46.61495,-23.81486],[-46.61491,-23.81588],[-46.61471,-23.81648],[-46.61425,-23.81677],[-46.61284,-23.81732],[-46.61185,-23.81703],[-46.61197,-23.81787],[-46.61167,-23.81835],[-46.61338,-23.81844],[-46.61529,-23.81837],[-46.61579,-23.81908],[-46.61515,-23.82019],[-46.6141,-23.82016],[-46.6141,-23.82049],[-46.61465,-23.82121],[-46.61438,-23.82173],[-46.61347,-23.82179],[-46.6129,-23.82239],[-46.61195,-23.82297],[-46.61084,-23.82254],[-46.61077,-23.82294],[-46.61146,-23.82351],[-46.61162,-23.8246],[-46.61102,-23.82606],[-46.61033,-23.82694]]]},"properties":{"codigo":"3548708032","name":"Taquacetuba","population":1806,"households":970,"areaKm2":7.6453,"density":236.2}},{"type":"Feature","geometry":{"type":"Polygon","coordinates":[[[-46.58677,-23.83803],[-46.58587,-23.83748],[-46.58531,-23.83767],[-46.58468,-23.83829],[-46.58367,-23.83792],[-46.582,-23.83849],[-46.58136,-23.83895],[-46.58027,-23.83916],[-46.57917,-23.83845],[-46.57733,-23.83802],[-46.57587,-23.83694],[-46.57533,-23.83674],[-46.57436,-23.83708],[-46.57343,-23.8367],[-46.57236,-23.83594],[-46.5712,-23.83542],[-46.57052,-23.83525],[-46.56932,-23.83543],[-46.56775,-23.83622],[-46.56623,-23.83644],[-46.56504,-23.83556],[-46.56428,-23.83438],[-46.56372,-23.83317],[-46.56325,-23.83265],[-46.56169,-23.83153],[-46.56065,-23.83099],[-46.5598,-23.83023],[-46.55938,-23.82954],[-46.55936,-23.82824],[-46.55974,-23.82786],[-46.56008,-23.82654],[-46.56009,-23.82464],[-46.56073,-23.82399],[-46.5622,-23.82417],[-46.56278,-23.82464],[-46.56373,-23.82431],[-46.5648,-23.82449],[-46.56613,-23.82413],[-46.56618,-23.82342],[-46.56502,-23.82337],[-46.56337,-23.82308],[-46.56267,-23.82268],[-46.56171,-23.82294],[-46.56125,-23.82256],[-46.56109,-23.82208],[-46.56059,-23.82226],[-46.55972,-23.82172],[-46.55964,-23.82059],[-46.55848,-23.82003],[-46.55848,-23.81907],[-46.55804,-23.81853],[-46.5577,-23.81753],[-46.5572,-23.81725],[-46.55706,-23.81668],[-46.55744,-23.81628],[-46.55836,-23.81648],[-46.5588,-23.81686],[-46.55934,-23.81793],[-46.55992,-23.81837],[-46.56075,-23.81869],[-46.56077,-23.81815],[-46.55996,-23.81735],[-46.55984,-23.81684],[-46.56033,-23.81634],[-46.5595,-23.81626],[-46.55902,-23.81584],[-46.5587,-23.81524],[-46.55808,-23.81494],[-46.5571,-23.81506],[-46.55664,-23.8149],[-46.5567,-23.8144],[-46.55716,-23.81398],[-46.55832,-23.81334],[-46.55756,-23.81316],[-46.55654,-23.81334],[-46.55646,-23.81245],[-46.55618,-23.81215],[-46.55561,-23.81247],[-46.55491,-23.81201],[-46.55511,-23.81111],[-46.55481,-23.81045],[-46.55497,-23.81011],[-46.55648,-23.80915],[-46.55593,-23.80728],[-46.5567,-23.80668],[-46.55714,-23.80702],[-46.5571,-23.80814],[-46.55678,-23.80883],[-46.557,-23.81013],[-46.55796,-23.81009],[-46.55772,-23.80933],[-46.55774,-23.8087],[-46.55828,-23.80752],[-46.55788,-23.80608],[-46.55866,-23.806],[-46.5585,-23.807],[-46.55914,-23.8083],[-46.55956,-23.80818],[-46.55966,-23.80738],[-46.56069,-23.80728],[-46.56181,-23.80806],[-46.56203,-23.80854],[-46.56263,-23.80889],[-46.56305,-23.81029],[-46.56381,-23.81065],[-46.56385,-23.81245],[-46.56421,-23.81253],[-46.56462,-23.81193],[-46.5658,-23.81199],[-46.5664,-23.8129],[-46.56704,-23.81322],[-46.56838,-23.81478],[-46.56895,-23.8153],[-46.56931,-23.81394],[-46.56929,-23.81318],[-46.56879,-23.81308],[-46.56816,-23.81263],[-46.5666,-23.81095],[-46.56634,-23.81033],[-46.5657,-23.81031],[-46.56526,-23.81003],[-46.56347,-23.8082],[-46.56329,-23.8078],[-46.56357,-23.80724],[-46.56444,-23.8065],[-46.56369,-23.80622],[-46.56247,-23.80688],[-46.56153,-23.8063],[-46.56103,-23.80634],[-46.56025,-23.80608],[-46.5604,-23.80548],[-46.55968,-23.80507],[-46.55931,-23.80459],[-46.55993,-23.80421],[-46.56115,-23.8041],[-46.56167,-23.8042],[-46.56262,-23.8049],[-46.56366,-23.80509],[-46.56499,-23.80456],[-46.56605,-23.80499],[-46.56654,-23.80466],[-46.56717,-23.80345],[-46.56833,-23.80268],[-46.56854,-23.80206],[-46.56867,-23.80079],[-46.56952,-23.80017],[-46.57131,-23.8002],[-46.57111,-23.79964],[-46.57042,-23.79864],[-46.57049,-23.7977],[-46.5711,-23.79708],[-46.5726,-23.79687],[-46.57346,-23.79703],[-46.57445,-23.79789],[-46.57483,-23.7973],[-46.57593,-23.79677],[-46.57713,-23.79672],[-46.57757,-23.79729],[-46.57754,-23.79888],[-46.57804,-23.79904],[-46.57842,-23.79766],[-46.57832,-23.79713],[-46.57876,-23.79568],[-46.57968,-23.79487],[-46.57843,-23.79315],[-46.57884,-23.79159],[-46.57916,-23.79151],[-46.58033,-23.7918],[-46.58048,-23.7924],[-46.58144,-23.79304],[-46.58303,-23.79299],[-46.58391,-23.7936],[-46.58442,-23.79441],[-46.58417,-23.79533],[-46.58429,-23.79567],[-46.58374,-23.79766],[-46.58312,-23.79848],[-46.58345,-23.7987],[-46.58446,-23.79821],[-46.58503,-23.79666],[-46.58602,-23.79542],[-46.5867,-23.79504],[-46.58756,-23.7949],[-46.58944,-23.79487],[-46.59068,-23.79539],[-46.591,-23.79647],[-46.59076,-23.79715],[-46.59103,-23.79751],[-46.59193,-23.79679],[-46.59321,-23.79439],[-46.59555,-23.78957],[-46.5954,-23.78927],[-46.59621,-23.78874],[-46.59671,-23.78821],[-46.59791,-23.78867],[-46.59826,-23.78914],[-46.59732,-23.7898],[-46.59701,-23.79021],[-46.59553,-23.79314],[-46.59408,-23.79588],[-46.59368,-23.79703],[-46.59378,-23.79743],[-46.5945,-23.79765],[-46.59509,-23.79805],[-46.59569,-23.79787],[-46.59653,-23.79797],[-46.59735,-23.79851],[-46.59751,-23.79953],[-46.59729,-23.80023],[-46.59681,-23.80031],[-46.59649,-23.80118],[-46.59523,-23.80132],[-46.59569,-23.80168],[-46.59605,-23.8023],[-46.59543,-23.80324],[-46.59502,-23.8027],[-46.59484,-23.8038],[-46.59545,-23.80424],[-46.59494,-23.80537],[-46.59426,-23.80585],[-46.59332,-23.80603],[-46.59248,-23.80529],[-46.59166,-23.80517],[-46.59136,-23.80479],[-46.59059,-23.80549],[-46.59102,-23.80621],[-46.5922,-23.80695],[-46.59258,-23.80745],[-46.59244,-23.80795],[-46.59104,-23.80845],[-46.59041,-23.80849],[-46.58959,-23.80827],[-46.58967,-23.8091],[-46.58937,-23.8097],[-46.58861,-23.8102],[-46.58781,-23.81014],[-46.58759,-23.81092],[-46.58646,-23.81202],[-46.58622,-23.81313],[-46.58811,-23.81268],[-46.58905,-23.81228],[-46.58951,-23.8116],[-46.58995,-23.8115],[-46.59019,-23.81076],[-46.5913,-23.81044],[-46.59228,-23.81044],[-46.59278,-23.81064],[-46.59322,-23.81204],[-46.59312,-23.81299],[-46.59286,-23.81343],[-46.59326,-23.81383],[-46.59342,-23.81475],[-46.5931,-23.81499],[-46.59334,-23.81569],[-46.59329,-23.81645],[-46.59242,-23.81736],[-46.59187,-23.81748],[-46.59206,-23.81812],[-46.59162,-23.81837],[-46.59103,-23.81822],[-46.58952,-23.81831],[-46.58959,-23.81884],[-46.59146,-23.81923],[-46.59189,-23.8202],[-46.59168,-23.82049],[-46.59084,-23.82069],[-46.59163,-23.82138],[-46.59168,-23.82184],[-46.59035,-23.82177],[-46.58922,-23.82127],[-46.58844,-23.82131],[-46.5906,-23.82268],[-46.59041,-23.82335],[-46.58991,-23.82382],[-46.58924,-23.82375],[-46.58883,-23.82422],[-46.58788,-23.82459],[-46.58688,-23.82443],[-46.58632,-23.82391],[-46.5857,-23.82364],[-46.58547,-23.8242],[-46.58577,-23.82501],[-46.5856,-23.82565],[-46.58496,-23.82591],[-46.58296,-23.82735],[-46.58251,-23.82799],[-46.58105,-23.82881],[-46.58079,-23.8298],[-46.58189,-23.82982],[-46.58211,-23.82938],[-46.58308,-23.82889],[-46.5839,-23.82801],[-46.5843,-23.82785],[-46.58652,-23.82639],[-46.58899,-23.82633],[-46.58934,-23.82674],[-46.58964,-23.82794],[-46.58922,-23.82871],[-46.58879,-23.82905],[-46.58888,-23.83005],[-46.5884,-23.83069],[-46.58837,-23.83117],[-46.58786,-23.83228],[-46.58693,-23.83301],[-46.58722,-23.83423],[-46.58705,-23.83481],[-46.58661,-23.83531],[-46.58645,-23.83631],[-46.58614,-23.8364],[-46.5868,-23.83734],[-46.58707,-23.8374],[-46.58677,-23.83803]]]},"properties":{"codigo":"3548708031","name":"Tatetos","population":2274,"households":1169,"areaKm2":13.5384,"density":168}},{"type":"Feature","geometry":{"type":"Polygon","coordinates":[[[-46.46724,-23.86781],[-46.46713,-23.86732],[-46.46648,-23.86607],[-46.4664,-23.86558],[-46.4669,-23.86513],[-46.46788,-23.86533],[-46.46802,-23.86459],[-46.46728,-23.86407],[-46.46683,-23.86266],[-46.46583,-23.86101],[-46.4654,-23.86096],[-46.46422,-23.86249],[-46.46316,-23.86332],[-46.46174,-23.86474],[-46.46049,-23.86532],[-46.4599,-23.86609],[-46.45907,-23.86626],[-46.45837,-23.86586],[-46.45859,-23.86515],[-46.45973,-23.86463],[-46.45972,-23.86334],[-46.45895,-23.86246],[-46.4589,-23.86117],[-46.45858,-23.86045],[-46.45765,-23.86022],[-46.4571,-23.85894],[-46.45713,-23.85803],[-46.4561,-23.85719],[-46.45581,-23.85606],[-46.45534,-23.85545],[-46.45502,-23.85456],[-46.45455,-23.85391],[-46.45391,-23.85341],[-46.45289,-23.85313],[-46.45214,-23.85259],[-46.45191,-23.85178],[-46.45135,-23.85144],[-46.45071,-23.85134],[-46.44898,-23.85165],[-46.44816,-23.85147],[-46.44698,-23.85084],[-46.44355,-23.85017],[-46.44286,-23.84963],[-46.44229,-23.84831],[-46.44128,-23.84752],[-46.44027,-23.84558],[-46.43977,-23.84439],[-46.43902,-23.84333],[-46.43821,-23.84289],[-46.43796,-23.84225],[-46.43879,-23.8414],[-46.43901,-23.83983],[-46.43985,-23.83972],[-46.44174,-23.84067],[-46.4426,-23.8417],[-46.4438,-23.84089],[-46.44268,-23.84009],[-46.44196,-23.8388],[-46.44197,-23.83727],[-46.44183,-23.8368],[-46.44117,-23.83589],[-46.44118,-23.83491],[-46.4402,-23.83431],[-46.43945,-23.83339],[-46.44005,-23.83277],[-46.43904,-23.83182],[-46.439,-23.83122],[-46.44006,-23.83115],[-46.44067,-23.83069],[-46.44113,-23.83004],[-46.4416,-23.82984],[-46.44277,-23.83012],[-46.44394,-23.8307],[-46.44461,-23.82931],[-46.4443,-23.8291],[-46.44346,-23.82923],[-46.44183,-23.82894],[-46.44142,-23.82874],[-46.44083,-23.82887],[-46.44025,-23.82953],[-46.43994,-23.82951],[-46.43971,-23.82855],[-46.43887,-23.82863],[-46.43856,-23.82946],[-46.43819,-23.82966],[-46.4373,-23.82924],[-46.43729,-23.82851],[-46.43823,-23.82787],[-46.43818,-23.82699],[-46.43781,-23.82631],[-46.43687,-23.82537],[-46.43441,-23.82412],[-46.43364,-23.82431],[-46.43378,-23.82548],[-46.43245,-23.82567],[-46.43125,-23.82604],[-46.42948,-23.82588],[-46.42632,-23.82515],[-46.4257,-23.82458],[-46.42442,-23.82407],[-46.42348,-23.82311],[-46.42273,-23.82259],[-46.4211,-23.82062],[-46.42062,-23.82015],[-46.41919,-23.81917],[-46.4164,-23.81791],[-46.41514,-23.81702],[-46.41502,-23.81765],[-46.41442,-23.81797],[-46.41164,-23.81666],[-46.4103,-23.81538],[-46.4113,-23.81482],[-46.41201,-23.81551],[-46.41245,-23.81571],[-46.41391,-23.81587],[-46.41487,-23.81573],[-46.41561,-23.81523],[-46.41662,-23.81505],[-46.41704,-23.81474],[-46.41753,-23.81328],[-46.41799,-23.81314],[-46.41923,-23.81377],[-46.4202,-23.81364],[-46.42039,-23.81292],[-46.42101,-23.81255],[-46.42201,-23.81272],[-46.42285,-23.81313],[-46.42331,-23.81304],[-46.42417,-23.8125],[-46.42546,-23.81282],[-46.42627,-23.8129],[-46.42809,-23.81178],[-46.42918,-23.81175],[-46.42987,-23.81153],[-46.43088,-23.81091],[-46.43168,-23.8101],[-46.43267,-23.80811],[-46.43256,-23.80705],[-46.43215,-23.80599],[-46.43169,-23.80525],[-46.43065,-23.8041],[-46.4304,-23.80332],[-46.44857,-23.80909],[-46.44927,-23.80981],[-46.46283,-23.81954],[-46.46911,-23.82386],[-46.47464,-23.82826],[-46.47875,-23.83114],[-46.48237,-23.83376],[-46.4837,-23.83462],[-46.48595,-23.83648],[-46.48573,-23.83729],[-46.48528,-23.83752],[-46.48602,-23.83818],[-46.48561,-23.83845],[-46.48488,-23.83834],[-46.48441,-23.8375],[-46.48386,-23.8373],[-46.48369,-23.83693],[-46.48286,-23.83634],[-46.48231,-23.83622],[-46.48189,-23.83571],[-46.48123,-23.83665],[-46.48196,-23.83706],[-46.48228,-23.8369],[-46.4831,-23.83729],[-46.48366,-23.8382],[-46.48236,-23.83785],[-46.48265,-23.83907],[-46.48318,-23.83876],[-46.4837,-23.83905],[-46.48372,-23.83947],[-46.48475,-23.83962],[-46.48501,-23.84017],[-46.48451,-23.84048],[-46.48523,-23.8415],[-46.48488,-23.84227],[-46.48511,-23.84293],[-46.48412,-23.84285],[-46.48341,-23.84351],[-46.48287,-23.84314],[-46.48286,-23.84237],[-46.48224,-23.84286],[-46.48162,-23.84214],[-46.48117,-23.84246],[-46.48046,-23.84203],[-46.48016,-23.84122],[-46.47947,-23.8414],[-46.47937,-23.84052],[-46.47859,-23.84095],[-46.47833,-23.84],[-46.47813,-23.83845],[-46.47688,-23.83848],[-46.47722,-23.8391],[-46.47727,-23.83967],[-46.47599,-23.83893],[-46.47596,-23.83997],[-46.47543,-23.83998],[-46.47478,-23.8391],[-46.47478,-23.83791],[-46.47431,-23.83733],[-46.473,-23.83694],[-46.47248,-23.83744],[-46.47242,-23.83816],[-46.47269,-23.83882],[-46.47213,-23.83907],[-46.47143,-23.83823],[-46.47208,-23.83798],[-46.47182,-23.837],[-46.47078,-23.8359],[-46.47036,-23.83624],[-46.47067,-23.83683],[-46.47057,-23.83809],[-46.4701,-23.83812],[-46.46902,-23.83728],[-46.46892,-23.83696],[-46.46953,-23.83655],[-46.46819,-23.83636],[-46.46834,-23.83605],[-46.46743,-23.83574],[-46.46732,-23.83662],[-46.46801,-23.83726],[-46.46848,-23.83798],[-46.46822,-23.83885],[-46.46783,-23.83864],[-46.4677,-23.83798],[-46.46654,-23.83754],[-46.46596,-23.83717],[-46.46579,-23.83673],[-46.4662,-23.83597],[-46.46545,-23.83597],[-46.46541,-23.83513],[-46.46471,-23.83548],[-46.46445,-23.83616],[-46.46403,-23.83657],[-46.46356,-23.83571],[-46.46375,-23.8343],[-46.4629,-23.83419],[-46.46259,-23.83516],[-46.4618,-23.83469],[-46.46157,-23.83505],[-46.46194,-23.83577],[-46.46261,-23.83605],[-46.46306,-23.83692],[-46.46382,-23.83741],[-46.46301,-23.83783],[-46.46351,-23.83811],[-46.46413,-23.83751],[-46.46469,-23.83773],[-46.46416,-23.83848],[-46.4651,-23.83866],[-46.46526,-23.83806],[-46.46628,-23.83843],[-46.46626,-23.83963],[-46.46578,-23.83956],[-46.46631,-23.84131],[-46.46541,-23.84141],[-46.46523,-23.84311],[-46.46479,-23.84343],[-46.46447,-23.84304],[-46.46382,-23.84307],[-46.46311,-23.84282],[-46.46296,-23.84329],[-46.46419,-23.84426],[-46.4633,-23.84571],[-46.46248,-23.84609],[-46.46233,-23.84667],[-46.46155,-23.84715],[-46.46155,-23.84788],[-46.46209,-23.84863],[-46.46272,-23.84819],[-46.46277,-23.84717],[-46.46314,-23.84704],[-46.4632,-23.84646],[-46.46382,-23.84647],[-46.46406,-23.84613],[-46.46545,-23.84528],[-46.4662,-23.84531],[-46.46646,-23.84466],[-46.46647,-23.84401],[-46.46719,-23.84359],[-46.46808,-23.84275],[-46.46858,-23.8428],[-46.46889,-23.84218],[-46.46944,-23.84214],[-46.46911,-23.84295],[-46.46934,-23.8435],[-46.46926,-23.84453],[-46.46961,-23.84463],[-46.46987,-23.84541],[-46.46976,-23.84599],[-46.46885,-23.84641],[-46.46919,-23.84696],[-46.46889,-23.84748],[-46.4708,-23.8466],[-46.47131,-23.84607],[-46.4714,-23.845],[-46.4707,-23.84431],[-46.4706,-23.84393],[-46.47175,-23.84419],[-46.47229,-23.84329],[-46.47212,-23.84298],[-46.47266,-23.84261],[-46.47298,-23.8418],[-46.47361,-23.84182],[-46.47306,-23.84276],[-46.4738,-23.84304],[-46.47424,-23.84263],[-46.47535,-23.84254],[-46.47599,-23.84208],[-46.47636,-23.84297],[-46.47626,-23.84388],[-46.47685,-23.84412],[-46.47631,-23.8453],[-46.47583,-23.84583],[-46.47474,-23.84513],[-46.47428,-23.84614],[-46.47503,-23.84644],[-46.47535,-23.84699],[-46.4762,-23.84702],[-46.47609,-23.8476],[-46.47675,-23.848],[-46.47666,-23.84888],[-46.4779,-23.84984],[-46.47784,-23.85045],[-46.47858,-23.85039],[-46.47873,-23.85166],[-46.47779,-23.85172],[-46.47781,-23.85126],[-46.47686,-23.85134],[-46.47635,-23.8506],[-46.47568,-23.85113],[-46.47555,-23.85068],[-46.47447,-23.84987],[-46.47484,-23.84883],[-46.47423,-23.84838],[-46.47331,-23.84698],[-46.47211,-23.84701],[-46.47226,-23.8477],[-46.47199,-23.84833],[-46.4729,-23.84836],[-46.47364,-23.849],[-46.47296,-23.84938],[-46.47233,-23.84902],[-46.47123,-23.84882],[-46.47094,-23.84946],[-46.47185,-23.84999],[-46.47218,-23.85081],[-46.47194,-23.85096],[-46.47045,-23.85051],[-46.47019,-23.85076],[-46.46905,-23.85056],[-46.46961,-23.85117],[-46.46951,-23.85189],[-46.47018,-23.85207],[-46.47037,-23.85241],[-46.47099,-23.85238],[-46.47225,-23.85261],[-46.47235,-23.85309],[-46.47307,-23.85385],[-46.47373,-23.85385],[-46.47275,-23.85513],[-46.47197,-23.85396],[-46.47115,-23.85341],[-46.46989,-23.853],[-46.46897,-23.8523],[-46.46713,-23.85241],[-46.46717,-23.85327],[-46.46737,-23.8535],[-46.46802,-23.85289],[-46.46885,-23.85342],[-46.46833,-23.85384],[-46.4683,-23.85419],[-46.46932,-23.85502],[-46.46938,-23.85577],[-46.46975,-23.85656],[-46.4687,-23.85594],[-46.46786,-23.85626],[-46.46761,-23.85561],[-46.46701,-23.85627],[-46.46625,-23.85649],[-46.46631,-23.85558],[-46.46573,-23.8553],[-46.46456,-23.85506],[-46.46421,-23.85533],[-46.46377,-23.85452],[-46.46324,-23.85413],[-46.46182,-23.85409],[-46.46311,-23.85483],[-46.46296,-23.85518],[-46.46332,-23.85565],[-46.46417,-23.85599],[-46.46487,-23.85671],[-46.46605,-23.85624],[-46.46604,-23.85677],[-46.46545,-23.8566],[-46.46456,-23.85702],[-46.46407,-23.85654],[-46.46305,-23.85717],[-46.46295,-23.85825],[-46.46208,-23.85826],[-46.46176,-23.85719],[-46.46204,-23.85677],[-46.46168,-23.85638],[-46.46097,-23.8564],[-46.46051,-23.85609],[-46.46028,-23.85659],[-46.4609,-23.85709],[-46.46145,-23.85779],[-46.46127,-23.85826],[-46.4604,-23.85817],[-46.45982,-23.85866],[-46.46106,-23.85861],[-46.46134,-23.85915],[-46.46222,-23.85902],[-46.46288,-23.8593],[-46.4628,-23.85855],[-46.46333,-23.85813],[-46.46329,-23.85743],[-46.46424,-23.85724],[-46.46528,-23.85764],[-46.46557,-23.85799],[-46.46657,-23.85813],[-46.46654,-23.85892],[-46.46682,-23.85955],[-46.46786,-23.85952],[-46.46816,-23.86094],[-46.46864,-23.8609],[-46.46912,-23.86145],[-46.46894,-23.86222],[-46.46861,-23.86253],[-46.46861,-23.86305],[-46.468,-23.86288],[-46.46843,-23.86489],[-46.46806,-23.86547],[-46.46811,-23.8663],[-46.46867,-23.86731],[-46.46875,-23.86778],[-46.46837,-23.86844],[-46.46897,-23.86846],[-46.46919,-23.86737],[-46.46988,-23.86744],[-46.47071,-23.86719],[-46.47069,-23.86571],[-46.47026,-23.86543],[-46.47026,-23.86461],[-46.46987,-23.86437],[-46.47017,-23.8638],[-46.46997,-23.8634],[-46.47047,-23.86301],[-46.47078,-23.86371],[-46.47105,-23.86476],[-46.47077,-23.86572],[-46.4708,-23.86629],[-46.47131,-23.86669],[-46.47123,-23.86714],[-46.47236,-23.8677],[-46.47283,-23.86832],[-46.47346,-23.86867],[-46.47403,-23.86871],[-46.47423,-23.86833],[-46.47308,-23.86726],[-46.47324,-23.86692],[-46.473,-23.86634],[-46.47296,-23.86539],[-46.47351,-23.8655],[-46.47456,-23.86515],[-46.47491,-23.86461],[-46.47404,-23.86408],[-46.47309,-23.86309],[-46.4737,-23.86259],[-46.47311,-23.86218],[-46.47257,-23.86239],[-46.47175,-23.86164],[-46.47147,-23.86067],[-46.47187,-23.8602],[-46.47248,-23.86022],[-46.47265,-23.8596],[-46.4731,-23.85981],[-46.47366,-23.8588],[-46.47384,-23.85945],[-46.47444,-23.85995],[-46.47426,-23.86086],[-46.47382,-23.86108],[-46.47419,-23.8618],[-46.47489,-23.86175],[-46.4762,-23.8624],[-46.47669,-23.86187],[-46.47643,-23.8614],[-46.47578,-23.86115],[-46.47542,-23.86045],[-46.47594,-23.86011],[-46.47586,-23.8593],[-46.47639,-23.85948],[-46.47639,-23.86048],[-46.47674,-23.86074],[-46.47737,-23.86072],[-46.47794,-23.86108],[-46.47888,-23.86098],[-46.47829,-23.86039],[-46.47809,-23.85967],[-46.47879,-23.85947],[-46.47916,-23.85973],[-46.47929,-23.8603],[-46.48039,-23.86051],[-46.48064,-23.86077],[-46.48042,-23.86157],[-46.47982,-23.86222],[-46.48077,-23.86253],[-46.48077,-23.86194],[-46.48117,-23.8618],[-46.48112,-23.86114],[-46.4823,-23.86088],[-46.48406,-23.86151],[-46.48434,-23.86104],[-46.48271,-23.86049],[-46.48214,-23.86066],[-46.48177,-23.85998],[-46.48131,-23.85957],[-46.48035,-23.85913],[-46.47973,-23.8594],[-46.47898,-23.859],[-46.47843,-23.85916],[-46.47803,-23.85836],[-46.47714,-23.85811],[-46.47602,-23.8585],[-46.4759,-23.85808],[-46.47742,-23.85761],[-46.47778,-23.85715],[-46.47716,-23.85658],[-46.47732,-23.85626],[-46.47795,-23.85613],[-46.47895,-23.85616],[-46.47874,-23.8555],[-46.47941,-23.85462],[-46.48055,-23.85479],[-46.48027,-23.85537],[-46.48092,-23.8562],[-46.4815,-23.85657],[-46.48222,-23.85599],[-46.48226,-23.85522],[-46.48187,-23.85422],[-46.48028,-23.85437],[-46.48069,-23.85357],[-46.4812,-23.85383],[-46.48167,-23.85358],[-46.48194,-23.85307],[-46.48256,-23.85322],[-46.48245,-23.85251],[-46.48185,-23.85239],[-46.48232,-23.85186],[-46.48302,-23.85262],[-46.48347,-23.85266],[-46.48432,-23.85314],[-46.48435,-23.85367],[-46.48485,-23.85396],[-46.48488,-23.85449],[-46.48622,-23.85458],[-46.4867,-23.85361],[-46.486,-23.85375],[-46.48606,-23.8532],[-46.48536,-23.85289],[-46.48541,-23.85209],[-46.48596,-23.85177],[-46.48676,-23.85195],[-46.48706,-23.85249],[-46.48768,-23.85259],[-46.48766,-23.85111],[-46.48819,-23.8505],[-46.48698,-23.85009],[-46.48613,-23.84929],[-46.48577,-23.84929],[-46.48501,-23.84876],[-46.48532,-23.8483],[-46.48477,-23.84784],[-46.48428,-23.84773],[-46.48426,-23.84715],[-46.48492,-23.84693],[-46.4858,-23.84726],[-46.48598,-23.84675],[-46.48511,-23.8465],[-46.48441,-23.84596],[-46.48472,-23.84529],[-46.48564,-23.84515],[-46.48613,-23.84534],[-46.48642,-23.84604],[-46.48676,-23.84623],[-46.48724,-23.84699],[-46.48675,-23.84737],[-46.48659,-23.8481],[-46.48679,-23.84838],[-46.48759,-23.84826],[-46.48864,-23.84958],[-46.48843,-23.84986],[-46.48876,-23.85063],[-46.48883,-23.85128],[-46.4887,-23.85255],[-46.48894,-23.85282],[-46.48982,-23.85276],[-46.49062,-23.85205],[-46.49098,-23.85277],[-46.49094,-23.85323],[-46.49165,-23.8542],[-46.49031,-23.85427],[-46.49023,-23.85465],[-46.49076,-23.85486],[-46.49061,-23.85541],[-46.48977,-23.85499],[-46.48992,-23.85562],[-46.49053,-23.85701],[-46.49088,-23.85745],[-46.49022,-23.85811],[-46.48753,-23.8589],[-46.48864,-23.85908],[-46.48928,-23.85993],[-46.4907,-23.85824],[-46.49158,-23.85833],[-46.49176,-23.85616],[-46.49149,-23.85578],[-46.49204,-23.85447],[-46.49261,-23.85482],[-46.49248,-23.85535],[-46.49318,-23.85544],[-46.49327,-23.8559],[-46.49264,-23.85655],[-46.49307,-23.85689],[-46.49367,-23.85681],[-46.49378,-23.85733],[-46.49453,-23.85775],[-46.49459,-23.85831],[-46.4939,-23.85868],[-46.49417,-23.85965],[-46.49474,-23.85943],[-46.4949,-23.85879],[-46.49528,-23.85867],[-46.49514,-23.85785],[-46.49648,-23.85804],[-46.49817,-23.85881],[-46.49878,-23.85948],[-46.49917,-23.85905],[-46.49914,-23.85855],[-46.49833,-23.85741],[-46.49883,-23.857],[-46.49904,-23.8561],[-46.49839,-23.85622],[-46.49817,-23.85665],[-46.49756,-23.8568],[-46.49673,-23.85636],[-46.49597,-23.8562],[-46.49588,-23.8566],[-46.49431,-23.85684],[-46.49382,-23.85619],[-46.49393,-23.85557],[-46.49434,-23.85534],[-46.49389,-23.85474],[-46.4956,-23.8543],[-46.495,-23.85378],[-46.49498,-23.85296],[-46.49438,-23.85301],[-46.49421,-23.85242],[-46.49357,-23.85208],[-46.49362,-23.85154],[-46.49487,-23.85179],[-46.49524,-23.85136],[-46.4944,-23.85086],[-46.49353,-23.8509],[-46.4931,-23.85043],[-46.49238,-23.85026],[-46.49166,-23.84931],[-46.49166,-23.84886],[-46.49037,-23.84867],[-46.49115,-23.84713],[-46.49021,-23.84735],[-46.49017,-23.84687],[-46.48974,-23.84639],[-46.49003,-23.84577],[-46.4892,-23.84541],[-46.48989,-23.84466],[-46.48926,-23.84368],[-46.48963,-23.84322],[-46.49001,-23.84353],[-46.49099,-23.8437],[-46.49193,-23.8434],[-46.49259,-23.84364],[-46.49319,-23.84353],[-46.49353,-23.84313],[-46.49276,-23.84291],[-46.49263,-23.84175],[-46.49207,-23.84269],[-46.49146,-23.84237],[-46.49097,-23.84285],[-46.49037,-23.84205],[-46.48948,-23.84184],[-46.48869,-23.84121],[-46.48805,-23.84176],[-46.48741,-23.84165],[-46.48758,-23.84035],[-46.48879,-23.83979],[-46.48896,-23.83927],[-46.4896,-23.83948],[-46.49259,-23.84098],[-46.49438,-23.84228],[-46.49679,-23.84508],[-46.4992,-23.8469],[-46.49918,-23.84702],[-46.50437,-23.85122],[-46.50388,-23.85603],[-46.50339,-23.85759],[-46.50271,-23.85871],[-46.50112,-23.86028],[-46.49768,-23.86329],[-46.49647,-23.86445],[-46.49558,-23.86546],[-46.49336,-23.869],[-46.49201,-23.87033],[-46.49006,-23.8711],[-46.48956,-23.87166],[-46.48971,-23.87261],[-46.49006,-23.87325],[-46.49148,-23.87415],[-46.49109,-23.87464],[-46.48974,-23.87503],[-46.48921,-23.87561],[-46.48882,-23.87691],[-46.48772,-23.87782],[-46.48764,-23.8784],[-46.48801,-23.8804],[-46.48797,-23.88089],[-46.48727,-23.88221],[-46.48725,-23.88301],[-46.48769,-23.88395],[-46.48769,-23.88456],[-46.48582,-23.8835],[-46.48525,-23.88345],[-46.48368,-23.88394],[-46.4836,-23.88436],[-46.48458,-23.88507],[-46.48444,-23.88567],[-46.48377,-23.88595],[-46.48287,-23.88584],[-46.48203,-23.88519],[-46.4813,-23.88419],[-46.48017,-23.88215],[-46.47927,-23.88135],[-46.47781,-23.87914],[-46.47701,-23.87938],[-46.47589,-23.87912],[-46.47485,-23.87851],[-46.47443,-23.87778],[-46.47434,-23.8766],[-46.47342,-23.87597],[-46.47297,-23.87477],[-46.47262,-23.87448],[-46.47176,-23.87424],[-46.47085,-23.8733],[-46.46995,-23.87339],[-46.46938,-23.87293],[-46.46878,-23.8714],[-46.46811,-23.87113],[-46.46772,-23.87069],[-46.46729,-23.86927],[-46.46724,-23.86781]]]},"properties":{"codigo":"3548708027","name":"Alto da Serra","population":null,"households":null,"areaKm2":27.0599,"density":null}},{"type":"Feature","geometry":{"type":"Polygon","coordinates":[[[-46.43738,-23.80013],[-46.43894,-23.80045],[-46.44088,-23.80034],[-46.44183,-23.79998],[-46.44358,-23.79962],[-46.44397,-23.79913],[-46.44473,-23.79889],[-46.44602,-23.79885],[-46.44662,-23.7983],[-46.44719,-23.79834],[-46.44756,-23.79877],[-46.44774,-23.80018],[-46.44703,-23.80216],[-46.44625,-23.80261],[-46.4458,-23.8034],[-46.44776,-23.80413],[-46.44902,-23.8031],[-46.44972,-23.80204],[-46.45048,-23.80141],[-46.45061,-23.79997],[-46.45109,-23.79939],[-46.45159,-23.79931],[-46.45166,-23.79871],[-46.45127,-23.79803],[-46.45198,-23.79717],[-46.45268,-23.79694],[-46.45284,-23.79618],[-46.45234,-23.79518],[-46.45401,-23.79481],[-46.45538,-23.7946],[-46.45726,-23.79466],[-46.45802,-23.79555],[-46.45857,-23.79591],[-46.45805,-23.7974],[-46.45729,-23.79816],[-46.45753,-23.79973],[-46.45742,-23.80034],[-46.458,-23.80042],[-46.45859,-23.7995],[-46.45914,-23.79929],[-46.45964,-23.79997],[-46.46012,-23.80018],[-46.46106,-23.80004],[-46.46148,-23.79931],[-46.46192,-23.79905],[-46.46194,-23.79853],[-46.46158,-23.798],[-46.46189,-23.79767],[-46.46359,-23.79811],[-46.46419,-23.79861],[-46.46356,-23.79898],[-46.46351,-23.8001],[-46.46257,-23.8],[-46.46249,-23.8006],[-46.46351,-23.80115],[-46.46348,-23.80161],[-46.46192,-23.80175],[-46.46173,-23.80224],[-46.4628,-23.80256],[-46.46194,-23.80324],[-46.46107,-23.80311],[-46.46125,-23.8038],[-46.46089,-23.80489],[-46.46031,-23.80441],[-46.45958,-23.80484],[-46.459,-23.8048],[-46.45887,-23.80437],[-46.45776,-23.80375],[-46.45749,-23.80399],[-46.45758,-23.80488],[-46.45735,-23.80558],[-46.45498,-23.80637],[-46.4547,-23.80683],[-46.45523,-23.80753],[-46.45574,-23.80756],[-46.45685,-23.80797],[-46.45743,-23.80847],[-46.45906,-23.80886],[-46.45954,-23.80867],[-46.45987,-23.80903],[-46.45927,-23.80981],[-46.45953,-23.81028],[-46.46008,-23.81029],[-46.46043,-23.81101],[-46.46168,-23.81104],[-46.4627,-23.81159],[-46.46343,-23.81245],[-46.46392,-23.8125],[-46.46452,-23.81206],[-46.46436,-23.81106],[-46.4638,-23.80973],[-46.46308,-23.80954],[-46.46374,-23.8086],[-46.46372,-23.80773],[-46.4634,-23.80708],[-46.46366,-23.80673],[-46.46495,-23.80638],[-46.46561,-23.80641],[-46.46591,-23.80578],[-46.4652,-23.80524],[-46.46521,-23.8049],[-46.46605,-23.80481],[-46.46678,-23.80492],[-46.46635,-23.80395],[-46.46696,-23.8036],[-46.46724,-23.80312],[-46.46793,-23.80283],[-46.46841,-23.803],[-46.46897,-23.80242],[-46.46965,-23.80253],[-46.47001,-23.8031],[-46.46997,-23.80379],[-46.4696,-23.8042],[-46.46895,-23.80428],[-46.46849,-23.8047],[-46.46941,-23.80506],[-46.46943,-23.80578],[-46.46887,-23.80576],[-46.46947,-23.80677],[-46.47036,-23.80687],[-46.47079,-23.80653],[-46.47096,-23.80536],[-46.47144,-23.80437],[-46.4713,-23.80391],[-46.47207,-23.80345],[-46.47287,-23.80345],[-46.47334,-23.80212],[-46.47406,-23.80255],[-46.47441,-23.80308],[-46.47407,-23.80332],[-46.47352,-23.80301],[-46.47318,-23.80407],[-46.47467,-23.80468],[-46.4747,-23.8054],[-46.47552,-23.80534],[-46.47615,-23.80576],[-46.47615,-23.80626],[-46.47664,-23.80745],[-46.47603,-23.80846],[-46.47628,-23.8089],[-46.47645,-23.8101],[-46.47636,-23.81073],[-46.47696,-23.81068],[-46.47778,-23.80979],[-46.47783,-23.80885],[-46.47829,-23.80876],[-46.47852,-23.80714],[-46.47819,-23.80699],[-46.47841,-23.80574],[-46.47772,-23.8055],[-46.47781,-23.80491],[-46.47841,-23.80493],[-46.47897,-23.80414],[-46.4778,-23.80418],[-46.47729,-23.80398],[-46.47744,-23.80342],[-46.4769,-23.80337],[-46.47695,-23.8026],[-46.47743,-23.80224],[-46.47672,-23.8018],[-46.47701,-23.80132],[-46.47629,-23.80101],[-46.47665,-23.8001],[-46.47701,-23.80058],[-46.47831,-23.79987],[-46.47831,-23.7994],[-46.47973,-23.79849],[-46.48031,-23.79859],[-46.48058,-23.79902],[-46.48037,-23.79964],[-46.4794,-23.8],[-46.47949,-23.80084],[-46.47925,-23.80115],[-46.47962,-23.80236],[-46.48007,-23.80249],[-46.48031,-23.80175],[-46.48079,-23.80102],[-46.48132,-23.80066],[-46.48154,-23.80005],[-46.48196,-23.80003],[-46.48236,-23.80126],[-46.48212,-23.80181],[-46.48161,-23.80182],[-46.48145,-23.80263],[-46.48035,-23.80292],[-46.48113,-23.80372],[-46.48183,-23.80368],[-46.48212,-23.80408],[-46.48199,-23.80482],[-46.48229,-23.80534],[-46.48271,-23.80525],[-46.48332,-23.80461],[-46.48374,-23.80445],[-46.4837,-23.80362],[-46.4843,-23.80336],[-46.48405,-23.80272],[-46.48465,-23.80227],[-46.48501,-23.8015],[-46.4847,-23.80083],[-46.4851,-23.80031],[-46.48577,-23.80041],[-46.48565,-23.80094],[-46.48522,-23.80118],[-46.4851,-23.80213],[-46.48554,-23.80289],[-46.48644,-23.80241],[-46.48689,-23.80092],[-46.48783,-23.80096],[-46.48746,-23.80159],[-46.48786,-23.80214],[-46.4878,-23.80274],[-46.4868,-23.8034],[-46.48589,-23.8033],[-46.48571,-23.80407],[-46.4868,-23.80466],[-46.48663,-23.80552],[-46.48686,-23.80698],[-46.48725,-23.80709],[-46.48786,-23.8057],[-46.48851,-23.80536],[-46.48863,-23.80475],[-46.48935,-23.80459],[-46.48937,-23.80351],[-46.49001,-23.8024],[-46.49055,-23.80258],[-46.49076,-23.80321],[-46.4905,-23.80387],[-46.49055,-23.80505],[-46.49105,-23.80515],[-46.49125,-23.80458],[-46.49203,-23.80382],[-46.49225,-23.80499],[-46.49341,-23.80377],[-46.49406,-23.80348],[-46.49417,-23.8041],[-46.49341,-23.8045],[-46.49289,-23.80517],[-46.49328,-23.80564],[-46.49388,-23.80588],[-46.49459,-23.80549],[-46.49503,-23.80559],[-46.49546,-23.80611],[-46.49495,-23.80642],[-46.49499,-23.80699],[-46.49564,-23.80714],[-46.4958,-23.80668],[-46.49638,-23.80601],[-46.49685,-23.80575],[-46.49722,-23.80494],[-46.49793,-23.80559],[-46.49758,-23.80658],[-46.49719,-23.80668],[-46.49669,-23.80736],[-46.49625,-23.80834],[-46.4956,-23.80823],[-46.49563,-23.80721],[-46.49497,-23.80703],[-46.49424,-23.80755],[-46.49379,-23.80723],[-46.49371,-23.80627],[-46.49243,-23.80739],[-46.49343,-23.80808],[-46.49346,-23.80859],[-46.49304,-23.80872],[-46.49198,-23.80859],[-46.49202,-23.808],[-46.49086,-23.80828],[-46.48859,-23.80999],[-46.48927,-23.81056],[-46.48853,-23.81088],[-46.48803,-23.81195],[-46.48751,-23.81216],[-46.48629,-23.81213],[-46.48586,-23.81254],[-46.48547,-23.81356],[-46.48472,-23.8148],[-46.48479,-23.81521],[-46.48544,-23.81537],[-46.48652,-23.81448],[-46.48722,-23.81419],[-46.48819,-23.81401],[-46.48871,-23.81367],[-46.48977,-23.81375],[-46.49026,-23.81417],[-46.49063,-23.81402],[-46.49089,-23.81326],[-46.49089,-23.81245],[-46.49139,-23.81203],[-46.49274,-23.81177],[-46.49411,-23.81288],[-46.49444,-23.81228],[-46.49353,-23.8115],[-46.49387,-23.81024],[-46.49531,-23.81063],[-46.49649,-23.81014],[-46.49686,-23.81087],[-46.49682,-23.81176],[-46.49633,-23.81218],[-46.49672,-23.81254],[-46.49654,-23.81326],[-46.49727,-23.81315],[-46.49774,-23.81242],[-46.49837,-23.8126],[-46.49843,-23.81187],[-46.49937,-23.81171],[-46.49973,-23.81148],[-46.49926,-23.81074],[-46.49979,-23.81058],[-46.50077,-23.80936],[-46.50104,-23.80959],[-46.50093,-23.81059],[-46.50067,-23.81082],[-46.50093,-23.81152],[-46.50065,-23.81184],[-46.50093,-23.81249],[-46.50146,-23.81203],[-46.50204,-23.81051],[-46.50255,-23.81064],[-46.50302,-23.81179],[-46.50394,-23.8119],[-46.50441,-23.81035],[-46.50421,-23.8099],[-46.50434,-23.80912],[-46.50334,-23.80922],[-46.50298,-23.80941],[-46.50216,-23.80831],[-46.50209,-23.8075],[-46.50243,-23.80702],[-46.50174,-23.80669],[-46.50151,-23.80595],[-46.5018,-23.80577],[-46.50287,-23.80582],[-46.50289,-23.80645],[-46.5037,-23.8064],[-46.50374,-23.80744],[-46.50337,-23.80808],[-46.50392,-23.8085],[-46.50468,-23.80747],[-46.50528,-23.80789],[-46.50518,-23.8086],[-46.50564,-23.80897],[-46.50606,-23.80969],[-46.50671,-23.8098],[-46.50675,-23.80914],[-46.50647,-23.80825],[-46.50675,-23.80779],[-46.50718,-23.80785],[-46.50801,-23.80918],[-46.50796,-23.80811],[-46.50843,-23.80711],[-46.50909,-23.80715],[-46.50858,-23.80877],[-46.50838,-23.80976],[-46.50815,-23.81204],[-46.50851,-23.8131],[-46.51156,-23.82336],[-46.5048,-23.82938],[-46.50004,-23.8335],[-46.50551,-23.83923],[-46.50437,-23.85122],[-46.49918,-23.84702],[-46.4992,-23.8469],[-46.49679,-23.84508],[-46.49438,-23.84228],[-46.49259,-23.84098],[-46.4896,-23.83948],[-46.49014,-23.83937],[-46.48968,-23.83835],[-46.49008,-23.83784],[-46.4909,-23.8375],[-46.49166,-23.83507],[-46.49332,-23.83548],[-46.49382,-23.83632],[-46.49464,-23.83627],[-46.49488,-23.83679],[-46.49532,-23.83682],[-46.49618,-23.83729],[-46.49637,-23.83781],[-46.49685,-23.83786],[-46.49696,-23.83719],[-46.49645,-23.83668],[-46.49655,-23.83626],[-46.49589,-23.83598],[-46.49537,-23.83608],[-46.49505,-23.83502],[-46.49534,-23.83458],[-46.49452,-23.83438],[-46.49441,-23.83357],[-46.49357,-23.83373],[-46.49265,-23.8333],[-46.49221,-23.83286],[-46.49071,-23.83254],[-46.49011,-23.83218],[-46.48893,-23.83213],[-46.48868,-23.83133],[-46.48908,-23.83068],[-46.48979,-23.82996],[-46.49027,-23.82977],[-46.49076,-23.82922],[-46.49197,-23.8292],[-46.4926,-23.82878],[-46.49359,-23.82944],[-46.49322,-23.82827],[-46.49375,-23.82772],[-46.49481,-23.82879],[-46.4952,-23.82893],[-46.49611,-23.82974],[-46.49723,-23.82908],[-46.49676,-23.82866],[-46.49665,-23.8282],[-46.49585,-23.82789],[-46.49559,-23.82839],[-46.49511,-23.82821],[-46.49495,-23.82724],[-46.49383,-23.82714],[-46.49364,-23.82682],[-46.49364,-23.82578],[-46.4932,-23.82576],[-46.49274,-23.8268],[-46.49222,-23.8267],[-46.49172,-23.8271],[-46.49076,-23.82684],[-46.4907,-23.82746],[-46.49024,-23.82758],[-46.48955,-23.82817],[-46.48929,-23.82785],[-46.48968,-23.82726],[-46.48941,-23.82612],[-46.48841,-23.8261],[-46.48791,-23.82592],[-46.48729,-23.82512],[-46.48775,-23.82504],[-46.48797,-23.82442],[-46.48772,-23.82414],[-46.48623,-23.82463],[-46.48594,-23.82357],[-46.48591,-23.8229],[-46.48544,-23.823],[-46.48518,-23.8242],[-46.48529,-23.82488],[-46.48471,-23.82541],[-46.48422,-23.8252],[-46.48251,-23.82539],[-46.48231,-23.82476],[-46.48081,-23.82481],[-46.47991,-23.82448],[-46.47892,-23.82439],[-46.47813,-23.82474],[-46.47753,-23.8255],[-46.47669,-23.82573],[-46.47596,-23.82625],[-46.47573,-23.82697],[-46.47715,-23.8266],[-46.47873,-23.82594],[-46.47944,-23.82575],[-46.48003,-23.82582],[-46.48122,-23.82566],[-46.48201,-23.82628],[-46.48333,-23.82668],[-46.4835,-23.82701],[-46.48285,-23.82809],[-46.48435,-23.82743],[-46.48491,-23.8267],[-46.48564,-23.82646],[-46.48624,-23.82699],[-46.487,-23.82738],[-46.48758,-23.82741],[-46.48795,-23.82829],[-46.48718,-23.8287],[-46.48654,-23.82827],[-46.48588,-23.82877],[-46.48692,-23.82907],[-46.4858,-23.82985],[-46.48559,-23.831],[-46.48588,-23.83136],[-46.48599,-23.83216],[-46.48543,-23.8333],[-46.48462,-23.83397],[-46.48473,-23.83452],[-46.48556,-23.83472],[-46.48566,-23.83516],[-46.4864,-23.83557],[-46.48639,-23.83626],[-46.48595,-23.83648],[-46.4837,-23.83462],[-46.48237,-23.83376],[-46.47875,-23.83114],[-46.47464,-23.82826],[-46.46911,-23.82386],[-46.46283,-23.81954],[-46.44927,-23.80981],[-46.44857,-23.80909],[-46.4304,-23.80332],[-46.43022,-23.80165],[-46.43056,-23.80127],[-46.43403,-23.80121],[-46.43738,-23.80013]]]},"properties":{"codigo":"3548708026","name":"Zanzala","population":362,"households":256,"areaKm2":16.6465,"density":21.7}},{"type":"Feature","geometry":{"type":"Polygon","coordinates":[[[-46.59125,-23.84],[-46.59168,-23.84039],[-46.59177,-23.84096],[-46.59303,-23.84195],[-46.59332,-23.84246],[-46.59691,-23.84448],[-46.59772,-23.84483],[-46.59824,-23.84483],[-46.59931,-23.8442],[-46.60062,-23.84419],[-46.60133,-23.8448],[-46.60192,-23.84504],[-46.60326,-23.84445],[-46.60449,-23.84403],[-46.60526,-23.84411],[-46.60546,-23.84305],[-46.60588,-23.84244],[-46.607,-23.84224],[-46.60781,-23.83954],[-46.60848,-23.83851],[-46.60848,-23.83795],[-46.60816,-23.83601],[-46.60887,-23.8342],[-46.60883,-23.83349],[-46.60844,-23.83258],[-46.60851,-23.83219],[-46.60816,-23.83174],[-46.60791,-23.83077],[-46.60819,-23.83038],[-46.60826,-23.82962],[-46.60872,-23.82837],[-46.60901,-23.82795],[-46.61033,-23.82694],[-46.61115,-23.82698],[-46.61235,-23.82631],[-46.61268,-23.82648],[-46.61309,-23.8283],[-46.61341,-23.82841],[-46.6134,-23.82637],[-46.614,-23.82595],[-46.614,-23.82544],[-46.61459,-23.82454],[-46.6155,-23.82455],[-46.61593,-23.82487],[-46.61661,-23.8263],[-46.61713,-23.82864],[-46.61788,-23.82922],[-46.61838,-23.82905],[-46.61807,-23.82691],[-46.61814,-23.82649],[-46.61776,-23.82472],[-46.61751,-23.82426],[-46.61737,-23.82339],[-46.61753,-23.82167],[-46.61794,-23.8206],[-46.61864,-23.81978],[-46.61922,-23.81946],[-46.61997,-23.81977],[-46.62035,-23.82071],[-46.62013,-23.82219],[-46.62057,-23.82291],[-46.62255,-23.82443],[-46.62357,-23.82588],[-46.62402,-23.8262],[-46.62517,-23.828],[-46.62579,-23.82961],[-46.62534,-23.83041],[-46.62544,-23.8307],[-46.62428,-23.83248],[-46.62371,-23.83316],[-46.6241,-23.83336],[-46.62565,-23.83211],[-46.62634,-23.83182],[-46.62691,-23.83192],[-46.62759,-23.83233],[-46.62824,-23.83246],[-46.62893,-23.83167],[-46.62937,-23.83196],[-46.62941,-23.8324],[-46.62882,-23.83264],[-46.62858,-23.83327],[-46.62884,-23.83358],[-46.62881,-23.83511],[-46.62857,-23.83625],[-46.62902,-23.83701],[-46.62866,-23.83763],[-46.62739,-23.83723],[-46.62663,-23.83744],[-46.62767,-23.83805],[-46.62825,-23.83885],[-46.62817,-23.83974],[-46.62786,-23.84028],[-46.62727,-23.84076],[-46.62562,-23.84105],[-46.62393,-23.84097],[-46.62328,-23.84148],[-46.6236,-23.84175],[-46.62412,-23.84125],[-46.62519,-23.84174],[-46.62649,-23.842],[-46.62692,-23.8424],[-46.62765,-23.84255],[-46.6286,-23.84198],[-46.62984,-23.84209],[-46.6306,-23.8427],[-46.63089,-23.84362],[-46.63064,-23.84457],[-46.63154,-23.84516],[-46.63123,-23.84593],[-46.63055,-23.84676],[-46.63105,-23.84759],[-46.63126,-23.84858],[-46.63028,-23.84844],[-46.6297,-23.84877],[-46.63043,-23.84948],[-46.63056,-23.85047],[-46.63014,-23.85082],[-46.62955,-23.85041],[-46.62915,-23.85075],[-46.62917,-23.85181],[-46.62968,-23.8524],[-46.62945,-23.85292],[-46.62855,-23.85316],[-46.62718,-23.85294],[-46.62596,-23.85228],[-46.62554,-23.85184],[-46.62494,-23.8517],[-46.62471,-23.85136],[-46.62451,-23.85027],[-46.62402,-23.8509],[-46.62276,-23.85089],[-46.62235,-23.85053],[-46.62148,-23.85024],[-46.61847,-23.8495],[-46.61882,-23.85005],[-46.62079,-23.8509],[-46.62084,-23.8514],[-46.62188,-23.85144],[-46.6232,-23.85195],[-46.62398,-23.8526],[-46.62558,-23.85356],[-46.6256,-23.85393],[-46.6249,-23.85454],[-46.62419,-23.8548],[-46.62345,-23.85468],[-46.62279,-23.85509],[-46.6219,-23.85501],[-46.62155,-23.85537],[-46.62263,-23.85566],[-46.62273,-23.85604],[-46.62194,-23.85712],[-46.62127,-23.85729],[-46.62047,-23.85796],[-46.62024,-23.85862],[-46.61933,-23.85907],[-46.61834,-23.85889],[-46.61726,-23.85773],[-46.61708,-23.85895],[-46.61635,-23.85986],[-46.6156,-23.8602],[-46.61451,-23.86031],[-46.61267,-23.86008],[-46.61223,-23.8597],[-46.61182,-23.86029],[-46.61286,-23.86144],[-46.61285,-23.86224],[-46.61153,-23.86315],[-46.61014,-23.86367],[-46.60946,-23.86367],[-46.6088,-23.86427],[-46.60725,-23.8649],[-46.60688,-23.86582],[-46.60629,-23.86651],[-46.60632,-23.86738],[-46.60679,-23.8678],[-46.60723,-23.8677],[-46.60767,-23.86701],[-46.60867,-23.86611],[-46.61031,-23.86535],[-46.61077,-23.86531],[-46.61162,-23.86487],[-46.61332,-23.86441],[-46.61462,-23.86436],[-46.61519,-23.86475],[-46.61558,-23.86661],[-46.6156,-23.86768],[-46.61519,-23.86801],[-46.61557,-23.86848],[-46.61533,-23.87054],[-46.61518,-23.87099],[-46.61556,-23.87221],[-46.61566,-23.874],[-46.61528,-23.87499],[-46.61592,-23.87505],[-46.6156,-23.87634],[-46.6166,-23.87831],[-46.61707,-23.87881],[-46.61667,-23.87984],[-46.61681,-23.88117],[-46.61761,-23.88442],[-46.61803,-23.88523],[-46.61784,-23.88579],[-46.61788,-23.88649],[-46.61763,-23.88694],[-46.61778,-23.88807],[-46.61771,-23.88881],[-46.6171,-23.89075],[-46.61648,-23.89209],[-46.61653,-23.89286],[-46.61596,-23.89476],[-46.61536,-23.89581],[-46.61536,-23.89629],[-46.61573,-23.89718],[-46.6155,-23.89782],[-46.61544,-23.89945],[-46.61527,-23.90001],[-46.61458,-23.90088],[-46.6142,-23.90111],[-46.61424,-23.90199],[-46.61389,-23.90245],[-46.61372,-23.90312],[-46.61386,-23.90422],[-46.61322,-23.90495],[-46.61327,-23.9055],[-46.60925,-23.90462],[-46.60946,-23.90521],[-46.61079,-23.90652],[-46.61169,-23.90787],[-46.61254,-23.90822],[-46.61278,-23.90868],[-46.6125,-23.90963],[-46.61184,-23.91026],[-46.61161,-23.91071],[-46.61191,-23.91128],[-46.61192,-23.91209],[-46.61156,-23.91261],[-46.61196,-23.91401],[-46.61174,-23.9144],[-46.61029,-23.91447],[-46.60957,-23.91482],[-46.60877,-23.91499],[-46.6087,-23.91589],[-46.6094,-23.91672],[-46.60996,-23.91799],[-46.61008,-23.91908],[-46.60914,-23.92025],[-46.60921,-23.92112],[-46.60905,-23.92158],[-46.60915,-23.9224],[-46.59862,-23.92685],[-46.59379,-23.91897],[-46.58439,-23.90571],[-46.59058,-23.89725],[-46.59185,-23.89677],[-46.59299,-23.89722],[-46.5935,-23.89703],[-46.59389,-23.89637],[-46.59515,-23.89618],[-46.59582,-23.89592],[-46.59624,-23.89541],[-46.5966,-23.89421],[-46.597,-23.89389],[-46.59759,-23.89395],[-46.59825,-23.89366],[-46.59968,-23.89342],[-46.60085,-23.89341],[-46.60167,-23.89254],[-46.60177,-23.89163],[-46.60126,-23.89133],[-46.60141,-23.89082],[-46.60195,-23.89023],[-46.60149,-23.89009],[-46.60086,-23.88946],[-46.60073,-23.88889],[-46.60099,-23.88817],[-46.60034,-23.88723],[-46.60006,-23.8858],[-46.60009,-23.88515],[-46.59982,-23.88429],[-46.5972,-23.88267],[-46.59459,-23.8809],[-46.59407,-23.88101],[-46.59027,-23.879],[-46.58874,-23.87778],[-46.58763,-23.87729],[-46.58605,-23.87621],[-46.58428,-23.87551],[-46.58377,-23.87413],[-46.58401,-23.87316],[-46.58355,-23.87181],[-46.58416,-23.87027],[-46.5844,-23.86849],[-46.58337,-23.86778],[-46.58206,-23.86715],[-46.58229,-23.86619],[-46.58223,-23.86519],[-46.58387,-23.86393],[-46.58345,-23.86263],[-46.58382,-23.86205],[-46.58412,-23.86086],[-46.58397,-23.86015],[-46.58532,-23.85891],[-46.58576,-23.85796],[-46.58594,-23.85719],[-46.58546,-23.85657],[-46.58542,-23.8554],[-46.58643,-23.85385],[-46.58708,-23.85396],[-46.58805,-23.85231],[-46.58871,-23.85051],[-46.58874,-23.85018],[-46.58799,-23.84917],[-46.588,-23.84864],[-46.58838,-23.84805],[-46.58901,-23.84799],[-46.58995,-23.84552],[-46.58998,-23.84482],[-46.5891,-23.84262],[-46.58874,-23.83906],[-46.58949,-23.83902],[-46.59016,-23.83926],[-46.59125,-23.84]]]},"properties":{"codigo":"3548708033","name":"Curucuto","population":1711,"households":935,"areaKm2":28.1666,"density":60.7}},{"type":"Feature","geometry":{"type":"Polygon","coordinates":[[[-46.50909,-23.80715],[-46.50959,-23.80757],[-46.50925,-23.80834],[-46.50981,-23.80889],[-46.50955,-23.80946],[-46.50909,-23.80964],[-46.50933,-23.81011],[-46.50933,-23.81076],[-46.51036,-23.8112],[-46.51079,-23.81012],[-46.51128,-23.81038],[-46.51165,-23.81107],[-46.5121,-23.81056],[-46.5121,-23.81017],[-46.51278,-23.80959],[-46.51238,-23.80942],[-46.512,-23.80884],[-46.51208,-23.80852],[-46.5131,-23.80776],[-46.51384,-23.80769],[-46.51415,-23.80792],[-46.5144,-23.80868],[-46.51389,-23.80914],[-46.51411,-23.81005],[-46.51449,-23.81008],[-46.51491,-23.80945],[-46.51567,-23.80888],[-46.51539,-23.80812],[-46.51589,-23.80751],[-46.51667,-23.80763],[-46.5174,-23.80841],[-46.51795,-23.80832],[-46.51834,-23.80891],[-46.51813,-23.8102],[-46.51728,-23.81044],[-46.51733,-23.81105],[-46.51699,-23.81148],[-46.51792,-23.81183],[-46.51858,-23.81134],[-46.51898,-23.81128],[-46.51894,-23.81053],[-46.5201,-23.81016],[-46.52016,-23.80946],[-46.52091,-23.80928],[-46.52218,-23.80988],[-46.52344,-23.80961],[-46.5239,-23.81003],[-46.52361,-23.81132],[-46.52402,-23.81158],[-46.52614,-23.81033],[-46.52655,-23.81052],[-46.52726,-23.80992],[-46.52934,-23.81042],[-46.52903,-23.81141],[-46.52857,-23.8118],[-46.52684,-23.81211],[-46.52706,-23.81277],[-46.52667,-23.81308],[-46.526,-23.81291],[-46.52578,-23.81246],[-46.5246,-23.8127],[-46.5244,-23.81326],[-46.52379,-23.81313],[-46.52208,-23.81308],[-46.52215,-23.81367],[-46.52305,-23.81417],[-46.52384,-23.81418],[-46.52433,-23.81444],[-46.52433,-23.81551],[-46.52358,-23.81546],[-46.52251,-23.81587],[-46.52387,-23.8164],[-46.52436,-23.81698],[-46.52419,-23.81775],[-46.52348,-23.81819],[-46.52346,-23.8193],[-46.52379,-23.82148],[-46.52431,-23.82119],[-46.52624,-23.82088],[-46.52803,-23.82087],[-46.52837,-23.82047],[-46.52834,-23.81918],[-46.5289,-23.8186],[-46.529,-23.81809],[-46.5298,-23.81737],[-46.53064,-23.81713],[-46.53111,-23.81611],[-46.53188,-23.81553],[-46.53215,-23.815],[-46.53326,-23.8155],[-46.5335,-23.81596],[-46.533,-23.81618],[-46.53254,-23.81703],[-46.53135,-23.81715],[-46.53135,-23.81746],[-46.53202,-23.8177],[-46.53214,-23.81824],[-46.53089,-23.81943],[-46.53246,-23.81916],[-46.53343,-23.81867],[-46.53384,-23.81899],[-46.53389,-23.81952],[-46.53357,-23.8201],[-46.533,-23.82051],[-46.53285,-23.81989],[-46.53232,-23.81989],[-46.53212,-23.82114],[-46.5304,-23.82136],[-46.52944,-23.82106],[-46.52912,-23.82161],[-46.52751,-23.82155],[-46.52671,-23.82254],[-46.5259,-23.82305],[-46.52744,-23.82311],[-46.52785,-23.8237],[-46.52748,-23.82438],[-46.52743,-23.82495],[-46.5268,-23.82551],[-46.52666,-23.82621],[-46.52722,-23.82649],[-46.52791,-23.82552],[-46.52913,-23.82405],[-46.52976,-23.82371],[-46.52986,-23.82336],[-46.53064,-23.82279],[-46.53268,-23.82287],[-46.53297,-23.82345],[-46.53235,-23.82376],[-46.53237,-23.82409],[-46.53182,-23.82449],[-46.53154,-23.82538],[-46.53181,-23.8272],[-46.53251,-23.82657],[-46.53302,-23.8264],[-46.53371,-23.82703],[-46.53308,-23.82758],[-46.53332,-23.82841],[-46.53323,-23.82928],[-46.53298,-23.82945],[-46.53197,-23.82886],[-46.53165,-23.82806],[-46.53127,-23.82858],[-46.53116,-23.82916],[-46.53053,-23.82967],[-46.53001,-23.82945],[-46.53006,-23.82829],[-46.52926,-23.82909],[-46.52826,-23.82897],[-46.52762,-23.82858],[-46.52763,-23.82942],[-46.52707,-23.83006],[-46.5279,-23.83023],[-46.52749,-23.83069],[-46.52684,-23.83103],[-46.52641,-23.83224],[-46.52702,-23.83416],[-46.52736,-23.83585],[-46.52913,-23.83851],[-46.52961,-23.83965],[-46.5299,-23.8396],[-46.53007,-23.83856],[-46.53046,-23.83815],[-46.53109,-23.83815],[-46.53177,-23.83885],[-46.53211,-23.83871],[-46.53148,-23.83726],[-46.53033,-23.8372],[-46.52973,-23.83682],[-46.52964,-23.83624],[-46.53024,-23.83566],[-46.52944,-23.83524],[-46.52964,-23.83457],[-46.53041,-23.83357],[-46.53125,-23.83297],[-46.53148,-23.83305],[-46.53177,-23.83479],[-46.53208,-23.83564],[-46.532,-23.83593],[-46.533,-23.83674],[-46.5331,-23.83558],[-46.53292,-23.8342],[-46.53404,-23.83328],[-46.53513,-23.8333],[-46.53645,-23.83426],[-46.53663,-23.83488],[-46.53597,-23.83642],[-46.53507,-23.83693],[-46.53528,-23.83787],[-46.5364,-23.83724],[-46.53715,-23.83606],[-46.53783,-23.83597],[-46.53856,-23.83665],[-46.53933,-23.8369],[-46.53941,-23.83746],[-46.53897,-23.83778],[-46.53796,-23.83794],[-46.53757,-23.83766],[-46.53684,-23.8376],[-46.53748,-23.83865],[-46.53816,-23.83899],[-46.53847,-23.83973],[-46.53704,-23.83994],[-46.53635,-23.83946],[-46.53632,-23.83889],[-46.53572,-23.83881],[-46.53547,-23.8391],[-46.53592,-23.84002],[-46.53659,-23.84079],[-46.53749,-23.84078],[-46.5383,-23.84108],[-46.53866,-23.84167],[-46.5377,-23.84245],[-46.53995,-23.8426],[-46.53943,-23.84303],[-46.53893,-23.84302],[-46.53874,-23.84352],[-46.53774,-23.84313],[-46.53682,-23.84308],[-46.53676,-23.8418],[-46.53622,-23.84123],[-46.53642,-23.84081],[-46.53586,-23.84017],[-46.5353,-23.84109],[-46.53493,-23.84108],[-46.53461,-23.84263],[-46.53337,-23.8429],[-46.53301,-23.84284],[-46.53245,-23.84229],[-46.53202,-23.84232],[-46.53015,-23.84346],[-46.53024,-23.84418],[-46.53142,-23.84379],[-46.53193,-23.84439],[-46.53166,-23.84497],[-46.53188,-23.84534],[-46.53242,-23.84509],[-46.53288,-23.84421],[-46.53396,-23.84404],[-46.53512,-23.84429],[-46.53563,-23.84455],[-46.53611,-23.84442],[-46.53674,-23.84519],[-46.53715,-23.84626],[-46.53783,-23.84535],[-46.53856,-23.84503],[-46.53891,-23.84538],[-46.53865,-23.84634],[-46.53819,-23.84697],[-46.5378,-23.84714],[-46.53749,-23.84791],[-46.53817,-23.84784],[-46.53834,-23.84729],[-46.53891,-23.84675],[-46.53998,-23.8463],[-46.54037,-23.84579],[-46.54102,-23.84601],[-46.54098,-23.84656],[-46.54025,-23.84724],[-46.54008,-23.84768],[-46.53947,-23.84801],[-46.53737,-23.84808],[-46.53659,-23.84888],[-46.53579,-23.84896],[-46.53557,-23.84862],[-46.53582,-23.84787],[-46.53562,-23.84726],[-46.53522,-23.84714],[-46.53509,-23.84821],[-46.53482,-23.84874],[-46.53388,-23.84886],[-46.53316,-23.84864],[-46.53316,-23.84797],[-46.53221,-23.84886],[-46.53105,-23.84818],[-46.53057,-23.84814],[-46.53023,-23.84722],[-46.52986,-23.84722],[-46.52924,-23.84768],[-46.52979,-23.84879],[-46.52987,-23.84993],[-46.53081,-23.85017],[-46.5304,-23.85111],[-46.52819,-23.85116],[-46.52916,-23.85177],[-46.52929,-23.85283],[-46.52858,-23.85333],[-46.52786,-23.85346],[-46.52795,-23.85409],[-46.52868,-23.85423],[-46.52832,-23.85517],[-46.5294,-23.85598],[-46.52979,-23.85546],[-46.53076,-23.85459],[-46.53091,-23.85363],[-46.53146,-23.85356],[-46.53156,-23.85295],[-46.53243,-23.85215],[-46.53318,-23.85205],[-46.53349,-23.85246],[-46.53359,-23.85365],[-46.53344,-23.85445],[-46.53461,-23.85419],[-46.53468,-23.85339],[-46.53447,-23.85278],[-46.53482,-23.85167],[-46.53531,-23.85128],[-46.53611,-23.85142],[-46.53625,-23.85203],[-46.53611,-23.85305],[-46.53695,-23.85281],[-46.53737,-23.85206],[-46.53695,-23.85169],[-46.53742,-23.85097],[-46.53802,-23.8515],[-46.53805,-23.85247],[-46.53826,-23.85327],[-46.53923,-23.8543],[-46.53914,-23.85479],[-46.53841,-23.85481],[-46.53798,-23.85521],[-46.53744,-23.855],[-46.53692,-23.85528],[-46.53565,-23.85548],[-46.53553,-23.85598],[-46.53491,-23.85619],[-46.53382,-23.85697],[-46.5332,-23.85799],[-46.53425,-23.85793],[-46.53505,-23.85739],[-46.5358,-23.85712],[-46.53718,-23.85621],[-46.53829,-23.85619],[-46.53847,-23.85688],[-46.5378,-23.85795],[-46.53724,-23.85822],[-46.53654,-23.85796],[-46.53672,-23.85879],[-46.53616,-23.85929],[-46.53551,-23.85878],[-46.53545,-23.8594],[-46.53464,-23.85999],[-46.53473,-23.86024],[-46.53574,-23.86025],[-46.53611,-23.86045],[-46.5362,-23.86112],[-46.53594,-23.86133],[-46.53623,-23.86197],[-46.53572,-23.86276],[-46.53483,-23.86242],[-46.5345,-23.86306],[-46.53367,-23.86298],[-46.53298,-23.86401],[-46.53246,-23.86447],[-46.5324,-23.86524],[-46.53176,-23.86553],[-46.53102,-23.86649],[-46.53024,-23.86702],[-46.53061,-23.86868],[-46.53092,-23.86865],[-46.53122,-23.8675],[-46.53206,-23.86705],[-46.53337,-23.86613],[-46.53345,-23.8658],[-46.53414,-23.86553],[-46.53493,-23.86607],[-46.53557,-23.86632],[-46.53571,-23.86537],[-46.53628,-23.86475],[-46.53631,-23.86421],[-46.53678,-23.86388],[-46.53714,-23.86313],[-46.5378,-23.86339],[-46.53776,-23.86254],[-46.53736,-23.86211],[-46.53765,-23.86165],[-46.53818,-23.86152],[-46.53819,-23.86094],[-46.53787,-23.86046],[-46.53819,-23.8597],[-46.53859,-23.85936],[-46.53949,-23.8595],[-46.54042,-23.86105],[-46.54078,-23.86042],[-46.54009,-23.85922],[-46.53966,-23.85871],[-46.53961,-23.85814],[-46.54044,-23.85776],[-46.54157,-23.85859],[-46.54235,-23.85878],[-46.54225,-23.85791],[-46.54268,-23.85736],[-46.54176,-23.85722],[-46.54124,-23.85681],[-46.54162,-23.85605],[-46.54233,-23.85602],[-46.54303,-23.85552],[-46.54308,-23.85498],[-46.54386,-23.85392],[-46.54363,-23.8531],[-46.54252,-23.85304],[-46.54213,-23.85237],[-46.54172,-23.85293],[-46.54107,-23.85336],[-46.54093,-23.85379],[-46.53908,-23.85338],[-46.53904,-23.85256],[-46.53877,-23.85166],[-46.53894,-23.85091],[-46.53954,-23.8505],[-46.54056,-23.85062],[-46.54098,-23.85114],[-46.54146,-23.85053],[-46.54202,-23.85034],[-46.54228,-23.84956],[-46.54369,-23.84935],[-46.54356,-23.85021],[-46.54405,-23.85116],[-46.54453,-23.85135],[-46.54455,-23.85195],[-46.54393,-23.85285],[-46.5441,-23.85402],[-46.54434,-23.85423],[-46.54443,-23.85575],[-46.54392,-23.8567],[-46.54421,-23.85696],[-46.54514,-23.85622],[-46.54499,-23.85573],[-46.54511,-23.85496],[-46.54497,-23.8537],[-46.54538,-23.85293],[-46.54584,-23.85266],[-46.54637,-23.85366],[-46.54636,-23.85581],[-46.54729,-23.85572],[-46.54828,-23.85625],[-46.54828,-23.85668],[-46.54731,-23.85692],[-46.54634,-23.85731],[-46.54489,-23.85809],[-46.54481,-23.8585],[-46.54598,-23.85821],[-46.54731,-23.85775],[-46.54854,-23.85782],[-46.54866,-23.85835],[-46.54758,-23.85971],[-46.54585,-23.86036],[-46.54627,-23.86055],[-46.54769,-23.86062],[-46.54787,-23.86019],[-46.54914,-23.85916],[-46.54954,-23.85829],[-46.54984,-23.85858],[-46.54919,-23.85961],[-46.5483,-23.86204],[-46.54686,-23.8626],[-46.54643,-23.86307],[-46.54486,-23.86387],[-46.54486,-23.86411],[-46.54584,-23.86425],[-46.54683,-23.86394],[-46.54757,-23.86391],[-46.5484,-23.86345],[-46.54898,-23.86425],[-46.54944,-23.86409],[-46.55004,-23.86117],[-46.55108,-23.86068],[-46.55071,-23.85991],[-46.55111,-23.8594],[-46.55159,-23.85998],[-46.55161,-23.86091],[-46.55181,-23.86146],[-46.55192,-23.86257],[-46.55213,-23.8632],[-46.5519,-23.86435],[-46.55278,-23.86421],[-46.55307,-23.86499],[-46.55285,-23.86542],[-46.55208,-23.86573],[-46.55178,-23.86644],[-46.55099,-23.86644],[-46.5507,-23.86731],[-46.55011,-23.86733],[-46.54971,-23.86699],[-46.55007,-23.86598],[-46.5512,-23.86435],[-46.54949,-23.86545],[-46.54905,-23.86682],[-46.54806,-23.86682],[-46.54798,-23.86612],[-46.54755,-23.86588],[-46.54731,-23.86665],[-46.54668,-23.86677],[-46.54636,-23.8674],[-46.54695,-23.8677],[-46.54777,-23.86762],[-46.54886,-23.86796],[-46.54912,-23.8684],[-46.54912,-23.86902],[-46.5477,-23.86832],[-46.54639,-23.86859],[-46.54625,-23.86895],[-46.5474,-23.86905],[-46.54816,-23.86934],[-46.54859,-23.86995],[-46.54806,-23.87019],[-46.5466,-23.86994],[-46.54629,-23.86929],[-46.54576,-23.87014],[-46.54501,-23.86966],[-46.54501,-23.86886],[-46.54445,-23.86861],[-46.54426,-23.86927],[-46.54389,-23.86966],[-46.54297,-23.86977],[-46.5429,-23.86891],[-46.54073,-23.86822],[-46.54015,-23.86851],[-46.53998,-23.86905],[-46.54038,-23.86956],[-46.54101,-23.86963],[-46.54084,-23.87024],[-46.53963,-23.87026],[-46.53936,-23.87081],[-46.53895,-23.87079],[-46.53878,-23.87016],[-46.5376,-23.87217],[-46.53656,-23.87237],[-46.53661,-23.87314],[-46.53721,-23.87309],[-46.54002,-23.87203],[-46.54069,-23.87203],[-46.54152,-23.87232],[-46.54188,-23.87139],[-46.54235,-23.87104],[-46.54324,-23.87113],[-46.54349,-23.87164],[-46.54343,-23.87248],[-46.54411,-23.87219],[-46.54409,-23.87127],[-46.54476,-23.87115],[-46.54651,-23.87125],[-46.54711,-23.87179],[-46.54699,-23.87214],[-46.54604,-23.87253],[-46.54508,-23.87273],[-46.54491,-23.87335],[-46.5442,-23.87384],[-46.54403,-23.8744],[-46.54343,-23.87503],[-46.54283,-23.8751],[-46.54236,-23.87544],[-46.54278,-23.87578],[-46.54283,-23.8765],[-46.54227,-23.87716],[-46.54176,-23.87679],[-46.54133,-23.87725],[-46.54094,-23.87657],[-46.54079,-23.87575],[-46.54014,-23.87559],[-46.53946,-23.876],[-46.53975,-23.87662],[-46.53936,-23.87687],[-46.539,-23.87774],[-46.53847,-23.87773],[-46.53835,-23.87706],[-46.53803,-23.87682],[-46.53719,-23.87716],[-46.5369,-23.87815],[-46.5376,-23.87984],[-46.5373,-23.8802],[-46.53644,-23.87963],[-46.53624,-23.87991],[-46.53658,-23.88052],[-46.53611,-23.88104],[-46.53179,-23.87704],[-46.52472,-23.86999],[-46.50847,-23.85451],[-46.5067,-23.85277],[-46.50437,-23.85122],[-46.50551,-23.83923],[-46.50004,-23.8335],[-46.5048,-23.82938],[-46.51156,-23.82336],[-46.50851,-23.8131],[-46.50815,-23.81204],[-46.50838,-23.80976],[-46.50858,-23.80877],[-46.50909,-23.80715]]]},"properties":{"codigo":"3548708028","name":"Rio Pequeno","population":20,"households":15,"areaKm2":18.8687,"density":1.1}},{"type":"Feature","geometry":{"type":"Polygon","coordinates":[[[-46.58874,-23.83906],[-46.5891,-23.84262],[-46.58998,-23.84482],[-46.58995,-23.84552],[-46.58901,-23.84799],[-46.58838,-23.84805],[-46.588,-23.84864],[-46.58799,-23.84917],[-46.58874,-23.85018],[-46.58871,-23.85051],[-46.58805,-23.85231],[-46.58708,-23.85396],[-46.58643,-23.85385],[-46.58542,-23.8554],[-46.58546,-23.85657],[-46.58594,-23.85719],[-46.58576,-23.85796],[-46.58532,-23.85891],[-46.58397,-23.86015],[-46.58412,-23.86086],[-46.58382,-23.86205],[-46.58345,-23.86263],[-46.58387,-23.86393],[-46.58223,-23.86519],[-46.58229,-23.86619],[-46.58206,-23.86715],[-46.58337,-23.86778],[-46.5844,-23.86849],[-46.58416,-23.87027],[-46.58355,-23.87181],[-46.58401,-23.87316],[-46.58377,-23.87413],[-46.58428,-23.87551],[-46.58605,-23.87621],[-46.58763,-23.87729],[-46.58874,-23.87778],[-46.59027,-23.879],[-46.59407,-23.88101],[-46.59459,-23.8809],[-46.5972,-23.88267],[-46.59982,-23.88429],[-46.60009,-23.88515],[-46.60006,-23.8858],[-46.60034,-23.88723],[-46.60099,-23.88817],[-46.60073,-23.88889],[-46.60086,-23.88946],[-46.60149,-23.89009],[-46.60195,-23.89023],[-46.60141,-23.89082],[-46.60126,-23.89133],[-46.60177,-23.89163],[-46.60167,-23.89254],[-46.60085,-23.89341],[-46.59968,-23.89342],[-46.59825,-23.89366],[-46.59759,-23.89395],[-46.597,-23.89389],[-46.5966,-23.89421],[-46.59624,-23.89541],[-46.59567,-23.895],[-46.59483,-23.89512],[-46.59451,-23.89469],[-46.59441,-23.89364],[-46.59362,-23.89315],[-46.59255,-23.89334],[-46.59203,-23.89427],[-46.59076,-23.89378],[-46.58957,-23.89423],[-46.58707,-23.89349],[-46.58539,-23.89389],[-46.58485,-23.89364],[-46.58322,-23.89448],[-46.58132,-23.89439],[-46.57949,-23.89502],[-46.57779,-23.89539],[-46.57659,-23.89617],[-46.57602,-23.89617],[-46.57495,-23.8958],[-46.57422,-23.89481],[-46.57369,-23.89457],[-46.57285,-23.89336],[-46.57223,-23.89176],[-46.57137,-23.89023],[-46.57129,-23.88925],[-46.57047,-23.88778],[-46.56944,-23.88748],[-46.56921,-23.88709],[-46.56835,-23.88657],[-46.56656,-23.88742],[-46.56599,-23.8874],[-46.56721,-23.88387],[-46.56291,-23.879],[-46.56234,-23.8786],[-46.55662,-23.87884],[-46.55593,-23.87964],[-46.55456,-23.88426],[-46.55385,-23.8856],[-46.55304,-23.88578],[-46.55262,-23.88561],[-46.54727,-23.8811],[-46.54739,-23.88063],[-46.54678,-23.87988],[-46.54602,-23.87963],[-46.54659,-23.87886],[-46.54608,-23.87839],[-46.54695,-23.87733],[-46.54782,-23.87744],[-46.54886,-23.87677],[-46.54918,-23.87577],[-46.54806,-23.87521],[-46.54744,-23.87464],[-46.5485,-23.87447],[-46.54753,-23.87385],[-46.54814,-23.87332],[-46.5492,-23.87371],[-46.55012,-23.87315],[-46.54925,-23.87281],[-46.54889,-23.87246],[-46.54913,-23.87177],[-46.5486,-23.87144],[-46.54944,-23.87102],[-46.54954,-23.87049],[-46.55031,-23.86934],[-46.55075,-23.86938],[-46.55119,-23.8701],[-46.55163,-23.87221],[-46.55163,-23.873],[-46.55125,-23.87349],[-46.55136,-23.8743],[-46.55048,-23.87496],[-46.55079,-23.87531],[-46.55176,-23.87499],[-46.5517,-23.87567],[-46.55307,-23.8771],[-46.55381,-23.8776],[-46.55384,-23.87677],[-46.55327,-23.8758],[-46.55331,-23.87518],[-46.55281,-23.87449],[-46.55302,-23.87337],[-46.55239,-23.87312],[-46.55273,-23.87207],[-46.55247,-23.87015],[-46.55283,-23.86854],[-46.55362,-23.86781],[-46.55384,-23.86826],[-46.55379,-23.87032],[-46.55317,-23.87185],[-46.55394,-23.87254],[-46.55396,-23.87181],[-46.55474,-23.8714],[-46.55538,-23.87036],[-46.55581,-23.87007],[-46.55499,-23.86972],[-46.55534,-23.86915],[-46.55483,-23.86841],[-46.55496,-23.86781],[-46.55561,-23.86677],[-46.55623,-23.86678],[-46.55649,-23.86719],[-46.5575,-23.86714],[-46.55801,-23.86809],[-46.55841,-23.8685],[-46.55785,-23.86994],[-46.55748,-23.87029],[-46.55646,-23.87058],[-46.556,-23.87107],[-46.55622,-23.8714],[-46.55765,-23.87141],[-46.55802,-23.87173],[-46.55805,-23.87244],[-46.55674,-23.87257],[-46.55648,-23.87296],[-46.55644,-23.87387],[-46.55603,-23.87481],[-46.55619,-23.87557],[-46.55724,-23.87636],[-46.55733,-23.87671],[-46.55684,-23.87805],[-46.55719,-23.87834],[-46.5618,-23.87828],[-46.56237,-23.87789],[-46.56337,-23.87815],[-46.56371,-23.87788],[-46.56222,-23.87691],[-46.5619,-23.87587],[-46.56331,-23.87632],[-46.56456,-23.87615],[-46.56469,-23.87595],[-46.56352,-23.87493],[-46.56275,-23.87477],[-46.56188,-23.87481],[-46.56127,-23.87421],[-46.56118,-23.87373],[-46.56202,-23.87382],[-46.5619,-23.87257],[-46.56244,-23.87211],[-46.56236,-23.87107],[-46.56151,-23.87075],[-46.56185,-23.86981],[-46.56279,-23.86973],[-46.56325,-23.87021],[-46.56384,-23.87044],[-46.56415,-23.87138],[-46.56461,-23.87121],[-46.56475,-23.87077],[-46.56568,-23.86969],[-46.56611,-23.86997],[-46.56776,-23.86859],[-46.56793,-23.86807],[-46.56773,-23.86733],[-46.56672,-23.86656],[-46.56698,-23.86571],[-46.56682,-23.86436],[-46.5663,-23.86521],[-46.5657,-23.86554],[-46.56524,-23.8666],[-46.56451,-23.86668],[-46.56406,-23.86623],[-46.56404,-23.86565],[-46.56423,-23.86417],[-46.56354,-23.86443],[-46.56238,-23.864],[-46.5621,-23.86438],[-46.56221,-23.86526],[-46.56151,-23.86482],[-46.56008,-23.86508],[-46.55979,-23.86468],[-46.5608,-23.86404],[-46.56051,-23.86347],[-46.559,-23.86317],[-46.55818,-23.86311],[-46.55789,-23.86285],[-46.55799,-23.86227],[-46.55842,-23.86139],[-46.55855,-23.86063],[-46.55781,-23.86107],[-46.55725,-23.86225],[-46.55674,-23.86212],[-46.5558,-23.86085],[-46.55646,-23.85865],[-46.55678,-23.85838],[-46.55777,-23.85877],[-46.55786,-23.8594],[-46.55851,-23.85923],[-46.55866,-23.85871],[-46.5597,-23.85869],[-46.56056,-23.85943],[-46.56121,-23.85966],[-46.56174,-23.86024],[-46.56268,-23.85996],[-46.56383,-23.86026],[-46.56442,-23.8601],[-46.56527,-23.8603],[-46.56624,-23.86103],[-46.56683,-23.86048],[-46.56629,-23.86003],[-46.56598,-23.85928],[-46.56665,-23.85823],[-46.56605,-23.85825],[-46.56555,-23.85881],[-46.56519,-23.85954],[-46.5646,-23.85936],[-46.56371,-23.85849],[-46.56339,-23.85761],[-46.56288,-23.8582],[-46.56187,-23.85776],[-46.56143,-23.85704],[-46.56092,-23.85668],[-46.55911,-23.8568],[-46.55885,-23.85632],[-46.55918,-23.855],[-46.55866,-23.85502],[-46.55806,-23.85651],[-46.55771,-23.85668],[-46.55676,-23.85629],[-46.5559,-23.85471],[-46.55572,-23.85551],[-46.55506,-23.85523],[-46.5538,-23.85417],[-46.55326,-23.85303],[-46.55328,-23.85269],[-46.55406,-23.8522],[-46.55541,-23.85237],[-46.55551,-23.85334],[-46.55605,-23.85304],[-46.5561,-23.85215],[-46.55665,-23.85186],[-46.55754,-23.85173],[-46.5576,-23.85127],[-46.55825,-23.85099],[-46.55974,-23.85096],[-46.56067,-23.85188],[-46.56127,-23.85126],[-46.5625,-23.85138],[-46.56371,-23.85112],[-46.56344,-23.85071],[-46.56123,-23.8498],[-46.56016,-23.85],[-46.55931,-23.84974],[-46.55886,-23.84812],[-46.55846,-23.84807],[-46.55786,-23.84941],[-46.55728,-23.84885],[-46.55636,-23.84955],[-46.55496,-23.84996],[-46.55438,-23.85073],[-46.55365,-23.8504],[-46.55326,-23.8507],[-46.55253,-23.85046],[-46.55256,-23.85012],[-46.55205,-23.84966],[-46.55142,-23.84977],[-46.55092,-23.84936],[-46.5507,-23.84878],[-46.55103,-23.84723],[-46.54976,-23.84754],[-46.54902,-23.84729],[-46.54932,-23.84651],[-46.54922,-23.84581],[-46.55096,-23.84587],[-46.55214,-23.84637],[-46.55292,-23.84699],[-46.55391,-23.84712],[-46.55418,-23.8468],[-46.55258,-23.8459],[-46.55156,-23.84498],[-46.55156,-23.84464],[-46.55283,-23.84353],[-46.55266,-23.8428],[-46.55132,-23.8436],[-46.55074,-23.84426],[-46.55014,-23.84436],[-46.54968,-23.84404],[-46.55002,-23.84332],[-46.54941,-23.84297],[-46.54866,-23.8437],[-46.54758,-23.84344],[-46.5466,-23.84351],[-46.54626,-23.84243],[-46.54638,-23.84208],[-46.54755,-23.84128],[-46.54752,-23.83967],[-46.54677,-23.84061],[-46.54583,-23.84095],[-46.54555,-23.84125],[-46.54458,-23.84111],[-46.5439,-23.84085],[-46.54359,-23.84015],[-46.54522,-23.84024],[-46.54498,-23.83992],[-46.54329,-23.83846],[-46.54345,-23.83772],[-46.54401,-23.83736],[-46.54411,-23.83619],[-46.54431,-23.83564],[-46.54387,-23.83447],[-46.54298,-23.83426],[-46.54234,-23.83389],[-46.54215,-23.83324],[-46.54161,-23.8338],[-46.54103,-23.83383],[-46.54051,-23.83307],[-46.54054,-23.8326],[-46.5393,-23.83127],[-46.539,-23.83076],[-46.53919,-23.83],[-46.53902,-23.82831],[-46.53763,-23.82915],[-46.53709,-23.82911],[-46.53688,-23.82839],[-46.53748,-23.82784],[-46.53859,-23.82756],[-46.53934,-23.82773],[-46.54035,-23.82729],[-46.542,-23.8282],[-46.54262,-23.82831],[-46.54395,-23.82925],[-46.54526,-23.83069],[-46.54562,-23.8318],[-46.5462,-23.83196],[-46.54698,-23.8332],[-46.54794,-23.83423],[-46.54801,-23.83487],[-46.54854,-23.83512],[-46.54912,-23.8359],[-46.54876,-23.83691],[-46.54934,-23.83697],[-46.54971,-23.83618],[-46.55046,-23.83502],[-46.5497,-23.83433],[-46.54952,-23.83394],[-46.5487,-23.83326],[-46.54857,-23.83195],[-46.54807,-23.83192],[-46.54724,-23.83076],[-46.54719,-23.83022],[-46.5475,-23.8299],[-46.54851,-23.8299],[-46.54781,-23.82843],[-46.54682,-23.82907],[-46.54619,-23.82907],[-46.54533,-23.82771],[-46.54611,-23.82697],[-46.54771,-23.82634],[-46.54778,-23.82581],[-46.5472,-23.82579],[-46.54667,-23.82611],[-46.54544,-23.8262],[-46.5449,-23.82656],[-46.54398,-23.82676],[-46.54362,-23.82667],[-46.54344,-23.82579],[-46.54276,-23.82619],[-46.54242,-23.82556],[-46.54397,-23.82524],[-46.54467,-23.82468],[-46.54416,-23.82429],[-46.54277,-23.82442],[-46.54256,-23.8239],[-46.5418,-23.82432],[-46.54156,-23.82366],[-46.54236,-23.82284],[-46.54299,-23.82262],[-46.5437,-23.82139],[-46.54396,-23.82025],[-46.54272,-23.82102],[-46.54124,-23.82248],[-46.54036,-23.82268],[-46.54088,-23.82128],[-46.54119,-23.82098],[-46.54211,-23.82085],[-46.54129,-23.81998],[-46.5414,-23.81965],[-46.54286,-23.81913],[-46.54302,-23.81845],[-46.54235,-23.8187],[-46.54182,-23.8183],[-46.54296,-23.81711],[-46.54261,-23.81675],[-46.54109,-23.81747],[-46.54111,-23.8168],[-46.54083,-23.81618],[-46.54114,-23.81514],[-46.54182,-23.81469],[-46.54111,-23.81437],[-46.54115,-23.81364],[-46.54182,-23.81361],[-46.54154,-23.81275],[-46.5429,-23.81224],[-46.54251,-23.81186],[-46.54072,-23.81172],[-46.54055,-23.81128],[-46.54111,-23.81084],[-46.54238,-23.81037],[-46.54383,-23.80913],[-46.54473,-23.80984],[-46.5455,-23.80927],[-46.54596,-23.80867],[-46.54698,-23.80867],[-46.54784,-23.80889],[-46.54789,-23.80949],[-46.546,-23.81297],[-46.54655,-23.81266],[-46.54791,-23.81113],[-46.54883,-23.80976],[-46.54919,-23.8095],[-46.55012,-23.80953],[-46.55055,-23.81002],[-46.55163,-23.80994],[-46.55204,-23.81012],[-46.55269,-23.81106],[-46.55246,-23.81184],[-46.55256,-23.81266],[-46.55172,-23.8137],[-46.55131,-23.81369],[-46.55075,-23.81411],[-46.55085,-23.8148],[-46.55053,-23.81515],[-46.54988,-23.81525],[-46.54981,-23.81594],[-46.5494,-23.81654],[-46.54904,-23.81793],[-46.54945,-23.81798],[-46.55035,-23.81732],[-46.55098,-23.81636],[-46.55205,-23.81516],[-46.55306,-23.81419],[-46.55369,-23.8139],[-46.55439,-23.81397],[-46.55505,-23.81458],[-46.55508,-23.81555],[-46.55476,-23.81599],[-46.55507,-23.81641],[-46.55481,-23.81681],[-46.554,-23.81696],[-46.55309,-23.81739],[-46.55236,-23.81842],[-46.55228,-23.81931],[-46.55286,-23.81931],[-46.55337,-23.81828],[-46.5538,-23.81788],[-46.55441,-23.81773],[-46.55506,-23.81814],[-46.55535,-23.81797],[-46.55601,-23.81826],[-46.55616,-23.81878],[-46.55593,-23.82011],[-46.55556,-23.82078],[-46.55484,-23.82082],[-46.55476,-23.82167],[-46.55334,-23.82284],[-46.55404,-23.82304],[-46.55511,-23.82284],[-46.55564,-23.82211],[-46.55652,-23.82157],[-46.55686,-23.82195],[-46.55681,-23.82249],[-46.55636,-23.8229],[-46.55612,-23.82354],[-46.55565,-23.82394],[-46.55566,-23.82469],[-46.55635,-23.82486],[-46.55672,-23.82468],[-46.55703,-23.82383],[-46.55784,-23.82292],[-46.55861,-23.82328],[-46.55863,-23.82433],[-46.55833,-23.82491],[-46.55828,-23.82614],[-46.55872,-23.82731],[-46.55866,-23.82795],[-46.55892,-23.82896],[-46.55938,-23.82954],[-46.5598,-23.83023],[-46.56065,-23.83099],[-46.56169,-23.83153],[-46.56325,-23.83265],[-46.56372,-23.83317],[-46.56428,-23.83438],[-46.56504,-23.83556],[-46.56623,-23.83644],[-46.56775,-23.83622],[-46.56932,-23.83543],[-46.57052,-23.83525],[-46.5712,-23.83542],[-46.57236,-23.83594],[-46.57343,-23.8367],[-46.57436,-23.83708],[-46.57533,-23.83674],[-46.57587,-23.83694],[-46.57733,-23.83802],[-46.57917,-23.83845],[-46.58027,-23.83916],[-46.58136,-23.83895],[-46.582,-23.83849],[-46.58367,-23.83792],[-46.58468,-23.83829],[-46.58531,-23.83767],[-46.58587,-23.83748],[-46.58677,-23.83803],[-46.58738,-23.83856],[-46.58751,-23.83906],[-46.58874,-23.83906]]]},"properties":{"codigo":"3548708030","name":"Capivari","population":2073,"households":1047,"areaKm2":24.7761,"density":83.7}},{"type":"Feature","geometry":{"type":"Polygon","coordinates":[[[-46.60326,-23.84445],[-46.60192,-23.84504],[-46.60133,-23.8448],[-46.60062,-23.84419],[-46.59931,-23.8442],[-46.59824,-23.84483],[-46.59772,-23.84483],[-46.59691,-23.84448],[-46.59332,-23.84246],[-46.59303,-23.84195],[-46.59177,-23.84096],[-46.59168,-23.84039],[-46.59125,-23.84],[-46.59143,-23.83969],[-46.59803,-23.8427],[-46.59997,-23.84238],[-46.60078,-23.84215],[-46.60194,-23.84254],[-46.60243,-23.8435],[-46.60291,-23.84351],[-46.60326,-23.84445]]]},"properties":{"codigo":"3548708036","name":"Santa Cruz","population":2045,"households":778,"areaKm2":0.2505,"density":8163.9}},{"type":"Feature","geometry":{"type":"Polygon","coordinates":[[[-46.53244,-23.78504],[-46.53354,-23.78484],[-46.53455,-23.78447],[-46.53471,-23.78386],[-46.53676,-23.78335],[-46.53766,-23.78277],[-46.53799,-23.78227],[-46.53945,-23.78133],[-46.54072,-23.7809],[-46.54136,-23.7814],[-46.54155,-23.78204],[-46.54209,-23.78264],[-46.54153,-23.78353],[-46.54253,-23.78382],[-46.54333,-23.78459],[-46.54337,-23.78584],[-46.543,-23.78625],[-46.5421,-23.78663],[-46.54189,-23.78693],[-46.54221,-23.7874],[-46.54215,-23.78822],[-46.54175,-23.78866],[-46.54039,-23.78926],[-46.53894,-23.78938],[-46.53853,-23.78994],[-46.53896,-23.79038],[-46.54035,-23.79016],[-46.54145,-23.79013],[-46.54206,-23.79052],[-46.54226,-23.79161],[-46.54237,-23.79374],[-46.5429,-23.79295],[-46.54327,-23.79157],[-46.5439,-23.79144],[-46.54428,-23.79111],[-46.54386,-23.79043],[-46.54383,-23.78983],[-46.54441,-23.78889],[-46.54488,-23.78868],[-46.54528,-23.78626],[-46.54581,-23.78568],[-46.54654,-23.78538],[-46.54681,-23.78583],[-46.54588,-23.78733],[-46.54612,-23.78801],[-46.54709,-23.78715],[-46.5482,-23.78746],[-46.54832,-23.78705],[-46.54801,-23.78579],[-46.54848,-23.78531],[-46.54994,-23.78532],[-46.55035,-23.78561],[-46.55049,-23.78612],[-46.55018,-23.78688],[-46.55051,-23.78751],[-46.55008,-23.78854],[-46.55071,-23.78832],[-46.55171,-23.78589],[-46.55277,-23.78552],[-46.55368,-23.78602],[-46.55326,-23.78745],[-46.55389,-23.7876],[-46.55425,-23.78837],[-46.55416,-23.78913],[-46.55339,-23.79066],[-46.55306,-23.79154],[-46.55306,-23.79221],[-46.55341,-23.79227],[-46.55431,-23.79094],[-46.55492,-23.79059],[-46.55558,-23.78943],[-46.55641,-23.78929],[-46.55576,-23.7885],[-46.55576,-23.78795],[-46.55726,-23.78747],[-46.55678,-23.78644],[-46.5571,-23.78609],[-46.55803,-23.78603],[-46.55864,-23.78639],[-46.55911,-23.78637],[-46.55929,-23.78531],[-46.55985,-23.78505],[-46.5609,-23.78504],[-46.5616,-23.78555],[-46.56264,-23.78483],[-46.56445,-23.78472],[-46.5654,-23.7852],[-46.56554,-23.78573],[-46.56531,-23.78714],[-46.56588,-23.7869],[-46.56701,-23.7855],[-46.56781,-23.78529],[-46.56877,-23.78567],[-46.56875,-23.78676],[-46.56894,-23.78735],[-46.56894,-23.7883],[-46.56859,-23.7888],[-46.56858,-23.7901],[-46.56742,-23.7905],[-46.56704,-23.79077],[-46.56613,-23.79098],[-46.56542,-23.79045],[-46.56529,-23.79131],[-46.56435,-23.79121],[-46.56314,-23.79196],[-46.56227,-23.79182],[-46.5621,-23.79136],[-46.56163,-23.79111],[-46.56123,-23.79159],[-46.56195,-23.79268],[-46.56177,-23.79319],[-46.56097,-23.79328],[-46.56038,-23.79291],[-46.56034,-23.79357],[-46.55935,-23.7943],[-46.55887,-23.79421],[-46.55855,-23.79365],[-46.55818,-23.79446],[-46.55713,-23.79466],[-46.55682,-23.79424],[-46.55551,-23.79421],[-46.55478,-23.79448],[-46.55578,-23.79486],[-46.55657,-23.79533],[-46.55687,-23.79576],[-46.55641,-23.79657],[-46.55709,-23.7965],[-46.55796,-23.79547],[-46.55952,-23.79545],[-46.55989,-23.79587],[-46.55873,-23.79649],[-46.55869,-23.79692],[-46.55817,-23.79727],[-46.55726,-23.79842],[-46.55668,-23.79888],[-46.55697,-23.79923],[-46.55755,-23.79897],[-46.55813,-23.79915],[-46.55839,-23.79963],[-46.55744,-23.80095],[-46.55734,-23.80163],[-46.55637,-23.80221],[-46.55582,-23.80228],[-46.5554,-23.80184],[-46.55491,-23.8018],[-46.55338,-23.80314],[-46.55424,-23.80037],[-46.55441,-23.79908],[-46.55415,-23.79899],[-46.55377,-23.80004],[-46.55333,-23.8007],[-46.55308,-23.80151],[-46.55249,-23.80184],[-46.55199,-23.80144],[-46.55191,-23.8002],[-46.55153,-23.79961],[-46.5501,-23.79979],[-46.55019,-23.8001],[-46.55084,-23.80034],[-46.55112,-23.80096],[-46.55054,-23.80204],[-46.54871,-23.80278],[-46.54832,-23.80249],[-46.54771,-23.803],[-46.54716,-23.80262],[-46.54636,-23.80125],[-46.5463,-23.80057],[-46.54652,-23.8],[-46.54602,-23.79972],[-46.54517,-23.80147],[-46.5457,-23.80206],[-46.54596,-23.80317],[-46.54677,-23.80394],[-46.5484,-23.80474],[-46.54898,-23.80523],[-46.54892,-23.80568],[-46.54831,-23.80574],[-46.5474,-23.8055],[-46.54635,-23.80408],[-46.54539,-23.80387],[-46.54478,-23.80339],[-46.54462,-23.80284],[-46.54347,-23.80262],[-46.54355,-23.80323],[-46.54306,-23.80414],[-46.54282,-23.80493],[-46.54233,-23.80514],[-46.54161,-23.80502],[-46.54004,-23.80387],[-46.53983,-23.80343],[-46.5398,-23.80251],[-46.54001,-23.80236],[-46.54032,-23.8009],[-46.53984,-23.80069],[-46.53924,-23.80142],[-46.53888,-23.80272],[-46.53858,-23.80318],[-46.53885,-23.80408],[-46.5387,-23.80538],[-46.53853,-23.80566],[-46.53758,-23.80619],[-46.53699,-23.80578],[-46.5369,-23.80485],[-46.53707,-23.8037],[-46.53756,-23.80282],[-46.53752,-23.80134],[-46.53721,-23.80124],[-46.53648,-23.80196],[-46.53637,-23.80314],[-46.53606,-23.80349],[-46.53581,-23.80447],[-46.53582,-23.80508],[-46.53539,-23.806],[-46.53505,-23.80615],[-46.53344,-23.80595],[-46.5332,-23.80548],[-46.5336,-23.80473],[-46.53411,-23.8043],[-46.53356,-23.80356],[-46.53397,-23.80278],[-46.53428,-23.8026],[-46.53466,-23.80177],[-46.53465,-23.80115],[-46.53357,-23.80204],[-46.53273,-23.80228],[-46.53236,-23.80148],[-46.53178,-23.80075],[-46.53216,-23.79939],[-46.53141,-23.79842],[-46.53173,-23.79715],[-46.53158,-23.79661],[-46.53044,-23.79715],[-46.52972,-23.79719],[-46.52893,-23.79652],[-46.52867,-23.79566],[-46.52879,-23.79484],[-46.53015,-23.79358],[-46.53126,-23.79298],[-46.53215,-23.79274],[-46.5333,-23.79196],[-46.53259,-23.79111],[-46.53116,-23.78895],[-46.5294,-23.78758],[-46.53048,-23.78672],[-46.53132,-23.78637],[-46.53209,-23.78561],[-46.53244,-23.78504]]]},"properties":{"codigo":"3548708025","name":"Dos Finco","population":10163,"households":4293,"areaKm2":5.8674,"density":1732.1}},{"type":"Feature","geometry":{"type":"MultiPolygon","coordinates":[[[[-46.53173,-23.79715],[-46.53121,-23.7978],[-46.53066,-23.79951],[-46.53027,-23.80005],[-46.52915,-23.79974],[-46.52854,-23.79913],[-46.52858,-23.79862],[-46.52744,-23.79862],[-46.52618,-23.79772],[-46.52604,-23.79799],[-46.52772,-23.79974],[-46.52844,-23.80102],[-46.5291,-23.80126],[-46.52916,-23.80194],[-46.52972,-23.8016],[-46.53022,-23.80177],[-46.53073,-23.80273],[-46.53026,-23.80337],[-46.53118,-23.80373],[-46.53145,-23.80459],[-46.53203,-23.80552],[-46.53091,-23.8066],[-46.52985,-23.80665],[-46.52899,-23.80613],[-46.52847,-23.8063],[-46.52867,-23.80683],[-46.5281,-23.80694],[-46.52777,-23.80663],[-46.52664,-23.80648],[-46.52679,-23.80567],[-46.52763,-23.8048],[-46.52707,-23.80439],[-46.52586,-23.80517],[-46.52487,-23.80498],[-46.52462,-23.80576],[-46.52428,-23.80601],[-46.52347,-23.80598],[-46.52363,-23.80535],[-46.52473,-23.80371],[-46.52495,-23.80283],[-46.52526,-23.80256],[-46.52522,-23.80201],[-46.52488,-23.80135],[-46.52456,-23.80241],[-46.52402,-23.80307],[-46.52315,-23.80315],[-46.52324,-23.804],[-46.52252,-23.80475],[-46.52128,-23.80496],[-46.52102,-23.80481],[-46.52117,-23.80377],[-46.52147,-23.80299],[-46.52031,-23.80328],[-46.52019,-23.80221],[-46.52054,-23.80195],[-46.52037,-23.80134],[-46.52066,-23.80084],[-46.52144,-23.80034],[-46.52118,-23.80007],[-46.52175,-23.79776],[-46.52123,-23.79831],[-46.52051,-23.79948],[-46.51964,-23.80063],[-46.51903,-23.80104],[-46.51812,-23.80027],[-46.51803,-23.79879],[-46.51854,-23.79718],[-46.5192,-23.79646],[-46.51847,-23.79645],[-46.51807,-23.79752],[-46.51778,-23.79759],[-46.51776,-23.79881],[-46.51762,-23.80004],[-46.51703,-23.80034],[-46.51796,-23.80167],[-46.51789,-23.80245],[-46.51755,-23.80351],[-46.5162,-23.80318],[-46.51594,-23.80344],[-46.51512,-23.80305],[-46.51438,-23.80291],[-46.51384,-23.80237],[-46.51305,-23.80285],[-46.51266,-23.80264],[-46.51244,-23.802],[-46.51254,-23.80135],[-46.51296,-23.80093],[-46.51412,-23.80022],[-46.51425,-23.79931],[-46.5137,-23.7993],[-46.5132,-23.80006],[-46.5119,-23.8004],[-46.51186,-23.7995],[-46.51206,-23.79816],[-46.51172,-23.79789],[-46.5112,-23.79834],[-46.51124,-23.79898],[-46.51073,-23.8018],[-46.51088,-23.80314],[-46.51117,-23.80401],[-46.51084,-23.80543],[-46.51031,-23.80516],[-46.50992,-23.80452],[-46.51027,-23.80281],[-46.51071,-23.79918],[-46.51093,-23.79769],[-46.51128,-23.79678],[-46.51175,-23.79603],[-46.51328,-23.79456],[-46.51639,-23.79191],[-46.52235,-23.7867],[-46.52355,-23.78569],[-46.51909,-23.78104],[-46.51866,-23.7809],[-46.51936,-23.78018],[-46.52009,-23.77981],[-46.52152,-23.77987],[-46.52263,-23.78086],[-46.52328,-23.78044],[-46.52304,-23.77956],[-46.52322,-23.77883],[-46.52357,-23.77859],[-46.52429,-23.77896],[-46.52467,-23.77879],[-46.52448,-23.77813],[-46.52463,-23.77721],[-46.52567,-23.77642],[-46.52753,-23.77589],[-46.5292,-23.77486],[-46.53002,-23.77488],[-46.53012,-23.77569],[-46.53069,-23.77618],[-46.53145,-23.77595],[-46.53351,-23.7767],[-46.53372,-23.77748],[-46.53332,-23.77839],[-46.53379,-23.77969],[-46.53432,-23.77958],[-46.53484,-23.77866],[-46.53533,-23.77824],[-46.53605,-23.77863],[-46.5372,-23.78056],[-46.53719,-23.78109],[-46.53621,-23.78187],[-46.53505,-23.78236],[-46.53331,-23.78398],[-46.53278,-23.78415],[-46.53244,-23.78504],[-46.53209,-23.78561],[-46.53132,-23.78637],[-46.53048,-23.78672],[-46.5294,-23.78758],[-46.53116,-23.78895],[-46.53259,-23.79111],[-46.5333,-23.79196],[-46.53215,-23.79274],[-46.53126,-23.79298],[-46.53015,-23.79358],[-46.52879,-23.79484],[-46.52867,-23.79566],[-46.52893,-23.79652],[-46.52972,-23.79719],[-46.53044,-23.79715],[-46.53158,-23.79661],[-46.53173,-23.79715]]],[[[-46.51057,-23.77282],[-46.5112,-23.77297],[-46.51132,-23.77414],[-46.5125,-23.7732],[-46.51327,-23.77292],[-46.51476,-23.77211],[-46.51547,-23.77131],[-46.51565,-23.77042],[-46.51668,-23.76887],[-46.51742,-23.769],[-46.51793,-23.76938],[-46.51931,-23.7695],[-46.52028,-23.77021],[-46.52127,-23.77046],[-46.52212,-23.77212],[-46.52214,-23.77275],[-46.5215,-23.77416],[-46.52298,-23.77377],[-46.52342,-23.77389],[-46.52356,-23.77453],[-46.52341,-23.7752],[-46.52257,-23.77659],[-46.5224,-23.77739],[-46.52115,-23.77727],[-46.52047,-23.77734],[-46.51908,-23.77792],[-46.51771,-23.77829],[-46.51441,-23.77856],[-46.50946,-23.77902],[-46.50851,-23.77918],[-46.50671,-23.77997],[-46.50628,-23.78052],[-46.50623,-23.78099],[-46.50486,-23.78101],[-46.50352,-23.78248],[-46.50277,-23.78219],[-46.50259,-23.78185],[-46.5058,-23.77812],[-46.50887,-23.77522],[-46.51027,-23.77411],[-46.51057,-23.77282]]]]},"properties":{"codigo":"3548708024","name":"Rio Grande","population":6943,"households":2874,"areaKm2":5.6656,"density":1225.5}},{"type":"Feature","geometry":{"type":"Polygon","coordinates":[[[-46.47141,-23.7738],[-46.47224,-23.77347],[-46.47359,-23.77312],[-46.47446,-23.77253],[-46.47479,-23.77163],[-46.47544,-23.77171],[-46.4762,-23.77002],[-46.47645,-23.76886],[-46.47749,-23.76798],[-46.47748,-23.76731],[-46.47785,-23.76668],[-46.47883,-23.76608],[-46.47966,-23.76595],[-46.48079,-23.76628],[-46.48199,-23.76521],[-46.48292,-23.76497],[-46.48355,-23.76512],[-46.4837,-23.76657],[-46.48314,-23.76727],[-46.48322,-23.76824],[-46.48303,-23.7687],[-46.48333,-23.76942],[-46.48261,-23.76981],[-46.48339,-23.77095],[-46.48315,-23.77173],[-46.4835,-23.7737],[-46.48346,-23.77456],[-46.48312,-23.77587],[-46.48366,-23.77596],[-46.48437,-23.77502],[-46.48518,-23.77458],[-46.48541,-23.77395],[-46.48487,-23.77337],[-46.48514,-23.77227],[-46.48469,-23.77162],[-46.4848,-23.77004],[-46.48462,-23.76954],[-46.48531,-23.76876],[-46.48605,-23.76867],[-46.48756,-23.76923],[-46.48673,-23.76797],[-46.48545,-23.76795],[-46.48506,-23.76734],[-46.48513,-23.76623],[-46.48567,-23.76507],[-46.48603,-23.76477],[-46.48703,-23.76444],[-46.4874,-23.76393],[-46.48819,-23.7637],[-46.48951,-23.76309],[-46.49052,-23.76307],[-46.49217,-23.76359],[-46.49369,-23.76455],[-46.49404,-23.7652],[-46.49524,-23.76631],[-46.49603,-23.76769],[-46.4956,-23.76896],[-46.49532,-23.76915],[-46.49536,-23.77001],[-46.49471,-23.77026],[-46.49466,-23.77143],[-46.49413,-23.77273],[-46.49447,-23.77331],[-46.49489,-23.7727],[-46.49527,-23.77097],[-46.49593,-23.77074],[-46.49611,-23.77021],[-46.49742,-23.76936],[-46.4978,-23.76841],[-46.49889,-23.76773],[-46.50049,-23.76771],[-46.50091,-23.76798],[-46.50144,-23.76955],[-46.50416,-23.76994],[-46.50455,-23.77033],[-46.50509,-23.77129],[-46.50512,-23.7725],[-46.50588,-23.77208],[-46.5066,-23.77192],[-46.50761,-23.77212],[-46.50874,-23.77279],[-46.50909,-23.77355],[-46.50964,-23.77307],[-46.51057,-23.77282],[-46.51027,-23.77411],[-46.50887,-23.77522],[-46.5058,-23.77812],[-46.50259,-23.78185],[-46.50277,-23.78219],[-46.50352,-23.78248],[-46.50486,-23.78101],[-46.50623,-23.78099],[-46.50628,-23.78052],[-46.50671,-23.77997],[-46.50851,-23.77918],[-46.50946,-23.77902],[-46.51441,-23.77856],[-46.51403,-23.77884],[-46.51225,-23.77902],[-46.51011,-23.77912],[-46.5111,-23.77985],[-46.51085,-23.78078],[-46.51027,-23.78175],[-46.51055,-23.78186],[-46.51114,-23.7814],[-46.51135,-23.78083],[-46.51199,-23.78031],[-46.51275,-23.78008],[-46.51407,-23.78027],[-46.5146,-23.78065],[-46.51603,-23.7804],[-46.51693,-23.78101],[-46.51708,-23.78146],[-46.51652,-23.78288],[-46.51573,-23.7836],[-46.51575,-23.78489],[-46.51557,-23.78532],[-46.51596,-23.7862],[-46.51642,-23.78593],[-46.51643,-23.78519],[-46.51674,-23.78445],[-46.51742,-23.78366],[-46.51857,-23.78331],[-46.51978,-23.78331],[-46.51859,-23.78233],[-46.51834,-23.78154],[-46.51866,-23.7809],[-46.51909,-23.78104],[-46.52355,-23.78569],[-46.52235,-23.7867],[-46.51639,-23.79191],[-46.51328,-23.79456],[-46.51175,-23.79603],[-46.51128,-23.79678],[-46.51093,-23.79769],[-46.51071,-23.79918],[-46.51027,-23.80281],[-46.50992,-23.80452],[-46.5097,-23.80418],[-46.50975,-23.80307],[-46.50935,-23.80252],[-46.50856,-23.80217],[-46.50832,-23.80261],[-46.50722,-23.80255],[-46.50703,-23.80226],[-46.50728,-23.80137],[-46.50688,-23.80126],[-46.50635,-23.80184],[-46.50574,-23.80167],[-46.50567,-23.80066],[-46.50599,-23.80037],[-46.50566,-23.7998],[-46.50641,-23.7992],[-46.5061,-23.7986],[-46.50612,-23.7969],[-46.50652,-23.79634],[-46.50596,-23.79597],[-46.50543,-23.79699],[-46.50552,-23.79749],[-46.50495,-23.79789],[-46.50513,-23.79837],[-46.50468,-23.79923],[-46.50459,-23.80009],[-46.50402,-23.80037],[-46.50414,-23.80149],[-46.50302,-23.80184],[-46.50279,-23.80033],[-46.50244,-23.8013],[-46.5024,-23.80242],[-46.50168,-23.80247],[-46.50069,-23.80279],[-46.50015,-23.8023],[-46.50011,-23.80132],[-46.50067,-23.80062],[-46.50134,-23.80046],[-46.50139,-23.79991],[-46.50076,-23.79953],[-46.50101,-23.79891],[-46.50174,-23.79851],[-46.50099,-23.79814],[-46.5011,-23.79772],[-46.50172,-23.79699],[-46.50131,-23.79623],[-46.50128,-23.79538],[-46.50036,-23.79545],[-46.49985,-23.79632],[-46.49985,-23.79797],[-46.49916,-23.79828],[-46.49935,-23.79903],[-46.49886,-23.79953],[-46.4992,-23.80007],[-46.49913,-23.80124],[-46.49882,-23.80187],[-46.49776,-23.80174],[-46.49759,-23.80059],[-46.49733,-23.80068],[-46.49703,-23.80173],[-46.49738,-23.80208],[-46.49702,-23.80246],[-46.49632,-23.80235],[-46.49631,-23.80173],[-46.49677,-23.80128],[-46.49693,-23.8005],[-46.49633,-23.79917],[-46.49651,-23.7981],[-46.49634,-23.79687],[-46.49656,-23.79491],[-46.49589,-23.79487],[-46.49551,-23.79652],[-46.49561,-23.79713],[-46.49564,-23.79956],[-46.49493,-23.79946],[-46.49481,-23.79981],[-46.49408,-23.79954],[-46.49313,-23.79874],[-46.49325,-23.79817],[-46.49302,-23.79714],[-46.49229,-23.79766],[-46.49229,-23.79847],[-46.49201,-23.79865],[-46.49142,-23.79824],[-46.49129,-23.79777],[-46.49028,-23.79819],[-46.48975,-23.79815],[-46.48969,-23.79733],[-46.49002,-23.79678],[-46.49126,-23.79615],[-46.49029,-23.79597],[-46.49039,-23.79517],[-46.49102,-23.79451],[-46.49177,-23.79426],[-46.49191,-23.79352],[-46.49135,-23.793],[-46.49153,-23.79188],[-46.49245,-23.79099],[-46.49332,-23.79052],[-46.49415,-23.78906],[-46.49269,-23.78978],[-46.49228,-23.78925],[-46.49187,-23.78929],[-46.49133,-23.78981],[-46.49123,-23.79028],[-46.49043,-23.79112],[-46.48908,-23.7898],[-46.48863,-23.78885],[-46.48811,-23.78945],[-46.4883,-23.79013],[-46.48894,-23.79098],[-46.48907,-23.79144],[-46.48953,-23.79189],[-46.48952,-23.79289],[-46.48912,-23.79329],[-46.48927,-23.79386],[-46.4892,-23.79493],[-46.48942,-23.796],[-46.48896,-23.79615],[-46.48804,-23.79549],[-46.4876,-23.7959],[-46.48858,-23.79712],[-46.4869,-23.79696],[-46.48628,-23.79629],[-46.48688,-23.79566],[-46.48752,-23.79585],[-46.48784,-23.79521],[-46.48652,-23.79421],[-46.4862,-23.79322],[-46.48634,-23.79257],[-46.48585,-23.7922],[-46.486,-23.7907],[-46.48554,-23.79052],[-46.48529,-23.79269],[-46.48565,-23.79349],[-46.48548,-23.79402],[-46.48614,-23.79498],[-46.48567,-23.7958],[-46.48497,-23.7961],[-46.48454,-23.79525],[-46.48395,-23.79499],[-46.4834,-23.7951],[-46.48348,-23.7957],[-46.48284,-23.79578],[-46.48212,-23.79553],[-46.48176,-23.79421],[-46.4813,-23.79464],[-46.4809,-23.79441],[-46.48101,-23.7937],[-46.48053,-23.79358],[-46.4804,-23.79296],[-46.48113,-23.79295],[-46.48111,-23.79232],[-46.48032,-23.79213],[-46.48038,-23.79147],[-46.47996,-23.79128],[-46.47927,-23.7923],[-46.47843,-23.79239],[-46.47886,-23.7911],[-46.4801,-23.79088],[-46.48086,-23.79056],[-46.48163,-23.79001],[-46.48248,-23.78975],[-46.48374,-23.78863],[-46.48399,-23.78781],[-46.48351,-23.78777],[-46.48318,-23.78842],[-46.48226,-23.78885],[-46.48189,-23.7887],[-46.48104,-23.78965],[-46.48028,-23.79005],[-46.48012,-23.7898],[-46.48021,-23.78891],[-46.47909,-23.79002],[-46.4789,-23.78926],[-46.47926,-23.78817],[-46.47966,-23.78777],[-46.48051,-23.78742],[-46.48072,-23.78664],[-46.48119,-23.78602],[-46.48065,-23.78515],[-46.48024,-23.78622],[-46.47952,-23.78706],[-46.4789,-23.7874],[-46.47855,-23.78728],[-46.47823,-23.78571],[-46.47779,-23.78532],[-46.47721,-23.78399],[-46.47712,-23.78326],[-46.47661,-23.78343],[-46.47684,-23.78461],[-46.47673,-23.78548],[-46.47686,-23.78597],[-46.4762,-23.78624],[-46.4773,-23.78671],[-46.47745,-23.78758],[-46.47786,-23.78808],[-46.47728,-23.78861],[-46.47777,-23.78927],[-46.47772,-23.79082],[-46.47752,-23.79096],[-46.4766,-23.79043],[-46.47618,-23.79094],[-46.47709,-23.79152],[-46.47711,-23.79225],[-46.47643,-23.79256],[-46.4758,-23.79254],[-46.47575,-23.79335],[-46.47508,-23.79378],[-46.47467,-23.79367],[-46.47474,-23.79276],[-46.47393,-23.7926],[-46.47457,-23.79101],[-46.47405,-23.79124],[-46.47337,-23.79228],[-46.47259,-23.79218],[-46.47213,-23.79146],[-46.47338,-23.78925],[-46.47295,-23.78937],[-46.47228,-23.79064],[-46.4715,-23.79079],[-46.47119,-23.79038],[-46.47108,-23.78963],[-46.47146,-23.7884],[-46.47112,-23.7884],[-46.47076,-23.78968],[-46.47079,-23.79095],[-46.47006,-23.79103],[-46.469,-23.78971],[-46.46843,-23.7901],[-46.46914,-23.79048],[-46.46945,-23.79145],[-46.46903,-23.79199],[-46.46827,-23.79213],[-46.469,-23.79264],[-46.46972,-23.79207],[-46.47003,-23.79213],[-46.47165,-23.79309],[-46.47194,-23.79364],[-46.47107,-23.7937],[-46.47083,-23.79315],[-46.47029,-23.79362],[-46.46987,-23.79319],[-46.46898,-23.79322],[-46.46806,-23.79447],[-46.46767,-23.79442],[-46.46746,-23.79359],[-46.46692,-23.79307],[-46.46673,-23.79222],[-46.46621,-23.7926],[-46.46576,-23.79356],[-46.46503,-23.7932],[-46.46511,-23.79197],[-46.46537,-23.79077],[-46.46393,-23.79139],[-46.46336,-23.79048],[-46.46249,-23.79019],[-46.46226,-23.78951],[-46.46312,-23.78878],[-46.46409,-23.78891],[-46.4655,-23.79001],[-46.46566,-23.78937],[-46.46505,-23.78942],[-46.46437,-23.7889],[-46.46427,-23.78827],[-46.46456,-23.7881],[-46.46568,-23.78806],[-46.46586,-23.7878],[-46.46503,-23.78741],[-46.465,-23.787],[-46.46597,-23.78583],[-46.46544,-23.78589],[-46.46483,-23.78629],[-46.46406,-23.78714],[-46.46374,-23.78806],[-46.46293,-23.78778],[-46.46276,-23.78713],[-46.46331,-23.78641],[-46.46335,-23.78587],[-46.46383,-23.7853],[-46.46376,-23.78488],[-46.46422,-23.78441],[-46.46319,-23.78442],[-46.46312,-23.7851],[-46.46242,-23.786],[-46.46177,-23.786],[-46.46213,-23.78753],[-46.46168,-23.78848],[-46.4606,-23.78875],[-46.46043,-23.78912],[-46.45951,-23.789],[-46.45914,-23.78943],[-46.45789,-23.78882],[-46.45809,-23.78856],[-46.45974,-23.78731],[-46.45966,-23.78622],[-46.45911,-23.78715],[-46.45841,-23.78776],[-46.45786,-23.7876],[-46.45789,-23.78679],[-46.45891,-23.7856],[-46.45798,-23.78552],[-46.45757,-23.78628],[-46.45718,-23.78619],[-46.45696,-23.78504],[-46.45728,-23.78457],[-46.4578,-23.78432],[-46.45892,-23.78421],[-46.4601,-23.78483],[-46.46073,-23.78442],[-46.46135,-23.78373],[-46.46179,-23.78277],[-46.46246,-23.78222],[-46.46352,-23.78176],[-46.46404,-23.78125],[-46.46423,-23.78009],[-46.46457,-23.77896],[-46.46559,-23.77816],[-46.46627,-23.77801],[-46.46701,-23.77757],[-46.46778,-23.77752],[-46.46827,-23.77714],[-46.46886,-23.77598],[-46.46998,-23.77541],[-46.47068,-23.77447],[-46.47141,-23.7738]]]},"properties":{"codigo":"3548708023","name":"Varginha","population":2778,"households":1178,"areaKm2":14.8303,"density":187.3}},{"type":"Feature","geometry":{"type":"Polygon","coordinates":[[[-46.48769,-23.88456],[-46.48769,-23.88395],[-46.48725,-23.88301],[-46.48727,-23.88221],[-46.48797,-23.88089],[-46.48801,-23.8804],[-46.48764,-23.8784],[-46.48772,-23.87782],[-46.48882,-23.87691],[-46.48921,-23.87561],[-46.48974,-23.87503],[-46.49109,-23.87464],[-46.49148,-23.87415],[-46.49006,-23.87325],[-46.48971,-23.87261],[-46.48956,-23.87166],[-46.49006,-23.8711],[-46.49201,-23.87033],[-46.49336,-23.869],[-46.49558,-23.86546],[-46.49647,-23.86445],[-46.49768,-23.86329],[-46.50112,-23.86028],[-46.50271,-23.85871],[-46.50339,-23.85759],[-46.50388,-23.85603],[-46.50437,-23.85122],[-46.5067,-23.85277],[-46.50847,-23.85451],[-46.52472,-23.86999],[-46.53179,-23.87704],[-46.53611,-23.88104],[-46.53558,-23.88112],[-46.53503,-23.88064],[-46.53347,-23.88096],[-46.5332,-23.88137],[-46.53434,-23.88191],[-46.53446,-23.88248],[-46.53401,-23.88327],[-46.53451,-23.88327],[-46.53501,-23.88262],[-46.53577,-23.88215],[-46.53706,-23.88194],[-46.53826,-23.88209],[-46.5382,-23.88362],[-46.53759,-23.88402],[-46.53778,-23.88509],[-46.5371,-23.8862],[-46.53771,-23.88624],[-46.53856,-23.88595],[-46.53871,-23.88513],[-46.54024,-23.88341],[-46.54089,-23.88296],[-46.53998,-23.88207],[-46.54046,-23.88186],[-46.5404,-23.88118],[-46.54095,-23.88068],[-46.54114,-23.88013],[-46.54247,-23.87924],[-46.54294,-23.87875],[-46.54394,-23.87885],[-46.54439,-23.8793],[-46.54474,-23.88065],[-46.54455,-23.88113],[-46.54506,-23.88185],[-46.54495,-23.88479],[-46.54512,-23.88655],[-46.54589,-23.88698],[-46.54642,-23.88584],[-46.54635,-23.8851],[-46.54674,-23.88423],[-46.54678,-23.88315],[-46.54737,-23.88285],[-46.54693,-23.88166],[-46.54727,-23.8811],[-46.55262,-23.88561],[-46.55304,-23.88578],[-46.55385,-23.8856],[-46.55456,-23.88426],[-46.55593,-23.87964],[-46.55662,-23.87884],[-46.56234,-23.8786],[-46.56291,-23.879],[-46.56721,-23.88387],[-46.56599,-23.8874],[-46.56656,-23.88742],[-46.56835,-23.88657],[-46.56921,-23.88709],[-46.56944,-23.88748],[-46.57047,-23.88778],[-46.57129,-23.88925],[-46.57137,-23.89023],[-46.57223,-23.89176],[-46.57285,-23.89336],[-46.57369,-23.89457],[-46.57422,-23.89481],[-46.57495,-23.8958],[-46.57602,-23.89617],[-46.57659,-23.89617],[-46.57779,-23.89539],[-46.57949,-23.89502],[-46.58132,-23.89439],[-46.58322,-23.89448],[-46.58485,-23.89364],[-46.58539,-23.89389],[-46.58707,-23.89349],[-46.58957,-23.89423],[-46.59076,-23.89378],[-46.59203,-23.89427],[-46.59255,-23.89334],[-46.59362,-23.89315],[-46.59441,-23.89364],[-46.59451,-23.89469],[-46.59483,-23.89512],[-46.59567,-23.895],[-46.59624,-23.89541],[-46.59582,-23.89592],[-46.59515,-23.89618],[-46.59389,-23.89637],[-46.5935,-23.89703],[-46.59299,-23.89722],[-46.59185,-23.89677],[-46.59058,-23.89725],[-46.58439,-23.90571],[-46.59379,-23.91897],[-46.59862,-23.92685],[-46.60915,-23.9224],[-46.6091,-23.92287],[-46.60941,-23.92356],[-46.61065,-23.92434],[-46.61069,-23.92502],[-46.60969,-23.92619],[-46.60937,-23.92771],[-46.60952,-23.92783],[-46.61078,-23.92758],[-46.61162,-23.92804],[-46.61179,-23.9285],[-46.61165,-23.92931],[-46.6119,-23.92979],[-46.61313,-23.9302],[-46.61344,-23.93109],[-46.61389,-23.93151],[-46.61443,-23.93143],[-46.6164,-23.9306],[-46.61672,-23.93085],[-46.61662,-23.93196],[-46.61688,-23.93356],[-46.61671,-23.93424],[-46.6162,-23.93491],[-46.61645,-23.93528],[-46.61582,-23.93601],[-46.61543,-23.93682],[-46.6144,-23.93677],[-46.61385,-23.93691],[-46.6135,-23.93779],[-46.61301,-23.93809],[-46.61135,-23.9379],[-46.60984,-23.93697],[-46.60829,-23.93722],[-46.6077,-23.93762],[-46.60713,-23.93866],[-46.60719,-23.93928],[-46.60773,-23.93972],[-46.60787,-23.9406],[-46.60878,-23.94132],[-46.60843,-23.94253],[-46.60712,-23.94479],[-46.60714,-23.94504],[-46.60783,-23.94584],[-46.60748,-23.94687],[-46.60754,-23.94751],[-46.60786,-23.94798],[-46.60777,-23.94846],[-46.60823,-23.94869],[-46.6092,-23.94881],[-46.60967,-23.94918],[-46.61011,-23.94993],[-46.61068,-23.94986],[-46.61116,-23.95018],[-46.61111,-23.95108],[-46.60899,-23.95261],[-46.60792,-23.95353],[-46.60728,-23.95366],[-46.60708,-23.95519],[-46.60739,-23.95598],[-46.60725,-23.95647],[-46.60653,-23.95695],[-46.60661,-23.95734],[-46.60741,-23.95787],[-46.60787,-23.95845],[-46.60884,-23.95896],[-46.60834,-23.95991],[-46.60948,-23.95979],[-46.60965,-23.96026],[-46.60909,-23.96124],[-46.60829,-23.96147],[-46.6086,-23.96233],[-46.6082,-23.96364],[-46.60941,-23.96461],[-46.61081,-23.96496],[-46.61107,-23.96549],[-46.61045,-23.96586],[-46.61088,-23.9663],[-46.61159,-23.9665],[-46.61197,-23.96734],[-46.61195,-23.96776],[-46.61134,-23.96792],[-46.60937,-23.96764],[-46.60843,-23.96716],[-46.60731,-23.96578],[-46.60671,-23.96555],[-46.6053,-23.96546],[-46.60457,-23.96498],[-46.60029,-23.96356],[-46.59805,-23.9633],[-46.5973,-23.96344],[-46.59636,-23.96414],[-46.59603,-23.96513],[-46.59527,-23.96535],[-46.5939,-23.96449],[-46.59224,-23.96295],[-46.59072,-23.96284],[-46.58896,-23.96246],[-46.58858,-23.96217],[-46.5882,-23.96134],[-46.5868,-23.96121],[-46.5853,-23.96084],[-46.58486,-23.96047],[-46.58486,-23.95975],[-46.58459,-23.9594],[-46.58268,-23.95867],[-46.58216,-23.95819],[-46.58166,-23.95702],[-46.58133,-23.95657],[-46.58019,-23.95579],[-46.57944,-23.95634],[-46.57789,-23.95704],[-46.57739,-23.95701],[-46.57699,-23.95655],[-46.57681,-23.95578],[-46.57607,-23.95513],[-46.57557,-23.95425],[-46.57483,-23.95364],[-46.57426,-23.95347],[-46.57278,-23.95339],[-46.57221,-23.95321],[-46.57135,-23.95249],[-46.57102,-23.95143],[-46.57055,-23.95068],[-46.57027,-23.94964],[-46.56991,-23.94905],[-46.56963,-23.94797],[-46.5698,-23.94702],[-46.56946,-23.94683],[-46.56865,-23.94725],[-46.56774,-23.94751],[-46.56738,-23.94782],[-46.56726,-23.94856],[-46.56744,-23.94912],[-46.56728,-23.94959],[-46.56635,-23.94953],[-46.56623,-23.94994],[-46.56746,-23.95084],[-46.56767,-23.95113],[-46.56745,-23.95233],[-46.56772,-23.95303],[-46.56766,-23.95376],[-46.56735,-23.9541],[-46.56674,-23.9542],[-46.56579,-23.95384],[-46.56446,-23.95295],[-46.56428,-23.95248],[-46.56431,-23.95053],[-46.56378,-23.94983],[-46.56355,-23.9487],[-46.56319,-23.94832],[-46.56097,-23.9465],[-46.56065,-23.94728],[-46.55953,-23.94699],[-46.55849,-23.94602],[-46.55821,-23.9454],[-46.5569,-23.94351],[-46.55659,-23.94173],[-46.55611,-23.94136],[-46.55449,-23.94094],[-46.55373,-23.9406],[-46.55244,-23.94061],[-46.55213,-23.94033],[-46.55189,-23.93928],[-46.55229,-23.93729],[-46.55199,-23.9365],[-46.55092,-23.93645],[-46.55033,-23.93571],[-46.55031,-23.93469],[-46.54905,-23.93405],[-46.54824,-23.93291],[-46.54805,-23.93196],[-46.54805,-23.93063],[-46.54831,-23.92994],[-46.54773,-23.92983],[-46.54682,-23.93024],[-46.54623,-23.93031],[-46.54554,-23.93006],[-46.54519,-23.92954],[-46.54432,-23.92897],[-46.54377,-23.92817],[-46.54454,-23.92744],[-46.54434,-23.92678],[-46.54349,-23.92597],[-46.54145,-23.92447],[-46.5405,-23.92354],[-46.53838,-23.92366],[-46.53752,-23.92404],[-46.53683,-23.92384],[-46.5366,-23.92346],[-46.53578,-23.92347],[-46.53491,-23.92282],[-46.5341,-23.9214],[-46.53406,-23.92109],[-46.53463,-23.92055],[-46.53467,-23.92013],[-46.53359,-23.91981],[-46.53325,-23.9187],[-46.53238,-23.9177],[-46.53188,-23.91734],[-46.53098,-23.91716],[-46.52991,-23.91663],[-46.52874,-23.91664],[-46.52806,-23.91617],[-46.52713,-23.9161],[-46.52605,-23.91576],[-46.52544,-23.91528],[-46.52443,-23.91343],[-46.52321,-23.9133],[-46.52162,-23.9125],[-46.52091,-23.91181],[-46.52078,-23.91109],[-46.52147,-23.91085],[-46.52239,-23.9113],[-46.52269,-23.91118],[-46.52247,-23.90987],[-46.52171,-23.90932],[-46.5218,-23.90863],[-46.5224,-23.90793],[-46.52234,-23.90768],[-46.5213,-23.90727],[-46.5207,-23.90664],[-46.52011,-23.90548],[-46.51951,-23.90516],[-46.5174,-23.90493],[-46.5166,-23.90515],[-46.51544,-23.90585],[-46.51488,-23.90583],[-46.51432,-23.90514],[-46.51376,-23.9048],[-46.51238,-23.90435],[-46.50994,-23.90441],[-46.50906,-23.90415],[-46.50816,-23.90424],[-46.50745,-23.90464],[-46.50639,-23.90486],[-46.5056,-23.90445],[-46.5044,-23.90479],[-46.50378,-23.90478],[-46.50306,-23.90448],[-46.50126,-23.9027],[-46.50059,-23.90229],[-46.49934,-23.90244],[-46.49809,-23.90193],[-46.49701,-23.90105],[-46.49621,-23.89956],[-46.49615,-23.89913],[-46.4946,-23.89781],[-46.49326,-23.89621],[-46.49298,-23.8956],[-46.49286,-23.89316],[-46.493,-23.89192],[-46.49277,-23.89077],[-46.49227,-23.88999],[-46.49019,-23.88823],[-46.48945,-23.8873],[-46.48845,-23.88542],[-46.48769,-23.88456]]]},"properties":{"codigo":"3548708029","name":"Dos Imigrantes","population":8,"households":2,"areaKm2":66.4953,"density":0.1}}]}