{"type":"FeatureCollection","features":[{"type":"Feature","geometry":{"type":"Polygon","coordinates":[[[-48.60592,-27.59146],[-48.60453,-27.59189],[-48.60231,-27.59313],[-48.60213,-27.59381],[-48.60172,-27.59436],[-48.59984,-27.59349],[-48.59908,-27.59365],[-48.5992,-27.59417],[-48.59676,-27.59454],[-48.59651,-27.59338],[-48.59723,-27.59325],[-48.5969,-27.59183],[-48.5962,-27.59195],[-48.59597,-27.59086],[-48.59644,-27.59074],[-48.59681,-27.58971],[-48.59723,-27.58925],[-48.59966,-27.58842],[-48.60034,-27.58799],[-48.60116,-27.58703],[-48.60198,-27.58675],[-48.60361,-27.58573],[-48.60563,-27.58828],[-48.60628,-27.58912],[-48.60603,-27.58964],[-48.60592,-27.59146]]]},"properties":{"codigo":"4205407030","name":"Monte Cristo","population":11219,"households":4364,"areaKm2":0.5761,"density":19474.8}},{"type":"Feature","geometry":{"type":"Polygon","coordinates":[[[-48.58858,-27.60924],[-48.58766,-27.61073],[-48.58917,-27.61166],[-48.58852,-27.61493],[-48.58703,-27.618],[-48.5866,-27.61753],[-48.58628,-27.61681],[-48.58555,-27.61649],[-48.58547,-27.61559],[-48.58617,-27.61475],[-48.58612,-27.6143],[-48.58529,-27.61361],[-48.58405,-27.61313],[-48.58354,-27.61315],[-48.58282,-27.61359],[-48.58248,-27.61309],[-48.58196,-27.61282],[-48.58153,-27.61172],[-48.58053,-27.61119],[-48.57825,-27.61067],[-48.57741,-27.61063],[-48.57664,-27.61105],[-48.57552,-27.61087],[-48.5753,-27.61054],[-48.57527,-27.60931],[-48.57571,-27.60874],[-48.57562,-27.60833],[-48.5751,-27.60784],[-48.57418,-27.60747],[-48.57389,-27.60668],[-48.57277,-27.60663],[-48.5723,-27.60563],[-48.57229,-27.60517],[-48.57271,-27.60473],[-48.57411,-27.60475],[-48.57454,-27.60458],[-48.57456,-27.60299],[-48.57337,-27.60139],[-48.57289,-27.60098],[-48.57148,-27.60044],[-48.57086,-27.60004],[-48.56941,-27.59823],[-48.56937,-27.59781],[-48.57143,-27.59797],[-48.57348,-27.59827],[-48.57493,-27.59903],[-48.57469,-27.59723],[-48.57501,-27.59701],[-48.57636,-27.59727],[-48.57818,-27.59848],[-48.57636,-27.60008],[-48.58048,-27.60288],[-48.58202,-27.60346],[-48.58339,-27.60369],[-48.58471,-27.60367],[-48.58708,-27.60347],[-48.58755,-27.60383],[-48.58625,-27.60543],[-48.58771,-27.60617],[-48.58872,-27.60495],[-48.58914,-27.60518],[-48.58842,-27.60649],[-48.5882,-27.6074],[-48.58876,-27.60783],[-48.58858,-27.60924]]]},"properties":{"codigo":"4205407020","name":"Coqueiros","population":13396,"households":6399,"areaKm2":1.7911,"density":7479.2}},{"type":"Feature","geometry":{"type":"Polygon","coordinates":[[[-48.5962,-27.59195],[-48.59268,-27.59254],[-48.59151,-27.59281],[-48.59085,-27.59272],[-48.58851,-27.59269],[-48.58695,-27.59187],[-48.589,-27.58924],[-48.59048,-27.58883],[-48.59048,-27.58778],[-48.59136,-27.58739],[-48.5927,-27.58715],[-48.59238,-27.5859],[-48.59584,-27.58537],[-48.59618,-27.58525],[-48.59709,-27.58719],[-48.59737,-27.58858],[-48.59723,-27.58925],[-48.59681,-27.58971],[-48.59644,-27.59074],[-48.59597,-27.59086],[-48.5962,-27.59195]]]},"properties":{"codigo":"4205407031","name":"Coloninha","population":4517,"households":2269,"areaKm2":0.5289,"density":8539.6}},{"type":"Feature","geometry":{"type":"Polygon","coordinates":[[[-48.51201,-27.60491],[-48.5111,-27.60417],[-48.50907,-27.60357],[-48.50673,-27.60383],[-48.50884,-27.61227],[-48.50877,-27.61269],[-48.50807,-27.61247],[-48.50737,-27.61261],[-48.50684,-27.6139],[-48.50628,-27.6136],[-48.50575,-27.61654],[-48.50498,-27.61599],[-48.50456,-27.61628],[-48.50418,-27.61591],[-48.50432,-27.61524],[-48.50334,-27.61419],[-48.50308,-27.61329],[-48.50314,-27.61254],[-48.503,-27.61156],[-48.50257,-27.61116],[-48.50149,-27.61115],[-48.49798,-27.60731],[-48.49726,-27.60669],[-48.49686,-27.60587],[-48.49685,-27.6049],[-48.49536,-27.60476],[-48.49497,-27.60363],[-48.4961,-27.59878],[-48.49786,-27.5987],[-48.4976,-27.59673],[-48.49855,-27.59648],[-48.49871,-27.59695],[-48.50084,-27.59589],[-48.5005,-27.59394],[-48.50057,-27.59312],[-48.5022,-27.59037],[-48.50312,-27.58872],[-48.50331,-27.58859],[-48.50365,-27.58999],[-48.50515,-27.5908],[-48.50619,-27.59125],[-48.50649,-27.59208],[-48.50685,-27.59252],[-48.50818,-27.59291],[-48.51183,-27.59261],[-48.51201,-27.59217],[-48.51265,-27.59244],[-48.5152,-27.5923],[-48.51508,-27.59339],[-48.51526,-27.59438],[-48.51669,-27.59995],[-48.51643,-27.60002],[-48.51516,-27.60023],[-48.51533,-27.60132],[-48.51474,-27.60154],[-48.51489,-27.60224],[-48.51488,-27.60363],[-48.51435,-27.60441],[-48.51346,-27.60474],[-48.51201,-27.60491]]]},"properties":{"codigo":"4205407009","name":"Córrego Grande","population":12723,"households":6191,"areaKm2":3.289,"density":3868.3}},{"type":"Feature","geometry":{"type":"Polygon","coordinates":[[[-48.4961,-27.59878],[-48.49589,-27.59795],[-48.49505,-27.59764],[-48.49443,-27.59894],[-48.49357,-27.59947],[-48.49295,-27.59948],[-48.49235,-27.60029],[-48.49186,-27.60124],[-48.49024,-27.60122],[-48.48903,-27.60222],[-48.4872,-27.60203],[-48.48668,-27.60072],[-48.48536,-27.59971],[-48.48594,-27.59623],[-48.48668,-27.59536],[-48.48869,-27.59165],[-48.49039,-27.58821],[-48.49054,-27.58721],[-48.4898,-27.58571],[-48.49006,-27.58358],[-48.48929,-27.58285],[-48.48912,-27.57782],[-48.49067,-27.57407],[-48.49155,-27.57424],[-48.4932,-27.57605],[-48.49542,-27.57734],[-48.4961,-27.57808],[-48.49665,-27.57827],[-48.49805,-27.57827],[-48.49858,-27.57841],[-48.49866,-27.57913],[-48.49967,-27.5794],[-48.50006,-27.57923],[-48.49961,-27.57827],[-48.49969,-27.57776],[-48.50022,-27.57691],[-48.50032,-27.57519],[-48.5007,-27.57506],[-48.50132,-27.5743],[-48.50202,-27.57439],[-48.50238,-27.57407],[-48.50193,-27.57293],[-48.50278,-27.57242],[-48.50313,-27.57195],[-48.50314,-27.57126],[-48.50346,-27.57019],[-48.50435,-27.57025],[-48.50518,-27.57053],[-48.50579,-27.57034],[-48.50528,-27.5691],[-48.50517,-27.56818],[-48.50461,-27.56809],[-48.50428,-27.56869],[-48.50371,-27.56867],[-48.50287,-27.56778],[-48.50291,-27.56661],[-48.50269,-27.56608],[-48.50212,-27.56543],[-48.50143,-27.56504],[-48.50196,-27.56437],[-48.50336,-27.56362],[-48.50429,-27.56441],[-48.50492,-27.56435],[-48.50516,-27.56507],[-48.5053,-27.56616],[-48.50554,-27.5668],[-48.50615,-27.56716],[-48.50936,-27.56769],[-48.51021,-27.5679],[-48.51184,-27.56888],[-48.51223,-27.56935],[-48.51281,-27.57213],[-48.51313,-27.57287],[-48.51738,-27.57321],[-48.51768,-27.57362],[-48.51889,-27.57444],[-48.51903,-27.57482],[-48.51919,-27.57648],[-48.51888,-27.57676],[-48.51775,-27.57668],[-48.51647,-27.57757],[-48.51604,-27.57906],[-48.51564,-27.57956],[-48.5147,-27.58001],[-48.51336,-27.58041],[-48.51249,-27.58147],[-48.51311,-27.58205],[-48.51318,-27.58246],[-48.51264,-27.58334],[-48.51152,-27.58555],[-48.51106,-27.58616],[-48.51024,-27.58666],[-48.50623,-27.58737],[-48.50473,-27.58758],[-48.50363,-27.58813],[-48.50331,-27.58859],[-48.50312,-27.58872],[-48.5022,-27.59037],[-48.50057,-27.59312],[-48.5005,-27.59394],[-48.50084,-27.59589],[-48.49871,-27.59695],[-48.49855,-27.59648],[-48.4976,-27.59673],[-48.49786,-27.5987],[-48.4961,-27.59878]]]},"properties":{"codigo":"4205407087","name":"Itacorubi","population":23593,"households":12344,"areaKm2":5.8915,"density":4004.6}},{"type":"Feature","geometry":{"type":"Polygon","coordinates":[[[-48.50492,-27.56435],[-48.50266,-27.55807],[-48.50166,-27.55602],[-48.50082,-27.55455],[-48.50249,-27.55365],[-48.50307,-27.55286],[-48.50609,-27.55262],[-48.5077,-27.55314],[-48.51002,-27.55371],[-48.51107,-27.55369],[-48.51158,-27.55342],[-48.51262,-27.55361],[-48.51338,-27.5542],[-48.51344,-27.55465],[-48.51406,-27.55602],[-48.51557,-27.55763],[-48.51686,-27.55791],[-48.51665,-27.55869],[-48.51734,-27.55996],[-48.51833,-27.5608],[-48.51981,-27.56144],[-48.52061,-27.5609],[-48.52109,-27.56083],[-48.52348,-27.56106],[-48.52352,-27.56188],[-48.52306,-27.56235],[-48.5227,-27.56317],[-48.52221,-27.56325],[-48.5214,-27.5646],[-48.52045,-27.56469],[-48.51973,-27.56534],[-48.5183,-27.56605],[-48.51744,-27.56676],[-48.51689,-27.56749],[-48.51644,-27.56845],[-48.51653,-27.56896],[-48.51594,-27.56973],[-48.51693,-27.57171],[-48.517,-27.57233],[-48.51738,-27.57321],[-48.51313,-27.57287],[-48.51281,-27.57213],[-48.51223,-27.56935],[-48.51184,-27.56888],[-48.51021,-27.5679],[-48.50936,-27.56769],[-48.50615,-27.56716],[-48.50554,-27.5668],[-48.5053,-27.56616],[-48.50516,-27.56507],[-48.50492,-27.56435]]]},"properties":{"codigo":"4205407005","name":"João Paulo","population":6034,"households":2635,"areaKm2":2.5181,"density":2396.3}},{"type":"Feature","geometry":{"type":"Polygon","coordinates":[[[-48.58708,-27.60347],[-48.59191,-27.60307],[-48.59355,-27.6028],[-48.59592,-27.60222],[-48.59747,-27.60178],[-48.59845,-27.6013],[-48.59938,-27.60058],[-48.59997,-27.59977],[-48.60144,-27.60056],[-48.60209,-27.60343],[-48.60164,-27.60349],[-48.60146,-27.60426],[-48.60083,-27.60391],[-48.60063,-27.60305],[-48.60015,-27.60323],[-48.59979,-27.60283],[-48.5985,-27.60336],[-48.59805,-27.60394],[-48.59756,-27.60509],[-48.59715,-27.60548],[-48.5973,-27.60676],[-48.59689,-27.60704],[-48.59676,-27.60756],[-48.59613,-27.60827],[-48.59601,-27.60925],[-48.59753,-27.60995],[-48.5972,-27.61018],[-48.59362,-27.60942],[-48.59313,-27.61184],[-48.59228,-27.61197],[-48.59101,-27.61196],[-48.59075,-27.61165],[-48.5909,-27.61097],[-48.5906,-27.61043],[-48.58972,-27.60996],[-48.58984,-27.60975],[-48.58858,-27.60924],[-48.58876,-27.60783],[-48.5882,-27.6074],[-48.58842,-27.60649],[-48.58914,-27.60518],[-48.58872,-27.60495],[-48.58771,-27.60617],[-48.58625,-27.60543],[-48.58755,-27.60383],[-48.58708,-27.60347]]]},"properties":{"codigo":"4205407023","name":"Abraão","population":7717,"households":3696,"areaKm2":0.8855,"density":8714.9}},{"type":"Feature","geometry":{"type":"Polygon","coordinates":[[[-48.50331,-27.58859],[-48.50363,-27.58813],[-48.50473,-27.58758],[-48.50713,-27.58868],[-48.50757,-27.58793],[-48.50848,-27.58778],[-48.51296,-27.5885],[-48.51516,-27.58892],[-48.51684,-27.58933],[-48.51624,-27.58996],[-48.51547,-27.59122],[-48.5152,-27.5923],[-48.51265,-27.59244],[-48.51201,-27.59217],[-48.51183,-27.59261],[-48.50818,-27.59291],[-48.50685,-27.59252],[-48.50649,-27.59208],[-48.50619,-27.59125],[-48.50515,-27.5908],[-48.50365,-27.58999],[-48.50331,-27.58859]]]},"properties":{"codigo":"4205407016","name":"Santa Mônica","population":1372,"households":625,"areaKm2":0.5245,"density":2616}},{"type":"Feature","geometry":{"type":"Polygon","coordinates":[[[-48.58858,-27.60924],[-48.58984,-27.60975],[-48.58972,-27.60996],[-48.5906,-27.61043],[-48.5909,-27.61097],[-48.59075,-27.61165],[-48.59101,-27.61196],[-48.59228,-27.61197],[-48.59313,-27.61184],[-48.59438,-27.61235],[-48.59397,-27.61279],[-48.59686,-27.61415],[-48.59827,-27.61523],[-48.59824,-27.61552],[-48.59607,-27.61562],[-48.59493,-27.61595],[-48.59411,-27.61654],[-48.59421,-27.61694],[-48.59267,-27.61729],[-48.59244,-27.61705],[-48.59087,-27.6167],[-48.58996,-27.61672],[-48.58917,-27.61694],[-48.5885,-27.61742],[-48.58813,-27.61797],[-48.58844,-27.61862],[-48.58771,-27.61934],[-48.5875,-27.61844],[-48.58703,-27.618],[-48.58852,-27.61493],[-48.58917,-27.61166],[-48.58766,-27.61073],[-48.58858,-27.60924]]]},"properties":{"codigo":"4205407022","name":"Itaguaçu","population":1761,"households":864,"areaKm2":0.4731,"density":3721.9}},{"type":"Feature","geometry":{"type":"Polygon","coordinates":[[[-48.50143,-27.56504],[-48.50041,-27.56498],[-48.49989,-27.5648],[-48.49944,-27.56499],[-48.49835,-27.56456],[-48.49702,-27.565],[-48.49618,-27.56504],[-48.49569,-27.56472],[-48.49437,-27.56429],[-48.49348,-27.56447],[-48.49281,-27.5648],[-48.492,-27.5655],[-48.48877,-27.56497],[-48.48752,-27.56577],[-48.48779,-27.56426],[-48.48805,-27.56334],[-48.48887,-27.56247],[-48.48897,-27.5621],[-48.48986,-27.56191],[-48.49084,-27.56137],[-48.49146,-27.56054],[-48.49291,-27.55997],[-48.49241,-27.55895],[-48.49301,-27.55863],[-48.49408,-27.55732],[-48.49144,-27.55732],[-48.49147,-27.55536],[-48.49204,-27.55467],[-48.49203,-27.55304],[-48.49285,-27.55252],[-48.49399,-27.55265],[-48.49454,-27.5529],[-48.49538,-27.55261],[-48.49618,-27.55266],[-48.49628,-27.55328],[-48.49697,-27.55299],[-48.49965,-27.55252],[-48.50082,-27.55455],[-48.50166,-27.55602],[-48.50266,-27.55807],[-48.50492,-27.56435],[-48.50429,-27.56441],[-48.50336,-27.56362],[-48.50196,-27.56437],[-48.50143,-27.56504]]]},"properties":{"codigo":"4205407088","name":"Monte Verde","population":7525,"households":3092,"areaKm2":1.528,"density":4924.8}},{"type":"Feature","geometry":{"type":"Polygon","coordinates":[[[-48.58695,-27.59187],[-48.58611,-27.59138],[-48.58357,-27.58988],[-48.58066,-27.58715],[-48.58157,-27.5864],[-48.5803,-27.58526],[-48.58065,-27.58474],[-48.58103,-27.58429],[-48.58319,-27.58301],[-48.58543,-27.58196],[-48.58719,-27.58036],[-48.59003,-27.587],[-48.59048,-27.58778],[-48.59048,-27.58883],[-48.589,-27.58924],[-48.58695,-27.59187]]]},"properties":{"codigo":"4205407028","name":"Canto","population":6509,"households":3088,"areaKm2":0.7111,"density":9153.9}},{"type":"Feature","geometry":{"type":"Polygon","coordinates":[[[-48.59723,-27.58925],[-48.59737,-27.58858],[-48.59709,-27.58719],[-48.59618,-27.58525],[-48.59584,-27.58537],[-48.59238,-27.5859],[-48.5927,-27.58715],[-48.59136,-27.58739],[-48.59048,-27.58778],[-48.59003,-27.587],[-48.58719,-27.58036],[-48.58916,-27.57911],[-48.58795,-27.57631],[-48.59251,-27.57533],[-48.59608,-27.57438],[-48.59636,-27.57416],[-48.59867,-27.57341],[-48.59937,-27.57304],[-48.60016,-27.57462],[-48.60063,-27.57503],[-48.60232,-27.57822],[-48.60205,-27.57914],[-48.60125,-27.57908],[-48.60156,-27.57978],[-48.60113,-27.58051],[-48.60361,-27.58573],[-48.60198,-27.58675],[-48.60116,-27.58703],[-48.60034,-27.58799],[-48.59966,-27.58842],[-48.59723,-27.58925]]]},"properties":{"codigo":"4205407026","name":"Jardim Atlântico","population":12773,"households":5776,"areaKm2":1.8103,"density":7055.7}},{"type":"Feature","geometry":{"type":"Polygon","coordinates":[[[-48.56937,-27.59781],[-48.56929,-27.5973],[-48.5682,-27.59719],[-48.56771,-27.59578],[-48.56737,-27.59569],[-48.56748,-27.59455],[-48.56843,-27.59424],[-48.56887,-27.59364],[-48.56922,-27.5936],[-48.56952,-27.59297],[-48.57034,-27.5918],[-48.5709,-27.59131],[-48.57254,-27.59038],[-48.57453,-27.58903],[-48.5757,-27.588],[-48.57664,-27.58691],[-48.5772,-27.58558],[-48.57758,-27.58496],[-48.57762,-27.58447],[-48.57708,-27.5836],[-48.57652,-27.58213],[-48.5764,-27.58143],[-48.57698,-27.58116],[-48.57712,-27.58171],[-48.5778,-27.58166],[-48.57825,-27.58198],[-48.57867,-27.583],[-48.57851,-27.58403],[-48.58065,-27.58474],[-48.5803,-27.58526],[-48.58157,-27.5864],[-48.58066,-27.58715],[-48.58357,-27.58988],[-48.58611,-27.59138],[-48.58489,-27.59297],[-48.58234,-27.59555],[-48.58168,-27.59491],[-48.58125,-27.59515],[-48.58037,-27.59505],[-48.57989,-27.59518],[-48.57777,-27.59659],[-48.57666,-27.597],[-48.57636,-27.59727],[-48.57501,-27.59701],[-48.57469,-27.59723],[-48.57493,-27.59903],[-48.57348,-27.59827],[-48.57143,-27.59797],[-48.56937,-27.59781]]]},"properties":{"codigo":"4205407018","name":"Estreito","population":9290,"households":4531,"areaKm2":1.5072,"density":6163.8}},{"type":"Feature","geometry":{"type":"Polygon","coordinates":[[[-48.60592,-27.59146],[-48.6058,-27.59538],[-48.60511,-27.59583],[-48.60454,-27.5967],[-48.60461,-27.59857],[-48.60491,-27.59919],[-48.60482,-27.60005],[-48.60548,-27.60093],[-48.60616,-27.60302],[-48.60479,-27.6028],[-48.60272,-27.60271],[-48.6026,-27.60321],[-48.60209,-27.60343],[-48.60144,-27.60056],[-48.59997,-27.59977],[-48.59938,-27.60058],[-48.59845,-27.6013],[-48.59747,-27.60178],[-48.59592,-27.60222],[-48.59355,-27.6028],[-48.59191,-27.60307],[-48.58708,-27.60347],[-48.58471,-27.60367],[-48.58339,-27.60369],[-48.58202,-27.60346],[-48.58048,-27.60288],[-48.57636,-27.60008],[-48.57818,-27.59848],[-48.57636,-27.59727],[-48.57666,-27.597],[-48.57777,-27.59659],[-48.57989,-27.59518],[-48.58037,-27.59505],[-48.58125,-27.59515],[-48.58168,-27.59491],[-48.58234,-27.59555],[-48.58489,-27.59297],[-48.58611,-27.59138],[-48.58695,-27.59187],[-48.58851,-27.59269],[-48.59085,-27.59272],[-48.59151,-27.59281],[-48.59268,-27.59254],[-48.5962,-27.59195],[-48.5969,-27.59183],[-48.59723,-27.59325],[-48.59651,-27.59338],[-48.59676,-27.59454],[-48.5992,-27.59417],[-48.59908,-27.59365],[-48.59984,-27.59349],[-48.60172,-27.59436],[-48.60213,-27.59381],[-48.60231,-27.59313],[-48.60453,-27.59189],[-48.60592,-27.59146]]]},"properties":{"codigo":"4205407029","name":"Capoeiras","population":18823,"households":8749,"areaKm2":2.8104,"density":6697.6}},{"type":"Feature","geometry":{"type":"Polygon","coordinates":[[[-48.49147,-27.55536],[-48.49132,-27.55319],[-48.49139,-27.55288],[-48.49035,-27.55214],[-48.4882,-27.55239],[-48.48784,-27.55387],[-48.48743,-27.55368],[-48.4874,-27.5518],[-48.48701,-27.54889],[-48.48733,-27.54827],[-48.48821,-27.5485],[-48.48885,-27.54704],[-48.48904,-27.54688],[-48.4902,-27.54723],[-48.49031,-27.54684],[-48.49157,-27.54536],[-48.4919,-27.54481],[-48.49249,-27.54461],[-48.49258,-27.54426],[-48.49216,-27.5434],[-48.49231,-27.54275],[-48.49277,-27.54233],[-48.49437,-27.54039],[-48.4939,-27.54038],[-48.49339,-27.53987],[-48.49258,-27.53857],[-48.49233,-27.53771],[-48.49256,-27.53621],[-48.49298,-27.53606],[-48.49419,-27.53672],[-48.49458,-27.53728],[-48.4946,-27.53777],[-48.49583,-27.53782],[-48.49621,-27.53847],[-48.49681,-27.53866],[-48.49755,-27.53838],[-48.49756,-27.53774],[-48.497,-27.53726],[-48.49674,-27.53622],[-48.49692,-27.53555],[-48.49736,-27.53546],[-48.50108,-27.53804],[-48.50263,-27.53928],[-48.50369,-27.53868],[-48.50349,-27.53788],[-48.50348,-27.53703],[-48.50229,-27.5362],[-48.4998,-27.53435],[-48.50034,-27.53348],[-48.50114,-27.53306],[-48.50154,-27.53316],[-48.50174,-27.53401],[-48.50265,-27.53464],[-48.50321,-27.53461],[-48.50406,-27.5338],[-48.50436,-27.53424],[-48.50573,-27.53471],[-48.5062,-27.53459],[-48.50607,-27.53398],[-48.50617,-27.533],[-48.50747,-27.53059],[-48.50809,-27.53037],[-48.50849,-27.52933],[-48.50902,-27.52971],[-48.51042,-27.53035],[-48.51378,-27.53098],[-48.51458,-27.53107],[-48.51644,-27.53301],[-48.51668,-27.53289],[-48.51793,-27.53416],[-48.51858,-27.5352],[-48.51881,-27.53587],[-48.51859,-27.53653],[-48.51797,-27.53752],[-48.51791,-27.53821],[-48.51808,-27.53905],[-48.51982,-27.54271],[-48.5209,-27.54482],[-48.52113,-27.5456],[-48.51955,-27.54484],[-48.51701,-27.54469],[-48.51677,-27.54377],[-48.51488,-27.54371],[-48.51407,-27.54344],[-48.51337,-27.54394],[-48.512,-27.54403],[-48.51035,-27.54236],[-48.50947,-27.54251],[-48.50735,-27.54357],[-48.50678,-27.54488],[-48.50574,-27.5455],[-48.50422,-27.54531],[-48.50209,-27.5468],[-48.50304,-27.5478],[-48.5023,-27.54904],[-48.49966,-27.55006],[-48.49866,-27.54966],[-48.49869,-27.5507],[-48.49965,-27.55252],[-48.49697,-27.55299],[-48.49628,-27.55328],[-48.49618,-27.55266],[-48.49538,-27.55261],[-48.49454,-27.5529],[-48.49399,-27.55265],[-48.49285,-27.55252],[-48.49203,-27.55304],[-48.49204,-27.55467],[-48.49147,-27.55536]]]},"properties":{"codigo":"4205407006","name":"Saco Grande","population":9313,"households":3973,"areaKm2":4.0877,"density":2278.3}},{"type":"Feature","geometry":{"type":"Polygon","coordinates":[[[-48.58065,-27.58474],[-48.57851,-27.58403],[-48.57867,-27.583],[-48.57825,-27.58198],[-48.5778,-27.58166],[-48.57712,-27.58171],[-48.57698,-27.58116],[-48.57646,-27.58069],[-48.5763,-27.5802],[-48.57587,-27.58007],[-48.5753,-27.57924],[-48.5768,-27.57864],[-48.57843,-27.57784],[-48.57924,-27.57765],[-48.58184,-27.57735],[-48.58545,-27.57681],[-48.58795,-27.57631],[-48.58916,-27.57911],[-48.58719,-27.58036],[-48.58543,-27.58196],[-48.58319,-27.58301],[-48.58103,-27.58429],[-48.58065,-27.58474]]]},"properties":{"codigo":"4205407027","name":"Balneário","population":5674,"households":2713,"areaKm2":0.6965,"density":8146.4}},{"type":"Feature","geometry":{"type":"Polygon","coordinates":[[[-48.52708,-27.61974],[-48.52665,-27.62121],[-48.52665,-27.62312],[-48.52601,-27.62415],[-48.52579,-27.62485],[-48.52432,-27.62856],[-48.52391,-27.63052],[-48.52528,-27.63082],[-48.52545,-27.63221],[-48.5254,-27.63331],[-48.52479,-27.63426],[-48.52305,-27.63769],[-48.52292,-27.63861],[-48.52274,-27.64201],[-48.52286,-27.64456],[-48.52396,-27.64626],[-48.52369,-27.64704],[-48.52419,-27.64822],[-48.52395,-27.64991],[-48.52353,-27.65035],[-48.52271,-27.65197],[-48.52257,-27.65193],[-48.5213,-27.6496],[-48.52068,-27.64917],[-48.51678,-27.65434],[-48.5145,-27.6565],[-48.51359,-27.6573],[-48.51282,-27.65753],[-48.51238,-27.65675],[-48.51093,-27.65489],[-48.51076,-27.65413],[-48.51002,-27.65238],[-48.50956,-27.65084],[-48.51017,-27.65089],[-48.51058,-27.6502],[-48.51185,-27.65012],[-48.51369,-27.64976],[-48.51438,-27.64932],[-48.51442,-27.64815],[-48.51418,-27.64757],[-48.51459,-27.64705],[-48.51463,-27.64621],[-48.51531,-27.64512],[-48.51611,-27.64507],[-48.51664,-27.6448],[-48.51734,-27.64485],[-48.51759,-27.64523],[-48.51851,-27.64557],[-48.51909,-27.64526],[-48.51886,-27.64433],[-48.51898,-27.64371],[-48.51875,-27.64324],[-48.51885,-27.64189],[-48.51827,-27.64146],[-48.51831,-27.64087],[-48.51867,-27.64044],[-48.51966,-27.64049],[-48.51979,-27.63991],[-48.51905,-27.63891],[-48.51913,-27.63664],[-48.51822,-27.63658],[-48.51831,-27.63541],[-48.518,-27.63476],[-48.51835,-27.63423],[-48.51762,-27.634],[-48.51639,-27.63392],[-48.51624,-27.63307],[-48.51979,-27.63325],[-48.51967,-27.63059],[-48.51998,-27.63034],[-48.5208,-27.62822],[-48.52154,-27.62695],[-48.52282,-27.62528],[-48.5229,-27.62439],[-48.52218,-27.6246],[-48.52139,-27.62437],[-48.52148,-27.62401],[-48.52121,-27.62321],[-48.52066,-27.62279],[-48.5212,-27.62248],[-48.52171,-27.62189],[-48.52304,-27.62192],[-48.52325,-27.62093],[-48.52324,-27.61986],[-48.52374,-27.61881],[-48.52501,-27.61936],[-48.52708,-27.61974]]]},"properties":{"codigo":"4205407011","name":"Costeira do Pirajubaé","population":10262,"households":4207,"areaKm2":2.2793,"density":4502.3}},{"type":"Feature","geometry":{"type":"Polygon","coordinates":[[[-48.51643,-27.60002],[-48.51724,-27.60171],[-48.51723,-27.60295],[-48.51687,-27.60451],[-48.51763,-27.60541],[-48.51952,-27.60694],[-48.51978,-27.60697],[-48.52176,-27.60454],[-48.52236,-27.60432],[-48.5237,-27.60451],[-48.52403,-27.60517],[-48.52392,-27.60594],[-48.52438,-27.60662],[-48.52534,-27.60745],[-48.52546,-27.60814],[-48.52624,-27.60863],[-48.52606,-27.60898],[-48.5244,-27.6108],[-48.52473,-27.61131],[-48.52323,-27.61297],[-48.52257,-27.61403],[-48.52165,-27.61347],[-48.52129,-27.61353],[-48.5214,-27.61521],[-48.52012,-27.61513],[-48.51937,-27.61611],[-48.51876,-27.61591],[-48.51852,-27.61485],[-48.51646,-27.61411],[-48.51596,-27.61435],[-48.51505,-27.61397],[-48.51371,-27.61306],[-48.51386,-27.61283],[-48.51353,-27.61154],[-48.51281,-27.61108],[-48.51276,-27.61053],[-48.5138,-27.61014],[-48.51347,-27.60837],[-48.51269,-27.60827],[-48.51223,-27.60844],[-48.51201,-27.60491],[-48.51346,-27.60474],[-48.51435,-27.60441],[-48.51488,-27.60363],[-48.51489,-27.60224],[-48.51474,-27.60154],[-48.51533,-27.60132],[-48.51516,-27.60023],[-48.51643,-27.60002]]]},"properties":{"codigo":"4205407010","name":"Pantanal","population":7599,"households":4536,"areaKm2":1.2732,"density":5968.4}},{"type":"Feature","geometry":{"type":"Polygon","coordinates":[[[-48.54966,-27.60604],[-48.54989,-27.60629],[-48.54927,-27.60715],[-48.54886,-27.60735],[-48.54922,-27.60861],[-48.55027,-27.6085],[-48.55009,-27.60943],[-48.54904,-27.60933],[-48.54878,-27.6097],[-48.54921,-27.61031],[-48.55023,-27.61045],[-48.55043,-27.61131],[-48.55038,-27.61192],[-48.54994,-27.61274],[-48.54899,-27.61233],[-48.54773,-27.61275],[-48.54678,-27.61342],[-48.54684,-27.6139],[-48.54576,-27.61447],[-48.5449,-27.61534],[-48.54476,-27.61606],[-48.54408,-27.61588],[-48.54386,-27.61544],[-48.54456,-27.61471],[-48.54353,-27.61388],[-48.54307,-27.61328],[-48.5431,-27.61282],[-48.54353,-27.61251],[-48.54347,-27.61184],[-48.54271,-27.61139],[-48.54226,-27.6106],[-48.54203,-27.60938],[-48.54251,-27.60781],[-48.54202,-27.60699],[-48.54308,-27.60722],[-48.54472,-27.60656],[-48.54455,-27.6063],[-48.54697,-27.60531],[-48.54709,-27.6069],[-48.54758,-27.60762],[-48.54906,-27.60672],[-48.54966,-27.60604]]]},"properties":{"codigo":"4205407012","name":"José Mendes","population":3492,"households":1433,"areaKm2":0.5594,"density":6242.2}},{"type":"Feature","geometry":{"type":"Polygon","coordinates":[[[-48.5152,-27.5923],[-48.51547,-27.59122],[-48.51624,-27.58996],[-48.51684,-27.58933],[-48.51817,-27.58842],[-48.5204,-27.58662],[-48.52135,-27.5856],[-48.52233,-27.58388],[-48.5233,-27.58135],[-48.52387,-27.57928],[-48.52418,-27.57957],[-48.52494,-27.5793],[-48.52608,-27.57928],[-48.52706,-27.57995],[-48.52762,-27.58103],[-48.52814,-27.58086],[-48.52817,-27.58046],[-48.52939,-27.58165],[-48.53052,-27.58233],[-48.53163,-27.58352],[-48.53337,-27.58634],[-48.53373,-27.58763],[-48.53365,-27.58823],[-48.53305,-27.58913],[-48.53263,-27.59002],[-48.53267,-27.59061],[-48.53368,-27.59243],[-48.53397,-27.59251],[-48.53366,-27.59293],[-48.53284,-27.59345],[-48.53226,-27.59601],[-48.53268,-27.59768],[-48.53264,-27.59793],[-48.52999,-27.59914],[-48.52849,-27.60062],[-48.52803,-27.60043],[-48.52746,-27.60114],[-48.52446,-27.60427],[-48.5237,-27.60451],[-48.52236,-27.60432],[-48.52176,-27.60454],[-48.51978,-27.60697],[-48.51952,-27.60694],[-48.51763,-27.60541],[-48.51687,-27.60451],[-48.51723,-27.60295],[-48.51724,-27.60171],[-48.51643,-27.60002],[-48.51669,-27.59995],[-48.51526,-27.59438],[-48.51508,-27.59339],[-48.5152,-27.5923]]]},"properties":{"codigo":"4205407086","name":"Trindade","population":22250,"households":12100,"areaKm2":3.5467,"density":6273.4}},{"type":"Feature","geometry":{"type":"Polygon","coordinates":[[[-48.59753,-27.60995],[-48.59796,-27.61007],[-48.5982,-27.61063],[-48.59684,-27.6123],[-48.59725,-27.61305],[-48.59783,-27.61322],[-48.59783,-27.61397],[-48.59845,-27.61423],[-48.59827,-27.61523],[-48.59686,-27.61415],[-48.59397,-27.61279],[-48.59438,-27.61235],[-48.59313,-27.61184],[-48.59362,-27.60942],[-48.5972,-27.61018],[-48.59753,-27.60995]]]},"properties":{"codigo":"4205407089","name":"Bom Abrigo","population":1339,"households":626,"areaKm2":0.1747,"density":7663.6}},{"type":"Feature","geometry":{"type":"Polygon","coordinates":[[[-48.52374,-27.61881],[-48.52351,-27.61666],[-48.52339,-27.61617],[-48.52241,-27.61628],[-48.52257,-27.61403],[-48.52323,-27.61297],[-48.52473,-27.61131],[-48.5244,-27.6108],[-48.52606,-27.60898],[-48.52624,-27.60863],[-48.52546,-27.60814],[-48.52534,-27.60745],[-48.52438,-27.60662],[-48.52392,-27.60594],[-48.52403,-27.60517],[-48.5237,-27.60451],[-48.52446,-27.60427],[-48.52746,-27.60114],[-48.52803,-27.60043],[-48.52849,-27.60062],[-48.52999,-27.59914],[-48.53264,-27.59793],[-48.53268,-27.59768],[-48.53226,-27.59601],[-48.53284,-27.59345],[-48.53366,-27.59293],[-48.53397,-27.59251],[-48.53426,-27.59224],[-48.5349,-27.59303],[-48.53552,-27.59482],[-48.53589,-27.59546],[-48.53772,-27.59797],[-48.5385,-27.59855],[-48.5395,-27.59908],[-48.54043,-27.59987],[-48.54079,-27.60089],[-48.5411,-27.6022],[-48.54126,-27.60401],[-48.54159,-27.60559],[-48.54202,-27.60699],[-48.54251,-27.60781],[-48.54203,-27.60938],[-48.54226,-27.6106],[-48.54271,-27.61139],[-48.54347,-27.61184],[-48.54353,-27.61251],[-48.5431,-27.61282],[-48.54307,-27.61328],[-48.54353,-27.61388],[-48.54456,-27.61471],[-48.54386,-27.61544],[-48.54378,-27.61511],[-48.54303,-27.61434],[-48.54198,-27.61369],[-48.5418,-27.61318],[-48.54047,-27.61171],[-48.53898,-27.61228],[-48.53836,-27.61199],[-48.53847,-27.61105],[-48.53815,-27.61028],[-48.53822,-27.60971],[-48.53706,-27.60954],[-48.535,-27.60962],[-48.53307,-27.61018],[-48.52851,-27.61258],[-48.52809,-27.61289],[-48.52749,-27.61379],[-48.5273,-27.61507],[-48.52763,-27.61644],[-48.52704,-27.61794],[-48.52722,-27.61894],[-48.52708,-27.61974],[-48.52501,-27.61936],[-48.52374,-27.61881]]]},"properties":{"codigo":"4205407083","name":"Saco dos Limões","population":17665,"households":8489,"areaKm2":2.7658,"density":6387}},{"type":"Feature","geometry":{"type":"Polygon","coordinates":[[[-48.54202,-27.60699],[-48.54159,-27.60559],[-48.54126,-27.60401],[-48.5411,-27.6022],[-48.54079,-27.60089],[-48.54043,-27.59987],[-48.5395,-27.59908],[-48.5385,-27.59855],[-48.53772,-27.59797],[-48.53589,-27.59546],[-48.53552,-27.59482],[-48.5349,-27.59303],[-48.53426,-27.59224],[-48.53397,-27.59251],[-48.53368,-27.59243],[-48.53267,-27.59061],[-48.53263,-27.59002],[-48.53305,-27.58913],[-48.53365,-27.58823],[-48.53373,-27.58763],[-48.53337,-27.58634],[-48.53163,-27.58352],[-48.53213,-27.58322],[-48.53344,-27.58302],[-48.53378,-27.58335],[-48.53427,-27.58304],[-48.53468,-27.58336],[-48.53556,-27.5827],[-48.53725,-27.58224],[-48.54061,-27.58145],[-48.54081,-27.58201],[-48.54147,-27.58198],[-48.54156,-27.58293],[-48.54182,-27.58361],[-48.54354,-27.58331],[-48.54466,-27.58387],[-48.54541,-27.58297],[-48.54644,-27.58355],[-48.54845,-27.58435],[-48.54963,-27.58469],[-48.55043,-27.58454],[-48.5509,-27.58521],[-48.55183,-27.58581],[-48.55385,-27.58652],[-48.55529,-27.58689],[-48.55701,-27.58688],[-48.55825,-27.58783],[-48.56024,-27.58861],[-48.56163,-27.58904],[-48.56259,-27.58964],[-48.56319,-27.59067],[-48.56321,-27.59179],[-48.56379,-27.59203],[-48.56359,-27.59262],[-48.56388,-27.59358],[-48.56327,-27.594],[-48.56264,-27.59411],[-48.56209,-27.59489],[-48.56112,-27.59563],[-48.56087,-27.59657],[-48.56136,-27.59702],[-48.56167,-27.59776],[-48.56105,-27.59853],[-48.56001,-27.59919],[-48.55836,-27.60006],[-48.55734,-27.60037],[-48.55451,-27.60148],[-48.55327,-27.60221],[-48.55225,-27.60322],[-48.551,-27.6042],[-48.55031,-27.60495],[-48.54966,-27.60604],[-48.54906,-27.60672],[-48.54758,-27.60762],[-48.54709,-27.6069],[-48.54697,-27.60531],[-48.54455,-27.6063],[-48.54472,-27.60656],[-48.54308,-27.60722],[-48.54202,-27.60699]]]},"properties":{"codigo":"4205407001","name":"Centro","population":42308,"households":23368,"areaKm2":5.3728,"density":7874.5}},{"type":"Feature","geometry":{"type":"Polygon","coordinates":[[[-48.52387,-27.57928],[-48.52529,-27.57638],[-48.52614,-27.57509],[-48.52674,-27.57449],[-48.52778,-27.57379],[-48.52713,-27.57253],[-48.52876,-27.573],[-48.53223,-27.57187],[-48.53342,-27.57153],[-48.5354,-27.57141],[-48.53559,-27.57106],[-48.53704,-27.57087],[-48.53775,-27.57207],[-48.53834,-27.57236],[-48.53993,-27.57284],[-48.541,-27.57385],[-48.54236,-27.57483],[-48.54319,-27.57565],[-48.5437,-27.57643],[-48.54416,-27.57785],[-48.54484,-27.58088],[-48.54481,-27.58125],[-48.54541,-27.58297],[-48.54466,-27.58387],[-48.54354,-27.58331],[-48.54182,-27.58361],[-48.54156,-27.58293],[-48.54147,-27.58198],[-48.54081,-27.58201],[-48.54061,-27.58145],[-48.53725,-27.58224],[-48.53556,-27.5827],[-48.53468,-27.58336],[-48.53427,-27.58304],[-48.53378,-27.58335],[-48.53344,-27.58302],[-48.53213,-27.58322],[-48.53163,-27.58352],[-48.53052,-27.58233],[-48.52939,-27.58165],[-48.52817,-27.58046],[-48.52814,-27.58086],[-48.52762,-27.58103],[-48.52706,-27.57995],[-48.52608,-27.57928],[-48.52494,-27.5793],[-48.52418,-27.57957],[-48.52387,-27.57928]]]},"properties":{"codigo":"4205407002","name":"Agronômica","population":18675,"households":7976,"areaKm2":1.9701,"density":9479.3}},{"type":"Feature","geometry":{"type":"Polygon","coordinates":[[[-48.42258,-27.57522],[-48.42266,-27.57392],[-48.42312,-27.57399],[-48.42415,-27.57379],[-48.42526,-27.57322],[-48.42658,-27.57163],[-48.42767,-27.56971],[-48.42835,-27.56823],[-48.42977,-27.56835],[-48.43268,-27.57083],[-48.43425,-27.57209],[-48.43417,-27.57396],[-48.43422,-27.57503],[-48.43566,-27.58074],[-48.43663,-27.58063],[-48.43714,-27.58098],[-48.43765,-27.58291],[-48.43781,-27.58443],[-48.4393,-27.58414],[-48.44032,-27.58421],[-48.44136,-27.58531],[-48.44009,-27.5863],[-48.43785,-27.58754],[-48.43756,-27.58782],[-48.43605,-27.58829],[-48.43603,-27.58956],[-48.4334,-27.5895],[-48.43252,-27.58924],[-48.43087,-27.58743],[-48.42841,-27.5864],[-48.42697,-27.58428],[-48.42997,-27.58304],[-48.42839,-27.58036],[-48.42812,-27.57885],[-48.42751,-27.57896],[-48.42653,-27.57888],[-48.42538,-27.57835],[-48.42377,-27.57698],[-48.42283,-27.57644],[-48.42258,-27.57522]]]},"properties":{"codigo":"4205407110","name":"Barra da Lagoa","population":5691,"households":3651,"areaKm2":1.9608,"density":2902.5}},{"type":"Feature","geometry":{"type":"Polygon","coordinates":[[[-48.43122,-27.39874],[-48.42968,-27.39888],[-48.42857,-27.39859],[-48.42747,-27.40037],[-48.42664,-27.40453],[-48.42636,-27.4054],[-48.42592,-27.40596],[-48.4248,-27.40701],[-48.42422,-27.40824],[-48.42428,-27.40942],[-48.42509,-27.41308],[-48.42858,-27.41315],[-48.4295,-27.41552],[-48.43001,-27.41627],[-48.42884,-27.41677],[-48.42801,-27.41697],[-48.42779,-27.41754],[-48.42749,-27.41925],[-48.42677,-27.42002],[-48.42306,-27.4199],[-48.42271,-27.42082],[-48.42225,-27.42081],[-48.42235,-27.41953],[-48.42197,-27.41892],[-48.42195,-27.41802],[-48.42147,-27.41768],[-48.42161,-27.41572],[-48.4222,-27.41574],[-48.4225,-27.41499],[-48.42256,-27.41415],[-48.42219,-27.41357],[-48.42162,-27.41212],[-48.42165,-27.41141],[-48.42194,-27.41024],[-48.42193,-27.40895],[-48.42227,-27.40807],[-48.42272,-27.40752],[-48.42204,-27.40712],[-48.42228,-27.40678],[-48.42309,-27.40639],[-48.42381,-27.40541],[-48.42333,-27.40417],[-48.42331,-27.4035],[-48.42581,-27.40338],[-48.42573,-27.402],[-48.42466,-27.40215],[-48.42311,-27.40123],[-48.42316,-27.39943],[-48.42254,-27.39766],[-48.42214,-27.3971],[-48.42128,-27.39709],[-48.42122,-27.39682],[-48.41919,-27.39699],[-48.41912,-27.39621],[-48.42009,-27.39614],[-48.42198,-27.39585],[-48.42278,-27.39585],[-48.42432,-27.39531],[-48.42427,-27.39514],[-48.4269,-27.39472],[-48.4276,-27.3945],[-48.42886,-27.39335],[-48.42874,-27.3932],[-48.42974,-27.39199],[-48.43058,-27.3915],[-48.43128,-27.39078],[-48.43185,-27.39128],[-48.43356,-27.3932],[-48.43455,-27.39467],[-48.43343,-27.39625],[-48.43311,-27.39644],[-48.43262,-27.39743],[-48.43122,-27.39874]]]},"properties":{"codigo":"4205407112","name":"Ponta das Canas","population":4326,"households":3228,"areaKm2":1.5927,"density":2716.1}},{"type":"Feature","geometry":{"type":"Polygon","coordinates":[[[-48.45503,-27.45509],[-48.4546,-27.45504],[-48.45396,-27.45537],[-48.45317,-27.45798],[-48.45291,-27.45908],[-48.45212,-27.46177],[-48.45059,-27.46719],[-48.44977,-27.46888],[-48.4481,-27.46935],[-48.4454,-27.46857],[-48.44459,-27.46781],[-48.44394,-27.46779],[-48.44588,-27.46522],[-48.44505,-27.46055],[-48.44591,-27.46042],[-48.44549,-27.45857],[-48.44478,-27.45869],[-48.44433,-27.45637],[-48.44406,-27.45277],[-48.44426,-27.45222],[-48.44404,-27.45153],[-48.44694,-27.45202],[-48.45072,-27.45261],[-48.45372,-27.45279],[-48.45375,-27.45283],[-48.45503,-27.45509]]]},"properties":{"codigo":"4205407091","name":"Vargem Grande","population":4899,"households":2123,"areaKm2":1.3651,"density":3588.6}},{"type":"Feature","geometry":{"type":"MultiPolygon","coordinates":[[[[-48.43001,-27.41627],[-48.43126,-27.41758],[-48.43279,-27.41888],[-48.43498,-27.4204],[-48.437,-27.42157],[-48.44012,-27.42307],[-48.44277,-27.4241],[-48.44561,-27.42496],[-48.44625,-27.42507],[-48.4492,-27.42579],[-48.44874,-27.42864],[-48.44726,-27.42966],[-48.44712,-27.43052],[-48.44632,-27.43127],[-48.44554,-27.43247],[-48.4455,-27.43277],[-48.44624,-27.43451],[-48.44661,-27.43598],[-48.44705,-27.43827],[-48.44806,-27.4427],[-48.44893,-27.44437],[-48.43583,-27.44439],[-48.43256,-27.44443],[-48.43194,-27.44451],[-48.42951,-27.44124],[-48.42853,-27.44004],[-48.42598,-27.43722],[-48.42793,-27.43576],[-48.43227,-27.4319],[-48.43063,-27.42985],[-48.4301,-27.429],[-48.42926,-27.42726],[-48.42975,-27.42488],[-48.42897,-27.42519],[-48.42906,-27.42457],[-48.42861,-27.42396],[-48.42921,-27.42358],[-48.42811,-27.42176],[-48.42709,-27.4202],[-48.42677,-27.42002],[-48.42749,-27.41925],[-48.42779,-27.41754],[-48.42801,-27.41697],[-48.42884,-27.41677],[-48.43001,-27.41627]]],[[[-48.42524,-27.44752],[-48.42417,-27.44764],[-48.42382,-27.44841],[-48.42385,-27.44893],[-48.42452,-27.44958],[-48.42574,-27.4504],[-48.42374,-27.45071],[-48.42336,-27.45017],[-48.42048,-27.45055],[-48.41956,-27.44852],[-48.42231,-27.44801],[-48.42247,-27.44748],[-48.42302,-27.44717],[-48.42377,-27.4474],[-48.42524,-27.44752]]]]},"properties":{"codigo":"4205407090","name":"Cachoeira do Bom Jesus","population":2732,"households":2752,"areaKm2":4.6871,"density":582.9}},{"type":"Feature","geometry":{"type":"Polygon","coordinates":[[[-48.41912,-27.39621],[-48.41909,-27.39545],[-48.42265,-27.39515],[-48.42223,-27.39397],[-48.42077,-27.39397],[-48.41978,-27.39249],[-48.41959,-27.39074],[-48.41905,-27.38857],[-48.41905,-27.38748],[-48.41983,-27.38741],[-48.42042,-27.38761],[-48.42046,-27.38866],[-48.42137,-27.38903],[-48.42261,-27.38922],[-48.42472,-27.38922],[-48.42624,-27.38898],[-48.42922,-27.38825],[-48.42961,-27.3886],[-48.42947,-27.3896],[-48.4302,-27.39017],[-48.43128,-27.39078],[-48.43058,-27.3915],[-48.42974,-27.39199],[-48.42874,-27.3932],[-48.42886,-27.39335],[-48.4276,-27.3945],[-48.4269,-27.39472],[-48.42427,-27.39514],[-48.42432,-27.39531],[-48.42278,-27.39585],[-48.42198,-27.39585],[-48.42009,-27.39614],[-48.41912,-27.39621]]]},"properties":{"codigo":"4205407113","name":"Lagoinha do Norte","population":571,"households":738,"areaKm2":0.6705,"density":851.6}},{"type":"Feature","geometry":{"type":"Polygon","coordinates":[[[-48.44404,-27.45153],[-48.44104,-27.45103],[-48.43989,-27.45064],[-48.43664,-27.44899],[-48.4346,-27.44835],[-48.43275,-27.44826],[-48.42524,-27.44752],[-48.42341,-27.44714],[-48.4228,-27.44684],[-48.42167,-27.44542],[-48.42194,-27.44533],[-48.42026,-27.44387],[-48.41965,-27.4425],[-48.42067,-27.44231],[-48.42047,-27.44067],[-48.42298,-27.44043],[-48.42322,-27.43946],[-48.42298,-27.43883],[-48.4222,-27.43889],[-48.42165,-27.43863],[-48.42081,-27.43916],[-48.42125,-27.43773],[-48.42206,-27.43727],[-48.42598,-27.43722],[-48.42853,-27.44004],[-48.42951,-27.44124],[-48.43194,-27.44451],[-48.43256,-27.44443],[-48.43583,-27.44439],[-48.44893,-27.44437],[-48.44958,-27.44436],[-48.44993,-27.44523],[-48.45082,-27.4495],[-48.45181,-27.44935],[-48.45223,-27.45034],[-48.45238,-27.45116],[-48.45285,-27.45124],[-48.45372,-27.45279],[-48.45072,-27.45261],[-48.44694,-27.45202],[-48.44404,-27.45153]]]},"properties":{"codigo":"4205407092","name":"Vargem do Bom Jesus","population":5380,"households":2238,"areaKm2":2.2841,"density":2355.4}},{"type":"Feature","geometry":{"type":"Polygon","coordinates":[[[-48.41772,-27.39694],[-48.41774,-27.39897],[-48.41723,-27.40065],[-48.41801,-27.4019],[-48.41688,-27.40573],[-48.41302,-27.4051],[-48.41269,-27.40547],[-48.4125,-27.40639],[-48.41263,-27.407],[-48.41223,-27.40745],[-48.41097,-27.40668],[-48.41057,-27.40586],[-48.41168,-27.40507],[-48.4126,-27.40294],[-48.41308,-27.40162],[-48.41312,-27.40103],[-48.41366,-27.39882],[-48.414,-27.39633],[-48.41429,-27.39484],[-48.41423,-27.39283],[-48.41411,-27.39204],[-48.41513,-27.39237],[-48.41573,-27.39204],[-48.41697,-27.39303],[-48.41777,-27.39446],[-48.41772,-27.39694]]]},"properties":{"codigo":"4205407111","name":"Praia Brava","population":296,"households":1285,"areaKm2":0.6291,"density":470.5}},{"type":"Feature","geometry":{"type":"MultiPolygon","coordinates":[[[[-48.42677,-27.42002],[-48.42709,-27.4202],[-48.42811,-27.42176],[-48.42921,-27.42358],[-48.42861,-27.42396],[-48.42906,-27.42457],[-48.42897,-27.42519],[-48.42975,-27.42488],[-48.42926,-27.42726],[-48.4301,-27.429],[-48.43063,-27.42985],[-48.43227,-27.4319],[-48.42793,-27.43576],[-48.42598,-27.43722],[-48.42206,-27.43727],[-48.42125,-27.43773],[-48.42133,-27.43682],[-48.42092,-27.43674],[-48.41932,-27.43682],[-48.41769,-27.43074],[-48.41702,-27.43071],[-48.41704,-27.42957],[-48.41617,-27.42955],[-48.4162,-27.42894],[-48.41859,-27.42901],[-48.41855,-27.42659],[-48.41952,-27.42663],[-48.41958,-27.42549],[-48.42129,-27.42553],[-48.42129,-27.42416],[-48.42051,-27.42414],[-48.4205,-27.42345],[-48.42175,-27.42346],[-48.42235,-27.42288],[-48.42241,-27.42132],[-48.42271,-27.42082],[-48.42306,-27.4199],[-48.42677,-27.42002]]],[[[-48.43122,-27.39874],[-48.43044,-27.39914],[-48.42993,-27.40028],[-48.42945,-27.40066],[-48.42927,-27.40171],[-48.42934,-27.40222],[-48.43007,-27.40389],[-48.43024,-27.40452],[-48.43011,-27.40613],[-48.42939,-27.40941],[-48.42931,-27.41093],[-48.42912,-27.41269],[-48.42858,-27.41315],[-48.42509,-27.41308],[-48.42428,-27.40942],[-48.42422,-27.40824],[-48.4248,-27.40701],[-48.42592,-27.40596],[-48.42636,-27.4054],[-48.42664,-27.40453],[-48.42747,-27.40037],[-48.42857,-27.39859],[-48.42968,-27.39888],[-48.43122,-27.39874]]]]},"properties":{"codigo":"4205407114","name":"Cachoeira do Bom Jesus Leste","population":5020,"households":2995,"areaKm2":2.451,"density":2048.2}},{"type":"Feature","geometry":{"type":"Polygon","coordinates":[[[-48.4885,-27.69532],[-48.48781,-27.6951],[-48.4866,-27.69449],[-48.48468,-27.69289],[-48.48432,-27.69232],[-48.4839,-27.69054],[-48.48348,-27.69005],[-48.48251,-27.68966],[-48.482,-27.68999],[-48.48144,-27.68937],[-48.48093,-27.68818],[-48.48076,-27.68691],[-48.48253,-27.68614],[-48.48569,-27.68444],[-48.4905,-27.68137],[-48.49016,-27.68078],[-48.49236,-27.6795],[-48.49213,-27.6792],[-48.4935,-27.67831],[-48.49441,-27.67957],[-48.49395,-27.67984],[-48.49437,-27.68046],[-48.49391,-27.68079],[-48.49491,-27.68204],[-48.49617,-27.6814],[-48.49856,-27.68629],[-48.49904,-27.68609],[-48.50082,-27.68907],[-48.49892,-27.69034],[-48.49863,-27.68992],[-48.4939,-27.69267],[-48.49119,-27.69385],[-48.48945,-27.69452],[-48.4885,-27.69532]]]},"properties":{"codigo":"4205407103","name":"Campeche Leste","population":6063,"households":3281,"areaKm2":1.9149,"density":3166.3}},{"type":"Feature","geometry":{"type":"Polygon","coordinates":[[[-48.50834,-27.70693],[-48.50834,-27.70767],[-48.50955,-27.70843],[-48.51072,-27.70945],[-48.51187,-27.71003],[-48.51227,-27.71051],[-48.51296,-27.71073],[-48.51321,-27.71136],[-48.51497,-27.71314],[-48.51537,-27.71336],[-48.51482,-27.71399],[-48.51379,-27.71468],[-48.51286,-27.71631],[-48.51218,-27.71695],[-48.50862,-27.71819],[-48.50723,-27.71857],[-48.50601,-27.71929],[-48.50402,-27.72033],[-48.5031,-27.72062],[-48.50289,-27.71974],[-48.50296,-27.71834],[-48.5032,-27.71767],[-48.50264,-27.71616],[-48.50098,-27.71243],[-48.49896,-27.70859],[-48.4985,-27.70809],[-48.49779,-27.70692],[-48.49948,-27.70632],[-48.50102,-27.70625],[-48.50485,-27.70625],[-48.50565,-27.70616],[-48.50551,-27.70549],[-48.50535,-27.70324],[-48.50941,-27.70254],[-48.50913,-27.70296],[-48.50894,-27.70356],[-48.50864,-27.70625],[-48.50834,-27.70693]]]},"properties":{"codigo":"4205407116","name":"Morro das Pedras","population":3222,"households":1721,"areaKm2":1.6604,"density":1940.5}},{"type":"Feature","geometry":{"type":"Polygon","coordinates":[[[-48.47788,-27.66983],[-48.47686,-27.66761],[-48.47583,-27.66455],[-48.47564,-27.66374],[-48.47529,-27.66114],[-48.47506,-27.66039],[-48.47382,-27.65901],[-48.47229,-27.65622],[-48.47175,-27.6546],[-48.47865,-27.65062],[-48.47914,-27.65217],[-48.47989,-27.65327],[-48.48049,-27.65374],[-48.48284,-27.6549],[-48.48269,-27.65565],[-48.48162,-27.65622],[-48.48187,-27.65659],[-48.48084,-27.65715],[-48.48135,-27.65801],[-48.48195,-27.65837],[-48.48374,-27.66091],[-48.48235,-27.66176],[-48.48325,-27.663],[-48.48357,-27.66281],[-48.48398,-27.66371],[-48.48343,-27.66386],[-48.4842,-27.66494],[-48.48131,-27.6665],[-48.48144,-27.66805],[-48.47847,-27.6696],[-48.47788,-27.66983]]]},"properties":{"codigo":"4205407100","name":"Lagoa Pequena","population":3183,"households":2290,"areaKm2":1.3934,"density":2284.4}},{"type":"Feature","geometry":{"type":"Polygon","coordinates":[[[-48.50082,-27.68907],[-48.50423,-27.69241],[-48.50504,-27.69307],[-48.50507,-27.69335],[-48.50371,-27.69356],[-48.50356,-27.69427],[-48.50535,-27.70324],[-48.50551,-27.70549],[-48.50565,-27.70616],[-48.50485,-27.70625],[-48.50102,-27.70625],[-48.49948,-27.70632],[-48.49779,-27.70692],[-48.49759,-27.70675],[-48.49579,-27.70415],[-48.49465,-27.70296],[-48.49404,-27.70197],[-48.49282,-27.70081],[-48.49218,-27.69971],[-48.49176,-27.69945],[-48.48994,-27.69772],[-48.48847,-27.69659],[-48.48931,-27.69569],[-48.4885,-27.69532],[-48.48945,-27.69452],[-48.49119,-27.69385],[-48.4939,-27.69267],[-48.49863,-27.68992],[-48.49892,-27.69034],[-48.50082,-27.68907]]]},"properties":{"codigo":"4205407117","name":"Campeche Sul","population":7572,"households":4014,"areaKm2":2.0351,"density":3720.6}},{"type":"Feature","geometry":{"type":"Polygon","coordinates":[[[-48.47175,-27.6546],[-48.47163,-27.65355],[-48.4712,-27.65281],[-48.47072,-27.65243],[-48.47067,-27.652],[-48.46987,-27.65061],[-48.4694,-27.64912],[-48.46879,-27.64589],[-48.46856,-27.64506],[-48.46761,-27.64307],[-48.47371,-27.63902],[-48.4743,-27.63959],[-48.47483,-27.64037],[-48.47508,-27.64191],[-48.47508,-27.64284],[-48.47538,-27.64331],[-48.47763,-27.6455],[-48.47863,-27.64695],[-48.47911,-27.64807],[-48.47894,-27.64885],[-48.47846,-27.64972],[-48.47865,-27.65062],[-48.47175,-27.6546]]]},"properties":{"codigo":"4205407099","name":"Rio Tavares do Norte","population":2876,"households":1679,"areaKm2":1.1112,"density":2588.2}},{"type":"Feature","geometry":{"type":"Polygon","coordinates":[[[-48.47989,-27.65327],[-48.48113,-27.65247],[-48.48239,-27.65298],[-48.48923,-27.65338],[-48.48999,-27.65362],[-48.49114,-27.65491],[-48.49183,-27.65536],[-48.49436,-27.65619],[-48.50074,-27.6582],[-48.50195,-27.65865],[-48.50208,-27.65924],[-48.50298,-27.66003],[-48.50201,-27.66041],[-48.50116,-27.66139],[-48.50073,-27.66154],[-48.50035,-27.66309],[-48.49751,-27.66803],[-48.49073,-27.67191],[-48.48784,-27.6716],[-48.48698,-27.67043],[-48.48707,-27.67018],[-48.48582,-27.66838],[-48.48431,-27.66604],[-48.4847,-27.66582],[-48.4842,-27.66494],[-48.48343,-27.66386],[-48.48398,-27.66371],[-48.48357,-27.66281],[-48.48325,-27.663],[-48.48235,-27.66176],[-48.48374,-27.66091],[-48.48195,-27.65837],[-48.48135,-27.65801],[-48.48084,-27.65715],[-48.48187,-27.65659],[-48.48162,-27.65622],[-48.48269,-27.65565],[-48.48284,-27.6549],[-48.48049,-27.65374],[-48.47989,-27.65327]]]},"properties":{"codigo":"4205407101","name":"Rio Tavares Central","population":5867,"households":2940,"areaKm2":2.765,"density":2121.9}},{"type":"Feature","geometry":{"type":"Polygon","coordinates":[[[-48.4935,-27.67831],[-48.49073,-27.67191],[-48.49751,-27.66803],[-48.50035,-27.66309],[-48.50073,-27.66154],[-48.50116,-27.66139],[-48.50201,-27.66041],[-48.50331,-27.66172],[-48.50297,-27.66193],[-48.50458,-27.66383],[-48.50718,-27.66455],[-48.50617,-27.66655],[-48.50836,-27.66742],[-48.51151,-27.66928],[-48.51195,-27.67118],[-48.51352,-27.67236],[-48.51529,-27.67499],[-48.5098,-27.6812],[-48.51005,-27.68265],[-48.50411,-27.68678],[-48.50308,-27.68758],[-48.50082,-27.68907],[-48.49904,-27.68609],[-48.49856,-27.68629],[-48.49617,-27.6814],[-48.49491,-27.68204],[-48.49391,-27.68079],[-48.49437,-27.68046],[-48.49395,-27.67984],[-48.49441,-27.67957],[-48.4935,-27.67831]]]},"properties":{"codigo":"4205407102","name":"Campeche Central","population":7248,"households":3577,"areaKm2":3.979,"density":1821.6}},{"type":"Feature","geometry":{"type":"Polygon","coordinates":[[[-48.47865,-27.65062],[-48.47846,-27.64972],[-48.47894,-27.64885],[-48.47911,-27.64807],[-48.47863,-27.64695],[-48.47763,-27.6455],[-48.47538,-27.64331],[-48.47508,-27.64284],[-48.47508,-27.64191],[-48.47483,-27.64037],[-48.47595,-27.63972],[-48.47609,-27.6402],[-48.4772,-27.64059],[-48.4784,-27.64124],[-48.47882,-27.64164],[-48.47954,-27.64155],[-48.48021,-27.64231],[-48.48087,-27.64239],[-48.48142,-27.64302],[-48.48165,-27.64421],[-48.48048,-27.64764],[-48.48032,-27.64868],[-48.4808,-27.64995],[-48.48052,-27.65136],[-48.48069,-27.65196],[-48.48113,-27.65247],[-48.47989,-27.65327],[-48.47914,-27.65217],[-48.47865,-27.65062]]]},"properties":{"codigo":"4205407118","name":"Pedrita","population":894,"households":384,"areaKm2":0.4254,"density":2101.4}},{"type":"Feature","geometry":{"type":"Polygon","coordinates":[[[-48.50535,-27.70324],[-48.50356,-27.69427],[-48.50371,-27.69356],[-48.50507,-27.69335],[-48.50504,-27.69307],[-48.50423,-27.69241],[-48.50933,-27.69243],[-48.50938,-27.6931],[-48.51049,-27.69313],[-48.51849,-27.69039],[-48.52591,-27.68797],[-48.5277,-27.68726],[-48.52948,-27.69461],[-48.5303,-27.69861],[-48.53059,-27.6996],[-48.52777,-27.70023],[-48.52457,-27.70092],[-48.5222,-27.70133],[-48.52014,-27.70157],[-48.51716,-27.70207],[-48.51303,-27.70263],[-48.50984,-27.70302],[-48.50913,-27.70296],[-48.50941,-27.70254],[-48.50535,-27.70324]]]},"properties":{"codigo":"4205407105","name":"Moenda","population":2588,"households":1169,"areaKm2":3.0627,"density":845}},{"type":"Feature","geometry":{"type":"Polygon","coordinates":[[[-48.50082,-27.68907],[-48.50308,-27.68758],[-48.50411,-27.68678],[-48.51005,-27.68265],[-48.5098,-27.6812],[-48.51529,-27.67499],[-48.51707,-27.67812],[-48.51563,-27.68119],[-48.51466,-27.68174],[-48.51381,-27.68204],[-48.51665,-27.6868],[-48.51788,-27.68897],[-48.51849,-27.69039],[-48.51049,-27.69313],[-48.50938,-27.6931],[-48.50933,-27.69243],[-48.50423,-27.69241],[-48.50082,-27.68907]]]},"properties":{"codigo":"4205407104","name":"Autódromo","population":1312,"households":610,"areaKm2":1.6018,"density":819.1}},{"type":"Feature","geometry":{"type":"Polygon","coordinates":[[[-48.48076,-27.68691],[-48.48072,-27.6863],[-48.48133,-27.68602],[-48.48158,-27.68463],[-48.48111,-27.68165],[-48.47992,-27.67695],[-48.47921,-27.67443],[-48.47861,-27.67178],[-48.47788,-27.66983],[-48.47847,-27.6696],[-48.48144,-27.66805],[-48.48131,-27.6665],[-48.4842,-27.66494],[-48.4847,-27.66582],[-48.48431,-27.66604],[-48.48582,-27.66838],[-48.48707,-27.67018],[-48.48698,-27.67043],[-48.48784,-27.6716],[-48.49073,-27.67191],[-48.4935,-27.67831],[-48.49213,-27.6792],[-48.49236,-27.6795],[-48.49016,-27.68078],[-48.4905,-27.68137],[-48.48569,-27.68444],[-48.48253,-27.68614],[-48.48076,-27.68691]]]},"properties":{"codigo":"4205407115","name":"Campeche Norte","population":5082,"households":2979,"areaKm2":1.9704,"density":2579.2}},{"type":"Feature","geometry":{"type":"Polygon","coordinates":[[[-48.45375,-27.45283],[-48.4572,-27.45298],[-48.4573,-27.45113],[-48.45915,-27.45116],[-48.46248,-27.45045],[-48.46526,-27.45086],[-48.46645,-27.4503],[-48.46602,-27.44772],[-48.4664,-27.44427],[-48.46705,-27.44433],[-48.47247,-27.44537],[-48.47441,-27.44579],[-48.47503,-27.44608],[-48.47633,-27.44784],[-48.47899,-27.45231],[-48.47925,-27.45252],[-48.48402,-27.45556],[-48.48412,-27.4546],[-48.48441,-27.45459],[-48.48485,-27.45463],[-48.48547,-27.45393],[-48.48575,-27.45267],[-48.48656,-27.45151],[-48.4871,-27.45124],[-48.48736,-27.45157],[-48.48845,-27.45213],[-48.48954,-27.45314],[-48.49388,-27.45595],[-48.49459,-27.45674],[-48.49494,-27.45765],[-48.49483,-27.45898],[-48.49122,-27.46847],[-48.49066,-27.46816],[-48.48951,-27.46707],[-48.48878,-27.46681],[-48.48793,-27.46679],[-48.48623,-27.46702],[-48.4854,-27.46701],[-48.484,-27.4666],[-48.48271,-27.46669],[-48.48139,-27.46721],[-48.47885,-27.46874],[-48.47827,-27.46952],[-48.47823,-27.47059],[-48.47839,-27.47164],[-48.47897,-27.47282],[-48.48014,-27.47436],[-48.48195,-27.47492],[-48.48386,-27.47471],[-48.48498,-27.47506],[-48.48696,-27.47622],[-48.48841,-27.47782],[-48.48875,-27.4785],[-48.4886,-27.47941],[-48.48873,-27.47994],[-48.48793,-27.48002],[-48.48537,-27.47906],[-48.47939,-27.47672],[-48.47757,-27.47577],[-48.47232,-27.47274],[-48.47123,-27.47189],[-48.46842,-27.46942],[-48.47034,-27.46828],[-48.46621,-27.46607],[-48.46635,-27.46541],[-48.46641,-27.46369],[-48.46198,-27.46123],[-48.46094,-27.46361],[-48.46185,-27.46466],[-48.46318,-27.46577],[-48.46469,-27.46658],[-48.46419,-27.46709],[-48.46347,-27.46666],[-48.46266,-27.46669],[-48.46167,-27.46652],[-48.46092,-27.46628],[-48.46041,-27.46566],[-48.45958,-27.46531],[-48.45903,-27.46556],[-48.4585,-27.46637],[-48.45764,-27.4659],[-48.45702,-27.46525],[-48.45628,-27.46397],[-48.45583,-27.4635],[-48.45564,-27.46239],[-48.45508,-27.46143],[-48.45497,-27.46011],[-48.45519,-27.45944],[-48.45512,-27.45827],[-48.45534,-27.45682],[-48.45485,-27.45588],[-48.45503,-27.45509],[-48.45375,-27.45283]]]},"properties":{"codigo":"4205407093","name":"Jurerê","population":886,"households":404,"areaKm2":7.6937,"density":115.2}},{"type":"Feature","geometry":{"type":"Polygon","coordinates":[[[-48.4664,-27.44427],[-48.4664,-27.44424],[-48.4664,-27.44215],[-48.46728,-27.44059],[-48.46849,-27.44033],[-48.4696,-27.4396],[-48.4701,-27.43761],[-48.47019,-27.43645],[-48.47075,-27.43532],[-48.47102,-27.43593],[-48.47181,-27.43553],[-48.47154,-27.43492],[-48.47346,-27.43409],[-48.47472,-27.43321],[-48.47616,-27.43584],[-48.47799,-27.44096],[-48.47864,-27.44232],[-48.47894,-27.44336],[-48.47957,-27.44488],[-48.48153,-27.44818],[-48.48235,-27.44916],[-48.48326,-27.45051],[-48.48387,-27.45185],[-48.48425,-27.45335],[-48.48441,-27.45459],[-48.48412,-27.4546],[-48.48402,-27.45556],[-48.47925,-27.45252],[-48.47899,-27.45231],[-48.47633,-27.44784],[-48.47503,-27.44608],[-48.47441,-27.44579],[-48.47247,-27.44537],[-48.46705,-27.44433],[-48.4664,-27.44427]]]},"properties":{"codigo":"4205407094","name":"Canto do Lamim","population":375,"households":172,"areaKm2":1.5595,"density":240.5}},{"type":"Feature","geometry":{"type":"Polygon","coordinates":[[[-48.45372,-27.45279],[-48.45285,-27.45124],[-48.45238,-27.45116],[-48.45223,-27.45034],[-48.45181,-27.44935],[-48.45082,-27.4495],[-48.44993,-27.44523],[-48.44958,-27.44436],[-48.45158,-27.4444],[-48.45737,-27.44433],[-48.4592,-27.44427],[-48.4664,-27.44424],[-48.4664,-27.44427],[-48.46602,-27.44772],[-48.46645,-27.4503],[-48.46526,-27.45086],[-48.46248,-27.45045],[-48.45915,-27.45116],[-48.4573,-27.45113],[-48.4572,-27.45298],[-48.45375,-27.45283],[-48.45372,-27.45279]]]},"properties":{"codigo":"4205407095","name":"Vargem de Fora","population":2428,"households":980,"areaKm2":1.205,"density":2014.9}},{"type":"Feature","geometry":{"type":"Polygon","coordinates":[[[-48.49367,-27.43765],[-48.4952,-27.43743],[-48.49803,-27.4372],[-48.5018,-27.43664],[-48.50494,-27.43585],[-48.50718,-27.43498],[-48.50941,-27.43424],[-48.51052,-27.43365],[-48.5134,-27.43241],[-48.51503,-27.43162],[-48.51553,-27.43376],[-48.51565,-27.4348],[-48.51628,-27.43593],[-48.51715,-27.43563],[-48.51721,-27.43662],[-48.51751,-27.43743],[-48.51751,-27.43831],[-48.51711,-27.43904],[-48.51706,-27.44009],[-48.51756,-27.44058],[-48.51783,-27.44148],[-48.51843,-27.44195],[-48.51944,-27.44243],[-48.52072,-27.44286],[-48.5214,-27.44367],[-48.52206,-27.44547],[-48.52184,-27.44672],[-48.52194,-27.44714],[-48.52272,-27.44796],[-48.52306,-27.44889],[-48.52232,-27.44988],[-48.52138,-27.45059],[-48.52114,-27.45166],[-48.52035,-27.45246],[-48.5187,-27.45596],[-48.51798,-27.45711],[-48.51729,-27.45789],[-48.51612,-27.45898],[-48.51455,-27.45946],[-48.51284,-27.45974],[-48.51134,-27.45978],[-48.5099,-27.45938],[-48.50793,-27.4593],[-48.50655,-27.45899],[-48.50571,-27.45896],[-48.50473,-27.45871],[-48.50364,-27.45814],[-48.50183,-27.45766],[-48.50139,-27.45717],[-48.50069,-27.45551],[-48.49932,-27.45399],[-48.49855,-27.45372],[-48.49712,-27.45377],[-48.49604,-27.45399],[-48.49561,-27.45388],[-48.495,-27.45563],[-48.49502,-27.45652],[-48.49478,-27.45675],[-48.49427,-27.4545],[-48.49353,-27.45232],[-48.49281,-27.45116],[-48.49488,-27.45022],[-48.49487,-27.44886],[-48.49396,-27.44055],[-48.49385,-27.43865],[-48.49367,-27.43765]]]},"properties":{"codigo":"4205407121","name":"Jurere Oeste","population":2603,"households":2515,"areaKm2":6.2503,"density":416.5}},{"type":"Feature","geometry":{"type":"Polygon","coordinates":[[[-48.5214,-27.44367],[-48.52374,-27.44337],[-48.52407,-27.44362],[-48.52446,-27.44473],[-48.52589,-27.44534],[-48.52793,-27.44572],[-48.53099,-27.44639],[-48.53246,-27.4466],[-48.53352,-27.44689],[-48.53867,-27.44918],[-48.53994,-27.45044],[-48.54077,-27.45163],[-48.54175,-27.45363],[-48.54218,-27.4542],[-48.5438,-27.45534],[-48.54498,-27.45648],[-48.54673,-27.4586],[-48.54689,-27.45918],[-48.5459,-27.45925],[-48.54462,-27.45904],[-48.54459,-27.45841],[-48.54388,-27.45761],[-48.54306,-27.45712],[-48.54193,-27.45594],[-48.54098,-27.45571],[-48.54083,-27.45535],[-48.5401,-27.45507],[-48.5402,-27.45404],[-48.54063,-27.45383],[-48.54052,-27.45305],[-48.5393,-27.45223],[-48.538,-27.45203],[-48.53742,-27.45238],[-48.53672,-27.45207],[-48.53587,-27.45212],[-48.53503,-27.45247],[-48.53463,-27.45323],[-48.53378,-27.45329],[-48.53306,-27.45307],[-48.5323,-27.4531],[-48.53179,-27.45289],[-48.53077,-27.45311],[-48.53025,-27.45304],[-48.52911,-27.45225],[-48.52773,-27.45193],[-48.5268,-27.45125],[-48.52618,-27.45126],[-48.52572,-27.45155],[-48.52467,-27.4509],[-48.52357,-27.45161],[-48.52306,-27.44889],[-48.52272,-27.44796],[-48.52194,-27.44714],[-48.52184,-27.44672],[-48.52206,-27.44547],[-48.5214,-27.44367]]]},"properties":{"codigo":"4205407123","name":"Daniela","population":1088,"households":1010,"areaKm2":1.2578,"density":865}},{"type":"Feature","geometry":{"type":"Polygon","coordinates":[[[-48.51503,-27.43162],[-48.51564,-27.43116],[-48.51626,-27.43114],[-48.51716,-27.43062],[-48.51809,-27.43089],[-48.51893,-27.43059],[-48.51885,-27.43157],[-48.51894,-27.43252],[-48.51988,-27.4336],[-48.51991,-27.43436],[-48.5204,-27.43577],[-48.52008,-27.43691],[-48.52013,-27.43817],[-48.5218,-27.43958],[-48.52257,-27.44059],[-48.52279,-27.44166],[-48.52336,-27.44237],[-48.52374,-27.44337],[-48.5214,-27.44367],[-48.52072,-27.44286],[-48.51944,-27.44243],[-48.51843,-27.44195],[-48.51783,-27.44148],[-48.51756,-27.44058],[-48.51706,-27.44009],[-48.51711,-27.43904],[-48.51751,-27.43831],[-48.51751,-27.43743],[-48.51721,-27.43662],[-48.51715,-27.43563],[-48.51628,-27.43593],[-48.51565,-27.4348],[-48.51553,-27.43376],[-48.51503,-27.43162]]]},"properties":{"codigo":"4205407122","name":"Forte","population":170,"households":173,"areaKm2":0.5307,"density":320.3}},{"type":"Feature","geometry":{"type":"Polygon","coordinates":[[[-48.4492,-27.42579],[-48.45082,-27.42622],[-48.45289,-27.42658],[-48.45762,-27.42712],[-48.45958,-27.42725],[-48.46388,-27.42745],[-48.46587,-27.42761],[-48.46709,-27.42755],[-48.4702,-27.42703],[-48.47155,-27.42667],[-48.47244,-27.42659],[-48.47311,-27.42635],[-48.47406,-27.42743],[-48.47545,-27.42744],[-48.47583,-27.42782],[-48.47694,-27.42812],[-48.4774,-27.42891],[-48.47635,-27.42958],[-48.47544,-27.42979],[-48.47495,-27.4303],[-48.47456,-27.43163],[-48.47472,-27.43321],[-48.47346,-27.43409],[-48.47154,-27.43492],[-48.47181,-27.43553],[-48.47102,-27.43593],[-48.47075,-27.43532],[-48.47019,-27.43645],[-48.4701,-27.43761],[-48.4696,-27.4396],[-48.46849,-27.44033],[-48.46728,-27.44059],[-48.4664,-27.44215],[-48.4664,-27.44424],[-48.4592,-27.44427],[-48.45737,-27.44433],[-48.45158,-27.4444],[-48.44958,-27.44436],[-48.44893,-27.44437],[-48.44806,-27.4427],[-48.44705,-27.43827],[-48.44661,-27.43598],[-48.44624,-27.43451],[-48.4455,-27.43277],[-48.44554,-27.43247],[-48.44632,-27.43127],[-48.44712,-27.43052],[-48.44726,-27.42966],[-48.44874,-27.42864],[-48.4492,-27.42579]]]},"properties":{"codigo":"4205407119","name":"Canasvieiras","population":11983,"households":10682,"areaKm2":4.6093,"density":2599.7}},{"type":"Feature","geometry":{"type":"Polygon","coordinates":[[[-48.48441,-27.45459],[-48.48425,-27.45335],[-48.48387,-27.45185],[-48.48326,-27.45051],[-48.48235,-27.44916],[-48.48153,-27.44818],[-48.47957,-27.44488],[-48.47894,-27.44336],[-48.47864,-27.44232],[-48.47799,-27.44096],[-48.47616,-27.43584],[-48.47472,-27.43321],[-48.47456,-27.43163],[-48.47495,-27.4303],[-48.47544,-27.42979],[-48.47635,-27.42958],[-48.4774,-27.42891],[-48.47785,-27.42917],[-48.47902,-27.42943],[-48.47945,-27.43033],[-48.47914,-27.43115],[-48.47931,-27.43176],[-48.47934,-27.43301],[-48.47949,-27.43397],[-48.47978,-27.43464],[-48.48032,-27.43522],[-48.48153,-27.43602],[-48.48158,-27.43663],[-48.48205,-27.43704],[-48.48347,-27.43756],[-48.48513,-27.43786],[-48.48734,-27.43804],[-48.49367,-27.43765],[-48.49385,-27.43865],[-48.49396,-27.44055],[-48.49487,-27.44886],[-48.49488,-27.45022],[-48.49281,-27.45116],[-48.49353,-27.45232],[-48.49427,-27.4545],[-48.49478,-27.45675],[-48.49459,-27.45674],[-48.49388,-27.45595],[-48.48954,-27.45314],[-48.48845,-27.45213],[-48.48736,-27.45157],[-48.4871,-27.45124],[-48.48656,-27.45151],[-48.48575,-27.45267],[-48.48547,-27.45393],[-48.48485,-27.45463],[-48.48441,-27.45459]]]},"properties":{"codigo":"4205407120","name":"Jurere Leste","population":5234,"households":4840,"areaKm2":2.8198,"density":1856.2}},{"type":"Feature","geometry":{"type":"Polygon","coordinates":[[[-48.39908,-27.42569],[-48.39963,-27.42626],[-48.40142,-27.42723],[-48.40191,-27.4276],[-48.40318,-27.42802],[-48.4039,-27.42846],[-48.40499,-27.42947],[-48.40657,-27.4301],[-48.40714,-27.43002],[-48.40838,-27.43034],[-48.40919,-27.43008],[-48.40956,-27.43061],[-48.40973,-27.43217],[-48.41094,-27.43218],[-48.4124,-27.43203],[-48.41316,-27.43173],[-48.41377,-27.43262],[-48.41419,-27.43365],[-48.4143,-27.43446],[-48.41475,-27.43522],[-48.41486,-27.43679],[-48.41559,-27.43824],[-48.4156,-27.43935],[-48.41638,-27.43977],[-48.41503,-27.44014],[-48.41296,-27.44022],[-48.41189,-27.44001],[-48.41108,-27.43946],[-48.40865,-27.43947],[-48.40579,-27.43939],[-48.40412,-27.43956],[-48.4011,-27.43941],[-48.39705,-27.43932],[-48.39445,-27.43913],[-48.39307,-27.43851],[-48.3929,-27.43823],[-48.39252,-27.43655],[-48.39204,-27.43599],[-48.3912,-27.43609],[-48.39089,-27.43579],[-48.39367,-27.43287],[-48.39559,-27.43068],[-48.3957,-27.43042],[-48.39716,-27.42862],[-48.39908,-27.42569]]]},"properties":{"codigo":"4205407124","name":"Ingleses Centro","population":7870,"households":6604,"areaKm2":2.3502,"density":3348.7}},{"type":"Feature","geometry":{"type":"Polygon","coordinates":[[[-48.39445,-27.43913],[-48.39405,-27.44106],[-48.39277,-27.44097],[-48.39169,-27.4406],[-48.39063,-27.44057],[-48.39026,-27.43995],[-48.3893,-27.43995],[-48.38885,-27.44033],[-48.38879,-27.44146],[-48.38785,-27.44147],[-48.38789,-27.44231],[-48.38854,-27.44231],[-48.38872,-27.44431],[-48.38905,-27.44429],[-48.38909,-27.44657],[-48.38825,-27.4466],[-48.38807,-27.44717],[-48.38744,-27.44766],[-48.38692,-27.44473],[-48.3865,-27.44134],[-48.38629,-27.44192],[-48.3864,-27.4429],[-48.38625,-27.44333],[-48.38646,-27.44395],[-48.38626,-27.44446],[-48.38633,-27.44583],[-48.38463,-27.44571],[-48.38439,-27.44514],[-48.38446,-27.44371],[-48.38392,-27.44206],[-48.38336,-27.44213],[-48.38334,-27.44307],[-48.38368,-27.44373],[-48.38352,-27.44538],[-48.38362,-27.44645],[-48.37926,-27.447],[-48.37808,-27.44725],[-48.37796,-27.44683],[-48.37607,-27.44709],[-48.37631,-27.44648],[-48.37605,-27.44438],[-48.37555,-27.44439],[-48.37523,-27.44378],[-48.3768,-27.44352],[-48.3789,-27.44284],[-48.38173,-27.44174],[-48.38451,-27.44039],[-48.38678,-27.43904],[-48.38906,-27.43748],[-48.39089,-27.43579],[-48.3912,-27.43609],[-48.39204,-27.43599],[-48.39252,-27.43655],[-48.3929,-27.43823],[-48.39307,-27.43851],[-48.39445,-27.43913]]]},"properties":{"codigo":"4205407126","name":"Ingleses Sul","population":3344,"households":3552,"areaKm2":0.9045,"density":3696.9}},{"type":"Feature","geometry":{"type":"Polygon","coordinates":[[[-48.38362,-27.44645],[-48.38378,-27.44749],[-48.38343,-27.44924],[-48.38342,-27.45097],[-48.38364,-27.45222],[-48.38351,-27.45279],[-48.38352,-27.45451],[-48.38378,-27.45634],[-48.38372,-27.45863],[-48.38395,-27.45917],[-48.38383,-27.46124],[-48.38403,-27.46292],[-48.38351,-27.46301],[-48.38369,-27.46426],[-48.38339,-27.46468],[-48.3837,-27.46541],[-48.38391,-27.46648],[-48.38284,-27.46744],[-48.38214,-27.46739],[-48.38001,-27.46697],[-48.37937,-27.46672],[-48.37839,-27.46687],[-48.37769,-27.46717],[-48.377,-27.46714],[-48.3768,-27.46747],[-48.37615,-27.46728],[-48.37677,-27.4662],[-48.37708,-27.46478],[-48.37644,-27.46282],[-48.37639,-27.46216],[-48.37574,-27.46059],[-48.3767,-27.46022],[-48.37664,-27.45902],[-48.37681,-27.45865],[-48.37703,-27.45703],[-48.37955,-27.45661],[-48.37977,-27.45624],[-48.3796,-27.45529],[-48.37857,-27.45346],[-48.37761,-27.45362],[-48.37717,-27.45321],[-48.37625,-27.45163],[-48.37611,-27.44957],[-48.3758,-27.4489],[-48.37614,-27.44745],[-48.37607,-27.44709],[-48.37796,-27.44683],[-48.37808,-27.44725],[-48.37926,-27.447],[-48.38362,-27.44645]]]},"properties":{"codigo":"4205407127","name":"Santinho","population":4993,"households":3232,"areaKm2":1.4909,"density":3349}},{"type":"Feature","geometry":{"type":"Polygon","coordinates":[[[-48.41503,-27.44014],[-48.41543,-27.44174],[-48.41444,-27.44229],[-48.41339,-27.44242],[-48.4133,-27.44436],[-48.41639,-27.44429],[-48.41639,-27.44589],[-48.41712,-27.4479],[-48.41774,-27.44788],[-48.41771,-27.44856],[-48.41704,-27.44856],[-48.41664,-27.45062],[-48.41647,-27.45191],[-48.41208,-27.45672],[-48.41167,-27.45712],[-48.41138,-27.45839],[-48.41084,-27.4595],[-48.41046,-27.45988],[-48.41062,-27.46131],[-48.40888,-27.46115],[-48.40513,-27.46256],[-48.39476,-27.46645],[-48.39484,-27.46545],[-48.39469,-27.46452],[-48.39428,-27.46383],[-48.39368,-27.46349],[-48.39349,-27.46273],[-48.39404,-27.46229],[-48.39365,-27.46145],[-48.39371,-27.46006],[-48.39362,-27.4584],[-48.39376,-27.45693],[-48.39374,-27.45408],[-48.39387,-27.45286],[-48.39393,-27.4507],[-48.39418,-27.44855],[-48.39457,-27.44843],[-48.39467,-27.44746],[-48.39445,-27.44697],[-48.39372,-27.44642],[-48.39402,-27.44497],[-48.39457,-27.44405],[-48.39426,-27.4432],[-48.39435,-27.44186],[-48.39405,-27.44106],[-48.39445,-27.43913],[-48.39705,-27.43932],[-48.4011,-27.43941],[-48.40412,-27.43956],[-48.40579,-27.43939],[-48.40865,-27.43947],[-48.41108,-27.43946],[-48.41189,-27.44001],[-48.41296,-27.44022],[-48.41503,-27.44014]]]},"properties":{"codigo":"4205407128","name":"Capivari","population":31412,"households":15321,"areaKm2":5.3028,"density":5923.7}},{"type":"Feature","geometry":{"type":"Polygon","coordinates":[[[-48.39908,-27.42569],[-48.39985,-27.42427],[-48.40037,-27.42361],[-48.40059,-27.4229],[-48.4013,-27.42173],[-48.40199,-27.42016],[-48.40248,-27.41852],[-48.4033,-27.41694],[-48.40382,-27.41543],[-48.40413,-27.41547],[-48.40411,-27.41669],[-48.40454,-27.41698],[-48.40515,-27.41688],[-48.40564,-27.4173],[-48.40655,-27.41744],[-48.40722,-27.41736],[-48.40782,-27.41774],[-48.409,-27.41721],[-48.40968,-27.41807],[-48.40979,-27.41921],[-48.41023,-27.4205],[-48.41012,-27.42152],[-48.41043,-27.42374],[-48.41035,-27.42435],[-48.41082,-27.425],[-48.41099,-27.42676],[-48.41033,-27.42818],[-48.41025,-27.42898],[-48.40976,-27.42964],[-48.40956,-27.43061],[-48.40919,-27.43008],[-48.40838,-27.43034],[-48.40714,-27.43002],[-48.40657,-27.4301],[-48.40499,-27.42947],[-48.4039,-27.42846],[-48.40318,-27.42802],[-48.40191,-27.4276],[-48.40142,-27.42723],[-48.39963,-27.42626],[-48.39908,-27.42569]]]},"properties":{"codigo":"4205407125","name":"Ingleses Norte","population":2201,"households":4113,"areaKm2":1.2152,"density":1811.2}},{"type":"Feature","geometry":{"type":"Polygon","coordinates":[[[-48.43943,-27.607],[-48.43907,-27.60586],[-48.43786,-27.60631],[-48.43636,-27.60606],[-48.4355,-27.60698],[-48.43471,-27.60556],[-48.43362,-27.60389],[-48.43317,-27.60299],[-48.43233,-27.60199],[-48.43132,-27.60043],[-48.43304,-27.59939],[-48.43437,-27.59951],[-48.43454,-27.5989],[-48.43551,-27.59882],[-48.43553,-27.59838],[-48.43614,-27.59765],[-48.43689,-27.59797],[-48.4381,-27.59888],[-48.43893,-27.59855],[-48.44015,-27.59824],[-48.43973,-27.5991],[-48.43921,-27.59958],[-48.44009,-27.60086],[-48.44015,-27.60132],[-48.43956,-27.60185],[-48.43932,-27.60287],[-48.43941,-27.60361],[-48.43977,-27.60396],[-48.44169,-27.60512],[-48.44178,-27.60531],[-48.44058,-27.60587],[-48.44047,-27.60642],[-48.43943,-27.607]]]},"properties":{"codigo":"4205407135","name":"Praia Mole","population":178,"households":169,"areaKm2":0.5843,"density":304.6}},{"type":"Feature","geometry":{"type":"Polygon","coordinates":[[[-48.4632,-27.59588],[-48.46363,-27.59631],[-48.46445,-27.59674],[-48.46643,-27.5983],[-48.46686,-27.59816],[-48.46629,-27.59616],[-48.46677,-27.59601],[-48.46758,-27.59783],[-48.46819,-27.5989],[-48.46884,-27.59887],[-48.46895,-27.59942],[-48.47076,-27.60001],[-48.46771,-27.60411],[-48.46913,-27.60421],[-48.47129,-27.60315],[-48.47323,-27.60072],[-48.47415,-27.59944],[-48.47491,-27.59937],[-48.47618,-27.60067],[-48.47645,-27.6006],[-48.47621,-27.59967],[-48.47716,-27.60021],[-48.47831,-27.60125],[-48.47904,-27.60139],[-48.47987,-27.60204],[-48.48065,-27.60287],[-48.48133,-27.60306],[-48.48344,-27.60445],[-48.48405,-27.60469],[-48.48473,-27.60604],[-48.48474,-27.60749],[-48.48504,-27.60789],[-48.48377,-27.60858],[-48.48355,-27.60843],[-48.48227,-27.60913],[-48.48178,-27.60776],[-48.48172,-27.60692],[-48.48047,-27.607],[-48.48081,-27.60762],[-48.48085,-27.60863],[-48.47996,-27.60981],[-48.4796,-27.61055],[-48.48017,-27.61172],[-48.48051,-27.61191],[-48.48165,-27.61182],[-48.48123,-27.61248],[-48.48017,-27.61266],[-48.47867,-27.61231],[-48.47747,-27.61153],[-48.4767,-27.61132],[-48.47634,-27.61148],[-48.47562,-27.61128],[-48.4748,-27.61064],[-48.47371,-27.61012],[-48.47241,-27.60985],[-48.47169,-27.60932],[-48.47069,-27.60908],[-48.46971,-27.60901],[-48.46944,-27.60865],[-48.46679,-27.60828],[-48.46604,-27.60824],[-48.46594,-27.60768],[-48.46633,-27.60659],[-48.46623,-27.60585],[-48.46592,-27.60535],[-48.46496,-27.60485],[-48.464,-27.60481],[-48.46381,-27.60508],[-48.46364,-27.60505],[-48.46295,-27.60467],[-48.46216,-27.60495],[-48.46239,-27.60394],[-48.46268,-27.60359],[-48.4634,-27.60188],[-48.46386,-27.60103],[-48.46399,-27.60033],[-48.46359,-27.59852],[-48.46294,-27.59711],[-48.4623,-27.59646],[-48.4632,-27.59588]]]},"properties":{"codigo":"4205407129","name":"Lagoa","population":5052,"households":2785,"areaKm2":1.9478,"density":2593.6}},{"type":"Feature","geometry":{"type":"Polygon","coordinates":[[[-48.47847,-27.62106],[-48.47937,-27.62234],[-48.48001,-27.62371],[-48.48034,-27.62476],[-48.48032,-27.6254],[-48.47982,-27.62646],[-48.47871,-27.6284],[-48.47783,-27.62884],[-48.47676,-27.62901],[-48.47431,-27.63102],[-48.47215,-27.63247],[-48.47153,-27.63313],[-48.47153,-27.63452],[-48.47178,-27.63515],[-48.4729,-27.63666],[-48.47325,-27.63773],[-48.472,-27.63832],[-48.46783,-27.64087],[-48.46709,-27.64065],[-48.46738,-27.6393],[-48.46698,-27.63895],[-48.4667,-27.63781],[-48.4662,-27.63732],[-48.4664,-27.63636],[-48.46609,-27.63409],[-48.46613,-27.63251],[-48.46631,-27.63119],[-48.46627,-27.63026],[-48.4656,-27.62985],[-48.46604,-27.62934],[-48.46588,-27.62898],[-48.46512,-27.62878],[-48.4655,-27.62794],[-48.46564,-27.6268],[-48.46518,-27.62608],[-48.46438,-27.62636],[-48.46415,-27.62581],[-48.46616,-27.62464],[-48.46551,-27.6236],[-48.46623,-27.62355],[-48.46734,-27.62507],[-48.46864,-27.62595],[-48.47143,-27.62698],[-48.47286,-27.62724],[-48.47412,-27.62712],[-48.47488,-27.62683],[-48.4771,-27.62545],[-48.47815,-27.62461],[-48.47889,-27.6234],[-48.47824,-27.62243],[-48.47727,-27.62181],[-48.47626,-27.62157],[-48.47555,-27.62125],[-48.47514,-27.6207],[-48.47507,-27.61995],[-48.47574,-27.61944],[-48.47847,-27.62106]]]},"properties":{"codigo":"4205407132","name":"Porto da Lagoa","population":1856,"households":1070,"areaKm2":1.3586,"density":1366.1}},{"type":"Feature","geometry":{"type":"Polygon","coordinates":[[[-48.46381,-27.60508],[-48.4636,-27.60574],[-48.46223,-27.60705],[-48.46267,-27.6084],[-48.46335,-27.60912],[-48.46394,-27.60942],[-48.46437,-27.61057],[-48.46432,-27.6115],[-48.46404,-27.61217],[-48.46355,-27.61153],[-48.4636,-27.61086],[-48.46334,-27.6103],[-48.46292,-27.61007],[-48.46291,-27.6091],[-48.46219,-27.60844],[-48.46167,-27.6084],[-48.46167,-27.60787],[-48.46126,-27.60744],[-48.46009,-27.60777],[-48.45855,-27.6079],[-48.45843,-27.60839],[-48.45752,-27.60789],[-48.4551,-27.60807],[-48.45513,-27.60862],[-48.45547,-27.6092],[-48.45443,-27.60974],[-48.45356,-27.60861],[-48.45306,-27.60916],[-48.45291,-27.60986],[-48.45315,-27.61101],[-48.45268,-27.6115],[-48.45244,-27.61034],[-48.45159,-27.60992],[-48.4513,-27.6094],[-48.45057,-27.6099],[-48.45029,-27.60889],[-48.45229,-27.60853],[-48.45352,-27.6082],[-48.45671,-27.60768],[-48.45778,-27.60765],[-48.46044,-27.60722],[-48.46206,-27.60663],[-48.46352,-27.60544],[-48.46364,-27.60505],[-48.46381,-27.60508]]]},"properties":{"codigo":"4205407133","name":"Dunas da Lagoa","population":311,"households":276,"areaKm2":0.1551,"density":2005.4}},{"type":"Feature","geometry":{"type":"Polygon","coordinates":[[[-48.44178,-27.60531],[-48.44158,-27.60618],[-48.44219,-27.60787],[-48.44181,-27.6086],[-48.44281,-27.60908],[-48.44466,-27.60927],[-48.44648,-27.60927],[-48.44824,-27.60916],[-48.45029,-27.60889],[-48.45057,-27.6099],[-48.45034,-27.6103],[-48.4506,-27.61122],[-48.45032,-27.61153],[-48.45063,-27.61244],[-48.45005,-27.6134],[-48.45024,-27.61526],[-48.44857,-27.61564],[-48.449,-27.61723],[-48.44756,-27.6176],[-48.44848,-27.61981],[-48.4491,-27.6206],[-48.44933,-27.62125],[-48.44927,-27.62183],[-48.44868,-27.62374],[-48.44846,-27.62552],[-48.44799,-27.62725],[-48.44991,-27.62774],[-48.44952,-27.6293],[-48.44789,-27.62891],[-48.44717,-27.62911],[-48.4474,-27.62986],[-48.44664,-27.6302],[-48.4462,-27.63004],[-48.44742,-27.6253],[-48.44754,-27.624],[-48.44821,-27.62172],[-48.44824,-27.62111],[-48.44764,-27.6204],[-48.44714,-27.61949],[-48.44649,-27.61786],[-48.44547,-27.618],[-48.44448,-27.61543],[-48.44406,-27.615],[-48.44308,-27.61323],[-48.44146,-27.6117],[-48.44096,-27.6121],[-48.44038,-27.61144],[-48.44095,-27.6111],[-48.43977,-27.61001],[-48.43949,-27.6093],[-48.43992,-27.60763],[-48.43943,-27.607],[-48.44047,-27.60642],[-48.44058,-27.60587],[-48.44178,-27.60531]]]},"properties":{"codigo":"4205407134","name":"Retiro","population":1162,"households":828,"areaKm2":0.9421,"density":1233.4}},{"type":"Feature","geometry":{"type":"Polygon","coordinates":[[[-48.4623,-27.59646],[-48.46118,-27.59583],[-48.45956,-27.59555],[-48.45905,-27.59519],[-48.46,-27.5942],[-48.46003,-27.59343],[-48.46052,-27.59297],[-48.46063,-27.59242],[-48.46032,-27.59194],[-48.46034,-27.59131],[-48.45997,-27.59039],[-48.46005,-27.58996],[-48.46061,-27.5892],[-48.4604,-27.58784],[-48.46047,-27.58751],[-48.46123,-27.5863],[-48.46112,-27.5859],[-48.46012,-27.58513],[-48.45983,-27.58393],[-48.46063,-27.58365],[-48.46096,-27.58384],[-48.46168,-27.58498],[-48.46183,-27.5861],[-48.4623,-27.58634],[-48.46314,-27.58629],[-48.46318,-27.58749],[-48.46169,-27.5876],[-48.46169,-27.58834],[-48.46352,-27.58857],[-48.46403,-27.58886],[-48.46316,-27.59043],[-48.46219,-27.5904],[-48.46094,-27.59055],[-48.46072,-27.59166],[-48.46103,-27.59264],[-48.46147,-27.59252],[-48.46142,-27.59339],[-48.46203,-27.5943],[-48.46218,-27.5948],[-48.4627,-27.59509],[-48.4632,-27.59588],[-48.4623,-27.59646]]]},"properties":{"codigo":"4205407130","name":"Canto dos Araçás","population":333,"households":238,"areaKm2":0.246,"density":1353.5}},{"type":"Feature","geometry":{"type":"Polygon","coordinates":[[[-48.48504,-27.60789],[-48.48538,-27.60801],[-48.48582,-27.60897],[-48.48664,-27.61016],[-48.48564,-27.61075],[-48.48595,-27.61134],[-48.48569,-27.61439],[-48.48553,-27.61499],[-48.48553,-27.61619],[-48.48499,-27.61717],[-48.48546,-27.61863],[-48.48519,-27.61997],[-48.48465,-27.62075],[-48.48438,-27.62232],[-48.48399,-27.62293],[-48.48297,-27.62333],[-48.48218,-27.62322],[-48.48098,-27.62245],[-48.48002,-27.62198],[-48.47847,-27.62106],[-48.47574,-27.61944],[-48.47618,-27.61906],[-48.47628,-27.61805],[-48.47654,-27.61739],[-48.4771,-27.61735],[-48.47764,-27.61693],[-48.47905,-27.61684],[-48.48059,-27.61739],[-48.48121,-27.61807],[-48.48086,-27.61845],[-48.48091,-27.61978],[-48.48154,-27.62016],[-48.48244,-27.61961],[-48.48287,-27.61864],[-48.4828,-27.61815],[-48.48204,-27.6179],[-48.4821,-27.6172],[-48.48288,-27.61699],[-48.48371,-27.61631],[-48.48416,-27.61485],[-48.48387,-27.61393],[-48.48433,-27.61294],[-48.48455,-27.61197],[-48.48417,-27.61101],[-48.48345,-27.61088],[-48.48288,-27.60987],[-48.48227,-27.60913],[-48.48355,-27.60843],[-48.48377,-27.60858],[-48.48504,-27.60789]]]},"properties":{"codigo":"4205407131","name":"Canto da Lagoa","population":954,"households":568,"areaKm2":0.6165,"density":1547.4}},{"type":"Feature","geometry":{"type":"Polygon","coordinates":[[[-48.53133,-27.79161],[-48.531,-27.79077],[-48.52929,-27.78877],[-48.52693,-27.78657],[-48.5262,-27.78609],[-48.52531,-27.7852],[-48.52306,-27.78382],[-48.52003,-27.78224],[-48.51864,-27.78178],[-48.51684,-27.78139],[-48.51778,-27.7785],[-48.52022,-27.77717],[-48.52606,-27.77412],[-48.52506,-27.77309],[-48.52542,-27.77169],[-48.52622,-27.77122],[-48.52577,-27.77047],[-48.52588,-27.77008],[-48.52679,-27.76993],[-48.5283,-27.77064],[-48.52855,-27.77098],[-48.52947,-27.77026],[-48.53065,-27.77004],[-48.53151,-27.76907],[-48.53192,-27.76887],[-48.53241,-27.76666],[-48.5355,-27.76817],[-48.53464,-27.76999],[-48.53469,-27.77045],[-48.53564,-27.77079],[-48.5368,-27.77229],[-48.5376,-27.7735],[-48.53765,-27.77473],[-48.53795,-27.77574],[-48.53852,-27.77844],[-48.54166,-27.77782],[-48.5401,-27.78032],[-48.53808,-27.78142],[-48.53722,-27.78198],[-48.53845,-27.78298],[-48.5362,-27.78499],[-48.53539,-27.78433],[-48.53509,-27.78471],[-48.5336,-27.78542],[-48.53184,-27.78652],[-48.53213,-27.78744],[-48.53159,-27.78808],[-48.53141,-27.7891],[-48.53152,-27.78965],[-48.53249,-27.79097],[-48.53133,-27.79161]]]},"properties":{"codigo":"4205407138","name":"Açores","population":1562,"households":1275,"areaKm2":2.9513,"density":529.3}},{"type":"Feature","geometry":{"type":"Polygon","coordinates":[[[-48.51684,-27.78139],[-48.51539,-27.78121],[-48.51365,-27.78114],[-48.51154,-27.78135],[-48.50944,-27.78191],[-48.50803,-27.78251],[-48.50726,-27.78299],[-48.50672,-27.78354],[-48.50703,-27.78413],[-48.50758,-27.78608],[-48.50757,-27.78734],[-48.50783,-27.78797],[-48.5078,-27.78893],[-48.50804,-27.78956],[-48.5074,-27.78997],[-48.50554,-27.79029],[-48.50472,-27.78859],[-48.50585,-27.78708],[-48.50554,-27.78367],[-48.50414,-27.78196],[-48.50408,-27.78175],[-48.50601,-27.78139],[-48.50595,-27.78001],[-48.5041,-27.78054],[-48.50401,-27.78012],[-48.50532,-27.7797],[-48.50569,-27.77911],[-48.50539,-27.77785],[-48.50364,-27.77339],[-48.50337,-27.77253],[-48.50336,-27.77182],[-48.50367,-27.77086],[-48.50408,-27.77041],[-48.50513,-27.76985],[-48.50565,-27.76915],[-48.50345,-27.76959],[-48.50342,-27.76904],[-48.50611,-27.76858],[-48.50665,-27.76701],[-48.5071,-27.76376],[-48.50828,-27.76066],[-48.50823,-27.75995],[-48.5112,-27.75966],[-48.512,-27.75995],[-48.51362,-27.75999],[-48.51397,-27.76013],[-48.51718,-27.7591],[-48.52084,-27.76377],[-48.51901,-27.76486],[-48.51881,-27.76592],[-48.52028,-27.76792],[-48.52104,-27.7671],[-48.52149,-27.76735],[-48.52139,-27.76805],[-48.52228,-27.76836],[-48.52236,-27.76898],[-48.52328,-27.76889],[-48.52328,-27.7683],[-48.52378,-27.76836],[-48.52382,-27.76906],[-48.52442,-27.76911],[-48.52495,-27.76878],[-48.5252,-27.76974],[-48.52588,-27.77008],[-48.52577,-27.77047],[-48.52622,-27.77122],[-48.52542,-27.77169],[-48.52506,-27.77309],[-48.52606,-27.77412],[-48.52022,-27.77717],[-48.51778,-27.7785],[-48.51684,-27.78139]]]},"properties":{"codigo":"4205407136","name":"Pântano do Sul","population":3534,"households":1811,"areaKm2":3.9113,"density":903.5}},{"type":"Feature","geometry":{"type":"Polygon","coordinates":[[[-48.50823,-27.75995],[-48.5082,-27.75893],[-48.5078,-27.75773],[-48.50853,-27.75708],[-48.50863,-27.7559],[-48.50799,-27.75618],[-48.50764,-27.75585],[-48.50823,-27.75533],[-48.50781,-27.75476],[-48.50749,-27.75547],[-48.50715,-27.75558],[-48.50643,-27.75511],[-48.50557,-27.75564],[-48.50543,-27.75515],[-48.50639,-27.75488],[-48.50627,-27.75451],[-48.50542,-27.75446],[-48.50386,-27.75366],[-48.50326,-27.75308],[-48.50251,-27.75209],[-48.50187,-27.75178],[-48.50067,-27.75048],[-48.49885,-27.75008],[-48.49849,-27.74922],[-48.49924,-27.74886],[-48.49919,-27.74795],[-48.50003,-27.74857],[-48.49986,-27.7492],[-48.50034,-27.75008],[-48.50081,-27.75043],[-48.50265,-27.75018],[-48.50359,-27.7498],[-48.50464,-27.74914],[-48.50553,-27.74836],[-48.50657,-27.74714],[-48.50701,-27.7463],[-48.50753,-27.74429],[-48.50776,-27.74087],[-48.50779,-27.73711],[-48.51069,-27.73709],[-48.51073,-27.73921],[-48.51224,-27.73905],[-48.51249,-27.73883],[-48.51586,-27.73929],[-48.51613,-27.74006],[-48.51598,-27.74047],[-48.51632,-27.7414],[-48.51687,-27.74193],[-48.51766,-27.74241],[-48.51697,-27.7431],[-48.51554,-27.74158],[-48.51534,-27.74044],[-48.51201,-27.74051],[-48.51109,-27.74062],[-48.51121,-27.74101],[-48.51084,-27.74213],[-48.5105,-27.7421],[-48.51031,-27.7428],[-48.5104,-27.74387],[-48.51081,-27.74385],[-48.51142,-27.74594],[-48.51079,-27.74616],[-48.51129,-27.74739],[-48.51204,-27.74848],[-48.51197,-27.74872],[-48.51272,-27.74988],[-48.51359,-27.75173],[-48.51411,-27.75256],[-48.51241,-27.75296],[-48.51211,-27.75354],[-48.51182,-27.7548],[-48.51258,-27.75462],[-48.51281,-27.75503],[-48.51185,-27.75531],[-48.51221,-27.75629],[-48.51255,-27.75669],[-48.51227,-27.75726],[-48.5104,-27.75774],[-48.51042,-27.75882],[-48.5112,-27.75966],[-48.50823,-27.75995]]]},"properties":{"codigo":"4205407137","name":"Armação","population":3870,"households":2359,"areaKm2":1.4246,"density":2716.6}},{"type":"Feature","geometry":{"type":"Polygon","coordinates":[[[-48.53249,-27.79097],[-48.53326,-27.79055],[-48.53479,-27.79098],[-48.53543,-27.79074],[-48.53724,-27.79184],[-48.53735,-27.79237],[-48.53822,-27.79362],[-48.53685,-27.79422],[-48.53507,-27.79421],[-48.53513,-27.79471],[-48.53473,-27.79547],[-48.53426,-27.79583],[-48.53202,-27.79216],[-48.53133,-27.79161],[-48.53249,-27.79097]]]},"properties":{"codigo":"4205407139","name":"Rio das Pacas","population":226,"households":196,"areaKm2":0.2037,"density":1109.4}},{"type":"Feature","geometry":{"type":"Polygon","coordinates":[[[-48.49233,-27.50226],[-48.4923,-27.50147],[-48.49266,-27.50046],[-48.49451,-27.50084],[-48.49557,-27.50124],[-48.49512,-27.50174],[-48.49497,-27.50251],[-48.49506,-27.50381],[-48.49439,-27.50456],[-48.49465,-27.50612],[-48.49403,-27.50619],[-48.49413,-27.50682],[-48.49238,-27.50707],[-48.49228,-27.50788],[-48.49291,-27.50892],[-48.49287,-27.50957],[-48.49214,-27.51094],[-48.49071,-27.51245],[-48.48944,-27.51328],[-48.48736,-27.51382],[-48.47886,-27.51428],[-48.47797,-27.50985],[-48.47754,-27.50858],[-48.47781,-27.5079],[-48.48194,-27.50772],[-48.48349,-27.50727],[-48.48382,-27.50908],[-48.48497,-27.50878],[-48.48492,-27.50822],[-48.48545,-27.50787],[-48.48513,-27.50602],[-48.4867,-27.50584],[-48.48678,-27.50569],[-48.48612,-27.50264],[-48.48768,-27.5033],[-48.48898,-27.50362],[-48.48988,-27.50412],[-48.48971,-27.50316],[-48.49122,-27.50282],[-48.49115,-27.50247],[-48.49233,-27.50226]]]},"properties":{"codigo":"4205407140","name":"Ratones","population":1673,"households":652,"areaKm2":1.3906,"density":1203.1}},{"type":"Feature","geometry":{"type":"Polygon","coordinates":[[[-48.46469,-27.46658],[-48.46553,-27.46702],[-48.46658,-27.4678],[-48.46842,-27.46942],[-48.4682,-27.46994],[-48.46291,-27.47293],[-48.46365,-27.47469],[-48.46255,-27.47481],[-48.46163,-27.47583],[-48.46386,-27.47706],[-48.46511,-27.47916],[-48.46473,-27.48047],[-48.46357,-27.48179],[-48.46099,-27.48043],[-48.45866,-27.47981],[-48.4578,-27.47983],[-48.45762,-27.48019],[-48.45702,-27.48041],[-48.45456,-27.47893],[-48.45521,-27.47759],[-48.45624,-27.47679],[-48.4569,-27.47575],[-48.45735,-27.47535],[-48.4571,-27.47433],[-48.45699,-27.47311],[-48.45661,-27.47202],[-48.45646,-27.47108],[-48.45662,-27.47009],[-48.45737,-27.46892],[-48.45795,-27.46847],[-48.45896,-27.46806],[-48.4597,-27.46796],[-48.46079,-27.46733],[-48.46167,-27.46652],[-48.46266,-27.46669],[-48.46347,-27.46666],[-48.46419,-27.46709],[-48.46469,-27.46658]]]},"properties":{"codigo":"4205407096","name":"Vargem Pequena","population":1210,"households":553,"areaKm2":1.2096,"density":1000.3}},{"type":"Feature","geometry":{"type":"Polygon","coordinates":[[[-48.5303,-27.69861],[-48.53515,-27.69737],[-48.53834,-27.69763],[-48.54164,-27.69824],[-48.54161,-27.69933],[-48.54398,-27.69909],[-48.54872,-27.69739],[-48.54973,-27.69744],[-48.55032,-27.69773],[-48.55011,-27.69825],[-48.54913,-27.69943],[-48.54938,-27.70033],[-48.54967,-27.70068],[-48.54882,-27.70122],[-48.54887,-27.7017],[-48.548,-27.70218],[-48.5475,-27.7028],[-48.54719,-27.70264],[-48.54674,-27.70326],[-48.54686,-27.70398],[-48.54652,-27.70533],[-48.54597,-27.70542],[-48.54505,-27.70616],[-48.54345,-27.70681],[-48.54307,-27.70751],[-48.54236,-27.70806],[-48.54134,-27.70839],[-48.54027,-27.70974],[-48.54025,-27.71075],[-48.54045,-27.71168],[-48.54097,-27.71237],[-48.54224,-27.71298],[-48.54333,-27.71273],[-48.54289,-27.71473],[-48.54286,-27.71571],[-48.54237,-27.71587],[-48.54221,-27.71646],[-48.54149,-27.71672],[-48.54084,-27.71743],[-48.53942,-27.71625],[-48.53839,-27.71589],[-48.53856,-27.71549],[-48.53784,-27.7149],[-48.53726,-27.71416],[-48.53657,-27.7141],[-48.53602,-27.71364],[-48.53429,-27.71322],[-48.53416,-27.71283],[-48.53352,-27.71241],[-48.53243,-27.71272],[-48.53126,-27.71261],[-48.53126,-27.71104],[-48.53105,-27.70994],[-48.53074,-27.70952],[-48.53111,-27.70907],[-48.53077,-27.7085],[-48.53001,-27.70475],[-48.52975,-27.70479],[-48.52939,-27.70365],[-48.52838,-27.70368],[-48.52777,-27.70023],[-48.53059,-27.6996],[-48.5303,-27.69861]]]},"properties":{"codigo":"4205407142","name":"Alto Ribeirão","population":2985,"households":1269,"areaKm2":2.6604,"density":1122}},{"type":"Feature","geometry":{"type":"Polygon","coordinates":[[[-48.50913,-27.70296],[-48.50984,-27.70302],[-48.51303,-27.70263],[-48.51716,-27.70207],[-48.52014,-27.70157],[-48.5222,-27.70133],[-48.52457,-27.70092],[-48.52777,-27.70023],[-48.52838,-27.70368],[-48.52939,-27.70365],[-48.52975,-27.70479],[-48.53001,-27.70475],[-48.53077,-27.7085],[-48.53111,-27.70907],[-48.53074,-27.70952],[-48.53105,-27.70994],[-48.53126,-27.71104],[-48.53105,-27.71104],[-48.52735,-27.70947],[-48.52535,-27.70767],[-48.5231,-27.70803],[-48.5157,-27.71037],[-48.51442,-27.71086],[-48.51141,-27.70915],[-48.51122,-27.70817],[-48.51014,-27.70789],[-48.50899,-27.70739],[-48.50834,-27.70693],[-48.50864,-27.70625],[-48.50894,-27.70356],[-48.50913,-27.70296]]]},"properties":{"codigo":"4205407153","name":"Alto Ribeirão Leste","population":4410,"households":1877,"areaKm2":1.6994,"density":2595.1}},{"type":"Feature","geometry":{"type":"MultiPolygon","coordinates":[[[[-48.57111,-27.69247],[-48.57069,-27.69188],[-48.57072,-27.69101],[-48.57138,-27.69116],[-48.57157,-27.69193],[-48.57111,-27.69247]]],[[[-48.56533,-27.69745],[-48.56644,-27.69745],[-48.56678,-27.69843],[-48.56686,-27.69925],[-48.56628,-27.70028],[-48.56629,-27.70111],[-48.56715,-27.70184],[-48.56706,-27.70259],[-48.56663,-27.70284],[-48.56546,-27.70274],[-48.56456,-27.70234],[-48.56412,-27.70171],[-48.56438,-27.70075],[-48.56374,-27.69956],[-48.56382,-27.69874],[-48.56417,-27.69793],[-48.56533,-27.69745]]],[[[-48.5524,-27.69199],[-48.55303,-27.69174],[-48.5538,-27.69174],[-48.55263,-27.68924],[-48.55037,-27.68466],[-48.5541,-27.68396],[-48.56221,-27.68281],[-48.56629,-27.68283],[-48.56696,-27.68319],[-48.56831,-27.68478],[-48.57078,-27.68737],[-48.57065,-27.68757],[-48.56957,-27.68816],[-48.56817,-27.68877],[-48.56695,-27.68964],[-48.56686,-27.69086],[-48.56744,-27.69173],[-48.567,-27.69264],[-48.56592,-27.69351],[-48.56609,-27.69409],[-48.56572,-27.69441],[-48.56511,-27.69436],[-48.56463,-27.69528],[-48.5634,-27.69568],[-48.56215,-27.6955],[-48.56104,-27.6951],[-48.56017,-27.69436],[-48.55879,-27.69427],[-48.55812,-27.69457],[-48.55714,-27.69537],[-48.55675,-27.69588],[-48.55636,-27.69584],[-48.55615,-27.69482],[-48.55593,-27.69475],[-48.55472,-27.69552],[-48.55397,-27.6946],[-48.55437,-27.69376],[-48.55336,-27.6923],[-48.55236,-27.6925],[-48.5524,-27.69199]]]]},"properties":{"codigo":"4205407147","name":"Tapera da Base","population":12454,"households":4974,"areaKm2":2.12,"density":5874.4}},{"type":"Feature","geometry":{"type":"Polygon","coordinates":[[[-48.5243,-27.67646],[-48.52369,-27.67652],[-48.52312,-27.67595],[-48.52351,-27.67506],[-48.52396,-27.67474],[-48.52354,-27.674],[-48.52211,-27.6722],[-48.52135,-27.67162],[-48.52135,-27.67113],[-48.52193,-27.67102],[-48.52197,-27.67017],[-48.5213,-27.67039],[-48.52053,-27.6703],[-48.52031,-27.66977],[-48.52081,-27.66905],[-48.52104,-27.66795],[-48.52097,-27.66739],[-48.51982,-27.66624],[-48.52041,-27.66574],[-48.52188,-27.66528],[-48.5228,-27.66467],[-48.52423,-27.66391],[-48.52521,-27.66377],[-48.52636,-27.66239],[-48.52785,-27.66089],[-48.52854,-27.66066],[-48.52888,-27.66115],[-48.52966,-27.6619],[-48.53079,-27.66233],[-48.53253,-27.66278],[-48.53598,-27.66831],[-48.53418,-27.67236],[-48.53294,-27.67299],[-48.5256,-27.67613],[-48.5243,-27.67646]]]},"properties":{"codigo":"4205407106","name":"Ressacada","population":3893,"households":1584,"areaKm2":1.6928,"density":2299.8}},{"type":"Feature","geometry":{"type":"Polygon","coordinates":[[[-48.55037,-27.68466],[-48.54924,-27.68337],[-48.54701,-27.67997],[-48.54426,-27.67671],[-48.54355,-27.67693],[-48.54209,-27.67703],[-48.54096,-27.67723],[-48.53946,-27.67784],[-48.53755,-27.67891],[-48.53565,-27.68071],[-48.53465,-27.68125],[-48.53122,-27.68188],[-48.52739,-27.6838],[-48.52649,-27.68231],[-48.52575,-27.67926],[-48.52482,-27.67916],[-48.52434,-27.67843],[-48.52373,-27.67869],[-48.52323,-27.67754],[-48.5243,-27.67646],[-48.5256,-27.67613],[-48.53294,-27.67299],[-48.53418,-27.67236],[-48.53598,-27.66831],[-48.54454,-27.6638],[-48.54447,-27.6634],[-48.54532,-27.66334],[-48.54556,-27.66013],[-48.5457,-27.65722],[-48.54721,-27.65801],[-48.54862,-27.65838],[-48.54926,-27.65842],[-48.55051,-27.65903],[-48.55193,-27.65955],[-48.5519,-27.66007],[-48.55269,-27.66041],[-48.55512,-27.66284],[-48.55538,-27.6632],[-48.55685,-27.66735],[-48.5572,-27.66774],[-48.55925,-27.66925],[-48.56211,-27.67115],[-48.5687,-27.67382],[-48.5691,-27.6742],[-48.56929,-27.6749],[-48.57113,-27.67365],[-48.57164,-27.67406],[-48.56913,-27.67564],[-48.56816,-27.67657],[-48.56738,-27.67786],[-48.56707,-27.67879],[-48.56717,-27.67978],[-48.56788,-27.6804],[-48.56893,-27.68051],[-48.56979,-27.68119],[-48.56983,-27.68174],[-48.5704,-27.6834],[-48.57088,-27.68367],[-48.57088,-27.68426],[-48.57147,-27.68472],[-48.57212,-27.68576],[-48.57118,-27.68745],[-48.57065,-27.68757],[-48.57078,-27.68737],[-48.56831,-27.68478],[-48.56696,-27.68319],[-48.56629,-27.68283],[-48.56221,-27.68281],[-48.5541,-27.68396],[-48.55037,-27.68466]]]},"properties":{"codigo":"4205407107","name":"Base Aérea","population":429,"households":164,"areaKm2":6.753,"density":63.5}},{"type":"Feature","geometry":{"type":"Polygon","coordinates":[[[-48.56844,-27.75688],[-48.56958,-27.75794],[-48.56933,-27.75868],[-48.57044,-27.75929],[-48.57428,-27.76041],[-48.57892,-27.76152],[-48.57985,-27.76159],[-48.58058,-27.76132],[-48.58138,-27.76212],[-48.58103,-27.76288],[-48.5807,-27.7631],[-48.5803,-27.76396],[-48.57977,-27.76368],[-48.57708,-27.76478],[-48.57495,-27.76592],[-48.57407,-27.76658],[-48.57345,-27.76735],[-48.57332,-27.76791],[-48.57347,-27.76863],[-48.57391,-27.76908],[-48.57348,-27.76969],[-48.57331,-27.77042],[-48.57366,-27.77173],[-48.57421,-27.77221],[-48.57522,-27.77388],[-48.57463,-27.77442],[-48.57467,-27.77539],[-48.57502,-27.77607],[-48.57463,-27.77751],[-48.57474,-27.77863],[-48.57376,-27.77909],[-48.57324,-27.77998],[-48.57249,-27.78043],[-48.57184,-27.78113],[-48.57104,-27.78231],[-48.57033,-27.78414],[-48.57058,-27.78566],[-48.57033,-27.787],[-48.56881,-27.78343],[-48.56897,-27.78296],[-48.56992,-27.78108],[-48.57067,-27.78066],[-48.57183,-27.77932],[-48.57234,-27.77907],[-48.57293,-27.77831],[-48.5735,-27.77798],[-48.5735,-27.77705],[-48.57371,-27.77607],[-48.57336,-27.77487],[-48.57351,-27.77367],[-48.57255,-27.77252],[-48.5721,-27.77146],[-48.57139,-27.77152],[-48.57076,-27.77072],[-48.5712,-27.77007],[-48.57102,-27.76896],[-48.57122,-27.76839],[-48.5717,-27.76837],[-48.57165,-27.76755],[-48.5724,-27.76767],[-48.57252,-27.76721],[-48.5721,-27.767],[-48.57285,-27.76624],[-48.57277,-27.76582],[-48.57331,-27.76507],[-48.57342,-27.76401],[-48.57298,-27.76376],[-48.57341,-27.76327],[-48.57103,-27.76142],[-48.57176,-27.76073],[-48.57127,-27.76015],[-48.57065,-27.7598],[-48.56862,-27.75924],[-48.56756,-27.76042],[-48.56717,-27.75984],[-48.56702,-27.7589],[-48.56629,-27.75853],[-48.56566,-27.75782],[-48.56636,-27.75728],[-48.5672,-27.7572],[-48.56758,-27.75694],[-48.56844,-27.75688]]]},"properties":{"codigo":"4205407145","name":"Caiacanga","population":789,"households":616,"areaKm2":0.8454,"density":933.3}},{"type":"Feature","geometry":{"type":"Polygon","coordinates":[[[-48.52888,-27.66115],[-48.53127,-27.66006],[-48.53195,-27.65937],[-48.53539,-27.65834],[-48.53624,-27.6585],[-48.53773,-27.65756],[-48.53828,-27.65748],[-48.54132,-27.65761],[-48.5426,-27.65798],[-48.54321,-27.6577],[-48.5457,-27.65722],[-48.54556,-27.66013],[-48.54532,-27.66334],[-48.54447,-27.6634],[-48.54454,-27.6638],[-48.53598,-27.66831],[-48.53253,-27.66278],[-48.53079,-27.66233],[-48.52966,-27.6619],[-48.52888,-27.66115]]]},"properties":{"codigo":"4205407141","name":"Carianos","population":5248,"households":2177,"areaKm2":1.1849,"density":4429.2}},{"type":"Feature","geometry":{"type":"Polygon","coordinates":[[[-48.55032,-27.69773],[-48.55087,-27.69831],[-48.55171,-27.69861],[-48.55233,-27.6992],[-48.55217,-27.69983],[-48.55252,-27.70074],[-48.55257,-27.70167],[-48.55315,-27.70244],[-48.55538,-27.70366],[-48.55619,-27.70387],[-48.55631,-27.70529],[-48.55696,-27.70581],[-48.55824,-27.70762],[-48.55989,-27.70875],[-48.56029,-27.70966],[-48.56048,-27.71082],[-48.56034,-27.71149],[-48.56108,-27.71209],[-48.56118,-27.7131],[-48.56202,-27.71435],[-48.56257,-27.71585],[-48.5636,-27.71695],[-48.56452,-27.71771],[-48.56461,-27.71849],[-48.56425,-27.71974],[-48.56432,-27.72057],[-48.56486,-27.72151],[-48.56354,-27.72311],[-48.56338,-27.72377],[-48.56371,-27.72441],[-48.56455,-27.72531],[-48.56365,-27.72646],[-48.56369,-27.72706],[-48.56339,-27.72776],[-48.56284,-27.72825],[-48.56302,-27.72887],[-48.56243,-27.72983],[-48.56249,-27.73047],[-48.56291,-27.73081],[-48.56222,-27.73164],[-48.56255,-27.73255],[-48.56225,-27.73298],[-48.56227,-27.73455],[-48.56199,-27.73502],[-48.56157,-27.73688],[-48.56203,-27.73744],[-48.56201,-27.738],[-48.56147,-27.738],[-48.56096,-27.73746],[-48.56001,-27.7373],[-48.56095,-27.73433],[-48.56101,-27.73265],[-48.56084,-27.73202],[-48.5608,-27.73095],[-48.56186,-27.72739],[-48.56232,-27.72665],[-48.56231,-27.72591],[-48.56262,-27.7251],[-48.56213,-27.72377],[-48.56221,-27.72311],[-48.56288,-27.72147],[-48.56297,-27.72079],[-48.56249,-27.72065],[-48.56138,-27.71957],[-48.5613,-27.7187],[-48.56096,-27.71803],[-48.56035,-27.71624],[-48.5613,-27.71619],[-48.56101,-27.71505],[-48.56025,-27.71401],[-48.55918,-27.71196],[-48.55845,-27.71178],[-48.55775,-27.71111],[-48.55885,-27.7101],[-48.55847,-27.70937],[-48.55713,-27.70832],[-48.5565,-27.70749],[-48.55509,-27.70779],[-48.55424,-27.70784],[-48.55402,-27.70758],[-48.55428,-27.70589],[-48.55405,-27.70534],[-48.55344,-27.7052],[-48.55102,-27.70384],[-48.54991,-27.70395],[-48.54995,-27.70356],[-48.54945,-27.70207],[-48.54887,-27.7017],[-48.54882,-27.70122],[-48.54967,-27.70068],[-48.54938,-27.70033],[-48.54913,-27.69943],[-48.55011,-27.69825],[-48.55032,-27.69773]]]},"properties":{"codigo":"4205407143","name":"Ribeirão da Ilha","population":1579,"households":829,"areaKm2":0.9512,"density":1659.9}},{"type":"Feature","geometry":{"type":"Polygon","coordinates":[[[-48.56616,-27.80424],[-48.56537,-27.80415],[-48.56412,-27.80466],[-48.56176,-27.80651],[-48.56146,-27.8072],[-48.56098,-27.80766],[-48.561,-27.80861],[-48.56118,-27.80943],[-48.56077,-27.80998],[-48.55994,-27.81027],[-48.55941,-27.81142],[-48.55925,-27.81251],[-48.55972,-27.8134],[-48.56069,-27.81473],[-48.5613,-27.81524],[-48.56196,-27.81521],[-48.56283,-27.81557],[-48.56422,-27.81674],[-48.564,-27.81713],[-48.56513,-27.81807],[-48.56537,-27.81865],[-48.56582,-27.81903],[-48.56431,-27.81953],[-48.56378,-27.81817],[-48.56338,-27.81755],[-48.5626,-27.81692],[-48.56103,-27.81703],[-48.5605,-27.8168],[-48.55958,-27.8159],[-48.55918,-27.81515],[-48.55795,-27.81443],[-48.55521,-27.81482],[-48.55493,-27.81317],[-48.55772,-27.81305],[-48.55772,-27.81215],[-48.55799,-27.81126],[-48.55857,-27.81011],[-48.55948,-27.80903],[-48.55859,-27.80862],[-48.56013,-27.80498],[-48.56119,-27.80508],[-48.56325,-27.80352],[-48.56364,-27.80308],[-48.56616,-27.80424]]]},"properties":{"codigo":"4205407148","name":"Caieira","population":252,"households":255,"areaKm2":0.4271,"density":590}},{"type":"Feature","geometry":{"type":"Polygon","coordinates":[[[-48.54872,-27.69739],[-48.54851,-27.69687],[-48.54658,-27.694],[-48.54955,-27.69214],[-48.55176,-27.69128],[-48.5524,-27.69199],[-48.55236,-27.6925],[-48.55336,-27.6923],[-48.55437,-27.69376],[-48.55397,-27.6946],[-48.55472,-27.69552],[-48.55593,-27.69475],[-48.55615,-27.69482],[-48.55636,-27.69584],[-48.55567,-27.69591],[-48.55342,-27.69702],[-48.55388,-27.69733],[-48.55386,-27.69778],[-48.55285,-27.69914],[-48.55233,-27.6992],[-48.55171,-27.69861],[-48.55087,-27.69831],[-48.55032,-27.69773],[-48.54973,-27.69744],[-48.54872,-27.69739]]]},"properties":{"codigo":"4205407109","name":"Morro do Peralta","population":1177,"households":445,"areaKm2":0.4326,"density":2720.5}},{"type":"Feature","geometry":{"type":"Polygon","coordinates":[[[-48.56566,-27.75782],[-48.56384,-27.75675],[-48.56328,-27.75679],[-48.56237,-27.75648],[-48.5618,-27.75599],[-48.56177,-27.75529],[-48.56104,-27.75456],[-48.56144,-27.75418],[-48.56145,-27.75363],[-48.56087,-27.75333],[-48.55973,-27.7524],[-48.55936,-27.75169],[-48.55922,-27.75052],[-48.55946,-27.74926],[-48.5587,-27.7481],[-48.55818,-27.74809],[-48.55814,-27.74732],[-48.55778,-27.74646],[-48.55614,-27.74629],[-48.55529,-27.74576],[-48.55545,-27.74492],[-48.55588,-27.74422],[-48.55689,-27.74356],[-48.55674,-27.74315],[-48.55707,-27.7427],[-48.55702,-27.74192],[-48.5567,-27.74057],[-48.55683,-27.73972],[-48.55754,-27.7385],[-48.55539,-27.73879],[-48.55541,-27.7384],[-48.55793,-27.73805],[-48.55826,-27.73744],[-48.55926,-27.73758],[-48.56001,-27.7373],[-48.56096,-27.73746],[-48.56147,-27.738],[-48.56107,-27.73841],[-48.56044,-27.73856],[-48.55944,-27.73949],[-48.55922,-27.74044],[-48.55944,-27.74159],[-48.55874,-27.74209],[-48.55861,-27.7425],[-48.55881,-27.74364],[-48.55926,-27.74438],[-48.55942,-27.745],[-48.55907,-27.74598],[-48.5597,-27.74685],[-48.5597,-27.7473],[-48.56061,-27.74889],[-48.56049,-27.75137],[-48.56105,-27.75215],[-48.56298,-27.75328],[-48.56406,-27.75381],[-48.56482,-27.7545],[-48.5655,-27.75544],[-48.56633,-27.75585],[-48.56835,-27.75655],[-48.56844,-27.75688],[-48.56758,-27.75694],[-48.5672,-27.7572],[-48.56636,-27.75728],[-48.56566,-27.75782]]]},"properties":{"codigo":"4205407144","name":"Costeira do Ribeirão","population":657,"households":374,"areaKm2":0.5596,"density":1174}},{"type":"Feature","geometry":{"type":"Polygon","coordinates":[[[-48.57033,-27.787],[-48.56812,-27.78673],[-48.56703,-27.78708],[-48.5655,-27.78777],[-48.5644,-27.78774],[-48.56386,-27.78847],[-48.56295,-27.7884],[-48.56143,-27.78912],[-48.56062,-27.78986],[-48.56026,-27.79041],[-48.56044,-27.79112],[-48.55997,-27.79183],[-48.55997,-27.79235],[-48.56032,-27.79272],[-48.56055,-27.79345],[-48.56145,-27.79474],[-48.56219,-27.79518],[-48.56283,-27.79615],[-48.56383,-27.79676],[-48.56438,-27.79725],[-48.56475,-27.79721],[-48.56607,-27.79868],[-48.56691,-27.80039],[-48.56715,-27.80121],[-48.56656,-27.80168],[-48.56658,-27.80235],[-48.56613,-27.80255],[-48.56631,-27.8038],[-48.56616,-27.80424],[-48.56364,-27.80308],[-48.56423,-27.80276],[-48.56436,-27.80196],[-48.56479,-27.80132],[-48.5655,-27.80084],[-48.56509,-27.80004],[-48.56443,-27.79967],[-48.56332,-27.79949],[-48.56288,-27.79928],[-48.56304,-27.7982],[-48.56342,-27.79814],[-48.56152,-27.79674],[-48.56095,-27.79588],[-48.55901,-27.79394],[-48.55872,-27.79293],[-48.55812,-27.79156],[-48.55824,-27.79068],[-48.5543,-27.78866],[-48.55543,-27.78427],[-48.55821,-27.78142],[-48.56189,-27.77923],[-48.56619,-27.77784],[-48.56722,-27.77996],[-48.56874,-27.78219],[-48.56897,-27.78296],[-48.56881,-27.78343],[-48.57033,-27.787]]]},"properties":{"codigo":"4205407146","name":"Tapera","population":754,"households":423,"areaKm2":1.6166,"density":466.4}},{"type":"Feature","geometry":{"type":"Polygon","coordinates":[[[-48.5215,-27.51987],[-48.52063,-27.52107],[-48.52005,-27.52084],[-48.51983,-27.5215],[-48.51989,-27.52238],[-48.51953,-27.52315],[-48.51956,-27.52443],[-48.51846,-27.52746],[-48.51832,-27.52907],[-48.5186,-27.53059],[-48.51803,-27.53076],[-48.51346,-27.5303],[-48.51371,-27.52835],[-48.51346,-27.52653],[-48.51361,-27.52539],[-48.51438,-27.52347],[-48.51455,-27.52278],[-48.51456,-27.52113],[-48.51349,-27.51632],[-48.51318,-27.51423],[-48.51307,-27.51039],[-48.51143,-27.5109],[-48.51047,-27.51089],[-48.51063,-27.51027],[-48.51035,-27.50934],[-48.50974,-27.50897],[-48.50906,-27.50893],[-48.50886,-27.50804],[-48.50812,-27.50768],[-48.50681,-27.50601],[-48.506,-27.50518],[-48.50668,-27.50481],[-48.50806,-27.50434],[-48.5092,-27.50553],[-48.51053,-27.50567],[-48.51118,-27.50591],[-48.51244,-27.50568],[-48.51421,-27.50451],[-48.51443,-27.50332],[-48.5144,-27.50238],[-48.51415,-27.50172],[-48.51561,-27.50087],[-48.51596,-27.50118],[-48.51549,-27.5016],[-48.51697,-27.50313],[-48.51982,-27.50561],[-48.52057,-27.50498],[-48.5212,-27.50421],[-48.52169,-27.50457],[-48.52229,-27.50405],[-48.52244,-27.50272],[-48.52293,-27.50122],[-48.52305,-27.50014],[-48.52299,-27.4991],[-48.5241,-27.49911],[-48.52424,-27.50001],[-48.52392,-27.50188],[-48.52408,-27.50239],[-48.52356,-27.50335],[-48.52362,-27.50376],[-48.52333,-27.50475],[-48.52215,-27.50572],[-48.52209,-27.50648],[-48.52143,-27.50658],[-48.52026,-27.50737],[-48.51937,-27.50823],[-48.51893,-27.50886],[-48.5184,-27.51005],[-48.5175,-27.51017],[-48.51662,-27.51118],[-48.51619,-27.51216],[-48.51572,-27.51275],[-48.51519,-27.51432],[-48.51523,-27.51571],[-48.51578,-27.51741],[-48.51664,-27.51843],[-48.51835,-27.51995],[-48.52122,-27.5197],[-48.5215,-27.51987]]]},"properties":{"codigo":"4205407149","name":"Santo Antônio","population":2021,"households":946,"areaKm2":1.783,"density":1133.5}},{"type":"Feature","geometry":{"type":"Polygon","coordinates":[[[-48.52299,-27.4991],[-48.52297,-27.49867],[-48.52244,-27.49643],[-48.52252,-27.49591],[-48.52135,-27.49539],[-48.52089,-27.49477],[-48.52016,-27.49295],[-48.52246,-27.49213],[-48.5229,-27.49185],[-48.52452,-27.49016],[-48.52587,-27.49097],[-48.52646,-27.49146],[-48.52704,-27.49121],[-48.52748,-27.4901],[-48.52803,-27.48973],[-48.52845,-27.48916],[-48.52818,-27.48888],[-48.5284,-27.48774],[-48.52754,-27.4863],[-48.52865,-27.48595],[-48.52845,-27.48539],[-48.53087,-27.48445],[-48.53111,-27.48505],[-48.53181,-27.48512],[-48.53213,-27.48575],[-48.53274,-27.48569],[-48.53281,-27.48642],[-48.53332,-27.48665],[-48.53415,-27.48647],[-48.53444,-27.48668],[-48.53599,-27.487],[-48.53766,-27.48717],[-48.53642,-27.48608],[-48.53624,-27.4845],[-48.53626,-27.48234],[-48.53659,-27.48032],[-48.5358,-27.47921],[-48.53285,-27.4782],[-48.53079,-27.47676],[-48.53026,-27.47495],[-48.52986,-27.47432],[-48.53237,-27.47294],[-48.53248,-27.4735],[-48.53317,-27.47419],[-48.53298,-27.475],[-48.53307,-27.47547],[-48.53383,-27.47672],[-48.53504,-27.47685],[-48.53585,-27.4766],[-48.53677,-27.47745],[-48.53762,-27.478],[-48.53811,-27.4795],[-48.53816,-27.48061],[-48.53805,-27.48152],[-48.5377,-27.48214],[-48.53775,-27.48317],[-48.53836,-27.48429],[-48.53809,-27.48547],[-48.53857,-27.48621],[-48.53915,-27.4864],[-48.53947,-27.48717],[-48.53851,-27.48791],[-48.53776,-27.4887],[-48.53815,-27.48988],[-48.53916,-27.49035],[-48.53923,-27.49158],[-48.53844,-27.49133],[-48.53799,-27.49026],[-48.53734,-27.49026],[-48.53714,-27.49071],[-48.536,-27.49074],[-48.53475,-27.49124],[-48.53389,-27.49033],[-48.53193,-27.49075],[-48.52977,-27.49146],[-48.52875,-27.49186],[-48.52846,-27.49243],[-48.52759,-27.49288],[-48.52762,-27.49355],[-48.52709,-27.49366],[-48.52458,-27.49495],[-48.52388,-27.49554],[-48.52369,-27.49603],[-48.52402,-27.49726],[-48.52382,-27.49745],[-48.5241,-27.49911],[-48.52299,-27.4991]]]},"properties":{"codigo":"4205407151","name":"Sambaqui","population":1845,"households":854,"areaKm2":1.2609,"density":1463.2}},{"type":"Feature","geometry":{"type":"Polygon","coordinates":[[[-48.506,-27.50518],[-48.50486,-27.50302],[-48.50465,-27.50156],[-48.50369,-27.50077],[-48.50467,-27.49992],[-48.50481,-27.49925],[-48.50404,-27.4973],[-48.50274,-27.49652],[-48.50248,-27.49561],[-48.50197,-27.49503],[-48.50215,-27.49357],[-48.50146,-27.49306],[-48.50077,-27.49195],[-48.50041,-27.49114],[-48.49846,-27.48915],[-48.49791,-27.48811],[-48.49676,-27.4871],[-48.4966,-27.48485],[-48.49692,-27.48389],[-48.50206,-27.4894],[-48.50279,-27.49038],[-48.50552,-27.49437],[-48.50614,-27.49498],[-48.5075,-27.49604],[-48.50954,-27.49735],[-48.51117,-27.4987],[-48.51377,-27.50121],[-48.51415,-27.50172],[-48.5144,-27.50238],[-48.51443,-27.50332],[-48.51421,-27.50451],[-48.51244,-27.50568],[-48.51118,-27.50591],[-48.51053,-27.50567],[-48.5092,-27.50553],[-48.50806,-27.50434],[-48.50668,-27.50481],[-48.506,-27.50518]]]},"properties":{"codigo":"4205407097","name":"Recanto dos Açores","population":458,"households":232,"areaKm2":1.1827,"density":387.2}},{"type":"Feature","geometry":{"type":"Polygon","coordinates":[[[-48.52246,-27.49213],[-48.52127,-27.49097],[-48.52095,-27.49009],[-48.51967,-27.48809],[-48.51951,-27.48768],[-48.51854,-27.4878],[-48.51773,-27.48698],[-48.51678,-27.48645],[-48.51705,-27.48596],[-48.5176,-27.48611],[-48.51839,-27.48575],[-48.51827,-27.48477],[-48.51701,-27.48457],[-48.51617,-27.48286],[-48.51752,-27.48228],[-48.51547,-27.47882],[-48.51692,-27.47841],[-48.51935,-27.47815],[-48.52123,-27.47825],[-48.52238,-27.47885],[-48.52291,-27.47833],[-48.52408,-27.47905],[-48.52483,-27.48008],[-48.52617,-27.4814],[-48.52576,-27.48198],[-48.52353,-27.48175],[-48.52225,-27.48215],[-48.52134,-27.48389],[-48.52159,-27.48438],[-48.52214,-27.48469],[-48.52179,-27.48617],[-48.52195,-27.48655],[-48.52292,-27.48716],[-48.52309,-27.48808],[-48.52338,-27.48876],[-48.52398,-27.48948],[-48.52504,-27.48964],[-48.52452,-27.49016],[-48.5229,-27.49185],[-48.52246,-27.49213]]]},"properties":{"codigo":"4205407152","name":"Barra do Sambaqui","population":1855,"households":759,"areaKm2":0.7673,"density":2417.7}},{"type":"Feature","geometry":{"type":"Polygon","coordinates":[[[-48.51982,-27.54271],[-48.5201,-27.54211],[-48.52001,-27.54121],[-48.5197,-27.54032],[-48.51974,-27.53891],[-48.51997,-27.53865],[-48.51927,-27.53774],[-48.52166,-27.53578],[-48.52155,-27.53493],[-48.5208,-27.53432],[-48.52085,-27.53403],[-48.52173,-27.53375],[-48.52225,-27.53313],[-48.52182,-27.53286],[-48.521,-27.53295],[-48.52092,-27.53262],[-48.5217,-27.53177],[-48.52193,-27.52981],[-48.52259,-27.52716],[-48.52115,-27.52413],[-48.52227,-27.52353],[-48.52063,-27.52107],[-48.5215,-27.51987],[-48.5222,-27.52077],[-48.52272,-27.52112],[-48.5234,-27.52201],[-48.52445,-27.52263],[-48.52453,-27.52305],[-48.52599,-27.52417],[-48.52732,-27.5247],[-48.52715,-27.52555],[-48.52724,-27.52606],[-48.52621,-27.52663],[-48.52586,-27.52714],[-48.52547,-27.52857],[-48.52466,-27.5291],[-48.52443,-27.53003],[-48.52482,-27.53082],[-48.52461,-27.53118],[-48.52517,-27.53248],[-48.52616,-27.53356],[-48.52643,-27.53431],[-48.52628,-27.53468],[-48.52752,-27.53578],[-48.53055,-27.53767],[-48.53043,-27.53812],[-48.53059,-27.53909],[-48.53041,-27.53957],[-48.52976,-27.53974],[-48.52877,-27.54036],[-48.52796,-27.54055],[-48.52667,-27.54123],[-48.52514,-27.54216],[-48.52192,-27.54462],[-48.52113,-27.5456],[-48.5209,-27.54482],[-48.51982,-27.54271]]]},"properties":{"codigo":"4205407150","name":"Cacupé","population":1494,"households":692,"areaKm2":1.3249,"density":1127.6}},{"type":"Feature","geometry":{"type":"Polygon","coordinates":[[[-48.40513,-27.46256],[-48.40589,-27.46465],[-48.40614,-27.46511],[-48.40886,-27.46508],[-48.40962,-27.46488],[-48.40962,-27.46425],[-48.41511,-27.46415],[-48.41565,-27.46271],[-48.41634,-27.46178],[-48.41677,-27.46221],[-48.41637,-27.46299],[-48.41665,-27.4645],[-48.41749,-27.46475],[-48.41693,-27.46529],[-48.4172,-27.46601],[-48.417,-27.4666],[-48.41716,-27.46704],[-48.41802,-27.46748],[-48.41794,-27.46784],[-48.41839,-27.46869],[-48.41812,-27.46929],[-48.41873,-27.46999],[-48.4185,-27.47097],[-48.41866,-27.47155],[-48.41838,-27.47263],[-48.41829,-27.47356],[-48.41888,-27.47368],[-48.41927,-27.47411],[-48.42311,-27.47408],[-48.42311,-27.47429],[-48.41933,-27.47435],[-48.41961,-27.47569],[-48.42159,-27.47566],[-48.42163,-27.47648],[-48.42327,-27.47644],[-48.42328,-27.4766],[-48.41989,-27.4767],[-48.41958,-27.47744],[-48.41973,-27.47769],[-48.41973,-27.47925],[-48.42003,-27.47964],[-48.42022,-27.48074],[-48.42069,-27.48135],[-48.42215,-27.48254],[-48.42506,-27.48249],[-48.42507,-27.48278],[-48.42243,-27.48279],[-48.42302,-27.48322],[-48.42306,-27.48376],[-48.42231,-27.48378],[-48.42234,-27.48435],[-48.42276,-27.48447],[-48.42287,-27.48614],[-48.42324,-27.48621],[-48.42325,-27.48688],[-48.4227,-27.48698],[-48.42223,-27.4883],[-48.42234,-27.48867],[-48.42053,-27.48986],[-48.42126,-27.4923],[-48.42098,-27.49292],[-48.42096,-27.49377],[-48.4216,-27.49463],[-48.42156,-27.49567],[-48.4213,-27.49651],[-48.42103,-27.49657],[-48.42132,-27.49753],[-48.42185,-27.49816],[-48.42189,-27.49856],[-48.42256,-27.49975],[-48.42249,-27.50049],[-48.42276,-27.50101],[-48.42385,-27.50177],[-48.42507,-27.50143],[-48.42608,-27.50146],[-48.42593,-27.50189],[-48.42645,-27.50286],[-48.42692,-27.50425],[-48.42686,-27.50525],[-48.42706,-27.50687],[-48.42625,-27.50861],[-48.42455,-27.51022],[-48.4246,-27.51136],[-48.42438,-27.51164],[-48.4242,-27.51291],[-48.4243,-27.51447],[-48.42385,-27.51513],[-48.41976,-27.51611],[-48.41861,-27.51465],[-48.41736,-27.51277],[-48.41611,-27.51075],[-48.41483,-27.50947],[-48.41328,-27.50849],[-48.41232,-27.5076],[-48.41164,-27.50575],[-48.41091,-27.50502],[-48.40976,-27.50306],[-48.40952,-27.50239],[-48.40897,-27.50208],[-48.40814,-27.50089],[-48.40817,-27.50035],[-48.40793,-27.49949],[-48.40682,-27.49747],[-48.40682,-27.49694],[-48.40649,-27.49606],[-48.40573,-27.49503],[-48.40528,-27.49405],[-48.40486,-27.49377],[-48.40467,-27.49312],[-48.40477,-27.49196],[-48.40427,-27.49124],[-48.40299,-27.49022],[-48.40189,-27.48845],[-48.401,-27.48788],[-48.40035,-27.48655],[-48.40034,-27.48618],[-48.39918,-27.48417],[-48.39873,-27.48358],[-48.39777,-27.48147],[-48.3976,-27.4808],[-48.3978,-27.4783],[-48.39739,-27.47671],[-48.397,-27.47414],[-48.39634,-27.47271],[-48.39607,-27.47243],[-48.39604,-27.47091],[-48.39613,-27.47027],[-48.39549,-27.46912],[-48.39547,-27.46787],[-48.39486,-27.467],[-48.39476,-27.46645],[-48.40513,-27.46256]]]},"properties":{"codigo":"4205407098","name":"Rio Vermelho","population":30004,"households":13637,"areaKm2":10.0735,"density":2978.5}}]}