{"type":"FeatureCollection","features":[{"type":"Feature","geometry":{"type":"Polygon","coordinates":[[[-51.20834,-30.05889],[-51.2081,-30.05917],[-51.20635,-30.06202],[-51.20615,-30.06351],[-51.2019,-30.06473],[-51.20057,-30.06488],[-51.19918,-30.06521],[-51.19729,-30.06182],[-51.19515,-30.05809],[-51.19787,-30.0563],[-51.20047,-30.05416],[-51.20086,-30.05397],[-51.20337,-30.05328],[-51.20469,-30.05277],[-51.20863,-30.05133],[-51.20902,-30.05281],[-51.2108,-30.05269],[-51.21085,-30.05362],[-51.21179,-30.05354],[-51.21007,-30.05692],[-51.20834,-30.05889]]]},"properties":{"codigo":"4314902014","name":"Santo Antônio","population":13105,"households":7659,"areaKm2":1.3692,"density":9571.2}},{"type":"Feature","geometry":{"type":"Polygon","coordinates":[[[-51.21285,-30.01036],[-51.21063,-30.01127],[-51.21113,-30.01238],[-51.20559,-30.01346],[-51.20542,-30.01417],[-51.20261,-30.01369],[-51.2025,-30.01418],[-51.19678,-30.01624],[-51.1961,-30.01517],[-51.19398,-30.01216],[-51.19308,-30.01058],[-51.19236,-30.00903],[-51.19206,-30.00794],[-51.19376,-30.00744],[-51.20933,-30.00269],[-51.21027,-30.00545],[-51.21285,-30.01036]]]},"properties":{"codigo":"4314902047","name":"São Geraldo","population":6948,"households":4402,"areaKm2":1.744,"density":3984}},{"type":"Feature","geometry":{"type":"Polygon","coordinates":[[[-51.14302,-30.00991],[-51.14291,-30.00868],[-51.13787,-30.00503],[-51.13961,-30.00187],[-51.13983,-29.99784],[-51.1405,-29.99781],[-51.14624,-29.99796],[-51.14782,-29.99797],[-51.14765,-30.00034],[-51.14726,-30.00423],[-51.14846,-30.00438],[-51.14849,-30.00525],[-51.14905,-30.01053],[-51.14614,-30.01053],[-51.14541,-30.01044],[-51.14302,-30.00991]]]},"properties":{"codigo":"4314902065","name":"São Sebastião","population":7514,"households":4117,"areaKm2":1.0689,"density":7029.4}},{"type":"Feature","geometry":{"type":"Polygon","coordinates":[[[-51.17657,-29.96774],[-51.17732,-29.96781],[-51.18337,-29.96893],[-51.18757,-29.9682],[-51.1894,-29.9684],[-51.18922,-29.97131],[-51.19101,-29.97677],[-51.19085,-29.97681],[-51.19152,-29.97882],[-51.19425,-29.98743],[-51.19558,-29.99145],[-51.1959,-29.99211],[-51.19637,-29.99373],[-51.19834,-29.99328],[-51.19954,-29.99722],[-51.19748,-29.99712],[-51.19763,-29.99757],[-51.19283,-29.9973],[-51.19136,-29.99696],[-51.18973,-29.99616],[-51.18807,-29.99467],[-51.187,-29.99353],[-51.18244,-29.98857],[-51.18156,-29.98706],[-51.18103,-29.98466],[-51.17825,-29.97557],[-51.17683,-29.97187],[-51.17639,-29.97026],[-51.17636,-29.96772],[-51.17657,-29.96774]]]},"properties":{"codigo":"4314902066","name":"Humaitá","population":12744,"households":6382,"areaKm2":3.6647,"density":3477.5}},{"type":"Feature","geometry":{"type":"Polygon","coordinates":[[[-51.22513,-30.15249],[-51.22301,-30.15297],[-51.22249,-30.15293],[-51.22076,-30.1522],[-51.2194,-30.15242],[-51.21982,-30.15305],[-51.21072,-30.1551],[-51.2106,-30.15485],[-51.20999,-30.15074],[-51.20861,-30.15085],[-51.20828,-30.15072],[-51.20455,-30.14766],[-51.20756,-30.14749],[-51.20967,-30.14689],[-51.2127,-30.14553],[-51.21496,-30.14413],[-51.21613,-30.14363],[-51.21813,-30.14231],[-51.21863,-30.14276],[-51.22032,-30.14353],[-51.22554,-30.14724],[-51.2258,-30.14895],[-51.22586,-30.14997],[-51.22549,-30.15006],[-51.22518,-30.15088],[-51.22536,-30.1518],[-51.22513,-30.15249]]]},"properties":{"codigo":"4314902030","name":"Espírito Santo","population":4953,"households":2318,"areaKm2":1.5963,"density":3102.7}},{"type":"Feature","geometry":{"type":"Polygon","coordinates":[[[-51.24926,-30.10103],[-51.25161,-30.09592],[-51.25232,-30.09602],[-51.25291,-30.09657],[-51.25636,-30.09576],[-51.25677,-30.09713],[-51.25746,-30.09722],[-51.25747,-30.09609],[-51.25865,-30.09708],[-51.26127,-30.09689],[-51.26272,-30.09779],[-51.26305,-30.09762],[-51.26437,-30.09858],[-51.26505,-30.09849],[-51.26479,-30.09913],[-51.26536,-30.09979],[-51.26642,-30.09982],[-51.26617,-30.10107],[-51.26591,-30.10162],[-51.26638,-30.10193],[-51.26674,-30.10285],[-51.26674,-30.10382],[-51.26711,-30.104],[-51.26652,-30.10478],[-51.26589,-30.10471],[-51.26547,-30.10508],[-51.26459,-30.1048],[-51.26422,-30.10517],[-51.26281,-30.10519],[-51.26136,-30.10602],[-51.25263,-30.1038],[-51.25142,-30.10318],[-51.25083,-30.10259],[-51.24999,-30.10147],[-51.24926,-30.10103]]]},"properties":{"codigo":"4314902025","name":"Vila Assunção","population":3974,"households":1781,"areaKm2":1.3187,"density":3013.5}},{"type":"Feature","geometry":{"type":"Polygon","coordinates":[[[-51.13626,-30.0539],[-51.13244,-30.05377],[-51.13004,-30.05401],[-51.12971,-30.05386],[-51.12983,-30.05321],[-51.12924,-30.05292],[-51.12822,-30.05294],[-51.12727,-30.05362],[-51.12685,-30.05373],[-51.12581,-30.05336],[-51.12057,-30.05528],[-51.1184,-30.05455],[-51.11611,-30.05333],[-51.11352,-30.05162],[-51.11229,-30.05098],[-51.11056,-30.05054],[-51.10917,-30.05048],[-51.10789,-30.05012],[-51.10748,-30.04625],[-51.10751,-30.04562],[-51.10708,-30.04097],[-51.10888,-30.04034],[-51.11197,-30.03851],[-51.11244,-30.03835],[-51.11372,-30.03832],[-51.11596,-30.03808],[-51.1179,-30.03794],[-51.11875,-30.03799],[-51.12078,-30.03853],[-51.12238,-30.03869],[-51.12085,-30.03012],[-51.12567,-30.03044],[-51.12672,-30.03075],[-51.12948,-30.03203],[-51.13067,-30.03238],[-51.13321,-30.03231],[-51.13469,-30.03171],[-51.13503,-30.03273],[-51.13538,-30.03643],[-51.13557,-30.03958],[-51.13582,-30.04261],[-51.13718,-30.04292],[-51.13615,-30.045],[-51.13641,-30.04569],[-51.1373,-30.04597],[-51.13839,-30.04674],[-51.13911,-30.0476],[-51.13948,-30.04842],[-51.13953,-30.05092],[-51.13626,-30.0539]]]},"properties":{"codigo":"4314902091","name":"Morro Santana","population":21640,"households":10793,"areaKm2":5.7079,"density":3791.2}},{"type":"Feature","geometry":{"type":"Polygon","coordinates":[[[-51.17811,-30.01963],[-51.17881,-30.01092],[-51.18063,-30.01097],[-51.18061,-30.01152],[-51.18178,-30.01153],[-51.18423,-30.01159],[-51.18552,-30.01179],[-51.19196,-30.01417],[-51.19186,-30.01456],[-51.19201,-30.01577],[-51.19182,-30.0177],[-51.18969,-30.01764],[-51.18651,-30.0174],[-51.18634,-30.01926],[-51.18618,-30.01976],[-51.18458,-30.02192],[-51.18384,-30.02176],[-51.17861,-30.01986],[-51.17811,-30.01963]]]},"properties":{"codigo":"4314902049","name":"Higienópolis","population":10284,"households":6001,"areaKm2":1.0628,"density":9676.3}},{"type":"Feature","geometry":{"type":"Polygon","coordinates":[[[-51.13718,-30.04292],[-51.14111,-30.04399],[-51.1418,-30.044],[-51.14417,-30.04331],[-51.14695,-30.04213],[-51.14772,-30.04191],[-51.1498,-30.04171],[-51.14996,-30.0417],[-51.15049,-30.04451],[-51.15007,-30.04818],[-51.1501,-30.05002],[-51.14961,-30.0512],[-51.15179,-30.05127],[-51.15195,-30.05096],[-51.15373,-30.05162],[-51.15379,-30.05077],[-51.15929,-30.05085],[-51.15959,-30.05147],[-51.15956,-30.05208],[-51.15934,-30.05567],[-51.15938,-30.05593],[-51.1582,-30.05622],[-51.15431,-30.05787],[-51.15311,-30.05854],[-51.15202,-30.05962],[-51.1515,-30.06067],[-51.15033,-30.06416],[-51.1491,-30.06597],[-51.14809,-30.06669],[-51.14697,-30.06716],[-51.14593,-30.06738],[-51.14303,-30.06816],[-51.14276,-30.06708],[-51.14162,-30.06667],[-51.14135,-30.06608],[-51.14072,-30.06585],[-51.14009,-30.06522],[-51.13958,-30.06511],[-51.13841,-30.06525],[-51.13739,-30.06373],[-51.1372,-30.0619],[-51.1366,-30.05701],[-51.13626,-30.0539],[-51.13953,-30.05092],[-51.13948,-30.04842],[-51.13911,-30.0476],[-51.13839,-30.04674],[-51.1373,-30.04597],[-51.13641,-30.04569],[-51.13615,-30.045],[-51.13718,-30.04292]]]},"properties":{"codigo":"4314902068","name":"Jardim Carvalho","population":23405,"households":11118,"areaKm2":3.9067,"density":5991}},{"type":"Feature","geometry":{"type":"Polygon","coordinates":[[[-51.11898,-30.24608],[-51.11864,-30.24586],[-51.11758,-30.24581],[-51.11466,-30.24607],[-51.11372,-30.24637],[-51.11306,-30.24704],[-51.1115,-30.24776],[-51.11107,-30.24816],[-51.11003,-30.24829],[-51.10951,-30.24861],[-51.10897,-30.24928],[-51.10713,-30.24979],[-51.10646,-30.25036],[-51.10548,-30.25164],[-51.10493,-30.25185],[-51.10454,-30.25268],[-51.1044,-30.25389],[-51.10445,-30.25512],[-51.10469,-30.25637],[-51.10499,-30.25686],[-51.10565,-30.25704],[-51.10604,-30.25751],[-51.10614,-30.25918],[-51.10477,-30.26009],[-51.10375,-30.25993],[-51.1014,-30.2593],[-51.10045,-30.25809],[-51.09993,-30.25804],[-51.09908,-30.25739],[-51.09914,-30.25695],[-51.10022,-30.25654],[-51.10085,-30.25608],[-51.10176,-30.25398],[-51.10176,-30.25338],[-51.10254,-30.25208],[-51.10197,-30.2507],[-51.10199,-30.25031],[-51.10146,-30.2499],[-51.10221,-30.24943],[-51.10343,-30.24973],[-51.1048,-30.24939],[-51.1052,-30.24916],[-51.10615,-30.2482],[-51.10623,-30.24709],[-51.10695,-30.24604],[-51.10713,-30.24483],[-51.10665,-30.2439],[-51.10659,-30.24319],[-51.10614,-30.24289],[-51.10519,-30.24317],[-51.10501,-30.24407],[-51.10516,-30.24468],[-51.10465,-30.2456],[-51.10385,-30.24574],[-51.10284,-30.24615],[-51.1021,-30.24555],[-51.10131,-30.24405],[-51.1004,-30.24326],[-51.09883,-30.24236],[-51.09589,-30.24122],[-51.09264,-30.24093],[-51.0894,-30.24098],[-51.08868,-30.24125],[-51.08681,-30.24151],[-51.08534,-30.24155],[-51.08333,-30.24191],[-51.08054,-30.24279],[-51.07977,-30.24284],[-51.07923,-30.24262],[-51.07748,-30.24304],[-51.0765,-30.24338],[-51.07605,-30.24434],[-51.07512,-30.24482],[-51.07473,-30.24482],[-51.07383,-30.24544],[-51.07282,-30.24585],[-51.07231,-30.24567],[-51.06976,-30.24713],[-51.0699,-30.2478],[-51.06925,-30.24904],[-51.06852,-30.24925],[-51.06851,-30.24982],[-51.06764,-30.25065],[-51.06642,-30.25216],[-51.06584,-30.25244],[-51.06535,-30.25297],[-51.06531,-30.2535],[-51.06492,-30.25386],[-51.06398,-30.25544],[-51.06338,-30.25581],[-51.06313,-30.25695],[-51.06321,-30.25765],[-51.06283,-30.25878],[-51.0629,-30.25961],[-51.06252,-30.25978],[-51.06129,-30.25971],[-51.06055,-30.259],[-51.05981,-30.25925],[-51.05859,-30.25902],[-51.05798,-30.25924],[-51.05701,-30.2601],[-51.0558,-30.26045],[-51.05502,-30.26039],[-51.05454,-30.26006],[-51.05363,-30.25982],[-51.05357,-30.25938],[-51.05433,-30.25876],[-51.05483,-30.25888],[-51.05501,-30.25838],[-51.05377,-30.25798],[-51.05383,-30.25726],[-51.05496,-30.25674],[-51.0555,-30.25573],[-51.055,-30.25434],[-51.05436,-30.25399],[-51.05414,-30.25324],[-51.05417,-30.25214],[-51.05457,-30.25112],[-51.05541,-30.2499],[-51.05731,-30.24746],[-51.05726,-30.24674],[-51.05692,-30.24592],[-51.05696,-30.24476],[-51.05874,-30.24374],[-51.0589,-30.24352],[-51.05875,-30.24258],[-51.05837,-30.24184],[-51.05865,-30.23977],[-51.05708,-30.23966],[-51.05627,-30.23944],[-51.05558,-30.23877],[-51.05473,-30.23724],[-51.05499,-30.23601],[-51.05382,-30.23455],[-51.05323,-30.23314],[-51.05311,-30.2322],[-51.05325,-30.23155],[-51.05304,-30.23072],[-51.05211,-30.22972],[-51.05258,-30.22948],[-51.05575,-30.22877],[-51.05947,-30.23174],[-51.06003,-30.23188],[-51.06088,-30.23167],[-51.06135,-30.23123],[-51.0641,-30.22963],[-51.06501,-30.22926],[-51.06748,-30.22859],[-51.07072,-30.22692],[-51.0761,-30.22485],[-51.07852,-30.22364],[-51.07945,-30.22328],[-51.08309,-30.22237],[-51.08761,-30.22186],[-51.08556,-30.20908],[-51.08606,-30.20909],[-51.08752,-30.2096],[-51.09053,-30.21093],[-51.09138,-30.2109],[-51.0918,-30.21023],[-51.10567,-30.20851],[-51.10684,-30.20918],[-51.1078,-30.21005],[-51.1098,-30.21122],[-51.10846,-30.21274],[-51.10726,-30.21429],[-51.10675,-30.21476],[-51.10162,-30.21837],[-51.10148,-30.21885],[-51.10234,-30.21923],[-51.10345,-30.21947],[-51.10679,-30.21985],[-51.10983,-30.22003],[-51.11293,-30.21989],[-51.1136,-30.22315],[-51.11391,-30.22548],[-51.1139,-30.22638],[-51.11366,-30.22748],[-51.1137,-30.22867],[-51.11423,-30.23101],[-51.11456,-30.23135],[-51.11768,-30.23316],[-51.12045,-30.23484],[-51.11977,-30.23571],[-51.11898,-30.24608]]]},"properties":{"codigo":"4314902074","name":"Lami","population":6677,"households":3156,"areaKm2":17.9361,"density":372.3}},{"type":"Feature","geometry":{"type":"Polygon","coordinates":[[[-51.14905,-30.01053],[-51.15004,-30.01051],[-51.15027,-30.01699],[-51.15244,-30.01692],[-51.15238,-30.01729],[-51.15901,-30.01788],[-51.16106,-30.01809],[-51.16083,-30.01956],[-51.16149,-30.02035],[-51.1614,-30.02115],[-51.15952,-30.02119],[-51.15686,-30.02136],[-51.15476,-30.02103],[-51.15407,-30.02619],[-51.15325,-30.02612],[-51.15294,-30.02635],[-51.15295,-30.0274],[-51.14713,-30.02732],[-51.14634,-30.02732],[-51.14639,-30.02664],[-51.14498,-30.02664],[-51.14434,-30.01954],[-51.14354,-30.01949],[-51.14348,-30.01879],[-51.14393,-30.01882],[-51.14387,-30.01808],[-51.14334,-30.01803],[-51.14279,-30.0168],[-51.14233,-30.0164],[-51.14331,-30.01524],[-51.14354,-30.01523],[-51.14302,-30.00991],[-51.14541,-30.01044],[-51.14614,-30.01053],[-51.14905,-30.01053]]]},"properties":{"codigo":"4314902057","name":"Vila Ipiranga","population":18041,"households":10411,"areaKm2":1.8141,"density":9944.8}},{"type":"Feature","geometry":{"type":"Polygon","coordinates":[[[-51.22774,-30.1591],[-51.22801,-30.16057],[-51.2285,-30.16146],[-51.22907,-30.16165],[-51.22963,-30.16235],[-51.23119,-30.16296],[-51.23179,-30.16286],[-51.23208,-30.16231],[-51.23285,-30.16244],[-51.23289,-30.16298],[-51.2334,-30.16355],[-51.23326,-30.16451],[-51.23293,-30.16496],[-51.23237,-30.1651],[-51.23223,-30.16554],[-51.23073,-30.16637],[-51.2305,-30.16668],[-51.22778,-30.16771],[-51.22663,-30.16821],[-51.22623,-30.1698],[-51.22677,-30.17278],[-51.22706,-30.17323],[-51.22697,-30.17441],[-51.22729,-30.17475],[-51.22738,-30.1759],[-51.22671,-30.17658],[-51.22608,-30.17576],[-51.22485,-30.17476],[-51.22331,-30.17467],[-51.22268,-30.17407],[-51.22145,-30.17408],[-51.22088,-30.1736],[-51.21999,-30.17331],[-51.21965,-30.17285],[-51.21787,-30.17287],[-51.21702,-30.17348],[-51.21396,-30.17497],[-51.21278,-30.17523],[-51.20866,-30.17589],[-51.20721,-30.17604],[-51.20598,-30.17574],[-51.20533,-30.17496],[-51.20434,-30.1733],[-51.20283,-30.17176],[-51.20221,-30.17141],[-51.2013,-30.16736],[-51.20806,-30.16851],[-51.20635,-30.16397],[-51.20639,-30.16383],[-51.20957,-30.16369],[-51.21447,-30.16339],[-51.21839,-30.1631],[-51.21959,-30.16242],[-51.22041,-30.16154],[-51.22057,-30.16111],[-51.22146,-30.16105],[-51.22241,-30.16048],[-51.22256,-30.15957],[-51.22587,-30.1592],[-51.22774,-30.1591]]]},"properties":{"codigo":"4314902075","name":"Serraria","population":4385,"households":1828,"areaKm2":3.2733,"density":1339.6}},{"type":"Feature","geometry":{"type":"MultiPolygon","coordinates":[[[[-51.19185,-30.24122],[-51.19289,-30.24124],[-51.19291,-30.24185],[-51.19214,-30.24187],[-51.19185,-30.24122]]],[[[-51.19727,-30.19549],[-51.19674,-30.19608],[-51.19715,-30.19687],[-51.19691,-30.19717],[-51.19612,-30.197],[-51.19489,-30.1983],[-51.19488,-30.19885],[-51.19433,-30.19976],[-51.19452,-30.20026],[-51.19449,-30.20107],[-51.19473,-30.2032],[-51.19523,-30.20543],[-51.19522,-30.20636],[-51.19572,-30.20767],[-51.19609,-30.20791],[-51.19715,-30.20793],[-51.19771,-30.20833],[-51.19803,-30.20894],[-51.19872,-30.20899],[-51.19939,-30.20928],[-51.19995,-30.20999],[-51.19954,-30.21074],[-51.19867,-30.21124],[-51.1972,-30.21275],[-51.19681,-30.21297],[-51.19593,-30.21301],[-51.19565,-30.21323],[-51.1943,-30.21363],[-51.19298,-30.21357],[-51.19185,-30.21323],[-51.19102,-30.21271],[-51.19013,-30.21275],[-51.18866,-30.21134],[-51.18802,-30.21116],[-51.18643,-30.21196],[-51.18524,-30.21204],[-51.1836,-30.21285],[-51.1826,-30.21295],[-51.18183,-30.21382],[-51.18111,-30.21424],[-51.18022,-30.2145],[-51.1801,-30.21538],[-51.17959,-30.21566],[-51.17934,-30.21636],[-51.17849,-30.21698],[-51.17801,-30.2185],[-51.1782,-30.21887],[-51.17791,-30.21984],[-51.17862,-30.22102],[-51.1788,-30.22261],[-51.17871,-30.22365],[-51.17911,-30.22537],[-51.18014,-30.22747],[-51.18118,-30.22904],[-51.18119,-30.22969],[-51.18197,-30.23078],[-51.18264,-30.23192],[-51.18308,-30.23219],[-51.184,-30.23317],[-51.18447,-30.23298],[-51.18511,-30.2332],[-51.1862,-30.23314],[-51.18698,-30.23278],[-51.18736,-30.23304],[-51.18836,-30.23309],[-51.18988,-30.23374],[-51.19083,-30.2333],[-51.19127,-30.23387],[-51.19137,-30.23446],[-51.19223,-30.23452],[-51.19283,-30.23481],[-51.19225,-30.23537],[-51.19296,-30.23685],[-51.1935,-30.23727],[-51.19337,-30.23777],[-51.19219,-30.23896],[-51.19114,-30.2394],[-51.19072,-30.23859],[-51.18844,-30.23583],[-51.18696,-30.23551],[-51.18543,-30.23543],[-51.18397,-30.23524],[-51.18119,-30.23525],[-51.17898,-30.23556],[-51.17766,-30.23696],[-51.17497,-30.23819],[-51.174,-30.23841],[-51.17161,-30.23851],[-51.17083,-30.23908],[-51.17033,-30.2391],[-51.16964,-30.23857],[-51.16927,-30.23792],[-51.16854,-30.23788],[-51.16707,-30.23742],[-51.167,-30.236],[-51.1659,-30.22971],[-51.16578,-30.22933],[-51.16241,-30.22521],[-51.16123,-30.2245],[-51.15956,-30.22165],[-51.15918,-30.22127],[-51.15677,-30.21926],[-51.15359,-30.21396],[-51.15318,-30.21318],[-51.15423,-30.21323],[-51.15599,-30.21311],[-51.15907,-30.21267],[-51.16075,-30.21264],[-51.1617,-30.21278],[-51.1616,-30.21137],[-51.16007,-30.20977],[-51.15978,-30.20911],[-51.16031,-30.2081],[-51.16,-30.20693],[-51.15998,-30.20533],[-51.16074,-30.20377],[-51.16058,-30.20298],[-51.15995,-30.20152],[-51.15999,-30.20078],[-51.16028,-30.20025],[-51.16127,-30.1996],[-51.16189,-30.19851],[-51.16271,-30.19662],[-51.16279,-30.19551],[-51.16245,-30.19442],[-51.16226,-30.19257],[-51.16118,-30.19197],[-51.1593,-30.18922],[-51.16087,-30.18792],[-51.16116,-30.18743],[-51.16178,-30.18739],[-51.16488,-30.18498],[-51.16732,-30.18315],[-51.16787,-30.1832],[-51.1691,-30.1844],[-51.17025,-30.18389],[-51.17127,-30.18509],[-51.17519,-30.18329],[-51.17467,-30.18555],[-51.17915,-30.1852],[-51.17938,-30.18411],[-51.18203,-30.1846],[-51.18183,-30.18565],[-51.18467,-30.18768],[-51.18929,-30.19108],[-51.19074,-30.18988],[-51.19085,-30.19047],[-51.19433,-30.19288],[-51.19433,-30.19367],[-51.19665,-30.19488],[-51.19727,-30.19549]]]]},"properties":{"codigo":"4314902073","name":"Belém Novo","population":9851,"households":4458,"areaKm2":15.0057,"density":656.5}},{"type":"Feature","geometry":{"type":"Polygon","coordinates":[[[-51.14782,-29.99797],[-51.15019,-29.998],[-51.15525,-29.99815],[-51.1552,-29.99934],[-51.15484,-30.00346],[-51.15485,-30.00409],[-51.15487,-30.00507],[-51.15396,-30.00508],[-51.15391,-30.00607],[-51.15458,-30.00621],[-51.15468,-30.00679],[-51.15416,-30.01041],[-51.15004,-30.01051],[-51.14905,-30.01053],[-51.14849,-30.00525],[-51.14846,-30.00438],[-51.14726,-30.00423],[-51.14765,-30.00034],[-51.14782,-29.99797]]]},"properties":{"codigo":"4314902054","name":"Jardim Lindóia","population":7587,"households":4033,"areaKm2":0.8784,"density":8637.6}},{"type":"Feature","geometry":{"type":"Polygon","coordinates":[[[-51.16775,-30.00771],[-51.16694,-30.0078],[-51.16614,-30.0117],[-51.16227,-30.01101],[-51.1628,-30.00786],[-51.16336,-30.0069],[-51.16351,-30.00542],[-51.16285,-30.00458],[-51.16183,-30.0042],[-51.16268,-30.00375],[-51.1629,-30.00333],[-51.16266,-30.00222],[-51.16393,-29.99681],[-51.17149,-29.99667],[-51.17194,-30.0032],[-51.17016,-30.00307],[-51.16833,-30.0028],[-51.16749,-30.00734],[-51.16775,-30.00771]]]},"properties":{"codigo":"4314902052","name":"Jardim São Pedro","population":3320,"households":1789,"areaKm2":0.9689,"density":3426.5}},{"type":"Feature","geometry":{"type":"Polygon","coordinates":[[[-51.1551,-29.96683],[-51.1553,-29.97136],[-51.15588,-29.97139],[-51.15567,-29.97216],[-51.1555,-29.97531],[-51.15499,-29.98701],[-51.15487,-29.98943],[-51.15445,-29.98934],[-51.14621,-29.98951],[-51.14632,-29.99377],[-51.14638,-29.9938],[-51.14642,-29.99733],[-51.15461,-29.99718],[-51.15464,-29.99672],[-51.1553,-29.99675],[-51.15525,-29.99815],[-51.15019,-29.998],[-51.14782,-29.99797],[-51.14624,-29.99796],[-51.1405,-29.99781],[-51.13983,-29.99784],[-51.13961,-30.00187],[-51.13787,-30.00503],[-51.14291,-30.00868],[-51.14302,-30.00991],[-51.14142,-30.00967],[-51.14085,-30.0097],[-51.13844,-30.01033],[-51.13771,-30.01039],[-51.13489,-30.00993],[-51.13374,-30.01007],[-51.13082,-30.01125],[-51.13004,-30.01152],[-51.12856,-30.01161],[-51.12772,-30.00601],[-51.12766,-30.00473],[-51.12638,-30.00488],[-51.1203,-30.00541],[-51.12012,-30.00563],[-51.12033,-30.00742],[-51.11748,-30.0077],[-51.11689,-30.00613],[-51.1169,-30.00497],[-51.11525,-30.0006],[-51.11362,-29.99627],[-51.11263,-29.99428],[-51.11265,-29.99209],[-51.11222,-29.99199],[-51.11237,-29.99064],[-51.11232,-29.98886],[-51.11239,-29.98617],[-51.10923,-29.98525],[-51.10916,-29.98386],[-51.10719,-29.98395],[-51.10736,-29.97853],[-51.10746,-29.97823],[-51.09408,-29.97955],[-51.08896,-29.97999],[-51.08843,-29.97994],[-51.08815,-29.97688],[-51.08681,-29.97267],[-51.08648,-29.97094],[-51.08707,-29.97054],[-51.08731,-29.97006],[-51.08739,-29.96908],[-51.08834,-29.96785],[-51.08954,-29.96742],[-51.09009,-29.96683],[-51.08993,-29.96616],[-51.08852,-29.96504],[-51.0883,-29.96455],[-51.08859,-29.96384],[-51.09011,-29.9632],[-51.09156,-29.963],[-51.09235,-29.96329],[-51.09374,-29.96413],[-51.09445,-29.96513],[-51.09523,-29.96571],[-51.09607,-29.96586],[-51.09734,-29.96538],[-51.09879,-29.96447],[-51.10171,-29.96406],[-51.10331,-29.96442],[-51.10479,-29.96497],[-51.106,-29.96482],[-51.10716,-29.96387],[-51.10773,-29.96319],[-51.10814,-29.96174],[-51.10898,-29.96068],[-51.11278,-29.95805],[-51.1141,-29.9577],[-51.11575,-29.95854],[-51.11649,-29.9585],[-51.11881,-29.95811],[-51.12005,-29.95805],[-51.12065,-29.95776],[-51.12164,-29.95656],[-51.12371,-29.9554],[-51.12446,-29.95476],[-51.12553,-29.95428],[-51.12627,-29.95423],[-51.12735,-29.95446],[-51.12835,-29.95533],[-51.12848,-29.95589],[-51.1287,-29.95702],[-51.12919,-29.9576],[-51.1299,-29.95798],[-51.1312,-29.95844],[-51.13242,-29.95913],[-51.13338,-29.96038],[-51.13405,-29.96089],[-51.135,-29.96077],[-51.13584,-29.96011],[-51.1375,-29.95831],[-51.13805,-29.95801],[-51.14011,-29.95744],[-51.14099,-29.95758],[-51.14145,-29.95851],[-51.14232,-29.95981],[-51.14315,-29.96064],[-51.14386,-29.96056],[-51.14584,-29.95977],[-51.14668,-29.95965],[-51.14773,-29.95982],[-51.14852,-29.96081],[-51.14979,-29.96177],[-51.15017,-29.96234],[-51.15023,-29.96306],[-51.15008,-29.96439],[-51.15022,-29.96494],[-51.15111,-29.96583],[-51.15245,-29.96625],[-51.15348,-29.96685],[-51.15441,-29.96704],[-51.1551,-29.96683]]]},"properties":{"codigo":"4314902061","name":"Sarandi","population":51539,"households":24199,"areaKm2":24.0411,"density":2143.8}},{"type":"Feature","geometry":{"type":"MultiPolygon","coordinates":[[[[-51.16317,-30.26274],[-51.16439,-30.26213],[-51.16494,-30.2624],[-51.16606,-30.26242],[-51.16874,-30.26287],[-51.16986,-30.26295],[-51.1702,-30.26366],[-51.16915,-30.26456],[-51.16805,-30.26505],[-51.16756,-30.26488],[-51.16686,-30.26507],[-51.1663,-30.26579],[-51.16529,-30.26618],[-51.1641,-30.26601],[-51.16283,-30.26509],[-51.1626,-30.26443],[-51.16258,-30.2628],[-51.16317,-30.26274]]],[[[-51.1098,-30.21122],[-51.1132,-30.20739],[-51.11661,-30.20372],[-51.1191,-30.2026],[-51.12075,-30.20202],[-51.12426,-30.20005],[-51.12571,-30.19962],[-51.12686,-30.19879],[-51.12845,-30.20005],[-51.13624,-30.20594],[-51.14395,-30.20452],[-51.14395,-30.20587],[-51.14608,-30.21047],[-51.14735,-30.21064],[-51.14938,-30.21135],[-51.15137,-30.21271],[-51.15318,-30.21318],[-51.15359,-30.21396],[-51.15677,-30.21926],[-51.15918,-30.22127],[-51.15956,-30.22165],[-51.16123,-30.2245],[-51.16241,-30.22521],[-51.16578,-30.22933],[-51.1659,-30.22971],[-51.167,-30.236],[-51.16707,-30.23742],[-51.16496,-30.23779],[-51.16323,-30.23796],[-51.16119,-30.23845],[-51.16053,-30.23874],[-51.1588,-30.23912],[-51.15622,-30.23988],[-51.15504,-30.24061],[-51.15341,-30.24204],[-51.15275,-30.24293],[-51.15213,-30.24437],[-51.15185,-30.2456],[-51.15187,-30.24648],[-51.15212,-30.24761],[-51.15247,-30.24833],[-51.15338,-30.2486],[-51.15406,-30.2484],[-51.15508,-30.24861],[-51.15504,-30.249],[-51.15451,-30.24941],[-51.15452,-30.25109],[-51.1555,-30.25685],[-51.15589,-30.25754],[-51.15666,-30.2597],[-51.15743,-30.26002],[-51.15738,-30.26102],[-51.15951,-30.2615],[-51.15928,-30.26204],[-51.15631,-30.2625],[-51.15491,-30.26255],[-51.15406,-30.26274],[-51.15251,-30.26329],[-51.14998,-30.2634],[-51.14966,-30.26385],[-51.14752,-30.26438],[-51.14572,-30.265],[-51.14368,-30.26529],[-51.14269,-30.26566],[-51.14222,-30.26602],[-51.14186,-30.26709],[-51.14049,-30.26806],[-51.1396,-30.26824],[-51.1386,-30.26868],[-51.13788,-30.26867],[-51.13587,-30.26917],[-51.13369,-30.26941],[-51.13377,-30.2691],[-51.13478,-30.2688],[-51.13504,-30.26763],[-51.13675,-30.26701],[-51.13731,-30.26583],[-51.13754,-30.26423],[-51.13727,-30.26376],[-51.13688,-30.26196],[-51.13708,-30.26144],[-51.13684,-30.25947],[-51.13576,-30.25829],[-51.13533,-30.25734],[-51.13531,-30.25653],[-51.13457,-30.25545],[-51.13451,-30.25451],[-51.13382,-30.25407],[-51.13328,-30.25256],[-51.13262,-30.25165],[-51.13073,-30.25017],[-51.12988,-30.24932],[-51.12868,-30.24873],[-51.12821,-30.24777],[-51.12737,-30.24749],[-51.12616,-30.24731],[-51.12547,-30.24783],[-51.12508,-30.24772],[-51.12359,-30.24801],[-51.1233,-30.24689],[-51.12287,-30.24664],[-51.12214,-30.24675],[-51.12001,-30.24618],[-51.11898,-30.24608],[-51.11977,-30.23571],[-51.12045,-30.23484],[-51.11768,-30.23316],[-51.11456,-30.23135],[-51.11423,-30.23101],[-51.1137,-30.22867],[-51.11366,-30.22748],[-51.1139,-30.22638],[-51.11391,-30.22548],[-51.1136,-30.22315],[-51.11293,-30.21989],[-51.10983,-30.22003],[-51.10679,-30.21985],[-51.10345,-30.21947],[-51.10234,-30.21923],[-51.10148,-30.21885],[-51.10162,-30.21837],[-51.10675,-30.21476],[-51.10726,-30.21429],[-51.10846,-30.21274],[-51.1098,-30.21122]]]]},"properties":{"codigo":"4314902081","name":"Boa Vista do Sul","population":2703,"households":1349,"areaKm2":24.4526,"density":110.5}},{"type":"Feature","geometry":{"type":"Polygon","coordinates":[[[-51.20834,-30.05889],[-51.20923,-30.0596],[-51.20982,-30.05954],[-51.21073,-30.06094],[-51.21167,-30.06173],[-51.21153,-30.06074],[-51.21344,-30.05801],[-51.21677,-30.05959],[-51.2191,-30.06072],[-51.21718,-30.06343],[-51.21605,-30.06523],[-51.21342,-30.06843],[-51.21303,-30.0685],[-51.21323,-30.06967],[-51.21319,-30.07413],[-51.21044,-30.07248],[-51.21131,-30.07074],[-51.21118,-30.07008],[-51.20869,-30.07053],[-51.20711,-30.07031],[-51.20463,-30.06993],[-51.20501,-30.069],[-51.20264,-30.06891],[-51.20244,-30.06851],[-51.20329,-30.06829],[-51.2019,-30.06473],[-51.20615,-30.06351],[-51.20635,-30.06202],[-51.2081,-30.05917],[-51.20834,-30.05889]]]},"properties":{"codigo":"4314902001","name":"Medianeira","population":8749,"households":4605,"areaKm2":1.3982,"density":6257.3}},{"type":"Feature","geometry":{"type":"Polygon","coordinates":[[[-51.15826,-30.16201],[-51.15941,-30.16144],[-51.15996,-30.16068],[-51.16063,-30.15927],[-51.16147,-30.15832],[-51.16102,-30.15667],[-51.16109,-30.15288],[-51.16144,-30.15083],[-51.16129,-30.14859],[-51.16148,-30.1471],[-51.16201,-30.14612],[-51.16256,-30.14448],[-51.16303,-30.14381],[-51.16424,-30.14266],[-51.16634,-30.14146],[-51.1667,-30.14113],[-51.1671,-30.13984],[-51.16779,-30.13882],[-51.16909,-30.13783],[-51.17028,-30.13733],[-51.17117,-30.1372],[-51.17249,-30.13731],[-51.17401,-30.13644],[-51.17539,-30.13699],[-51.17742,-30.13702],[-51.1785,-30.13762],[-51.1797,-30.13811],[-51.18313,-30.13792],[-51.18386,-30.13808],[-51.1864,-30.1367],[-51.18664,-30.13596],[-51.19144,-30.14553],[-51.19033,-30.15635],[-51.1908,-30.15856],[-51.19119,-30.15858],[-51.19515,-30.16568],[-51.19845,-30.17167],[-51.19304,-30.17245],[-51.1916,-30.17235],[-51.19085,-30.17216],[-51.18898,-30.17141],[-51.18412,-30.16955],[-51.1826,-30.16937],[-51.18064,-30.16952],[-51.17763,-30.16891],[-51.17302,-30.17052],[-51.17184,-30.17105],[-51.17097,-30.17189],[-51.17022,-30.1722],[-51.16953,-30.17217],[-51.16812,-30.17162],[-51.16749,-30.17096],[-51.16727,-30.17044],[-51.16677,-30.16694],[-51.16646,-30.16635],[-51.16599,-30.1661],[-51.16296,-30.16514],[-51.16152,-30.16477],[-51.15981,-30.16421],[-51.1591,-30.16365],[-51.1585,-30.16296],[-51.15826,-30.16201]]]},"properties":{"codigo":"4314902072","name":"Hípica","population":28643,"households":12345,"areaKm2":10.3211,"density":2775.2}},{"type":"Feature","geometry":{"type":"Polygon","coordinates":[[[-51.16935,-30.07757],[-51.16833,-30.07745],[-51.16804,-30.07791],[-51.16624,-30.078],[-51.16532,-30.07916],[-51.1649,-30.07942],[-51.16474,-30.0801],[-51.16396,-30.08099],[-51.16379,-30.08226],[-51.16357,-30.08258],[-51.16366,-30.08433],[-51.16349,-30.08509],[-51.1636,-30.08589],[-51.16344,-30.08754],[-51.15223,-30.09257],[-51.15367,-30.08786],[-51.15647,-30.07925],[-51.15596,-30.07871],[-51.1564,-30.07802],[-51.15672,-30.07791],[-51.15716,-30.07654],[-51.15804,-30.07566],[-51.15827,-30.07518],[-51.15911,-30.0747],[-51.15897,-30.07384],[-51.15816,-30.07306],[-51.15949,-30.07297],[-51.15989,-30.07188],[-51.15998,-30.07041],[-51.16032,-30.07002],[-51.16029,-30.06946],[-51.16149,-30.06256],[-51.16264,-30.06221],[-51.16434,-30.06218],[-51.16727,-30.0618],[-51.16969,-30.0616],[-51.17119,-30.06175],[-51.16989,-30.06873],[-51.17096,-30.06879],[-51.17154,-30.06801],[-51.17239,-30.06773],[-51.1719,-30.06859],[-51.17159,-30.07073],[-51.17167,-30.07304],[-51.17152,-30.07349],[-51.17086,-30.07441],[-51.17078,-30.07542],[-51.17037,-30.07661],[-51.16935,-30.07757]]]},"properties":{"codigo":"4314902098","name":"Vila São José","population":24011,"households":10370,"areaKm2":3.0554,"density":7858.6}},{"type":"Feature","geometry":{"type":"Polygon","coordinates":[[[-51.14634,-30.02732],[-51.14453,-30.02733],[-51.14363,-30.02754],[-51.13878,-30.02755],[-51.13881,-30.02852],[-51.13925,-30.02964],[-51.13492,-30.0309],[-51.13444,-30.03035],[-51.13359,-30.0306],[-51.13295,-30.02992],[-51.13176,-30.02708],[-51.13162,-30.02656],[-51.13148,-30.02389],[-51.13124,-30.01791],[-51.13082,-30.01125],[-51.13374,-30.01007],[-51.13489,-30.00993],[-51.13771,-30.01039],[-51.13844,-30.01033],[-51.14085,-30.0097],[-51.14142,-30.00967],[-51.14302,-30.00991],[-51.14354,-30.01523],[-51.14331,-30.01524],[-51.14233,-30.0164],[-51.14279,-30.0168],[-51.14334,-30.01803],[-51.14387,-30.01808],[-51.14393,-30.01882],[-51.14348,-30.01879],[-51.14354,-30.01949],[-51.14434,-30.01954],[-51.14498,-30.02664],[-51.14639,-30.02664],[-51.14634,-30.02732]]]},"properties":{"codigo":"4314902088","name":"Jardim Itu","population":17565,"households":8496,"areaKm2":2.5546,"density":6875.9}},{"type":"Feature","geometry":{"type":"Polygon","coordinates":[[[-51.20455,-30.14766],[-51.20397,-30.1473],[-51.19747,-30.14636],[-51.19144,-30.14553],[-51.18664,-30.13596],[-51.18737,-30.13483],[-51.18875,-30.1336],[-51.18899,-30.13305],[-51.19034,-30.13216],[-51.1962,-30.13007],[-51.19669,-30.12981],[-51.19944,-30.1279],[-51.19995,-30.1277],[-51.20195,-30.12745],[-51.20183,-30.12847],[-51.20245,-30.12864],[-51.20327,-30.12949],[-51.20608,-30.13032],[-51.20691,-30.13095],[-51.20799,-30.1305],[-51.21013,-30.13054],[-51.21109,-30.13044],[-51.21224,-30.1313],[-51.21327,-30.13188],[-51.21292,-30.13506],[-51.21078,-30.13453],[-51.20864,-30.13462],[-51.20794,-30.13448],[-51.2073,-30.13467],[-51.20673,-30.13616],[-51.2087,-30.14109],[-51.206,-30.14225],[-51.20759,-30.14257],[-51.20816,-30.14252],[-51.20838,-30.14292],[-51.20643,-30.14355],[-51.20613,-30.14394],[-51.20746,-30.14395],[-51.20788,-30.1443],[-51.20815,-30.14513],[-51.20925,-30.14612],[-51.20967,-30.14689],[-51.20756,-30.14749],[-51.20455,-30.14766]]]},"properties":{"codigo":"4314902082","name":"Campo Novo","population":8743,"households":4070,"areaKm2":3.5688,"density":2449.9}},{"type":"Feature","geometry":{"type":"Polygon","coordinates":[[[-51.23178,-30.09327],[-51.22684,-30.09474],[-51.22567,-30.09517],[-51.22473,-30.09684],[-51.22466,-30.0975],[-51.22545,-30.09879],[-51.22531,-30.09977],[-51.22481,-30.10072],[-51.22399,-30.10142],[-51.22348,-30.10228],[-51.22279,-30.10469],[-51.22046,-30.10345],[-51.21993,-30.10334],[-51.21301,-30.10315],[-51.21271,-30.10307],[-51.21216,-30.10283],[-51.21185,-30.10199],[-51.20982,-30.10016],[-51.20888,-30.09915],[-51.20877,-30.09839],[-51.20819,-30.09776],[-51.20698,-30.09763],[-51.20535,-30.09614],[-51.20526,-30.09579],[-51.20407,-30.0947],[-51.2028,-30.09437],[-51.20239,-30.09161],[-51.20239,-30.09063],[-51.20302,-30.08987],[-51.20402,-30.08929],[-51.20525,-30.0891],[-51.20753,-30.08826],[-51.20821,-30.08736],[-51.20827,-30.08685],[-51.2092,-30.08667],[-51.20982,-30.08631],[-51.21153,-30.08479],[-51.21161,-30.08439],[-51.21277,-30.08363],[-51.21377,-30.08355],[-51.21347,-30.08268],[-51.21534,-30.08076],[-51.21379,-30.07962],[-51.21427,-30.07841],[-51.21455,-30.07671],[-51.21841,-30.07961],[-51.21932,-30.08058],[-51.22084,-30.0814],[-51.22794,-30.08668],[-51.22715,-30.08754],[-51.22598,-30.08909],[-51.22799,-30.08967],[-51.23031,-30.09058],[-51.23102,-30.09136],[-51.23178,-30.09327]]]},"properties":{"codigo":"4314902010","name":"Nonoai","population":20776,"households":10125,"areaKm2":4.469,"density":4648.9}},{"type":"Feature","geometry":{"type":"Polygon","coordinates":[[[-51.21942,-30.03052],[-51.21728,-30.03053],[-51.21419,-30.03122],[-51.21393,-30.02933],[-51.2135,-30.02994],[-51.21249,-30.03002],[-51.21188,-30.02951],[-51.2109,-30.03168],[-51.21079,-30.03024],[-51.20848,-30.0302],[-51.2085,-30.02898],[-51.20856,-30.02866],[-51.21043,-30.02391],[-51.21188,-30.02505],[-51.2145,-30.02675],[-51.21569,-30.02769],[-51.21956,-30.02792],[-51.21942,-30.03052]]]},"properties":{"codigo":"4314902039","name":"Independência","population":6885,"households":5089,"areaKm2":0.4506,"density":15281.3}},{"type":"Feature","geometry":{"type":"Polygon","coordinates":[[[-51.15004,-30.01051],[-51.15416,-30.01041],[-51.15468,-30.00679],[-51.15458,-30.00621],[-51.15391,-30.00607],[-51.15396,-30.00508],[-51.15487,-30.00507],[-51.15485,-30.00409],[-51.15783,-30.00432],[-51.15938,-30.00415],[-51.16025,-30.00486],[-51.16183,-30.0042],[-51.16285,-30.00458],[-51.16351,-30.00542],[-51.16336,-30.0069],[-51.1628,-30.00786],[-51.16227,-30.01101],[-51.16203,-30.01097],[-51.16149,-30.01515],[-51.16106,-30.01809],[-51.15901,-30.01788],[-51.15238,-30.01729],[-51.15244,-30.01692],[-51.15027,-30.01699],[-51.15004,-30.01051]]]},"properties":{"codigo":"4314902051","name":"Cristo Redentor","population":15144,"households":8853,"areaKm2":1.4321,"density":10574.4}},{"type":"Feature","geometry":{"type":"Polygon","coordinates":[[[-51.1471,-30.11766],[-51.14384,-30.11896],[-51.14238,-30.11995],[-51.14229,-30.12041],[-51.14269,-30.12135],[-51.14237,-30.12203],[-51.14084,-30.12467],[-51.14016,-30.12531],[-51.13957,-30.12673],[-51.13958,-30.12734],[-51.14,-30.12838],[-51.14072,-30.1294],[-51.14213,-30.1318],[-51.14179,-30.13238],[-51.14093,-30.1329],[-51.14014,-30.13385],[-51.13787,-30.13443],[-51.13496,-30.13559],[-51.13344,-30.13638],[-51.1311,-30.13717],[-51.13054,-30.13717],[-51.12896,-30.13685],[-51.12843,-30.13569],[-51.12781,-30.13547],[-51.12682,-30.13605],[-51.12571,-30.13601],[-51.12484,-30.13621],[-51.12446,-30.13656],[-51.12336,-30.138],[-51.12277,-30.13782],[-51.12214,-30.13847],[-51.12104,-30.13868],[-51.12027,-30.13907],[-51.11998,-30.14003],[-51.11954,-30.1401],[-51.11891,-30.1398],[-51.11799,-30.13987],[-51.11734,-30.14011],[-51.11649,-30.13974],[-51.11595,-30.14027],[-51.1144,-30.14056],[-51.11322,-30.14033],[-51.11258,-30.13999],[-51.1119,-30.14036],[-51.11074,-30.14018],[-51.11005,-30.14072],[-51.10875,-30.13933],[-51.10769,-30.13895],[-51.10663,-30.13723],[-51.10521,-30.13634],[-51.10457,-30.13447],[-51.10387,-30.13407],[-51.10365,-30.13315],[-51.10295,-30.13277],[-51.10234,-30.13323],[-51.09829,-30.13682],[-51.09733,-30.13807],[-51.09697,-30.13876],[-51.09648,-30.14095],[-51.09658,-30.14162],[-51.09636,-30.14236],[-51.09567,-30.14368],[-51.09559,-30.1444],[-51.09623,-30.14574],[-51.09668,-30.14748],[-51.0962,-30.14852],[-51.09626,-30.14979],[-51.09654,-30.15032],[-51.09526,-30.15191],[-51.0932,-30.15343],[-51.09287,-30.15323],[-51.08842,-30.17544],[-51.08261,-30.17885],[-51.08193,-30.17839],[-51.08138,-30.17901],[-51.08063,-30.17939],[-51.07946,-30.17911],[-51.07893,-30.1784],[-51.07822,-30.17709],[-51.07782,-30.17667],[-51.07774,-30.17593],[-51.07689,-30.17557],[-51.07666,-30.17526],[-51.07653,-30.17422],[-51.07687,-30.17324],[-51.07664,-30.17286],[-51.07662,-30.17202],[-51.0769,-30.17108],[-51.07647,-30.16928],[-51.07701,-30.16712],[-51.07772,-30.16609],[-51.07818,-30.16582],[-51.0787,-30.16513],[-51.07888,-30.16449],[-51.07939,-30.16376],[-51.0792,-30.1635],[-51.07861,-30.16074],[-51.0789,-30.15984],[-51.08094,-30.15842],[-51.08199,-30.157],[-51.08337,-30.15594],[-51.08522,-30.15492],[-51.08603,-30.15424],[-51.08631,-30.15356],[-51.08777,-30.15221],[-51.08879,-30.15151],[-51.08913,-30.15067],[-51.08905,-30.14966],[-51.08836,-30.14795],[-51.08799,-30.14743],[-51.08689,-30.14647],[-51.08614,-30.14548],[-51.08559,-30.14314],[-51.0871,-30.14102],[-51.08832,-30.14026],[-51.09017,-30.13955],[-51.09127,-30.13934],[-51.09286,-30.13868],[-51.09363,-30.13808],[-51.09383,-30.13765],[-51.09421,-30.13586],[-51.09493,-30.13483],[-51.09658,-30.13311],[-51.09708,-30.13269],[-51.09772,-30.13178],[-51.09774,-30.12995],[-51.09803,-30.12926],[-51.09866,-30.12871],[-51.09753,-30.12796],[-51.09762,-30.12717],[-51.09712,-30.12587],[-51.09657,-30.12569],[-51.09626,-30.12487],[-51.09654,-30.12436],[-51.09629,-30.12379],[-51.09677,-30.12224],[-51.09581,-30.12195],[-51.09539,-30.12004],[-51.09469,-30.11939],[-51.09492,-30.11862],[-51.09573,-30.11752],[-51.09632,-30.1164],[-51.0964,-30.11483],[-51.09958,-30.11461],[-51.10093,-30.11415],[-51.10069,-30.11128],[-51.10079,-30.11087],[-51.10182,-30.10975],[-51.10422,-30.10781],[-51.10594,-30.10664],[-51.10697,-30.10609],[-51.10849,-30.10547],[-51.11011,-30.10516],[-51.11197,-30.10421],[-51.11202,-30.10341],[-51.11118,-30.10214],[-51.11127,-30.10155],[-51.11149,-30.0971],[-51.11118,-30.09547],[-51.11063,-30.09332],[-51.11073,-30.09113],[-51.11044,-30.08769],[-51.11089,-30.08633],[-51.11144,-30.08532],[-51.11325,-30.08309],[-51.11377,-30.08231],[-51.11428,-30.08147],[-51.11507,-30.08078],[-51.11561,-30.08006],[-51.11678,-30.07962],[-51.11777,-30.07877],[-51.11919,-30.07834],[-51.1208,-30.07743],[-51.12311,-30.07686],[-51.12525,-30.07682],[-51.1269,-30.07697],[-51.12886,-30.0769],[-51.13385,-30.07561],[-51.13496,-30.07505],[-51.13522,-30.0754],[-51.13657,-30.07547],[-51.1377,-30.0764],[-51.1377,-30.07701],[-51.13676,-30.0775],[-51.13647,-30.07808],[-51.13661,-30.07929],[-51.13607,-30.07944],[-51.13576,-30.07995],[-51.1367,-30.0814],[-51.13728,-30.08179],[-51.1367,-30.08251],[-51.13687,-30.08304],[-51.13642,-30.08379],[-51.13641,-30.08461],[-51.1372,-30.08445],[-51.13867,-30.08465],[-51.13921,-30.08496],[-51.14037,-30.08623],[-51.14225,-30.0877],[-51.14264,-30.08842],[-51.14395,-30.08963],[-51.14531,-30.09019],[-51.14645,-30.09189],[-51.14785,-30.09256],[-51.14872,-30.09095],[-51.14994,-30.09147],[-51.15217,-30.09259],[-51.15244,-30.09315],[-51.15222,-30.09507],[-51.15364,-30.0964],[-51.15384,-30.09715],[-51.15351,-30.09864],[-51.15372,-30.09926],[-51.15396,-30.10082],[-51.15192,-30.10132],[-51.15002,-30.10247],[-51.14898,-30.10324],[-51.14763,-30.11344],[-51.14696,-30.11429],[-51.1469,-30.11514],[-51.14758,-30.11564],[-51.14711,-30.11662],[-51.1471,-30.11766]]]},"properties":{"codigo":"4314902077","name":"Lomba do Pinheiro","population":59200,"households":25581,"areaKm2":30.0348,"density":1971}},{"type":"Feature","geometry":{"type":"Polygon","coordinates":[[[-51.19588,-30.03895],[-51.19445,-30.03851],[-51.19016,-30.03843],[-51.18934,-30.03824],[-51.18771,-30.03751],[-51.18562,-30.03539],[-51.18344,-30.03104],[-51.18315,-30.03061],[-51.18211,-30.02982],[-51.18091,-30.02948],[-51.18183,-30.02733],[-51.18523,-30.02852],[-51.18519,-30.02919],[-51.18691,-30.02931],[-51.18679,-30.03057],[-51.18957,-30.0313],[-51.18956,-30.03056],[-51.19009,-30.03067],[-51.19298,-30.03069],[-51.19296,-30.0295],[-51.19451,-30.02946],[-51.19456,-30.02869],[-51.19531,-30.02877],[-51.1953,-30.02923],[-51.19587,-30.02926],[-51.19595,-30.03407],[-51.19573,-30.03462],[-51.19588,-30.03895]]]},"properties":{"codigo":"4314902043","name":"Bela Vista","population":11819,"households":6289,"areaKm2":1.0255,"density":11525.6}},{"type":"Feature","geometry":{"type":"Polygon","coordinates":[[[-51.16149,-30.02035],[-51.16391,-30.02058],[-51.1634,-30.02302],[-51.1633,-30.02483],[-51.16325,-30.02805],[-51.16085,-30.02802],[-51.15975,-30.02808],[-51.1587,-30.02843],[-51.15598,-30.03011],[-51.15544,-30.03052],[-51.15527,-30.02967],[-51.1544,-30.02834],[-51.15295,-30.0274],[-51.15294,-30.02635],[-51.15325,-30.02612],[-51.15407,-30.02619],[-51.15476,-30.02103],[-51.15686,-30.02136],[-51.15952,-30.02119],[-51.1614,-30.02115],[-51.16149,-30.02035]]]},"properties":{"codigo":"4314902086","name":"Jardim Europa","population":4372,"households":1876,"areaKm2":0.7643,"density":5719.9}},{"type":"Feature","geometry":{"type":"Polygon","coordinates":[[[-51.16935,-30.07757],[-51.17064,-30.07716],[-51.17122,-30.07562],[-51.17166,-30.07589],[-51.17224,-30.07552],[-51.17395,-30.07575],[-51.17451,-30.07536],[-51.17423,-30.07496],[-51.17426,-30.07438],[-51.17477,-30.07444],[-51.17538,-30.0739],[-51.18059,-30.07079],[-51.18048,-30.07031],[-51.17907,-30.06899],[-51.18034,-30.06842],[-51.1799,-30.06716],[-51.18624,-30.06444],[-51.18691,-30.06684],[-51.1872,-30.06751],[-51.18897,-30.07012],[-51.18992,-30.07123],[-51.19077,-30.07171],[-51.193,-30.07213],[-51.19156,-30.07426],[-51.18722,-30.07346],[-51.18695,-30.07443],[-51.18618,-30.07428],[-51.1858,-30.07566],[-51.18437,-30.07592],[-51.18411,-30.07628],[-51.1847,-30.07687],[-51.18226,-30.07977],[-51.17664,-30.08341],[-51.17711,-30.08404],[-51.17395,-30.08607],[-51.17355,-30.08551],[-51.16973,-30.08794],[-51.16384,-30.08738],[-51.16344,-30.08754],[-51.1636,-30.08589],[-51.16349,-30.08509],[-51.16366,-30.08433],[-51.16357,-30.08258],[-51.16379,-30.08226],[-51.16396,-30.08099],[-51.16474,-30.0801],[-51.1649,-30.07942],[-51.16532,-30.07916],[-51.16624,-30.078],[-51.16804,-30.07791],[-51.16833,-30.07745],[-51.16935,-30.07757]]]},"properties":{"codigo":"4314902013","name":"Coronel Aparício Borges","population":18966,"households":6633,"areaKm2":2.8633,"density":6623.7}},{"type":"Feature","geometry":{"type":"Polygon","coordinates":[[[-51.13469,-30.03171],[-51.13359,-30.0306],[-51.13444,-30.03035],[-51.13492,-30.0309],[-51.13925,-30.02964],[-51.13881,-30.02852],[-51.13878,-30.02755],[-51.14363,-30.02754],[-51.14453,-30.02733],[-51.14634,-30.02732],[-51.14713,-30.02732],[-51.14762,-30.03004],[-51.14775,-30.03206],[-51.14793,-30.03336],[-51.14851,-30.03464],[-51.14865,-30.03608],[-51.1498,-30.04171],[-51.14772,-30.04191],[-51.14695,-30.04213],[-51.14417,-30.04331],[-51.1418,-30.044],[-51.14111,-30.04399],[-51.13718,-30.04292],[-51.13582,-30.04261],[-51.13557,-30.03958],[-51.13538,-30.03643],[-51.13503,-30.03273],[-51.13469,-30.03171]]]},"properties":{"codigo":"4314902090","name":"Jardim Sabará","population":11270,"households":5694,"areaKm2":2.0824,"density":5412.1}},{"type":"Feature","geometry":{"type":"Polygon","coordinates":[[[-51.2191,-30.06072],[-51.21964,-30.06117],[-51.2211,-30.06192],[-51.22297,-30.06325],[-51.22318,-30.06378],[-51.2241,-30.0671],[-51.22917,-30.06399],[-51.23163,-30.0632],[-51.23186,-30.06373],[-51.23256,-30.06449],[-51.23536,-30.06666],[-51.23638,-30.06758],[-51.23926,-30.07052],[-51.23982,-30.07116],[-51.24062,-30.07299],[-51.2413,-30.07389],[-51.24086,-30.07442],[-51.24072,-30.07518],[-51.24036,-30.07568],[-51.23867,-30.07667],[-51.23787,-30.07691],[-51.23705,-30.07678],[-51.23601,-30.07727],[-51.23546,-30.07728],[-51.23476,-30.07797],[-51.23418,-30.07995],[-51.23384,-30.0806],[-51.23414,-30.08116],[-51.23105,-30.08283],[-51.23234,-30.08381],[-51.23219,-30.08461],[-51.22953,-30.08508],[-51.22794,-30.08668],[-51.22084,-30.0814],[-51.21932,-30.08058],[-51.21841,-30.07961],[-51.21455,-30.07671],[-51.21476,-30.07576],[-51.21481,-30.07465],[-51.21319,-30.07413],[-51.21323,-30.06967],[-51.21303,-30.0685],[-51.21342,-30.06843],[-51.21605,-30.06523],[-51.21718,-30.06343],[-51.2191,-30.06072]]]},"properties":{"codigo":"4314902009","name":"Santa Tereza","population":31358,"households":13732,"areaKm2":4.5117,"density":6950.3}},{"type":"Feature","geometry":{"type":"Polygon","coordinates":[[[-51.19678,-30.01624],[-51.19777,-30.01792],[-51.19764,-30.0179],[-51.19182,-30.0177],[-51.19201,-30.01577],[-51.19186,-30.01456],[-51.19196,-30.01417],[-51.18552,-30.01179],[-51.18423,-30.01159],[-51.18178,-30.01153],[-51.18186,-30.00858],[-51.1825,-30.0085],[-51.18269,-30.00324],[-51.18516,-30.00323],[-51.18735,-30.00266],[-51.18795,-30.00138],[-51.18828,-30.00095],[-51.18758,-29.99982],[-51.18782,-29.99972],[-51.18633,-29.99731],[-51.18605,-29.99545],[-51.18638,-29.99482],[-51.18641,-29.99355],[-51.187,-29.99353],[-51.18807,-29.99467],[-51.18973,-29.99616],[-51.18987,-29.99712],[-51.19037,-29.99813],[-51.19119,-30.00032],[-51.19376,-30.00744],[-51.19206,-30.00794],[-51.19236,-30.00903],[-51.19308,-30.01058],[-51.19398,-30.01216],[-51.1961,-30.01517],[-51.19678,-30.01624]]]},"properties":{"codigo":"4314902046","name":"São João","population":10621,"households":6435,"areaKm2":1.6317,"density":6509.3}},{"type":"Feature","geometry":{"type":"Polygon","coordinates":[[[-51.20711,-30.07031],[-51.20555,-30.07378],[-51.20527,-30.07416],[-51.20437,-30.07372],[-51.20375,-30.07464],[-51.20544,-30.07577],[-51.20661,-30.07768],[-51.20322,-30.07916],[-51.19889,-30.08163],[-51.19762,-30.08264],[-51.19793,-30.08289],[-51.19768,-30.0835],[-51.19808,-30.08416],[-51.19952,-30.08447],[-51.20026,-30.08557],[-51.19952,-30.08531],[-51.19873,-30.08582],[-51.19822,-30.08719],[-51.19725,-30.08849],[-51.19727,-30.08884],[-51.19672,-30.08981],[-51.19656,-30.09051],[-51.19615,-30.09086],[-51.19464,-30.09287],[-51.19351,-30.0933],[-51.1929,-30.09424],[-51.19248,-30.09431],[-51.19169,-30.09339],[-51.18642,-30.08966],[-51.1854,-30.08994],[-51.18452,-30.08768],[-51.18553,-30.08734],[-51.18576,-30.08556],[-51.18639,-30.08407],[-51.18576,-30.08308],[-51.1846,-30.08293],[-51.18352,-30.0811],[-51.18286,-30.08081],[-51.1836,-30.08016],[-51.18316,-30.07953],[-51.18226,-30.07977],[-51.1847,-30.07687],[-51.18411,-30.07628],[-51.18437,-30.07592],[-51.1858,-30.07566],[-51.18618,-30.07428],[-51.18695,-30.07443],[-51.18722,-30.07346],[-51.19156,-30.07426],[-51.193,-30.07213],[-51.1997,-30.07343],[-51.20031,-30.0718],[-51.20186,-30.06889],[-51.20264,-30.06891],[-51.20501,-30.069],[-51.20463,-30.06993],[-51.20711,-30.07031]]]},"properties":{"codigo":"4314902012","name":"Glória","population":15248,"households":7435,"areaKm2":3.3705,"density":4523.9}},{"type":"Feature","geometry":{"type":"Polygon","coordinates":[[[-51.16325,-30.02805],[-51.16585,-30.02814],[-51.16604,-30.03021],[-51.16653,-30.0319],[-51.1667,-30.03363],[-51.16693,-30.03453],[-51.16692,-30.03538],[-51.16772,-30.03775],[-51.16838,-30.0382],[-51.16785,-30.03883],[-51.16874,-30.03932],[-51.16933,-30.04029],[-51.16929,-30.04096],[-51.16429,-30.04014],[-51.16257,-30.03993],[-51.16172,-30.04004],[-51.15943,-30.04072],[-51.15842,-30.03951],[-51.15803,-30.03786],[-51.15883,-30.03518],[-51.15949,-30.03371],[-51.15961,-30.03192],[-51.15858,-30.03048],[-51.15846,-30.02979],[-51.1587,-30.02843],[-51.15975,-30.02808],[-51.16085,-30.02802],[-51.16325,-30.02805]]]},"properties":{"codigo":"4314902059","name":"Chácara das Pedras","population":5639,"households":2857,"areaKm2":1.084,"density":5202.1}},{"type":"Feature","geometry":{"type":"Polygon","coordinates":[[[-51.1593,-30.18922],[-51.15809,-30.18749],[-51.15743,-30.18685],[-51.15676,-30.18673],[-51.1541,-30.18658],[-51.1522,-30.1867],[-51.15099,-30.18656],[-51.15032,-30.18631],[-51.14886,-30.18543],[-51.14746,-30.18447],[-51.14611,-30.18395],[-51.14549,-30.18387],[-51.14333,-30.18389],[-51.14097,-30.18304],[-51.14171,-30.18169],[-51.14196,-30.18022],[-51.14281,-30.17867],[-51.14334,-30.17793],[-51.14546,-30.176],[-51.14574,-30.17575],[-51.14949,-30.17168],[-51.15373,-30.16812],[-51.15399,-30.16786],[-51.15503,-30.16619],[-51.15541,-30.16443],[-51.15572,-30.16355],[-51.15635,-30.16295],[-51.15826,-30.16201],[-51.1585,-30.16296],[-51.1591,-30.16365],[-51.15981,-30.16421],[-51.16152,-30.16477],[-51.16296,-30.16514],[-51.16599,-30.1661],[-51.16646,-30.16635],[-51.16677,-30.16694],[-51.16727,-30.17044],[-51.16749,-30.17096],[-51.16812,-30.17162],[-51.16953,-30.17217],[-51.17022,-30.1722],[-51.17097,-30.17189],[-51.17184,-30.17105],[-51.17302,-30.17052],[-51.17763,-30.16891],[-51.18064,-30.16952],[-51.17987,-30.17135],[-51.17676,-30.1745],[-51.17626,-30.17566],[-51.17573,-30.18135],[-51.17519,-30.18329],[-51.17127,-30.18509],[-51.17025,-30.18389],[-51.1691,-30.1844],[-51.16787,-30.1832],[-51.16732,-30.18315],[-51.16488,-30.18498],[-51.16178,-30.18739],[-51.16116,-30.18743],[-51.16087,-30.18792],[-51.1593,-30.18922]]]},"properties":{"codigo":"4314902083","name":"Chapéu do Sol","population":5547,"households":2392,"areaKm2":5.9734,"density":928.6}},{"type":"Feature","geometry":{"type":"Polygon","coordinates":[[[-51.08775,-30.0005],[-51.09772,-29.99935],[-51.09757,-30.00179],[-51.09809,-30.00291],[-51.09832,-30.00431],[-51.09867,-30.00486],[-51.09896,-30.008],[-51.09936,-30.01405],[-51.1004,-30.01481],[-51.10353,-30.01591],[-51.10484,-30.0162],[-51.10693,-30.01631],[-51.10732,-30.01963],[-51.10797,-30.02601],[-51.1079,-30.02707],[-51.1071,-30.02857],[-51.10547,-30.02788],[-51.10387,-30.02785],[-51.10396,-30.02714],[-51.10382,-30.02596],[-51.10284,-30.02608],[-51.10187,-30.0259],[-51.10095,-30.02593],[-51.10005,-30.02505],[-51.09976,-30.02449],[-51.10012,-30.02039],[-51.09823,-30.02032],[-51.09832,-30.02135],[-51.09774,-30.02137],[-51.0977,-30.0207],[-51.09618,-30.02066],[-51.09551,-30.02122],[-51.09474,-30.02034],[-51.09407,-30.02015],[-51.08818,-30.02197],[-51.08723,-30.02169],[-51.08803,-30.02132],[-51.08827,-30.01991],[-51.08851,-30.01958],[-51.08839,-30.01855],[-51.08903,-30.01792],[-51.09045,-30.01803],[-51.09055,-30.01745],[-51.09133,-30.01735],[-51.09249,-30.01767],[-51.09312,-30.01709],[-51.09342,-30.01636],[-51.09425,-30.01611],[-51.09436,-30.01538],[-51.0931,-30.01353],[-51.09271,-30.01264],[-51.09314,-30.01128],[-51.09284,-30.01028],[-51.09112,-30.00839],[-51.08776,-30.00446],[-51.08748,-30.00375],[-51.08775,-30.0005]]]},"properties":{"codigo":"4314902063","name":"Rubem Berta","population":27930,"households":14164,"areaKm2":2.8237,"density":9891.1}},{"type":"Feature","geometry":{"type":"Polygon","coordinates":[[[-51.21224,-30.1313],[-51.21215,-30.13102],[-51.21269,-30.13039],[-51.21319,-30.12876],[-51.21329,-30.12666],[-51.21587,-30.12705],[-51.21779,-30.12682],[-51.22,-30.1269],[-51.22008,-30.12552],[-51.22028,-30.12484],[-51.22123,-30.12299],[-51.22363,-30.12065],[-51.22415,-30.12006],[-51.22455,-30.11718],[-51.22501,-30.11616],[-51.22617,-30.11431],[-51.22636,-30.11385],[-51.22692,-30.11067],[-51.22543,-30.1101],[-51.2249,-30.1095],[-51.22447,-30.10934],[-51.22164,-30.10991],[-51.22006,-30.10985],[-51.21959,-30.11032],[-51.21901,-30.11044],[-51.22058,-30.10858],[-51.22208,-30.1073],[-51.22279,-30.10469],[-51.22348,-30.10228],[-51.22399,-30.10142],[-51.22481,-30.10072],[-51.22531,-30.09977],[-51.22545,-30.09879],[-51.22466,-30.0975],[-51.22473,-30.09684],[-51.22567,-30.09517],[-51.22684,-30.09474],[-51.23178,-30.09327],[-51.23529,-30.09225],[-51.23619,-30.09374],[-51.2366,-30.09464],[-51.2373,-30.09469],[-51.23766,-30.09514],[-51.2366,-30.09831],[-51.23587,-30.09813],[-51.23484,-30.10072],[-51.23269,-30.1055],[-51.23361,-30.10583],[-51.23145,-30.11032],[-51.23285,-30.11098],[-51.23262,-30.11149],[-51.23195,-30.11124],[-51.23141,-30.11232],[-51.23492,-30.11369],[-51.23445,-30.11451],[-51.23392,-30.11509],[-51.23311,-30.11558],[-51.23261,-30.1161],[-51.23246,-30.11708],[-51.23301,-30.11813],[-51.2331,-30.11908],[-51.2328,-30.12014],[-51.23239,-30.12068],[-51.23132,-30.12164],[-51.23106,-30.12164],[-51.23045,-30.12345],[-51.22954,-30.126],[-51.22926,-30.12632],[-51.2288,-30.12623],[-51.22717,-30.12521],[-51.22599,-30.12465],[-51.22388,-30.12404],[-51.22356,-30.12438],[-51.22259,-30.12599],[-51.22299,-30.12769],[-51.22355,-30.12909],[-51.22335,-30.13007],[-51.22329,-30.1312],[-51.21803,-30.13171],[-51.21806,-30.13215],[-51.2166,-30.13194],[-51.21406,-30.13196],[-51.21327,-30.13188],[-51.21224,-30.1313]]]},"properties":{"codigo":"4314902022","name":"Cavalhada","population":25209,"households":12898,"areaKm2":3.78,"density":6669.1}},{"type":"Feature","geometry":{"type":"Polygon","coordinates":[[[-51.19376,-30.00744],[-51.19119,-30.00032],[-51.19037,-29.99813],[-51.18987,-29.99712],[-51.18973,-29.99616],[-51.19136,-29.99696],[-51.19283,-29.9973],[-51.19763,-29.99757],[-51.19748,-29.99712],[-51.19954,-29.99722],[-51.19834,-29.99328],[-51.19637,-29.99373],[-51.1959,-29.99211],[-51.19682,-29.99105],[-51.19742,-29.98971],[-51.19781,-29.98948],[-51.20023,-29.98859],[-51.20067,-29.98853],[-51.20271,-29.98881],[-51.20378,-29.98853],[-51.2048,-29.98788],[-51.20522,-29.9882],[-51.2061,-29.99086],[-51.20599,-29.99102],[-51.20673,-29.99335],[-51.20705,-29.99377],[-51.20632,-29.99395],[-51.20649,-29.99446],[-51.20723,-29.99429],[-51.20735,-29.99466],[-51.20662,-29.99486],[-51.20695,-29.99589],[-51.20751,-29.99574],[-51.20777,-29.99824],[-51.20933,-30.00269],[-51.19376,-30.00744]]]},"properties":{"codigo":"4314902048","name":"Navegantes","population":3315,"households":1970,"areaKm2":2.2597,"density":1467}},{"type":"Feature","geometry":{"type":"Polygon","coordinates":[[[-51.21319,-30.07413],[-51.21481,-30.07465],[-51.21476,-30.07576],[-51.21455,-30.07671],[-51.21427,-30.07841],[-51.21379,-30.07962],[-51.21534,-30.08076],[-51.21347,-30.08268],[-51.21377,-30.08355],[-51.21277,-30.08363],[-51.21161,-30.08439],[-51.21153,-30.08479],[-51.20982,-30.08631],[-51.2092,-30.08667],[-51.20827,-30.08685],[-51.20821,-30.08736],[-51.20753,-30.08826],[-51.20525,-30.0891],[-51.20402,-30.08929],[-51.20302,-30.08987],[-51.20239,-30.09063],[-51.20239,-30.09161],[-51.2028,-30.09437],[-51.20407,-30.0947],[-51.20526,-30.09579],[-51.20535,-30.09614],[-51.20698,-30.09763],[-51.20819,-30.09776],[-51.20877,-30.09839],[-51.20888,-30.09915],[-51.20982,-30.10016],[-51.21185,-30.10199],[-51.21216,-30.10283],[-51.21271,-30.10307],[-51.21168,-30.10324],[-51.21118,-30.10299],[-51.20742,-30.10279],[-51.20745,-30.10183],[-51.20611,-30.10177],[-51.20569,-30.10261],[-51.19504,-30.10198],[-51.19454,-30.10251],[-51.19389,-30.10212],[-51.19242,-30.10165],[-51.19102,-30.10151],[-51.1929,-30.09424],[-51.19351,-30.0933],[-51.19464,-30.09287],[-51.19615,-30.09086],[-51.19656,-30.09051],[-51.19672,-30.08981],[-51.19727,-30.08884],[-51.19725,-30.08849],[-51.19822,-30.08719],[-51.19873,-30.08582],[-51.19952,-30.08531],[-51.20026,-30.08557],[-51.19952,-30.08447],[-51.19808,-30.08416],[-51.19768,-30.0835],[-51.19793,-30.08289],[-51.19762,-30.08264],[-51.19889,-30.08163],[-51.20322,-30.07916],[-51.20661,-30.07768],[-51.20544,-30.07577],[-51.20375,-30.07464],[-51.20437,-30.07372],[-51.20527,-30.07416],[-51.20555,-30.07378],[-51.20711,-30.07031],[-51.20869,-30.07053],[-51.21118,-30.07008],[-51.21131,-30.07074],[-51.21044,-30.07248],[-51.21319,-30.07413]]]},"properties":{"codigo":"4314902011","name":"Teresópolis","population":13072,"households":6790,"areaKm2":3.8449,"density":3399.9}},{"type":"Feature","geometry":{"type":"Polygon","coordinates":[[[-51.10693,-30.01631],[-51.10812,-30.01632],[-51.10896,-30.01615],[-51.11102,-30.01537],[-51.11231,-30.01521],[-51.11632,-30.01549],[-51.11915,-30.01499],[-51.11967,-30.01978],[-51.11999,-30.02324],[-51.12014,-30.02574],[-51.11433,-30.02619],[-51.1143,-30.0258],[-51.11346,-30.02585],[-51.11327,-30.02349],[-51.11002,-30.02373],[-51.11027,-30.02654],[-51.10883,-30.02666],[-51.10875,-30.02596],[-51.10797,-30.02601],[-51.10732,-30.01963],[-51.10693,-30.01631]]]},"properties":{"codigo":"4314902089","name":"Jardim Leopoldina","population":16151,"households":9933,"areaKm2":1.2982,"density":12441}},{"type":"Feature","geometry":{"type":"Polygon","coordinates":[[[-51.22513,-30.15249],[-51.22553,-30.15347],[-51.22605,-30.15549],[-51.2265,-30.15663],[-51.2275,-30.15828],[-51.22774,-30.1591],[-51.22587,-30.1592],[-51.22256,-30.15957],[-51.22241,-30.16048],[-51.22146,-30.16105],[-51.22057,-30.16111],[-51.22041,-30.16154],[-51.21959,-30.16242],[-51.21839,-30.1631],[-51.21447,-30.16339],[-51.20957,-30.16369],[-51.20639,-30.16383],[-51.20752,-30.15956],[-51.20803,-30.15692],[-51.21072,-30.1551],[-51.21982,-30.15305],[-51.2194,-30.15242],[-51.22076,-30.1522],[-51.22249,-30.15293],[-51.22301,-30.15297],[-51.22513,-30.15249]]]},"properties":{"codigo":"4314902031","name":"Guarujá","population":6145,"households":2694,"areaKm2":1.6956,"density":3624.2}},{"type":"Feature","geometry":{"type":"Polygon","coordinates":[[[-51.17636,-29.96772],[-51.17639,-29.97026],[-51.17683,-29.97187],[-51.17825,-29.97557],[-51.18103,-29.98466],[-51.18156,-29.98706],[-51.18244,-29.98857],[-51.187,-29.99353],[-51.18641,-29.99355],[-51.18638,-29.99482],[-51.18605,-29.99545],[-51.18633,-29.99731],[-51.18782,-29.99972],[-51.18758,-29.99982],[-51.18828,-30.00095],[-51.18795,-30.00138],[-51.18735,-30.00266],[-51.18516,-30.00323],[-51.18269,-30.00324],[-51.18054,-30.00322],[-51.17194,-30.0032],[-51.17149,-29.99667],[-51.16393,-29.99681],[-51.16025,-29.99683],[-51.1593,-29.99669],[-51.15795,-29.99685],[-51.1553,-29.99675],[-51.15464,-29.99672],[-51.15461,-29.99718],[-51.14642,-29.99733],[-51.14638,-29.9938],[-51.14632,-29.99377],[-51.14621,-29.98951],[-51.15445,-29.98934],[-51.15487,-29.98943],[-51.15499,-29.98701],[-51.1555,-29.97531],[-51.15567,-29.97216],[-51.15588,-29.97139],[-51.1553,-29.97136],[-51.1551,-29.96683],[-51.15548,-29.9661],[-51.1557,-29.96471],[-51.15625,-29.96445],[-51.15839,-29.96483],[-51.15883,-29.96516],[-51.15934,-29.96631],[-51.16027,-29.96711],[-51.16131,-29.96712],[-51.16247,-29.96631],[-51.16389,-29.96566],[-51.16458,-29.9656],[-51.16515,-29.96583],[-51.1664,-29.96726],[-51.16686,-29.96728],[-51.16781,-29.96695],[-51.16867,-29.96689],[-51.16984,-29.9672],[-51.17146,-29.96741],[-51.17342,-29.96732],[-51.17636,-29.96772]]]},"properties":{"codigo":"4314902055","name":"Anchieta","population":791,"households":346,"areaKm2":10.0115,"density":79}},{"type":"Feature","geometry":{"type":"Polygon","coordinates":[[[-51.15396,-30.10082],[-51.15483,-30.10075],[-51.15743,-30.10092],[-51.15881,-30.10116],[-51.16089,-30.10096],[-51.16196,-30.10105],[-51.16396,-30.10102],[-51.16527,-30.10164],[-51.16616,-30.10138],[-51.16678,-30.10163],[-51.16829,-30.1015],[-51.16951,-30.10075],[-51.17024,-30.10061],[-51.17111,-30.0995],[-51.17209,-30.1],[-51.17261,-30.09998],[-51.17338,-30.09891],[-51.17566,-30.09781],[-51.17676,-30.09801],[-51.17756,-30.09752],[-51.17804,-30.0967],[-51.18435,-30.11179],[-51.18516,-30.11184],[-51.18504,-30.11309],[-51.18522,-30.11388],[-51.18427,-30.11755],[-51.18743,-30.11803],[-51.1892,-30.11848],[-51.1903,-30.11836],[-51.19201,-30.11833],[-51.19269,-30.11946],[-51.1937,-30.12139],[-51.194,-30.12217],[-51.1925,-30.12244],[-51.19166,-30.12289],[-51.18982,-30.12415],[-51.18823,-30.12501],[-51.18677,-30.12653],[-51.18618,-30.12695],[-51.18462,-30.1274],[-51.18353,-30.12732],[-51.18215,-30.12752],[-51.18119,-30.12804],[-51.17801,-30.13067],[-51.17663,-30.13205],[-51.17581,-30.13343],[-51.17608,-30.13107],[-51.17597,-30.12991],[-51.17629,-30.12824],[-51.17592,-30.12737],[-51.1755,-30.12695],[-51.17399,-30.12625],[-51.17349,-30.12579],[-51.1733,-30.12517],[-51.17361,-30.12449],[-51.17261,-30.12461],[-51.17076,-30.12517],[-51.1678,-30.12487],[-51.16556,-30.1253],[-51.16409,-30.12523],[-51.16239,-30.12461],[-51.162,-30.12437],[-51.15989,-30.12257],[-51.1576,-30.11995],[-51.15613,-30.12073],[-51.15465,-30.12026],[-51.15242,-30.12075],[-51.15051,-30.11934],[-51.15011,-30.11886],[-51.14903,-30.11831],[-51.14828,-30.11817],[-51.1471,-30.11766],[-51.14711,-30.11662],[-51.14758,-30.11564],[-51.1469,-30.11514],[-51.14696,-30.11429],[-51.14763,-30.11344],[-51.14898,-30.10324],[-51.15002,-30.10247],[-51.15192,-30.10132],[-51.15396,-30.10082]]]},"properties":{"codigo":"4314902037","name":"Belém Velho","population":10893,"households":5700,"areaKm2":9.6439,"density":1129.5}},{"type":"Feature","geometry":{"type":"Polygon","coordinates":[[[-51.18458,-30.02192],[-51.18362,-30.02378],[-51.18183,-30.02733],[-51.18091,-30.02948],[-51.17437,-30.02762],[-51.173,-30.02748],[-51.171,-30.02806],[-51.16942,-30.02823],[-51.16585,-30.02814],[-51.16325,-30.02805],[-51.1633,-30.02483],[-51.1634,-30.02302],[-51.16391,-30.02058],[-51.16527,-30.02035],[-51.16729,-30.02132],[-51.17117,-30.02195],[-51.17159,-30.01862],[-51.17514,-30.01883],[-51.1753,-30.01848],[-51.17658,-30.01888],[-51.17811,-30.01963],[-51.17861,-30.01986],[-51.18384,-30.02176],[-51.18458,-30.02192]]]},"properties":{"codigo":"4314902056","name":"Boa Vista","population":9254,"households":5145,"areaKm2":1.6775,"density":5516.7}},{"type":"Feature","geometry":{"type":"Polygon","coordinates":[[[-51.13626,-30.0539],[-51.1366,-30.05701],[-51.1372,-30.0619],[-51.13739,-30.06373],[-51.13841,-30.06525],[-51.13958,-30.06511],[-51.14009,-30.06522],[-51.14072,-30.06585],[-51.14135,-30.06608],[-51.14162,-30.06667],[-51.14276,-30.06708],[-51.14303,-30.06816],[-51.14593,-30.06738],[-51.14697,-30.06716],[-51.14809,-30.06669],[-51.1491,-30.06597],[-51.15033,-30.06416],[-51.1513,-30.06563],[-51.15165,-30.06546],[-51.15168,-30.06809],[-51.15077,-30.06839],[-51.15082,-30.06926],[-51.15048,-30.07013],[-51.15048,-30.07072],[-51.14864,-30.07531],[-51.1497,-30.07523],[-51.15039,-30.07575],[-51.15169,-30.07594],[-51.15291,-30.07639],[-51.15448,-30.07656],[-51.15762,-30.07567],[-51.15804,-30.07566],[-51.15716,-30.07654],[-51.15672,-30.07791],[-51.1564,-30.07802],[-51.15596,-30.07871],[-51.15647,-30.07925],[-51.15367,-30.08786],[-51.15223,-30.09257],[-51.15217,-30.09259],[-51.14994,-30.09147],[-51.14872,-30.09095],[-51.14785,-30.09256],[-51.14645,-30.09189],[-51.14531,-30.09019],[-51.14395,-30.08963],[-51.14264,-30.08842],[-51.14225,-30.0877],[-51.14037,-30.08623],[-51.13921,-30.08496],[-51.13867,-30.08465],[-51.1372,-30.08445],[-51.13641,-30.08461],[-51.13642,-30.08379],[-51.13687,-30.08304],[-51.1367,-30.08251],[-51.13728,-30.08179],[-51.1367,-30.0814],[-51.13576,-30.07995],[-51.13607,-30.07944],[-51.13661,-30.07929],[-51.13647,-30.07808],[-51.13676,-30.0775],[-51.1377,-30.07701],[-51.1377,-30.0764],[-51.13657,-30.07547],[-51.13522,-30.0754],[-51.13496,-30.07505],[-51.13385,-30.07561],[-51.12886,-30.0769],[-51.1269,-30.07697],[-51.12525,-30.07682],[-51.12311,-30.07686],[-51.1208,-30.07743],[-51.11919,-30.07834],[-51.11777,-30.07877],[-51.11624,-30.07897],[-51.11499,-30.07929],[-51.11268,-30.0802],[-51.11218,-30.08026],[-51.11138,-30.07988],[-51.11056,-30.07897],[-51.10924,-30.07833],[-51.10943,-30.07771],[-51.11002,-30.07702],[-51.11104,-30.07633],[-51.11221,-30.07515],[-51.11253,-30.07464],[-51.11379,-30.07333],[-51.11475,-30.07262],[-51.11574,-30.07255],[-51.11657,-30.07315],[-51.11725,-30.07294],[-51.11774,-30.07143],[-51.11809,-30.06934],[-51.11812,-30.06833],[-51.1183,-30.0678],[-51.11876,-30.06737],[-51.12036,-30.06683],[-51.1202,-30.06618],[-51.12042,-30.06546],[-51.12042,-30.0631],[-51.11743,-30.06305],[-51.11769,-30.06215],[-51.11836,-30.06179],[-51.11843,-30.05717],[-51.12069,-30.05722],[-51.12183,-30.05685],[-51.12243,-30.05594],[-51.12203,-30.05539],[-51.12057,-30.05528],[-51.12581,-30.05336],[-51.12685,-30.05373],[-51.12727,-30.05362],[-51.12822,-30.05294],[-51.12924,-30.05292],[-51.12983,-30.05321],[-51.12971,-30.05386],[-51.13004,-30.05401],[-51.13244,-30.05377],[-51.13626,-30.0539]]]},"properties":{"codigo":"4314902035","name":"Agronomia","population":2677,"households":1184,"areaKm2":8.8604,"density":302.1}},{"type":"Feature","geometry":{"type":"Polygon","coordinates":[[[-51.24926,-30.10103],[-51.2488,-30.10059],[-51.24825,-30.09851],[-51.24805,-30.09745],[-51.24636,-30.09768],[-51.24598,-30.09762],[-51.24508,-30.10042],[-51.24223,-30.09974],[-51.2366,-30.09831],[-51.23766,-30.09514],[-51.2373,-30.09469],[-51.2366,-30.09464],[-51.23619,-30.09374],[-51.23529,-30.09225],[-51.23178,-30.09327],[-51.23102,-30.09136],[-51.23031,-30.09058],[-51.22799,-30.08967],[-51.22598,-30.08909],[-51.22715,-30.08754],[-51.22794,-30.08668],[-51.22953,-30.08508],[-51.23219,-30.08461],[-51.23234,-30.08381],[-51.23105,-30.08283],[-51.23414,-30.08116],[-51.23384,-30.0806],[-51.23418,-30.07995],[-51.23476,-30.07797],[-51.23546,-30.07728],[-51.23601,-30.07727],[-51.23705,-30.07678],[-51.23787,-30.07691],[-51.23867,-30.07667],[-51.24036,-30.07568],[-51.24072,-30.07518],[-51.24086,-30.07442],[-51.2413,-30.07389],[-51.24233,-30.07306],[-51.24326,-30.0744],[-51.24366,-30.07444],[-51.24408,-30.07577],[-51.24474,-30.07678],[-51.2452,-30.07717],[-51.24604,-30.07745],[-51.24729,-30.07826],[-51.24836,-30.07846],[-51.24837,-30.07896],[-51.24906,-30.07932],[-51.24934,-30.07999],[-51.24944,-30.081],[-51.24836,-30.08162],[-51.24868,-30.08248],[-51.2483,-30.08314],[-51.2488,-30.08464],[-51.24922,-30.08799],[-51.24942,-30.08915],[-51.24989,-30.08957],[-51.24996,-30.09047],[-51.25042,-30.09083],[-51.25027,-30.09167],[-51.25037,-30.09229],[-51.25108,-30.09271],[-51.25194,-30.09385],[-51.25232,-30.09411],[-51.25134,-30.09468],[-51.25203,-30.09543],[-51.25232,-30.09602],[-51.25161,-30.09592],[-51.24926,-30.10103]]]},"properties":{"codigo":"4314902024","name":"Cristal","population":24851,"households":12367,"areaKm2":4.1365,"density":6007.7}},{"type":"Feature","geometry":{"type":"Polygon","coordinates":[[[-51.2366,-30.09831],[-51.24223,-30.09974],[-51.24508,-30.10042],[-51.24483,-30.10162],[-51.24494,-30.10194],[-51.24464,-30.10285],[-51.24709,-30.10346],[-51.24425,-30.10965],[-51.24385,-30.11081],[-51.24279,-30.11309],[-51.24218,-30.11421],[-51.24129,-30.11624],[-51.23959,-30.11576],[-51.23841,-30.11522],[-51.2369,-30.1147],[-51.23651,-30.11429],[-51.23492,-30.11369],[-51.23141,-30.11232],[-51.23195,-30.11124],[-51.23262,-30.11149],[-51.23285,-30.11098],[-51.23145,-30.11032],[-51.23361,-30.10583],[-51.23269,-30.1055],[-51.23484,-30.10072],[-51.23587,-30.09813],[-51.2366,-30.09831]]]},"properties":{"codigo":"4314902023","name":"Camaquã","population":17935,"households":8791,"areaKm2":1.91,"density":9390.1}},{"type":"Feature","geometry":{"type":"Polygon","coordinates":[[[-51.12856,-30.01161],[-51.1271,-30.01161],[-51.12465,-30.01246],[-51.12397,-30.01283],[-51.12309,-30.01371],[-51.12249,-30.01409],[-51.12064,-30.01476],[-51.11915,-30.01499],[-51.11632,-30.01549],[-51.11231,-30.01521],[-51.11172,-30.00843],[-51.11027,-30.0074],[-51.10981,-30.00214],[-51.11525,-30.0006],[-51.1169,-30.00497],[-51.11689,-30.00613],[-51.11748,-30.0077],[-51.12033,-30.00742],[-51.12012,-30.00563],[-51.1203,-30.00541],[-51.12638,-30.00488],[-51.12766,-30.00473],[-51.12772,-30.00601],[-51.12856,-30.01161]]]},"properties":{"codigo":"4314902084","name":"Costa e Silva","population":13585,"households":6040,"areaKm2":1.7852,"density":7609.7}},{"type":"Feature","geometry":{"type":"Polygon","coordinates":[[[-51.15956,-30.05208],[-51.1646,-30.0521],[-51.16504,-30.05086],[-51.16473,-30.05],[-51.16512,-30.04897],[-51.16436,-30.04874],[-51.16491,-30.04738],[-51.16638,-30.04791],[-51.16605,-30.04647],[-51.17229,-30.04602],[-51.17248,-30.04759],[-51.17279,-30.04908],[-51.17263,-30.04974],[-51.17141,-30.0518],[-51.16934,-30.05406],[-51.16911,-30.05467],[-51.16913,-30.05575],[-51.16493,-30.05578],[-51.16011,-30.05585],[-51.15938,-30.05593],[-51.15934,-30.05567],[-51.15956,-30.05208]]]},"properties":{"codigo":"4314902069","name":"Jardim do Salso","population":6576,"households":3647,"areaKm2":0.8558,"density":7684.4}},{"type":"Feature","geometry":{"type":"Polygon","coordinates":[[[-51.17119,-30.06175],[-51.17317,-30.06168],[-51.17452,-30.06205],[-51.17706,-30.06232],[-51.1782,-30.0629],[-51.17901,-30.06379],[-51.18011,-30.06432],[-51.17976,-30.06619],[-51.1799,-30.06716],[-51.18034,-30.06842],[-51.17907,-30.06899],[-51.18048,-30.07031],[-51.18059,-30.07079],[-51.17538,-30.0739],[-51.17477,-30.07444],[-51.17426,-30.07438],[-51.17423,-30.07496],[-51.17451,-30.07536],[-51.17395,-30.07575],[-51.17224,-30.07552],[-51.17166,-30.07589],[-51.17122,-30.07562],[-51.17064,-30.07716],[-51.16935,-30.07757],[-51.17037,-30.07661],[-51.17078,-30.07542],[-51.17086,-30.07441],[-51.17152,-30.07349],[-51.17167,-30.07304],[-51.17159,-30.07073],[-51.1719,-30.06859],[-51.17239,-30.06773],[-51.17154,-30.06801],[-51.17096,-30.06879],[-51.16989,-30.06873],[-51.17119,-30.06175]]]},"properties":{"codigo":"4314902016","name":"Vila João Pessoa","population":10431,"households":4610,"areaKm2":1.1108,"density":9390.6}},{"type":"Feature","geometry":{"type":"Polygon","coordinates":[[[-51.2213,-30.03475],[-51.21971,-30.0369],[-51.2164,-30.04118],[-51.2089,-30.0368],[-51.21537,-30.03349],[-51.21617,-30.03327],[-51.22053,-30.03231],[-51.22157,-30.03392],[-51.22068,-30.03425],[-51.2213,-30.03475]]]},"properties":{"codigo":"4314902005","name":"Farroupilha","population":774,"households":519,"areaKm2":0.6011,"density":1287.6}},{"type":"Feature","geometry":{"type":"Polygon","coordinates":[[[-51.22671,-30.17658],[-51.22666,-30.17692],[-51.22779,-30.17708],[-51.22789,-30.17748],[-51.22861,-30.17776],[-51.23139,-30.18125],[-51.23274,-30.18272],[-51.23498,-30.18292],[-51.23629,-30.18337],[-51.23754,-30.18332],[-51.23955,-30.18266],[-51.24029,-30.18207],[-51.2419,-30.18164],[-51.24263,-30.18209],[-51.2439,-30.18215],[-51.24438,-30.18265],[-51.24526,-30.18295],[-51.24613,-30.18365],[-51.24669,-30.18443],[-51.24777,-30.18477],[-51.24889,-30.18569],[-51.24863,-30.1865],[-51.24802,-30.18668],[-51.24617,-30.18783],[-51.24494,-30.18817],[-51.24386,-30.18863],[-51.24343,-30.18899],[-51.24186,-30.18974],[-51.2414,-30.18969],[-51.24014,-30.19025],[-51.23905,-30.1903],[-51.23806,-30.18981],[-51.23728,-30.18976],[-51.23494,-30.18924],[-51.23139,-30.18904],[-51.22955,-30.18842],[-51.22914,-30.18816],[-51.22625,-30.18796],[-51.22296,-30.18787],[-51.22236,-30.18812],[-51.22108,-30.18816],[-51.22025,-30.18872],[-51.21993,-30.18867],[-51.21889,-30.18911],[-51.21737,-30.18924],[-51.21616,-30.18991],[-51.21569,-30.18978],[-51.21447,-30.1902],[-51.21375,-30.19006],[-51.21275,-30.19026],[-51.20965,-30.19044],[-51.20892,-30.19039],[-51.20722,-30.19072],[-51.20669,-30.19041],[-51.20507,-30.19104],[-51.20435,-30.19111],[-51.20178,-30.19205],[-51.19975,-30.19307],[-51.19796,-30.19468],[-51.19727,-30.19549],[-51.19665,-30.19488],[-51.19433,-30.19367],[-51.19433,-30.19288],[-51.19085,-30.19047],[-51.19074,-30.18988],[-51.18929,-30.19108],[-51.18467,-30.18768],[-51.18183,-30.18565],[-51.18203,-30.1846],[-51.17938,-30.18411],[-51.17915,-30.1852],[-51.17467,-30.18555],[-51.17519,-30.18329],[-51.17573,-30.18135],[-51.17626,-30.17566],[-51.17676,-30.1745],[-51.17987,-30.17135],[-51.18064,-30.16952],[-51.1826,-30.16937],[-51.18412,-30.16955],[-51.18898,-30.17141],[-51.19085,-30.17216],[-51.1916,-30.17235],[-51.19304,-30.17245],[-51.19845,-30.17167],[-51.20103,-30.17128],[-51.20221,-30.17141],[-51.20283,-30.17176],[-51.20434,-30.1733],[-51.20533,-30.17496],[-51.20598,-30.17574],[-51.20721,-30.17604],[-51.20866,-30.17589],[-51.21278,-30.17523],[-51.21396,-30.17497],[-51.21702,-30.17348],[-51.21787,-30.17287],[-51.21965,-30.17285],[-51.21999,-30.17331],[-51.22088,-30.1736],[-51.22145,-30.17408],[-51.22268,-30.17407],[-51.22331,-30.17467],[-51.22485,-30.17476],[-51.22608,-30.17576],[-51.22671,-30.17658]]]},"properties":{"codigo":"4314902071","name":"Ponta Grossa","population":8939,"households":4186,"areaKm2":10.7359,"density":832.6}},{"type":"Feature","geometry":{"type":"MultiPolygon","coordinates":[[[[-51.28652,-30.12187],[-51.28628,-30.12154],[-51.28665,-30.12052],[-51.28732,-30.12006],[-51.2883,-30.12054],[-51.28845,-30.12127],[-51.2871,-30.12189],[-51.28652,-30.12187]]],[[[-51.25345,-30.11693],[-51.25869,-30.11894],[-51.26224,-30.1202],[-51.26173,-30.12075],[-51.26136,-30.12167],[-51.26125,-30.12252],[-51.26095,-30.12286],[-51.26013,-30.12296],[-51.25975,-30.12325],[-51.25672,-30.12228],[-51.25598,-30.12245],[-51.25278,-30.12275],[-51.25233,-30.12274],[-51.25281,-30.12225],[-51.25302,-30.12111],[-51.25357,-30.11982],[-51.25361,-30.1194],[-51.25326,-30.11835],[-51.25321,-30.11757],[-51.25345,-30.11693]]]]},"properties":{"codigo":"4314902027","name":"Vila Conceição","population":969,"households":498,"areaKm2":0.411,"density":2357.6}},{"type":"Feature","geometry":{"type":"Polygon","coordinates":[[[-51.2085,-30.02898],[-51.20587,-30.02879],[-51.19603,-30.02828],[-51.19658,-30.02482],[-51.19764,-30.0179],[-51.19777,-30.01792],[-51.20449,-30.0183],[-51.20545,-30.01844],[-51.20855,-30.02204],[-51.21043,-30.02391],[-51.20856,-30.02866],[-51.2085,-30.02898]]]},"properties":{"codigo":"4314902041","name":"Moinhos de Vento","population":9995,"households":6904,"areaKm2":1.3117,"density":7620}},{"type":"Feature","geometry":{"type":"Polygon","coordinates":[[[-51.2009,-29.97149],[-51.20013,-29.97201],[-51.20039,-29.9725],[-51.20135,-29.97326],[-51.20257,-29.97533],[-51.20334,-29.97767],[-51.20371,-29.98014],[-51.20329,-29.98161],[-51.20265,-29.98208],[-51.20289,-29.98245],[-51.20287,-29.98401],[-51.20314,-29.98403],[-51.20345,-29.98485],[-51.20342,-29.9858],[-51.20412,-29.98715],[-51.2048,-29.98788],[-51.20378,-29.98853],[-51.20271,-29.98881],[-51.20067,-29.98853],[-51.20023,-29.98859],[-51.19781,-29.98948],[-51.19742,-29.98971],[-51.19682,-29.99105],[-51.1959,-29.99211],[-51.19558,-29.99145],[-51.19425,-29.98743],[-51.19152,-29.97882],[-51.19085,-29.97681],[-51.19101,-29.97677],[-51.18922,-29.97131],[-51.1894,-29.9684],[-51.19512,-29.96912],[-51.19702,-29.96959],[-51.19855,-29.97033],[-51.19994,-29.97125],[-51.2009,-29.97149]]]},"properties":{"codigo":"4314902067","name":"Farrapos","population":17591,"households":8061,"areaKm2":2.3475,"density":7493.6}},{"type":"Feature","geometry":{"type":"Polygon","coordinates":[[[-51.15525,-29.99815],[-51.1553,-29.99675],[-51.15795,-29.99685],[-51.1593,-29.99669],[-51.16025,-29.99683],[-51.16393,-29.99681],[-51.16266,-30.00222],[-51.1629,-30.00333],[-51.16268,-30.00375],[-51.16183,-30.0042],[-51.16025,-30.00486],[-51.15938,-30.00415],[-51.15783,-30.00432],[-51.15485,-30.00409],[-51.15484,-30.00346],[-51.1552,-29.99934],[-51.15525,-29.99815]]]},"properties":{"codigo":"4314902087","name":"Jardim Floresta","population":2228,"households":1078,"areaKm2":0.6447,"density":3456.1}},{"type":"Feature","geometry":{"type":"Polygon","coordinates":[[[-51.20469,-30.05277],[-51.1965,-30.04844],[-51.19783,-30.04657],[-51.19992,-30.04362],[-51.20101,-30.04333],[-51.20543,-30.04333],[-51.20603,-30.0435],[-51.207,-30.04408],[-51.20785,-30.04302],[-51.20809,-30.04175],[-51.20834,-30.03696],[-51.2089,-30.0368],[-51.2164,-30.04118],[-51.21002,-30.04937],[-51.20905,-30.05057],[-51.20863,-30.05133],[-51.20469,-30.05277]]]},"properties":{"codigo":"4314902007","name":"Santana","population":17794,"households":12129,"areaKm2":1.5327,"density":11609.9}},{"type":"Feature","geometry":{"type":"Polygon","coordinates":[[[-51.20863,-30.05133],[-51.20905,-30.05057],[-51.21002,-30.04937],[-51.2164,-30.04118],[-51.22107,-30.04389],[-51.22006,-30.0445],[-51.21939,-30.04511],[-51.21879,-30.04592],[-51.21842,-30.0471],[-51.21812,-30.04885],[-51.2184,-30.05363],[-51.21837,-30.0548],[-51.21809,-30.05745],[-51.21766,-30.05871],[-51.21677,-30.05959],[-51.21344,-30.05801],[-51.21153,-30.06074],[-51.21167,-30.06173],[-51.21073,-30.06094],[-51.20982,-30.05954],[-51.20923,-30.0596],[-51.20834,-30.05889],[-51.21007,-30.05692],[-51.21179,-30.05354],[-51.21085,-30.05362],[-51.2108,-30.05269],[-51.20902,-30.05281],[-51.20863,-30.05133]]]},"properties":{"codigo":"4314902008","name":"Azenha","population":12064,"households":8070,"areaKm2":1.3896,"density":8681.6}},{"type":"Feature","geometry":{"type":"Polygon","coordinates":[[[-51.23163,-30.0632],[-51.2309,-30.06104],[-51.23008,-30.05903],[-51.2289,-30.05492],[-51.22867,-30.05388],[-51.22788,-30.04906],[-51.22736,-30.04614],[-51.22777,-30.04313],[-51.22811,-30.04102],[-51.22858,-30.04051],[-51.22837,-30.0387],[-51.22944,-30.03844],[-51.23052,-30.03765],[-51.23109,-30.03749],[-51.23298,-30.03732],[-51.23707,-30.03727],[-51.23939,-30.03702],[-51.24081,-30.03626],[-51.241,-30.03552],[-51.24063,-30.03456],[-51.24266,-30.0352],[-51.24207,-30.03594],[-51.24229,-30.03631],[-51.24198,-30.03674],[-51.24223,-30.03763],[-51.24191,-30.03822],[-51.24187,-30.03995],[-51.24157,-30.04111],[-51.24169,-30.0416],[-51.24021,-30.04275],[-51.23942,-30.04259],[-51.23912,-30.04288],[-51.23839,-30.04283],[-51.23686,-30.04315],[-51.2361,-30.0436],[-51.23539,-30.04427],[-51.23539,-30.04452],[-51.23662,-30.04621],[-51.23781,-30.04687],[-51.23773,-30.04712],[-51.23592,-30.04628],[-51.2352,-30.04649],[-51.2349,-30.04706],[-51.23289,-30.04716],[-51.23296,-30.0476],[-51.23384,-30.04762],[-51.23368,-30.04968],[-51.23395,-30.05171],[-51.2337,-30.05291],[-51.2337,-30.05431],[-51.23421,-30.05534],[-51.23437,-30.05681],[-51.2343,-30.05746],[-51.23447,-30.05835],[-51.23479,-30.05902],[-51.23565,-30.05935],[-51.23627,-30.06032],[-51.23725,-30.06076],[-51.23993,-30.06334],[-51.24016,-30.06452],[-51.2402,-30.06545],[-51.24065,-30.0669],[-51.24058,-30.06886],[-51.2409,-30.07007],[-51.24163,-30.07204],[-51.24233,-30.07306],[-51.2413,-30.07389],[-51.24062,-30.07299],[-51.23982,-30.07116],[-51.23926,-30.07052],[-51.23638,-30.06758],[-51.23536,-30.06666],[-51.23256,-30.06449],[-51.23186,-30.06373],[-51.23163,-30.0632]]]},"properties":{"codigo":"4314902002","name":"Praia de Belas","population":1522,"households":1241,"areaKm2":2.6171,"density":581.6}},{"type":"Feature","geometry":{"type":"Polygon","coordinates":[[[-51.20848,-30.0302],[-51.20834,-30.03696],[-51.20493,-30.03747],[-51.20175,-30.03888],[-51.19956,-30.03942],[-51.19744,-30.04007],[-51.19591,-30.0403],[-51.19588,-30.03895],[-51.19573,-30.03462],[-51.19595,-30.03407],[-51.19587,-30.02926],[-51.19603,-30.02828],[-51.20587,-30.02879],[-51.2085,-30.02898],[-51.20848,-30.0302]]]},"properties":{"codigo":"4314902042","name":"Rio Branco","population":15710,"households":9590,"areaKm2":1.3413,"density":11712.3}},{"type":"Feature","geometry":{"type":"Polygon","coordinates":[[[-51.17194,-30.0032],[-51.18054,-30.00322],[-51.18269,-30.00324],[-51.1825,-30.0085],[-51.18186,-30.00858],[-51.17919,-30.00869],[-51.17556,-30.00831],[-51.17399,-30.00798],[-51.17252,-30.00799],[-51.16775,-30.00771],[-51.16749,-30.00734],[-51.16833,-30.0028],[-51.17016,-30.00307],[-51.17194,-30.0032]]]},"properties":{"codigo":"4314902062","name":"Santa Maria Goretti","population":3035,"households":1796,"areaKm2":0.8003,"density":3792.3}},{"type":"Feature","geometry":{"type":"Polygon","coordinates":[[[-51.15826,-30.16201],[-51.15635,-30.16295],[-51.15572,-30.16355],[-51.15541,-30.16443],[-51.15503,-30.16619],[-51.15399,-30.16786],[-51.15373,-30.16812],[-51.14949,-30.17168],[-51.14574,-30.17575],[-51.14546,-30.176],[-51.14075,-30.17579],[-51.14037,-30.17537],[-51.14112,-30.17432],[-51.14169,-30.17261],[-51.14249,-30.17149],[-51.14287,-30.1695],[-51.14307,-30.16885],[-51.12241,-30.17003],[-51.11384,-30.16201],[-51.11709,-30.15692],[-51.12225,-30.14826],[-51.12239,-30.14694],[-51.12304,-30.14537],[-51.12385,-30.14571],[-51.12537,-30.14271],[-51.12587,-30.14259],[-51.12618,-30.14117],[-51.12705,-30.13975],[-51.12728,-30.13843],[-51.1275,-30.13803],[-51.12896,-30.13685],[-51.13054,-30.13717],[-51.1311,-30.13717],[-51.13344,-30.13638],[-51.13496,-30.13559],[-51.13787,-30.13443],[-51.14014,-30.13385],[-51.14093,-30.1329],[-51.14179,-30.13238],[-51.14213,-30.1318],[-51.14072,-30.1294],[-51.14,-30.12838],[-51.13958,-30.12734],[-51.13957,-30.12673],[-51.14016,-30.12531],[-51.14084,-30.12467],[-51.14237,-30.12203],[-51.14269,-30.12135],[-51.14229,-30.12041],[-51.14238,-30.11995],[-51.14384,-30.11896],[-51.1471,-30.11766],[-51.14828,-30.11817],[-51.14903,-30.11831],[-51.15011,-30.11886],[-51.15051,-30.11934],[-51.15242,-30.12075],[-51.15465,-30.12026],[-51.15613,-30.12073],[-51.1576,-30.11995],[-51.15989,-30.12257],[-51.162,-30.12437],[-51.16239,-30.12461],[-51.16409,-30.12523],[-51.16556,-30.1253],[-51.1678,-30.12487],[-51.17076,-30.12517],[-51.17261,-30.12461],[-51.17361,-30.12449],[-51.1733,-30.12517],[-51.17349,-30.12579],[-51.17399,-30.12625],[-51.1755,-30.12695],[-51.17592,-30.12737],[-51.17629,-30.12824],[-51.17597,-30.12991],[-51.17608,-30.13107],[-51.17581,-30.13343],[-51.17528,-30.13509],[-51.17401,-30.13644],[-51.17249,-30.13731],[-51.17117,-30.1372],[-51.17028,-30.13733],[-51.16909,-30.13783],[-51.16779,-30.13882],[-51.1671,-30.13984],[-51.1667,-30.14113],[-51.16634,-30.14146],[-51.16424,-30.14266],[-51.16303,-30.14381],[-51.16256,-30.14448],[-51.16201,-30.14612],[-51.16148,-30.1471],[-51.16129,-30.14859],[-51.16144,-30.15083],[-51.16109,-30.15288],[-51.16102,-30.15667],[-51.16147,-30.15832],[-51.16063,-30.15927],[-51.15996,-30.16068],[-51.15941,-30.16144],[-51.15826,-30.16201]]]},"properties":{"codigo":"4314902070","name":"Restinga","population":62448,"households":26656,"areaKm2":20.1672,"density":3096.5}},{"type":"Feature","geometry":{"type":"Polygon","coordinates":[[[-51.17811,-30.01963],[-51.17658,-30.01888],[-51.1753,-30.01848],[-51.17514,-30.01883],[-51.17159,-30.01862],[-51.17117,-30.02195],[-51.16729,-30.02132],[-51.16527,-30.02035],[-51.16391,-30.02058],[-51.16149,-30.02035],[-51.16083,-30.01956],[-51.16106,-30.01809],[-51.16149,-30.01515],[-51.16203,-30.01097],[-51.16227,-30.01101],[-51.16614,-30.0117],[-51.16694,-30.0078],[-51.16775,-30.00771],[-51.17252,-30.00799],[-51.17399,-30.00798],[-51.17556,-30.00831],[-51.17919,-30.00869],[-51.18186,-30.00858],[-51.18178,-30.01153],[-51.18061,-30.01152],[-51.18063,-30.01097],[-51.17881,-30.01092],[-51.17811,-30.01963]]]},"properties":{"codigo":"4314902050","name":"Passo da Areia","population":22530,"households":13110,"areaKm2":2.1099,"density":10678.4}},{"type":"Feature","geometry":{"type":"Polygon","coordinates":[[[-51.12896,-30.13685],[-51.1275,-30.13803],[-51.12728,-30.13843],[-51.12705,-30.13975],[-51.12618,-30.14117],[-51.12587,-30.14259],[-51.12537,-30.14271],[-51.12385,-30.14571],[-51.12304,-30.14537],[-51.12239,-30.14694],[-51.12225,-30.14826],[-51.11709,-30.15692],[-51.11384,-30.16201],[-51.08842,-30.17544],[-51.09287,-30.15323],[-51.0932,-30.15343],[-51.09526,-30.15191],[-51.09654,-30.15032],[-51.09626,-30.14979],[-51.0962,-30.14852],[-51.09668,-30.14748],[-51.09623,-30.14574],[-51.09559,-30.1444],[-51.09567,-30.14368],[-51.09636,-30.14236],[-51.09658,-30.14162],[-51.09648,-30.14095],[-51.09697,-30.13876],[-51.09733,-30.13807],[-51.09829,-30.13682],[-51.10234,-30.13323],[-51.10295,-30.13277],[-51.10365,-30.13315],[-51.10387,-30.13407],[-51.10457,-30.13447],[-51.10521,-30.13634],[-51.10663,-30.13723],[-51.10769,-30.13895],[-51.10875,-30.13933],[-51.11005,-30.14072],[-51.11074,-30.14018],[-51.1119,-30.14036],[-51.11258,-30.13999],[-51.11322,-30.14033],[-51.1144,-30.14056],[-51.11595,-30.14027],[-51.11649,-30.13974],[-51.11734,-30.14011],[-51.11799,-30.13987],[-51.11891,-30.1398],[-51.11954,-30.1401],[-51.11998,-30.14003],[-51.12027,-30.13907],[-51.12104,-30.13868],[-51.12214,-30.13847],[-51.12277,-30.13782],[-51.12336,-30.138],[-51.12446,-30.13656],[-51.12484,-30.13621],[-51.12571,-30.13601],[-51.12682,-30.13605],[-51.12781,-30.13547],[-51.12843,-30.13569],[-51.12896,-30.13685]]]},"properties":{"codigo":"4314902094","name":"Pitinga","population":7012,"households":3006,"areaKm2":8.4882,"density":826.1}},{"type":"Feature","geometry":{"type":"Polygon","coordinates":[[[-51.17248,-30.04759],[-51.17853,-30.04771],[-51.17832,-30.04732],[-51.17897,-30.04698],[-51.18031,-30.0467],[-51.18256,-30.04669],[-51.18365,-30.0465],[-51.18363,-30.0474],[-51.18331,-30.04754],[-51.18307,-30.04851],[-51.18383,-30.04945],[-51.18452,-30.05067],[-51.19004,-30.04897],[-51.19047,-30.04999],[-51.19183,-30.04997],[-51.19349,-30.0497],[-51.19365,-30.05044],[-51.19464,-30.05026],[-51.19479,-30.0509],[-51.19344,-30.05283],[-51.19261,-30.05364],[-51.19149,-30.0543],[-51.18863,-30.05574],[-51.18397,-30.05797],[-51.18282,-30.05855],[-51.18102,-30.05903],[-51.17959,-30.05898],[-51.17873,-30.05879],[-51.17242,-30.05606],[-51.17082,-30.05575],[-51.16913,-30.05575],[-51.16911,-30.05467],[-51.16934,-30.05406],[-51.17141,-30.0518],[-51.17263,-30.04974],[-51.17279,-30.04908],[-51.17248,-30.04759]]]},"properties":{"codigo":"4314902018","name":"Jardim Botânico","population":11349,"households":6905,"areaKm2":2.0381,"density":5568.3}},{"type":"Feature","geometry":{"type":"Polygon","coordinates":[[[-51.09867,-30.00486],[-51.10128,-30.00253],[-51.10248,-30.0022],[-51.10432,-30.00216],[-51.10511,-30.0017],[-51.10648,-30.00175],[-51.10731,-30.00197],[-51.10981,-30.00214],[-51.11027,-30.0074],[-51.11172,-30.00843],[-51.11231,-30.01521],[-51.11102,-30.01537],[-51.10896,-30.01615],[-51.10812,-30.01632],[-51.10693,-30.01631],[-51.10484,-30.0162],[-51.10353,-30.01591],[-51.1004,-30.01481],[-51.09936,-30.01405],[-51.09896,-30.008],[-51.09867,-30.00486]]]},"properties":{"codigo":"4314902092","name":"Parque Santa Fé","population":6673,"households":3547,"areaKm2":1.7315,"density":3853.8}},{"type":"Feature","geometry":{"type":"Polygon","coordinates":[[[-51.23492,-30.11369],[-51.23651,-30.11429],[-51.2369,-30.1147],[-51.23841,-30.11522],[-51.23959,-30.11576],[-51.24129,-30.11624],[-51.24296,-30.11672],[-51.24651,-30.11812],[-51.24806,-30.11867],[-51.24882,-30.11865],[-51.24944,-30.11786],[-51.24973,-30.1179],[-51.25079,-30.11596],[-51.25345,-30.11693],[-51.25321,-30.11757],[-51.25326,-30.11835],[-51.25361,-30.1194],[-51.25357,-30.11982],[-51.25302,-30.12111],[-51.25281,-30.12225],[-51.25233,-30.12274],[-51.25127,-30.12289],[-51.24987,-30.12283],[-51.24962,-30.12125],[-51.24857,-30.12152],[-51.2453,-30.12276],[-51.24194,-30.12476],[-51.2411,-30.12459],[-51.23822,-30.12388],[-51.2351,-30.12302],[-51.23237,-30.12286],[-51.23173,-30.12267],[-51.23045,-30.12345],[-51.23106,-30.12164],[-51.23132,-30.12164],[-51.23239,-30.12068],[-51.2328,-30.12014],[-51.2331,-30.11908],[-51.23301,-30.11813],[-51.23246,-30.11708],[-51.23261,-30.1161],[-51.23311,-30.11558],[-51.23392,-30.11509],[-51.23445,-30.11451],[-51.23492,-30.11369]]]},"properties":{"codigo":"4314902097","name":"Sétimo Céu","population":1166,"households":476,"areaKm2":1.5214,"density":766.4}},{"type":"Feature","geometry":{"type":"Polygon","coordinates":[[[-51.17401,-30.13644],[-51.17528,-30.13509],[-51.17581,-30.13343],[-51.17663,-30.13205],[-51.17801,-30.13067],[-51.18119,-30.12804],[-51.18215,-30.12752],[-51.18353,-30.12732],[-51.18462,-30.1274],[-51.18618,-30.12695],[-51.18677,-30.12653],[-51.18823,-30.12501],[-51.18982,-30.12415],[-51.19166,-30.12289],[-51.1925,-30.12244],[-51.194,-30.12217],[-51.1937,-30.12139],[-51.19269,-30.11946],[-51.19201,-30.11833],[-51.1903,-30.11836],[-51.1892,-30.11848],[-51.18743,-30.11803],[-51.18427,-30.11755],[-51.18522,-30.11388],[-51.18504,-30.11309],[-51.18516,-30.11184],[-51.18435,-30.11179],[-51.17804,-30.0967],[-51.17993,-30.09752],[-51.18098,-30.09774],[-51.18349,-30.09899],[-51.18424,-30.09916],[-51.18503,-30.09983],[-51.18647,-30.10084],[-51.1869,-30.10161],[-51.18818,-30.10166],[-51.1904,-30.10146],[-51.19102,-30.10151],[-51.19242,-30.10165],[-51.19389,-30.10212],[-51.19454,-30.10251],[-51.19504,-30.10198],[-51.20569,-30.10261],[-51.20611,-30.10177],[-51.20745,-30.10183],[-51.20742,-30.10279],[-51.21118,-30.10299],[-51.21168,-30.10324],[-51.21271,-30.10307],[-51.21301,-30.10315],[-51.21993,-30.10334],[-51.22046,-30.10345],[-51.22279,-30.10469],[-51.22208,-30.1073],[-51.22058,-30.10858],[-51.21901,-30.11044],[-51.21959,-30.11032],[-51.22006,-30.10985],[-51.22164,-30.10991],[-51.22447,-30.10934],[-51.2249,-30.1095],[-51.22543,-30.1101],[-51.22692,-30.11067],[-51.22636,-30.11385],[-51.22617,-30.11431],[-51.22501,-30.11616],[-51.22455,-30.11718],[-51.22415,-30.12006],[-51.22363,-30.12065],[-51.22123,-30.12299],[-51.22028,-30.12484],[-51.22008,-30.12552],[-51.22,-30.1269],[-51.21779,-30.12682],[-51.21587,-30.12705],[-51.21329,-30.12666],[-51.21319,-30.12876],[-51.21269,-30.13039],[-51.21215,-30.13102],[-51.21224,-30.1313],[-51.21109,-30.13044],[-51.21013,-30.13054],[-51.20799,-30.1305],[-51.20691,-30.13095],[-51.20608,-30.13032],[-51.20327,-30.12949],[-51.20245,-30.12864],[-51.20183,-30.12847],[-51.20195,-30.12745],[-51.19995,-30.1277],[-51.19944,-30.1279],[-51.19669,-30.12981],[-51.1962,-30.13007],[-51.19034,-30.13216],[-51.18899,-30.13305],[-51.18875,-30.1336],[-51.18737,-30.13483],[-51.18664,-30.13596],[-51.1864,-30.1367],[-51.18386,-30.13808],[-51.18313,-30.13792],[-51.1797,-30.13811],[-51.1785,-30.13762],[-51.17742,-30.13702],[-51.17539,-30.13699],[-51.17401,-30.13644]]]},"properties":{"codigo":"4314902032","name":"Vila Nova","population":32217,"households":15580,"areaKm2":12.0244,"density":2679.3}},{"type":"Feature","geometry":{"type":"Polygon","coordinates":[[[-51.21956,-30.02792],[-51.21959,-30.02694],[-51.21896,-30.02564],[-51.21922,-30.02457],[-51.21897,-30.0238],[-51.21798,-30.02286],[-51.21815,-30.02175],[-51.21803,-30.02134],[-51.21898,-30.02087],[-51.22011,-30.02168],[-51.22088,-30.02084],[-51.22142,-30.02125],[-51.221,-30.02275],[-51.22187,-30.02317],[-51.22221,-30.02197],[-51.22362,-30.02265],[-51.2236,-30.024],[-51.22448,-30.02442],[-51.2245,-30.02331],[-51.22573,-30.02391],[-51.22571,-30.02503],[-51.22629,-30.0253],[-51.2263,-30.02438],[-51.22721,-30.02481],[-51.22719,-30.02566],[-51.22776,-30.02567],[-51.22777,-30.02509],[-51.24101,-30.03156],[-51.24122,-30.03185],[-51.24127,-30.03272],[-51.24189,-30.03295],[-51.24175,-30.03354],[-51.24194,-30.03417],[-51.24171,-30.03479],[-51.24243,-30.03483],[-51.24265,-30.03513],[-51.24266,-30.0352],[-51.24063,-30.03456],[-51.241,-30.03552],[-51.24081,-30.03626],[-51.23939,-30.03702],[-51.23707,-30.03727],[-51.23298,-30.03732],[-51.23109,-30.03749],[-51.23052,-30.03765],[-51.22944,-30.03844],[-51.22837,-30.0387],[-51.22776,-30.03869],[-51.22702,-30.0383],[-51.22472,-30.0358],[-51.22421,-30.03538],[-51.22345,-30.03512],[-51.22218,-30.035],[-51.2213,-30.03475],[-51.22068,-30.03425],[-51.22157,-30.03392],[-51.22053,-30.03231],[-51.21942,-30.03052],[-51.21956,-30.02792]]]},"properties":{"codigo":"4314902036","name":"Centro Histórico","population":30569,"households":25684,"areaKm2":2.4266,"density":12597.6}},{"type":"Feature","geometry":{"type":"Polygon","coordinates":[[[-51.25975,-30.12325],[-51.25922,-30.12346],[-51.25824,-30.12343],[-51.25647,-30.12357],[-51.25489,-30.12382],[-51.25368,-30.12388],[-51.25069,-30.12425],[-51.24778,-30.12489],[-51.24628,-30.12553],[-51.24586,-30.1259],[-51.24507,-30.12705],[-51.2448,-30.1282],[-51.24546,-30.1288],[-51.24578,-30.12935],[-51.24488,-30.13041],[-51.24515,-30.13101],[-51.24377,-30.13216],[-51.24208,-30.13238],[-51.24143,-30.132],[-51.24086,-30.13211],[-51.2382,-30.13049],[-51.24248,-30.12722],[-51.2402,-30.12643],[-51.2411,-30.12459],[-51.24194,-30.12476],[-51.2453,-30.12276],[-51.24857,-30.12152],[-51.24962,-30.12125],[-51.24987,-30.12283],[-51.25127,-30.12289],[-51.25233,-30.12274],[-51.25278,-30.12275],[-51.25598,-30.12245],[-51.25672,-30.12228],[-51.25975,-30.12325]]]},"properties":{"codigo":"4314902028","name":"Pedra Redonda","population":570,"households":234,"areaKm2":0.6862,"density":830.7}},{"type":"Feature","geometry":{"type":"Polygon","coordinates":[[[-51.21285,-30.01036],[-51.21587,-30.01615],[-51.21965,-30.01963],[-51.21972,-30.01987],[-51.21898,-30.02087],[-51.21803,-30.02134],[-51.21815,-30.02175],[-51.21798,-30.02286],[-51.21897,-30.0238],[-51.21922,-30.02457],[-51.21896,-30.02564],[-51.21959,-30.02694],[-51.21956,-30.02792],[-51.21569,-30.02769],[-51.2145,-30.02675],[-51.21188,-30.02505],[-51.21043,-30.02391],[-51.20855,-30.02204],[-51.20545,-30.01844],[-51.20449,-30.0183],[-51.19777,-30.01792],[-51.19678,-30.01624],[-51.2025,-30.01418],[-51.20261,-30.01369],[-51.20542,-30.01417],[-51.20559,-30.01346],[-51.21113,-30.01238],[-51.21063,-30.01127],[-51.21285,-30.01036]]]},"properties":{"codigo":"4314902040","name":"Floresta","population":8798,"households":5894,"areaKm2":1.8706,"density":4703.4}},{"type":"Feature","geometry":{"type":"Polygon","coordinates":[[[-51.18183,-30.02733],[-51.18362,-30.02378],[-51.1851,-30.02435],[-51.1856,-30.02437],[-51.18566,-30.02382],[-51.18737,-30.02394],[-51.19658,-30.02482],[-51.19603,-30.02828],[-51.19587,-30.02926],[-51.1953,-30.02923],[-51.19531,-30.02877],[-51.19456,-30.02869],[-51.19451,-30.02946],[-51.19296,-30.0295],[-51.19298,-30.03069],[-51.19009,-30.03067],[-51.18956,-30.03056],[-51.18957,-30.0313],[-51.18679,-30.03057],[-51.18691,-30.02931],[-51.18519,-30.02919],[-51.18523,-30.02852],[-51.18183,-30.02733]]]},"properties":{"codigo":"4314902044","name":"Mont’Serrat","population":10357,"households":6444,"areaKm2":0.7951,"density":13025.6}},{"type":"Feature","geometry":{"type":"Polygon","coordinates":[[[-51.19783,-30.04657],[-51.19733,-30.04631],[-51.19591,-30.0403],[-51.19744,-30.04007],[-51.19956,-30.03942],[-51.20175,-30.03888],[-51.20493,-30.03747],[-51.20834,-30.03696],[-51.20809,-30.04175],[-51.20785,-30.04302],[-51.207,-30.04408],[-51.20603,-30.0435],[-51.20543,-30.04333],[-51.20101,-30.04333],[-51.19992,-30.04362],[-51.19783,-30.04657]]]},"properties":{"codigo":"4314902006","name":"Santa Cecília","population":4640,"households":3064,"areaKm2":0.6795,"density":6829}},{"type":"Feature","geometry":{"type":"Polygon","coordinates":[[[-51.26136,-30.10602],[-51.26029,-30.1067],[-51.26011,-30.1071],[-51.25941,-30.10767],[-51.25874,-30.10896],[-51.25856,-30.11009],[-51.25867,-30.11052],[-51.26011,-30.11031],[-51.26027,-30.10994],[-51.26092,-30.10964],[-51.26178,-30.10958],[-51.26229,-30.10882],[-51.26487,-30.10936],[-51.26469,-30.10987],[-51.26377,-30.11105],[-51.26348,-30.11164],[-51.26189,-30.11199],[-51.26081,-30.11235],[-51.26058,-30.111],[-51.25984,-30.11054],[-51.25872,-30.11069],[-51.25857,-30.11144],[-51.25914,-30.11254],[-51.25953,-30.11373],[-51.25977,-30.11529],[-51.26013,-30.11618],[-51.26021,-30.11689],[-51.26085,-30.11773],[-51.26103,-30.11845],[-51.26164,-30.11915],[-51.26224,-30.1202],[-51.25869,-30.11894],[-51.25345,-30.11693],[-51.25079,-30.11596],[-51.24973,-30.1179],[-51.24944,-30.11786],[-51.24882,-30.11865],[-51.24806,-30.11867],[-51.24651,-30.11812],[-51.24296,-30.11672],[-51.24129,-30.11624],[-51.24218,-30.11421],[-51.24279,-30.11309],[-51.24385,-30.11081],[-51.24425,-30.10965],[-51.24709,-30.10346],[-51.24464,-30.10285],[-51.24494,-30.10194],[-51.24483,-30.10162],[-51.24508,-30.10042],[-51.24598,-30.09762],[-51.24636,-30.09768],[-51.24805,-30.09745],[-51.24825,-30.09851],[-51.2488,-30.10059],[-51.24926,-30.10103],[-51.24999,-30.10147],[-51.25083,-30.10259],[-51.25142,-30.10318],[-51.25263,-30.1038],[-51.26136,-30.10602]]]},"properties":{"codigo":"4314902026","name":"Tristeza","population":17201,"households":9235,"areaKm2":2.6583,"density":6470.8}},{"type":"Feature","geometry":{"type":"MultiPolygon","coordinates":[[[[-51.28688,-30.06328],[-51.28564,-30.06022],[-51.28612,-30.05896],[-51.28697,-30.06022],[-51.28768,-30.06038],[-51.28868,-30.06017],[-51.28895,-30.05891],[-51.28957,-30.05849],[-51.29059,-30.05835],[-51.29317,-30.05612],[-51.29406,-30.05496],[-51.29409,-30.05422],[-51.29471,-30.05425],[-51.29448,-30.05571],[-51.29365,-30.05656],[-51.29278,-30.05878],[-51.29132,-30.05967],[-51.29101,-30.06032],[-51.29154,-30.06323],[-51.292,-30.06422],[-51.292,-30.06481],[-51.29147,-30.06514],[-51.29015,-30.06497],[-51.28827,-30.06405],[-51.28688,-30.06328]]],[[[-51.2335,-29.93874],[-51.2371,-29.93648],[-51.24181,-29.93383],[-51.24566,-29.93262],[-51.25103,-29.9323],[-51.25662,-29.93283],[-51.26355,-29.9342],[-51.26732,-29.93515],[-51.27243,-29.93819],[-51.28009,-29.94281],[-51.28324,-29.94489],[-51.28857,-29.9471],[-51.29402,-29.94837],[-51.29936,-29.94929],[-51.30325,-29.95007],[-51.30251,-29.95324],[-51.30055,-29.95795],[-51.29926,-29.96114],[-51.29753,-29.96333],[-51.29375,-29.96469],[-51.28963,-29.96698],[-51.28518,-29.97059],[-51.28335,-29.97311],[-51.28148,-29.97727],[-51.27996,-29.97934],[-51.27854,-29.9813],[-51.27527,-29.98465],[-51.27196,-29.98865],[-51.27137,-29.98955],[-51.27038,-29.99136],[-51.26512,-30.00076],[-51.26181,-30.00964],[-51.26198,-30.01119],[-51.26242,-30.01214],[-51.26319,-30.01306],[-51.26346,-30.01359],[-51.26378,-30.01606],[-51.26468,-30.01944],[-51.26529,-30.02396],[-51.26621,-30.02626],[-51.26715,-30.02894],[-51.26778,-30.03043],[-51.26855,-30.03153],[-51.26991,-30.03265],[-51.27134,-30.03313],[-51.27249,-30.03402],[-51.27348,-30.03509],[-51.27381,-30.03624],[-51.27357,-30.03743],[-51.27292,-30.03844],[-51.2719,-30.03897],[-51.27064,-30.03807],[-51.27029,-30.03708],[-51.27035,-30.03621],[-51.27004,-30.03547],[-51.26944,-30.03515],[-51.26813,-30.03517],[-51.26653,-30.03585],[-51.26428,-30.03575],[-51.26283,-30.03486],[-51.26049,-30.03366],[-51.25955,-30.03368],[-51.25937,-30.03433],[-51.25943,-30.03504],[-51.26039,-30.03745],[-51.26154,-30.03905],[-51.26267,-30.04026],[-51.263,-30.04228],[-51.2628,-30.04464],[-51.26209,-30.04555],[-51.26215,-30.04679],[-51.26165,-30.04732],[-51.26167,-30.04772],[-51.26265,-30.0483],[-51.26221,-30.04889],[-51.26224,-30.04949],[-51.26285,-30.05041],[-51.26355,-30.05037],[-51.26404,-30.0507],[-51.26475,-30.0525],[-51.26586,-30.0534],[-51.26786,-30.05402],[-51.26954,-30.0543],[-51.27111,-30.05477],[-51.27145,-30.05531],[-51.27128,-30.05592],[-51.27214,-30.05774],[-51.27199,-30.05922],[-51.27083,-30.06003],[-51.27027,-30.05981],[-51.27055,-30.05879],[-51.27042,-30.05855],[-51.26918,-30.05817],[-51.26845,-30.0575],[-51.26689,-30.05728],[-51.26654,-30.05711],[-51.2664,-30.05652],[-51.26694,-30.05611],[-51.26694,-30.05575],[-51.26617,-30.05517],[-51.26348,-30.05417],[-51.26249,-30.05357],[-51.26071,-30.05143],[-51.26041,-30.05082],[-51.2596,-30.05009],[-51.25906,-30.0493],[-51.25822,-30.0485],[-51.25723,-30.04836],[-51.25616,-30.04706],[-51.25513,-30.04561],[-51.25454,-30.04433],[-51.25495,-30.04338],[-51.25424,-30.04259],[-51.25352,-30.04231],[-51.25332,-30.04197],[-51.25197,-30.03875],[-51.25119,-30.03617],[-51.25084,-30.03555],[-51.25024,-30.0353],[-51.24265,-30.03513],[-51.24243,-30.03483],[-51.24171,-30.03479],[-51.24194,-30.03417],[-51.24175,-30.03354],[-51.24189,-30.03295],[-51.24127,-30.03272],[-51.24122,-30.03185],[-51.24101,-30.03156],[-51.22777,-30.02509],[-51.22776,-30.02567],[-51.22719,-30.02566],[-51.22721,-30.02481],[-51.2263,-30.02438],[-51.22629,-30.0253],[-51.22571,-30.02503],[-51.22573,-30.02391],[-51.2245,-30.02331],[-51.22448,-30.02442],[-51.2236,-30.024],[-51.22362,-30.02265],[-51.22221,-30.02197],[-51.22187,-30.02317],[-51.221,-30.02275],[-51.22142,-30.02125],[-51.22088,-30.02084],[-51.22011,-30.02168],[-51.21898,-30.02087],[-51.21972,-30.01987],[-51.21965,-30.01963],[-51.21587,-30.01615],[-51.21285,-30.01036],[-51.21027,-30.00545],[-51.20933,-30.00269],[-51.20777,-29.99824],[-51.20751,-29.99574],[-51.20695,-29.99589],[-51.20662,-29.99486],[-51.20735,-29.99466],[-51.20723,-29.99429],[-51.20649,-29.99446],[-51.20632,-29.99395],[-51.20705,-29.99377],[-51.20673,-29.99335],[-51.20599,-29.99102],[-51.2061,-29.99086],[-51.20522,-29.9882],[-51.2048,-29.98788],[-51.20412,-29.98715],[-51.20342,-29.9858],[-51.20345,-29.98485],[-51.20314,-29.98403],[-51.20287,-29.98401],[-51.20289,-29.98245],[-51.20265,-29.98208],[-51.20329,-29.98161],[-51.20371,-29.98014],[-51.20334,-29.97767],[-51.20257,-29.97533],[-51.20135,-29.97326],[-51.20039,-29.9725],[-51.20013,-29.97201],[-51.2009,-29.97149],[-51.2038,-29.96903],[-51.20462,-29.96745],[-51.20522,-29.9667],[-51.20643,-29.96566],[-51.20823,-29.96438],[-51.20915,-29.96436],[-51.21177,-29.96452],[-51.21863,-29.96675],[-51.22014,-29.96676],[-51.22114,-29.96612],[-51.22283,-29.96361],[-51.22509,-29.96014],[-51.22758,-29.95648],[-51.22794,-29.95282],[-51.22891,-29.94717],[-51.22998,-29.9438],[-51.23119,-29.94112],[-51.2335,-29.93874]]]]},"properties":{"codigo":"4314902033","name":"Arquipélago","population":6411,"households":2853,"areaKm2":66.0952,"density":97}},{"type":"Feature","geometry":{"type":"Polygon","coordinates":[[[-51.11525,-30.0006],[-51.10981,-30.00214],[-51.10731,-30.00197],[-51.10648,-30.00175],[-51.10511,-30.0017],[-51.10432,-30.00216],[-51.10248,-30.0022],[-51.10128,-30.00253],[-51.09867,-30.00486],[-51.09832,-30.00431],[-51.09809,-30.00291],[-51.09757,-30.00179],[-51.09772,-29.99935],[-51.08775,-30.0005],[-51.0879,-29.999],[-51.08824,-29.99693],[-51.08902,-29.98769],[-51.08902,-29.98649],[-51.08843,-29.97994],[-51.08896,-29.97999],[-51.09408,-29.97955],[-51.10746,-29.97823],[-51.10736,-29.97853],[-51.10719,-29.98395],[-51.10916,-29.98386],[-51.10923,-29.98525],[-51.11239,-29.98617],[-51.11232,-29.98886],[-51.11237,-29.99064],[-51.11222,-29.99199],[-51.11265,-29.99209],[-51.11263,-29.99428],[-51.11362,-29.99627],[-51.11525,-30.0006]]]},"properties":{"codigo":"4314902095","name":"Santa Rosa de Lima","population":34627,"households":16017,"areaKm2":5.4796,"density":6319.3}},{"type":"Feature","geometry":{"type":"Polygon","coordinates":[[[-51.21072,-30.1551],[-51.20803,-30.15692],[-51.20752,-30.15956],[-51.20639,-30.16383],[-51.20635,-30.16397],[-51.20806,-30.16851],[-51.2013,-30.16736],[-51.20221,-30.17141],[-51.20103,-30.17128],[-51.19845,-30.17167],[-51.19515,-30.16568],[-51.19119,-30.15858],[-51.1908,-30.15856],[-51.19033,-30.15635],[-51.19144,-30.14553],[-51.19747,-30.14636],[-51.20397,-30.1473],[-51.20455,-30.14766],[-51.20828,-30.15072],[-51.20861,-30.15085],[-51.20999,-30.15074],[-51.2106,-30.15485],[-51.21072,-30.1551]]]},"properties":{"codigo":"4314902080","name":"Aberta dos Morros","population":9854,"households":4223,"areaKm2":3.7585,"density":2621.8}},{"type":"Feature","geometry":{"type":"Polygon","coordinates":[[[-51.21677,-30.05959],[-51.21766,-30.05871],[-51.21809,-30.05745],[-51.21837,-30.0548],[-51.2184,-30.05363],[-51.21812,-30.04885],[-51.21842,-30.0471],[-51.21879,-30.04592],[-51.21939,-30.04511],[-51.22006,-30.0445],[-51.22107,-30.04389],[-51.22183,-30.04367],[-51.22777,-30.04313],[-51.22736,-30.04614],[-51.22788,-30.04906],[-51.22867,-30.05388],[-51.2289,-30.05492],[-51.23008,-30.05903],[-51.2309,-30.06104],[-51.23163,-30.0632],[-51.22917,-30.06399],[-51.2241,-30.0671],[-51.22318,-30.06378],[-51.22297,-30.06325],[-51.2211,-30.06192],[-51.21964,-30.06117],[-51.2191,-30.06072],[-51.21677,-30.05959]]]},"properties":{"codigo":"4314902004","name":"Menino-Deus","population":27961,"households":17613,"areaKm2":2.2999,"density":12157.5}},{"type":"Feature","geometry":{"type":"Polygon","coordinates":[[[-51.19588,-30.03895],[-51.19591,-30.0403],[-51.19733,-30.04631],[-51.19783,-30.04657],[-51.1965,-30.04844],[-51.19479,-30.0509],[-51.19464,-30.05026],[-51.19365,-30.05044],[-51.19349,-30.0497],[-51.19183,-30.04997],[-51.19047,-30.04999],[-51.19004,-30.04897],[-51.18452,-30.05067],[-51.18383,-30.04945],[-51.18307,-30.04851],[-51.18331,-30.04754],[-51.18363,-30.0474],[-51.18365,-30.0465],[-51.18256,-30.04669],[-51.18031,-30.0467],[-51.17897,-30.04698],[-51.17832,-30.04732],[-51.17853,-30.04771],[-51.17248,-30.04759],[-51.17229,-30.04602],[-51.17171,-30.0397],[-51.17315,-30.03886],[-51.17378,-30.0386],[-51.17413,-30.03764],[-51.17467,-30.03693],[-51.1765,-30.03585],[-51.17748,-30.03493],[-51.1798,-30.03191],[-51.18091,-30.02948],[-51.18211,-30.02982],[-51.18315,-30.03061],[-51.18344,-30.03104],[-51.18562,-30.03539],[-51.18771,-30.03751],[-51.18934,-30.03824],[-51.19016,-30.03843],[-51.19445,-30.03851],[-51.19588,-30.03895]]]},"properties":{"codigo":"4314902019","name":"Petrópolis","population":37613,"households":22781,"areaKm2":3.3659,"density":11174.6}},{"type":"Feature","geometry":{"type":"Polygon","coordinates":[[[-51.12085,-30.03012],[-51.12021,-30.02681],[-51.12014,-30.02574],[-51.11999,-30.02324],[-51.11967,-30.01978],[-51.11915,-30.01499],[-51.12064,-30.01476],[-51.12249,-30.01409],[-51.12309,-30.01371],[-51.12397,-30.01283],[-51.12465,-30.01246],[-51.1271,-30.01161],[-51.12856,-30.01161],[-51.13004,-30.01152],[-51.13082,-30.01125],[-51.13124,-30.01791],[-51.13148,-30.02389],[-51.13162,-30.02656],[-51.13176,-30.02708],[-51.13295,-30.02992],[-51.13359,-30.0306],[-51.13469,-30.03171],[-51.13321,-30.03231],[-51.13067,-30.03238],[-51.12948,-30.03203],[-51.12672,-30.03075],[-51.12567,-30.03044],[-51.12085,-30.03012]]]},"properties":{"codigo":"4314902093","name":"Passo das Pedras","population":14435,"households":6347,"areaKm2":2.3136,"density":6239.1}},{"type":"Feature","geometry":{"type":"Polygon","coordinates":[[[-51.14996,-30.0417],[-51.15158,-30.04152],[-51.15276,-30.04166],[-51.15866,-30.04092],[-51.15943,-30.04072],[-51.16172,-30.04004],[-51.16257,-30.03993],[-51.16429,-30.04014],[-51.16929,-30.04096],[-51.17038,-30.04084],[-51.17171,-30.0397],[-51.17229,-30.04602],[-51.16605,-30.04647],[-51.16638,-30.04791],[-51.16491,-30.04738],[-51.16436,-30.04874],[-51.16512,-30.04897],[-51.16473,-30.05],[-51.16504,-30.05086],[-51.1646,-30.0521],[-51.15956,-30.05208],[-51.15959,-30.05147],[-51.15929,-30.05085],[-51.15379,-30.05077],[-51.15373,-30.05162],[-51.15195,-30.05096],[-51.15179,-30.05127],[-51.14961,-30.0512],[-51.1501,-30.05002],[-51.15007,-30.04818],[-51.15049,-30.04451],[-51.14996,-30.0417]]]},"properties":{"codigo":"4314902021","name":"Bom Jesus","population":24589,"households":10453,"areaKm2":2.0964,"density":11729}},{"type":"Feature","geometry":{"type":"Polygon","coordinates":[[[-51.1498,-30.04171],[-51.14865,-30.03608],[-51.14851,-30.03464],[-51.14793,-30.03336],[-51.14775,-30.03206],[-51.14762,-30.03004],[-51.14713,-30.02732],[-51.15295,-30.0274],[-51.1544,-30.02834],[-51.15527,-30.02967],[-51.15544,-30.03052],[-51.15598,-30.03011],[-51.1587,-30.02843],[-51.15846,-30.02979],[-51.15858,-30.03048],[-51.15961,-30.03192],[-51.15949,-30.03371],[-51.15883,-30.03518],[-51.15803,-30.03786],[-51.15842,-30.03951],[-51.15943,-30.04072],[-51.15866,-30.04092],[-51.15276,-30.04166],[-51.15158,-30.04152],[-51.14996,-30.0417],[-51.1498,-30.04171]]]},"properties":{"codigo":"4314902060","name":"Vila Jardim","population":11411,"households":5802,"areaKm2":1.4663,"density":7781.9}},{"type":"Feature","geometry":{"type":"Polygon","coordinates":[[[-51.15318,-30.21318],[-51.15137,-30.21271],[-51.14938,-30.21135],[-51.14735,-30.21064],[-51.14608,-30.21047],[-51.14395,-30.20587],[-51.14395,-30.20452],[-51.13624,-30.20594],[-51.12845,-30.20005],[-51.12686,-30.19879],[-51.12571,-30.19962],[-51.12426,-30.20005],[-51.12075,-30.20202],[-51.1191,-30.2026],[-51.11661,-30.20372],[-51.11453,-30.20366],[-51.11202,-30.20248],[-51.11039,-30.20132],[-51.10817,-30.20061],[-51.10658,-30.2],[-51.10472,-30.19913],[-51.10298,-30.19877],[-51.10132,-30.19771],[-51.09934,-30.19558],[-51.09704,-30.19367],[-51.09654,-30.19299],[-51.0964,-30.19191],[-51.09496,-30.1908],[-51.09381,-30.18941],[-51.09452,-30.18867],[-51.09485,-30.18807],[-51.09368,-30.18661],[-51.09271,-30.18554],[-51.09084,-30.18412],[-51.08871,-30.1827],[-51.0878,-30.18187],[-51.08662,-30.18109],[-51.08586,-30.18073],[-51.08345,-30.17986],[-51.08261,-30.17885],[-51.08842,-30.17544],[-51.11384,-30.16201],[-51.12241,-30.17003],[-51.14307,-30.16885],[-51.14287,-30.1695],[-51.14249,-30.17149],[-51.14169,-30.17261],[-51.14112,-30.17432],[-51.14037,-30.17537],[-51.14075,-30.17579],[-51.14546,-30.176],[-51.14334,-30.17793],[-51.14281,-30.17867],[-51.14196,-30.18022],[-51.14171,-30.18169],[-51.14097,-30.18304],[-51.14333,-30.18389],[-51.14549,-30.18387],[-51.14611,-30.18395],[-51.14746,-30.18447],[-51.14886,-30.18543],[-51.15032,-30.18631],[-51.15099,-30.18656],[-51.1522,-30.1867],[-51.1541,-30.18658],[-51.15676,-30.18673],[-51.15743,-30.18685],[-51.15809,-30.18749],[-51.1593,-30.18922],[-51.16118,-30.19197],[-51.16226,-30.19257],[-51.16245,-30.19442],[-51.16279,-30.19551],[-51.16271,-30.19662],[-51.16189,-30.19851],[-51.16127,-30.1996],[-51.16028,-30.20025],[-51.15999,-30.20078],[-51.15995,-30.20152],[-51.16058,-30.20298],[-51.16074,-30.20377],[-51.15998,-30.20533],[-51.16,-30.20693],[-51.16031,-30.2081],[-51.15978,-30.20911],[-51.16007,-30.20977],[-51.1616,-30.21137],[-51.1617,-30.21278],[-51.16075,-30.21264],[-51.15907,-30.21267],[-51.15599,-30.21311],[-51.15423,-30.21323],[-51.15318,-30.21318]]]},"properties":{"codigo":"4314902076","name":"Lageado","population":5676,"households":2716,"areaKm2":22.798,"density":249}},{"type":"Feature","geometry":{"type":"MultiPolygon","coordinates":[[[[-51.05211,-30.22972],[-51.05159,-30.22887],[-51.05044,-30.22833],[-51.04988,-30.22728],[-51.04898,-30.22676],[-51.04812,-30.22548],[-51.04792,-30.22442],[-51.04722,-30.223],[-51.04588,-30.22236],[-51.0441,-30.22177],[-51.04274,-30.22056],[-51.04244,-30.2199],[-51.04182,-30.21918],[-51.04074,-30.21846],[-51.03807,-30.21861],[-51.03508,-30.21799],[-51.03305,-30.21765],[-51.03155,-30.21688],[-51.03017,-30.21574],[-51.02916,-30.21445],[-51.02718,-30.21292],[-51.02585,-30.211],[-51.02469,-30.21013],[-51.02138,-30.20703],[-51.02063,-30.20597],[-51.01987,-30.20583],[-51.01902,-30.20486],[-51.01748,-30.20462],[-51.01663,-30.20427],[-51.01607,-30.20362],[-51.01531,-30.20232],[-51.01505,-30.20142],[-51.01416,-30.2005],[-51.01323,-30.20001],[-51.01194,-30.19893],[-51.01281,-30.19854],[-51.04265,-30.18473],[-51.0445,-30.18574],[-51.04585,-30.18677],[-51.04644,-30.18706],[-51.04834,-30.18714],[-51.04929,-30.18739],[-51.05086,-30.18844],[-51.05147,-30.18871],[-51.0537,-30.189],[-51.05539,-30.19111],[-51.08937,-30.19619],[-51.09029,-30.19803],[-51.09105,-30.20044],[-51.09127,-30.20139],[-51.09127,-30.20213],[-51.09085,-30.20494],[-51.09079,-30.20724],[-51.09101,-30.20825],[-51.0918,-30.21023],[-51.09138,-30.2109],[-51.09053,-30.21093],[-51.08752,-30.2096],[-51.08606,-30.20909],[-51.08556,-30.20908],[-51.08761,-30.22186],[-51.08309,-30.22237],[-51.07945,-30.22328],[-51.07852,-30.22364],[-51.0761,-30.22485],[-51.07072,-30.22692],[-51.06748,-30.22859],[-51.06501,-30.22926],[-51.0641,-30.22963],[-51.06135,-30.23123],[-51.06088,-30.23167],[-51.06003,-30.23188],[-51.05947,-30.23174],[-51.05575,-30.22877],[-51.05258,-30.22948],[-51.05211,-30.22972]]],[[[-51.06325,-30.18128],[-51.06424,-30.18027],[-51.06696,-30.17845],[-51.06737,-30.17831],[-51.06739,-30.17831],[-51.06785,-30.17913],[-51.06793,-30.17983],[-51.06828,-30.18008],[-51.06759,-30.18175],[-51.06432,-30.18258],[-51.06325,-30.18128]]]]},"properties":{"codigo":"4314902085","name":"Extrema","population":2360,"households":1240,"areaKm2":23.5179,"density":100.3}},{"type":"Feature","geometry":{"type":"Polygon","coordinates":[[[-51.16344,-30.08754],[-51.16384,-30.08738],[-51.16973,-30.08794],[-51.17355,-30.08551],[-51.17395,-30.08607],[-51.17711,-30.08404],[-51.17664,-30.08341],[-51.18226,-30.07977],[-51.18316,-30.07953],[-51.1836,-30.08016],[-51.18286,-30.08081],[-51.18352,-30.0811],[-51.1846,-30.08293],[-51.18576,-30.08308],[-51.18639,-30.08407],[-51.18576,-30.08556],[-51.18553,-30.08734],[-51.18452,-30.08768],[-51.1854,-30.08994],[-51.18642,-30.08966],[-51.19169,-30.09339],[-51.19248,-30.09431],[-51.1929,-30.09424],[-51.19102,-30.10151],[-51.1904,-30.10146],[-51.18818,-30.10166],[-51.1869,-30.10161],[-51.18647,-30.10084],[-51.18503,-30.09983],[-51.18424,-30.09916],[-51.18349,-30.09899],[-51.18098,-30.09774],[-51.17993,-30.09752],[-51.17804,-30.0967],[-51.17756,-30.09752],[-51.17676,-30.09801],[-51.17566,-30.09781],[-51.17338,-30.09891],[-51.17261,-30.09998],[-51.17209,-30.1],[-51.17111,-30.0995],[-51.17024,-30.10061],[-51.16951,-30.10075],[-51.16829,-30.1015],[-51.16678,-30.10163],[-51.16616,-30.10138],[-51.16527,-30.10164],[-51.16396,-30.10102],[-51.16196,-30.10105],[-51.16089,-30.10096],[-51.15881,-30.10116],[-51.15743,-30.10092],[-51.15483,-30.10075],[-51.15396,-30.10082],[-51.15372,-30.09926],[-51.15351,-30.09864],[-51.15384,-30.09715],[-51.15364,-30.0964],[-51.15222,-30.09507],[-51.15244,-30.09315],[-51.15217,-30.09259],[-51.15223,-30.09257],[-51.16344,-30.08754]]]},"properties":{"codigo":"4314902034","name":"Cascata","population":9234,"households":4417,"areaKm2":5.3698,"density":1719.6}},{"type":"Feature","geometry":{"type":"Polygon","coordinates":[[[-51.23045,-30.12345],[-51.23173,-30.12267],[-51.23237,-30.12286],[-51.2351,-30.12302],[-51.23822,-30.12388],[-51.2411,-30.12459],[-51.2402,-30.12643],[-51.24248,-30.12722],[-51.2382,-30.13049],[-51.23608,-30.1313],[-51.23542,-30.13077],[-51.23341,-30.12876],[-51.23043,-30.12751],[-51.23019,-30.12695],[-51.22926,-30.12632],[-51.22954,-30.126],[-51.23045,-30.12345]]]},"properties":{"codigo":"4314902079","name":"Jardim Isabel","population":2592,"households":1125,"areaKm2":0.7159,"density":3620.6}},{"type":"Feature","geometry":{"type":"Polygon","coordinates":[[[-51.2019,-30.06473],[-51.20329,-30.06829],[-51.20244,-30.06851],[-51.20264,-30.06891],[-51.20186,-30.06889],[-51.20031,-30.0718],[-51.1997,-30.07343],[-51.193,-30.07213],[-51.19077,-30.07171],[-51.18992,-30.07123],[-51.18897,-30.07012],[-51.1872,-30.06751],[-51.18691,-30.06684],[-51.18624,-30.06444],[-51.1799,-30.06716],[-51.17976,-30.06619],[-51.18011,-30.06432],[-51.17901,-30.06379],[-51.1782,-30.0629],[-51.17706,-30.06232],[-51.17452,-30.06205],[-51.17317,-30.06168],[-51.17119,-30.06175],[-51.16969,-30.0616],[-51.16727,-30.0618],[-51.16434,-30.06218],[-51.16264,-30.06221],[-51.16149,-30.06256],[-51.16029,-30.06946],[-51.16032,-30.07002],[-51.15998,-30.07041],[-51.15989,-30.07188],[-51.15949,-30.07297],[-51.15816,-30.07306],[-51.15897,-30.07384],[-51.15911,-30.0747],[-51.15827,-30.07518],[-51.15804,-30.07566],[-51.15762,-30.07567],[-51.15448,-30.07656],[-51.15291,-30.07639],[-51.15169,-30.07594],[-51.15039,-30.07575],[-51.1497,-30.07523],[-51.14864,-30.07531],[-51.15048,-30.07072],[-51.15048,-30.07013],[-51.15082,-30.06926],[-51.15077,-30.06839],[-51.15168,-30.06809],[-51.15165,-30.06546],[-51.1513,-30.06563],[-51.15033,-30.06416],[-51.1515,-30.06067],[-51.15202,-30.05962],[-51.15311,-30.05854],[-51.15431,-30.05787],[-51.1582,-30.05622],[-51.15938,-30.05593],[-51.16011,-30.05585],[-51.16493,-30.05578],[-51.16913,-30.05575],[-51.17082,-30.05575],[-51.17242,-30.05606],[-51.17873,-30.05879],[-51.17959,-30.05898],[-51.18102,-30.05903],[-51.18282,-30.05855],[-51.18397,-30.05797],[-51.18863,-30.05574],[-51.19149,-30.0543],[-51.19261,-30.05364],[-51.19344,-30.05283],[-51.19479,-30.0509],[-51.1965,-30.04844],[-51.20469,-30.05277],[-51.20337,-30.05328],[-51.20086,-30.05397],[-51.20047,-30.05416],[-51.19787,-30.0563],[-51.19515,-30.05809],[-51.19729,-30.06182],[-51.19918,-30.06521],[-51.20057,-30.06488],[-51.2019,-30.06473]]]},"properties":{"codigo":"4314902015","name":"Partenon","population":43587,"households":22970,"areaKm2":6.3026,"density":6915.7}},{"type":"Feature","geometry":{"type":"Polygon","coordinates":[[[-51.0918,-30.21023],[-51.09101,-30.20825],[-51.09079,-30.20724],[-51.09085,-30.20494],[-51.09127,-30.20213],[-51.09127,-30.20139],[-51.09105,-30.20044],[-51.09029,-30.19803],[-51.08937,-30.19619],[-51.05539,-30.19111],[-51.0537,-30.189],[-51.05462,-30.18886],[-51.05631,-30.18799],[-51.05783,-30.1874],[-51.05978,-30.18524],[-51.0616,-30.18284],[-51.06325,-30.18128],[-51.06432,-30.18258],[-51.06759,-30.18175],[-51.06828,-30.18008],[-51.06793,-30.17983],[-51.06785,-30.17913],[-51.06739,-30.17831],[-51.06941,-30.17797],[-51.07145,-30.17783],[-51.07316,-30.17749],[-51.07431,-30.1775],[-51.07632,-30.17842],[-51.07791,-30.17851],[-51.07855,-30.1789],[-51.07946,-30.17911],[-51.08063,-30.17939],[-51.08138,-30.17901],[-51.08193,-30.17839],[-51.08261,-30.17885],[-51.08345,-30.17986],[-51.08586,-30.18073],[-51.08662,-30.18109],[-51.0878,-30.18187],[-51.08871,-30.1827],[-51.09084,-30.18412],[-51.09271,-30.18554],[-51.09368,-30.18661],[-51.09485,-30.18807],[-51.09452,-30.18867],[-51.09381,-30.18941],[-51.09496,-30.1908],[-51.0964,-30.19191],[-51.09654,-30.19299],[-51.09704,-30.19367],[-51.09934,-30.19558],[-51.10132,-30.19771],[-51.10298,-30.19877],[-51.10472,-30.19913],[-51.10658,-30.2],[-51.10817,-30.20061],[-51.11039,-30.20132],[-51.11202,-30.20248],[-51.11453,-30.20366],[-51.11661,-30.20372],[-51.1132,-30.20739],[-51.1098,-30.21122],[-51.1078,-30.21005],[-51.10684,-30.20918],[-51.10567,-30.20851],[-51.0918,-30.21023]]]},"properties":{"codigo":"4314902096","name":"São Caetano","population":733,"households":383,"areaKm2":8.1046,"density":90.4}},{"type":"Feature","geometry":{"type":"Polygon","coordinates":[[[-51.20967,-30.14689],[-51.20925,-30.14612],[-51.20815,-30.14513],[-51.20788,-30.1443],[-51.20746,-30.14395],[-51.20613,-30.14394],[-51.20643,-30.14355],[-51.20838,-30.14292],[-51.20816,-30.14252],[-51.20759,-30.14257],[-51.206,-30.14225],[-51.2087,-30.14109],[-51.20673,-30.13616],[-51.2073,-30.13467],[-51.20794,-30.13448],[-51.20864,-30.13462],[-51.21078,-30.13453],[-51.21292,-30.13506],[-51.21327,-30.13188],[-51.21406,-30.13196],[-51.2166,-30.13194],[-51.21806,-30.13215],[-51.21803,-30.13171],[-51.22329,-30.1312],[-51.22335,-30.13007],[-51.22355,-30.12909],[-51.22299,-30.12769],[-51.22259,-30.12599],[-51.22356,-30.12438],[-51.22388,-30.12404],[-51.22599,-30.12465],[-51.22717,-30.12521],[-51.2288,-30.12623],[-51.22926,-30.12632],[-51.23019,-30.12695],[-51.23043,-30.12751],[-51.23341,-30.12876],[-51.23542,-30.13077],[-51.23608,-30.1313],[-51.2382,-30.13049],[-51.24086,-30.13211],[-51.23778,-30.13323],[-51.23438,-30.13497],[-51.23287,-30.13595],[-51.23199,-30.13667],[-51.23178,-30.13715],[-51.2309,-30.13764],[-51.22883,-30.13976],[-51.22823,-30.14051],[-51.22708,-30.1424],[-51.22748,-30.14294],[-51.22685,-30.14303],[-51.22603,-30.14417],[-51.22571,-30.14519],[-51.2255,-30.14643],[-51.22554,-30.14724],[-51.22032,-30.14353],[-51.21863,-30.14276],[-51.21813,-30.14231],[-51.21613,-30.14363],[-51.21496,-30.14413],[-51.2127,-30.14553],[-51.20967,-30.14689]]]},"properties":{"codigo":"4314902029","name":"Ipanema","population":13403,"households":6300,"areaKm2":3.8531,"density":3478.5}},{"type":"Feature","geometry":{"type":"Polygon","coordinates":[[[-51.19182,-30.0177],[-51.19764,-30.0179],[-51.19658,-30.02482],[-51.18737,-30.02394],[-51.18566,-30.02382],[-51.1856,-30.02437],[-51.1851,-30.02435],[-51.18362,-30.02378],[-51.18458,-30.02192],[-51.18618,-30.01976],[-51.18634,-30.01926],[-51.18651,-30.0174],[-51.18969,-30.01764],[-51.19182,-30.0177]]]},"properties":{"codigo":"4314902045","name":"Auxiliadora","population":8909,"households":5693,"areaKm2":0.8439,"density":10556.9}},{"type":"Feature","geometry":{"type":"Polygon","coordinates":[[[-51.10789,-30.05012],[-51.10629,-30.04978],[-51.10493,-30.04933],[-51.10376,-30.04907],[-51.10251,-30.04911],[-51.10104,-30.04848],[-51.10023,-30.04863],[-51.09874,-30.04865],[-51.09768,-30.04859],[-51.09664,-30.05019],[-51.0957,-30.05057],[-51.09439,-30.05021],[-51.09314,-30.04838],[-51.09172,-30.04801],[-51.09126,-30.04755],[-51.09024,-30.04731],[-51.08912,-30.04734],[-51.08781,-30.04705],[-51.08666,-30.04739],[-51.08619,-30.04736],[-51.08538,-30.04794],[-51.08425,-30.0475],[-51.08488,-30.04617],[-51.08554,-30.04558],[-51.08621,-30.04565],[-51.08635,-30.04492],[-51.08718,-30.04266],[-51.08725,-30.04194],[-51.08782,-30.04102],[-51.08747,-30.03982],[-51.08701,-30.03944],[-51.0873,-30.03888],[-51.08674,-30.03837],[-51.08693,-30.03776],[-51.0879,-30.03731],[-51.08872,-30.03631],[-51.08948,-30.03585],[-51.0898,-30.03469],[-51.09024,-30.03437],[-51.08964,-30.03341],[-51.08943,-30.03111],[-51.08868,-30.0306],[-51.08833,-30.02933],[-51.08737,-30.02905],[-51.08713,-30.02786],[-51.08783,-30.02706],[-51.08785,-30.02629],[-51.08743,-30.02574],[-51.08614,-30.0253],[-51.08616,-30.02403],[-51.08636,-30.02263],[-51.08701,-30.02223],[-51.08723,-30.02169],[-51.08818,-30.02197],[-51.09407,-30.02015],[-51.09474,-30.02034],[-51.09551,-30.02122],[-51.09618,-30.02066],[-51.0977,-30.0207],[-51.09774,-30.02137],[-51.09832,-30.02135],[-51.09823,-30.02032],[-51.10012,-30.02039],[-51.09976,-30.02449],[-51.10005,-30.02505],[-51.10095,-30.02593],[-51.10187,-30.0259],[-51.10284,-30.02608],[-51.10382,-30.02596],[-51.10396,-30.02714],[-51.10387,-30.02785],[-51.10547,-30.02788],[-51.1071,-30.02857],[-51.1079,-30.02707],[-51.10797,-30.02601],[-51.10875,-30.02596],[-51.10883,-30.02666],[-51.11027,-30.02654],[-51.11002,-30.02373],[-51.11327,-30.02349],[-51.11346,-30.02585],[-51.1143,-30.0258],[-51.11433,-30.02619],[-51.12014,-30.02574],[-51.12021,-30.02681],[-51.12085,-30.03012],[-51.12238,-30.03869],[-51.12078,-30.03853],[-51.11875,-30.03799],[-51.1179,-30.03794],[-51.11596,-30.03808],[-51.11372,-30.03832],[-51.11244,-30.03835],[-51.11197,-30.03851],[-51.10888,-30.04034],[-51.10708,-30.04097],[-51.10751,-30.04562],[-51.10748,-30.04625],[-51.10789,-30.05012]]]},"properties":{"codigo":"4314902078","name":"Mário Quintana","population":44068,"households":18152,"areaKm2":7.4087,"density":5948.2}},{"type":"Feature","geometry":{"type":"Polygon","coordinates":[[[-51.2213,-30.03475],[-51.22218,-30.035],[-51.22345,-30.03512],[-51.22421,-30.03538],[-51.22472,-30.0358],[-51.22702,-30.0383],[-51.22776,-30.03869],[-51.22837,-30.0387],[-51.22858,-30.04051],[-51.22811,-30.04102],[-51.22777,-30.04313],[-51.22183,-30.04367],[-51.22107,-30.04389],[-51.2164,-30.04118],[-51.21971,-30.0369],[-51.2213,-30.03475]]]},"properties":{"codigo":"4314902003","name":"Cidade Baixa","population":13014,"households":10209,"areaKm2":0.76,"density":17123.3}},{"type":"Feature","geometry":{"type":"Polygon","coordinates":[[[-51.16585,-30.02814],[-51.16942,-30.02823],[-51.171,-30.02806],[-51.173,-30.02748],[-51.17437,-30.02762],[-51.18091,-30.02948],[-51.1798,-30.03191],[-51.17748,-30.03493],[-51.1765,-30.03585],[-51.17467,-30.03693],[-51.17413,-30.03764],[-51.17378,-30.0386],[-51.17315,-30.03886],[-51.17171,-30.0397],[-51.17038,-30.04084],[-51.16929,-30.04096],[-51.16933,-30.04029],[-51.16874,-30.03932],[-51.16785,-30.03883],[-51.16838,-30.0382],[-51.16772,-30.03775],[-51.16692,-30.03538],[-51.16693,-30.03453],[-51.1667,-30.03363],[-51.16653,-30.0319],[-51.16604,-30.03021],[-51.16585,-30.02814]]]},"properties":{"codigo":"4314902058","name":"Três Figueiras","population":4016,"households":1989,"areaKm2":1.3342,"density":3010.1}},{"type":"Feature","geometry":{"type":"Polygon","coordinates":[[[-51.21942,-30.03052],[-51.22053,-30.03231],[-51.21617,-30.03327],[-51.21537,-30.03349],[-51.2089,-30.0368],[-51.20834,-30.03696],[-51.20848,-30.0302],[-51.21079,-30.03024],[-51.2109,-30.03168],[-51.21188,-30.02951],[-51.21249,-30.03002],[-51.2135,-30.02994],[-51.21393,-30.02933],[-51.21419,-30.03122],[-51.21728,-30.03053],[-51.21942,-30.03052]]]},"properties":{"codigo":"4314902038","name":"Bom Fim","population":10160,"households":7539,"areaKm2":0.4819,"density":21084.7}}]}