{"type":"FeatureCollection","features":[{"type":"Feature","geometry":{"type":"Polygon","coordinates":[[[-50.68476,-29.40687],[-50.68444,-29.40765],[-50.69502,-29.41159],[-50.69909,-29.41407],[-50.70243,-29.41642],[-50.70464,-29.41903],[-50.70417,-29.4206],[-50.70453,-29.42354],[-50.70497,-29.42482],[-50.70623,-29.42574],[-50.70877,-29.42897],[-50.71164,-29.43181],[-50.71271,-29.43357],[-50.71463,-29.43467],[-50.71767,-29.43694],[-50.71898,-29.43929],[-50.72075,-29.44033],[-50.7219,-29.44166],[-50.72269,-29.4435],[-50.72372,-29.44443],[-50.72386,-29.44647],[-50.72441,-29.44732],[-50.72612,-29.4477],[-50.72612,-29.44915],[-50.72646,-29.45054],[-50.72635,-29.45201],[-50.72805,-29.45298],[-50.72815,-29.45445],[-50.72729,-29.4543],[-50.72547,-29.45503],[-50.72406,-29.45602],[-50.72318,-29.45575],[-50.72294,-29.4541],[-50.72206,-29.45388],[-50.72188,-29.45517],[-50.72086,-29.45573],[-50.71837,-29.45591],[-50.71548,-29.45517],[-50.71522,-29.4557],[-50.71113,-29.45859],[-50.71078,-29.45939],[-50.70798,-29.46107],[-50.70707,-29.46236],[-50.705,-29.46387],[-50.70285,-29.46453],[-50.70195,-29.46534],[-50.7001,-29.46623],[-50.69704,-29.46729],[-50.69531,-29.46856],[-50.69304,-29.47056],[-50.69262,-29.47124],[-50.68901,-29.47397],[-50.68829,-29.47429],[-50.68785,-29.47546],[-50.68878,-29.4763],[-50.6891,-29.47769],[-50.68989,-29.47904],[-50.6899,-29.47982],[-50.68917,-29.48173],[-50.68815,-29.48356],[-50.68659,-29.48245],[-50.68562,-29.48093],[-50.68373,-29.47933],[-50.68196,-29.47889],[-50.68086,-29.47819],[-50.67935,-29.47509],[-50.67707,-29.47302],[-50.67507,-29.47177],[-50.67405,-29.47206],[-50.67496,-29.4751],[-50.67454,-29.47795],[-50.675,-29.47933],[-50.674,-29.4809],[-50.67412,-29.48334],[-50.67393,-29.48468],[-50.67412,-29.48786],[-50.67305,-29.48976],[-50.67217,-29.49191],[-50.67118,-29.4932],[-50.66971,-29.49403],[-50.66736,-29.49494],[-50.66678,-29.49555],[-50.66683,-29.49757],[-50.66458,-29.50101],[-50.66161,-29.50438],[-50.6605,-29.50631],[-50.65671,-29.50621],[-50.65467,-29.50599],[-50.65167,-29.50383],[-50.65115,-29.50248],[-50.63086,-29.5586],[-50.63017,-29.55846],[-50.63009,-29.55992],[-50.6295,-29.5607],[-50.62835,-29.56049],[-50.6253,-29.55874],[-50.62414,-29.55769],[-50.62309,-29.55727],[-50.62218,-29.5584],[-50.61949,-29.55774],[-50.61793,-29.55759],[-50.61582,-29.55781],[-50.61374,-29.55745],[-50.6126,-29.55698],[-50.61034,-29.55732],[-50.60824,-29.55612],[-50.60701,-29.55472],[-50.60608,-29.55419],[-50.60534,-29.55269],[-50.60326,-29.55236],[-50.60237,-29.55182],[-50.59873,-29.55242],[-50.59761,-29.5522],[-50.59597,-29.55259],[-50.59475,-29.55214],[-50.5929,-29.55285],[-50.59167,-29.55277],[-50.59005,-29.55327],[-50.58836,-29.55228],[-50.5843,-29.55208],[-50.58231,-29.55155],[-50.58102,-29.55188],[-50.57886,-29.55301],[-50.57519,-29.55303],[-50.57223,-29.55236],[-50.57208,-29.55162],[-50.57086,-29.5516],[-50.57067,-29.54998],[-50.56559,-29.5478],[-50.5621,-29.54699],[-50.56094,-29.54639],[-50.56031,-29.54465],[-50.55899,-29.54415],[-50.55846,-29.54233],[-50.55696,-29.54033],[-50.55484,-29.53913],[-50.55276,-29.53864],[-50.53671,-29.53879],[-50.51957,-29.53874],[-50.46107,-29.53862],[-50.43289,-29.53726],[-50.4314,-29.53618],[-50.4314,-29.53563],[-50.43261,-29.53371],[-50.4321,-29.53306],[-50.42956,-29.53276],[-50.42967,-29.53048],[-50.42748,-29.52844],[-50.42643,-29.52681],[-50.42477,-29.52614],[-50.42425,-29.52521],[-50.4244,-29.52386],[-50.42393,-29.52276],[-50.42267,-29.52254],[-50.42193,-29.52101],[-50.42218,-29.51996],[-50.42318,-29.51789],[-50.42309,-29.51471],[-50.42208,-29.51342],[-50.42327,-29.51168],[-50.42364,-29.51034],[-50.42572,-29.51003],[-50.42799,-29.51053],[-50.42827,-29.50956],[-50.42613,-29.50801],[-50.42635,-29.50732],[-50.42441,-29.50598],[-50.42444,-29.50511],[-50.42353,-29.50423],[-50.4241,-29.50257],[-50.42344,-29.50182],[-50.42125,-29.50294],[-50.42051,-29.50281],[-50.41996,-29.50167],[-50.42078,-29.5009],[-50.42056,-29.49973],[-50.41862,-29.49961],[-50.41836,-29.4982],[-50.41911,-29.49691],[-50.42033,-29.49708],[-50.42109,-29.49666],[-50.42144,-29.49529],[-50.42102,-29.49378],[-50.4219,-29.49293],[-50.42359,-29.49294],[-50.42402,-29.49217],[-50.42084,-29.4873],[-50.4208,-29.48643],[-50.42258,-29.48528],[-50.42218,-29.48317],[-50.4223,-29.48217],[-50.42062,-29.48016],[-50.42096,-29.47777],[-50.41989,-29.47674],[-50.4182,-29.47797],[-50.41661,-29.47693],[-50.41714,-29.47575],[-50.41851,-29.4749],[-50.41842,-29.47377],[-50.41924,-29.47343],[-50.41973,-29.46874],[-50.41867,-29.46846],[-50.41522,-29.46932],[-50.41419,-29.46827],[-50.41296,-29.46756],[-50.41418,-29.46552],[-50.41282,-29.46475],[-50.41269,-29.46259],[-50.41084,-29.46228],[-50.40969,-29.46179],[-50.41157,-29.46049],[-50.41116,-29.45914],[-50.41217,-29.45789],[-50.41279,-29.45593],[-50.41394,-29.45468],[-50.41449,-29.4528],[-50.41206,-29.45021],[-50.41231,-29.44765],[-50.41171,-29.44614],[-50.4106,-29.44542],[-50.4106,-29.44356],[-50.40996,-29.44302],[-50.40891,-29.4408],[-50.40943,-29.43873],[-50.4083,-29.43804],[-50.40796,-29.4367],[-50.40845,-29.43506],[-50.4076,-29.43376],[-50.40754,-29.43302],[-50.40631,-29.42889],[-50.40632,-29.42702],[-50.40593,-29.42635],[-50.40651,-29.42553],[-50.40563,-29.42374],[-50.40782,-29.42399],[-50.40833,-29.42254],[-50.40998,-29.42243],[-50.40983,-29.41938],[-50.41119,-29.41785],[-50.4125,-29.41784],[-50.4129,-29.41588],[-50.41481,-29.41578],[-50.41598,-29.41445],[-50.41584,-29.4129],[-50.41775,-29.41129],[-50.41881,-29.41083],[-50.4202,-29.41167],[-50.42021,-29.41044],[-50.42107,-29.409],[-50.42106,-29.40824],[-50.41972,-29.40734],[-50.41892,-29.40584],[-50.41732,-29.40566],[-50.41836,-29.40263],[-50.4177,-29.40207],[-50.41738,-29.40062],[-50.41584,-29.40045],[-50.41609,-29.39935],[-50.4156,-29.39769],[-50.41453,-29.39702],[-50.41546,-29.39497],[-50.41449,-29.39389],[-50.41664,-29.39378],[-50.41843,-29.39392],[-50.4224,-29.39514],[-50.42425,-29.39468],[-50.42504,-29.39414],[-50.435,-29.38507],[-50.43201,-29.38243],[-50.43092,-29.38097],[-50.42961,-29.37822],[-50.42747,-29.37573],[-50.42325,-29.37237],[-50.42211,-29.37097],[-50.4196,-29.3663],[-50.41824,-29.36433],[-50.41617,-29.36259],[-50.41287,-29.36006],[-50.41139,-29.35858],[-50.40763,-29.35351],[-50.40619,-29.35109],[-50.40212,-29.34344],[-50.4,-29.34072],[-50.39569,-29.33576],[-50.39646,-29.33529],[-50.39964,-29.33269],[-50.40602,-29.33052],[-50.40952,-29.32962],[-50.41362,-29.32779],[-50.41593,-29.3253],[-50.41873,-29.32482],[-50.42073,-29.324],[-50.42528,-29.32447],[-50.42981,-29.32395],[-50.43176,-29.32387],[-50.438,-29.3231],[-50.43875,-29.32308],[-50.44027,-29.32218],[-50.44558,-29.32195],[-50.44749,-29.32208],[-50.4509,-29.32137],[-50.45206,-29.32187],[-50.45342,-29.32298],[-50.45518,-29.3237],[-50.45731,-29.32551],[-50.4582,-29.32582],[-50.46023,-29.32501],[-50.46297,-29.32198],[-50.46495,-29.32054],[-50.46558,-29.31953],[-50.46744,-29.31788],[-50.46872,-29.31501],[-50.46937,-29.31416],[-50.4762,-29.30997],[-50.48101,-29.30568],[-50.48589,-29.30284],[-50.48832,-29.30048],[-50.48771,-29.29961],[-50.48754,-29.29825],[-50.48755,-29.2946],[-50.48785,-29.29261],[-50.48706,-29.28567],[-50.48715,-29.28154],[-50.48696,-29.28071],[-50.48388,-29.27645],[-50.48477,-29.27533],[-50.48685,-29.27542],[-50.49134,-29.27705],[-50.49144,-29.27816],[-50.49095,-29.27944],[-50.49127,-29.28076],[-50.49282,-29.27941],[-50.4943,-29.28001],[-50.49667,-29.27985],[-50.49733,-29.28179],[-50.49961,-29.28143],[-50.50057,-29.27967],[-50.50286,-29.28044],[-50.50276,-29.28309],[-50.50348,-29.28546],[-50.50442,-29.28472],[-50.50492,-29.2856],[-50.50406,-29.28685],[-50.50422,-29.28744],[-50.50708,-29.28892],[-50.50747,-29.28972],[-50.50665,-29.29098],[-50.50651,-29.2919],[-50.50746,-29.29244],[-50.50936,-29.29296],[-50.50988,-29.29349],[-50.51122,-29.29323],[-50.51296,-29.29435],[-50.51386,-29.29376],[-50.51317,-29.29185],[-50.51522,-29.29182],[-50.51593,-29.29128],[-50.51824,-29.29224],[-50.51736,-29.29379],[-50.51794,-29.2946],[-50.51969,-29.29542],[-50.51998,-29.29639],[-50.52181,-29.29846],[-50.52078,-29.29984],[-50.52163,-29.30089],[-50.52189,-29.30227],[-50.52305,-29.30224],[-50.52461,-29.30335],[-50.52616,-29.30318],[-50.52822,-29.30359],[-50.52982,-29.30455],[-50.5317,-29.30506],[-50.53294,-29.30388],[-50.53504,-29.30365],[-50.53737,-29.30233],[-50.53859,-29.30239],[-50.53959,-29.30307],[-50.54015,-29.30276],[-50.5491,-29.29999],[-50.55929,-29.29308],[-50.57017,-29.29984],[-50.57302,-29.29926],[-50.57343,-29.3009],[-50.5752,-29.30385],[-50.57349,-29.30524],[-50.57522,-29.30882],[-50.57914,-29.30793],[-50.58,-29.30935],[-50.58173,-29.3103],[-50.58086,-29.31174],[-50.58477,-29.31341],[-50.59694,-29.31722],[-50.59848,-29.32268],[-50.6145,-29.32846],[-50.61827,-29.32684],[-50.62028,-29.32496],[-50.61877,-29.32386],[-50.61766,-29.32265],[-50.61759,-29.32185],[-50.61967,-29.32046],[-50.62262,-29.31981],[-50.62437,-29.31912],[-50.62784,-29.31967],[-50.62938,-29.32041],[-50.63102,-29.32053],[-50.6322,-29.32186],[-50.6334,-29.32277],[-50.63376,-29.32417],[-50.63312,-29.32725],[-50.62955,-29.32676],[-50.62962,-29.33048],[-50.6309,-29.33203],[-50.63623,-29.33309],[-50.63603,-29.33918],[-50.63256,-29.34319],[-50.63348,-29.34442],[-50.63631,-29.34467],[-50.63805,-29.3461],[-50.63814,-29.34795],[-50.63737,-29.34901],[-50.63765,-29.35063],[-50.63827,-29.35092],[-50.63789,-29.35276],[-50.63695,-29.35336],[-50.63771,-29.35458],[-50.63954,-29.35514],[-50.63934,-29.35559],[-50.63479,-29.35723],[-50.63257,-29.35843],[-50.63307,-29.35998],[-50.63472,-29.36272],[-50.63416,-29.36365],[-50.63254,-29.36375],[-50.63134,-29.36559],[-50.62948,-29.36597],[-50.6295,-29.36808],[-50.62921,-29.36978],[-50.62774,-29.37058],[-50.62746,-29.37123],[-50.63018,-29.37253],[-50.63068,-29.37372],[-50.62819,-29.37524],[-50.6299,-29.37528],[-50.63154,-29.37856],[-50.63257,-29.37911],[-50.63316,-29.38002],[-50.63568,-29.3804],[-50.63861,-29.38324],[-50.6423,-29.38332],[-50.64437,-29.38377],[-50.64458,-29.38512],[-50.64576,-29.38681],[-50.6475,-29.38839],[-50.64739,-29.38975],[-50.6448,-29.39171],[-50.64388,-29.39341],[-50.64369,-29.39591],[-50.64367,-29.39941],[-50.64401,-29.40273],[-50.64455,-29.40597],[-50.64532,-29.40824],[-50.64703,-29.41124],[-50.6483,-29.41184],[-50.64968,-29.41204],[-50.65406,-29.41823],[-50.65471,-29.4184],[-50.656,-29.4196],[-50.65746,-29.42209],[-50.65917,-29.42098],[-50.65973,-29.42094],[-50.66032,-29.41891],[-50.6626,-29.41788],[-50.66487,-29.41794],[-50.66717,-29.41859],[-50.66838,-29.41861],[-50.67144,-29.41987],[-50.67389,-29.41589],[-50.67596,-29.41565],[-50.67818,-29.41586],[-50.68054,-29.41456],[-50.68224,-29.41042],[-50.68402,-29.40828],[-50.68476,-29.40687]]]},"properties":{"codigo":"431820005","name":"São Francisco de Paula","population":15957,"households":8048,"areaKm2":616.6673,"density":25.9}},{"type":"Feature","geometry":{"type":"Polygon","coordinates":[[[-50.70502,-28.79513],[-50.70842,-28.79537],[-50.71042,-28.7959],[-50.71187,-28.7966],[-50.71641,-28.79947],[-50.72048,-28.80188],[-50.72197,-28.80253],[-50.72476,-28.80315],[-50.72729,-28.80261],[-50.72884,-28.80141],[-50.72976,-28.80016],[-50.73055,-28.7983],[-50.73042,-28.79663],[-50.72968,-28.79556],[-50.72696,-28.79352],[-50.72256,-28.79114],[-50.72013,-28.78895],[-50.71788,-28.78662],[-50.71727,-28.7849],[-50.71749,-28.78365],[-50.71817,-28.78292],[-50.71997,-28.7821],[-50.72234,-28.78164],[-50.72419,-28.78183],[-50.72826,-28.78262],[-50.73055,-28.7834],[-50.73265,-28.78489],[-50.73425,-28.78728],[-50.73538,-28.7901],[-50.73637,-28.79366],[-50.73696,-28.79519],[-50.73833,-28.79749],[-50.7393,-28.79859],[-50.74039,-28.79895],[-50.7418,-28.79861],[-50.74361,-28.79738],[-50.74506,-28.79552],[-50.74608,-28.79324],[-50.74624,-28.79149],[-50.74559,-28.78868],[-50.74561,-28.78466],[-50.74592,-28.78268],[-50.74665,-28.78074],[-50.74839,-28.77724],[-50.74919,-28.77626],[-50.75186,-28.77428],[-50.75543,-28.772],[-50.75628,-28.77172],[-50.75771,-28.77189],[-50.76109,-28.77349],[-50.76208,-28.77479],[-50.76304,-28.77749],[-50.76302,-28.77812],[-50.76194,-28.7815],[-50.76157,-28.78314],[-50.76211,-28.78533],[-50.76265,-28.78634],[-50.76379,-28.78741],[-50.7669,-28.78826],[-50.77162,-28.78931],[-50.77566,-28.79009],[-50.78019,-28.79131],[-50.78502,-28.79288],[-50.78614,-28.79324],[-50.7897,-28.79512],[-50.79101,-28.79596],[-50.79544,-28.7974],[-50.7978,-28.79881],[-50.79837,-28.80042],[-50.79749,-28.80132],[-50.79606,-28.80195],[-50.79252,-28.80487],[-50.79035,-28.80723],[-50.78867,-28.80944],[-50.78653,-28.81285],[-50.78652,-28.81445],[-50.78747,-28.81493],[-50.79091,-28.81574],[-50.79415,-28.81621],[-50.80073,-28.81698],[-50.80538,-28.81807],[-50.80723,-28.81879],[-50.80887,-28.81981],[-50.81033,-28.82127],[-50.81281,-28.82451],[-50.81419,-28.82564],[-50.81613,-28.82631],[-50.81733,-28.82626],[-50.81872,-28.82566],[-50.82197,-28.82288],[-50.82364,-28.82188],[-50.82488,-28.8216],[-50.82663,-28.82195],[-50.82862,-28.82327],[-50.82979,-28.82346],[-50.83186,-28.82231],[-50.83299,-28.81987],[-50.83439,-28.81843],[-50.83955,-28.81465],[-50.84179,-28.81343],[-50.84429,-28.81259],[-50.84636,-28.81241],[-50.84656,-28.81311],[-50.84793,-28.81455],[-50.84978,-28.81721],[-50.85031,-28.81863],[-50.85069,-28.82064],[-50.85073,-28.82368],[-50.8504,-28.8248],[-50.85015,-28.82769],[-50.84975,-28.83008],[-50.84995,-28.83268],[-50.8487,-28.83272],[-50.84598,-28.83161],[-50.8447,-28.83131],[-50.84214,-28.83002],[-50.84082,-28.82993],[-50.83964,-28.83149],[-50.83843,-28.83595],[-50.83751,-28.83648],[-50.83591,-28.83644],[-50.83021,-28.83505],[-50.82626,-28.83584],[-50.82223,-28.83621],[-50.8208,-28.83648],[-50.81884,-28.83768],[-50.81791,-28.83989],[-50.81763,-28.84239],[-50.81915,-28.84651],[-50.81949,-28.84851],[-50.82026,-28.84973],[-50.82298,-28.85231],[-50.82497,-28.85383],[-50.82597,-28.85416],[-50.82724,-28.8552],[-50.82742,-28.85652],[-50.82342,-28.86213],[-50.82225,-28.86514],[-50.82102,-28.86736],[-50.81978,-28.86821],[-50.81738,-28.86874],[-50.81136,-28.86878],[-50.80801,-28.86841],[-50.80617,-28.86805],[-50.80421,-28.86846],[-50.80148,-28.87113],[-50.79876,-28.87283],[-50.79543,-28.87341],[-50.79442,-28.87484],[-50.79494,-28.87577],[-50.79807,-28.87746],[-50.80066,-28.87867],[-50.80061,-28.87981],[-50.79909,-28.88253],[-50.79798,-28.88418],[-50.79908,-28.88622],[-50.79995,-28.88666],[-50.8016,-28.88617],[-50.80513,-28.88476],[-50.80608,-28.88454],[-50.80977,-28.88459],[-50.81126,-28.88518],[-50.813,-28.88659],[-50.81446,-28.88815],[-50.81862,-28.89131],[-50.81996,-28.89245],[-50.82023,-28.89386],[-50.8194,-28.89648],[-50.81854,-28.89734],[-50.81536,-28.89952],[-50.81425,-28.89955],[-50.81331,-28.899],[-50.81167,-28.89594],[-50.81035,-28.89509],[-50.80742,-28.89515],[-50.80667,-28.89553],[-50.80584,-28.89666],[-50.80618,-28.89765],[-50.80905,-28.89891],[-50.81025,-28.89994],[-50.81186,-28.90292],[-50.81193,-28.90402],[-50.81141,-28.90458],[-50.80788,-28.90594],[-50.80682,-28.90681],[-50.80556,-28.90915],[-50.80632,-28.91202],[-50.80693,-28.91294],[-50.8096,-28.91474],[-50.81005,-28.91563],[-50.80991,-28.91706],[-50.80877,-28.91993],[-50.80865,-28.92098],[-50.80926,-28.92439],[-50.8109,-28.9278],[-50.81098,-28.92887],[-50.81026,-28.93037],[-50.80893,-28.93113],[-50.80457,-28.93307],[-50.80215,-28.93388],[-50.79811,-28.93376],[-50.79468,-28.93433],[-50.7924,-28.93535],[-50.78973,-28.9374],[-50.78751,-28.9399],[-50.78716,-28.9417],[-50.78888,-28.94367],[-50.79071,-28.94537],[-50.79186,-28.94568],[-50.7937,-28.94539],[-50.7953,-28.94451],[-50.79708,-28.94409],[-50.79808,-28.94423],[-50.79938,-28.94502],[-50.80035,-28.94621],[-50.80138,-28.94843],[-50.80142,-28.95119],[-50.80235,-28.95322],[-50.80316,-28.95351],[-50.80489,-28.95302],[-50.80639,-28.95168],[-50.80766,-28.95137],[-50.81089,-28.95197],[-50.81399,-28.95237],[-50.81613,-28.95213],[-50.81638,-28.95276],[-50.81636,-28.95617],[-50.81555,-28.95722],[-50.81251,-28.95649],[-50.81149,-28.95662],[-50.81063,-28.95745],[-50.81044,-28.95942],[-50.81122,-28.96071],[-50.81294,-28.96268],[-50.81683,-28.96504],[-50.81862,-28.96695],[-50.8186,-28.96789],[-50.8176,-28.96874],[-50.8164,-28.96924],[-50.81305,-28.96944],[-50.80875,-28.9673],[-50.80565,-28.96511],[-50.80353,-28.96401],[-50.80225,-28.96373],[-50.80052,-28.96382],[-50.79765,-28.96496],[-50.79503,-28.96684],[-50.7935,-28.9687],[-50.79179,-28.97147],[-50.79135,-28.97264],[-50.79138,-28.97378],[-50.79216,-28.97659],[-50.79214,-28.97783],[-50.79096,-28.97956],[-50.78986,-28.97988],[-50.78682,-28.97936],[-50.78542,-28.97875],[-50.78377,-28.97917],[-50.78323,-28.98045],[-50.78316,-28.98244],[-50.78392,-28.98472],[-50.78407,-28.98676],[-50.78344,-28.98916],[-50.7824,-28.99119],[-50.78246,-28.9933],[-50.78327,-28.99585],[-50.78313,-28.99714],[-50.78223,-28.99755],[-50.77374,-28.99971],[-50.76798,-29.00256],[-50.76078,-29.00473],[-50.75648,-29.0074],[-50.75234,-29.01081],[-50.75113,-29.01074],[-50.74877,-29.0086],[-50.74671,-29.008],[-50.74594,-29.00885],[-50.74618,-29.00979],[-50.74853,-29.01102],[-50.74913,-29.01158],[-50.74918,-29.01285],[-50.74806,-29.01478],[-50.74654,-29.0166],[-50.7457,-29.01685],[-50.74197,-29.01714],[-50.73879,-29.01939],[-50.73798,-29.02182],[-50.73558,-29.02141],[-50.73449,-29.02072],[-50.73361,-29.01869],[-50.7319,-29.01388],[-50.7309,-29.01315],[-50.72899,-29.01306],[-50.72735,-29.0135],[-50.72626,-29.01432],[-50.7266,-29.01546],[-50.72808,-29.01597],[-50.72971,-29.01756],[-50.73064,-29.01945],[-50.73106,-29.02098],[-50.72778,-29.02343],[-50.72618,-29.02373],[-50.72356,-29.02459],[-50.7208,-29.02453],[-50.71679,-29.02386],[-50.71498,-29.02233],[-50.71474,-29.02066],[-50.71302,-29.01876],[-50.71091,-29.01872],[-50.70897,-29.01828],[-50.7066,-29.01975],[-50.70586,-29.02048],[-50.70624,-29.02197],[-50.70765,-29.02372],[-50.70799,-29.02508],[-50.70789,-29.02715],[-50.70727,-29.03011],[-50.70581,-29.02979],[-50.70366,-29.02968],[-50.70215,-29.02892],[-50.70027,-29.0297],[-50.69935,-29.02961],[-50.69823,-29.02813],[-50.69848,-29.02753],[-50.69702,-29.02664],[-50.69534,-29.02681],[-50.69391,-29.02732],[-50.69265,-29.02849],[-50.69003,-29.02889],[-50.68684,-29.02721],[-50.68567,-29.02737],[-50.68258,-29.03106],[-50.68055,-29.03182],[-50.67777,-29.03219],[-50.67655,-29.02796],[-50.67621,-29.02758],[-50.67316,-29.02716],[-50.6702,-29.02607],[-50.66872,-29.02757],[-50.66878,-29.02896],[-50.6674,-29.03071],[-50.66668,-29.03101],[-50.665,-29.03049],[-50.66336,-29.03145],[-50.66338,-29.0328],[-50.66129,-29.03428],[-50.66044,-29.03618],[-50.65899,-29.03646],[-50.65878,-29.03762],[-50.65991,-29.03849],[-50.6606,-29.04073],[-50.65892,-29.04183],[-50.65563,-29.04052],[-50.65471,-29.03941],[-50.6539,-29.03929],[-50.65127,-29.04044],[-50.65046,-29.04366],[-50.64971,-29.04468],[-50.64678,-29.04605],[-50.64543,-29.04533],[-50.64485,-29.04141],[-50.64588,-29.03963],[-50.64704,-29.03912],[-50.6495,-29.03907],[-50.65295,-29.03848],[-50.65353,-29.0371],[-50.65251,-29.03616],[-50.65259,-29.03376],[-50.65197,-29.03262],[-50.6518,-29.03148],[-50.6506,-29.03089],[-50.64948,-29.0298],[-50.64639,-29.02844],[-50.64393,-29.02916],[-50.64138,-29.02864],[-50.6397,-29.02787],[-50.63605,-29.02656],[-50.6347,-29.02544],[-50.62863,-29.02408],[-50.6273,-29.02325],[-50.62609,-29.02318],[-50.62571,-29.02471],[-50.62411,-29.02481],[-50.62305,-29.02565],[-50.62249,-29.02695],[-50.61886,-29.02837],[-50.61659,-29.02986],[-50.61484,-29.03157],[-50.61467,-29.03238],[-50.61363,-29.03411],[-50.61127,-29.03467],[-50.60986,-29.03599],[-50.60809,-29.03662],[-50.60654,-29.0379],[-50.60193,-29.03832],[-50.60068,-29.03751],[-50.59927,-29.03386],[-50.59858,-29.03102],[-50.59909,-29.02778],[-50.59884,-29.0266],[-50.59818,-29.02556],[-50.59565,-29.02271],[-50.59392,-29.02162],[-50.58809,-29.0184],[-50.58703,-29.01698],[-50.58446,-29.01463],[-50.58401,-29.01362],[-50.58495,-29.01078],[-50.58499,-29.00952],[-50.58441,-29.00861],[-50.58424,-29.0072],[-50.58215,-29.00559],[-50.58222,-29.00326],[-50.58281,-29.00115],[-50.58305,-28.99815],[-50.58252,-28.99638],[-50.58074,-28.9949],[-50.57939,-28.99317],[-50.58034,-28.9904],[-50.57993,-28.98957],[-50.5811,-28.98881],[-50.58139,-28.98816],[-50.58051,-28.98704],[-50.57947,-28.98467],[-50.57937,-28.98358],[-50.58011,-28.98235],[-50.57523,-28.98232],[-50.5726,-28.98131],[-50.5698,-28.97939],[-50.56812,-28.9791],[-50.56631,-28.97963],[-50.56449,-28.98065],[-50.5636,-28.98254],[-50.56283,-28.98331],[-50.56209,-28.9821],[-50.56121,-28.98162],[-50.56049,-28.98038],[-50.56052,-28.97955],[-50.56123,-28.97885],[-50.56024,-28.97632],[-50.56153,-28.97579],[-50.56309,-28.97394],[-50.56177,-28.97181],[-50.56161,-28.97098],[-50.5622,-28.97027],[-50.56197,-28.96867],[-50.56279,-28.96834],[-50.56118,-28.96596],[-50.56212,-28.96497],[-50.56268,-28.96379],[-50.56227,-28.96282],[-50.55909,-28.96166],[-50.55792,-28.9601],[-50.5584,-28.95944],[-50.56082,-28.95936],[-50.56102,-28.9589],[-50.5587,-28.95433],[-50.56059,-28.95161],[-50.56278,-28.95107],[-50.56225,-28.94926],[-50.56125,-28.94804],[-50.55801,-28.94673],[-50.5554,-28.94674],[-50.55284,-28.94578],[-50.55218,-28.94097],[-50.5511,-28.93745],[-50.54695,-28.93294],[-50.54175,-28.93038],[-50.54024,-28.92791],[-50.53708,-28.92581],[-50.53514,-28.92255],[-50.53346,-28.92018],[-50.5331,-28.91666],[-50.52885,-28.91723],[-50.52787,-28.91597],[-50.52833,-28.91475],[-50.52978,-28.91389],[-50.52978,-28.91308],[-50.52895,-28.90982],[-50.52889,-28.90791],[-50.52957,-28.90516],[-50.52893,-28.90363],[-50.52902,-28.90205],[-50.53004,-28.90205],[-50.53129,-28.90133],[-50.53408,-28.90026],[-50.5336,-28.89826],[-50.53285,-28.89788],[-50.52893,-28.89706],[-50.52866,-28.89603],[-50.53133,-28.89491],[-50.5332,-28.89319],[-50.53294,-28.89248],[-50.53126,-28.89215],[-50.53028,-28.89134],[-50.52949,-28.8892],[-50.53133,-28.88808],[-50.5351,-28.88727],[-50.53749,-28.88733],[-50.53953,-28.88794],[-50.54395,-28.89112],[-50.54561,-28.89333],[-50.54678,-28.89391],[-50.54889,-28.89308],[-50.54951,-28.89185],[-50.55019,-28.89167],[-50.55335,-28.89271],[-50.55498,-28.89228],[-50.55538,-28.8912],[-50.55512,-28.88965],[-50.55345,-28.88712],[-50.55214,-28.88436],[-50.55209,-28.88274],[-50.55267,-28.88202],[-50.55491,-28.8828],[-50.55665,-28.88439],[-50.55808,-28.88672],[-50.55966,-28.88812],[-50.56108,-28.88763],[-50.5622,-28.88661],[-50.56226,-28.88569],[-50.56034,-28.88412],[-50.55998,-28.88321],[-50.56035,-28.8817],[-50.56004,-28.88074],[-50.55683,-28.87733],[-50.5566,-28.87553],[-50.5569,-28.87477],[-50.55871,-28.87391],[-50.56065,-28.87329],[-50.56118,-28.87229],[-50.55942,-28.87165],[-50.5573,-28.87131],[-50.55545,-28.87147],[-50.55295,-28.87197],[-50.55192,-28.87131],[-50.55136,-28.87044],[-50.55066,-28.86784],[-50.54968,-28.86504],[-50.54989,-28.86421],[-50.55134,-28.8626],[-50.5542,-28.86313],[-50.55739,-28.8632],[-50.56066,-28.86412],[-50.5631,-28.86501],[-50.56488,-28.86488],[-50.56684,-28.8642],[-50.56921,-28.86407],[-50.5727,-28.86325],[-50.57266,-28.86183],[-50.57073,-28.86064],[-50.5688,-28.86007],[-50.56698,-28.8592],[-50.56616,-28.85841],[-50.56359,-28.85387],[-50.5633,-28.85245],[-50.56444,-28.85087],[-50.56587,-28.85045],[-50.56728,-28.85106],[-50.56872,-28.85233],[-50.57,-28.8541],[-50.57152,-28.8552],[-50.57315,-28.85565],[-50.57962,-28.85603],[-50.5825,-28.85512],[-50.58346,-28.85433],[-50.58456,-28.85276],[-50.58468,-28.85168],[-50.58372,-28.85025],[-50.57965,-28.84758],[-50.57831,-28.84641],[-50.57863,-28.84322],[-50.57975,-28.84246],[-50.58157,-28.84214],[-50.58344,-28.84085],[-50.58506,-28.84014],[-50.58644,-28.83993],[-50.58993,-28.83863],[-50.59128,-28.83835],[-50.59475,-28.83691],[-50.60475,-28.83185],[-50.60638,-28.83035],[-50.60699,-28.82845],[-50.60624,-28.82674],[-50.60242,-28.8252],[-50.60044,-28.82343],[-50.60047,-28.82184],[-50.60291,-28.81948],[-50.60401,-28.8177],[-50.60458,-28.81519],[-50.60427,-28.81203],[-50.60426,-28.81006],[-50.6058,-28.80944],[-50.6109,-28.80776],[-50.6131,-28.80649],[-50.61558,-28.80469],[-50.61753,-28.80408],[-50.61866,-28.80486],[-50.61888,-28.80663],[-50.61815,-28.809],[-50.61736,-28.81076],[-50.61725,-28.81184],[-50.61767,-28.81466],[-50.61841,-28.81554],[-50.61973,-28.81606],[-50.62401,-28.81683],[-50.62705,-28.81756],[-50.62961,-28.81749],[-50.63243,-28.81597],[-50.63482,-28.81449],[-50.64005,-28.81249],[-50.6424,-28.81225],[-50.64479,-28.81229],[-50.6475,-28.81262],[-50.65053,-28.81332],[-50.65341,-28.81428],[-50.65797,-28.81513],[-50.66132,-28.81531],[-50.66275,-28.81513],[-50.6639,-28.81439],[-50.66457,-28.81338],[-50.66472,-28.81236],[-50.66434,-28.81088],[-50.66344,-28.80989],[-50.66129,-28.80827],[-50.65974,-28.80745],[-50.65815,-28.80589],[-50.65512,-28.80333],[-50.6543,-28.80213],[-50.65408,-28.80033],[-50.65474,-28.79909],[-50.65569,-28.7983],[-50.65861,-28.79719],[-50.66139,-28.79693],[-50.66427,-28.79729],[-50.66832,-28.79812],[-50.67584,-28.79898],[-50.67896,-28.80079],[-50.68101,-28.80173],[-50.68319,-28.80217],[-50.68716,-28.80229],[-50.68991,-28.80224],[-50.69121,-28.80191],[-50.69543,-28.79902],[-50.69952,-28.79699],[-50.70134,-28.79623],[-50.70502,-28.79513]]]},"properties":{"codigo":"431820010","name":"Cazuza Ferreira","population":1035,"households":902,"areaKm2":575.3285,"density":1.8}},{"type":"Feature","geometry":{"type":"Polygon","coordinates":[[[-50.64437,-29.38377],[-50.6423,-29.38332],[-50.63861,-29.38324],[-50.63568,-29.3804],[-50.63316,-29.38002],[-50.63257,-29.37911],[-50.63154,-29.37856],[-50.6299,-29.37528],[-50.62819,-29.37524],[-50.63068,-29.37372],[-50.63018,-29.37253],[-50.62746,-29.37123],[-50.62774,-29.37058],[-50.62921,-29.36978],[-50.6295,-29.36808],[-50.62948,-29.36597],[-50.63134,-29.36559],[-50.63254,-29.36375],[-50.63416,-29.36365],[-50.63472,-29.36272],[-50.63307,-29.35998],[-50.63257,-29.35843],[-50.63479,-29.35723],[-50.63934,-29.35559],[-50.63954,-29.35514],[-50.63771,-29.35458],[-50.63695,-29.35336],[-50.63789,-29.35276],[-50.63827,-29.35092],[-50.63765,-29.35063],[-50.63737,-29.34901],[-50.63814,-29.34795],[-50.63805,-29.3461],[-50.63631,-29.34467],[-50.63348,-29.34442],[-50.63256,-29.34319],[-50.63603,-29.33918],[-50.63623,-29.33309],[-50.6309,-29.33203],[-50.62962,-29.33048],[-50.62955,-29.32676],[-50.63312,-29.32725],[-50.63376,-29.32417],[-50.6334,-29.32277],[-50.6322,-29.32186],[-50.63102,-29.32053],[-50.62938,-29.32041],[-50.62784,-29.31967],[-50.62437,-29.31912],[-50.62262,-29.31981],[-50.61967,-29.32046],[-50.61759,-29.32185],[-50.61766,-29.32265],[-50.61877,-29.32386],[-50.62028,-29.32496],[-50.61827,-29.32684],[-50.6145,-29.32846],[-50.59848,-29.32268],[-50.59694,-29.31722],[-50.58477,-29.31341],[-50.58086,-29.31174],[-50.58173,-29.3103],[-50.58,-29.30935],[-50.57914,-29.30793],[-50.57522,-29.30882],[-50.57349,-29.30524],[-50.5752,-29.30385],[-50.57343,-29.3009],[-50.57302,-29.29926],[-50.57017,-29.29984],[-50.55929,-29.29308],[-50.5491,-29.29999],[-50.54015,-29.30276],[-50.53959,-29.30307],[-50.53859,-29.30239],[-50.53737,-29.30233],[-50.53504,-29.30365],[-50.53294,-29.30388],[-50.5317,-29.30506],[-50.52982,-29.30455],[-50.52822,-29.30359],[-50.52616,-29.30318],[-50.52461,-29.30335],[-50.52305,-29.30224],[-50.52189,-29.30227],[-50.52163,-29.30089],[-50.52078,-29.29984],[-50.52181,-29.29846],[-50.51998,-29.29639],[-50.51969,-29.29542],[-50.51794,-29.2946],[-50.51736,-29.29379],[-50.51824,-29.29224],[-50.51593,-29.29128],[-50.51522,-29.29182],[-50.51317,-29.29185],[-50.51386,-29.29376],[-50.51296,-29.29435],[-50.51122,-29.29323],[-50.50988,-29.29349],[-50.50936,-29.29296],[-50.50746,-29.29244],[-50.50651,-29.2919],[-50.50665,-29.29098],[-50.50747,-29.28972],[-50.50708,-29.28892],[-50.50422,-29.28744],[-50.50406,-29.28685],[-50.50492,-29.2856],[-50.50442,-29.28472],[-50.50348,-29.28546],[-50.50276,-29.28309],[-50.50286,-29.28044],[-50.50057,-29.27967],[-50.49961,-29.28143],[-50.49733,-29.28179],[-50.49667,-29.27985],[-50.4943,-29.28001],[-50.49282,-29.27941],[-50.49127,-29.28076],[-50.49095,-29.27944],[-50.49144,-29.27816],[-50.49134,-29.27705],[-50.48685,-29.27542],[-50.48477,-29.27533],[-50.48388,-29.27645],[-50.48109,-29.27108],[-50.4774,-29.26166],[-50.47286,-29.2586],[-50.47177,-29.25761],[-50.47132,-29.25635],[-50.4716,-29.24979],[-50.47275,-29.24388],[-50.47279,-29.2428],[-50.47194,-29.2338],[-50.47169,-29.23193],[-50.47029,-29.21784],[-50.4706,-29.21301],[-50.47214,-29.21301],[-50.47437,-29.2137],[-50.47596,-29.21504],[-50.47791,-29.21575],[-50.47929,-29.21585],[-50.48032,-29.2174],[-50.48225,-29.21906],[-50.48264,-29.22032],[-50.48596,-29.22195],[-50.48674,-29.22265],[-50.49112,-29.22314],[-50.49252,-29.22406],[-50.49489,-29.22422],[-50.49674,-29.22403],[-50.49929,-29.22468],[-50.49974,-29.22918],[-50.50049,-29.22944],[-50.50209,-29.22806],[-50.50508,-29.22779],[-50.50604,-29.22716],[-50.50791,-29.22465],[-50.50785,-29.2236],[-50.50857,-29.22318],[-50.51199,-29.22431],[-50.5156,-29.22429],[-50.51713,-29.22476],[-50.51895,-29.22578],[-50.51931,-29.22695],[-50.5221,-29.22648],[-50.52381,-29.22592],[-50.5255,-29.2264],[-50.5267,-29.22726],[-50.52815,-29.22709],[-50.53003,-29.22629],[-50.53188,-29.22598],[-50.53441,-29.22614],[-50.53629,-29.22542],[-50.54005,-29.22506],[-50.54495,-29.22499],[-50.54913,-29.22587],[-50.55376,-29.22584],[-50.56022,-29.22797],[-50.56244,-29.22888],[-50.56216,-29.23073],[-50.56311,-29.23171],[-50.5648,-29.23573],[-50.56614,-29.23696],[-50.57004,-29.23739],[-50.5712,-29.23796],[-50.57342,-29.23771],[-50.57505,-29.23787],[-50.57584,-29.23863],[-50.57891,-29.24026],[-50.57938,-29.24182],[-50.58019,-29.24286],[-50.58188,-29.24307],[-50.5834,-29.24377],[-50.5837,-29.24455],[-50.58635,-29.24355],[-50.58879,-29.24492],[-50.5905,-29.24666],[-50.59142,-29.24714],[-50.59269,-29.24673],[-50.59469,-29.24739],[-50.5963,-29.24745],[-50.59645,-29.2492],[-50.59867,-29.25161],[-50.60194,-29.25244],[-50.60532,-29.25253],[-50.60707,-29.25333],[-50.60799,-29.25413],[-50.61066,-29.2554],[-50.61171,-29.2562],[-50.61538,-29.25709],[-50.61678,-29.25717],[-50.61924,-29.25793],[-50.62042,-29.25852],[-50.62152,-29.25959],[-50.62253,-29.25987],[-50.62407,-29.25939],[-50.62514,-29.25943],[-50.62437,-29.2581],[-50.62455,-29.25415],[-50.62429,-29.25373],[-50.62425,-29.25116],[-50.62569,-29.25013],[-50.62627,-29.24705],[-50.62899,-29.24497],[-50.62973,-29.24506],[-50.63049,-29.24406],[-50.62964,-29.24189],[-50.6299,-29.23875],[-50.63091,-29.23778],[-50.63096,-29.23633],[-50.63248,-29.23271],[-50.63239,-29.23145],[-50.63391,-29.23057],[-50.63675,-29.22587],[-50.63755,-29.22304],[-50.63858,-29.22025],[-50.6396,-29.21858],[-50.64021,-29.21421],[-50.6417,-29.2127],[-50.64235,-29.21128],[-50.64335,-29.21064],[-50.64615,-29.20788],[-50.64691,-29.20747],[-50.64808,-29.20758],[-50.64986,-29.20681],[-50.65086,-29.20695],[-50.65172,-29.20619],[-50.65574,-29.19993],[-50.65821,-29.19796],[-50.66309,-29.19545],[-50.66634,-29.19403],[-50.66815,-29.19364],[-50.66949,-29.19301],[-50.67205,-29.19306],[-50.67414,-29.19231],[-50.67643,-29.19063],[-50.6777,-29.18902],[-50.68105,-29.18882],[-50.68163,-29.18852],[-50.68388,-29.18484],[-50.68564,-29.18286],[-50.68616,-29.18184],[-50.68743,-29.18152],[-50.68837,-29.18079],[-50.68996,-29.18082],[-50.69076,-29.18218],[-50.69213,-29.18202],[-50.69394,-29.18054],[-50.6945,-29.18039],[-50.69688,-29.18168],[-50.698,-29.18276],[-50.70029,-29.18438],[-50.70144,-29.18466],[-50.70312,-29.18611],[-50.70611,-29.18682],[-50.70952,-29.18904],[-50.71124,-29.19165],[-50.71264,-29.19066],[-50.7125,-29.18836],[-50.71322,-29.18784],[-50.71547,-29.18876],[-50.71945,-29.18896],[-50.71981,-29.19096],[-50.72189,-29.19332],[-50.72371,-29.19318],[-50.72738,-29.1934],[-50.72963,-29.19372],[-50.73038,-29.19453],[-50.73087,-29.19668],[-50.73182,-29.1983],[-50.73345,-29.19938],[-50.7333,-29.20052],[-50.73497,-29.20047],[-50.73535,-29.19959],[-50.73751,-29.1999],[-50.73856,-29.19967],[-50.74033,-29.20035],[-50.74156,-29.20179],[-50.7433,-29.20224],[-50.74555,-29.20597],[-50.74516,-29.20683],[-50.74513,-29.20832],[-50.7481,-29.20962],[-50.74933,-29.21118],[-50.74989,-29.21485],[-50.75097,-29.21494],[-50.75289,-29.21372],[-50.75365,-29.21279],[-50.75459,-29.21306],[-50.75507,-29.21492],[-50.75621,-29.21604],[-50.75891,-29.21642],[-50.75885,-29.21764],[-50.75745,-29.21811],[-50.75657,-29.22086],[-50.75715,-29.22356],[-50.75809,-29.22433],[-50.76102,-29.22496],[-50.76213,-29.22543],[-50.76148,-29.22821],[-50.76265,-29.23025],[-50.76249,-29.2328],[-50.76348,-29.23294],[-50.76513,-29.23072],[-50.76669,-29.22988],[-50.76743,-29.22983],[-50.76811,-29.23073],[-50.77054,-29.23126],[-50.77074,-29.23285],[-50.76987,-29.23357],[-50.76855,-29.23379],[-50.76786,-29.23453],[-50.76833,-29.23774],[-50.76953,-29.23787],[-50.7703,-29.2369],[-50.77192,-29.23657],[-50.7735,-29.2369],[-50.77581,-29.23665],[-50.7757,-29.23767],[-50.77438,-29.23977],[-50.77536,-29.24082],[-50.77925,-29.24176],[-50.78099,-29.24136],[-50.78115,-29.24217],[-50.77918,-29.2435],[-50.77803,-29.24462],[-50.77639,-29.24749],[-50.77651,-29.24835],[-50.77901,-29.2496],[-50.77904,-29.25102],[-50.77757,-29.2518],[-50.77724,-29.25437],[-50.7757,-29.25623],[-50.77547,-29.25784],[-50.77573,-29.25982],[-50.77235,-29.26052],[-50.77216,-29.26132],[-50.77321,-29.26269],[-50.77505,-29.26345],[-50.77513,-29.26621],[-50.77606,-29.26733],[-50.77845,-29.26915],[-50.77973,-29.26933],[-50.78065,-29.26855],[-50.78209,-29.27099],[-50.78384,-29.27173],[-50.78528,-29.27138],[-50.78618,-29.27161],[-50.78772,-29.27099],[-50.79048,-29.27204],[-50.78924,-29.274],[-50.78721,-29.27561],[-50.78718,-29.27716],[-50.78855,-29.27785],[-50.78341,-29.27889],[-50.781,-29.27899],[-50.77987,-29.27832],[-50.7794,-29.27731],[-50.77826,-29.27597],[-50.77672,-29.27534],[-50.77485,-29.27532],[-50.77164,-29.27557],[-50.76908,-29.27621],[-50.767,-29.27706],[-50.76605,-29.27711],[-50.76309,-29.27625],[-50.76121,-29.27726],[-50.76069,-29.27924],[-50.75912,-29.28067],[-50.75895,-29.28151],[-50.75809,-29.28215],[-50.75774,-29.28557],[-50.75722,-29.28627],[-50.75748,-29.28767],[-50.75695,-29.28878],[-50.75691,-29.28982],[-50.7577,-29.29082],[-50.75979,-29.29106],[-50.76016,-29.29191],[-50.75951,-29.29579],[-50.76072,-29.29707],[-50.76186,-29.30024],[-50.76299,-29.30226],[-50.76303,-29.30406],[-50.76236,-29.30448],[-50.7614,-29.30647],[-50.76168,-29.30796],[-50.76124,-29.30965],[-50.76032,-29.30945],[-50.75955,-29.31015],[-50.75915,-29.31136],[-50.75706,-29.31372],[-50.75367,-29.31614],[-50.74841,-29.31872],[-50.74712,-29.31877],[-50.74574,-29.31967],[-50.74472,-29.32126],[-50.7448,-29.32306],[-50.74427,-29.32473],[-50.74299,-29.32696],[-50.72366,-29.32832],[-50.71145,-29.33437],[-50.70826,-29.3342],[-50.69656,-29.33012],[-50.69678,-29.32811],[-50.69831,-29.32734],[-50.6988,-29.32559],[-50.69746,-29.32532],[-50.69871,-29.32416],[-50.69689,-29.32309],[-50.69578,-29.32273],[-50.69192,-29.32274],[-50.69086,-29.32356],[-50.68899,-29.3241],[-50.68635,-29.32585],[-50.68516,-29.3276],[-50.68466,-29.3296],[-50.68401,-29.33049],[-50.68202,-29.33237],[-50.67914,-29.33421],[-50.67519,-29.33561],[-50.67396,-29.33654],[-50.67313,-29.33828],[-50.67307,-29.34056],[-50.67396,-29.34332],[-50.67579,-29.34716],[-50.67615,-29.34895],[-50.67487,-29.35174],[-50.67503,-29.35282],[-50.67723,-29.35458],[-50.67994,-29.35703],[-50.68237,-29.35961],[-50.68311,-29.36197],[-50.68256,-29.36374],[-50.68191,-29.36448],[-50.68039,-29.36526],[-50.67742,-29.36612],[-50.67715,-29.36701],[-50.6774,-29.3698],[-50.67722,-29.37098],[-50.676,-29.37401],[-50.67493,-29.37481],[-50.67345,-29.37398],[-50.6703,-29.37125],[-50.66918,-29.37065],[-50.66745,-29.37043],[-50.6652,-29.37108],[-50.66311,-29.37238],[-50.66168,-29.37302],[-50.65968,-29.37348],[-50.65779,-29.37366],[-50.65464,-29.37336],[-50.65251,-29.37366],[-50.65092,-29.37443],[-50.64928,-29.37568],[-50.64724,-29.378],[-50.64544,-29.38066],[-50.64465,-29.38224],[-50.64437,-29.38377]]]},"properties":{"codigo":"431820020","name":"Eletra","population":813,"households":828,"areaKm2":324.3024,"density":2.5}},{"type":"Feature","geometry":{"type":"Polygon","coordinates":[[[-50.78855,-29.27785],[-50.78718,-29.27716],[-50.78721,-29.27561],[-50.78924,-29.274],[-50.79048,-29.27204],[-50.78772,-29.27099],[-50.78618,-29.27161],[-50.78528,-29.27138],[-50.78384,-29.27173],[-50.78209,-29.27099],[-50.78065,-29.26855],[-50.77973,-29.26933],[-50.77845,-29.26915],[-50.77606,-29.26733],[-50.77513,-29.26621],[-50.77505,-29.26345],[-50.77321,-29.26269],[-50.77216,-29.26132],[-50.77235,-29.26052],[-50.77573,-29.25982],[-50.77547,-29.25784],[-50.7757,-29.25623],[-50.77724,-29.25437],[-50.77757,-29.2518],[-50.77904,-29.25102],[-50.77901,-29.2496],[-50.77651,-29.24835],[-50.77639,-29.24749],[-50.77803,-29.24462],[-50.77918,-29.2435],[-50.78115,-29.24217],[-50.78099,-29.24136],[-50.77925,-29.24176],[-50.77536,-29.24082],[-50.77438,-29.23977],[-50.7757,-29.23767],[-50.77581,-29.23665],[-50.7735,-29.2369],[-50.77192,-29.23657],[-50.7703,-29.2369],[-50.76953,-29.23787],[-50.76833,-29.23774],[-50.76786,-29.23453],[-50.76855,-29.23379],[-50.76987,-29.23357],[-50.77074,-29.23285],[-50.77054,-29.23126],[-50.76811,-29.23073],[-50.76743,-29.22983],[-50.76669,-29.22988],[-50.76513,-29.23072],[-50.76348,-29.23294],[-50.76249,-29.2328],[-50.76265,-29.23025],[-50.76148,-29.22821],[-50.76213,-29.22543],[-50.76102,-29.22496],[-50.75809,-29.22433],[-50.75715,-29.22356],[-50.75657,-29.22086],[-50.75745,-29.21811],[-50.75885,-29.21764],[-50.75891,-29.21642],[-50.75621,-29.21604],[-50.75507,-29.21492],[-50.75459,-29.21306],[-50.75365,-29.21279],[-50.75289,-29.21372],[-50.75097,-29.21494],[-50.74989,-29.21485],[-50.74933,-29.21118],[-50.7481,-29.20962],[-50.74513,-29.20832],[-50.74516,-29.20683],[-50.74555,-29.20597],[-50.7433,-29.20224],[-50.74156,-29.20179],[-50.74033,-29.20035],[-50.73856,-29.19967],[-50.73751,-29.1999],[-50.73535,-29.19959],[-50.73497,-29.20047],[-50.7333,-29.20052],[-50.73345,-29.19938],[-50.73182,-29.1983],[-50.73087,-29.19668],[-50.73038,-29.19453],[-50.72963,-29.19372],[-50.72738,-29.1934],[-50.72371,-29.19318],[-50.72189,-29.19332],[-50.71981,-29.19096],[-50.71945,-29.18896],[-50.71547,-29.18876],[-50.71322,-29.18784],[-50.7125,-29.18836],[-50.71264,-29.19066],[-50.71124,-29.19165],[-50.70952,-29.18904],[-50.70611,-29.18682],[-50.70312,-29.18611],[-50.70144,-29.18466],[-50.70029,-29.18438],[-50.698,-29.18276],[-50.69688,-29.18168],[-50.6945,-29.18039],[-50.69394,-29.18054],[-50.69213,-29.18202],[-50.69137,-29.18133],[-50.69205,-29.18063],[-50.6921,-29.1789],[-50.69313,-29.17875],[-50.69508,-29.17949],[-50.69649,-29.17907],[-50.69754,-29.17791],[-50.69943,-29.17659],[-50.70123,-29.17407],[-50.70447,-29.17194],[-50.70605,-29.17061],[-50.71021,-29.16554],[-50.71101,-29.16333],[-50.71321,-29.16215],[-50.71437,-29.16003],[-50.71514,-29.15949],[-50.7161,-29.15806],[-50.71654,-29.15656],[-50.71605,-29.15576],[-50.7194,-29.15363],[-50.72164,-29.15269],[-50.72352,-29.15284],[-50.72547,-29.15141],[-50.72941,-29.14953],[-50.73117,-29.14737],[-50.7323,-29.14674],[-50.73387,-29.14659],[-50.7359,-29.14567],[-50.73696,-29.14409],[-50.73795,-29.1434],[-50.73432,-29.13745],[-50.73422,-29.13657],[-50.73318,-29.13368],[-50.73435,-29.13231],[-50.73603,-29.12819],[-50.74094,-29.12639],[-50.74304,-29.1242],[-50.74484,-29.12288],[-50.74529,-29.12183],[-50.74692,-29.1205],[-50.74888,-29.1176],[-50.74984,-29.11678],[-50.7529,-29.11541],[-50.75548,-29.11361],[-50.75761,-29.11159],[-50.76165,-29.10918],[-50.76233,-29.10905],[-50.76296,-29.10754],[-50.76502,-29.1054],[-50.76559,-29.10445],[-50.76707,-29.10357],[-50.77626,-29.1004],[-50.77669,-29.09988],[-50.77679,-29.09764],[-50.77766,-29.09604],[-50.77653,-29.09385],[-50.77529,-29.09256],[-50.7753,-29.09086],[-50.77491,-29.08924],[-50.77539,-29.08837],[-50.77615,-29.08573],[-50.77528,-29.08294],[-50.77779,-29.08238],[-50.77701,-29.08005],[-50.77621,-29.07937],[-50.77578,-29.07827],[-50.77607,-29.07413],[-50.77514,-29.07226],[-50.77358,-29.07009],[-50.77311,-29.06847],[-50.77162,-29.06674],[-50.77104,-29.06428],[-50.7694,-29.06274],[-50.76801,-29.06261],[-50.76521,-29.06078],[-50.76428,-29.0586],[-50.76441,-29.05732],[-50.76098,-29.05601],[-50.75904,-29.05364],[-50.75654,-29.05178],[-50.75499,-29.04963],[-50.75349,-29.04919],[-50.75213,-29.04733],[-50.75023,-29.04559],[-50.74993,-29.04418],[-50.74895,-29.04195],[-50.7473,-29.04205],[-50.74754,-29.04085],[-50.74456,-29.04027],[-50.7438,-29.03879],[-50.74302,-29.03857],[-50.74153,-29.03906],[-50.74097,-29.03862],[-50.74024,-29.03691],[-50.73862,-29.03519],[-50.73639,-29.03485],[-50.73617,-29.03321],[-50.73453,-29.03265],[-50.73273,-29.03126],[-50.73212,-29.03001],[-50.73222,-29.02868],[-50.73178,-29.02794],[-50.73025,-29.02709],[-50.7307,-29.02547],[-50.72962,-29.0245],[-50.72636,-29.02428],[-50.72618,-29.02373],[-50.72778,-29.02343],[-50.73106,-29.02098],[-50.73064,-29.01945],[-50.72971,-29.01756],[-50.72808,-29.01597],[-50.7266,-29.01546],[-50.72626,-29.01432],[-50.72735,-29.0135],[-50.72899,-29.01306],[-50.7309,-29.01315],[-50.7319,-29.01388],[-50.73361,-29.01869],[-50.73449,-29.02072],[-50.73558,-29.02141],[-50.73798,-29.02182],[-50.73879,-29.01939],[-50.74197,-29.01714],[-50.7457,-29.01685],[-50.74654,-29.0166],[-50.74806,-29.01478],[-50.74918,-29.01285],[-50.74913,-29.01158],[-50.74853,-29.01102],[-50.74618,-29.00979],[-50.74594,-29.00885],[-50.74671,-29.008],[-50.74877,-29.0086],[-50.75113,-29.01074],[-50.75234,-29.01081],[-50.75648,-29.0074],[-50.76078,-29.00473],[-50.76798,-29.00256],[-50.77374,-28.99971],[-50.78223,-28.99755],[-50.78313,-28.99714],[-50.7827,-29.00008],[-50.78568,-29.00167],[-50.78666,-29.00304],[-50.78698,-29.00513],[-50.78507,-29.00575],[-50.78503,-29.00667],[-50.78664,-29.00966],[-50.78899,-29.01146],[-50.79001,-29.01275],[-50.7938,-29.01124],[-50.79492,-29.01019],[-50.79581,-29.01379],[-50.79566,-29.0153],[-50.79367,-29.01676],[-50.79634,-29.01961],[-50.79923,-29.02538],[-50.80075,-29.02625],[-50.8026,-29.02502],[-50.80627,-29.02493],[-50.80995,-29.03168],[-50.8138,-29.02845],[-50.81514,-29.02847],[-50.81593,-29.03071],[-50.81386,-29.03449],[-50.81696,-29.034],[-50.81693,-29.03804],[-50.81943,-29.03815],[-50.81912,-29.03989],[-50.81809,-29.04304],[-50.81857,-29.04454],[-50.82195,-29.04737],[-50.82297,-29.05004],[-50.82289,-29.05429],[-50.82573,-29.05705],[-50.82801,-29.05838],[-50.8288,-29.06059],[-50.831,-29.06248],[-50.83045,-29.06468],[-50.83155,-29.06413],[-50.83213,-29.06323],[-50.83325,-29.06263],[-50.83535,-29.06227],[-50.838,-29.06147],[-50.83946,-29.06053],[-50.84226,-29.06196],[-50.84515,-29.06219],[-50.84829,-29.06292],[-50.84997,-29.06391],[-50.85226,-29.06608],[-50.85492,-29.06693],[-50.85781,-29.06696],[-50.85832,-29.06812],[-50.86073,-29.06731],[-50.86193,-29.06642],[-50.86355,-29.06614],[-50.86654,-29.06753],[-50.86815,-29.06889],[-50.86923,-29.06899],[-50.87483,-29.06751],[-50.87611,-29.06731],[-50.88197,-29.06768],[-50.88402,-29.06762],[-50.89144,-29.06665],[-50.89311,-29.06684],[-50.89861,-29.06915],[-50.90023,-29.06968],[-50.90234,-29.07107],[-50.90283,-29.07235],[-50.90497,-29.07384],[-50.90688,-29.07431],[-50.90846,-29.07503],[-50.9099,-29.07499],[-50.91452,-29.0739],[-50.91725,-29.07434],[-50.91829,-29.07406],[-50.92217,-29.07425],[-50.92395,-29.07456],[-50.92583,-29.07376],[-50.92932,-29.074],[-50.9315,-29.07442],[-50.93546,-29.07286],[-50.93676,-29.0727],[-50.93723,-29.07182],[-50.9368,-29.06974],[-50.93882,-29.06947],[-50.93949,-29.0699],[-50.94113,-29.07011],[-50.94378,-29.07124],[-50.94319,-29.07212],[-50.94362,-29.07262],[-50.94358,-29.074],[-50.94198,-29.07593],[-50.94131,-29.07761],[-50.94181,-29.0783],[-50.94082,-29.07997],[-50.93882,-29.0808],[-50.93746,-29.08078],[-50.93534,-29.07885],[-50.93149,-29.07861],[-50.92857,-29.08071],[-50.9218,-29.0792],[-50.91465,-29.08036],[-50.90897,-29.08355],[-50.90655,-29.08721],[-50.90247,-29.09034],[-50.90212,-29.09516],[-50.90264,-29.09892],[-50.90457,-29.10056],[-50.90468,-29.102],[-50.90636,-29.1024],[-50.90786,-29.10597],[-50.90825,-29.10621],[-50.91091,-29.10778],[-50.91301,-29.11238],[-50.91302,-29.11707],[-50.91482,-29.11837],[-50.91434,-29.11934],[-50.91392,-29.11829],[-50.91287,-29.11786],[-50.90899,-29.11724],[-50.90428,-29.11604],[-50.90311,-29.11635],[-50.90049,-29.11888],[-50.89856,-29.11923],[-50.89677,-29.1184],[-50.89448,-29.11778],[-50.89423,-29.117],[-50.89279,-29.11709],[-50.89122,-29.11774],[-50.88475,-29.1184],[-50.88298,-29.11807],[-50.88166,-29.11846],[-50.88091,-29.11958],[-50.87973,-29.11935],[-50.87817,-29.11764],[-50.87716,-29.11738],[-50.87621,-29.11647],[-50.87497,-29.11638],[-50.87388,-29.11737],[-50.87269,-29.11761],[-50.87128,-29.12068],[-50.86987,-29.12099],[-50.86873,-29.12026],[-50.86722,-29.12103],[-50.86661,-29.12321],[-50.86417,-29.12357],[-50.86298,-29.12292],[-50.8617,-29.12308],[-50.86018,-29.12179],[-50.85837,-29.12124],[-50.8565,-29.11984],[-50.85453,-29.11953],[-50.84799,-29.12148],[-50.84774,-29.12454],[-50.84725,-29.12578],[-50.84594,-29.12699],[-50.8443,-29.12787],[-50.84238,-29.12717],[-50.84087,-29.12817],[-50.84015,-29.13024],[-50.8402,-29.13142],[-50.84099,-29.13348],[-50.83997,-29.13531],[-50.8388,-29.13812],[-50.83791,-29.14153],[-50.83945,-29.14335],[-50.83991,-29.14647],[-50.84042,-29.14866],[-50.84176,-29.1511],[-50.84151,-29.15346],[-50.84391,-29.15677],[-50.84494,-29.159],[-50.84339,-29.15884],[-50.84227,-29.15922],[-50.84126,-29.16042],[-50.84106,-29.16251],[-50.84071,-29.16366],[-50.83982,-29.16481],[-50.83984,-29.16762],[-50.84067,-29.16787],[-50.84215,-29.16749],[-50.84304,-29.16773],[-50.843,-29.1689],[-50.8417,-29.16982],[-50.84017,-29.17019],[-50.84013,-29.17157],[-50.83889,-29.17251],[-50.83911,-29.1737],[-50.83811,-29.17557],[-50.83639,-29.17579],[-50.83496,-29.17738],[-50.83462,-29.17872],[-50.83616,-29.1797],[-50.83651,-29.18193],[-50.83545,-29.1818],[-50.83463,-29.18225],[-50.83564,-29.18312],[-50.83616,-29.18507],[-50.83599,-29.18605],[-50.8371,-29.18654],[-50.83856,-29.18636],[-50.83842,-29.18754],[-50.8391,-29.18808],[-50.83913,-29.18922],[-50.84011,-29.18963],[-50.84071,-29.19125],[-50.84024,-29.19247],[-50.83907,-29.1936],[-50.83929,-29.19482],[-50.84163,-29.19708],[-50.84398,-29.19809],[-50.84474,-29.19901],[-50.84515,-29.20061],[-50.84661,-29.20228],[-50.84644,-29.20372],[-50.84837,-29.20535],[-50.84775,-29.20736],[-50.84829,-29.20988],[-50.84963,-29.20976],[-50.85084,-29.21023],[-50.85466,-29.21313],[-50.855,-29.2138],[-50.85489,-29.21674],[-50.8542,-29.21954],[-50.85453,-29.22082],[-50.85595,-29.22271],[-50.85609,-29.22364],[-50.85443,-29.22453],[-50.8544,-29.2254],[-50.8581,-29.22488],[-50.85965,-29.22544],[-50.86018,-29.22757],[-50.85839,-29.22863],[-50.85648,-29.23318],[-50.85634,-29.23427],[-50.86043,-29.23593],[-50.86124,-29.23702],[-50.86155,-29.23899],[-50.85988,-29.2418],[-50.85851,-29.24282],[-50.85838,-29.24378],[-50.85947,-29.24504],[-50.85909,-29.24631],[-50.85927,-29.24759],[-50.85644,-29.24974],[-50.85539,-29.25118],[-50.85487,-29.25264],[-50.85459,-29.25498],[-50.85483,-29.25688],[-50.85544,-29.25807],[-50.85577,-29.25956],[-50.85546,-29.26075],[-50.85417,-29.26317],[-50.85104,-29.26612],[-50.84926,-29.26692],[-50.84545,-29.26726],[-50.84445,-29.26682],[-50.84398,-29.26574],[-50.84383,-29.26432],[-50.84406,-29.26084],[-50.8434,-29.2593],[-50.84145,-29.25815],[-50.83945,-29.25805],[-50.83563,-29.25925],[-50.83403,-29.25917],[-50.83118,-29.25808],[-50.82785,-29.25769],[-50.82724,-29.25799],[-50.82675,-29.25949],[-50.82704,-29.26143],[-50.8279,-29.26227],[-50.82825,-29.2637],[-50.82814,-29.26494],[-50.82713,-29.26594],[-50.82565,-29.26569],[-50.82501,-29.265],[-50.82493,-29.26384],[-50.82374,-29.26163],[-50.82294,-29.26061],[-50.8204,-29.25897],[-50.81971,-29.25824],[-50.81827,-29.25764],[-50.81653,-29.25738],[-50.81516,-29.25799],[-50.81364,-29.26027],[-50.81219,-29.26211],[-50.80811,-29.26507],[-50.8026,-29.26733],[-50.80185,-29.26928],[-50.80177,-29.27193],[-50.80143,-29.27294],[-50.79969,-29.27513],[-50.79679,-29.27686],[-50.79435,-29.27738],[-50.79102,-29.27718],[-50.78855,-29.27785]]]},"properties":{"codigo":"431820030","name":"Juá","population":1417,"households":800,"areaKm2":291.5905,"density":4.9}},{"type":"Feature","geometry":{"type":"Polygon","coordinates":[[[-50.46951,-28.94852],[-50.4713,-28.94737],[-50.47103,-28.94646],[-50.4702,-28.94568],[-50.47104,-28.94453],[-50.47499,-28.94267],[-50.47594,-28.94104],[-50.47609,-28.93976],[-50.47543,-28.93715],[-50.47587,-28.93637],[-50.47735,-28.93515],[-50.47854,-28.9347],[-50.48149,-28.9353],[-50.4831,-28.93399],[-50.48612,-28.93276],[-50.48777,-28.9297],[-50.48663,-28.92768],[-50.48701,-28.92687],[-50.48859,-28.92581],[-50.48947,-28.92564],[-50.49342,-28.92604],[-50.49531,-28.92714],[-50.49769,-28.92752],[-50.50023,-28.92532],[-50.50178,-28.92494],[-50.50399,-28.9231],[-50.5054,-28.92229],[-50.50713,-28.92052],[-50.50723,-28.91848],[-50.50681,-28.91751],[-50.50715,-28.9146],[-50.50749,-28.91402],[-50.51074,-28.91356],[-50.51186,-28.91278],[-50.51446,-28.91189],[-50.51608,-28.9099],[-50.51617,-28.90868],[-50.51556,-28.90791],[-50.51297,-28.90608],[-50.51285,-28.90454],[-50.51576,-28.9031],[-50.51825,-28.90158],[-50.51844,-28.90094],[-50.51757,-28.90012],[-50.51569,-28.89991],[-50.51478,-28.89914],[-50.51501,-28.89787],[-50.51869,-28.89727],[-50.5191,-28.89551],[-50.51996,-28.89521],[-50.52369,-28.89495],[-50.52533,-28.89426],[-50.52629,-28.89346],[-50.52949,-28.8892],[-50.53028,-28.89134],[-50.53126,-28.89215],[-50.53294,-28.89248],[-50.5332,-28.89319],[-50.53133,-28.89491],[-50.52866,-28.89603],[-50.52893,-28.89706],[-50.53285,-28.89788],[-50.5336,-28.89826],[-50.53408,-28.90026],[-50.53129,-28.90133],[-50.53004,-28.90205],[-50.52902,-28.90205],[-50.52893,-28.90363],[-50.52957,-28.90516],[-50.52889,-28.90791],[-50.52895,-28.90982],[-50.52978,-28.91308],[-50.52978,-28.91389],[-50.52833,-28.91475],[-50.52787,-28.91597],[-50.52885,-28.91723],[-50.5331,-28.91666],[-50.53346,-28.92018],[-50.53514,-28.92255],[-50.53708,-28.92581],[-50.54024,-28.92791],[-50.54175,-28.93038],[-50.54695,-28.93294],[-50.5511,-28.93745],[-50.55218,-28.94097],[-50.55284,-28.94578],[-50.5554,-28.94674],[-50.55801,-28.94673],[-50.56125,-28.94804],[-50.56225,-28.94926],[-50.56278,-28.95107],[-50.56059,-28.95161],[-50.5587,-28.95433],[-50.56102,-28.9589],[-50.56082,-28.95936],[-50.5584,-28.95944],[-50.55792,-28.9601],[-50.55909,-28.96166],[-50.56227,-28.96282],[-50.56268,-28.96379],[-50.56212,-28.96497],[-50.56118,-28.96596],[-50.56279,-28.96834],[-50.56197,-28.96867],[-50.5622,-28.97027],[-50.56161,-28.97098],[-50.56177,-28.97181],[-50.56309,-28.97394],[-50.56153,-28.97579],[-50.56024,-28.97632],[-50.56123,-28.97885],[-50.56052,-28.97955],[-50.56049,-28.98038],[-50.56121,-28.98162],[-50.56209,-28.9821],[-50.56283,-28.98331],[-50.5636,-28.98254],[-50.56449,-28.98065],[-50.56631,-28.97963],[-50.56812,-28.9791],[-50.5698,-28.97939],[-50.5726,-28.98131],[-50.57523,-28.98232],[-50.58011,-28.98235],[-50.57937,-28.98358],[-50.57947,-28.98467],[-50.58051,-28.98704],[-50.58139,-28.98816],[-50.5811,-28.98881],[-50.57993,-28.98957],[-50.58034,-28.9904],[-50.57939,-28.99317],[-50.58074,-28.9949],[-50.58252,-28.99638],[-50.58305,-28.99815],[-50.58281,-29.00115],[-50.58222,-29.00326],[-50.58215,-29.00559],[-50.58424,-29.0072],[-50.58441,-29.00861],[-50.58499,-29.00952],[-50.58495,-29.01078],[-50.58401,-29.01362],[-50.58446,-29.01463],[-50.58703,-29.01698],[-50.58809,-29.0184],[-50.59392,-29.02162],[-50.59565,-29.02271],[-50.59818,-29.02556],[-50.59884,-29.0266],[-50.59909,-29.02778],[-50.59858,-29.03102],[-50.59927,-29.03386],[-50.60068,-29.03751],[-50.60193,-29.03832],[-50.60654,-29.0379],[-50.60809,-29.03662],[-50.60986,-29.03599],[-50.61127,-29.03467],[-50.61363,-29.03411],[-50.61467,-29.03238],[-50.61484,-29.03157],[-50.61659,-29.02986],[-50.61886,-29.02837],[-50.62249,-29.02695],[-50.62305,-29.02565],[-50.62411,-29.02481],[-50.62571,-29.02471],[-50.62609,-29.02318],[-50.6273,-29.02325],[-50.62863,-29.02408],[-50.6347,-29.02544],[-50.63605,-29.02656],[-50.6397,-29.02787],[-50.64138,-29.02864],[-50.64393,-29.02916],[-50.64639,-29.02844],[-50.64948,-29.0298],[-50.6506,-29.03089],[-50.6518,-29.03148],[-50.65197,-29.03262],[-50.65259,-29.03376],[-50.65251,-29.03616],[-50.65353,-29.0371],[-50.65295,-29.03848],[-50.6495,-29.03907],[-50.64704,-29.03912],[-50.64588,-29.03963],[-50.64485,-29.04141],[-50.64543,-29.04533],[-50.64678,-29.04605],[-50.64971,-29.04468],[-50.65046,-29.04366],[-50.65127,-29.04044],[-50.6539,-29.03929],[-50.65471,-29.03941],[-50.65563,-29.04052],[-50.65892,-29.04183],[-50.6606,-29.04073],[-50.65991,-29.03849],[-50.65878,-29.03762],[-50.65899,-29.03646],[-50.66044,-29.03618],[-50.66129,-29.03428],[-50.66338,-29.0328],[-50.66336,-29.03145],[-50.665,-29.03049],[-50.66668,-29.03101],[-50.6674,-29.03071],[-50.66878,-29.02896],[-50.66872,-29.02757],[-50.6702,-29.02607],[-50.67316,-29.02716],[-50.67621,-29.02758],[-50.67655,-29.02796],[-50.67777,-29.03219],[-50.68055,-29.03182],[-50.68258,-29.03106],[-50.68567,-29.02737],[-50.68684,-29.02721],[-50.69003,-29.02889],[-50.69265,-29.02849],[-50.69391,-29.02732],[-50.69534,-29.02681],[-50.69702,-29.02664],[-50.69848,-29.02753],[-50.69823,-29.02813],[-50.69935,-29.02961],[-50.70027,-29.0297],[-50.70215,-29.02892],[-50.70366,-29.02968],[-50.70581,-29.02979],[-50.70727,-29.03011],[-50.70789,-29.02715],[-50.70799,-29.02508],[-50.70765,-29.02372],[-50.70624,-29.02197],[-50.70586,-29.02048],[-50.7066,-29.01975],[-50.70897,-29.01828],[-50.71091,-29.01872],[-50.71302,-29.01876],[-50.71474,-29.02066],[-50.71498,-29.02233],[-50.71679,-29.02386],[-50.7208,-29.02453],[-50.72356,-29.02459],[-50.72618,-29.02373],[-50.72636,-29.02428],[-50.72962,-29.0245],[-50.7307,-29.02547],[-50.73025,-29.02709],[-50.73178,-29.02794],[-50.73222,-29.02868],[-50.73212,-29.03001],[-50.73273,-29.03126],[-50.73453,-29.03265],[-50.73617,-29.03321],[-50.73639,-29.03485],[-50.73862,-29.03519],[-50.74024,-29.03691],[-50.74097,-29.03862],[-50.74153,-29.03906],[-50.74302,-29.03857],[-50.7438,-29.03879],[-50.74456,-29.04027],[-50.74754,-29.04085],[-50.7473,-29.04205],[-50.74895,-29.04195],[-50.74993,-29.04418],[-50.75023,-29.04559],[-50.75213,-29.04733],[-50.75349,-29.04919],[-50.75499,-29.04963],[-50.75654,-29.05178],[-50.75904,-29.05364],[-50.76098,-29.05601],[-50.76441,-29.05732],[-50.76428,-29.0586],[-50.76521,-29.06078],[-50.76801,-29.06261],[-50.7694,-29.06274],[-50.77104,-29.06428],[-50.77162,-29.06674],[-50.77311,-29.06847],[-50.77358,-29.07009],[-50.77514,-29.07226],[-50.77607,-29.07413],[-50.77578,-29.07827],[-50.77621,-29.07937],[-50.77701,-29.08005],[-50.77779,-29.08238],[-50.77528,-29.08294],[-50.77615,-29.08573],[-50.77539,-29.08837],[-50.77491,-29.08924],[-50.7753,-29.09086],[-50.77529,-29.09256],[-50.77653,-29.09385],[-50.77766,-29.09604],[-50.77679,-29.09764],[-50.77669,-29.09988],[-50.77626,-29.1004],[-50.76707,-29.10357],[-50.76559,-29.10445],[-50.76502,-29.1054],[-50.76296,-29.10754],[-50.76233,-29.10905],[-50.76165,-29.10918],[-50.75761,-29.11159],[-50.75548,-29.11361],[-50.7529,-29.11541],[-50.74984,-29.11678],[-50.74888,-29.1176],[-50.74692,-29.1205],[-50.74529,-29.12183],[-50.74484,-29.12288],[-50.74304,-29.1242],[-50.74094,-29.12639],[-50.73603,-29.12819],[-50.73435,-29.13231],[-50.73318,-29.13368],[-50.73422,-29.13657],[-50.73432,-29.13745],[-50.73795,-29.1434],[-50.73696,-29.14409],[-50.7359,-29.14567],[-50.73387,-29.14659],[-50.7323,-29.14674],[-50.73117,-29.14737],[-50.72941,-29.14953],[-50.72547,-29.15141],[-50.72352,-29.15284],[-50.72164,-29.15269],[-50.7194,-29.15363],[-50.71605,-29.15576],[-50.71654,-29.15656],[-50.7161,-29.15806],[-50.71514,-29.15949],[-50.71437,-29.16003],[-50.71321,-29.16215],[-50.71101,-29.16333],[-50.71021,-29.16554],[-50.70605,-29.17061],[-50.70447,-29.17194],[-50.70123,-29.17407],[-50.69943,-29.17659],[-50.69754,-29.17791],[-50.69649,-29.17907],[-50.69508,-29.17949],[-50.69313,-29.17875],[-50.6921,-29.1789],[-50.69205,-29.18063],[-50.69137,-29.18133],[-50.69213,-29.18202],[-50.69076,-29.18218],[-50.68996,-29.18082],[-50.68837,-29.18079],[-50.68743,-29.18152],[-50.68616,-29.18184],[-50.68564,-29.18286],[-50.68388,-29.18484],[-50.68163,-29.18852],[-50.68105,-29.18882],[-50.6777,-29.18902],[-50.67643,-29.19063],[-50.67414,-29.19231],[-50.67205,-29.19306],[-50.66949,-29.19301],[-50.66815,-29.19364],[-50.66634,-29.19403],[-50.66309,-29.19545],[-50.65821,-29.19796],[-50.65574,-29.19993],[-50.65172,-29.20619],[-50.65086,-29.20695],[-50.64986,-29.20681],[-50.64808,-29.20758],[-50.64691,-29.20747],[-50.64615,-29.20788],[-50.64335,-29.21064],[-50.64235,-29.21128],[-50.6417,-29.2127],[-50.64021,-29.21421],[-50.6396,-29.21858],[-50.63858,-29.22025],[-50.63755,-29.22304],[-50.63675,-29.22587],[-50.63391,-29.23057],[-50.63239,-29.23145],[-50.63248,-29.23271],[-50.63096,-29.23633],[-50.63091,-29.23778],[-50.6299,-29.23875],[-50.62964,-29.24189],[-50.63049,-29.24406],[-50.62973,-29.24506],[-50.62899,-29.24497],[-50.62627,-29.24705],[-50.62569,-29.25013],[-50.62425,-29.25116],[-50.62429,-29.25373],[-50.62455,-29.25415],[-50.62437,-29.2581],[-50.62514,-29.25943],[-50.62407,-29.25939],[-50.62253,-29.25987],[-50.62152,-29.25959],[-50.62042,-29.25852],[-50.61924,-29.25793],[-50.61678,-29.25717],[-50.61538,-29.25709],[-50.61171,-29.2562],[-50.61066,-29.2554],[-50.60799,-29.25413],[-50.60707,-29.25333],[-50.60532,-29.25253],[-50.60194,-29.25244],[-50.59867,-29.25161],[-50.59645,-29.2492],[-50.5963,-29.24745],[-50.59469,-29.24739],[-50.59269,-29.24673],[-50.59142,-29.24714],[-50.5905,-29.24666],[-50.58879,-29.24492],[-50.58635,-29.24355],[-50.5837,-29.24455],[-50.5834,-29.24377],[-50.58188,-29.24307],[-50.58019,-29.24286],[-50.57938,-29.24182],[-50.57891,-29.24026],[-50.57584,-29.23863],[-50.57505,-29.23787],[-50.57342,-29.23771],[-50.5712,-29.23796],[-50.57004,-29.23739],[-50.56614,-29.23696],[-50.5648,-29.23573],[-50.56311,-29.23171],[-50.56216,-29.23073],[-50.56244,-29.22888],[-50.56022,-29.22797],[-50.55376,-29.22584],[-50.54913,-29.22587],[-50.54495,-29.22499],[-50.54005,-29.22506],[-50.53629,-29.22542],[-50.53441,-29.22614],[-50.53188,-29.22598],[-50.53003,-29.22629],[-50.52815,-29.22709],[-50.5267,-29.22726],[-50.5255,-29.2264],[-50.52381,-29.22592],[-50.5221,-29.22648],[-50.51931,-29.22695],[-50.51895,-29.22578],[-50.51713,-29.22476],[-50.5156,-29.22429],[-50.51199,-29.22431],[-50.50857,-29.22318],[-50.50785,-29.2236],[-50.50791,-29.22465],[-50.50604,-29.22716],[-50.50508,-29.22779],[-50.50209,-29.22806],[-50.50049,-29.22944],[-50.49974,-29.22918],[-50.49929,-29.22468],[-50.49674,-29.22403],[-50.49489,-29.22422],[-50.49252,-29.22406],[-50.49112,-29.22314],[-50.48674,-29.22265],[-50.48596,-29.22195],[-50.48264,-29.22032],[-50.48225,-29.21906],[-50.48032,-29.2174],[-50.47929,-29.21585],[-50.47791,-29.21575],[-50.47596,-29.21504],[-50.47437,-29.2137],[-50.47214,-29.21301],[-50.4706,-29.21301],[-50.47056,-29.21154],[-50.47004,-29.20622],[-50.46723,-29.20166],[-50.46679,-29.20055],[-50.461,-29.18029],[-50.45784,-29.17215],[-50.45741,-29.16965],[-50.45768,-29.16696],[-50.45737,-29.16608],[-50.45363,-29.16263],[-50.44845,-29.15926],[-50.44532,-29.15769],[-50.44425,-29.15695],[-50.44372,-29.15608],[-50.44364,-29.15488],[-50.44458,-29.15009],[-50.44439,-29.14791],[-50.44225,-29.14157],[-50.44209,-29.14029],[-50.44299,-29.13585],[-50.44327,-29.13364],[-50.44393,-29.13148],[-50.44389,-29.12924],[-50.44379,-29.12211],[-50.44435,-29.11712],[-50.44419,-29.11569],[-50.44249,-29.11274],[-50.43976,-29.10597],[-50.43742,-29.09755],[-50.43739,-29.09546],[-50.43762,-29.08832],[-50.43739,-29.08699],[-50.43628,-29.08478],[-50.43359,-29.08076],[-50.43221,-29.07812],[-50.43151,-29.07599],[-50.43162,-29.07497],[-50.43246,-29.07341],[-50.43572,-29.06834],[-50.43637,-29.06714],[-50.43912,-29.06127],[-50.44039,-29.05636],[-50.4411,-29.05501],[-50.44226,-29.05352],[-50.44342,-29.05116],[-50.44341,-29.05019],[-50.44283,-29.04813],[-50.44399,-29.04733],[-50.44543,-29.04692],[-50.4465,-29.04598],[-50.44795,-29.0452],[-50.44913,-29.04494],[-50.45155,-29.04508],[-50.45075,-29.04336],[-50.4512,-29.04229],[-50.45232,-29.04146],[-50.45328,-29.04025],[-50.45389,-29.03869],[-50.45342,-29.03812],[-50.45428,-29.0374],[-50.45581,-29.03737],[-50.45574,-29.03592],[-50.45458,-29.03469],[-50.45534,-29.03433],[-50.45617,-29.03314],[-50.45565,-29.03241],[-50.45613,-29.03166],[-50.45597,-29.03072],[-50.45662,-29.02998],[-50.45686,-29.02876],[-50.45651,-29.02741],[-50.45682,-29.02609],[-50.45813,-29.02429],[-50.45816,-29.02307],[-50.45744,-29.02103],[-50.4589,-29.01882],[-50.45871,-29.01655],[-50.46011,-29.01382],[-50.45864,-29.01179],[-50.45919,-29.01126],[-50.45795,-29.00955],[-50.45747,-29.00764],[-50.45706,-29.00723],[-50.45688,-29.00482],[-50.4572,-29.00398],[-50.45899,-29.00322],[-50.45905,-29.00154],[-50.46078,-29.00058],[-50.46104,-28.99991],[-50.46018,-28.99844],[-50.46129,-28.99759],[-50.4635,-28.99653],[-50.46439,-28.99503],[-50.46311,-28.99474],[-50.46089,-28.99369],[-50.45977,-28.99358],[-50.45868,-28.9929],[-50.45945,-28.99132],[-50.46042,-28.99032],[-50.461,-28.98875],[-50.46173,-28.98801],[-50.46301,-28.98481],[-50.4625,-28.98392],[-50.46241,-28.98266],[-50.46266,-28.98007],[-50.46364,-28.97727],[-50.46271,-28.97589],[-50.46293,-28.97532],[-50.46442,-28.97409],[-50.46505,-28.97221],[-50.46475,-28.97101],[-50.46378,-28.97019],[-50.46329,-28.9692],[-50.46332,-28.96723],[-50.46279,-28.96682],[-50.46326,-28.96555],[-50.46307,-28.96404],[-50.46387,-28.96318],[-50.46325,-28.96052],[-50.46352,-28.95957],[-50.46668,-28.95972],[-50.46819,-28.95869],[-50.46861,-28.95681],[-50.47011,-28.95365],[-50.46857,-28.94959],[-50.46951,-28.94852]]]},"properties":{"codigo":"431820035","name":"Lajeado Grande","population":1080,"households":824,"areaKm2":724.1357,"density":1.5}},{"type":"Feature","geometry":{"type":"Polygon","coordinates":[[[-50.18808,-29.48891],[-50.18792,-29.49],[-50.18968,-29.48928],[-50.18967,-29.49029],[-50.19018,-29.49112],[-50.19112,-29.49096],[-50.19276,-29.49128],[-50.19447,-29.49085],[-50.19658,-29.48964],[-50.1987,-29.4888],[-50.20089,-29.48908],[-50.20216,-29.48872],[-50.20277,-29.48908],[-50.20517,-29.48892],[-50.20831,-29.48799],[-50.20843,-29.48684],[-50.21062,-29.48412],[-50.21193,-29.48392],[-50.21456,-29.48392],[-50.21976,-29.48698],[-50.22196,-29.48657],[-50.22362,-29.48671],[-50.2258,-29.48607],[-50.2264,-29.48536],[-50.22671,-29.48406],[-50.22757,-29.48313],[-50.2281,-29.48186],[-50.22909,-29.48078],[-50.23236,-29.47645],[-50.23268,-29.4758],[-50.23325,-29.47284],[-50.23376,-29.47195],[-50.23438,-29.46962],[-50.23655,-29.46818],[-50.23685,-29.46621],[-50.23808,-29.46471],[-50.23809,-29.46309],[-50.23766,-29.4624],[-50.23604,-29.461],[-50.23488,-29.45924],[-50.23394,-29.45855],[-50.23271,-29.45675],[-50.23221,-29.4555],[-50.23254,-29.45288],[-50.23338,-29.45186],[-50.2354,-29.45088],[-50.23642,-29.45124],[-50.23797,-29.45115],[-50.23942,-29.44954],[-50.23996,-29.44756],[-50.24172,-29.44741],[-50.24244,-29.44672],[-50.24228,-29.446],[-50.24429,-29.4408],[-50.24499,-29.43871],[-50.24671,-29.4363],[-50.24703,-29.43321],[-50.24777,-29.43203],[-50.24873,-29.43219],[-50.24948,-29.4315],[-50.25243,-29.43084],[-50.2547,-29.43126],[-50.25619,-29.43106],[-50.2571,-29.42994],[-50.25893,-29.42936],[-50.26069,-29.42838],[-50.2615,-29.42728],[-50.26512,-29.42533],[-50.26764,-29.42435],[-50.26799,-29.4228],[-50.26981,-29.42197],[-50.27096,-29.42184],[-50.27206,-29.42089],[-50.27152,-29.41997],[-50.27179,-29.41899],[-50.2743,-29.41886],[-50.27537,-29.41694],[-50.2767,-29.41564],[-50.2778,-29.41295],[-50.279,-29.41223],[-50.28292,-29.4107],[-50.28611,-29.40782],[-50.28636,-29.40706],[-50.28824,-29.40586],[-50.28954,-29.4047],[-50.29122,-29.40576],[-50.29319,-29.40542],[-50.29377,-29.40392],[-50.29535,-29.40281],[-50.29822,-29.40024],[-50.30167,-29.39871],[-50.30407,-29.39621],[-50.30865,-29.39341],[-50.31004,-29.39353],[-50.31258,-29.39485],[-50.31422,-29.39481],[-50.31485,-29.39436],[-50.31709,-29.39428],[-50.31812,-29.39457],[-50.31894,-29.39605],[-50.32104,-29.39763],[-50.32415,-29.399],[-50.32691,-29.39891],[-50.32734,-29.40062],[-50.32929,-29.40245],[-50.33055,-29.40238],[-50.33237,-29.40184],[-50.33663,-29.40184],[-50.34573,-29.40496],[-50.35004,-29.40806],[-50.35388,-29.40999],[-50.35882,-29.41006],[-50.35945,-29.40885],[-50.36158,-29.40324],[-50.3618,-29.40174],[-50.36304,-29.39909],[-50.36552,-29.39765],[-50.36731,-29.39605],[-50.3693,-29.39524],[-50.37069,-29.39502],[-50.36886,-29.39169],[-50.36733,-29.38839],[-50.36737,-29.38688],[-50.36705,-29.38538],[-50.36785,-29.38452],[-50.36796,-29.38271],[-50.3674,-29.3812],[-50.36758,-29.38027],[-50.36634,-29.37757],[-50.36706,-29.37529],[-50.36883,-29.37312],[-50.37153,-29.37082],[-50.37131,-29.36935],[-50.37229,-29.36789],[-50.37221,-29.3644],[-50.37192,-29.36269],[-50.37744,-29.36105],[-50.37865,-29.36053],[-50.37978,-29.35588],[-50.38488,-29.35374],[-50.38534,-29.35251],[-50.38551,-29.35079],[-50.38612,-29.34988],[-50.38612,-29.34867],[-50.38667,-29.34801],[-50.38758,-29.34813],[-50.38963,-29.34746],[-50.39187,-29.34552],[-50.39376,-29.34428],[-50.39562,-29.34337],[-50.399,-29.34263],[-50.4,-29.34072],[-50.40212,-29.34344],[-50.40619,-29.35109],[-50.40763,-29.35351],[-50.41139,-29.35858],[-50.41287,-29.36006],[-50.41617,-29.36259],[-50.41824,-29.36433],[-50.4196,-29.3663],[-50.42211,-29.37097],[-50.42325,-29.37237],[-50.42747,-29.37573],[-50.42961,-29.37822],[-50.43092,-29.38097],[-50.43201,-29.38243],[-50.435,-29.38507],[-50.42504,-29.39414],[-50.42425,-29.39468],[-50.4224,-29.39514],[-50.41843,-29.39392],[-50.41664,-29.39378],[-50.41449,-29.39389],[-50.41546,-29.39497],[-50.41453,-29.39702],[-50.4156,-29.39769],[-50.41609,-29.39935],[-50.41584,-29.40045],[-50.41738,-29.40062],[-50.4177,-29.40207],[-50.41836,-29.40263],[-50.41732,-29.40566],[-50.41892,-29.40584],[-50.41972,-29.40734],[-50.42106,-29.40824],[-50.42107,-29.409],[-50.42021,-29.41044],[-50.4202,-29.41167],[-50.41881,-29.41083],[-50.41775,-29.41129],[-50.41584,-29.4129],[-50.41598,-29.41445],[-50.41481,-29.41578],[-50.4129,-29.41588],[-50.4125,-29.41784],[-50.41119,-29.41785],[-50.40983,-29.41938],[-50.40998,-29.42243],[-50.40833,-29.42254],[-50.40782,-29.42399],[-50.40563,-29.42374],[-50.40651,-29.42553],[-50.40593,-29.42635],[-50.40632,-29.42702],[-50.40631,-29.42889],[-50.40754,-29.43302],[-50.4076,-29.43376],[-50.40845,-29.43506],[-50.40796,-29.4367],[-50.4083,-29.43804],[-50.40943,-29.43873],[-50.40891,-29.4408],[-50.40996,-29.44302],[-50.4106,-29.44356],[-50.4106,-29.44542],[-50.41171,-29.44614],[-50.41231,-29.44765],[-50.41206,-29.45021],[-50.41449,-29.4528],[-50.41394,-29.45468],[-50.41279,-29.45593],[-50.41217,-29.45789],[-50.41116,-29.45914],[-50.41157,-29.46049],[-50.40969,-29.46179],[-50.41084,-29.46228],[-50.41269,-29.46259],[-50.41282,-29.46475],[-50.41418,-29.46552],[-50.41296,-29.46756],[-50.41419,-29.46827],[-50.41522,-29.46932],[-50.41867,-29.46846],[-50.41973,-29.46874],[-50.41924,-29.47343],[-50.41842,-29.47377],[-50.41851,-29.4749],[-50.41714,-29.47575],[-50.41661,-29.47693],[-50.4182,-29.47797],[-50.41989,-29.47674],[-50.42096,-29.47777],[-50.42062,-29.48016],[-50.4223,-29.48217],[-50.42218,-29.48317],[-50.42258,-29.48528],[-50.4208,-29.48643],[-50.42084,-29.4873],[-50.42402,-29.49217],[-50.42359,-29.49294],[-50.4219,-29.49293],[-50.42102,-29.49378],[-50.42144,-29.49529],[-50.42109,-29.49666],[-50.42033,-29.49708],[-50.41911,-29.49691],[-50.41836,-29.4982],[-50.41862,-29.49961],[-50.42056,-29.49973],[-50.42078,-29.5009],[-50.41996,-29.50167],[-50.42051,-29.50281],[-50.42125,-29.50294],[-50.42344,-29.50182],[-50.4241,-29.50257],[-50.42353,-29.50423],[-50.42444,-29.50511],[-50.42441,-29.50598],[-50.42635,-29.50732],[-50.42613,-29.50801],[-50.42827,-29.50956],[-50.42799,-29.51053],[-50.42572,-29.51003],[-50.42364,-29.51034],[-50.42327,-29.51168],[-50.42208,-29.51342],[-50.42309,-29.51471],[-50.42318,-29.51789],[-50.42218,-29.51996],[-50.42121,-29.51833],[-50.41874,-29.51736],[-50.41873,-29.51885],[-50.41752,-29.51955],[-50.41442,-29.51902],[-50.41259,-29.51908],[-50.41144,-29.51838],[-50.40986,-29.51914],[-50.40668,-29.51875],[-50.40612,-29.5189],[-50.40466,-29.51794],[-50.40461,-29.51669],[-50.40386,-29.51599],[-50.40088,-29.51512],[-50.39967,-29.51496],[-50.39889,-29.51405],[-50.39813,-29.51488],[-50.39663,-29.5149],[-50.39688,-29.51367],[-50.39646,-29.51307],[-50.3949,-29.51293],[-50.39379,-29.51327],[-50.39102,-29.51212],[-50.39063,-29.51134],[-50.38859,-29.51085],[-50.38602,-29.50975],[-50.38461,-29.51048],[-50.38378,-29.50938],[-50.38243,-29.50846],[-50.38149,-29.50838],[-50.38096,-29.50908],[-50.37992,-29.50901],[-50.379,-29.50825],[-50.37864,-29.50725],[-50.37776,-29.50668],[-50.37522,-29.50658],[-50.37483,-29.50607],[-50.37278,-29.50517],[-50.37059,-29.50384],[-50.37033,-29.50133],[-50.37085,-29.50033],[-50.36948,-29.49974],[-50.36943,-29.49883],[-50.36554,-29.49849],[-50.36303,-29.49878],[-50.361,-29.4996],[-50.35728,-29.49868],[-50.35565,-29.49791],[-50.35433,-29.49696],[-50.352,-29.49643],[-50.34938,-29.49501],[-50.34772,-29.49433],[-50.33738,-29.48772],[-50.33508,-29.48546],[-50.33394,-29.4832],[-50.33398,-29.48129],[-50.33519,-29.47993],[-50.33307,-29.4789],[-50.33214,-29.47896],[-50.33112,-29.47834],[-50.32956,-29.47894],[-50.3287,-29.47868],[-50.32745,-29.47724],[-50.32642,-29.47665],[-50.3245,-29.47622],[-50.32366,-29.47559],[-50.32306,-29.47434],[-50.3222,-29.47399],[-50.3204,-29.47419],[-50.31789,-29.47285],[-50.31744,-29.47509],[-50.31691,-29.47535],[-50.31515,-29.47497],[-50.31493,-29.47434],[-50.3158,-29.46965],[-50.31677,-29.46823],[-50.31811,-29.46699],[-50.31796,-29.46451],[-50.31954,-29.4626],[-50.31953,-29.46133],[-50.32,-29.46033],[-50.32142,-29.45958],[-50.32482,-29.46155],[-50.32604,-29.46145],[-50.32715,-29.46093],[-50.32596,-29.45949],[-50.32522,-29.45903],[-50.32316,-29.45876],[-50.3222,-29.45822],[-50.31913,-29.45779],[-50.31567,-29.4581],[-50.31478,-29.45709],[-50.3162,-29.45481],[-50.31663,-29.45299],[-50.31791,-29.45105],[-50.31966,-29.44923],[-50.32055,-29.44738],[-50.32133,-29.44695],[-50.32245,-29.4476],[-50.3232,-29.44653],[-50.32251,-29.44503],[-50.32265,-29.44365],[-50.32324,-29.44263],[-50.3249,-29.44164],[-50.32612,-29.44172],[-50.3255,-29.4405],[-50.32399,-29.44021],[-50.32171,-29.44091],[-50.31986,-29.44118],[-50.31803,-29.44104],[-50.31614,-29.44021],[-50.31398,-29.43828],[-50.31306,-29.43671],[-50.3136,-29.43575],[-50.31322,-29.43515],[-50.31142,-29.43576],[-50.3111,-29.43649],[-50.31141,-29.43777],[-50.3121,-29.43884],[-50.31379,-29.4406],[-50.31441,-29.44188],[-50.31565,-29.44336],[-50.31575,-29.44501],[-50.31488,-29.44527],[-50.31381,-29.44684],[-50.31329,-29.44819],[-50.31105,-29.44937],[-50.31009,-29.44895],[-50.30993,-29.4457],[-50.30919,-29.44468],[-50.30772,-29.44461],[-50.30584,-29.44522],[-50.30283,-29.44766],[-50.30194,-29.44787],[-50.30122,-29.4469],[-50.2998,-29.44651],[-50.2977,-29.44638],[-50.29713,-29.44584],[-50.2974,-29.4431],[-50.29936,-29.44164],[-50.29843,-29.44072],[-50.29627,-29.4416],[-50.29504,-29.44296],[-50.29531,-29.44599],[-50.29653,-29.448],[-50.29638,-29.44962],[-50.29528,-29.45027],[-50.29356,-29.44894],[-50.29258,-29.44655],[-50.29109,-29.44639],[-50.28905,-29.44557],[-50.28887,-29.44596],[-50.29065,-29.44839],[-50.291,-29.44983],[-50.29428,-29.45288],[-50.29647,-29.45467],[-50.29705,-29.4561],[-50.2969,-29.45848],[-50.29548,-29.45958],[-50.29397,-29.45976],[-50.2925,-29.45944],[-50.29073,-29.4578],[-50.28922,-29.45721],[-50.28679,-29.45553],[-50.28513,-29.4537],[-50.28376,-29.45186],[-50.28287,-29.45397],[-50.2831,-29.45466],[-50.28558,-29.45745],[-50.28553,-29.45826],[-50.28341,-29.45852],[-50.28441,-29.45978],[-50.28789,-29.46143],[-50.29152,-29.46371],[-50.29254,-29.4659],[-50.29398,-29.46736],[-50.29357,-29.46831],[-50.29223,-29.46837],[-50.28995,-29.4677],[-50.28591,-29.46557],[-50.28293,-29.46475],[-50.28109,-29.46448],[-50.27485,-29.46296],[-50.27268,-29.46282],[-50.27235,-29.46366],[-50.27275,-29.4645],[-50.27502,-29.46726],[-50.27436,-29.46851],[-50.2729,-29.46779],[-50.27265,-29.46647],[-50.27104,-29.46556],[-50.26939,-29.46513],[-50.26913,-29.46352],[-50.26962,-29.46078],[-50.26927,-29.45972],[-50.26787,-29.45797],[-50.26706,-29.45635],[-50.2671,-29.45461],[-50.26579,-29.45493],[-50.26574,-29.45729],[-50.26651,-29.4591],[-50.26512,-29.45928],[-50.26522,-29.46032],[-50.26652,-29.46284],[-50.26676,-29.46387],[-50.26681,-29.46638],[-50.26784,-29.46863],[-50.26809,-29.47024],[-50.26906,-29.47098],[-50.2693,-29.47171],[-50.26864,-29.4732],[-50.26865,-29.47656],[-50.26946,-29.47752],[-50.27262,-29.47947],[-50.27342,-29.47943],[-50.27346,-29.47801],[-50.27396,-29.47592],[-50.27447,-29.47506],[-50.27644,-29.47379],[-50.27749,-29.47356],[-50.27848,-29.47397],[-50.27884,-29.47667],[-50.2797,-29.47756],[-50.28152,-29.47805],[-50.28405,-29.47797],[-50.28527,-29.4785],[-50.28587,-29.47975],[-50.28635,-29.48259],[-50.28718,-29.48385],[-50.28955,-29.48312],[-50.29101,-29.48354],[-50.29131,-29.48491],[-50.29217,-29.48531],[-50.29436,-29.4853],[-50.29472,-29.48603],[-50.29438,-29.48698],[-50.29462,-29.4881],[-50.29592,-29.49003],[-50.29591,-29.49144],[-50.29553,-29.49213],[-50.29677,-29.49398],[-50.2965,-29.49509],[-50.29484,-29.49499],[-50.29319,-29.49429],[-50.2914,-29.49404],[-50.28985,-29.49601],[-50.28979,-29.49721],[-50.29125,-29.49982],[-50.29301,-29.50099],[-50.29324,-29.5023],[-50.29187,-29.50367],[-50.2924,-29.50555],[-50.2923,-29.50639],[-50.29092,-29.50674],[-50.28904,-29.50624],[-50.28729,-29.50638],[-50.28494,-29.50595],[-50.28086,-29.50596],[-50.27986,-29.50692],[-50.27924,-29.50654],[-50.27892,-29.5033],[-50.2781,-29.50141],[-50.27794,-29.50037],[-50.27839,-29.49774],[-50.27898,-29.49609],[-50.27902,-29.49502],[-50.277,-29.49265],[-50.27672,-29.49101],[-50.27755,-29.49],[-50.27618,-29.48941],[-50.27455,-29.48784],[-50.2741,-29.48601],[-50.27476,-29.48452],[-50.27377,-29.48364],[-50.27263,-29.48462],[-50.27241,-29.48606],[-50.27244,-29.48835],[-50.27224,-29.48982],[-50.27171,-29.49083],[-50.27016,-29.491],[-50.26905,-29.48998],[-50.26742,-29.48952],[-50.2657,-29.48965],[-50.26404,-29.4902],[-50.26407,-29.49241],[-50.26376,-29.49375],[-50.26265,-29.49515],[-50.26073,-29.49609],[-50.25666,-29.49665],[-50.25421,-29.49765],[-50.25178,-29.4999],[-50.25043,-29.4993],[-50.25078,-29.49815],[-50.25061,-29.49627],[-50.25257,-29.49259],[-50.25257,-29.49174],[-50.25136,-29.49101],[-50.25056,-29.49145],[-50.24983,-29.49331],[-50.24722,-29.49462],[-50.24492,-29.49452],[-50.24096,-29.49392],[-50.23958,-29.49405],[-50.23813,-29.49507],[-50.23666,-29.49486],[-50.23631,-29.49357],[-50.23575,-29.49326],[-50.23309,-29.49352],[-50.23134,-29.49436],[-50.22962,-29.4947],[-50.22853,-29.49435],[-50.22696,-29.49269],[-50.2263,-29.49258],[-50.22489,-29.49319],[-50.22389,-29.49442],[-50.22255,-29.49456],[-50.22151,-29.49407],[-50.22013,-29.49276],[-50.21942,-29.49294],[-50.2197,-29.49441],[-50.21941,-29.49536],[-50.21677,-29.49586],[-50.21604,-29.49676],[-50.2135,-29.49689],[-50.2083,-29.49612],[-50.20319,-29.49487],[-50.20118,-29.49504],[-50.1997,-29.49596],[-50.20021,-29.49764],[-50.2019,-29.49747],[-50.20266,-29.49786],[-50.20296,-29.49908],[-50.20441,-29.49952],[-50.2059,-29.49894],[-50.20843,-29.49962],[-50.21021,-29.50041],[-50.21182,-29.50166],[-50.21324,-29.50339],[-50.2141,-29.50494],[-50.21598,-29.50492],[-50.21987,-29.50571],[-50.22166,-29.50649],[-50.22337,-29.5078],[-50.22492,-29.50957],[-50.22612,-29.51014],[-50.22978,-29.51072],[-50.23125,-29.5112],[-50.23175,-29.51217],[-50.23082,-29.51248],[-50.22883,-29.51204],[-50.22664,-29.51246],[-50.22356,-29.51215],[-50.22139,-29.51263],[-50.22003,-29.51263],[-50.21839,-29.5137],[-50.21536,-29.51368],[-50.21417,-29.51487],[-50.2126,-29.51544],[-50.21044,-29.51575],[-50.20998,-29.51385],[-50.20939,-29.51392],[-50.20864,-29.51534],[-50.20743,-29.51574],[-50.2073,-29.51661],[-50.21049,-29.51814],[-50.21043,-29.51902],[-50.20791,-29.51929],[-50.20358,-29.51873],[-50.20258,-29.5184],[-50.20211,-29.51755],[-50.19986,-29.5173],[-50.19843,-29.51641],[-50.19724,-29.51687],[-50.19728,-29.51884],[-50.19778,-29.51967],[-50.19683,-29.52133],[-50.19506,-29.5218],[-50.19265,-29.51962],[-50.19193,-29.5202],[-50.19025,-29.52405],[-50.18926,-29.52476],[-50.18743,-29.52446],[-50.18619,-29.52475],[-50.18583,-29.52593],[-50.18486,-29.52697],[-50.18474,-29.52917],[-50.18498,-29.5307],[-50.1842,-29.53116],[-50.18275,-29.53065],[-50.18221,-29.53094],[-50.18134,-29.53251],[-50.17938,-29.53277],[-50.17775,-29.53239],[-50.17698,-29.53179],[-50.17561,-29.52988],[-50.17463,-29.52967],[-50.17505,-29.53205],[-50.1749,-29.53289],[-50.1739,-29.53336],[-50.17077,-29.53332],[-50.16985,-29.53365],[-50.16801,-29.53513],[-50.1679,-29.5331],[-50.16848,-29.53164],[-50.17077,-29.52874],[-50.17093,-29.52762],[-50.17038,-29.5248],[-50.17042,-29.52332],[-50.17129,-29.52164],[-50.17233,-29.52072],[-50.17351,-29.52079],[-50.17562,-29.52197],[-50.17611,-29.52199],[-50.17784,-29.52027],[-50.17954,-29.51914],[-50.18121,-29.51647],[-50.18363,-29.51415],[-50.18394,-29.51146],[-50.18465,-29.50926],[-50.18468,-29.5066],[-50.18528,-29.50634],[-50.18819,-29.5064],[-50.18921,-29.50562],[-50.18748,-29.50454],[-50.18641,-29.50354],[-50.18437,-29.49887],[-50.18253,-29.49694],[-50.18298,-29.49547],[-50.18193,-29.49464],[-50.17909,-29.49104],[-50.17724,-29.48919],[-50.17746,-29.48882],[-50.18007,-29.48967],[-50.18218,-29.49069],[-50.18227,-29.48985],[-50.17929,-29.48711],[-50.17542,-29.48321],[-50.17497,-29.48243],[-50.17382,-29.48192],[-50.17275,-29.48094],[-50.16866,-29.4779],[-50.16632,-29.4766],[-50.16417,-29.47579],[-50.1622,-29.47531],[-50.15875,-29.47485],[-50.15466,-29.47532],[-50.15163,-29.47581],[-50.151,-29.47446],[-50.1524,-29.47321],[-50.15445,-29.47359],[-50.15506,-29.47338],[-50.15728,-29.47098],[-50.16075,-29.47017],[-50.16186,-29.4691],[-50.16225,-29.46787],[-50.16305,-29.46665],[-50.16312,-29.46545],[-50.16385,-29.4645],[-50.1657,-29.4634],[-50.167,-29.46364],[-50.16787,-29.46555],[-50.16781,-29.46703],[-50.16699,-29.46936],[-50.16694,-29.47032],[-50.16777,-29.47287],[-50.16748,-29.47396],[-50.16853,-29.47452],[-50.17078,-29.47637],[-50.17193,-29.47666],[-50.17494,-29.4765],[-50.17722,-29.47675],[-50.17929,-29.47755],[-50.18117,-29.478],[-50.18289,-29.47782],[-50.18395,-29.47887],[-50.18568,-29.48184],[-50.18641,-29.48275],[-50.18802,-29.48308],[-50.18852,-29.48423],[-50.18746,-29.48749],[-50.18808,-29.48891]]]},"properties":{"codigo":"431820040","name":"Rincão dos Kroeff","population":506,"households":337,"areaKm2":202.0335,"density":2.5}},{"type":"Feature","geometry":{"type":"Polygon","coordinates":[[[-50.1446,-29.27016],[-50.18314,-29.26456],[-50.18366,-29.26345],[-50.18491,-29.26271],[-50.18557,-29.26148],[-50.18739,-29.26138],[-50.18836,-29.2608],[-50.19085,-29.26003],[-50.19199,-29.25906],[-50.19274,-29.25891],[-50.19422,-29.25961],[-50.19605,-29.25927],[-50.19626,-29.2582],[-50.19762,-29.25794],[-50.19845,-29.25727],[-50.19978,-29.25697],[-50.20261,-29.25789],[-50.20349,-29.25877],[-50.20598,-29.25977],[-50.20707,-29.25936],[-50.20928,-29.26094],[-50.21039,-29.26095],[-50.21161,-29.26043],[-50.21272,-29.26229],[-50.21479,-29.26254],[-50.21605,-29.26206],[-50.21936,-29.2621],[-50.22101,-29.26437],[-50.22159,-29.26578],[-50.22291,-29.26575],[-50.2242,-29.26678],[-50.22697,-29.26759],[-50.2297,-29.26871],[-50.23174,-29.26908],[-50.23527,-29.27079],[-50.23702,-29.27132],[-50.2395,-29.27236],[-50.24149,-29.27285],[-50.24308,-29.27401],[-50.24476,-29.27433],[-50.2461,-29.27384],[-50.24763,-29.27413],[-50.24637,-29.27584],[-50.24799,-29.27562],[-50.24906,-29.27673],[-50.25086,-29.27582],[-50.25342,-29.27604],[-50.25485,-29.27672],[-50.25708,-29.27738],[-50.25758,-29.27892],[-50.25668,-29.27992],[-50.25804,-29.28038],[-50.2578,-29.28127],[-50.25976,-29.28177],[-50.26186,-29.2811],[-50.26323,-29.28114],[-50.26387,-29.28156],[-50.26391,-29.28254],[-50.26336,-29.28401],[-50.26499,-29.28504],[-50.26662,-29.28747],[-50.26709,-29.28888],[-50.26693,-29.2898],[-50.26836,-29.29057],[-50.2685,-29.29109],[-50.27032,-29.29087],[-50.27093,-29.28968],[-50.27204,-29.28896],[-50.27284,-29.28779],[-50.27563,-29.28747],[-50.27664,-29.28818],[-50.27682,-29.28907],[-50.27797,-29.29027],[-50.27889,-29.29063],[-50.27996,-29.29017],[-50.28266,-29.28969],[-50.28415,-29.29064],[-50.28517,-29.2905],[-50.2865,-29.29223],[-50.28604,-29.29382],[-50.28703,-29.29555],[-50.28828,-29.29557],[-50.28855,-29.29491],[-50.28996,-29.2949],[-50.29194,-29.29273],[-50.29352,-29.29206],[-50.29557,-29.29162],[-50.29658,-29.2924],[-50.29831,-29.29312],[-50.29866,-29.29396],[-50.30076,-29.29328],[-50.30141,-29.29084],[-50.30069,-29.29014],[-50.301,-29.28949],[-50.29998,-29.28786],[-50.29994,-29.28684],[-50.30182,-29.28502],[-50.30269,-29.28499],[-50.30322,-29.28337],[-50.30198,-29.28182],[-50.29948,-29.27984],[-50.29827,-29.2792],[-50.29743,-29.27819],[-50.29792,-29.27721],[-50.29979,-29.27612],[-50.30152,-29.27623],[-50.30264,-29.27531],[-50.30279,-29.27445],[-50.30399,-29.27304],[-50.30374,-29.27072],[-50.30432,-29.27029],[-50.30747,-29.27153],[-50.30877,-29.27146],[-50.30839,-29.27011],[-50.309,-29.26875],[-50.30954,-29.26845],[-50.31106,-29.26902],[-50.31301,-29.2693],[-50.31431,-29.2691],[-50.31478,-29.26856],[-50.31498,-29.26711],[-50.31495,-29.2638],[-50.31547,-29.26282],[-50.31567,-29.26097],[-50.31556,-29.25923],[-50.31613,-29.25838],[-50.31753,-29.25792],[-50.3189,-29.25672],[-50.32309,-29.25703],[-50.32485,-29.2579],[-50.327,-29.25752],[-50.32725,-29.25646],[-50.32829,-29.25595],[-50.32644,-29.25453],[-50.32599,-29.25312],[-50.32537,-29.2525],[-50.325,-29.25127],[-50.3261,-29.25028],[-50.32559,-29.24919],[-50.32861,-29.24743],[-50.32962,-29.24568],[-50.33031,-29.24304],[-50.33185,-29.24283],[-50.332,-29.24175],[-50.33274,-29.24032],[-50.33263,-29.23947],[-50.32965,-29.23565],[-50.32898,-29.2341],[-50.32692,-29.22568],[-50.32589,-29.22479],[-50.32445,-29.22187],[-50.32497,-29.22055],[-50.32664,-29.2207],[-50.32815,-29.2205],[-50.32965,-29.22292],[-50.33174,-29.22348],[-50.33315,-29.22419],[-50.33363,-29.22399],[-50.33429,-29.22208],[-50.33252,-29.22075],[-50.332,-29.21974],[-50.33014,-29.21873],[-50.3303,-29.21778],[-50.33157,-29.21542],[-50.33275,-29.21256],[-50.33502,-29.21298],[-50.33619,-29.21266],[-50.33937,-29.20939],[-50.33971,-29.20824],[-50.34098,-29.20585],[-50.34283,-29.20435],[-50.34321,-29.20273],[-50.34287,-29.20095],[-50.34557,-29.19778],[-50.347,-29.19673],[-50.34857,-29.19609],[-50.34985,-29.19485],[-50.35336,-29.19252],[-50.3553,-29.19167],[-50.35687,-29.19046],[-50.35759,-29.18905],[-50.35707,-29.1869],[-50.35763,-29.18508],[-50.35746,-29.18302],[-50.35633,-29.18087],[-50.35652,-29.17968],[-50.35895,-29.1766],[-50.35942,-29.17543],[-50.35939,-29.17438],[-50.35987,-29.17306],[-50.36016,-29.17104],[-50.35997,-29.17024],[-50.35824,-29.16882],[-50.35833,-29.16799],[-50.35912,-29.16743],[-50.36005,-29.16411],[-50.35984,-29.16311],[-50.35701,-29.15939],[-50.35592,-29.15667],[-50.35634,-29.15612],[-50.35778,-29.15588],[-50.35925,-29.15528],[-50.36168,-29.15386],[-50.36223,-29.15282],[-50.3591,-29.15116],[-50.35747,-29.14936],[-50.35604,-29.14918],[-50.35462,-29.14854],[-50.35416,-29.14779],[-50.35444,-29.14511],[-50.35386,-29.14397],[-50.35394,-29.14217],[-50.35341,-29.14106],[-50.35143,-29.1396],[-50.35104,-29.1385],[-50.35131,-29.13755],[-50.3524,-29.13655],[-50.35527,-29.13617],[-50.35717,-29.1362],[-50.35854,-29.13701],[-50.36002,-29.1372],[-50.36098,-29.13814],[-50.36203,-29.13821],[-50.36422,-29.13749],[-50.3657,-29.1366],[-50.36628,-29.13518],[-50.36566,-29.13432],[-50.36532,-29.13167],[-50.36431,-29.13014],[-50.36158,-29.12819],[-50.35962,-29.12727],[-50.35738,-29.12662],[-50.35631,-29.12596],[-50.35593,-29.12489],[-50.35609,-29.12357],[-50.35685,-29.12196],[-50.35763,-29.12098],[-50.3581,-29.11971],[-50.35766,-29.11864],[-50.35753,-29.11707],[-50.35882,-29.11528],[-50.36131,-29.11329],[-50.36358,-29.11248],[-50.36592,-29.11241],[-50.36776,-29.11142],[-50.368,-29.11049],[-50.36608,-29.10615],[-50.36676,-29.10445],[-50.37133,-29.10712],[-50.37324,-29.10741],[-50.37647,-29.1087],[-50.3776,-29.1095],[-50.37989,-29.11002],[-50.38196,-29.11101],[-50.38328,-29.11128],[-50.38927,-29.11338],[-50.39048,-29.11391],[-50.39165,-29.11395],[-50.39292,-29.11502],[-50.39533,-29.11598],[-50.39661,-29.11587],[-50.39914,-29.117],[-50.4008,-29.11725],[-50.40214,-29.11869],[-50.40333,-29.11861],[-50.4051,-29.11948],[-50.40788,-29.12022],[-50.40889,-29.12003],[-50.40967,-29.11925],[-50.4112,-29.11891],[-50.41345,-29.12003],[-50.41427,-29.12171],[-50.41596,-29.12274],[-50.41638,-29.12341],[-50.41949,-29.12643],[-50.42017,-29.12831],[-50.42264,-29.13039],[-50.42706,-29.13289],[-50.42797,-29.13257],[-50.42844,-29.13149],[-50.43216,-29.13185],[-50.43458,-29.13161],[-50.43515,-29.13054],[-50.43686,-29.13049],[-50.43765,-29.13142],[-50.43957,-29.13183],[-50.43978,-29.13085],[-50.44069,-29.13053],[-50.44202,-29.12878],[-50.44389,-29.12924],[-50.44393,-29.13148],[-50.44327,-29.13364],[-50.44299,-29.13585],[-50.44209,-29.14029],[-50.44225,-29.14157],[-50.44439,-29.14791],[-50.44458,-29.15009],[-50.44364,-29.15488],[-50.44372,-29.15608],[-50.44425,-29.15695],[-50.44532,-29.15769],[-50.44845,-29.15926],[-50.45363,-29.16263],[-50.45737,-29.16608],[-50.45768,-29.16696],[-50.45741,-29.16965],[-50.45784,-29.17215],[-50.461,-29.18029],[-50.46679,-29.20055],[-50.46723,-29.20166],[-50.47004,-29.20622],[-50.47056,-29.21154],[-50.4706,-29.21301],[-50.47029,-29.21784],[-50.47169,-29.23193],[-50.47194,-29.2338],[-50.47279,-29.2428],[-50.47275,-29.24388],[-50.4716,-29.24979],[-50.47132,-29.25635],[-50.47177,-29.25761],[-50.47286,-29.2586],[-50.4774,-29.26166],[-50.48109,-29.27108],[-50.48388,-29.27645],[-50.48696,-29.28071],[-50.48715,-29.28154],[-50.48706,-29.28567],[-50.48785,-29.29261],[-50.48755,-29.2946],[-50.48754,-29.29825],[-50.48771,-29.29961],[-50.48832,-29.30048],[-50.48589,-29.30284],[-50.48101,-29.30568],[-50.4762,-29.30997],[-50.46937,-29.31416],[-50.46872,-29.31501],[-50.46744,-29.31788],[-50.46558,-29.31953],[-50.46495,-29.32054],[-50.46297,-29.32198],[-50.46023,-29.32501],[-50.4582,-29.32582],[-50.45731,-29.32551],[-50.45518,-29.3237],[-50.45342,-29.32298],[-50.45206,-29.32187],[-50.4509,-29.32137],[-50.44749,-29.32208],[-50.44558,-29.32195],[-50.44027,-29.32218],[-50.43875,-29.32308],[-50.438,-29.3231],[-50.43176,-29.32387],[-50.42981,-29.32395],[-50.42528,-29.32447],[-50.42073,-29.324],[-50.41873,-29.32482],[-50.41593,-29.3253],[-50.41362,-29.32779],[-50.40952,-29.32962],[-50.40602,-29.33052],[-50.39964,-29.33269],[-50.39646,-29.33529],[-50.39569,-29.33576],[-50.4,-29.34072],[-50.399,-29.34263],[-50.39562,-29.34337],[-50.39376,-29.34428],[-50.39187,-29.34552],[-50.38963,-29.34746],[-50.38758,-29.34813],[-50.38667,-29.34801],[-50.38612,-29.34867],[-50.38612,-29.34988],[-50.38551,-29.35079],[-50.38534,-29.35251],[-50.38488,-29.35374],[-50.37978,-29.35588],[-50.37865,-29.36053],[-50.37744,-29.36105],[-50.37192,-29.36269],[-50.37221,-29.3644],[-50.37229,-29.36789],[-50.37131,-29.36935],[-50.37153,-29.37082],[-50.36883,-29.37312],[-50.36706,-29.37529],[-50.36634,-29.37757],[-50.36758,-29.38027],[-50.3674,-29.3812],[-50.36796,-29.38271],[-50.36785,-29.38452],[-50.36705,-29.38538],[-50.36737,-29.38688],[-50.36733,-29.38839],[-50.36886,-29.39169],[-50.37069,-29.39502],[-50.3693,-29.39524],[-50.36731,-29.39605],[-50.36552,-29.39765],[-50.36304,-29.39909],[-50.3618,-29.40174],[-50.36158,-29.40324],[-50.35945,-29.40885],[-50.35882,-29.41006],[-50.35388,-29.40999],[-50.35004,-29.40806],[-50.34573,-29.40496],[-50.33663,-29.40184],[-50.33237,-29.40184],[-50.33055,-29.40238],[-50.32929,-29.40245],[-50.32734,-29.40062],[-50.32691,-29.39891],[-50.32415,-29.399],[-50.32104,-29.39763],[-50.31894,-29.39605],[-50.31812,-29.39457],[-50.31709,-29.39428],[-50.31485,-29.39436],[-50.31422,-29.39481],[-50.31258,-29.39485],[-50.31004,-29.39353],[-50.30865,-29.39341],[-50.30407,-29.39621],[-50.30167,-29.39871],[-50.29822,-29.40024],[-50.29535,-29.40281],[-50.29377,-29.40392],[-50.29319,-29.40542],[-50.29122,-29.40576],[-50.28954,-29.4047],[-50.28824,-29.40586],[-50.28636,-29.40706],[-50.28611,-29.40782],[-50.28292,-29.4107],[-50.279,-29.41223],[-50.2778,-29.41295],[-50.2767,-29.41564],[-50.27537,-29.41694],[-50.2743,-29.41886],[-50.27179,-29.41899],[-50.27152,-29.41997],[-50.27206,-29.42089],[-50.27096,-29.42184],[-50.26981,-29.42197],[-50.26799,-29.4228],[-50.26764,-29.42435],[-50.26512,-29.42533],[-50.2615,-29.42728],[-50.26069,-29.42838],[-50.25893,-29.42936],[-50.2571,-29.42994],[-50.25619,-29.43106],[-50.2547,-29.43126],[-50.25243,-29.43084],[-50.24948,-29.4315],[-50.24873,-29.43219],[-50.24777,-29.43203],[-50.24703,-29.43321],[-50.24671,-29.4363],[-50.24499,-29.43871],[-50.24429,-29.4408],[-50.24228,-29.446],[-50.24244,-29.44672],[-50.24172,-29.44741],[-50.23996,-29.44756],[-50.23942,-29.44954],[-50.23797,-29.45115],[-50.23642,-29.45124],[-50.2354,-29.45088],[-50.23338,-29.45186],[-50.23254,-29.45288],[-50.23221,-29.4555],[-50.23271,-29.45675],[-50.23394,-29.45855],[-50.23488,-29.45924],[-50.23604,-29.461],[-50.23766,-29.4624],[-50.23809,-29.46309],[-50.23808,-29.46471],[-50.23685,-29.46621],[-50.23655,-29.46818],[-50.23438,-29.46962],[-50.23376,-29.47195],[-50.23325,-29.47284],[-50.23268,-29.4758],[-50.23236,-29.47645],[-50.22909,-29.48078],[-50.2281,-29.48186],[-50.22757,-29.48313],[-50.22671,-29.48406],[-50.2264,-29.48536],[-50.2258,-29.48607],[-50.22362,-29.48671],[-50.22196,-29.48657],[-50.21976,-29.48698],[-50.21456,-29.48392],[-50.21193,-29.48392],[-50.21062,-29.48412],[-50.20843,-29.48684],[-50.20831,-29.48799],[-50.20517,-29.48892],[-50.20277,-29.48908],[-50.20216,-29.48872],[-50.20089,-29.48908],[-50.1987,-29.4888],[-50.19658,-29.48964],[-50.19447,-29.49085],[-50.19276,-29.49128],[-50.19112,-29.49096],[-50.19018,-29.49112],[-50.18967,-29.49029],[-50.18968,-29.48928],[-50.18792,-29.49],[-50.18808,-29.48891],[-50.18903,-29.48835],[-50.19068,-29.48615],[-50.19141,-29.48554],[-50.19382,-29.4843],[-50.19757,-29.48453],[-50.19899,-29.4842],[-50.2007,-29.48282],[-50.20079,-29.48218],[-50.19947,-29.4806],[-50.19893,-29.47864],[-50.20123,-29.47761],[-50.20278,-29.47754],[-50.20554,-29.47792],[-50.20762,-29.47773],[-50.21043,-29.47804],[-50.21243,-29.47718],[-50.21337,-29.47704],[-50.21453,-29.47757],[-50.21784,-29.48081],[-50.21883,-29.48149],[-50.21963,-29.4796],[-50.2192,-29.47728],[-50.21722,-29.47634],[-50.21553,-29.47645],[-50.21387,-29.47453],[-50.21064,-29.47293],[-50.21077,-29.47172],[-50.20819,-29.47108],[-50.20695,-29.47046],[-50.20564,-29.46867],[-50.20436,-29.46651],[-50.20421,-29.46442],[-50.20374,-29.46312],[-50.2067,-29.4629],[-50.20693,-29.46219],[-50.20535,-29.46071],[-50.20487,-29.45922],[-50.20505,-29.45715],[-50.20411,-29.45574],[-50.20327,-29.45513],[-50.20423,-29.45433],[-50.20513,-29.45502],[-50.20664,-29.45701],[-50.20736,-29.45888],[-50.20786,-29.45944],[-50.21163,-29.46065],[-50.21229,-29.46008],[-50.21155,-29.45901],[-50.21007,-29.4577],[-50.20969,-29.45609],[-50.20938,-29.45286],[-50.20948,-29.45173],[-50.21067,-29.45121],[-50.21208,-29.45114],[-50.21584,-29.45238],[-50.21644,-29.45152],[-50.21219,-29.44859],[-50.21107,-29.44738],[-50.21075,-29.44459],[-50.20726,-29.44346],[-50.20597,-29.44246],[-50.20635,-29.44151],[-50.20987,-29.44202],[-50.21298,-29.44176],[-50.21387,-29.44081],[-50.21499,-29.44048],[-50.21644,-29.44124],[-50.21832,-29.44264],[-50.22091,-29.44553],[-50.22158,-29.44717],[-50.22274,-29.44888],[-50.22362,-29.45081],[-50.22528,-29.45151],[-50.22509,-29.44951],[-50.22415,-29.44612],[-50.22334,-29.44446],[-50.22368,-29.44385],[-50.23077,-29.44386],[-50.23106,-29.4429],[-50.23006,-29.44239],[-50.22769,-29.44246],[-50.22583,-29.44182],[-50.22405,-29.44157],[-50.22442,-29.44083],[-50.22583,-29.44081],[-50.22644,-29.43954],[-50.22309,-29.43515],[-50.22193,-29.43303],[-50.22272,-29.43138],[-50.22424,-29.43087],[-50.22717,-29.43231],[-50.22774,-29.43298],[-50.22833,-29.43535],[-50.23027,-29.43503],[-50.23133,-29.43563],[-50.23221,-29.43457],[-50.23107,-29.43386],[-50.23099,-29.43313],[-50.2326,-29.43142],[-50.23521,-29.4304],[-50.23439,-29.4288],[-50.23562,-29.42812],[-50.23791,-29.42789],[-50.23969,-29.4274],[-50.24079,-29.42681],[-50.23984,-29.42561],[-50.23995,-29.42463],[-50.23859,-29.4234],[-50.23905,-29.42251],[-50.23983,-29.42244],[-50.24098,-29.42317],[-50.2429,-29.42306],[-50.24366,-29.4224],[-50.24283,-29.42047],[-50.24291,-29.41963],[-50.24433,-29.41877],[-50.24519,-29.41759],[-50.24744,-29.41661],[-50.24841,-29.41561],[-50.24911,-29.41245],[-50.24969,-29.4118],[-50.24926,-29.41102],[-50.2472,-29.41121],[-50.24636,-29.41061],[-50.24598,-29.40933],[-50.24677,-29.40737],[-50.24629,-29.40725],[-50.244,-29.40824],[-50.24423,-29.41037],[-50.24555,-29.41235],[-50.24478,-29.4134],[-50.2433,-29.41355],[-50.24298,-29.41414],[-50.24371,-29.41488],[-50.24305,-29.41595],[-50.2414,-29.41665],[-50.23976,-29.41643],[-50.2363,-29.41319],[-50.23401,-29.41325],[-50.23249,-29.41481],[-50.23309,-29.41573],[-50.23449,-29.41573],[-50.23588,-29.41613],[-50.23671,-29.41702],[-50.23637,-29.41757],[-50.23429,-29.41695],[-50.23327,-29.41703],[-50.23243,-29.41762],[-50.23117,-29.41749],[-50.22999,-29.41657],[-50.22819,-29.41684],[-50.22628,-29.41679],[-50.22464,-29.41736],[-50.22242,-29.4168],[-50.22157,-29.41557],[-50.22114,-29.41402],[-50.22028,-29.41331],[-50.21649,-29.41262],[-50.21561,-29.41214],[-50.21205,-29.41146],[-50.21116,-29.41107],[-50.21172,-29.41018],[-50.21461,-29.41083],[-50.21605,-29.41022],[-50.21838,-29.40982],[-50.21961,-29.40895],[-50.2208,-29.40891],[-50.22212,-29.4099],[-50.22311,-29.40945],[-50.22308,-29.40814],[-50.22008,-29.40666],[-50.21983,-29.40582],[-50.22177,-29.40537],[-50.22309,-29.40358],[-50.22298,-29.40183],[-50.22451,-29.40125],[-50.22392,-29.40052],[-50.22126,-29.40189],[-50.22014,-29.4022],[-50.21851,-29.40212],[-50.21462,-29.40008],[-50.21327,-29.3988],[-50.21404,-29.39563],[-50.21232,-29.39497],[-50.21082,-29.39482],[-50.20998,-29.39419],[-50.20955,-29.39314],[-50.21052,-29.39262],[-50.2124,-29.39324],[-50.21293,-29.39376],[-50.21462,-29.39335],[-50.21674,-29.39213],[-50.21688,-29.39081],[-50.21736,-29.39025],[-50.22004,-29.38944],[-50.22601,-29.39115],[-50.22713,-29.39174],[-50.22781,-29.39306],[-50.23086,-29.39391],[-50.2352,-29.39418],[-50.23662,-29.39526],[-50.2379,-29.39576],[-50.23977,-29.39585],[-50.24007,-29.39514],[-50.23785,-29.3941],[-50.23724,-29.39249],[-50.23801,-29.39186],[-50.24141,-29.39045],[-50.2419,-29.38882],[-50.24305,-29.38771],[-50.24331,-29.38623],[-50.24431,-29.38552],[-50.24406,-29.38473],[-50.24299,-29.3847],[-50.24202,-29.38415],[-50.24225,-29.38299],[-50.24098,-29.38242],[-50.24037,-29.38297],[-50.24128,-29.38466],[-50.24126,-29.38557],[-50.24034,-29.38648],[-50.23818,-29.38699],[-50.23644,-29.38819],[-50.23524,-29.38844],[-50.23296,-29.38554],[-50.23349,-29.38374],[-50.23271,-29.38324],[-50.23162,-29.37977],[-50.23245,-29.37916],[-50.23344,-29.37907],[-50.23692,-29.38016],[-50.239,-29.38016],[-50.23996,-29.37982],[-50.2419,-29.37981],[-50.24288,-29.3794],[-50.24201,-29.37842],[-50.23958,-29.37835],[-50.23834,-29.37748],[-50.23898,-29.37655],[-50.238,-29.37504],[-50.23912,-29.37452],[-50.23969,-29.3751],[-50.24141,-29.37513],[-50.24294,-29.37695],[-50.24444,-29.37794],[-50.24494,-29.37875],[-50.24459,-29.38089],[-50.24519,-29.38185],[-50.24712,-29.38234],[-50.24777,-29.38103],[-50.2497,-29.38032],[-50.24999,-29.37896],[-50.24804,-29.37774],[-50.24711,-29.37593],[-50.24507,-29.37419],[-50.24526,-29.37315],[-50.24675,-29.37396],[-50.24764,-29.37387],[-50.24865,-29.37264],[-50.2481,-29.37112],[-50.24682,-29.37071],[-50.24482,-29.37075],[-50.24305,-29.36988],[-50.24182,-29.36884],[-50.24108,-29.36723],[-50.23946,-29.36565],[-50.23913,-29.3638],[-50.23824,-29.36159],[-50.23912,-29.36103],[-50.24081,-29.36116],[-50.24369,-29.36226],[-50.24548,-29.36215],[-50.24575,-29.3616],[-50.24425,-29.35974],[-50.24345,-29.35817],[-50.24223,-29.35746],[-50.23999,-29.35565],[-50.23911,-29.35469],[-50.23917,-29.35371],[-50.24075,-29.35378],[-50.24277,-29.35243],[-50.24506,-29.3521],[-50.24607,-29.35236],[-50.24698,-29.35174],[-50.24541,-29.35045],[-50.24309,-29.34935],[-50.24109,-29.34816],[-50.23931,-29.34809],[-50.23831,-29.3473],[-50.23852,-29.34633],[-50.24037,-29.34652],[-50.24304,-29.34483],[-50.24479,-29.34466],[-50.2466,-29.34568],[-50.24769,-29.34583],[-50.24902,-29.34547],[-50.24982,-29.34391],[-50.24962,-29.34294],[-50.25,-29.34124],[-50.25165,-29.34091],[-50.2517,-29.34046],[-50.24985,-29.33991],[-50.24816,-29.34023],[-50.24694,-29.34002],[-50.24641,-29.33937],[-50.24692,-29.33828],[-50.24845,-29.33683],[-50.24968,-29.33499],[-50.25142,-29.33462],[-50.25056,-29.33368],[-50.24962,-29.33208],[-50.24925,-29.33036],[-50.24783,-29.33114],[-50.2464,-29.33237],[-50.244,-29.33507],[-50.24194,-29.33606],[-50.23993,-29.33542],[-50.23979,-29.33656],[-50.23903,-29.33699],[-50.23646,-29.33657],[-50.23559,-29.33587],[-50.23478,-29.33455],[-50.23217,-29.33654],[-50.23093,-29.33662],[-50.22763,-29.33469],[-50.22624,-29.33411],[-50.22213,-29.33081],[-50.22107,-29.32963],[-50.22055,-29.3281],[-50.21921,-29.32808],[-50.21651,-29.32619],[-50.21621,-29.3266],[-50.21785,-29.32887],[-50.21891,-29.33201],[-50.22023,-29.33425],[-50.2206,-29.33678],[-50.22249,-29.33983],[-50.22245,-29.34135],[-50.22106,-29.34216],[-50.22005,-29.34191],[-50.21868,-29.34063],[-50.21693,-29.34027],[-50.21543,-29.33876],[-50.21613,-29.33663],[-50.2152,-29.33617],[-50.2154,-29.33522],[-50.21488,-29.334],[-50.21527,-29.33261],[-50.21367,-29.33283],[-50.21294,-29.33431],[-50.21139,-29.33377],[-50.21021,-29.33293],[-50.20913,-29.33131],[-50.2081,-29.33077],[-50.20612,-29.33023],[-50.20573,-29.33102],[-50.2069,-29.33222],[-50.20624,-29.33317],[-50.20623,-29.3344],[-50.20732,-29.33631],[-50.20765,-29.33815],[-50.20614,-29.33802],[-50.20465,-29.3387],[-50.20177,-29.33758],[-50.20011,-29.33805],[-50.20145,-29.33891],[-50.20092,-29.33963],[-50.19796,-29.3388],[-50.1974,-29.3397],[-50.198,-29.34115],[-50.19754,-29.34168],[-50.19527,-29.34142],[-50.1935,-29.34218],[-50.1922,-29.34128],[-50.19177,-29.34182],[-50.19251,-29.34306],[-50.19384,-29.34336],[-50.19415,-29.34444],[-50.1929,-29.34631],[-50.19325,-29.34767],[-50.19527,-29.34873],[-50.19454,-29.35109],[-50.19454,-29.35236],[-50.19589,-29.35275],[-50.1972,-29.35354],[-50.19848,-29.35289],[-50.19928,-29.35294],[-50.19994,-29.35433],[-50.20186,-29.35455],[-50.20231,-29.35553],[-50.20418,-29.35646],[-50.2033,-29.35816],[-50.20359,-29.35879],[-50.20511,-29.35888],[-50.20737,-29.36142],[-50.20635,-29.36192],[-50.20161,-29.36156],[-50.1998,-29.36172],[-50.19908,-29.36257],[-50.20213,-29.3645],[-50.20395,-29.36633],[-50.20366,-29.36759],[-50.20185,-29.36735],[-50.1995,-29.36792],[-50.19691,-29.36754],[-50.19572,-29.36777],[-50.19506,-29.36664],[-50.19519,-29.36463],[-50.19469,-29.36341],[-50.19404,-29.36298],[-50.19232,-29.36265],[-50.18995,-29.36096],[-50.18859,-29.36025],[-50.18858,-29.35864],[-50.18741,-29.35829],[-50.18649,-29.35734],[-50.18592,-29.35749],[-50.18504,-29.35953],[-50.18548,-29.3623],[-50.18617,-29.36378],[-50.18611,-29.36463],[-50.18492,-29.36513],[-50.18294,-29.36475],[-50.18226,-29.36227],[-50.18117,-29.36091],[-50.17972,-29.35984],[-50.17874,-29.35788],[-50.17886,-29.35547],[-50.17826,-29.35451],[-50.17607,-29.35354],[-50.17375,-29.35287],[-50.17363,-29.35152],[-50.17584,-29.35063],[-50.17565,-29.34986],[-50.17361,-29.34852],[-50.17203,-29.34709],[-50.17145,-29.34613],[-50.17022,-29.34501],[-50.16792,-29.34435],[-50.16655,-29.34303],[-50.16536,-29.34388],[-50.16471,-29.3436],[-50.16387,-29.34213],[-50.16204,-29.34118],[-50.16063,-29.33944],[-50.15871,-29.3391],[-50.15723,-29.33787],[-50.15556,-29.33735],[-50.15533,-29.33782],[-50.15621,-29.33918],[-50.15556,-29.33975],[-50.15402,-29.33911],[-50.15096,-29.34019],[-50.14803,-29.34007],[-50.1462,-29.33933],[-50.14558,-29.33967],[-50.14355,-29.33949],[-50.14247,-29.33866],[-50.14054,-29.33852],[-50.13719,-29.33902],[-50.13565,-29.33787],[-50.13478,-29.33539],[-50.13372,-29.33534],[-50.13089,-29.3365],[-50.12913,-29.33641],[-50.12742,-29.33534],[-50.12562,-29.33559],[-50.12264,-29.33516],[-50.12019,-29.3343],[-50.1192,-29.33561],[-50.11795,-29.3363],[-50.11641,-29.33587],[-50.1156,-29.33509],[-50.11573,-29.33399],[-50.11757,-29.33308],[-50.11712,-29.33071],[-50.11797,-29.32895],[-50.11789,-29.3269],[-50.11859,-29.32613],[-50.12006,-29.32573],[-50.1185,-29.32412],[-50.11619,-29.3258],[-50.1158,-29.3276],[-50.11505,-29.32771],[-50.11322,-29.3268],[-50.11232,-29.32745],[-50.11272,-29.32906],[-50.11195,-29.33015],[-50.11072,-29.33021],[-50.10926,-29.32924],[-50.10744,-29.32883],[-50.10576,-29.32803],[-50.10555,-29.32949],[-50.10682,-29.33259],[-50.10802,-29.33466],[-50.10782,-29.33565],[-50.10658,-29.33613],[-50.1053,-29.33575],[-50.10401,-29.33487],[-50.10165,-29.33266],[-50.09914,-29.33415],[-50.09827,-29.33443],[-50.0965,-29.33432],[-50.09462,-29.33376],[-50.09365,-29.33418],[-50.09206,-29.33401],[-50.08843,-29.33263],[-50.0868,-29.33244],[-50.08629,-29.33284],[-50.08864,-29.33502],[-50.08982,-29.3377],[-50.09135,-29.33954],[-50.09162,-29.34069],[-50.09079,-29.3423],[-50.08993,-29.34246],[-50.08862,-29.34196],[-50.0873,-29.34186],[-50.08589,-29.34236],[-50.08579,-29.34295],[-50.08701,-29.34352],[-50.08824,-29.34527],[-50.08832,-29.34594],[-50.08725,-29.34694],[-50.08544,-29.34676],[-50.0832,-29.3479],[-50.08421,-29.34945],[-50.08362,-29.35011],[-50.08202,-29.35092],[-50.08228,-29.3519],[-50.07895,-29.35282],[-50.07795,-29.35257],[-50.07627,-29.35448],[-50.07747,-29.3547],[-50.07746,-29.35601],[-50.07561,-29.35601],[-50.07513,-29.35662],[-50.0752,-29.35847],[-50.07335,-29.35938],[-50.07237,-29.35926],[-50.07104,-29.36003],[-50.07076,-29.36094],[-50.07,-29.36136],[-50.06716,-29.36159],[-50.06665,-29.36118],[-50.06522,-29.36314],[-50.06316,-29.36387],[-50.06205,-29.3637],[-50.06013,-29.3648],[-50.0546,-29.35887],[-50.05389,-29.35769],[-50.05285,-29.35693],[-50.05004,-29.35637],[-50.04731,-29.35555],[-50.04464,-29.35448],[-50.04216,-29.35325],[-50.041,-29.35507],[-50.04069,-29.35361],[-50.03968,-29.35149],[-50.03861,-29.34984],[-50.03813,-29.34817],[-50.03851,-29.34725],[-50.04236,-29.34476],[-50.04423,-29.34269],[-50.04678,-29.34036],[-50.04901,-29.33942],[-50.05095,-29.33906],[-50.05268,-29.33963],[-50.05577,-29.34137],[-50.05819,-29.34363],[-50.05947,-29.34422],[-50.06001,-29.34384],[-50.05951,-29.3412],[-50.05833,-29.34032],[-50.05665,-29.34015],[-50.05725,-29.33909],[-50.06025,-29.33997],[-50.0626,-29.34123],[-50.0654,-29.34163],[-50.06795,-29.34251],[-50.06853,-29.34216],[-50.06616,-29.33907],[-50.0651,-29.33979],[-50.06213,-29.33799],[-50.06111,-29.33779],[-50.06049,-29.33854],[-50.0598,-29.3371],[-50.05971,-29.3358],[-50.0602,-29.33535],[-50.06648,-29.33551],[-50.06606,-29.33449],[-50.06502,-29.3333],[-50.06303,-29.33197],[-50.06121,-29.33154],[-50.05834,-29.33],[-50.05818,-29.32757],[-50.06177,-29.32771],[-50.06577,-29.32899],[-50.06853,-29.32945],[-50.07101,-29.32949],[-50.07213,-29.3291],[-50.0729,-29.32834],[-50.07447,-29.3282],[-50.07012,-29.3257],[-50.06565,-29.32283],[-50.0665,-29.32207],[-50.06726,-29.3228],[-50.07228,-29.3247],[-50.07362,-29.32477],[-50.07462,-29.32437],[-50.07223,-29.32096],[-50.07362,-29.32114],[-50.07442,-29.3219],[-50.07617,-29.3226],[-50.07833,-29.3227],[-50.07806,-29.32146],[-50.07956,-29.3212],[-50.08164,-29.32197],[-50.08134,-29.32102],[-50.08379,-29.32238],[-50.08541,-29.32352],[-50.08775,-29.32432],[-50.08858,-29.32323],[-50.08827,-29.32155],[-50.087,-29.32051],[-50.08579,-29.31803],[-50.08529,-29.31589],[-50.08522,-29.31447],[-50.08676,-29.31479],[-50.08756,-29.31461],[-50.08897,-29.31351],[-50.09028,-29.31197],[-50.09023,-29.31114],[-50.09149,-29.31076],[-50.09437,-29.3115],[-50.09918,-29.31143],[-50.10174,-29.31084],[-50.10357,-29.30987],[-50.10362,-29.30739],[-50.1044,-29.30697],[-50.10567,-29.30724],[-50.1083,-29.30657],[-50.11052,-29.30569],[-50.11126,-29.306],[-50.11249,-29.30575],[-50.11291,-29.30509],[-50.11253,-29.30397],[-50.10736,-29.30127],[-50.1064,-29.30067],[-50.10523,-29.29936],[-50.10574,-29.29834],[-50.10724,-29.29825],[-50.10846,-29.29853],[-50.11415,-29.29917],[-50.11632,-29.29892],[-50.11783,-29.29782],[-50.11906,-29.29756],[-50.12005,-29.29667],[-50.11894,-29.29357],[-50.11711,-29.2918],[-50.11943,-29.28989],[-50.12209,-29.28839],[-50.1237,-29.28717],[-50.1242,-29.28606],[-50.12365,-29.28532],[-50.12274,-29.28513],[-50.12233,-29.28431],[-50.12301,-29.28197],[-50.12619,-29.28127],[-50.12774,-29.28173],[-50.12844,-29.28406],[-50.13012,-29.28576],[-50.13037,-29.28696],[-50.12979,-29.28838],[-50.12881,-29.28954],[-50.12945,-29.2919],[-50.13016,-29.29204],[-50.12905,-29.29509],[-50.12883,-29.29662],[-50.12829,-29.29787],[-50.12874,-29.29942],[-50.13024,-29.30058],[-50.12946,-29.30203],[-50.12836,-29.30293],[-50.12874,-29.30355],[-50.13159,-29.30349],[-50.13407,-29.30216],[-50.13294,-29.30034],[-50.13483,-29.29967],[-50.13593,-29.29977],[-50.13631,-29.29895],[-50.13581,-29.29723],[-50.1368,-29.29643],[-50.13842,-29.29369],[-50.13921,-29.29318],[-50.13873,-29.29159],[-50.13901,-29.29095],[-50.14026,-29.29124],[-50.14103,-29.2926],[-50.14336,-29.29363],[-50.14493,-29.29359],[-50.14498,-29.29245],[-50.14441,-29.29161],[-50.14361,-29.29211],[-50.14259,-29.29052],[-50.14037,-29.2897],[-50.14104,-29.28779],[-50.14082,-29.2865],[-50.14296,-29.28633],[-50.14384,-29.28594],[-50.14373,-29.28425],[-50.14241,-29.28332],[-50.141,-29.28296],[-50.13964,-29.28195],[-50.14109,-29.28108],[-50.14118,-29.28023],[-50.14233,-29.28012],[-50.14365,-29.28049],[-50.14726,-29.28316],[-50.15048,-29.2853],[-50.15033,-29.28447],[-50.14885,-29.28202],[-50.14642,-29.27955],[-50.14595,-29.27855],[-50.14395,-29.27656],[-50.14346,-29.27582],[-50.14327,-29.27442],[-50.14351,-29.27315],[-50.14256,-29.27205],[-50.143,-29.27083],[-50.1446,-29.27016]]]},"properties":{"codigo":"431820045","name":"Tainhas","population":1085,"households":669,"areaKm2":583.7363,"density":1.9}}]}