{"type":"FeatureCollection","features":[{"type":"Feature","geometry":{"type":"MultiPolygon","coordinates":[[[[-52.04526,-15.27853],[-52.04653,-15.27851],[-52.04693,-15.27951],[-52.04843,-15.28015],[-52.04933,-15.28099],[-52.05093,-15.28177],[-52.05236,-15.28327],[-52.05354,-15.284],[-52.0554,-15.2841],[-52.05688,-15.2835],[-52.05782,-15.2836],[-52.05783,-15.28441],[-52.05897,-15.2846],[-52.05833,-15.28578],[-52.05859,-15.28652],[-52.05786,-15.28738],[-52.05878,-15.28842],[-52.05789,-15.2903],[-52.05847,-15.29267],[-52.0596,-15.29337],[-52.06057,-15.29468],[-52.06288,-15.29572],[-52.06331,-15.29798],[-52.06254,-15.29864],[-52.06388,-15.29931],[-52.06587,-15.29824],[-52.06677,-15.29822],[-52.06653,-15.29928],[-52.06746,-15.30013],[-52.06882,-15.29981],[-52.06989,-15.3015],[-52.07086,-15.30252],[-52.0721,-15.30281],[-52.07326,-15.30358],[-52.07403,-15.3027],[-52.07512,-15.30317],[-52.07578,-15.30552],[-52.07578,-15.30639],[-52.07697,-15.3074],[-52.07627,-15.30878],[-52.07775,-15.30995],[-52.0765,-15.31171],[-52.078,-15.31141],[-52.07981,-15.31247],[-52.08041,-15.31368],[-52.07878,-15.31454],[-52.07955,-15.31507],[-52.08028,-15.31475],[-52.08062,-15.31582],[-52.08023,-15.31677],[-52.08176,-15.3178],[-52.08076,-15.31979],[-52.0832,-15.32119],[-52.08392,-15.32299],[-52.08508,-15.32341],[-52.08432,-15.3248],[-52.08591,-15.3274],[-52.08502,-15.32771],[-52.08491,-15.32868],[-52.08392,-15.32886],[-52.08358,-15.32967],[-52.08394,-15.33069],[-52.08326,-15.33163],[-52.08201,-15.33516],[-52.08204,-15.33582],[-52.08386,-15.33687],[-52.08326,-15.33751],[-52.08444,-15.33961],[-52.08454,-15.34135],[-52.08537,-15.34251],[-52.08524,-15.34393],[-52.08448,-15.34635],[-52.08461,-15.34778],[-52.0859,-15.34968],[-52.08841,-15.34958],[-52.08999,-15.35001],[-52.09057,-15.35064],[-52.09078,-15.35184],[-52.09212,-15.35212],[-52.09187,-15.35318],[-52.09297,-15.35358],[-52.0935,-15.35482],[-52.09347,-15.35645],[-52.09434,-15.35747],[-52.09509,-15.35762],[-52.0966,-15.35917],[-52.09574,-15.36064],[-52.09529,-15.36247],[-52.09628,-15.36434],[-52.09714,-15.36546],[-52.0987,-15.3661],[-52.09937,-15.36802],[-52.09851,-15.37147],[-52.09846,-15.37363],[-52.09937,-15.37443],[-52.09811,-15.37544],[-52.09858,-15.37684],[-52.09713,-15.37728],[-52.09781,-15.37905],[-52.09714,-15.37933],[-52.09737,-15.38081],[-52.09697,-15.38189],[-52.09749,-15.38446],[-52.09838,-15.38522],[-52.09859,-15.38644],[-52.09977,-15.38657],[-52.09973,-15.38757],[-52.10139,-15.38962],[-52.10211,-15.38918],[-52.10288,-15.39091],[-52.10611,-15.39225],[-52.10693,-15.39283],[-52.10665,-15.39467],[-52.10706,-15.39553],[-52.10845,-15.39547],[-52.11067,-15.39617],[-52.11059,-15.39765],[-52.11303,-15.39734],[-52.11331,-15.39819],[-52.11425,-15.39764],[-52.11518,-15.39872],[-52.1167,-15.39903],[-52.11863,-15.39989],[-52.11865,-15.40065],[-52.11972,-15.40061],[-52.12058,-15.40242],[-52.1196,-15.40287],[-52.12185,-15.40351],[-52.1223,-15.40526],[-52.12433,-15.40555],[-52.12507,-15.40657],[-52.12583,-15.40649],[-52.12713,-15.40822],[-52.12784,-15.40851],[-52.12662,-15.40993],[-52.12773,-15.41129],[-52.12727,-15.4119],[-52.12747,-15.41354],[-52.12893,-15.41417],[-52.128,-15.41514],[-52.12957,-15.41622],[-52.12945,-15.41694],[-52.13145,-15.41717],[-52.13155,-15.41901],[-52.13235,-15.42001],[-52.13463,-15.4221],[-52.13543,-15.42184],[-52.13719,-15.42289],[-52.13738,-15.42378],[-52.13826,-15.42487],[-52.13846,-15.42584],[-52.13924,-15.42613],[-52.13911,-15.42812],[-52.14034,-15.42934],[-52.14018,-15.4301],[-52.1391,-15.43004],[-52.13945,-15.43137],[-52.14002,-15.43179],[-52.13961,-15.43333],[-52.14154,-15.43456],[-52.14174,-15.43508],[-52.14337,-15.43522],[-52.14341,-15.436],[-52.14483,-15.43531],[-52.14555,-15.43616],[-52.14701,-15.43613],[-52.1474,-15.437],[-52.14935,-15.43907],[-52.1511,-15.43846],[-52.15246,-15.43871],[-52.15404,-15.43985],[-52.1532,-15.44097],[-52.15512,-15.44123],[-52.15614,-15.44168],[-52.15643,-15.44259],[-52.15714,-15.44308],[-52.15738,-15.44443],[-52.15874,-15.44433],[-52.15893,-15.44497],[-52.16057,-15.44612],[-52.16032,-15.44665],[-52.16111,-15.44746],[-52.1612,-15.44941],[-52.16217,-15.45123],[-52.16281,-15.45151],[-52.16486,-15.45375],[-52.16536,-15.4558],[-52.16623,-15.45655],[-52.16614,-15.45881],[-52.16721,-15.45955],[-52.16837,-15.45964],[-52.16847,-15.46095],[-52.16965,-15.46347],[-52.17081,-15.46412],[-52.17225,-15.46402],[-52.17352,-15.4655],[-52.17558,-15.47223],[-52.17782,-15.47493],[-52.17851,-15.47745],[-52.18025,-15.47913],[-52.1826,-15.4837],[-52.18535,-15.48596],[-52.18875,-15.49044],[-52.18925,-15.49277],[-52.1908,-15.49379],[-52.19517,-15.49845],[-52.1973,-15.49993],[-52.20225,-15.50496],[-52.20554,-15.50606],[-52.2068,-15.50605],[-52.20806,-15.50717],[-52.20942,-15.50942],[-52.21165,-15.51007],[-52.21553,-15.51351],[-52.21718,-15.51546],[-52.22016,-15.51834],[-52.22339,-15.51875],[-52.22563,-15.51806],[-52.23058,-15.51811],[-52.23359,-15.52012],[-52.23465,-15.52355],[-52.23664,-15.52425],[-52.23839,-15.52549],[-52.23891,-15.52829],[-52.23823,-15.52985],[-52.2386,-15.53119],[-52.23946,-15.53232],[-52.23984,-15.53393],[-52.23861,-15.5348],[-52.2389,-15.53573],[-52.2399,-15.53591],[-52.24097,-15.53666],[-52.24129,-15.53779],[-52.24202,-15.53841],[-52.24289,-15.53764],[-52.24405,-15.53772],[-52.2455,-15.53866],[-52.24628,-15.53809],[-52.24732,-15.53799],[-52.2487,-15.53855],[-52.24972,-15.53784],[-52.25072,-15.53767],[-52.25149,-15.53554],[-52.25423,-15.537],[-52.25508,-15.53797],[-52.25575,-15.53753],[-52.25614,-15.53968],[-52.25786,-15.53885],[-52.2592,-15.54004],[-52.25991,-15.54012],[-52.25999,-15.54109],[-52.26073,-15.54178],[-52.26255,-15.54256],[-52.2631,-15.54333],[-52.26387,-15.54308],[-52.26465,-15.54135],[-52.26651,-15.54064],[-52.26728,-15.53927],[-52.26902,-15.53972],[-52.27057,-15.54046],[-52.27259,-15.54108],[-52.27318,-15.54222],[-52.27329,-15.54363],[-52.27591,-15.54586],[-52.27855,-15.54765],[-52.28125,-15.5472],[-52.28231,-15.5466],[-52.28266,-15.54537],[-52.28439,-15.54241],[-52.28481,-15.54095],[-52.28564,-15.54017],[-52.28573,-15.53886],[-52.28772,-15.53831],[-52.288,-15.53684],[-52.28879,-15.53689],[-52.28911,-15.53563],[-52.29073,-15.5359],[-52.2908,-15.53428],[-52.29342,-15.534],[-52.29323,-15.53342],[-52.2942,-15.53258],[-52.29498,-15.53277],[-52.2959,-15.53188],[-52.29572,-15.53049],[-52.29633,-15.52929],[-52.29726,-15.52892],[-52.29929,-15.52757],[-52.29878,-15.52647],[-52.29887,-15.52574],[-52.30139,-15.52496],[-52.30133,-15.52293],[-52.30248,-15.52327],[-52.30229,-15.52114],[-52.30344,-15.52037],[-52.30376,-15.52088],[-52.30502,-15.52086],[-52.30494,-15.5186],[-52.30579,-15.51816],[-52.30669,-15.51936],[-52.30747,-15.51895],[-52.30722,-15.51782],[-52.30786,-15.51758],[-52.30993,-15.51768],[-52.31199,-15.517],[-52.31279,-15.51747],[-52.31316,-15.51637],[-52.3147,-15.5158],[-52.31831,-15.51582],[-52.31918,-15.51482],[-52.31992,-15.51556],[-52.3209,-15.51568],[-52.32146,-15.51398],[-52.32219,-15.51377],[-52.32318,-15.51494],[-52.32403,-15.51502],[-52.32457,-15.51393],[-52.32622,-15.51468],[-52.32694,-15.51316],[-52.32811,-15.51398],[-52.33095,-15.51379],[-52.33201,-15.51337],[-52.33227,-15.5121],[-52.33367,-15.51148],[-52.33366,-15.51035],[-52.33409,-15.50945],[-52.33508,-15.51034],[-52.33614,-15.50958],[-52.33575,-15.50775],[-52.33758,-15.50712],[-52.33818,-15.50598],[-52.3374,-15.50445],[-52.33872,-15.5039],[-52.3404,-15.50168],[-52.34362,-15.49808],[-52.34479,-15.49784],[-52.34579,-15.49685],[-52.34692,-15.49497],[-52.34777,-15.49433],[-52.34967,-15.4943],[-52.34996,-15.49337],[-52.34962,-15.49242],[-52.35016,-15.49187],[-52.35033,-15.49042],[-52.35143,-15.49061],[-52.35254,-15.49004],[-52.35331,-15.48921],[-52.35269,-15.48869],[-52.35445,-15.48762],[-52.35566,-15.48743],[-52.35751,-15.48758],[-52.35835,-15.48626],[-52.35985,-15.48554],[-52.3597,-15.48408],[-52.36031,-15.48359],[-52.36213,-15.48314],[-52.36321,-15.4824],[-52.36384,-15.48277],[-52.36502,-15.48253],[-52.36445,-15.48133],[-52.36505,-15.47979],[-52.36615,-15.48005],[-52.36696,-15.47925],[-52.36739,-15.47813],[-52.36718,-15.47747],[-52.36768,-15.47651],[-52.36765,-15.47469],[-52.36735,-15.47367],[-52.36832,-15.47366],[-52.36841,-15.47254],[-52.36989,-15.46969],[-52.36944,-15.46842],[-52.37025,-15.46784],[-52.3703,-15.46607],[-52.37154,-15.46457],[-52.37153,-15.46242],[-52.37304,-15.45843],[-52.37304,-15.45674],[-52.37358,-15.45596],[-52.3737,-15.45455],[-52.37422,-15.45404],[-52.3739,-15.45115],[-52.3744,-15.45055],[-52.37361,-15.44895],[-52.3733,-15.44733],[-52.37399,-15.44635],[-52.37519,-15.44533],[-52.37609,-15.44381],[-52.37742,-15.44278],[-52.3773,-15.44125],[-52.37646,-15.43909],[-52.37541,-15.43829],[-52.37527,-15.43728],[-52.37745,-15.43254],[-52.37931,-15.43004],[-52.38216,-15.42741],[-52.38302,-15.42638],[-52.38368,-15.4245],[-52.3855,-15.42066],[-52.38635,-15.41934],[-52.39019,-15.41595],[-52.39144,-15.41463],[-52.39171,-15.41201],[-52.39257,-15.41061],[-52.39458,-15.409],[-52.39543,-15.40638],[-52.39589,-15.40319],[-52.39762,-15.40187],[-52.39969,-15.39966],[-52.40093,-15.39797],[-52.40179,-15.39638],[-52.40323,-15.39506],[-52.40506,-15.39458],[-52.40844,-15.39512],[-52.41016,-15.3937],[-52.41064,-15.39295],[-52.4117,-15.39248],[-52.41586,-15.38991],[-52.4414,-15.37551],[-52.4404,-15.37483],[-52.43902,-15.37317],[-52.43882,-15.37246],[-52.43738,-15.37021],[-52.4346,-15.36966],[-52.4326,-15.36836],[-52.43036,-15.36744],[-52.42933,-15.36627],[-52.43191,-15.36482],[-52.43431,-15.36394],[-52.4349,-15.3626],[-52.43633,-15.36241],[-52.43883,-15.36097],[-52.44004,-15.36087],[-52.44225,-15.36199],[-52.44532,-15.36255],[-52.44764,-15.36265],[-52.44911,-15.36324],[-52.45154,-15.36279],[-52.45388,-15.36206],[-52.4554,-15.36232],[-52.45735,-15.36234],[-52.45838,-15.36289],[-52.46121,-15.36317],[-52.46281,-15.36377],[-52.44773,-15.37407],[-52.43928,-15.37978],[-52.43563,-15.38291],[-52.42939,-15.38695],[-52.42795,-15.38742],[-52.41923,-15.3915],[-52.42095,-15.39383],[-52.4215,-15.3952],[-52.42158,-15.39626],[-52.4223,-15.39724],[-52.42427,-15.39902],[-52.42442,-15.39967],[-52.42534,-15.40039],[-52.4272,-15.40066],[-52.42829,-15.40124],[-52.42886,-15.40252],[-52.42889,-15.40548],[-52.42841,-15.4063],[-52.42908,-15.40744],[-52.43047,-15.40857],[-52.43181,-15.40844],[-52.43297,-15.4079],[-52.43626,-15.40746],[-52.4399,-15.40638],[-52.44019,-15.40585],[-52.44196,-15.40537],[-52.44269,-15.4057],[-52.44585,-15.40555],[-52.44787,-15.40492],[-52.4508,-15.40508],[-52.45161,-15.40444],[-52.45325,-15.40466],[-52.45552,-15.40369],[-52.45754,-15.40179],[-52.45913,-15.40158],[-52.46154,-15.40019],[-52.46262,-15.3999],[-52.46332,-15.39898],[-52.46441,-15.39829],[-52.46557,-15.398],[-52.46708,-15.3972],[-52.4702,-15.3967],[-52.47143,-15.39699],[-52.47305,-15.39576],[-52.47454,-15.39636],[-52.47617,-15.3966],[-52.47837,-15.39646],[-52.47971,-15.39595],[-52.48252,-15.39625],[-52.48637,-15.39776],[-52.48793,-15.39807],[-52.49073,-15.39796],[-52.49162,-15.39772],[-52.4934,-15.39797],[-52.49646,-15.39742],[-52.49688,-15.39713],[-52.49839,-15.3982],[-52.49982,-15.39838],[-52.50202,-15.39834],[-52.50464,-15.39874],[-52.50496,-15.39909],[-52.50681,-15.39958],[-52.50743,-15.40068],[-52.50804,-15.40038],[-52.51065,-15.40195],[-52.51098,-15.40299],[-52.51342,-15.40361],[-52.51368,-15.40528],[-52.51414,-15.4062],[-52.51604,-15.40748],[-52.5159,-15.40904],[-52.51623,-15.40991],[-52.51548,-15.41352],[-52.51583,-15.41438],[-52.51701,-15.41471],[-52.51807,-15.41645],[-52.51858,-15.41672],[-52.52057,-15.4165],[-52.52315,-15.41814],[-52.5233,-15.42033],[-52.52573,-15.42104],[-52.52712,-15.42178],[-52.52671,-15.4235],[-52.52782,-15.42513],[-52.52877,-15.42574],[-52.53165,-15.42665],[-52.53356,-15.42756],[-52.53585,-15.4294],[-52.5373,-15.42964],[-52.54068,-15.43051],[-52.54245,-15.43121],[-52.54551,-15.43367],[-52.54637,-15.43393],[-52.54801,-15.43386],[-52.55014,-15.43447],[-52.55102,-15.43401],[-52.55305,-15.434],[-52.55395,-15.43349],[-52.55537,-15.43387],[-52.55612,-15.43251],[-52.55767,-15.43167],[-52.55916,-15.43175],[-52.56009,-15.43236],[-52.56105,-15.4322],[-52.56093,-15.43122],[-52.56141,-15.43063],[-52.56287,-15.42998],[-52.56617,-15.42955],[-52.56755,-15.43006],[-52.56903,-15.43105],[-52.56977,-15.43211],[-52.57017,-15.43401],[-52.57101,-15.43512],[-52.5714,-15.43624],[-52.5731,-15.43731],[-52.57408,-15.43928],[-52.57465,-15.43984],[-52.57495,-15.44116],[-52.57871,-15.444],[-52.57895,-15.44623],[-52.57941,-15.44729],[-52.58032,-15.44754],[-52.58122,-15.44834],[-52.58283,-15.44788],[-52.58345,-15.4494],[-52.58416,-15.45004],[-52.58419,-15.45133],[-52.58662,-15.45102],[-52.58731,-15.45275],[-52.58891,-15.45326],[-52.58922,-15.45478],[-52.59116,-15.45545],[-52.59227,-15.45513],[-52.59292,-15.45581],[-52.59484,-15.45678],[-52.59582,-15.45638],[-52.59889,-15.45755],[-52.59957,-15.45868],[-52.60193,-15.45895],[-52.60235,-15.45995],[-52.60195,-15.46102],[-52.60337,-15.46223],[-52.60363,-15.46295],[-52.60454,-15.4634],[-52.60564,-15.46458],[-52.60541,-15.46689],[-52.60653,-15.4677],[-52.60568,-15.47001],[-52.60629,-15.47143],[-52.6064,-15.47377],[-52.6061,-15.4751],[-52.60641,-15.4802],[-52.60571,-15.48129],[-52.60359,-15.48209],[-52.60251,-15.48322],[-52.60128,-15.48276],[-52.60086,-15.4816],[-52.59844,-15.48126],[-52.59866,-15.48225],[-52.59742,-15.48348],[-52.59685,-15.48451],[-52.59558,-15.48559],[-52.5942,-15.48594],[-52.59375,-15.48786],[-52.59391,-15.48861],[-52.59336,-15.48931],[-52.59394,-15.4906],[-52.59507,-15.49102],[-52.59503,-15.49184],[-52.59667,-15.49325],[-52.59699,-15.49422],[-52.59861,-15.49466],[-52.59936,-15.49521],[-52.6,-15.49665],[-52.59988,-15.4972],[-52.5978,-15.49826],[-52.59694,-15.49923],[-52.59634,-15.50128],[-52.59657,-15.50236],[-52.59865,-15.50408],[-52.60125,-15.50347],[-52.60154,-15.50448],[-52.60335,-15.50576],[-52.60432,-15.50768],[-52.60615,-15.50848],[-52.60667,-15.50976],[-52.60854,-15.51058],[-52.60849,-15.51157],[-52.60983,-15.51385],[-52.61061,-15.51224],[-52.61174,-15.51286],[-52.61258,-15.51272],[-52.61306,-15.51348],[-52.61237,-15.5144],[-52.61256,-15.51531],[-52.61211,-15.51604],[-52.61237,-15.51922],[-52.61387,-15.52013],[-52.61349,-15.52113],[-52.61433,-15.52224],[-52.6158,-15.52308],[-52.6166,-15.52438],[-52.61791,-15.52592],[-52.61921,-15.52629],[-52.62248,-15.52574],[-52.62313,-15.52638],[-52.62251,-15.52733],[-52.62499,-15.52937],[-52.6261,-15.53128],[-52.62775,-15.53103],[-52.62946,-15.53027],[-52.62959,-15.53386],[-52.63035,-15.53522],[-52.63067,-15.5366],[-52.63228,-15.53608],[-52.63357,-15.53655],[-52.63491,-15.53654],[-52.63522,-15.53736],[-52.6372,-15.53887],[-52.63846,-15.53875],[-52.63925,-15.53912],[-52.63913,-15.54057],[-52.63936,-15.54174],[-52.64106,-15.54226],[-52.64158,-15.54381],[-52.64262,-15.54484],[-52.64341,-15.54655],[-52.64311,-15.54737],[-52.64095,-15.5475],[-52.64145,-15.54834],[-52.6412,-15.55025],[-52.64374,-15.54978],[-52.64515,-15.5497],[-52.64589,-15.54919],[-52.64523,-15.5479],[-52.64817,-15.54659],[-52.65033,-15.54603],[-52.6498,-15.54696],[-52.64961,-15.549],[-52.65108,-15.54909],[-52.6517,-15.54949],[-52.6514,-15.55047],[-52.65226,-15.55177],[-52.65515,-15.5527],[-52.65517,-15.55349],[-52.65448,-15.55451],[-52.65487,-15.55578],[-52.65611,-15.55641],[-52.65659,-15.5571],[-52.65505,-15.55995],[-52.65495,-15.56088],[-52.65588,-15.56202],[-52.65612,-15.56331],[-52.6559,-15.56565],[-52.65604,-15.56648],[-52.65706,-15.56655],[-52.65887,-15.56508],[-52.65944,-15.56514],[-52.66212,-15.56854],[-52.66205,-15.56951],[-52.6612,-15.57096],[-52.66009,-15.5714],[-52.65755,-15.57043],[-52.65661,-15.57126],[-52.65518,-15.57085],[-52.65342,-15.57087],[-52.65165,-15.57154],[-52.65058,-15.57146],[-52.64856,-15.56885],[-52.6476,-15.56849],[-52.64625,-15.56859],[-52.6461,-15.56909],[-52.64651,-15.5712],[-52.64844,-15.57645],[-52.64819,-15.57876],[-52.64862,-15.58082],[-52.64761,-15.58179],[-52.64586,-15.58137],[-52.64395,-15.5831],[-52.64336,-15.5846],[-52.64347,-15.58554],[-52.64575,-15.58674],[-52.64501,-15.58915],[-52.6441,-15.58997],[-52.64115,-15.59054],[-52.64138,-15.59195],[-52.64393,-15.5941],[-52.64511,-15.59444],[-52.64664,-15.5944],[-52.64825,-15.59546],[-52.6495,-15.59543],[-52.65019,-15.59363],[-52.65106,-15.59339],[-52.65214,-15.59419],[-52.65137,-15.59664],[-52.65268,-15.59646],[-52.65397,-15.59732],[-52.65507,-15.59769],[-52.65608,-15.59902],[-52.65767,-15.59977],[-52.65825,-15.60241],[-52.65922,-15.60371],[-52.65947,-15.60477],[-52.66073,-15.60676],[-52.6614,-15.6073],[-52.66287,-15.60741],[-52.66308,-15.60805],[-52.66238,-15.60925],[-52.66265,-15.6099],[-52.66577,-15.61193],[-52.66664,-15.61333],[-52.66671,-15.61513],[-52.66742,-15.61629],[-52.66857,-15.61666],[-52.66886,-15.61729],[-52.66881,-15.61929],[-52.66912,-15.62112],[-52.66964,-15.62156],[-52.67074,-15.62146],[-52.67217,-15.62054],[-52.67333,-15.62183],[-52.6737,-15.6247],[-52.67439,-15.62468],[-52.67539,-15.62241],[-52.67575,-15.62101],[-52.67646,-15.62074],[-52.67774,-15.62096],[-52.67809,-15.61999],[-52.68036,-15.61808],[-52.68218,-15.61599],[-52.68293,-15.61545],[-52.68418,-15.61592],[-52.68364,-15.61675],[-52.68226,-15.61751],[-52.68197,-15.61917],[-52.68116,-15.61973],[-52.6812,-15.62125],[-52.68276,-15.6227],[-52.68184,-15.62452],[-52.68189,-15.62655],[-52.68221,-15.62711],[-52.68428,-15.62751],[-52.68448,-15.62794],[-52.68357,-15.62906],[-52.68217,-15.62936],[-52.68025,-15.62874],[-52.67965,-15.62968],[-52.68072,-15.63055],[-52.68365,-15.6319],[-52.68489,-15.63294],[-52.68617,-15.63332],[-52.68698,-15.63294],[-52.68844,-15.63133],[-52.68961,-15.63064],[-52.69185,-15.62832],[-52.69256,-15.62832],[-52.69284,-15.63027],[-52.69424,-15.63062],[-52.69643,-15.63285],[-52.69762,-15.63517],[-52.69733,-15.63555],[-52.69564,-15.63493],[-52.69362,-15.6336],[-52.69302,-15.63495],[-52.69404,-15.63829],[-52.69465,-15.63859],[-52.69651,-15.63786],[-52.69704,-15.63845],[-52.69775,-15.6425],[-52.69884,-15.64462],[-52.6992,-15.64731],[-52.69814,-15.65014],[-52.69691,-15.65133],[-52.69775,-15.65276],[-52.69773,-15.65363],[-52.69678,-15.65396],[-52.69798,-15.65634],[-52.69867,-15.65683],[-52.70053,-15.65609],[-52.70136,-15.65691],[-52.70302,-15.65753],[-52.70464,-15.6569],[-52.70609,-15.6577],[-52.70701,-15.66008],[-52.70662,-15.6615],[-52.70716,-15.66239],[-52.70711,-15.66365],[-52.70602,-15.66579],[-52.70656,-15.66769],[-52.70771,-15.66857],[-52.70903,-15.66877],[-52.71055,-15.6686],[-52.71117,-15.67017],[-52.71216,-15.6714],[-52.71167,-15.67334],[-52.71341,-15.6741],[-52.71472,-15.67392],[-52.71591,-15.67484],[-52.71655,-15.67492],[-52.71833,-15.67686],[-52.71963,-15.6746],[-52.72043,-15.67497],[-52.72081,-15.67584],[-52.72317,-15.67631],[-52.72474,-15.67683],[-52.7249,-15.67752],[-52.72384,-15.67902],[-52.72321,-15.6794],[-52.72306,-15.68046],[-52.72351,-15.68128],[-52.72636,-15.68356],[-52.72853,-15.68419],[-52.72827,-15.68585],[-52.72875,-15.68666],[-52.7305,-15.68847],[-52.72994,-15.69086],[-52.73055,-15.69173],[-52.73244,-15.69207],[-52.73296,-15.69294],[-52.73422,-15.69338],[-52.73795,-15.69327],[-52.73839,-15.69441],[-52.73729,-15.69603],[-52.73924,-15.69755],[-52.73865,-15.69918],[-52.74003,-15.69952],[-52.73969,-15.70112],[-52.73832,-15.7034],[-52.7383,-15.70452],[-52.73903,-15.70538],[-52.7405,-15.70569],[-52.74256,-15.70541],[-52.74423,-15.7055],[-52.74507,-15.70631],[-52.74483,-15.70785],[-52.74573,-15.70919],[-52.74829,-15.7094],[-52.74988,-15.71101],[-52.75141,-15.71218],[-52.75366,-15.71307],[-52.75443,-15.71363],[-52.75462,-15.71547],[-52.75263,-15.71976],[-52.75093,-15.72136],[-52.74605,-15.72182],[-52.74289,-15.72244],[-52.73687,-15.72384],[-52.73397,-15.72617],[-52.72996,-15.72739],[-52.72823,-15.7283],[-52.72702,-15.72963],[-52.72645,-15.73105],[-52.72798,-15.73519],[-52.72796,-15.73687],[-52.72733,-15.73849],[-52.72612,-15.73985],[-52.72381,-15.74093],[-52.72137,-15.74177],[-52.71939,-15.74195],[-52.71795,-15.74184],[-52.71444,-15.74033],[-52.70978,-15.73755],[-52.70805,-15.73601],[-52.70521,-15.73112],[-52.70391,-15.72984],[-52.70226,-15.72883],[-52.70076,-15.72838],[-52.69674,-15.72795],[-52.69585,-15.72746],[-52.69529,-15.72559],[-52.69579,-15.72347],[-52.69581,-15.72239],[-52.69502,-15.72117],[-52.69358,-15.72003],[-52.69201,-15.71965],[-52.69034,-15.71976],[-52.68909,-15.7202],[-52.68727,-15.72139],[-52.68149,-15.72372],[-52.68016,-15.72392],[-52.67764,-15.72381],[-52.67637,-15.72403],[-52.67351,-15.72576],[-52.67134,-15.72673],[-52.66781,-15.72788],[-52.66687,-15.72921],[-52.66559,-15.73198],[-52.66282,-15.73461],[-52.66154,-15.7353],[-52.65998,-15.73559],[-52.65783,-15.73567],[-52.65322,-15.73478],[-52.64947,-15.73372],[-52.6479,-15.73367],[-52.64644,-15.73394],[-52.64577,-15.73461],[-52.64601,-15.73549],[-52.6513,-15.7374],[-52.65275,-15.73891],[-52.65099,-15.74106],[-52.65002,-15.74259],[-52.64969,-15.74381],[-52.64895,-15.74493],[-52.64766,-15.746],[-52.64268,-15.74904],[-52.64022,-15.75143],[-52.63715,-15.75508],[-52.63559,-15.75638],[-52.63356,-15.75765],[-52.62917,-15.75834],[-52.62792,-15.75904],[-52.62351,-15.76534],[-52.62199,-15.76723],[-52.62057,-15.76839],[-52.61613,-15.77143],[-52.6139,-15.77266],[-52.61237,-15.77307],[-52.60784,-15.77281],[-52.60651,-15.77328],[-52.60574,-15.77424],[-52.60558,-15.77563],[-52.60659,-15.77895],[-52.60713,-15.78241],[-52.60698,-15.78511],[-52.60672,-15.79494],[-52.6069,-15.79662],[-52.60767,-15.79919],[-52.60734,-15.80021],[-52.60612,-15.80141],[-52.6028,-15.80308],[-52.60011,-15.80399],[-52.5989,-15.80499],[-52.59926,-15.80756],[-52.59872,-15.80904],[-52.59765,-15.81083],[-52.59586,-15.81292],[-52.59484,-15.81333],[-52.59126,-15.81246],[-52.58952,-15.81231],[-52.58786,-15.81298],[-52.58529,-15.8164],[-52.58283,-15.81899],[-52.58117,-15.82091],[-52.58013,-15.82247],[-52.57908,-15.8235],[-52.57756,-15.82433],[-52.57365,-15.82581],[-52.56992,-15.82831],[-52.56833,-15.82968],[-52.56619,-15.83062],[-52.56493,-15.83059],[-52.56121,-15.82946],[-52.55965,-15.82885],[-52.55794,-15.82886],[-52.55583,-15.82921],[-52.55076,-15.82947],[-52.54749,-15.82999],[-52.5462,-15.83036],[-52.54556,-15.83103],[-52.54626,-15.83346],[-52.54627,-15.83468],[-52.5457,-15.83663],[-52.54525,-15.8399],[-52.54479,-15.84201],[-52.54327,-15.84407],[-52.54127,-15.84566],[-52.53775,-15.84793],[-52.535,-15.84934],[-52.53157,-15.85055],[-52.52908,-15.8508],[-52.52137,-15.85375],[-52.51995,-15.85419],[-52.51624,-15.85474],[-52.51362,-15.85496],[-52.51158,-15.85537],[-52.50957,-15.85621],[-52.50764,-15.85794],[-52.50623,-15.85999],[-52.50455,-15.86281],[-52.50394,-15.86327],[-52.50056,-15.86361],[-52.49906,-15.86345],[-52.49738,-15.86388],[-52.49547,-15.8639],[-52.49229,-15.86366],[-52.48986,-15.86383],[-52.48658,-15.8646],[-52.48189,-15.86627],[-52.48006,-15.86735],[-52.47847,-15.86859],[-52.47678,-15.86912],[-52.4732,-15.86954],[-52.47066,-15.86954],[-52.46594,-15.86982],[-52.46128,-15.87076],[-52.45767,-15.87108],[-52.45362,-15.87185],[-52.45032,-15.87202],[-52.44614,-15.87326],[-52.44326,-15.87373],[-52.4424,-15.87368],[-52.44087,-15.87306],[-52.43958,-15.87197],[-52.43726,-15.86888],[-52.4351,-15.86801],[-52.433,-15.8679],[-52.43136,-15.86854],[-52.43052,-15.86959],[-52.42972,-15.87179],[-52.42834,-15.87436],[-52.42712,-15.87602],[-52.42616,-15.87786],[-52.42516,-15.8805],[-52.42372,-15.88096],[-52.42208,-15.88072],[-52.4193,-15.87976],[-52.41709,-15.8798],[-52.41434,-15.88013],[-52.41124,-15.8807],[-52.40546,-15.88139],[-52.40337,-15.88263],[-52.40118,-15.88317],[-52.38973,-15.88314],[-52.38711,-15.88335],[-52.38482,-15.884],[-52.38153,-15.88571],[-52.37972,-15.88619],[-52.37729,-15.88625],[-52.37307,-15.88609],[-52.3705,-15.88622],[-52.3695,-15.88659],[-52.36789,-15.88778],[-52.36693,-15.89065],[-52.36678,-15.89444],[-52.36703,-15.89927],[-52.36745,-15.90276],[-52.36701,-15.90416],[-52.36611,-15.90448],[-52.36487,-15.90412],[-52.36366,-15.90334],[-52.36035,-15.89988],[-52.35864,-15.89837],[-52.35568,-15.89668],[-52.3541,-15.89635],[-52.35123,-15.89715],[-52.34966,-15.89811],[-52.34703,-15.8993],[-52.34456,-15.90006],[-52.34181,-15.90038],[-52.33553,-15.89985],[-52.32967,-15.89997],[-52.32767,-15.90059],[-52.32628,-15.90212],[-52.32642,-15.90413],[-52.32612,-15.90479],[-52.32476,-15.9057],[-52.32049,-15.90676],[-52.31715,-15.90827],[-52.31447,-15.90976],[-52.31344,-15.91016],[-52.30784,-15.91171],[-52.30499,-15.91232],[-52.30258,-15.91255],[-52.30037,-15.9123],[-52.29907,-15.91171],[-52.29832,-15.9109],[-52.29692,-15.90865],[-52.29447,-15.90587],[-52.29303,-15.90485],[-52.29126,-15.90435],[-52.29003,-15.90452],[-52.28891,-15.9055],[-52.28817,-15.90658],[-52.28667,-15.90804],[-52.28497,-15.90848],[-52.28331,-15.90813],[-52.28236,-15.90744],[-52.28029,-15.90531],[-52.27898,-15.90421],[-52.27688,-15.90289],[-52.27323,-15.90121],[-52.27045,-15.89917],[-52.26812,-15.89812],[-52.26685,-15.89835],[-52.26545,-15.8994],[-52.2621,-15.90354],[-52.26104,-15.90424],[-52.2599,-15.90413],[-52.25951,-15.90348],[-52.25927,-15.90126],[-52.25837,-15.89748],[-52.25725,-15.89531],[-52.25587,-15.89413],[-52.25434,-15.89369],[-52.25334,-15.89256],[-52.25177,-15.89167],[-52.24797,-15.89018],[-52.24202,-15.89008],[-52.23503,-15.88927],[-52.22815,-15.89065],[-52.22368,-15.8914],[-52.21976,-15.89171],[-52.21593,-15.89158],[-52.20737,-15.889],[-52.20522,-15.88801],[-52.20119,-15.88416],[-52.19929,-15.88271],[-52.19747,-15.88182],[-52.19487,-15.88094],[-52.19267,-15.88084],[-52.19004,-15.88133],[-52.18794,-15.8821],[-52.18221,-15.8849],[-52.17841,-15.88704],[-52.17513,-15.88802],[-52.1706,-15.88846],[-52.16579,-15.88873],[-52.16014,-15.88861],[-52.15598,-15.88866],[-52.15272,-15.88892],[-52.14432,-15.89089],[-52.13913,-15.89278],[-52.13495,-15.89482],[-52.13313,-15.89534],[-52.13138,-15.8955],[-52.12954,-15.89539],[-52.12757,-15.89496],[-52.12613,-15.89426],[-52.12272,-15.89217],[-52.11957,-15.88948],[-52.11842,-15.88825],[-52.11494,-15.88512],[-52.11298,-15.88383],[-52.11116,-15.88287],[-52.10964,-15.88265],[-52.10777,-15.88288],[-52.10606,-15.88365],[-52.10473,-15.88485],[-52.10214,-15.88794],[-52.10051,-15.88905],[-52.09794,-15.88901],[-52.09721,-15.88861],[-52.09547,-15.88565],[-52.09319,-15.88339],[-52.0914,-15.8825],[-52.08869,-15.88199],[-52.08015,-15.88096],[-52.07663,-15.8811],[-52.07332,-15.88165],[-52.0707,-15.88249],[-52.06791,-15.88367],[-52.06543,-15.88533],[-52.06297,-15.88642],[-52.06059,-15.88712],[-52.05769,-15.88754],[-52.05484,-15.88759],[-52.04927,-15.88819],[-52.04666,-15.88823],[-52.0448,-15.88788],[-52.04333,-15.88719],[-52.04062,-15.88646],[-52.03865,-15.88614],[-52.03177,-15.88807],[-52.02757,-15.88826],[-52.02153,-15.88731],[-52.01455,-15.88702],[-52.01169,-15.88651],[-52.00953,-15.88581],[-52.00797,-15.88463],[-52.00718,-15.88339],[-52.00616,-15.88047],[-52.0054,-15.87943],[-52.00402,-15.87857],[-52.00174,-15.87762],[-51.99922,-15.87594],[-51.99671,-15.87328],[-51.99492,-15.87074],[-51.99395,-15.86856],[-51.99321,-15.8657],[-51.99171,-15.85919],[-51.99085,-15.85695],[-51.9886,-15.85207],[-51.98704,-15.84898],[-51.98528,-15.84651],[-51.98356,-15.84466],[-51.9813,-15.8425],[-51.97788,-15.84023],[-51.97427,-15.83848],[-51.97213,-15.83812],[-51.97325,-15.83685],[-51.97595,-15.83579],[-51.97793,-15.83608],[-51.9791,-15.83663],[-51.98301,-15.8392],[-51.98493,-15.84072],[-51.98746,-15.84187],[-51.98853,-15.84212],[-51.99022,-15.84202],[-51.99116,-15.84255],[-51.99209,-15.84413],[-51.99204,-15.84542],[-51.9924,-15.8465],[-51.99398,-15.84856],[-51.99508,-15.84914],[-51.99728,-15.84934],[-52.00047,-15.8503],[-52.00315,-15.84997],[-52.00468,-15.84928],[-52.00657,-15.84604],[-52.00691,-15.84421],[-52.00752,-15.84313],[-52.01002,-15.84111],[-52.01076,-15.84108],[-52.01348,-15.84221],[-52.01583,-15.84213],[-52.01741,-15.84146],[-52.01909,-15.84019],[-52.02098,-15.841],[-52.02252,-15.84054],[-52.02348,-15.84088],[-52.02553,-15.84032],[-52.02678,-15.83958],[-52.0288,-15.83942],[-52.03086,-15.84],[-52.03176,-15.84001],[-52.03297,-15.8392],[-52.03322,-15.83768],[-52.03485,-15.83731],[-52.03559,-15.83593],[-52.03698,-15.83513],[-52.03861,-15.83318],[-52.03953,-15.83238],[-52.04106,-15.83175],[-52.04372,-15.83104],[-52.04575,-15.82968],[-52.04729,-15.82898],[-52.04882,-15.82863],[-52.05222,-15.82883],[-52.05398,-15.82729],[-52.05559,-15.82711],[-52.05755,-15.82586],[-52.05959,-15.82563],[-52.06157,-15.8264],[-52.06317,-15.82661],[-52.06557,-15.8259],[-52.06816,-15.82418],[-52.07016,-15.82223],[-52.07277,-15.82071],[-52.07443,-15.81912],[-52.07766,-15.81753],[-52.07938,-15.81614],[-52.08022,-15.81519],[-52.08149,-15.81309],[-52.08303,-15.81272],[-52.08557,-15.81365],[-52.0865,-15.81329],[-52.08775,-15.81209],[-52.08951,-15.81168],[-52.0913,-15.81027],[-52.09228,-15.80858],[-52.09342,-15.80743],[-52.09425,-15.8071],[-52.09633,-15.80713],[-52.09898,-15.80762],[-52.10091,-15.8075],[-52.10308,-15.80854],[-52.10532,-15.81059],[-52.10735,-15.81117],[-52.10823,-15.81107],[-52.10905,-15.81024],[-52.10991,-15.80823],[-52.11137,-15.80714],[-52.11446,-15.80684],[-52.11614,-15.80599],[-52.11784,-15.8039],[-52.12007,-15.80187],[-52.12271,-15.80049],[-52.1253,-15.79986],[-52.1271,-15.79909],[-52.12892,-15.79866],[-52.13066,-15.79767],[-52.13232,-15.79752],[-52.1334,-15.79699],[-52.13696,-15.79704],[-52.14001,-15.79783],[-52.14166,-15.79967],[-52.14258,-15.80026],[-52.14588,-15.79944],[-52.14708,-15.79976],[-52.14898,-15.80065],[-52.14989,-15.80186],[-52.15091,-15.80247],[-52.15337,-15.80478],[-52.15384,-15.80681],[-52.15511,-15.80933],[-52.15587,-15.80994],[-52.15804,-15.8099],[-52.1596,-15.80951],[-52.1635,-15.80988],[-52.16727,-15.80984],[-52.17147,-15.80932],[-52.1753,-15.80822],[-52.17739,-15.80733],[-52.18001,-15.80583],[-52.18164,-15.80537],[-52.17018,-15.79389],[-52.16727,-15.79286],[-52.1657,-15.79171],[-52.16296,-15.78871],[-52.16242,-15.78777],[-52.16205,-15.78585],[-52.16224,-15.78318],[-52.1614,-15.78232],[-52.16044,-15.7796],[-52.16031,-15.77703],[-52.15865,-15.77321],[-52.15819,-15.77254],[-52.15779,-15.7706],[-52.15877,-15.76925],[-52.15839,-15.76668],[-52.15912,-15.76395],[-52.15876,-15.76029],[-52.15794,-15.75743],[-52.1573,-15.75371],[-52.15619,-15.7507],[-52.15587,-15.74913],[-52.15611,-15.74774],[-52.15598,-15.74604],[-52.15531,-15.74354],[-52.15505,-15.74158],[-52.15524,-15.73851],[-52.15523,-15.73597],[-52.15579,-15.73332],[-52.15661,-15.73036],[-52.15666,-15.72895],[-52.15636,-15.72692],[-52.15652,-15.72564],[-52.15752,-15.72333],[-52.15857,-15.72196],[-52.16014,-15.72033],[-52.16013,-15.71855],[-52.15747,-15.71456],[-52.15465,-15.70968],[-52.15277,-15.70834],[-52.15207,-15.70747],[-52.15176,-15.70621],[-52.1498,-15.70348],[-52.14976,-15.70194],[-52.15013,-15.69979],[-52.14911,-15.69703],[-52.14886,-15.69527],[-52.15036,-15.69295],[-52.15147,-15.69207],[-52.15297,-15.68944],[-52.15436,-15.68822],[-52.15699,-15.6868],[-52.15795,-15.68565],[-52.15795,-15.68457],[-52.15844,-15.68351],[-52.16164,-15.681],[-52.1623,-15.68006],[-52.16267,-15.6783],[-52.16324,-15.67678],[-52.16336,-15.67468],[-52.16368,-15.67367],[-52.16454,-15.67289],[-52.16441,-15.67175],[-52.16514,-15.67108],[-52.16548,-15.66958],[-52.16609,-15.66918],[-52.16669,-15.66692],[-52.16817,-15.66594],[-52.16858,-15.66491],[-52.16799,-15.66252],[-52.16823,-15.66089],[-52.16819,-15.65894],[-52.16878,-15.65716],[-52.16889,-15.65594],[-52.16831,-15.65388],[-52.16805,-15.65107],[-52.16646,-15.64981],[-52.16485,-15.64705],[-52.16413,-15.64538],[-52.16364,-15.64265],[-52.16368,-15.64128],[-52.1628,-15.63875],[-52.16129,-15.63631],[-52.16096,-15.63542],[-52.16097,-15.63323],[-52.16282,-15.6295],[-52.16363,-15.62736],[-52.16374,-15.62591],[-52.16335,-15.6226],[-52.16324,-15.6202],[-52.16342,-15.61878],[-52.16577,-15.61453],[-52.16652,-15.61184],[-52.1673,-15.61036],[-52.16825,-15.60943],[-52.16934,-15.60897],[-52.17456,-15.60896],[-52.17593,-15.60824],[-52.17642,-15.60711],[-52.17651,-15.60199],[-52.17552,-15.6005],[-52.1741,-15.59967],[-52.17324,-15.59869],[-52.17244,-15.5971],[-52.17126,-15.5958],[-52.17054,-15.5943],[-52.16862,-15.59316],[-52.16801,-15.59206],[-52.16708,-15.59118],[-52.1664,-15.58987],[-52.16511,-15.58902],[-52.16408,-15.58736],[-52.16257,-15.58628],[-52.15928,-15.58523],[-52.1566,-15.58387],[-52.1553,-15.58263],[-52.15478,-15.58128],[-52.15314,-15.58114],[-52.15282,-15.58044],[-52.15137,-15.57976],[-52.15061,-15.57826],[-52.15053,-15.57651],[-52.1511,-15.57483],[-52.15078,-15.57364],[-52.15128,-15.57215],[-52.15092,-15.57094],[-52.14969,-15.56995],[-52.14758,-15.5677],[-52.14738,-15.56684],[-52.14637,-15.56546],[-52.14516,-15.56486],[-52.14528,-15.56377],[-52.1484,-15.56074],[-52.14921,-15.55933],[-52.14888,-15.55717],[-52.14918,-15.55264],[-52.14878,-15.55058],[-52.14906,-15.54941],[-52.1481,-15.54779],[-52.14751,-15.54529],[-52.14586,-15.54502],[-52.14532,-15.54449],[-52.14554,-15.54339],[-52.14331,-15.54129],[-52.14223,-15.54138],[-52.14181,-15.54024],[-52.13902,-15.53779],[-52.13756,-15.53541],[-52.13638,-15.53505],[-52.13401,-15.53518],[-52.12755,-15.53336],[-52.12475,-15.53377],[-52.12378,-15.53298],[-52.11941,-15.53066],[-52.11852,-15.52908],[-52.11646,-15.52848],[-52.11454,-15.52652],[-52.11247,-15.52511],[-52.10946,-15.5228],[-52.1074,-15.52054],[-52.1039,-15.52054],[-52.10289,-15.51969],[-52.10269,-15.51821],[-52.10182,-15.5163],[-52.10126,-15.51452],[-52.10014,-15.51423],[-52.09963,-15.51524],[-52.09878,-15.51457],[-52.09697,-15.51448],[-52.0971,-15.51334],[-52.09523,-15.51282],[-52.0929,-15.51171],[-52.08922,-15.50933],[-52.08824,-15.50844],[-52.08866,-15.50743],[-52.08764,-15.50618],[-52.08499,-15.50652],[-52.08489,-15.50573],[-52.08118,-15.50325],[-52.07749,-15.50176],[-52.07529,-15.50139],[-52.07328,-15.49935],[-52.07261,-15.50021],[-52.07206,-15.50178],[-52.0723,-15.5033],[-52.06984,-15.50351],[-52.06837,-15.50418],[-52.06714,-15.50413],[-52.06674,-15.50325],[-52.06508,-15.50424],[-52.06403,-15.50545],[-52.06323,-15.50543],[-52.06251,-15.50644],[-52.06141,-15.5065],[-52.06015,-15.50495],[-52.06056,-15.50318],[-52.06047,-15.50189],[-52.06084,-15.50045],[-52.05903,-15.49852],[-52.05803,-15.49783],[-52.05688,-15.49556],[-52.05618,-15.4963],[-52.05449,-15.49542],[-52.05403,-15.49371],[-52.05304,-15.49276],[-52.05388,-15.49232],[-52.05407,-15.49077],[-52.05315,-15.48976],[-52.05308,-15.48824],[-52.05388,-15.48755],[-52.05425,-15.48638],[-52.05417,-15.48455],[-52.0535,-15.48397],[-52.05398,-15.48331],[-52.05333,-15.48085],[-52.05233,-15.47981],[-52.05221,-15.47889],[-52.05141,-15.47841],[-52.0513,-15.47712],[-52.05054,-15.4762],[-52.05268,-15.47573],[-52.05342,-15.47464],[-52.05388,-15.47301],[-52.05309,-15.47129],[-52.05397,-15.47075],[-52.05422,-15.46852],[-52.05465,-15.4669],[-52.05466,-15.46446],[-52.05507,-15.46319],[-52.056,-15.46259],[-52.05597,-15.46005],[-52.05685,-15.45903],[-52.05667,-15.45837],[-52.05733,-15.45626],[-52.05809,-15.45517],[-52.0581,-15.45379],[-52.05899,-15.45281],[-52.0585,-15.45138],[-52.0581,-15.44892],[-52.05697,-15.44453],[-52.05601,-15.44322],[-52.05657,-15.44148],[-52.05612,-15.43978],[-52.05663,-15.43893],[-52.05597,-15.43839],[-52.05681,-15.43612],[-52.05787,-15.43639],[-52.05832,-15.43549],[-52.05833,-15.43326],[-52.05726,-15.43341],[-52.05795,-15.43047],[-52.05862,-15.43018],[-52.05837,-15.42768],[-52.05801,-15.42626],[-52.05736,-15.42506],[-52.05771,-15.42379],[-52.05671,-15.42289],[-52.05677,-15.42207],[-52.05752,-15.42153],[-52.05745,-15.42069],[-52.05657,-15.41819],[-52.05716,-15.41679],[-52.05587,-15.4159],[-52.05623,-15.41497],[-52.05554,-15.41409],[-52.05527,-15.41273],[-52.05264,-15.41168],[-52.05254,-15.41077],[-52.05182,-15.40998],[-52.05187,-15.40894],[-52.05103,-15.40807],[-52.05166,-15.40705],[-52.05125,-15.40619],[-52.05194,-15.40521],[-52.05141,-15.4043],[-52.05156,-15.40291],[-52.05108,-15.40158],[-52.05198,-15.4008],[-52.05222,-15.39964],[-52.05281,-15.39901],[-52.05429,-15.3985],[-52.05441,-15.3979],[-52.05368,-15.39652],[-52.05404,-15.39523],[-52.05367,-15.39433],[-52.05396,-15.39363],[-52.05328,-15.39279],[-52.0535,-15.39111],[-52.05312,-15.38897],[-52.05372,-15.38669],[-52.05522,-15.38419],[-52.05502,-15.38331],[-52.05531,-15.38202],[-52.05519,-15.37931],[-52.05464,-15.37674],[-52.05472,-15.37507],[-52.05513,-15.3725],[-52.05421,-15.37084],[-52.0546,-15.37006],[-52.0543,-15.36875],[-52.0535,-15.36734],[-52.05351,-15.36642],[-52.05447,-15.36501],[-52.05426,-15.36285],[-52.05393,-15.36195],[-52.05457,-15.36069],[-52.05565,-15.36004],[-52.05718,-15.35986],[-52.05797,-15.35924],[-52.0589,-15.35764],[-52.05871,-15.35637],[-52.05769,-15.35509],[-52.058,-15.35432],[-52.05772,-15.3522],[-52.05798,-15.35052],[-52.05724,-15.34911],[-52.05708,-15.34746],[-52.0557,-15.34614],[-52.05531,-15.3454],[-52.05567,-15.34405],[-52.0556,-15.34277],[-52.05486,-15.34],[-52.05556,-15.33882],[-52.05453,-15.33857],[-52.05469,-15.33769],[-52.054,-15.33706],[-52.05458,-15.33617],[-52.05461,-15.33359],[-52.05307,-15.33048],[-52.05264,-15.32823],[-52.05323,-15.32691],[-52.05182,-15.32531],[-52.05069,-15.32295],[-52.05049,-15.32184],[-52.05068,-15.3199],[-52.05127,-15.31735],[-52.05241,-15.31688],[-52.05263,-15.31619],[-52.05133,-15.31353],[-52.05165,-15.31286],[-52.05297,-15.31283],[-52.05327,-15.31096],[-52.05176,-15.30859],[-52.05034,-15.3077],[-52.04919,-15.30562],[-52.04768,-15.30406],[-52.04785,-15.30332],[-52.05055,-15.30151],[-52.05136,-15.29986],[-52.05123,-15.29861],[-52.05051,-15.29753],[-52.04901,-15.29648],[-52.04798,-15.29526],[-52.04647,-15.29589],[-52.04578,-15.29552],[-52.04609,-15.29445],[-52.04462,-15.29371],[-52.04399,-15.29197],[-52.04455,-15.29157],[-52.04484,-15.29008],[-52.04575,-15.28931],[-52.04599,-15.28839],[-52.04684,-15.28724],[-52.04597,-15.28541],[-52.04627,-15.28406],[-52.04516,-15.28342],[-52.04439,-15.2822],[-52.04467,-15.28089],[-52.04427,-15.28004],[-52.04526,-15.27853]]],[[[-52.8474,-15.34008],[-52.84785,-15.34104],[-52.84866,-15.34141],[-52.84871,-15.34245],[-52.84735,-15.34308],[-52.84697,-15.34268],[-52.84563,-15.34317],[-52.84529,-15.34374],[-52.84565,-15.34483],[-52.84547,-15.34599],[-52.84649,-15.34701],[-52.84654,-15.3485],[-52.84765,-15.34867],[-52.84964,-15.3501],[-52.84942,-15.35104],[-52.8481,-15.35081],[-52.84696,-15.35115],[-52.84475,-15.35225],[-52.84489,-15.35371],[-52.84445,-15.35406],[-52.84128,-15.35445],[-52.83975,-15.35428],[-52.83817,-15.35522],[-52.83764,-15.35658],[-52.83755,-15.35791],[-52.83491,-15.35855],[-52.83273,-15.35989],[-52.83241,-15.36048],[-52.83269,-15.36176],[-52.83204,-15.36274],[-52.83092,-15.36245],[-52.82953,-15.36128],[-52.82864,-15.36103],[-52.82788,-15.35842],[-52.8272,-15.35741],[-52.82477,-15.35852],[-52.82391,-15.3595],[-52.82287,-15.35931],[-52.82045,-15.35818],[-52.82024,-15.35678],[-52.81964,-15.35598],[-52.81742,-15.35628],[-52.81678,-15.35741],[-52.81687,-15.35831],[-52.81764,-15.35907],[-52.81692,-15.36014],[-52.8157,-15.35969],[-52.81498,-15.35873],[-52.81394,-15.35818],[-52.813,-15.35893],[-52.81148,-15.35955],[-52.81042,-15.35921],[-52.81071,-15.35778],[-52.81103,-15.35415],[-52.81052,-15.35166],[-52.81091,-15.35037],[-52.81,-15.34936],[-52.81006,-15.34855],[-52.80961,-15.34654],[-52.80842,-15.34602],[-52.80778,-15.34428],[-52.808,-15.34235],[-52.80648,-15.34197],[-52.8033,-15.34086],[-52.80289,-15.33929],[-52.80266,-15.33717],[-52.80199,-15.33598],[-52.80062,-15.33501],[-52.79977,-15.33388],[-52.79841,-15.33335],[-52.79706,-15.33216],[-52.79511,-15.33201],[-52.79472,-15.33136],[-52.79321,-15.33096],[-52.79026,-15.33079],[-52.78865,-15.33089],[-52.7879,-15.33001],[-52.78479,-15.33045],[-52.78321,-15.32987],[-52.78141,-15.33018],[-52.78057,-15.32982],[-52.77897,-15.33015],[-52.77726,-15.32993],[-52.77565,-15.33045],[-52.77421,-15.33137],[-52.7715,-15.33114],[-52.76736,-15.32987],[-52.76579,-15.33],[-52.76229,-15.32961],[-52.75968,-15.33062],[-52.75811,-15.33181],[-52.75488,-15.33262],[-52.75358,-15.33333],[-52.75138,-15.33373],[-52.74983,-15.33578],[-52.74891,-15.33629],[-52.74686,-15.33626],[-52.74509,-15.33675],[-52.74433,-15.33735],[-52.74293,-15.33747],[-52.74083,-15.33807],[-52.73925,-15.33908],[-52.7358,-15.33862],[-52.73472,-15.33957],[-52.73344,-15.34139],[-52.7317,-15.34183],[-52.73054,-15.34251],[-52.72871,-15.34318],[-52.72396,-15.34568],[-52.72137,-15.34612],[-52.71984,-15.347],[-52.71727,-15.34791],[-52.71591,-15.3488],[-52.71538,-15.3496],[-52.71413,-15.3503],[-52.71253,-15.35021],[-52.71017,-15.35129],[-52.70949,-15.3533],[-52.70859,-15.35362],[-52.70555,-15.35258],[-52.70225,-15.35318],[-52.69923,-15.35323],[-52.69739,-15.35406],[-52.69606,-15.35546],[-52.6915,-15.35582],[-52.68994,-15.35634],[-52.68736,-15.35759],[-52.68697,-15.35801],[-52.68358,-15.3595],[-52.68213,-15.36048],[-52.68045,-15.36065],[-52.67959,-15.36034],[-52.67732,-15.36239],[-52.6764,-15.36272],[-52.67541,-15.36362],[-52.67347,-15.36427],[-52.67125,-15.36571],[-52.6704,-15.3668],[-52.66752,-15.36763],[-52.66722,-15.36869],[-52.66633,-15.3697],[-52.66518,-15.3702],[-52.66436,-15.37125],[-52.66243,-15.37303],[-52.66057,-15.37405],[-52.65772,-15.37425],[-52.65761,-15.37506],[-52.65615,-15.37567],[-52.65406,-15.37547],[-52.65369,-15.37652],[-52.65118,-15.37744],[-52.64934,-15.37854],[-52.64761,-15.37916],[-52.64567,-15.37885],[-52.64392,-15.37928],[-52.64261,-15.3788],[-52.6403,-15.37949],[-52.6398,-15.38],[-52.63772,-15.37997],[-52.63536,-15.37946],[-52.63444,-15.37978],[-52.63238,-15.37934],[-52.63096,-15.37973],[-52.62995,-15.37942],[-52.62709,-15.37898],[-52.62627,-15.37836],[-52.62413,-15.37812],[-52.62365,-15.37767],[-52.62128,-15.37756],[-52.62038,-15.37711],[-52.61846,-15.3773],[-52.61746,-15.37779],[-52.61449,-15.37627],[-52.61269,-15.37624],[-52.61225,-15.37596],[-52.60966,-15.37622],[-52.60842,-15.37733],[-52.60591,-15.37745],[-52.60115,-15.37664],[-52.60018,-15.37682],[-52.59736,-15.37583],[-52.59597,-15.37573],[-52.59405,-15.37521],[-52.59322,-15.37463],[-52.59141,-15.37461],[-52.58898,-15.37343],[-52.58801,-15.37355],[-52.58673,-15.37273],[-52.58458,-15.37334],[-52.58309,-15.37329],[-52.58248,-15.3718],[-52.58187,-15.37129],[-52.58079,-15.37148],[-52.57963,-15.37013],[-52.57236,-15.36759],[-52.57163,-15.36763],[-52.56911,-15.36614],[-52.56698,-15.36554],[-52.56575,-15.36474],[-52.56303,-15.36441],[-52.56255,-15.36388],[-52.55951,-15.363],[-52.5587,-15.36332],[-52.55587,-15.36272],[-52.55387,-15.36171],[-52.5537,-15.36086],[-52.55151,-15.35941],[-52.55105,-15.35747],[-52.54897,-15.35638],[-52.54785,-15.35623],[-52.54613,-15.35538],[-52.54503,-15.35447],[-52.54458,-15.35344],[-52.54332,-15.35241],[-52.54101,-15.35117],[-52.53988,-15.35101],[-52.53876,-15.35009],[-52.53633,-15.34918],[-52.53567,-15.34964],[-52.53413,-15.34962],[-52.53043,-15.34913],[-52.52806,-15.34867],[-52.52681,-15.34914],[-52.5229,-15.34956],[-52.52049,-15.34916],[-52.51719,-15.34717],[-52.51603,-15.3477],[-52.51458,-15.34721],[-52.51316,-15.34724],[-52.51208,-15.34813],[-52.51024,-15.3484],[-52.50903,-15.35003],[-52.50847,-15.35021],[-52.50529,-15.34979],[-52.50424,-15.34927],[-52.50335,-15.34966],[-52.5029,-15.34895],[-52.50181,-15.34966],[-52.50045,-15.34927],[-52.49721,-15.34901],[-52.49298,-15.35073],[-52.49193,-15.35066],[-52.49045,-15.34916],[-52.48946,-15.3487],[-52.4881,-15.34853],[-52.48585,-15.34789],[-52.55247,-15.30179],[-52.55485,-15.29931],[-52.55714,-15.29374],[-52.55848,-15.291],[-52.56055,-15.28869],[-52.56399,-15.2861],[-52.56552,-15.28354],[-52.56622,-15.28135],[-52.56746,-15.2764],[-52.56738,-15.27418],[-52.56807,-15.27207],[-52.57658,-15.2647],[-52.57687,-15.26347],[-52.57919,-15.26177],[-52.58066,-15.25862],[-52.58318,-15.25655],[-52.58422,-15.25468],[-52.58608,-15.25326],[-52.58709,-15.2508],[-52.58929,-15.24915],[-52.59172,-15.24912],[-52.59444,-15.24753],[-52.59594,-15.24756],[-52.59661,-15.24711],[-52.59817,-15.24711],[-52.59948,-15.2465],[-52.60072,-15.24549],[-52.6028,-15.24468],[-52.60515,-15.24452],[-52.60651,-15.24496],[-52.60743,-15.24387],[-52.61056,-15.24346],[-52.61224,-15.24262],[-52.61418,-15.24315],[-52.61591,-15.24267],[-52.61622,-15.23994],[-52.61802,-15.23772],[-52.61898,-15.2361],[-52.62023,-15.23529],[-52.62033,-15.23465],[-52.62139,-15.23373],[-52.62216,-15.23187],[-52.62406,-15.23017],[-52.62388,-15.22933],[-52.62485,-15.22842],[-52.62533,-15.2287],[-52.6271,-15.22801],[-52.62797,-15.22721],[-52.62935,-15.2272],[-52.63013,-15.22614],[-52.63167,-15.22622],[-52.63369,-15.22525],[-52.63585,-15.22281],[-52.63695,-15.22239],[-52.63773,-15.22128],[-52.6393,-15.21992],[-52.64056,-15.21987],[-52.64251,-15.21911],[-52.64483,-15.2178],[-52.64518,-15.2174],[-52.64742,-15.21822],[-52.6499,-15.21764],[-52.65089,-15.21794],[-52.65164,-15.21737],[-52.65466,-15.21778],[-52.65682,-15.21682],[-52.66024,-15.21676],[-52.66102,-15.21785],[-52.66185,-15.21835],[-52.66416,-15.21856],[-52.66543,-15.21889],[-52.66738,-15.22049],[-52.66866,-15.22117],[-52.67108,-15.22174],[-52.67193,-15.22248],[-52.6728,-15.22258],[-52.6747,-15.22349],[-52.67522,-15.22477],[-52.67608,-15.22576],[-52.67881,-15.22761],[-52.68016,-15.228],[-52.68137,-15.22791],[-52.68218,-15.22838],[-52.6819,-15.22964],[-52.68292,-15.23106],[-52.68452,-15.23106],[-52.68651,-15.23202],[-52.68831,-15.23192],[-52.68954,-15.23098],[-52.69158,-15.23109],[-52.69365,-15.23254],[-52.695,-15.23279],[-52.69703,-15.23431],[-52.69988,-15.23482],[-52.70232,-15.23463],[-52.70461,-15.23326],[-52.70551,-15.23315],[-52.70734,-15.23354],[-52.70793,-15.23393],[-52.70917,-15.23331],[-52.71053,-15.23224],[-52.71188,-15.23253],[-52.71414,-15.23226],[-52.7162,-15.23342],[-52.71697,-15.23326],[-52.71855,-15.2317],[-52.71893,-15.22942],[-52.71956,-15.22861],[-52.72022,-15.22687],[-52.72103,-15.22614],[-52.72258,-15.22562],[-52.72333,-15.22436],[-52.72275,-15.22347],[-52.72398,-15.22233],[-52.72547,-15.22173],[-52.72678,-15.22059],[-52.72864,-15.22015],[-52.72895,-15.21918],[-52.73039,-15.21864],[-52.73137,-15.2186],[-52.73165,-15.21784],[-52.7339,-15.21697],[-52.7353,-15.21708],[-52.73642,-15.21636],[-52.73655,-15.21491],[-52.73708,-15.21362],[-52.73833,-15.21329],[-52.73884,-15.21275],[-52.74111,-15.21182],[-52.74218,-15.21069],[-52.74431,-15.20962],[-52.74414,-15.20758],[-52.74468,-15.20689],[-52.74491,-15.2055],[-52.74555,-15.20456],[-52.74507,-15.20361],[-52.74572,-15.20301],[-52.74715,-15.20243],[-52.7479,-15.20132],[-52.74911,-15.19881],[-52.74897,-15.19786],[-52.74773,-15.19648],[-52.74765,-15.19407],[-52.74783,-15.1923],[-52.74833,-15.19106],[-52.7475,-15.18994],[-52.74646,-15.19015],[-52.7457,-15.18927],[-52.74579,-15.1882],[-52.74772,-15.18695],[-52.75046,-15.18597],[-52.7512,-15.18589],[-52.75185,-15.18491],[-52.75148,-15.18343],[-52.75161,-15.1821],[-52.75329,-15.17959],[-52.75336,-15.17856],[-52.75276,-15.17758],[-52.75242,-15.17544],[-52.75271,-15.17423],[-52.75368,-15.17402],[-52.7557,-15.17089],[-52.75719,-15.16996],[-52.75723,-15.16905],[-52.75631,-15.16872],[-52.7569,-15.16728],[-52.75956,-15.16683],[-52.76093,-15.16518],[-52.76159,-15.16324],[-52.76256,-15.16307],[-52.76357,-15.16351],[-52.76607,-15.16325],[-52.76638,-15.16235],[-52.76755,-15.16203],[-52.76824,-15.16096],[-52.76945,-15.1613],[-52.77018,-15.16026],[-52.7699,-15.15929],[-52.77099,-15.15826],[-52.77309,-15.15782],[-52.77324,-15.15725],[-52.7745,-15.15644],[-52.77585,-15.15595],[-52.77635,-15.15504],[-52.77765,-15.1546],[-52.77935,-15.15439],[-52.78057,-15.15472],[-52.78306,-15.15168],[-52.78402,-15.1519],[-52.7843,-15.1504],[-52.784,-15.14896],[-52.78597,-15.14875],[-52.7855,-15.14737],[-52.78676,-15.14646],[-52.78486,-15.14513],[-52.78473,-15.1434],[-52.78409,-15.1426],[-52.78432,-15.14153],[-52.78611,-15.13944],[-52.78585,-15.13858],[-52.78492,-15.1387],[-52.78372,-15.13798],[-52.78299,-15.13713],[-52.78415,-15.13562],[-52.78444,-15.13475],[-52.78611,-15.13333],[-52.78729,-15.1318],[-52.78818,-15.1318],[-52.78931,-15.13244],[-52.79042,-15.13209],[-52.79151,-15.13061],[-52.79079,-15.12961],[-52.7908,-15.12888],[-52.79184,-15.12824],[-52.79393,-15.12774],[-52.79575,-15.12754],[-52.79677,-15.12651],[-52.79544,-15.12505],[-52.7955,-15.12264],[-52.7961,-15.12222],[-52.79811,-15.12187],[-52.79917,-15.12031],[-52.80142,-15.11994],[-52.8027,-15.11867],[-52.80581,-15.11814],[-52.80801,-15.11596],[-52.80917,-15.11582],[-52.81056,-15.11412],[-52.81191,-15.11199],[-52.81238,-15.11051],[-52.81256,-15.10755],[-52.81295,-15.106],[-52.8141,-15.10458],[-52.8151,-15.10634],[-52.81672,-15.10798],[-52.82072,-15.11041],[-52.8278,-15.11568],[-52.83111,-15.11793],[-52.84058,-15.12467],[-52.84206,-15.12635],[-52.84543,-15.13086],[-52.84827,-15.13674],[-52.85103,-15.14211],[-52.85152,-15.14402],[-52.85285,-15.14733],[-52.85509,-15.15097],[-52.85663,-15.15376],[-52.85934,-15.15663],[-52.85972,-15.15881],[-52.85969,-15.16069],[-52.86019,-15.16367],[-52.86162,-15.16667],[-52.86944,-15.17641],[-52.87257,-15.18],[-52.87522,-15.18327],[-52.87653,-15.18511],[-52.8784,-15.18962],[-52.87872,-15.19159],[-52.8792,-15.19686],[-52.87992,-15.19789],[-52.88252,-15.19919],[-52.88458,-15.19983],[-52.88745,-15.20123],[-52.88853,-15.20228],[-52.88933,-15.20353],[-52.89436,-15.20869],[-52.89768,-15.2128],[-52.89982,-15.21597],[-52.90062,-15.21756],[-52.90148,-15.21998],[-52.90197,-15.22412],[-52.90197,-15.22602],[-52.90172,-15.22842],[-52.9008,-15.23146],[-52.8986,-15.23605],[-52.8985,-15.23825],[-52.89871,-15.23984],[-52.8996,-15.24096],[-52.90122,-15.24218],[-52.90311,-15.24303],[-52.90592,-15.24302],[-52.90736,-15.24253],[-52.90921,-15.24114],[-52.91121,-15.24047],[-52.91306,-15.24062],[-52.91493,-15.24113],[-52.91735,-15.24219],[-52.91975,-15.24358],[-52.92175,-15.24431],[-52.92634,-15.24841],[-52.92933,-15.25152],[-52.93065,-15.25355],[-52.93144,-15.25569],[-52.93158,-15.26016],[-52.93215,-15.26283],[-52.93408,-15.2653],[-52.93868,-15.26903],[-52.93753,-15.27068],[-52.93648,-15.27054],[-52.93098,-15.26899],[-52.92881,-15.26854],[-52.9279,-15.26881],[-52.92644,-15.26999],[-52.92614,-15.27105],[-52.92698,-15.27473],[-52.92767,-15.27625],[-52.92883,-15.27707],[-52.92889,-15.2776],[-52.92729,-15.27956],[-52.92511,-15.2812],[-52.92287,-15.28168],[-52.923,-15.28432],[-52.92235,-15.28623],[-52.92249,-15.28768],[-52.92168,-15.2906],[-52.9206,-15.29326],[-52.92045,-15.29445],[-52.92207,-15.29635],[-52.92159,-15.29805],[-52.92196,-15.29855],[-52.9252,-15.2989],[-52.92556,-15.29974],[-52.9253,-15.30162],[-52.92285,-15.30161],[-52.91895,-15.29925],[-52.91789,-15.30006],[-52.91498,-15.29815],[-52.9133,-15.29831],[-52.9122,-15.29898],[-52.91217,-15.30105],[-52.91186,-15.30172],[-52.90942,-15.30021],[-52.90913,-15.2996],[-52.90804,-15.29904],[-52.90618,-15.29873],[-52.90503,-15.29744],[-52.9052,-15.29604],[-52.90465,-15.29436],[-52.90408,-15.29416],[-52.90236,-15.29689],[-52.90164,-15.29753],[-52.90016,-15.30028],[-52.9005,-15.3015],[-52.90148,-15.30285],[-52.90121,-15.30409],[-52.89963,-15.30539],[-52.89843,-15.30552],[-52.89682,-15.305],[-52.89414,-15.30266],[-52.8933,-15.30273],[-52.89323,-15.30647],[-52.89297,-15.30729],[-52.8904,-15.30809],[-52.88749,-15.3093],[-52.88691,-15.30879],[-52.88796,-15.30726],[-52.8884,-15.30596],[-52.88796,-15.30529],[-52.88673,-15.30542],[-52.88488,-15.30613],[-52.88225,-15.30525],[-52.88157,-15.30556],[-52.87983,-15.3081],[-52.87901,-15.3088],[-52.87685,-15.30933],[-52.87577,-15.31044],[-52.87364,-15.31008],[-52.87189,-15.31174],[-52.87018,-15.31258],[-52.86956,-15.31051],[-52.86834,-15.31043],[-52.86766,-15.31143],[-52.86766,-15.31255],[-52.86681,-15.31336],[-52.86477,-15.31416],[-52.86306,-15.31442],[-52.86157,-15.31636],[-52.85994,-15.31781],[-52.85979,-15.31876],[-52.85882,-15.31939],[-52.85752,-15.31953],[-52.85656,-15.31893],[-52.85516,-15.31746],[-52.85374,-15.31784],[-52.85298,-15.3188],[-52.85555,-15.3214],[-52.85538,-15.32235],[-52.85266,-15.32366],[-52.85254,-15.32591],[-52.85347,-15.32674],[-52.85298,-15.32847],[-52.85083,-15.32859],[-52.8504,-15.33078],[-52.84994,-15.33141],[-52.84765,-15.33212],[-52.84632,-15.33369],[-52.84457,-15.3348],[-52.84464,-15.33575],[-52.84577,-15.33579],[-52.84678,-15.33711],[-52.84653,-15.33795],[-52.8474,-15.34008]]]]},"properties":{"codigo":"510180305","name":"Barra do Garças","population":64034,"households":30283,"areaKm2":3382.2101,"density":18.9}},{"type":"Feature","geometry":{"type":"Polygon","coordinates":[[[-52.01589,-14.80205],[-52.01781,-14.8025],[-52.02011,-14.80423],[-52.02068,-14.80678],[-52.02168,-14.80753],[-52.02147,-14.80961],[-52.02173,-14.81115],[-52.02125,-14.81287],[-52.02372,-14.81337],[-52.0274,-14.81516],[-52.02962,-14.81588],[-52.03122,-14.81607],[-52.03216,-14.81582],[-52.03473,-14.81615],[-52.03515,-14.81556],[-52.03638,-14.81654],[-52.03684,-14.81756],[-52.03629,-14.81833],[-52.03814,-14.81856],[-52.0387,-14.81739],[-52.03938,-14.81745],[-52.04058,-14.81909],[-52.04162,-14.81915],[-52.04396,-14.82039],[-52.04468,-14.82036],[-52.04577,-14.81961],[-52.04655,-14.81958],[-52.04748,-14.82048],[-52.0471,-14.82127],[-52.04771,-14.82232],[-52.04772,-14.82388],[-52.04811,-14.82475],[-52.04962,-14.82626],[-52.05092,-14.82718],[-52.05393,-14.82863],[-52.05464,-14.82949],[-52.05582,-14.82999],[-52.0569,-14.82929],[-52.05734,-14.83045],[-52.05719,-14.83329],[-52.05618,-14.83587],[-52.05668,-14.83708],[-52.05815,-14.83758],[-52.05977,-14.83749],[-52.06197,-14.83825],[-52.06311,-14.83902],[-52.06436,-14.8409],[-52.06575,-14.84173],[-52.06671,-14.84299],[-52.0673,-14.8449],[-52.0678,-14.8455],[-52.06908,-14.8461],[-52.07102,-14.84511],[-52.07252,-14.84558],[-52.07378,-14.84563],[-52.07567,-14.84526],[-52.07651,-14.84534],[-52.07694,-14.84654],[-52.07687,-14.84745],[-52.07772,-14.84917],[-52.07848,-14.84997],[-52.08001,-14.85053],[-52.08112,-14.85157],[-52.08235,-14.85218],[-52.08119,-14.85277],[-52.08169,-14.85551],[-52.08219,-14.85624],[-52.08296,-14.85625],[-52.08383,-14.85551],[-52.08401,-14.85445],[-52.08494,-14.85415],[-52.08629,-14.85466],[-52.08754,-14.85434],[-52.08872,-14.85461],[-52.08917,-14.85524],[-52.0897,-14.85738],[-52.0907,-14.8581],[-52.09044,-14.85988],[-52.09109,-14.86057],[-52.0923,-14.85991],[-52.09359,-14.86052],[-52.09488,-14.85989],[-52.09599,-14.86032],[-52.09789,-14.85997],[-52.09989,-14.85785],[-52.10284,-14.85831],[-52.10269,-14.85975],[-52.10374,-14.86074],[-52.10525,-14.85993],[-52.10608,-14.85759],[-52.10722,-14.85705],[-52.10787,-14.85622],[-52.10911,-14.85568],[-52.11082,-14.85365],[-52.11291,-14.85325],[-52.11324,-14.85225],[-52.11287,-14.84905],[-52.11331,-14.84869],[-52.1158,-14.84879],[-52.11752,-14.84909],[-52.11917,-14.84836],[-52.12012,-14.84624],[-52.12102,-14.84527],[-52.12293,-14.84479],[-52.12257,-14.84372],[-52.12283,-14.84305],[-52.12413,-14.84308],[-52.12625,-14.84203],[-52.12708,-14.84223],[-52.12762,-14.84317],[-52.12924,-14.84407],[-52.13036,-14.84433],[-52.13225,-14.84563],[-52.13401,-14.84597],[-52.13439,-14.84691],[-52.13445,-14.84875],[-52.13548,-14.84985],[-52.13562,-14.85072],[-52.13463,-14.851],[-52.13501,-14.8518],[-52.13666,-14.85153],[-52.1379,-14.85095],[-52.13963,-14.8485],[-52.14094,-14.84866],[-52.1415,-14.84806],[-52.14087,-14.84698],[-52.1416,-14.84668],[-52.14331,-14.84722],[-52.14498,-14.84715],[-52.14664,-14.84604],[-52.14674,-14.84413],[-52.14773,-14.84381],[-52.1492,-14.84385],[-52.15119,-14.8433],[-52.15184,-14.84489],[-52.15358,-14.84465],[-52.15414,-14.84361],[-52.15376,-14.83993],[-52.15443,-14.83898],[-52.15709,-14.83755],[-52.15851,-14.8361],[-52.16008,-14.8357],[-52.1611,-14.835],[-52.16191,-14.8349],[-52.16367,-14.83544],[-52.16522,-14.83519],[-52.16642,-14.83549],[-52.16776,-14.83638],[-52.17,-14.83732],[-52.17067,-14.83719],[-52.17167,-14.83563],[-52.17389,-14.83475],[-52.17432,-14.83392],[-52.17556,-14.8336],[-52.17693,-14.83194],[-52.1768,-14.83026],[-52.17601,-14.82798],[-52.17605,-14.82685],[-52.1774,-14.8252],[-52.17901,-14.82452],[-52.17949,-14.82302],[-52.18035,-14.82214],[-52.18156,-14.82167],[-52.18263,-14.82015],[-52.18321,-14.81826],[-52.18466,-14.81828],[-52.18555,-14.81768],[-52.18703,-14.81794],[-52.1877,-14.81774],[-52.18868,-14.8167],[-52.19,-14.81635],[-52.19113,-14.81514],[-52.19146,-14.81358],[-52.19211,-14.81314],[-52.19345,-14.81434],[-52.19554,-14.81378],[-52.1966,-14.81415],[-52.19841,-14.81629],[-52.19904,-14.81679],[-52.19864,-14.819],[-52.19873,-14.81968],[-52.19961,-14.82085],[-52.2002,-14.82227],[-52.20188,-14.82383],[-52.20226,-14.82518],[-52.20336,-14.82688],[-52.20348,-14.82766],[-52.20428,-14.82854],[-52.20468,-14.82972],[-52.20549,-14.83058],[-52.20683,-14.82999],[-52.20779,-14.82826],[-52.20903,-14.82799],[-52.21111,-14.82937],[-52.21238,-14.82913],[-52.21316,-14.82825],[-52.21473,-14.82769],[-52.21605,-14.82768],[-52.21704,-14.82727],[-52.21822,-14.82622],[-52.22029,-14.82596],[-52.22188,-14.82616],[-52.22518,-14.8259],[-52.2284,-14.82659],[-52.23103,-14.82646],[-52.23235,-14.82599],[-52.23437,-14.82482],[-52.23712,-14.82279],[-52.23923,-14.82203],[-52.2406,-14.82218],[-52.24243,-14.82295],[-52.24532,-14.82555],[-52.24749,-14.82718],[-52.24892,-14.8286],[-52.25077,-14.83084],[-52.25213,-14.83292],[-52.25265,-14.83544],[-52.25348,-14.83704],[-52.25362,-14.83805],[-52.25302,-14.83931],[-52.25347,-14.84173],[-52.25328,-14.84336],[-52.25347,-14.8447],[-52.25286,-14.84676],[-52.25343,-14.84903],[-52.2529,-14.85083],[-52.25294,-14.85187],[-52.25373,-14.85446],[-52.25424,-14.85533],[-52.25724,-14.8585],[-52.25816,-14.86029],[-52.25927,-14.86131],[-52.26024,-14.86268],[-52.26139,-14.86514],[-52.26364,-14.86652],[-52.26503,-14.86819],[-52.26626,-14.86905],[-52.26828,-14.86941],[-52.27109,-14.87061],[-52.27596,-14.87101],[-52.27707,-14.87194],[-52.27794,-14.87158],[-52.27944,-14.87205],[-52.28033,-14.87191],[-52.28133,-14.8711],[-52.2821,-14.871],[-52.28306,-14.87249],[-52.28549,-14.87375],[-52.28644,-14.87589],[-52.28833,-14.87819],[-52.28973,-14.87965],[-52.29017,-14.88061],[-52.2902,-14.88195],[-52.29172,-14.88399],[-52.29225,-14.88578],[-52.29356,-14.88684],[-52.29429,-14.88791],[-52.29554,-14.88897],[-52.29761,-14.88994],[-52.30029,-14.8931],[-52.30134,-14.89377],[-52.30356,-14.89437],[-52.30451,-14.89537],[-52.30591,-14.89603],[-52.30685,-14.89683],[-52.30869,-14.89695],[-52.31103,-14.89862],[-52.3135,-14.89935],[-52.31488,-14.90052],[-52.31531,-14.9021],[-52.31568,-14.9055],[-52.31547,-14.90726],[-52.31567,-14.90796],[-52.31727,-14.90962],[-52.31757,-14.91063],[-52.31861,-14.91133],[-52.31933,-14.91286],[-52.32023,-14.91367],[-52.32069,-14.91476],[-52.32218,-14.9172],[-52.32424,-14.91972],[-52.32545,-14.92096],[-52.32596,-14.92209],[-52.32736,-14.92329],[-52.32878,-14.92418],[-52.32887,-14.92493],[-52.33062,-14.92595],[-52.33172,-14.92689],[-52.33261,-14.92713],[-52.33323,-14.92622],[-52.33403,-14.92632],[-52.33818,-14.92865],[-52.33961,-14.92975],[-52.33979,-14.93083],[-52.34203,-14.93148],[-52.34553,-14.93437],[-52.34698,-14.9346],[-52.34762,-14.93375],[-52.34874,-14.93399],[-52.34958,-14.93375],[-52.35095,-14.93416],[-52.3517,-14.93373],[-52.35262,-14.93401],[-52.35378,-14.93343],[-52.35563,-14.9336],[-52.35529,-14.93277],[-52.35634,-14.93248],[-52.35842,-14.93382],[-52.36029,-14.93451],[-52.36161,-14.93438],[-52.36268,-14.93498],[-52.36363,-14.93499],[-52.36539,-14.9336],[-52.3663,-14.9336],[-52.36724,-14.93444],[-52.36896,-14.93434],[-52.36965,-14.93469],[-52.36944,-14.93584],[-52.37031,-14.93664],[-52.37033,-14.93796],[-52.37112,-14.93884],[-52.37349,-14.9389],[-52.37432,-14.93946],[-52.37568,-14.93957],[-52.37531,-14.94067],[-52.3759,-14.94139],[-52.37663,-14.94092],[-52.37709,-14.94176],[-52.37817,-14.94224],[-52.37851,-14.94306],[-52.37931,-14.94316],[-52.38062,-14.94428],[-52.38115,-14.9455],[-52.38183,-14.94568],[-52.38217,-14.9445],[-52.38293,-14.94425],[-52.38332,-14.94331],[-52.38509,-14.94256],[-52.38605,-14.94123],[-52.38668,-14.94119],[-52.38702,-14.94006],[-52.38859,-14.93939],[-52.38921,-14.94063],[-52.39031,-14.94075],[-52.39225,-14.94024],[-52.39348,-14.94084],[-52.39452,-14.94043],[-52.39658,-14.94116],[-52.39702,-14.94199],[-52.39843,-14.94162],[-52.40012,-14.94266],[-52.4016,-14.94318],[-52.40277,-14.94311],[-52.40456,-14.94199],[-52.40638,-14.94175],[-52.40775,-14.94261],[-52.40829,-14.94227],[-52.40811,-14.94124],[-52.40911,-14.93984],[-52.41034,-14.94017],[-52.41109,-14.93943],[-52.41116,-14.93835],[-52.41265,-14.93723],[-52.4137,-14.93717],[-52.41489,-14.93631],[-52.41599,-14.93611],[-52.41761,-14.93651],[-52.41943,-14.93655],[-52.42041,-14.936],[-52.42138,-14.93593],[-52.42215,-14.93513],[-52.42362,-14.93425],[-52.42422,-14.93276],[-52.42682,-14.9312],[-52.42842,-14.92919],[-52.42971,-14.93074],[-52.43201,-14.93124],[-52.43265,-14.93052],[-52.4349,-14.92971],[-52.43568,-14.92877],[-52.43713,-14.92827],[-52.43869,-14.92626],[-52.43932,-14.9261],[-52.44098,-14.92696],[-52.44401,-14.92729],[-52.44456,-14.9286],[-52.44529,-14.9287],[-52.44606,-14.92793],[-52.44748,-14.92746],[-52.44837,-14.92624],[-52.44796,-14.92529],[-52.44868,-14.92443],[-52.44981,-14.92477],[-52.45119,-14.92353],[-52.45139,-14.92247],[-52.45293,-14.92162],[-52.45327,-14.92101],[-52.45291,-14.91978],[-52.45394,-14.91863],[-52.45402,-14.91606],[-52.45438,-14.91512],[-52.45544,-14.9151],[-52.4573,-14.91398],[-52.45745,-14.91312],[-52.45853,-14.91085],[-52.46032,-14.91028],[-52.46069,-14.90953],[-52.46029,-14.90811],[-52.46128,-14.90737],[-52.4626,-14.90766],[-52.46258,-14.90682],[-52.46158,-14.90646],[-52.46135,-14.90576],[-52.46235,-14.90487],[-52.46363,-14.90504],[-52.46432,-14.90468],[-52.46451,-14.90236],[-52.46664,-14.90048],[-52.46901,-14.89773],[-52.47041,-14.89714],[-52.47268,-14.89487],[-52.47368,-14.89337],[-52.47541,-14.89213],[-52.47735,-14.89022],[-52.47929,-14.88986],[-52.48057,-14.89029],[-52.48312,-14.89154],[-52.48454,-14.89196],[-52.48723,-14.89375],[-52.48864,-14.8942],[-52.49094,-14.89607],[-52.49178,-14.8981],[-52.49187,-14.90096],[-52.49152,-14.90339],[-52.49019,-14.90518],[-52.49654,-14.95005],[-52.5004,-14.97731],[-52.51593,-15.08698],[-52.52871,-15.17722],[-52.52936,-15.17366],[-52.53116,-15.16985],[-52.53186,-15.16872],[-52.53363,-15.1674],[-52.53587,-15.16667],[-52.53743,-15.1659],[-52.53981,-15.164],[-52.54115,-15.16071],[-52.54252,-15.15954],[-52.54373,-15.15939],[-52.54495,-15.15861],[-52.54583,-15.15709],[-52.54767,-15.15679],[-52.55014,-15.15574],[-52.551,-15.15432],[-52.55142,-15.15195],[-52.55213,-15.15016],[-52.5529,-15.14913],[-52.55401,-15.14697],[-52.55357,-15.14515],[-52.55484,-15.14257],[-52.55486,-15.13961],[-52.55543,-15.13713],[-52.5557,-15.13451],[-52.5564,-15.13222],[-52.55819,-15.13009],[-52.55877,-15.12854],[-52.55854,-15.12753],[-52.55734,-15.12473],[-52.55728,-15.12359],[-52.55811,-15.12258],[-52.55957,-15.1217],[-52.56118,-15.11905],[-52.56341,-15.11608],[-52.56364,-15.11531],[-52.56334,-15.11389],[-52.56346,-15.11287],[-52.56475,-15.11089],[-52.56481,-15.10943],[-52.56579,-15.10838],[-52.56659,-15.10692],[-52.56802,-15.10356],[-52.56884,-15.10126],[-52.57039,-15.09867],[-52.5714,-15.09749],[-52.57302,-15.09628],[-52.57351,-15.09527],[-52.57495,-15.08943],[-52.57616,-15.08656],[-52.57712,-15.08481],[-52.57814,-15.08164],[-52.57917,-15.07983],[-52.57953,-15.07805],[-52.58042,-15.07629],[-52.58064,-15.07448],[-52.58213,-15.07091],[-52.58331,-15.06975],[-52.58394,-15.06841],[-52.58595,-15.06627],[-52.58656,-15.06458],[-52.5861,-15.0621],[-52.58771,-15.0585],[-52.58855,-15.05629],[-52.58902,-15.05346],[-52.58969,-15.05183],[-52.58974,-15.05056],[-52.59015,-15.04954],[-52.59285,-15.04666],[-52.59295,-15.04543],[-52.5917,-15.04331],[-52.59069,-15.0426],[-52.58897,-15.04236],[-52.58834,-15.0413],[-52.58904,-15.03873],[-52.58829,-15.03645],[-52.58677,-15.03474],[-52.58718,-15.03317],[-52.5883,-15.03078],[-52.58983,-15.02932],[-52.5903,-15.02806],[-52.59012,-15.02655],[-52.59107,-15.02551],[-52.59207,-15.0235],[-52.59246,-15.02157],[-52.59313,-15.01963],[-52.59301,-15.01829],[-52.5935,-15.01679],[-52.59354,-15.01548],[-52.59428,-15.01403],[-52.59391,-15.01345],[-52.59443,-15.0096],[-52.5943,-15.00766],[-52.59368,-15.00636],[-52.59417,-15.00563],[-52.59641,-15.00476],[-52.59613,-15.00353],[-52.5953,-15.00217],[-52.5955,-15.0014],[-52.59666,-15.00073],[-52.59707,-14.99899],[-52.59872,-14.99726],[-52.60019,-14.99695],[-52.6009,-14.99648],[-52.60134,-14.99542],[-52.60164,-14.99368],[-52.60238,-14.99282],[-52.60461,-14.99102],[-52.60479,-14.98978],[-52.60443,-14.9878],[-52.60556,-14.98701],[-52.60577,-14.98467],[-52.60558,-14.98172],[-52.60512,-14.98042],[-52.60537,-14.97813],[-52.60683,-14.97563],[-52.60663,-14.97459],[-52.60473,-14.97263],[-52.60391,-14.97027],[-52.60418,-14.96764],[-52.60356,-14.96656],[-52.60247,-14.96596],[-52.60298,-14.96458],[-52.60389,-14.96335],[-52.60329,-14.96275],[-52.60171,-14.96199],[-52.60092,-14.96118],[-52.60065,-14.95999],[-52.60126,-14.95858],[-52.60138,-14.95593],[-52.60043,-14.95404],[-52.59939,-14.95297],[-52.59924,-14.95193],[-52.60027,-14.95124],[-52.60117,-14.95115],[-52.60243,-14.94906],[-52.60262,-14.94766],[-52.6026,-14.94521],[-52.60311,-14.94349],[-52.6046,-14.94194],[-52.60477,-14.94133],[-52.60381,-14.9397],[-52.6032,-14.93785],[-52.60339,-14.93724],[-52.60468,-14.93654],[-52.60657,-14.93509],[-52.6074,-14.93375],[-52.60944,-14.9322],[-52.61149,-14.92997],[-52.61292,-14.92939],[-52.61551,-14.92907],[-52.61686,-14.92994],[-52.61754,-14.92982],[-52.62217,-14.92799],[-52.6235,-14.92663],[-52.62401,-14.9256],[-52.62614,-14.92595],[-52.62691,-14.92572],[-52.62848,-14.92394],[-52.62951,-14.92334],[-52.63046,-14.92347],[-52.63183,-14.92467],[-52.63296,-14.92426],[-52.63418,-14.92232],[-52.63567,-14.92224],[-52.63636,-14.92152],[-52.63508,-14.92033],[-52.63512,-14.91958],[-52.63673,-14.91885],[-52.63724,-14.91747],[-52.63812,-14.91662],[-52.63857,-14.91546],[-52.63799,-14.91407],[-52.63779,-14.91197],[-52.64032,-14.90932],[-52.64003,-14.90792],[-52.63776,-14.90574],[-52.63571,-14.90451],[-52.63576,-14.90342],[-52.63729,-14.90229],[-52.63844,-14.9018],[-52.6386,-14.90008],[-52.6379,-14.89852],[-52.63764,-14.89684],[-52.63686,-14.89572],[-52.63637,-14.89353],[-52.63631,-14.8921],[-52.63695,-14.89146],[-52.63774,-14.88856],[-52.63774,-14.88673],[-52.63799,-14.88603],[-52.63678,-14.8841],[-52.63864,-14.88194],[-52.63844,-14.88078],[-52.63733,-14.88084],[-52.63717,-14.87965],[-52.6385,-14.87782],[-52.63989,-14.8783],[-52.64089,-14.87935],[-52.64192,-14.87959],[-52.64252,-14.87894],[-52.64407,-14.87848],[-52.64445,-14.87702],[-52.64434,-14.87602],[-52.64628,-14.87316],[-52.64881,-14.87275],[-52.6505,-14.87183],[-52.65242,-14.8694],[-52.65432,-14.86935],[-52.65589,-14.86809],[-52.65763,-14.86772],[-52.65906,-14.86707],[-52.66065,-14.86694],[-52.66212,-14.86549],[-52.66469,-14.86398],[-52.66628,-14.86456],[-52.66782,-14.86413],[-52.66911,-14.86455],[-52.66979,-14.86388],[-52.67102,-14.86194],[-52.67295,-14.86163],[-52.67328,-14.86249],[-52.67452,-14.86216],[-52.67568,-14.86284],[-52.67767,-14.86166],[-52.67788,-14.86284],[-52.67859,-14.86427],[-52.67924,-14.8665],[-52.67961,-14.86893],[-52.68052,-14.87117],[-52.68237,-14.87395],[-52.68287,-14.87548],[-52.68527,-14.8782],[-52.68762,-14.88138],[-52.6887,-14.88315],[-52.69061,-14.88523],[-52.69171,-14.88735],[-52.69252,-14.8921],[-52.69255,-14.89415],[-52.69383,-14.89686],[-52.69485,-14.89992],[-52.69485,-14.90127],[-52.69779,-14.90895],[-52.69828,-14.91139],[-52.69828,-14.91364],[-52.69796,-14.91587],[-52.6981,-14.91703],[-52.69884,-14.91885],[-52.70021,-14.92056],[-52.70271,-14.92222],[-52.70602,-14.92319],[-52.70903,-14.92448],[-52.71112,-14.92629],[-52.71645,-14.93233],[-52.71741,-14.93302],[-52.71853,-14.93328],[-52.72079,-14.93436],[-52.72196,-14.93516],[-52.72489,-14.93926],[-52.72673,-14.94319],[-52.72764,-14.94557],[-52.72734,-14.94784],[-52.72775,-14.94904],[-52.72857,-14.94947],[-52.72929,-14.95156],[-52.7294,-14.95258],[-52.72894,-14.95506],[-52.72889,-14.95744],[-52.72992,-14.96389],[-52.7299,-14.96543],[-52.72921,-14.96919],[-52.72934,-14.97006],[-52.73015,-14.97168],[-52.73023,-14.97244],[-52.72971,-14.97532],[-52.72779,-14.97742],[-52.72656,-14.97967],[-52.72663,-14.98141],[-52.72708,-14.98283],[-52.72778,-14.98829],[-52.72904,-14.99057],[-52.73012,-14.99156],[-52.73116,-14.99333],[-52.73071,-14.99536],[-52.73216,-15.00024],[-52.73323,-15.00182],[-52.73354,-15.00297],[-52.73299,-15.00576],[-52.73324,-15.00713],[-52.73441,-15.00848],[-52.73623,-15.00958],[-52.73773,-15.01245],[-52.73891,-15.01344],[-52.74189,-15.01421],[-52.74311,-15.01512],[-52.74327,-15.01684],[-52.74297,-15.01737],[-52.73948,-15.02078],[-52.739,-15.02255],[-52.74052,-15.0244],[-52.74353,-15.02726],[-52.74486,-15.02918],[-52.74645,-15.03075],[-52.74984,-15.03584],[-52.75047,-15.03811],[-52.75038,-15.03949],[-52.75163,-15.04107],[-52.75279,-15.04301],[-52.7573,-15.04403],[-52.75972,-15.04512],[-52.7615,-15.04664],[-52.76156,-15.04846],[-52.7605,-15.04992],[-52.76053,-15.0518],[-52.76102,-15.05365],[-52.76085,-15.05569],[-52.76119,-15.05668],[-52.76264,-15.05715],[-52.76566,-15.05665],[-52.76665,-15.05717],[-52.76754,-15.05878],[-52.7684,-15.0624],[-52.76939,-15.06424],[-52.77222,-15.06684],[-52.77427,-15.06889],[-52.7756,-15.07],[-52.7782,-15.07109],[-52.77947,-15.07225],[-52.77976,-15.07291],[-52.77941,-15.07618],[-52.78046,-15.07875],[-52.78434,-15.08006],[-52.78742,-15.08137],[-52.78857,-15.08232],[-52.78981,-15.08415],[-52.79195,-15.08593],[-52.79555,-15.08846],[-52.79811,-15.09],[-52.80007,-15.09137],[-52.8023,-15.0942],[-52.80564,-15.09807],[-52.80709,-15.09896],[-52.81015,-15.10048],[-52.81232,-15.10194],[-52.81307,-15.10268],[-52.8141,-15.10458],[-52.81295,-15.106],[-52.81256,-15.10755],[-52.81238,-15.11051],[-52.81191,-15.11199],[-52.81056,-15.11412],[-52.80917,-15.11582],[-52.80801,-15.11596],[-52.80581,-15.11814],[-52.8027,-15.11867],[-52.80142,-15.11994],[-52.79917,-15.12031],[-52.79811,-15.12187],[-52.7961,-15.12222],[-52.7955,-15.12264],[-52.79544,-15.12505],[-52.79677,-15.12651],[-52.79575,-15.12754],[-52.79393,-15.12774],[-52.79184,-15.12824],[-52.7908,-15.12888],[-52.79079,-15.12961],[-52.79151,-15.13061],[-52.79042,-15.13209],[-52.78931,-15.13244],[-52.78818,-15.1318],[-52.78729,-15.1318],[-52.78611,-15.13333],[-52.78444,-15.13475],[-52.78415,-15.13562],[-52.78299,-15.13713],[-52.78372,-15.13798],[-52.78492,-15.1387],[-52.78585,-15.13858],[-52.78611,-15.13944],[-52.78432,-15.14153],[-52.78409,-15.1426],[-52.78473,-15.1434],[-52.78486,-15.14513],[-52.78676,-15.14646],[-52.7855,-15.14737],[-52.78597,-15.14875],[-52.784,-15.14896],[-52.7843,-15.1504],[-52.78402,-15.1519],[-52.78306,-15.15168],[-52.78057,-15.15472],[-52.77935,-15.15439],[-52.77765,-15.1546],[-52.77635,-15.15504],[-52.77585,-15.15595],[-52.7745,-15.15644],[-52.77324,-15.15725],[-52.77309,-15.15782],[-52.77099,-15.15826],[-52.7699,-15.15929],[-52.77018,-15.16026],[-52.76945,-15.1613],[-52.76824,-15.16096],[-52.76755,-15.16203],[-52.76638,-15.16235],[-52.76607,-15.16325],[-52.76357,-15.16351],[-52.76256,-15.16307],[-52.76159,-15.16324],[-52.76093,-15.16518],[-52.75956,-15.16683],[-52.7569,-15.16728],[-52.75631,-15.16872],[-52.75723,-15.16905],[-52.75719,-15.16996],[-52.7557,-15.17089],[-52.75368,-15.17402],[-52.75271,-15.17423],[-52.75242,-15.17544],[-52.75276,-15.17758],[-52.75336,-15.17856],[-52.75329,-15.17959],[-52.75161,-15.1821],[-52.75148,-15.18343],[-52.75185,-15.18491],[-52.7512,-15.18589],[-52.75046,-15.18597],[-52.74772,-15.18695],[-52.74579,-15.1882],[-52.7457,-15.18927],[-52.74646,-15.19015],[-52.7475,-15.18994],[-52.74833,-15.19106],[-52.74783,-15.1923],[-52.74765,-15.19407],[-52.74773,-15.19648],[-52.74897,-15.19786],[-52.74911,-15.19881],[-52.7479,-15.20132],[-52.74715,-15.20243],[-52.74572,-15.20301],[-52.74507,-15.20361],[-52.74555,-15.20456],[-52.74491,-15.2055],[-52.74468,-15.20689],[-52.74414,-15.20758],[-52.74431,-15.20962],[-52.74218,-15.21069],[-52.74111,-15.21182],[-52.73884,-15.21275],[-52.73833,-15.21329],[-52.73708,-15.21362],[-52.73655,-15.21491],[-52.73642,-15.21636],[-52.7353,-15.21708],[-52.7339,-15.21697],[-52.73165,-15.21784],[-52.73137,-15.2186],[-52.73039,-15.21864],[-52.72895,-15.21918],[-52.72864,-15.22015],[-52.72678,-15.22059],[-52.72547,-15.22173],[-52.72398,-15.22233],[-52.72275,-15.22347],[-52.72333,-15.22436],[-52.72258,-15.22562],[-52.72103,-15.22614],[-52.72022,-15.22687],[-52.71956,-15.22861],[-52.71893,-15.22942],[-52.71855,-15.2317],[-52.71697,-15.23326],[-52.7162,-15.23342],[-52.71414,-15.23226],[-52.71188,-15.23253],[-52.71053,-15.23224],[-52.70917,-15.23331],[-52.70793,-15.23393],[-52.70734,-15.23354],[-52.70551,-15.23315],[-52.70461,-15.23326],[-52.70232,-15.23463],[-52.69988,-15.23482],[-52.69703,-15.23431],[-52.695,-15.23279],[-52.69365,-15.23254],[-52.69158,-15.23109],[-52.68954,-15.23098],[-52.68831,-15.23192],[-52.68651,-15.23202],[-52.68452,-15.23106],[-52.68292,-15.23106],[-52.6819,-15.22964],[-52.68218,-15.22838],[-52.68137,-15.22791],[-52.68016,-15.228],[-52.67881,-15.22761],[-52.67608,-15.22576],[-52.67522,-15.22477],[-52.6747,-15.22349],[-52.6728,-15.22258],[-52.67193,-15.22248],[-52.67108,-15.22174],[-52.66866,-15.22117],[-52.66738,-15.22049],[-52.66543,-15.21889],[-52.66416,-15.21856],[-52.66185,-15.21835],[-52.66102,-15.21785],[-52.66024,-15.21676],[-52.65682,-15.21682],[-52.65466,-15.21778],[-52.65164,-15.21737],[-52.65089,-15.21794],[-52.6499,-15.21764],[-52.64742,-15.21822],[-52.64518,-15.2174],[-52.64483,-15.2178],[-52.64251,-15.21911],[-52.64056,-15.21987],[-52.6393,-15.21992],[-52.63773,-15.22128],[-52.63695,-15.22239],[-52.63585,-15.22281],[-52.63369,-15.22525],[-52.63167,-15.22622],[-52.63013,-15.22614],[-52.62935,-15.2272],[-52.62797,-15.22721],[-52.6271,-15.22801],[-52.62533,-15.2287],[-52.62485,-15.22842],[-52.62388,-15.22933],[-52.62406,-15.23017],[-52.62216,-15.23187],[-52.62139,-15.23373],[-52.62033,-15.23465],[-52.62023,-15.23529],[-52.61898,-15.2361],[-52.61802,-15.23772],[-52.61622,-15.23994],[-52.61591,-15.24267],[-52.61418,-15.24315],[-52.61224,-15.24262],[-52.61056,-15.24346],[-52.60743,-15.24387],[-52.60651,-15.24496],[-52.60515,-15.24452],[-52.6028,-15.24468],[-52.60072,-15.24549],[-52.59948,-15.2465],[-52.59817,-15.24711],[-52.59661,-15.24711],[-52.59594,-15.24756],[-52.59444,-15.24753],[-52.59172,-15.24912],[-52.58929,-15.24915],[-52.58709,-15.2508],[-52.58608,-15.25326],[-52.58422,-15.25468],[-52.58318,-15.25655],[-52.58066,-15.25862],[-52.57919,-15.26177],[-52.57687,-15.26347],[-52.57658,-15.2647],[-52.56807,-15.27207],[-52.56738,-15.27418],[-52.56746,-15.2764],[-52.56622,-15.28135],[-52.56552,-15.28354],[-52.56399,-15.2861],[-52.56055,-15.28869],[-52.55848,-15.291],[-52.55714,-15.29374],[-52.55485,-15.29931],[-52.55247,-15.30179],[-52.48585,-15.34789],[-52.48481,-15.34728],[-52.48246,-15.34701],[-52.48132,-15.348],[-52.48055,-15.34928],[-52.479,-15.35079],[-52.47646,-15.35294],[-52.47449,-15.35396],[-52.47288,-15.35528],[-52.47167,-15.35587],[-52.46978,-15.35853],[-52.46877,-15.36104],[-52.46281,-15.36377],[-52.46121,-15.36317],[-52.45838,-15.36289],[-52.45735,-15.36234],[-52.4554,-15.36232],[-52.45388,-15.36206],[-52.45154,-15.36279],[-52.44911,-15.36324],[-52.44764,-15.36265],[-52.44532,-15.36255],[-52.44225,-15.36199],[-52.44004,-15.36087],[-52.43883,-15.36097],[-52.43633,-15.36241],[-52.4349,-15.3626],[-52.43431,-15.36394],[-52.43191,-15.36482],[-52.42933,-15.36627],[-52.42706,-15.36652],[-52.42542,-15.36569],[-52.42301,-15.36583],[-52.42194,-15.36417],[-52.42128,-15.36268],[-52.42019,-15.36247],[-52.41843,-15.3608],[-52.41973,-15.3581],[-52.41872,-15.35542],[-52.41682,-15.35494],[-52.41449,-15.35501],[-52.41326,-15.35459],[-52.41086,-15.35319],[-52.40989,-15.35241],[-52.40964,-15.35153],[-52.41014,-15.3496],[-52.40963,-15.34811],[-52.40961,-15.34684],[-52.40998,-15.34476],[-52.40961,-15.34273],[-52.41051,-15.34196],[-52.41119,-15.3398],[-52.41189,-15.3388],[-52.41238,-15.33726],[-52.41165,-15.33592],[-52.40958,-15.33509],[-52.40908,-15.33229],[-52.4086,-15.33204],[-52.40796,-15.33054],[-52.40645,-15.32947],[-52.40765,-15.32882],[-52.40738,-15.32667],[-52.40539,-15.32375],[-52.40529,-15.32253],[-52.40415,-15.32114],[-52.40394,-15.32038],[-52.40411,-15.31827],[-52.40462,-15.31758],[-52.40425,-15.31619],[-52.4037,-15.31591],[-52.40095,-15.31224],[-52.39892,-15.31014],[-52.39833,-15.30927],[-52.3978,-15.30761],[-52.39701,-15.30624],[-52.397,-15.30381],[-52.39768,-15.30293],[-52.39821,-15.30106],[-52.39805,-15.29916],[-52.39851,-15.29751],[-52.39807,-15.29662],[-52.39881,-15.29538],[-52.39864,-15.29452],[-52.39791,-15.29414],[-52.39814,-15.29312],[-52.39766,-15.29112],[-52.39778,-15.29061],[-52.39637,-15.28623],[-52.39439,-15.28361],[-52.39371,-15.28119],[-52.39121,-15.27948],[-52.39074,-15.27877],[-52.38847,-15.27779],[-52.38681,-15.27631],[-52.38602,-15.27649],[-52.38438,-15.27555],[-52.38377,-15.27555],[-52.38128,-15.27415],[-52.37869,-15.27328],[-52.37598,-15.27145],[-52.37473,-15.27146],[-52.37374,-15.27084],[-52.37127,-15.27018],[-52.36918,-15.26941],[-52.36733,-15.26722],[-52.36582,-15.26241],[-52.3643,-15.26183],[-52.36288,-15.26083],[-52.36249,-15.25976],[-52.36134,-15.25872],[-52.36086,-15.25757],[-52.36128,-15.25534],[-52.35964,-15.25407],[-52.359,-15.25326],[-52.35726,-15.25187],[-52.35612,-15.25002],[-52.35595,-15.24912],[-52.35495,-15.24751],[-52.35453,-15.24599],[-52.35311,-15.24545],[-52.35215,-15.24305],[-52.35148,-15.24057],[-52.34963,-15.23811],[-52.34926,-15.23693],[-52.34761,-15.23405],[-52.34653,-15.23253],[-52.34643,-15.23147],[-52.34543,-15.23017],[-52.34457,-15.22804],[-52.34462,-15.22701],[-52.34531,-15.22473],[-52.34506,-15.21886],[-52.34416,-15.21781],[-52.34395,-15.21679],[-52.34431,-15.21575],[-52.34338,-15.21389],[-52.34269,-15.21093],[-52.34281,-15.21013],[-52.3419,-15.20768],[-52.34264,-15.20608],[-52.34228,-15.20445],[-52.34296,-15.20237],[-52.34298,-15.20066],[-52.34147,-15.19968],[-52.34001,-15.19716],[-52.33997,-15.19566],[-52.34045,-15.19147],[-52.34134,-15.18972],[-52.34115,-15.18841],[-52.34052,-15.18748],[-52.34213,-15.18531],[-52.34199,-15.18481],[-52.34042,-15.18372],[-52.34208,-15.18118],[-52.34159,-15.17902],[-52.34216,-15.17714],[-52.34209,-15.17609],[-52.34331,-15.1717],[-52.344,-15.17028],[-52.34651,-15.16788],[-52.34672,-15.16683],[-52.34633,-15.16453],[-52.34538,-15.16253],[-52.34422,-15.16237],[-52.34406,-15.16112],[-52.34482,-15.15984],[-52.34301,-15.15747],[-52.34313,-15.15588],[-52.34216,-15.15469],[-52.34325,-15.15403],[-52.34345,-15.15256],[-52.34437,-15.15176],[-52.34461,-15.15093],[-52.34556,-15.15015],[-52.34528,-15.14952],[-52.34418,-15.14965],[-52.34437,-15.14798],[-52.34538,-15.14775],[-52.34814,-15.14826],[-52.349,-15.14801],[-52.34797,-15.14672],[-52.34778,-15.1459],[-52.3489,-15.14546],[-52.34884,-15.14353],[-52.34834,-15.14276],[-52.34891,-15.14186],[-52.35044,-15.14105],[-52.35305,-15.14033],[-52.35359,-15.13877],[-52.35209,-15.13783],[-52.35309,-15.13674],[-52.35324,-15.13556],[-52.35419,-15.13469],[-52.35419,-15.13337],[-52.35526,-15.13247],[-52.35689,-15.13297],[-52.35755,-15.13192],[-52.35694,-15.13117],[-52.3573,-15.12976],[-52.35867,-15.12998],[-52.35934,-15.12935],[-52.35687,-15.12828],[-52.35715,-15.12685],[-52.3564,-15.12585],[-52.35761,-15.12579],[-52.3581,-15.1245],[-52.35903,-15.12354],[-52.3584,-15.12239],[-52.35778,-15.12246],[-52.3565,-15.12148],[-52.35732,-15.12026],[-52.35774,-15.11872],[-52.3577,-15.11664],[-52.35892,-15.11579],[-52.35862,-15.11478],[-52.3557,-15.11643],[-52.35387,-15.11648],[-52.35328,-15.11475],[-52.3536,-15.11377],[-52.35476,-15.11396],[-52.35489,-15.11527],[-52.35645,-15.11481],[-52.35693,-15.11321],[-52.35638,-15.11165],[-52.35519,-15.11128],[-52.355,-15.11026],[-52.35615,-15.10999],[-52.35654,-15.10874],[-52.35564,-15.10655],[-52.35467,-15.1057],[-52.35346,-15.10519],[-52.35244,-15.10546],[-52.35138,-15.10458],[-52.35094,-15.10365],[-52.35162,-15.10098],[-52.35102,-15.09979],[-52.34983,-15.09944],[-52.34934,-15.09836],[-52.34852,-15.09924],[-52.34901,-15.10063],[-52.34997,-15.10085],[-52.34964,-15.10188],[-52.34894,-15.1018],[-52.34799,-15.10031],[-52.34752,-15.09847],[-52.34833,-15.09714],[-52.34733,-15.09627],[-52.34838,-15.09524],[-52.35013,-15.09558],[-52.3516,-15.09432],[-52.35142,-15.09356],[-52.34999,-15.09374],[-52.34884,-15.09337],[-52.34856,-15.09434],[-52.34787,-15.09459],[-52.34761,-15.092],[-52.34794,-15.0909],[-52.34894,-15.0897],[-52.34855,-15.08785],[-52.34759,-15.08835],[-52.34718,-15.08779],[-52.34766,-15.08696],[-52.34707,-15.08584],[-52.34829,-15.08497],[-52.34751,-15.08382],[-52.34807,-15.08311],[-52.34881,-15.08394],[-52.34952,-15.08352],[-52.34961,-15.08264],[-52.34848,-15.08253],[-52.34837,-15.08115],[-52.34786,-15.08082],[-52.34656,-15.08146],[-52.34619,-15.0826],[-52.34535,-15.08283],[-52.22704,-15.15143],[-52.04935,-15.25446],[-52.04918,-15.25443],[-52.04926,-15.25269],[-52.04816,-15.25129],[-52.04723,-15.24929],[-52.04693,-15.24714],[-52.04601,-15.24604],[-52.0456,-15.24484],[-52.04602,-15.2442],[-52.048,-15.24318],[-52.04894,-15.24324],[-52.0493,-15.24251],[-52.04839,-15.24069],[-52.04937,-15.2397],[-52.04953,-15.239],[-52.04846,-15.23817],[-52.04754,-15.23631],[-52.04498,-15.23633],[-52.04427,-15.23522],[-52.04519,-15.2346],[-52.04611,-15.2345],[-52.04598,-15.23365],[-52.04472,-15.23356],[-52.04412,-15.23313],[-52.04383,-15.23191],[-52.04407,-15.23059],[-52.04464,-15.22944],[-52.04466,-15.22812],[-52.04549,-15.22784],[-52.04618,-15.22629],[-52.04708,-15.22578],[-52.04981,-15.22613],[-52.05023,-15.22552],[-52.04989,-15.22451],[-52.05008,-15.22289],[-52.05184,-15.22137],[-52.05357,-15.21879],[-52.05529,-15.21675],[-52.05821,-15.21494],[-52.0619,-15.2135],[-52.06217,-15.21222],[-52.06065,-15.21186],[-52.05935,-15.21087],[-52.05795,-15.20853],[-52.05525,-15.20704],[-52.0547,-15.2063],[-52.05471,-15.20539],[-52.05524,-15.20283],[-52.0559,-15.20164],[-52.05551,-15.2009],[-52.05377,-15.20068],[-52.05386,-15.1997],[-52.05536,-15.1999],[-52.05615,-15.1995],[-52.05569,-15.19685],[-52.05593,-15.19512],[-52.05426,-15.19297],[-52.05308,-15.191],[-52.05104,-15.18934],[-52.04935,-15.18901],[-52.04858,-15.18833],[-52.04826,-15.18719],[-52.0482,-15.18513],[-52.04923,-15.1842],[-52.04887,-15.18361],[-52.04783,-15.18344],[-52.04787,-15.18209],[-52.04687,-15.18158],[-52.04645,-15.17987],[-52.04597,-15.17913],[-52.04594,-15.17721],[-52.04474,-15.17689],[-52.04455,-15.17401],[-52.04336,-15.17174],[-52.04219,-15.17149],[-52.04221,-15.16976],[-52.04284,-15.16895],[-52.04385,-15.1687],[-52.04396,-15.16768],[-52.04323,-15.16695],[-52.04395,-15.16536],[-52.04358,-15.16412],[-52.04577,-15.16241],[-52.04706,-15.16308],[-52.04758,-15.16244],[-52.04869,-15.16218],[-52.04744,-15.16016],[-52.04659,-15.16108],[-52.04595,-15.16041],[-52.04559,-15.15856],[-52.04419,-15.15434],[-52.04375,-15.1518],[-52.04502,-15.15027],[-52.04497,-15.14948],[-52.04278,-15.14693],[-52.04276,-15.14636],[-52.04395,-15.14507],[-52.04395,-15.144],[-52.0429,-15.14178],[-52.0426,-15.14056],[-52.04361,-15.13859],[-52.04518,-15.13757],[-52.04604,-15.13593],[-52.04546,-15.13294],[-52.04547,-15.13204],[-52.04608,-15.13141],[-52.04764,-15.13123],[-52.04731,-15.13045],[-52.04558,-15.12991],[-52.04464,-15.12894],[-52.04428,-15.12698],[-52.04478,-15.12565],[-52.04618,-15.12414],[-52.04564,-15.12307],[-52.04387,-15.12376],[-52.04215,-15.12227],[-52.04222,-15.12115],[-52.04339,-15.11991],[-52.04441,-15.11973],[-52.04465,-15.11817],[-52.04506,-15.1175],[-52.04471,-15.11654],[-52.04384,-15.11605],[-52.04305,-15.1149],[-52.04094,-15.11393],[-52.0402,-15.11155],[-52.04168,-15.11099],[-52.04416,-15.11126],[-52.04562,-15.11028],[-52.0455,-15.10942],[-52.04406,-15.10951],[-52.044,-15.1085],[-52.04483,-15.10674],[-52.04591,-15.10599],[-52.04681,-15.10645],[-52.04764,-15.10627],[-52.04812,-15.10436],[-52.04881,-15.10313],[-52.04806,-15.10204],[-52.04866,-15.10101],[-52.04994,-15.10084],[-52.05033,-15.10258],[-52.05122,-15.10143],[-52.05144,-15.09781],[-52.052,-15.09542],[-52.05267,-15.09377],[-52.04994,-15.09094],[-52.0488,-15.0896],[-52.04823,-15.08796],[-52.04898,-15.08655],[-52.0523,-15.08356],[-52.05282,-15.0828],[-52.05312,-15.08144],[-52.0529,-15.08068],[-52.05098,-15.07912],[-52.05,-15.07928],[-52.04843,-15.08006],[-52.04724,-15.07944],[-52.04692,-15.0787],[-52.04713,-15.07743],[-52.0482,-15.07604],[-52.04985,-15.07447],[-52.05209,-15.07265],[-52.05374,-15.06936],[-52.05585,-15.06578],[-52.05648,-15.0644],[-52.05678,-15.06303],[-52.05568,-15.06184],[-52.05497,-15.06212],[-52.05507,-15.06349],[-52.05406,-15.06393],[-52.05304,-15.06208],[-52.0521,-15.06083],[-52.05005,-15.0593],[-52.04949,-15.05834],[-52.04971,-15.05721],[-52.05094,-15.05524],[-52.05372,-15.05275],[-52.05531,-15.05104],[-52.05644,-15.04951],[-52.05687,-15.04792],[-52.05611,-15.04693],[-52.05437,-15.04616],[-52.05261,-15.04568],[-52.05211,-15.04485],[-52.05237,-15.04361],[-52.05238,-15.04157],[-52.05286,-15.04049],[-52.05379,-15.03968],[-52.05542,-15.03913],[-52.05791,-15.03748],[-52.05823,-15.03628],[-52.05756,-15.03492],[-52.05609,-15.03359],[-52.0547,-15.03279],[-52.05383,-15.03195],[-52.05314,-15.02981],[-52.0522,-15.02893],[-52.05098,-15.02872],[-52.04867,-15.02742],[-52.04713,-15.02767],[-52.04633,-15.02732],[-52.04573,-15.02545],[-52.04632,-15.02379],[-52.04804,-15.02272],[-52.0495,-15.02215],[-52.05114,-15.02018],[-52.05212,-15.01755],[-52.05225,-15.01571],[-52.05188,-15.01465],[-52.04952,-15.01179],[-52.04925,-15.01002],[-52.04986,-15.00828],[-52.0509,-15.00694],[-52.05031,-15.00627],[-52.04822,-15.00656],[-52.04815,-15.00551],[-52.04759,-15.0046],[-52.04775,-15.00369],[-52.04869,-15.00377],[-52.04978,-15.00524],[-52.05094,-15.00488],[-52.05109,-15.00394],[-52.05073,-15.00245],[-52.05217,-15.00278],[-52.05287,-15.00258],[-52.05309,-14.99903],[-52.05122,-14.99703],[-52.05044,-14.99543],[-52.04908,-14.99482],[-52.04763,-14.9951],[-52.04617,-14.99462],[-52.04534,-14.9949],[-52.04459,-14.99592],[-52.04377,-14.99558],[-52.04298,-14.99353],[-52.04349,-14.99269],[-52.0448,-14.99273],[-52.04686,-14.99192],[-52.04809,-14.99011],[-52.04937,-14.98975],[-52.05063,-14.98857],[-52.05102,-14.98772],[-52.05086,-14.98568],[-52.05218,-14.98383],[-52.05143,-14.98188],[-52.05201,-14.98052],[-52.05179,-14.97932],[-52.0505,-14.97821],[-52.04907,-14.97815],[-52.04619,-14.97724],[-52.04473,-14.97759],[-52.04346,-14.9785],[-52.04202,-14.97882],[-52.03802,-14.97721],[-52.03809,-14.97643],[-52.04032,-14.97505],[-52.04164,-14.97345],[-52.04175,-14.97255],[-52.04074,-14.97165],[-52.03721,-14.97179],[-52.03578,-14.9712],[-52.03504,-14.97023],[-52.03381,-14.96755],[-52.03292,-14.96639],[-52.03191,-14.96578],[-52.02972,-14.96525],[-52.02697,-14.96554],[-52.0255,-14.96507],[-52.02379,-14.96505],[-52.0228,-14.96472],[-52.02286,-14.96331],[-52.02513,-14.96211],[-52.02591,-14.9604],[-52.02538,-14.95883],[-52.02504,-14.95613],[-52.02549,-14.95526],[-52.02658,-14.95573],[-52.02697,-14.9552],[-52.02453,-14.95232],[-52.02395,-14.95258],[-52.02396,-14.95424],[-52.02301,-14.95448],[-52.0219,-14.95349],[-52.02247,-14.95223],[-52.02175,-14.95038],[-52.02244,-14.94886],[-52.02178,-14.94839],[-52.02035,-14.94846],[-52.01955,-14.94743],[-52.01891,-14.94752],[-52.01926,-14.94928],[-52.01826,-14.94957],[-52.01767,-14.94781],[-52.01831,-14.94689],[-52.01764,-14.94572],[-52.01749,-14.94421],[-52.01679,-14.94391],[-52.01555,-14.94434],[-52.0153,-14.94518],[-52.01396,-14.94617],[-52.01266,-14.94416],[-52.01136,-14.94457],[-52.01066,-14.94371],[-52.0099,-14.94162],[-52.0089,-14.94018],[-52.00851,-14.93891],[-52.00777,-14.93794],[-52.00769,-14.93613],[-52.00834,-14.93475],[-52.00804,-14.93362],[-52.00689,-14.93107],[-52.00685,-14.92889],[-52.00723,-14.92745],[-52.00821,-14.92543],[-52.01005,-14.92299],[-52.01173,-14.92045],[-52.01231,-14.91888],[-52.0122,-14.91763],[-52.01139,-14.91551],[-52.01064,-14.91436],[-52.0089,-14.91301],[-52.0083,-14.91149],[-52.00999,-14.9107],[-52.0102,-14.90996],[-52.00879,-14.9085],[-52.00895,-14.90682],[-52.00823,-14.90591],[-52.00677,-14.90575],[-52.00585,-14.90335],[-52.00469,-14.90138],[-52.00432,-14.89891],[-52.00468,-14.8937],[-52.00546,-14.89252],[-52.00776,-14.89101],[-52.00856,-14.88965],[-52.00893,-14.88765],[-52.00862,-14.88613],[-52.00754,-14.88527],[-52.00798,-14.88444],[-52.00908,-14.88434],[-52.01069,-14.88493],[-52.01156,-14.88445],[-52.01212,-14.8815],[-52.01315,-14.88022],[-52.01369,-14.8787],[-52.01466,-14.87698],[-52.01628,-14.87508],[-52.01612,-14.8722],[-52.01554,-14.87109],[-52.0164,-14.86868],[-52.01603,-14.86738],[-52.01649,-14.8653],[-52.01566,-14.86454],[-52.01286,-14.86417],[-52.01184,-14.86347],[-52.01076,-14.86222],[-52.00847,-14.86169],[-52.00753,-14.86034],[-52.00738,-14.85952],[-52.00727,-14.85524],[-52.0071,-14.85414],[-52.00592,-14.851],[-52.0057,-14.84975],[-52.00575,-14.84631],[-52.00549,-14.84394],[-52.00597,-14.84258],[-52.00658,-14.84186],[-52.00807,-14.83905],[-52.0106,-14.8382],[-52.01238,-14.83706],[-52.01292,-14.83594],[-52.01232,-14.83428],[-52.01109,-14.83391],[-52.01054,-14.83305],[-52.01085,-14.83194],[-52.01256,-14.83176],[-52.01268,-14.83053],[-52.01055,-14.83056],[-52.00938,-14.83026],[-52.00927,-14.82896],[-52.01149,-14.82802],[-52.01182,-14.82681],[-52.00968,-14.82575],[-52.00806,-14.82458],[-52.00693,-14.82298],[-52.0068,-14.82197],[-52.00741,-14.82034],[-52.00932,-14.81815],[-52.00972,-14.81611],[-52.00867,-14.81406],[-52.0086,-14.81328],[-52.00943,-14.81213],[-52.01099,-14.81232],[-52.01181,-14.81456],[-52.01297,-14.81422],[-52.01296,-14.81299],[-52.012,-14.81163],[-52.01009,-14.80993],[-52.00941,-14.80887],[-52.00993,-14.80767],[-52.01136,-14.80684],[-52.01258,-14.80741],[-52.01392,-14.80924],[-52.01521,-14.80921],[-52.01497,-14.80717],[-52.01242,-14.80527],[-52.01182,-14.80344],[-52.01311,-14.8029],[-52.01476,-14.80361],[-52.01605,-14.80297],[-52.01589,-14.80205]]]},"properties":{"codigo":"510180315","name":"Indianópolis","population":1319,"households":568,"areaKm2":2732.4561,"density":0.5}},{"type":"Feature","geometry":{"type":"Polygon","coordinates":[[[-52.46281,-15.36377],[-52.46877,-15.36104],[-52.46978,-15.35853],[-52.47167,-15.35587],[-52.47288,-15.35528],[-52.47449,-15.35396],[-52.47646,-15.35294],[-52.479,-15.35079],[-52.48055,-15.34928],[-52.48132,-15.348],[-52.48246,-15.34701],[-52.48481,-15.34728],[-52.48585,-15.34789],[-52.4881,-15.34853],[-52.48946,-15.3487],[-52.49045,-15.34916],[-52.49193,-15.35066],[-52.49298,-15.35073],[-52.49721,-15.34901],[-52.50045,-15.34927],[-52.50181,-15.34966],[-52.5029,-15.34895],[-52.50335,-15.34966],[-52.50424,-15.34927],[-52.50529,-15.34979],[-52.50847,-15.35021],[-52.50903,-15.35003],[-52.51024,-15.3484],[-52.51208,-15.34813],[-52.51316,-15.34724],[-52.51458,-15.34721],[-52.51603,-15.3477],[-52.51719,-15.34717],[-52.52049,-15.34916],[-52.5229,-15.34956],[-52.52681,-15.34914],[-52.52806,-15.34867],[-52.53043,-15.34913],[-52.53413,-15.34962],[-52.53567,-15.34964],[-52.53633,-15.34918],[-52.53876,-15.35009],[-52.53988,-15.35101],[-52.54101,-15.35117],[-52.54332,-15.35241],[-52.54458,-15.35344],[-52.54503,-15.35447],[-52.54613,-15.35538],[-52.54785,-15.35623],[-52.54897,-15.35638],[-52.55105,-15.35747],[-52.55151,-15.35941],[-52.5537,-15.36086],[-52.55387,-15.36171],[-52.55587,-15.36272],[-52.5587,-15.36332],[-52.55951,-15.363],[-52.56255,-15.36388],[-52.56303,-15.36441],[-52.56575,-15.36474],[-52.56698,-15.36554],[-52.56911,-15.36614],[-52.57163,-15.36763],[-52.57236,-15.36759],[-52.57963,-15.37013],[-52.58079,-15.37148],[-52.58187,-15.37129],[-52.58248,-15.3718],[-52.58309,-15.37329],[-52.58458,-15.37334],[-52.58673,-15.37273],[-52.58801,-15.37355],[-52.58898,-15.37343],[-52.59141,-15.37461],[-52.59322,-15.37463],[-52.59405,-15.37521],[-52.59597,-15.37573],[-52.59736,-15.37583],[-52.60018,-15.37682],[-52.60115,-15.37664],[-52.60591,-15.37745],[-52.60842,-15.37733],[-52.60966,-15.37622],[-52.61225,-15.37596],[-52.61269,-15.37624],[-52.61449,-15.37627],[-52.61746,-15.37779],[-52.61846,-15.3773],[-52.62038,-15.37711],[-52.62128,-15.37756],[-52.62365,-15.37767],[-52.62413,-15.37812],[-52.62627,-15.37836],[-52.62709,-15.37898],[-52.62995,-15.37942],[-52.63096,-15.37973],[-52.63238,-15.37934],[-52.63444,-15.37978],[-52.63536,-15.37946],[-52.63772,-15.37997],[-52.6398,-15.38],[-52.6403,-15.37949],[-52.64261,-15.3788],[-52.64392,-15.37928],[-52.64567,-15.37885],[-52.64761,-15.37916],[-52.64934,-15.37854],[-52.65118,-15.37744],[-52.65369,-15.37652],[-52.65406,-15.37547],[-52.65615,-15.37567],[-52.65761,-15.37506],[-52.65772,-15.37425],[-52.66057,-15.37405],[-52.66243,-15.37303],[-52.66436,-15.37125],[-52.66518,-15.3702],[-52.66633,-15.3697],[-52.66722,-15.36869],[-52.66752,-15.36763],[-52.6704,-15.3668],[-52.67125,-15.36571],[-52.67347,-15.36427],[-52.67541,-15.36362],[-52.6764,-15.36272],[-52.67732,-15.36239],[-52.67959,-15.36034],[-52.68045,-15.36065],[-52.68213,-15.36048],[-52.68358,-15.3595],[-52.68697,-15.35801],[-52.68736,-15.35759],[-52.68994,-15.35634],[-52.6915,-15.35582],[-52.69606,-15.35546],[-52.69739,-15.35406],[-52.69923,-15.35323],[-52.70225,-15.35318],[-52.70555,-15.35258],[-52.70859,-15.35362],[-52.70949,-15.3533],[-52.71017,-15.35129],[-52.71253,-15.35021],[-52.71413,-15.3503],[-52.71538,-15.3496],[-52.71591,-15.3488],[-52.71727,-15.34791],[-52.71984,-15.347],[-52.72137,-15.34612],[-52.72396,-15.34568],[-52.72871,-15.34318],[-52.73054,-15.34251],[-52.7317,-15.34183],[-52.73344,-15.34139],[-52.73472,-15.33957],[-52.7358,-15.33862],[-52.73925,-15.33908],[-52.74083,-15.33807],[-52.74293,-15.33747],[-52.74433,-15.33735],[-52.74509,-15.33675],[-52.74686,-15.33626],[-52.74891,-15.33629],[-52.74983,-15.33578],[-52.75138,-15.33373],[-52.75358,-15.33333],[-52.75488,-15.33262],[-52.75811,-15.33181],[-52.75968,-15.33062],[-52.76229,-15.32961],[-52.76579,-15.33],[-52.76736,-15.32987],[-52.7715,-15.33114],[-52.77421,-15.33137],[-52.77565,-15.33045],[-52.77726,-15.32993],[-52.77897,-15.33015],[-52.78057,-15.32982],[-52.78141,-15.33018],[-52.78321,-15.32987],[-52.78479,-15.33045],[-52.7879,-15.33001],[-52.78865,-15.33089],[-52.79026,-15.33079],[-52.79321,-15.33096],[-52.79472,-15.33136],[-52.79511,-15.33201],[-52.79706,-15.33216],[-52.79841,-15.33335],[-52.79977,-15.33388],[-52.80062,-15.33501],[-52.80199,-15.33598],[-52.80266,-15.33717],[-52.80289,-15.33929],[-52.8033,-15.34086],[-52.80648,-15.34197],[-52.808,-15.34235],[-52.80778,-15.34428],[-52.80842,-15.34602],[-52.80961,-15.34654],[-52.81006,-15.34855],[-52.81,-15.34936],[-52.81091,-15.35037],[-52.81052,-15.35166],[-52.81103,-15.35415],[-52.81071,-15.35778],[-52.81042,-15.35921],[-52.81148,-15.35955],[-52.813,-15.35893],[-52.81394,-15.35818],[-52.81498,-15.35873],[-52.8157,-15.35969],[-52.81692,-15.36014],[-52.81764,-15.35907],[-52.81687,-15.35831],[-52.81678,-15.35741],[-52.81742,-15.35628],[-52.81964,-15.35598],[-52.82024,-15.35678],[-52.82045,-15.35818],[-52.82287,-15.35931],[-52.82391,-15.3595],[-52.82477,-15.35852],[-52.8272,-15.35741],[-52.82788,-15.35842],[-52.82864,-15.36103],[-52.82953,-15.36128],[-52.83092,-15.36245],[-52.83204,-15.36274],[-52.83269,-15.36176],[-52.83241,-15.36048],[-52.83273,-15.35989],[-52.83491,-15.35855],[-52.83755,-15.35791],[-52.83764,-15.35658],[-52.83817,-15.35522],[-52.83975,-15.35428],[-52.84128,-15.35445],[-52.84445,-15.35406],[-52.84489,-15.35371],[-52.84475,-15.35225],[-52.84696,-15.35115],[-52.8481,-15.35081],[-52.84942,-15.35104],[-52.84964,-15.3501],[-52.84765,-15.34867],[-52.84654,-15.3485],[-52.84649,-15.34701],[-52.84547,-15.34599],[-52.84565,-15.34483],[-52.84529,-15.34374],[-52.84563,-15.34317],[-52.84697,-15.34268],[-52.84735,-15.34308],[-52.84871,-15.34245],[-52.84866,-15.34141],[-52.84785,-15.34104],[-52.8474,-15.34008],[-52.8498,-15.33994],[-52.85086,-15.3396],[-52.8522,-15.33993],[-52.85503,-15.33955],[-52.85806,-15.34158],[-52.85778,-15.34297],[-52.8584,-15.34436],[-52.8598,-15.345],[-52.86092,-15.34602],[-52.86386,-15.34696],[-52.86481,-15.34768],[-52.86453,-15.34847],[-52.86299,-15.34971],[-52.86352,-15.35111],[-52.86312,-15.35265],[-52.8635,-15.35438],[-52.86525,-15.35537],[-52.868,-15.35622],[-52.86928,-15.35764],[-52.87055,-15.35811],[-52.87346,-15.3581],[-52.8743,-15.35856],[-52.87472,-15.3599],[-52.87553,-15.3606],[-52.87811,-15.36138],[-52.88199,-15.36126],[-52.88258,-15.36002],[-52.88223,-15.35895],[-52.883,-15.35751],[-52.88382,-15.35678],[-52.88578,-15.35655],[-52.88757,-15.35678],[-52.89067,-15.35651],[-52.89239,-15.3569],[-52.89409,-15.35758],[-52.89761,-15.35999],[-52.90297,-15.36255],[-52.90411,-15.36376],[-52.90436,-15.36634],[-52.90547,-15.37033],[-52.90584,-15.37232],[-52.9076,-15.3735],[-52.90957,-15.37333],[-52.91163,-15.37385],[-52.91271,-15.37506],[-52.91298,-15.37693],[-52.91203,-15.37893],[-52.91272,-15.37967],[-52.91474,-15.38005],[-52.91603,-15.37967],[-52.91778,-15.37875],[-52.91982,-15.37814],[-52.92293,-15.37743],[-52.92384,-15.37741],[-52.92615,-15.37825],[-52.92823,-15.3795],[-52.93074,-15.38075],[-52.9326,-15.38115],[-52.93507,-15.38121],[-52.9365,-15.38088],[-52.93881,-15.38087],[-52.94195,-15.38238],[-52.94322,-15.38207],[-52.9452,-15.38106],[-52.94601,-15.38107],[-52.94756,-15.38171],[-52.94824,-15.3826],[-52.94856,-15.38382],[-52.94936,-15.38491],[-52.95042,-15.38561],[-52.9514,-15.38753],[-52.95075,-15.38851],[-52.95215,-15.38999],[-52.95298,-15.39017],[-52.95468,-15.38945],[-52.95654,-15.38929],[-52.95763,-15.38867],[-52.95929,-15.38875],[-52.9604,-15.38843],[-52.96131,-15.38772],[-52.96225,-15.38559],[-52.96314,-15.38503],[-52.96487,-15.38538],[-52.96541,-15.38717],[-52.96596,-15.38805],[-52.96717,-15.38875],[-52.96866,-15.38899],[-52.96981,-15.38858],[-52.97144,-15.38725],[-52.97306,-15.38681],[-52.97455,-15.38695],[-52.97554,-15.38773],[-52.97559,-15.38968],[-52.97586,-15.39085],[-52.97663,-15.39197],[-52.97843,-15.39294],[-52.98082,-15.39335],[-52.98264,-15.39329],[-52.98527,-15.39225],[-52.98676,-15.39224],[-52.98865,-15.39282],[-52.98915,-15.39333],[-52.99096,-15.3922],[-52.99259,-15.39275],[-52.99471,-15.39302],[-52.99614,-15.3935],[-52.99812,-15.39225],[-52.99946,-15.39214],[-53.00109,-15.39274],[-53.00252,-15.39272],[-53.00468,-15.3911],[-53.00711,-15.3901],[-53.00972,-15.38981],[-53.01091,-15.39039],[-53.01089,-15.3912],[-53.01193,-15.39175],[-53.01231,-15.39304],[-53.01342,-15.39436],[-53.0144,-15.39463],[-53.01523,-15.39355],[-53.01633,-15.39405],[-53.02007,-15.39453],[-53.02194,-15.39442],[-53.02407,-15.39548],[-53.02491,-15.39677],[-53.02676,-15.39752],[-53.02753,-15.39864],[-53.02968,-15.39957],[-53.03049,-15.40058],[-53.0309,-15.40296],[-53.03357,-15.4042],[-53.03439,-15.40501],[-53.03442,-15.40628],[-53.0339,-15.40672],[-53.03324,-15.40828],[-53.03265,-15.40895],[-53.03318,-15.40965],[-53.03267,-15.41077],[-53.0343,-15.41129],[-53.03451,-15.41216],[-53.03587,-15.41186],[-53.03589,-15.41276],[-53.03669,-15.41327],[-53.03812,-15.41345],[-53.03911,-15.41419],[-53.03936,-15.41565],[-53.03887,-15.41605],[-53.04074,-15.41757],[-53.04247,-15.41843],[-53.04289,-15.42018],[-53.04363,-15.42133],[-53.04344,-15.42324],[-53.04214,-15.42464],[-53.04153,-15.4245],[-53.04077,-15.42545],[-53.0409,-15.4263],[-53.04231,-15.42666],[-53.04223,-15.42798],[-53.0429,-15.42817],[-53.04725,-15.4309],[-53.04833,-15.4309],[-53.04976,-15.43147],[-53.04971,-15.43259],[-53.05143,-15.4334],[-53.05232,-15.43333],[-53.05282,-15.43403],[-53.05325,-15.4365],[-53.05532,-15.43772],[-53.05783,-15.43717],[-53.06202,-15.44004],[-53.06521,-15.43915],[-53.06694,-15.4394],[-53.0683,-15.43996],[-53.07071,-15.43982],[-53.07151,-15.44018],[-53.07187,-15.43928],[-53.07307,-15.44],[-53.07601,-15.43988],[-53.07859,-15.44077],[-53.07984,-15.44307],[-53.08163,-15.44272],[-53.08442,-15.44264],[-53.08475,-15.44236],[-53.08694,-15.44236],[-53.08746,-15.44138],[-53.08826,-15.44151],[-53.09097,-15.44267],[-53.09245,-15.44272],[-53.0952,-15.4433],[-53.09624,-15.44397],[-53.09665,-15.4434],[-53.09789,-15.44368],[-53.09837,-15.44473],[-53.09922,-15.44456],[-53.10006,-15.44539],[-53.10115,-15.44529],[-53.10194,-15.44626],[-53.103,-15.44575],[-53.10362,-15.44652],[-53.10434,-15.44614],[-53.10559,-15.44653],[-53.10622,-15.44605],[-53.10703,-15.44664],[-53.10884,-15.44617],[-53.10963,-15.44515],[-53.11133,-15.44452],[-53.11302,-15.4445],[-53.11386,-15.44337],[-53.11546,-15.44307],[-53.11571,-15.44149],[-53.11673,-15.44174],[-53.11881,-15.44132],[-53.12061,-15.4406],[-53.12286,-15.44145],[-53.12526,-15.4418],[-53.12621,-15.44298],[-53.12764,-15.44278],[-53.13022,-15.44326],[-53.13179,-15.44405],[-53.13302,-15.44575],[-53.13307,-15.44637],[-53.13426,-15.44739],[-53.13443,-15.44854],[-53.13534,-15.4496],[-53.13662,-15.44945],[-53.13876,-15.44981],[-53.14067,-15.45126],[-53.14075,-15.45179],[-53.14516,-15.4538],[-53.14598,-15.45379],[-53.14721,-15.45318],[-53.1492,-15.45262],[-53.08358,-15.54824],[-53.08227,-15.54769],[-53.08139,-15.54644],[-53.08028,-15.54431],[-53.07931,-15.54414],[-53.07972,-15.54551],[-53.0785,-15.5454],[-53.0785,-15.5466],[-53.07727,-15.54742],[-53.07515,-15.54649],[-53.07286,-15.54709],[-53.07221,-15.54901],[-53.07106,-15.5498],[-53.0708,-15.55063],[-53.06972,-15.55098],[-53.06828,-15.55066],[-53.06758,-15.55133],[-53.06784,-15.5529],[-53.06739,-15.5546],[-53.0664,-15.55514],[-53.06606,-15.55591],[-53.06509,-15.55627],[-53.0644,-15.55735],[-53.06351,-15.55788],[-53.06322,-15.5597],[-53.06232,-15.56002],[-53.06127,-15.5591],[-53.05988,-15.55898],[-53.05896,-15.55831],[-53.05789,-15.55884],[-53.05768,-15.55989],[-53.05571,-15.56099],[-53.05468,-15.56051],[-53.0523,-15.56123],[-53.05132,-15.56072],[-53.05025,-15.56072],[-53.04974,-15.56009],[-53.04843,-15.56009],[-53.04704,-15.5594],[-53.04648,-15.55966],[-53.04516,-15.55886],[-53.04398,-15.55911],[-53.04296,-15.55804],[-53.04317,-15.55574],[-53.04299,-15.55452],[-53.04324,-15.55333],[-53.0423,-15.55217],[-53.04175,-15.55222],[-53.04021,-15.55357],[-53.03911,-15.55294],[-53.03794,-15.55317],[-53.03688,-15.55253],[-53.03568,-15.55256],[-53.03413,-15.55214],[-53.03391,-15.55103],[-53.03506,-15.54978],[-53.0356,-15.54814],[-53.03505,-15.54621],[-53.0344,-15.54549],[-53.03357,-15.54552],[-53.03271,-15.54619],[-53.03217,-15.54739],[-53.03083,-15.54791],[-53.02896,-15.54809],[-53.02836,-15.54726],[-53.02903,-15.54626],[-53.02856,-15.54515],[-53.02701,-15.54476],[-53.02441,-15.54234],[-53.02035,-15.54049],[-53.01917,-15.54065],[-53.01877,-15.53963],[-53.0178,-15.53914],[-53.01744,-15.53803],[-53.01857,-15.53661],[-53.01861,-15.53433],[-53.01742,-15.53346],[-53.01623,-15.5318],[-53.0161,-15.52983],[-53.01569,-15.5284],[-53.01538,-15.52428],[-53.01428,-15.52307],[-53.01349,-15.52125],[-53.0128,-15.52048],[-53.01106,-15.52047],[-53.00974,-15.51984],[-53.00711,-15.52099],[-53.00562,-15.52115],[-53.00408,-15.52188],[-53.00286,-15.52364],[-53.00123,-15.5245],[-52.99949,-15.52389],[-52.99928,-15.52339],[-52.99934,-15.52006],[-52.99818,-15.51937],[-52.99567,-15.51916],[-52.99299,-15.51761],[-52.99203,-15.51771],[-52.99155,-15.51876],[-52.99114,-15.52155],[-52.98967,-15.5226],[-52.98712,-15.52265],[-52.98506,-15.52374],[-52.98356,-15.52414],[-52.98331,-15.52342],[-52.98353,-15.52149],[-52.98169,-15.52047],[-52.98034,-15.52024],[-52.9794,-15.52066],[-52.97823,-15.52216],[-52.97732,-15.52287],[-52.97611,-15.52294],[-52.97471,-15.52152],[-52.97426,-15.52019],[-52.97315,-15.51922],[-52.97153,-15.5188],[-52.96956,-15.51876],[-52.96491,-15.51962],[-52.96358,-15.52017],[-52.96284,-15.52111],[-52.96277,-15.522],[-52.96167,-15.52298],[-52.96012,-15.52171],[-52.95795,-15.52151],[-52.95566,-15.5224],[-52.95252,-15.52234],[-52.95021,-15.52168],[-52.94642,-15.52025],[-52.94464,-15.51933],[-52.94152,-15.51876],[-52.93981,-15.51762],[-52.93862,-15.51724],[-52.93354,-15.51727],[-52.93106,-15.51772],[-52.93071,-15.51701],[-52.9309,-15.51538],[-52.93059,-15.51468],[-52.92903,-15.51465],[-52.92747,-15.51558],[-52.92721,-15.51641],[-52.92734,-15.51827],[-52.92709,-15.51915],[-52.92536,-15.51994],[-52.92458,-15.51986],[-52.92418,-15.5191],[-52.92374,-15.5165],[-52.92213,-15.51606],[-52.92184,-15.5153],[-52.92265,-15.51458],[-52.92272,-15.5136],[-52.92225,-15.51192],[-52.92156,-15.51162],[-52.91861,-15.5116],[-52.91677,-15.51192],[-52.91384,-15.51293],[-52.91273,-15.51292],[-52.9117,-15.51237],[-52.91045,-15.5124],[-52.90764,-15.51164],[-52.90693,-15.51094],[-52.90633,-15.50776],[-52.9053,-15.50671],[-52.90458,-15.50779],[-52.9038,-15.50978],[-52.90264,-15.51092],[-52.90101,-15.51119],[-52.89933,-15.51054],[-52.89776,-15.50938],[-52.89651,-15.50897],[-52.89532,-15.50901],[-52.89306,-15.50949],[-52.89173,-15.5095],[-52.8895,-15.50831],[-52.88808,-15.50682],[-52.88658,-15.50664],[-52.88421,-15.50713],[-52.88332,-15.50641],[-52.88313,-15.50438],[-52.88281,-15.50354],[-52.88164,-15.50192],[-52.87862,-15.49941],[-52.87794,-15.49806],[-52.87618,-15.49726],[-52.87544,-15.49771],[-52.87575,-15.50103],[-52.87474,-15.5013],[-52.87354,-15.50097],[-52.87122,-15.4977],[-52.87265,-15.49767],[-52.87285,-15.49665],[-52.87242,-15.496],[-52.87069,-15.49484],[-52.86967,-15.49478],[-52.8684,-15.49577],[-52.86738,-15.49577],[-52.8656,-15.49405],[-52.86525,-15.49343],[-52.86619,-15.492],[-52.86541,-15.48884],[-52.86518,-15.48603],[-52.86393,-15.48508],[-52.86324,-15.48353],[-52.86239,-15.48302],[-52.86166,-15.48355],[-52.86133,-15.48566],[-52.86013,-15.48713],[-52.85814,-15.48708],[-52.85714,-15.48587],[-52.8565,-15.48441],[-52.85525,-15.48472],[-52.85331,-15.48443],[-52.85193,-15.48371],[-52.8506,-15.48239],[-52.8503,-15.48085],[-52.85127,-15.47806],[-52.85409,-15.47422],[-52.85436,-15.47299],[-52.85301,-15.47268],[-52.85029,-15.47376],[-52.84835,-15.47414],[-52.84696,-15.47407],[-52.84543,-15.47347],[-52.84371,-15.47316],[-52.84317,-15.4723],[-52.84307,-15.47118],[-52.84242,-15.46867],[-52.84101,-15.46701],[-52.8407,-15.46457],[-52.83912,-15.46327],[-52.83799,-15.46337],[-52.83788,-15.46476],[-52.83716,-15.46648],[-52.83529,-15.46805],[-52.83307,-15.46877],[-52.83196,-15.46842],[-52.83109,-15.46748],[-52.83145,-15.46644],[-52.83343,-15.46553],[-52.83368,-15.46431],[-52.83329,-15.46346],[-52.832,-15.46221],[-52.83086,-15.4604],[-52.83013,-15.45977],[-52.82604,-15.45942],[-52.82397,-15.45866],[-52.82251,-15.45859],[-52.82039,-15.45794],[-52.81862,-15.45603],[-52.8164,-15.45508],[-52.81404,-15.45372],[-52.8123,-15.45236],[-52.80871,-15.45189],[-52.80804,-15.45125],[-52.80792,-15.44884],[-52.80664,-15.44747],[-52.80601,-15.4463],[-52.8048,-15.44545],[-52.8032,-15.44552],[-52.80256,-15.4477],[-52.80177,-15.44875],[-52.8,-15.44965],[-52.79942,-15.45183],[-52.79758,-15.45255],[-52.79588,-15.45402],[-52.79435,-15.45425],[-52.79293,-15.45402],[-52.79154,-15.45606],[-52.79053,-15.45856],[-52.78897,-15.46161],[-52.78787,-15.46274],[-52.7865,-15.46261],[-52.78631,-15.46145],[-52.78547,-15.46047],[-52.78467,-15.46046],[-52.78251,-15.4621],[-52.78133,-15.46263],[-52.77991,-15.46284],[-52.77918,-15.4645],[-52.77807,-15.46487],[-52.77772,-15.46428],[-52.77542,-15.46427],[-52.77222,-15.46382],[-52.7703,-15.46445],[-52.76907,-15.46447],[-52.76754,-15.46405],[-52.76626,-15.46402],[-52.76458,-15.4644],[-52.76304,-15.46506],[-52.76134,-15.46516],[-52.76062,-15.46453],[-52.75984,-15.46483],[-52.75919,-15.46697],[-52.75602,-15.47076],[-52.75443,-15.47125],[-52.75252,-15.47028],[-52.75149,-15.47046],[-52.75168,-15.47228],[-52.75143,-15.47294],[-52.74956,-15.47289],[-52.74752,-15.47201],[-52.7464,-15.47229],[-52.74702,-15.47313],[-52.74977,-15.4749],[-52.75126,-15.47643],[-52.75226,-15.47811],[-52.75202,-15.47907],[-52.75137,-15.4793],[-52.74933,-15.47853],[-52.74664,-15.47823],[-52.74487,-15.47831],[-52.74244,-15.47759],[-52.74101,-15.47682],[-52.73911,-15.47509],[-52.73728,-15.47447],[-52.73651,-15.47484],[-52.73607,-15.47623],[-52.7364,-15.47727],[-52.73578,-15.47872],[-52.7331,-15.47923],[-52.72991,-15.47904],[-52.72814,-15.47863],[-52.72724,-15.47875],[-52.7258,-15.47975],[-52.72539,-15.48036],[-52.72603,-15.48223],[-52.72672,-15.48261],[-52.72678,-15.48386],[-52.72572,-15.48428],[-52.72385,-15.48452],[-52.72239,-15.48527],[-52.72053,-15.48542],[-52.7201,-15.4859],[-52.72044,-15.48693],[-52.72159,-15.48819],[-52.72277,-15.49018],[-52.72295,-15.49171],[-52.72255,-15.49253],[-52.72051,-15.49355],[-52.71922,-15.49498],[-52.71937,-15.49694],[-52.71873,-15.49822],[-52.7176,-15.49921],[-52.71601,-15.49958],[-52.71556,-15.50003],[-52.71587,-15.50109],[-52.71899,-15.50287],[-52.72047,-15.50442],[-52.72111,-15.50585],[-52.72116,-15.50699],[-52.72076,-15.50766],[-52.7195,-15.50769],[-52.71829,-15.50689],[-52.71684,-15.50517],[-52.71581,-15.50455],[-52.71469,-15.50475],[-52.71392,-15.50594],[-52.71407,-15.50739],[-52.71545,-15.50969],[-52.71541,-15.511],[-52.7135,-15.51388],[-52.71357,-15.51524],[-52.71588,-15.51674],[-52.71656,-15.51756],[-52.71605,-15.51821],[-52.7145,-15.51851],[-52.71355,-15.51972],[-52.71222,-15.52089],[-52.71224,-15.52167],[-52.71313,-15.52331],[-52.71448,-15.52436],[-52.71469,-15.52541],[-52.71348,-15.52712],[-52.71076,-15.52904],[-52.7104,-15.53154],[-52.70929,-15.53307],[-52.70875,-15.53632],[-52.70887,-15.53968],[-52.70823,-15.54023],[-52.7067,-15.54041],[-52.70603,-15.54084],[-52.70514,-15.54276],[-52.7054,-15.54367],[-52.70729,-15.54475],[-52.70796,-15.54654],[-52.70828,-15.5484],[-52.70959,-15.55066],[-52.7089,-15.55098],[-52.7069,-15.54978],[-52.70605,-15.54956],[-52.70488,-15.55001],[-52.70355,-15.55404],[-52.70317,-15.55588],[-52.70395,-15.55971],[-52.70383,-15.56142],[-52.70415,-15.56183],[-52.70781,-15.56371],[-52.70851,-15.56374],[-52.7092,-15.56285],[-52.70929,-15.56168],[-52.71036,-15.56059],[-52.71178,-15.56122],[-52.71306,-15.56211],[-52.71423,-15.5635],[-52.71521,-15.56507],[-52.71645,-15.56551],[-52.71993,-15.56523],[-52.7221,-15.56611],[-52.72278,-15.56734],[-52.72282,-15.5685],[-52.72162,-15.57102],[-52.72112,-15.57273],[-52.71993,-15.57383],[-52.72017,-15.57534],[-52.72214,-15.57584],[-52.72371,-15.57701],[-52.7246,-15.57851],[-52.72752,-15.57906],[-52.7292,-15.57968],[-52.73105,-15.58074],[-52.73289,-15.58142],[-52.73436,-15.58236],[-52.73562,-15.58424],[-52.73709,-15.58698],[-52.73769,-15.58965],[-52.73735,-15.59216],[-52.73745,-15.5931],[-52.73941,-15.59464],[-52.73977,-15.59583],[-52.73953,-15.60002],[-52.7398,-15.60113],[-52.74172,-15.60243],[-52.74483,-15.60314],[-52.74729,-15.60442],[-52.74963,-15.60432],[-52.75293,-15.60492],[-52.75442,-15.60624],[-52.75449,-15.60728],[-52.754,-15.60904],[-52.75392,-15.61127],[-52.75294,-15.61219],[-52.75052,-15.61298],[-52.74961,-15.61387],[-52.75041,-15.61618],[-52.75163,-15.61729],[-52.75241,-15.61676],[-52.75277,-15.6153],[-52.7533,-15.6146],[-52.75427,-15.61436],[-52.75707,-15.61486],[-52.75917,-15.61498],[-52.76274,-15.61491],[-52.76417,-15.61547],[-52.76479,-15.61692],[-52.76375,-15.61998],[-52.76442,-15.62219],[-52.76485,-15.62689],[-52.7641,-15.6284],[-52.76318,-15.62862],[-52.76145,-15.62836],[-52.75988,-15.6288],[-52.75957,-15.62925],[-52.75981,-15.63078],[-52.76155,-15.63399],[-52.76162,-15.63575],[-52.75954,-15.63862],[-52.75958,-15.63976],[-52.7602,-15.64061],[-52.76111,-15.64081],[-52.76448,-15.64083],[-52.76615,-15.64147],[-52.76765,-15.64234],[-52.77126,-15.64315],[-52.77202,-15.64386],[-52.77161,-15.64466],[-52.76955,-15.6461],[-52.76863,-15.64747],[-52.76911,-15.64888],[-52.7706,-15.64971],[-52.77049,-15.65142],[-52.77099,-15.65225],[-52.77145,-15.65409],[-52.77216,-15.65551],[-52.77221,-15.65659],[-52.77119,-15.65871],[-52.76838,-15.66236],[-52.76783,-15.66384],[-52.76769,-15.66564],[-52.76709,-15.66709],[-52.76699,-15.66873],[-52.76738,-15.67001],[-52.7665,-15.67095],[-52.76459,-15.66933],[-52.76317,-15.66761],[-52.76221,-15.66694],[-52.76112,-15.66745],[-52.76057,-15.66888],[-52.76052,-15.67094],[-52.76001,-15.67265],[-52.76029,-15.67473],[-52.75998,-15.67679],[-52.76033,-15.67769],[-52.76131,-15.67837],[-52.76317,-15.67865],[-52.76412,-15.67914],[-52.76598,-15.68128],[-52.76658,-15.6824],[-52.76713,-15.68465],[-52.76623,-15.68654],[-52.76419,-15.68797],[-52.76162,-15.68776],[-52.76088,-15.6888],[-52.76071,-15.69113],[-52.76013,-15.69204],[-52.76013,-15.69316],[-52.76057,-15.6939],[-52.76025,-15.69496],[-52.75929,-15.69566],[-52.75733,-15.69613],[-52.75687,-15.69577],[-52.75637,-15.69395],[-52.7546,-15.6923],[-52.75372,-15.69008],[-52.75289,-15.68926],[-52.75121,-15.69],[-52.75067,-15.69084],[-52.75029,-15.6924],[-52.75057,-15.6935],[-52.75189,-15.69617],[-52.75211,-15.69792],[-52.75171,-15.699],[-52.75068,-15.70029],[-52.74881,-15.70086],[-52.7448,-15.69874],[-52.74388,-15.69796],[-52.74275,-15.69769],[-52.74142,-15.6981],[-52.74003,-15.69952],[-52.73865,-15.69918],[-52.73924,-15.69755],[-52.73729,-15.69603],[-52.73839,-15.69441],[-52.73795,-15.69327],[-52.73422,-15.69338],[-52.73296,-15.69294],[-52.73244,-15.69207],[-52.73055,-15.69173],[-52.72994,-15.69086],[-52.7305,-15.68847],[-52.72875,-15.68666],[-52.72827,-15.68585],[-52.72853,-15.68419],[-52.72636,-15.68356],[-52.72351,-15.68128],[-52.72306,-15.68046],[-52.72321,-15.6794],[-52.72384,-15.67902],[-52.7249,-15.67752],[-52.72474,-15.67683],[-52.72317,-15.67631],[-52.72081,-15.67584],[-52.72043,-15.67497],[-52.71963,-15.6746],[-52.71833,-15.67686],[-52.71655,-15.67492],[-52.71591,-15.67484],[-52.71472,-15.67392],[-52.71341,-15.6741],[-52.71167,-15.67334],[-52.71216,-15.6714],[-52.71117,-15.67017],[-52.71055,-15.6686],[-52.70903,-15.66877],[-52.70771,-15.66857],[-52.70656,-15.66769],[-52.70602,-15.66579],[-52.70711,-15.66365],[-52.70716,-15.66239],[-52.70662,-15.6615],[-52.70701,-15.66008],[-52.70609,-15.6577],[-52.70464,-15.6569],[-52.70302,-15.65753],[-52.70136,-15.65691],[-52.70053,-15.65609],[-52.69867,-15.65683],[-52.69798,-15.65634],[-52.69678,-15.65396],[-52.69773,-15.65363],[-52.69775,-15.65276],[-52.69691,-15.65133],[-52.69814,-15.65014],[-52.6992,-15.64731],[-52.69884,-15.64462],[-52.69775,-15.6425],[-52.69704,-15.63845],[-52.69651,-15.63786],[-52.69465,-15.63859],[-52.69404,-15.63829],[-52.69302,-15.63495],[-52.69362,-15.6336],[-52.69564,-15.63493],[-52.69733,-15.63555],[-52.69762,-15.63517],[-52.69643,-15.63285],[-52.69424,-15.63062],[-52.69284,-15.63027],[-52.69256,-15.62832],[-52.69185,-15.62832],[-52.68961,-15.63064],[-52.68844,-15.63133],[-52.68698,-15.63294],[-52.68617,-15.63332],[-52.68489,-15.63294],[-52.68365,-15.6319],[-52.68072,-15.63055],[-52.67965,-15.62968],[-52.68025,-15.62874],[-52.68217,-15.62936],[-52.68357,-15.62906],[-52.68448,-15.62794],[-52.68428,-15.62751],[-52.68221,-15.62711],[-52.68189,-15.62655],[-52.68184,-15.62452],[-52.68276,-15.6227],[-52.6812,-15.62125],[-52.68116,-15.61973],[-52.68197,-15.61917],[-52.68226,-15.61751],[-52.68364,-15.61675],[-52.68418,-15.61592],[-52.68293,-15.61545],[-52.68218,-15.61599],[-52.68036,-15.61808],[-52.67809,-15.61999],[-52.67774,-15.62096],[-52.67646,-15.62074],[-52.67575,-15.62101],[-52.67539,-15.62241],[-52.67439,-15.62468],[-52.6737,-15.6247],[-52.67333,-15.62183],[-52.67217,-15.62054],[-52.67074,-15.62146],[-52.66964,-15.62156],[-52.66912,-15.62112],[-52.66881,-15.61929],[-52.66886,-15.61729],[-52.66857,-15.61666],[-52.66742,-15.61629],[-52.66671,-15.61513],[-52.66664,-15.61333],[-52.66577,-15.61193],[-52.66265,-15.6099],[-52.66238,-15.60925],[-52.66308,-15.60805],[-52.66287,-15.60741],[-52.6614,-15.6073],[-52.66073,-15.60676],[-52.65947,-15.60477],[-52.65922,-15.60371],[-52.65825,-15.60241],[-52.65767,-15.59977],[-52.65608,-15.59902],[-52.65507,-15.59769],[-52.65397,-15.59732],[-52.65268,-15.59646],[-52.65137,-15.59664],[-52.65214,-15.59419],[-52.65106,-15.59339],[-52.65019,-15.59363],[-52.6495,-15.59543],[-52.64825,-15.59546],[-52.64664,-15.5944],[-52.64511,-15.59444],[-52.64393,-15.5941],[-52.64138,-15.59195],[-52.64115,-15.59054],[-52.6441,-15.58997],[-52.64501,-15.58915],[-52.64575,-15.58674],[-52.64347,-15.58554],[-52.64336,-15.5846],[-52.64395,-15.5831],[-52.64586,-15.58137],[-52.64761,-15.58179],[-52.64862,-15.58082],[-52.64819,-15.57876],[-52.64844,-15.57645],[-52.64651,-15.5712],[-52.6461,-15.56909],[-52.64625,-15.56859],[-52.6476,-15.56849],[-52.64856,-15.56885],[-52.65058,-15.57146],[-52.65165,-15.57154],[-52.65342,-15.57087],[-52.65518,-15.57085],[-52.65661,-15.57126],[-52.65755,-15.57043],[-52.66009,-15.5714],[-52.6612,-15.57096],[-52.66205,-15.56951],[-52.66212,-15.56854],[-52.65944,-15.56514],[-52.65887,-15.56508],[-52.65706,-15.56655],[-52.65604,-15.56648],[-52.6559,-15.56565],[-52.65612,-15.56331],[-52.65588,-15.56202],[-52.65495,-15.56088],[-52.65505,-15.55995],[-52.65659,-15.5571],[-52.65611,-15.55641],[-52.65487,-15.55578],[-52.65448,-15.55451],[-52.65517,-15.55349],[-52.65515,-15.5527],[-52.65226,-15.55177],[-52.6514,-15.55047],[-52.6517,-15.54949],[-52.65108,-15.54909],[-52.64961,-15.549],[-52.6498,-15.54696],[-52.65033,-15.54603],[-52.64817,-15.54659],[-52.64523,-15.5479],[-52.64589,-15.54919],[-52.64515,-15.5497],[-52.64374,-15.54978],[-52.6412,-15.55025],[-52.64145,-15.54834],[-52.64095,-15.5475],[-52.64311,-15.54737],[-52.64341,-15.54655],[-52.64262,-15.54484],[-52.64158,-15.54381],[-52.64106,-15.54226],[-52.63936,-15.54174],[-52.63913,-15.54057],[-52.63925,-15.53912],[-52.63846,-15.53875],[-52.6372,-15.53887],[-52.63522,-15.53736],[-52.63491,-15.53654],[-52.63357,-15.53655],[-52.63228,-15.53608],[-52.63067,-15.5366],[-52.63035,-15.53522],[-52.62959,-15.53386],[-52.62946,-15.53027],[-52.62775,-15.53103],[-52.6261,-15.53128],[-52.62499,-15.52937],[-52.62251,-15.52733],[-52.62313,-15.52638],[-52.62248,-15.52574],[-52.61921,-15.52629],[-52.61791,-15.52592],[-52.6166,-15.52438],[-52.6158,-15.52308],[-52.61433,-15.52224],[-52.61349,-15.52113],[-52.61387,-15.52013],[-52.61237,-15.51922],[-52.61211,-15.51604],[-52.61256,-15.51531],[-52.61237,-15.5144],[-52.61306,-15.51348],[-52.61258,-15.51272],[-52.61174,-15.51286],[-52.61061,-15.51224],[-52.60983,-15.51385],[-52.60849,-15.51157],[-52.60854,-15.51058],[-52.60667,-15.50976],[-52.60615,-15.50848],[-52.60432,-15.50768],[-52.60335,-15.50576],[-52.60154,-15.50448],[-52.60125,-15.50347],[-52.59865,-15.50408],[-52.59657,-15.50236],[-52.59634,-15.50128],[-52.59694,-15.49923],[-52.5978,-15.49826],[-52.59988,-15.4972],[-52.6,-15.49665],[-52.59936,-15.49521],[-52.59861,-15.49466],[-52.59699,-15.49422],[-52.59667,-15.49325],[-52.59503,-15.49184],[-52.59507,-15.49102],[-52.59394,-15.4906],[-52.59336,-15.48931],[-52.59391,-15.48861],[-52.59375,-15.48786],[-52.5942,-15.48594],[-52.59558,-15.48559],[-52.59685,-15.48451],[-52.59742,-15.48348],[-52.59866,-15.48225],[-52.59844,-15.48126],[-52.60086,-15.4816],[-52.60128,-15.48276],[-52.60251,-15.48322],[-52.60359,-15.48209],[-52.60571,-15.48129],[-52.60641,-15.4802],[-52.6061,-15.4751],[-52.6064,-15.47377],[-52.60629,-15.47143],[-52.60568,-15.47001],[-52.60653,-15.4677],[-52.60541,-15.46689],[-52.60564,-15.46458],[-52.60454,-15.4634],[-52.60363,-15.46295],[-52.60337,-15.46223],[-52.60195,-15.46102],[-52.60235,-15.45995],[-52.60193,-15.45895],[-52.59957,-15.45868],[-52.59889,-15.45755],[-52.59582,-15.45638],[-52.59484,-15.45678],[-52.59292,-15.45581],[-52.59227,-15.45513],[-52.59116,-15.45545],[-52.58922,-15.45478],[-52.58891,-15.45326],[-52.58731,-15.45275],[-52.58662,-15.45102],[-52.58419,-15.45133],[-52.58416,-15.45004],[-52.58345,-15.4494],[-52.58283,-15.44788],[-52.58122,-15.44834],[-52.58032,-15.44754],[-52.57941,-15.44729],[-52.57895,-15.44623],[-52.57871,-15.444],[-52.57495,-15.44116],[-52.57465,-15.43984],[-52.57408,-15.43928],[-52.5731,-15.43731],[-52.5714,-15.43624],[-52.57101,-15.43512],[-52.57017,-15.43401],[-52.56977,-15.43211],[-52.56903,-15.43105],[-52.56755,-15.43006],[-52.56617,-15.42955],[-52.56287,-15.42998],[-52.56141,-15.43063],[-52.56093,-15.43122],[-52.56105,-15.4322],[-52.56009,-15.43236],[-52.55916,-15.43175],[-52.55767,-15.43167],[-52.55612,-15.43251],[-52.55537,-15.43387],[-52.55395,-15.43349],[-52.55305,-15.434],[-52.55102,-15.43401],[-52.55014,-15.43447],[-52.54801,-15.43386],[-52.54637,-15.43393],[-52.54551,-15.43367],[-52.54245,-15.43121],[-52.54068,-15.43051],[-52.5373,-15.42964],[-52.53585,-15.4294],[-52.53356,-15.42756],[-52.53165,-15.42665],[-52.52877,-15.42574],[-52.52782,-15.42513],[-52.52671,-15.4235],[-52.52712,-15.42178],[-52.52573,-15.42104],[-52.5233,-15.42033],[-52.52315,-15.41814],[-52.52057,-15.4165],[-52.51858,-15.41672],[-52.51807,-15.41645],[-52.51701,-15.41471],[-52.51583,-15.41438],[-52.51548,-15.41352],[-52.51623,-15.40991],[-52.5159,-15.40904],[-52.51604,-15.40748],[-52.51414,-15.4062],[-52.51368,-15.40528],[-52.51342,-15.40361],[-52.51098,-15.40299],[-52.51065,-15.40195],[-52.50804,-15.40038],[-52.50743,-15.40068],[-52.50681,-15.39958],[-52.50496,-15.39909],[-52.50464,-15.39874],[-52.50202,-15.39834],[-52.49982,-15.39838],[-52.49839,-15.3982],[-52.49688,-15.39713],[-52.49646,-15.39742],[-52.4934,-15.39797],[-52.49162,-15.39772],[-52.49073,-15.39796],[-52.48793,-15.39807],[-52.48637,-15.39776],[-52.48252,-15.39625],[-52.47971,-15.39595],[-52.47837,-15.39646],[-52.47617,-15.3966],[-52.47454,-15.39636],[-52.47305,-15.39576],[-52.47143,-15.39699],[-52.4702,-15.3967],[-52.46708,-15.3972],[-52.46557,-15.398],[-52.46441,-15.39829],[-52.46332,-15.39898],[-52.46262,-15.3999],[-52.46154,-15.40019],[-52.45913,-15.40158],[-52.45754,-15.40179],[-52.45552,-15.40369],[-52.45325,-15.40466],[-52.45161,-15.40444],[-52.4508,-15.40508],[-52.44787,-15.40492],[-52.44585,-15.40555],[-52.44269,-15.4057],[-52.44196,-15.40537],[-52.44019,-15.40585],[-52.4399,-15.40638],[-52.43626,-15.40746],[-52.43297,-15.4079],[-52.43181,-15.40844],[-52.43047,-15.40857],[-52.42908,-15.40744],[-52.42841,-15.4063],[-52.42889,-15.40548],[-52.42886,-15.40252],[-52.42829,-15.40124],[-52.4272,-15.40066],[-52.42534,-15.40039],[-52.42442,-15.39967],[-52.42427,-15.39902],[-52.4223,-15.39724],[-52.42158,-15.39626],[-52.4215,-15.3952],[-52.42095,-15.39383],[-52.41923,-15.3915],[-52.42795,-15.38742],[-52.42939,-15.38695],[-52.43563,-15.38291],[-52.43928,-15.37978],[-52.44773,-15.37407],[-52.46281,-15.36377]]]},"properties":{"codigo":"510180330","name":"Toricueije","population":2993,"households":553,"areaKm2":1080.5975,"density":2.8}},{"type":"Feature","geometry":{"type":"Polygon","coordinates":[[[-52.04918,-15.25443],[-52.04935,-15.25446],[-52.22704,-15.15143],[-52.34535,-15.08283],[-52.34619,-15.0826],[-52.34656,-15.08146],[-52.34786,-15.08082],[-52.34837,-15.08115],[-52.34848,-15.08253],[-52.34961,-15.08264],[-52.34952,-15.08352],[-52.34881,-15.08394],[-52.34807,-15.08311],[-52.34751,-15.08382],[-52.34829,-15.08497],[-52.34707,-15.08584],[-52.34766,-15.08696],[-52.34718,-15.08779],[-52.34759,-15.08835],[-52.34855,-15.08785],[-52.34894,-15.0897],[-52.34794,-15.0909],[-52.34761,-15.092],[-52.34787,-15.09459],[-52.34856,-15.09434],[-52.34884,-15.09337],[-52.34999,-15.09374],[-52.35142,-15.09356],[-52.3516,-15.09432],[-52.35013,-15.09558],[-52.34838,-15.09524],[-52.34733,-15.09627],[-52.34833,-15.09714],[-52.34752,-15.09847],[-52.34799,-15.10031],[-52.34894,-15.1018],[-52.34964,-15.10188],[-52.34997,-15.10085],[-52.34901,-15.10063],[-52.34852,-15.09924],[-52.34934,-15.09836],[-52.34983,-15.09944],[-52.35102,-15.09979],[-52.35162,-15.10098],[-52.35094,-15.10365],[-52.35138,-15.10458],[-52.35244,-15.10546],[-52.35346,-15.10519],[-52.35467,-15.1057],[-52.35564,-15.10655],[-52.35654,-15.10874],[-52.35615,-15.10999],[-52.355,-15.11026],[-52.35519,-15.11128],[-52.35638,-15.11165],[-52.35693,-15.11321],[-52.35645,-15.11481],[-52.35489,-15.11527],[-52.35476,-15.11396],[-52.3536,-15.11377],[-52.35328,-15.11475],[-52.35387,-15.11648],[-52.3557,-15.11643],[-52.35862,-15.11478],[-52.35892,-15.11579],[-52.3577,-15.11664],[-52.35774,-15.11872],[-52.35732,-15.12026],[-52.3565,-15.12148],[-52.35778,-15.12246],[-52.3584,-15.12239],[-52.35903,-15.12354],[-52.3581,-15.1245],[-52.35761,-15.12579],[-52.3564,-15.12585],[-52.35715,-15.12685],[-52.35687,-15.12828],[-52.35934,-15.12935],[-52.35867,-15.12998],[-52.3573,-15.12976],[-52.35694,-15.13117],[-52.35755,-15.13192],[-52.35689,-15.13297],[-52.35526,-15.13247],[-52.35419,-15.13337],[-52.35419,-15.13469],[-52.35324,-15.13556],[-52.35309,-15.13674],[-52.35209,-15.13783],[-52.35359,-15.13877],[-52.35305,-15.14033],[-52.35044,-15.14105],[-52.34891,-15.14186],[-52.34834,-15.14276],[-52.34884,-15.14353],[-52.3489,-15.14546],[-52.34778,-15.1459],[-52.34797,-15.14672],[-52.349,-15.14801],[-52.34814,-15.14826],[-52.34538,-15.14775],[-52.34437,-15.14798],[-52.34418,-15.14965],[-52.34528,-15.14952],[-52.34556,-15.15015],[-52.34461,-15.15093],[-52.34437,-15.15176],[-52.34345,-15.15256],[-52.34325,-15.15403],[-52.34216,-15.15469],[-52.34313,-15.15588],[-52.34301,-15.15747],[-52.34482,-15.15984],[-52.34406,-15.16112],[-52.34422,-15.16237],[-52.34538,-15.16253],[-52.34633,-15.16453],[-52.34672,-15.16683],[-52.34651,-15.16788],[-52.344,-15.17028],[-52.34331,-15.1717],[-52.34209,-15.17609],[-52.34216,-15.17714],[-52.34159,-15.17902],[-52.34208,-15.18118],[-52.34042,-15.18372],[-52.34199,-15.18481],[-52.34213,-15.18531],[-52.34052,-15.18748],[-52.34115,-15.18841],[-52.34134,-15.18972],[-52.34045,-15.19147],[-52.33997,-15.19566],[-52.34001,-15.19716],[-52.34147,-15.19968],[-52.34298,-15.20066],[-52.34296,-15.20237],[-52.34228,-15.20445],[-52.34264,-15.20608],[-52.3419,-15.20768],[-52.34281,-15.21013],[-52.34269,-15.21093],[-52.34338,-15.21389],[-52.34431,-15.21575],[-52.34395,-15.21679],[-52.34416,-15.21781],[-52.34506,-15.21886],[-52.34531,-15.22473],[-52.34462,-15.22701],[-52.34457,-15.22804],[-52.34543,-15.23017],[-52.34643,-15.23147],[-52.34653,-15.23253],[-52.34761,-15.23405],[-52.34926,-15.23693],[-52.34963,-15.23811],[-52.35148,-15.24057],[-52.35215,-15.24305],[-52.35311,-15.24545],[-52.35453,-15.24599],[-52.35495,-15.24751],[-52.35595,-15.24912],[-52.35612,-15.25002],[-52.35726,-15.25187],[-52.359,-15.25326],[-52.35964,-15.25407],[-52.36128,-15.25534],[-52.36086,-15.25757],[-52.36134,-15.25872],[-52.36249,-15.25976],[-52.36288,-15.26083],[-52.3643,-15.26183],[-52.36582,-15.26241],[-52.36733,-15.26722],[-52.36918,-15.26941],[-52.37127,-15.27018],[-52.37374,-15.27084],[-52.37473,-15.27146],[-52.37598,-15.27145],[-52.37869,-15.27328],[-52.38128,-15.27415],[-52.38377,-15.27555],[-52.38438,-15.27555],[-52.38602,-15.27649],[-52.38681,-15.27631],[-52.38847,-15.27779],[-52.39074,-15.27877],[-52.39121,-15.27948],[-52.39371,-15.28119],[-52.39439,-15.28361],[-52.39637,-15.28623],[-52.39778,-15.29061],[-52.39766,-15.29112],[-52.39814,-15.29312],[-52.39791,-15.29414],[-52.39864,-15.29452],[-52.39881,-15.29538],[-52.39807,-15.29662],[-52.39851,-15.29751],[-52.39805,-15.29916],[-52.39821,-15.30106],[-52.39768,-15.30293],[-52.397,-15.30381],[-52.39701,-15.30624],[-52.3978,-15.30761],[-52.39833,-15.30927],[-52.39892,-15.31014],[-52.40095,-15.31224],[-52.4037,-15.31591],[-52.40425,-15.31619],[-52.40462,-15.31758],[-52.40411,-15.31827],[-52.40394,-15.32038],[-52.40415,-15.32114],[-52.40529,-15.32253],[-52.40539,-15.32375],[-52.40738,-15.32667],[-52.40765,-15.32882],[-52.40645,-15.32947],[-52.40796,-15.33054],[-52.4086,-15.33204],[-52.40908,-15.33229],[-52.40958,-15.33509],[-52.41165,-15.33592],[-52.41238,-15.33726],[-52.41189,-15.3388],[-52.41119,-15.3398],[-52.41051,-15.34196],[-52.40961,-15.34273],[-52.40998,-15.34476],[-52.40961,-15.34684],[-52.40963,-15.34811],[-52.41014,-15.3496],[-52.40964,-15.35153],[-52.40989,-15.35241],[-52.41086,-15.35319],[-52.41326,-15.35459],[-52.41449,-15.35501],[-52.41682,-15.35494],[-52.41872,-15.35542],[-52.41973,-15.3581],[-52.41843,-15.3608],[-52.42019,-15.36247],[-52.42128,-15.36268],[-52.42194,-15.36417],[-52.42301,-15.36583],[-52.42542,-15.36569],[-52.42706,-15.36652],[-52.42933,-15.36627],[-52.43036,-15.36744],[-52.4326,-15.36836],[-52.4346,-15.36966],[-52.43738,-15.37021],[-52.43882,-15.37246],[-52.43902,-15.37317],[-52.4404,-15.37483],[-52.4414,-15.37551],[-52.41586,-15.38991],[-52.4117,-15.39248],[-52.41064,-15.39295],[-52.41016,-15.3937],[-52.40844,-15.39512],[-52.40506,-15.39458],[-52.40323,-15.39506],[-52.40179,-15.39638],[-52.40093,-15.39797],[-52.39969,-15.39966],[-52.39762,-15.40187],[-52.39589,-15.40319],[-52.39543,-15.40638],[-52.39458,-15.409],[-52.39257,-15.41061],[-52.39171,-15.41201],[-52.39144,-15.41463],[-52.39019,-15.41595],[-52.38635,-15.41934],[-52.3855,-15.42066],[-52.38368,-15.4245],[-52.38302,-15.42638],[-52.38216,-15.42741],[-52.37931,-15.43004],[-52.37745,-15.43254],[-52.37527,-15.43728],[-52.37541,-15.43829],[-52.37646,-15.43909],[-52.3773,-15.44125],[-52.37742,-15.44278],[-52.37609,-15.44381],[-52.37519,-15.44533],[-52.37399,-15.44635],[-52.3733,-15.44733],[-52.37361,-15.44895],[-52.3744,-15.45055],[-52.3739,-15.45115],[-52.37422,-15.45404],[-52.3737,-15.45455],[-52.37358,-15.45596],[-52.37304,-15.45674],[-52.37304,-15.45843],[-52.37153,-15.46242],[-52.37154,-15.46457],[-52.3703,-15.46607],[-52.37025,-15.46784],[-52.36944,-15.46842],[-52.36989,-15.46969],[-52.36841,-15.47254],[-52.36832,-15.47366],[-52.36735,-15.47367],[-52.36765,-15.47469],[-52.36768,-15.47651],[-52.36718,-15.47747],[-52.36739,-15.47813],[-52.36696,-15.47925],[-52.36615,-15.48005],[-52.36505,-15.47979],[-52.36445,-15.48133],[-52.36502,-15.48253],[-52.36384,-15.48277],[-52.36321,-15.4824],[-52.36213,-15.48314],[-52.36031,-15.48359],[-52.3597,-15.48408],[-52.35985,-15.48554],[-52.35835,-15.48626],[-52.35751,-15.48758],[-52.35566,-15.48743],[-52.35445,-15.48762],[-52.35269,-15.48869],[-52.35331,-15.48921],[-52.35254,-15.49004],[-52.35143,-15.49061],[-52.35033,-15.49042],[-52.35016,-15.49187],[-52.34962,-15.49242],[-52.34996,-15.49337],[-52.34967,-15.4943],[-52.34777,-15.49433],[-52.34692,-15.49497],[-52.34579,-15.49685],[-52.34479,-15.49784],[-52.34362,-15.49808],[-52.3404,-15.50168],[-52.33872,-15.5039],[-52.3374,-15.50445],[-52.33818,-15.50598],[-52.33758,-15.50712],[-52.33575,-15.50775],[-52.33614,-15.50958],[-52.33508,-15.51034],[-52.33409,-15.50945],[-52.33366,-15.51035],[-52.33367,-15.51148],[-52.33227,-15.5121],[-52.33201,-15.51337],[-52.33095,-15.51379],[-52.32811,-15.51398],[-52.32694,-15.51316],[-52.32622,-15.51468],[-52.32457,-15.51393],[-52.32403,-15.51502],[-52.32318,-15.51494],[-52.32219,-15.51377],[-52.32146,-15.51398],[-52.3209,-15.51568],[-52.31992,-15.51556],[-52.31918,-15.51482],[-52.31831,-15.51582],[-52.3147,-15.5158],[-52.31316,-15.51637],[-52.31279,-15.51747],[-52.31199,-15.517],[-52.30993,-15.51768],[-52.30786,-15.51758],[-52.30722,-15.51782],[-52.30747,-15.51895],[-52.30669,-15.51936],[-52.30579,-15.51816],[-52.30494,-15.5186],[-52.30502,-15.52086],[-52.30376,-15.52088],[-52.30344,-15.52037],[-52.30229,-15.52114],[-52.30248,-15.52327],[-52.30133,-15.52293],[-52.30139,-15.52496],[-52.29887,-15.52574],[-52.29878,-15.52647],[-52.29929,-15.52757],[-52.29726,-15.52892],[-52.29633,-15.52929],[-52.29572,-15.53049],[-52.2959,-15.53188],[-52.29498,-15.53277],[-52.2942,-15.53258],[-52.29323,-15.53342],[-52.29342,-15.534],[-52.2908,-15.53428],[-52.29073,-15.5359],[-52.28911,-15.53563],[-52.28879,-15.53689],[-52.288,-15.53684],[-52.28772,-15.53831],[-52.28573,-15.53886],[-52.28564,-15.54017],[-52.28481,-15.54095],[-52.28439,-15.54241],[-52.28266,-15.54537],[-52.28231,-15.5466],[-52.28125,-15.5472],[-52.27855,-15.54765],[-52.27591,-15.54586],[-52.27329,-15.54363],[-52.27318,-15.54222],[-52.27259,-15.54108],[-52.27057,-15.54046],[-52.26902,-15.53972],[-52.26728,-15.53927],[-52.26651,-15.54064],[-52.26465,-15.54135],[-52.26387,-15.54308],[-52.2631,-15.54333],[-52.26255,-15.54256],[-52.26073,-15.54178],[-52.25999,-15.54109],[-52.25991,-15.54012],[-52.2592,-15.54004],[-52.25786,-15.53885],[-52.25614,-15.53968],[-52.25575,-15.53753],[-52.25508,-15.53797],[-52.25423,-15.537],[-52.25149,-15.53554],[-52.25072,-15.53767],[-52.24972,-15.53784],[-52.2487,-15.53855],[-52.24732,-15.53799],[-52.24628,-15.53809],[-52.2455,-15.53866],[-52.24405,-15.53772],[-52.24289,-15.53764],[-52.24202,-15.53841],[-52.24129,-15.53779],[-52.24097,-15.53666],[-52.2399,-15.53591],[-52.2389,-15.53573],[-52.23861,-15.5348],[-52.23984,-15.53393],[-52.23946,-15.53232],[-52.2386,-15.53119],[-52.23823,-15.52985],[-52.23891,-15.52829],[-52.23839,-15.52549],[-52.23664,-15.52425],[-52.23465,-15.52355],[-52.23359,-15.52012],[-52.23058,-15.51811],[-52.22563,-15.51806],[-52.22339,-15.51875],[-52.22016,-15.51834],[-52.21718,-15.51546],[-52.21553,-15.51351],[-52.21165,-15.51007],[-52.20942,-15.50942],[-52.20806,-15.50717],[-52.2068,-15.50605],[-52.20554,-15.50606],[-52.20225,-15.50496],[-52.1973,-15.49993],[-52.19517,-15.49845],[-52.1908,-15.49379],[-52.18925,-15.49277],[-52.18875,-15.49044],[-52.18535,-15.48596],[-52.1826,-15.4837],[-52.18025,-15.47913],[-52.17851,-15.47745],[-52.17782,-15.47493],[-52.17558,-15.47223],[-52.17352,-15.4655],[-52.17225,-15.46402],[-52.17081,-15.46412],[-52.16965,-15.46347],[-52.16847,-15.46095],[-52.16837,-15.45964],[-52.16721,-15.45955],[-52.16614,-15.45881],[-52.16623,-15.45655],[-52.16536,-15.4558],[-52.16486,-15.45375],[-52.16281,-15.45151],[-52.16217,-15.45123],[-52.1612,-15.44941],[-52.16111,-15.44746],[-52.16032,-15.44665],[-52.16057,-15.44612],[-52.15893,-15.44497],[-52.15874,-15.44433],[-52.15738,-15.44443],[-52.15714,-15.44308],[-52.15643,-15.44259],[-52.15614,-15.44168],[-52.15512,-15.44123],[-52.1532,-15.44097],[-52.15404,-15.43985],[-52.15246,-15.43871],[-52.1511,-15.43846],[-52.14935,-15.43907],[-52.1474,-15.437],[-52.14701,-15.43613],[-52.14555,-15.43616],[-52.14483,-15.43531],[-52.14341,-15.436],[-52.14337,-15.43522],[-52.14174,-15.43508],[-52.14154,-15.43456],[-52.13961,-15.43333],[-52.14002,-15.43179],[-52.13945,-15.43137],[-52.1391,-15.43004],[-52.14018,-15.4301],[-52.14034,-15.42934],[-52.13911,-15.42812],[-52.13924,-15.42613],[-52.13846,-15.42584],[-52.13826,-15.42487],[-52.13738,-15.42378],[-52.13719,-15.42289],[-52.13543,-15.42184],[-52.13463,-15.4221],[-52.13235,-15.42001],[-52.13155,-15.41901],[-52.13145,-15.41717],[-52.12945,-15.41694],[-52.12957,-15.41622],[-52.128,-15.41514],[-52.12893,-15.41417],[-52.12747,-15.41354],[-52.12727,-15.4119],[-52.12773,-15.41129],[-52.12662,-15.40993],[-52.12784,-15.40851],[-52.12713,-15.40822],[-52.12583,-15.40649],[-52.12507,-15.40657],[-52.12433,-15.40555],[-52.1223,-15.40526],[-52.12185,-15.40351],[-52.1196,-15.40287],[-52.12058,-15.40242],[-52.11972,-15.40061],[-52.11865,-15.40065],[-52.11863,-15.39989],[-52.1167,-15.39903],[-52.11518,-15.39872],[-52.11425,-15.39764],[-52.11331,-15.39819],[-52.11303,-15.39734],[-52.11059,-15.39765],[-52.11067,-15.39617],[-52.10845,-15.39547],[-52.10706,-15.39553],[-52.10665,-15.39467],[-52.10693,-15.39283],[-52.10611,-15.39225],[-52.10288,-15.39091],[-52.10211,-15.38918],[-52.10139,-15.38962],[-52.09973,-15.38757],[-52.09977,-15.38657],[-52.09859,-15.38644],[-52.09838,-15.38522],[-52.09749,-15.38446],[-52.09697,-15.38189],[-52.09737,-15.38081],[-52.09714,-15.37933],[-52.09781,-15.37905],[-52.09713,-15.37728],[-52.09858,-15.37684],[-52.09811,-15.37544],[-52.09937,-15.37443],[-52.09846,-15.37363],[-52.09851,-15.37147],[-52.09937,-15.36802],[-52.0987,-15.3661],[-52.09714,-15.36546],[-52.09628,-15.36434],[-52.09529,-15.36247],[-52.09574,-15.36064],[-52.0966,-15.35917],[-52.09509,-15.35762],[-52.09434,-15.35747],[-52.09347,-15.35645],[-52.0935,-15.35482],[-52.09297,-15.35358],[-52.09187,-15.35318],[-52.09212,-15.35212],[-52.09078,-15.35184],[-52.09057,-15.35064],[-52.08999,-15.35001],[-52.08841,-15.34958],[-52.0859,-15.34968],[-52.08461,-15.34778],[-52.08448,-15.34635],[-52.08524,-15.34393],[-52.08537,-15.34251],[-52.08454,-15.34135],[-52.08444,-15.33961],[-52.08326,-15.33751],[-52.08386,-15.33687],[-52.08204,-15.33582],[-52.08201,-15.33516],[-52.08326,-15.33163],[-52.08394,-15.33069],[-52.08358,-15.32967],[-52.08392,-15.32886],[-52.08491,-15.32868],[-52.08502,-15.32771],[-52.08591,-15.3274],[-52.08432,-15.3248],[-52.08508,-15.32341],[-52.08392,-15.32299],[-52.0832,-15.32119],[-52.08076,-15.31979],[-52.08176,-15.3178],[-52.08023,-15.31677],[-52.08062,-15.31582],[-52.08028,-15.31475],[-52.07955,-15.31507],[-52.07878,-15.31454],[-52.08041,-15.31368],[-52.07981,-15.31247],[-52.078,-15.31141],[-52.0765,-15.31171],[-52.07775,-15.30995],[-52.07627,-15.30878],[-52.07697,-15.3074],[-52.07578,-15.30639],[-52.07578,-15.30552],[-52.07512,-15.30317],[-52.07403,-15.3027],[-52.07326,-15.30358],[-52.0721,-15.30281],[-52.07086,-15.30252],[-52.06989,-15.3015],[-52.06882,-15.29981],[-52.06746,-15.30013],[-52.06653,-15.29928],[-52.06677,-15.29822],[-52.06587,-15.29824],[-52.06388,-15.29931],[-52.06254,-15.29864],[-52.06331,-15.29798],[-52.06288,-15.29572],[-52.06057,-15.29468],[-52.0596,-15.29337],[-52.05847,-15.29267],[-52.05789,-15.2903],[-52.05878,-15.28842],[-52.05786,-15.28738],[-52.05859,-15.28652],[-52.05833,-15.28578],[-52.05897,-15.2846],[-52.05783,-15.28441],[-52.05782,-15.2836],[-52.05688,-15.2835],[-52.0554,-15.2841],[-52.05354,-15.284],[-52.05236,-15.28327],[-52.05093,-15.28177],[-52.04933,-15.28099],[-52.04843,-15.28015],[-52.04693,-15.27951],[-52.04653,-15.27851],[-52.04526,-15.27853],[-52.04622,-15.27672],[-52.04699,-15.27395],[-52.04772,-15.27333],[-52.05073,-15.27331],[-52.05072,-15.27205],[-52.05186,-15.27132],[-52.05356,-15.26892],[-52.05427,-15.26875],[-52.05545,-15.2695],[-52.05598,-15.26915],[-52.05556,-15.26766],[-52.05643,-15.26702],[-52.05603,-15.2633],[-52.05509,-15.26177],[-52.05322,-15.25966],[-52.05047,-15.25904],[-52.04885,-15.25635],[-52.04918,-15.25443]]]},"properties":{"codigo":"510180335","name":"Vale dos Sonhos","population":864,"households":492,"areaKm2":1167.8858,"density":0.7}}]}