{"type":"FeatureCollection","features":[{"type":"Feature","geometry":{"type":"Polygon","coordinates":[[[-58.88226,-10.61838],[-58.89956,-10.59478],[-58.92719,-10.55711],[-58.92541,-10.5572],[-58.92332,-10.55675],[-58.91969,-10.5554],[-58.91821,-10.55441],[-58.91736,-10.55327],[-58.91395,-10.5512],[-58.91139,-10.55079],[-58.90627,-10.54843],[-58.90498,-10.54676],[-58.90353,-10.54143],[-58.90322,-10.53792],[-58.90321,-10.53609],[-58.90205,-10.53202],[-58.90146,-10.52936],[-58.9006,-10.52683],[-58.90059,-10.52487],[-58.90184,-10.52078],[-58.90169,-10.5191],[-58.90111,-10.5177],[-58.89954,-10.51588],[-58.89739,-10.51457],[-58.89696,-10.51253],[-58.89706,-10.50862],[-58.89634,-10.50742],[-58.8958,-10.5058],[-58.89396,-10.50176],[-58.89336,-10.49933],[-58.8937,-10.49689],[-58.89526,-10.49422],[-58.89567,-10.49294],[-58.89501,-10.49115],[-58.89289,-10.48907],[-58.89116,-10.48672],[-58.89101,-10.48526],[-58.89127,-10.48416],[-58.89107,-10.48244],[-58.88987,-10.48037],[-58.88724,-10.47756],[-58.88636,-10.47566],[-58.88647,-10.47337],[-58.88543,-10.47228],[-58.88372,-10.47105],[-58.88206,-10.46638],[-58.87996,-10.46454],[-58.87975,-10.46154],[-58.88008,-10.46059],[-58.87924,-10.4577],[-58.8798,-10.45501],[-58.87868,-10.45329],[-58.87816,-10.45151],[-58.87866,-10.45003],[-58.87846,-10.44906],[-58.87888,-10.44834],[-58.87822,-10.44618],[-58.87646,-10.4432],[-58.87259,-10.43716],[-58.87079,-10.43388],[-58.86992,-10.43191],[-58.86994,-10.43021],[-58.87058,-10.4289],[-58.87194,-10.42532],[-58.87602,-10.42273],[-58.87693,-10.42158],[-58.87818,-10.42103],[-58.87836,-10.42049],[-58.87732,-10.41876],[-58.87844,-10.41665],[-58.87726,-10.41513],[-58.87676,-10.41389],[-58.87809,-10.41234],[-58.87833,-10.41073],[-58.87784,-10.40959],[-58.877,-10.409],[-58.87552,-10.40878],[-58.87524,-10.40744],[-58.87623,-10.40605],[-58.87566,-10.40475],[-58.87626,-10.40425],[-58.876,-10.40179],[-58.87668,-10.40102],[-58.87664,-10.39983],[-58.87812,-10.39725],[-58.88071,-10.39723],[-58.88177,-10.39625],[-58.88176,-10.39436],[-58.88144,-10.39271],[-58.8804,-10.39158],[-58.87837,-10.39006],[-58.87833,-10.38937],[-58.87719,-10.38778],[-58.87502,-10.38639],[-58.8726,-10.3841],[-58.86857,-10.38118],[-58.86742,-10.37961],[-58.86588,-10.38008],[-58.86334,-10.37779],[-58.86172,-10.3769],[-58.85883,-10.3756],[-58.85695,-10.37435],[-58.85514,-10.37127],[-58.8513,-10.367],[-58.8498,-10.36657],[-58.84843,-10.36569],[-58.84799,-10.36443],[-58.84792,-10.36322],[-58.84744,-10.36128],[-58.84658,-10.35999],[-58.84383,-10.35751],[-58.84294,-10.35622],[-58.84281,-10.35461],[-58.843,-10.3528],[-58.84262,-10.3508],[-58.84164,-10.34972],[-58.8396,-10.34868],[-58.83903,-10.34752],[-58.83864,-10.34587],[-58.83743,-10.34478],[-58.83708,-10.34342],[-58.83741,-10.34207],[-58.8368,-10.34016],[-58.83682,-10.33908],[-58.83738,-10.33774],[-58.83711,-10.33629],[-58.83715,-10.33409],[-58.83661,-10.33255],[-58.83581,-10.33137],[-58.83372,-10.3293],[-58.83206,-10.32824],[-58.83048,-10.326],[-58.82989,-10.3236],[-58.82926,-10.32248],[-58.82709,-10.32049],[-58.82725,-10.31847],[-58.82588,-10.31678],[-58.82563,-10.31406],[-58.82385,-10.31254],[-58.82222,-10.31364],[-58.82136,-10.31346],[-58.81908,-10.31057],[-58.8167,-10.30915],[-58.81657,-10.30827],[-58.8176,-10.30714],[-58.81741,-10.3061],[-58.81536,-10.30404],[-58.81611,-10.30254],[-58.81595,-10.30121],[-58.81481,-10.29968],[-58.81164,-10.29923],[-58.80967,-10.29642],[-58.80882,-10.29566],[-58.80821,-10.29305],[-58.80858,-10.2917],[-58.80798,-10.29093],[-58.80857,-10.28982],[-58.80698,-10.28916],[-58.80487,-10.28784],[-58.80549,-10.28656],[-58.80465,-10.28577],[-58.80304,-10.28617],[-58.80163,-10.28574],[-58.79981,-10.28613],[-58.7998,-10.28496],[-58.79923,-10.28468],[-58.79841,-10.28203],[-58.79797,-10.28144],[-58.79694,-10.28175],[-58.79647,-10.28133],[-58.79719,-10.28007],[-58.79679,-10.27964],[-58.79802,-10.27848],[-58.798,-10.27779],[-58.7989,-10.27719],[-58.79949,-10.27579],[-58.79821,-10.27376],[-58.79956,-10.27322],[-58.80075,-10.27394],[-58.80158,-10.27405],[-58.80276,-10.27323],[-58.8011,-10.27173],[-58.80109,-10.27031],[-58.80268,-10.26929],[-58.80455,-10.26914],[-58.80551,-10.26782],[-58.80726,-10.26773],[-58.80814,-10.26719],[-58.80864,-10.2644],[-58.80935,-10.26448],[-58.80953,-10.26558],[-58.81068,-10.26594],[-58.81144,-10.26441],[-58.81064,-10.26178],[-58.81063,-10.26112],[-58.81183,-10.26059],[-58.8144,-10.26116],[-58.8161,-10.25994],[-58.81592,-10.25956],[-58.81436,-10.25949],[-58.81371,-10.25833],[-58.8157,-10.25748],[-58.81669,-10.2574],[-58.81915,-10.25586],[-58.81949,-10.25434],[-58.81956,-10.25218],[-58.81893,-10.25043],[-58.81981,-10.24926],[-58.82061,-10.24579],[-58.8206,-10.24323],[-58.8201,-10.24143],[-58.82074,-10.24073],[-58.82295,-10.24047],[-58.82487,-10.23587],[-58.82581,-10.23489],[-58.82666,-10.23326],[-58.82761,-10.23218],[-58.82757,-10.22759],[-58.82719,-10.22612],[-58.82651,-10.22538],[-58.82658,-10.22432],[-58.82597,-10.22367],[-58.82482,-10.22152],[-58.82542,-10.2205],[-58.82537,-10.21891],[-58.82632,-10.21665],[-58.82544,-10.21389],[-58.82542,-10.21156],[-58.82639,-10.21115],[-58.82762,-10.21125],[-58.82778,-10.20939],[-58.82676,-10.20837],[-58.82654,-10.20742],[-58.82786,-10.20628],[-58.82759,-10.20398],[-58.82846,-10.20327],[-58.82967,-10.20377],[-58.8307,-10.20361],[-58.831,-10.20176],[-58.83227,-10.20007],[-58.8339,-10.19946],[-58.83649,-10.2002],[-58.83814,-10.19982],[-58.83921,-10.20021],[-58.83959,-10.19968],[-58.83974,-10.19806],[-58.84024,-10.19741],[-58.84068,-10.19585],[-58.84168,-10.19434],[-58.84147,-10.19254],[-58.84319,-10.19105],[-58.84356,-10.19011],[-58.84298,-10.18891],[-58.8416,-10.18858],[-58.84134,-10.18799],[-58.84183,-10.18647],[-58.8424,-10.186],[-58.84445,-10.18644],[-58.84466,-10.18528],[-58.84358,-10.18469],[-58.84336,-10.18139],[-58.8429,-10.18085],[-58.84212,-10.17844],[-58.84192,-10.17604],[-58.84253,-10.17466],[-58.84229,-10.17396],[-58.84,-10.17257],[-58.83987,-10.17155],[-58.84044,-10.171],[-58.84026,-10.16981],[-58.83927,-10.16927],[-58.83766,-10.16949],[-58.83686,-10.16792],[-58.836,-10.16737],[-58.83495,-10.16581],[-58.83413,-10.1632],[-58.83309,-10.16261],[-58.83189,-10.16393],[-58.83114,-10.16434],[-58.82994,-10.16419],[-58.8292,-10.16297],[-58.8296,-10.1625],[-58.83109,-10.15955],[-58.83119,-10.15897],[-58.82881,-10.15846],[-58.82848,-10.15716],[-58.83068,-10.15531],[-58.83139,-10.15642],[-58.83319,-10.15712],[-58.83661,-10.15666],[-58.83894,-10.15731],[-58.83984,-10.15711],[-58.84179,-10.15616],[-58.84295,-10.15487],[-58.84198,-10.1539],[-58.84023,-10.15457],[-58.8396,-10.15429],[-58.83904,-10.15319],[-58.83915,-10.15247],[-58.84008,-10.15209],[-58.84191,-10.14961],[-58.8422,-10.14824],[-58.84409,-10.14585],[-58.84577,-10.14533],[-58.84809,-10.14434],[-58.849,-10.14346],[-58.84892,-10.14286],[-58.84627,-10.14296],[-58.84536,-10.13978],[-58.84618,-10.13844],[-58.84521,-10.13788],[-58.84415,-10.13866],[-58.84321,-10.13859],[-58.8416,-10.13679],[-58.8411,-10.13511],[-58.84275,-10.13358],[-58.84359,-10.13375],[-58.84416,-10.13261],[-58.84388,-10.13133],[-58.84207,-10.12841],[-58.83997,-10.12634],[-58.83948,-10.12449],[-58.83945,-10.12029],[-58.83914,-10.11717],[-58.83815,-10.11335],[-58.83829,-10.11064],[-58.83798,-10.11009],[-58.83691,-10.11],[-58.8344,-10.11053],[-58.83345,-10.11121],[-58.83315,-10.11221],[-58.83162,-10.11381],[-58.83065,-10.11383],[-58.82985,-10.1131],[-58.82945,-10.11199],[-58.82827,-10.11246],[-58.82766,-10.11162],[-58.82868,-10.10948],[-58.82821,-10.10829],[-58.82714,-10.10814],[-58.82548,-10.10651],[-58.82488,-10.1052],[-58.82279,-10.10483],[-58.82036,-10.1031],[-58.82028,-10.10217],[-58.82217,-10.10038],[-58.82285,-10.09862],[-58.8227,-10.09636],[-58.82213,-10.0954],[-58.82064,-10.09207],[-58.82111,-10.09108],[-58.82107,-10.08924],[-58.82039,-10.08822],[-58.81864,-10.08828],[-58.81828,-10.08736],[-58.81894,-10.08615],[-58.81829,-10.08512],[-58.8182,-10.08316],[-58.81962,-10.08039],[-58.82124,-10.07855],[-58.82226,-10.07792],[-58.82454,-10.07761],[-58.82809,-10.07687],[-58.83143,-10.07654],[-58.83257,-10.07554],[-58.83287,-10.07471],[-58.83228,-10.07316],[-58.83235,-10.07216],[-58.83307,-10.0719],[-58.83467,-10.07055],[-58.83591,-10.07023],[-58.83619,-10.06947],[-58.83545,-10.06881],[-58.8355,-10.06803],[-58.83692,-10.0679],[-58.83643,-10.06707],[-58.83479,-10.06688],[-58.83441,-10.06641],[-58.83546,-10.06565],[-58.83638,-10.06597],[-58.83893,-10.06764],[-58.83981,-10.0686],[-58.83955,-10.06954],[-58.84055,-10.0701],[-58.84136,-10.06911],[-58.84185,-10.06977],[-58.84195,-10.07242],[-58.84256,-10.07306],[-58.84384,-10.07292],[-58.845,-10.07192],[-58.84622,-10.07143],[-58.84827,-10.07258],[-58.84886,-10.07144],[-58.84865,-10.0702],[-58.84921,-10.06875],[-58.84842,-10.06797],[-58.84843,-10.06702],[-58.85169,-10.06528],[-58.85272,-10.06528],[-58.85294,-10.06701],[-58.85556,-10.07066],[-58.8564,-10.07038],[-58.85788,-10.06616],[-58.8589,-10.06473],[-58.86119,-10.06461],[-58.86199,-10.06491],[-58.86152,-10.06593],[-58.86192,-10.06675],[-58.86298,-10.066],[-58.86472,-10.06667],[-58.86672,-10.06847],[-58.86784,-10.06849],[-58.86791,-10.06786],[-58.86677,-10.06677],[-58.86736,-10.06486],[-58.86821,-10.06323],[-58.86888,-10.06266],[-58.87046,-10.06217],[-58.87112,-10.06082],[-58.87031,-10.05963],[-58.87034,-10.05796],[-58.87153,-10.05641],[-58.87159,-10.05555],[-58.87249,-10.05443],[-58.87546,-10.05223],[-58.87732,-10.05036],[-58.88096,-10.04815],[-58.88325,-10.04611],[-58.88395,-10.04571],[-58.88518,-10.04626],[-58.88631,-10.04405],[-58.88772,-10.04291],[-58.88956,-10.04216],[-58.88976,-10.04165],[-58.88875,-10.04046],[-58.88881,-10.03837],[-58.88857,-10.03695],[-58.88887,-10.03605],[-58.8928,-10.03308],[-58.89307,-10.03259],[-58.89273,-10.03062],[-58.89363,-10.0299],[-58.89573,-10.02943],[-58.89713,-10.02939],[-58.8991,-10.03056],[-58.89947,-10.02871],[-58.90065,-10.0286],[-58.90298,-10.0298],[-58.90486,-10.03054],[-58.90537,-10.03196],[-58.90758,-10.03346],[-58.90852,-10.03541],[-58.90995,-10.03689],[-58.91136,-10.03887],[-58.91232,-10.03853],[-58.91193,-10.0363],[-58.91456,-10.03346],[-58.91633,-10.03327],[-58.91964,-10.03439],[-58.92126,-10.03444],[-58.92192,-10.03365],[-58.9217,-10.03198],[-58.92081,-10.02999],[-58.92156,-10.02851],[-58.92171,-10.02755],[-58.923,-10.02591],[-58.92378,-10.02395],[-58.92498,-10.02295],[-58.92902,-10.02165],[-58.9301,-10.0209],[-58.93071,-10.01957],[-58.9302,-10.01864],[-58.93056,-10.01722],[-58.93237,-10.01546],[-58.93485,-10.01529],[-58.93707,-10.01623],[-58.93808,-10.01742],[-58.93876,-10.01909],[-58.94173,-10.0213],[-58.94291,-10.02084],[-58.9435,-10.0198],[-58.94481,-10.01914],[-58.94604,-10.01922],[-58.94712,-10.02155],[-58.9486,-10.02224],[-58.949,-10.02369],[-58.94966,-10.02422],[-58.95086,-10.02371],[-58.95106,-10.0232],[-58.94948,-10.02175],[-58.94912,-10.0211],[-58.9495,-10.02017],[-58.95303,-10.01793],[-58.95464,-10.01768],[-58.95517,-10.01654],[-58.95602,-10.01558],[-58.957,-10.0139],[-58.95707,-10.01157],[-58.95665,-10.01061],[-58.95674,-10.00779],[-58.95635,-10.00701],[-58.95557,-10.00419],[-58.95477,-10.00244],[-58.95552,-10.00001],[-58.95751,-9.9994],[-58.95935,-9.99844],[-58.96181,-9.99892],[-58.96287,-10.0009],[-58.96301,-10.00221],[-58.96397,-10.00276],[-58.96651,-10.00275],[-58.96704,-10.00352],[-58.96834,-10.00425],[-58.9699,-10.00561],[-58.97048,-10.00571],[-58.97195,-10.00446],[-58.97159,-10.00366],[-58.96956,-10.00347],[-58.96894,-10.00169],[-58.9692,-10.00001],[-58.96971,-9.99943],[-58.97064,-9.99942],[-58.97151,-9.9986],[-58.97109,-9.99717],[-58.96958,-9.99569],[-58.96901,-9.99457],[-58.97004,-9.9941],[-58.97169,-9.99496],[-58.97293,-9.9948],[-58.97366,-9.99567],[-58.9744,-9.99838],[-58.97693,-10.00053],[-58.97822,-10.00083],[-58.98137,-9.99895],[-58.98349,-9.99904],[-58.98448,-10],[-58.98607,-10.00097],[-58.989,-10.00157],[-58.99153,-10.00125],[-58.99194,-10.00001],[-58.99164,-9.99674],[-58.99286,-9.99631],[-58.99654,-9.99607],[-58.99871,-9.99637],[-59.0005,-9.99815],[-59.00151,-9.99995],[-59.00263,-10.0001],[-59.00416,-9.99962],[-59.00599,-9.99698],[-59.00709,-9.99649],[-59.00821,-9.99743],[-59.00869,-9.9972],[-59.00908,-9.99585],[-59.01024,-9.99674],[-59.0111,-9.99658],[-59.01213,-9.99535],[-59.01317,-9.99466],[-59.0181,-9.99366],[-59.01917,-9.99309],[-59.01981,-9.9923],[-59.01992,-9.99101],[-59.01963,-9.98872],[-59.02008,-9.98717],[-59.021,-9.98559],[-59.02177,-9.98361],[-59.0225,-9.9808],[-59.02315,-9.97988],[-59.02545,-9.97924],[-59.02718,-9.97915],[-59.02841,-9.97946],[-59.02912,-9.98053],[-59.02911,-9.98295],[-59.02942,-9.9864],[-59.02995,-9.98853],[-59.03051,-9.98929],[-59.03238,-9.98944],[-59.03343,-9.98906],[-59.03358,-9.98728],[-59.03333,-9.98532],[-59.03382,-9.98415],[-59.0351,-9.98444],[-59.03639,-9.98633],[-59.03752,-9.98745],[-59.03848,-9.98708],[-59.03928,-9.98511],[-59.03976,-9.98465],[-59.04324,-9.98315],[-59.04425,-9.98389],[-59.04549,-9.98654],[-59.04629,-9.98693],[-59.04865,-9.98724],[-59.05001,-9.98681],[-59.05194,-9.98438],[-59.05333,-9.98315],[-59.05557,-9.98189],[-59.0575,-9.98132],[-59.0588,-9.9812],[-59.06052,-9.9814],[-59.06318,-9.9835],[-59.065,-9.98356],[-59.06639,-9.98272],[-59.06789,-9.98113],[-59.06939,-9.98049],[-59.07103,-9.98192],[-59.07269,-9.98419],[-59.0733,-9.98463],[-59.07427,-9.98445],[-59.07553,-9.98279],[-59.07639,-9.98233],[-59.07753,-9.98241],[-59.08007,-9.98332],[-59.08107,-9.98341],[-59.08282,-9.98295],[-59.08469,-9.98198],[-59.08864,-9.98099],[-59.09001,-9.98024],[-59.09123,-9.97871],[-59.09226,-9.97501],[-59.09282,-9.97439],[-59.09506,-9.97361],[-59.10178,-9.97166],[-59.10353,-9.97175],[-59.10516,-9.97265],[-59.10616,-9.97386],[-59.10547,-9.97524],[-59.10371,-9.97629],[-59.10279,-9.97712],[-59.10235,-9.97905],[-59.10294,-9.98234],[-59.10287,-9.98426],[-59.10228,-9.98537],[-59.10018,-9.98746],[-59.09926,-9.98864],[-59.09867,-9.98992],[-59.09874,-9.99144],[-59.09963,-9.99252],[-59.10094,-9.99284],[-59.10371,-9.99083],[-59.10515,-9.99015],[-59.10811,-9.9906],[-59.10984,-9.99136],[-59.11015,-9.99183],[-59.11108,-9.99486],[-59.11141,-9.99694],[-59.11178,-9.99746],[-59.11277,-9.9971],[-59.11359,-9.99461],[-59.1141,-9.99368],[-59.11525,-9.99325],[-59.11572,-9.99371],[-59.11591,-9.99583],[-59.1164,-9.99725],[-59.11806,-9.99927],[-59.11922,-10.00002],[-59.12017,-10.00006],[-59.12154,-9.99925],[-59.12732,-9.99339],[-59.12894,-9.99194],[-59.13058,-9.99086],[-59.13251,-9.99082],[-59.13391,-9.99164],[-59.13466,-9.99326],[-59.13481,-9.99541],[-59.13577,-9.9981],[-59.13692,-9.99902],[-59.13852,-9.99892],[-59.14185,-9.99686],[-59.14303,-9.99657],[-59.14437,-9.99703],[-59.14622,-9.99866],[-59.14751,-9.9993],[-59.14885,-9.99924],[-59.14983,-9.9986],[-59.15045,-9.99731],[-59.15065,-9.99415],[-59.15091,-9.99255],[-59.15142,-9.99114],[-59.15251,-9.99007],[-59.15685,-9.98763],[-59.15918,-9.98517],[-59.16068,-9.98514],[-59.16196,-9.98677],[-59.16343,-9.98793],[-59.16484,-9.99024],[-59.16493,-9.9913],[-59.16451,-9.9943],[-59.16503,-9.99556],[-59.16588,-9.99648],[-59.16745,-9.99748],[-59.16837,-9.99774],[-59.16949,-9.99753],[-59.1706,-9.99592],[-59.17175,-9.99234],[-59.17265,-9.99062],[-59.17371,-9.98958],[-59.17569,-9.9889],[-59.17772,-9.98931],[-59.17867,-9.99047],[-59.179,-9.99163],[-59.17916,-9.99418],[-59.17986,-9.99527],[-59.18084,-9.99584],[-59.18269,-9.99494],[-59.18619,-9.99218],[-59.18967,-9.99019],[-59.19109,-9.98914],[-59.19372,-9.98685],[-59.19603,-9.98434],[-59.19935,-9.98189],[-59.19983,-9.98075],[-59.19878,-9.97858],[-59.19856,-9.97708],[-59.19942,-9.9751],[-59.20304,-9.97129],[-59.20582,-9.96753],[-59.20688,-9.96667],[-59.20922,-9.96617],[-59.20914,-9.96506],[-59.20842,-9.96166],[-59.20778,-9.95758],[-59.20749,-9.94338],[-59.20695,-9.94223],[-59.20322,-9.93861],[-59.19542,-9.93486],[-59.19086,-9.93326],[-59.18713,-9.93141],[-59.16982,-9.92411],[-59.16719,-9.92294],[-59.16619,-9.92168],[-59.16599,-9.92025],[-59.16646,-9.9026],[-59.16633,-9.90135],[-59.16372,-9.88843],[-59.1612,-9.87578],[-59.15962,-9.86806],[-59.15946,-9.86614],[-59.16058,-9.85888],[-59.16108,-9.85715],[-59.16534,-9.84934],[-59.1655,-9.84781],[-59.16236,-9.83916],[-59.16225,-9.83751],[-59.16473,-9.83295],[-59.16761,-9.8212],[-59.16748,-9.82035],[-59.16623,-9.81657],[-59.16651,-9.8148],[-59.16491,-9.81346],[-59.1645,-9.81275],[-59.16328,-9.80936],[-59.16117,-9.80425],[-59.16108,-9.80381],[-59.15847,-9.79749],[-59.15377,-9.78669],[-59.15338,-9.78496],[-59.15372,-9.78189],[-59.15539,-9.77349],[-59.15648,-9.77372],[-59.15647,-9.77477],[-59.15809,-9.77517],[-59.15782,-9.77619],[-59.15711,-9.77714],[-59.1584,-9.77759],[-59.15942,-9.77933],[-59.16115,-9.77913],[-59.16169,-9.77983],[-59.16152,-9.78127],[-59.16319,-9.78068],[-59.16629,-9.78089],[-59.16733,-9.78125],[-59.1689,-9.78131],[-59.16931,-9.78171],[-59.16845,-9.78304],[-59.16974,-9.78311],[-59.16921,-9.7845],[-59.17015,-9.78526],[-59.1715,-9.78508],[-59.1722,-9.78562],[-59.17352,-9.78574],[-59.1742,-9.78775],[-59.17507,-9.78791],[-59.17676,-9.78758],[-59.17757,-9.78809],[-59.17752,-9.7896],[-59.1778,-9.79047],[-59.17889,-9.791],[-59.17996,-9.79052],[-59.18018,-9.78896],[-59.18098,-9.78836],[-59.1828,-9.78777],[-59.18408,-9.78693],[-59.18488,-9.78554],[-59.18481,-9.78375],[-59.18614,-9.78372],[-59.187,-9.7826],[-59.18887,-9.78312],[-59.1893,-9.78385],[-59.18984,-9.7863],[-59.19053,-9.78715],[-59.19248,-9.78675],[-59.1934,-9.78693],[-59.19402,-9.78871],[-59.19478,-9.78879],[-59.19565,-9.78795],[-59.19715,-9.78865],[-59.19775,-9.78759],[-59.19856,-9.78775],[-59.1986,-9.78932],[-59.19898,-9.78971],[-59.2002,-9.78888],[-59.20096,-9.7898],[-59.20191,-9.78966],[-59.20182,-9.78811],[-59.20298,-9.78795],[-59.20361,-9.78739],[-59.20455,-9.78789],[-59.20526,-9.78666],[-59.2077,-9.78856],[-59.20912,-9.7885],[-59.21194,-9.78665],[-59.21334,-9.78693],[-59.21484,-9.78636],[-59.21579,-9.78669],[-59.21654,-9.78617],[-59.216,-9.7853],[-59.21688,-9.78447],[-59.21726,-9.78327],[-59.21858,-9.7825],[-59.21936,-9.78261],[-59.2199,-9.78355],[-59.22099,-9.78291],[-59.22217,-9.78348],[-59.22249,-9.78525],[-59.22335,-9.78524],[-59.2241,-9.78452],[-59.22539,-9.78487],[-59.22547,-9.78767],[-59.22674,-9.78847],[-59.22729,-9.7904],[-59.22846,-9.79054],[-59.23237,-9.78777],[-59.23257,-9.78658],[-59.23399,-9.78581],[-59.23395,-9.78416],[-59.23525,-9.78319],[-59.23653,-9.78185],[-59.23771,-9.78167],[-59.23986,-9.78303],[-59.24068,-9.78308],[-59.24205,-9.78248],[-59.24378,-9.7802],[-59.24502,-9.77909],[-59.2466,-9.77882],[-59.24719,-9.77817],[-59.24867,-9.77792],[-59.24902,-9.77719],[-59.25064,-9.77664],[-59.25139,-9.77697],[-59.25262,-9.77553],[-59.25356,-9.77527],[-59.25474,-9.77689],[-59.25675,-9.77756],[-59.25825,-9.777],[-59.26024,-9.77553],[-59.26214,-9.77476],[-59.2625,-9.776],[-59.26142,-9.77807],[-59.26153,-9.77895],[-59.26231,-9.77979],[-59.26261,-9.78195],[-59.26341,-9.78231],[-59.26446,-9.78208],[-59.26404,-9.78105],[-59.2651,-9.78098],[-59.26568,-9.78227],[-59.26663,-9.7824],[-59.26729,-9.7817],[-59.26836,-9.78169],[-59.26964,-9.78237],[-59.27125,-9.7819],[-59.27219,-9.7823],[-59.27257,-9.78364],[-59.27324,-9.78332],[-59.27373,-9.78231],[-59.27471,-9.78299],[-59.27548,-9.78298],[-59.27678,-9.78407],[-59.27773,-9.78346],[-59.27858,-9.78433],[-59.2806,-9.78383],[-59.28092,-9.785],[-59.28164,-9.7854],[-59.28251,-9.78515],[-59.28255,-9.78361],[-59.2838,-9.78395],[-59.28468,-9.7838],[-59.28518,-9.78267],[-59.28628,-9.78313],[-59.28707,-9.78248],[-59.2866,-9.7814],[-59.28699,-9.78095],[-59.28874,-9.78118],[-59.28956,-9.78284],[-59.29091,-9.78354],[-59.29248,-9.7863],[-59.29376,-9.78718],[-59.29517,-9.7867],[-59.2961,-9.78817],[-59.29688,-9.78703],[-59.29794,-9.78685],[-59.29942,-9.78785],[-59.3009,-9.78722],[-59.30285,-9.78737],[-59.30398,-9.78678],[-59.30615,-9.78674],[-59.30688,-9.78815],[-59.30763,-9.78886],[-59.30878,-9.78933],[-59.31012,-9.79034],[-59.31161,-9.79042],[-59.31251,-9.79137],[-59.31341,-9.79152],[-59.31507,-9.79088],[-59.31699,-9.79083],[-59.31876,-9.79011],[-59.32023,-9.79024],[-59.32269,-9.79239],[-59.32502,-9.79217],[-59.32659,-9.79253],[-59.32639,-9.79381],[-59.32776,-9.79344],[-59.32846,-9.79184],[-59.32921,-9.79149],[-59.33021,-9.79165],[-59.33237,-9.7908],[-59.33325,-9.79122],[-59.33278,-9.79246],[-59.33341,-9.79269],[-59.33496,-9.79203],[-59.33705,-9.79233],[-59.33697,-9.79357],[-59.33755,-9.79375],[-59.33886,-9.79316],[-59.33949,-9.79381],[-59.33879,-9.79653],[-59.34015,-9.79798],[-59.34193,-9.79804],[-59.34275,-9.79863],[-59.34275,-9.79988],[-59.34354,-9.79999],[-59.34442,-9.79888],[-59.34496,-9.7991],[-59.34566,-9.8009],[-59.34875,-9.80041],[-59.35152,-9.79824],[-59.35425,-9.79671],[-59.35548,-9.79561],[-59.35681,-9.79389],[-59.35865,-9.79067],[-59.36064,-9.78779],[-59.36173,-9.7866],[-59.36434,-9.78477],[-59.36617,-9.78264],[-59.36771,-9.77926],[-59.3697,-9.77584],[-59.37193,-9.77305],[-59.37358,-9.77206],[-59.37583,-9.77175],[-59.37865,-9.7725],[-59.38699,-9.77672],[-59.38863,-9.77889],[-59.39063,-9.78022],[-59.39289,-9.78046],[-59.39451,-9.77988],[-59.39606,-9.77881],[-59.3971,-9.7788],[-59.3991,-9.77954],[-59.40124,-9.77971],[-59.40324,-9.77944],[-59.40606,-9.77858],[-59.41127,-9.7763],[-59.4137,-9.77538],[-59.41785,-9.77322],[-59.41924,-9.77303],[-59.42062,-9.77334],[-59.42202,-9.77398],[-59.42372,-9.77568],[-59.42499,-9.77575],[-59.4264,-9.77525],[-59.42853,-9.77358],[-59.4289,-9.77229],[-59.42859,-9.77061],[-59.42797,-9.76893],[-59.42827,-9.76763],[-59.4293,-9.76687],[-59.43007,-9.76583],[-59.42965,-9.7651],[-59.42832,-9.76449],[-59.42675,-9.76419],[-59.42554,-9.76431],[-59.42362,-9.76549],[-59.42258,-9.76523],[-59.42185,-9.76414],[-59.41942,-9.7616],[-59.41927,-9.76084],[-59.42055,-9.76001],[-59.42256,-9.76005],[-59.42576,-9.76123],[-59.4286,-9.76195],[-59.42996,-9.76264],[-59.43181,-9.76447],[-59.43365,-9.76755],[-59.43484,-9.7686],[-59.43677,-9.76902],[-59.43754,-9.76942],[-59.43847,-9.7708],[-59.43859,-9.77324],[-59.43769,-9.77495],[-59.43663,-9.7759],[-59.43487,-9.77692],[-59.43296,-9.77746],[-59.42891,-9.77685],[-59.42785,-9.77728],[-59.42726,-9.77873],[-59.42729,-9.77973],[-59.42784,-9.78114],[-59.42882,-9.78181],[-59.42978,-9.78163],[-59.43264,-9.78033],[-59.43455,-9.77999],[-59.43771,-9.78123],[-59.4385,-9.78131],[-59.44017,-9.78091],[-59.44138,-9.7799],[-59.44201,-9.77874],[-59.44245,-9.77697],[-59.44304,-9.7728],[-59.44446,-9.77164],[-59.4459,-9.77126],[-59.44783,-9.76996],[-59.44894,-9.76982],[-59.4498,-9.77044],[-59.45189,-9.77327],[-59.45239,-9.77487],[-59.45237,-9.7768],[-59.45158,-9.77903],[-59.45004,-9.78133],[-59.4492,-9.78306],[-59.44879,-9.78482],[-59.44889,-9.7856],[-59.45023,-9.78695],[-59.45191,-9.78762],[-59.4535,-9.78862],[-59.4541,-9.78942],[-59.45457,-9.7909],[-59.45506,-9.79145],[-59.45746,-9.79056],[-59.45889,-9.78893],[-59.45951,-9.78685],[-59.46005,-9.78603],[-59.46174,-9.78526],[-59.46287,-9.78541],[-59.46577,-9.78663],[-59.47048,-9.78921],[-59.47281,-9.79008],[-59.47552,-9.79017],[-59.47721,-9.78988],[-59.47944,-9.78887],[-59.48136,-9.78771],[-59.48238,-9.78842],[-59.48274,-9.79093],[-59.48345,-9.79245],[-59.48365,-9.79422],[-59.48294,-9.79576],[-59.48193,-9.79707],[-59.48088,-9.79769],[-59.48017,-9.79762],[-59.47928,-9.79573],[-59.47844,-9.7953],[-59.47752,-9.79559],[-59.47638,-9.79662],[-59.47628,-9.79758],[-59.47684,-9.79955],[-59.47898,-9.80308],[-59.4807,-9.80568],[-59.4816,-9.80665],[-59.48224,-9.80673],[-59.48371,-9.80598],[-59.48468,-9.80596],[-59.48575,-9.80692],[-59.48691,-9.81102],[-59.48752,-9.81188],[-59.48822,-9.81197],[-59.48927,-9.81141],[-59.49109,-9.80965],[-59.49169,-9.80968],[-59.49303,-9.81259],[-59.4938,-9.81321],[-59.4964,-9.81372],[-59.49809,-9.81479],[-59.49833,-9.81547],[-59.49829,-9.81729],[-59.49775,-9.81987],[-59.49783,-9.82097],[-59.49921,-9.82214],[-59.5005,-9.82239],[-59.50443,-9.8225],[-59.50476,-9.82133],[-59.50286,-9.81888],[-59.50253,-9.81766],[-59.50294,-9.81695],[-59.50431,-9.81584],[-59.50479,-9.81393],[-59.50622,-9.81264],[-59.50734,-9.81251],[-59.50801,-9.81318],[-59.50826,-9.81539],[-59.50919,-9.81633],[-59.51072,-9.81683],[-59.51369,-9.81731],[-59.51587,-9.81706],[-59.51721,-9.81623],[-59.51799,-9.81509],[-59.51858,-9.81318],[-59.51948,-9.81298],[-59.52076,-9.81408],[-59.52211,-9.81656],[-59.52354,-9.81856],[-59.52356,-9.81947],[-59.52293,-9.82215],[-59.52335,-9.82362],[-59.52509,-9.82652],[-59.52658,-9.82841],[-59.52793,-9.82952],[-59.5303,-9.83057],[-59.53103,-9.8304],[-59.53079,-9.82833],[-59.53119,-9.82715],[-59.53316,-9.82524],[-59.53486,-9.82394],[-59.53495,-9.82249],[-59.53417,-9.82109],[-59.5341,-9.81975],[-59.53539,-9.818],[-59.53508,-9.81602],[-59.53527,-9.81476],[-59.53625,-9.81258],[-59.53586,-9.8115],[-59.53502,-9.81105],[-59.53252,-9.81102],[-59.53166,-9.81033],[-59.53192,-9.80897],[-59.53295,-9.80848],[-59.53465,-9.80868],[-59.53647,-9.80946],[-59.53802,-9.81053],[-59.53834,-9.81163],[-59.53806,-9.8146],[-59.53876,-9.81663],[-59.5396,-9.81745],[-59.54226,-9.81936],[-59.54425,-9.82144],[-59.54704,-9.82297],[-59.54835,-9.82416],[-59.5503,-9.82731],[-59.55212,-9.82916],[-59.55319,-9.83088],[-59.55357,-9.83232],[-59.55357,-9.8336],[-59.55317,-9.83449],[-59.55198,-9.83596],[-59.55162,-9.83717],[-59.55205,-9.83796],[-59.55342,-9.83925],[-59.55645,-9.84095],[-59.55759,-9.84132],[-59.55889,-9.84125],[-59.56125,-9.84048],[-59.56358,-9.8405],[-59.56687,-9.84216],[-59.56836,-9.84258],[-59.57003,-9.84266],[-59.5721,-9.84198],[-59.57297,-9.8422],[-59.57379,-9.84302],[-59.57442,-9.84425],[-59.57497,-9.8463],[-59.57508,-9.84757],[-59.57468,-9.85027],[-59.57405,-9.85158],[-59.5729,-9.85258],[-59.57116,-9.85296],[-59.56801,-9.85153],[-59.56582,-9.85092],[-59.56196,-9.85092],[-59.56062,-9.85063],[-59.55944,-9.8499],[-59.55849,-9.84842],[-59.55789,-9.84798],[-59.55668,-9.84875],[-59.55708,-9.85111],[-59.55872,-9.8544],[-59.55972,-9.8561],[-59.55993,-9.85711],[-59.55974,-9.85888],[-59.56033,-9.86143],[-59.56112,-9.86293],[-59.56229,-9.86329],[-59.56351,-9.86158],[-59.56487,-9.85905],[-59.56589,-9.85822],[-59.56763,-9.85759],[-59.57028,-9.85751],[-59.57279,-9.85848],[-59.57335,-9.85934],[-59.57341,-9.86039],[-59.57252,-9.86298],[-59.57126,-9.86732],[-59.57128,-9.86835],[-59.57179,-9.8701],[-59.57147,-9.87201],[-59.56992,-9.87499],[-59.56936,-9.87777],[-59.56936,-9.87895],[-59.57015,-9.87984],[-59.57311,-9.88124],[-59.57446,-9.88248],[-59.57536,-9.8826],[-59.57663,-9.88168],[-59.57831,-9.87929],[-59.57952,-9.87694],[-59.58102,-9.87559],[-59.58238,-9.87552],[-59.58502,-9.87475],[-59.5865,-9.87401],[-59.589,-9.8743],[-59.59002,-9.87525],[-59.5908,-9.87692],[-59.59375,-9.87972],[-59.59466,-9.88022],[-59.59565,-9.88024],[-59.59618,-9.88106],[-59.59641,-9.8827],[-59.5957,-9.88434],[-59.5969,-9.88491],[-59.59779,-9.88459],[-59.59959,-9.88259],[-59.60155,-9.88425],[-59.60173,-9.88751],[-59.60359,-9.89059],[-59.60449,-9.89296],[-59.60452,-9.8958],[-59.60412,-9.89798],[-59.60316,-9.89849],[-59.60065,-9.89878],[-59.59817,-9.89851],[-59.59408,-9.8975],[-59.59065,-9.90181],[-59.5901,-9.90357],[-59.59196,-9.90735],[-59.59332,-9.90923],[-59.59243,-9.9105],[-59.59055,-9.91159],[-59.58827,-9.91111],[-59.58796,-9.9124],[-59.59494,-9.91262],[-59.5965,-9.91224],[-59.59639,-9.90852],[-59.59732,-9.90726],[-59.60161,-9.9061],[-59.60259,-9.90572],[-59.60341,-9.90596],[-59.60513,-9.90791],[-59.60804,-9.91024],[-59.61154,-9.9126],[-59.61341,-9.91288],[-59.61513,-9.91178],[-59.61707,-9.91131],[-59.61825,-9.91171],[-59.61913,-9.91615],[-59.61821,-9.92026],[-59.61728,-9.9224],[-59.61642,-9.9234],[-59.61642,-9.92563],[-59.61775,-9.92723],[-59.62036,-9.92886],[-59.62139,-9.93061],[-59.62152,-9.93384],[-59.61974,-9.93541],[-59.61936,-9.93744],[-59.61808,-9.93835],[-59.61768,-9.94131],[-59.61869,-9.94413],[-59.61695,-9.94566],[-59.61494,-9.9457],[-59.61389,-9.94657],[-59.61566,-9.94846],[-59.61863,-9.95025],[-59.62015,-9.95045],[-59.61995,-9.95181],[-59.61872,-9.95416],[-59.61392,-9.95678],[-59.61412,-9.95781],[-59.61669,-9.95898],[-59.61919,-9.95936],[-59.62077,-9.96137],[-59.62148,-9.96599],[-59.61923,-9.96925],[-59.61708,-9.97063],[-59.61406,-9.96948],[-59.61294,-9.96814],[-59.61186,-9.96857],[-59.6118,-9.9705],[-59.61135,-9.97127],[-59.6095,-9.97162],[-59.60802,-9.97317],[-59.60646,-9.97362],[-59.6056,-9.97458],[-59.60549,-9.97555],[-59.60653,-9.97668],[-59.60791,-9.97773],[-59.60987,-9.98267],[-59.60952,-9.98534],[-59.60998,-9.98645],[-59.61162,-9.98791],[-59.61384,-9.98914],[-59.61274,-9.99058],[-59.61332,-9.9931],[-59.61283,-9.9962],[-59.61321,-9.99807],[-59.6147,-10],[-59.84646,-10],[-59.88395,-10],[-59.91862,-10],[-59.97266,-9.99999],[-60.0884,-9.99998],[-60.0899,-9.99783],[-60.09078,-9.99759],[-60.0904,-9.99645],[-60.08941,-9.99587],[-60.08864,-9.99661],[-60.08809,-9.99633],[-60.08805,-9.99525],[-60.08887,-9.99448],[-60.08817,-9.99344],[-60.08711,-9.9938],[-60.08707,-9.99254],[-60.08778,-9.99141],[-60.0891,-9.99169],[-60.08958,-9.99111],[-60.08926,-9.98969],[-60.08858,-9.98856],[-60.08783,-9.98637],[-60.08823,-9.98321],[-60.08824,-9.9791],[-60.08859,-9.97801],[-60.08819,-9.97692],[-60.09041,-9.97614],[-60.09081,-9.97528],[-60.09202,-9.97441],[-60.09086,-9.97278],[-60.09108,-9.97214],[-60.08807,-9.97165],[-60.08752,-9.96932],[-60.08962,-9.96809],[-60.08884,-9.9672],[-60.08884,-9.9649],[-60.0883,-9.96417],[-60.08846,-9.96247],[-60.08817,-9.96178],[-60.08857,-9.96018],[-60.08942,-9.95814],[-60.08911,-9.95701],[-60.08966,-9.95613],[-60.09038,-9.95316],[-60.08979,-9.95289],[-60.0889,-9.95134],[-60.08909,-9.94975],[-60.09068,-9.94861],[-60.09112,-9.94682],[-60.09056,-9.94626],[-60.09141,-9.94468],[-60.08917,-9.94151],[-60.08767,-9.94142],[-60.08725,-9.94011],[-60.08796,-9.93963],[-60.0874,-9.93847],[-60.08735,-9.93751],[-60.08792,-9.93673],[-60.0872,-9.93556],[-60.08515,-9.9312],[-60.08517,-9.92957],[-60.08391,-9.92964],[-60.08315,-9.92784],[-60.08416,-9.92584],[-60.08513,-9.9258],[-60.08464,-9.92467],[-60.08535,-9.92374],[-60.0859,-9.92088],[-60.08647,-9.92123],[-60.08816,-9.92053],[-60.08841,-9.91939],[-60.09037,-9.91899],[-60.09049,-9.91786],[-60.09216,-9.91791],[-60.09454,-9.91698],[-60.09571,-9.91493],[-60.09534,-9.91274],[-60.09411,-9.91128],[-60.09425,-9.90965],[-60.09568,-9.90943],[-60.09572,-9.90889],[-60.09475,-9.90771],[-60.09584,-9.90724],[-60.09701,-9.9058],[-60.09791,-9.90519],[-60.09751,-9.90221],[-60.09764,-9.90099],[-60.09703,-9.90065],[-60.09559,-9.8978],[-60.09635,-9.89723],[-60.09777,-9.89737],[-60.09848,-9.89817],[-60.09987,-9.89859],[-60.10016,-9.89766],[-60.09967,-9.89705],[-60.09982,-9.89615],[-60.10056,-9.89539],[-60.10014,-9.89481],[-60.10156,-9.89271],[-60.10091,-9.89223],[-60.10018,-9.89256],[-60.09834,-9.892],[-60.09761,-9.89092],[-60.09818,-9.88809],[-60.09778,-9.88442],[-60.09792,-9.87662],[-60.09756,-9.87568],[-60.09794,-9.87433],[-60.09784,-9.87333],[-60.0965,-9.87237],[-60.09747,-9.87094],[-60.09659,-9.87019],[-60.09662,-9.86771],[-60.09466,-9.86583],[-60.09465,-9.86483],[-60.09545,-9.86381],[-60.09663,-9.86345],[-60.0964,-9.86157],[-60.09695,-9.85915],[-60.09676,-9.85767],[-60.09613,-9.85588],[-60.09547,-9.85487],[-60.09601,-9.85365],[-60.09483,-9.85339],[-60.09449,-9.85289],[-60.09549,-9.85184],[-60.09505,-9.85144],[-60.09327,-9.85289],[-60.09287,-9.85179],[-60.09447,-9.84992],[-60.09329,-9.84928],[-60.09367,-9.84811],[-60.09248,-9.84731],[-60.09123,-9.84838],[-60.08994,-9.84826],[-60.09049,-9.84675],[-60.08962,-9.84621],[-60.08844,-9.84626],[-60.08943,-9.84491],[-60.08765,-9.84457],[-60.08711,-9.84382],[-60.08815,-9.84229],[-60.08946,-9.84225],[-60.09002,-9.84125],[-60.08989,-9.83994],[-60.09059,-9.83985],[-60.0907,-9.83831],[-60.09158,-9.8387],[-60.09177,-9.83745],[-60.0912,-9.83684],[-60.09207,-9.83555],[-60.09112,-9.83487],[-60.09149,-9.83417],[-60.09311,-9.83388],[-60.09348,-9.83207],[-60.09489,-9.83227],[-60.09529,-9.83298],[-60.09649,-9.83148],[-60.09561,-9.82991],[-60.09573,-9.82614],[-60.09731,-9.8243],[-60.0978,-9.82206],[-60.09563,-9.82285],[-60.0946,-9.82005],[-60.09312,-9.81891],[-60.09242,-9.8179],[-60.09423,-9.81002],[-60.09509,-9.80602],[-60.09632,-9.80488],[-60.09716,-9.80298],[-60.09716,-9.80007],[-60.0967,-9.79949],[-60.095,-9.80072],[-60.09431,-9.80052],[-60.09374,-9.7996],[-60.0954,-9.79874],[-60.09804,-9.79686],[-60.09735,-9.7956],[-60.09818,-9.79452],[-60.09706,-9.79251],[-60.09672,-9.79116],[-60.09458,-9.79007],[-60.09398,-9.78855],[-60.09483,-9.78704],[-60.093,-9.78547],[-60.09272,-9.78437],[-60.09436,-9.78352],[-60.09376,-9.78247],[-60.09479,-9.7814],[-60.09511,-9.78054],[-60.09432,-9.77981],[-60.09435,-9.77912],[-60.09553,-9.77826],[-60.09498,-9.77716],[-60.09559,-9.77574],[-60.09533,-9.77511],[-60.0978,-9.77112],[-60.09919,-9.77093],[-60.10173,-9.76895],[-60.10292,-9.76827],[-60.10443,-9.76651],[-60.10551,-9.76594],[-60.10585,-9.7637],[-60.10522,-9.76159],[-60.1063,-9.76057],[-60.10874,-9.76046],[-60.11309,-9.76131],[-60.11685,-9.75708],[-60.11759,-9.75569],[-60.11662,-9.75394],[-60.11745,-9.75299],[-60.1167,-9.75222],[-60.11581,-9.75274],[-60.1151,-9.75212],[-60.11285,-9.75201],[-60.11142,-9.75119],[-60.11158,-9.75037],[-60.11313,-9.74976],[-60.11272,-9.74884],[-60.11072,-9.74853],[-60.1118,-9.74708],[-60.11128,-9.746],[-60.11245,-9.74588],[-60.11298,-9.74748],[-60.11391,-9.74645],[-60.11314,-9.74387],[-60.1135,-9.74212],[-60.11302,-9.74102],[-60.11328,-9.73994],[-60.11284,-9.7383],[-60.11188,-9.73712],[-60.11069,-9.73671],[-60.11017,-9.73529],[-60.10959,-9.73482],[-60.11155,-9.73188],[-60.11313,-9.73107],[-60.11499,-9.7291],[-60.11495,-9.72822],[-60.11371,-9.72782],[-60.1134,-9.72707],[-60.11421,-9.72395],[-60.11412,-9.72146],[-60.11512,-9.72032],[-60.11578,-9.71849],[-60.11726,-9.71656],[-60.11722,-9.71496],[-60.11787,-9.71358],[-60.1176,-9.71041],[-60.11618,-9.70869],[-60.11365,-9.70752],[-60.11373,-9.70667],[-60.11582,-9.70439],[-60.11796,-9.70271],[-60.1233,-9.70019],[-60.12293,-9.69918],[-60.12137,-9.69843],[-60.12068,-9.69606],[-60.11952,-9.69468],[-60.11681,-9.69346],[-60.11462,-9.69377],[-60.11367,-9.69289],[-60.11376,-9.69228],[-60.11484,-9.69183],[-60.11621,-9.69006],[-60.11629,-9.6884],[-60.11519,-9.68693],[-60.11239,-9.68263],[-60.11181,-9.68123],[-60.10866,-9.67808],[-60.10859,-9.67431],[-60.10968,-9.67337],[-60.1117,-9.67276],[-60.11108,-9.67174],[-60.10893,-9.67101],[-60.10779,-9.67103],[-60.10736,-9.66963],[-60.1052,-9.66985],[-60.10457,-9.66873],[-60.10503,-9.66822],[-60.10446,-9.66682],[-60.10195,-9.66667],[-60.10184,-9.66585],[-60.10379,-9.66179],[-60.10492,-9.66117],[-60.10569,-9.66128],[-60.10834,-9.65999],[-60.1104,-9.65979],[-60.11229,-9.65769],[-60.11306,-9.65614],[-60.11599,-9.65686],[-60.11732,-9.65582],[-60.11808,-9.65648],[-60.11817,-9.65783],[-60.12008,-9.65819],[-60.12167,-9.65979],[-60.12418,-9.65991],[-60.1253,-9.65918],[-60.12716,-9.65898],[-60.12963,-9.66121],[-60.13159,-9.66133],[-60.13375,-9.66184],[-60.13569,-9.66319],[-60.13723,-9.66247],[-60.13831,-9.66286],[-60.13946,-9.66479],[-60.13979,-9.66593],[-60.13972,-9.66735],[-60.14257,-9.66769],[-60.14421,-9.66542],[-60.14885,-9.66288],[-60.1495,-9.66296],[-60.15092,-9.66439],[-60.15259,-9.66476],[-60.15357,-9.664],[-60.15572,-9.66321],[-60.15763,-9.66358],[-60.15873,-9.66222],[-60.15934,-9.66049],[-60.16104,-9.66044],[-60.16155,-9.66188],[-60.16251,-9.66208],[-60.1622,-9.66379],[-60.16335,-9.66503],[-60.16341,-9.66622],[-60.16194,-9.66744],[-60.16224,-9.66834],[-60.16549,-9.66985],[-60.16672,-9.6714],[-60.16781,-9.67123],[-60.16849,-9.67233],[-60.16996,-9.6709],[-60.17097,-9.67091],[-60.17174,-9.67153],[-60.17244,-9.66927],[-60.17319,-9.66897],[-60.17392,-9.66967],[-60.17658,-9.66935],[-60.17986,-9.66828],[-60.18067,-9.66769],[-60.18107,-9.66552],[-60.18254,-9.66434],[-60.18385,-9.66218],[-60.18526,-9.66069],[-60.1865,-9.66036],[-60.18767,-9.66112],[-60.18869,-9.66051],[-60.18878,-9.65883],[-60.18985,-9.65546],[-60.18684,-9.64926],[-60.18695,-9.64809],[-60.19175,-9.64602],[-60.19551,-9.64724],[-60.19862,-9.64744],[-60.20273,-9.64558],[-60.20414,-9.64357],[-60.20592,-9.64288],[-60.20598,-9.64144],[-60.20427,-9.64126],[-60.20067,-9.63847],[-60.19853,-9.6366],[-60.19849,-9.63495],[-60.19876,-9.6335],[-60.19947,-9.63176],[-60.1995,-9.63028],[-60.19832,-9.62843],[-60.19872,-9.62745],[-60.20015,-9.627],[-60.20146,-9.627],[-60.20065,-9.62513],[-60.20243,-9.62463],[-60.20514,-9.62285],[-60.20493,-9.62111],[-60.20447,-9.61951],[-60.20384,-9.6189],[-60.20264,-9.61961],[-60.20257,-9.61865],[-60.20403,-9.6173],[-60.20415,-9.61644],[-60.20275,-9.61595],[-60.20254,-9.61499],[-60.20307,-9.61407],[-60.20713,-9.61328],[-60.20877,-9.61239],[-60.21035,-9.60972],[-60.20959,-9.60836],[-60.2099,-9.60431],[-60.21162,-9.60186],[-60.21169,-9.59797],[-60.21223,-9.59655],[-60.21127,-9.59423],[-60.21011,-9.59237],[-60.21084,-9.59014],[-60.2106,-9.58714],[-60.21281,-9.58395],[-60.21615,-9.58083],[-60.21765,-9.57893],[-60.22195,-9.58003],[-60.22352,-9.57976],[-60.22487,-9.58038],[-60.2256,-9.58286],[-60.22662,-9.58334],[-60.22857,-9.58193],[-60.22947,-9.58056],[-60.22897,-9.57795],[-60.22814,-9.57661],[-60.22823,-9.57601],[-60.22923,-9.57463],[-60.22888,-9.57368],[-60.22916,-9.57249],[-60.23026,-9.57137],[-60.23359,-9.57144],[-60.23603,-9.5709],[-60.23901,-9.56899],[-60.23943,-9.56768],[-60.23422,-9.56538],[-60.23338,-9.56393],[-60.23499,-9.56265],[-60.23575,-9.56096],[-60.236,-9.55918],[-60.23757,-9.55797],[-60.23837,-9.55631],[-60.23838,-9.55493],[-60.23904,-9.55389],[-60.23976,-9.55197],[-60.2415,-9.55156],[-60.24566,-9.54735],[-60.24574,-9.54533],[-60.24632,-9.54361],[-60.24567,-9.54217],[-60.24541,-9.53872],[-60.24486,-9.53753],[-60.24485,-9.53632],[-60.24571,-9.53595],[-60.24689,-9.53683],[-60.25057,-9.53548],[-60.25109,-9.53445],[-60.25103,-9.53294],[-60.25288,-9.53173],[-60.2538,-9.53148],[-60.25386,-9.53067],[-60.25323,-9.52936],[-60.25478,-9.52774],[-60.25451,-9.52621],[-60.25299,-9.52526],[-60.25167,-9.52372],[-60.25074,-9.52228],[-60.24976,-9.52183],[-60.24713,-9.52222],[-60.24701,-9.52116],[-60.2497,-9.51957],[-60.24919,-9.51865],[-60.24823,-9.51874],[-60.24814,-9.51743],[-60.25093,-9.51606],[-60.25225,-9.51617],[-60.25289,-9.51567],[-60.25196,-9.51435],[-60.25204,-9.5137],[-60.25312,-9.51325],[-60.25372,-9.51214],[-60.25362,-9.50903],[-60.25478,-9.5069],[-60.25433,-9.50422],[-60.25543,-9.50304],[-60.25786,-9.50309],[-60.25993,-9.50292],[-60.26171,-9.50236],[-60.26375,-9.50434],[-60.26218,-9.50685],[-60.26164,-9.50888],[-60.26166,-9.50975],[-60.2625,-9.51073],[-60.26347,-9.51088],[-60.26502,-9.50972],[-60.26687,-9.50957],[-60.2693,-9.51058],[-60.26999,-9.50854],[-60.27005,-9.50749],[-60.26798,-9.50534],[-60.2678,-9.50384],[-60.26853,-9.50321],[-60.26942,-9.50317],[-60.27053,-9.50399],[-60.27138,-9.50392],[-60.27448,-9.50083],[-60.27534,-9.49894],[-60.27616,-9.49769],[-60.27818,-9.49711],[-60.28062,-9.49699],[-60.28213,-9.49755],[-60.28391,-9.49518],[-60.28748,-9.49332],[-60.29002,-9.49163],[-60.29134,-9.48988],[-60.29103,-9.4894],[-60.28931,-9.48935],[-60.28769,-9.49044],[-60.28658,-9.49036],[-60.28541,-9.48926],[-60.28548,-9.48839],[-60.28457,-9.48529],[-60.2838,-9.48444],[-60.28098,-9.48359],[-60.2792,-9.48431],[-60.27804,-9.48367],[-60.27819,-9.48186],[-60.27708,-9.48154],[-60.27563,-9.48182],[-60.27457,-9.48154],[-60.27388,-9.48066],[-60.27378,-9.47909],[-60.27295,-9.47874],[-60.27026,-9.47685],[-60.26768,-9.47643],[-60.26584,-9.47505],[-60.26537,-9.47411],[-60.26602,-9.47373],[-60.26901,-9.47293],[-60.26922,-9.47108],[-60.27147,-9.47132],[-60.27406,-9.473],[-60.27536,-9.47211],[-60.27769,-9.46835],[-60.27985,-9.46664],[-60.28093,-9.4644],[-60.2791,-9.45997],[-60.27737,-9.45747],[-60.27688,-9.45723],[-60.27475,-9.45781],[-60.27318,-9.4578],[-60.272,-9.45731],[-60.2696,-9.45424],[-60.26917,-9.45304],[-60.26958,-9.45156],[-60.27107,-9.45087],[-60.2717,-9.44904],[-60.27161,-9.44746],[-60.27013,-9.44622],[-60.26689,-9.44433],[-60.26652,-9.44341],[-60.26718,-9.44169],[-60.26868,-9.44026],[-60.27249,-9.43902],[-60.27473,-9.43916],[-60.27703,-9.4381],[-60.27827,-9.43577],[-60.28006,-9.43346],[-60.28108,-9.43172],[-60.28084,-9.43076],[-60.28093,-9.42605],[-60.27788,-9.42504],[-60.27779,-9.4237],[-60.2782,-9.42115],[-60.27869,-9.42049],[-60.27972,-9.42012],[-60.28151,-9.41667],[-60.28151,-9.41569],[-60.28229,-9.41417],[-60.28554,-9.41293],[-60.28684,-9.41205],[-60.28716,-9.41102],[-60.28677,-9.40796],[-60.28595,-9.4038],[-60.28356,-9.40237],[-60.27844,-9.40103],[-60.27684,-9.39906],[-60.27791,-9.39716],[-60.27954,-9.39576],[-60.28098,-9.39531],[-60.2816,-9.39419],[-60.28035,-9.39197],[-60.27899,-9.39031],[-60.27951,-9.38865],[-60.28073,-9.38827],[-60.28164,-9.38709],[-60.28177,-9.38575],[-60.28262,-9.38493],[-60.28269,-9.38424],[-60.28102,-9.38264],[-60.27834,-9.38156],[-60.27698,-9.38016],[-60.27573,-9.38036],[-60.27471,-9.3812],[-60.27405,-9.38111],[-60.27293,-9.38004],[-60.27292,-9.37898],[-60.27483,-9.37639],[-60.27492,-9.37456],[-60.27654,-9.37394],[-60.27654,-9.37326],[-60.2755,-9.37234],[-60.27468,-9.37065],[-60.27212,-9.36999],[-60.2708,-9.36916],[-60.27046,-9.36833],[-60.27101,-9.36737],[-60.27213,-9.36787],[-60.27173,-9.36572],[-60.27305,-9.36442],[-60.2741,-9.36296],[-60.27429,-9.36077],[-60.27472,-9.35893],[-60.27596,-9.35757],[-60.27905,-9.35791],[-60.27975,-9.35724],[-60.28006,-9.35611],[-60.2774,-9.35535],[-60.27452,-9.35415],[-60.27204,-9.35341],[-60.27144,-9.35256],[-60.2703,-9.34995],[-60.26856,-9.34679],[-60.26872,-9.3458],[-60.26944,-9.34479],[-60.2709,-9.34422],[-60.27183,-9.34292],[-60.27283,-9.34245],[-60.27596,-9.33982],[-60.27676,-9.33854],[-60.27795,-9.33487],[-60.27795,-9.33362],[-60.27485,-9.33109],[-60.27363,-9.33085],[-60.27305,-9.3329],[-60.27201,-9.33368],[-60.27008,-9.33437],[-60.26946,-9.33365],[-60.27042,-9.33314],[-60.27098,-9.33195],[-60.27005,-9.32919],[-60.26983,-9.32696],[-60.2689,-9.32511],[-60.26873,-9.3239],[-60.26898,-9.32125],[-60.27058,-9.32129],[-60.37867,-9.3188],[-60.42122,-9.31782],[-60.47832,-9.3165],[-60.51513,-9.31144],[-60.62045,-9.29696],[-60.6831,-9.28834],[-60.68655,-9.28793],[-60.68455,-9.28977],[-60.68378,-9.29103],[-60.68314,-9.2933],[-60.68284,-9.29633],[-60.6829,-9.29854],[-60.68321,-9.30097],[-60.6831,-9.30277],[-60.68252,-9.3051],[-60.68163,-9.30702],[-60.67996,-9.30871],[-60.67892,-9.31006],[-60.67725,-9.31322],[-60.6754,-9.31619],[-60.67298,-9.31938],[-60.66943,-9.32315],[-60.66634,-9.32682],[-60.66341,-9.32974],[-60.66099,-9.3311],[-60.65884,-9.33183],[-60.65685,-9.33173],[-60.65473,-9.33198],[-60.65264,-9.33299],[-60.64647,-9.33528],[-60.64405,-9.33671],[-60.64126,-9.33951],[-60.63761,-9.34344],[-60.63533,-9.34615],[-60.63189,-9.34987],[-60.63027,-9.35192],[-60.62799,-9.35541],[-60.62546,-9.35981],[-60.62399,-9.36333],[-60.62346,-9.36516],[-60.62311,-9.36779],[-60.62297,-9.37037],[-60.62259,-9.3733],[-60.62191,-9.37638],[-60.62105,-9.37859],[-60.6205,-9.38072],[-60.62017,-9.38338],[-60.62016,-9.3856],[-60.62159,-9.39247],[-60.62175,-9.39443],[-60.62162,-9.39643],[-60.62061,-9.40008],[-60.6189,-9.40567],[-60.61726,-9.41165],[-60.61639,-9.41536],[-60.6148,-9.41856],[-60.61045,-9.42348],[-60.60766,-9.4275],[-60.60392,-9.43317],[-60.60257,-9.4366],[-60.60182,-9.44043],[-60.60156,-9.44479],[-60.60093,-9.45184],[-60.60016,-9.45768],[-60.59912,-9.46046],[-60.59781,-9.46263],[-60.59653,-9.46433],[-60.59442,-9.46668],[-60.59284,-9.46971],[-60.59189,-9.47087],[-60.58904,-9.47375],[-60.58793,-9.47554],[-60.58716,-9.47735],[-60.58707,-9.48057],[-60.58724,-9.48441],[-60.5883,-9.48777],[-60.5893,-9.49177],[-60.58866,-9.49758],[-60.58775,-9.50319],[-60.58604,-9.5074],[-60.58435,-9.51105],[-60.58501,-9.51559],[-60.58341,-9.51805],[-60.5839,-9.52132],[-60.58435,-9.52244],[-60.58769,-9.52587],[-60.59242,-9.52895],[-60.59354,-9.52998],[-60.59383,-9.53113],[-60.59341,-9.53371],[-60.59263,-9.53515],[-60.59249,-9.53638],[-60.59278,-9.53967],[-60.59264,-9.54221],[-60.59211,-9.54551],[-60.59112,-9.54783],[-60.59059,-9.55036],[-60.59089,-9.55309],[-60.59446,-9.55842],[-60.59697,-9.56132],[-60.59831,-9.56183],[-60.60071,-9.56185],[-60.60253,-9.56101],[-60.60524,-9.55884],[-60.60607,-9.55854],[-60.60787,-9.5585],[-60.61018,-9.55961],[-60.6121,-9.56199],[-60.61423,-9.56571],[-60.61644,-9.56914],[-60.61938,-9.5719],[-60.62127,-9.57311],[-60.62512,-9.57496],[-60.62842,-9.57618],[-60.6305,-9.57743],[-60.63142,-9.5785],[-60.63266,-9.58058],[-60.63447,-9.58245],[-60.63626,-9.58375],[-60.64207,-9.58947],[-60.64509,-9.59205],[-60.65015,-9.59605],[-60.65075,-9.59732],[-60.65296,-9.59965],[-60.65559,-9.60095],[-60.65646,-9.60158],[-60.65716,-9.60329],[-60.65914,-9.60582],[-60.65972,-9.60741],[-60.66108,-9.61266],[-60.66131,-9.61476],[-60.66121,-9.61719],[-60.66083,-9.62155],[-60.66083,-9.62418],[-60.66129,-9.62741],[-60.66097,-9.62833],[-60.65952,-9.63012],[-60.65736,-9.63174],[-60.65424,-9.63335],[-60.6516,-9.63438],[-60.64729,-9.63656],[-60.64518,-9.6375],[-60.64256,-9.63784],[-60.64121,-9.6377],[-60.63881,-9.6371],[-60.63735,-9.63753],[-60.63675,-9.63889],[-60.63705,-9.64023],[-60.63864,-9.64273],[-60.63919,-9.64492],[-60.63928,-9.64731],[-60.639,-9.64883],[-60.63751,-9.65324],[-60.63711,-9.65632],[-60.63728,-9.65932],[-60.63828,-9.66406],[-60.63831,-9.66632],[-60.63924,-9.67114],[-60.63985,-9.6723],[-60.64274,-9.67557],[-60.64563,-9.67936],[-60.64696,-9.6819],[-60.64815,-9.68455],[-60.65085,-9.68727],[-60.65276,-9.68883],[-60.6537,-9.69072],[-60.65389,-9.69213],[-60.65467,-9.69478],[-60.65627,-9.69778],[-60.65907,-9.70199],[-60.66014,-9.70472],[-60.66078,-9.70743],[-60.66078,-9.71082],[-60.66051,-9.71298],[-60.66067,-9.71666],[-60.66125,-9.71832],[-60.66236,-9.72009],[-60.66418,-9.72232],[-60.66607,-9.72391],[-60.67028,-9.72668],[-60.67206,-9.72768],[-60.67421,-9.72926],[-60.67699,-9.73205],[-60.67878,-9.73399],[-60.68062,-9.73563],[-60.68148,-9.73672],[-60.68288,-9.73946],[-60.68402,-9.74234],[-60.68557,-9.74683],[-60.68663,-9.74954],[-60.68672,-9.75115],[-60.68597,-9.75276],[-60.68355,-9.75539],[-60.67896,-9.75965],[-60.6781,-9.76167],[-60.67762,-9.76333],[-60.67644,-9.76608],[-60.67562,-9.76969],[-60.67523,-9.77278],[-60.67465,-9.77506],[-60.6746,-9.77845],[-60.67426,-9.77964],[-60.67234,-9.78292],[-60.67262,-9.78661],[-60.67267,-9.78939],[-60.67227,-9.79502],[-60.67331,-9.79773],[-60.67444,-9.79959],[-60.67611,-9.80134],[-60.67833,-9.80447],[-60.68055,-9.80706],[-60.68316,-9.80863],[-60.68595,-9.81125],[-60.68804,-9.81376],[-60.68962,-9.81473],[-60.69126,-9.81533],[-60.69625,-9.81551],[-60.69872,-9.81607],[-60.7011,-9.81766],[-60.70332,-9.81951],[-60.70451,-9.82091],[-60.70495,-9.82187],[-60.70509,-9.82326],[-60.7045,-9.82526],[-60.70382,-9.82666],[-60.70196,-9.82935],[-60.69803,-9.83297],[-60.69677,-9.83399],[-60.69427,-9.83535],[-60.69256,-9.83606],[-60.68974,-9.83687],[-60.68727,-9.8369],[-60.68577,-9.83653],[-60.68326,-9.83675],[-60.68209,-9.83739],[-60.68043,-9.83897],[-60.67849,-9.83919],[-60.67718,-9.83877],[-60.67526,-9.83887],[-60.67445,-9.83941],[-60.67349,-9.84076],[-60.67252,-9.84325],[-60.67189,-9.84595],[-60.67102,-9.85262],[-60.67043,-9.85817],[-60.66916,-9.86227],[-60.66701,-9.86768],[-60.66376,-9.87356],[-60.66145,-9.87962],[-60.65978,-9.88562],[-60.65917,-9.88817],[-60.65838,-9.89024],[-60.65837,-9.89376],[-60.65868,-9.89529],[-60.65982,-9.89819],[-60.6616,-9.90024],[-60.66408,-9.90208],[-60.66652,-9.90364],[-60.67092,-9.90612],[-60.67261,-9.90723],[-60.67501,-9.90962],[-60.67665,-9.91184],[-60.67723,-9.91319],[-60.67883,-9.91772],[-60.68056,-9.92154],[-60.68247,-9.92468],[-60.6843,-9.92677],[-60.68684,-9.92913],[-60.68795,-9.93069],[-60.68959,-9.93348],[-60.69087,-9.93611],[-60.69144,-9.93825],[-60.69261,-9.94096],[-60.69399,-9.94598],[-60.69468,-9.94961],[-60.69445,-9.9529],[-60.6938,-9.95524],[-60.69231,-9.95906],[-60.69051,-9.96225],[-60.68943,-9.96371],[-60.6877,-9.96504],[-60.68594,-9.96587],[-60.68451,-9.96607],[-60.68064,-9.96568],[-60.67599,-9.96441],[-60.66859,-9.96397],[-60.66671,-9.96368],[-60.66453,-9.96293],[-60.6617,-9.9613],[-60.65883,-9.96101],[-60.65657,-9.96055],[-60.65388,-9.95935],[-60.65101,-9.95877],[-60.64953,-9.95811],[-60.64707,-9.95642],[-60.64485,-9.95632],[-60.64155,-9.95682],[-60.63965,-9.95696],[-60.63635,-9.95756],[-60.63158,-9.95897],[-60.63041,-9.96018],[-60.62999,-9.96275],[-60.63052,-9.96573],[-60.63115,-9.96727],[-60.6324,-9.97138],[-60.63361,-9.97392],[-60.63531,-9.97603],[-60.63671,-9.977],[-60.63801,-9.97898],[-60.63956,-9.9806],[-60.63983,-9.98157],[-60.63905,-9.98372],[-60.63721,-9.98714],[-60.63495,-9.98966],[-60.63268,-9.9912],[-60.62918,-9.99325],[-60.62695,-9.99428],[-60.62461,-9.99464],[-60.62221,-9.9955],[-60.61996,-9.99766],[-60.61672,-10.00041],[-60.61384,-10.00435],[-60.61185,-10.00823],[-60.61075,-10.01123],[-60.60896,-10.01977],[-60.60883,-10.02154],[-60.60946,-10.02456],[-60.61058,-10.02663],[-60.61217,-10.02835],[-60.61312,-10.02995],[-60.6148,-10.0351],[-60.61551,-10.03599],[-60.61688,-10.03641],[-60.61985,-10.03625],[-60.62218,-10.03585],[-60.6242,-10.03581],[-60.62766,-10.03663],[-60.62975,-10.03751],[-60.63256,-10.03802],[-60.63434,-10.03812],[-60.63613,-10.03748],[-60.63767,-10.03798],[-60.63881,-10.03953],[-60.63916,-10.04156],[-60.6387,-10.04292],[-60.63773,-10.04425],[-60.63667,-10.04521],[-60.63041,-10.04972],[-60.62945,-10.05078],[-60.62746,-10.05424],[-60.62631,-10.05665],[-60.62451,-10.05941],[-60.62318,-10.06171],[-60.62209,-10.06406],[-60.61975,-10.06814],[-60.6134,-10.07237],[-60.61184,-10.0736],[-60.61124,-10.07489],[-60.61118,-10.07755],[-60.61197,-10.08033],[-60.61383,-10.08594],[-60.61369,-10.08984],[-60.61307,-10.0932],[-60.61293,-10.09496],[-60.61399,-10.10135],[-60.61455,-10.10259],[-60.61678,-10.10644],[-60.61802,-10.10804],[-60.62115,-10.11101],[-60.62299,-10.11215],[-60.62459,-10.11351],[-60.62725,-10.11699],[-60.63008,-10.11987],[-60.63219,-10.12121],[-60.63535,-10.12268],[-60.63661,-10.12385],[-60.63913,-10.12713],[-60.64156,-10.1288],[-60.64323,-10.12941],[-60.64441,-10.13024],[-60.64591,-10.13238],[-60.64717,-10.13568],[-60.64767,-10.13805],[-60.64796,-10.14123],[-60.64759,-10.14318],[-60.6478,-10.1466],[-60.64777,-10.15191],[-60.64728,-10.1538],[-60.64445,-10.15721],[-60.64072,-10.16301],[-60.63988,-10.16624],[-60.63848,-10.1676],[-60.63526,-10.16912],[-60.63286,-10.17104],[-60.63063,-10.17374],[-60.62979,-10.17574],[-60.62935,-10.1785],[-60.62933,-10.18039],[-60.63002,-10.18406],[-60.63196,-10.18767],[-60.6323,-10.18991],[-60.63152,-10.19144],[-60.62869,-10.19478],[-60.62779,-10.19655],[-60.6273,-10.19809],[-60.6274,-10.20079],[-60.6278,-10.20298],[-60.63027,-10.20712],[-60.63043,-10.2168],[-60.63201,-10.22139],[-60.63344,-10.22454],[-60.63439,-10.22579],[-60.63503,-10.2278],[-60.63591,-10.23193],[-60.63745,-10.23553],[-60.6377,-10.23854],[-60.63792,-10.24358],[-60.63749,-10.24541],[-60.63659,-10.2467],[-60.63257,-10.24986],[-60.63156,-10.25174],[-60.6266,-10.25931],[-60.62612,-10.26066],[-60.62643,-10.26276],[-60.62995,-10.26641],[-60.63249,-10.26873],[-60.63403,-10.2704],[-60.63537,-10.27412],[-60.63612,-10.27779],[-60.63631,-10.28082],[-60.63701,-10.28647],[-60.63733,-10.29024],[-60.63735,-10.29316],[-60.6367,-10.29555],[-60.63592,-10.29756],[-60.63494,-10.29949],[-60.63281,-10.30244],[-60.63145,-10.30471],[-60.63036,-10.30695],[-60.62866,-10.3113],[-60.62623,-10.31462],[-60.62469,-10.31652],[-60.61954,-10.32008],[-60.61492,-10.32412],[-60.60943,-10.32802],[-60.60731,-10.32908],[-60.60453,-10.32936],[-60.60325,-10.3304],[-60.6024,-10.33264],[-60.60221,-10.33506],[-60.60231,-10.33864],[-60.60281,-10.3412],[-60.60591,-10.34924],[-60.60673,-10.35102],[-60.60701,-10.35303],[-60.60614,-10.35804],[-60.60538,-10.36428],[-60.60536,-10.36653],[-60.60595,-10.36795],[-60.60677,-10.36892],[-60.60688,-10.3712],[-60.60589,-10.3755],[-60.60515,-10.37944],[-60.60365,-10.38243],[-60.60123,-10.38467],[-60.60033,-10.3859],[-60.5995,-10.38857],[-60.59934,-10.39061],[-60.5995,-10.39268],[-60.59948,-10.3961],[-60.59909,-10.40229],[-60.59916,-10.40539],[-60.60028,-10.40731],[-60.60069,-10.40876],[-60.60032,-10.41091],[-60.59935,-10.41203],[-60.59642,-10.41377],[-60.59415,-10.41476],[-60.59283,-10.41581],[-60.58984,-10.41922],[-60.58796,-10.42059],[-60.58553,-10.42181],[-60.58318,-10.4224],[-60.58089,-10.42234],[-60.57918,-10.42194],[-60.57726,-10.42216],[-60.57464,-10.42348],[-60.57387,-10.42458],[-60.57338,-10.42616],[-60.56938,-10.42881],[-60.56548,-10.43065],[-60.56076,-10.4322],[-60.5594,-10.43284],[-60.55668,-10.43601],[-60.55487,-10.4371],[-60.55085,-10.44052],[-60.54966,-10.44191],[-60.54845,-10.44479],[-60.54687,-10.44767],[-60.5455,-10.44958],[-60.54212,-10.45282],[-60.54002,-10.45513],[-60.53706,-10.45864],[-60.5331,-10.46357],[-60.53226,-10.46443],[-60.53002,-10.46611],[-60.52637,-10.46768],[-60.52479,-10.46866],[-60.52392,-10.47068],[-60.52452,-10.474],[-60.52534,-10.47954],[-60.52542,-10.48199],[-60.52572,-10.48414],[-60.52682,-10.48588],[-60.52873,-10.48647],[-60.53065,-10.48625],[-60.53249,-10.48668],[-60.53357,-10.48733],[-60.53476,-10.48865],[-60.53584,-10.49064],[-60.53583,-10.49308],[-60.53545,-10.49539],[-60.53474,-10.49691],[-60.53255,-10.50029],[-60.5321,-10.50131],[-60.53167,-10.50429],[-60.5321,-10.50612],[-60.53231,-10.51007],[-60.53207,-10.51166],[-60.53055,-10.51756],[-60.5301,-10.52194],[-60.52962,-10.52358],[-60.52822,-10.5262],[-60.52793,-10.52782],[-60.52834,-10.52999],[-60.52889,-10.53106],[-60.52901,-10.53334],[-60.52813,-10.53489],[-60.52703,-10.53803],[-60.52701,-10.54],[-60.52743,-10.54355],[-60.52739,-10.54436],[-60.52575,-10.54816],[-60.52275,-10.55233],[-60.52008,-10.55533],[-60.51911,-10.55773],[-60.51863,-10.55994],[-60.51804,-10.56425],[-60.51835,-10.56689],[-60.5188,-10.56794],[-60.52082,-10.56967],[-60.52429,-10.5712],[-60.52558,-10.57196],[-60.52756,-10.57375],[-60.52937,-10.57691],[-60.53029,-10.57911],[-60.53039,-10.58083],[-60.52979,-10.58533],[-60.52984,-10.58754],[-60.53032,-10.5892],[-60.53187,-10.5908],[-60.53443,-10.59173],[-60.53654,-10.59202],[-60.53728,-10.59259],[-60.53746,-10.59339],[-60.53707,-10.59562],[-60.53574,-10.5994],[-60.53336,-10.60743],[-60.53243,-10.61095],[-60.53184,-10.61708],[-60.53022,-10.62332],[-60.52957,-10.62504],[-60.52846,-10.62683],[-60.52669,-10.62837],[-60.52423,-10.62997],[-60.5223,-10.63195],[-60.5212,-10.63391],[-60.51953,-10.63644],[-60.51776,-10.64048],[-60.51709,-10.64401],[-60.5182,-10.64675],[-60.51861,-10.64922],[-60.51791,-10.65172],[-60.5187,-10.6539],[-60.51864,-10.65654],[-60.51984,-10.65768],[-60.5215,-10.65975],[-60.52211,-10.66331],[-60.52303,-10.66772],[-60.52301,-10.6693],[-60.5224,-10.67142],[-60.52125,-10.6731],[-60.52024,-10.67413],[-60.518,-10.6757],[-60.51651,-10.67796],[-60.51572,-10.6797],[-60.51487,-10.68085],[-60.51313,-10.68245],[-60.51083,-10.68428],[-60.50975,-10.68555],[-60.50788,-10.68821],[-60.50542,-10.69006],[-60.50337,-10.69043],[-60.5009,-10.69001],[-60.49988,-10.69011],[-60.49674,-10.69119],[-60.49493,-10.69198],[-60.49323,-10.69206],[-60.49142,-10.69322],[-60.48976,-10.69395],[-60.48818,-10.69493],[-60.48752,-10.6961],[-60.48658,-10.70154],[-60.48653,-10.70381],[-60.48626,-10.70538],[-60.48435,-10.71029],[-60.48424,-10.71305],[-60.48358,-10.71451],[-60.48102,-10.71713],[-60.47921,-10.7174],[-60.47708,-10.71837],[-60.47617,-10.7183],[-60.4736,-10.71663],[-60.47156,-10.71599],[-60.46699,-10.71582],[-60.46303,-10.716],[-60.46104,-10.71538],[-60.45821,-10.71503],[-60.4565,-10.71456],[-60.45083,-10.71453],[-60.44672,-10.71401],[-60.4439,-10.71426],[-60.44219,-10.71512],[-60.43644,-10.71973],[-60.43522,-10.72296],[-60.43328,-10.7261],[-60.43144,-10.72808],[-60.42928,-10.73007],[-60.42848,-10.73199],[-60.42704,-10.73342],[-60.42674,-10.73504],[-60.42701,-10.73699],[-60.42654,-10.74133],[-60.42447,-10.74303],[-60.42023,-10.74601],[-60.41836,-10.74677],[-60.41653,-10.7469],[-60.41567,-10.74816],[-60.41418,-10.74846],[-60.41352,-10.74923],[-60.41327,-10.7503],[-60.41262,-10.75067],[-60.40628,-10.7521],[-60.40378,-10.75412],[-60.4003,-10.7544],[-60.39861,-10.75526],[-60.39832,-10.75691],[-60.39651,-10.75927],[-60.39609,-10.76202],[-60.39638,-10.76421],[-60.39733,-10.76529],[-60.39845,-10.76594],[-60.40097,-10.76668],[-60.40236,-10.76919],[-60.40299,-10.77154],[-60.40394,-10.77349],[-60.40706,-10.77749],[-60.40946,-10.77911],[-60.41578,-10.78198],[-60.4176,-10.78294],[-60.41911,-10.78457],[-60.41955,-10.78556],[-60.41951,-10.78661],[-60.41852,-10.79148],[-60.41856,-10.79272],[-60.41949,-10.79438],[-60.41993,-10.79687],[-60.42057,-10.7982],[-60.4217,-10.79954],[-60.42187,-10.80119],[-60.42366,-10.80336],[-60.42459,-10.8053],[-60.42541,-10.80625],[-60.42688,-10.80719],[-60.4272,-10.8078],[-60.42748,-10.81096],[-60.42906,-10.8136],[-60.42979,-10.81547],[-60.42986,-10.81739],[-60.42967,-10.81863],[-60.42893,-10.82072],[-60.42727,-10.82327],[-60.42501,-10.82535],[-60.42307,-10.82599],[-60.4216,-10.82689],[-60.41958,-10.82963],[-60.41755,-10.83081],[-60.41548,-10.83177],[-60.41422,-10.83318],[-60.41119,-10.83793],[-60.41091,-10.8396],[-60.41083,-10.84187],[-60.40921,-10.84412],[-60.40847,-10.84686],[-60.40727,-10.84813],[-60.40554,-10.84855],[-60.40411,-10.8499],[-60.40417,-10.85255],[-60.40283,-10.85357],[-60.40192,-10.85277],[-60.40086,-10.85243],[-60.39981,-10.85335],[-60.39838,-10.85716],[-60.39695,-10.85741],[-60.39585,-10.85644],[-60.39457,-10.85684],[-60.39325,-10.85866],[-60.39244,-10.86052],[-60.3903,-10.86205],[-60.38904,-10.86247],[-60.38672,-10.86245],[-60.38483,-10.86272],[-60.3825,-10.86189],[-60.38175,-10.86191],[-60.37925,-10.86377],[-60.37748,-10.86433],[-60.3767,-10.86492],[-60.37622,-10.86709],[-60.37503,-10.86872],[-60.37406,-10.86907],[-60.37275,-10.86906],[-60.37144,-10.8701],[-60.36992,-10.87236],[-60.36852,-10.87306],[-60.36671,-10.873],[-60.36535,-10.8732],[-60.36349,-10.87392],[-60.36242,-10.87468],[-60.3619,-10.87584],[-60.36229,-10.88026],[-60.36202,-10.88091],[-60.36061,-10.8823],[-60.3606,-10.88641],[-60.36019,-10.88867],[-60.36022,-10.89072],[-60.36081,-10.89254],[-60.36094,-10.89381],[-60.36012,-10.89633],[-60.35915,-10.89733],[-60.3575,-10.89836],[-60.35605,-10.89873],[-60.3531,-10.89907],[-60.34949,-10.90039],[-60.34838,-10.90038],[-60.34445,-10.89901],[-60.34276,-10.89907],[-60.33905,-10.90102],[-60.33665,-10.90379],[-60.3344,-10.90611],[-60.33161,-10.90781],[-60.32967,-10.90968],[-60.32769,-10.91236],[-60.32643,-10.9126],[-60.32551,-10.91232],[-60.32216,-10.90947],[-60.32077,-10.90892],[-60.31946,-10.90893],[-60.31647,-10.9099],[-60.31481,-10.91075],[-60.31317,-10.91196],[-60.30957,-10.91408],[-60.30804,-10.9152],[-60.30652,-10.91549],[-60.30446,-10.91519],[-60.30008,-10.91293],[-60.29779,-10.91225],[-60.29624,-10.91297],[-60.29291,-10.9162],[-60.29226,-10.91649],[-60.28693,-10.91701],[-60.28299,-10.91671],[-60.27985,-10.91541],[-60.27681,-10.91465],[-60.27483,-10.91525],[-60.27275,-10.91652],[-60.27089,-10.91721],[-60.26956,-10.91704],[-60.26863,-10.91603],[-60.26649,-10.91601],[-60.26499,-10.91673],[-60.2625,-10.91872],[-60.26132,-10.91912],[-60.25949,-10.91883],[-60.25786,-10.91807],[-60.25635,-10.91844],[-60.25519,-10.91936],[-60.25397,-10.9196],[-60.25258,-10.91918],[-60.2505,-10.91796],[-60.25014,-10.9167],[-60.24855,-10.91554],[-60.24736,-10.91525],[-60.24602,-10.91538],[-60.2439,-10.91707],[-60.23447,-10.91635],[-60.21232,-10.91245],[-60.16934,-10.90531],[-60.16204,-10.90453],[-60.16082,-10.90321],[-60.15959,-10.90277],[-60.15579,-10.90061],[-60.15441,-10.89965],[-60.15161,-10.89827],[-60.14951,-10.89764],[-60.14713,-10.89638],[-60.14597,-10.89526],[-60.14496,-10.89317],[-60.143,-10.89031],[-60.1424,-10.88872],[-60.14037,-10.88577],[-60.13951,-10.88512],[-60.13825,-10.88475],[-60.13728,-10.88395],[-60.13597,-10.88186],[-60.135,-10.88122],[-60.13399,-10.88105],[-60.13135,-10.88218],[-60.12793,-10.88208],[-60.12635,-10.88173],[-60.12415,-10.88062],[-60.12319,-10.88057],[-60.12155,-10.88168],[-60.11819,-10.88199],[-60.11579,-10.8819],[-60.11029,-10.88124],[-60.10669,-10.88046],[-60.10116,-10.87989],[-60.09879,-10.87977],[-60.09691,-10.88066],[-60.09467,-10.88068],[-60.09354,-10.8809],[-60.09179,-10.88072],[-60.09106,-10.88026],[-60.08934,-10.87803],[-60.08891,-10.87783],[-60.08437,-10.87717],[-60.08058,-10.87716],[-60.0766,-10.87683],[-60.07489,-10.8765],[-60.07151,-10.8743],[-60.06932,-10.87369],[-60.06771,-10.87297],[-60.06478,-10.87084],[-60.06199,-10.87073],[-60.05903,-10.86966],[-60.0565,-10.86966],[-60.05408,-10.86914],[-60.05278,-10.86836],[-60.0514,-10.86717],[-60.05036,-10.86592],[-60.04916,-10.865],[-60.0475,-10.86467],[-60.04308,-10.86544],[-60.04217,-10.86523],[-60.03974,-10.86374],[-60.03778,-10.86286],[-60.0355,-10.8623],[-60.03384,-10.86101],[-60.03211,-10.85863],[-60.03171,-10.85776],[-60.03107,-10.85471],[-60.03034,-10.85274],[-60.02924,-10.85127],[-60.02746,-10.85039],[-60.02603,-10.84861],[-60.02415,-10.848],[-60.01985,-10.84812],[-60.01681,-10.84677],[-60.01486,-10.84641],[-60.0115,-10.8464],[-60.00769,-10.84602],[-60.00196,-10.84433],[-60.00126,-10.84394],[-59.99887,-10.84364],[-59.99603,-10.84371],[-59.99456,-10.8431],[-59.99332,-10.84192],[-59.99246,-10.84048],[-59.99231,-10.83934],[-59.99277,-10.83873],[-59.99441,-10.83766],[-59.99515,-10.83659],[-59.99436,-10.83428],[-59.9932,-10.83286],[-59.99182,-10.83187],[-59.99044,-10.83136],[-59.98855,-10.83195],[-59.98371,-10.83607],[-59.98227,-10.83642],[-59.97939,-10.83629],[-59.9782,-10.83641],[-59.97652,-10.83698],[-59.97212,-10.83896],[-59.97132,-10.839],[-59.97098,-10.83808],[-59.97103,-10.83667],[-59.97375,-10.83235],[-59.97398,-10.83057],[-59.97208,-10.82526],[-59.97112,-10.82331],[-59.96952,-10.82142],[-59.96703,-10.81952],[-59.96329,-10.81951],[-59.9603,-10.8204],[-59.95842,-10.82142],[-59.9568,-10.82268],[-59.9556,-10.82401],[-59.95454,-10.82575],[-59.95342,-10.82679],[-59.9517,-10.82618],[-59.95038,-10.82655],[-59.94954,-10.8273],[-59.94921,-10.82869],[-59.94858,-10.82986],[-59.94652,-10.83124],[-59.94581,-10.83254],[-59.94605,-10.83501],[-59.94369,-10.83625],[-59.94316,-10.83742],[-59.94084,-10.83846],[-59.93923,-10.84014],[-59.93639,-10.84073],[-59.93374,-10.84073],[-59.9326,-10.84325],[-59.93169,-10.84406],[-59.9304,-10.84407],[-59.92815,-10.84268],[-59.92692,-10.84239],[-59.92513,-10.84306],[-59.92399,-10.84384],[-59.9218,-10.84464],[-59.91828,-10.84432],[-59.91665,-10.84435],[-59.91377,-10.84515],[-59.91298,-10.84563],[-59.91003,-10.84863],[-59.90803,-10.85],[-59.90706,-10.85027],[-59.90409,-10.85024],[-59.9012,-10.84982],[-59.89957,-10.84983],[-59.89786,-10.8502],[-59.89564,-10.85157],[-59.89254,-10.85461],[-59.8898,-10.85633],[-59.88551,-10.85765],[-59.88337,-10.85779],[-59.88066,-10.85671],[-59.87664,-10.85362],[-59.8739,-10.85228],[-59.8704,-10.85168],[-59.86265,-10.85214],[-59.86019,-10.85217],[-59.85707,-10.85173],[-59.85309,-10.85048],[-59.85237,-10.84986],[-59.85106,-10.84945],[-59.84953,-10.84801],[-59.84934,-10.84669],[-59.84875,-10.84595],[-59.84725,-10.84525],[-59.84515,-10.84279],[-59.84468,-10.84147],[-59.84469,-10.83995],[-59.84419,-10.83807],[-59.84295,-10.83703],[-59.83818,-10.83459],[-59.8362,-10.83342],[-59.83482,-10.83298],[-59.83091,-10.83131],[-59.82997,-10.83058],[-59.82831,-10.82849],[-59.82496,-10.82499],[-59.82319,-10.82452],[-59.82046,-10.82511],[-59.81805,-10.82494],[-59.81638,-10.82553],[-59.81336,-10.82522],[-59.81239,-10.82593],[-59.81159,-10.8259],[-59.81034,-10.82517],[-59.81113,-10.82388],[-59.80881,-10.82252],[-59.80776,-10.82101],[-59.80641,-10.82081],[-59.80519,-10.82227],[-59.80423,-10.82206],[-59.80378,-10.82135],[-59.80276,-10.82088],[-59.80208,-10.81956],[-59.80002,-10.81979],[-59.79758,-10.81941],[-59.7956,-10.82003],[-59.7952,-10.82081],[-59.79426,-10.82142],[-59.79259,-10.82158],[-59.79192,-10.82135],[-59.79082,-10.82],[-59.78833,-10.82052],[-59.78689,-10.82118],[-59.78562,-10.81998],[-59.78511,-10.81769],[-59.78445,-10.81697],[-59.78247,-10.81721],[-59.78056,-10.81713],[-59.77897,-10.81677],[-59.77755,-10.81581],[-59.77584,-10.81666],[-59.77469,-10.81529],[-59.77274,-10.81504],[-59.77129,-10.81588],[-59.76939,-10.81579],[-59.76866,-10.81521],[-59.76835,-10.81385],[-59.76897,-10.81224],[-59.76818,-10.81192],[-59.76732,-10.81231],[-59.76615,-10.81073],[-59.76517,-10.81026],[-59.76495,-10.80963],[-59.76569,-10.80778],[-59.7662,-10.80711],[-59.76607,-10.80605],[-59.76493,-10.80533],[-59.7633,-10.80553],[-59.76291,-10.805],[-59.75823,-10.80431],[-59.75623,-10.8054],[-59.75548,-10.80424],[-59.75369,-10.80351],[-59.75286,-10.8035],[-59.75071,-10.80459],[-59.75022,-10.80615],[-59.74929,-10.80571],[-59.74877,-10.80336],[-59.74846,-10.80308],[-59.74397,-10.80301],[-59.74067,-10.80268],[-59.7367,-10.80251],[-59.73543,-10.80305],[-59.73612,-10.804],[-59.73544,-10.80475],[-59.73399,-10.80495],[-59.73251,-10.80456],[-59.73231,-10.80235],[-59.72768,-10.80211],[-59.72641,-10.8023],[-59.72318,-10.80352],[-59.72208,-10.80436],[-59.72129,-10.80375],[-59.72218,-10.80231],[-59.72096,-10.80198],[-59.71973,-10.80328],[-59.71775,-10.80016],[-59.7176,-10.79745],[-59.71684,-10.79705],[-59.71494,-10.79715],[-59.71549,-10.79975],[-59.71445,-10.80289],[-59.71466,-10.80379],[-59.71394,-10.80409],[-59.71332,-10.80324],[-59.71251,-10.80409],[-59.71278,-10.80555],[-59.71164,-10.80574],[-59.71157,-10.80415],[-59.71043,-10.8027],[-59.71048,-10.80177],[-59.71165,-10.80154],[-59.71081,-10.80062],[-59.71014,-10.80094],[-59.70916,-10.7999],[-59.70818,-10.8008],[-59.70736,-10.80081],[-59.7066,-10.79926],[-59.70431,-10.79843],[-59.70135,-10.79859],[-59.70096,-10.80052],[-59.70229,-10.80029],[-59.702,-10.80148],[-59.70102,-10.80137],[-59.69958,-10.80041],[-59.69867,-10.80124],[-59.69943,-10.80253],[-59.69807,-10.80251],[-59.69735,-10.80186],[-59.69642,-10.80226],[-59.69631,-10.80129],[-59.69516,-10.80191],[-59.69399,-10.80202],[-59.69308,-10.80048],[-59.69267,-10.79874],[-59.69298,-10.79739],[-59.69372,-10.79701],[-59.69521,-10.79736],[-59.69594,-10.79692],[-59.69614,-10.79553],[-59.69556,-10.79431],[-59.69439,-10.79522],[-59.69306,-10.79487],[-59.69344,-10.7933],[-59.69249,-10.79297],[-59.69166,-10.79374],[-59.69053,-10.79373],[-59.68737,-10.79226],[-59.68743,-10.79131],[-59.68807,-10.78926],[-59.68771,-10.78799],[-59.68613,-10.78693],[-59.68444,-10.78613],[-59.68301,-10.78582],[-59.68142,-10.78583],[-59.68074,-10.78645],[-59.6805,-10.78847],[-59.67991,-10.78886],[-59.67865,-10.78887],[-59.67698,-10.78821],[-59.6769,-10.78752],[-59.67856,-10.78725],[-59.67866,-10.78644],[-59.67804,-10.78595],[-59.67674,-10.78389],[-59.67558,-10.78307],[-59.67515,-10.78221],[-59.67307,-10.78123],[-59.67233,-10.78031],[-59.6705,-10.77918],[-59.67056,-10.77825],[-59.67145,-10.77795],[-59.67253,-10.77658],[-59.67318,-10.77459],[-59.6739,-10.77343],[-59.67354,-10.77189],[-59.67085,-10.76898],[-59.66949,-10.76681],[-59.66965,-10.76429],[-59.67182,-10.76151],[-59.67239,-10.76025],[-59.67362,-10.7585],[-59.67399,-10.75707],[-59.67392,-10.75603],[-59.67437,-10.75509],[-59.67366,-10.75434],[-59.67195,-10.75536],[-59.67131,-10.75418],[-59.67247,-10.75363],[-59.67316,-10.75278],[-59.67293,-10.75175],[-59.67183,-10.751],[-59.67078,-10.75137],[-59.66858,-10.7511],[-59.66999,-10.75218],[-59.67014,-10.75289],[-59.66864,-10.75428],[-59.66739,-10.75438],[-59.66768,-10.75309],[-59.66659,-10.75224],[-59.66526,-10.75211],[-59.66449,-10.75114],[-59.66276,-10.75106],[-59.66161,-10.74962],[-59.66145,-10.74867],[-59.6617,-10.74705],[-59.66143,-10.74616],[-59.6599,-10.74643],[-59.65974,-10.7455],[-59.66066,-10.7442],[-59.66067,-10.7431],[-59.6612,-10.74182],[-59.6605,-10.74121],[-59.65801,-10.74017],[-59.65708,-10.74069],[-59.65548,-10.74018],[-59.65207,-10.74074],[-59.65013,-10.74051],[-59.64787,-10.74106],[-59.64719,-10.742],[-59.64745,-10.74343],[-59.64645,-10.74383],[-59.64448,-10.7429],[-59.64428,-10.74204],[-59.64459,-10.74076],[-59.6433,-10.73946],[-59.64205,-10.73878],[-59.63976,-10.73805],[-59.63902,-10.73855],[-59.63873,-10.73978],[-59.63701,-10.74162],[-59.63536,-10.74222],[-59.63338,-10.74223],[-59.63249,-10.74105],[-59.63056,-10.7406],[-59.62926,-10.74073],[-59.62731,-10.74149],[-59.62601,-10.7424],[-59.62489,-10.74143],[-59.62442,-10.73826],[-59.62362,-10.73787],[-59.62179,-10.73771],[-59.62033,-10.73671],[-59.61924,-10.73638],[-59.61416,-10.73611],[-59.61249,-10.73544],[-59.61028,-10.73546],[-59.6078,-10.73604],[-59.60656,-10.73584],[-59.60492,-10.73624],[-59.60355,-10.73762],[-59.60217,-10.73752],[-59.60031,-10.736],[-59.59908,-10.73614],[-59.59759,-10.73684],[-59.5973,-10.73589],[-59.59609,-10.73622],[-59.59569,-10.73477],[-59.59458,-10.73364],[-59.59374,-10.73342],[-59.59363,-10.73449],[-59.59298,-10.73458],[-59.592,-10.733],[-59.59105,-10.7326],[-59.59006,-10.73275],[-59.58853,-10.73347],[-59.58702,-10.73385],[-59.58578,-10.73475],[-59.58393,-10.73518],[-59.58323,-10.73408],[-59.58326,-10.7332],[-59.58265,-10.7324],[-59.58134,-10.73503],[-59.58123,-10.73663],[-59.5805,-10.73638],[-59.57989,-10.73538],[-59.57859,-10.7349],[-59.5778,-10.73424],[-59.57539,-10.73472],[-59.57423,-10.73433],[-59.57225,-10.73445],[-59.57122,-10.73476],[-59.56882,-10.73668],[-59.56612,-10.73714],[-59.56567,-10.73881],[-59.56486,-10.73975],[-59.56251,-10.73998],[-59.56051,-10.7392],[-59.55978,-10.73844],[-59.55941,-10.73738],[-59.55941,-10.73592],[-59.55861,-10.73575],[-59.55776,-10.73711],[-59.55654,-10.7367],[-59.55642,-10.73498],[-59.55425,-10.73476],[-59.55304,-10.73539],[-59.55122,-10.73518],[-59.54974,-10.73404],[-59.54972,-10.73249],[-59.54786,-10.73173],[-59.54693,-10.73231],[-59.54683,-10.7337],[-59.54422,-10.7332],[-59.54324,-10.73171],[-59.54322,-10.73056],[-59.54403,-10.72958],[-59.54141,-10.7294],[-59.54033,-10.7303],[-59.53962,-10.73045],[-59.53883,-10.72954],[-59.53851,-10.72847],[-59.53736,-10.7286],[-59.5363,-10.72977],[-59.53602,-10.72862],[-59.53615,-10.72728],[-59.53441,-10.72696],[-59.53252,-10.72712],[-59.52979,-10.72641],[-59.52738,-10.72777],[-59.52399,-10.72873],[-59.52205,-10.72971],[-59.52101,-10.7296],[-59.51914,-10.72844],[-59.5178,-10.72849],[-59.51639,-10.72975],[-59.51672,-10.73109],[-59.51549,-10.73115],[-59.51458,-10.72913],[-59.51393,-10.72936],[-59.51342,-10.73085],[-59.51591,-10.73312],[-59.51889,-10.73498],[-59.51875,-10.73613],[-59.51817,-10.73694],[-59.51528,-10.73912],[-59.51153,-10.74119],[-59.50967,-10.74198],[-59.50737,-10.74267],[-59.50472,-10.74321],[-59.50237,-10.74347],[-59.49858,-10.74346],[-59.4959,-10.74385],[-59.49407,-10.74346],[-59.49194,-10.74168],[-59.49082,-10.74001],[-59.48987,-10.73812],[-59.48963,-10.73641],[-59.48875,-10.73403],[-59.48678,-10.73084],[-59.48372,-10.72714],[-59.48172,-10.72515],[-59.48036,-10.72433],[-59.4782,-10.72348],[-59.47309,-10.72036],[-59.47004,-10.72001],[-59.46783,-10.71995],[-59.46596,-10.71966],[-59.46438,-10.7198],[-59.46123,-10.72125],[-59.45848,-10.72366],[-59.45582,-10.72636],[-59.45348,-10.72927],[-59.4517,-10.73118],[-59.45045,-10.73291],[-59.44454,-10.73874],[-59.44299,-10.7393],[-59.43927,-10.73955],[-59.43675,-10.7404],[-59.43535,-10.74152],[-59.43368,-10.74194],[-59.42982,-10.74209],[-59.42869,-10.74378],[-59.42762,-10.74578],[-59.42641,-10.74856],[-59.42436,-10.74911],[-59.4233,-10.74994],[-59.4209,-10.7496],[-59.41932,-10.74704],[-59.41867,-10.74459],[-59.41903,-10.74396],[-59.41792,-10.74303],[-59.41781,-10.74228],[-59.41704,-10.74178],[-59.41598,-10.74288],[-59.41488,-10.74289],[-59.41396,-10.74143],[-59.41246,-10.7425],[-59.41193,-10.74128],[-59.40902,-10.73961],[-59.40818,-10.73949],[-59.40675,-10.74028],[-59.40613,-10.74106],[-59.40606,-10.74281],[-59.40642,-10.74343],[-59.40752,-10.74374],[-59.40797,-10.7432],[-59.4079,-10.74203],[-59.40903,-10.74131],[-59.40976,-10.74234],[-59.40893,-10.74405],[-59.40756,-10.74522],[-59.40638,-10.74566],[-59.40569,-10.74369],[-59.40502,-10.74351],[-59.40342,-10.74461],[-59.40156,-10.74473],[-59.39986,-10.7439],[-59.39816,-10.74205],[-59.39522,-10.74163],[-59.39498,-10.74267],[-59.39581,-10.74512],[-59.3955,-10.74545],[-59.3932,-10.74511],[-59.3927,-10.74607],[-59.39294,-10.74701],[-59.39382,-10.74697],[-59.39443,-10.74756],[-59.3937,-10.74869],[-59.39423,-10.74964],[-59.39392,-10.751],[-59.39457,-10.75168],[-59.39428,-10.75266],[-59.39495,-10.75355],[-59.39562,-10.75354],[-59.39688,-10.7524],[-59.39776,-10.75218],[-59.39854,-10.75274],[-59.39946,-10.7541],[-59.39942,-10.75549],[-59.40021,-10.75756],[-59.39922,-10.75851],[-59.39809,-10.75906],[-59.39684,-10.75738],[-59.39601,-10.75709],[-59.39478,-10.75843],[-59.39409,-10.76],[-59.39377,-10.76249],[-59.39287,-10.764],[-59.39141,-10.76509],[-59.38762,-10.76924],[-59.3851,-10.77255],[-59.38357,-10.77258],[-59.38244,-10.77212],[-59.38094,-10.77209],[-59.38083,-10.77263],[-59.3823,-10.77489],[-59.38456,-10.77647],[-59.38481,-10.77723],[-59.38466,-10.77929],[-59.38415,-10.78004],[-59.38231,-10.78162],[-59.38125,-10.78227],[-59.37614,-10.7845],[-59.37592,-10.78578],[-59.37643,-10.78838],[-59.37534,-10.7894],[-59.37403,-10.78981],[-59.37252,-10.78939],[-59.37128,-10.78968],[-59.37002,-10.79035],[-59.36764,-10.79054],[-59.3658,-10.78998],[-59.36365,-10.79053],[-59.36219,-10.79138],[-59.36286,-10.79278],[-59.36384,-10.79251],[-59.36561,-10.79352],[-59.36574,-10.79443],[-59.36678,-10.79405],[-59.36766,-10.7948],[-59.36801,-10.79695],[-59.36747,-10.79814],[-59.36792,-10.79912],[-59.36689,-10.80155],[-59.36582,-10.80173],[-59.35971,-10.79807],[-59.35444,-10.7961],[-59.35201,-10.79482],[-59.35077,-10.7944],[-59.34936,-10.7951],[-59.34905,-10.79601],[-59.35073,-10.79803],[-59.35162,-10.80071],[-59.35224,-10.80167],[-59.3517,-10.80239],[-59.35021,-10.80334],[-59.34515,-10.80303],[-59.34316,-10.80268],[-59.34055,-10.8015],[-59.33992,-10.80164],[-59.33958,-10.80402],[-59.33868,-10.8043],[-59.33597,-10.80339],[-59.33541,-10.80279],[-59.33551,-10.80149],[-59.33301,-10.79898],[-59.33224,-10.79894],[-59.33058,-10.80076],[-59.33006,-10.80182],[-59.32948,-10.79973],[-59.32864,-10.79809],[-59.32863,-10.79716],[-59.32713,-10.79662],[-59.3266,-10.79717],[-59.32612,-10.79892],[-59.32614,-10.80088],[-59.32578,-10.8033],[-59.32579,-10.80568],[-59.32667,-10.80809],[-59.32766,-10.81009],[-59.32779,-10.812],[-59.32892,-10.8137],[-59.32804,-10.81425],[-59.32572,-10.81465],[-59.32271,-10.81404],[-59.32001,-10.81372],[-59.31829,-10.81385],[-59.3139,-10.81578],[-59.3121,-10.81602],[-59.30952,-10.81481],[-59.3073,-10.81425],[-59.30547,-10.81427],[-59.3015,-10.81624],[-59.29903,-10.81699],[-59.29473,-10.81779],[-59.292,-10.81735],[-59.28808,-10.81586],[-59.28713,-10.81574],[-59.28507,-10.81615],[-59.28319,-10.81579],[-59.28088,-10.81589],[-59.27893,-10.81526],[-59.27542,-10.81555],[-59.27196,-10.81639],[-59.27079,-10.81619],[-59.26995,-10.81491],[-59.27017,-10.81235],[-59.26792,-10.81207],[-59.26675,-10.8126],[-59.26672,-10.81345],[-59.26484,-10.81406],[-59.2632,-10.81407],[-59.26198,-10.81357],[-59.26029,-10.8123],[-59.25779,-10.81221],[-59.25733,-10.8125],[-59.2552,-10.81537],[-59.25382,-10.81574],[-59.25186,-10.81559],[-59.24962,-10.81465],[-59.24795,-10.81308],[-59.24758,-10.81237],[-59.24825,-10.81069],[-59.24808,-10.80966],[-59.24665,-10.80909],[-59.2447,-10.80951],[-59.24259,-10.80932],[-59.24148,-10.80761],[-59.24144,-10.80668],[-59.23747,-10.8065],[-59.23566,-10.80501],[-59.2348,-10.80239],[-59.2342,-10.80135],[-59.23217,-10.79859],[-59.23115,-10.79897],[-59.22937,-10.80132],[-59.22907,-10.80237],[-59.22793,-10.80256],[-59.22752,-10.80125],[-59.22547,-10.79913],[-59.22518,-10.79802],[-59.22332,-10.79692],[-59.22387,-10.7958],[-59.2237,-10.79482],[-59.22244,-10.79477],[-59.22204,-10.79675],[-59.22093,-10.79654],[-59.22007,-10.79701],[-59.21855,-10.7953],[-59.21841,-10.79375],[-59.21913,-10.79296],[-59.21972,-10.79347],[-59.2209,-10.79321],[-59.22079,-10.79208],[-59.2198,-10.79224],[-59.21924,-10.79159],[-59.21715,-10.79167],[-59.21579,-10.79218],[-59.21449,-10.79148],[-59.21377,-10.79199],[-59.21354,-10.79376],[-59.21218,-10.79533],[-59.21137,-10.79533],[-59.21058,-10.7944],[-59.21046,-10.79346],[-59.20968,-10.79305],[-59.20872,-10.7935],[-59.20697,-10.79242],[-59.20674,-10.79079],[-59.20558,-10.79146],[-59.20401,-10.78948],[-59.20348,-10.78938],[-59.20187,-10.79032],[-59.20052,-10.79034],[-59.19885,-10.79131],[-59.19832,-10.7925],[-59.19885,-10.7931],[-59.19791,-10.79487],[-59.1969,-10.79594],[-59.19439,-10.79698],[-59.19259,-10.79712],[-59.18908,-10.79701],[-59.18779,-10.79801],[-59.18661,-10.79951],[-59.18747,-10.80101],[-59.18412,-10.79981],[-59.18187,-10.7998],[-59.18031,-10.80018],[-59.1785,-10.80196],[-59.17756,-10.80237],[-59.17457,-10.80296],[-59.17302,-10.80297],[-59.17235,-10.80414],[-59.17099,-10.80448],[-59.16947,-10.80425],[-59.16688,-10.80455],[-59.16605,-10.80529],[-59.16788,-10.80679],[-59.16933,-10.80904],[-59.16774,-10.81054],[-59.16674,-10.81072],[-59.1646,-10.80859],[-59.1631,-10.80764],[-59.16229,-10.80596],[-59.1607,-10.80499],[-59.15871,-10.80529],[-59.15694,-10.80641],[-59.15704,-10.80727],[-59.15816,-10.80815],[-59.16033,-10.80787],[-59.16064,-10.80864],[-59.15973,-10.80964],[-59.15896,-10.80953],[-59.15491,-10.80686],[-59.15313,-10.80582],[-59.15146,-10.80568],[-59.15022,-10.80835],[-59.14709,-10.80929],[-59.1444,-10.80994],[-59.14287,-10.81066],[-59.1399,-10.81305],[-59.13885,-10.81277],[-59.13529,-10.81001],[-59.13423,-10.81014],[-59.13319,-10.81116],[-59.13129,-10.81218],[-59.13041,-10.81298],[-59.12931,-10.81464],[-59.1281,-10.81446],[-59.12819,-10.81208],[-59.12659,-10.81181],[-59.12561,-10.81132],[-59.12419,-10.81217],[-59.12128,-10.81264],[-59.12168,-10.81513],[-59.12093,-10.81563],[-59.11933,-10.81509],[-59.11896,-10.81426],[-59.11928,-10.81147],[-59.11856,-10.81107],[-59.11743,-10.81177],[-59.11585,-10.81179],[-59.11432,-10.81216],[-59.11192,-10.81115],[-59.11177,-10.81066],[-59.11324,-10.80858],[-59.11234,-10.80764],[-59.1109,-10.80732],[-59.11015,-10.80843],[-59.10951,-10.80702],[-59.10978,-10.80631],[-59.10937,-10.80538],[-59.10614,-10.80422],[-59.10461,-10.80405],[-59.10283,-10.80516],[-59.1009,-10.80462],[-59.10034,-10.80518],[-59.09941,-10.80504],[-59.09903,-10.80372],[-59.09713,-10.80288],[-59.09664,-10.8023],[-59.09515,-10.80205],[-59.09496,-10.80128],[-59.09362,-10.801],[-59.09251,-10.80123],[-59.09158,-10.80097],[-59.0906,-10.79992],[-59.08857,-10.80088],[-59.08733,-10.7995],[-59.08444,-10.79987],[-59.08365,-10.79844],[-59.08264,-10.79792],[-59.08263,-10.79687],[-59.08166,-10.79687],[-59.08238,-10.79534],[-59.08237,-10.79433],[-59.0814,-10.79439],[-59.08088,-10.79544],[-59.08015,-10.79554],[-59.0798,-10.79334],[-59.08071,-10.79243],[-59.0794,-10.79139],[-59.07838,-10.79139],[-59.07779,-10.79035],[-59.07659,-10.79045],[-59.07605,-10.78978],[-59.07614,-10.78863],[-59.07439,-10.78735],[-59.07501,-10.78606],[-59.07428,-10.78554],[-59.07103,-10.78499],[-59.06973,-10.78523],[-59.06905,-10.7849],[-59.06865,-10.78328],[-59.06734,-10.78314],[-59.06603,-10.78239],[-59.06506,-10.78129],[-59.06513,-10.77747],[-59.0642,-10.77657],[-59.0612,-10.77654],[-59.06077,-10.7763],[-59.05806,-10.77708],[-59.05695,-10.77642],[-59.05558,-10.77404],[-59.0548,-10.77371],[-59.05335,-10.77468],[-59.05325,-10.77372],[-59.05262,-10.77344],[-59.05186,-10.77545],[-59.0508,-10.77622],[-59.05022,-10.7758],[-59.05034,-10.77288],[-59.0501,-10.77235],[-59.04874,-10.77251],[-59.04551,-10.77344],[-59.04499,-10.77483],[-59.04397,-10.77488],[-59.04372,-10.77369],[-59.04092,-10.77409],[-59.03841,-10.77568],[-59.0375,-10.77583],[-59.03518,-10.77709],[-59.03354,-10.77729],[-59.032,-10.77831],[-59.03001,-10.7778],[-59.02919,-10.77818],[-59.02814,-10.77953],[-59.02781,-10.78087],[-59.02601,-10.78069],[-59.02327,-10.78224],[-59.02181,-10.78153],[-59.01857,-10.78151],[-59.0162,-10.78214],[-59.0152,-10.78325],[-59.01345,-10.78259],[-59.01239,-10.78365],[-59.01147,-10.7838],[-59.0106,-10.78318],[-59.00914,-10.78276],[-59.00765,-10.7833],[-59.00567,-10.78336],[-59.005,-10.78461],[-59.00306,-10.78606],[-59.00072,-10.78695],[-58.99889,-10.78617],[-58.99822,-10.78714],[-58.99731,-10.78712],[-58.99766,-10.78526],[-58.99841,-10.78448],[-58.99807,-10.78367],[-58.9968,-10.78381],[-58.99532,-10.78282],[-58.99395,-10.78278],[-58.99368,-10.78429],[-58.99252,-10.78496],[-58.99205,-10.7847],[-58.99186,-10.78315],[-58.99216,-10.78151],[-58.99351,-10.77862],[-58.99441,-10.77512],[-58.99411,-10.77407],[-58.99289,-10.7724],[-58.99105,-10.77241],[-58.99085,-10.77103],[-58.99027,-10.77041],[-58.98901,-10.77061],[-58.98708,-10.77129],[-58.98552,-10.76953],[-58.98382,-10.76911],[-58.97296,-10.76373],[-58.97191,-10.76338],[-58.96877,-10.76083],[-58.96676,-10.76063],[-58.96242,-10.75959],[-58.96091,-10.7586],[-58.95728,-10.75572],[-58.95613,-10.75449],[-58.9551,-10.75282],[-58.95225,-10.75074],[-58.95067,-10.74783],[-58.95009,-10.74602],[-58.95004,-10.745],[-58.94942,-10.74326],[-58.94802,-10.74076],[-58.94768,-10.73706],[-58.94778,-10.73497],[-58.94816,-10.73327],[-58.9475,-10.73184],[-58.94672,-10.73121],[-58.94468,-10.73042],[-58.94346,-10.73032],[-58.9415,-10.73109],[-58.93844,-10.73291],[-58.93514,-10.73514],[-58.93234,-10.73613],[-58.9296,-10.73442],[-58.92844,-10.73306],[-58.92731,-10.73018],[-58.92569,-10.72728],[-58.92442,-10.72577],[-58.92264,-10.72409],[-58.91943,-10.72153],[-58.9178,-10.71869],[-58.91744,-10.71709],[-58.91738,-10.71184],[-58.91657,-10.70916],[-58.91551,-10.7073],[-58.91539,-10.70363],[-58.91594,-10.70218],[-58.91834,-10.69904],[-58.91893,-10.69636],[-58.91878,-10.69336],[-58.91844,-10.69084],[-58.91784,-10.68802],[-58.91788,-10.6871],[-58.91746,-10.68339],[-58.91767,-10.68158],[-58.9186,-10.67875],[-58.92038,-10.67601],[-58.92072,-10.67391],[-58.91927,-10.67022],[-58.91877,-10.66729],[-58.91925,-10.66332],[-58.91867,-10.66008],[-58.91787,-10.65716],[-58.91727,-10.6535],[-58.91723,-10.64989],[-58.91814,-10.64423],[-58.91801,-10.64062],[-58.91822,-10.63769],[-58.91821,-10.63506],[-58.91773,-10.63316],[-58.91653,-10.63034],[-58.91496,-10.62786],[-58.91138,-10.62437],[-58.9096,-10.62345],[-58.90741,-10.62206],[-58.90499,-10.62099],[-58.90109,-10.6204],[-58.89838,-10.62013],[-58.89457,-10.61906],[-58.89175,-10.61928],[-58.89012,-10.61855],[-58.88834,-10.61818],[-58.88455,-10.61842],[-58.88226,-10.61838]]]},"properties":{"codigo":"510140705","name":"Aripuanã","population":20361,"households":8518,"areaKm2":21655.4795,"density":0.9}},{"type":"Feature","geometry":{"type":"Polygon","coordinates":[[[-59.59565,-9.88024],[-59.59692,-9.8797],[-59.5979,-9.8798],[-59.59965,-9.87945],[-59.60144,-9.88024],[-59.60253,-9.88037],[-59.60432,-9.87994],[-59.60527,-9.88029],[-59.60585,-9.88185],[-59.60673,-9.88182],[-59.60799,-9.88102],[-59.60991,-9.88041],[-59.61137,-9.88089],[-59.61246,-9.8806],[-59.61365,-9.87973],[-59.61503,-9.87978],[-59.61674,-9.87932],[-59.6195,-9.87806],[-59.6208,-9.87652],[-59.62384,-9.87423],[-59.62538,-9.87499],[-59.62603,-9.87478],[-59.62745,-9.87354],[-59.62889,-9.87261],[-59.63109,-9.87261],[-59.63224,-9.87195],[-59.63436,-9.87217],[-59.63553,-9.87311],[-59.6364,-9.8728],[-59.63695,-9.8712],[-59.63844,-9.87008],[-59.64027,-9.86983],[-59.64312,-9.86869],[-59.64427,-9.8679],[-59.64711,-9.86654],[-59.64983,-9.86146],[-59.65,-9.86001],[-59.64956,-9.85841],[-59.64868,-9.85675],[-59.64849,-9.8547],[-59.64942,-9.85284],[-59.65109,-9.85226],[-59.65221,-9.85057],[-59.65244,-9.84847],[-59.65291,-9.84732],[-59.6556,-9.84615],[-59.65669,-9.84465],[-59.65763,-9.84454],[-59.65902,-9.84517],[-59.65991,-9.84523],[-59.66318,-9.84382],[-59.66362,-9.84314],[-59.6644,-9.84052],[-59.66462,-9.83909],[-59.66551,-9.83738],[-59.6659,-9.83561],[-59.6658,-9.83431],[-59.66529,-9.83259],[-59.66333,-9.82935],[-59.66288,-9.82807],[-59.66301,-9.82606],[-59.66363,-9.82488],[-59.66504,-9.82398],[-59.66631,-9.82272],[-59.66788,-9.82215],[-59.67018,-9.82033],[-59.67179,-9.82005],[-59.67296,-9.8193],[-59.6743,-9.81745],[-59.67497,-9.81711],[-59.67657,-9.81715],[-59.67857,-9.81642],[-59.68053,-9.81709],[-59.68176,-9.81562],[-59.6826,-9.81505],[-59.68599,-9.81418],[-59.68758,-9.81412],[-59.68858,-9.81371],[-59.68956,-9.8128],[-59.69097,-9.81242],[-59.69414,-9.81122],[-59.6953,-9.80962],[-59.69674,-9.80992],[-59.69782,-9.80951],[-59.69957,-9.8079],[-59.70002,-9.80714],[-59.70049,-9.80464],[-59.7027,-9.80237],[-59.70386,-9.80183],[-59.70823,-9.8013],[-59.71017,-9.80035],[-59.71095,-9.79892],[-59.71183,-9.79825],[-59.71366,-9.7976],[-59.7145,-9.79633],[-59.71571,-9.79654],[-59.71786,-9.79513],[-59.71815,-9.7928],[-59.71952,-9.79289],[-59.72033,-9.79234],[-59.72069,-9.791],[-59.72186,-9.78934],[-59.72302,-9.78877],[-59.72616,-9.78794],[-59.72758,-9.78806],[-59.72926,-9.78943],[-59.73091,-9.78976],[-59.7319,-9.78902],[-59.73411,-9.78582],[-59.73577,-9.78401],[-59.73688,-9.7823],[-59.73917,-9.78058],[-59.74056,-9.77984],[-59.74233,-9.77986],[-59.7434,-9.78025],[-59.74532,-9.78147],[-59.74685,-9.78218],[-59.74896,-9.78243],[-59.75141,-9.78326],[-59.75236,-9.78335],[-59.7544,-9.78304],[-59.75545,-9.78263],[-59.75768,-9.78097],[-59.75986,-9.77908],[-59.76159,-9.77864],[-59.76298,-9.77875],[-59.76603,-9.77946],[-59.76722,-9.77821],[-59.76782,-9.77511],[-59.76937,-9.77185],[-59.76999,-9.76946],[-59.77019,-9.7676],[-59.77154,-9.76634],[-59.77306,-9.76601],[-59.77572,-9.76462],[-59.77798,-9.76188],[-59.77951,-9.76089],[-59.78085,-9.761],[-59.78214,-9.76165],[-59.7844,-9.76341],[-59.78606,-9.76402],[-59.7868,-9.76372],[-59.78756,-9.76249],[-59.78822,-9.76011],[-59.7884,-9.75856],[-59.78798,-9.75734],[-59.7856,-9.75409],[-59.78524,-9.75307],[-59.80942,-9.68912],[-59.81487,-9.6747],[-59.83658,-9.61727],[-59.83607,-9.61451],[-59.83553,-9.61328],[-59.83444,-9.6117],[-59.83389,-9.6105],[-59.83377,-9.60932],[-59.8342,-9.60709],[-59.83404,-9.60551],[-59.83336,-9.6046],[-59.83244,-9.60411],[-59.82882,-9.60328],[-59.82633,-9.60181],[-59.82328,-9.5987],[-59.82139,-9.59752],[-59.82023,-9.5971],[-59.81863,-9.59694],[-59.81645,-9.59737],[-59.81482,-9.59678],[-59.8126,-9.59553],[-59.81055,-9.59404],[-59.8098,-9.59304],[-59.80941,-9.59189],[-59.80925,-9.58985],[-59.80849,-9.58748],[-59.80746,-9.58565],[-59.80604,-9.58375],[-59.80496,-9.58136],[-59.80413,-9.57852],[-59.80329,-9.57771],[-59.80237,-9.57757],[-59.80051,-9.57845],[-59.79877,-9.57874],[-59.79618,-9.57874],[-59.79395,-9.5777],[-59.79138,-9.57502],[-59.7882,-9.57269],[-59.78672,-9.57126],[-59.78603,-9.56926],[-59.78523,-9.56841],[-59.7813,-9.56602],[-59.78053,-9.56512],[-59.78037,-9.56345],[-59.78078,-9.56091],[-59.78132,-9.55887],[-59.78143,-9.55749],[-59.78078,-9.55698],[-59.76534,-9.51687],[-59.76488,-9.51538],[-59.76464,-9.51353],[-59.76473,-9.51163],[-59.76524,-9.50946],[-59.76599,-9.50783],[-59.76659,-9.50585],[-59.76734,-9.50424],[-59.77055,-9.50041],[-59.7712,-9.49852],[-59.77148,-9.49649],[-59.77107,-9.49348],[-59.77041,-9.49199],[-59.76943,-9.4906],[-59.76866,-9.48881],[-59.76889,-9.48633],[-59.76985,-9.48488],[-59.77273,-9.48263],[-59.77431,-9.48201],[-59.77631,-9.48205],[-59.77894,-9.48128],[-59.78126,-9.48214],[-59.78278,-9.48246],[-59.78526,-9.48263],[-59.79084,-9.48214],[-59.79246,-9.48273],[-59.79424,-9.48413],[-59.79603,-9.48467],[-59.79782,-9.4844],[-59.7998,-9.48368],[-59.80165,-9.4838],[-59.80294,-9.48462],[-59.80412,-9.48486],[-59.80626,-9.48397],[-59.80769,-9.48198],[-59.80943,-9.48044],[-59.81071,-9.4789],[-59.81356,-9.4775],[-59.81586,-9.47729],[-59.81658,-9.47761],[-59.82106,-9.47882],[-59.82293,-9.47886],[-59.82413,-9.47925],[-59.82632,-9.48074],[-59.82827,-9.48097],[-59.82947,-9.48049],[-59.83107,-9.47923],[-59.83383,-9.47918],[-59.83719,-9.47818],[-59.84199,-9.47527],[-59.84503,-9.47333],[-59.84683,-9.4715],[-59.84717,-9.47079],[-59.84705,-9.46955],[-59.84597,-9.46774],[-59.84579,-9.46622],[-59.84653,-9.46479],[-59.84905,-9.46387],[-59.8499,-9.46386],[-59.85261,-9.4645],[-59.85371,-9.46437],[-59.85504,-9.46322],[-59.85576,-9.46088],[-59.8569,-9.45912],[-59.85712,-9.45822],[-59.85668,-9.45724],[-59.85493,-9.45588],[-59.85471,-9.45466],[-59.85411,-9.45335],[-59.85434,-9.45248],[-59.85542,-9.45192],[-59.85707,-9.45152],[-59.85912,-9.45152],[-59.86313,-9.45014],[-59.86417,-9.44946],[-59.86621,-9.44726],[-59.86743,-9.44662],[-59.86841,-9.4466],[-59.87022,-9.44726],[-59.87058,-9.44939],[-59.87036,-9.45247],[-59.87066,-9.45442],[-59.87141,-9.4562],[-59.87265,-9.46013],[-59.87318,-9.46081],[-59.87566,-9.46124],[-59.87657,-9.4635],[-59.87761,-9.46438],[-59.87881,-9.46423],[-59.88172,-9.46307],[-59.88296,-9.46179],[-59.8831,-9.45943],[-59.88394,-9.45828],[-59.88567,-9.45725],[-59.88752,-9.45719],[-59.889,-9.45651],[-59.89122,-9.45602],[-59.89197,-9.45516],[-59.8919,-9.45038],[-59.89034,-9.44568],[-59.8908,-9.44382],[-59.89183,-9.44277],[-59.89335,-9.44207],[-59.89427,-9.44196],[-59.8974,-9.44208],[-59.89856,-9.4416],[-59.89897,-9.44081],[-59.89876,-9.43817],[-59.89955,-9.43656],[-59.90137,-9.4353],[-59.90229,-9.43408],[-59.90328,-9.43152],[-59.90517,-9.42982],[-59.90507,-9.42827],[-59.90531,-9.42716],[-59.90647,-9.42679],[-59.90804,-9.42755],[-59.90959,-9.42748],[-59.91044,-9.427],[-59.91279,-9.42642],[-59.91283,-9.42517],[-59.91185,-9.42454],[-59.91168,-9.42311],[-59.91259,-9.42043],[-59.9135,-9.41899],[-59.91337,-9.4176],[-59.91394,-9.41588],[-59.91536,-9.41447],[-59.91808,-9.41365],[-59.92075,-9.41341],[-59.92281,-9.41265],[-59.92426,-9.41319],[-59.9254,-9.41407],[-59.9271,-9.41404],[-59.92776,-9.41548],[-59.92956,-9.41593],[-59.93248,-9.41565],[-59.93339,-9.41424],[-59.93438,-9.41384],[-59.93605,-9.41412],[-59.93818,-9.41307],[-59.94094,-9.41049],[-59.9426,-9.41038],[-59.94292,-9.41167],[-59.94411,-9.41325],[-59.94586,-9.41399],[-59.947,-9.41479],[-59.94849,-9.41417],[-59.94941,-9.41279],[-59.95202,-9.41213],[-59.9529,-9.41099],[-59.95455,-9.41018],[-59.95583,-9.4101],[-59.95679,-9.4096],[-59.95819,-9.41017],[-59.95898,-9.40937],[-59.9605,-9.40887],[-59.96154,-9.40909],[-59.96335,-9.40888],[-59.96405,-9.4096],[-59.96326,-9.41051],[-59.96376,-9.41126],[-59.96506,-9.41086],[-59.96596,-9.41128],[-59.96619,-9.41272],[-59.96751,-9.41421],[-59.96877,-9.415],[-59.97068,-9.41448],[-59.97109,-9.41519],[-59.97254,-9.41595],[-59.97352,-9.41717],[-59.97515,-9.41752],[-59.97733,-9.41637],[-59.97779,-9.41707],[-59.97885,-9.4171],[-59.98085,-9.41647],[-59.98184,-9.41657],[-59.98289,-9.41729],[-59.98503,-9.41772],[-59.98657,-9.41638],[-59.98857,-9.41583],[-59.98983,-9.41511],[-59.99094,-9.41399],[-59.99126,-9.41194],[-59.99236,-9.41113],[-59.99324,-9.41005],[-59.99382,-9.40879],[-59.99382,-9.40765],[-59.99334,-9.40642],[-59.99348,-9.40533],[-59.99443,-9.40342],[-59.99511,-9.40268],[-59.99774,-9.4021],[-59.99811,-9.40121],[-59.99781,-9.40024],[-59.99799,-9.39868],[-59.9993,-9.39606],[-59.99963,-9.39444],[-60.00051,-9.39185],[-60.00157,-9.3902],[-60.00136,-9.38856],[-60.00227,-9.38678],[-60.00263,-9.38549],[-60.00368,-9.3838],[-60.00548,-9.38191],[-60.0072,-9.38067],[-60.00991,-9.38009],[-60.01273,-9.38082],[-60.01521,-9.38071],[-60.0173,-9.38137],[-60.0199,-9.38078],[-60.02173,-9.38103],[-60.02242,-9.38162],[-60.02304,-9.38399],[-60.02327,-9.3865],[-60.02429,-9.38769],[-60.025,-9.38804],[-60.02637,-9.38792],[-60.02705,-9.38707],[-60.02773,-9.38694],[-60.02863,-9.38769],[-60.03032,-9.38782],[-60.03219,-9.38733],[-60.03367,-9.38727],[-60.03531,-9.38813],[-60.03624,-9.39078],[-60.03572,-9.39229],[-60.0335,-9.39463],[-60.03341,-9.3952],[-60.03439,-9.39688],[-60.03937,-9.3961],[-60.04075,-9.3957],[-60.04108,-9.39608],[-60.04071,-9.39733],[-60.04116,-9.39803],[-60.04283,-9.39697],[-60.04376,-9.397],[-60.04464,-9.39883],[-60.04426,-9.40126],[-60.04475,-9.40306],[-60.04563,-9.4043],[-60.0477,-9.40499],[-60.05017,-9.40706],[-60.0508,-9.40847],[-60.05089,-9.40983],[-60.05229,-9.41062],[-60.05253,-9.41147],[-60.05346,-9.41169],[-60.05462,-9.41263],[-60.05496,-9.41414],[-60.0559,-9.41431],[-60.05685,-9.41355],[-60.05828,-9.41401],[-60.0598,-9.41333],[-60.06051,-9.4139],[-60.06069,-9.41677],[-60.06103,-9.41738],[-60.06253,-9.41871],[-60.06219,-9.42043],[-60.06351,-9.42198],[-60.06494,-9.42488],[-60.0656,-9.42483],[-60.06631,-9.42365],[-60.06725,-9.42327],[-60.07066,-9.42134],[-60.07236,-9.4216],[-60.07309,-9.42264],[-60.07388,-9.42294],[-60.0752,-9.42227],[-60.07582,-9.42058],[-60.07832,-9.42004],[-60.07925,-9.41935],[-60.08055,-9.41914],[-60.08124,-9.41976],[-60.0814,-9.42074],[-60.08214,-9.42102],[-60.08358,-9.4202],[-60.0848,-9.42188],[-60.08857,-9.42066],[-60.08921,-9.42018],[-60.08931,-9.41836],[-60.09012,-9.41773],[-60.09083,-9.41788],[-60.09335,-9.41931],[-60.09451,-9.41932],[-60.09457,-9.41838],[-60.09347,-9.41691],[-60.09276,-9.41477],[-60.09357,-9.41457],[-60.09462,-9.4149],[-60.09753,-9.41469],[-60.09883,-9.41577],[-60.09985,-9.41707],[-60.10115,-9.4177],[-60.10346,-9.41759],[-60.10497,-9.41596],[-60.10658,-9.41612],[-60.10738,-9.41514],[-60.10921,-9.41453],[-60.11028,-9.41372],[-60.11115,-9.41192],[-60.11306,-9.41014],[-60.11513,-9.40943],[-60.11677,-9.40858],[-60.11795,-9.40891],[-60.11893,-9.40983],[-60.12053,-9.41007],[-60.12304,-9.40863],[-60.12452,-9.40903],[-60.12542,-9.4087],[-60.12591,-9.40735],[-60.12674,-9.40745],[-60.12776,-9.40835],[-60.12946,-9.40858],[-60.13072,-9.40796],[-60.13256,-9.40615],[-60.13468,-9.40514],[-60.13565,-9.40524],[-60.13653,-9.40625],[-60.13675,-9.40812],[-60.13763,-9.40844],[-60.13865,-9.40786],[-60.14,-9.40807],[-60.14079,-9.40711],[-60.14219,-9.40473],[-60.1434,-9.40381],[-60.14451,-9.40453],[-60.14628,-9.40364],[-60.14929,-9.40288],[-60.15117,-9.40266],[-60.15218,-9.40163],[-60.15201,-9.3999],[-60.1529,-9.39838],[-60.15407,-9.39812],[-60.15503,-9.39941],[-60.15577,-9.39982],[-60.15946,-9.39992],[-60.1618,-9.40036],[-60.16454,-9.40048],[-60.16663,-9.40089],[-60.16811,-9.40067],[-60.16895,-9.40113],[-60.16972,-9.40042],[-60.16989,-9.39865],[-60.17156,-9.39735],[-60.17264,-9.39533],[-60.17403,-9.39519],[-60.1767,-9.39602],[-60.17794,-9.3962],[-60.18053,-9.39588],[-60.18185,-9.39524],[-60.18373,-9.3939],[-60.18454,-9.39406],[-60.18537,-9.39226],[-60.18693,-9.3898],[-60.18726,-9.3887],[-60.1872,-9.38651],[-60.18762,-9.38562],[-60.18876,-9.38471],[-60.18884,-9.3832],[-60.19293,-9.38141],[-60.19456,-9.3809],[-60.19559,-9.38104],[-60.19634,-9.3806],[-60.19695,-9.37945],[-60.19972,-9.37905],[-60.20036,-9.3785],[-60.20071,-9.37688],[-60.20146,-9.37543],[-60.20256,-9.37404],[-60.20384,-9.37177],[-60.20502,-9.36861],[-60.20671,-9.36671],[-60.20861,-9.36545],[-60.20974,-9.36362],[-60.21076,-9.36327],[-60.21144,-9.36442],[-60.21236,-9.36485],[-60.21374,-9.36461],[-60.21514,-9.36497],[-60.21758,-9.36395],[-60.21975,-9.36263],[-60.22122,-9.36221],[-60.22256,-9.36139],[-60.22437,-9.36089],[-60.22527,-9.35957],[-60.22337,-9.35904],[-60.22222,-9.35825],[-60.22185,-9.35737],[-60.22234,-9.35612],[-60.22329,-9.35577],[-60.22463,-9.35583],[-60.2255,-9.35506],[-60.22711,-9.35508],[-60.22903,-9.3563],[-60.22956,-9.35634],[-60.23196,-9.35519],[-60.23351,-9.35411],[-60.23422,-9.35263],[-60.23469,-9.3524],[-60.23595,-9.35291],[-60.23637,-9.3516],[-60.23714,-9.35093],[-60.23949,-9.35001],[-60.2413,-9.35055],[-60.24214,-9.35034],[-60.24309,-9.34884],[-60.24517,-9.34809],[-60.2463,-9.34655],[-60.25,-9.34392],[-60.25103,-9.34351],[-60.25386,-9.34317],[-60.25623,-9.34069],[-60.25766,-9.33984],[-60.25959,-9.33952],[-60.2603,-9.33853],[-60.25989,-9.33731],[-60.26005,-9.33564],[-60.26067,-9.33519],[-60.26094,-9.33408],[-60.26207,-9.33217],[-60.26164,-9.3307],[-60.2616,-9.32808],[-60.26035,-9.32607],[-60.25988,-9.32468],[-60.26019,-9.3233],[-60.26134,-9.32281],[-60.26326,-9.32301],[-60.26523,-9.32254],[-60.26698,-9.32131],[-60.26898,-9.32125],[-60.26873,-9.3239],[-60.2689,-9.32511],[-60.26983,-9.32696],[-60.27005,-9.32919],[-60.27098,-9.33195],[-60.27042,-9.33314],[-60.26946,-9.33365],[-60.27008,-9.33437],[-60.27201,-9.33368],[-60.27305,-9.3329],[-60.27363,-9.33085],[-60.27485,-9.33109],[-60.27795,-9.33362],[-60.27795,-9.33487],[-60.27676,-9.33854],[-60.27596,-9.33982],[-60.27283,-9.34245],[-60.27183,-9.34292],[-60.2709,-9.34422],[-60.26944,-9.34479],[-60.26872,-9.3458],[-60.26856,-9.34679],[-60.2703,-9.34995],[-60.27144,-9.35256],[-60.27204,-9.35341],[-60.27452,-9.35415],[-60.2774,-9.35535],[-60.28006,-9.35611],[-60.27975,-9.35724],[-60.27905,-9.35791],[-60.27596,-9.35757],[-60.27472,-9.35893],[-60.27429,-9.36077],[-60.2741,-9.36296],[-60.27305,-9.36442],[-60.27173,-9.36572],[-60.27213,-9.36787],[-60.27101,-9.36737],[-60.27046,-9.36833],[-60.2708,-9.36916],[-60.27212,-9.36999],[-60.27468,-9.37065],[-60.2755,-9.37234],[-60.27654,-9.37326],[-60.27654,-9.37394],[-60.27492,-9.37456],[-60.27483,-9.37639],[-60.27292,-9.37898],[-60.27293,-9.38004],[-60.27405,-9.38111],[-60.27471,-9.3812],[-60.27573,-9.38036],[-60.27698,-9.38016],[-60.27834,-9.38156],[-60.28102,-9.38264],[-60.28269,-9.38424],[-60.28262,-9.38493],[-60.28177,-9.38575],[-60.28164,-9.38709],[-60.28073,-9.38827],[-60.27951,-9.38865],[-60.27899,-9.39031],[-60.28035,-9.39197],[-60.2816,-9.39419],[-60.28098,-9.39531],[-60.27954,-9.39576],[-60.27791,-9.39716],[-60.27684,-9.39906],[-60.27844,-9.40103],[-60.28356,-9.40237],[-60.28595,-9.4038],[-60.28677,-9.40796],[-60.28716,-9.41102],[-60.28684,-9.41205],[-60.28554,-9.41293],[-60.28229,-9.41417],[-60.28151,-9.41569],[-60.28151,-9.41667],[-60.27972,-9.42012],[-60.27869,-9.42049],[-60.2782,-9.42115],[-60.27779,-9.4237],[-60.27788,-9.42504],[-60.28093,-9.42605],[-60.28084,-9.43076],[-60.28108,-9.43172],[-60.28006,-9.43346],[-60.27827,-9.43577],[-60.27703,-9.4381],[-60.27473,-9.43916],[-60.27249,-9.43902],[-60.26868,-9.44026],[-60.26718,-9.44169],[-60.26652,-9.44341],[-60.26689,-9.44433],[-60.27013,-9.44622],[-60.27161,-9.44746],[-60.2717,-9.44904],[-60.27107,-9.45087],[-60.26958,-9.45156],[-60.26917,-9.45304],[-60.2696,-9.45424],[-60.272,-9.45731],[-60.27318,-9.4578],[-60.27475,-9.45781],[-60.27688,-9.45723],[-60.27737,-9.45747],[-60.2791,-9.45997],[-60.28093,-9.4644],[-60.27985,-9.46664],[-60.27769,-9.46835],[-60.27536,-9.47211],[-60.27406,-9.473],[-60.27147,-9.47132],[-60.26922,-9.47108],[-60.26901,-9.47293],[-60.26602,-9.47373],[-60.26537,-9.47411],[-60.26584,-9.47505],[-60.26768,-9.47643],[-60.27026,-9.47685],[-60.27295,-9.47874],[-60.27378,-9.47909],[-60.27388,-9.48066],[-60.27457,-9.48154],[-60.27563,-9.48182],[-60.27708,-9.48154],[-60.27819,-9.48186],[-60.27804,-9.48367],[-60.2792,-9.48431],[-60.28098,-9.48359],[-60.2838,-9.48444],[-60.28457,-9.48529],[-60.28548,-9.48839],[-60.28541,-9.48926],[-60.28658,-9.49036],[-60.28769,-9.49044],[-60.28931,-9.48935],[-60.29103,-9.4894],[-60.29134,-9.48988],[-60.29002,-9.49163],[-60.28748,-9.49332],[-60.28391,-9.49518],[-60.28213,-9.49755],[-60.28062,-9.49699],[-60.27818,-9.49711],[-60.27616,-9.49769],[-60.27534,-9.49894],[-60.27448,-9.50083],[-60.27138,-9.50392],[-60.27053,-9.50399],[-60.26942,-9.50317],[-60.26853,-9.50321],[-60.2678,-9.50384],[-60.26798,-9.50534],[-60.27005,-9.50749],[-60.26999,-9.50854],[-60.2693,-9.51058],[-60.26687,-9.50957],[-60.26502,-9.50972],[-60.26347,-9.51088],[-60.2625,-9.51073],[-60.26166,-9.50975],[-60.26164,-9.50888],[-60.26218,-9.50685],[-60.26375,-9.50434],[-60.26171,-9.50236],[-60.25993,-9.50292],[-60.25786,-9.50309],[-60.25543,-9.50304],[-60.25433,-9.50422],[-60.25478,-9.5069],[-60.25362,-9.50903],[-60.25372,-9.51214],[-60.25312,-9.51325],[-60.25204,-9.5137],[-60.25196,-9.51435],[-60.25289,-9.51567],[-60.25225,-9.51617],[-60.25093,-9.51606],[-60.24814,-9.51743],[-60.24823,-9.51874],[-60.24919,-9.51865],[-60.2497,-9.51957],[-60.24701,-9.52116],[-60.24713,-9.52222],[-60.24976,-9.52183],[-60.25074,-9.52228],[-60.25167,-9.52372],[-60.25299,-9.52526],[-60.25451,-9.52621],[-60.25478,-9.52774],[-60.25323,-9.52936],[-60.25386,-9.53067],[-60.2538,-9.53148],[-60.25288,-9.53173],[-60.25103,-9.53294],[-60.25109,-9.53445],[-60.25057,-9.53548],[-60.24689,-9.53683],[-60.24571,-9.53595],[-60.24485,-9.53632],[-60.24486,-9.53753],[-60.24541,-9.53872],[-60.24567,-9.54217],[-60.24632,-9.54361],[-60.24574,-9.54533],[-60.24566,-9.54735],[-60.2415,-9.55156],[-60.23976,-9.55197],[-60.23904,-9.55389],[-60.23838,-9.55493],[-60.23837,-9.55631],[-60.23757,-9.55797],[-60.236,-9.55918],[-60.23575,-9.56096],[-60.23499,-9.56265],[-60.23338,-9.56393],[-60.23422,-9.56538],[-60.23943,-9.56768],[-60.23901,-9.56899],[-60.23603,-9.5709],[-60.23359,-9.57144],[-60.23026,-9.57137],[-60.22916,-9.57249],[-60.22888,-9.57368],[-60.22923,-9.57463],[-60.22823,-9.57601],[-60.22814,-9.57661],[-60.22897,-9.57795],[-60.22947,-9.58056],[-60.22857,-9.58193],[-60.22662,-9.58334],[-60.2256,-9.58286],[-60.22487,-9.58038],[-60.22352,-9.57976],[-60.22195,-9.58003],[-60.21765,-9.57893],[-60.21615,-9.58083],[-60.21281,-9.58395],[-60.2106,-9.58714],[-60.21084,-9.59014],[-60.21011,-9.59237],[-60.21127,-9.59423],[-60.21223,-9.59655],[-60.21169,-9.59797],[-60.21162,-9.60186],[-60.2099,-9.60431],[-60.20959,-9.60836],[-60.21035,-9.60972],[-60.20877,-9.61239],[-60.20713,-9.61328],[-60.20307,-9.61407],[-60.20254,-9.61499],[-60.20275,-9.61595],[-60.20415,-9.61644],[-60.20403,-9.6173],[-60.20257,-9.61865],[-60.20264,-9.61961],[-60.20384,-9.6189],[-60.20447,-9.61951],[-60.20493,-9.62111],[-60.20514,-9.62285],[-60.20243,-9.62463],[-60.20065,-9.62513],[-60.20146,-9.627],[-60.20015,-9.627],[-60.19872,-9.62745],[-60.19832,-9.62843],[-60.1995,-9.63028],[-60.19947,-9.63176],[-60.19876,-9.6335],[-60.19849,-9.63495],[-60.19853,-9.6366],[-60.20067,-9.63847],[-60.20427,-9.64126],[-60.20598,-9.64144],[-60.20592,-9.64288],[-60.20414,-9.64357],[-60.20273,-9.64558],[-60.19862,-9.64744],[-60.19551,-9.64724],[-60.19175,-9.64602],[-60.18695,-9.64809],[-60.18684,-9.64926],[-60.18985,-9.65546],[-60.18878,-9.65883],[-60.18869,-9.66051],[-60.18767,-9.66112],[-60.1865,-9.66036],[-60.18526,-9.66069],[-60.18385,-9.66218],[-60.18254,-9.66434],[-60.18107,-9.66552],[-60.18067,-9.66769],[-60.17986,-9.66828],[-60.17658,-9.66935],[-60.17392,-9.66967],[-60.17319,-9.66897],[-60.17244,-9.66927],[-60.17174,-9.67153],[-60.17097,-9.67091],[-60.16996,-9.6709],[-60.16849,-9.67233],[-60.16781,-9.67123],[-60.16672,-9.6714],[-60.16549,-9.66985],[-60.16224,-9.66834],[-60.16194,-9.66744],[-60.16341,-9.66622],[-60.16335,-9.66503],[-60.1622,-9.66379],[-60.16251,-9.66208],[-60.16155,-9.66188],[-60.16104,-9.66044],[-60.15934,-9.66049],[-60.15873,-9.66222],[-60.15763,-9.66358],[-60.15572,-9.66321],[-60.15357,-9.664],[-60.15259,-9.66476],[-60.15092,-9.66439],[-60.1495,-9.66296],[-60.14885,-9.66288],[-60.14421,-9.66542],[-60.14257,-9.66769],[-60.13972,-9.66735],[-60.13979,-9.66593],[-60.13946,-9.66479],[-60.13831,-9.66286],[-60.13723,-9.66247],[-60.13569,-9.66319],[-60.13375,-9.66184],[-60.13159,-9.66133],[-60.12963,-9.66121],[-60.12716,-9.65898],[-60.1253,-9.65918],[-60.12418,-9.65991],[-60.12167,-9.65979],[-60.12008,-9.65819],[-60.11817,-9.65783],[-60.11808,-9.65648],[-60.11732,-9.65582],[-60.11599,-9.65686],[-60.11306,-9.65614],[-60.11229,-9.65769],[-60.1104,-9.65979],[-60.10834,-9.65999],[-60.10569,-9.66128],[-60.10492,-9.66117],[-60.10379,-9.66179],[-60.10184,-9.66585],[-60.10195,-9.66667],[-60.10446,-9.66682],[-60.10503,-9.66822],[-60.10457,-9.66873],[-60.1052,-9.66985],[-60.10736,-9.66963],[-60.10779,-9.67103],[-60.10893,-9.67101],[-60.11108,-9.67174],[-60.1117,-9.67276],[-60.10968,-9.67337],[-60.10859,-9.67431],[-60.10866,-9.67808],[-60.11181,-9.68123],[-60.11239,-9.68263],[-60.11519,-9.68693],[-60.11629,-9.6884],[-60.11621,-9.69006],[-60.11484,-9.69183],[-60.11376,-9.69228],[-60.11367,-9.69289],[-60.11462,-9.69377],[-60.11681,-9.69346],[-60.11952,-9.69468],[-60.12068,-9.69606],[-60.12137,-9.69843],[-60.12293,-9.69918],[-60.1233,-9.70019],[-60.11796,-9.70271],[-60.11582,-9.70439],[-60.11373,-9.70667],[-60.11365,-9.70752],[-60.11618,-9.70869],[-60.1176,-9.71041],[-60.11787,-9.71358],[-60.11722,-9.71496],[-60.11726,-9.71656],[-60.11578,-9.71849],[-60.11512,-9.72032],[-60.11412,-9.72146],[-60.11421,-9.72395],[-60.1134,-9.72707],[-60.11371,-9.72782],[-60.11495,-9.72822],[-60.11499,-9.7291],[-60.11313,-9.73107],[-60.11155,-9.73188],[-60.10959,-9.73482],[-60.11017,-9.73529],[-60.11069,-9.73671],[-60.11188,-9.73712],[-60.11284,-9.7383],[-60.11328,-9.73994],[-60.11302,-9.74102],[-60.1135,-9.74212],[-60.11314,-9.74387],[-60.11391,-9.74645],[-60.11298,-9.74748],[-60.11245,-9.74588],[-60.11128,-9.746],[-60.1118,-9.74708],[-60.11072,-9.74853],[-60.11272,-9.74884],[-60.11313,-9.74976],[-60.11158,-9.75037],[-60.11142,-9.75119],[-60.11285,-9.75201],[-60.1151,-9.75212],[-60.11581,-9.75274],[-60.1167,-9.75222],[-60.11745,-9.75299],[-60.11662,-9.75394],[-60.11759,-9.75569],[-60.11685,-9.75708],[-60.11309,-9.76131],[-60.10874,-9.76046],[-60.1063,-9.76057],[-60.10522,-9.76159],[-60.10585,-9.7637],[-60.10551,-9.76594],[-60.10443,-9.76651],[-60.10292,-9.76827],[-60.10173,-9.76895],[-60.09919,-9.77093],[-60.0978,-9.77112],[-60.09533,-9.77511],[-60.09559,-9.77574],[-60.09498,-9.77716],[-60.09553,-9.77826],[-60.09435,-9.77912],[-60.09432,-9.77981],[-60.09511,-9.78054],[-60.09479,-9.7814],[-60.09376,-9.78247],[-60.09436,-9.78352],[-60.09272,-9.78437],[-60.093,-9.78547],[-60.09483,-9.78704],[-60.09398,-9.78855],[-60.09458,-9.79007],[-60.09672,-9.79116],[-60.09706,-9.79251],[-60.09818,-9.79452],[-60.09735,-9.7956],[-60.09804,-9.79686],[-60.0954,-9.79874],[-60.09374,-9.7996],[-60.09431,-9.80052],[-60.095,-9.80072],[-60.0967,-9.79949],[-60.09716,-9.80007],[-60.09716,-9.80298],[-60.09632,-9.80488],[-60.09509,-9.80602],[-60.09423,-9.81002],[-60.09242,-9.8179],[-60.09312,-9.81891],[-60.0946,-9.82005],[-60.09563,-9.82285],[-60.0978,-9.82206],[-60.09731,-9.8243],[-60.09573,-9.82614],[-60.09561,-9.82991],[-60.09649,-9.83148],[-60.09529,-9.83298],[-60.09489,-9.83227],[-60.09348,-9.83207],[-60.09311,-9.83388],[-60.09149,-9.83417],[-60.09112,-9.83487],[-60.09207,-9.83555],[-60.0912,-9.83684],[-60.09177,-9.83745],[-60.09158,-9.8387],[-60.0907,-9.83831],[-60.09059,-9.83985],[-60.08989,-9.83994],[-60.09002,-9.84125],[-60.08946,-9.84225],[-60.08815,-9.84229],[-60.08711,-9.84382],[-60.08765,-9.84457],[-60.08943,-9.84491],[-60.08844,-9.84626],[-60.08962,-9.84621],[-60.09049,-9.84675],[-60.08994,-9.84826],[-60.09123,-9.84838],[-60.09248,-9.84731],[-60.09367,-9.84811],[-60.09329,-9.84928],[-60.09447,-9.84992],[-60.09287,-9.85179],[-60.09327,-9.85289],[-60.09505,-9.85144],[-60.09549,-9.85184],[-60.09449,-9.85289],[-60.09483,-9.85339],[-60.09601,-9.85365],[-60.09547,-9.85487],[-60.09613,-9.85588],[-60.09676,-9.85767],[-60.09695,-9.85915],[-60.0964,-9.86157],[-60.09663,-9.86345],[-60.09545,-9.86381],[-60.09465,-9.86483],[-60.09466,-9.86583],[-60.09662,-9.86771],[-60.09659,-9.87019],[-60.09747,-9.87094],[-60.0965,-9.87237],[-60.09784,-9.87333],[-60.09794,-9.87433],[-60.09756,-9.87568],[-60.09792,-9.87662],[-60.09778,-9.88442],[-60.09818,-9.88809],[-60.09761,-9.89092],[-60.09834,-9.892],[-60.10018,-9.89256],[-60.10091,-9.89223],[-60.10156,-9.89271],[-60.10014,-9.89481],[-60.10056,-9.89539],[-60.09982,-9.89615],[-60.09967,-9.89705],[-60.10016,-9.89766],[-60.09987,-9.89859],[-60.09848,-9.89817],[-60.09777,-9.89737],[-60.09635,-9.89723],[-60.09559,-9.8978],[-60.09703,-9.90065],[-60.09764,-9.90099],[-60.09751,-9.90221],[-60.09791,-9.90519],[-60.09701,-9.9058],[-60.09584,-9.90724],[-60.09475,-9.90771],[-60.09572,-9.90889],[-60.09568,-9.90943],[-60.09425,-9.90965],[-60.09411,-9.91128],[-60.09534,-9.91274],[-60.09571,-9.91493],[-60.09454,-9.91698],[-60.09216,-9.91791],[-60.09049,-9.91786],[-60.09037,-9.91899],[-60.08841,-9.91939],[-60.08816,-9.92053],[-60.08647,-9.92123],[-60.0859,-9.92088],[-60.08535,-9.92374],[-60.08464,-9.92467],[-60.08513,-9.9258],[-60.08416,-9.92584],[-60.08315,-9.92784],[-60.08391,-9.92964],[-60.08517,-9.92957],[-60.08515,-9.9312],[-60.0872,-9.93556],[-60.08792,-9.93673],[-60.08735,-9.93751],[-60.0874,-9.93847],[-60.08796,-9.93963],[-60.08725,-9.94011],[-60.08767,-9.94142],[-60.08917,-9.94151],[-60.09141,-9.94468],[-60.09056,-9.94626],[-60.09112,-9.94682],[-60.09068,-9.94861],[-60.08909,-9.94975],[-60.0889,-9.95134],[-60.08979,-9.95289],[-60.09038,-9.95316],[-60.08966,-9.95613],[-60.08911,-9.95701],[-60.08942,-9.95814],[-60.08857,-9.96018],[-60.08817,-9.96178],[-60.08846,-9.96247],[-60.0883,-9.96417],[-60.08884,-9.9649],[-60.08884,-9.9672],[-60.08962,-9.96809],[-60.08752,-9.96932],[-60.08807,-9.97165],[-60.09108,-9.97214],[-60.09086,-9.97278],[-60.09202,-9.97441],[-60.09081,-9.97528],[-60.09041,-9.97614],[-60.08819,-9.97692],[-60.08859,-9.97801],[-60.08824,-9.9791],[-60.08823,-9.98321],[-60.08783,-9.98637],[-60.08858,-9.98856],[-60.08926,-9.98969],[-60.08958,-9.99111],[-60.0891,-9.99169],[-60.08778,-9.99141],[-60.08707,-9.99254],[-60.08711,-9.9938],[-60.08817,-9.99344],[-60.08887,-9.99448],[-60.08805,-9.99525],[-60.08809,-9.99633],[-60.08864,-9.99661],[-60.08941,-9.99587],[-60.0904,-9.99645],[-60.09078,-9.99759],[-60.0899,-9.99783],[-60.0884,-9.99998],[-59.97266,-9.99999],[-59.91862,-10],[-59.88395,-10],[-59.84646,-10],[-59.6147,-10],[-59.61321,-9.99807],[-59.61283,-9.9962],[-59.61332,-9.9931],[-59.61274,-9.99058],[-59.61384,-9.98914],[-59.61162,-9.98791],[-59.60998,-9.98645],[-59.60952,-9.98534],[-59.60987,-9.98267],[-59.60791,-9.97773],[-59.60653,-9.97668],[-59.60549,-9.97555],[-59.6056,-9.97458],[-59.60646,-9.97362],[-59.60802,-9.97317],[-59.6095,-9.97162],[-59.61135,-9.97127],[-59.6118,-9.9705],[-59.61186,-9.96857],[-59.61294,-9.96814],[-59.61406,-9.96948],[-59.61708,-9.97063],[-59.61923,-9.96925],[-59.62148,-9.96599],[-59.62077,-9.96137],[-59.61919,-9.95936],[-59.61669,-9.95898],[-59.61412,-9.95781],[-59.61392,-9.95678],[-59.61872,-9.95416],[-59.61995,-9.95181],[-59.62015,-9.95045],[-59.61863,-9.95025],[-59.61566,-9.94846],[-59.61389,-9.94657],[-59.61494,-9.9457],[-59.61695,-9.94566],[-59.61869,-9.94413],[-59.61768,-9.94131],[-59.61808,-9.93835],[-59.61936,-9.93744],[-59.61974,-9.93541],[-59.62152,-9.93384],[-59.62139,-9.93061],[-59.62036,-9.92886],[-59.61775,-9.92723],[-59.61642,-9.92563],[-59.61642,-9.9234],[-59.61728,-9.9224],[-59.61821,-9.92026],[-59.61913,-9.91615],[-59.61825,-9.91171],[-59.61707,-9.91131],[-59.61513,-9.91178],[-59.61341,-9.91288],[-59.61154,-9.9126],[-59.60804,-9.91024],[-59.60513,-9.90791],[-59.60341,-9.90596],[-59.60259,-9.90572],[-59.60161,-9.9061],[-59.59732,-9.90726],[-59.59639,-9.90852],[-59.5965,-9.91224],[-59.59494,-9.91262],[-59.58796,-9.9124],[-59.58827,-9.91111],[-59.59055,-9.91159],[-59.59243,-9.9105],[-59.59332,-9.90923],[-59.59196,-9.90735],[-59.5901,-9.90357],[-59.59065,-9.90181],[-59.59408,-9.8975],[-59.59817,-9.89851],[-59.60065,-9.89878],[-59.60316,-9.89849],[-59.60412,-9.89798],[-59.60452,-9.8958],[-59.60449,-9.89296],[-59.60359,-9.89059],[-59.60173,-9.88751],[-59.60155,-9.88425],[-59.59959,-9.88259],[-59.59779,-9.88459],[-59.5969,-9.88491],[-59.5957,-9.88434],[-59.59641,-9.8827],[-59.59618,-9.88106],[-59.59565,-9.88024]]]},"properties":{"codigo":"510140735","name":"Conselvan","population":4265,"households":1785,"areaKm2":3022.6558,"density":1.4}}]}