{"type":"FeatureCollection","features":[{"type":"Feature","geometry":{"type":"Polygon","coordinates":[[[-47.13656,-15.92738],[-47.13599,-15.92665],[-47.13629,-15.92589],[-47.13491,-15.92253],[-47.13559,-15.92175],[-47.13462,-15.92006],[-47.1339,-15.92002],[-47.13344,-15.91915],[-47.13344,-15.9175],[-47.13226,-15.9175],[-47.13203,-15.91884],[-47.13027,-15.91911],[-47.12884,-15.918],[-47.12724,-15.91799],[-47.12692,-15.91927],[-47.1254,-15.92059],[-47.12481,-15.92041],[-47.12557,-15.91896],[-47.12536,-15.91845],[-47.12395,-15.91795],[-47.12405,-15.91667],[-47.12522,-15.9162],[-47.12603,-15.9144],[-47.12484,-15.91316],[-47.12514,-15.91161],[-47.12433,-15.91099],[-47.12509,-15.9099],[-47.12472,-15.90867],[-47.12361,-15.90831],[-47.12305,-15.90723],[-47.12229,-15.90768],[-47.12179,-15.90675],[-47.12188,-15.90576],[-47.11992,-15.90522],[-47.11958,-15.9055],[-47.11988,-15.90704],[-47.11912,-15.90753],[-47.11805,-15.90646],[-47.11833,-15.90377],[-47.11769,-15.90349],[-47.11764,-15.90186],[-47.11695,-15.90103],[-47.11759,-15.90011],[-47.11717,-15.89879],[-47.11616,-15.89829],[-47.11633,-15.89591],[-47.11744,-15.89583],[-47.11774,-15.89497],[-47.11665,-15.89472],[-47.11686,-15.8935],[-47.11798,-15.89356],[-47.11844,-15.89231],[-47.11836,-15.89128],[-47.11774,-15.89053],[-47.11597,-15.89056],[-47.11609,-15.88931],[-47.11748,-15.88827],[-47.11719,-15.88717],[-47.11622,-15.88602],[-47.11663,-15.8851],[-47.1162,-15.88379],[-47.11699,-15.88333],[-47.11547,-15.88177],[-47.11654,-15.8807],[-47.11664,-15.87978],[-47.11563,-15.87931],[-47.11662,-15.87713],[-47.11543,-15.87597],[-47.11314,-15.87728],[-47.11254,-15.87625],[-47.11407,-15.87496],[-47.11406,-15.87389],[-47.11489,-15.87403],[-47.11684,-15.87266],[-47.11815,-15.87236],[-47.11924,-15.87061],[-47.11799,-15.87051],[-47.11809,-15.86936],[-47.11891,-15.86841],[-47.11942,-15.86708],[-47.11842,-15.86717],[-47.11729,-15.86592],[-47.1169,-15.866],[-47.11564,-15.86464],[-47.11284,-15.86448],[-47.11105,-15.86347],[-47.11301,-15.86238],[-47.11416,-15.86201],[-47.11406,-15.86081],[-47.11282,-15.86041],[-47.11268,-15.85922],[-47.11174,-15.85634],[-47.11249,-15.85546],[-47.11257,-15.85383],[-47.11328,-15.85274],[-47.11426,-15.85357],[-47.11423,-15.8544],[-47.11565,-15.85485],[-47.1161,-15.85626],[-47.11544,-15.8571],[-47.11696,-15.8573],[-47.1166,-15.8549],[-47.11768,-15.85467],[-47.11765,-15.85578],[-47.11896,-15.85524],[-47.1191,-15.85301],[-47.11954,-15.85108],[-47.12097,-15.85062],[-47.12189,-15.85149],[-47.12236,-15.85039],[-47.12313,-15.85085],[-47.12369,-15.85022],[-47.1229,-15.84936],[-47.12124,-15.8488],[-47.12033,-15.84786],[-47.12055,-15.8464],[-47.12114,-15.84614],[-47.12147,-15.84383],[-47.11996,-15.84314],[-47.11918,-15.8433],[-47.11858,-15.84021],[-47.11956,-15.83795],[-47.12098,-15.83602],[-47.11951,-15.83592],[-47.11929,-15.8348],[-47.11975,-15.83422],[-47.11891,-15.83355],[-47.11886,-15.8323],[-47.11977,-15.832],[-47.12077,-15.83015],[-47.12073,-15.82914],[-47.11995,-15.82783],[-47.11921,-15.82818],[-47.11908,-15.8266],[-47.11819,-15.82522],[-47.11822,-15.82429],[-47.11963,-15.82401],[-47.11962,-15.8234],[-47.11861,-15.82258],[-47.11946,-15.82189],[-47.1193,-15.82079],[-47.11866,-15.81952],[-47.11961,-15.81913],[-47.1186,-15.81831],[-47.11938,-15.81756],[-47.1186,-15.81612],[-47.11864,-15.81317],[-47.11892,-15.8126],[-47.12038,-15.81177],[-47.12015,-15.81092],[-47.11893,-15.81073],[-47.12046,-15.80938],[-47.12051,-15.80739],[-47.12002,-15.80597],[-47.11891,-15.80436],[-47.11949,-15.80267],[-47.11852,-15.80165],[-47.11904,-15.80071],[-47.11703,-15.80004],[-47.11723,-15.79793],[-47.11624,-15.79669],[-47.11519,-15.79717],[-47.11396,-15.79432],[-47.11309,-15.79351],[-47.11185,-15.79317],[-47.11118,-15.79146],[-47.11168,-15.79076],[-47.11143,-15.78916],[-47.11233,-15.78874],[-47.11202,-15.78792],[-47.11189,-15.78495],[-47.11301,-15.78356],[-47.1124,-15.78277],[-47.11307,-15.78164],[-47.11252,-15.78017],[-47.11379,-15.77987],[-47.11373,-15.77917],[-47.11279,-15.7777],[-47.11244,-15.77581],[-47.11156,-15.77505],[-47.11045,-15.77215],[-47.11116,-15.77054],[-47.11077,-15.76878],[-47.11108,-15.76709],[-47.11062,-15.76666],[-47.11067,-15.76523],[-47.10885,-15.76356],[-47.10755,-15.76397],[-47.10711,-15.76236],[-47.10758,-15.7612],[-47.106,-15.76163],[-47.10611,-15.76075],[-47.10467,-15.7591],[-47.10464,-15.75691],[-47.10371,-15.7562],[-47.10296,-15.75483],[-47.10248,-15.75254],[-47.103,-15.75137],[-47.10234,-15.75083],[-47.10217,-15.74973],[-47.10289,-15.7477],[-47.10253,-15.74572],[-47.10297,-15.74536],[-47.10245,-15.74395],[-47.10277,-15.74253],[-47.10411,-15.74182],[-47.10275,-15.73866],[-47.10287,-15.73789],[-47.10432,-15.73698],[-47.10533,-15.73584],[-47.10674,-15.73597],[-47.10733,-15.73453],[-47.10886,-15.73394],[-47.10874,-15.73312],[-47.10936,-15.7323],[-47.11245,-15.73198],[-47.11309,-15.73218],[-47.11499,-15.73098],[-47.11564,-15.7291],[-47.11586,-15.7267],[-47.1157,-15.72361],[-47.11493,-15.72063],[-47.11543,-15.72017],[-47.11555,-15.71766],[-47.1164,-15.71671],[-47.11618,-15.71613],[-47.11712,-15.71439],[-47.11782,-15.71372],[-47.11809,-15.71259],[-47.11749,-15.71156],[-47.11836,-15.70872],[-47.11919,-15.70798],[-47.1185,-15.70723],[-47.11897,-15.70575],[-47.12092,-15.70423],[-47.12149,-15.70248],[-47.12249,-15.70113],[-47.12183,-15.69933],[-47.12207,-15.69822],[-47.12443,-15.69667],[-47.1256,-15.69565],[-47.1263,-15.69463],[-47.12693,-15.69196],[-47.12594,-15.68921],[-47.12759,-15.68741],[-47.12707,-15.68624],[-47.1269,-15.68434],[-47.12649,-15.68249],[-47.12762,-15.67976],[-47.12735,-15.67877],[-47.12885,-15.67653],[-47.12938,-15.67498],[-47.13025,-15.67409],[-47.13026,-15.67241],[-47.13103,-15.67161],[-47.13009,-15.67107],[-47.13053,-15.67045],[-47.13144,-15.67061],[-47.13178,-15.6715],[-47.13414,-15.67148],[-47.13526,-15.67022],[-47.13482,-15.66949],[-47.13553,-15.66773],[-47.13795,-15.66793],[-47.13855,-15.66658],[-47.13842,-15.66524],[-47.13973,-15.66428],[-47.14079,-15.66444],[-47.14163,-15.66525],[-47.14229,-15.66365],[-47.14385,-15.66264],[-47.1448,-15.66256],[-47.14492,-15.6616],[-47.14804,-15.6591],[-47.14988,-15.65698],[-47.15132,-15.65624],[-47.15355,-15.65591],[-47.15572,-15.65529],[-47.15697,-15.6545],[-47.16138,-15.65038],[-47.16184,-15.64967],[-47.16195,-15.64818],[-47.16159,-15.64682],[-47.16172,-15.6457],[-47.16297,-15.64277],[-47.16347,-15.64087],[-47.16439,-15.63946],[-47.16514,-15.63739],[-47.16604,-15.63647],[-47.1667,-15.63516],[-47.16659,-15.63411],[-47.16767,-15.63244],[-47.17047,-15.63025],[-47.17081,-15.62871],[-47.17181,-15.62809],[-47.17291,-15.62564],[-47.17463,-15.62476],[-47.17667,-15.62286],[-47.17658,-15.62116],[-47.17563,-15.61977],[-47.17741,-15.6192],[-47.17788,-15.61829],[-47.17894,-15.61765],[-47.17829,-15.61633],[-47.17942,-15.61512],[-47.17988,-15.61565],[-47.1809,-15.61469],[-47.1811,-15.61348],[-47.1808,-15.61193],[-47.17999,-15.61122],[-47.17976,-15.60967],[-47.17881,-15.60871],[-47.17834,-15.60725],[-47.17878,-15.60486],[-47.17965,-15.60357],[-47.18054,-15.60321],[-47.18047,-15.60232],[-47.18137,-15.60123],[-47.18101,-15.60062],[-47.17938,-15.59993],[-47.17833,-15.59881],[-47.17707,-15.59887],[-47.17505,-15.60008],[-47.17353,-15.60045],[-47.1713,-15.60056],[-47.16863,-15.60218],[-47.16773,-15.60217],[-47.16671,-15.60121],[-47.1657,-15.59977],[-47.16395,-15.59876],[-47.1625,-15.59877],[-47.16109,-15.5984],[-47.1592,-15.59851],[-47.15689,-15.59768],[-47.15499,-15.59734],[-47.14905,-15.5967],[-47.14482,-15.59511],[-47.14174,-15.59346],[-47.13943,-15.59158],[-47.13724,-15.59021],[-47.13521,-15.5895],[-47.13086,-15.58841],[-47.12666,-15.58591],[-47.12319,-15.58242],[-47.11556,-15.57644],[-47.11501,-15.57582],[-47.11214,-15.57039],[-47.11077,-15.56835],[-47.10856,-15.56599],[-47.10634,-15.56405],[-47.10397,-15.56126],[-47.10344,-15.55926],[-47.10322,-15.55753],[-47.10218,-15.55328],[-47.09803,-15.54761],[-47.09664,-15.54497],[-47.09582,-15.54249],[-47.09338,-15.53815],[-47.09276,-15.53752],[-47.09166,-15.53471],[-47.09081,-15.53319],[-47.09045,-15.53152],[-47.09072,-15.53005],[-47.09206,-15.52644],[-47.09284,-15.52189],[-47.09256,-15.51967],[-47.09261,-15.51781],[-47.09368,-15.51406],[-47.09573,-15.51029],[-47.09697,-15.50827],[-47.10021,-15.5049],[-47.10127,-15.50289],[-47.10303,-15.50133],[-47.10596,-15.50059],[-47.108,-15.50065],[-47.10927,-15.4999],[-47.11076,-15.49956],[-47.13272,-15.53325],[-47.13468,-15.53073],[-47.14083,-15.52143],[-47.14474,-15.51512],[-47.14592,-15.5129],[-47.1488,-15.50271],[-47.14913,-15.50221],[-47.15775,-15.49243],[-47.15836,-15.49067],[-47.16448,-15.48949],[-47.16995,-15.48833],[-47.17011,-15.48795],[-47.1691,-15.47452],[-47.16752,-15.47218],[-47.16804,-15.46996],[-47.16956,-15.46616],[-47.1714,-15.46423],[-47.17396,-15.46266],[-47.17457,-15.46256],[-47.17715,-15.46121],[-47.18094,-15.45954],[-47.1825,-15.45804],[-47.18369,-15.4537],[-47.18538,-15.45068],[-47.18803,-15.45057],[-47.18859,-15.44589],[-47.18959,-15.44465],[-47.18981,-15.44329],[-47.19072,-15.44253],[-47.19185,-15.44217],[-47.19199,-15.43977],[-47.19181,-15.43932],[-47.19254,-15.43654],[-47.19305,-15.4361],[-47.1949,-15.43299],[-47.19326,-15.42996],[-47.193,-15.42752],[-47.19225,-15.42568],[-47.19238,-15.42458],[-47.19443,-15.41872],[-47.1963,-15.38763],[-47.19875,-15.37673],[-47.20094,-15.3597],[-47.2003,-15.35648],[-47.1996,-15.35612],[-47.1995,-15.35414],[-47.19994,-15.35183],[-47.19921,-15.35165],[-47.19954,-15.34921],[-47.20007,-15.34816],[-47.19984,-15.34734],[-47.1975,-15.34664],[-47.19674,-15.34671],[-47.19712,-15.34464],[-47.19608,-15.34374],[-47.19553,-15.34169],[-47.19557,-15.34052],[-47.19614,-15.3393],[-47.1951,-15.33738],[-47.19564,-15.33633],[-47.19506,-15.33538],[-47.19555,-15.33364],[-47.1966,-15.3326],[-47.19668,-15.33205],[-47.19612,-15.32939],[-47.19599,-15.32666],[-47.19644,-15.32377],[-47.19645,-15.32024],[-47.19691,-15.31916],[-47.19671,-15.31799],[-47.19733,-15.3161],[-47.19756,-15.31414],[-47.19617,-15.31353],[-47.19647,-15.31087],[-47.19685,-15.3099],[-47.19626,-15.30878],[-47.19532,-15.30815],[-47.19506,-15.30731],[-47.19331,-15.30655],[-47.19278,-15.30424],[-47.19298,-15.30213],[-47.19373,-15.29936],[-47.19278,-15.29777],[-47.19128,-15.29743],[-47.19129,-15.29586],[-47.19049,-15.29462],[-47.19193,-15.28949],[-47.19244,-15.28734],[-47.19408,-15.28529],[-47.19441,-15.284],[-47.19437,-15.28247],[-47.19583,-15.28007],[-47.19686,-15.27975],[-47.1985,-15.27774],[-47.19972,-15.27465],[-47.19515,-15.27269],[-47.19391,-15.27259],[-47.19318,-15.27182],[-47.19151,-15.271],[-47.19046,-15.26948],[-47.18921,-15.26866],[-47.18797,-15.26716],[-47.18722,-15.26563],[-47.18742,-15.26467],[-47.18647,-15.2639],[-47.18673,-15.26285],[-47.18547,-15.26056],[-47.18392,-15.26051],[-47.17923,-15.25878],[-47.17883,-15.25739],[-47.17925,-15.2566],[-47.17843,-15.25518],[-47.17845,-15.25258],[-47.17717,-15.25295],[-47.17632,-15.25161],[-47.17641,-15.25041],[-47.1752,-15.24937],[-47.17569,-15.24737],[-47.17643,-15.24599],[-47.17585,-15.24467],[-47.17519,-15.2443],[-47.1744,-15.24305],[-47.17429,-15.24225],[-47.17485,-15.2412],[-47.17494,-15.23908],[-47.17449,-15.23729],[-47.17479,-15.23648],[-47.17446,-15.23422],[-47.17525,-15.23227],[-47.17535,-15.23019],[-47.17649,-15.22876],[-47.17648,-15.22738],[-47.1777,-15.22758],[-47.17836,-15.2271],[-47.17945,-15.22731],[-47.18237,-15.2273],[-47.18386,-15.228],[-47.18465,-15.22784],[-47.18523,-15.22892],[-47.18746,-15.22859],[-47.18851,-15.22904],[-47.18943,-15.22861],[-47.19026,-15.22708],[-47.19134,-15.22588],[-47.19247,-15.226],[-47.19419,-15.22517],[-47.19444,-15.22386],[-47.19531,-15.22263],[-47.19648,-15.22165],[-47.19623,-15.22049],[-47.1968,-15.21861],[-47.19646,-15.21763],[-47.19684,-15.21575],[-47.19755,-15.21421],[-47.19837,-15.21376],[-47.19897,-15.21239],[-47.20014,-15.21158],[-47.20054,-15.21063],[-47.20278,-15.21072],[-47.20398,-15.21021],[-47.20518,-15.20901],[-47.20675,-15.20705],[-47.20732,-15.20547],[-47.20914,-15.20319],[-47.20976,-15.2004],[-47.21072,-15.19835],[-47.2134,-15.19582],[-47.214,-15.1948],[-47.21684,-15.19135],[-47.21715,-15.19009],[-47.21764,-15.18808],[-47.22199,-15.17877],[-47.22639,-15.16909],[-47.22736,-15.16634],[-47.22962,-15.16136],[-47.23123,-15.15804],[-47.23528,-15.15115],[-47.23648,-15.14961],[-47.23926,-15.1453],[-47.24186,-15.14263],[-47.24327,-15.13978],[-47.24362,-15.13788],[-47.24462,-15.13547],[-47.24663,-15.13399],[-47.24822,-15.13178],[-47.24956,-15.12942],[-47.25094,-15.12798],[-47.2523,-15.12445],[-47.25341,-15.12258],[-47.25498,-15.12079],[-47.25691,-15.1189],[-47.25917,-15.11536],[-47.2615,-15.1123],[-47.2657,-15.10729],[-47.2667,-15.10529],[-47.26763,-15.102],[-47.26838,-15.1013],[-47.26955,-15.10091],[-47.27225,-15.09923],[-47.27425,-15.09712],[-47.27588,-15.0943],[-47.27779,-15.0915],[-47.2802,-15.08938],[-47.28341,-15.08749],[-47.287,-15.08402],[-47.28965,-15.08041],[-47.2915,-15.07837],[-47.29506,-15.07662],[-47.29632,-15.07447],[-47.29743,-15.07376],[-47.29885,-15.07346],[-47.3012,-15.07466],[-47.30269,-15.07603],[-47.30609,-15.07762],[-47.30714,-15.0785],[-47.30733,-15.07915],[-47.30675,-15.08079],[-47.30707,-15.08164],[-47.30662,-15.08257],[-47.3078,-15.08312],[-47.30832,-15.08458],[-47.30917,-15.08483],[-47.31139,-15.08488],[-47.31355,-15.08588],[-47.31621,-15.08598],[-47.31721,-15.08762],[-47.31784,-15.08915],[-47.31786,-15.08999],[-47.31853,-15.09064],[-47.31995,-15.09052],[-47.32031,-15.09197],[-47.32181,-15.0936],[-47.32279,-15.09421],[-47.32397,-15.09413],[-47.32434,-15.09491],[-47.32529,-15.09468],[-47.32642,-15.09326],[-47.32898,-15.09328],[-47.32983,-15.09455],[-47.33039,-15.09459],[-47.33234,-15.09371],[-47.33266,-15.09062],[-47.33335,-15.09009],[-47.33449,-15.09009],[-47.33549,-15.08954],[-47.33675,-15.08686],[-47.33776,-15.08621],[-47.34031,-15.0856],[-47.3414,-15.08418],[-47.34227,-15.08256],[-47.34348,-15.08279],[-47.34455,-15.08236],[-47.34526,-15.08313],[-47.34658,-15.08194],[-47.34716,-15.08019],[-47.34841,-15.07978],[-47.3493,-15.0807],[-47.35067,-15.08058],[-47.35117,-15.0817],[-47.35286,-15.08165],[-47.35333,-15.08324],[-47.35429,-15.08188],[-47.35614,-15.0816],[-47.35855,-15.08075],[-47.35968,-15.07958],[-47.36162,-15.08029],[-47.36402,-15.07968],[-47.36468,-15.0782],[-47.36605,-15.07743],[-47.36987,-15.07819],[-47.37089,-15.07788],[-47.37308,-15.0778],[-47.37354,-15.07852],[-47.37457,-15.07821],[-47.37523,-15.07864],[-47.376,-15.07777],[-47.37754,-15.07745],[-47.3775,-15.07686],[-47.37916,-15.07619],[-47.3804,-15.0752],[-47.3849,-15.0754],[-47.38588,-15.07596],[-47.38626,-15.07703],[-47.38692,-15.07746],[-47.38846,-15.07729],[-47.38918,-15.07594],[-47.39087,-15.0764],[-47.39278,-15.07573],[-47.39324,-15.0747],[-47.3921,-15.07264],[-47.39247,-15.07182],[-47.39358,-15.07161],[-47.39428,-15.07065],[-47.39354,-15.06929],[-47.39095,-15.06851],[-47.391,-15.06698],[-47.39262,-15.0641],[-47.39372,-15.06312],[-47.39574,-15.06222],[-47.39692,-15.06106],[-47.39743,-15.05978],[-47.39722,-15.05886],[-47.39616,-15.05712],[-47.39558,-15.05688],[-47.39418,-15.05745],[-47.39279,-15.05728],[-47.39191,-15.05674],[-47.39209,-15.0557],[-47.39373,-15.05463],[-47.3951,-15.05436],[-47.39633,-15.05449],[-47.39651,-15.05348],[-47.39627,-15.05221],[-47.3974,-15.05228],[-47.39772,-15.05347],[-47.39847,-15.05316],[-47.39906,-15.05127],[-47.40055,-15.05112],[-47.40137,-15.05031],[-47.40091,-15.04959],[-47.39856,-15.04949],[-47.39722,-15.04904],[-47.39485,-15.04789],[-47.39409,-15.04788],[-47.39327,-15.04859],[-47.39248,-15.04757],[-47.393,-15.04664],[-47.39161,-15.04536],[-47.39329,-15.04469],[-47.39364,-15.04373],[-47.39283,-15.04307],[-47.39338,-15.04229],[-47.39498,-15.04223],[-47.39443,-15.04111],[-47.39509,-15.04016],[-47.39613,-15.04041],[-47.39706,-15.03926],[-47.39766,-15.03988],[-47.39757,-15.0411],[-47.39874,-15.0415],[-47.39972,-15.03931],[-47.4007,-15.0384],[-47.39837,-15.03818],[-47.39843,-15.03719],[-47.3999,-15.03651],[-47.39724,-15.03425],[-47.39739,-15.03332],[-47.39912,-15.03132],[-47.4015,-15.03047],[-47.40309,-15.02806],[-47.40277,-15.02696],[-47.40095,-15.02691],[-47.40025,-15.0266],[-47.40066,-15.02569],[-47.40176,-15.02549],[-47.40247,-15.02616],[-47.40528,-15.02666],[-47.40628,-15.02629],[-47.40631,-15.0252],[-47.40553,-15.02434],[-47.40461,-15.02403],[-47.40443,-15.02325],[-47.40542,-15.02238],[-47.40582,-15.02147],[-47.40669,-15.02139],[-47.4081,-15.02253],[-47.40978,-15.0229],[-47.41137,-15.02258],[-47.41321,-15.02275],[-47.41388,-15.02225],[-47.41436,-15.02079],[-47.41483,-15.02063],[-47.41574,-15.02179],[-47.41559,-15.02281],[-47.41664,-15.02286],[-47.41716,-15.02152],[-47.41846,-15.02222],[-47.41897,-15.02171],[-47.41828,-15.02038],[-47.41866,-15.01975],[-47.42008,-15.01927],[-47.41938,-15.01789],[-47.42149,-15.01781],[-47.42141,-15.01717],[-47.41917,-15.0166],[-47.41826,-15.01593],[-47.41954,-15.01467],[-47.41861,-15.01417],[-47.416,-15.01498],[-47.4147,-15.01394],[-47.41523,-15.01312],[-47.41675,-15.01222],[-47.4175,-15.0121],[-47.41886,-15.01017],[-47.42012,-15.00975],[-47.42107,-15.00856],[-47.42059,-15.00707],[-47.42118,-15.0064],[-47.42079,-15.00569],[-47.41764,-15.003],[-47.41911,-15.0021],[-47.42239,-15.00188],[-47.42407,-15.0012],[-47.42554,-14.99927],[-47.42552,-14.99833],[-47.42465,-14.9976],[-47.42222,-14.9967],[-47.42197,-14.99564],[-47.42302,-14.99456],[-47.42334,-14.99277],[-47.42392,-14.99212],[-47.42494,-14.99209],[-47.42628,-14.99276],[-47.42728,-14.99203],[-47.42614,-14.98931],[-47.4268,-14.98871],[-47.42886,-14.98786],[-47.43097,-14.98616],[-47.43129,-14.9855],[-47.43141,-14.9835],[-47.43129,-14.98145],[-47.43078,-14.98043],[-47.4293,-14.97855],[-47.42864,-14.97715],[-47.42731,-14.97543],[-47.42749,-14.97456],[-47.42835,-14.97367],[-47.43086,-14.972],[-47.43091,-14.97112],[-47.42989,-14.97023],[-47.43003,-14.96819],[-47.42877,-14.96687],[-47.42686,-14.96557],[-47.42697,-14.9646],[-47.42806,-14.96335],[-47.42883,-14.96072],[-47.42899,-14.95903],[-47.42951,-14.95827],[-47.43051,-14.95804],[-47.43022,-14.95651],[-47.42937,-14.95546],[-47.42694,-14.95367],[-47.42628,-14.95177],[-47.42495,-14.95166],[-47.42459,-14.95002],[-47.42394,-14.94873],[-47.42317,-14.94514],[-47.4217,-14.94446],[-47.4201,-14.94341],[-47.41895,-14.94236],[-47.41703,-14.94132],[-47.41661,-14.94021],[-47.41695,-14.93772],[-47.41725,-14.93693],[-47.42002,-14.9352],[-47.42026,-14.93427],[-47.41928,-14.9325],[-47.41925,-14.93161],[-47.41995,-14.93106],[-47.42096,-14.93101],[-47.42176,-14.92979],[-47.42163,-14.92865],[-47.42101,-14.92778],[-47.41904,-14.92663],[-47.41823,-14.92716],[-47.41888,-14.92886],[-47.41789,-14.92963],[-47.41661,-14.92917],[-47.41631,-14.92765],[-47.41568,-14.92685],[-47.4137,-14.92659],[-47.41365,-14.9253],[-47.41549,-14.92436],[-47.4165,-14.92282],[-47.4169,-14.9217],[-47.41637,-14.92098],[-47.41527,-14.9214],[-47.41511,-14.92034],[-47.41613,-14.91805],[-47.41813,-14.91643],[-47.41838,-14.91595],[-47.41822,-14.91418],[-47.41609,-14.91302],[-47.4147,-14.91307],[-47.4143,-14.9122],[-47.41502,-14.91097],[-47.41449,-14.91041],[-47.41083,-14.91211],[-47.40902,-14.91251],[-47.40752,-14.91155],[-47.40725,-14.91001],[-47.40747,-14.90915],[-47.40858,-14.90767],[-47.40927,-14.90718],[-47.41564,-14.90505],[-47.41776,-14.90479],[-47.41765,-14.90278],[-47.41714,-14.90186],[-47.41612,-14.90097],[-47.41296,-14.90003],[-47.4129,-14.89879],[-47.415,-14.89706],[-47.41486,-14.89636],[-47.41305,-14.89389],[-47.41432,-14.89186],[-47.41454,-14.89088],[-47.41387,-14.88951],[-47.41042,-14.88803],[-47.40854,-14.88786],[-47.40496,-14.88898],[-47.40219,-14.88716],[-47.40164,-14.88418],[-47.40176,-14.88331],[-47.40268,-14.88124],[-47.40393,-14.87988],[-47.40509,-14.87784],[-47.40545,-14.87633],[-47.40533,-14.87498],[-47.40493,-14.87443],[-47.40235,-14.87296],[-47.40157,-14.87143],[-47.39897,-14.86939],[-47.39824,-14.8684],[-47.39432,-14.86651],[-47.3899,-14.86515],[-47.38666,-14.86465],[-47.38635,-14.86443],[-47.38467,-14.85989],[-47.38425,-14.85833],[-47.38443,-14.8559],[-47.38408,-14.85455],[-47.3846,-14.85218],[-47.38321,-14.85173],[-47.38223,-14.85183],[-47.37991,-14.85334],[-47.37865,-14.85362],[-47.3783,-14.85316],[-47.37801,-14.84965],[-47.37809,-14.84811],[-47.37735,-14.84559],[-47.37669,-14.84171],[-47.37685,-14.8403],[-47.37673,-14.83788],[-47.37633,-14.8364],[-47.37674,-14.83424],[-47.37792,-14.832],[-47.37815,-14.83063],[-47.37886,-14.82964],[-47.37942,-14.82977],[-47.38058,-14.83118],[-47.38335,-14.83056],[-47.38357,-14.82943],[-47.38233,-14.82885],[-47.38139,-14.82732],[-47.3802,-14.82483],[-47.37919,-14.82385],[-47.37857,-14.82278],[-47.37623,-14.82064],[-47.37547,-14.8186],[-47.37366,-14.81466],[-47.37145,-14.81141],[-47.3701,-14.8101],[-47.36944,-14.80813],[-47.37033,-14.80818],[-47.37087,-14.80907],[-47.37276,-14.80975],[-47.37507,-14.8093],[-47.37547,-14.81117],[-47.37613,-14.81213],[-47.3781,-14.81291],[-47.37912,-14.81397],[-47.38116,-14.81403],[-47.38229,-14.81479],[-47.38304,-14.81456],[-47.38535,-14.81476],[-47.38641,-14.81543],[-47.38714,-14.81493],[-47.38847,-14.81607],[-47.38983,-14.81616],[-47.39006,-14.81707],[-47.3918,-14.81744],[-47.39266,-14.81679],[-47.3954,-14.81845],[-47.39749,-14.81904],[-47.39823,-14.81875],[-47.39878,-14.81973],[-47.39994,-14.8198],[-47.40038,-14.82052],[-47.40173,-14.82124],[-47.40201,-14.82184],[-47.40369,-14.8216],[-47.40481,-14.8229],[-47.40637,-14.82322],[-47.40766,-14.82286],[-47.41226,-14.82336],[-47.41249,-14.82439],[-47.41351,-14.82474],[-47.41431,-14.82577],[-47.41737,-14.82628],[-47.41869,-14.82724],[-47.41978,-14.82873],[-47.42092,-14.82967],[-47.42301,-14.83039],[-47.42405,-14.83024],[-47.42577,-14.8306],[-47.42652,-14.83032],[-47.42756,-14.83064],[-47.42862,-14.82989],[-47.43139,-14.82901],[-47.43376,-14.82697],[-47.43532,-14.82719],[-47.43735,-14.82596],[-47.4387,-14.82607],[-47.43927,-14.82572],[-47.43916,-14.82385],[-47.44112,-14.82234],[-47.44244,-14.82294],[-47.44295,-14.82234],[-47.44489,-14.82111],[-47.44573,-14.82209],[-47.44663,-14.82111],[-47.44775,-14.82049],[-47.45021,-14.81847],[-47.45233,-14.81703],[-47.45612,-14.81713],[-47.45759,-14.81837],[-47.45855,-14.81764],[-47.45964,-14.81774],[-47.46051,-14.81705],[-47.4618,-14.8167],[-47.46231,-14.81616],[-47.46317,-14.81646],[-47.46598,-14.81632],[-47.46704,-14.81695],[-47.46805,-14.81664],[-47.46984,-14.81735],[-47.47092,-14.81656],[-47.47223,-14.81692],[-47.47504,-14.81707],[-47.47749,-14.81701],[-47.47896,-14.82088],[-47.48208,-14.8269],[-47.48655,-14.83602],[-47.48932,-14.84011],[-47.4902,-14.84261],[-47.49123,-14.84881],[-47.4916,-14.85479],[-47.4911,-14.8642],[-47.49207,-14.87591],[-47.49401,-14.8862],[-47.49509,-14.88929],[-47.49584,-14.89581],[-47.49695,-14.90117],[-47.49908,-14.90765],[-47.50587,-14.91433],[-47.51002,-14.91881],[-47.51648,-14.92341],[-47.52756,-14.92795],[-47.53127,-14.92996],[-47.5381,-14.93134],[-47.53996,-14.93145],[-47.54231,-14.93031],[-47.54469,-14.92706],[-47.54792,-14.92602],[-47.54879,-14.92671],[-47.55041,-14.93006],[-47.55278,-14.93286],[-47.55576,-14.93533],[-47.55792,-14.93608],[-47.56246,-14.93666],[-47.56402,-14.93776],[-47.56414,-14.94015],[-47.56358,-14.94246],[-47.56385,-14.94546],[-47.56421,-14.94664],[-47.56632,-14.95056],[-47.56889,-14.95642],[-47.57303,-14.9612],[-47.5741,-14.96354],[-47.57388,-14.96715],[-47.57144,-14.9714],[-47.57155,-14.97374],[-47.57431,-14.97597],[-47.5746,-14.97809],[-47.57371,-14.98252],[-47.57335,-14.98768],[-47.57573,-14.99361],[-47.57561,-14.99562],[-47.5738,-14.99918],[-47.57274,-15.00275],[-47.57171,-15.01053],[-47.57549,-15.01609],[-47.57652,-15.02297],[-47.57566,-15.02851],[-47.57585,-15.03195],[-47.57406,-15.03691],[-47.572,-15.03961],[-47.57087,-15.04707],[-47.56932,-15.06215],[-47.5694,-15.07438],[-47.56775,-15.07735],[-47.5629,-15.0822],[-47.56168,-15.08378],[-47.56085,-15.08526],[-47.5582,-15.08858],[-47.55532,-15.09546],[-47.55452,-15.10091],[-47.55588,-15.10275],[-47.55569,-15.10453],[-47.55483,-15.10686],[-47.55436,-15.10932],[-47.55262,-15.11279],[-47.55016,-15.11568],[-47.54891,-15.11937],[-47.54742,-15.12609],[-47.54091,-15.13535],[-47.53773,-15.14171],[-47.53469,-15.14894],[-47.5331,-15.15473],[-47.53143,-15.1622],[-47.52862,-15.16875],[-47.52645,-15.1728],[-47.5256,-15.17868],[-47.52527,-15.18312],[-47.52752,-15.1954],[-47.52826,-15.20314],[-47.52779,-15.20743],[-47.52752,-15.20824],[-47.52515,-15.2133],[-47.52283,-15.21575],[-47.51951,-15.2172],[-47.51633,-15.22139],[-47.51332,-15.22709],[-47.51062,-15.22875],[-47.50915,-15.23069],[-47.5079,-15.23341],[-47.50601,-15.24222],[-47.50519,-15.24714],[-47.50548,-15.25306],[-47.5062,-15.25813],[-47.51083,-15.26767],[-47.51557,-15.27192],[-47.51668,-15.27282],[-47.52185,-15.27557],[-47.52623,-15.27764],[-47.53267,-15.28054],[-47.53585,-15.28271],[-47.53932,-15.28719],[-47.5399,-15.28878],[-47.53961,-15.29023],[-47.53889,-15.29124],[-47.5229,-15.29295],[-47.51875,-15.29179],[-47.51607,-15.29063],[-47.50635,-15.29081],[-47.49999,-15.29124],[-47.49608,-15.29197],[-47.49287,-15.29664],[-47.48538,-15.29905],[-47.48307,-15.30672],[-47.48234,-15.3125],[-47.48046,-15.31583],[-47.47989,-15.31742],[-47.47786,-15.32002],[-47.47497,-15.32595],[-47.47381,-15.33116],[-47.47309,-15.33969],[-47.47179,-15.34316],[-47.4715,-15.34634],[-47.47352,-15.35039],[-47.4741,-15.35372],[-47.47367,-15.3595],[-47.47294,-15.36341],[-47.47338,-15.36644],[-47.46844,-15.3696],[-47.46779,-15.37065],[-47.4664,-15.37128],[-47.46435,-15.3731],[-47.46251,-15.37392],[-47.46294,-15.37524],[-47.46293,-15.37709],[-47.46403,-15.3807],[-47.46514,-15.38258],[-47.46728,-15.38403],[-47.46878,-15.38545],[-47.4699,-15.38683],[-47.4717,-15.38835],[-47.47619,-15.39051],[-47.47729,-15.39152],[-47.47779,-15.39282],[-47.47865,-15.39409],[-47.4783,-15.3952],[-47.47858,-15.39579],[-47.48017,-15.3968],[-47.48044,-15.39738],[-47.48001,-15.40549],[-47.48014,-15.40733],[-47.48095,-15.40913],[-47.48285,-15.41238],[-47.48349,-15.41522],[-47.48521,-15.41882],[-47.48623,-15.42026],[-47.48686,-15.42205],[-47.48725,-15.42917],[-47.48857,-15.44017],[-47.48847,-15.4415],[-47.48767,-15.44398],[-47.48623,-15.44548],[-47.4861,-15.44706],[-47.48666,-15.4495],[-47.48698,-15.45229],[-47.48828,-15.45823],[-47.48845,-15.46111],[-47.48812,-15.46674],[-47.48826,-15.46745],[-47.48752,-15.46911],[-47.48732,-15.47072],[-47.48744,-15.4727],[-47.48681,-15.47553],[-47.48649,-15.47904],[-47.48732,-15.48133],[-47.48785,-15.48564],[-47.48823,-15.48739],[-47.48959,-15.48968],[-47.49038,-15.4919],[-47.49132,-15.49366],[-47.49112,-15.49601],[-47.49143,-15.49723],[-47.49126,-15.49823],[-47.49201,-15.50018],[-47.49259,-15.5009],[-47.49275,-15.50192],[-47.4782,-15.5019],[-47.41841,-15.50182],[-47.41841,-15.54566],[-47.41749,-15.54651],[-47.41594,-15.54649],[-47.41402,-15.54855],[-47.41248,-15.54752],[-47.41087,-15.54736],[-47.40982,-15.54816],[-47.40833,-15.54818],[-47.40748,-15.54732],[-47.40628,-15.54694],[-47.40464,-15.54702],[-47.40277,-15.54746],[-47.40237,-15.54785],[-47.40249,-15.54932],[-47.40218,-15.55029],[-47.40053,-15.55158],[-47.39941,-15.55063],[-47.39863,-15.55331],[-47.39915,-15.55474],[-47.39914,-15.5559],[-47.39975,-15.55632],[-47.39947,-15.55725],[-47.39718,-15.55782],[-47.39585,-15.55862],[-47.39534,-15.55798],[-47.39393,-15.55836],[-47.39412,-15.55931],[-47.3936,-15.5602],[-47.39322,-15.56219],[-47.39207,-15.56283],[-47.39142,-15.56274],[-47.39134,-15.56424],[-47.39034,-15.56552],[-47.38977,-15.56719],[-47.38887,-15.56752],[-47.38628,-15.56693],[-47.3854,-15.56643],[-47.38475,-15.56746],[-47.38365,-15.56706],[-47.38068,-15.56687],[-47.38057,-15.56821],[-47.37938,-15.56926],[-47.37969,-15.5702],[-47.37927,-15.57242],[-47.37935,-15.57338],[-47.37789,-15.57598],[-47.37496,-15.57732],[-47.37243,-15.5774],[-47.36995,-15.57816],[-47.36946,-15.57886],[-47.3676,-15.57927],[-47.36573,-15.57804],[-47.36485,-15.57848],[-47.36435,-15.5778],[-47.36184,-15.57802],[-47.36149,-15.57927],[-47.36085,-15.58015],[-47.35973,-15.57965],[-47.35782,-15.58049],[-47.35695,-15.57969],[-47.35601,-15.57975],[-47.35497,-15.57913],[-47.35451,-15.57971],[-47.35339,-15.57942],[-47.35248,-15.58012],[-47.34974,-15.58074],[-47.34936,-15.57979],[-47.34756,-15.57929],[-47.34674,-15.57956],[-47.34487,-15.58109],[-47.34368,-15.58166],[-47.34188,-15.58336],[-47.34021,-15.58386],[-47.33792,-15.5854],[-47.33628,-15.58583],[-47.33481,-15.58756],[-47.33339,-15.58742],[-47.33237,-15.58765],[-47.33018,-15.58635],[-47.32943,-15.58666],[-47.32848,-15.58852],[-47.32734,-15.5897],[-47.32613,-15.58875],[-47.32434,-15.58902],[-47.32472,-15.58814],[-47.32309,-15.58682],[-47.32172,-15.58647],[-47.31993,-15.58794],[-47.31801,-15.58914],[-47.317,-15.59072],[-47.31718,-15.59125],[-47.31662,-15.59244],[-47.31668,-15.59421],[-47.31627,-15.59526],[-47.31597,-15.59712],[-47.31665,-15.59698],[-47.31864,-15.59738],[-47.32026,-15.59822],[-47.32216,-15.59847],[-47.32321,-15.60059],[-47.32291,-15.60174],[-47.32352,-15.60511],[-47.32466,-15.60656],[-47.32521,-15.60803],[-47.32526,-15.61017],[-47.32646,-15.61113],[-47.32822,-15.61349],[-47.3279,-15.61465],[-47.32903,-15.61689],[-47.3283,-15.61782],[-47.32903,-15.61837],[-47.32841,-15.61915],[-47.32927,-15.62029],[-47.33048,-15.62091],[-47.33106,-15.62238],[-47.3301,-15.62308],[-47.33139,-15.62572],[-47.33218,-15.62685],[-47.33198,-15.62851],[-47.33275,-15.62943],[-47.3339,-15.62954],[-47.33325,-15.63128],[-47.33316,-15.63287],[-47.33071,-15.63585],[-47.33161,-15.63673],[-47.3308,-15.63724],[-47.33067,-15.63883],[-47.3298,-15.63905],[-47.32955,-15.63984],[-47.33002,-15.64132],[-47.32945,-15.64183],[-47.32945,-15.6444],[-47.33063,-15.64499],[-47.32902,-15.64626],[-47.32823,-15.64636],[-47.32723,-15.6475],[-47.327,-15.64894],[-47.32805,-15.64921],[-47.32919,-15.6507],[-47.3288,-15.65153],[-47.32795,-15.65209],[-47.3271,-15.65191],[-47.32664,-15.65277],[-47.3273,-15.65368],[-47.32725,-15.65446],[-47.32857,-15.65476],[-47.32897,-15.65547],[-47.32908,-15.65719],[-47.32781,-15.65902],[-47.32849,-15.66132],[-47.3272,-15.66092],[-47.32675,-15.66143],[-47.32752,-15.66423],[-47.32651,-15.66564],[-47.32763,-15.66566],[-47.32844,-15.66626],[-47.32802,-15.66716],[-47.32662,-15.66824],[-47.32616,-15.66959],[-47.32771,-15.67091],[-47.32687,-15.67168],[-47.32771,-15.67262],[-47.32731,-15.67365],[-47.32719,-15.67534],[-47.32818,-15.67583],[-47.32841,-15.67694],[-47.3291,-15.67721],[-47.32852,-15.67867],[-47.32885,-15.67977],[-47.33089,-15.67972],[-47.33198,-15.68097],[-47.33157,-15.68186],[-47.33147,-15.6835],[-47.32787,-15.68447],[-47.32835,-15.68536],[-47.32782,-15.68745],[-47.32974,-15.688],[-47.32604,-15.68898],[-47.32541,-15.68852],[-47.32387,-15.68884],[-47.3229,-15.68873],[-47.3216,-15.68911],[-47.32103,-15.68762],[-47.31942,-15.68832],[-47.31974,-15.6889],[-47.31845,-15.69024],[-47.31775,-15.69043],[-47.31775,-15.69174],[-47.31692,-15.6923],[-47.31745,-15.6933],[-47.31654,-15.69356],[-47.3164,-15.69428],[-47.3152,-15.69514],[-47.31488,-15.69448],[-47.31337,-15.69502],[-47.31353,-15.69613],[-47.31251,-15.69721],[-47.31334,-15.69896],[-47.31393,-15.70142],[-47.31438,-15.70239],[-47.31368,-15.7034],[-47.31456,-15.70519],[-47.31392,-15.70542],[-47.31361,-15.70795],[-47.31401,-15.70897],[-47.31471,-15.70918],[-47.31553,-15.7102],[-47.31402,-15.71038],[-47.31385,-15.71113],[-47.31504,-15.71182],[-47.3154,-15.71351],[-47.31522,-15.7152],[-47.31616,-15.71637],[-47.31693,-15.71614],[-47.3177,-15.71708],[-47.31864,-15.71718],[-47.31873,-15.718],[-47.3197,-15.71782],[-47.32069,-15.71862],[-47.32023,-15.72045],[-47.32102,-15.72126],[-47.32075,-15.72303],[-47.3188,-15.72376],[-47.31806,-15.72498],[-47.31869,-15.72629],[-47.31793,-15.72767],[-47.31743,-15.72973],[-47.3178,-15.73111],[-47.31921,-15.73369],[-47.3192,-15.73482],[-47.31752,-15.73431],[-47.31679,-15.73601],[-47.31562,-15.7363],[-47.31553,-15.73707],[-47.31453,-15.73724],[-47.31361,-15.73823],[-47.31419,-15.73958],[-47.31348,-15.7404],[-47.31398,-15.74098],[-47.31405,-15.74252],[-47.31449,-15.74366],[-47.31422,-15.74441],[-47.3149,-15.74642],[-47.31482,-15.74808],[-47.31625,-15.74763],[-47.31605,-15.74642],[-47.31704,-15.74672],[-47.31716,-15.74844],[-47.31841,-15.74937],[-47.3181,-15.75028],[-47.31897,-15.75187],[-47.31994,-15.75303],[-47.32004,-15.75387],[-47.31945,-15.75473],[-47.32047,-15.7554],[-47.32199,-15.75467],[-47.32204,-15.75561],[-47.32126,-15.75571],[-47.32119,-15.75711],[-47.32189,-15.75796],[-47.32374,-15.75811],[-47.32404,-15.76069],[-47.32466,-15.76192],[-47.32623,-15.76252],[-47.32699,-15.76423],[-47.32719,-15.76559],[-47.32859,-15.76591],[-47.32937,-15.76709],[-47.32956,-15.76935],[-47.32751,-15.77221],[-47.32838,-15.77218],[-47.32857,-15.77311],[-47.32936,-15.77414],[-47.3306,-15.77399],[-47.33133,-15.77451],[-47.33088,-15.77666],[-47.33164,-15.77937],[-47.33243,-15.77992],[-47.33291,-15.78143],[-47.33429,-15.78127],[-47.33458,-15.78202],[-47.33604,-15.78142],[-47.33674,-15.78253],[-47.33598,-15.78418],[-47.33766,-15.78509],[-47.33757,-15.787],[-47.33905,-15.78829],[-47.33901,-15.79009],[-47.3399,-15.79091],[-47.33888,-15.79144],[-47.33992,-15.79275],[-47.33931,-15.79323],[-47.34038,-15.79497],[-47.34175,-15.79502],[-47.34336,-15.79687],[-47.34442,-15.79714],[-47.34603,-15.79858],[-47.34524,-15.79909],[-47.3447,-15.80005],[-47.34497,-15.80081],[-47.34594,-15.80099],[-47.34603,-15.80213],[-47.34546,-15.80273],[-47.34672,-15.80352],[-47.34719,-15.80302],[-47.34815,-15.80394],[-47.34887,-15.80346],[-47.34968,-15.80399],[-47.34958,-15.80521],[-47.34834,-15.8062],[-47.34844,-15.80784],[-47.35019,-15.80777],[-47.34998,-15.80991],[-47.35024,-15.81048],[-47.35185,-15.81141],[-47.35275,-15.81305],[-47.35292,-15.81506],[-47.35419,-15.81411],[-47.35464,-15.81571],[-47.35444,-15.81656],[-47.35302,-15.81697],[-47.35342,-15.81844],[-47.35523,-15.81718],[-47.35612,-15.81889],[-47.35506,-15.82046],[-47.35459,-15.82199],[-47.35541,-15.82345],[-47.35607,-15.82346],[-47.35715,-15.82223],[-47.35716,-15.824],[-47.35804,-15.82409],[-47.35925,-15.82361],[-47.35883,-15.8228],[-47.35987,-15.82163],[-47.36091,-15.82231],[-47.36046,-15.82383],[-47.363,-15.82482],[-47.36215,-15.82674],[-47.36277,-15.82764],[-47.36484,-15.82785],[-47.36636,-15.8274],[-47.3674,-15.82875],[-47.3661,-15.8301],[-47.36606,-15.83197],[-47.36561,-15.83356],[-47.36615,-15.83517],[-47.36539,-15.83524],[-47.36601,-15.83753],[-47.3672,-15.83546],[-47.36796,-15.83552],[-47.36774,-15.83751],[-47.3669,-15.83738],[-47.36695,-15.83872],[-47.36778,-15.83924],[-47.36805,-15.8402],[-47.3702,-15.84125],[-47.36886,-15.84155],[-47.36828,-15.84225],[-47.36841,-15.84314],[-47.37039,-15.84616],[-47.36953,-15.84587],[-47.36879,-15.84654],[-47.36921,-15.84774],[-47.37031,-15.8472],[-47.37127,-15.84803],[-47.37109,-15.84879],[-47.36912,-15.84878],[-47.36931,-15.85002],[-47.36797,-15.85192],[-47.36811,-15.85341],[-47.36858,-15.85394],[-47.37074,-15.85501],[-47.36964,-15.85549],[-47.36939,-15.85754],[-47.37019,-15.85978],[-47.36983,-15.86104],[-47.37013,-15.86167],[-47.37215,-15.86241],[-47.37442,-15.86418],[-47.37381,-15.86529],[-47.37172,-15.86537],[-47.37083,-15.86514],[-47.37159,-15.867],[-47.37131,-15.86831],[-47.37308,-15.8691],[-47.37283,-15.87049],[-47.37155,-15.87084],[-47.37188,-15.87244],[-47.37351,-15.8728],[-47.37218,-15.87355],[-47.37224,-15.87452],[-47.3739,-15.87623],[-47.37359,-15.87725],[-47.37483,-15.87765],[-47.37456,-15.87835],[-47.37498,-15.87944],[-47.37661,-15.88131],[-47.37761,-15.88073],[-47.37862,-15.88113],[-47.37946,-15.88052],[-47.38069,-15.88131],[-47.37995,-15.88197],[-47.37822,-15.88197],[-47.37696,-15.88318],[-47.37874,-15.88416],[-47.37816,-15.88503],[-47.3782,-15.886],[-47.37888,-15.88636],[-47.37886,-15.88735],[-47.37701,-15.88808],[-47.37723,-15.88971],[-47.37804,-15.89133],[-47.3767,-15.89128],[-47.37648,-15.89403],[-47.37567,-15.89498],[-47.37643,-15.89592],[-47.37653,-15.89681],[-47.37471,-15.89732],[-47.37573,-15.89831],[-47.37569,-15.89954],[-47.37487,-15.89932],[-47.37271,-15.89955],[-47.37242,-15.90031],[-47.37392,-15.90438],[-47.37402,-15.90535],[-47.37482,-15.90668],[-47.37218,-15.90651],[-47.37079,-15.9079],[-47.36814,-15.9084],[-47.36719,-15.90815],[-47.36553,-15.90969],[-47.36734,-15.91163],[-47.36644,-15.91307],[-47.36785,-15.9147],[-47.36855,-15.91719],[-47.36918,-15.91814],[-47.36896,-15.91897],[-47.36756,-15.9197],[-47.36707,-15.92064],[-47.3662,-15.92107],[-47.36471,-15.91942],[-47.36301,-15.92062],[-47.36204,-15.92178],[-47.36231,-15.92441],[-47.36184,-15.92545],[-47.36266,-15.92582],[-47.36259,-15.92689],[-47.36168,-15.92722],[-47.36274,-15.9282],[-47.36228,-15.92938],[-47.36425,-15.93043],[-47.3626,-15.93128],[-47.36312,-15.93185],[-47.36478,-15.93056],[-47.3659,-15.9307],[-47.36614,-15.93137],[-47.36503,-15.93313],[-47.36549,-15.93351],[-47.36697,-15.93305],[-47.36838,-15.93341],[-47.36892,-15.93514],[-47.3694,-15.93536],[-47.37205,-15.93531],[-47.37285,-15.93586],[-47.37357,-15.93708],[-47.37326,-15.9386],[-47.37265,-15.93842],[-47.37103,-15.93605],[-47.36996,-15.93644],[-47.37091,-15.93868],[-47.37199,-15.93872],[-47.37259,-15.94017],[-47.37233,-15.94088],[-47.37109,-15.94042],[-47.36916,-15.94104],[-47.37049,-15.94187],[-47.37073,-15.94288],[-47.36985,-15.94311],[-47.37014,-15.94408],[-47.36978,-15.94551],[-47.36856,-15.94669],[-47.36869,-15.94729],[-47.37031,-15.94728],[-47.37078,-15.94596],[-47.37144,-15.94675],[-47.37082,-15.94864],[-47.37127,-15.94912],[-47.37059,-15.95122],[-47.3713,-15.9525],[-47.3724,-15.95353],[-47.37177,-15.95512],[-47.37204,-15.95599],[-47.37486,-15.95635],[-47.37482,-15.9578],[-47.37367,-15.95812],[-47.37308,-15.95882],[-47.37325,-15.96016],[-47.37443,-15.96012],[-47.37563,-15.96125],[-47.37687,-15.9619],[-47.37825,-15.962],[-47.37708,-15.9637],[-47.3766,-15.96537],[-47.37544,-15.96639],[-47.37617,-15.96762],[-47.37618,-15.96867],[-47.37693,-15.9689],[-47.37852,-15.96815],[-47.37912,-15.969],[-47.37879,-15.97003],[-47.37685,-15.97133],[-47.37731,-15.97241],[-47.37892,-15.97322],[-47.37889,-15.97424],[-47.37796,-15.97405],[-47.37791,-15.97612],[-47.37895,-15.97745],[-47.37843,-15.97838],[-47.37642,-15.97841],[-47.37584,-15.97897],[-47.37574,-15.98014],[-47.37482,-15.98049],[-47.37407,-15.97948],[-47.37352,-15.98019],[-47.37367,-15.98098],[-47.37653,-15.9821],[-47.37639,-15.98314],[-47.37565,-15.98436],[-47.37674,-15.98544],[-47.37715,-15.98661],[-47.37556,-15.9871],[-47.3732,-15.99324],[-47.37324,-15.99415],[-47.37222,-15.99488],[-47.37058,-15.99454],[-47.37015,-15.99554],[-47.37049,-15.99679],[-47.37055,-15.99846],[-47.37018,-16.00122],[-47.36936,-16.00296],[-47.36866,-16.00316],[-47.36774,-16.0019],[-47.36688,-16.00124],[-47.36537,-16.00109],[-47.36493,-16.00151],[-47.36486,-16.00287],[-47.36526,-16.00441],[-47.3631,-16.00606],[-47.3617,-16.00677],[-47.36087,-16.00669],[-47.35988,-16.00576],[-47.35904,-16.00583],[-47.36039,-16.00781],[-47.36003,-16.00829],[-47.35844,-16.00858],[-47.35712,-16.00808],[-47.35571,-16.00848],[-47.354,-16.00709],[-47.35131,-16.00657],[-47.34937,-16.00719],[-47.3486,-16.00622],[-47.34794,-16.00738],[-47.34824,-16.00872],[-47.34674,-16.00873],[-47.3461,-16.00948],[-47.34635,-16.01086],[-47.34502,-16.01184],[-47.34314,-16.01179],[-47.34169,-16.01253],[-47.33907,-16.01243],[-47.33842,-16.01345],[-47.33874,-16.01504],[-47.341,-16.01518],[-47.3411,-16.01624],[-47.33985,-16.01651],[-47.3398,-16.01726],[-47.34107,-16.0181],[-47.34096,-16.01906],[-47.33979,-16.01957],[-47.33823,-16.01869],[-47.33736,-16.01744],[-47.33528,-16.0205],[-47.33318,-16.02214],[-47.33145,-16.02234],[-47.32568,-16.02962],[-47.32541,-16.0271],[-47.32363,-16.0263],[-47.32247,-16.02651],[-47.32039,-16.03105],[-47.31693,-16.03619],[-47.31426,-16.03607],[-47.31193,-16.03554],[-47.31001,-16.03627],[-47.3098,-16.03491],[-47.31113,-16.03315],[-47.31071,-16.03084],[-47.30876,-16.02952],[-47.30668,-16.03065],[-47.30456,-16.02698],[-47.30272,-16.02738],[-47.30093,-16.02723],[-47.30059,-16.02623],[-47.29956,-16.02559],[-47.30084,-16.02493],[-47.29992,-16.02293],[-47.30015,-16.02111],[-47.29919,-16.02032],[-47.30079,-16.01926],[-47.301,-16.01787],[-47.30037,-16.01725],[-47.2994,-16.0174],[-47.29678,-16.01866],[-47.29628,-16.01767],[-47.29712,-16.01585],[-47.29677,-16.01533],[-47.29487,-16.01592],[-47.29382,-16.01495],[-47.29134,-16.01461],[-47.29026,-16.01471],[-47.29024,-16.01571],[-47.28952,-16.01613],[-47.28875,-16.01408],[-47.28994,-16.01303],[-47.28996,-16.01172],[-47.28878,-16.01154],[-47.28685,-16.00926],[-47.2846,-16.01112],[-47.28433,-16.0124],[-47.28218,-16.01236],[-47.28261,-16.0107],[-47.28192,-16.0092],[-47.27992,-16.00921],[-47.27838,-16.00894],[-47.27785,-16.0071],[-47.27705,-16.00697],[-47.27629,-16.00791],[-47.27651,-16.00936],[-47.27701,-16.01041],[-47.2795,-16.01189],[-47.27911,-16.01253],[-47.27671,-16.01267],[-47.27598,-16.01244],[-47.2745,-16.01277],[-47.2736,-16.01358],[-47.2714,-16.01449],[-47.27069,-16.01426],[-47.27029,-16.01234],[-47.26793,-16.01203],[-47.26663,-16.01225],[-47.26639,-16.01293],[-47.26731,-16.01335],[-47.26784,-16.01502],[-47.26593,-16.01488],[-47.26565,-16.01362],[-47.26474,-16.01408],[-47.26384,-16.01362],[-47.26299,-16.01431],[-47.26179,-16.01405],[-47.2611,-16.01508],[-47.26261,-16.01533],[-47.2621,-16.01697],[-47.26097,-16.01718],[-47.26084,-16.01773],[-47.2597,-16.01853],[-47.25898,-16.0185],[-47.25704,-16.01732],[-47.25651,-16.01729],[-47.25501,-16.01918],[-47.25346,-16.01951],[-47.25336,-16.01776],[-47.25195,-16.01688],[-47.25081,-16.01744],[-47.24882,-16.01645],[-47.24699,-16.01719],[-47.24626,-16.01651],[-47.24515,-16.01777],[-47.24284,-16.01672],[-47.24251,-16.01561],[-47.2417,-16.01462],[-47.24023,-16.01469],[-47.23876,-16.01357],[-47.23714,-16.01414],[-47.23656,-16.01497],[-47.23463,-16.01506],[-47.23425,-16.01611],[-47.23367,-16.01623],[-47.23209,-16.01555],[-47.23245,-16.01421],[-47.23025,-16.01306],[-47.22902,-16.0129],[-47.22962,-16.01466],[-47.22859,-16.01581],[-47.22644,-16.01598],[-47.22582,-16.0148],[-47.22436,-16.01439],[-47.22422,-16.01337],[-47.22146,-16.01213],[-47.22088,-16.01386],[-47.22009,-16.01503],[-47.21766,-16.01396],[-47.21669,-16.01081],[-47.21648,-16.00897],[-47.21562,-16.00886],[-47.2157,-16.0075],[-47.21652,-16.00684],[-47.21629,-16.00587],[-47.21652,-16.00465],[-47.21291,-16.00469],[-47.21073,-16.00363],[-47.21059,-16.00286],[-47.21155,-16.00188],[-47.21149,-16.00039],[-47.21202,-15.99902],[-47.2114,-15.99842],[-47.20928,-15.99731],[-47.20893,-15.99863],[-47.20768,-15.99781],[-47.20724,-15.99687],[-47.20724,-15.99555],[-47.20838,-15.99452],[-47.20807,-15.9936],[-47.20935,-15.99358],[-47.20961,-15.99235],[-47.20858,-15.99174],[-47.2083,-15.99268],[-47.20735,-15.99265],[-47.20703,-15.99182],[-47.2082,-15.99135],[-47.20942,-15.99008],[-47.20866,-15.98734],[-47.20747,-15.9871],[-47.20666,-15.98834],[-47.20357,-15.98824],[-47.20325,-15.98645],[-47.20162,-15.98583],[-47.19931,-15.98721],[-47.19767,-15.98721],[-47.1982,-15.98589],[-47.19813,-15.98472],[-47.19694,-15.98471],[-47.19648,-15.98417],[-47.19487,-15.98397],[-47.19451,-15.98311],[-47.19368,-15.98274],[-47.19412,-15.98101],[-47.19495,-15.98025],[-47.19445,-15.97881],[-47.193,-15.97802],[-47.19211,-15.97804],[-47.1916,-15.97899],[-47.19229,-15.97941],[-47.19178,-15.98041],[-47.18968,-15.98049],[-47.18938,-15.98165],[-47.19005,-15.98244],[-47.18985,-15.98308],[-47.1891,-15.98242],[-47.18846,-15.98331],[-47.18765,-15.98322],[-47.1876,-15.98203],[-47.18697,-15.98157],[-47.18552,-15.98333],[-47.18507,-15.98146],[-47.18438,-15.98093],[-47.18633,-15.97997],[-47.1864,-15.97848],[-47.18447,-15.97803],[-47.18455,-15.97559],[-47.1838,-15.97486],[-47.18449,-15.97419],[-47.18563,-15.97511],[-47.1866,-15.97501],[-47.18699,-15.97358],[-47.18812,-15.97371],[-47.18837,-15.97281],[-47.18804,-15.97135],[-47.18713,-15.97247],[-47.18632,-15.97276],[-47.18573,-15.97211],[-47.18705,-15.97172],[-47.18619,-15.9709],[-47.18502,-15.97172],[-47.18508,-15.97052],[-47.18435,-15.97038],[-47.18351,-15.97293],[-47.18291,-15.97294],[-47.1824,-15.97126],[-47.18194,-15.97088],[-47.18085,-15.97137],[-47.17973,-15.97268],[-47.17887,-15.975],[-47.17962,-15.97573],[-47.17901,-15.97756],[-47.17861,-15.97769],[-47.17634,-15.97564],[-47.17676,-15.97451],[-47.17636,-15.97385],[-47.17419,-15.97429],[-47.17331,-15.97389],[-47.17302,-15.97291],[-47.17197,-15.97268],[-47.17099,-15.97368],[-47.17062,-15.97286],[-47.17199,-15.9721],[-47.17196,-15.97158],[-47.17031,-15.97106],[-47.17029,-15.96955],[-47.16947,-15.96898],[-47.16744,-15.96854],[-47.16794,-15.96718],[-47.16895,-15.96831],[-47.16981,-15.96747],[-47.16883,-15.96642],[-47.16714,-15.96667],[-47.16674,-15.96592],[-47.16788,-15.96511],[-47.16904,-15.96589],[-47.17097,-15.96647],[-47.17178,-15.96626],[-47.17193,-15.96537],[-47.17057,-15.96508],[-47.16814,-15.96305],[-47.16979,-15.96231],[-47.17116,-15.96312],[-47.1721,-15.9621],[-47.17097,-15.96166],[-47.17053,-15.96057],[-47.17167,-15.96017],[-47.17162,-15.95822],[-47.17083,-15.95799],[-47.16958,-15.95848],[-47.16904,-15.95824],[-47.169,-15.95659],[-47.16867,-15.95536],[-47.17127,-15.95655],[-47.17202,-15.95583],[-47.17174,-15.95413],[-47.17106,-15.95327],[-47.16944,-15.95227],[-47.16723,-15.95143],[-47.16649,-15.95046],[-47.16714,-15.94916],[-47.16614,-15.94774],[-47.16602,-15.94695],[-47.16461,-15.94558],[-47.16402,-15.94548],[-47.16356,-15.9469],[-47.16105,-15.9472],[-47.16114,-15.94625],[-47.16245,-15.94487],[-47.16316,-15.94321],[-47.16247,-15.94307],[-47.16126,-15.94431],[-47.16052,-15.94427],[-47.15947,-15.9411],[-47.15813,-15.94059],[-47.1571,-15.94108],[-47.15497,-15.94147],[-47.15322,-15.94285],[-47.15244,-15.94199],[-47.15223,-15.93959],[-47.15173,-15.93885],[-47.15085,-15.93947],[-47.15,-15.94076],[-47.14946,-15.93836],[-47.15122,-15.9382],[-47.15226,-15.93688],[-47.15226,-15.93533],[-47.15108,-15.93448],[-47.14929,-15.93527],[-47.1487,-15.93522],[-47.14801,-15.9338],[-47.14676,-15.93216],[-47.14603,-15.93226],[-47.1448,-15.93425],[-47.14309,-15.93579],[-47.14275,-15.93283],[-47.14114,-15.93242],[-47.14084,-15.93152],[-47.13971,-15.93045],[-47.13976,-15.92973],[-47.14194,-15.92911],[-47.14272,-15.92852],[-47.14321,-15.92732],[-47.14278,-15.92634],[-47.1401,-15.92728],[-47.14004,-15.92845],[-47.13863,-15.92902],[-47.13771,-15.92813],[-47.13886,-15.92757],[-47.13721,-15.92664],[-47.13656,-15.92738]]]},"properties":{"codigo":"520800405","name":"Formosa","population":107700,"households":45058,"areaKm2":3266.7689,"density":33}},{"type":"Feature","geometry":{"type":"Polygon","coordinates":[[[-46.89153,-15.40031],[-46.89068,-15.40001],[-46.88709,-15.39645],[-46.88561,-15.39351],[-46.88387,-15.39234],[-46.88156,-15.39127],[-46.87092,-15.38845],[-46.86634,-15.386],[-46.86484,-15.38463],[-46.86284,-15.38361],[-46.85826,-15.37932],[-46.85191,-15.37546],[-46.84948,-15.37316],[-46.84943,-15.37081],[-46.84987,-15.3693],[-46.85072,-15.36852],[-46.85635,-15.36641],[-46.86401,-15.36574],[-46.86642,-15.36517],[-46.86868,-15.36361],[-46.86948,-15.36147],[-46.86784,-15.35729],[-46.86349,-15.35282],[-46.86096,-15.35096],[-46.85964,-15.35066],[-46.85722,-15.34918],[-46.85278,-15.34803],[-46.84906,-15.34749],[-46.84796,-15.34676],[-46.84318,-15.33928],[-46.8404,-15.33392],[-46.83837,-15.33145],[-46.8359,-15.32654],[-46.83568,-15.32513],[-46.83596,-15.32355],[-46.83723,-15.32132],[-46.83864,-15.32033],[-46.84115,-15.31745],[-46.85315,-15.30818],[-46.85785,-15.30366],[-46.8737,-15.2854],[-46.87443,-15.28518],[-46.87889,-15.28686],[-46.87931,-15.28779],[-46.88359,-15.29006],[-46.88543,-15.29058],[-46.88587,-15.29141],[-46.88739,-15.29272],[-46.88811,-15.29286],[-46.88906,-15.29412],[-46.89174,-15.29534],[-46.89323,-15.29697],[-46.89447,-15.2968],[-46.89561,-15.29808],[-46.89751,-15.2991],[-46.89916,-15.29924],[-46.89924,-15.30032],[-46.90056,-15.30067],[-46.90286,-15.30021],[-46.90449,-15.30029],[-46.90519,-15.3008],[-46.90668,-15.3009],[-46.90796,-15.30037],[-46.90829,-15.30146],[-46.90932,-15.30153],[-46.90999,-15.30064],[-46.91165,-15.301],[-46.91315,-15.30174],[-46.9149,-15.30208],[-46.91474,-15.30389],[-46.9155,-15.30522],[-46.91481,-15.30705],[-46.91607,-15.30734],[-46.91796,-15.30538],[-46.91929,-15.30465],[-46.92119,-15.3045],[-46.92327,-15.30503],[-46.92372,-15.30614],[-46.92501,-15.30632],[-46.92678,-15.3059],[-46.92809,-15.30659],[-46.92959,-15.30659],[-46.93044,-15.30752],[-46.93251,-15.30879],[-46.93414,-15.30935],[-46.93569,-15.31084],[-46.93592,-15.3115],[-46.93689,-15.31182],[-46.9373,-15.31353],[-46.93818,-15.31417],[-46.93977,-15.31416],[-46.94129,-15.31448],[-46.94343,-15.31267],[-46.94474,-15.31112],[-46.9448,-15.31034],[-46.94662,-15.30881],[-46.94617,-15.30808],[-46.94788,-15.30655],[-46.94787,-15.3052],[-46.94864,-15.30391],[-46.94936,-15.30378],[-46.95023,-15.30207],[-46.94987,-15.30124],[-46.95,-15.29978],[-46.9508,-15.29907],[-46.95066,-15.2979],[-46.95139,-15.29596],[-46.95097,-15.29539],[-46.95123,-15.29408],[-46.9522,-15.29381],[-46.95261,-15.29202],[-46.95386,-15.29144],[-46.95373,-15.2906],[-46.95461,-15.29018],[-46.95508,-15.29092],[-46.95596,-15.29103],[-46.95684,-15.29013],[-46.95669,-15.28865],[-46.95875,-15.28557],[-46.95865,-15.28469],[-46.9595,-15.28439],[-46.95975,-15.28255],[-46.96176,-15.282],[-46.96434,-15.2827],[-46.96471,-15.28176],[-46.96556,-15.28158],[-46.96788,-15.27944],[-46.96714,-15.27842],[-46.96713,-15.27591],[-46.96817,-15.27387],[-46.96913,-15.27243],[-46.96905,-15.27077],[-46.96976,-15.26938],[-46.97174,-15.26779],[-46.97245,-15.26652],[-46.97383,-15.26556],[-46.97519,-15.26569],[-46.97829,-15.26453],[-46.97845,-15.26368],[-46.98064,-15.26382],[-46.98284,-15.26265],[-46.98443,-15.26099],[-46.98495,-15.25948],[-46.98591,-15.25992],[-46.98651,-15.25942],[-46.98652,-15.25835],[-46.98812,-15.25791],[-46.98917,-15.25522],[-46.99013,-15.25487],[-46.99225,-15.25458],[-46.99202,-15.25357],[-46.99072,-15.25374],[-46.99072,-15.25288],[-46.99199,-15.25295],[-46.99248,-15.25189],[-46.99117,-15.25181],[-46.9915,-15.25061],[-46.99338,-15.24927],[-46.99293,-15.24798],[-46.99384,-15.24751],[-46.99536,-15.24815],[-46.99505,-15.24692],[-46.99555,-15.24638],[-46.99823,-15.24691],[-46.99896,-15.24802],[-46.99933,-15.24871],[-46.99915,-15.24973],[-46.99825,-15.25071],[-46.99882,-15.2523],[-46.99873,-15.25337],[-46.99975,-15.25493],[-46.99948,-15.25746],[-46.9987,-15.25785],[-46.99841,-15.25916],[-46.99879,-15.25987],[-46.99845,-15.26065],[-46.996,-15.26244],[-46.99591,-15.26324],[-46.99659,-15.26394],[-46.99448,-15.26448],[-46.99611,-15.26607],[-46.99628,-15.26886],[-46.9969,-15.26974],[-46.99873,-15.27103],[-47.00036,-15.27167],[-47.0001,-15.27281],[-47.00026,-15.27487],[-47.00011,-15.27614],[-46.99887,-15.27748],[-46.99798,-15.27724],[-46.9971,-15.27776],[-46.99718,-15.27896],[-46.99637,-15.2789],[-46.99652,-15.28007],[-46.99541,-15.2812],[-46.99512,-15.28248],[-46.99431,-15.28377],[-46.99452,-15.28445],[-46.99409,-15.28557],[-46.9934,-15.28859],[-46.99295,-15.28918],[-46.99284,-15.29146],[-46.99358,-15.29243],[-46.99336,-15.29416],[-46.99275,-15.29552],[-46.9913,-15.29794],[-46.99018,-15.2982],[-46.98971,-15.29974],[-46.98865,-15.29971],[-46.98811,-15.30098],[-46.98757,-15.30117],[-46.98427,-15.30085],[-46.98325,-15.3016],[-46.98265,-15.30369],[-46.9825,-15.30509],[-46.98183,-15.30693],[-46.98121,-15.30709],[-46.98046,-15.30922],[-46.97939,-15.31049],[-46.97897,-15.31148],[-46.97778,-15.31199],[-46.97728,-15.31328],[-46.97762,-15.31423],[-46.97705,-15.31666],[-46.9763,-15.31752],[-46.97529,-15.31768],[-46.97512,-15.31883],[-46.9734,-15.31886],[-46.97343,-15.32],[-46.97252,-15.32066],[-46.97341,-15.32182],[-46.97509,-15.32327],[-46.97673,-15.32377],[-46.97697,-15.32563],[-46.97506,-15.32754],[-46.97432,-15.32904],[-46.97377,-15.33112],[-46.9727,-15.33198],[-46.97273,-15.33306],[-46.97171,-15.33474],[-46.97146,-15.33799],[-46.97077,-15.33905],[-46.97168,-15.34032],[-46.97092,-15.34184],[-46.97094,-15.34353],[-46.97009,-15.3443],[-46.9709,-15.34507],[-46.97041,-15.34627],[-46.97071,-15.34707],[-46.96883,-15.34853],[-46.96848,-15.35038],[-46.96782,-15.35189],[-46.96756,-15.3536],[-46.96701,-15.35518],[-46.96813,-15.35752],[-46.96771,-15.35938],[-46.96782,-15.36101],[-46.96735,-15.36205],[-46.9663,-15.36337],[-46.96588,-15.36619],[-46.96635,-15.36758],[-46.96687,-15.36808],[-47.00165,-15.35394],[-47.00185,-15.35322],[-47.00272,-15.35304],[-47.00352,-15.35216],[-47.00686,-15.3518],[-47.00734,-15.35083],[-47.00849,-15.35012],[-47.00933,-15.349],[-47.01225,-15.34937],[-47.0135,-15.34917],[-47.01404,-15.34796],[-47.01509,-15.34813],[-47.01493,-15.34603],[-47.01585,-15.34594],[-47.01666,-15.34475],[-47.01791,-15.34428],[-47.02018,-15.34279],[-47.02177,-15.34275],[-47.0216,-15.34151],[-47.02282,-15.34085],[-47.0227,-15.34007],[-47.0233,-15.33888],[-47.0245,-15.33897],[-47.02465,-15.33794],[-47.02657,-15.33732],[-47.02593,-15.33612],[-47.02746,-15.33547],[-47.02794,-15.33485],[-47.02919,-15.33476],[-47.03033,-15.33413],[-47.03208,-15.33459],[-47.03381,-15.33448],[-47.03329,-15.3331],[-47.03465,-15.33297],[-47.03474,-15.33175],[-47.03599,-15.33143],[-47.03572,-15.32861],[-47.03601,-15.32803],[-47.03999,-15.32682],[-47.04102,-15.32622],[-47.04097,-15.32419],[-47.04151,-15.3231],[-47.04289,-15.32252],[-47.04271,-15.3217],[-47.04444,-15.31834],[-47.04647,-15.31721],[-47.04864,-15.31443],[-47.04978,-15.3132],[-47.05052,-15.3143],[-47.05135,-15.31462],[-47.05353,-15.31335],[-47.05547,-15.31298],[-47.0559,-15.31238],[-47.05708,-15.31237],[-47.05806,-15.31163],[-47.05877,-15.30931],[-47.05885,-15.30807],[-47.06294,-15.30565],[-47.06302,-15.30443],[-47.06375,-15.30258],[-47.06526,-15.3009],[-47.06604,-15.29844],[-47.06673,-15.29711],[-47.06619,-15.2964],[-47.06695,-15.29473],[-47.0683,-15.29435],[-47.06913,-15.29296],[-47.06954,-15.29128],[-47.06951,-15.29001],[-47.0713,-15.28789],[-47.07116,-15.28688],[-47.07037,-15.28524],[-47.0702,-15.28401],[-47.07117,-15.28322],[-47.07132,-15.28188],[-47.06986,-15.28015],[-47.07052,-15.2796],[-47.07055,-15.27818],[-47.07107,-15.27783],[-47.0725,-15.27827],[-47.07356,-15.27788],[-47.07398,-15.27654],[-47.07484,-15.27702],[-47.07612,-15.27831],[-47.07518,-15.27937],[-47.0752,-15.28045],[-47.07458,-15.28135],[-47.07559,-15.28174],[-47.07593,-15.28342],[-47.07543,-15.28405],[-47.07548,-15.28632],[-47.07495,-15.28713],[-47.07588,-15.28983],[-47.07451,-15.29094],[-47.0752,-15.29125],[-47.07547,-15.29229],[-47.07443,-15.29262],[-47.07516,-15.29392],[-47.07651,-15.29512],[-47.07675,-15.29649],[-47.07759,-15.29704],[-47.07846,-15.29658],[-47.07935,-15.29713],[-47.08086,-15.29893],[-47.08094,-15.29942],[-47.07907,-15.29952],[-47.07996,-15.30029],[-47.08009,-15.30118],[-47.07925,-15.30162],[-47.07977,-15.30247],[-47.08052,-15.30158],[-47.08128,-15.30249],[-47.08116,-15.3035],[-47.08253,-15.30441],[-47.08385,-15.30612],[-47.08455,-15.3091],[-47.08396,-15.31142],[-47.08303,-15.31206],[-47.08224,-15.31318],[-47.08205,-15.31459],[-47.08102,-15.31547],[-47.08078,-15.31834],[-47.07937,-15.31925],[-47.07958,-15.3202],[-47.08072,-15.32154],[-47.08144,-15.32181],[-47.08259,-15.3241],[-47.08331,-15.32485],[-47.08082,-15.32735],[-47.08056,-15.32886],[-47.08099,-15.32934],[-47.08203,-15.32915],[-47.08341,-15.33043],[-47.08277,-15.33289],[-47.08194,-15.33266],[-47.08066,-15.33476],[-47.07881,-15.33509],[-47.07968,-15.33613],[-47.07917,-15.33737],[-47.07969,-15.33813],[-47.07936,-15.33948],[-47.07821,-15.34067],[-47.07825,-15.34244],[-47.07971,-15.3441],[-47.08017,-15.34575],[-47.08079,-15.34622],[-47.08191,-15.34627],[-47.08258,-15.34557],[-47.08432,-15.34576],[-47.0853,-15.34714],[-47.08633,-15.3468],[-47.08965,-15.34808],[-47.08994,-15.34891],[-47.09092,-15.34983],[-47.09222,-15.35014],[-47.09282,-15.34957],[-47.09364,-15.35023],[-47.09495,-15.3494],[-47.09621,-15.34925],[-47.09818,-15.34756],[-47.09943,-15.34699],[-47.09978,-15.3454],[-47.10063,-15.3448],[-47.10136,-15.34348],[-47.10218,-15.34313],[-47.10398,-15.34421],[-47.10504,-15.34335],[-47.10713,-15.34311],[-47.10699,-15.34391],[-47.10933,-15.34461],[-47.10966,-15.34563],[-47.11086,-15.34617],[-47.11187,-15.34598],[-47.11335,-15.34642],[-47.11428,-15.34608],[-47.11451,-15.3452],[-47.11685,-15.34441],[-47.11659,-15.34305],[-47.11756,-15.3416],[-47.11856,-15.34243],[-47.11957,-15.34248],[-47.12083,-15.34176],[-47.12141,-15.34256],[-47.123,-15.34178],[-47.12468,-15.343],[-47.12474,-15.34383],[-47.12559,-15.34401],[-47.12623,-15.34337],[-47.12726,-15.34313],[-47.12937,-15.34347],[-47.13112,-15.34418],[-47.13181,-15.3455],[-47.13125,-15.34804],[-47.13063,-15.3491],[-47.13113,-15.34999],[-47.1303,-15.35128],[-47.13057,-15.35201],[-47.12957,-15.35232],[-47.12896,-15.35493],[-47.12903,-15.3562],[-47.13008,-15.35728],[-47.13083,-15.35754],[-47.13121,-15.35843],[-47.13073,-15.36083],[-47.1311,-15.36175],[-47.13071,-15.3625],[-47.12966,-15.3671],[-47.13014,-15.36819],[-47.13062,-15.37094],[-47.13109,-15.37145],[-47.13146,-15.37344],[-47.13082,-15.37539],[-47.13118,-15.37934],[-47.13183,-15.38061],[-47.13212,-15.38228],[-47.1309,-15.38547],[-47.13206,-15.38622],[-47.13196,-15.38726],[-47.13249,-15.38879],[-47.13275,-15.39137],[-47.1325,-15.39219],[-47.14168,-15.39273],[-47.14149,-15.39396],[-47.14177,-15.39496],[-47.14065,-15.3982],[-47.13951,-15.39991],[-47.13932,-15.4015],[-47.13983,-15.40218],[-47.13958,-15.4034],[-47.14183,-15.40553],[-47.14154,-15.40626],[-47.14344,-15.40714],[-47.14395,-15.40925],[-47.14532,-15.41036],[-47.14494,-15.41134],[-47.14561,-15.41355],[-47.14541,-15.41565],[-47.14632,-15.41663],[-47.14622,-15.41772],[-47.147,-15.41843],[-47.14626,-15.42016],[-47.14732,-15.42117],[-47.14782,-15.42254],[-47.14863,-15.42299],[-47.14908,-15.42397],[-47.14977,-15.42426],[-47.14916,-15.42545],[-47.15039,-15.42591],[-47.15014,-15.42662],[-47.15146,-15.42787],[-47.15226,-15.42964],[-47.15375,-15.42895],[-47.15339,-15.42767],[-47.15505,-15.42572],[-47.15483,-15.42472],[-47.1552,-15.42293],[-47.15658,-15.42055],[-47.15726,-15.41805],[-47.15798,-15.41666],[-47.15937,-15.41623],[-47.16086,-15.41679],[-47.16192,-15.41638],[-47.16197,-15.41533],[-47.16276,-15.41449],[-47.163,-15.41273],[-47.16412,-15.41237],[-47.16389,-15.41161],[-47.16477,-15.40928],[-47.16541,-15.40975],[-47.16682,-15.40919],[-47.16648,-15.4079],[-47.16697,-15.40669],[-47.16762,-15.40687],[-47.16875,-15.406],[-47.16824,-15.40511],[-47.16916,-15.40428],[-47.17044,-15.40385],[-47.17124,-15.40447],[-47.17198,-15.4042],[-47.17258,-15.40238],[-47.17316,-15.40225],[-47.17342,-15.40101],[-47.17295,-15.4005],[-47.17331,-15.39919],[-47.17531,-15.39941],[-47.17591,-15.39761],[-47.17704,-15.39782],[-47.17783,-15.39753],[-47.17754,-15.39628],[-47.17868,-15.39456],[-47.17878,-15.3937],[-47.18065,-15.39251],[-47.18248,-15.3924],[-47.1825,-15.3932],[-47.1845,-15.39213],[-47.18533,-15.39244],[-47.18604,-15.39068],[-47.18619,-15.38932],[-47.18708,-15.38855],[-47.18953,-15.38844],[-47.18997,-15.38675],[-47.19107,-15.38575],[-47.19217,-15.38566],[-47.19196,-15.38306],[-47.19135,-15.38214],[-47.19243,-15.37986],[-47.19169,-15.37887],[-47.19179,-15.37806],[-47.19092,-15.37697],[-47.19099,-15.37544],[-47.19155,-15.37499],[-47.19148,-15.37391],[-47.19279,-15.37242],[-47.19235,-15.37116],[-47.19264,-15.36977],[-47.19315,-15.36921],[-47.1947,-15.3685],[-47.19523,-15.36566],[-47.19601,-15.36544],[-47.19656,-15.36233],[-47.19801,-15.36136],[-47.19859,-15.36028],[-47.19833,-15.35884],[-47.19946,-15.35851],[-47.19974,-15.36001],[-47.20094,-15.3597],[-47.19875,-15.37673],[-47.1963,-15.38763],[-47.19443,-15.41872],[-47.19238,-15.42458],[-47.19225,-15.42568],[-47.193,-15.42752],[-47.19326,-15.42996],[-47.1949,-15.43299],[-47.19305,-15.4361],[-47.19254,-15.43654],[-47.19181,-15.43932],[-47.19199,-15.43977],[-47.19185,-15.44217],[-47.19072,-15.44253],[-47.18981,-15.44329],[-47.18959,-15.44465],[-47.18859,-15.44589],[-47.18803,-15.45057],[-47.18538,-15.45068],[-47.18369,-15.4537],[-47.1825,-15.45804],[-47.18094,-15.45954],[-47.17715,-15.46121],[-47.17457,-15.46256],[-47.17396,-15.46266],[-47.1714,-15.46423],[-47.16956,-15.46616],[-47.16804,-15.46996],[-47.16752,-15.47218],[-47.1691,-15.47452],[-47.17011,-15.48795],[-47.16995,-15.48833],[-47.16448,-15.48949],[-47.15836,-15.49067],[-47.15775,-15.49243],[-47.14913,-15.50221],[-47.1488,-15.50271],[-47.14592,-15.5129],[-47.14474,-15.51512],[-47.14083,-15.52143],[-47.13468,-15.53073],[-47.13272,-15.53325],[-47.11076,-15.49956],[-47.10927,-15.4999],[-47.108,-15.50065],[-47.10596,-15.50059],[-47.10303,-15.50133],[-47.10127,-15.50289],[-47.10021,-15.5049],[-47.09697,-15.50827],[-47.09573,-15.51029],[-47.09368,-15.51406],[-47.09261,-15.51781],[-47.09256,-15.51967],[-47.09284,-15.52189],[-47.09206,-15.52644],[-47.09072,-15.53005],[-47.09045,-15.53152],[-47.09081,-15.53319],[-47.09166,-15.53471],[-47.09276,-15.53752],[-47.09338,-15.53815],[-47.09582,-15.54249],[-47.09664,-15.54497],[-47.09803,-15.54761],[-47.10218,-15.55328],[-47.10322,-15.55753],[-47.10344,-15.55926],[-47.10304,-15.5587],[-47.10181,-15.55825],[-47.09744,-15.55779],[-47.09057,-15.55644],[-47.08061,-15.55598],[-47.07886,-15.55563],[-47.07616,-15.55571],[-47.07342,-15.55629],[-47.07123,-15.55546],[-47.07131,-15.55452],[-47.07035,-15.554],[-47.06958,-15.55279],[-47.06868,-15.55229],[-47.06809,-15.55054],[-47.06704,-15.55085],[-47.06681,-15.54923],[-47.06497,-15.54922],[-47.06494,-15.5482],[-47.0636,-15.54785],[-47.06255,-15.54648],[-47.06121,-15.54658],[-47.06037,-15.54603],[-47.05812,-15.54544],[-47.05725,-15.54489],[-47.05742,-15.54426],[-47.05575,-15.54404],[-47.05459,-15.54198],[-47.05389,-15.54141],[-47.05262,-15.54123],[-47.05152,-15.54],[-47.0505,-15.54002],[-47.05033,-15.53905],[-47.04871,-15.53776],[-47.0492,-15.53724],[-47.04687,-15.53605],[-47.04366,-15.53674],[-47.04244,-15.53732],[-47.03956,-15.53789],[-47.03741,-15.53946],[-47.036,-15.53971],[-47.03483,-15.54068],[-47.03424,-15.54004],[-47.03311,-15.54137],[-47.03271,-15.54104],[-47.02977,-15.54249],[-47.02769,-15.54266],[-47.02553,-15.54331],[-47.02328,-15.54458],[-47.02303,-15.54502],[-47.02101,-15.54444],[-47.01963,-15.54589],[-47.01934,-15.54675],[-47.01945,-15.54832],[-47.01874,-15.54934],[-47.01909,-15.55058],[-47.01993,-15.55094],[-47.01946,-15.55215],[-47.01943,-15.55376],[-47.01982,-15.55465],[-47.01923,-15.55518],[-47.01967,-15.55599],[-47.01952,-15.55691],[-47.02021,-15.5573],[-47.01864,-15.55926],[-47.01816,-15.56282],[-47.01699,-15.56423],[-47.01696,-15.56676],[-47.0164,-15.56713],[-47.01646,-15.56828],[-47.01587,-15.56888],[-47.01566,-15.57094],[-47.01609,-15.57191],[-47.01493,-15.57321],[-47.01492,-15.57429],[-47.01587,-15.576],[-47.01691,-15.57658],[-47.01674,-15.57734],[-47.01799,-15.57753],[-47.01768,-15.57853],[-47.01792,-15.58083],[-47.01877,-15.581],[-47.01827,-15.58291],[-47.01712,-15.58313],[-47.01694,-15.58397],[-47.01691,-15.58674],[-47.01737,-15.58746],[-47.017,-15.58929],[-47.01712,-15.59009],[-47.01594,-15.59154],[-47.0163,-15.5926],[-47.01618,-15.59377],[-47.01541,-15.59494],[-47.01621,-15.59597],[-47.01759,-15.59716],[-47.01749,-15.59862],[-47.01812,-15.59901],[-47.01642,-15.60054],[-47.01703,-15.6011],[-47.01578,-15.60294],[-47.01571,-15.60402],[-47.01645,-15.60692],[-47.0161,-15.60831],[-47.01536,-15.60944],[-47.01674,-15.61061],[-47.01628,-15.61165],[-47.01512,-15.61183],[-47.0147,-15.61262],[-47.01544,-15.61391],[-47.01468,-15.61427],[-47.01511,-15.61716],[-47.01347,-15.61787],[-47.01415,-15.61857],[-47.01473,-15.61999],[-47.01432,-15.6208],[-47.01333,-15.62002],[-47.01173,-15.62036],[-47.0118,-15.62085],[-47.01311,-15.62127],[-47.01282,-15.62225],[-47.01395,-15.62402],[-47.01255,-15.6257],[-47.01278,-15.62774],[-47.01088,-15.62895],[-47.01145,-15.63003],[-47.01088,-15.63042],[-47.01034,-15.63169],[-47.01047,-15.63295],[-47.00996,-15.63344],[-47.00992,-15.63457],[-47.00877,-15.63511],[-47.00753,-15.63493],[-47.00663,-15.63651],[-47.00643,-15.63767],[-47.00501,-15.63797],[-47.00432,-15.63769],[-47.00307,-15.63803],[-47.00294,-15.63916],[-47.00417,-15.63911],[-47.00405,-15.63986],[-47.00314,-15.64066],[-47.0032,-15.64227],[-47.00224,-15.64303],[-47.00334,-15.64416],[-47.00367,-15.64537],[-47.00261,-15.64634],[-47.00233,-15.6474],[-47.00072,-15.64766],[-47.00036,-15.64903],[-46.99957,-15.6497],[-46.99909,-15.65113],[-46.99838,-15.6521],[-46.99784,-15.65382],[-46.99699,-15.65377],[-46.99705,-15.65265],[-46.99551,-15.65173],[-46.99419,-15.65192],[-46.993,-15.65029],[-46.99212,-15.64977],[-46.99128,-15.64984],[-46.98985,-15.65152],[-46.99063,-15.65273],[-46.9889,-15.65224],[-46.9883,-15.65128],[-46.98762,-15.65244],[-46.98751,-15.6534],[-46.98677,-15.65355],[-46.98534,-15.65278],[-46.98392,-15.65269],[-46.9839,-15.65119],[-46.98343,-15.65103],[-46.98261,-15.65212],[-46.98164,-15.65209],[-46.98137,-15.65078],[-46.97968,-15.65253],[-46.97815,-15.65255],[-46.97729,-15.65332],[-46.97655,-15.65261],[-46.97759,-15.65048],[-46.97688,-15.64956],[-46.97539,-15.64966],[-46.97176,-15.65146],[-46.9712,-15.65253],[-46.97166,-15.65317],[-46.9734,-15.65329],[-46.97364,-15.6544],[-46.97255,-15.65532],[-46.97214,-15.65653],[-46.97089,-15.65781],[-46.97036,-15.65943],[-46.97162,-15.66126],[-46.97174,-15.66317],[-46.97105,-15.66334],[-46.97006,-15.66258],[-46.96873,-15.661],[-46.9677,-15.66174],[-46.96671,-15.66105],[-46.96585,-15.65925],[-46.96549,-15.65726],[-46.96425,-15.65685],[-46.96494,-15.65882],[-46.96423,-15.65977],[-46.96362,-15.6598],[-46.96143,-15.6578],[-46.96085,-15.65818],[-46.96168,-15.65948],[-46.96085,-15.66062],[-46.96157,-15.66149],[-46.96307,-15.66193],[-46.9628,-15.66283],[-46.96159,-15.66292],[-46.95979,-15.66397],[-46.95978,-15.66289],[-46.95883,-15.66198],[-46.95792,-15.65993],[-46.9568,-15.66056],[-46.95584,-15.66007],[-46.95429,-15.66012],[-46.95336,-15.65917],[-46.95371,-15.65768],[-46.9546,-15.65598],[-46.95383,-15.65392],[-46.95225,-15.65428],[-46.94971,-15.65209],[-46.94822,-15.65058],[-46.94673,-15.64782],[-46.94568,-15.64704],[-46.94432,-15.6468],[-46.94381,-15.64617],[-46.94397,-15.64506],[-46.9422,-15.64557],[-46.94119,-15.64628],[-46.93972,-15.64813],[-46.93872,-15.64847],[-46.93639,-15.64862],[-46.93676,-15.65011],[-46.93636,-15.65065],[-46.93496,-15.65078],[-46.93434,-15.65136],[-46.93326,-15.65054],[-46.9337,-15.64959],[-46.93191,-15.64829],[-46.93005,-15.64649],[-46.93047,-15.64538],[-46.92874,-15.64525],[-46.92783,-15.64475],[-46.9263,-15.64226],[-46.92695,-15.64105],[-46.92548,-15.63916],[-46.92466,-15.63845],[-46.92322,-15.63819],[-46.92318,-15.63681],[-46.92246,-15.63634],[-46.9209,-15.63602],[-46.9185,-15.63504],[-46.91769,-15.63433],[-46.91685,-15.6325],[-46.91673,-15.63037],[-46.91575,-15.62956],[-46.91451,-15.62964],[-46.91294,-15.62743],[-46.91269,-15.62639],[-46.91371,-15.62537],[-46.91491,-15.62523],[-46.91411,-15.62405],[-46.91311,-15.62427],[-46.91226,-15.62369],[-46.91071,-15.62375],[-46.91012,-15.62253],[-46.91037,-15.62168],[-46.90971,-15.62121],[-46.90816,-15.6209],[-46.907,-15.61986],[-46.90593,-15.61988],[-46.90494,-15.61875],[-46.90227,-15.61892],[-46.90116,-15.61954],[-46.89945,-15.61933],[-46.89853,-15.61849],[-46.89499,-15.61864],[-46.8944,-15.61823],[-46.89373,-15.61683],[-46.89263,-15.61742],[-46.89077,-15.61746],[-46.89033,-15.61702],[-46.89009,-15.61542],[-46.88872,-15.61597],[-46.88833,-15.61473],[-46.88725,-15.61364],[-46.88714,-15.61167],[-46.88607,-15.60999],[-46.88511,-15.60947],[-46.88258,-15.61008],[-46.88882,-15.60561],[-46.89062,-15.60227],[-46.89104,-15.60032],[-46.89453,-15.59539],[-46.89706,-15.59318],[-46.90029,-15.59181],[-46.9035,-15.59119],[-46.91095,-15.59103],[-46.91775,-15.59001],[-46.91953,-15.58881],[-46.92358,-15.58493],[-46.93368,-15.57629],[-46.93881,-15.57074],[-46.94298,-15.567],[-46.94612,-15.56333],[-46.94764,-15.56077],[-46.94869,-15.55784],[-46.9491,-15.5546],[-46.94824,-15.54617],[-46.94651,-15.53641],[-46.94421,-15.51819],[-46.94125,-15.50966],[-46.93898,-15.50208],[-46.93872,-15.49951],[-46.93693,-15.4969],[-46.93438,-15.49213],[-46.93243,-15.48317],[-46.93242,-15.47826],[-46.93339,-15.47043],[-46.9335,-15.46401],[-46.93328,-15.46023],[-46.93047,-15.44309],[-46.92931,-15.43994],[-46.92626,-15.43475],[-46.92084,-15.42739],[-46.91912,-15.42377],[-46.91786,-15.4195],[-46.91512,-15.41483],[-46.91193,-15.41155],[-46.89702,-15.40228],[-46.89153,-15.40031]]]},"properties":{"codigo":"520800407","name":"Bezerra","population":3360,"households":1870,"areaKm2":788.7636,"density":4.3}},{"type":"Feature","geometry":{"type":"Polygon","coordinates":[[[-47.14564,-14.53958],[-47.14891,-14.54157],[-47.15102,-14.54397],[-47.15314,-14.54814],[-47.1539,-14.54866],[-47.15603,-14.54833],[-47.15711,-14.54894],[-47.15717,-14.55063],[-47.15858,-14.55135],[-47.15902,-14.55117],[-47.15923,-14.54918],[-47.16031,-14.54782],[-47.16156,-14.54781],[-47.161,-14.54937],[-47.1612,-14.55039],[-47.16201,-14.55076],[-47.16258,-14.55029],[-47.16238,-14.54821],[-47.16312,-14.54748],[-47.16452,-14.54783],[-47.16534,-14.54769],[-47.1667,-14.54611],[-47.16779,-14.54613],[-47.16834,-14.54821],[-47.1697,-14.54883],[-47.1712,-14.5478],[-47.17169,-14.54635],[-47.17184,-14.54483],[-47.17112,-14.54333],[-47.16943,-14.54293],[-47.16787,-14.54223],[-47.16764,-14.54151],[-47.16862,-14.54052],[-47.16887,-14.53971],[-47.16993,-14.53946],[-47.17104,-14.54041],[-47.17133,-14.5418],[-47.17184,-14.54202],[-47.17464,-14.5403],[-47.17769,-14.54029],[-47.17801,-14.54065],[-47.17779,-14.54245],[-47.17809,-14.54292],[-47.18074,-14.54356],[-47.18187,-14.5432],[-47.18468,-14.54384],[-47.18566,-14.54688],[-47.18419,-14.54828],[-47.18416,-14.54925],[-47.1847,-14.55028],[-47.18368,-14.55159],[-47.18358,-14.55326],[-47.18412,-14.55391],[-47.18636,-14.55415],[-47.19078,-14.55594],[-47.1908,-14.55696],[-47.18837,-14.55855],[-47.18643,-14.55956],[-47.18594,-14.56007],[-47.18616,-14.56123],[-47.18758,-14.56222],[-47.19137,-14.56309],[-47.19076,-14.56536],[-47.19148,-14.56691],[-47.19283,-14.56878],[-47.19362,-14.56937],[-47.1972,-14.57008],[-47.1979,-14.57044],[-47.1983,-14.57146],[-47.19757,-14.57241],[-47.19355,-14.57293],[-47.19291,-14.57313],[-47.19207,-14.57423],[-47.19313,-14.57612],[-47.19325,-14.57687],[-47.19195,-14.57908],[-47.19229,-14.57981],[-47.19343,-14.58038],[-47.19528,-14.58043],[-47.19571,-14.57958],[-47.19445,-14.57848],[-47.19457,-14.57772],[-47.1961,-14.57712],[-47.19819,-14.57681],[-47.19954,-14.57711],[-47.20051,-14.57842],[-47.19958,-14.57955],[-47.19887,-14.58218],[-47.19984,-14.58275],[-47.20044,-14.58239],[-47.20063,-14.5808],[-47.2016,-14.58024],[-47.20226,-14.58053],[-47.20257,-14.58145],[-47.2006,-14.58339],[-47.20023,-14.5851],[-47.20102,-14.5858],[-47.20081,-14.58873],[-47.20112,-14.58982],[-47.2055,-14.59363],[-47.20625,-14.59468],[-47.20651,-14.59588],[-47.20617,-14.59691],[-47.20422,-14.59963],[-47.20382,-14.60078],[-47.20323,-14.60416],[-47.20357,-14.60646],[-47.20501,-14.60774],[-47.2062,-14.60751],[-47.20623,-14.60667],[-47.20551,-14.6059],[-47.20557,-14.60497],[-47.20639,-14.6048],[-47.20701,-14.60564],[-47.2086,-14.60604],[-47.20989,-14.60561],[-47.21101,-14.60323],[-47.21224,-14.60311],[-47.21388,-14.60496],[-47.215,-14.60588],[-47.21682,-14.60671],[-47.21774,-14.60623],[-47.2178,-14.60462],[-47.21923,-14.60422],[-47.21967,-14.60506],[-47.21967,-14.60665],[-47.22104,-14.60759],[-47.22047,-14.61002],[-47.22097,-14.61162],[-47.22023,-14.61238],[-47.21881,-14.61166],[-47.21696,-14.61136],[-47.21604,-14.61171],[-47.21524,-14.6126],[-47.21497,-14.61615],[-47.21544,-14.61665],[-47.2169,-14.61633],[-47.2175,-14.61685],[-47.21672,-14.6192],[-47.21762,-14.62068],[-47.21892,-14.62009],[-47.2196,-14.62124],[-47.21733,-14.62193],[-47.21696,-14.6225],[-47.21661,-14.6245],[-47.2156,-14.62644],[-47.21595,-14.62864],[-47.21707,-14.63088],[-47.21838,-14.63202],[-47.21935,-14.6316],[-47.2199,-14.63047],[-47.22061,-14.63008],[-47.22137,-14.63044],[-47.22283,-14.63203],[-47.2237,-14.63182],[-47.22418,-14.62908],[-47.22479,-14.62871],[-47.22714,-14.62996],[-47.23024,-14.63085],[-47.23009,-14.63222],[-47.22798,-14.63222],[-47.22474,-14.63387],[-47.22491,-14.63509],[-47.22607,-14.63441],[-47.22723,-14.63461],[-47.22719,-14.6358],[-47.22775,-14.63675],[-47.2305,-14.6377],[-47.23182,-14.63936],[-47.23176,-14.64002],[-47.23057,-14.64146],[-47.23093,-14.64252],[-47.23183,-14.64226],[-47.23283,-14.64294],[-47.23284,-14.64441],[-47.234,-14.64561],[-47.23407,-14.64639],[-47.23336,-14.64837],[-47.23263,-14.64863],[-47.23052,-14.648],[-47.22975,-14.64824],[-47.22971,-14.64908],[-47.23082,-14.65039],[-47.23085,-14.65145],[-47.22981,-14.65311],[-47.23006,-14.65423],[-47.23215,-14.65413],[-47.23422,-14.65495],[-47.23398,-14.65629],[-47.23182,-14.65731],[-47.23157,-14.6578],[-47.2314,-14.66214],[-47.23033,-14.66274],[-47.22839,-14.66037],[-47.2272,-14.66033],[-47.22697,-14.66117],[-47.22875,-14.66256],[-47.23057,-14.66589],[-47.23039,-14.66817],[-47.23129,-14.66954],[-47.23265,-14.67034],[-47.23244,-14.67103],[-47.23121,-14.67132],[-47.22923,-14.67114],[-47.22886,-14.67162],[-47.22899,-14.67387],[-47.22965,-14.67391],[-47.23108,-14.67288],[-47.2329,-14.67285],[-47.23438,-14.6737],[-47.23637,-14.67362],[-47.23676,-14.67429],[-47.23552,-14.67546],[-47.23496,-14.67743],[-47.23352,-14.6782],[-47.23147,-14.6785],[-47.2305,-14.67936],[-47.23022,-14.68038],[-47.23053,-14.68106],[-47.23207,-14.68222],[-47.23193,-14.68362],[-47.23248,-14.68395],[-47.23412,-14.68348],[-47.23481,-14.68373],[-47.23483,-14.68474],[-47.23418,-14.68588],[-47.23445,-14.68788],[-47.23658,-14.69013],[-47.23777,-14.69015],[-47.23818,-14.68845],[-47.23885,-14.68805],[-47.24238,-14.68975],[-47.24269,-14.69048],[-47.24198,-14.69131],[-47.24047,-14.69128],[-47.23989,-14.69179],[-47.23994,-14.6927],[-47.24103,-14.69401],[-47.24122,-14.6956],[-47.24254,-14.69637],[-47.24432,-14.69558],[-47.24526,-14.69403],[-47.24616,-14.69473],[-47.24634,-14.69871],[-47.24656,-14.69977],[-47.24721,-14.70084],[-47.24949,-14.70185],[-47.25215,-14.70157],[-47.25682,-14.69983],[-47.25743,-14.69983],[-47.25972,-14.70065],[-47.26233,-14.70194],[-47.26372,-14.70147],[-47.26833,-14.69787],[-47.27117,-14.69706],[-47.27325,-14.69603],[-47.27535,-14.69569],[-47.27667,-14.69512],[-47.27746,-14.69292],[-47.2782,-14.69279],[-47.28235,-14.69435],[-47.28341,-14.69531],[-47.28451,-14.6973],[-47.28618,-14.69901],[-47.28829,-14.69999],[-47.29041,-14.70148],[-47.29103,-14.70268],[-47.29154,-14.71141],[-47.29219,-14.71213],[-47.29725,-14.71281],[-47.29815,-14.71394],[-47.2978,-14.71476],[-47.29663,-14.7162],[-47.29662,-14.71714],[-47.29813,-14.71802],[-47.29871,-14.7187],[-47.29877,-14.71964],[-47.29817,-14.72223],[-47.29823,-14.72517],[-47.29868,-14.726],[-47.3004,-14.72785],[-47.30261,-14.72912],[-47.30451,-14.73061],[-47.30579,-14.73224],[-47.30612,-14.73318],[-47.30596,-14.73443],[-47.30516,-14.73632],[-47.3041,-14.73793],[-47.30403,-14.73934],[-47.30688,-14.7434],[-47.30797,-14.74461],[-47.3081,-14.74637],[-47.30807,-14.75121],[-47.30888,-14.75224],[-47.31005,-14.75205],[-47.31189,-14.74933],[-47.31328,-14.74801],[-47.31376,-14.74599],[-47.31389,-14.74342],[-47.31424,-14.74246],[-47.31706,-14.73981],[-47.31828,-14.74005],[-47.31879,-14.74122],[-47.31899,-14.74294],[-47.31883,-14.74393],[-47.31806,-14.74472],[-47.31647,-14.74555],[-47.31614,-14.74661],[-47.31705,-14.74706],[-47.31951,-14.74759],[-47.32105,-14.7484],[-47.32213,-14.7498],[-47.32308,-14.75255],[-47.32289,-14.75397],[-47.32105,-14.75471],[-47.31634,-14.75494],[-47.31487,-14.75617],[-47.31485,-14.75886],[-47.31417,-14.75953],[-47.31112,-14.76005],[-47.31074,-14.76062],[-47.31155,-14.76152],[-47.31338,-14.76438],[-47.3148,-14.76715],[-47.31555,-14.76778],[-47.31711,-14.76783],[-47.31868,-14.76664],[-47.32064,-14.76431],[-47.32216,-14.76312],[-47.32337,-14.76331],[-47.32336,-14.76454],[-47.3228,-14.76733],[-47.32225,-14.76915],[-47.32452,-14.76999],[-47.32464,-14.77058],[-47.32399,-14.77219],[-47.32427,-14.77301],[-47.32579,-14.77389],[-47.32663,-14.7738],[-47.32787,-14.7727],[-47.32911,-14.77075],[-47.33041,-14.76992],[-47.33191,-14.76771],[-47.33399,-14.76578],[-47.33514,-14.76595],[-47.33706,-14.76904],[-47.33855,-14.77037],[-47.3383,-14.77221],[-47.33856,-14.77308],[-47.33952,-14.7735],[-47.34129,-14.77301],[-47.34436,-14.77085],[-47.34517,-14.77057],[-47.34711,-14.7714],[-47.34856,-14.77109],[-47.35048,-14.77112],[-47.35098,-14.77158],[-47.35193,-14.7741],[-47.35466,-14.77587],[-47.3567,-14.77577],[-47.35719,-14.77623],[-47.35642,-14.77893],[-47.35549,-14.78134],[-47.35503,-14.78512],[-47.35552,-14.78653],[-47.35576,-14.79264],[-47.35621,-14.79337],[-47.35948,-14.7955],[-47.36061,-14.79658],[-47.36121,-14.79852],[-47.36085,-14.79952],[-47.35993,-14.79983],[-47.35943,-14.80061],[-47.36042,-14.80316],[-47.3615,-14.80444],[-47.36235,-14.80479],[-47.36465,-14.80664],[-47.36643,-14.80656],[-47.36944,-14.80813],[-47.3701,-14.8101],[-47.37145,-14.81141],[-47.37366,-14.81466],[-47.37547,-14.8186],[-47.37623,-14.82064],[-47.37857,-14.82278],[-47.37919,-14.82385],[-47.3802,-14.82483],[-47.38139,-14.82732],[-47.38233,-14.82885],[-47.38357,-14.82943],[-47.38335,-14.83056],[-47.38058,-14.83118],[-47.37942,-14.82977],[-47.37886,-14.82964],[-47.37815,-14.83063],[-47.37792,-14.832],[-47.37674,-14.83424],[-47.37633,-14.8364],[-47.37673,-14.83788],[-47.37685,-14.8403],[-47.37669,-14.84171],[-47.37735,-14.84559],[-47.37809,-14.84811],[-47.37801,-14.84965],[-47.3783,-14.85316],[-47.37865,-14.85362],[-47.37991,-14.85334],[-47.38223,-14.85183],[-47.38321,-14.85173],[-47.3846,-14.85218],[-47.38408,-14.85455],[-47.38443,-14.8559],[-47.38425,-14.85833],[-47.38467,-14.85989],[-47.38635,-14.86443],[-47.38666,-14.86465],[-47.3899,-14.86515],[-47.39432,-14.86651],[-47.39824,-14.8684],[-47.39897,-14.86939],[-47.40157,-14.87143],[-47.40235,-14.87296],[-47.40493,-14.87443],[-47.40533,-14.87498],[-47.40545,-14.87633],[-47.40509,-14.87784],[-47.40393,-14.87988],[-47.40268,-14.88124],[-47.40176,-14.88331],[-47.40164,-14.88418],[-47.40219,-14.88716],[-47.40496,-14.88898],[-47.40854,-14.88786],[-47.41042,-14.88803],[-47.41387,-14.88951],[-47.41454,-14.89088],[-47.41432,-14.89186],[-47.41305,-14.89389],[-47.41486,-14.89636],[-47.415,-14.89706],[-47.4129,-14.89879],[-47.41296,-14.90003],[-47.41612,-14.90097],[-47.41714,-14.90186],[-47.41765,-14.90278],[-47.41776,-14.90479],[-47.41564,-14.90505],[-47.40927,-14.90718],[-47.40858,-14.90767],[-47.40747,-14.90915],[-47.40725,-14.91001],[-47.40752,-14.91155],[-47.40902,-14.91251],[-47.41083,-14.91211],[-47.41449,-14.91041],[-47.41502,-14.91097],[-47.4143,-14.9122],[-47.4147,-14.91307],[-47.41609,-14.91302],[-47.41822,-14.91418],[-47.41838,-14.91595],[-47.41813,-14.91643],[-47.41613,-14.91805],[-47.41511,-14.92034],[-47.41527,-14.9214],[-47.41637,-14.92098],[-47.4169,-14.9217],[-47.4165,-14.92282],[-47.41549,-14.92436],[-47.41365,-14.9253],[-47.4137,-14.92659],[-47.41568,-14.92685],[-47.41631,-14.92765],[-47.41661,-14.92917],[-47.41789,-14.92963],[-47.41888,-14.92886],[-47.41823,-14.92716],[-47.41904,-14.92663],[-47.42101,-14.92778],[-47.42163,-14.92865],[-47.42176,-14.92979],[-47.42096,-14.93101],[-47.41995,-14.93106],[-47.41925,-14.93161],[-47.41928,-14.9325],[-47.42026,-14.93427],[-47.42002,-14.9352],[-47.41725,-14.93693],[-47.41695,-14.93772],[-47.41661,-14.94021],[-47.41703,-14.94132],[-47.41895,-14.94236],[-47.4201,-14.94341],[-47.4217,-14.94446],[-47.42317,-14.94514],[-47.42394,-14.94873],[-47.42459,-14.95002],[-47.42495,-14.95166],[-47.42628,-14.95177],[-47.42694,-14.95367],[-47.42937,-14.95546],[-47.43022,-14.95651],[-47.43051,-14.95804],[-47.42951,-14.95827],[-47.42899,-14.95903],[-47.42883,-14.96072],[-47.42806,-14.96335],[-47.42697,-14.9646],[-47.42686,-14.96557],[-47.42877,-14.96687],[-47.43003,-14.96819],[-47.42989,-14.97023],[-47.43091,-14.97112],[-47.43086,-14.972],[-47.42835,-14.97367],[-47.42749,-14.97456],[-47.42731,-14.97543],[-47.42864,-14.97715],[-47.4293,-14.97855],[-47.43078,-14.98043],[-47.43129,-14.98145],[-47.43141,-14.9835],[-47.43129,-14.9855],[-47.43097,-14.98616],[-47.42886,-14.98786],[-47.4268,-14.98871],[-47.42614,-14.98931],[-47.42728,-14.99203],[-47.42628,-14.99276],[-47.42494,-14.99209],[-47.42392,-14.99212],[-47.42334,-14.99277],[-47.42302,-14.99456],[-47.42197,-14.99564],[-47.42222,-14.9967],[-47.42465,-14.9976],[-47.42552,-14.99833],[-47.42554,-14.99927],[-47.42407,-15.0012],[-47.42239,-15.00188],[-47.41911,-15.0021],[-47.41764,-15.003],[-47.42079,-15.00569],[-47.42118,-15.0064],[-47.42059,-15.00707],[-47.42107,-15.00856],[-47.42012,-15.00975],[-47.41886,-15.01017],[-47.4175,-15.0121],[-47.41675,-15.01222],[-47.41523,-15.01312],[-47.4147,-15.01394],[-47.416,-15.01498],[-47.41861,-15.01417],[-47.41954,-15.01467],[-47.41826,-15.01593],[-47.41917,-15.0166],[-47.42141,-15.01717],[-47.42149,-15.01781],[-47.41938,-15.01789],[-47.42008,-15.01927],[-47.41866,-15.01975],[-47.41828,-15.02038],[-47.41897,-15.02171],[-47.41846,-15.02222],[-47.41716,-15.02152],[-47.41664,-15.02286],[-47.41559,-15.02281],[-47.41574,-15.02179],[-47.41483,-15.02063],[-47.41436,-15.02079],[-47.41388,-15.02225],[-47.41321,-15.02275],[-47.41137,-15.02258],[-47.40978,-15.0229],[-47.4081,-15.02253],[-47.40669,-15.02139],[-47.40582,-15.02147],[-47.40542,-15.02238],[-47.40443,-15.02325],[-47.40461,-15.02403],[-47.40553,-15.02434],[-47.40631,-15.0252],[-47.40628,-15.02629],[-47.40528,-15.02666],[-47.40247,-15.02616],[-47.40176,-15.02549],[-47.40066,-15.02569],[-47.40025,-15.0266],[-47.40095,-15.02691],[-47.40277,-15.02696],[-47.40309,-15.02806],[-47.4015,-15.03047],[-47.39912,-15.03132],[-47.39739,-15.03332],[-47.39724,-15.03425],[-47.3999,-15.03651],[-47.39843,-15.03719],[-47.39837,-15.03818],[-47.4007,-15.0384],[-47.39972,-15.03931],[-47.39874,-15.0415],[-47.39757,-15.0411],[-47.39766,-15.03988],[-47.39706,-15.03926],[-47.39613,-15.04041],[-47.39509,-15.04016],[-47.39443,-15.04111],[-47.39498,-15.04223],[-47.39338,-15.04229],[-47.39283,-15.04307],[-47.39364,-15.04373],[-47.39329,-15.04469],[-47.39161,-15.04536],[-47.393,-15.04664],[-47.39248,-15.04757],[-47.39327,-15.04859],[-47.39409,-15.04788],[-47.39485,-15.04789],[-47.39722,-15.04904],[-47.39856,-15.04949],[-47.40091,-15.04959],[-47.40137,-15.05031],[-47.40055,-15.05112],[-47.39906,-15.05127],[-47.39847,-15.05316],[-47.39772,-15.05347],[-47.3974,-15.05228],[-47.39627,-15.05221],[-47.39651,-15.05348],[-47.39633,-15.05449],[-47.3951,-15.05436],[-47.39373,-15.05463],[-47.39209,-15.0557],[-47.39191,-15.05674],[-47.39279,-15.05728],[-47.39418,-15.05745],[-47.39558,-15.05688],[-47.39616,-15.05712],[-47.39722,-15.05886],[-47.39743,-15.05978],[-47.39692,-15.06106],[-47.39574,-15.06222],[-47.39372,-15.06312],[-47.39262,-15.0641],[-47.391,-15.06698],[-47.39095,-15.06851],[-47.39354,-15.06929],[-47.39428,-15.07065],[-47.39358,-15.07161],[-47.39247,-15.07182],[-47.3921,-15.07264],[-47.39324,-15.0747],[-47.39278,-15.07573],[-47.39087,-15.0764],[-47.38918,-15.07594],[-47.38846,-15.07729],[-47.38692,-15.07746],[-47.38626,-15.07703],[-47.38588,-15.07596],[-47.3849,-15.0754],[-47.3804,-15.0752],[-47.37916,-15.07619],[-47.3775,-15.07686],[-47.37754,-15.07745],[-47.376,-15.07777],[-47.37523,-15.07864],[-47.37457,-15.07821],[-47.37354,-15.07852],[-47.37308,-15.0778],[-47.37089,-15.07788],[-47.36987,-15.07819],[-47.36605,-15.07743],[-47.36468,-15.0782],[-47.36402,-15.07968],[-47.36162,-15.08029],[-47.35968,-15.07958],[-47.35855,-15.08075],[-47.35614,-15.0816],[-47.35429,-15.08188],[-47.35333,-15.08324],[-47.35286,-15.08165],[-47.35117,-15.0817],[-47.35067,-15.08058],[-47.3493,-15.0807],[-47.34841,-15.07978],[-47.34716,-15.08019],[-47.34658,-15.08194],[-47.34526,-15.08313],[-47.34455,-15.08236],[-47.34348,-15.08279],[-47.34227,-15.08256],[-47.3414,-15.08418],[-47.34031,-15.0856],[-47.33776,-15.08621],[-47.33675,-15.08686],[-47.33549,-15.08954],[-47.33449,-15.09009],[-47.33335,-15.09009],[-47.33266,-15.09062],[-47.33234,-15.09371],[-47.33039,-15.09459],[-47.32983,-15.09455],[-47.32898,-15.09328],[-47.32642,-15.09326],[-47.32529,-15.09468],[-47.32434,-15.09491],[-47.32397,-15.09413],[-47.32279,-15.09421],[-47.32181,-15.0936],[-47.32031,-15.09197],[-47.31995,-15.09052],[-47.31853,-15.09064],[-47.31786,-15.08999],[-47.31784,-15.08915],[-47.31721,-15.08762],[-47.31621,-15.08598],[-47.31355,-15.08588],[-47.31139,-15.08488],[-47.30917,-15.08483],[-47.30832,-15.08458],[-47.3078,-15.08312],[-47.30662,-15.08257],[-47.30707,-15.08164],[-47.30675,-15.08079],[-47.30733,-15.07915],[-47.30714,-15.0785],[-47.30609,-15.07762],[-47.30269,-15.07603],[-47.3012,-15.07466],[-47.29885,-15.07346],[-47.29743,-15.07376],[-47.29632,-15.07447],[-47.29506,-15.07662],[-47.2915,-15.07837],[-47.28965,-15.08041],[-47.287,-15.08402],[-47.28341,-15.08749],[-47.2802,-15.08938],[-47.27779,-15.0915],[-47.27588,-15.0943],[-47.27425,-15.09712],[-47.27225,-15.09923],[-47.26955,-15.10091],[-47.26838,-15.1013],[-47.26763,-15.102],[-47.2667,-15.10529],[-47.2657,-15.10729],[-47.2615,-15.1123],[-47.25917,-15.11536],[-47.25691,-15.1189],[-47.25498,-15.12079],[-47.25341,-15.12258],[-47.2523,-15.12445],[-47.25094,-15.12798],[-47.24956,-15.12942],[-47.24822,-15.13178],[-47.24663,-15.13399],[-47.24462,-15.13547],[-47.24362,-15.13788],[-47.24327,-15.13978],[-47.24186,-15.14263],[-47.23926,-15.1453],[-47.23648,-15.14961],[-47.23528,-15.15115],[-47.23123,-15.15804],[-47.22962,-15.16136],[-47.22736,-15.16634],[-47.22639,-15.16909],[-47.22199,-15.17877],[-47.21764,-15.18808],[-47.21715,-15.19009],[-47.21273,-15.18799],[-47.21051,-15.18743],[-47.20793,-15.18733],[-47.20752,-15.18688],[-47.20498,-15.18575],[-47.20282,-15.18525],[-47.20051,-15.18528],[-47.19931,-15.18463],[-47.19787,-15.18287],[-47.19492,-15.18117],[-47.1928,-15.17932],[-47.1912,-15.17748],[-47.18857,-15.17388],[-47.18685,-15.17254],[-47.18366,-15.17084],[-47.18072,-15.17014],[-47.17865,-15.17067],[-47.17787,-15.17173],[-47.17549,-15.17141],[-47.17239,-15.17118],[-47.16985,-15.17057],[-47.16627,-15.16884],[-47.1632,-15.16694],[-47.16198,-15.16496],[-47.16288,-15.16388],[-47.16201,-15.16299],[-47.16076,-15.15999],[-47.15969,-15.15943],[-47.15859,-15.15983],[-47.15725,-15.1584],[-47.1558,-15.15782],[-47.15659,-15.1563],[-47.15323,-15.15405],[-47.15235,-15.15325],[-47.15262,-15.15204],[-47.15125,-15.14971],[-47.15056,-15.15079],[-47.14848,-15.15082],[-47.1465,-15.15035],[-47.14509,-15.14767],[-47.14359,-15.14685],[-47.14317,-15.14517],[-47.14324,-15.14409],[-47.144,-15.14251],[-47.14398,-15.14114],[-47.1444,-15.14052],[-47.14333,-15.13962],[-47.14476,-15.13931],[-47.14395,-15.13851],[-47.1437,-15.13755],[-47.14463,-15.1361],[-47.14387,-15.13509],[-47.14456,-15.13349],[-47.14359,-15.1325],[-47.14447,-15.13084],[-47.14397,-15.12992],[-47.14404,-15.12697],[-47.14482,-15.12628],[-47.14414,-15.12517],[-47.14515,-15.12458],[-47.1464,-15.12497],[-47.14622,-15.12242],[-47.14711,-15.12156],[-47.14619,-15.1201],[-47.14688,-15.1198],[-47.14703,-15.11889],[-47.14613,-15.11859],[-47.14572,-15.11755],[-47.14506,-15.11722],[-47.14189,-15.11795],[-47.13962,-15.11865],[-47.1382,-15.11829],[-47.13646,-15.11889],[-47.1356,-15.1174],[-47.1348,-15.11683],[-47.1351,-15.1162],[-47.13382,-15.11401],[-47.13426,-15.11355],[-47.13481,-15.11172],[-47.13369,-15.11072],[-47.13502,-15.10994],[-47.13389,-15.10923],[-47.13487,-15.10683],[-47.13576,-15.1056],[-47.13667,-15.10583],[-47.13861,-15.10491],[-47.13884,-15.10422],[-47.13829,-15.10317],[-47.13879,-15.10099],[-47.1408,-15.10065],[-47.14147,-15.09864],[-47.14264,-15.09823],[-47.14311,-15.09669],[-47.14244,-15.09631],[-47.14164,-15.09702],[-47.14118,-15.09593],[-47.14242,-15.09405],[-47.1417,-15.09329],[-47.14277,-15.09207],[-47.14378,-15.09227],[-47.14431,-15.0911],[-47.14334,-15.0908],[-47.14313,-15.09003],[-47.14387,-15.08959],[-47.1448,-15.08817],[-47.14569,-15.08823],[-47.14576,-15.08663],[-47.14756,-15.08699],[-47.1478,-15.08549],[-47.14612,-15.08432],[-47.14718,-15.08241],[-47.14656,-15.08152],[-47.1482,-15.08068],[-47.14828,-15.07949],[-47.14941,-15.08007],[-47.15051,-15.07958],[-47.15028,-15.07898],[-47.14924,-15.07874],[-47.14848,-15.0781],[-47.14866,-15.07714],[-47.14942,-15.07679],[-47.14973,-15.07538],[-47.15209,-15.07609],[-47.15314,-15.07567],[-47.15389,-15.07659],[-47.15431,-15.07549],[-47.15504,-15.07471],[-47.15666,-15.0741],[-47.15564,-15.07285],[-47.1549,-15.07274],[-47.15393,-15.07117],[-47.15515,-15.07096],[-47.15563,-15.06958],[-47.15471,-15.06854],[-47.15605,-15.06747],[-47.15721,-15.06727],[-47.15738,-15.06647],[-47.15813,-15.06595],[-47.15859,-15.065],[-47.15824,-15.06383],[-47.1597,-15.06169],[-47.15872,-15.06117],[-47.1598,-15.06007],[-47.16014,-15.05919],[-47.16134,-15.05818],[-47.16304,-15.05798],[-47.16225,-15.05714],[-47.16245,-15.05468],[-47.16389,-15.05216],[-47.16327,-15.05127],[-47.16466,-15.05072],[-47.16672,-15.05154],[-47.16769,-15.05144],[-47.16851,-15.05048],[-47.1678,-15.05009],[-47.16666,-15.05022],[-47.16667,-15.04943],[-47.16783,-15.04918],[-47.16784,-15.04801],[-47.16976,-15.04804],[-47.1703,-15.0475],[-47.1698,-15.04645],[-47.16897,-15.04581],[-47.1703,-15.04495],[-47.17082,-15.04361],[-47.17023,-15.04278],[-47.17025,-15.04091],[-47.17146,-15.03969],[-47.17207,-15.03867],[-47.17229,-15.03755],[-47.17128,-15.03739],[-47.17192,-15.03387],[-47.17117,-15.0328],[-47.17132,-15.03158],[-47.17237,-15.03117],[-47.17552,-15.03157],[-47.17451,-15.03038],[-47.17557,-15.02879],[-47.17712,-15.02827],[-47.17748,-15.02774],[-47.17715,-15.0267],[-47.17974,-15.02574],[-47.18003,-15.02491],[-47.18108,-15.02415],[-47.1807,-15.02186],[-47.17901,-15.02133],[-47.17972,-15.0203],[-47.18086,-15.02038],[-47.18067,-15.0193],[-47.18121,-15.01812],[-47.18061,-15.01679],[-47.18204,-15.0152],[-47.18335,-15.01507],[-47.18379,-15.01358],[-47.18349,-15.01278],[-47.18431,-15.01177],[-47.1852,-15.01168],[-47.18595,-15.01225],[-47.18651,-15.01139],[-47.18556,-15.01058],[-47.18533,-15.00921],[-47.18437,-15.00648],[-47.18308,-15.00504],[-47.18297,-15.00396],[-47.18458,-15.00306],[-47.18375,-15.00122],[-47.18442,-15.00044],[-47.18629,-14.99927],[-47.18662,-14.99873],[-47.18602,-14.99789],[-47.18458,-14.99844],[-47.18417,-14.99708],[-47.18281,-14.99552],[-47.18095,-14.99447],[-47.18015,-14.99468],[-47.17935,-14.99415],[-47.17801,-14.99452],[-47.17725,-14.99434],[-47.17753,-14.99318],[-47.17603,-14.99208],[-47.17495,-14.99199],[-47.17459,-14.99093],[-47.17319,-14.99124],[-47.17185,-14.98959],[-47.17173,-14.98861],[-47.1726,-14.98836],[-47.17157,-14.98654],[-47.17125,-14.98485],[-47.16966,-14.98422],[-47.16862,-14.98327],[-47.16902,-14.98171],[-47.16992,-14.98116],[-47.17063,-14.97902],[-47.17158,-14.97824],[-47.17237,-14.97662],[-47.17343,-14.97536],[-47.17482,-14.97481],[-47.17538,-14.9741],[-47.17528,-14.97276],[-47.17683,-14.97255],[-47.1769,-14.97338],[-47.17917,-14.97136],[-47.1806,-14.97296],[-47.18126,-14.97104],[-47.18195,-14.97106],[-47.1826,-14.97214],[-47.18523,-14.9722],[-47.18595,-14.97157],[-47.18708,-14.97181],[-47.18651,-14.97013],[-47.18697,-14.96912],[-47.18812,-14.96955],[-47.19045,-14.9697],[-47.19468,-14.9694],[-47.19578,-14.96913],[-47.1962,-14.96851],[-47.19795,-14.96861],[-47.19943,-14.96622],[-47.20058,-14.96538],[-47.19975,-14.96484],[-47.20055,-14.9638],[-47.2025,-14.96227],[-47.20368,-14.96275],[-47.20483,-14.96195],[-47.20523,-14.96112],[-47.20656,-14.96098],[-47.20784,-14.95955],[-47.20726,-14.95861],[-47.20674,-14.95692],[-47.20954,-14.95563],[-47.20978,-14.95629],[-47.21079,-14.9563],[-47.21212,-14.95692],[-47.21512,-14.95637],[-47.21462,-14.95502],[-47.21601,-14.95432],[-47.21434,-14.95304],[-47.21553,-14.95281],[-47.21539,-14.95198],[-47.21609,-14.95101],[-47.21507,-14.95007],[-47.21353,-14.95055],[-47.21289,-14.95005],[-47.21178,-14.95024],[-47.21148,-14.94907],[-47.21172,-14.94787],[-47.21267,-14.9474],[-47.21254,-14.94516],[-47.21394,-14.94425],[-47.2138,-14.94286],[-47.21247,-14.94219],[-47.21241,-14.94306],[-47.2115,-14.94305],[-47.21178,-14.94176],[-47.21348,-14.94053],[-47.21515,-14.93991],[-47.21511,-14.93918],[-47.21658,-14.93912],[-47.21525,-14.93712],[-47.21549,-14.93538],[-47.21444,-14.9353],[-47.21285,-14.93297],[-47.2116,-14.93296],[-47.21132,-14.93183],[-47.21197,-14.93022],[-47.20981,-14.92957],[-47.20959,-14.92879],[-47.21137,-14.9272],[-47.21259,-14.92706],[-47.21366,-14.92654],[-47.21354,-14.92559],[-47.21128,-14.92545],[-47.21148,-14.92248],[-47.21254,-14.92206],[-47.21305,-14.92137],[-47.21498,-14.92094],[-47.21417,-14.91947],[-47.21297,-14.9187],[-47.21324,-14.91683],[-47.212,-14.9162],[-47.20937,-14.91424],[-47.20858,-14.91271],[-47.21023,-14.91245],[-47.21028,-14.91178],[-47.20824,-14.9093],[-47.20855,-14.90836],[-47.20952,-14.90819],[-47.21068,-14.90848],[-47.21035,-14.90458],[-47.20986,-14.90246],[-47.21047,-14.90244],[-47.21085,-14.90444],[-47.21187,-14.90427],[-47.21318,-14.9035],[-47.21349,-14.90467],[-47.21414,-14.90503],[-47.21596,-14.90473],[-47.21741,-14.90501],[-47.21832,-14.90472],[-47.21948,-14.90508],[-47.22064,-14.9059],[-47.22143,-14.90568],[-47.22187,-14.90412],[-47.2245,-14.90325],[-47.22382,-14.90224],[-47.22453,-14.90159],[-47.22591,-14.90171],[-47.2269,-14.90298],[-47.22686,-14.90398],[-47.228,-14.90358],[-47.22726,-14.90226],[-47.22777,-14.90137],[-47.22853,-14.90159],[-47.22872,-14.90328],[-47.22979,-14.90307],[-47.23071,-14.90216],[-47.23188,-14.90189],[-47.23156,-14.90091],[-47.2333,-14.90062],[-47.23332,-14.89922],[-47.23449,-14.89957],[-47.23469,-14.89852],[-47.23421,-14.89794],[-47.23227,-14.89742],[-47.23401,-14.89672],[-47.23287,-14.89556],[-47.23218,-14.89394],[-47.23402,-14.89379],[-47.23463,-14.89277],[-47.23354,-14.89109],[-47.23258,-14.89094],[-47.23267,-14.89264],[-47.23152,-14.89227],[-47.23034,-14.89276],[-47.22971,-14.89173],[-47.23154,-14.88954],[-47.23148,-14.88845],[-47.23069,-14.8878],[-47.232,-14.88686],[-47.23056,-14.88623],[-47.22887,-14.88465],[-47.22862,-14.8839],[-47.22907,-14.88305],[-47.22931,-14.88116],[-47.22831,-14.88011],[-47.22761,-14.8779],[-47.22697,-14.87736],[-47.22633,-14.87832],[-47.22524,-14.87684],[-47.22369,-14.87658],[-47.22179,-14.87569],[-47.22093,-14.87466],[-47.21707,-14.87373],[-47.21838,-14.87244],[-47.21462,-14.87078],[-47.21338,-14.87116],[-47.21356,-14.86972],[-47.21427,-14.86984],[-47.21502,-14.86839],[-47.21378,-14.86765],[-47.21439,-14.86543],[-47.21548,-14.86546],[-47.21563,-14.86469],[-47.21451,-14.86445],[-47.21524,-14.86299],[-47.21638,-14.86307],[-47.21663,-14.86461],[-47.21712,-14.86485],[-47.21848,-14.86429],[-47.21865,-14.86317],[-47.21741,-14.86195],[-47.21701,-14.86107],[-47.21517,-14.86073],[-47.21553,-14.85997],[-47.21502,-14.85826],[-47.21539,-14.85703],[-47.21629,-14.85723],[-47.21681,-14.85889],[-47.21771,-14.85861],[-47.21777,-14.85779],[-47.21665,-14.85704],[-47.21734,-14.85486],[-47.21651,-14.85427],[-47.21591,-14.85322],[-47.21381,-14.85185],[-47.21379,-14.8506],[-47.21208,-14.85104],[-47.21134,-14.8516],[-47.21237,-14.85241],[-47.21132,-14.85318],[-47.2101,-14.85249],[-47.20833,-14.85217],[-47.20721,-14.85039],[-47.20568,-14.84994],[-47.20583,-14.84762],[-47.20542,-14.84643],[-47.20358,-14.84624],[-47.20279,-14.84561],[-47.20352,-14.845],[-47.20519,-14.84511],[-47.20574,-14.84425],[-47.20834,-14.84482],[-47.21029,-14.84299],[-47.21122,-14.84248],[-47.21223,-14.84276],[-47.21254,-14.84068],[-47.21443,-14.83969],[-47.21507,-14.83873],[-47.2163,-14.83921],[-47.21751,-14.83846],[-47.21829,-14.83913],[-47.2182,-14.83671],[-47.21612,-14.83717],[-47.2154,-14.83544],[-47.21448,-14.83604],[-47.2126,-14.83371],[-47.21299,-14.83328],[-47.21465,-14.83294],[-47.21426,-14.8316],[-47.21281,-14.83157],[-47.21327,-14.82979],[-47.21239,-14.82936],[-47.21335,-14.82799],[-47.21195,-14.82703],[-47.21095,-14.82683],[-47.2092,-14.82558],[-47.20956,-14.82377],[-47.21065,-14.82194],[-47.21193,-14.82246],[-47.21255,-14.82174],[-47.21459,-14.82015],[-47.21511,-14.8187],[-47.21774,-14.81859],[-47.21754,-14.8174],[-47.21614,-14.81586],[-47.21593,-14.81497],[-47.21513,-14.81473],[-47.21662,-14.81238],[-47.21799,-14.81128],[-47.21871,-14.81257],[-47.2196,-14.8107],[-47.21844,-14.80913],[-47.21907,-14.80777],[-47.21823,-14.80692],[-47.21778,-14.80554],[-47.21821,-14.80403],[-47.21948,-14.80369],[-47.21807,-14.80203],[-47.21675,-14.80146],[-47.21577,-14.80287],[-47.21476,-14.80191],[-47.21481,-14.80108],[-47.21566,-14.80086],[-47.21552,-14.79975],[-47.21314,-14.79859],[-47.21309,-14.79775],[-47.21444,-14.79704],[-47.21467,-14.79777],[-47.21563,-14.79855],[-47.21617,-14.79782],[-47.21496,-14.7955],[-47.21486,-14.79406],[-47.21402,-14.79468],[-47.21261,-14.79263],[-47.21374,-14.79151],[-47.21404,-14.79059],[-47.21215,-14.78957],[-47.21038,-14.78906],[-47.2088,-14.78792],[-47.20715,-14.78796],[-47.20405,-14.78683],[-47.20274,-14.78775],[-47.20225,-14.78691],[-47.20385,-14.78592],[-47.20433,-14.78508],[-47.20535,-14.78525],[-47.20484,-14.78359],[-47.20119,-14.78425],[-47.20124,-14.78353],[-47.20055,-14.78234],[-47.20197,-14.78235],[-47.20153,-14.78139],[-47.2018,-14.78056],[-47.20091,-14.77955],[-47.19863,-14.77857],[-47.19915,-14.77699],[-47.19658,-14.77544],[-47.19374,-14.77605],[-47.19398,-14.77752],[-47.19288,-14.77761],[-47.19265,-14.77674],[-47.19334,-14.7757],[-47.1926,-14.77464],[-47.19297,-14.77341],[-47.19439,-14.77282],[-47.19409,-14.77152],[-47.19239,-14.76915],[-47.19311,-14.76801],[-47.193,-14.76611],[-47.19375,-14.76611],[-47.19414,-14.76267],[-47.19279,-14.763],[-47.19142,-14.76266],[-47.19118,-14.76377],[-47.18939,-14.76382],[-47.18918,-14.76256],[-47.18793,-14.76221],[-47.18734,-14.76015],[-47.18623,-14.76045],[-47.18598,-14.75968],[-47.18471,-14.75981],[-47.18439,-14.75892],[-47.18248,-14.75889],[-47.18179,-14.75824],[-47.18092,-14.75864],[-47.18089,-14.75677],[-47.17961,-14.75564],[-47.18064,-14.75487],[-47.17959,-14.75319],[-47.17877,-14.7514],[-47.1783,-14.7523],[-47.17713,-14.75208],[-47.1759,-14.75059],[-47.17667,-14.74911],[-47.17616,-14.74758],[-47.17694,-14.74679],[-47.17776,-14.74757],[-47.17828,-14.74686],[-47.17708,-14.74593],[-47.1779,-14.74503],[-47.17768,-14.74403],[-47.17568,-14.74357],[-47.17284,-14.74405],[-47.17181,-14.74325],[-47.17293,-14.74284],[-47.17187,-14.74196],[-47.17085,-14.74213],[-47.17061,-14.74029],[-47.16993,-14.73944],[-47.17071,-14.73886],[-47.17033,-14.73814],[-47.17067,-14.73736],[-47.17025,-14.73632],[-47.17127,-14.73465],[-47.17022,-14.73453],[-47.16931,-14.73288],[-47.16892,-14.73107],[-47.16974,-14.72972],[-47.16939,-14.72937],[-47.16751,-14.72956],[-47.16742,-14.72838],[-47.1679,-14.72762],[-47.16526,-14.72797],[-47.1637,-14.72748],[-47.16329,-14.72805],[-47.1618,-14.72776],[-47.16089,-14.72701],[-47.15973,-14.72686],[-47.15955,-14.72583],[-47.15875,-14.72556],[-47.15905,-14.72437],[-47.15804,-14.7232],[-47.15772,-14.72213],[-47.15632,-14.7225],[-47.15588,-14.72172],[-47.15692,-14.7213],[-47.15712,-14.72016],[-47.15671,-14.71912],[-47.15539,-14.71945],[-47.15558,-14.71762],[-47.15645,-14.71777],[-47.15609,-14.71637],[-47.15429,-14.71608],[-47.15499,-14.71474],[-47.15306,-14.71357],[-47.15215,-14.71338],[-47.15093,-14.71232],[-47.14992,-14.71266],[-47.14838,-14.71209],[-47.148,-14.71123],[-47.14836,-14.71013],[-47.14817,-14.70911],[-47.14866,-14.70844],[-47.14791,-14.70615],[-47.14895,-14.70595],[-47.14967,-14.70385],[-47.1484,-14.70306],[-47.14771,-14.70305],[-47.14629,-14.70422],[-47.1457,-14.70507],[-47.14517,-14.70344],[-47.1445,-14.70312],[-47.14479,-14.70216],[-47.14436,-14.70018],[-47.14657,-14.69921],[-47.14664,-14.69823],[-47.14753,-14.69762],[-47.14603,-14.69591],[-47.14532,-14.69551],[-47.14456,-14.69627],[-47.143,-14.69623],[-47.14261,-14.69509],[-47.14163,-14.69394],[-47.14111,-14.69463],[-47.13926,-14.69473],[-47.13874,-14.69428],[-47.13905,-14.69257],[-47.14019,-14.69118],[-47.13891,-14.69021],[-47.13685,-14.69123],[-47.13734,-14.69212],[-47.13497,-14.69122],[-47.13504,-14.69058],[-47.13344,-14.69057],[-47.13287,-14.6893],[-47.1318,-14.69041],[-47.13096,-14.68916],[-47.13296,-14.68885],[-47.13295,-14.6879],[-47.13395,-14.68663],[-47.1336,-14.68584],[-47.1319,-14.68509],[-47.13221,-14.68378],[-47.1335,-14.68389],[-47.13375,-14.68287],[-47.13452,-14.68247],[-47.13306,-14.68015],[-47.13259,-14.67893],[-47.13181,-14.67883],[-47.13128,-14.67997],[-47.12899,-14.68023],[-47.12666,-14.6817],[-47.12579,-14.68185],[-47.12653,-14.6835],[-47.12497,-14.6843],[-47.12368,-14.68336],[-47.12305,-14.68052],[-47.12369,-14.67759],[-47.12309,-14.67637],[-47.12049,-14.67411],[-47.11858,-14.67291],[-47.11708,-14.67344],[-47.11741,-14.6748],[-47.11681,-14.67512],[-47.11585,-14.67403],[-47.11621,-14.67329],[-47.11575,-14.67254],[-47.11368,-14.67206],[-47.10998,-14.67195],[-47.11037,-14.67303],[-47.11182,-14.67245],[-47.11358,-14.67252],[-47.1138,-14.67389],[-47.113,-14.67434],[-47.1127,-14.67522],[-47.11447,-14.67675],[-47.11627,-14.67675],[-47.11568,-14.67858],[-47.1125,-14.67743],[-47.11139,-14.67635],[-47.11076,-14.67672],[-47.11016,-14.67527],[-47.1093,-14.67435],[-47.10774,-14.67158],[-47.10741,-14.67063],[-47.10752,-14.66942],[-47.10896,-14.66883],[-47.10885,-14.66782],[-47.10753,-14.66742],[-47.10678,-14.66654],[-47.10515,-14.66534],[-47.10329,-14.66473],[-47.10213,-14.66465],[-47.09981,-14.66548],[-47.09888,-14.66522],[-47.09841,-14.66383],[-47.09886,-14.663],[-47.10047,-14.66275],[-47.10101,-14.66186],[-47.10066,-14.66065],[-47.1009,-14.65945],[-47.102,-14.65824],[-47.10273,-14.65482],[-47.10297,-14.6523],[-47.10291,-14.65048],[-47.10233,-14.64932],[-47.10094,-14.64903],[-47.09897,-14.65082],[-47.09795,-14.65054],[-47.09672,-14.6491],[-47.09722,-14.64771],[-47.09593,-14.64609],[-47.09495,-14.64688],[-47.09285,-14.64763],[-47.0928,-14.64923],[-47.09099,-14.65023],[-47.08852,-14.64958],[-47.08697,-14.64818],[-47.08643,-14.64679],[-47.08626,-14.64392],[-47.08565,-14.63975],[-47.08605,-14.63671],[-47.08646,-14.63531],[-47.08725,-14.63401],[-47.08811,-14.63324],[-47.08793,-14.63222],[-47.08886,-14.63088],[-47.09035,-14.6302],[-47.09245,-14.63066],[-47.0938,-14.63028],[-47.09572,-14.63113],[-47.09754,-14.63085],[-47.09806,-14.63295],[-47.09705,-14.63482],[-47.09744,-14.63607],[-47.09845,-14.63605],[-47.09904,-14.63545],[-47.09933,-14.63293],[-47.10046,-14.63256],[-47.10096,-14.6318],[-47.10056,-14.6304],[-47.10128,-14.62872],[-47.10085,-14.62774],[-47.09847,-14.62637],[-47.09776,-14.6262],[-47.09646,-14.62676],[-47.09451,-14.62627],[-47.0924,-14.62762],[-47.09085,-14.62717],[-47.09139,-14.62608],[-47.09339,-14.6255],[-47.09403,-14.6249],[-47.09372,-14.62411],[-47.09276,-14.6238],[-47.09073,-14.62433],[-47.08841,-14.62172],[-47.08672,-14.62234],[-47.08601,-14.62199],[-47.08522,-14.62023],[-47.08507,-14.61899],[-47.08431,-14.61579],[-47.08307,-14.61505],[-47.08132,-14.61648],[-47.08022,-14.61693],[-47.0787,-14.6135],[-47.07881,-14.6122],[-47.07948,-14.61094],[-47.08055,-14.60976],[-47.08213,-14.60914],[-47.08399,-14.60899],[-47.08434,-14.60856],[-47.08327,-14.60755],[-47.08322,-14.60654],[-47.08419,-14.60561],[-47.08566,-14.60338],[-47.08606,-14.60169],[-47.08738,-14.60037],[-47.08674,-14.59933],[-47.08473,-14.59877],[-47.08309,-14.59921],[-47.08102,-14.59932],[-47.07876,-14.60109],[-47.07833,-14.60189],[-47.07783,-14.60396],[-47.07687,-14.60413],[-47.07622,-14.60192],[-47.07562,-14.60111],[-47.07519,-14.59966],[-47.07441,-14.59913],[-47.07416,-14.59788],[-47.07264,-14.597],[-47.07256,-14.59644],[-47.07362,-14.59546],[-47.07612,-14.59606],[-47.07722,-14.59565],[-47.08172,-14.5927],[-47.0837,-14.59115],[-47.0842,-14.59018],[-47.08425,-14.58902],[-47.08478,-14.58838],[-47.08739,-14.58667],[-47.08847,-14.58562],[-47.09004,-14.58271],[-47.08994,-14.58198],[-47.08695,-14.57879],[-47.0854,-14.57785],[-47.08384,-14.5788],[-47.08328,-14.58049],[-47.08245,-14.58091],[-47.08158,-14.5804],[-47.08095,-14.57882],[-47.08179,-14.57734],[-47.08178,-14.5761],[-47.08086,-14.57442],[-47.08151,-14.57372],[-47.08426,-14.57186],[-47.08486,-14.57088],[-47.08387,-14.56892],[-47.0822,-14.56777],[-47.08227,-14.5666],[-47.08384,-14.56515],[-47.08463,-14.56505],[-47.0857,-14.56636],[-47.08626,-14.56805],[-47.08736,-14.56775],[-47.0872,-14.56403],[-47.08798,-14.56324],[-47.08979,-14.56397],[-47.09075,-14.5656],[-47.0919,-14.56582],[-47.09413,-14.56448],[-47.09619,-14.56385],[-47.09629,-14.56163],[-47.09737,-14.55714],[-47.09693,-14.55522],[-47.09623,-14.55467],[-47.09492,-14.55451],[-47.094,-14.55388],[-47.09404,-14.55162],[-47.09225,-14.54981],[-47.09196,-14.54883],[-47.09251,-14.54708],[-47.09356,-14.54558],[-47.09449,-14.546],[-47.09395,-14.54794],[-47.09482,-14.54857],[-47.09526,-14.54714],[-47.09621,-14.54664],[-47.10017,-14.54698],[-47.10084,-14.54623],[-47.10017,-14.54506],[-47.10004,-14.54357],[-47.10069,-14.54299],[-47.10281,-14.54305],[-47.10327,-14.54256],[-47.10449,-14.53969],[-47.10537,-14.53898],[-47.10666,-14.54057],[-47.10689,-14.54188],[-47.10662,-14.54327],[-47.10666,-14.54545],[-47.10733,-14.54663],[-47.10806,-14.54676],[-47.10908,-14.54624],[-47.1098,-14.54465],[-47.11248,-14.54257],[-47.11394,-14.54376],[-47.11609,-14.54432],[-47.11672,-14.54341],[-47.11551,-14.54252],[-47.11575,-14.54101],[-47.11862,-14.53975],[-47.12179,-14.53941],[-47.12242,-14.53966],[-47.12322,-14.54106],[-47.12418,-14.54106],[-47.1254,-14.53962],[-47.12825,-14.53935],[-47.13052,-14.53756],[-47.13134,-14.53727],[-47.1337,-14.53724],[-47.13623,-14.53687],[-47.13822,-14.53677],[-47.14084,-14.53599],[-47.14137,-14.53619],[-47.14219,-14.53746],[-47.1434,-14.53851],[-47.14564,-14.53958]]]},"properties":{"codigo":"520800410","name":"Santa Rosa","population":3513,"households":2507,"areaKm2":1200.4996,"density":2.9}},{"type":"Feature","geometry":{"type":"Polygon","coordinates":[[[-47.20094,-15.3597],[-47.19974,-15.36001],[-47.19946,-15.35851],[-47.19833,-15.35884],[-47.19859,-15.36028],[-47.19801,-15.36136],[-47.19656,-15.36233],[-47.19601,-15.36544],[-47.19523,-15.36566],[-47.1947,-15.3685],[-47.19315,-15.36921],[-47.19264,-15.36977],[-47.19235,-15.37116],[-47.19279,-15.37242],[-47.19148,-15.37391],[-47.19155,-15.37499],[-47.19099,-15.37544],[-47.19092,-15.37697],[-47.19179,-15.37806],[-47.19169,-15.37887],[-47.19243,-15.37986],[-47.19135,-15.38214],[-47.19196,-15.38306],[-47.19217,-15.38566],[-47.19107,-15.38575],[-47.18997,-15.38675],[-47.18953,-15.38844],[-47.18708,-15.38855],[-47.18619,-15.38932],[-47.18604,-15.39068],[-47.18533,-15.39244],[-47.1845,-15.39213],[-47.1825,-15.3932],[-47.18248,-15.3924],[-47.18065,-15.39251],[-47.17878,-15.3937],[-47.17868,-15.39456],[-47.17754,-15.39628],[-47.17783,-15.39753],[-47.17704,-15.39782],[-47.17591,-15.39761],[-47.17531,-15.39941],[-47.17331,-15.39919],[-47.17295,-15.4005],[-47.17342,-15.40101],[-47.17316,-15.40225],[-47.17258,-15.40238],[-47.17198,-15.4042],[-47.17124,-15.40447],[-47.17044,-15.40385],[-47.16916,-15.40428],[-47.16824,-15.40511],[-47.16875,-15.406],[-47.16762,-15.40687],[-47.16697,-15.40669],[-47.16648,-15.4079],[-47.16682,-15.40919],[-47.16541,-15.40975],[-47.16477,-15.40928],[-47.16389,-15.41161],[-47.16412,-15.41237],[-47.163,-15.41273],[-47.16276,-15.41449],[-47.16197,-15.41533],[-47.16192,-15.41638],[-47.16086,-15.41679],[-47.15937,-15.41623],[-47.15798,-15.41666],[-47.15726,-15.41805],[-47.15658,-15.42055],[-47.1552,-15.42293],[-47.15483,-15.42472],[-47.15505,-15.42572],[-47.15339,-15.42767],[-47.15375,-15.42895],[-47.15226,-15.42964],[-47.15146,-15.42787],[-47.15014,-15.42662],[-47.15039,-15.42591],[-47.14916,-15.42545],[-47.14977,-15.42426],[-47.14908,-15.42397],[-47.14863,-15.42299],[-47.14782,-15.42254],[-47.14732,-15.42117],[-47.14626,-15.42016],[-47.147,-15.41843],[-47.14622,-15.41772],[-47.14632,-15.41663],[-47.14541,-15.41565],[-47.14561,-15.41355],[-47.14494,-15.41134],[-47.14532,-15.41036],[-47.14395,-15.40925],[-47.14344,-15.40714],[-47.14154,-15.40626],[-47.14183,-15.40553],[-47.13958,-15.4034],[-47.13983,-15.40218],[-47.13932,-15.4015],[-47.13951,-15.39991],[-47.14065,-15.3982],[-47.14177,-15.39496],[-47.14149,-15.39396],[-47.14168,-15.39273],[-47.1325,-15.39219],[-47.13275,-15.39137],[-47.13249,-15.38879],[-47.13196,-15.38726],[-47.13206,-15.38622],[-47.1309,-15.38547],[-47.13212,-15.38228],[-47.13183,-15.38061],[-47.13118,-15.37934],[-47.13082,-15.37539],[-47.13146,-15.37344],[-47.13109,-15.37145],[-47.13062,-15.37094],[-47.13014,-15.36819],[-47.12966,-15.3671],[-47.13071,-15.3625],[-47.1311,-15.36175],[-47.13073,-15.36083],[-47.13121,-15.35843],[-47.13083,-15.35754],[-47.13008,-15.35728],[-47.12903,-15.3562],[-47.12896,-15.35493],[-47.12957,-15.35232],[-47.13057,-15.35201],[-47.1303,-15.35128],[-47.13113,-15.34999],[-47.13063,-15.3491],[-47.13125,-15.34804],[-47.13181,-15.3455],[-47.13112,-15.34418],[-47.12937,-15.34347],[-47.12726,-15.34313],[-47.12623,-15.34337],[-47.12559,-15.34401],[-47.12474,-15.34383],[-47.12468,-15.343],[-47.123,-15.34178],[-47.12141,-15.34256],[-47.12083,-15.34176],[-47.11957,-15.34248],[-47.11856,-15.34243],[-47.11756,-15.3416],[-47.11659,-15.34305],[-47.11685,-15.34441],[-47.11451,-15.3452],[-47.11428,-15.34608],[-47.11335,-15.34642],[-47.11187,-15.34598],[-47.11086,-15.34617],[-47.10966,-15.34563],[-47.10933,-15.34461],[-47.10699,-15.34391],[-47.10713,-15.34311],[-47.10504,-15.34335],[-47.10398,-15.34421],[-47.10218,-15.34313],[-47.10136,-15.34348],[-47.10063,-15.3448],[-47.09978,-15.3454],[-47.09943,-15.34699],[-47.09818,-15.34756],[-47.09621,-15.34925],[-47.09495,-15.3494],[-47.09364,-15.35023],[-47.09282,-15.34957],[-47.09222,-15.35014],[-47.09092,-15.34983],[-47.08994,-15.34891],[-47.08965,-15.34808],[-47.08633,-15.3468],[-47.0853,-15.34714],[-47.08432,-15.34576],[-47.08258,-15.34557],[-47.08191,-15.34627],[-47.08079,-15.34622],[-47.08017,-15.34575],[-47.07971,-15.3441],[-47.07825,-15.34244],[-47.07821,-15.34067],[-47.07936,-15.33948],[-47.07969,-15.33813],[-47.07917,-15.33737],[-47.07968,-15.33613],[-47.07881,-15.33509],[-47.08066,-15.33476],[-47.08194,-15.33266],[-47.08277,-15.33289],[-47.08341,-15.33043],[-47.08203,-15.32915],[-47.08099,-15.32934],[-47.08056,-15.32886],[-47.08082,-15.32735],[-47.08331,-15.32485],[-47.08259,-15.3241],[-47.08144,-15.32181],[-47.08072,-15.32154],[-47.07958,-15.3202],[-47.07937,-15.31925],[-47.08078,-15.31834],[-47.08102,-15.31547],[-47.08205,-15.31459],[-47.08224,-15.31318],[-47.08303,-15.31206],[-47.08396,-15.31142],[-47.08455,-15.3091],[-47.08385,-15.30612],[-47.08253,-15.30441],[-47.08116,-15.3035],[-47.08128,-15.30249],[-47.08052,-15.30158],[-47.07977,-15.30247],[-47.07925,-15.30162],[-47.08009,-15.30118],[-47.07996,-15.30029],[-47.07907,-15.29952],[-47.08094,-15.29942],[-47.08086,-15.29893],[-47.07935,-15.29713],[-47.07846,-15.29658],[-47.07759,-15.29704],[-47.07675,-15.29649],[-47.07651,-15.29512],[-47.07516,-15.29392],[-47.07443,-15.29262],[-47.07547,-15.29229],[-47.0752,-15.29125],[-47.07451,-15.29094],[-47.07588,-15.28983],[-47.07495,-15.28713],[-47.07548,-15.28632],[-47.07543,-15.28405],[-47.07593,-15.28342],[-47.07559,-15.28174],[-47.07458,-15.28135],[-47.0752,-15.28045],[-47.07518,-15.27937],[-47.07612,-15.27831],[-47.07484,-15.27702],[-47.07398,-15.27654],[-47.07356,-15.27788],[-47.0725,-15.27827],[-47.07107,-15.27783],[-47.07055,-15.27818],[-47.07052,-15.2796],[-47.06986,-15.28015],[-47.07132,-15.28188],[-47.07117,-15.28322],[-47.0702,-15.28401],[-47.07037,-15.28524],[-47.07116,-15.28688],[-47.0713,-15.28789],[-47.06951,-15.29001],[-47.06954,-15.29128],[-47.06913,-15.29296],[-47.0683,-15.29435],[-47.06695,-15.29473],[-47.06619,-15.2964],[-47.06673,-15.29711],[-47.06604,-15.29844],[-47.06526,-15.3009],[-47.06375,-15.30258],[-47.06302,-15.30443],[-47.06294,-15.30565],[-47.05885,-15.30807],[-47.05877,-15.30931],[-47.05806,-15.31163],[-47.05708,-15.31237],[-47.0559,-15.31238],[-47.05547,-15.31298],[-47.05353,-15.31335],[-47.05135,-15.31462],[-47.05052,-15.3143],[-47.04978,-15.3132],[-47.04864,-15.31443],[-47.04647,-15.31721],[-47.04444,-15.31834],[-47.04271,-15.3217],[-47.04289,-15.32252],[-47.04151,-15.3231],[-47.04097,-15.32419],[-47.04102,-15.32622],[-47.03999,-15.32682],[-47.03601,-15.32803],[-47.03572,-15.32861],[-47.03599,-15.33143],[-47.03474,-15.33175],[-47.03465,-15.33297],[-47.03329,-15.3331],[-47.03381,-15.33448],[-47.03208,-15.33459],[-47.03033,-15.33413],[-47.02919,-15.33476],[-47.02794,-15.33485],[-47.02746,-15.33547],[-47.02593,-15.33612],[-47.02657,-15.33732],[-47.02465,-15.33794],[-47.0245,-15.33897],[-47.0233,-15.33888],[-47.0227,-15.34007],[-47.02282,-15.34085],[-47.0216,-15.34151],[-47.02177,-15.34275],[-47.02018,-15.34279],[-47.01791,-15.34428],[-47.01666,-15.34475],[-47.01585,-15.34594],[-47.01493,-15.34603],[-47.01509,-15.34813],[-47.01404,-15.34796],[-47.0135,-15.34917],[-47.01225,-15.34937],[-47.00933,-15.349],[-47.00849,-15.35012],[-47.00734,-15.35083],[-47.00686,-15.3518],[-47.00352,-15.35216],[-47.00272,-15.35304],[-47.00185,-15.35322],[-47.00165,-15.35394],[-46.96687,-15.36808],[-46.96635,-15.36758],[-46.96588,-15.36619],[-46.9663,-15.36337],[-46.96735,-15.36205],[-46.96782,-15.36101],[-46.96771,-15.35938],[-46.96813,-15.35752],[-46.96701,-15.35518],[-46.96756,-15.3536],[-46.96782,-15.35189],[-46.96848,-15.35038],[-46.96883,-15.34853],[-46.97071,-15.34707],[-46.97041,-15.34627],[-46.9709,-15.34507],[-46.97009,-15.3443],[-46.97094,-15.34353],[-46.97092,-15.34184],[-46.97168,-15.34032],[-46.97077,-15.33905],[-46.97146,-15.33799],[-46.97171,-15.33474],[-46.97273,-15.33306],[-46.9727,-15.33198],[-46.97377,-15.33112],[-46.97432,-15.32904],[-46.97506,-15.32754],[-46.97697,-15.32563],[-46.97673,-15.32377],[-46.97509,-15.32327],[-46.97341,-15.32182],[-46.97252,-15.32066],[-46.97343,-15.32],[-46.9734,-15.31886],[-46.97512,-15.31883],[-46.97529,-15.31768],[-46.9763,-15.31752],[-46.97705,-15.31666],[-46.97762,-15.31423],[-46.97728,-15.31328],[-46.97778,-15.31199],[-46.97897,-15.31148],[-46.97939,-15.31049],[-46.98046,-15.30922],[-46.98121,-15.30709],[-46.98183,-15.30693],[-46.9825,-15.30509],[-46.98265,-15.30369],[-46.98325,-15.3016],[-46.98427,-15.30085],[-46.98757,-15.30117],[-46.98811,-15.30098],[-46.98865,-15.29971],[-46.98971,-15.29974],[-46.99018,-15.2982],[-46.9913,-15.29794],[-46.99275,-15.29552],[-46.99336,-15.29416],[-46.99358,-15.29243],[-46.99284,-15.29146],[-46.99295,-15.28918],[-46.9934,-15.28859],[-46.99409,-15.28557],[-46.99452,-15.28445],[-46.99431,-15.28377],[-46.99512,-15.28248],[-46.99541,-15.2812],[-46.99652,-15.28007],[-46.99637,-15.2789],[-46.99718,-15.27896],[-46.9971,-15.27776],[-46.99798,-15.27724],[-46.99887,-15.27748],[-47.00011,-15.27614],[-47.00026,-15.27487],[-47.0001,-15.27281],[-47.00036,-15.27167],[-46.99873,-15.27103],[-46.9969,-15.26974],[-46.99628,-15.26886],[-46.99611,-15.26607],[-46.99448,-15.26448],[-46.99659,-15.26394],[-46.99591,-15.26324],[-46.996,-15.26244],[-46.99845,-15.26065],[-46.99879,-15.25987],[-46.99841,-15.25916],[-46.9987,-15.25785],[-46.99948,-15.25746],[-46.99975,-15.25493],[-46.99873,-15.25337],[-46.99882,-15.2523],[-46.99825,-15.25071],[-46.99915,-15.24973],[-46.99933,-15.24871],[-46.99896,-15.24802],[-46.99946,-15.2468],[-46.9986,-15.24539],[-46.99925,-15.2444],[-46.99907,-15.24283],[-46.99741,-15.24281],[-46.99797,-15.2406],[-47.00026,-15.23729],[-47.00036,-15.23643],[-46.9997,-15.23496],[-46.99906,-15.23479],[-46.99877,-15.23619],[-46.99814,-15.23606],[-46.99864,-15.23383],[-47.00049,-15.23348],[-47.00084,-15.23295],[-46.99857,-15.23037],[-46.99918,-15.22857],[-46.99879,-15.22673],[-46.99924,-15.22638],[-47.00065,-15.22646],[-47.00087,-15.22558],[-46.99965,-15.22421],[-46.99998,-15.22283],[-46.99944,-15.22189],[-47.00049,-15.22049],[-47.00173,-15.22003],[-47.00293,-15.22105],[-47.0036,-15.22099],[-47.00542,-15.21923],[-47.00544,-15.21863],[-47.00424,-15.21725],[-47.00438,-15.21684],[-47.00618,-15.21654],[-47.00554,-15.21479],[-47.00613,-15.21372],[-47.00674,-15.21415],[-47.00685,-15.21548],[-47.00754,-15.21581],[-47.00891,-15.21562],[-47.01072,-15.21485],[-47.01265,-15.21267],[-47.01196,-15.2117],[-47.01044,-15.21217],[-47.01,-15.2117],[-47.01055,-15.21052],[-47.0115,-15.2105],[-47.01097,-15.20849],[-47.00896,-15.20831],[-47.00937,-15.20662],[-47.01155,-15.20573],[-47.01362,-15.20622],[-47.0141,-15.2054],[-47.01313,-15.20415],[-47.01348,-15.20374],[-47.01497,-15.20438],[-47.01684,-15.20419],[-47.01774,-15.2036],[-47.01762,-15.20286],[-47.01613,-15.20215],[-47.0165,-15.20108],[-47.01799,-15.20054],[-47.01801,-15.19961],[-47.01738,-15.19876],[-47.01878,-15.19744],[-47.01773,-15.19645],[-47.01638,-15.19618],[-47.01612,-15.19527],[-47.01393,-15.19575],[-47.01337,-15.19542],[-47.01374,-15.19269],[-47.01449,-15.19255],[-47.01566,-15.19397],[-47.01709,-15.19359],[-47.01702,-15.19258],[-47.01827,-15.19231],[-47.01841,-15.19146],[-47.01737,-15.19054],[-47.01742,-15.18815],[-47.01839,-15.18653],[-47.01733,-15.18555],[-47.01717,-15.18418],[-47.01773,-15.18264],[-47.01757,-15.18219],[-47.0159,-15.1814],[-47.01647,-15.18009],[-47.01519,-15.1805],[-47.01452,-15.17907],[-47.01551,-15.17767],[-47.01481,-15.17741],[-47.01347,-15.1785],[-47.01239,-15.1787],[-47.01184,-15.17831],[-47.01222,-15.17669],[-47.01196,-15.17524],[-47.00846,-15.17315],[-47.00852,-15.17098],[-47.00988,-15.1686],[-47.012,-15.16648],[-47.01142,-15.16501],[-47.01286,-15.16521],[-47.01329,-15.16604],[-47.01431,-15.16433],[-47.01477,-15.16246],[-47.01528,-15.16156],[-47.01571,-15.15924],[-47.01653,-15.15886],[-47.01877,-15.15988],[-47.01955,-15.15753],[-47.01802,-15.15526],[-47.01988,-15.15497],[-47.0234,-15.15314],[-47.02264,-15.15255],[-47.02184,-15.1531],[-47.02128,-15.15229],[-47.02364,-15.15152],[-47.0238,-15.14984],[-47.02472,-15.14972],[-47.02564,-15.15033],[-47.02751,-15.1497],[-47.02923,-15.14955],[-47.03012,-15.14896],[-47.03009,-15.14752],[-47.02957,-15.14602],[-47.02876,-15.14535],[-47.02779,-15.14517],[-47.02704,-15.14439],[-47.02686,-15.1432],[-47.02842,-15.14338],[-47.02879,-15.1425],[-47.02701,-15.14082],[-47.02788,-15.13972],[-47.02851,-15.13797],[-47.02853,-15.13692],[-47.02809,-15.13584],[-47.02851,-15.1341],[-47.03002,-15.13423],[-47.03216,-15.13389],[-47.03182,-15.13218],[-47.03067,-15.1308],[-47.0319,-15.12965],[-47.03217,-15.12829],[-47.03139,-15.12746],[-47.03212,-15.12656],[-47.03332,-15.12695],[-47.03396,-15.12895],[-47.03482,-15.12898],[-47.03526,-15.12677],[-47.03474,-15.12489],[-47.03506,-15.12458],[-47.03855,-15.12477],[-47.03975,-15.12346],[-47.03877,-15.12225],[-47.03873,-15.12105],[-47.03952,-15.11974],[-47.04082,-15.11966],[-47.04104,-15.12038],[-47.04069,-15.12196],[-47.04246,-15.12261],[-47.04373,-15.12197],[-47.04372,-15.11993],[-47.04402,-15.11941],[-47.04592,-15.11872],[-47.0454,-15.11799],[-47.04717,-15.11682],[-47.04652,-15.11596],[-47.04508,-15.1151],[-47.04376,-15.11502],[-47.0425,-15.11551],[-47.04201,-15.11525],[-47.04191,-15.11379],[-47.04252,-15.11359],[-47.04199,-15.11146],[-47.04269,-15.11053],[-47.04251,-15.10925],[-47.04317,-15.1082],[-47.04255,-15.10661],[-47.04141,-15.1075],[-47.04049,-15.10776],[-47.03955,-15.1071],[-47.03943,-15.10626],[-47.04075,-15.1052],[-47.04246,-15.1045],[-47.04261,-15.10364],[-47.04177,-15.10325],[-47.0404,-15.10138],[-47.04021,-15.10014],[-47.04069,-15.09981],[-47.0418,-15.10059],[-47.04476,-15.10041],[-47.0463,-15.09979],[-47.04711,-15.09848],[-47.04669,-15.0976],[-47.04509,-15.09718],[-47.04571,-15.0956],[-47.04808,-15.09506],[-47.04852,-15.09414],[-47.04819,-15.09212],[-47.04718,-15.091],[-47.04833,-15.0897],[-47.04709,-15.08859],[-47.04677,-15.08711],[-47.05002,-15.08696],[-47.05134,-15.08798],[-47.05242,-15.08785],[-47.05338,-15.08717],[-47.05596,-15.08654],[-47.05584,-15.08485],[-47.05699,-15.0845],[-47.05783,-15.08522],[-47.05851,-15.08464],[-47.05687,-15.08274],[-47.0571,-15.08169],[-47.05811,-15.08134],[-47.0593,-15.08222],[-47.06011,-15.08235],[-47.06106,-15.08177],[-47.06198,-15.0801],[-47.06389,-15.07967],[-47.06362,-15.07906],[-47.06249,-15.07891],[-47.06243,-15.0775],[-47.06375,-15.07721],[-47.06412,-15.07607],[-47.06299,-15.07542],[-47.06368,-15.07456],[-47.06482,-15.0752],[-47.06558,-15.07458],[-47.06473,-15.07378],[-47.06567,-15.07275],[-47.06713,-15.07357],[-47.06778,-15.07339],[-47.06893,-15.0704],[-47.06879,-15.06913],[-47.06985,-15.06832],[-47.06983,-15.06689],[-47.07088,-15.0644],[-47.07246,-15.06356],[-47.07265,-15.06311],[-47.07187,-15.06199],[-47.07225,-15.06164],[-47.07389,-15.06226],[-47.07404,-15.0637],[-47.07484,-15.06406],[-47.0757,-15.06266],[-47.07682,-15.06352],[-47.07799,-15.06383],[-47.08898,-15.07569],[-47.09204,-15.07843],[-47.09886,-15.08414],[-47.12153,-15.10878],[-47.1232,-15.11082],[-47.12414,-15.11272],[-47.12494,-15.11492],[-47.12529,-15.11697],[-47.12561,-15.12275],[-47.12675,-15.12198],[-47.12802,-15.12215],[-47.12791,-15.12108],[-47.12928,-15.12086],[-47.13077,-15.12214],[-47.13125,-15.12123],[-47.13287,-15.12062],[-47.13195,-15.1198],[-47.13282,-15.11893],[-47.13301,-15.11791],[-47.13225,-15.11687],[-47.13292,-15.11599],[-47.13288,-15.11432],[-47.13382,-15.11401],[-47.1351,-15.1162],[-47.1348,-15.11683],[-47.1356,-15.1174],[-47.13646,-15.11889],[-47.1382,-15.11829],[-47.13962,-15.11865],[-47.14189,-15.11795],[-47.14506,-15.11722],[-47.14572,-15.11755],[-47.14613,-15.11859],[-47.14703,-15.11889],[-47.14688,-15.1198],[-47.14619,-15.1201],[-47.14711,-15.12156],[-47.14622,-15.12242],[-47.1464,-15.12497],[-47.14515,-15.12458],[-47.14414,-15.12517],[-47.14482,-15.12628],[-47.14404,-15.12697],[-47.14397,-15.12992],[-47.14447,-15.13084],[-47.14359,-15.1325],[-47.14456,-15.13349],[-47.14387,-15.13509],[-47.14463,-15.1361],[-47.1437,-15.13755],[-47.14395,-15.13851],[-47.14476,-15.13931],[-47.14333,-15.13962],[-47.1444,-15.14052],[-47.14398,-15.14114],[-47.144,-15.14251],[-47.14324,-15.14409],[-47.14317,-15.14517],[-47.14359,-15.14685],[-47.14509,-15.14767],[-47.1465,-15.15035],[-47.14848,-15.15082],[-47.15056,-15.15079],[-47.15125,-15.14971],[-47.15262,-15.15204],[-47.15235,-15.15325],[-47.15323,-15.15405],[-47.15659,-15.1563],[-47.1558,-15.15782],[-47.15725,-15.1584],[-47.15859,-15.15983],[-47.15969,-15.15943],[-47.16076,-15.15999],[-47.16201,-15.16299],[-47.16288,-15.16388],[-47.16198,-15.16496],[-47.1632,-15.16694],[-47.16627,-15.16884],[-47.16985,-15.17057],[-47.17239,-15.17118],[-47.17549,-15.17141],[-47.17787,-15.17173],[-47.17865,-15.17067],[-47.18072,-15.17014],[-47.18366,-15.17084],[-47.18685,-15.17254],[-47.18857,-15.17388],[-47.1912,-15.17748],[-47.1928,-15.17932],[-47.19492,-15.18117],[-47.19787,-15.18287],[-47.19931,-15.18463],[-47.20051,-15.18528],[-47.20282,-15.18525],[-47.20498,-15.18575],[-47.20752,-15.18688],[-47.20793,-15.18733],[-47.21051,-15.18743],[-47.21273,-15.18799],[-47.21715,-15.19009],[-47.21684,-15.19135],[-47.214,-15.1948],[-47.2134,-15.19582],[-47.21072,-15.19835],[-47.20976,-15.2004],[-47.20914,-15.20319],[-47.20732,-15.20547],[-47.20675,-15.20705],[-47.20518,-15.20901],[-47.20398,-15.21021],[-47.20278,-15.21072],[-47.20054,-15.21063],[-47.20014,-15.21158],[-47.19897,-15.21239],[-47.19837,-15.21376],[-47.19755,-15.21421],[-47.19684,-15.21575],[-47.19646,-15.21763],[-47.1968,-15.21861],[-47.19623,-15.22049],[-47.19648,-15.22165],[-47.19531,-15.22263],[-47.19444,-15.22386],[-47.19419,-15.22517],[-47.19247,-15.226],[-47.19134,-15.22588],[-47.19026,-15.22708],[-47.18943,-15.22861],[-47.18851,-15.22904],[-47.18746,-15.22859],[-47.18523,-15.22892],[-47.18465,-15.22784],[-47.18386,-15.228],[-47.18237,-15.2273],[-47.17945,-15.22731],[-47.17836,-15.2271],[-47.1777,-15.22758],[-47.17648,-15.22738],[-47.17649,-15.22876],[-47.17535,-15.23019],[-47.17525,-15.23227],[-47.17446,-15.23422],[-47.17479,-15.23648],[-47.17449,-15.23729],[-47.17494,-15.23908],[-47.17485,-15.2412],[-47.17429,-15.24225],[-47.1744,-15.24305],[-47.17519,-15.2443],[-47.17585,-15.24467],[-47.17643,-15.24599],[-47.17569,-15.24737],[-47.1752,-15.24937],[-47.17641,-15.25041],[-47.17632,-15.25161],[-47.17717,-15.25295],[-47.17845,-15.25258],[-47.17843,-15.25518],[-47.17925,-15.2566],[-47.17883,-15.25739],[-47.17923,-15.25878],[-47.18392,-15.26051],[-47.18547,-15.26056],[-47.18673,-15.26285],[-47.18647,-15.2639],[-47.18742,-15.26467],[-47.18722,-15.26563],[-47.18797,-15.26716],[-47.18921,-15.26866],[-47.19046,-15.26948],[-47.19151,-15.271],[-47.19318,-15.27182],[-47.19391,-15.27259],[-47.19515,-15.27269],[-47.19972,-15.27465],[-47.1985,-15.27774],[-47.19686,-15.27975],[-47.19583,-15.28007],[-47.19437,-15.28247],[-47.19441,-15.284],[-47.19408,-15.28529],[-47.19244,-15.28734],[-47.19193,-15.28949],[-47.19049,-15.29462],[-47.19129,-15.29586],[-47.19128,-15.29743],[-47.19278,-15.29777],[-47.19373,-15.29936],[-47.19298,-15.30213],[-47.19278,-15.30424],[-47.19331,-15.30655],[-47.19506,-15.30731],[-47.19532,-15.30815],[-47.19626,-15.30878],[-47.19685,-15.3099],[-47.19647,-15.31087],[-47.19617,-15.31353],[-47.19756,-15.31414],[-47.19733,-15.3161],[-47.19671,-15.31799],[-47.19691,-15.31916],[-47.19645,-15.32024],[-47.19644,-15.32377],[-47.19599,-15.32666],[-47.19612,-15.32939],[-47.19668,-15.33205],[-47.1966,-15.3326],[-47.19555,-15.33364],[-47.19506,-15.33538],[-47.19564,-15.33633],[-47.1951,-15.33738],[-47.19614,-15.3393],[-47.19557,-15.34052],[-47.19553,-15.34169],[-47.19608,-15.34374],[-47.19712,-15.34464],[-47.19674,-15.34671],[-47.1975,-15.34664],[-47.19984,-15.34734],[-47.20007,-15.34816],[-47.19954,-15.34921],[-47.19921,-15.35165],[-47.19994,-15.35183],[-47.1995,-15.35414],[-47.1996,-15.35612],[-47.2003,-15.35648],[-47.20094,-15.3597]]]},"properties":{"codigo":"520800415","name":"Juscelino Kubitschek","population":1328,"households":873,"areaKm2":548.2603,"density":2.4}}]}