{"type":"FeatureCollection","features":[{"type":"Feature","geometry":{"type":"Polygon","coordinates":[[[-48.52662,-14.12563],[-48.52699,-14.13253],[-48.52591,-14.13927],[-48.526,-14.14178],[-48.52672,-14.14574],[-48.52672,-14.15077],[-48.51837,-14.15885],[-48.51748,-14.16586],[-48.51886,-14.1654],[-48.51895,-14.16701],[-48.52063,-14.16744],[-48.52116,-14.16805],[-48.52007,-14.16958],[-48.51997,-14.17053],[-48.52072,-14.17179],[-48.52234,-14.17367],[-48.52281,-14.17522],[-48.52573,-14.17509],[-48.52663,-14.17571],[-48.52646,-14.17705],[-48.52459,-14.17856],[-48.52212,-14.1799],[-48.52192,-14.1814],[-48.52294,-14.18209],[-48.52317,-14.18278],[-48.52128,-14.18381],[-48.5218,-14.18471],[-48.52415,-14.18655],[-48.52609,-14.18671],[-48.52848,-14.18761],[-48.53006,-14.189],[-48.53018,-14.19047],[-48.52989,-14.1939],[-48.53017,-14.19446],[-48.5317,-14.19574],[-48.53168,-14.19696],[-48.52937,-14.19812],[-48.52865,-14.19902],[-48.52838,-14.20113],[-48.52864,-14.2017],[-48.52987,-14.20211],[-48.53191,-14.2018],[-48.53407,-14.20307],[-48.53612,-14.20222],[-48.5381,-14.2025],[-48.53889,-14.203],[-48.54037,-14.20511],[-48.54104,-14.2057],[-48.54241,-14.20569],[-48.54446,-14.20649],[-48.54505,-14.20767],[-48.54492,-14.2094],[-48.54604,-14.21051],[-48.54811,-14.2102],[-48.54923,-14.21057],[-48.54998,-14.21134],[-48.55035,-14.21251],[-48.54962,-14.21427],[-48.54825,-14.21545],[-48.54789,-14.2166],[-48.54838,-14.21782],[-48.54875,-14.22026],[-48.55043,-14.22319],[-48.55048,-14.22463],[-48.54998,-14.22598],[-48.54951,-14.22875],[-48.55046,-14.23023],[-48.55154,-14.23008],[-48.55345,-14.22867],[-48.55719,-14.22702],[-48.55913,-14.22505],[-48.55936,-14.2227],[-48.56009,-14.22221],[-48.56161,-14.22246],[-48.56306,-14.22435],[-48.56373,-14.22646],[-48.56519,-14.22904],[-48.56502,-14.23139],[-48.56766,-14.23459],[-48.56738,-14.23618],[-48.56673,-14.23691],[-48.56396,-14.2381],[-48.56323,-14.23884],[-48.56297,-14.2402],[-48.5643,-14.24066],[-48.56624,-14.24265],[-48.56671,-14.24359],[-48.56576,-14.24453],[-48.56416,-14.24479],[-48.56351,-14.24558],[-48.56575,-14.24802],[-48.56726,-14.24826],[-48.56855,-14.24929],[-48.5705,-14.24992],[-48.57052,-14.25118],[-48.57129,-14.2517],[-48.57384,-14.25118],[-48.57538,-14.25169],[-48.5759,-14.25343],[-48.57714,-14.25388],[-48.57723,-14.25476],[-48.57647,-14.2564],[-48.57683,-14.25759],[-48.57907,-14.25819],[-48.57916,-14.25989],[-48.58028,-14.26099],[-48.58029,-14.26331],[-48.58071,-14.26408],[-48.5819,-14.26465],[-48.58363,-14.26376],[-48.58506,-14.26373],[-48.58568,-14.26407],[-48.58658,-14.26579],[-48.58496,-14.26621],[-48.58361,-14.26807],[-48.58373,-14.26878],[-48.58518,-14.26972],[-48.58492,-14.27039],[-48.5838,-14.27065],[-48.58225,-14.27199],[-48.58122,-14.27231],[-48.58049,-14.2741],[-48.58172,-14.27447],[-48.58245,-14.27539],[-48.58399,-14.27543],[-48.58382,-14.27671],[-48.58464,-14.27687],[-48.58571,-14.27587],[-48.58679,-14.27764],[-48.58681,-14.27827],[-48.58556,-14.28034],[-48.58834,-14.28103],[-48.58954,-14.28025],[-48.59014,-14.28064],[-48.59037,-14.28232],[-48.59197,-14.2868],[-48.59265,-14.28978],[-48.59368,-14.29098],[-48.59427,-14.29301],[-48.59459,-14.29498],[-48.59676,-14.29461],[-48.59796,-14.29497],[-48.59869,-14.29659],[-48.59988,-14.29716],[-48.60018,-14.30017],[-48.59739,-14.30163],[-48.59688,-14.30299],[-48.59546,-14.30375],[-48.59489,-14.30573],[-48.59337,-14.30688],[-48.59333,-14.30796],[-48.59266,-14.30821],[-48.59103,-14.30726],[-48.58937,-14.30717],[-48.58917,-14.30918],[-48.58859,-14.31045],[-48.5891,-14.31118],[-48.58995,-14.31139],[-48.59141,-14.31293],[-48.59227,-14.3133],[-48.59392,-14.31333],[-48.59542,-14.31496],[-48.59651,-14.31584],[-48.59904,-14.3143],[-48.6019,-14.3116],[-48.60293,-14.31085],[-48.60504,-14.31411],[-48.60504,-14.3165],[-48.60603,-14.31913],[-48.606,-14.321],[-48.60749,-14.32181],[-48.60981,-14.3223],[-48.61049,-14.32526],[-48.61123,-14.32627],[-48.61138,-14.32739],[-48.61256,-14.32869],[-48.61241,-14.32934],[-48.61117,-14.33028],[-48.61064,-14.33155],[-48.6111,-14.3328],[-48.6107,-14.33405],[-48.61162,-14.33441],[-48.61242,-14.33568],[-48.61253,-14.33687],[-48.61317,-14.33906],[-48.61322,-14.3406],[-48.61507,-14.34152],[-48.61591,-14.34331],[-48.6154,-14.34581],[-48.61396,-14.34583],[-48.61297,-14.34466],[-48.61053,-14.34333],[-48.61026,-14.34217],[-48.60927,-14.34164],[-48.60899,-14.34083],[-48.60909,-14.33891],[-48.60857,-14.33796],[-48.60759,-14.33793],[-48.60643,-14.3385],[-48.60566,-14.33801],[-48.60498,-14.33679],[-48.60385,-14.33768],[-48.60391,-14.3397],[-48.59911,-14.34197],[-48.59851,-14.34309],[-48.59954,-14.34422],[-48.60038,-14.34384],[-48.60262,-14.34358],[-48.60411,-14.34316],[-48.6053,-14.3441],[-48.60435,-14.34493],[-48.60356,-14.34654],[-48.60355,-14.34817],[-48.60318,-14.34929],[-48.60386,-14.34969],[-48.60582,-14.34964],[-48.60581,-14.35023],[-48.60455,-14.35088],[-48.60235,-14.35123],[-48.60155,-14.35313],[-48.60006,-14.35376],[-48.60108,-14.35549],[-48.60254,-14.35598],[-48.60712,-14.35489],[-48.60756,-14.35607],[-48.60529,-14.36097],[-48.60518,-14.36336],[-48.60463,-14.36549],[-48.60307,-14.36566],[-48.60212,-14.36685],[-48.60226,-14.36875],[-48.59854,-14.37046],[-48.59685,-14.37103],[-48.59693,-14.37193],[-48.59627,-14.37337],[-48.59726,-14.37381],[-48.59751,-14.37532],[-48.599,-14.37597],[-48.59904,-14.37757],[-48.59785,-14.3782],[-48.59884,-14.37892],[-48.60205,-14.37898],[-48.60339,-14.37883],[-48.60427,-14.37952],[-48.60477,-14.38127],[-48.60453,-14.38198],[-48.60266,-14.38395],[-48.60213,-14.38423],[-48.59828,-14.38487],[-48.59808,-14.38521],[-48.59888,-14.38748],[-48.598,-14.38787],[-48.597,-14.38752],[-48.59537,-14.38606],[-48.59454,-14.38639],[-48.59435,-14.38814],[-48.59246,-14.39037],[-48.59145,-14.39092],[-48.59059,-14.38998],[-48.59066,-14.38828],[-48.58916,-14.38779],[-48.58822,-14.38707],[-48.58525,-14.3881],[-48.58444,-14.38899],[-48.58461,-14.39005],[-48.58371,-14.39087],[-48.58097,-14.39049],[-48.58011,-14.39066],[-48.57965,-14.39142],[-48.57954,-14.39274],[-48.58063,-14.39397],[-48.57985,-14.39487],[-48.58014,-14.39653],[-48.57922,-14.39713],[-48.57899,-14.39809],[-48.57835,-14.39858],[-48.57875,-14.39949],[-48.58059,-14.40046],[-48.58074,-14.40146],[-48.58282,-14.40274],[-48.58303,-14.40461],[-48.58205,-14.40493],[-48.58126,-14.40403],[-48.58027,-14.40432],[-48.57963,-14.40543],[-48.57884,-14.40497],[-48.57829,-14.40556],[-48.5783,-14.40681],[-48.57565,-14.41012],[-48.57415,-14.41061],[-48.57409,-14.41184],[-48.57243,-14.41345],[-48.57255,-14.41483],[-48.57302,-14.41526],[-48.57328,-14.41689],[-48.57318,-14.4182],[-48.57414,-14.41954],[-48.57428,-14.42036],[-48.57656,-14.42167],[-48.57534,-14.42241],[-48.57462,-14.42235],[-48.57364,-14.42351],[-48.57218,-14.4245],[-48.57135,-14.42447],[-48.56952,-14.42508],[-48.56825,-14.42644],[-48.56581,-14.42637],[-48.56502,-14.42836],[-48.56435,-14.42915],[-48.56263,-14.42979],[-48.5631,-14.43112],[-48.56181,-14.43172],[-48.56196,-14.43322],[-48.56149,-14.43512],[-48.5609,-14.43606],[-48.56177,-14.43656],[-48.5624,-14.43561],[-48.5646,-14.43608],[-48.56445,-14.437],[-48.56154,-14.43881],[-48.56051,-14.43882],[-48.56068,-14.4407],[-48.56005,-14.44099],[-48.5597,-14.43967],[-48.55908,-14.43954],[-48.55847,-14.4408],[-48.55721,-14.44054],[-48.5552,-14.44126],[-48.55456,-14.44181],[-48.55446,-14.44284],[-48.55371,-14.44414],[-48.5539,-14.44518],[-48.55353,-14.44584],[-48.55234,-14.44529],[-48.55154,-14.44741],[-48.55256,-14.44786],[-48.55321,-14.44865],[-48.55225,-14.45024],[-48.55004,-14.45181],[-48.55192,-14.45225],[-48.55207,-14.45304],[-48.55393,-14.45243],[-48.55571,-14.45302],[-48.55561,-14.455],[-48.55692,-14.4565],[-48.55522,-14.45711],[-48.55332,-14.45744],[-48.55291,-14.45788],[-48.55364,-14.45894],[-48.55337,-14.46036],[-48.55403,-14.46301],[-48.55267,-14.46568],[-48.55156,-14.46611],[-48.55051,-14.4659],[-48.54996,-14.4665],[-48.54867,-14.46704],[-48.54944,-14.46814],[-48.54906,-14.46977],[-48.54784,-14.46946],[-48.54662,-14.46998],[-48.54527,-14.47113],[-48.5441,-14.47088],[-48.54232,-14.47357],[-48.54077,-14.47433],[-48.53984,-14.47448],[-48.54012,-14.47564],[-48.54075,-14.47623],[-48.54125,-14.47745],[-48.54192,-14.47801],[-48.54193,-14.47895],[-48.54257,-14.48024],[-48.54141,-14.48132],[-48.54216,-14.48439],[-48.54179,-14.4858],[-48.54285,-14.48652],[-48.54159,-14.48805],[-48.54049,-14.48865],[-48.53911,-14.49123],[-48.53784,-14.49003],[-48.5372,-14.49011],[-48.53713,-14.49165],[-48.53637,-14.49209],[-48.53617,-14.49319],[-48.53529,-14.49437],[-48.53522,-14.49503],[-48.53425,-14.49628],[-48.53419,-14.49735],[-48.5326,-14.49882],[-48.53246,-14.49971],[-48.53105,-14.50159],[-48.53174,-14.50214],[-48.53292,-14.50427],[-48.53413,-14.50512],[-48.53446,-14.50603],[-48.53327,-14.50675],[-48.53289,-14.50917],[-48.53216,-14.51002],[-48.53272,-14.51126],[-48.53276,-14.51292],[-48.53236,-14.51398],[-48.53276,-14.51485],[-48.53424,-14.51577],[-48.53414,-14.51757],[-48.53221,-14.51874],[-48.53188,-14.51946],[-48.53258,-14.52048],[-48.53247,-14.52189],[-48.53208,-14.5223],[-48.52899,-14.52373],[-48.52779,-14.52399],[-48.5294,-14.525],[-48.53136,-14.52543],[-48.53267,-14.53034],[-48.53417,-14.53059],[-48.53498,-14.5314],[-48.53625,-14.53046],[-48.53689,-14.53115],[-48.53781,-14.53448],[-48.54113,-14.53547],[-48.54026,-14.5379],[-48.53755,-14.5391],[-48.53869,-14.53999],[-48.53809,-14.54168],[-48.53684,-14.54216],[-48.53654,-14.54427],[-48.53683,-14.54594],[-48.53557,-14.54933],[-48.53598,-14.55109],[-48.53689,-14.55159],[-48.53806,-14.55037],[-48.53895,-14.55084],[-48.53986,-14.55059],[-48.54091,-14.55093],[-48.54156,-14.55042],[-48.54263,-14.55206],[-48.5434,-14.55194],[-48.54414,-14.55253],[-48.54428,-14.55348],[-48.54503,-14.55407],[-48.54751,-14.55487],[-48.54848,-14.55596],[-48.54467,-14.55936],[-48.54366,-14.56178],[-48.54435,-14.562],[-48.54382,-14.56369],[-48.5432,-14.56411],[-48.54165,-14.5633],[-48.53486,-14.56324],[-48.53448,-14.56405],[-48.53577,-14.56475],[-48.53754,-14.56624],[-48.54041,-14.5681],[-48.54596,-14.57118],[-48.5403,-14.57927],[-48.54032,-14.58021],[-48.54134,-14.58206],[-48.54224,-14.5829],[-48.54076,-14.58518],[-48.53827,-14.58463],[-48.53722,-14.58421],[-48.53622,-14.58457],[-48.53627,-14.58548],[-48.53454,-14.58768],[-48.53406,-14.59065],[-48.53408,-14.59226],[-48.53369,-14.59268],[-48.53342,-14.59506],[-48.53552,-14.59713],[-48.53817,-14.59702],[-48.53897,-14.59722],[-48.53939,-14.59825],[-48.54099,-14.59947],[-48.54281,-14.59962],[-48.54491,-14.60028],[-48.54533,-14.60139],[-48.54668,-14.60227],[-48.54774,-14.60413],[-48.54801,-14.60706],[-48.54676,-14.60737],[-48.54418,-14.60845],[-48.54149,-14.60878],[-48.53989,-14.60919],[-48.53874,-14.61154],[-48.53814,-14.61197],[-48.53683,-14.61372],[-48.53496,-14.61517],[-48.5337,-14.61523],[-48.53181,-14.61573],[-48.52996,-14.61535],[-48.52783,-14.61465],[-48.52221,-14.61532],[-48.51905,-14.6153],[-48.51829,-14.61594],[-48.51779,-14.61709],[-48.51692,-14.6181],[-48.51681,-14.61905],[-48.51492,-14.61812],[-48.51258,-14.61775],[-48.51096,-14.6169],[-48.5089,-14.61669],[-48.50738,-14.61725],[-48.50504,-14.61729],[-48.50368,-14.61805],[-48.5018,-14.61833],[-48.49885,-14.61943],[-48.49705,-14.6198],[-48.49668,-14.62175],[-48.49544,-14.62167],[-48.49416,-14.62078],[-48.49372,-14.62151],[-48.49165,-14.62344],[-48.49044,-14.62719],[-48.48947,-14.62867],[-48.48845,-14.62958],[-48.48743,-14.63228],[-48.48557,-14.63343],[-48.48306,-14.63341],[-48.48048,-14.63456],[-48.4796,-14.63521],[-48.48043,-14.63721],[-48.4813,-14.63842],[-48.48202,-14.64052],[-48.48195,-14.64141],[-48.48059,-14.64278],[-48.47917,-14.64299],[-48.47707,-14.64295],[-48.47306,-14.64427],[-48.4705,-14.64572],[-48.47028,-14.64669],[-48.47059,-14.6486],[-48.46907,-14.6484],[-48.46765,-14.64954],[-48.4661,-14.64965],[-48.46527,-14.65075],[-48.46326,-14.65512],[-48.46255,-14.65618],[-48.4603,-14.658],[-48.45781,-14.66174],[-48.45734,-14.66222],[-48.45538,-14.66245],[-48.45134,-14.6599],[-48.44843,-14.66009],[-48.44776,-14.66163],[-48.44796,-14.6629],[-48.44687,-14.66325],[-48.4458,-14.66289],[-48.44501,-14.66075],[-48.44532,-14.65866],[-48.44305,-14.65727],[-48.44258,-14.6588],[-48.4425,-14.66077],[-48.44294,-14.66138],[-48.44327,-14.66359],[-48.4422,-14.66551],[-48.44233,-14.6684],[-48.44221,-14.66962],[-48.44056,-14.67122],[-48.43923,-14.67168],[-48.43937,-14.67427],[-48.4405,-14.6764],[-48.43977,-14.67729],[-48.44011,-14.67834],[-48.43838,-14.68046],[-48.43673,-14.68023],[-48.43484,-14.68172],[-48.43231,-14.68164],[-48.43139,-14.68197],[-48.4306,-14.68085],[-48.42919,-14.68011],[-48.42752,-14.6806],[-48.42595,-14.67988],[-48.42466,-14.67972],[-48.42325,-14.68077],[-48.42171,-14.6814],[-48.42087,-14.68089],[-48.42015,-14.67991],[-48.41669,-14.68151],[-48.4155,-14.6816],[-48.41407,-14.68551],[-48.41416,-14.68801],[-48.41296,-14.68948],[-48.4121,-14.6911],[-48.41052,-14.69183],[-48.40905,-14.69347],[-48.40667,-14.69409],[-48.40519,-14.69518],[-48.40262,-14.69675],[-48.40107,-14.69697],[-48.4,-14.69587],[-48.39938,-14.69598],[-48.39814,-14.6978],[-48.3976,-14.69899],[-48.39654,-14.69901],[-48.39471,-14.6986],[-48.39301,-14.69926],[-48.38832,-14.69867],[-48.38764,-14.69697],[-48.38599,-14.6967],[-48.38443,-14.6958],[-48.38223,-14.69553],[-48.38046,-14.6933],[-48.37899,-14.69202],[-48.37594,-14.6902],[-48.37498,-14.68912],[-48.37433,-14.68777],[-48.37307,-14.68389],[-48.37231,-14.68298],[-48.3701,-14.68258],[-48.3677,-14.68332],[-48.36696,-14.68394],[-48.36616,-14.68534],[-48.36521,-14.68567],[-48.3638,-14.68521],[-48.36186,-14.68524],[-48.36103,-14.68488],[-48.35923,-14.68346],[-48.358,-14.68157],[-48.35722,-14.68083],[-48.35599,-14.68034],[-48.35532,-14.6795],[-48.35484,-14.67724],[-48.35184,-14.67137],[-48.35615,-14.6661],[-48.36835,-14.67233],[-48.37894,-14.67881],[-48.38893,-14.68308],[-48.39625,-14.67679],[-48.39858,-14.66461],[-48.40543,-14.65921],[-48.4125,-14.65492],[-48.42155,-14.65077],[-48.41516,-14.64135],[-48.40965,-14.63088],[-48.40621,-14.61999],[-48.40667,-14.61071],[-48.40433,-14.60363],[-48.41035,-14.59083],[-48.42301,-14.58034],[-48.42513,-14.57025],[-48.41973,-14.56901],[-48.41661,-14.56855],[-48.41615,-14.56869],[-48.41515,-14.57018],[-48.4132,-14.57087],[-48.41042,-14.57025],[-48.40907,-14.57089],[-48.40807,-14.57088],[-48.40696,-14.57151],[-48.40663,-14.57216],[-48.40457,-14.5731],[-48.404,-14.5741],[-48.40328,-14.57409],[-48.4029,-14.57522],[-48.40213,-14.57578],[-48.40151,-14.57736],[-48.39854,-14.57742],[-48.39595,-14.57772],[-48.3947,-14.57829],[-48.39352,-14.57796],[-48.39204,-14.57853],[-48.38984,-14.57692],[-48.38718,-14.5776],[-48.38472,-14.57656],[-48.3838,-14.57565],[-48.38464,-14.57277],[-48.3835,-14.57293],[-48.38217,-14.57214],[-48.38181,-14.57121],[-48.37982,-14.57141],[-48.37957,-14.57232],[-48.37851,-14.57232],[-48.37721,-14.57153],[-48.37594,-14.57188],[-48.37517,-14.57052],[-48.37317,-14.57094],[-48.37219,-14.57044],[-48.37237,-14.56875],[-48.371,-14.56878],[-48.37055,-14.56741],[-48.36906,-14.5672],[-48.36844,-14.56642],[-48.36834,-14.56544],[-48.36685,-14.56506],[-48.36772,-14.56418],[-48.36759,-14.56197],[-48.36657,-14.56084],[-48.36602,-14.5615],[-48.36611,-14.5624],[-48.365,-14.56227],[-48.36479,-14.5643],[-48.36397,-14.56417],[-48.36412,-14.56316],[-48.36361,-14.56251],[-48.36265,-14.56317],[-48.36058,-14.56224],[-48.35725,-14.56172],[-48.35618,-14.56275],[-48.35493,-14.56048],[-48.35379,-14.56134],[-48.35319,-14.5605],[-48.35063,-14.56167],[-48.34901,-14.56145],[-48.34654,-14.56169],[-48.34628,-14.5627],[-48.34558,-14.56291],[-48.34511,-14.56396],[-48.34248,-14.5626],[-48.34179,-14.56197],[-48.34249,-14.56048],[-48.34084,-14.56],[-48.34025,-14.5588],[-48.33871,-14.55878],[-48.33769,-14.55952],[-48.33696,-14.55854],[-48.33537,-14.55855],[-48.33535,-14.56035],[-48.33343,-14.5608],[-48.33327,-14.55996],[-48.33221,-14.55944],[-48.33084,-14.55935],[-48.33039,-14.56006],[-48.32869,-14.55955],[-48.32855,-14.55827],[-48.32751,-14.55861],[-48.32657,-14.55797],[-48.32546,-14.55781],[-48.32388,-14.55851],[-48.32379,-14.55919],[-48.32192,-14.55886],[-48.32143,-14.55933],[-48.31993,-14.55909],[-48.3194,-14.55944],[-48.31811,-14.55926],[-48.31795,-14.55876],[-48.3162,-14.55935],[-48.31622,-14.56012],[-48.31512,-14.56059],[-48.31384,-14.56199],[-48.31297,-14.56136],[-48.31059,-14.56165],[-48.30996,-14.56127],[-48.3108,-14.55963],[-48.31145,-14.55897],[-48.31082,-14.55806],[-48.30975,-14.55751],[-48.30857,-14.55602],[-48.30607,-14.55448],[-48.30514,-14.55342],[-48.30393,-14.5535],[-48.30298,-14.55253],[-48.30193,-14.55269],[-48.30109,-14.55148],[-48.30041,-14.55203],[-48.29875,-14.55132],[-48.29898,-14.54987],[-48.29834,-14.54861],[-48.29904,-14.54763],[-48.2982,-14.54677],[-48.29734,-14.5475],[-48.29711,-14.54862],[-48.29546,-14.54829],[-48.29521,-14.54752],[-48.29418,-14.54633],[-48.29493,-14.54498],[-48.29433,-14.54409],[-48.29503,-14.5414],[-48.29414,-14.54086],[-48.29326,-14.54289],[-48.29342,-14.54394],[-48.29252,-14.54422],[-48.2911,-14.54403],[-48.29025,-14.54359],[-48.29061,-14.54272],[-48.2906,-14.54079],[-48.28972,-14.53994],[-48.29038,-14.53911],[-48.28992,-14.53806],[-48.2893,-14.5378],[-48.28854,-14.53453],[-48.28862,-14.53376],[-48.28943,-14.53337],[-48.28895,-14.53225],[-48.28782,-14.532],[-48.28713,-14.52941],[-48.28623,-14.5282],[-48.28675,-14.52775],[-48.28695,-14.52613],[-48.28595,-14.52554],[-48.28369,-14.52507],[-48.28446,-14.52415],[-48.28416,-14.52369],[-48.28294,-14.52364],[-48.28237,-14.52314],[-48.28279,-14.52228],[-48.28026,-14.52197],[-48.28012,-14.52073],[-48.27931,-14.51866],[-48.27941,-14.51723],[-48.27895,-14.51581],[-48.27903,-14.51505],[-48.27825,-14.5142],[-48.27769,-14.51261],[-48.27696,-14.5119],[-48.27596,-14.5086],[-48.27619,-14.50752],[-48.27519,-14.50724],[-48.27501,-14.50556],[-48.27573,-14.50429],[-48.27527,-14.50365],[-48.27666,-14.50249],[-48.27714,-14.5007],[-48.27677,-14.49943],[-48.27681,-14.49817],[-48.27603,-14.49732],[-48.27762,-14.4971],[-48.27807,-14.49669],[-48.27687,-14.49578],[-48.2771,-14.49444],[-48.27765,-14.49345],[-48.27788,-14.49216],[-48.27732,-14.49181],[-48.27633,-14.49217],[-48.27549,-14.49081],[-48.27615,-14.49032],[-48.27472,-14.48811],[-48.27507,-14.4869],[-48.27462,-14.48621],[-48.27496,-14.48502],[-48.27287,-14.48394],[-48.27371,-14.48246],[-48.27243,-14.48238],[-48.27243,-14.4806],[-48.27364,-14.48068],[-48.27333,-14.47925],[-48.27272,-14.47868],[-48.27123,-14.47855],[-48.27055,-14.47528],[-48.26955,-14.4742],[-48.27054,-14.47398],[-48.27129,-14.4729],[-48.27037,-14.47219],[-48.271,-14.47096],[-48.27188,-14.47153],[-48.27287,-14.47146],[-48.27289,-14.46985],[-48.27197,-14.46914],[-48.27111,-14.46904],[-48.27142,-14.46728],[-48.27094,-14.46553],[-48.26974,-14.46436],[-48.26855,-14.46622],[-48.26787,-14.46467],[-48.26832,-14.4634],[-48.26782,-14.46303],[-48.26593,-14.46274],[-48.26492,-14.46194],[-48.26478,-14.4606],[-48.26355,-14.46023],[-48.26364,-14.45904],[-48.26237,-14.45931],[-48.26101,-14.45821],[-48.26028,-14.45838],[-48.25975,-14.45661],[-48.25908,-14.45701],[-48.25816,-14.45676],[-48.25749,-14.45551],[-48.25581,-14.45636],[-48.25581,-14.45733],[-48.25443,-14.45679],[-48.25358,-14.45759],[-48.25276,-14.45772],[-48.25111,-14.45739],[-48.25122,-14.4555],[-48.24998,-14.4545],[-48.24893,-14.45494],[-48.24835,-14.45619],[-48.24737,-14.45698],[-48.24621,-14.45838],[-48.24479,-14.45943],[-48.24254,-14.45737],[-48.24175,-14.45824],[-48.24128,-14.45717],[-48.24164,-14.45623],[-48.24015,-14.45616],[-48.24019,-14.45534],[-48.23961,-14.45462],[-48.23717,-14.45588],[-48.23642,-14.45706],[-48.23572,-14.45631],[-48.23505,-14.45685],[-48.23494,-14.45812],[-48.23424,-14.4588],[-48.23344,-14.45846],[-48.23288,-14.45622],[-48.23238,-14.45572],[-48.23127,-14.45563],[-48.23148,-14.45486],[-48.23055,-14.45335],[-48.23096,-14.45239],[-48.22779,-14.45258],[-48.22713,-14.45179],[-48.22603,-14.45137],[-48.22523,-14.45037],[-48.22539,-14.44834],[-48.22683,-14.44736],[-48.22595,-14.44654],[-48.22616,-14.44537],[-48.22555,-14.44509],[-48.22431,-14.44607],[-48.22389,-14.44461],[-48.22413,-14.44401],[-48.22275,-14.44286],[-48.22312,-14.44224],[-48.22456,-14.44124],[-48.22672,-14.43905],[-48.22654,-14.43667],[-48.22607,-14.43666],[-48.22521,-14.438],[-48.22462,-14.43777],[-48.22269,-14.43546],[-48.22267,-14.43277],[-48.21651,-14.41095],[-48.21477,-14.41001],[-48.21318,-14.41069],[-48.21221,-14.41002],[-48.2078,-14.41051],[-48.20828,-14.41166],[-48.20795,-14.41242],[-48.20859,-14.41398],[-48.20799,-14.41452],[-48.20726,-14.4139],[-48.20626,-14.41427],[-48.20587,-14.41285],[-48.2045,-14.41282],[-48.20423,-14.41099],[-48.20233,-14.41102],[-48.20089,-14.41032],[-48.19985,-14.41022],[-48.1999,-14.40942],[-48.20104,-14.40959],[-48.20171,-14.40924],[-48.20121,-14.40721],[-48.2001,-14.4062],[-48.1992,-14.40734],[-48.1977,-14.40759],[-48.19742,-14.4064],[-48.19651,-14.40573],[-48.19768,-14.40489],[-48.19754,-14.40322],[-48.1983,-14.40217],[-48.19873,-14.39908],[-48.19812,-14.39824],[-48.19676,-14.39825],[-48.19637,-14.39652],[-48.19507,-14.39599],[-48.19489,-14.39714],[-48.19425,-14.39796],[-48.19313,-14.39837],[-48.19323,-14.3996],[-48.19151,-14.39805],[-48.19172,-14.39729],[-48.19275,-14.39713],[-48.19285,-14.39641],[-48.1923,-14.39466],[-48.19251,-14.39353],[-48.19153,-14.39298],[-48.19161,-14.39132],[-48.19239,-14.3895],[-48.19302,-14.38688],[-48.19282,-14.38483],[-48.19323,-14.38293],[-48.19439,-14.38262],[-48.19551,-14.38138],[-48.19554,-14.38037],[-48.19369,-14.37919],[-48.19389,-14.37845],[-48.1951,-14.37875],[-48.1952,-14.37762],[-48.19289,-14.37739],[-48.19239,-14.3763],[-48.19288,-14.37493],[-48.19425,-14.37467],[-48.19661,-14.37603],[-48.19778,-14.37617],[-48.19939,-14.37596],[-48.20291,-14.37648],[-48.2036,-14.37611],[-48.20288,-14.37503],[-48.20062,-14.37328],[-48.20003,-14.37225],[-48.1997,-14.36953],[-48.2016,-14.36723],[-48.20282,-14.3674],[-48.20418,-14.36918],[-48.20613,-14.3721],[-48.20667,-14.37241],[-48.20849,-14.37173],[-48.20929,-14.37054],[-48.20823,-14.36796],[-48.20913,-14.3672],[-48.2109,-14.36856],[-48.21196,-14.36997],[-48.21258,-14.37148],[-48.21351,-14.37249],[-48.21428,-14.37265],[-48.21604,-14.37045],[-48.21613,-14.36932],[-48.21761,-14.36757],[-48.21948,-14.36684],[-48.22027,-14.36698],[-48.22177,-14.36817],[-48.2231,-14.36761],[-48.22322,-14.36631],[-48.22291,-14.36441],[-48.22212,-14.36208],[-48.22118,-14.35988],[-48.2186,-14.3576],[-48.21786,-14.3554],[-48.2165,-14.35393],[-48.21659,-14.35281],[-48.21827,-14.35146],[-48.22072,-14.35179],[-48.22206,-14.35088],[-48.22326,-14.35062],[-48.22353,-14.34915],[-48.22247,-14.34802],[-48.22105,-14.34725],[-48.22027,-14.34632],[-48.22067,-14.3447],[-48.22281,-14.34335],[-48.22372,-14.34232],[-48.2263,-14.34192],[-48.2276,-14.34236],[-48.22694,-14.34405],[-48.22904,-14.34787],[-48.23097,-14.34879],[-48.23179,-14.34852],[-48.23244,-14.34748],[-48.2325,-14.34654],[-48.2311,-14.3427],[-48.23116,-14.34175],[-48.233,-14.34135],[-48.23389,-14.34209],[-48.23483,-14.34202],[-48.23636,-14.34074],[-48.23705,-14.33826],[-48.23694,-14.33696],[-48.23564,-14.33669],[-48.23404,-14.33575],[-48.23337,-14.33409],[-48.23349,-14.33297],[-48.23304,-14.33165],[-48.23292,-14.32967],[-48.23339,-14.32878],[-48.2355,-14.32771],[-48.23651,-14.32645],[-48.23714,-14.3248],[-48.23742,-14.32287],[-48.23727,-14.32199],[-48.23573,-14.32105],[-48.23349,-14.3202],[-48.23349,-14.31833],[-48.23411,-14.31736],[-48.23483,-14.31702],[-48.23685,-14.31737],[-48.23795,-14.31718],[-48.23798,-14.31434],[-48.23613,-14.31382],[-48.23537,-14.31326],[-48.23579,-14.31207],[-48.23853,-14.3114],[-48.23961,-14.30884],[-48.23915,-14.30819],[-48.23745,-14.30757],[-48.2378,-14.30645],[-48.23895,-14.30604],[-48.2396,-14.3053],[-48.23975,-14.30338],[-48.24066,-14.30222],[-48.24501,-14.30082],[-48.24528,-14.30013],[-48.24482,-14.29553],[-48.24543,-14.29427],[-48.24633,-14.29315],[-48.2471,-14.29304],[-48.24798,-14.29412],[-48.24781,-14.29584],[-48.24705,-14.2973],[-48.24717,-14.29828],[-48.25055,-14.29924],[-48.25177,-14.29931],[-48.25232,-14.29854],[-48.25039,-14.29555],[-48.25097,-14.29401],[-48.25184,-14.29354],[-48.2545,-14.29322],[-48.25523,-14.29246],[-48.25583,-14.29112],[-48.25569,-14.29017],[-48.2545,-14.28921],[-48.25352,-14.28792],[-48.25353,-14.28725],[-48.25478,-14.28537],[-48.25839,-14.28259],[-48.25947,-14.28335],[-48.25948,-14.28495],[-48.25903,-14.28622],[-48.2592,-14.28724],[-48.26093,-14.28751],[-48.26197,-14.28565],[-48.26434,-14.28226],[-48.26548,-14.28103],[-48.26705,-14.28002],[-48.26844,-14.27876],[-48.26888,-14.27667],[-48.26938,-14.27536],[-48.27025,-14.27462],[-48.27291,-14.2747],[-48.27436,-14.27434],[-48.27496,-14.27373],[-48.2751,-14.27273],[-48.27463,-14.27155],[-48.27358,-14.27014],[-48.27208,-14.26935],[-48.27109,-14.26837],[-48.27114,-14.26647],[-48.26941,-14.26186],[-48.26809,-14.2596],[-48.26609,-14.25551],[-48.26522,-14.25338],[-48.26361,-14.25167],[-48.26209,-14.24903],[-48.26241,-14.24729],[-48.2622,-14.24569],[-48.2603,-14.24242],[-48.25882,-14.24076],[-48.25737,-14.24017],[-48.25556,-14.2399],[-48.25414,-14.23918],[-48.25374,-14.23858],[-48.25406,-14.23743],[-48.25521,-14.23473],[-48.25531,-14.23293],[-48.25511,-14.23056],[-48.25551,-14.22865],[-48.25611,-14.22775],[-48.25783,-14.227],[-48.25736,-14.2261],[-48.25578,-14.22595],[-48.25452,-14.22636],[-48.25292,-14.22602],[-48.25148,-14.22491],[-48.24972,-14.22244],[-48.24877,-14.22059],[-48.24863,-14.21968],[-48.24927,-14.21924],[-48.25227,-14.22065],[-48.25444,-14.22075],[-48.25769,-14.21989],[-48.26098,-14.21828],[-48.262,-14.21762],[-48.26354,-14.21761],[-48.26529,-14.2184],[-48.2708,-14.21819],[-48.27178,-14.21778],[-48.27271,-14.21677],[-48.27187,-14.21441],[-48.27169,-14.21281],[-48.27216,-14.21177],[-48.27394,-14.21047],[-48.27469,-14.20948],[-48.27534,-14.20782],[-48.2762,-14.20685],[-48.27731,-14.20786],[-48.2802,-14.20765],[-48.28157,-14.20834],[-48.28307,-14.20858],[-48.28387,-14.20806],[-48.28371,-14.20629],[-48.28308,-14.20379],[-48.28299,-14.20204],[-48.2826,-14.20076],[-48.2801,-14.19824],[-48.27943,-14.19711],[-48.28029,-14.1953],[-48.28,-14.19375],[-48.2785,-14.19331],[-48.27727,-14.19237],[-48.27605,-14.18961],[-48.27488,-14.18865],[-48.27503,-14.18745],[-48.27642,-14.18612],[-48.27715,-14.18508],[-48.27799,-14.18055],[-48.27847,-14.17903],[-48.28054,-14.17679],[-48.2821,-14.17394],[-48.28263,-14.1725],[-48.28223,-14.17182],[-48.28091,-14.17173],[-48.27951,-14.17089],[-48.27846,-14.16958],[-48.27867,-14.16857],[-48.28015,-14.16676],[-48.28092,-14.16649],[-48.28383,-14.16458],[-48.28478,-14.16332],[-48.28586,-14.16123],[-48.28584,-14.15948],[-48.28468,-14.15776],[-48.28166,-14.1561],[-48.27991,-14.156],[-48.27851,-14.15476],[-48.27815,-14.15384],[-48.27853,-14.15245],[-48.28006,-14.15065],[-48.28055,-14.14841],[-48.2801,-14.14652],[-48.27894,-14.14512],[-48.27903,-14.14297],[-48.27994,-14.14158],[-48.28062,-14.13972],[-48.28181,-14.13768],[-48.28297,-14.13652],[-48.2849,-14.13541],[-48.28568,-14.13311],[-48.28547,-14.13085],[-48.28601,-14.12922],[-48.28758,-14.12788],[-48.28961,-14.1279],[-48.29169,-14.12755],[-48.29288,-14.12683],[-48.29373,-14.12592],[-48.2936,-14.12527],[-48.29216,-14.12396],[-48.29204,-14.12325],[-48.29249,-14.12122],[-48.29137,-14.12052],[-48.2866,-14.12137],[-48.28321,-14.1207],[-48.2822,-14.12009],[-48.28243,-14.11885],[-48.28519,-14.11662],[-48.28594,-14.11467],[-48.2858,-14.11296],[-48.28532,-14.11194],[-48.28561,-14.11079],[-48.28701,-14.11007],[-48.2905,-14.11212],[-48.29186,-14.11266],[-48.29337,-14.11256],[-48.29466,-14.10988],[-48.29569,-14.10985],[-48.29663,-14.11057],[-48.29852,-14.10997],[-48.29969,-14.10897],[-48.30025,-14.10743],[-48.30005,-14.10653],[-48.299,-14.10543],[-48.29771,-14.10519],[-48.29661,-14.10571],[-48.29491,-14.10594],[-48.29369,-14.10533],[-48.29331,-14.10442],[-48.29378,-14.10259],[-48.2948,-14.10119],[-48.29562,-14.09827],[-48.29612,-14.09763],[-48.29735,-14.09709],[-48.29779,-14.0956],[-48.29538,-14.09486],[-48.294,-14.09385],[-48.29277,-14.09414],[-48.29157,-14.09537],[-48.29015,-14.09618],[-48.28819,-14.09611],[-48.28723,-14.09527],[-48.28693,-14.09354],[-48.28872,-14.09098],[-48.28878,-14.08992],[-48.28807,-14.08843],[-48.28685,-14.08789],[-48.28611,-14.08712],[-48.28619,-14.08627],[-48.28808,-14.0856],[-48.28999,-14.08532],[-48.29294,-14.08538],[-48.2941,-14.08509],[-48.29493,-14.08438],[-48.29559,-14.08292],[-48.29468,-14.08164],[-48.29361,-14.08079],[-48.29334,-14.07948],[-48.29415,-14.0787],[-48.29782,-14.07727],[-48.29927,-14.07622],[-48.30357,-14.07346],[-48.30592,-14.07236],[-48.30895,-14.07126],[-48.31045,-14.07031],[-48.31343,-14.0667],[-48.31553,-14.0652],[-48.31658,-14.06351],[-48.31606,-14.06006],[-48.31511,-14.05869],[-48.31428,-14.05684],[-48.31348,-14.0563],[-48.31165,-14.05752],[-48.30894,-14.05604],[-48.30851,-14.05479],[-48.30832,-14.05046],[-48.30742,-14.04909],[-48.30438,-14.04712],[-48.30274,-14.04548],[-48.3009,-14.04399],[-48.29841,-14.04138],[-48.29828,-14.04034],[-48.29876,-14.03739],[-48.29969,-14.0345],[-48.30027,-14.03351],[-48.30149,-14.03399],[-48.30229,-14.03363],[-48.30387,-14.03192],[-48.30453,-14.03006],[-48.30485,-14.02678],[-48.30444,-14.02567],[-48.30319,-14.02386],[-48.30234,-14.02173],[-48.30053,-14.02125],[-48.29593,-14.02127],[-48.29421,-14.02169],[-48.29266,-14.02125],[-48.29281,-14.02052],[-48.29429,-14.01894],[-48.29449,-14.01807],[-48.29424,-14.01645],[-48.29427,-14.01472],[-48.295,-14.01416],[-48.29585,-14.01444],[-48.29763,-14.01679],[-48.29936,-14.0166],[-48.3008,-14.01422],[-48.30146,-14.01213],[-48.30179,-14.00791],[-48.30274,-14.00721],[-48.30421,-14.0049],[-48.30523,-14.00399],[-48.30682,-14.00327],[-48.30861,-14.00298],[-48.31016,-14.00197],[-48.31097,-13.99946],[-48.31206,-13.99811],[-48.31453,-13.99713],[-48.31628,-13.99662],[-48.31751,-13.99589],[-48.31933,-13.99372],[-48.32331,-13.99005],[-48.32525,-13.98883],[-48.32669,-13.98741],[-48.32704,-13.98182],[-48.32779,-13.97792],[-48.32778,-13.97633],[-48.32677,-13.97502],[-48.3307,-13.9742],[-48.33445,-13.97292],[-48.33755,-13.97228],[-48.34749,-13.97282],[-48.3508,-13.97345],[-48.35239,-13.97472],[-48.35464,-13.97599],[-48.35764,-13.97544],[-48.35886,-13.97599],[-48.36027,-13.97735],[-48.36112,-13.97926],[-48.36318,-13.98126],[-48.36637,-13.98353],[-48.36957,-13.98499],[-48.37229,-13.98689],[-48.37679,-13.98898],[-48.3839,-13.99283],[-48.38653,-13.9952],[-48.38945,-14.00056],[-48.3948,-14.00383],[-48.39846,-14.00564],[-48.40183,-14.00664],[-48.40455,-14.00655],[-48.40681,-14.00709],[-48.4084,-14.00818],[-48.4115,-14.00927],[-48.4146,-14.00999],[-48.41844,-14.01008],[-48.42191,-14.00998],[-48.42342,-14.01026],[-48.42473,-14.01089],[-48.42567,-14.01198],[-48.42614,-14.01398],[-48.42662,-14.01717],[-48.42944,-14.02072],[-48.43231,-14.02227],[-48.43653,-14.02309],[-48.43821,-14.02199],[-48.4399,-14.01944],[-48.44196,-14.01662],[-48.44514,-14.0147],[-48.44739,-14.01397],[-48.44936,-14.01406],[-48.45142,-14.01488],[-48.45339,-14.01606],[-48.45574,-14.01651],[-48.45958,-14.01696],[-48.46821,-14.01685],[-48.47131,-14.01712],[-48.47281,-14.01821],[-48.47403,-14.02012],[-48.47441,-14.0233],[-48.47452,-14.02931],[-48.47312,-14.03522],[-48.47387,-14.03722],[-48.4751,-14.03931],[-48.47757,-14.04041],[-48.47973,-14.04086],[-48.48128,-14.0421],[-48.48203,-14.04382],[-48.48232,-14.04655],[-48.48233,-14.04937],[-48.48317,-14.05174],[-48.48355,-14.05465],[-48.48376,-14.06247],[-48.4847,-14.06465],[-48.4862,-14.06538],[-48.49149,-14.06549],[-48.49534,-14.0663],[-48.49815,-14.06703],[-48.50097,-14.06912],[-48.50266,-14.07093],[-48.50313,-14.0732],[-48.50286,-14.07557],[-48.50145,-14.07712],[-48.49939,-14.0774],[-48.49677,-14.0784],[-48.49508,-14.07959],[-48.4948,-14.08113],[-48.4949,-14.08304],[-48.49631,-14.08604],[-48.49763,-14.08931],[-48.49853,-14.09394],[-48.49882,-14.10158],[-48.49949,-14.10576],[-48.50071,-14.10849],[-48.50297,-14.11012],[-48.50587,-14.11039],[-48.50897,-14.11138],[-48.51198,-14.11274],[-48.51433,-14.1151],[-48.5164,-14.11937],[-48.51911,-14.12274],[-48.52192,-14.1251],[-48.52446,-14.12591],[-48.52662,-14.12563]]]},"properties":{"codigo":"521460605","name":"Niquelândia","population":28362,"households":15363,"areaKm2":2027.6727,"density":14}},{"type":"Feature","geometry":{"type":"Polygon","coordinates":[[[-47.77195,-14.64163],[-47.77259,-14.6403],[-47.77303,-14.63753],[-47.77412,-14.63785],[-47.7754,-14.63887],[-47.77627,-14.63847],[-47.77566,-14.63671],[-47.77622,-14.63455],[-47.77625,-14.63322],[-47.77882,-14.63288],[-47.77896,-14.6321],[-47.77803,-14.63112],[-47.77686,-14.63147],[-47.77641,-14.63105],[-47.77656,-14.62953],[-47.77607,-14.62891],[-47.77609,-14.62641],[-47.77741,-14.62629],[-47.77761,-14.62561],[-47.77645,-14.62433],[-47.77582,-14.6232],[-47.77577,-14.62232],[-47.77514,-14.62127],[-47.77407,-14.6207],[-47.77182,-14.61691],[-47.76993,-14.61509],[-47.76942,-14.61385],[-47.76925,-14.61251],[-47.76827,-14.61129],[-47.76726,-14.60835],[-47.76611,-14.60715],[-47.76668,-14.60565],[-47.76631,-14.60332],[-47.76647,-14.60189],[-47.76594,-14.59871],[-47.76685,-14.59707],[-47.76595,-14.59563],[-47.76408,-14.59567],[-47.76389,-14.59503],[-47.76524,-14.59289],[-47.76663,-14.59371],[-47.76772,-14.59377],[-47.76749,-14.59229],[-47.76816,-14.59133],[-47.76894,-14.58899],[-47.77002,-14.58872],[-47.77209,-14.58898],[-47.7729,-14.58861],[-47.77086,-14.58716],[-47.76986,-14.58795],[-47.7693,-14.5872],[-47.76993,-14.58592],[-47.77139,-14.5849],[-47.77201,-14.58337],[-47.77057,-14.58272],[-47.77055,-14.58194],[-47.77188,-14.58131],[-47.77175,-14.57976],[-47.77268,-14.57946],[-47.77214,-14.57639],[-47.77156,-14.57572],[-47.77004,-14.57512],[-47.76849,-14.57508],[-47.76804,-14.57431],[-47.76946,-14.57382],[-47.76928,-14.57289],[-47.76632,-14.57217],[-47.76636,-14.57112],[-47.76698,-14.57015],[-47.76899,-14.56907],[-47.76958,-14.56902],[-47.77216,-14.57019],[-47.77292,-14.56986],[-47.77279,-14.56882],[-47.7722,-14.56763],[-47.77021,-14.566],[-47.7689,-14.56634],[-47.76931,-14.56504],[-47.77013,-14.56383],[-47.77011,-14.56276],[-47.76818,-14.5613],[-47.76846,-14.55965],[-47.76839,-14.55804],[-47.76889,-14.55706],[-47.77065,-14.55619],[-47.77116,-14.55535],[-47.77052,-14.55462],[-47.76859,-14.5553],[-47.76731,-14.55514],[-47.76715,-14.55449],[-47.76775,-14.55261],[-47.76996,-14.54978],[-47.7697,-14.54919],[-47.76766,-14.54848],[-47.76685,-14.54909],[-47.76721,-14.54998],[-47.76611,-14.55043],[-47.76475,-14.54958],[-47.76415,-14.54842],[-47.76506,-14.54678],[-47.76673,-14.54712],[-47.76709,-14.54614],[-47.76613,-14.54521],[-47.76481,-14.546],[-47.7639,-14.54563],[-47.7622,-14.54385],[-47.76215,-14.54275],[-47.76153,-14.54093],[-47.76339,-14.53905],[-47.76464,-14.53846],[-47.766,-14.53714],[-47.76546,-14.53541],[-47.76656,-14.53477],[-47.77025,-14.5344],[-47.77128,-14.53461],[-47.77195,-14.53392],[-47.77103,-14.53278],[-47.77106,-14.53192],[-47.77206,-14.53058],[-47.77258,-14.53073],[-47.77277,-14.53214],[-47.77387,-14.53279],[-47.77557,-14.5314],[-47.77546,-14.53107],[-47.77301,-14.52978],[-47.77322,-14.52922],[-47.77439,-14.52903],[-47.77503,-14.52804],[-47.77609,-14.52785],[-47.77855,-14.52825],[-47.77971,-14.52654],[-47.78051,-14.52588],[-47.78113,-14.52627],[-47.78224,-14.52883],[-47.78297,-14.52919],[-47.78502,-14.52766],[-47.78621,-14.52376],[-47.78745,-14.52238],[-47.78978,-14.5215],[-47.79251,-14.52253],[-47.79415,-14.52413],[-47.79479,-14.52425],[-47.79715,-14.52372],[-47.79897,-14.52312],[-47.79922,-14.52239],[-47.79661,-14.52131],[-47.79396,-14.52089],[-47.79391,-14.51985],[-47.79491,-14.51924],[-47.79606,-14.51991],[-47.79877,-14.52089],[-47.80031,-14.52104],[-47.80231,-14.52069],[-47.80445,-14.51947],[-47.80583,-14.52022],[-47.80681,-14.51984],[-47.80722,-14.519],[-47.80708,-14.51797],[-47.80625,-14.51607],[-47.8066,-14.51427],[-47.80738,-14.5131],[-47.81161,-14.51113],[-47.81435,-14.50773],[-47.81558,-14.50658],[-47.81818,-14.50598],[-47.82382,-14.50614],[-47.82456,-14.50547],[-47.82372,-14.50438],[-47.82349,-14.5033],[-47.82441,-14.50145],[-47.82617,-14.50088],[-47.82629,-14.49959],[-47.82521,-14.49846],[-47.82541,-14.49766],[-47.82621,-14.49687],[-47.82717,-14.49435],[-47.82754,-14.49115],[-47.82745,-14.4901],[-47.82822,-14.48795],[-47.82937,-14.48636],[-47.82875,-14.48467],[-47.82871,-14.48254],[-47.82771,-14.48002],[-47.828,-14.47832],[-47.82911,-14.47688],[-47.83035,-14.47598],[-47.831,-14.47396],[-47.83116,-14.47243],[-47.83122,-14.46894],[-47.83161,-14.46555],[-47.83478,-14.46474],[-47.83538,-14.46435],[-47.83565,-14.46324],[-47.835,-14.46106],[-47.83542,-14.46051],[-47.83556,-14.45754],[-47.83584,-14.45635],[-47.83543,-14.45522],[-47.83381,-14.45381],[-47.83335,-14.45203],[-47.83384,-14.45142],[-47.83523,-14.45072],[-47.83706,-14.44948],[-47.83755,-14.44857],[-47.8373,-14.44778],[-47.8365,-14.44734],[-47.83463,-14.44743],[-47.83393,-14.44668],[-47.83484,-14.44591],[-47.83628,-14.44622],[-47.83749,-14.44586],[-47.8375,-14.44506],[-47.83583,-14.44365],[-47.83563,-14.4427],[-47.83622,-14.44223],[-47.83725,-14.44234],[-47.83897,-14.44187],[-47.83943,-14.44133],[-47.83853,-14.43889],[-47.83789,-14.43808],[-47.8359,-14.43661],[-47.83665,-14.43555],[-47.83915,-14.43525],[-47.84037,-14.43546],[-47.84085,-14.43423],[-47.84092,-14.43158],[-47.84131,-14.43058],[-47.84118,-14.42932],[-47.84269,-14.42663],[-47.8432,-14.42408],[-47.84402,-14.42326],[-47.84512,-14.42063],[-47.84629,-14.41851],[-47.84702,-14.41768],[-47.84646,-14.41639],[-47.84673,-14.41381],[-47.84734,-14.41295],[-47.84933,-14.41177],[-47.85073,-14.40846],[-47.85173,-14.40751],[-47.85308,-14.40695],[-47.85469,-14.40704],[-47.85579,-14.40586],[-47.85974,-14.40398],[-47.86,-14.40277],[-47.85894,-14.40131],[-47.85775,-14.3981],[-47.85757,-14.39557],[-47.85899,-14.39346],[-47.8592,-14.39235],[-47.86025,-14.39049],[-47.86099,-14.38789],[-47.86115,-14.38597],[-47.8615,-14.38519],[-47.86321,-14.38469],[-47.86426,-14.38356],[-47.86521,-14.38188],[-47.86516,-14.37995],[-47.8647,-14.37904],[-47.86381,-14.37849],[-47.86186,-14.37843],[-47.86156,-14.37723],[-47.86051,-14.37613],[-47.85958,-14.37586],[-47.85783,-14.37486],[-47.85724,-14.37289],[-47.85551,-14.37164],[-47.85352,-14.373],[-47.85186,-14.37167],[-47.85217,-14.36923],[-47.85348,-14.3676],[-47.85388,-14.36516],[-47.85219,-14.36426],[-47.85076,-14.36537],[-47.84799,-14.36715],[-47.84769,-14.36815],[-47.84666,-14.36846],[-47.84559,-14.36665],[-47.84529,-14.36541],[-47.84432,-14.36435],[-47.84244,-14.36328],[-47.84146,-14.36373],[-47.84204,-14.36476],[-47.84187,-14.36561],[-47.84091,-14.36571],[-47.84022,-14.36504],[-47.83874,-14.36428],[-47.83601,-14.36351],[-47.83523,-14.36244],[-47.83487,-14.3592],[-47.83576,-14.35503],[-47.83516,-14.35397],[-47.83548,-14.35303],[-47.83535,-14.35113],[-47.83449,-14.35099],[-47.83355,-14.35171],[-47.83183,-14.35192],[-47.83075,-14.35136],[-47.82858,-14.35183],[-47.82766,-14.35091],[-47.82781,-14.3489],[-47.82818,-14.34764],[-47.82934,-14.34513],[-47.83097,-14.34447],[-47.8321,-14.34352],[-47.83404,-14.34335],[-47.83515,-14.34399],[-47.83695,-14.34254],[-47.837,-14.34072],[-47.83595,-14.33969],[-47.83522,-14.33765],[-47.83396,-14.33574],[-47.834,-14.33419],[-47.83582,-14.33278],[-47.83677,-14.33145],[-47.83767,-14.33076],[-47.83929,-14.331],[-47.8391,-14.33349],[-47.83987,-14.33638],[-47.8411,-14.33606],[-47.84282,-14.33632],[-47.8465,-14.33569],[-47.84706,-14.33522],[-47.84737,-14.33354],[-47.84822,-14.33298],[-47.85184,-14.3333],[-47.85344,-14.33429],[-47.85461,-14.33699],[-47.85544,-14.33785],[-47.85672,-14.33795],[-47.86033,-14.33915],[-47.86184,-14.33902],[-47.86255,-14.33846],[-47.8645,-14.33773],[-47.86672,-14.33803],[-47.86757,-14.33882],[-47.86741,-14.34025],[-47.86778,-14.34239],[-47.86804,-14.34647],[-47.86771,-14.34703],[-47.86525,-14.34786],[-47.86474,-14.34855],[-47.86547,-14.34932],[-47.86893,-14.35185],[-47.87036,-14.35245],[-47.8729,-14.35293],[-47.87391,-14.35278],[-47.87482,-14.3519],[-47.87614,-14.34886],[-47.87757,-14.34326],[-47.87793,-14.34259],[-47.87897,-14.34222],[-47.88143,-14.34219],[-47.88404,-14.3419],[-47.88491,-14.3413],[-47.8845,-14.33994],[-47.88497,-14.339],[-47.88638,-14.33846],[-47.88755,-14.33683],[-47.8877,-14.33573],[-47.89014,-14.33522],[-47.89231,-14.33373],[-47.89594,-14.33325],[-47.89785,-14.33388],[-47.89886,-14.33388],[-47.9013,-14.33326],[-47.90299,-14.33363],[-47.90534,-14.33723],[-47.90691,-14.33872],[-47.90812,-14.33821],[-47.90835,-14.33563],[-47.90817,-14.33353],[-47.90866,-14.33098],[-47.90988,-14.33019],[-47.91278,-14.33194],[-47.91399,-14.332],[-47.91534,-14.32919],[-47.91487,-14.32814],[-47.91525,-14.32526],[-47.91483,-14.32317],[-47.91365,-14.32125],[-47.91356,-14.31978],[-47.91451,-14.31853],[-47.9163,-14.31691],[-47.91907,-14.31549],[-47.91946,-14.31513],[-47.91951,-14.31277],[-47.92029,-14.3107],[-47.92171,-14.30914],[-47.92312,-14.30864],[-47.92301,-14.30696],[-47.92585,-14.30391],[-47.92663,-14.30227],[-47.92679,-14.30096],[-47.9262,-14.29868],[-47.92554,-14.29825],[-47.92279,-14.29848],[-47.91946,-14.29919],[-47.91646,-14.29866],[-47.91553,-14.29834],[-47.91302,-14.29809],[-47.91157,-14.29757],[-47.91119,-14.29509],[-47.91113,-14.29266],[-47.91029,-14.29066],[-47.91036,-14.28949],[-47.90984,-14.28806],[-47.90963,-14.28635],[-47.90872,-14.28578],[-47.90844,-14.28281],[-47.90888,-14.28163],[-47.9101,-14.28106],[-47.91241,-14.28094],[-47.91324,-14.28112],[-47.91512,-14.28243],[-47.91643,-14.28288],[-47.91848,-14.28254],[-47.92,-14.28047],[-47.92023,-14.27861],[-47.92202,-14.27564],[-47.92254,-14.27528],[-47.9239,-14.27584],[-47.92512,-14.27593],[-47.9277,-14.27739],[-47.92954,-14.28051],[-47.93054,-14.28067],[-47.93111,-14.28002],[-47.9315,-14.2787],[-47.93224,-14.27754],[-47.93296,-14.2771],[-47.93485,-14.27691],[-47.93597,-14.27823],[-47.93624,-14.28079],[-47.93719,-14.28271],[-47.93852,-14.28488],[-47.93992,-14.28607],[-47.9409,-14.28604],[-47.94226,-14.28491],[-47.94382,-14.28434],[-47.94525,-14.28413],[-47.94665,-14.28426],[-47.94975,-14.28525],[-47.95095,-14.28455],[-47.95117,-14.2824],[-47.95351,-14.28254],[-47.95426,-14.28208],[-47.95488,-14.27977],[-47.95618,-14.27776],[-47.95667,-14.27661],[-47.95693,-14.2739],[-47.95756,-14.27246],[-47.95819,-14.27206],[-47.96065,-14.27216],[-47.96171,-14.27169],[-47.96295,-14.27204],[-47.96376,-14.27183],[-47.96696,-14.26917],[-47.96779,-14.26687],[-47.96814,-14.2666],[-47.96842,-14.26455],[-47.96822,-14.26394],[-47.96718,-14.26362],[-47.96872,-14.26098],[-47.97019,-14.26043],[-47.97095,-14.26058],[-47.97203,-14.2616],[-47.9739,-14.26095],[-47.97463,-14.26117],[-47.97718,-14.26308],[-47.9786,-14.26277],[-47.97845,-14.26036],[-47.97872,-14.25883],[-47.9792,-14.25791],[-47.98108,-14.25622],[-47.98234,-14.25627],[-47.98367,-14.25785],[-47.98352,-14.25899],[-47.98403,-14.25975],[-47.98513,-14.26031],[-47.98685,-14.25936],[-47.98903,-14.25887],[-47.99182,-14.25683],[-47.99312,-14.25633],[-47.99434,-14.25664],[-47.99621,-14.25867],[-47.99746,-14.25911],[-47.99912,-14.26064],[-47.99941,-14.26244],[-47.99857,-14.26492],[-47.9986,-14.26581],[-47.99957,-14.26742],[-48.00118,-14.26819],[-48.00305,-14.26769],[-48.00399,-14.26572],[-48.00487,-14.26556],[-48.00587,-14.26422],[-48.00457,-14.26108],[-48.00207,-14.25821],[-48.0019,-14.25717],[-48.00017,-14.2539],[-48.00045,-14.2529],[-48.00291,-14.25142],[-48.00421,-14.24925],[-48.00449,-14.24753],[-48.00449,-14.24378],[-48.00505,-14.24302],[-48.00618,-14.24319],[-48.00697,-14.24446],[-48.00888,-14.24549],[-48.01001,-14.24553],[-48.0119,-14.24473],[-48.01366,-14.2446],[-48.01439,-14.24423],[-48.01501,-14.24209],[-48.01572,-14.24152],[-48.01988,-14.24194],[-48.02096,-14.24113],[-48.0211,-14.23935],[-48.02154,-14.23848],[-48.02455,-14.2351],[-48.02672,-14.23282],[-48.02843,-14.23176],[-48.03115,-14.23279],[-48.03262,-14.23117],[-48.0365,-14.231],[-48.0378,-14.23106],[-48.03903,-14.23165],[-48.04114,-14.23185],[-48.04294,-14.23258],[-48.04478,-14.23427],[-48.04553,-14.23392],[-48.04571,-14.23158],[-48.04528,-14.22915],[-48.04723,-14.22849],[-48.04799,-14.22795],[-48.04819,-14.22692],[-48.04807,-14.22527],[-48.04839,-14.22453],[-48.04979,-14.22372],[-48.05209,-14.22171],[-48.05353,-14.21995],[-48.05317,-14.21661],[-48.05272,-14.21569],[-48.05057,-14.21485],[-48.04983,-14.21363],[-48.05035,-14.21311],[-48.05174,-14.21335],[-48.05282,-14.21262],[-48.05387,-14.21276],[-48.05595,-14.21196],[-48.05704,-14.21207],[-48.05722,-14.21356],[-48.05783,-14.21458],[-48.06043,-14.21417],[-48.06119,-14.21442],[-48.06191,-14.21557],[-48.06263,-14.21568],[-48.06577,-14.21466],[-48.06626,-14.21407],[-48.06758,-14.21133],[-48.06778,-14.20948],[-48.06818,-14.20904],[-48.07022,-14.20902],[-48.07123,-14.20826],[-48.07239,-14.20785],[-48.07468,-14.20611],[-48.07564,-14.2047],[-48.0746,-14.2034],[-48.07487,-14.20248],[-48.0761,-14.20118],[-48.07781,-14.19878],[-48.07898,-14.19795],[-48.08347,-14.19316],[-48.08404,-14.19201],[-48.0854,-14.19116],[-48.08938,-14.18995],[-48.09091,-14.18987],[-48.09365,-14.19051],[-48.09544,-14.19044],[-48.09647,-14.18998],[-48.0973,-14.1891],[-48.09909,-14.18886],[-48.10087,-14.18753],[-48.10216,-14.18703],[-48.10238,-14.18573],[-48.10386,-14.18473],[-48.10576,-14.18239],[-48.10948,-14.18025],[-48.11168,-14.17962],[-48.11241,-14.178],[-48.11293,-14.17764],[-48.11511,-14.17741],[-48.11686,-14.1768],[-48.12113,-14.17232],[-48.12288,-14.1714],[-48.1252,-14.17186],[-48.12619,-14.17133],[-48.12798,-14.16921],[-48.12834,-14.16762],[-48.12659,-14.16613],[-48.12428,-14.16265],[-48.12328,-14.16077],[-48.12232,-14.16025],[-48.12,-14.16025],[-48.11821,-14.15963],[-48.11801,-14.15829],[-48.11852,-14.1568],[-48.12028,-14.15432],[-48.12432,-14.1518],[-48.12576,-14.14905],[-48.12721,-14.14827],[-48.12919,-14.14634],[-48.13074,-14.14514],[-48.13193,-14.14338],[-48.13338,-14.14218],[-48.13597,-14.14177],[-48.13719,-14.14093],[-48.13985,-14.13474],[-48.1406,-14.1319],[-48.14032,-14.13065],[-48.13923,-14.12754],[-48.139,-14.12633],[-48.13933,-14.12561],[-48.14094,-14.12533],[-48.14225,-14.12615],[-48.14322,-14.12915],[-48.1442,-14.12995],[-48.14586,-14.13025],[-48.14803,-14.1301],[-48.14995,-14.12914],[-48.15399,-14.12643],[-48.15476,-14.12482],[-48.15545,-14.12263],[-48.15999,-14.12111],[-48.16278,-14.1192],[-48.16314,-14.11807],[-48.16252,-14.11719],[-48.16076,-14.11553],[-48.15962,-14.11378],[-48.1589,-14.11187],[-48.15885,-14.11046],[-48.16009,-14.10971],[-48.16144,-14.11026],[-48.16345,-14.10971],[-48.16656,-14.1074],[-48.16785,-14.10609],[-48.16863,-14.10454],[-48.1694,-14.09982],[-48.17034,-14.09776],[-48.17274,-14.09451],[-48.17477,-14.08911],[-48.17447,-14.08781],[-48.17202,-14.0854],[-48.17166,-14.0821],[-48.17165,-14.07879],[-48.17147,-14.07589],[-48.17177,-14.07427],[-48.17236,-14.07351],[-48.17361,-14.07274],[-48.17337,-14.07177],[-48.17087,-14.06958],[-48.17092,-14.06777],[-48.17148,-14.06718],[-48.17495,-14.0651],[-48.17668,-14.06354],[-48.17818,-14.06069],[-48.17959,-14.06024],[-48.18296,-14.06029],[-48.18443,-14.05922],[-48.18403,-14.05791],[-48.18302,-14.05681],[-48.18206,-14.05455],[-48.1808,-14.05049],[-48.18076,-14.04628],[-48.18177,-14.04382],[-48.18306,-14.04164],[-48.18433,-14.04028],[-48.18582,-14.03936],[-48.18934,-14.03854],[-48.19064,-14.03765],[-48.191,-14.03644],[-48.19008,-14.034],[-48.19023,-14.03328],[-48.19468,-14.03156],[-48.19498,-14.03071],[-48.1946,-14.02979],[-48.19317,-14.02874],[-48.19227,-14.02735],[-48.19203,-14.02579],[-48.19257,-14.02393],[-48.19358,-14.02219],[-48.19523,-14.02059],[-48.1968,-14.0196],[-48.1988,-14.01914],[-48.20153,-14.01889],[-48.20438,-14.01967],[-48.20801,-14.02177],[-48.20995,-14.02252],[-48.21143,-14.02252],[-48.21284,-14.0216],[-48.21432,-14.02022],[-48.2185,-14.01805],[-48.21963,-14.01661],[-48.22016,-14.01541],[-48.21956,-14.01255],[-48.21546,-14.00703],[-48.21384,-14.0034],[-48.21401,-14.00191],[-48.21472,-14.00048],[-48.21581,-13.99969],[-48.21768,-13.99907],[-48.21921,-13.99816],[-48.22149,-13.99662],[-48.22401,-13.99582],[-48.22712,-13.99514],[-48.23223,-13.99429],[-48.23365,-13.99446],[-48.23707,-13.99549],[-48.24054,-13.99519],[-48.24323,-13.99445],[-48.2454,-13.99359],[-48.24657,-13.99228],[-48.24715,-13.99018],[-48.24774,-13.98522],[-48.24815,-13.9834],[-48.24874,-13.98272],[-48.25125,-13.98169],[-48.25277,-13.98078],[-48.25394,-13.97953],[-48.25429,-13.97805],[-48.25403,-13.97655],[-48.25277,-13.97401],[-48.24972,-13.96992],[-48.24931,-13.96844],[-48.24925,-13.96594],[-48.25024,-13.96315],[-48.25121,-13.96103],[-48.2525,-13.95977],[-48.25373,-13.95926],[-48.25543,-13.9592],[-48.25748,-13.95886],[-48.26012,-13.95784],[-48.26152,-13.95647],[-48.26358,-13.95324],[-48.26467,-13.95279],[-48.2665,-13.9526],[-48.26949,-13.95203],[-48.27183,-13.95134],[-48.27482,-13.94986],[-48.27669,-13.94878],[-48.27804,-13.94707],[-48.2788,-13.94508],[-48.27938,-13.94235],[-48.28106,-13.93922],[-48.28289,-13.93888],[-48.28401,-13.93939],[-48.28512,-13.94081],[-48.2884,-13.94383],[-48.28978,-13.94386],[-48.29086,-13.94314],[-48.29204,-13.94166],[-48.29332,-13.94081],[-48.29502,-13.94064],[-48.29672,-13.94103],[-48.29836,-13.94097],[-48.29965,-13.93984],[-48.30047,-13.93841],[-48.30158,-13.93722],[-48.3027,-13.93703],[-48.30328,-13.93761],[-48.30276,-13.94199],[-48.30325,-13.94252],[-48.30645,-13.94305],[-48.30901,-13.94504],[-48.31131,-13.94489],[-48.31389,-13.94323],[-48.31716,-13.93963],[-48.31865,-13.93918],[-48.31808,-13.94142],[-48.31925,-13.94414],[-48.32048,-13.94522],[-48.32327,-13.94733],[-48.32458,-13.95014],[-48.32459,-13.95306],[-48.32365,-13.95606],[-48.32262,-13.96015],[-48.32244,-13.96316],[-48.32301,-13.96634],[-48.32235,-13.96943],[-48.32114,-13.97098],[-48.31898,-13.97189],[-48.31767,-13.9729],[-48.31739,-13.97444],[-48.31767,-13.97581],[-48.31899,-13.97708],[-48.32096,-13.97735],[-48.32367,-13.97666],[-48.32677,-13.97502],[-48.32778,-13.97633],[-48.32779,-13.97792],[-48.32704,-13.98182],[-48.32669,-13.98741],[-48.32525,-13.98883],[-48.32331,-13.99005],[-48.31933,-13.99372],[-48.31751,-13.99589],[-48.31628,-13.99662],[-48.31453,-13.99713],[-48.31206,-13.99811],[-48.31097,-13.99946],[-48.31016,-14.00197],[-48.30861,-14.00298],[-48.30682,-14.00327],[-48.30523,-14.00399],[-48.30421,-14.0049],[-48.30274,-14.00721],[-48.30179,-14.00791],[-48.30146,-14.01213],[-48.3008,-14.01422],[-48.29936,-14.0166],[-48.29763,-14.01679],[-48.29585,-14.01444],[-48.295,-14.01416],[-48.29427,-14.01472],[-48.29424,-14.01645],[-48.29449,-14.01807],[-48.29429,-14.01894],[-48.29281,-14.02052],[-48.29266,-14.02125],[-48.29421,-14.02169],[-48.29593,-14.02127],[-48.30053,-14.02125],[-48.30234,-14.02173],[-48.30319,-14.02386],[-48.30444,-14.02567],[-48.30485,-14.02678],[-48.30453,-14.03006],[-48.30387,-14.03192],[-48.30229,-14.03363],[-48.30149,-14.03399],[-48.30027,-14.03351],[-48.29969,-14.0345],[-48.29876,-14.03739],[-48.29828,-14.04034],[-48.29841,-14.04138],[-48.3009,-14.04399],[-48.30274,-14.04548],[-48.30438,-14.04712],[-48.30742,-14.04909],[-48.30832,-14.05046],[-48.30851,-14.05479],[-48.30894,-14.05604],[-48.31165,-14.05752],[-48.31348,-14.0563],[-48.31428,-14.05684],[-48.31511,-14.05869],[-48.31606,-14.06006],[-48.31658,-14.06351],[-48.31553,-14.0652],[-48.31343,-14.0667],[-48.31045,-14.07031],[-48.30895,-14.07126],[-48.30592,-14.07236],[-48.30357,-14.07346],[-48.29927,-14.07622],[-48.29782,-14.07727],[-48.29415,-14.0787],[-48.29334,-14.07948],[-48.29361,-14.08079],[-48.29468,-14.08164],[-48.29559,-14.08292],[-48.29493,-14.08438],[-48.2941,-14.08509],[-48.29294,-14.08538],[-48.28999,-14.08532],[-48.28808,-14.0856],[-48.28619,-14.08627],[-48.28611,-14.08712],[-48.28685,-14.08789],[-48.28807,-14.08843],[-48.28878,-14.08992],[-48.28872,-14.09098],[-48.28693,-14.09354],[-48.28723,-14.09527],[-48.28819,-14.09611],[-48.29015,-14.09618],[-48.29157,-14.09537],[-48.29277,-14.09414],[-48.294,-14.09385],[-48.29538,-14.09486],[-48.29779,-14.0956],[-48.29735,-14.09709],[-48.29612,-14.09763],[-48.29562,-14.09827],[-48.2948,-14.10119],[-48.29378,-14.10259],[-48.29331,-14.10442],[-48.29369,-14.10533],[-48.29491,-14.10594],[-48.29661,-14.10571],[-48.29771,-14.10519],[-48.299,-14.10543],[-48.30005,-14.10653],[-48.30025,-14.10743],[-48.29969,-14.10897],[-48.29852,-14.10997],[-48.29663,-14.11057],[-48.29569,-14.10985],[-48.29466,-14.10988],[-48.29337,-14.11256],[-48.29186,-14.11266],[-48.2905,-14.11212],[-48.28701,-14.11007],[-48.28561,-14.11079],[-48.28532,-14.11194],[-48.2858,-14.11296],[-48.28594,-14.11467],[-48.28519,-14.11662],[-48.28243,-14.11885],[-48.2822,-14.12009],[-48.28321,-14.1207],[-48.2866,-14.12137],[-48.29137,-14.12052],[-48.29249,-14.12122],[-48.29204,-14.12325],[-48.29216,-14.12396],[-48.2936,-14.12527],[-48.29373,-14.12592],[-48.29288,-14.12683],[-48.29169,-14.12755],[-48.28961,-14.1279],[-48.28758,-14.12788],[-48.28601,-14.12922],[-48.28547,-14.13085],[-48.28568,-14.13311],[-48.2849,-14.13541],[-48.28297,-14.13652],[-48.28181,-14.13768],[-48.28062,-14.13972],[-48.27994,-14.14158],[-48.27903,-14.14297],[-48.27894,-14.14512],[-48.2801,-14.14652],[-48.28055,-14.14841],[-48.28006,-14.15065],[-48.27853,-14.15245],[-48.27815,-14.15384],[-48.27851,-14.15476],[-48.27991,-14.156],[-48.28166,-14.1561],[-48.28468,-14.15776],[-48.28584,-14.15948],[-48.28586,-14.16123],[-48.28478,-14.16332],[-48.28383,-14.16458],[-48.28092,-14.16649],[-48.28015,-14.16676],[-48.27867,-14.16857],[-48.27846,-14.16958],[-48.27951,-14.17089],[-48.28091,-14.17173],[-48.28223,-14.17182],[-48.28263,-14.1725],[-48.2821,-14.17394],[-48.28054,-14.17679],[-48.27847,-14.17903],[-48.27799,-14.18055],[-48.27715,-14.18508],[-48.27642,-14.18612],[-48.27503,-14.18745],[-48.27488,-14.18865],[-48.27605,-14.18961],[-48.27727,-14.19237],[-48.2785,-14.19331],[-48.28,-14.19375],[-48.28029,-14.1953],[-48.27943,-14.19711],[-48.2801,-14.19824],[-48.2826,-14.20076],[-48.28299,-14.20204],[-48.28308,-14.20379],[-48.28371,-14.20629],[-48.28387,-14.20806],[-48.28307,-14.20858],[-48.28157,-14.20834],[-48.2802,-14.20765],[-48.27731,-14.20786],[-48.2762,-14.20685],[-48.27534,-14.20782],[-48.27469,-14.20948],[-48.27394,-14.21047],[-48.27216,-14.21177],[-48.27169,-14.21281],[-48.27187,-14.21441],[-48.27271,-14.21677],[-48.27178,-14.21778],[-48.2708,-14.21819],[-48.26529,-14.2184],[-48.26354,-14.21761],[-48.262,-14.21762],[-48.26098,-14.21828],[-48.25769,-14.21989],[-48.25444,-14.22075],[-48.25227,-14.22065],[-48.24927,-14.21924],[-48.24863,-14.21968],[-48.24877,-14.22059],[-48.24972,-14.22244],[-48.25148,-14.22491],[-48.25292,-14.22602],[-48.25452,-14.22636],[-48.25578,-14.22595],[-48.25736,-14.2261],[-48.25783,-14.227],[-48.25611,-14.22775],[-48.25551,-14.22865],[-48.25511,-14.23056],[-48.25531,-14.23293],[-48.25521,-14.23473],[-48.25406,-14.23743],[-48.25374,-14.23858],[-48.25414,-14.23918],[-48.25556,-14.2399],[-48.25737,-14.24017],[-48.25882,-14.24076],[-48.2603,-14.24242],[-48.2622,-14.24569],[-48.26241,-14.24729],[-48.26209,-14.24903],[-48.26361,-14.25167],[-48.26522,-14.25338],[-48.26609,-14.25551],[-48.26809,-14.2596],[-48.26941,-14.26186],[-48.27114,-14.26647],[-48.27109,-14.26837],[-48.27208,-14.26935],[-48.27358,-14.27014],[-48.27463,-14.27155],[-48.2751,-14.27273],[-48.27496,-14.27373],[-48.27436,-14.27434],[-48.27291,-14.2747],[-48.27025,-14.27462],[-48.26938,-14.27536],[-48.26888,-14.27667],[-48.26844,-14.27876],[-48.26705,-14.28002],[-48.26548,-14.28103],[-48.26434,-14.28226],[-48.26197,-14.28565],[-48.26093,-14.28751],[-48.2592,-14.28724],[-48.25903,-14.28622],[-48.25948,-14.28495],[-48.25947,-14.28335],[-48.25839,-14.28259],[-48.25478,-14.28537],[-48.25353,-14.28725],[-48.25352,-14.28792],[-48.2545,-14.28921],[-48.25569,-14.29017],[-48.25583,-14.29112],[-48.25523,-14.29246],[-48.2545,-14.29322],[-48.25184,-14.29354],[-48.25097,-14.29401],[-48.25039,-14.29555],[-48.25232,-14.29854],[-48.25177,-14.29931],[-48.25055,-14.29924],[-48.24717,-14.29828],[-48.24705,-14.2973],[-48.24781,-14.29584],[-48.24798,-14.29412],[-48.2471,-14.29304],[-48.24633,-14.29315],[-48.24543,-14.29427],[-48.24482,-14.29553],[-48.24528,-14.30013],[-48.24501,-14.30082],[-48.24066,-14.30222],[-48.23975,-14.30338],[-48.2396,-14.3053],[-48.23895,-14.30604],[-48.2378,-14.30645],[-48.23745,-14.30757],[-48.23915,-14.30819],[-48.23961,-14.30884],[-48.23853,-14.3114],[-48.23579,-14.31207],[-48.23537,-14.31326],[-48.23613,-14.31382],[-48.23798,-14.31434],[-48.23795,-14.31718],[-48.23685,-14.31737],[-48.23483,-14.31702],[-48.23411,-14.31736],[-48.23349,-14.31833],[-48.23349,-14.3202],[-48.23573,-14.32105],[-48.23727,-14.32199],[-48.23742,-14.32287],[-48.23714,-14.3248],[-48.23651,-14.32645],[-48.2355,-14.32771],[-48.23339,-14.32878],[-48.23292,-14.32967],[-48.23304,-14.33165],[-48.23349,-14.33297],[-48.23337,-14.33409],[-48.23404,-14.33575],[-48.23564,-14.33669],[-48.23694,-14.33696],[-48.23705,-14.33826],[-48.23636,-14.34074],[-48.23483,-14.34202],[-48.23389,-14.34209],[-48.233,-14.34135],[-48.23116,-14.34175],[-48.2311,-14.3427],[-48.2325,-14.34654],[-48.23244,-14.34748],[-48.23179,-14.34852],[-48.23097,-14.34879],[-48.22904,-14.34787],[-48.22694,-14.34405],[-48.2276,-14.34236],[-48.2263,-14.34192],[-48.22372,-14.34232],[-48.22281,-14.34335],[-48.22067,-14.3447],[-48.22027,-14.34632],[-48.22105,-14.34725],[-48.22247,-14.34802],[-48.22353,-14.34915],[-48.22326,-14.35062],[-48.22206,-14.35088],[-48.22072,-14.35179],[-48.21827,-14.35146],[-48.21659,-14.35281],[-48.2165,-14.35393],[-48.21786,-14.3554],[-48.2186,-14.3576],[-48.22118,-14.35988],[-48.22212,-14.36208],[-48.22291,-14.36441],[-48.22322,-14.36631],[-48.2231,-14.36761],[-48.22177,-14.36817],[-48.22027,-14.36698],[-48.21948,-14.36684],[-48.21761,-14.36757],[-48.21613,-14.36932],[-48.21604,-14.37045],[-48.21428,-14.37265],[-48.21351,-14.37249],[-48.21258,-14.37148],[-48.21196,-14.36997],[-48.2109,-14.36856],[-48.20913,-14.3672],[-48.20823,-14.36796],[-48.20929,-14.37054],[-48.20849,-14.37173],[-48.20667,-14.37241],[-48.20613,-14.3721],[-48.20418,-14.36918],[-48.20282,-14.3674],[-48.2016,-14.36723],[-48.1997,-14.36953],[-48.20003,-14.37225],[-48.20062,-14.37328],[-48.20288,-14.37503],[-48.2036,-14.37611],[-48.20291,-14.37648],[-48.19939,-14.37596],[-48.19778,-14.37617],[-48.19661,-14.37603],[-48.19425,-14.37467],[-48.19288,-14.37493],[-48.19239,-14.3763],[-48.19289,-14.37739],[-48.1952,-14.37762],[-48.1951,-14.37875],[-48.19389,-14.37845],[-48.19369,-14.37919],[-48.19554,-14.38037],[-48.19551,-14.38138],[-48.19439,-14.38262],[-48.19323,-14.38293],[-48.19282,-14.38483],[-48.19302,-14.38688],[-48.19239,-14.3895],[-48.19161,-14.39132],[-48.19153,-14.39298],[-48.19251,-14.39353],[-48.1923,-14.39466],[-48.19285,-14.39641],[-48.19275,-14.39713],[-48.19172,-14.39729],[-48.19151,-14.39805],[-48.19323,-14.3996],[-48.19313,-14.39837],[-48.19425,-14.39796],[-48.19489,-14.39714],[-48.19507,-14.39599],[-48.19637,-14.39652],[-48.19676,-14.39825],[-48.19812,-14.39824],[-48.19873,-14.39908],[-48.1983,-14.40217],[-48.19754,-14.40322],[-48.19768,-14.40489],[-48.19651,-14.40573],[-48.19742,-14.4064],[-48.1977,-14.40759],[-48.1992,-14.40734],[-48.2001,-14.4062],[-48.20121,-14.40721],[-48.20171,-14.40924],[-48.20104,-14.40959],[-48.1999,-14.40942],[-48.19985,-14.41022],[-48.20089,-14.41032],[-48.20233,-14.41102],[-48.20423,-14.41099],[-48.2045,-14.41282],[-48.20587,-14.41285],[-48.20626,-14.41427],[-48.20726,-14.4139],[-48.20799,-14.41452],[-48.20859,-14.41398],[-48.20795,-14.41242],[-48.20828,-14.41166],[-48.2078,-14.41051],[-48.21221,-14.41002],[-48.21318,-14.41069],[-48.21477,-14.41001],[-48.21651,-14.41095],[-48.22267,-14.43277],[-48.22269,-14.43546],[-48.22462,-14.43777],[-48.22521,-14.438],[-48.22607,-14.43666],[-48.22654,-14.43667],[-48.22672,-14.43905],[-48.22456,-14.44124],[-48.22312,-14.44224],[-48.22275,-14.44286],[-48.22413,-14.44401],[-48.22389,-14.44461],[-48.22431,-14.44607],[-48.22555,-14.44509],[-48.22616,-14.44537],[-48.22595,-14.44654],[-48.22683,-14.44736],[-48.22539,-14.44834],[-48.22523,-14.45037],[-48.22603,-14.45137],[-48.22713,-14.45179],[-48.22779,-14.45258],[-48.23096,-14.45239],[-48.23055,-14.45335],[-48.23148,-14.45486],[-48.23127,-14.45563],[-48.23238,-14.45572],[-48.23288,-14.45622],[-48.23344,-14.45846],[-48.23424,-14.4588],[-48.23494,-14.45812],[-48.23505,-14.45685],[-48.23572,-14.45631],[-48.23642,-14.45706],[-48.23717,-14.45588],[-48.23961,-14.45462],[-48.24019,-14.45534],[-48.24015,-14.45616],[-48.24164,-14.45623],[-48.24128,-14.45717],[-48.24175,-14.45824],[-48.24254,-14.45737],[-48.24479,-14.45943],[-48.24621,-14.45838],[-48.24737,-14.45698],[-48.24835,-14.45619],[-48.24893,-14.45494],[-48.24998,-14.4545],[-48.25122,-14.4555],[-48.25111,-14.45739],[-48.25276,-14.45772],[-48.25358,-14.45759],[-48.25443,-14.45679],[-48.25581,-14.45733],[-48.25581,-14.45636],[-48.25749,-14.45551],[-48.25816,-14.45676],[-48.25908,-14.45701],[-48.25975,-14.45661],[-48.26028,-14.45838],[-48.26101,-14.45821],[-48.26237,-14.45931],[-48.26364,-14.45904],[-48.26355,-14.46023],[-48.26478,-14.4606],[-48.26492,-14.46194],[-48.26593,-14.46274],[-48.26782,-14.46303],[-48.26832,-14.4634],[-48.26787,-14.46467],[-48.26855,-14.46622],[-48.26974,-14.46436],[-48.27094,-14.46553],[-48.27142,-14.46728],[-48.27111,-14.46904],[-48.27197,-14.46914],[-48.27289,-14.46985],[-48.27287,-14.47146],[-48.27188,-14.47153],[-48.271,-14.47096],[-48.27037,-14.47219],[-48.27129,-14.4729],[-48.27054,-14.47398],[-48.26955,-14.4742],[-48.27055,-14.47528],[-48.27123,-14.47855],[-48.27272,-14.47868],[-48.27333,-14.47925],[-48.27364,-14.48068],[-48.27243,-14.4806],[-48.27243,-14.48238],[-48.27371,-14.48246],[-48.27287,-14.48394],[-48.27496,-14.48502],[-48.27462,-14.48621],[-48.27507,-14.4869],[-48.27472,-14.48811],[-48.27615,-14.49032],[-48.27549,-14.49081],[-48.27633,-14.49217],[-48.27732,-14.49181],[-48.27788,-14.49216],[-48.27765,-14.49345],[-48.2771,-14.49444],[-48.27687,-14.49578],[-48.27807,-14.49669],[-48.27762,-14.4971],[-48.27603,-14.49732],[-48.27681,-14.49817],[-48.27677,-14.49943],[-48.27714,-14.5007],[-48.27666,-14.50249],[-48.27527,-14.50365],[-48.27573,-14.50429],[-48.27501,-14.50556],[-48.27519,-14.50724],[-48.27619,-14.50752],[-48.27596,-14.5086],[-48.27696,-14.5119],[-48.27769,-14.51261],[-48.27825,-14.5142],[-48.27903,-14.51505],[-48.27895,-14.51581],[-48.27941,-14.51723],[-48.27931,-14.51866],[-48.28012,-14.52073],[-48.28026,-14.52197],[-48.28279,-14.52228],[-48.28237,-14.52314],[-48.28294,-14.52364],[-48.28416,-14.52369],[-48.28446,-14.52415],[-48.28369,-14.52507],[-48.28595,-14.52554],[-48.28695,-14.52613],[-48.28675,-14.52775],[-48.28623,-14.5282],[-48.28713,-14.52941],[-48.28782,-14.532],[-48.28895,-14.53225],[-48.28943,-14.53337],[-48.28862,-14.53376],[-48.28854,-14.53453],[-48.2893,-14.5378],[-48.28992,-14.53806],[-48.29038,-14.53911],[-48.28972,-14.53994],[-48.2906,-14.54079],[-48.29061,-14.54272],[-48.29025,-14.54359],[-48.2911,-14.54403],[-48.29252,-14.54422],[-48.29342,-14.54394],[-48.29326,-14.54289],[-48.29414,-14.54086],[-48.29503,-14.5414],[-48.29433,-14.54409],[-48.29493,-14.54498],[-48.29418,-14.54633],[-48.29521,-14.54752],[-48.29546,-14.54829],[-48.29711,-14.54862],[-48.29734,-14.5475],[-48.2982,-14.54677],[-48.29904,-14.54763],[-48.29834,-14.54861],[-48.29898,-14.54987],[-48.29875,-14.55132],[-48.30041,-14.55203],[-48.30109,-14.55148],[-48.30193,-14.55269],[-48.30298,-14.55253],[-48.30393,-14.5535],[-48.30514,-14.55342],[-48.30607,-14.55448],[-48.30857,-14.55602],[-48.30975,-14.55751],[-48.31082,-14.55806],[-48.31145,-14.55897],[-48.3108,-14.55963],[-48.30996,-14.56127],[-48.31059,-14.56165],[-48.31297,-14.56136],[-48.31384,-14.56199],[-48.31512,-14.56059],[-48.31622,-14.56012],[-48.3162,-14.55935],[-48.31795,-14.55876],[-48.31811,-14.55926],[-48.3194,-14.55944],[-48.31993,-14.55909],[-48.32143,-14.55933],[-48.32192,-14.55886],[-48.32379,-14.55919],[-48.32388,-14.55851],[-48.32546,-14.55781],[-48.32657,-14.55797],[-48.32751,-14.55861],[-48.32855,-14.55827],[-48.32869,-14.55955],[-48.33039,-14.56006],[-48.33084,-14.55935],[-48.33221,-14.55944],[-48.33327,-14.55996],[-48.33343,-14.5608],[-48.33535,-14.56035],[-48.33537,-14.55855],[-48.33696,-14.55854],[-48.33769,-14.55952],[-48.33871,-14.55878],[-48.34025,-14.5588],[-48.34084,-14.56],[-48.34249,-14.56048],[-48.34179,-14.56197],[-48.34248,-14.5626],[-48.34511,-14.56396],[-48.34558,-14.56291],[-48.34628,-14.5627],[-48.34654,-14.56169],[-48.34901,-14.56145],[-48.35063,-14.56167],[-48.35319,-14.5605],[-48.35379,-14.56134],[-48.35493,-14.56048],[-48.35618,-14.56275],[-48.35725,-14.56172],[-48.36058,-14.56224],[-48.36265,-14.56317],[-48.36361,-14.56251],[-48.36412,-14.56316],[-48.36397,-14.56417],[-48.36479,-14.5643],[-48.365,-14.56227],[-48.36611,-14.5624],[-48.36602,-14.5615],[-48.36657,-14.56084],[-48.36759,-14.56197],[-48.36772,-14.56418],[-48.36685,-14.56506],[-48.36834,-14.56544],[-48.36844,-14.56642],[-48.36906,-14.5672],[-48.37055,-14.56741],[-48.371,-14.56878],[-48.37237,-14.56875],[-48.37219,-14.57044],[-48.37317,-14.57094],[-48.37517,-14.57052],[-48.37594,-14.57188],[-48.37721,-14.57153],[-48.37851,-14.57232],[-48.37957,-14.57232],[-48.37982,-14.57141],[-48.38181,-14.57121],[-48.38217,-14.57214],[-48.3835,-14.57293],[-48.38464,-14.57277],[-48.3838,-14.57565],[-48.38472,-14.57656],[-48.38718,-14.5776],[-48.38984,-14.57692],[-48.39204,-14.57853],[-48.39352,-14.57796],[-48.3947,-14.57829],[-48.39595,-14.57772],[-48.39854,-14.57742],[-48.40151,-14.57736],[-48.40213,-14.57578],[-48.4029,-14.57522],[-48.40328,-14.57409],[-48.404,-14.5741],[-48.40457,-14.5731],[-48.40663,-14.57216],[-48.40696,-14.57151],[-48.40807,-14.57088],[-48.40907,-14.57089],[-48.41042,-14.57025],[-48.4132,-14.57087],[-48.41515,-14.57018],[-48.41615,-14.56869],[-48.41661,-14.56855],[-48.41973,-14.56901],[-48.42513,-14.57025],[-48.42301,-14.58034],[-48.41035,-14.59083],[-48.40433,-14.60363],[-48.40667,-14.61071],[-48.40621,-14.61999],[-48.40965,-14.63088],[-48.41516,-14.64135],[-48.42155,-14.65077],[-48.4125,-14.65492],[-48.40543,-14.65921],[-48.39858,-14.66461],[-48.39625,-14.67679],[-48.38893,-14.68308],[-48.37894,-14.67881],[-48.36835,-14.67233],[-48.35615,-14.6661],[-48.35184,-14.67137],[-48.34763,-14.6765],[-48.3534,-14.68212],[-48.35824,-14.69057],[-48.35685,-14.70119],[-48.36468,-14.71034],[-48.38264,-14.71826],[-48.40012,-14.72887],[-48.41641,-14.74281],[-48.42579,-14.75735],[-48.44054,-14.76479],[-48.45228,-14.77443],[-48.45638,-14.78824],[-48.45885,-14.80315],[-48.45856,-14.81826],[-48.45118,-14.8297],[-48.43998,-14.83215],[-48.43196,-14.8367],[-48.43248,-14.84074],[-48.43176,-14.84152],[-48.43936,-14.84603],[-48.44632,-14.84881],[-48.46091,-14.8575],[-48.47041,-14.86016],[-48.47672,-14.86511],[-48.48293,-14.86741],[-48.48808,-14.86987],[-48.47783,-14.87088],[-48.4666,-14.87381],[-48.45814,-14.87382],[-48.45475,-14.87673],[-48.45106,-14.87735],[-48.44814,-14.8835],[-48.44752,-14.89258],[-48.44906,-14.89781],[-48.44229,-14.9052],[-48.43767,-14.91535],[-48.42552,-14.9055],[-48.42567,-14.90412],[-48.41727,-14.8997],[-48.40808,-14.89745],[-48.39679,-14.89071],[-48.38792,-14.88759],[-48.37868,-14.89144],[-48.37764,-14.89006],[-48.37361,-14.89338],[-48.35652,-14.90871],[-48.35455,-14.90743],[-48.35207,-14.90708],[-48.34986,-14.90869],[-48.34922,-14.91063],[-48.34524,-14.91284],[-48.34329,-14.91151],[-48.3414,-14.91194],[-48.33971,-14.91166],[-48.33873,-14.91211],[-48.33732,-14.91211],[-48.33586,-14.91038],[-48.3354,-14.90876],[-48.3354,-14.90769],[-48.33406,-14.90624],[-48.33268,-14.90568],[-48.33104,-14.90455],[-48.32939,-14.90237],[-48.32774,-14.90114],[-48.32736,-14.89851],[-48.32697,-14.89796],[-48.32514,-14.89773],[-48.32395,-14.89866],[-48.32343,-14.90011],[-48.32154,-14.90125],[-48.31944,-14.90111],[-48.31752,-14.90045],[-48.31562,-14.90018],[-48.31265,-14.90058],[-48.31134,-14.90014],[-48.30768,-14.89958],[-48.30501,-14.89945],[-48.30319,-14.89972],[-48.29925,-14.90071],[-48.29606,-14.90085],[-48.29518,-14.9015],[-48.2944,-14.90314],[-48.29382,-14.90349],[-48.29136,-14.90266],[-48.28919,-14.90125],[-48.2878,-14.90113],[-48.28675,-14.90035],[-48.2861,-14.89601],[-48.28433,-14.89608],[-48.28392,-14.89451],[-48.28213,-14.89335],[-48.28163,-14.89065],[-48.28029,-14.88851],[-48.27648,-14.88737],[-48.27435,-14.88651],[-48.27049,-14.88443],[-48.26845,-14.88395],[-48.26623,-14.88264],[-48.26398,-14.88067],[-48.26263,-14.87971],[-48.26061,-14.87862],[-48.25769,-14.87754],[-48.25583,-14.87482],[-48.25463,-14.8745],[-48.25271,-14.87609],[-48.24993,-14.87698],[-48.24824,-14.87878],[-48.24625,-14.87903],[-48.24452,-14.87959],[-48.24271,-14.87859],[-48.24039,-14.87903],[-48.23837,-14.88197],[-48.23783,-14.88233],[-48.23524,-14.8816],[-48.23357,-14.87981],[-48.23238,-14.87912],[-48.23111,-14.87673],[-48.22757,-14.87502],[-48.22486,-14.87491],[-48.2237,-14.87258],[-48.21874,-14.86893],[-48.21688,-14.86782],[-48.21074,-14.8663],[-48.20806,-14.86512],[-48.20624,-14.86484],[-48.2045,-14.86364],[-48.20211,-14.86229],[-48.19987,-14.86006],[-48.19725,-14.85852],[-48.1947,-14.85648],[-48.1944,-14.85602],[-48.19195,-14.8543],[-48.19122,-14.85408],[-48.18912,-14.85265],[-48.18825,-14.85169],[-48.18691,-14.85083],[-48.18426,-14.84859],[-48.18277,-14.84844],[-48.18146,-14.85008],[-48.18007,-14.8502],[-48.1786,-14.85],[-48.17171,-14.84839],[-48.17037,-14.84827],[-48.16805,-14.84932],[-48.16645,-14.85083],[-48.16645,-14.8527],[-48.16575,-14.85313],[-48.16324,-14.85307],[-48.16008,-14.85219],[-48.15831,-14.85125],[-48.15705,-14.85031],[-48.15583,-14.84857],[-48.15466,-14.84834],[-48.15252,-14.84928],[-48.15162,-14.85176],[-48.15044,-14.85222],[-48.14791,-14.85249],[-48.14682,-14.85387],[-48.14461,-14.85281],[-48.14392,-14.85196],[-48.14401,-14.85012],[-48.14362,-14.84887],[-48.1417,-14.8477],[-48.1376,-14.8468],[-48.13455,-14.84703],[-48.12949,-14.84676],[-48.1257,-14.84623],[-48.12349,-14.84687],[-48.12098,-14.84808],[-48.1199,-14.84922],[-48.12057,-14.85076],[-48.12059,-14.85155],[-48.11964,-14.85187],[-48.11676,-14.85043],[-48.11479,-14.85056],[-48.10967,-14.85058],[-48.10525,-14.85076],[-48.1034,-14.85016],[-48.10237,-14.84942],[-48.10065,-14.84881],[-48.09855,-14.85006],[-48.09732,-14.85122],[-48.0959,-14.8531],[-48.09358,-14.85498],[-48.09208,-14.85568],[-48.09111,-14.85554],[-48.09018,-14.85488],[-48.08895,-14.85527],[-48.0875,-14.85708],[-48.08625,-14.85832],[-48.08262,-14.86066],[-48.081,-14.863],[-48.08084,-14.86452],[-48.08175,-14.86596],[-48.08232,-14.8679],[-48.08183,-14.86969],[-48.08098,-14.87136],[-48.0811,-14.87249],[-48.08216,-14.8734],[-48.08428,-14.87457],[-48.08481,-14.87549],[-48.08485,-14.8765],[-48.08445,-14.87915],[-48.0855,-14.87999],[-48.0876,-14.88073],[-48.09223,-14.88201],[-48.09314,-14.88263],[-48.09337,-14.88374],[-48.09216,-14.88578],[-48.08865,-14.88649],[-48.08814,-14.88688],[-48.08619,-14.88728],[-48.08532,-14.88772],[-48.08447,-14.88969],[-48.08315,-14.89108],[-48.0817,-14.8935],[-48.08039,-14.89476],[-48.08001,-14.89816],[-48.07967,-14.89855],[-48.07812,-14.89637],[-48.0775,-14.89612],[-48.07708,-14.8949],[-48.07698,-14.89234],[-48.07625,-14.89192],[-48.07488,-14.89208],[-48.07455,-14.89107],[-48.07356,-14.88951],[-48.07128,-14.8881],[-48.06988,-14.88463],[-48.06872,-14.88274],[-48.06901,-14.88128],[-48.07074,-14.87894],[-48.07018,-14.87708],[-48.07098,-14.87503],[-48.0695,-14.8745],[-48.06641,-14.87284],[-48.06511,-14.87115],[-48.06643,-14.87002],[-48.06547,-14.86767],[-48.06321,-14.86634],[-48.06183,-14.86258],[-48.06074,-14.86101],[-48.06056,-14.85922],[-48.05923,-14.85799],[-48.05754,-14.8575],[-48.05662,-14.85655],[-48.05388,-14.85575],[-48.05276,-14.85598],[-48.05062,-14.85703],[-48.04839,-14.85856],[-48.04756,-14.85945],[-48.04726,-14.86081],[-48.04765,-14.86165],[-48.04257,-14.86029],[-48.04193,-14.859],[-48.03962,-14.85795],[-48.03949,-14.85744],[-48.03748,-14.85532],[-48.03678,-14.85256],[-48.03423,-14.84913],[-48.03424,-14.84752],[-48.03496,-14.84605],[-48.03398,-14.84516],[-48.0341,-14.8439],[-48.03748,-14.8429],[-48.03813,-14.84234],[-48.0403,-14.83878],[-48.03973,-14.83701],[-48.03829,-14.83632],[-48.03741,-14.83518],[-48.03657,-14.83476],[-48.03491,-14.83304],[-48.03143,-14.83107],[-48.0312,-14.83018],[-48.03035,-14.82949],[-48.02964,-14.82663],[-48.02895,-14.82481],[-48.0273,-14.82381],[-48.02609,-14.82271],[-48.026,-14.82102],[-48.02384,-14.81974],[-48.0214,-14.81752],[-48.01943,-14.81649],[-48.01748,-14.81418],[-48.01503,-14.81214],[-48.01047,-14.80893],[-48.00351,-14.80483],[-48.00243,-14.80635],[-48.00163,-14.80871],[-48.00031,-14.80998],[-47.99765,-14.81197],[-47.99527,-14.81403],[-47.9942,-14.81473],[-47.99381,-14.81815],[-47.99349,-14.81898],[-47.99026,-14.82152],[-47.98875,-14.82242],[-47.98606,-14.82192],[-47.98456,-14.81905],[-47.9779,-14.81713],[-47.97212,-14.81389],[-47.96987,-14.8125],[-47.96843,-14.80912],[-47.96641,-14.80647],[-47.96523,-14.806],[-47.96087,-14.80361],[-47.95895,-14.80223],[-47.95831,-14.80222],[-47.95519,-14.80399],[-47.95312,-14.80404],[-47.95015,-14.80379],[-47.94873,-14.80341],[-47.94713,-14.80238],[-47.94563,-14.80028],[-47.94259,-14.79893],[-47.9385,-14.79796],[-47.93397,-14.79763],[-47.92987,-14.79583],[-47.92888,-14.79514],[-47.92457,-14.79444],[-47.92199,-14.79313],[-47.92002,-14.79464],[-47.91897,-14.7957],[-47.91769,-14.79615],[-47.91599,-14.79595],[-47.91259,-14.79632],[-47.9097,-14.79844],[-47.90861,-14.7986],[-47.90741,-14.79828],[-47.90638,-14.79714],[-47.90428,-14.79411],[-47.90257,-14.79374],[-47.90204,-14.79283],[-47.90078,-14.79268],[-47.90051,-14.79092],[-47.8993,-14.78994],[-47.89844,-14.78984],[-47.89747,-14.78782],[-47.89672,-14.78724],[-47.89614,-14.78526],[-47.8953,-14.7842],[-47.8953,-14.78233],[-47.89417,-14.78065],[-47.89341,-14.78081],[-47.89234,-14.78035],[-47.8911,-14.77902],[-47.88707,-14.77712],[-47.88618,-14.77704],[-47.8834,-14.77595],[-47.88166,-14.77584],[-47.87941,-14.77721],[-47.87763,-14.77713],[-47.87592,-14.77635],[-47.87383,-14.7748],[-47.87145,-14.77365],[-47.86957,-14.77371],[-47.86853,-14.77305],[-47.86714,-14.77309],[-47.86568,-14.77215],[-47.86422,-14.77063],[-47.86304,-14.77032],[-47.86141,-14.76883],[-47.86044,-14.76695],[-47.85916,-14.76544],[-47.85694,-14.76464],[-47.85562,-14.76397],[-47.85583,-14.76262],[-47.85484,-14.7624],[-47.85481,-14.7613],[-47.85382,-14.76069],[-47.8538,-14.75909],[-47.85312,-14.75877],[-47.85334,-14.75738],[-47.85235,-14.75595],[-47.85103,-14.75539],[-47.84929,-14.75414],[-47.84867,-14.75315],[-47.8479,-14.75304],[-47.84718,-14.75223],[-47.84514,-14.75206],[-47.84503,-14.75059],[-47.84255,-14.74949],[-47.84145,-14.74858],[-47.84234,-14.74823],[-47.84178,-14.74732],[-47.841,-14.74697],[-47.84017,-14.74595],[-47.83854,-14.74556],[-47.8378,-14.74508],[-47.83662,-14.74326],[-47.83448,-14.74092],[-47.83426,-14.74031],[-47.83496,-14.73944],[-47.83411,-14.73876],[-47.83562,-14.73779],[-47.83401,-14.73761],[-47.83262,-14.73487],[-47.83349,-14.73472],[-47.83341,-14.73248],[-47.83204,-14.73218],[-47.83172,-14.73063],[-47.83096,-14.73012],[-47.82986,-14.72837],[-47.82857,-14.72808],[-47.82812,-14.72903],[-47.82674,-14.72945],[-47.82612,-14.72882],[-47.82668,-14.72814],[-47.82588,-14.72723],[-47.82589,-14.72598],[-47.82508,-14.72506],[-47.82445,-14.72498],[-47.82356,-14.7239],[-47.8245,-14.72268],[-47.82453,-14.72205],[-47.82264,-14.72195],[-47.82215,-14.72111],[-47.82218,-14.71983],[-47.8233,-14.71876],[-47.82484,-14.71816],[-47.82525,-14.71682],[-47.82399,-14.71689],[-47.82349,-14.71626],[-47.82221,-14.71654],[-47.82106,-14.715],[-47.82066,-14.71329],[-47.81968,-14.71283],[-47.81993,-14.71075],[-47.81836,-14.71007],[-47.81681,-14.7078],[-47.81647,-14.70615],[-47.81548,-14.70594],[-47.81501,-14.7046],[-47.81629,-14.70434],[-47.81551,-14.70311],[-47.81585,-14.70125],[-47.81527,-14.69968],[-47.81443,-14.69932],[-47.81349,-14.69777],[-47.8109,-14.69608],[-47.81062,-14.69494],[-47.80843,-14.6934],[-47.80824,-14.69296],[-47.80647,-14.69289],[-47.80585,-14.69186],[-47.80432,-14.69159],[-47.80315,-14.69219],[-47.80158,-14.69235],[-47.80068,-14.69371],[-47.7989,-14.69417],[-47.79789,-14.69387],[-47.79652,-14.69402],[-47.79528,-14.69453],[-47.79336,-14.69467],[-47.79145,-14.69542],[-47.79066,-14.69342],[-47.79044,-14.69139],[-47.78874,-14.69167],[-47.78724,-14.69043],[-47.7861,-14.69001],[-47.78668,-14.68852],[-47.78575,-14.68715],[-47.78446,-14.68762],[-47.78475,-14.68511],[-47.7836,-14.68289],[-47.78221,-14.68141],[-47.78071,-14.6817],[-47.78056,-14.67988],[-47.77911,-14.67854],[-47.7797,-14.67772],[-47.77861,-14.67681],[-47.77908,-14.67605],[-47.77877,-14.6752],[-47.78077,-14.67389],[-47.78102,-14.67244],[-47.78066,-14.67031],[-47.77919,-14.66979],[-47.7791,-14.66903],[-47.78195,-14.66898],[-47.78131,-14.6677],[-47.77943,-14.66739],[-47.7794,-14.66649],[-47.77772,-14.66634],[-47.77667,-14.66555],[-47.77735,-14.66467],[-47.77725,-14.66298],[-47.77644,-14.66239],[-47.77684,-14.66122],[-47.77643,-14.66029],[-47.77629,-14.65815],[-47.77585,-14.65654],[-47.77499,-14.65602],[-47.7752,-14.6553],[-47.77634,-14.65487],[-47.77703,-14.65383],[-47.7752,-14.65288],[-47.77398,-14.65],[-47.77263,-14.64999],[-47.77194,-14.64808],[-47.77182,-14.6469],[-47.77236,-14.64615],[-47.77355,-14.64726],[-47.77396,-14.64618],[-47.77385,-14.64471],[-47.77319,-14.64304],[-47.77195,-14.64163]]]},"properties":{"codigo":"521460610","name":"São Luiz do Tocantins","population":2274,"households":2151,"areaKm2":4053.3932,"density":0.6}},{"type":"Feature","geometry":{"type":"Polygon","coordinates":[[[-48.72814,-14.67438],[-48.72814,-14.6723],[-48.72901,-14.66992],[-48.72766,-14.66995],[-48.72754,-14.66801],[-48.72841,-14.66673],[-48.72802,-14.66582],[-48.72443,-14.66607],[-48.72338,-14.66702],[-48.72269,-14.66677],[-48.72116,-14.66462],[-48.72021,-14.66466],[-48.71973,-14.66402],[-48.71942,-14.66212],[-48.71834,-14.66081],[-48.71821,-14.65955],[-48.71738,-14.65917],[-48.71638,-14.65973],[-48.71561,-14.66076],[-48.71412,-14.66003],[-48.71362,-14.65889],[-48.71179,-14.65963],[-48.71169,-14.65781],[-48.71137,-14.65682],[-48.71011,-14.65677],[-48.70922,-14.65817],[-48.70792,-14.65885],[-48.70697,-14.65811],[-48.70486,-14.65715],[-48.70471,-14.65552],[-48.70355,-14.65483],[-48.70312,-14.65406],[-48.70189,-14.65333],[-48.7008,-14.65325],[-48.69971,-14.65392],[-48.69919,-14.65292],[-48.69694,-14.65167],[-48.69547,-14.65322],[-48.69413,-14.65356],[-48.69361,-14.65455],[-48.69399,-14.6557],[-48.69108,-14.6577],[-48.69036,-14.65688],[-48.68861,-14.65622],[-48.68715,-14.65419],[-48.68645,-14.65354],[-48.68635,-14.65257],[-48.68535,-14.65193],[-48.68504,-14.6509],[-48.68554,-14.65026],[-48.68503,-14.64894],[-48.68568,-14.64704],[-48.68474,-14.64456],[-48.68473,-14.64346],[-48.68355,-14.64188],[-48.68254,-14.64137],[-48.68257,-14.64078],[-48.68126,-14.64058],[-48.68074,-14.64],[-48.67934,-14.63981],[-48.68,-14.63798],[-48.67708,-14.63648],[-48.67704,-14.63541],[-48.67475,-14.635],[-48.67418,-14.63407],[-48.67441,-14.63277],[-48.67094,-14.63258],[-48.66983,-14.63163],[-48.66929,-14.632],[-48.66937,-14.63324],[-48.66773,-14.63361],[-48.66665,-14.63454],[-48.66662,-14.63639],[-48.66582,-14.63689],[-48.66644,-14.63772],[-48.66387,-14.63833],[-48.66348,-14.6378],[-48.662,-14.63826],[-48.66125,-14.63813],[-48.6597,-14.63655],[-48.65925,-14.63566],[-48.65737,-14.63573],[-48.65698,-14.63517],[-48.65509,-14.63557],[-48.65496,-14.63429],[-48.65364,-14.6336],[-48.65268,-14.63252],[-48.65121,-14.63193],[-48.64861,-14.63188],[-48.64715,-14.63323],[-48.64648,-14.63256],[-48.64621,-14.6315],[-48.64543,-14.63062],[-48.64429,-14.6301],[-48.64357,-14.62933],[-48.6439,-14.62863],[-48.64299,-14.62739],[-48.64157,-14.62689],[-48.64101,-14.62611],[-48.64136,-14.62461],[-48.64108,-14.62398],[-48.63928,-14.62371],[-48.63911,-14.62275],[-48.63837,-14.62189],[-48.63661,-14.61888],[-48.63599,-14.61851],[-48.6352,-14.61931],[-48.63458,-14.6191],[-48.63291,-14.61738],[-48.63123,-14.61741],[-48.62961,-14.61676],[-48.62847,-14.61547],[-48.62675,-14.61474],[-48.6256,-14.61506],[-48.62502,-14.61474],[-48.622,-14.61625],[-48.61967,-14.61667],[-48.61827,-14.61613],[-48.61598,-14.61559],[-48.61358,-14.61572],[-48.61226,-14.61511],[-48.61123,-14.61377],[-48.60991,-14.61408],[-48.60922,-14.61516],[-48.60845,-14.61557],[-48.60442,-14.61556],[-48.60077,-14.61575],[-48.59956,-14.61596],[-48.59919,-14.61665],[-48.59736,-14.61774],[-48.59459,-14.61806],[-48.59408,-14.61678],[-48.59327,-14.6161],[-48.59142,-14.61529],[-48.5913,-14.61434],[-48.5902,-14.61258],[-48.58554,-14.60639],[-48.58463,-14.60506],[-48.58404,-14.60353],[-48.58318,-14.59713],[-48.5823,-14.59491],[-48.57884,-14.59025],[-48.57778,-14.5891],[-48.5739,-14.58584],[-48.57255,-14.58375],[-48.57113,-14.57931],[-48.5703,-14.5782],[-48.56696,-14.57571],[-48.56543,-14.57396],[-48.56209,-14.56825],[-48.55991,-14.56846],[-48.55853,-14.56882],[-48.5573,-14.56781],[-48.55644,-14.56845],[-48.55529,-14.56875],[-48.55415,-14.5686],[-48.55299,-14.56762],[-48.55118,-14.56417],[-48.55053,-14.5641],[-48.55052,-14.56183],[-48.55128,-14.56079],[-48.55094,-14.55977],[-48.54953,-14.55912],[-48.54953,-14.55685],[-48.54848,-14.55596],[-48.54751,-14.55487],[-48.54503,-14.55407],[-48.54428,-14.55348],[-48.54414,-14.55253],[-48.5434,-14.55194],[-48.54263,-14.55206],[-48.54156,-14.55042],[-48.54091,-14.55093],[-48.53986,-14.55059],[-48.53895,-14.55084],[-48.53806,-14.55037],[-48.53689,-14.55159],[-48.53598,-14.55109],[-48.53557,-14.54933],[-48.53683,-14.54594],[-48.53654,-14.54427],[-48.53684,-14.54216],[-48.53809,-14.54168],[-48.53869,-14.53999],[-48.53755,-14.5391],[-48.54026,-14.5379],[-48.54113,-14.53547],[-48.53781,-14.53448],[-48.53689,-14.53115],[-48.53625,-14.53046],[-48.53498,-14.5314],[-48.53417,-14.53059],[-48.53267,-14.53034],[-48.53136,-14.52543],[-48.5294,-14.525],[-48.52779,-14.52399],[-48.52899,-14.52373],[-48.53208,-14.5223],[-48.53247,-14.52189],[-48.53258,-14.52048],[-48.53188,-14.51946],[-48.53221,-14.51874],[-48.53414,-14.51757],[-48.53424,-14.51577],[-48.53276,-14.51485],[-48.53236,-14.51398],[-48.53276,-14.51292],[-48.53272,-14.51126],[-48.53216,-14.51002],[-48.53289,-14.50917],[-48.53327,-14.50675],[-48.53446,-14.50603],[-48.53413,-14.50512],[-48.53292,-14.50427],[-48.53174,-14.50214],[-48.53105,-14.50159],[-48.53246,-14.49971],[-48.5326,-14.49882],[-48.53419,-14.49735],[-48.53425,-14.49628],[-48.53522,-14.49503],[-48.53529,-14.49437],[-48.53617,-14.49319],[-48.53637,-14.49209],[-48.53713,-14.49165],[-48.5372,-14.49011],[-48.53784,-14.49003],[-48.53911,-14.49123],[-48.54049,-14.48865],[-48.54159,-14.48805],[-48.54285,-14.48652],[-48.54179,-14.4858],[-48.54216,-14.48439],[-48.54141,-14.48132],[-48.54257,-14.48024],[-48.54193,-14.47895],[-48.54192,-14.47801],[-48.54125,-14.47745],[-48.54075,-14.47623],[-48.54012,-14.47564],[-48.53984,-14.47448],[-48.54077,-14.47433],[-48.54232,-14.47357],[-48.5441,-14.47088],[-48.54527,-14.47113],[-48.54662,-14.46998],[-48.54784,-14.46946],[-48.54906,-14.46977],[-48.54944,-14.46814],[-48.54867,-14.46704],[-48.54996,-14.4665],[-48.55051,-14.4659],[-48.55156,-14.46611],[-48.55267,-14.46568],[-48.55403,-14.46301],[-48.55337,-14.46036],[-48.55364,-14.45894],[-48.55291,-14.45788],[-48.55332,-14.45744],[-48.55522,-14.45711],[-48.55692,-14.4565],[-48.55561,-14.455],[-48.55571,-14.45302],[-48.55393,-14.45243],[-48.55207,-14.45304],[-48.55192,-14.45225],[-48.55004,-14.45181],[-48.55225,-14.45024],[-48.55321,-14.44865],[-48.55256,-14.44786],[-48.55154,-14.44741],[-48.55234,-14.44529],[-48.55353,-14.44584],[-48.5539,-14.44518],[-48.55371,-14.44414],[-48.55446,-14.44284],[-48.55456,-14.44181],[-48.5552,-14.44126],[-48.55721,-14.44054],[-48.55847,-14.4408],[-48.55908,-14.43954],[-48.5597,-14.43967],[-48.56005,-14.44099],[-48.56068,-14.4407],[-48.56051,-14.43882],[-48.56154,-14.43881],[-48.56445,-14.437],[-48.5646,-14.43608],[-48.5624,-14.43561],[-48.56177,-14.43656],[-48.5609,-14.43606],[-48.56149,-14.43512],[-48.56196,-14.43322],[-48.56181,-14.43172],[-48.5631,-14.43112],[-48.56263,-14.42979],[-48.56435,-14.42915],[-48.56502,-14.42836],[-48.56581,-14.42637],[-48.56825,-14.42644],[-48.56952,-14.42508],[-48.57135,-14.42447],[-48.57218,-14.4245],[-48.57364,-14.42351],[-48.57462,-14.42235],[-48.57534,-14.42241],[-48.57656,-14.42167],[-48.57428,-14.42036],[-48.57414,-14.41954],[-48.57318,-14.4182],[-48.57328,-14.41689],[-48.57302,-14.41526],[-48.57255,-14.41483],[-48.57243,-14.41345],[-48.57409,-14.41184],[-48.57415,-14.41061],[-48.57565,-14.41012],[-48.5783,-14.40681],[-48.57829,-14.40556],[-48.57884,-14.40497],[-48.57963,-14.40543],[-48.58027,-14.40432],[-48.58126,-14.40403],[-48.58205,-14.40493],[-48.58303,-14.40461],[-48.58282,-14.40274],[-48.58074,-14.40146],[-48.58059,-14.40046],[-48.57875,-14.39949],[-48.57835,-14.39858],[-48.57899,-14.39809],[-48.57922,-14.39713],[-48.58014,-14.39653],[-48.57985,-14.39487],[-48.58063,-14.39397],[-48.57954,-14.39274],[-48.57965,-14.39142],[-48.58011,-14.39066],[-48.58097,-14.39049],[-48.58371,-14.39087],[-48.58461,-14.39005],[-48.58444,-14.38899],[-48.58525,-14.3881],[-48.58822,-14.38707],[-48.58916,-14.38779],[-48.59066,-14.38828],[-48.59059,-14.38998],[-48.59145,-14.39092],[-48.59246,-14.39037],[-48.59435,-14.38814],[-48.59454,-14.38639],[-48.59537,-14.38606],[-48.597,-14.38752],[-48.598,-14.38787],[-48.59888,-14.38748],[-48.59808,-14.38521],[-48.59828,-14.38487],[-48.60213,-14.38423],[-48.60266,-14.38395],[-48.60453,-14.38198],[-48.60477,-14.38127],[-48.60427,-14.37952],[-48.60339,-14.37883],[-48.60205,-14.37898],[-48.59884,-14.37892],[-48.59785,-14.3782],[-48.59904,-14.37757],[-48.599,-14.37597],[-48.59751,-14.37532],[-48.59726,-14.37381],[-48.59627,-14.37337],[-48.59693,-14.37193],[-48.59685,-14.37103],[-48.59854,-14.37046],[-48.60226,-14.36875],[-48.60212,-14.36685],[-48.60307,-14.36566],[-48.60463,-14.36549],[-48.60518,-14.36336],[-48.60529,-14.36097],[-48.60756,-14.35607],[-48.60712,-14.35489],[-48.60254,-14.35598],[-48.60108,-14.35549],[-48.60006,-14.35376],[-48.60155,-14.35313],[-48.60235,-14.35123],[-48.60455,-14.35088],[-48.60581,-14.35023],[-48.60582,-14.34964],[-48.60386,-14.34969],[-48.60318,-14.34929],[-48.60355,-14.34817],[-48.60356,-14.34654],[-48.60435,-14.34493],[-48.6053,-14.3441],[-48.60411,-14.34316],[-48.60262,-14.34358],[-48.60038,-14.34384],[-48.59954,-14.34422],[-48.59851,-14.34309],[-48.59911,-14.34197],[-48.60391,-14.3397],[-48.60385,-14.33768],[-48.60498,-14.33679],[-48.60566,-14.33801],[-48.60643,-14.3385],[-48.60759,-14.33793],[-48.60857,-14.33796],[-48.60909,-14.33891],[-48.60899,-14.34083],[-48.60927,-14.34164],[-48.61026,-14.34217],[-48.61053,-14.34333],[-48.61297,-14.34466],[-48.61396,-14.34583],[-48.6154,-14.34581],[-48.61591,-14.34331],[-48.61507,-14.34152],[-48.61322,-14.3406],[-48.61317,-14.33906],[-48.61253,-14.33687],[-48.61242,-14.33568],[-48.61162,-14.33441],[-48.6107,-14.33405],[-48.6111,-14.3328],[-48.61064,-14.33155],[-48.61117,-14.33028],[-48.61241,-14.32934],[-48.61256,-14.32869],[-48.61138,-14.32739],[-48.61123,-14.32627],[-48.61049,-14.32526],[-48.60981,-14.3223],[-48.60749,-14.32181],[-48.606,-14.321],[-48.60603,-14.31913],[-48.60504,-14.3165],[-48.60504,-14.31411],[-48.60293,-14.31085],[-48.6019,-14.3116],[-48.59904,-14.3143],[-48.59651,-14.31584],[-48.59542,-14.31496],[-48.59392,-14.31333],[-48.59227,-14.3133],[-48.59141,-14.31293],[-48.58995,-14.31139],[-48.5891,-14.31118],[-48.58859,-14.31045],[-48.58917,-14.30918],[-48.58937,-14.30717],[-48.59103,-14.30726],[-48.59266,-14.30821],[-48.59333,-14.30796],[-48.59337,-14.30688],[-48.59489,-14.30573],[-48.59546,-14.30375],[-48.59688,-14.30299],[-48.59739,-14.30163],[-48.60018,-14.30017],[-48.59988,-14.29716],[-48.59869,-14.29659],[-48.59796,-14.29497],[-48.59676,-14.29461],[-48.59459,-14.29498],[-48.59427,-14.29301],[-48.59368,-14.29098],[-48.59265,-14.28978],[-48.59197,-14.2868],[-48.59037,-14.28232],[-48.59014,-14.28064],[-48.58954,-14.28025],[-48.58834,-14.28103],[-48.58556,-14.28034],[-48.58681,-14.27827],[-48.58679,-14.27764],[-48.58571,-14.27587],[-48.58464,-14.27687],[-48.58382,-14.27671],[-48.58399,-14.27543],[-48.58245,-14.27539],[-48.58172,-14.27447],[-48.58049,-14.2741],[-48.58122,-14.27231],[-48.58225,-14.27199],[-48.5838,-14.27065],[-48.58492,-14.27039],[-48.58518,-14.26972],[-48.58373,-14.26878],[-48.58361,-14.26807],[-48.58496,-14.26621],[-48.58658,-14.26579],[-48.58568,-14.26407],[-48.58506,-14.26373],[-48.58363,-14.26376],[-48.5819,-14.26465],[-48.58071,-14.26408],[-48.58029,-14.26331],[-48.58028,-14.26099],[-48.57916,-14.25989],[-48.57907,-14.25819],[-48.57683,-14.25759],[-48.57647,-14.2564],[-48.57723,-14.25476],[-48.57714,-14.25388],[-48.5759,-14.25343],[-48.57538,-14.25169],[-48.57384,-14.25118],[-48.57129,-14.2517],[-48.57052,-14.25118],[-48.5705,-14.24992],[-48.56855,-14.24929],[-48.56726,-14.24826],[-48.56575,-14.24802],[-48.56351,-14.24558],[-48.56416,-14.24479],[-48.56576,-14.24453],[-48.56671,-14.24359],[-48.56624,-14.24265],[-48.5643,-14.24066],[-48.56297,-14.2402],[-48.56323,-14.23884],[-48.56396,-14.2381],[-48.56673,-14.23691],[-48.56738,-14.23618],[-48.56766,-14.23459],[-48.56502,-14.23139],[-48.56519,-14.22904],[-48.56373,-14.22646],[-48.56306,-14.22435],[-48.56161,-14.22246],[-48.56009,-14.22221],[-48.55936,-14.2227],[-48.55913,-14.22505],[-48.55719,-14.22702],[-48.55345,-14.22867],[-48.55154,-14.23008],[-48.55046,-14.23023],[-48.54951,-14.22875],[-48.54998,-14.22598],[-48.55048,-14.22463],[-48.55043,-14.22319],[-48.54875,-14.22026],[-48.54838,-14.21782],[-48.54789,-14.2166],[-48.54825,-14.21545],[-48.54962,-14.21427],[-48.55035,-14.21251],[-48.54998,-14.21134],[-48.54923,-14.21057],[-48.54811,-14.2102],[-48.54604,-14.21051],[-48.54492,-14.2094],[-48.54505,-14.20767],[-48.54446,-14.20649],[-48.54241,-14.20569],[-48.54104,-14.2057],[-48.54037,-14.20511],[-48.53889,-14.203],[-48.5381,-14.2025],[-48.53612,-14.20222],[-48.53407,-14.20307],[-48.53191,-14.2018],[-48.52987,-14.20211],[-48.52864,-14.2017],[-48.52838,-14.20113],[-48.52865,-14.19902],[-48.52937,-14.19812],[-48.53168,-14.19696],[-48.5317,-14.19574],[-48.53017,-14.19446],[-48.52989,-14.1939],[-48.53018,-14.19047],[-48.53006,-14.189],[-48.52848,-14.18761],[-48.52609,-14.18671],[-48.52415,-14.18655],[-48.5218,-14.18471],[-48.52128,-14.18381],[-48.52317,-14.18278],[-48.52294,-14.18209],[-48.52192,-14.1814],[-48.52212,-14.1799],[-48.52459,-14.17856],[-48.52646,-14.17705],[-48.52663,-14.17571],[-48.52573,-14.17509],[-48.52281,-14.17522],[-48.52234,-14.17367],[-48.52072,-14.17179],[-48.51997,-14.17053],[-48.52007,-14.16958],[-48.52116,-14.16805],[-48.52063,-14.16744],[-48.51895,-14.16701],[-48.51886,-14.1654],[-48.51748,-14.16586],[-48.51837,-14.15885],[-48.52672,-14.15077],[-48.52672,-14.14574],[-48.526,-14.14178],[-48.52591,-14.13927],[-48.52699,-14.13253],[-48.52662,-14.12563],[-48.5284,-14.12463],[-48.53036,-14.12217],[-48.53251,-14.11889],[-48.5371,-14.11488],[-48.53963,-14.11451],[-48.54188,-14.11533],[-48.54377,-14.11778],[-48.54565,-14.1226],[-48.54744,-14.12623],[-48.54951,-14.12868],[-48.5527,-14.12941],[-48.55618,-14.12958],[-48.55957,-14.12996],[-48.56286,-14.13116],[-48.5657,-14.13292],[-48.56741,-14.13479],[-48.56821,-14.13787],[-48.56958,-14.14084],[-48.57186,-14.14205],[-48.57368,-14.14348],[-48.57504,-14.14501],[-48.57562,-14.15118],[-48.57688,-14.1547],[-48.57962,-14.16064],[-48.58224,-14.16493],[-48.58486,-14.16636],[-48.58804,-14.16734],[-48.59202,-14.16701],[-48.59508,-14.16733],[-48.59725,-14.16898],[-48.59873,-14.17217],[-48.59851,-14.17547],[-48.59693,-14.17922],[-48.5958,-14.18143],[-48.59603,-14.18341],[-48.59772,-14.18566],[-48.60193,-14.18708],[-48.60397,-14.18686],[-48.60692,-14.1852],[-48.60987,-14.182],[-48.61497,-14.1789],[-48.6169,-14.17857],[-48.61883,-14.17934],[-48.62032,-14.18187],[-48.62225,-14.18285],[-48.6243,-14.18274],[-48.62668,-14.18064],[-48.62917,-14.17821],[-48.63155,-14.177],[-48.63496,-14.17611],[-48.63837,-14.17555],[-48.64212,-14.17642],[-48.64519,-14.17652],[-48.65041,-14.17552],[-48.65575,-14.17397],[-48.65995,-14.1733],[-48.66314,-14.17307],[-48.66746,-14.17306],[-48.67211,-14.17206],[-48.67577,-14.17056],[-48.68338,-14.16666],[-48.68688,-14.16141],[-48.68828,-14.15316],[-48.6901,-14.15153],[-48.69327,-14.15067],[-48.69626,-14.15117],[-48.69817,-14.15257],[-48.70293,-14.16042],[-48.70504,-14.16154],[-48.7079,-14.16134],[-48.71161,-14.15643],[-48.71739,-14.15134],[-48.71886,-14.14859],[-48.71942,-14.14506],[-48.71953,-14.14109],[-48.71861,-14.13779],[-48.71826,-14.13449],[-48.71882,-14.13217],[-48.72179,-14.12962],[-48.72279,-14.12814],[-48.72435,-14.12646],[-48.72587,-14.12526],[-48.72782,-14.12449],[-48.72985,-14.12442],[-48.73188,-14.12498],[-48.73362,-14.12511],[-48.73622,-14.12462],[-48.74006,-14.12426],[-48.74382,-14.12468],[-48.74599,-14.12411],[-48.74903,-14.12172],[-48.75148,-14.12053],[-48.7546,-14.11982],[-48.75756,-14.11946],[-48.76089,-14.11939],[-48.7635,-14.11966],[-48.7656,-14.1205],[-48.7669,-14.12162],[-48.7678,-14.12337],[-48.76812,-14.12538],[-48.76653,-14.12966],[-48.7656,-14.1348],[-48.76415,-14.13761],[-48.76365,-14.13993],[-48.76358,-14.14238],[-48.76402,-14.14421],[-48.76482,-14.14596],[-48.76634,-14.14779],[-48.76801,-14.14933],[-48.77011,-14.1501],[-48.77554,-14.15016],[-48.77858,-14.14994],[-48.78198,-14.14903],[-48.78733,-14.14586],[-48.7895,-14.14445],[-48.79131,-14.14234],[-48.79239,-14.14073],[-48.79405,-14.13953],[-48.79572,-14.13925],[-48.79716,-14.13981],[-48.79871,-14.14142],[-48.79969,-14.14322],[-48.80029,-14.14521],[-48.8008,-14.15103],[-48.8006,-14.15622],[-48.80103,-14.15861],[-48.80213,-14.16142],[-48.80351,-14.16408],[-48.80535,-14.1664],[-48.80878,-14.16993],[-48.81029,-14.17091],[-48.81203,-14.1715],[-48.81456,-14.17193],[-48.81793,-14.17303],[-48.8209,-14.17529],[-48.82253,-14.1767],[-48.82399,-14.1773],[-48.82601,-14.17746],[-48.82786,-14.17708],[-48.83156,-14.17571],[-48.83397,-14.17456],[-48.83794,-14.17162],[-48.83973,-14.16966],[-48.84063,-14.16786],[-48.84135,-14.16574],[-48.84174,-14.16395],[-48.84117,-14.16145],[-48.84184,-14.16003],[-48.84341,-14.15911],[-48.84543,-14.15829],[-48.84734,-14.15807],[-48.84902,-14.15817],[-48.85076,-14.15904],[-48.85205,-14.16023],[-48.85301,-14.16175],[-48.85486,-14.16615],[-48.85743,-14.1708],[-48.86018,-14.17455],[-48.86209,-14.17601],[-48.86512,-14.17785],[-48.86585,-14.17888],[-48.86726,-14.18236],[-48.86895,-14.18426],[-48.87125,-14.18583],[-48.87355,-14.18713],[-48.8756,-14.18774],[-48.87953,-14.18866],[-48.88037,-14.18942],[-48.88088,-14.19056],[-48.88094,-14.19197],[-48.88015,-14.1935],[-48.87904,-14.19508],[-48.87752,-14.19655],[-48.87658,-14.19834],[-48.87635,-14.19981],[-48.87658,-14.20177],[-48.8775,-14.2039],[-48.87795,-14.2058],[-48.87896,-14.2077],[-48.8802,-14.20938],[-48.88149,-14.21047],[-48.88346,-14.21324],[-48.88458,-14.21372],[-48.88587,-14.2135],[-48.88739,-14.21263],[-48.88856,-14.21132],[-48.8904,-14.20838],[-48.8913,-14.20811],[-48.89298,-14.20876],[-48.894,-14.20995],[-48.89451,-14.21196],[-48.89464,-14.21482],[-48.89408,-14.21792],[-48.8937,-14.22146],[-48.89287,-14.22668],[-48.89287,-14.22825],[-48.894,-14.23021],[-48.89978,-14.23541],[-48.90366,-14.23867],[-48.90782,-14.2417],[-48.91011,-14.24299],[-48.91213,-14.2438],[-48.9169,-14.24493],[-48.92156,-14.24715],[-48.92454,-14.24954],[-48.92572,-14.25117],[-48.92639,-14.25263],[-48.92746,-14.25383],[-48.92904,-14.2548],[-48.93207,-14.25545],[-48.93386,-14.25512],[-48.93739,-14.25418],[-48.94036,-14.25189],[-48.94215,-14.25097],[-48.94389,-14.25074],[-48.94585,-14.25085],[-48.94731,-14.25139],[-48.94872,-14.25226],[-48.94962,-14.25361],[-48.95086,-14.25665],[-48.95197,-14.25796],[-48.95265,-14.25976],[-48.95305,-14.26432],[-48.95277,-14.26628],[-48.95227,-14.2678],[-48.9525,-14.27003],[-48.95318,-14.27248],[-48.95425,-14.27362],[-48.95768,-14.27616],[-48.95884,-14.27784],[-48.96049,-14.28188],[-48.96189,-14.28449],[-48.96365,-14.28976],[-48.96488,-14.2926],[-48.96606,-14.29406],[-48.96817,-14.29557],[-48.97216,-14.29806],[-48.97429,-14.29903],[-48.97923,-14.30081],[-48.98131,-14.30184],[-48.98468,-14.30423],[-48.98637,-14.30504],[-48.98766,-14.30612],[-48.98946,-14.30688],[-48.99159,-14.30715],[-48.99861,-14.30751],[-49.00068,-14.30734],[-49.00281,-14.30641],[-49.00466,-14.30597],[-49.00618,-14.30646],[-49.0077,-14.30738],[-49.00876,-14.30851],[-49.01141,-14.31177],[-49.0142,-14.3144],[-49.01516,-14.31603],[-49.0164,-14.31912],[-49.01669,-14.32065],[-49.0163,-14.32233],[-49.01561,-14.32341],[-49.01151,-14.32716],[-49.01067,-14.32815],[-49.00938,-14.33038],[-49.00843,-14.33125],[-49.00568,-14.33186],[-49.0036,-14.33143],[-49.00231,-14.33143],[-49.00114,-14.33181],[-48.99847,-14.33453],[-48.99746,-14.33534],[-48.99617,-14.33589],[-48.99247,-14.33585],[-48.99045,-14.33629],[-48.98905,-14.33711],[-48.98676,-14.33938],[-48.98591,-14.34076],[-48.98446,-14.3445],[-48.98424,-14.34651],[-48.98476,-14.35037],[-48.98482,-14.35222],[-48.98421,-14.35521],[-48.98354,-14.35679],[-48.98164,-14.35987],[-48.98086,-14.36144],[-48.98053,-14.36275],[-48.98042,-14.36476],[-48.98087,-14.36666],[-48.98279,-14.37031],[-48.98409,-14.372],[-48.98667,-14.37438],[-48.98714,-14.37584],[-48.98834,-14.3822],[-48.98924,-14.38366],[-48.99166,-14.38588],[-48.99261,-14.38724],[-48.9929,-14.38865],[-48.99268,-14.3899],[-48.99178,-14.39148],[-48.99033,-14.39339],[-48.98673,-14.39655],[-48.98488,-14.39883],[-48.98298,-14.4021],[-48.97979,-14.40612],[-48.97901,-14.40781],[-48.97801,-14.41178],[-48.97758,-14.41646],[-48.97758,-14.41809],[-48.97786,-14.41972],[-48.97888,-14.42328],[-48.98035,-14.42583],[-48.98268,-14.42762],[-48.98356,-14.42876],[-48.98429,-14.43142],[-48.98437,-14.43729],[-48.98476,-14.43925],[-48.98553,-14.44103],[-48.98712,-14.44368],[-48.98864,-14.44752],[-48.98979,-14.45011],[-48.99138,-14.45181],[-48.99268,-14.45518],[-48.99388,-14.45636],[-48.99529,-14.45683],[-48.99606,-14.45789],[-48.99862,-14.4594],[-48.99999,-14.46098],[-49.00204,-14.46229],[-49.00794,-14.46376],[-49.01131,-14.46493],[-49.01243,-14.46584],[-49.01374,-14.46751],[-49.01435,-14.46791],[-49.01608,-14.468],[-49.01969,-14.46935],[-49.02235,-14.46952],[-49.02347,-14.46984],[-49.02432,-14.47056],[-49.02488,-14.47191],[-49.02521,-14.47368],[-49.02597,-14.47549],[-49.02695,-14.47666],[-49.02765,-14.47842],[-49.02745,-14.48233],[-49.02694,-14.48428],[-49.02592,-14.48627],[-49.02452,-14.48813],[-49.02131,-14.49146],[-49.02075,-14.49277],[-49.02123,-14.49639],[-49.02198,-14.4973],[-49.02446,-14.49851],[-49.02983,-14.49872],[-49.0333,-14.49976],[-49.03498,-14.50052],[-49.03699,-14.50092],[-49.04031,-14.50091],[-49.0427,-14.50046],[-49.04484,-14.4995],[-49.04667,-14.499],[-49.04882,-14.49895],[-49.05036,-14.49926],[-49.05183,-14.50007],[-49.05282,-14.50172],[-49.05281,-14.50482],[-49.0523,-14.50632],[-49.05011,-14.50922],[-49.04792,-14.51158],[-49.04503,-14.51572],[-49.04377,-14.51776],[-49.04289,-14.51957],[-49.04225,-14.52392],[-49.04146,-14.52605],[-49.04056,-14.52779],[-49.0394,-14.52893],[-49.03818,-14.52957],[-49.03234,-14.53067],[-49.02935,-14.5319],[-49.02641,-14.53177],[-49.02428,-14.53194],[-49.02209,-14.53284],[-49.01836,-14.53488],[-49.015,-14.53643],[-49.01347,-14.53629],[-49.01018,-14.53523],[-49.00913,-14.53555],[-49.00836,-14.53636],[-49.00701,-14.54102],[-49.00632,-14.5451],[-49.00602,-14.55374],[-49.00561,-14.55696],[-49.00574,-14.5578],[-49.00696,-14.55961],[-49.00792,-14.56009],[-49.00917,-14.56013],[-49.01288,-14.5596],[-49.01734,-14.55967],[-49.02234,-14.56022],[-49.02388,-14.56075],[-49.02772,-14.56415],[-49.02871,-14.56463],[-49.0298,-14.56421],[-49.03189,-14.56251],[-49.03359,-14.56155],[-49.03514,-14.56144],[-49.03635,-14.56172],[-49.03744,-14.56253],[-49.03811,-14.56354],[-49.03892,-14.56898],[-49.0388,-14.57136],[-49.03998,-14.57604],[-49.03986,-14.57668],[-49.03936,-14.57729],[-49.03553,-14.57944],[-49.03191,-14.58272],[-49.0302,-14.58337],[-49.0291,-14.58407],[-49.02679,-14.58652],[-49.02619,-14.58658],[-49.02175,-14.58419],[-49.02021,-14.5841],[-49.01758,-14.58513],[-49.0153,-14.58397],[-49.01527,-14.58261],[-49.01755,-14.58058],[-49.01734,-14.57928],[-49.01321,-14.57785],[-49.01095,-14.57546],[-49.0102,-14.57519],[-49.00929,-14.57555],[-49.00889,-14.57876],[-49.00845,-14.57955],[-49.00635,-14.58137],[-49.00616,-14.58297],[-49.00754,-14.58606],[-49.00794,-14.58779],[-49.00854,-14.59279],[-49.00944,-14.59463],[-49.00875,-14.59588],[-49.00349,-14.59694],[-48.99719,-14.59851],[-48.99551,-14.5983],[-48.99184,-14.59737],[-48.99098,-14.59681],[-48.99087,-14.59411],[-48.99114,-14.59293],[-48.99282,-14.59236],[-48.99352,-14.59281],[-48.99453,-14.59512],[-48.9954,-14.59592],[-48.99666,-14.59568],[-48.99856,-14.5943],[-48.99905,-14.5935],[-48.99863,-14.59159],[-48.99641,-14.58949],[-48.99576,-14.58857],[-48.99558,-14.58759],[-48.99568,-14.58537],[-48.99533,-14.58465],[-48.99356,-14.58417],[-48.99253,-14.58438],[-48.9912,-14.58553],[-48.98986,-14.58844],[-48.98851,-14.59017],[-48.98693,-14.59166],[-48.98457,-14.59349],[-48.98403,-14.59436],[-48.98314,-14.59746],[-48.98041,-14.60396],[-48.98026,-14.60457],[-48.98028,-14.60929],[-48.97744,-14.61694],[-48.97405,-14.62157],[-48.9742,-14.62374],[-48.97456,-14.62442],[-48.97565,-14.62493],[-48.97781,-14.62489],[-48.98043,-14.62522],[-48.98133,-14.62484],[-48.98309,-14.62243],[-48.98428,-14.62149],[-48.98776,-14.62095],[-48.98911,-14.62149],[-48.98987,-14.62234],[-48.99055,-14.62394],[-48.99134,-14.62768],[-48.99074,-14.63048],[-48.98901,-14.63294],[-48.98745,-14.6349],[-48.98463,-14.63709],[-48.98436,-14.63826],[-48.98467,-14.63921],[-48.98619,-14.6408],[-48.98801,-14.64162],[-48.98826,-14.64248],[-48.98745,-14.64375],[-48.98576,-14.64532],[-48.98409,-14.64612],[-48.98158,-14.64657],[-48.97545,-14.64578],[-48.97098,-14.64466],[-48.96992,-14.64425],[-48.96827,-14.64442],[-48.9667,-14.64565],[-48.96646,-14.64704],[-48.96759,-14.65087],[-48.9682,-14.65158],[-48.97017,-14.65208],[-48.97051,-14.65324],[-48.97004,-14.65412],[-48.96734,-14.65549],[-48.96646,-14.6566],[-48.96606,-14.65856],[-48.96635,-14.65951],[-48.96791,-14.66181],[-48.96697,-14.66438],[-48.9658,-14.66476],[-48.96401,-14.66436],[-48.96215,-14.66436],[-48.96081,-14.66371],[-48.96063,-14.66266],[-48.96103,-14.66206],[-48.96072,-14.66078],[-48.95943,-14.66014],[-48.956,-14.66089],[-48.95409,-14.66105],[-48.95035,-14.66085],[-48.94982,-14.66184],[-48.95211,-14.66471],[-48.95491,-14.66755],[-48.95562,-14.66894],[-48.95605,-14.67076],[-48.95675,-14.67175],[-48.95696,-14.67277],[-48.95805,-14.67429],[-48.95793,-14.67583],[-48.95592,-14.67631],[-48.95527,-14.67674],[-48.95252,-14.67996],[-48.95223,-14.68071],[-48.95001,-14.68124],[-48.94697,-14.68066],[-48.94398,-14.67952],[-48.9419,-14.67828],[-48.93936,-14.67762],[-48.9353,-14.67846],[-48.93348,-14.67811],[-48.93223,-14.67846],[-48.92938,-14.68018],[-48.92808,-14.68051],[-48.92693,-14.68043],[-48.92447,-14.68075],[-48.92221,-14.67967],[-48.91873,-14.67613],[-48.91775,-14.67571],[-48.91419,-14.67365],[-48.91311,-14.67341],[-48.90917,-14.67319],[-48.90708,-14.67187],[-48.90536,-14.67172],[-48.90172,-14.67297],[-48.89969,-14.67452],[-48.8974,-14.67759],[-48.89594,-14.67806],[-48.89275,-14.67745],[-48.89143,-14.67736],[-48.88947,-14.67839],[-48.88884,-14.6796],[-48.88732,-14.68046],[-48.88562,-14.68079],[-48.88404,-14.68071],[-48.88207,-14.68004],[-48.88101,-14.68025],[-48.88061,-14.6812],[-48.88052,-14.68613],[-48.88107,-14.68794],[-48.8821,-14.68798],[-48.88346,-14.68757],[-48.88443,-14.68815],[-48.88449,-14.68938],[-48.88389,-14.69035],[-48.88286,-14.69105],[-48.8769,-14.69422],[-48.87519,-14.69486],[-48.87156,-14.69524],[-48.87028,-14.69478],[-48.86333,-14.69103],[-48.86193,-14.68926],[-48.86036,-14.6889],[-48.85865,-14.68936],[-48.85778,-14.69006],[-48.85692,-14.69013],[-48.85491,-14.68908],[-48.84966,-14.68731],[-48.84829,-14.68655],[-48.84732,-14.68683],[-48.84581,-14.68871],[-48.84416,-14.69006],[-48.84264,-14.69009],[-48.84187,-14.68945],[-48.83959,-14.68442],[-48.83857,-14.68353],[-48.83571,-14.68259],[-48.83462,-14.68248],[-48.83331,-14.68278],[-48.83162,-14.68391],[-48.82735,-14.68597],[-48.82631,-14.686],[-48.82194,-14.68227],[-48.81835,-14.67757],[-48.81819,-14.67661],[-48.81853,-14.67539],[-48.8199,-14.67276],[-48.81895,-14.66876],[-48.81776,-14.66586],[-48.81689,-14.66487],[-48.8154,-14.66423],[-48.81364,-14.66393],[-48.81207,-14.66426],[-48.81084,-14.66522],[-48.8099,-14.66652],[-48.80866,-14.66704],[-48.807,-14.66635],[-48.80361,-14.66408],[-48.80159,-14.66131],[-48.80064,-14.66079],[-48.79931,-14.66079],[-48.79684,-14.66125],[-48.79166,-14.66307],[-48.78719,-14.66531],[-48.78409,-14.66729],[-48.78283,-14.66773],[-48.78107,-14.66707],[-48.77997,-14.66497],[-48.77622,-14.66231],[-48.77462,-14.6604],[-48.77465,-14.65952],[-48.77653,-14.65704],[-48.77976,-14.65418],[-48.77999,-14.65291],[-48.77945,-14.65115],[-48.77828,-14.65037],[-48.77549,-14.65054],[-48.77464,-14.65015],[-48.77406,-14.64753],[-48.774,-14.64475],[-48.77351,-14.64403],[-48.77245,-14.64367],[-48.77029,-14.64372],[-48.76657,-14.64406],[-48.76322,-14.64464],[-48.75998,-14.64571],[-48.75723,-14.64724],[-48.75693,-14.64825],[-48.75744,-14.64917],[-48.75813,-14.64933],[-48.7607,-14.64859],[-48.76107,-14.64987],[-48.76091,-14.65077],[-48.75873,-14.65487],[-48.75611,-14.65867],[-48.75456,-14.66023],[-48.75276,-14.66127],[-48.75135,-14.6618],[-48.7487,-14.66193],[-48.74737,-14.66121],[-48.74583,-14.66176],[-48.74497,-14.66324],[-48.73992,-14.66698],[-48.7394,-14.6681],[-48.73982,-14.67204],[-48.73874,-14.67567],[-48.73796,-14.67722],[-48.73669,-14.67825],[-48.73508,-14.67913],[-48.73331,-14.67921],[-48.73146,-14.67849],[-48.73041,-14.67746],[-48.72947,-14.67612],[-48.72922,-14.67465],[-48.72814,-14.67438]]]},"properties":{"codigo":"521460615","name":"Tupiraçaba","population":2225,"households":2825,"areaKm2":2451.7035,"density":0.9}},{"type":"Feature","geometry":{"type":"Polygon","coordinates":[[[-48.75735,-14.86281],[-48.75572,-14.86393],[-48.75358,-14.86401],[-48.75042,-14.86296],[-48.74953,-14.86337],[-48.74926,-14.86439],[-48.74899,-14.86742],[-48.74907,-14.86861],[-48.75066,-14.87312],[-48.74995,-14.87397],[-48.74914,-14.87403],[-48.7455,-14.87364],[-48.74444,-14.87409],[-48.74137,-14.87686],[-48.73812,-14.88046],[-48.73649,-14.88418],[-48.73652,-14.8849],[-48.73781,-14.88573],[-48.74197,-14.8851],[-48.74331,-14.88545],[-48.74376,-14.88617],[-48.74454,-14.88922],[-48.74487,-14.89368],[-48.74567,-14.89546],[-48.7493,-14.8999],[-48.75233,-14.90755],[-48.75303,-14.91133],[-48.7525,-14.91243],[-48.74893,-14.91299],[-48.74783,-14.91293],[-48.74699,-14.91362],[-48.74665,-14.91464],[-48.74684,-14.91964],[-48.74616,-14.92154],[-48.74549,-14.92181],[-48.74094,-14.92196],[-48.7398,-14.92278],[-48.73984,-14.92433],[-48.74037,-14.92499],[-48.74441,-14.92642],[-48.74582,-14.92715],[-48.74866,-14.92741],[-48.75029,-14.9281],[-48.75029,-14.92952],[-48.74646,-14.93133],[-48.74541,-14.93203],[-48.74262,-14.93479],[-48.74281,-14.93593],[-48.74433,-14.9373],[-48.74625,-14.93695],[-48.74792,-14.93509],[-48.7494,-14.93553],[-48.74934,-14.93986],[-48.74867,-14.94064],[-48.74518,-14.94058],[-48.74124,-14.93875],[-48.73985,-14.939],[-48.7377,-14.94141],[-48.73578,-14.94259],[-48.73456,-14.94296],[-48.73025,-14.94234],[-48.72657,-14.94269],[-48.72524,-14.94205],[-48.72398,-14.94523],[-48.72303,-14.94555],[-48.72276,-14.94625],[-48.72373,-14.94753],[-48.72495,-14.94821],[-48.725,-14.94911],[-48.72269,-14.95038],[-48.7217,-14.95196],[-48.72086,-14.95234],[-48.71913,-14.95233],[-48.71759,-14.95129],[-48.71488,-14.9511],[-48.71291,-14.94941],[-48.70767,-14.94905],[-48.7065,-14.94866],[-48.70508,-14.94726],[-48.70405,-14.94733],[-48.69905,-14.95273],[-48.69665,-14.95424],[-48.69408,-14.95538],[-48.69135,-14.95575],[-48.68944,-14.95528],[-48.68453,-14.95256],[-48.68314,-14.95297],[-48.68272,-14.95485],[-48.68291,-14.95531],[-48.68529,-14.95833],[-48.6853,-14.95972],[-48.68205,-14.96372],[-48.68253,-14.96504],[-48.68536,-14.9661],[-48.68676,-14.96725],[-48.6888,-14.96737],[-48.69071,-14.9684],[-48.69242,-14.97122],[-48.6939,-14.97277],[-48.69571,-14.97325],[-48.69719,-14.97741],[-48.69718,-14.97968],[-48.69814,-14.98181],[-48.69703,-14.98244],[-48.69593,-14.98255],[-48.69133,-14.98243],[-48.68935,-14.98149],[-48.68363,-14.98117],[-48.68152,-14.9806],[-48.68084,-14.98007],[-48.67701,-14.97777],[-48.67566,-14.97789],[-48.67465,-14.97879],[-48.67442,-14.97952],[-48.67476,-14.98113],[-48.67596,-14.98288],[-48.67616,-14.98497],[-48.67542,-14.98589],[-48.67451,-14.986],[-48.66823,-14.98431],[-48.66729,-14.98319],[-48.66744,-14.98236],[-48.66664,-14.98046],[-48.6621,-14.97742],[-48.66172,-14.97697],[-48.66104,-14.97457],[-48.65977,-14.97284],[-48.65632,-14.96909],[-48.65632,-14.96573],[-48.65519,-14.96349],[-48.6538,-14.96228],[-48.64977,-14.96051],[-48.64886,-14.96069],[-48.64825,-14.96191],[-48.64795,-14.9649],[-48.64849,-14.96629],[-48.64858,-14.96925],[-48.64724,-14.9696],[-48.6453,-14.96864],[-48.64222,-14.96869],[-48.64037,-14.96813],[-48.6398,-14.96882],[-48.63979,-14.97167],[-48.64019,-14.9728],[-48.64094,-14.97376],[-48.64332,-14.97598],[-48.64601,-14.97748],[-48.64701,-14.97773],[-48.64862,-14.97764],[-48.64921,-14.97886],[-48.64806,-14.98065],[-48.64736,-14.9812],[-48.64065,-14.98456],[-48.63946,-14.98473],[-48.63516,-14.98403],[-48.63323,-14.98428],[-48.63294,-14.9855],[-48.6337,-14.99006],[-48.63334,-14.99168],[-48.63357,-14.99288],[-48.63618,-14.99619],[-48.63606,-14.99786],[-48.63452,-14.99958],[-48.63378,-14.99991],[-48.63073,-14.99969],[-48.62922,-14.99995],[-48.62771,-14.99958],[-48.62697,-14.99815],[-48.62745,-14.99585],[-48.62816,-14.9939],[-48.62894,-14.99248],[-48.62928,-14.9899],[-48.62783,-14.98799],[-48.62653,-14.98769],[-48.62425,-14.98862],[-48.62167,-14.98917],[-48.62097,-14.98909],[-48.61916,-14.98811],[-48.61772,-14.98828],[-48.6161,-14.98944],[-48.61591,-14.99072],[-48.61624,-14.99271],[-48.61669,-14.99379],[-48.61695,-14.997],[-48.61792,-14.9984],[-48.61813,-14.99931],[-48.61967,-15.00101],[-48.61969,-15.00247],[-48.61856,-15.00405],[-48.61652,-15.00502],[-48.61547,-15.005],[-48.61288,-15.00325],[-48.61102,-15.0024],[-48.61115,-15.00112],[-48.61015,-15.00056],[-48.61184,-14.99966],[-48.61043,-14.99874],[-48.61017,-14.99805],[-48.60783,-14.99662],[-48.6084,-14.99545],[-48.60796,-14.99496],[-48.60782,-14.99336],[-48.60651,-14.99224],[-48.60532,-14.99537],[-48.60341,-14.9955],[-48.60275,-14.99493],[-48.6018,-14.99295],[-48.60035,-14.99317],[-48.60059,-14.99466],[-48.59675,-14.99571],[-48.59552,-14.99517],[-48.59469,-14.99369],[-48.59347,-14.99347],[-48.5928,-14.9947],[-48.59069,-14.99589],[-48.58837,-14.9979],[-48.58884,-14.99916],[-48.58841,-14.99978],[-48.58725,-14.99924],[-48.58627,-14.99922],[-48.58581,-14.998],[-48.58346,-14.99743],[-48.58239,-14.9955],[-48.58133,-14.99588],[-48.58067,-14.99507],[-48.57981,-14.99499],[-48.57841,-14.99592],[-48.57704,-14.99612],[-48.57535,-14.99486],[-48.57403,-14.99542],[-48.57382,-14.996],[-48.57472,-14.99757],[-48.57395,-14.99865],[-48.57293,-14.99884],[-48.57237,-14.99957],[-48.57265,-15.00086],[-48.57137,-15.00256],[-48.57227,-15.00288],[-48.57226,-15.00429],[-48.57286,-15.00519],[-48.57173,-15.00632],[-48.57238,-15.00786],[-48.57112,-15.00762],[-48.57044,-15.00807],[-48.57001,-15.00911],[-48.56912,-15.00888],[-48.56751,-15.00923],[-48.56779,-15.00997],[-48.56639,-15.01077],[-48.56399,-15.01251],[-48.56374,-15.01143],[-48.56245,-15.01182],[-48.5606,-15.01078],[-48.55784,-15.01214],[-48.55801,-15.01328],[-48.55719,-15.01384],[-48.55675,-15.01513],[-48.55483,-15.01545],[-48.55492,-15.01246],[-48.55446,-15.0112],[-48.55338,-15.00989],[-48.55142,-15.00837],[-48.54867,-15.00684],[-48.54784,-15.00596],[-48.54702,-15.00579],[-48.54619,-15.00726],[-48.54463,-15.00785],[-48.5431,-15.00775],[-48.54191,-15.00824],[-48.54071,-15.00761],[-48.54002,-15.00886],[-48.53885,-15.00969],[-48.53892,-15.01169],[-48.53707,-15.01191],[-48.53646,-15.01243],[-48.53546,-15.01168],[-48.53355,-15.01169],[-48.53227,-15.01122],[-48.53055,-15.01283],[-48.53043,-15.01421],[-48.52755,-15.01576],[-48.52497,-15.01495],[-48.52421,-15.01552],[-48.52359,-15.01706],[-48.52258,-15.01725],[-48.5202,-15.01654],[-48.51986,-15.01518],[-48.51914,-15.01437],[-48.51672,-15.01397],[-48.51643,-15.01273],[-48.51439,-15.01272],[-48.51233,-15.01186],[-48.51104,-15.01244],[-48.51007,-15.0113],[-48.50863,-15.01051],[-48.5087,-15.00903],[-48.50702,-15.00755],[-48.50538,-15.00556],[-48.50286,-15.00212],[-48.50182,-15.00044],[-48.5014,-14.99854],[-48.50153,-14.99748],[-48.50218,-14.99625],[-48.5016,-14.99561],[-48.50202,-14.99345],[-48.5021,-14.99169],[-48.50091,-14.9858],[-48.49847,-14.98359],[-48.49734,-14.98355],[-48.4945,-14.98463],[-48.49271,-14.98379],[-48.49002,-14.98409],[-48.48711,-14.98482],[-48.4854,-14.98578],[-48.48369,-14.98723],[-48.48252,-14.98768],[-48.48009,-14.98694],[-48.47913,-14.98572],[-48.47895,-14.98332],[-48.47938,-14.98197],[-48.47782,-14.98046],[-48.47787,-14.97976],[-48.4787,-14.97763],[-48.4789,-14.97605],[-48.47945,-14.97419],[-48.47894,-14.97239],[-48.47818,-14.97062],[-48.47682,-14.96997],[-48.47557,-14.9681],[-48.47566,-14.96559],[-48.47506,-14.96462],[-48.47401,-14.96409],[-48.47127,-14.96468],[-48.47005,-14.96602],[-48.46941,-14.96546],[-48.46907,-14.96411],[-48.4685,-14.96354],[-48.46745,-14.96349],[-48.46633,-14.9629],[-48.46562,-14.9612],[-48.4644,-14.96041],[-48.46254,-14.96011],[-48.46155,-14.95733],[-48.46045,-14.9567],[-48.45595,-14.95726],[-48.45432,-14.95679],[-48.45254,-14.95689],[-48.4514,-14.95667],[-48.4505,-14.95732],[-48.44947,-14.95745],[-48.44752,-14.9569],[-48.44559,-14.95563],[-48.44423,-14.95447],[-48.44382,-14.9525],[-48.44117,-14.95178],[-48.44044,-14.95046],[-48.43952,-14.95008],[-48.43766,-14.95046],[-48.43684,-14.94928],[-48.43481,-14.94812],[-48.43398,-14.94704],[-48.43322,-14.94683],[-48.4316,-14.9477],[-48.42928,-14.9484],[-48.42813,-14.94797],[-48.42848,-14.94643],[-48.42752,-14.94548],[-48.42591,-14.94258],[-48.42551,-14.94106],[-48.42592,-14.94033],[-48.4247,-14.93978],[-48.42394,-14.93885],[-48.42341,-14.93745],[-48.42251,-14.93417],[-48.42185,-14.93401],[-48.41951,-14.93596],[-48.4185,-14.93609],[-48.41601,-14.93492],[-48.41325,-14.93466],[-48.41082,-14.93586],[-48.4099,-14.93705],[-48.40792,-14.93822],[-48.40564,-14.94005],[-48.40431,-14.94156],[-48.40313,-14.94086],[-48.4025,-14.93951],[-48.40144,-14.93915],[-48.39824,-14.94098],[-48.39667,-14.94071],[-48.39638,-14.93945],[-48.39578,-14.93941],[-48.39419,-14.94008],[-48.39346,-14.94077],[-48.39151,-14.94196],[-48.3904,-14.94183],[-48.38921,-14.94227],[-48.38595,-14.94441],[-48.38472,-14.94472],[-48.38123,-14.94442],[-48.38019,-14.9452],[-48.37944,-14.94412],[-48.3791,-14.94217],[-48.37681,-14.9416],[-48.37497,-14.94073],[-48.3722,-14.9406],[-48.37083,-14.93945],[-48.3706,-14.93785],[-48.37107,-14.9364],[-48.37177,-14.93261],[-48.3707,-14.93124],[-48.37047,-14.92942],[-48.37121,-14.92773],[-48.3708,-14.9271],[-48.36942,-14.92644],[-48.36856,-14.9257],[-48.36717,-14.92522],[-48.36624,-14.92527],[-48.36433,-14.92452],[-48.36262,-14.92345],[-48.36092,-14.92283],[-48.35697,-14.91962],[-48.35612,-14.91836],[-48.35591,-14.91725],[-48.35771,-14.91052],[-48.35652,-14.90871],[-48.37361,-14.89338],[-48.37764,-14.89006],[-48.37868,-14.89144],[-48.38792,-14.88759],[-48.39679,-14.89071],[-48.40808,-14.89745],[-48.41727,-14.8997],[-48.42567,-14.90412],[-48.42552,-14.9055],[-48.43767,-14.91535],[-48.44229,-14.9052],[-48.44906,-14.89781],[-48.44752,-14.89258],[-48.44814,-14.8835],[-48.45106,-14.87735],[-48.45475,-14.87673],[-48.45814,-14.87382],[-48.4666,-14.87381],[-48.47783,-14.87088],[-48.48808,-14.86987],[-48.48293,-14.86741],[-48.47672,-14.86511],[-48.47041,-14.86016],[-48.46091,-14.8575],[-48.44632,-14.84881],[-48.43936,-14.84603],[-48.43176,-14.84152],[-48.43248,-14.84074],[-48.43196,-14.8367],[-48.43998,-14.83215],[-48.45118,-14.8297],[-48.45856,-14.81826],[-48.45885,-14.80315],[-48.45638,-14.78824],[-48.45228,-14.77443],[-48.44054,-14.76479],[-48.42579,-14.75735],[-48.41641,-14.74281],[-48.40012,-14.72887],[-48.38264,-14.71826],[-48.36468,-14.71034],[-48.35685,-14.70119],[-48.35824,-14.69057],[-48.3534,-14.68212],[-48.34763,-14.6765],[-48.35184,-14.67137],[-48.35484,-14.67724],[-48.35532,-14.6795],[-48.35599,-14.68034],[-48.35722,-14.68083],[-48.358,-14.68157],[-48.35923,-14.68346],[-48.36103,-14.68488],[-48.36186,-14.68524],[-48.3638,-14.68521],[-48.36521,-14.68567],[-48.36616,-14.68534],[-48.36696,-14.68394],[-48.3677,-14.68332],[-48.3701,-14.68258],[-48.37231,-14.68298],[-48.37307,-14.68389],[-48.37433,-14.68777],[-48.37498,-14.68912],[-48.37594,-14.6902],[-48.37899,-14.69202],[-48.38046,-14.6933],[-48.38223,-14.69553],[-48.38443,-14.6958],[-48.38599,-14.6967],[-48.38764,-14.69697],[-48.38832,-14.69867],[-48.39301,-14.69926],[-48.39471,-14.6986],[-48.39654,-14.69901],[-48.3976,-14.69899],[-48.39814,-14.6978],[-48.39938,-14.69598],[-48.4,-14.69587],[-48.40107,-14.69697],[-48.40262,-14.69675],[-48.40519,-14.69518],[-48.40667,-14.69409],[-48.40905,-14.69347],[-48.41052,-14.69183],[-48.4121,-14.6911],[-48.41296,-14.68948],[-48.41416,-14.68801],[-48.41407,-14.68551],[-48.4155,-14.6816],[-48.41669,-14.68151],[-48.42015,-14.67991],[-48.42087,-14.68089],[-48.42171,-14.6814],[-48.42325,-14.68077],[-48.42466,-14.67972],[-48.42595,-14.67988],[-48.42752,-14.6806],[-48.42919,-14.68011],[-48.4306,-14.68085],[-48.43139,-14.68197],[-48.43231,-14.68164],[-48.43484,-14.68172],[-48.43673,-14.68023],[-48.43838,-14.68046],[-48.44011,-14.67834],[-48.43977,-14.67729],[-48.4405,-14.6764],[-48.43937,-14.67427],[-48.43923,-14.67168],[-48.44056,-14.67122],[-48.44221,-14.66962],[-48.44233,-14.6684],[-48.4422,-14.66551],[-48.44327,-14.66359],[-48.44294,-14.66138],[-48.4425,-14.66077],[-48.44258,-14.6588],[-48.44305,-14.65727],[-48.44532,-14.65866],[-48.44501,-14.66075],[-48.4458,-14.66289],[-48.44687,-14.66325],[-48.44796,-14.6629],[-48.44776,-14.66163],[-48.44843,-14.66009],[-48.45134,-14.6599],[-48.45538,-14.66245],[-48.45734,-14.66222],[-48.45781,-14.66174],[-48.4603,-14.658],[-48.46255,-14.65618],[-48.46326,-14.65512],[-48.46527,-14.65075],[-48.4661,-14.64965],[-48.46765,-14.64954],[-48.46907,-14.6484],[-48.47059,-14.6486],[-48.47028,-14.64669],[-48.4705,-14.64572],[-48.47306,-14.64427],[-48.47707,-14.64295],[-48.47917,-14.64299],[-48.48059,-14.64278],[-48.48195,-14.64141],[-48.48202,-14.64052],[-48.4813,-14.63842],[-48.48043,-14.63721],[-48.4796,-14.63521],[-48.48048,-14.63456],[-48.48306,-14.63341],[-48.48557,-14.63343],[-48.48743,-14.63228],[-48.48845,-14.62958],[-48.48947,-14.62867],[-48.49044,-14.62719],[-48.49165,-14.62344],[-48.49372,-14.62151],[-48.49416,-14.62078],[-48.49544,-14.62167],[-48.49668,-14.62175],[-48.49705,-14.6198],[-48.49885,-14.61943],[-48.5018,-14.61833],[-48.50368,-14.61805],[-48.50504,-14.61729],[-48.50738,-14.61725],[-48.5089,-14.61669],[-48.51096,-14.6169],[-48.51258,-14.61775],[-48.51492,-14.61812],[-48.51681,-14.61905],[-48.51692,-14.6181],[-48.51779,-14.61709],[-48.51829,-14.61594],[-48.51905,-14.6153],[-48.52221,-14.61532],[-48.52783,-14.61465],[-48.52996,-14.61535],[-48.53181,-14.61573],[-48.5337,-14.61523],[-48.53496,-14.61517],[-48.53683,-14.61372],[-48.53814,-14.61197],[-48.53874,-14.61154],[-48.53989,-14.60919],[-48.54149,-14.60878],[-48.54418,-14.60845],[-48.54676,-14.60737],[-48.54801,-14.60706],[-48.54774,-14.60413],[-48.54668,-14.60227],[-48.54533,-14.60139],[-48.54491,-14.60028],[-48.54281,-14.59962],[-48.54099,-14.59947],[-48.53939,-14.59825],[-48.53897,-14.59722],[-48.53817,-14.59702],[-48.53552,-14.59713],[-48.53342,-14.59506],[-48.53369,-14.59268],[-48.53408,-14.59226],[-48.53406,-14.59065],[-48.53454,-14.58768],[-48.53627,-14.58548],[-48.53622,-14.58457],[-48.53722,-14.58421],[-48.53827,-14.58463],[-48.54076,-14.58518],[-48.54224,-14.5829],[-48.54134,-14.58206],[-48.54032,-14.58021],[-48.5403,-14.57927],[-48.54596,-14.57118],[-48.54041,-14.5681],[-48.53754,-14.56624],[-48.53577,-14.56475],[-48.53448,-14.56405],[-48.53486,-14.56324],[-48.54165,-14.5633],[-48.5432,-14.56411],[-48.54382,-14.56369],[-48.54435,-14.562],[-48.54366,-14.56178],[-48.54467,-14.55936],[-48.54848,-14.55596],[-48.54953,-14.55685],[-48.54953,-14.55912],[-48.55094,-14.55977],[-48.55128,-14.56079],[-48.55052,-14.56183],[-48.55053,-14.5641],[-48.55118,-14.56417],[-48.55299,-14.56762],[-48.55415,-14.5686],[-48.55529,-14.56875],[-48.55644,-14.56845],[-48.5573,-14.56781],[-48.55853,-14.56882],[-48.55991,-14.56846],[-48.56209,-14.56825],[-48.56543,-14.57396],[-48.56696,-14.57571],[-48.5703,-14.5782],[-48.57113,-14.57931],[-48.57255,-14.58375],[-48.5739,-14.58584],[-48.57778,-14.5891],[-48.57884,-14.59025],[-48.5823,-14.59491],[-48.58318,-14.59713],[-48.58404,-14.60353],[-48.58463,-14.60506],[-48.58554,-14.60639],[-48.5902,-14.61258],[-48.5913,-14.61434],[-48.59142,-14.61529],[-48.59327,-14.6161],[-48.59408,-14.61678],[-48.59459,-14.61806],[-48.59736,-14.61774],[-48.59919,-14.61665],[-48.59956,-14.61596],[-48.60077,-14.61575],[-48.60442,-14.61556],[-48.60845,-14.61557],[-48.60922,-14.61516],[-48.60991,-14.61408],[-48.61123,-14.61377],[-48.61226,-14.61511],[-48.61358,-14.61572],[-48.61598,-14.61559],[-48.61827,-14.61613],[-48.61967,-14.61667],[-48.622,-14.61625],[-48.62502,-14.61474],[-48.6256,-14.61506],[-48.62675,-14.61474],[-48.62847,-14.61547],[-48.62961,-14.61676],[-48.63123,-14.61741],[-48.63291,-14.61738],[-48.63458,-14.6191],[-48.6352,-14.61931],[-48.63599,-14.61851],[-48.63661,-14.61888],[-48.63837,-14.62189],[-48.63911,-14.62275],[-48.63928,-14.62371],[-48.64108,-14.62398],[-48.64136,-14.62461],[-48.64101,-14.62611],[-48.64157,-14.62689],[-48.64299,-14.62739],[-48.6439,-14.62863],[-48.64357,-14.62933],[-48.64429,-14.6301],[-48.64543,-14.63062],[-48.64621,-14.6315],[-48.64648,-14.63256],[-48.64715,-14.63323],[-48.64861,-14.63188],[-48.65121,-14.63193],[-48.65268,-14.63252],[-48.65364,-14.6336],[-48.65496,-14.63429],[-48.65509,-14.63557],[-48.65698,-14.63517],[-48.65737,-14.63573],[-48.65925,-14.63566],[-48.6597,-14.63655],[-48.66125,-14.63813],[-48.662,-14.63826],[-48.66348,-14.6378],[-48.66387,-14.63833],[-48.66644,-14.63772],[-48.66582,-14.63689],[-48.66662,-14.63639],[-48.66665,-14.63454],[-48.66773,-14.63361],[-48.66937,-14.63324],[-48.66929,-14.632],[-48.66983,-14.63163],[-48.67094,-14.63258],[-48.67441,-14.63277],[-48.67418,-14.63407],[-48.67475,-14.635],[-48.67704,-14.63541],[-48.67708,-14.63648],[-48.68,-14.63798],[-48.67934,-14.63981],[-48.68074,-14.64],[-48.68126,-14.64058],[-48.68257,-14.64078],[-48.68254,-14.64137],[-48.68355,-14.64188],[-48.68473,-14.64346],[-48.68474,-14.64456],[-48.68568,-14.64704],[-48.68503,-14.64894],[-48.68554,-14.65026],[-48.68504,-14.6509],[-48.68535,-14.65193],[-48.68635,-14.65257],[-48.68645,-14.65354],[-48.68715,-14.65419],[-48.68861,-14.65622],[-48.69036,-14.65688],[-48.69108,-14.6577],[-48.69399,-14.6557],[-48.69361,-14.65455],[-48.69413,-14.65356],[-48.69547,-14.65322],[-48.69694,-14.65167],[-48.69919,-14.65292],[-48.69971,-14.65392],[-48.7008,-14.65325],[-48.70189,-14.65333],[-48.70312,-14.65406],[-48.70355,-14.65483],[-48.70471,-14.65552],[-48.70486,-14.65715],[-48.70697,-14.65811],[-48.70792,-14.65885],[-48.70922,-14.65817],[-48.71011,-14.65677],[-48.71137,-14.65682],[-48.71169,-14.65781],[-48.71179,-14.65963],[-48.71362,-14.65889],[-48.71412,-14.66003],[-48.71561,-14.66076],[-48.71638,-14.65973],[-48.71738,-14.65917],[-48.71821,-14.65955],[-48.71834,-14.66081],[-48.71942,-14.66212],[-48.71973,-14.66402],[-48.72021,-14.66466],[-48.72116,-14.66462],[-48.72269,-14.66677],[-48.72338,-14.66702],[-48.72443,-14.66607],[-48.72802,-14.66582],[-48.72841,-14.66673],[-48.72754,-14.66801],[-48.72766,-14.66995],[-48.72901,-14.66992],[-48.72814,-14.6723],[-48.72814,-14.67438],[-48.72742,-14.67463],[-48.72666,-14.67565],[-48.72657,-14.68161],[-48.72466,-14.6848],[-48.72434,-14.68607],[-48.72468,-14.68677],[-48.72866,-14.69143],[-48.72968,-14.69295],[-48.72999,-14.69427],[-48.73013,-14.69784],[-48.72965,-14.70105],[-48.72922,-14.70281],[-48.72962,-14.70397],[-48.73115,-14.70617],[-48.73149,-14.70703],[-48.73129,-14.7095],[-48.73066,-14.71076],[-48.72966,-14.71184],[-48.72693,-14.71368],[-48.72588,-14.71491],[-48.72445,-14.71821],[-48.72385,-14.72049],[-48.72246,-14.72219],[-48.72118,-14.72263],[-48.71839,-14.72276],[-48.71574,-14.72405],[-48.71336,-14.72597],[-48.71245,-14.72718],[-48.71224,-14.72936],[-48.71238,-14.73035],[-48.71311,-14.73104],[-48.71753,-14.7327],[-48.71867,-14.734],[-48.71915,-14.73578],[-48.718,-14.73788],[-48.71427,-14.7409],[-48.71366,-14.74154],[-48.71354,-14.74294],[-48.71583,-14.7466],[-48.71665,-14.74822],[-48.71883,-14.75024],[-48.7202,-14.75092],[-48.72125,-14.75231],[-48.72172,-14.75494],[-48.72109,-14.75629],[-48.71904,-14.7584],[-48.71569,-14.7604],[-48.71417,-14.76153],[-48.71208,-14.7639],[-48.71157,-14.7648],[-48.71223,-14.76673],[-48.71302,-14.76708],[-48.71488,-14.76662],[-48.71706,-14.76514],[-48.71825,-14.76538],[-48.71862,-14.76607],[-48.71853,-14.76876],[-48.72216,-14.77399],[-48.72293,-14.7749],[-48.72715,-14.77749],[-48.72766,-14.7782],[-48.72783,-14.78015],[-48.72744,-14.78134],[-48.72579,-14.78389],[-48.72541,-14.78533],[-48.72404,-14.78847],[-48.72262,-14.7896],[-48.72204,-14.7905],[-48.72166,-14.7919],[-48.721,-14.79306],[-48.72179,-14.79605],[-48.7226,-14.79713],[-48.72273,-14.79824],[-48.72241,-14.79922],[-48.72102,-14.80001],[-48.71961,-14.80012],[-48.7179,-14.79962],[-48.71551,-14.79836],[-48.71423,-14.79864],[-48.71324,-14.80038],[-48.71302,-14.80317],[-48.71443,-14.80435],[-48.71566,-14.80446],[-48.72506,-14.80458],[-48.72691,-14.80509],[-48.72747,-14.80583],[-48.72743,-14.80731],[-48.726,-14.81075],[-48.72584,-14.81188],[-48.7273,-14.81227],[-48.7306,-14.81117],[-48.73555,-14.81272],[-48.73625,-14.81275],[-48.73795,-14.81204],[-48.7392,-14.81209],[-48.74061,-14.8133],[-48.74268,-14.81668],[-48.74273,-14.81825],[-48.74185,-14.82265],[-48.74148,-14.8254],[-48.74046,-14.82645],[-48.74062,-14.82772],[-48.74221,-14.82931],[-48.74673,-14.83211],[-48.74915,-14.83397],[-48.75053,-14.83575],[-48.75042,-14.83724],[-48.74564,-14.84037],[-48.74495,-14.84109],[-48.74477,-14.84222],[-48.74501,-14.84359],[-48.74615,-14.84508],[-48.74697,-14.84552],[-48.75187,-14.84684],[-48.75557,-14.84752],[-48.75951,-14.84704],[-48.76131,-14.84768],[-48.76144,-14.84982],[-48.76083,-14.85074],[-48.75899,-14.85241],[-48.7583,-14.8538],[-48.75735,-14.86222],[-48.75735,-14.86281]]]},"properties":{"codigo":"521460625","name":"Vila Taveira","population":2103,"households":1262,"areaKm2":1313.5239,"density":1.6}}]}