{"type":"FeatureCollection","features":[{"type":"Feature","geometry":{"type":"Polygon","coordinates":[[[-51.14616,-18.30045],[-51.14542,-18.30087],[-51.14506,-18.3021],[-51.14309,-18.30228],[-51.14263,-18.30535],[-51.14189,-18.30631],[-51.14146,-18.30786],[-51.14005,-18.30914],[-51.13906,-18.31081],[-51.13631,-18.31315],[-51.13598,-18.31443],[-51.13544,-18.31499],[-51.13415,-18.31736],[-51.13401,-18.31867],[-51.13329,-18.31965],[-51.13289,-18.32189],[-51.1313,-18.32332],[-51.13091,-18.32445],[-51.12915,-18.32567],[-51.12837,-18.32733],[-51.12717,-18.32768],[-51.12664,-18.32832],[-51.12342,-18.32788],[-51.12225,-18.32828],[-51.12005,-18.32846],[-51.11901,-18.32971],[-51.11674,-18.33119],[-51.11392,-18.33097],[-51.11344,-18.33246],[-51.11244,-18.33278],[-51.11103,-18.33374],[-51.11008,-18.33507],[-51.10874,-18.33868],[-51.10759,-18.33994],[-51.10493,-18.34458],[-51.10353,-18.34503],[-51.1022,-18.34591],[-51.10004,-18.34616],[-51.09733,-18.3458],[-51.09665,-18.3455],[-51.09681,-18.34384],[-51.09654,-18.34284],[-51.09575,-18.34215],[-51.09445,-18.34232],[-51.09353,-18.34296],[-51.09116,-18.34283],[-51.09047,-18.34466],[-51.08929,-18.34384],[-51.08908,-18.34239],[-51.08692,-18.34134],[-51.08537,-18.3411],[-51.08648,-18.34008],[-51.08676,-18.33933],[-51.08641,-18.33779],[-51.08543,-18.33701],[-51.08258,-18.33875],[-51.08213,-18.33763],[-51.08114,-18.33682],[-51.07988,-18.33688],[-51.07895,-18.33625],[-51.07776,-18.33609],[-51.07549,-18.33686],[-51.0758,-18.33542],[-51.07648,-18.33452],[-51.07611,-18.33309],[-51.07511,-18.33272],[-51.07414,-18.33292],[-51.07346,-18.33377],[-51.07201,-18.33413],[-51.07057,-18.33267],[-51.06837,-18.33292],[-51.06758,-18.33244],[-51.06629,-18.33054],[-51.06479,-18.32963],[-51.06389,-18.32869],[-51.06168,-18.3287],[-51.06018,-18.32844],[-51.05918,-18.32718],[-51.05793,-18.32658],[-51.05781,-18.32592],[-51.0551,-18.32516],[-51.05352,-18.32521],[-51.05183,-18.32413],[-51.05035,-18.325],[-51.04916,-18.32396],[-51.04664,-18.32367],[-51.04493,-18.32318],[-51.04387,-18.32386],[-51.04131,-18.32497],[-51.04024,-18.3263],[-51.03893,-18.32578],[-51.03723,-18.32727],[-51.03578,-18.32771],[-51.03512,-18.32929],[-51.03431,-18.32973],[-51.03268,-18.32989],[-51.03083,-18.3296],[-51.02998,-18.32891],[-51.02828,-18.32913],[-51.02677,-18.32839],[-51.02421,-18.32936],[-51.02311,-18.32908],[-51.02041,-18.33087],[-51.01898,-18.33077],[-51.01783,-18.33201],[-51.01612,-18.33137],[-51.01536,-18.33187],[-51.01333,-18.33255],[-51.01218,-18.33178],[-51.01136,-18.33197],[-51.00918,-18.33106],[-51.00728,-18.33175],[-51.00633,-18.33176],[-51.00449,-18.3309],[-51.00282,-18.33153],[-51.00209,-18.3315],[-51.00011,-18.32973],[-50.99871,-18.32883],[-50.996,-18.32806],[-50.9943,-18.32804],[-50.99275,-18.32757],[-50.9916,-18.32685],[-50.99135,-18.3261],[-50.98918,-18.32535],[-50.98631,-18.32568],[-50.9846,-18.3245],[-50.98381,-18.32354],[-50.98284,-18.32315],[-50.98077,-18.32065],[-50.9798,-18.31839],[-50.97936,-18.31784],[-50.97785,-18.31712],[-50.97749,-18.31607],[-50.97815,-18.31019],[-50.9779,-18.30954],[-50.97664,-18.30836],[-50.97597,-18.30661],[-50.97639,-18.30522],[-50.97728,-18.30452],[-50.9785,-18.30201],[-50.98,-18.30024],[-50.9803,-18.29921],[-50.98151,-18.29776],[-50.98211,-18.29562],[-50.98466,-18.29355],[-50.98606,-18.29144],[-50.98573,-18.28929],[-50.98522,-18.28847],[-50.98369,-18.28711],[-50.98316,-18.285],[-50.98213,-18.28222],[-50.97758,-18.27972],[-50.97687,-18.28054],[-50.97711,-18.28282],[-50.97618,-18.28424],[-50.97324,-18.28553],[-50.97049,-18.28641],[-50.96951,-18.28747],[-50.96744,-18.29358],[-50.96599,-18.29661],[-50.96469,-18.29853],[-50.96078,-18.29856],[-50.95901,-18.29816],[-50.95471,-18.29929],[-50.9528,-18.30229],[-50.95165,-18.30275],[-50.95054,-18.30373],[-50.94946,-18.30528],[-50.947,-18.30948],[-50.94474,-18.31246],[-50.9415,-18.31402],[-50.93851,-18.31463],[-50.93561,-18.3146],[-50.93004,-18.31294],[-50.92734,-18.31152],[-50.92307,-18.31303],[-50.90973,-18.31706],[-50.90523,-18.31637],[-50.89248,-18.31888],[-50.88642,-18.31982],[-50.88207,-18.31765],[-50.87851,-18.31445],[-50.87483,-18.31086],[-50.8739,-18.30978],[-50.87069,-18.30696],[-50.86889,-18.30501],[-50.86598,-18.30315],[-50.86138,-18.30105],[-50.8592,-18.29923],[-50.85844,-18.29814],[-50.85618,-18.2969],[-50.85512,-18.29699],[-50.85517,-18.29599],[-50.85402,-18.29498],[-50.85159,-18.29408],[-50.85113,-18.29314],[-50.85009,-18.29259],[-50.84946,-18.29086],[-50.8466,-18.28863],[-50.84505,-18.28942],[-50.84364,-18.28815],[-50.84151,-18.28835],[-50.84056,-18.28784],[-50.8406,-18.2865],[-50.84027,-18.28556],[-50.83878,-18.28404],[-50.83685,-18.2846],[-50.83636,-18.28385],[-50.8354,-18.28341],[-50.83523,-18.28227],[-50.83369,-18.28217],[-50.83294,-18.28054],[-50.83213,-18.28052],[-50.83179,-18.27868],[-50.83061,-18.27834],[-50.828,-18.27817],[-50.82673,-18.27731],[-50.82547,-18.27779],[-50.82473,-18.27692],[-50.82343,-18.27651],[-50.82303,-18.27561],[-50.82141,-18.27506],[-50.82114,-18.27322],[-50.82054,-18.27247],[-50.82051,-18.27138],[-50.81941,-18.27017],[-50.81935,-18.26939],[-50.81822,-18.26835],[-50.81876,-18.26595],[-50.8185,-18.2632],[-50.81796,-18.26203],[-50.81672,-18.26049],[-50.81511,-18.25902],[-50.81424,-18.25707],[-50.81278,-18.25559],[-50.8123,-18.25469],[-50.81214,-18.2533],[-50.81151,-18.25242],[-50.80971,-18.25174],[-50.80978,-18.24973],[-50.80938,-18.24734],[-50.80937,-18.24562],[-50.80985,-18.24361],[-50.80982,-18.24224],[-50.79996,-18.24268],[-50.7998,-18.23871],[-50.80018,-18.23695],[-50.80112,-18.23438],[-50.80197,-18.23269],[-50.80579,-18.22669],[-50.806,-18.22498],[-50.80688,-18.22374],[-50.80872,-18.22202],[-50.81162,-18.22153],[-50.81461,-18.22031],[-50.81619,-18.21934],[-50.81712,-18.21908],[-50.81888,-18.21747],[-50.81943,-18.21639],[-50.8198,-18.2144],[-50.82104,-18.2133],[-50.82091,-18.21078],[-50.82204,-18.20796],[-50.82229,-18.20467],[-50.82304,-18.20044],[-50.82365,-18.19783],[-50.82407,-18.19682],[-50.82417,-18.19537],[-50.82365,-18.1937],[-50.82259,-18.19146],[-50.82242,-18.18839],[-50.8215,-18.18726],[-50.8212,-18.18637],[-50.82126,-18.18498],[-50.81944,-18.18112],[-50.81849,-18.17784],[-50.81766,-18.17644],[-50.81445,-18.17358],[-50.81333,-18.17324],[-50.81148,-18.1735],[-50.80996,-18.1718],[-50.81201,-18.16913],[-50.81858,-18.16205],[-50.82259,-18.15941],[-50.82384,-18.15721],[-50.82592,-18.15502],[-50.83063,-18.15168],[-50.83279,-18.15096],[-50.83625,-18.1483],[-50.83913,-18.14595],[-50.84253,-18.14359],[-50.84625,-18.14188],[-50.8518,-18.13683],[-50.85344,-18.13476],[-50.85434,-18.13251],[-50.8549,-18.13009],[-50.85453,-18.12724],[-50.85293,-18.12363],[-50.85222,-18.12023],[-50.85176,-18.11608],[-50.85093,-18.115],[-50.85005,-18.11282],[-50.84743,-18.1119],[-50.84014,-18.10685],[-50.83842,-18.1062],[-50.83752,-18.10538],[-50.83366,-18.10026],[-50.83286,-18.09936],[-50.83272,-18.09764],[-50.82893,-18.09924],[-50.82573,-18.09913],[-50.81952,-18.09823],[-50.81839,-18.09311],[-50.81878,-18.09037],[-50.821,-18.08609],[-50.82209,-18.08317],[-50.82236,-18.08101],[-50.82368,-18.07809],[-50.82348,-18.07601],[-50.82108,-18.07531],[-50.82023,-18.07602],[-50.81922,-18.07588],[-50.81884,-18.07465],[-50.8174,-18.07396],[-50.81692,-18.07466],[-50.81525,-18.07487],[-50.81396,-18.07672],[-50.81248,-18.07618],[-50.81238,-18.07503],[-50.81044,-18.07467],[-50.81014,-18.07374],[-50.80884,-18.07373],[-50.80824,-18.07316],[-50.80803,-18.07172],[-50.80835,-18.07063],[-50.80798,-18.0695],[-50.80715,-18.06976],[-50.80637,-18.06848],[-50.80563,-18.06633],[-50.80607,-18.06476],[-50.80741,-18.06395],[-50.80554,-18.06269],[-50.80491,-18.06078],[-50.804,-18.06007],[-50.80312,-18.05836],[-50.80043,-18.0573],[-50.79955,-18.05852],[-50.79819,-18.05892],[-50.7963,-18.06006],[-50.79545,-18.06123],[-50.79381,-18.06049],[-50.79228,-18.06051],[-50.79113,-18.05903],[-50.78937,-18.05961],[-50.78879,-18.05883],[-50.7872,-18.05851],[-50.7857,-18.0586],[-50.78459,-18.05907],[-50.78275,-18.06046],[-50.78013,-18.05882],[-50.77935,-18.05894],[-50.77798,-18.05837],[-50.7768,-18.05663],[-50.77712,-18.05588],[-50.77683,-18.0545],[-50.77575,-18.05486],[-50.77565,-18.0561],[-50.7745,-18.0566],[-50.77426,-18.05777],[-50.77583,-18.0592],[-50.776,-18.05983],[-50.77527,-18.06206],[-50.7753,-18.06296],[-50.77438,-18.06411],[-50.77261,-18.06341],[-50.77173,-18.06395],[-50.77165,-18.0651],[-50.77226,-18.06608],[-50.77188,-18.06703],[-50.77005,-18.06689],[-50.76921,-18.06518],[-50.76878,-18.06536],[-50.76857,-18.06767],[-50.767,-18.06873],[-50.76653,-18.07039],[-50.76513,-18.07099],[-50.76363,-18.07085],[-50.76306,-18.07221],[-50.76092,-18.07267],[-50.75961,-18.07226],[-50.75928,-18.06994],[-50.75799,-18.07066],[-50.75733,-18.06969],[-50.75657,-18.06947],[-50.75668,-18.06851],[-50.75594,-18.06806],[-50.75453,-18.06913],[-50.75445,-18.06996],[-50.75317,-18.07012],[-50.75338,-18.07161],[-50.75263,-18.07211],[-50.75245,-18.07303],[-50.75131,-18.0735],[-50.7496,-18.07237],[-50.74879,-18.07235],[-50.74701,-18.07357],[-50.74547,-18.07316],[-50.74416,-18.07377],[-50.74276,-18.07276],[-50.74118,-18.07088],[-50.73909,-18.07076],[-50.73732,-18.07197],[-50.73491,-18.07125],[-50.73288,-18.06246],[-50.73268,-18.06082],[-50.73422,-18.05859],[-50.73677,-18.05357],[-50.73844,-18.05311],[-50.73886,-18.05158],[-50.73989,-18.04982],[-50.74108,-18.04919],[-50.74243,-18.04787],[-50.74311,-18.04577],[-50.74879,-18.04227],[-50.74987,-18.04017],[-50.74991,-18.03926],[-50.74939,-18.03726],[-50.74835,-18.035],[-50.74741,-18.03407],[-50.74577,-18.02953],[-50.74462,-18.02787],[-50.744,-18.02636],[-50.74466,-18.02462],[-50.74336,-18.02092],[-50.74218,-18.02009],[-50.74223,-18.01932],[-50.74131,-18.0189],[-50.73999,-18.01972],[-50.73813,-18.02051],[-50.73724,-18.02004],[-50.73386,-18.01929],[-50.73119,-18.01812],[-50.73036,-18.01717],[-50.72915,-18.01706],[-50.7263,-18.01872],[-50.72499,-18.01886],[-50.72461,-18.0181],[-50.72361,-18.01752],[-50.72458,-18.01585],[-50.72578,-18.0133],[-50.72588,-18.01185],[-50.72551,-18.00979],[-50.72512,-18.00938],[-50.72681,-18.00755],[-50.72745,-18.00649],[-50.72718,-18.00574],[-50.7292,-18.00362],[-50.73048,-18.00119],[-50.73219,-17.99908],[-50.72754,-17.9799],[-50.72523,-17.97964],[-50.72086,-17.98171],[-50.72008,-17.9812],[-50.71728,-17.98162],[-50.71566,-17.98099],[-50.71455,-17.97986],[-50.71302,-17.97891],[-50.71138,-17.97855],[-50.71096,-17.97904],[-50.70925,-17.9796],[-50.7059,-17.97611],[-50.70378,-17.97431],[-50.70245,-17.97417],[-50.70184,-17.97306],[-50.701,-17.97249],[-50.69963,-17.97227],[-50.69922,-17.97156],[-50.70008,-17.97188],[-50.70209,-17.97099],[-50.70353,-17.96912],[-50.70558,-17.9681],[-50.70668,-17.96704],[-50.7076,-17.96557],[-50.70802,-17.96383],[-50.70927,-17.96326],[-50.71003,-17.9622],[-50.71243,-17.96064],[-50.71398,-17.95908],[-50.71563,-17.95845],[-50.71696,-17.95733],[-50.71764,-17.95635],[-50.71915,-17.95494],[-50.71996,-17.95324],[-50.72213,-17.95255],[-50.72285,-17.9518],[-50.68967,-17.91798],[-50.68924,-17.91663],[-50.68821,-17.91505],[-50.68733,-17.91318],[-50.68488,-17.91162],[-50.68335,-17.90956],[-50.68159,-17.90801],[-50.67926,-17.90553],[-50.67868,-17.90383],[-50.6777,-17.90228],[-50.67678,-17.90133],[-50.6754,-17.90066],[-50.67334,-17.90032],[-50.66885,-17.89908],[-50.66817,-17.89809],[-50.66648,-17.89713],[-50.66577,-17.89582],[-50.6646,-17.89487],[-50.66383,-17.89331],[-50.66255,-17.89151],[-50.65994,-17.88928],[-50.65483,-17.88675],[-50.65371,-17.88426],[-50.65151,-17.88193],[-50.64995,-17.88114],[-50.64905,-17.88033],[-50.64825,-17.87802],[-50.64877,-17.87542],[-50.64755,-17.87376],[-50.64765,-17.87307],[-50.64621,-17.87094],[-50.64535,-17.8702],[-50.64482,-17.86899],[-50.64263,-17.86655],[-50.64229,-17.8639],[-50.64276,-17.86293],[-50.64408,-17.86476],[-50.64704,-17.86567],[-50.64847,-17.86559],[-50.6503,-17.86766],[-50.6508,-17.87035],[-50.65147,-17.87091],[-50.65325,-17.87114],[-50.65525,-17.871],[-50.65601,-17.87036],[-50.65676,-17.86889],[-50.65688,-17.867],[-50.65785,-17.86582],[-50.65904,-17.86372],[-50.65989,-17.86297],[-50.66307,-17.8641],[-50.66623,-17.86483],[-50.66791,-17.86419],[-50.66808,-17.86142],[-50.66753,-17.85908],[-50.66789,-17.858],[-50.67011,-17.85584],[-50.67026,-17.85486],[-50.66943,-17.85409],[-50.6731,-17.85172],[-50.67342,-17.85025],[-50.67448,-17.84994],[-50.67422,-17.84798],[-50.67446,-17.84676],[-50.67516,-17.84642],[-50.67643,-17.84719],[-50.67798,-17.8474],[-50.67892,-17.84822],[-50.67982,-17.84805],[-50.68096,-17.84566],[-50.6828,-17.84677],[-50.68754,-17.84633],[-50.68873,-17.84504],[-50.68949,-17.84468],[-50.69015,-17.84513],[-50.6914,-17.84486],[-50.69287,-17.8437],[-50.69505,-17.84364],[-50.69444,-17.84503],[-50.69602,-17.84507],[-50.69764,-17.84476],[-50.69992,-17.84361],[-50.70206,-17.84155],[-50.70421,-17.84579],[-50.70523,-17.84585],[-50.70621,-17.84483],[-50.70718,-17.84432],[-50.70798,-17.84275],[-50.70955,-17.84216],[-50.71116,-17.8419],[-50.71224,-17.83943],[-50.71385,-17.83986],[-50.71416,-17.8408],[-50.71385,-17.8421],[-50.7144,-17.84236],[-50.71584,-17.84199],[-50.71693,-17.84205],[-50.71857,-17.84166],[-50.71977,-17.83972],[-50.7209,-17.84041],[-50.72241,-17.8395],[-50.72336,-17.8393],[-50.72487,-17.83818],[-50.72764,-17.8385],[-50.72938,-17.83756],[-50.73,-17.83631],[-50.73039,-17.83473],[-50.73096,-17.83418],[-50.73329,-17.83326],[-50.73432,-17.83216],[-50.73514,-17.83178],[-50.73688,-17.83214],[-50.73748,-17.83335],[-50.73833,-17.83423],[-50.73969,-17.83489],[-50.74108,-17.83448],[-50.74121,-17.83319],[-50.74427,-17.83154],[-50.74599,-17.83016],[-50.74655,-17.82869],[-50.74802,-17.82717],[-50.74928,-17.82628],[-50.74945,-17.82519],[-50.74885,-17.82403],[-50.74909,-17.82357],[-50.75088,-17.82303],[-50.75302,-17.81888],[-50.7532,-17.8166],[-50.75377,-17.8152],[-50.75381,-17.81396],[-50.75501,-17.81219],[-50.75521,-17.81137],[-50.75464,-17.81022],[-50.75488,-17.80952],[-50.75663,-17.8082],[-50.75756,-17.80781],[-50.75896,-17.8078],[-50.75961,-17.80628],[-50.76031,-17.80553],[-50.76259,-17.80483],[-50.76386,-17.80317],[-50.76455,-17.80268],[-50.76685,-17.80282],[-50.76813,-17.80208],[-50.76885,-17.80049],[-50.76897,-17.79933],[-50.76874,-17.79722],[-50.76911,-17.79659],[-50.77148,-17.79533],[-50.77194,-17.79445],[-50.77319,-17.79387],[-50.77359,-17.79298],[-50.77272,-17.79212],[-50.77302,-17.79097],[-50.77462,-17.78981],[-50.77462,-17.78887],[-50.7773,-17.78722],[-50.78011,-17.78664],[-50.78202,-17.7855],[-50.78269,-17.78355],[-50.78473,-17.78131],[-50.78522,-17.77928],[-50.78514,-17.77739],[-50.7842,-17.77584],[-50.78372,-17.77414],[-50.78257,-17.77256],[-50.78161,-17.76988],[-50.78068,-17.76797],[-50.77994,-17.76442],[-50.77995,-17.76314],[-50.78066,-17.76183],[-50.78086,-17.76073],[-50.78031,-17.75762],[-50.781,-17.75206],[-50.78307,-17.74692],[-50.7844,-17.74625],[-50.7815,-17.74509],[-50.77393,-17.73978],[-50.77413,-17.73691],[-50.77191,-17.7374],[-50.76991,-17.73117],[-50.76667,-17.73368],[-50.76509,-17.73246],[-50.76366,-17.73069],[-50.76049,-17.72725],[-50.7562,-17.72196],[-50.74596,-17.7143],[-50.74494,-17.71443],[-50.74191,-17.7137],[-50.7383,-17.71557],[-50.73588,-17.7129],[-50.73439,-17.71059],[-50.73201,-17.70736],[-50.73041,-17.70587],[-50.72811,-17.70204],[-50.72679,-17.70083],[-50.7251,-17.69995],[-50.72283,-17.70078],[-50.72183,-17.70032],[-50.72098,-17.69909],[-50.72047,-17.6962],[-50.72008,-17.69541],[-50.71841,-17.6944],[-50.71696,-17.69289],[-50.7163,-17.69166],[-50.71519,-17.6887],[-50.71436,-17.68481],[-50.71302,-17.68147],[-50.71352,-17.67811],[-50.71278,-17.67474],[-50.71065,-17.67218],[-50.70907,-17.67155],[-50.70606,-17.66922],[-50.70602,-17.66834],[-50.70672,-17.66728],[-50.70612,-17.66601],[-50.70475,-17.66523],[-50.70341,-17.6634],[-50.70161,-17.66326],[-50.70128,-17.66267],[-50.70138,-17.66052],[-50.70377,-17.66034],[-50.70488,-17.6588],[-50.70472,-17.65773],[-50.70597,-17.65574],[-50.70693,-17.65516],[-50.7083,-17.65215],[-50.70942,-17.65083],[-50.71001,-17.64945],[-50.70976,-17.6477],[-50.71008,-17.64406],[-50.70994,-17.64281],[-50.70946,-17.64242],[-50.70848,-17.64042],[-50.70812,-17.63867],[-50.70885,-17.63483],[-50.71054,-17.63258],[-50.7114,-17.63212],[-50.71272,-17.63033],[-50.71411,-17.62972],[-50.71493,-17.62883],[-50.71629,-17.62861],[-50.71749,-17.62762],[-50.71805,-17.62445],[-50.71796,-17.62317],[-50.73553,-17.59379],[-50.73691,-17.59227],[-50.73591,-17.59006],[-50.7364,-17.5887],[-50.73835,-17.58643],[-50.74009,-17.58506],[-50.74447,-17.58264],[-50.74703,-17.58182],[-50.75002,-17.58188],[-50.75345,-17.57904],[-50.75414,-17.57751],[-50.75513,-17.57652],[-50.75574,-17.57647],[-50.75604,-17.57455],[-50.75559,-17.5739],[-50.75348,-17.57413],[-50.752,-17.57373],[-50.75098,-17.5719],[-50.75193,-17.57109],[-50.75179,-17.57003],[-50.75262,-17.56949],[-50.75198,-17.56793],[-50.75198,-17.5662],[-50.75229,-17.56546],[-50.75193,-17.56427],[-50.75211,-17.56274],[-50.75301,-17.56158],[-50.7528,-17.56072],[-50.75413,-17.55822],[-50.75335,-17.5576],[-50.75197,-17.55806],[-50.7517,-17.55655],[-50.75202,-17.55439],[-50.75157,-17.55215],[-50.75326,-17.55279],[-50.75353,-17.55191],[-50.75511,-17.54968],[-50.75462,-17.54901],[-50.75432,-17.54673],[-50.75309,-17.54567],[-50.75317,-17.54417],[-50.75138,-17.5435],[-50.75084,-17.54211],[-50.75174,-17.54162],[-50.75182,-17.53993],[-50.75321,-17.53863],[-50.75172,-17.53656],[-50.75177,-17.53545],[-50.75013,-17.53493],[-50.74993,-17.53423],[-50.75178,-17.53292],[-50.75187,-17.53208],[-50.75065,-17.53199],[-50.75011,-17.5285],[-50.7485,-17.52749],[-50.74829,-17.52615],[-50.74727,-17.52542],[-50.74559,-17.52612],[-50.74292,-17.52361],[-50.74415,-17.52218],[-50.7437,-17.52077],[-50.74225,-17.51988],[-50.7418,-17.51908],[-50.74223,-17.51763],[-50.74218,-17.51646],[-50.74054,-17.51612],[-50.73879,-17.51692],[-50.7375,-17.51654],[-50.73835,-17.51575],[-50.73841,-17.51507],[-50.73618,-17.51373],[-50.73467,-17.51187],[-50.73393,-17.51186],[-50.73341,-17.51072],[-50.73193,-17.5101],[-50.73165,-17.50947],[-50.72955,-17.50864],[-50.7278,-17.5085],[-50.72539,-17.50864],[-50.72284,-17.50746],[-50.72108,-17.50711],[-50.72045,-17.50735],[-50.71913,-17.5062],[-50.71847,-17.50613],[-50.71712,-17.50497],[-50.71689,-17.50416],[-50.71423,-17.5047],[-50.71318,-17.50423],[-50.71403,-17.50287],[-50.71386,-17.50181],[-50.71179,-17.50127],[-50.71048,-17.50059],[-50.7096,-17.50105],[-50.70866,-17.50066],[-50.70829,-17.49964],[-50.70485,-17.49889],[-50.70249,-17.4995],[-50.70149,-17.49868],[-50.70172,-17.49713],[-50.70152,-17.4947],[-50.70038,-17.495],[-50.6991,-17.49471],[-50.69958,-17.49262],[-50.70057,-17.49184],[-50.70088,-17.49099],[-50.69988,-17.4904],[-50.6988,-17.48874],[-50.69767,-17.48812],[-50.6967,-17.4867],[-50.6979,-17.48633],[-50.69695,-17.48541],[-50.69482,-17.48586],[-50.69405,-17.4854],[-50.69402,-17.48414],[-50.69362,-17.48309],[-50.69146,-17.48224],[-50.69245,-17.48146],[-50.69206,-17.48018],[-50.69018,-17.47932],[-50.68962,-17.47831],[-50.68886,-17.47795],[-50.68812,-17.47979],[-50.68704,-17.48041],[-50.68641,-17.479],[-50.68473,-17.47947],[-50.68422,-17.4793],[-50.68375,-17.47774],[-50.68303,-17.47742],[-50.68199,-17.4781],[-50.6797,-17.47855],[-50.67755,-17.47857],[-50.67746,-17.47979],[-50.67613,-17.48086],[-50.67551,-17.48193],[-50.67378,-17.4806],[-50.67283,-17.48123],[-50.6728,-17.48279],[-50.67126,-17.48284],[-50.67101,-17.48163],[-50.66997,-17.48113],[-50.66885,-17.47987],[-50.66895,-17.47822],[-50.66838,-17.4774],[-50.66746,-17.47808],[-50.66588,-17.47757],[-50.66485,-17.47756],[-50.66321,-17.47696],[-50.66173,-17.47566],[-50.66135,-17.47473],[-50.66029,-17.47449],[-50.65997,-17.47382],[-50.66151,-17.47353],[-50.66241,-17.473],[-50.66238,-17.47215],[-50.66029,-17.46973],[-50.66038,-17.46801],[-50.65946,-17.46676],[-50.65811,-17.46606],[-50.65765,-17.46506],[-50.65771,-17.46323],[-50.65697,-17.46238],[-50.65509,-17.46158],[-50.65252,-17.46093],[-50.65144,-17.46034],[-50.64955,-17.4588],[-50.64888,-17.45898],[-50.64721,-17.45794],[-50.64628,-17.457],[-50.64616,-17.45461],[-50.64666,-17.45436],[-50.64706,-17.45246],[-50.64718,-17.4505],[-50.64689,-17.44988],[-50.64694,-17.44775],[-50.64746,-17.4454],[-50.64809,-17.44458],[-50.64878,-17.4429],[-50.65464,-17.40947],[-50.65192,-17.41044],[-50.65029,-17.4107],[-50.64838,-17.41222],[-50.64757,-17.41337],[-50.64611,-17.41393],[-50.6446,-17.41365],[-50.64384,-17.41248],[-50.6423,-17.41071],[-50.64102,-17.41003],[-50.6395,-17.40966],[-50.63629,-17.40763],[-50.63554,-17.40667],[-50.63472,-17.40443],[-50.63369,-17.40359],[-50.63339,-17.40209],[-50.63254,-17.40015],[-50.63127,-17.39901],[-50.63078,-17.39789],[-50.63122,-17.39627],[-50.63084,-17.39336],[-50.63012,-17.39244],[-50.63027,-17.39027],[-50.63141,-17.38849],[-50.63125,-17.38589],[-50.63026,-17.38475],[-50.63029,-17.38378],[-50.62904,-17.38249],[-50.62819,-17.38111],[-50.62727,-17.38065],[-50.62477,-17.38001],[-50.623,-17.37851],[-50.62112,-17.37759],[-50.61781,-17.37662],[-50.61951,-17.37547],[-50.62177,-17.37425],[-50.6243,-17.37214],[-50.62653,-17.37114],[-50.62909,-17.36902],[-50.62979,-17.36763],[-50.63127,-17.36721],[-50.63233,-17.36769],[-50.63369,-17.37006],[-50.63467,-17.3711],[-50.63591,-17.37189],[-50.63667,-17.37292],[-50.63667,-17.37415],[-50.63611,-17.37677],[-50.63423,-17.38008],[-50.63338,-17.38105],[-50.63316,-17.38217],[-50.63468,-17.38637],[-50.63516,-17.38694],[-50.6364,-17.38667],[-50.63862,-17.38144],[-50.63993,-17.37926],[-50.64104,-17.37874],[-50.64377,-17.37934],[-50.64609,-17.37898],[-50.64779,-17.37765],[-50.64857,-17.37628],[-50.6485,-17.37547],[-50.64712,-17.37372],[-50.64608,-17.37295],[-50.64312,-17.37257],[-50.64138,-17.37177],[-50.64048,-17.37041],[-50.64054,-17.36882],[-50.6426,-17.36577],[-50.64479,-17.36486],[-50.6481,-17.36438],[-50.65068,-17.36344],[-50.65266,-17.36297],[-50.65416,-17.36296],[-50.65471,-17.36255],[-50.65522,-17.3608],[-50.65474,-17.35819],[-50.65512,-17.35564],[-50.65458,-17.35292],[-50.65508,-17.34997],[-50.65573,-17.34861],[-50.65683,-17.34848],[-50.66062,-17.34971],[-50.66126,-17.35066],[-50.66045,-17.35324],[-50.66048,-17.35469],[-50.66124,-17.35571],[-50.66309,-17.35701],[-50.6634,-17.35822],[-50.66257,-17.35986],[-50.66348,-17.36045],[-50.66458,-17.36038],[-50.66624,-17.3598],[-50.66755,-17.35964],[-50.67074,-17.35876],[-50.67215,-17.35744],[-50.67207,-17.35587],[-50.66982,-17.35318],[-50.66933,-17.35237],[-50.66974,-17.35074],[-50.67141,-17.3495],[-50.67424,-17.34793],[-50.67515,-17.3476],[-50.67634,-17.34626],[-50.67714,-17.34322],[-50.67831,-17.34011],[-50.6788,-17.33951],[-50.68053,-17.33858],[-50.68188,-17.33688],[-50.68189,-17.33457],[-50.67976,-17.33304],[-50.6774,-17.33214],[-50.67676,-17.33162],[-50.6767,-17.33071],[-50.67726,-17.33],[-50.68019,-17.32847],[-50.68115,-17.32639],[-50.68259,-17.32535],[-50.68606,-17.32503],[-50.68932,-17.32413],[-50.69054,-17.32358],[-50.69266,-17.32356],[-50.6949,-17.32298],[-50.69729,-17.3214],[-50.69818,-17.31966],[-50.69802,-17.31823],[-50.69743,-17.31749],[-50.69499,-17.31591],[-50.69416,-17.31576],[-50.69378,-17.31504],[-50.69453,-17.3142],[-50.69706,-17.31394],[-50.69886,-17.31277],[-50.69991,-17.31177],[-50.69934,-17.31028],[-50.69722,-17.30902],[-50.6955,-17.30766],[-50.69399,-17.30689],[-50.69096,-17.30459],[-50.69034,-17.30387],[-50.68995,-17.30124],[-50.6901,-17.29998],[-50.69125,-17.29785],[-50.69333,-17.29726],[-50.69665,-17.29727],[-50.69829,-17.29751],[-50.70072,-17.29882],[-50.70151,-17.30046],[-50.70144,-17.30375],[-50.70111,-17.30556],[-50.70123,-17.3065],[-50.70197,-17.30703],[-50.70399,-17.30745],[-50.70513,-17.30744],[-50.70585,-17.30699],[-50.70639,-17.30343],[-50.706,-17.30195],[-50.70491,-17.3014],[-50.70496,-17.30046],[-50.70621,-17.30009],[-50.7083,-17.29987],[-50.71483,-17.30016],[-50.71593,-17.29917],[-50.71856,-17.29723],[-50.71958,-17.2947],[-50.71953,-17.29308],[-50.7182,-17.29164],[-50.71655,-17.2911],[-50.71633,-17.28964],[-50.71689,-17.2872],[-50.71847,-17.28564],[-50.7181,-17.28425],[-50.71822,-17.28334],[-50.71974,-17.28342],[-50.7212,-17.2862],[-50.72152,-17.2878],[-50.72337,-17.28842],[-50.72579,-17.2876],[-50.72621,-17.28639],[-50.72571,-17.28279],[-50.72507,-17.28036],[-50.72547,-17.27878],[-50.7275,-17.27674],[-50.72869,-17.27417],[-50.73154,-17.2711],[-50.73481,-17.26997],[-50.73763,-17.26817],[-50.73802,-17.26643],[-50.7373,-17.26523],[-50.73534,-17.26386],[-50.72861,-17.26162],[-50.72649,-17.26069],[-50.72374,-17.25786],[-50.72369,-17.25655],[-50.72713,-17.25547],[-50.72818,-17.25568],[-50.72952,-17.25491],[-50.72963,-17.25418],[-50.72771,-17.25435],[-50.72657,-17.25326],[-50.72685,-17.25189],[-50.72545,-17.25233],[-50.72495,-17.25158],[-50.72309,-17.25108],[-50.72058,-17.25082],[-50.72001,-17.25157],[-50.72021,-17.25266],[-50.71874,-17.25362],[-50.71805,-17.2534],[-50.71799,-17.25166],[-50.71954,-17.24938],[-50.72156,-17.24871],[-50.72367,-17.24726],[-50.72487,-17.24532],[-50.72544,-17.24369],[-50.72652,-17.24223],[-50.72945,-17.24132],[-50.73081,-17.24033],[-50.73095,-17.23943],[-50.72979,-17.23874],[-50.7288,-17.23864],[-50.72906,-17.23745],[-50.73106,-17.23703],[-50.73408,-17.23694],[-50.7356,-17.23728],[-50.73672,-17.236],[-50.73695,-17.23487],[-50.73783,-17.23332],[-50.74006,-17.23301],[-50.74088,-17.23399],[-50.74062,-17.23497],[-50.74099,-17.23565],[-50.74264,-17.23621],[-50.74375,-17.23694],[-50.74436,-17.23605],[-50.74464,-17.23408],[-50.74385,-17.23253],[-50.7458,-17.23115],[-50.74844,-17.23157],[-50.74925,-17.23251],[-50.75121,-17.23285],[-50.75212,-17.23277],[-50.75304,-17.23148],[-50.75306,-17.22936],[-50.75188,-17.22854],[-50.75113,-17.22682],[-50.75123,-17.22611],[-50.75222,-17.22525],[-50.75324,-17.22501],[-50.75636,-17.2233],[-50.75737,-17.22236],[-50.75967,-17.22197],[-50.76022,-17.2215],[-50.76024,-17.21979],[-50.75931,-17.21835],[-50.75965,-17.21734],[-50.76239,-17.21639],[-50.76317,-17.21525],[-50.76488,-17.2137],[-50.76562,-17.21227],[-50.76772,-17.21092],[-50.76722,-17.20873],[-50.76626,-17.20772],[-50.76567,-17.20544],[-50.76595,-17.20415],[-50.76824,-17.20378],[-50.76895,-17.20306],[-50.76995,-17.20117],[-50.76861,-17.20024],[-50.76716,-17.20108],[-50.76544,-17.20009],[-50.76528,-17.19828],[-50.76611,-17.19698],[-50.76791,-17.19768],[-50.76979,-17.19782],[-50.77238,-17.19555],[-50.77427,-17.19433],[-50.77564,-17.19002],[-50.77557,-17.18912],[-50.77678,-17.18822],[-50.77811,-17.19016],[-50.77886,-17.19086],[-50.77997,-17.19112],[-50.7834,-17.19051],[-50.78398,-17.19022],[-50.78493,-17.18865],[-50.78737,-17.18637],[-50.7878,-17.18539],[-50.78945,-17.18475],[-50.79103,-17.18576],[-50.79337,-17.18588],[-50.79411,-17.18569],[-50.79515,-17.18469],[-50.79625,-17.18234],[-50.79664,-17.18082],[-50.79757,-17.18072],[-50.79848,-17.18119],[-50.79868,-17.18243],[-50.79829,-17.18355],[-50.80132,-17.18623],[-50.80213,-17.1879],[-50.80466,-17.1893],[-50.80553,-17.18895],[-50.80604,-17.18783],[-50.80763,-17.18697],[-50.80863,-17.18717],[-50.80926,-17.18872],[-50.81047,-17.18925],[-50.81181,-17.18927],[-50.81289,-17.1888],[-50.81378,-17.18715],[-50.81516,-17.18694],[-50.81642,-17.18803],[-50.81845,-17.18839],[-50.81981,-17.18973],[-50.81943,-17.19123],[-50.81971,-17.19206],[-50.82073,-17.19243],[-50.8221,-17.19202],[-50.82273,-17.19142],[-50.82279,-17.18938],[-50.82368,-17.18689],[-50.82499,-17.18551],[-50.82605,-17.18554],[-50.82691,-17.18704],[-50.82922,-17.1882],[-50.83095,-17.18823],[-50.83158,-17.18774],[-50.83219,-17.18584],[-50.83462,-17.18479],[-50.83624,-17.18468],[-50.83656,-17.18266],[-50.83733,-17.18063],[-50.83731,-17.17961],[-50.83573,-17.17736],[-50.83645,-17.17672],[-50.83691,-17.17559],[-50.83636,-17.17352],[-50.83674,-17.17242],[-50.83887,-17.17209],[-50.84134,-17.17323],[-50.8443,-17.1739],[-50.8458,-17.17398],[-50.8471,-17.17353],[-50.84859,-17.17191],[-50.84915,-17.17025],[-50.851,-17.1702],[-50.85472,-17.17176],[-50.85515,-17.17254],[-50.85487,-17.17344],[-50.85573,-17.1742],[-50.85755,-17.174],[-50.85951,-17.17404],[-50.86116,-17.17307],[-50.86223,-17.17332],[-50.86334,-17.17408],[-50.86384,-17.17295],[-50.86325,-17.17193],[-50.86533,-17.17175],[-50.86866,-17.17291],[-50.87001,-17.1725],[-50.87119,-17.1701],[-50.87148,-17.16874],[-50.87027,-17.16809],[-50.87027,-17.16724],[-50.8722,-17.1665],[-50.87257,-17.16543],[-50.87402,-17.16568],[-50.87491,-17.16673],[-50.87593,-17.16711],[-50.87629,-17.16633],[-50.87833,-17.16533],[-50.87913,-17.16548],[-50.87897,-17.16402],[-50.87954,-17.16292],[-50.88161,-17.16144],[-50.88285,-17.1618],[-50.88481,-17.16],[-50.88485,-17.15936],[-50.88343,-17.15823],[-50.88387,-17.1575],[-50.88484,-17.15702],[-50.88674,-17.15658],[-50.88756,-17.1553],[-50.88888,-17.15598],[-50.89129,-17.15539],[-50.89351,-17.15654],[-50.89361,-17.15775],[-50.89441,-17.15813],[-50.89596,-17.158],[-50.8963,-17.15756],[-50.89682,-17.15501],[-50.89624,-17.15364],[-50.89677,-17.15249],[-50.89904,-17.15286],[-50.90006,-17.15405],[-50.90048,-17.15524],[-50.90232,-17.15516],[-50.90413,-17.15437],[-50.90653,-17.15397],[-50.90526,-17.15205],[-50.90592,-17.15091],[-50.90488,-17.14955],[-50.9039,-17.14887],[-50.90432,-17.14746],[-50.90542,-17.1477],[-50.90634,-17.14875],[-50.90767,-17.14821],[-50.90647,-17.14568],[-50.90588,-17.14521],[-50.90377,-17.14517],[-50.90266,-17.14438],[-50.90224,-17.14337],[-50.9028,-17.14258],[-50.90419,-17.14304],[-50.90447,-17.14246],[-50.90394,-17.14104],[-50.90388,-17.13911],[-50.90318,-17.1376],[-50.9023,-17.13689],[-50.90277,-17.13624],[-50.90464,-17.13591],[-50.90565,-17.13493],[-50.90697,-17.13479],[-50.90903,-17.13586],[-50.91036,-17.13592],[-50.91104,-17.13488],[-50.91026,-17.13432],[-50.91001,-17.13344],[-50.9075,-17.13424],[-50.90673,-17.13402],[-50.9066,-17.13319],[-50.90758,-17.13218],[-50.90812,-17.13064],[-50.90897,-17.12915],[-50.90909,-17.12822],[-50.90987,-17.12592],[-50.90996,-17.12492],[-50.90923,-17.12418],[-50.90788,-17.12409],[-50.90706,-17.12314],[-50.90787,-17.12037],[-50.90926,-17.11982],[-50.91044,-17.11799],[-50.91135,-17.11795],[-50.91191,-17.12041],[-50.91299,-17.12101],[-50.91367,-17.11953],[-50.91586,-17.11909],[-50.91733,-17.11726],[-50.91842,-17.11622],[-50.91991,-17.11534],[-50.91981,-17.11402],[-50.91868,-17.1138],[-50.91787,-17.11558],[-50.91652,-17.11439],[-50.91648,-17.11379],[-50.91797,-17.11224],[-50.92013,-17.11188],[-50.92028,-17.11126],[-50.91925,-17.10972],[-50.91937,-17.10889],[-50.92074,-17.10806],[-50.92352,-17.10816],[-50.92548,-17.10714],[-50.92792,-17.10671],[-50.92885,-17.10571],[-50.92889,-17.10485],[-50.92778,-17.10257],[-50.92576,-17.10148],[-50.92519,-17.1005],[-50.92596,-17.09995],[-50.92729,-17.10009],[-50.92973,-17.09974],[-50.93036,-17.09896],[-50.92949,-17.09854],[-50.92918,-17.09627],[-50.93143,-17.09397],[-50.93274,-17.09377],[-50.93388,-17.0945],[-50.93465,-17.09446],[-50.93602,-17.09237],[-50.93704,-17.09198],[-50.93768,-17.09243],[-50.939,-17.09435],[-50.94011,-17.09539],[-50.94182,-17.0951],[-50.94261,-17.09199],[-50.94418,-17.09229],[-50.94543,-17.09016],[-50.94691,-17.09013],[-50.9466,-17.09125],[-50.94894,-17.09203],[-50.94937,-17.09312],[-50.94859,-17.09377],[-50.94901,-17.09435],[-50.94857,-17.09562],[-50.94981,-17.09558],[-50.95076,-17.09515],[-50.9516,-17.09391],[-50.95292,-17.09376],[-50.95327,-17.09467],[-50.95531,-17.0949],[-50.95716,-17.09575],[-50.95789,-17.09689],[-50.95954,-17.09783],[-50.96104,-17.09944],[-50.96336,-17.10002],[-50.96499,-17.10071],[-50.96681,-17.10068],[-50.96945,-17.10093],[-50.97128,-17.09996],[-50.97131,-17.10136],[-50.97196,-17.10212],[-50.97297,-17.10173],[-50.97381,-17.10347],[-50.97598,-17.1037],[-50.9804,-17.10094],[-50.98334,-17.10106],[-50.98477,-17.10064],[-50.98755,-17.10113],[-50.98826,-17.10274],[-50.9888,-17.10322],[-50.98878,-17.10511],[-50.98961,-17.10595],[-50.99126,-17.10631],[-50.99234,-17.10684],[-50.99387,-17.10934],[-50.99507,-17.11077],[-50.99643,-17.1112],[-50.99743,-17.11225],[-50.99823,-17.11451],[-50.99934,-17.11692],[-51.00052,-17.11847],[-51.00108,-17.11995],[-51.00237,-17.12165],[-51.00406,-17.12176],[-51.00517,-17.12086],[-51.00571,-17.12239],[-51.00681,-17.12286],[-51.00769,-17.12372],[-51.00925,-17.12383],[-51.00929,-17.1249],[-51.01091,-17.12574],[-51.01179,-17.12723],[-51.01233,-17.12759],[-51.01235,-17.12874],[-51.0119,-17.13035],[-51.01255,-17.13226],[-51.01258,-17.13391],[-51.01386,-17.13524],[-51.01401,-17.13617],[-51.01353,-17.13732],[-51.01473,-17.13947],[-51.01439,-17.14228],[-51.01527,-17.14263],[-51.01562,-17.14399],[-51.01425,-17.14644],[-51.01461,-17.14893],[-51.0162,-17.15163],[-51.01604,-17.15285],[-51.01533,-17.1551],[-51.01471,-17.15644],[-51.01424,-17.16008],[-51.01369,-17.16145],[-51.01351,-17.16288],[-51.01394,-17.16421],[-51.01551,-17.16575],[-51.01616,-17.16684],[-51.01763,-17.16847],[-51.01801,-17.16961],[-51.01922,-17.17125],[-51.02271,-17.17441],[-51.02508,-17.17586],[-51.02612,-17.17614],[-51.02836,-17.17606],[-51.0295,-17.17635],[-51.03134,-17.17746],[-51.03278,-17.17755],[-51.03381,-17.17711],[-51.03454,-17.17731],[-51.03553,-17.17846],[-51.03754,-17.17894],[-51.03849,-17.17857],[-51.04017,-17.17726],[-51.04111,-17.17703],[-51.04238,-17.17736],[-51.04499,-17.17679],[-51.0459,-17.17682],[-51.0473,-17.17779],[-51.04879,-17.17804],[-51.05053,-17.17902],[-51.05228,-17.17923],[-51.05364,-17.17898],[-51.05526,-17.17925],[-51.05725,-17.17915],[-51.06089,-17.18009],[-51.06169,-17.1818],[-51.06246,-17.18235],[-51.06523,-17.18237],[-51.0665,-17.18292],[-51.06838,-17.18235],[-51.06967,-17.184],[-51.07072,-17.18439],[-51.07174,-17.18593],[-51.075,-17.18706],[-51.07674,-17.18652],[-51.07814,-17.18672],[-51.07978,-17.18767],[-51.08139,-17.18769],[-51.08339,-17.18918],[-51.08468,-17.18968],[-51.08672,-17.18993],[-51.0898,-17.18973],[-51.09174,-17.19036],[-51.09386,-17.19192],[-51.09518,-17.19324],[-51.09638,-17.19524],[-51.0972,-17.19595],[-51.10093,-17.19723],[-51.10211,-17.19985],[-51.10324,-17.2008],[-51.10479,-17.20152],[-51.10603,-17.20278],[-51.10606,-17.20495],[-51.10675,-17.20639],[-51.10901,-17.20791],[-51.11048,-17.20838],[-51.11375,-17.20905],[-51.11499,-17.21051],[-51.11792,-17.21193],[-51.11809,-17.21255],[-51.12051,-17.21389],[-51.12199,-17.21545],[-51.124,-17.21639],[-51.12596,-17.2178],[-51.12709,-17.21824],[-51.12765,-17.21911],[-51.12739,-17.21999],[-51.12533,-17.22237],[-51.12453,-17.22456],[-51.12229,-17.22749],[-51.12165,-17.22889],[-51.11841,-17.23272],[-51.11716,-17.23485],[-51.11681,-17.23779],[-51.12407,-17.27154],[-51.12339,-17.27264],[-51.12251,-17.275],[-51.12128,-17.2771],[-51.12026,-17.2801],[-51.11947,-17.28153],[-51.11907,-17.28322],[-51.11786,-17.28585],[-51.116,-17.28796],[-51.11434,-17.28867],[-51.11278,-17.28851],[-51.11136,-17.28733],[-51.11007,-17.28708],[-51.10862,-17.28722],[-51.10756,-17.28689],[-51.10557,-17.28717],[-51.10251,-17.28697],[-51.10112,-17.28573],[-51.10017,-17.28551],[-51.09811,-17.28613],[-51.09658,-17.28571],[-51.09515,-17.28381],[-51.09425,-17.28353],[-51.09313,-17.28383],[-51.09209,-17.28556],[-51.09136,-17.28631],[-51.09025,-17.2866],[-51.0884,-17.28643],[-51.08689,-17.28687],[-51.08672,-17.28761],[-51.08723,-17.28847],[-51.08634,-17.29106],[-51.08547,-17.29029],[-51.08385,-17.29145],[-51.0828,-17.2913],[-51.08227,-17.29071],[-51.08129,-17.29079],[-51.08064,-17.28981],[-51.07953,-17.2905],[-51.07847,-17.29063],[-51.07564,-17.28953],[-51.07511,-17.29143],[-51.07592,-17.29268],[-51.07573,-17.29335],[-51.07423,-17.29377],[-51.07298,-17.2935],[-51.07096,-17.29422],[-51.07026,-17.29358],[-51.06866,-17.29358],[-51.06763,-17.29292],[-51.06674,-17.29087],[-51.06609,-17.29047],[-51.06488,-17.2906],[-51.06388,-17.28962],[-51.06165,-17.28929],[-51.06096,-17.28878],[-51.05984,-17.28869],[-51.05851,-17.28796],[-51.05778,-17.28694],[-51.05688,-17.28644],[-51.0557,-17.28635],[-51.05413,-17.28665],[-51.05295,-17.28793],[-51.05043,-17.28938],[-51.0485,-17.2893],[-51.04645,-17.28882],[-51.04565,-17.2879],[-51.04399,-17.29005],[-51.04279,-17.29078],[-51.04253,-17.29303],[-51.04169,-17.29328],[-51.03943,-17.29324],[-51.03862,-17.29444],[-51.03864,-17.29677],[-51.03701,-17.29721],[-51.03634,-17.29796],[-51.03572,-17.29951],[-51.03319,-17.3003],[-51.03225,-17.29979],[-51.03166,-17.29815],[-51.03043,-17.29808],[-51.02963,-17.29961],[-51.02952,-17.30098],[-51.03042,-17.30282],[-51.02991,-17.30454],[-51.02765,-17.30455],[-51.02633,-17.30564],[-51.02579,-17.30671],[-51.0256,-17.30812],[-51.02611,-17.31051],[-51.0256,-17.31192],[-51.02208,-17.31326],[-51.01951,-17.31334],[-51.01963,-17.31398],[-51.01812,-17.31581],[-51.01824,-17.3168],[-51.0198,-17.3171],[-51.02087,-17.31866],[-51.02064,-17.31965],[-51.01965,-17.32069],[-51.01759,-17.3214],[-51.01712,-17.32212],[-51.01755,-17.32303],[-51.01891,-17.32341],[-51.01954,-17.32411],[-51.01909,-17.32479],[-51.01695,-17.32473],[-51.01612,-17.32513],[-51.01369,-17.32771],[-51.01265,-17.32815],[-51.01167,-17.32778],[-51.01164,-17.32595],[-51.00948,-17.32497],[-51.00878,-17.32398],[-51.00933,-17.32304],[-51.00856,-17.32224],[-51.00648,-17.3228],[-51.00514,-17.32443],[-51.00436,-17.3246],[-51.00341,-17.32313],[-51.00315,-17.3221],[-51.00417,-17.32092],[-51.00541,-17.32129],[-51.00726,-17.32016],[-51.0061,-17.31853],[-51.00585,-17.3168],[-51.00538,-17.31649],[-51.00331,-17.31721],[-51.00099,-17.31703],[-51.00121,-17.31885],[-51.00096,-17.31982],[-51.00009,-17.32081],[-50.99928,-17.32071],[-50.99824,-17.32171],[-50.99682,-17.3213],[-50.99621,-17.32215],[-50.99707,-17.3228],[-50.99602,-17.32371],[-50.99405,-17.32344],[-50.99367,-17.32265],[-50.99103,-17.32357],[-50.99002,-17.32272],[-50.98892,-17.32022],[-50.98905,-17.31934],[-50.99062,-17.3173],[-50.98821,-17.31565],[-50.98636,-17.31747],[-50.9839,-17.31781],[-50.98222,-17.31929],[-50.98089,-17.31862],[-50.97771,-17.31977],[-50.97648,-17.31913],[-50.97568,-17.31814],[-50.9745,-17.31811],[-50.97402,-17.31896],[-50.97229,-17.31915],[-50.97187,-17.32063],[-50.97199,-17.32147],[-50.9736,-17.32201],[-50.97369,-17.32431],[-50.97311,-17.32556],[-50.97219,-17.32562],[-50.97176,-17.32443],[-50.97017,-17.32478],[-50.96916,-17.3273],[-50.9687,-17.32769],[-50.96918,-17.32886],[-50.96946,-17.33069],[-50.97015,-17.33138],[-50.973,-17.33336],[-50.97278,-17.33566],[-50.97199,-17.33609],[-50.97295,-17.33963],[-50.97356,-17.34],[-50.97502,-17.33992],[-50.97596,-17.34045],[-50.97645,-17.34129],[-50.97815,-17.34079],[-50.97929,-17.34235],[-50.98037,-17.34287],[-50.98037,-17.34445],[-50.98183,-17.34599],[-50.98174,-17.34748],[-50.98226,-17.34862],[-50.98408,-17.35127],[-50.98496,-17.35216],[-50.98322,-17.35285],[-50.98296,-17.35378],[-50.98396,-17.35465],[-50.98418,-17.35641],[-50.984,-17.35767],[-50.98527,-17.35895],[-50.98557,-17.36196],[-50.98544,-17.36373],[-50.98581,-17.36799],[-50.98713,-17.36968],[-50.98747,-17.3708],[-50.98722,-17.37231],[-50.98786,-17.37336],[-50.98728,-17.3756],[-50.98596,-17.37689],[-50.98418,-17.3807],[-50.98307,-17.38198],[-50.97974,-17.38644],[-50.97868,-17.38761],[-50.97752,-17.38998],[-50.97743,-17.39319],[-50.97807,-17.39661],[-50.97786,-17.3977],[-50.96048,-17.3893],[-50.95997,-17.39046],[-50.95896,-17.39386],[-50.95884,-17.39519],[-50.9578,-17.39677],[-50.95647,-17.39801],[-50.95436,-17.39965],[-50.95321,-17.40031],[-50.9509,-17.40301],[-50.95045,-17.40383],[-50.95037,-17.40504],[-50.94969,-17.4062],[-50.94715,-17.40834],[-50.94276,-17.41017],[-50.94099,-17.41139],[-50.94052,-17.41203],[-50.93838,-17.41291],[-50.93768,-17.41394],[-50.93917,-17.41481],[-50.94059,-17.41604],[-50.94166,-17.4179],[-50.94298,-17.41905],[-50.9435,-17.42101],[-50.94412,-17.42239],[-50.94629,-17.4241],[-50.94748,-17.42526],[-50.94832,-17.42724],[-50.94934,-17.42862],[-50.95105,-17.43027],[-50.95417,-17.43188],[-50.9554,-17.43316],[-50.95648,-17.43364],[-50.95839,-17.43548],[-50.96243,-17.43854],[-50.96768,-17.44189],[-50.96879,-17.44329],[-50.9701,-17.44556],[-50.97171,-17.44731],[-50.97276,-17.44949],[-50.97528,-17.45171],[-50.97621,-17.45378],[-50.97808,-17.4554],[-50.97908,-17.45677],[-50.98072,-17.45789],[-50.98156,-17.45951],[-50.98289,-17.46024],[-50.98508,-17.46241],[-50.98663,-17.4634],[-50.98742,-17.46477],[-50.98821,-17.46552],[-50.99055,-17.46634],[-50.99302,-17.46758],[-50.99389,-17.46874],[-50.99647,-17.4708],[-50.99722,-17.47182],[-50.99837,-17.4724],[-50.99875,-17.47357],[-51.00053,-17.476],[-51.00245,-17.47743],[-51.00643,-17.47944],[-51.00841,-17.48094],[-51.00902,-17.48243],[-51.01001,-17.4835],[-51.01089,-17.4864],[-51.01181,-17.48839],[-51.01297,-17.48947],[-51.01475,-17.49052],[-51.01823,-17.49336],[-51.02049,-17.49682],[-51.02225,-17.49806],[-51.02586,-17.499],[-51.02609,-17.49979],[-51.02753,-17.5003],[-51.02832,-17.50102],[-51.03068,-17.50133],[-51.03273,-17.50296],[-51.03466,-17.50411],[-51.03819,-17.50707],[-51.03942,-17.50911],[-51.03981,-17.5103],[-51.04101,-17.51076],[-51.04273,-17.51059],[-51.04434,-17.51179],[-51.04503,-17.51267],[-51.04675,-17.51308],[-51.0479,-17.51505],[-51.04919,-17.51541],[-51.05002,-17.5165],[-51.05189,-17.51771],[-51.05191,-17.51861],[-51.0532,-17.51991],[-51.05417,-17.52028],[-51.05611,-17.52039],[-51.05734,-17.52191],[-51.0586,-17.52226],[-51.05921,-17.52374],[-51.06223,-17.52251],[-51.06342,-17.52183],[-51.06508,-17.5225],[-51.06604,-17.52215],[-51.06628,-17.52304],[-51.06744,-17.52369],[-51.06931,-17.52366],[-51.07128,-17.52488],[-51.07396,-17.52575],[-51.07489,-17.52645],[-51.0749,-17.52751],[-51.07547,-17.52806],[-51.07741,-17.52803],[-51.07861,-17.52866],[-51.0811,-17.52936],[-51.08331,-17.52827],[-51.08467,-17.52855],[-51.08662,-17.52769],[-51.08783,-17.52761],[-51.08892,-17.528],[-51.08969,-17.5278],[-51.09059,-17.52631],[-51.09269,-17.52633],[-51.09339,-17.52574],[-51.0952,-17.52559],[-51.09759,-17.5247],[-51.09927,-17.52512],[-51.09924,-17.52384],[-51.09964,-17.52272],[-51.10147,-17.52257],[-51.1041,-17.52152],[-51.10496,-17.52138],[-51.10843,-17.52232],[-51.10948,-17.52339],[-51.11063,-17.52381],[-51.11241,-17.52376],[-51.11333,-17.52403],[-51.11363,-17.52486],[-51.11538,-17.52618],[-51.11614,-17.52605],[-51.11821,-17.52667],[-51.11992,-17.52578],[-51.1218,-17.52655],[-51.12408,-17.52703],[-51.12405,-17.52542],[-51.1244,-17.52417],[-51.1253,-17.52395],[-51.12538,-17.52299],[-51.12716,-17.52177],[-51.12944,-17.52163],[-51.13227,-17.52115],[-51.13331,-17.51987],[-51.13457,-17.51992],[-51.13567,-17.51929],[-51.13731,-17.51951],[-51.14099,-17.51902],[-51.14208,-17.51914],[-51.14479,-17.52002],[-51.14568,-17.51996],[-51.14637,-17.51932],[-51.14864,-17.51863],[-51.14963,-17.51886],[-51.15094,-17.51821],[-51.15295,-17.51848],[-51.15498,-17.51816],[-51.15851,-17.51863],[-51.16154,-17.52013],[-51.1642,-17.52085],[-51.16681,-17.52099],[-51.16846,-17.52211],[-51.16952,-17.52231],[-51.17151,-17.524],[-51.17212,-17.52361],[-51.17385,-17.52363],[-51.1744,-17.52494],[-51.17577,-17.52598],[-51.17736,-17.52646],[-51.17849,-17.52737],[-51.1804,-17.52806],[-51.1814,-17.52943],[-51.18243,-17.52969],[-51.183,-17.52901],[-51.18405,-17.52883],[-51.18592,-17.52973],[-51.18823,-17.52925],[-51.18999,-17.52936],[-51.19242,-17.52838],[-51.1952,-17.52798],[-51.19718,-17.52699],[-51.20048,-17.5269],[-51.20247,-17.5264],[-51.20474,-17.52626],[-51.206,-17.52675],[-51.20905,-17.52644],[-51.21117,-17.52686],[-51.21273,-17.52668],[-51.21537,-17.52695],[-51.21769,-17.52675],[-51.22072,-17.52824],[-51.22333,-17.52863],[-51.22602,-17.5287],[-51.22768,-17.52917],[-51.22882,-17.53012],[-51.23168,-17.53082],[-51.23464,-17.53131],[-51.23603,-17.53274],[-51.23726,-17.53178],[-51.23813,-17.53184],[-51.23892,-17.53278],[-51.24081,-17.53322],[-51.24297,-17.53215],[-51.24392,-17.53094],[-51.24594,-17.52979],[-51.24864,-17.52945],[-51.25181,-17.52728],[-51.25307,-17.52529],[-51.25579,-17.52303],[-51.25748,-17.52216],[-51.26046,-17.5213],[-51.26145,-17.52039],[-51.26422,-17.51925],[-51.26776,-17.51895],[-51.27,-17.51841],[-51.27143,-17.51834],[-51.27426,-17.51881],[-51.27779,-17.51998],[-51.27913,-17.51982],[-51.28262,-17.51814],[-51.28452,-17.51706],[-51.28707,-17.51622],[-51.28879,-17.51612],[-51.28911,-17.51511],[-51.29146,-17.51542],[-51.29565,-17.51578],[-51.30003,-17.51552],[-51.30292,-17.51447],[-51.30525,-17.51414],[-51.30711,-17.51351],[-51.31097,-17.5119],[-51.31342,-17.51035],[-51.31456,-17.50896],[-51.31518,-17.50756],[-51.34283,-17.50861],[-51.45784,-17.47047],[-51.45736,-17.46798],[-51.4564,-17.46688],[-51.45524,-17.46616],[-51.45182,-17.46077],[-51.45014,-17.45888],[-51.44738,-17.4563],[-51.44488,-17.45434],[-51.44415,-17.45342],[-51.44101,-17.45197],[-51.43726,-17.45067],[-51.43484,-17.44951],[-51.43406,-17.44858],[-51.43207,-17.44801],[-51.43136,-17.44653],[-51.43124,-17.44557],[-51.4318,-17.44418],[-51.43147,-17.44235],[-51.43177,-17.44102],[-51.43253,-17.43991],[-51.43372,-17.43997],[-51.43404,-17.43864],[-51.43493,-17.4384],[-51.4363,-17.43737],[-51.43652,-17.43681],[-51.43826,-17.4368],[-51.43879,-17.43513],[-51.44089,-17.43367],[-51.44178,-17.43372],[-51.44293,-17.43257],[-51.44402,-17.43225],[-51.44727,-17.43237],[-51.44835,-17.4318],[-51.44982,-17.43025],[-51.45011,-17.42886],[-51.44984,-17.42758],[-51.44908,-17.42631],[-51.44975,-17.42504],[-51.44976,-17.42402],[-51.44918,-17.42351],[-51.44888,-17.42053],[-51.44736,-17.41762],[-51.44803,-17.41441],[-51.44938,-17.41273],[-51.45059,-17.4094],[-51.45214,-17.40816],[-51.45289,-17.40705],[-51.4543,-17.40661],[-51.45564,-17.40667],[-51.45676,-17.40413],[-51.4586,-17.40249],[-51.46046,-17.40262],[-51.46107,-17.40205],[-51.46227,-17.402],[-51.46404,-17.39997],[-51.46418,-17.39911],[-51.4654,-17.39865],[-51.46744,-17.39707],[-51.46863,-17.39714],[-51.46918,-17.39629],[-51.47024,-17.39574],[-51.47203,-17.39542],[-51.47227,-17.39377],[-51.47301,-17.39264],[-51.47784,-17.39089],[-51.47983,-17.39106],[-51.48052,-17.39015],[-51.48174,-17.38985],[-51.48346,-17.38872],[-51.48573,-17.38823],[-51.48808,-17.38854],[-51.48968,-17.38831],[-51.49329,-17.38665],[-51.49581,-17.38568],[-51.49703,-17.38421],[-51.49991,-17.38284],[-51.50074,-17.38309],[-51.50237,-17.38295],[-51.50481,-17.38246],[-51.50506,-17.38315],[-51.50673,-17.3835],[-51.5084,-17.38305],[-51.50957,-17.3819],[-51.51136,-17.38097],[-51.51265,-17.38089],[-51.51326,-17.38185],[-51.51396,-17.38187],[-51.51581,-17.38123],[-51.51816,-17.38174],[-51.51946,-17.38151],[-51.52204,-17.38188],[-51.52533,-17.38147],[-51.52634,-17.38102],[-51.52818,-17.38102],[-51.52917,-17.38071],[-51.53139,-17.3806],[-51.53325,-17.37984],[-51.53447,-17.37902],[-51.53732,-17.3788],[-51.52658,-17.35003],[-51.52806,-17.34902],[-51.53178,-17.34407],[-51.54503,-17.32617],[-51.54613,-17.32483],[-51.54752,-17.324],[-51.56344,-17.31789],[-51.56697,-17.31662],[-51.59588,-17.30742],[-51.60409,-17.30487],[-51.62152,-17.29552],[-51.64249,-17.28422],[-51.64819,-17.28356],[-51.66057,-17.28236],[-51.67258,-17.28136],[-51.6862,-17.27456],[-51.69133,-17.28147],[-51.69176,-17.28237],[-51.6931,-17.2872],[-51.69366,-17.28821],[-51.69466,-17.28918],[-51.69888,-17.29194],[-51.70019,-17.2932],[-51.7013,-17.29484],[-51.70188,-17.29633],[-51.70281,-17.30044],[-51.7043,-17.30284],[-51.70517,-17.30543],[-51.70637,-17.30755],[-51.70655,-17.3092],[-51.70834,-17.31131],[-51.70846,-17.31242],[-51.70934,-17.31358],[-51.71105,-17.31457],[-51.71157,-17.31524],[-51.71337,-17.32063],[-51.71318,-17.3231],[-51.71227,-17.32448],[-51.7125,-17.32676],[-51.71449,-17.32975],[-51.71541,-17.33195],[-51.71562,-17.33366],[-51.71701,-17.33675],[-51.71717,-17.33757],[-51.71644,-17.33935],[-51.71675,-17.34084],[-51.71661,-17.34225],[-51.71609,-17.34314],[-51.71589,-17.34452],[-51.71641,-17.34744],[-51.71619,-17.349],[-51.7168,-17.34991],[-51.71642,-17.35165],[-51.71565,-17.35257],[-51.71571,-17.35449],[-51.71601,-17.35572],[-51.71551,-17.35757],[-51.71572,-17.35945],[-51.71538,-17.36068],[-51.71665,-17.36239],[-51.7176,-17.36477],[-51.71866,-17.36508],[-51.71955,-17.36597],[-51.72153,-17.36692],[-51.72341,-17.36836],[-51.72649,-17.36958],[-51.72762,-17.37042],[-51.72997,-17.37136],[-51.73021,-17.37218],[-51.7293,-17.37666],[-51.73018,-17.38001],[-51.7296,-17.38162],[-51.72645,-17.38421],[-51.72507,-17.38553],[-51.72401,-17.38715],[-51.72355,-17.38881],[-51.72396,-17.39207],[-51.72369,-17.39355],[-51.72283,-17.39475],[-51.72103,-17.39625],[-51.72035,-17.39745],[-51.72045,-17.39901],[-51.7216,-17.40302],[-51.7218,-17.4044],[-51.72103,-17.40882],[-51.71833,-17.41464],[-51.71882,-17.41641],[-51.72062,-17.41769],[-51.721,-17.4185],[-51.72021,-17.42334],[-51.72034,-17.42462],[-51.72098,-17.42585],[-51.72207,-17.42719],[-51.72245,-17.42835],[-51.72245,-17.42964],[-51.72141,-17.43221],[-51.72135,-17.43334],[-51.72178,-17.43441],[-51.72361,-17.43656],[-51.72388,-17.43759],[-51.72366,-17.43882],[-51.72253,-17.4423],[-51.72276,-17.44375],[-51.72385,-17.44574],[-51.72403,-17.44767],[-51.72341,-17.44939],[-51.72137,-17.45276],[-51.72085,-17.45506],[-51.72121,-17.45624],[-51.72197,-17.45731],[-51.72625,-17.46078],[-51.72721,-17.4619],[-51.72769,-17.46333],[-51.72771,-17.46449],[-51.72731,-17.46544],[-51.72593,-17.46653],[-51.72455,-17.46706],[-51.72365,-17.46782],[-51.72312,-17.46911],[-51.72309,-17.47616],[-51.7227,-17.47763],[-51.72197,-17.47902],[-51.72047,-17.48038],[-51.71685,-17.48219],[-51.71152,-17.48422],[-51.70672,-17.48583],[-51.70511,-17.48685],[-51.70362,-17.48848],[-51.70212,-17.49137],[-51.70123,-17.49205],[-51.69696,-17.49329],[-51.69499,-17.49462],[-51.69415,-17.49683],[-51.69319,-17.50755],[-51.69367,-17.51107],[-51.69498,-17.51264],[-51.69891,-17.51336],[-51.6997,-17.51451],[-51.70065,-17.51936],[-51.70139,-17.52095],[-51.70352,-17.52288],[-51.70376,-17.52359],[-51.70329,-17.52477],[-51.69883,-17.52858],[-51.6985,-17.52944],[-51.69886,-17.53056],[-51.70017,-17.53159],[-51.70033,-17.53263],[-51.69748,-17.53461],[-51.69624,-17.53502],[-51.69527,-17.5359],[-51.69445,-17.5359],[-51.69316,-17.53505],[-51.69289,-17.5369],[-51.6918,-17.53737],[-51.69087,-17.54082],[-51.69072,-17.54248],[-51.68931,-17.54301],[-51.68848,-17.54391],[-51.68744,-17.54582],[-51.68819,-17.54631],[-51.68779,-17.54763],[-51.68654,-17.54834],[-51.68574,-17.54837],[-51.6845,-17.5492],[-51.68338,-17.55111],[-51.68216,-17.55025],[-51.67862,-17.55379],[-51.67809,-17.55473],[-51.67681,-17.55557],[-51.67439,-17.5558],[-51.6727,-17.55655],[-51.67176,-17.55666],[-51.66951,-17.5562],[-51.66842,-17.55666],[-51.66818,-17.55809],[-51.66601,-17.55947],[-51.66502,-17.56062],[-51.66423,-17.55932],[-51.66268,-17.55927],[-51.66076,-17.5609],[-51.66038,-17.562],[-51.66032,-17.56345],[-51.65981,-17.56374],[-51.65805,-17.5638],[-51.65734,-17.56443],[-51.65701,-17.56742],[-51.65629,-17.56852],[-51.65682,-17.57034],[-51.65784,-17.57089],[-51.65757,-17.57156],[-51.65592,-17.57134],[-51.65426,-17.57212],[-51.65357,-17.5729],[-51.65409,-17.57391],[-51.65243,-17.57429],[-51.65073,-17.57733],[-51.64983,-17.57831],[-51.64842,-17.57864],[-51.64716,-17.5781],[-51.64672,-17.5788],[-51.64712,-17.58024],[-51.64663,-17.58039],[-51.64425,-17.5795],[-51.64278,-17.58018],[-51.64153,-17.58121],[-51.64074,-17.58108],[-51.64032,-17.58001],[-51.63966,-17.57988],[-51.63831,-17.58044],[-51.63794,-17.58102],[-51.63877,-17.58286],[-51.63709,-17.58307],[-51.63653,-17.58421],[-51.63571,-17.58346],[-51.63448,-17.58418],[-51.6341,-17.58481],[-51.6347,-17.587],[-51.63273,-17.58706],[-51.63124,-17.58893],[-51.63029,-17.59084],[-51.62795,-17.59218],[-51.62637,-17.59272],[-51.62676,-17.59394],[-51.62647,-17.59503],[-51.62536,-17.59538],[-51.62422,-17.59625],[-51.6221,-17.59449],[-51.62145,-17.59509],[-51.62117,-17.59644],[-51.61936,-17.59644],[-51.61949,-17.59545],[-51.61873,-17.59536],[-51.61756,-17.59654],[-51.61588,-17.59688],[-51.61368,-17.59582],[-51.61306,-17.59616],[-51.61242,-17.59871],[-51.61096,-17.6001],[-51.60958,-17.59926],[-51.60943,-17.601],[-51.60814,-17.60184],[-51.60678,-17.60207],[-51.60706,-17.60419],[-51.60857,-17.6044],[-51.60936,-17.60601],[-51.60844,-17.60608],[-51.6096,-17.60777],[-51.61065,-17.6088],[-51.61039,-17.61047],[-51.61171,-17.6117],[-51.61125,-17.61373],[-51.60953,-17.61399],[-51.60946,-17.61481],[-51.61011,-17.61546],[-51.61175,-17.61614],[-51.61193,-17.61794],[-51.61294,-17.61905],[-51.61371,-17.6191],[-51.6143,-17.62049],[-51.61532,-17.62128],[-51.61587,-17.62269],[-51.61761,-17.62246],[-51.61951,-17.62281],[-51.61894,-17.62376],[-51.61964,-17.62448],[-51.61898,-17.62522],[-51.61907,-17.62681],[-51.61969,-17.62864],[-51.61883,-17.62984],[-51.61742,-17.63076],[-51.61802,-17.63274],[-51.62022,-17.63311],[-51.62265,-17.63407],[-51.62356,-17.63566],[-51.62448,-17.63594],[-51.62504,-17.63687],[-51.62681,-17.63798],[-51.62776,-17.63775],[-51.62832,-17.6383],[-51.63175,-17.63972],[-51.63156,-17.64092],[-51.6323,-17.64204],[-51.63221,-17.6439],[-51.63276,-17.64436],[-51.63405,-17.64444],[-51.63386,-17.64558],[-51.63523,-17.64552],[-51.63564,-17.64592],[-51.63542,-17.64781],[-51.63621,-17.64863],[-51.63634,-17.65004],[-51.63754,-17.65118],[-51.6381,-17.65234],[-51.63812,-17.65335],[-51.63763,-17.65402],[-51.6378,-17.65632],[-51.63711,-17.65687],[-51.63723,-17.65773],[-51.6383,-17.65856],[-51.63787,-17.65996],[-51.63718,-17.6606],[-51.63583,-17.66093],[-51.63565,-17.66151],[-51.63409,-17.6629],[-51.63318,-17.66419],[-51.63222,-17.66451],[-51.63139,-17.66579],[-51.63121,-17.66782],[-51.62998,-17.66773],[-51.62924,-17.66838],[-51.62816,-17.66839],[-51.62825,-17.66937],[-51.62743,-17.66998],[-51.62631,-17.67013],[-51.62484,-17.67139],[-51.62254,-17.6715],[-51.6221,-17.67054],[-51.62024,-17.67109],[-51.61952,-17.6707],[-51.61868,-17.67279],[-51.61658,-17.67424],[-51.61638,-17.67592],[-51.61507,-17.67626],[-51.61258,-17.67575],[-51.61183,-17.67602],[-51.61037,-17.67584],[-51.60901,-17.67642],[-51.60643,-17.67649],[-51.60431,-17.67792],[-51.60321,-17.67809],[-51.60291,-17.67893],[-51.60165,-17.67935],[-51.60086,-17.67816],[-51.5999,-17.67892],[-51.59805,-17.67933],[-51.59692,-17.68064],[-51.5972,-17.68219],[-51.59664,-17.68323],[-51.59528,-17.68359],[-51.59442,-17.68461],[-51.59235,-17.68555],[-51.59283,-17.68725],[-51.59163,-17.68772],[-51.59091,-17.68675],[-51.58995,-17.68809],[-51.58916,-17.68662],[-51.58756,-17.68695],[-51.58665,-17.68682],[-51.5839,-17.68703],[-51.58225,-17.68736],[-51.58218,-17.68893],[-51.58248,-17.69189],[-51.58239,-17.69379],[-51.58347,-17.69359],[-51.58501,-17.69435],[-51.5855,-17.69555],[-51.58408,-17.69522],[-51.58287,-17.69551],[-51.5815,-17.69399],[-51.58041,-17.69372],[-51.57948,-17.69493],[-51.57705,-17.69506],[-51.57628,-17.69625],[-51.57648,-17.69762],[-51.57612,-17.69839],[-51.57644,-17.70034],[-51.57526,-17.70216],[-51.5739,-17.70242],[-51.57446,-17.70331],[-51.57237,-17.70354],[-51.5704,-17.70455],[-51.56982,-17.7065],[-51.5691,-17.70765],[-51.56764,-17.70838],[-51.5681,-17.71083],[-51.56696,-17.71187],[-51.56568,-17.71179],[-51.56565,-17.71286],[-51.56467,-17.71372],[-51.56509,-17.71426],[-51.56391,-17.71568],[-51.564,-17.71762],[-51.56453,-17.71814],[-51.56491,-17.7197],[-51.56381,-17.71956],[-51.56087,-17.7199],[-51.55993,-17.71929],[-51.55886,-17.7202],[-51.55749,-17.72051],[-51.55493,-17.71989],[-51.55289,-17.72052],[-51.55254,-17.72176],[-51.55284,-17.72448],[-51.55334,-17.72517],[-51.5546,-17.72593],[-51.55461,-17.72676],[-51.55243,-17.72781],[-51.55177,-17.72632],[-51.55069,-17.72607],[-51.54994,-17.72688],[-51.5511,-17.72719],[-51.551,-17.72786],[-51.54996,-17.72865],[-51.54792,-17.72962],[-51.5468,-17.72801],[-51.54538,-17.72753],[-51.54476,-17.72803],[-51.54377,-17.73022],[-51.54262,-17.73152],[-51.54144,-17.73167],[-51.54033,-17.73283],[-51.54047,-17.73428],[-51.53982,-17.735],[-51.53833,-17.73449],[-51.5382,-17.73286],[-51.53571,-17.73203],[-51.53485,-17.73228],[-51.53182,-17.73085],[-51.53119,-17.73173],[-51.52992,-17.73137],[-51.52746,-17.73299],[-51.52674,-17.73493],[-51.5255,-17.73546],[-51.5248,-17.73499],[-51.52541,-17.73351],[-51.52445,-17.73181],[-51.52339,-17.73164],[-51.522,-17.73294],[-51.52125,-17.73413],[-51.52141,-17.73525],[-51.52091,-17.73699],[-51.51987,-17.7372],[-51.51856,-17.73559],[-51.51538,-17.73518],[-51.51446,-17.7363],[-51.515,-17.73789],[-51.51608,-17.73879],[-51.51602,-17.73986],[-51.51664,-17.74172],[-51.51603,-17.74284],[-51.51466,-17.74275],[-51.51408,-17.74315],[-51.51378,-17.74518],[-51.51431,-17.74682],[-51.51413,-17.74801],[-51.51301,-17.74813],[-51.51218,-17.74721],[-51.51165,-17.74736],[-51.51038,-17.74927],[-51.50892,-17.74927],[-51.50672,-17.74843],[-51.50515,-17.74695],[-51.50455,-17.74676],[-51.50298,-17.74726],[-51.50248,-17.74802],[-51.50316,-17.74853],[-51.50321,-17.74946],[-51.50246,-17.74966],[-51.50124,-17.74875],[-51.49992,-17.74896],[-51.49857,-17.74997],[-51.4975,-17.74974],[-51.49624,-17.74777],[-51.49493,-17.74895],[-51.49443,-17.75012],[-51.49279,-17.75077],[-51.49175,-17.75007],[-51.49243,-17.74878],[-51.49168,-17.74791],[-51.49082,-17.74817],[-51.49074,-17.74935],[-51.48934,-17.74961],[-51.48513,-17.75215],[-51.48444,-17.75225],[-51.48359,-17.7515],[-51.48358,-17.75086],[-51.485,-17.74949],[-51.48514,-17.7487],[-51.48405,-17.74772],[-51.48315,-17.74775],[-51.48123,-17.74874],[-51.48061,-17.74983],[-51.4789,-17.7497],[-51.47879,-17.75104],[-51.47921,-17.75219],[-51.4795,-17.75426],[-51.47857,-17.75561],[-51.47806,-17.75582],[-51.47593,-17.75567],[-51.47466,-17.755],[-51.47426,-17.7553],[-51.47443,-17.75686],[-51.47522,-17.75757],[-51.47538,-17.75989],[-51.47661,-17.75995],[-51.47693,-17.76086],[-51.47541,-17.76222],[-51.47348,-17.76248],[-51.47305,-17.76305],[-51.47307,-17.76425],[-51.47212,-17.7649],[-51.47097,-17.76497],[-51.47065,-17.76436],[-51.46926,-17.76521],[-51.46952,-17.76652],[-51.47074,-17.76677],[-51.4716,-17.76773],[-51.47134,-17.76827],[-51.46981,-17.76936],[-51.46841,-17.76973],[-51.46748,-17.76931],[-51.46702,-17.76855],[-51.46531,-17.76755],[-51.46368,-17.76762],[-51.46231,-17.76729],[-51.46054,-17.76778],[-51.45904,-17.76787],[-51.45847,-17.76921],[-51.45898,-17.77085],[-51.45909,-17.77365],[-51.45966,-17.77459],[-51.46158,-17.77557],[-51.46234,-17.77659],[-51.46253,-17.77781],[-51.46233,-17.77906],[-51.4608,-17.77963],[-51.46085,-17.78032],[-51.4601,-17.78107],[-51.45922,-17.78116],[-51.45877,-17.78211],[-51.45771,-17.78291],[-51.4574,-17.78439],[-51.45685,-17.78466],[-51.4555,-17.78402],[-51.4547,-17.78448],[-51.45487,-17.7866],[-51.45573,-17.78674],[-51.4565,-17.78743],[-51.45747,-17.78635],[-51.45837,-17.78624],[-51.4589,-17.7876],[-51.45804,-17.78924],[-51.45729,-17.78986],[-51.45654,-17.79112],[-51.45461,-17.79151],[-51.45419,-17.79259],[-51.45431,-17.79402],[-51.45292,-17.79634],[-51.45417,-17.79861],[-51.45513,-17.7995],[-51.45389,-17.79993],[-51.45275,-17.80072],[-51.45335,-17.80229],[-51.45235,-17.80289],[-51.45089,-17.80176],[-51.45067,-17.80249],[-51.4518,-17.8027],[-51.45185,-17.80366],[-51.45312,-17.80442],[-51.45416,-17.80399],[-51.45487,-17.80493],[-51.45348,-17.8055],[-51.453,-17.80493],[-51.45058,-17.80577],[-51.45063,-17.80719],[-51.45258,-17.80901],[-51.45196,-17.81023],[-51.44954,-17.8108],[-51.44782,-17.8117],[-51.44668,-17.81192],[-51.44531,-17.81336],[-51.44433,-17.81512],[-51.44264,-17.81557],[-51.44165,-17.81638],[-51.44128,-17.81748],[-51.43932,-17.8183],[-51.43877,-17.81918],[-51.43765,-17.81878],[-51.43662,-17.81997],[-51.43542,-17.82082],[-51.43463,-17.82055],[-51.43409,-17.81926],[-51.43298,-17.81936],[-51.4326,-17.82074],[-51.43297,-17.82223],[-51.4352,-17.82432],[-51.43458,-17.82546],[-51.43352,-17.82649],[-51.43164,-17.82698],[-51.43088,-17.82843],[-51.43019,-17.82843],[-51.42955,-17.82574],[-51.42876,-17.82349],[-51.42889,-17.82199],[-51.42751,-17.82067],[-51.42672,-17.8207],[-51.42517,-17.8224],[-51.42632,-17.82407],[-51.42671,-17.82548],[-51.42821,-17.82499],[-51.42853,-17.82618],[-51.42726,-17.82674],[-51.42627,-17.82655],[-51.42559,-17.82746],[-51.42493,-17.82922],[-51.4258,-17.83086],[-51.42574,-17.83175],[-51.42505,-17.83239],[-51.4231,-17.83217],[-51.42139,-17.83343],[-51.42191,-17.83441],[-51.4212,-17.83511],[-51.41934,-17.83403],[-51.41813,-17.83461],[-51.41769,-17.83869],[-51.41809,-17.839],[-51.4199,-17.83836],[-51.42072,-17.83893],[-51.41986,-17.83964],[-51.4196,-17.84154],[-51.41989,-17.84503],[-51.41916,-17.84527],[-51.41795,-17.84327],[-51.41673,-17.84328],[-51.41708,-17.84448],[-51.41676,-17.84559],[-51.41526,-17.84579],[-51.41456,-17.84537],[-51.41317,-17.84282],[-51.41205,-17.84251],[-51.41169,-17.84372],[-51.41232,-17.84486],[-51.41173,-17.84654],[-51.41128,-17.84699],[-51.40988,-17.84675],[-51.40916,-17.84699],[-51.40854,-17.84828],[-51.40838,-17.84966],[-51.40757,-17.85003],[-51.40698,-17.8495],[-51.40572,-17.84758],[-51.40325,-17.84685],[-51.40278,-17.84722],[-51.40297,-17.84891],[-51.40236,-17.84973],[-51.40022,-17.85008],[-51.39964,-17.85049],[-51.39927,-17.8528],[-51.39888,-17.85313],[-51.39671,-17.8529],[-51.39604,-17.85346],[-51.39609,-17.85442],[-51.39734,-17.85702],[-51.39717,-17.85804],[-51.39528,-17.85936],[-51.39444,-17.85946],[-51.39273,-17.85837],[-51.39188,-17.85888],[-51.39168,-17.86005],[-51.39091,-17.86075],[-51.3893,-17.86333],[-51.38937,-17.86611],[-51.38892,-17.86685],[-51.38782,-17.86702],[-51.38621,-17.86799],[-51.38467,-17.86809],[-51.38091,-17.86688],[-51.38001,-17.86698],[-51.37919,-17.86826],[-51.37765,-17.86741],[-51.37746,-17.86537],[-51.37767,-17.86458],[-51.37889,-17.86342],[-51.37849,-17.86245],[-51.37772,-17.86188],[-51.37673,-17.86179],[-51.37573,-17.86288],[-51.37475,-17.86339],[-51.375,-17.86514],[-51.37472,-17.86573],[-51.37241,-17.86662],[-51.37109,-17.86776],[-51.36926,-17.8678],[-51.36851,-17.869],[-51.36873,-17.87004],[-51.36738,-17.87094],[-51.36685,-17.87227],[-51.36462,-17.87298],[-51.36372,-17.87378],[-51.36201,-17.87207],[-51.36245,-17.87094],[-51.36271,-17.86902],[-51.36165,-17.86817],[-51.36019,-17.86892],[-51.35824,-17.87042],[-51.35536,-17.87367],[-51.35447,-17.87498],[-51.35167,-17.87587],[-51.35018,-17.87587],[-51.34768,-17.87442],[-51.34675,-17.87493],[-51.34543,-17.87251],[-51.34521,-17.87086],[-51.34352,-17.8685],[-51.34347,-17.86746],[-51.34272,-17.86656],[-51.34143,-17.86632],[-51.34055,-17.86665],[-51.34024,-17.86892],[-51.33973,-17.86919],[-51.33609,-17.8693],[-51.33477,-17.86909],[-51.33392,-17.86959],[-51.33048,-17.86923],[-51.32936,-17.86858],[-51.32884,-17.86748],[-51.32896,-17.86611],[-51.32846,-17.8649],[-51.32707,-17.86377],[-51.32771,-17.86318],[-51.32728,-17.8623],[-51.32561,-17.86237],[-51.32531,-17.86082],[-51.32445,-17.86104],[-51.32465,-17.86192],[-51.3242,-17.86261],[-51.32269,-17.86246],[-51.32208,-17.86318],[-51.32108,-17.86342],[-51.32009,-17.86308],[-51.31901,-17.86349],[-51.31822,-17.86327],[-51.31659,-17.86545],[-51.31597,-17.86529],[-51.31537,-17.86371],[-51.31405,-17.8637],[-51.31374,-17.86468],[-51.31158,-17.86366],[-51.31121,-17.86271],[-51.31001,-17.86256],[-51.30839,-17.86442],[-51.30626,-17.86483],[-51.30558,-17.86535],[-51.30448,-17.86547],[-51.30311,-17.86432],[-51.29984,-17.86364],[-51.29705,-17.86538],[-51.29396,-17.86516],[-51.29274,-17.86435],[-51.29335,-17.86369],[-51.29345,-17.86185],[-51.29312,-17.8614],[-51.29017,-17.86071],[-51.28935,-17.86104],[-51.28831,-17.86361],[-51.28723,-17.86391],[-51.28648,-17.86349],[-51.28574,-17.86387],[-51.2858,-17.86484],[-51.28706,-17.86689],[-51.28669,-17.86734],[-51.28544,-17.86705],[-51.28476,-17.86906],[-51.2848,-17.87032],[-51.28419,-17.87349],[-51.28316,-17.87549],[-51.28294,-17.87889],[-51.28239,-17.88054],[-51.28151,-17.88605],[-51.28035,-17.88704],[-51.28017,-17.88857],[-51.27919,-17.88943],[-51.27758,-17.88815],[-51.27635,-17.88803],[-51.27555,-17.88844],[-51.27288,-17.88919],[-51.27137,-17.88773],[-51.27103,-17.88662],[-51.27003,-17.88486],[-51.26975,-17.88376],[-51.26829,-17.8843],[-51.2665,-17.88453],[-51.2654,-17.88328],[-51.26464,-17.88318],[-51.26279,-17.88503],[-51.26043,-17.88426],[-51.25909,-17.88143],[-51.25749,-17.88135],[-51.25501,-17.88405],[-51.25362,-17.88339],[-51.25235,-17.88404],[-51.251,-17.8833],[-51.25037,-17.88355],[-51.25023,-17.88456],[-51.24882,-17.88574],[-51.24818,-17.88762],[-51.24758,-17.88838],[-51.24578,-17.8886],[-51.24363,-17.88725],[-51.24223,-17.88562],[-51.24137,-17.8877],[-51.24125,-17.88998],[-51.241,-17.89081],[-51.23961,-17.89145],[-51.23924,-17.892],[-51.24049,-17.89587],[-51.24034,-17.89638],[-51.23815,-17.89737],[-51.23605,-17.89744],[-51.23519,-17.89844],[-51.23604,-17.90047],[-51.23622,-17.90173],[-51.23486,-17.90292],[-51.23407,-17.90295],[-51.23206,-17.90185],[-51.23088,-17.90217],[-51.23107,-17.90278],[-51.23398,-17.90545],[-51.23479,-17.90577],[-51.23806,-17.90591],[-51.23853,-17.90553],[-51.23875,-17.90355],[-51.24086,-17.90398],[-51.24129,-17.90442],[-51.24149,-17.9068],[-51.24207,-17.9081],[-51.24142,-17.90901],[-51.23946,-17.90927],[-51.23684,-17.91073],[-51.23583,-17.91091],[-51.23481,-17.91158],[-51.23453,-17.91286],[-51.23488,-17.91471],[-51.23457,-17.91552],[-51.23243,-17.91519],[-51.23001,-17.9126],[-51.22884,-17.91297],[-51.22962,-17.91539],[-51.23122,-17.91658],[-51.23181,-17.91755],[-51.23128,-17.91826],[-51.23223,-17.91899],[-51.23358,-17.91905],[-51.23402,-17.91975],[-51.23296,-17.92142],[-51.23282,-17.92258],[-51.234,-17.92289],[-51.23417,-17.92454],[-51.23511,-17.92584],[-51.23451,-17.92709],[-51.23483,-17.92822],[-51.23387,-17.92908],[-51.23284,-17.92917],[-51.23138,-17.9307],[-51.23224,-17.93183],[-51.23334,-17.93155],[-51.23375,-17.93251],[-51.2323,-17.93281],[-51.23294,-17.93392],[-51.23402,-17.93437],[-51.23284,-17.93533],[-51.23267,-17.93699],[-51.23315,-17.93802],[-51.23234,-17.93937],[-51.23349,-17.93946],[-51.23306,-17.94078],[-51.23186,-17.94179],[-51.23186,-17.94293],[-51.23278,-17.94396],[-51.23159,-17.94448],[-51.23057,-17.94356],[-51.23013,-17.94392],[-51.23071,-17.94692],[-51.22917,-17.94637],[-51.2282,-17.94762],[-51.22668,-17.94709],[-51.22513,-17.94575],[-51.22462,-17.94565],[-51.22277,-17.9465],[-51.22246,-17.9473],[-51.22129,-17.94856],[-51.22245,-17.94981],[-51.22429,-17.94966],[-51.22453,-17.95152],[-51.22377,-17.95218],[-51.22425,-17.95299],[-51.22508,-17.95216],[-51.2251,-17.95104],[-51.22623,-17.9512],[-51.22604,-17.95241],[-51.22648,-17.9537],[-51.22589,-17.95421],[-51.22414,-17.95453],[-51.22388,-17.95574],[-51.22202,-17.95725],[-51.22211,-17.95806],[-51.22287,-17.95836],[-51.22449,-17.95815],[-51.22413,-17.95948],[-51.22317,-17.96005],[-51.22152,-17.95965],[-51.22111,-17.96126],[-51.21913,-17.96243],[-51.21823,-17.96424],[-51.21783,-17.9661],[-51.21584,-17.96738],[-51.2143,-17.96753],[-51.21321,-17.96704],[-51.21255,-17.96782],[-51.21417,-17.97075],[-51.21404,-17.97225],[-51.21331,-17.97258],[-51.21232,-17.97223],[-51.21131,-17.97237],[-51.2103,-17.97348],[-51.20959,-17.97356],[-51.20831,-17.97277],[-51.20753,-17.97302],[-51.207,-17.97438],[-51.20587,-17.9758],[-51.20546,-17.97743],[-51.20593,-17.97854],[-51.20705,-17.97894],[-51.20759,-17.97866],[-51.20872,-17.97715],[-51.20972,-17.97629],[-51.21109,-17.97603],[-51.21174,-17.97635],[-51.21228,-17.97783],[-51.21199,-17.97969],[-51.21104,-17.98069],[-51.20989,-17.98073],[-51.20772,-17.98262],[-51.20739,-17.98363],[-51.20766,-17.98473],[-51.20854,-17.98564],[-51.21201,-17.98635],[-51.21409,-17.98541],[-51.21534,-17.98529],[-51.21651,-17.98577],[-51.21743,-17.98715],[-51.21749,-17.98888],[-51.21629,-17.99052],[-51.21527,-17.99078],[-51.21221,-17.98931],[-51.21157,-17.98977],[-51.21168,-17.99093],[-51.21099,-17.99272],[-51.21134,-17.99387],[-51.21381,-17.99498],[-51.21414,-17.99678],[-51.21278,-17.99869],[-51.2129,-18.00218],[-51.21333,-18.00387],[-51.21288,-18.00523],[-51.21187,-18.00614],[-51.21334,-18.00742],[-51.21359,-18.00867],[-51.21285,-18.00928],[-51.21103,-18.00969],[-51.21014,-18.00818],[-51.20933,-18.00854],[-51.20915,-18.01048],[-51.20787,-18.01057],[-51.20732,-18.00933],[-51.2062,-18.008],[-51.20468,-18.00709],[-51.20349,-18.00748],[-51.2029,-18.00956],[-51.20365,-18.00998],[-51.20363,-18.01096],[-51.20276,-18.01141],[-51.20342,-18.01318],[-51.20389,-18.0154],[-51.20267,-18.01667],[-51.2015,-18.01738],[-51.20141,-18.01809],[-51.20218,-18.01978],[-51.20186,-18.02159],[-51.20204,-18.0236],[-51.20123,-18.02439],[-51.20098,-18.02545],[-51.20246,-18.02704],[-51.2024,-18.02808],[-51.20179,-18.02938],[-51.2008,-18.03007],[-51.19776,-18.02998],[-51.19604,-18.02866],[-51.19232,-18.02845],[-51.19125,-18.02895],[-51.19093,-18.0302],[-51.19104,-18.03188],[-51.18992,-18.03348],[-51.19022,-18.03544],[-51.19139,-18.03709],[-51.19247,-18.03986],[-51.19318,-18.04067],[-51.19493,-18.04185],[-51.19397,-18.04334],[-51.19266,-18.04339],[-51.19188,-18.04422],[-51.19203,-18.04665],[-51.1917,-18.04853],[-51.19079,-18.05022],[-51.1907,-18.05138],[-51.19106,-18.05232],[-51.18972,-18.05393],[-51.18771,-18.05332],[-51.18608,-18.05307],[-51.1842,-18.05457],[-51.18267,-18.05808],[-51.18161,-18.05949],[-51.1803,-18.06008],[-51.1769,-18.06116],[-51.1758,-18.06165],[-51.17312,-18.0624],[-51.172,-18.06302],[-51.17146,-18.06548],[-51.16896,-18.0666],[-51.16758,-18.06915],[-51.16614,-18.07043],[-51.16599,-18.07127],[-51.16656,-18.07207],[-51.16776,-18.07196],[-51.16909,-18.07068],[-51.17048,-18.07003],[-51.1714,-18.07059],[-51.17152,-18.07183],[-51.1704,-18.07438],[-51.16912,-18.07545],[-51.16877,-18.07697],[-51.16983,-18.07851],[-51.17237,-18.07996],[-51.17297,-18.08081],[-51.17308,-18.0818],[-51.17241,-18.08367],[-51.1718,-18.08439],[-51.16825,-18.08677],[-51.16707,-18.08712],[-51.16611,-18.08663],[-51.16496,-18.0849],[-51.16391,-18.08447],[-51.16315,-18.085],[-51.16254,-18.08646],[-51.16121,-18.08803],[-51.16082,-18.08978],[-51.15986,-18.09131],[-51.15963,-18.09223],[-51.15986,-18.09642],[-51.15958,-18.09852],[-51.15865,-18.09943],[-51.15667,-18.09995],[-51.1558,-18.1007],[-51.15527,-18.10282],[-51.15563,-18.10467],[-51.15697,-18.10619],[-51.15918,-18.10765],[-51.16038,-18.10804],[-51.16311,-18.10841],[-51.16387,-18.10893],[-51.16402,-18.10985],[-51.16329,-18.11215],[-51.16152,-18.11316],[-51.16098,-18.11433],[-51.15768,-18.1168],[-51.15695,-18.11815],[-51.15722,-18.1193],[-51.15866,-18.12254],[-51.15849,-18.12342],[-51.15779,-18.12413],[-51.15603,-18.12501],[-51.1554,-18.12619],[-51.15554,-18.13151],[-51.15462,-18.13481],[-51.15355,-18.13716],[-51.1522,-18.13953],[-51.15211,-18.14032],[-51.15084,-18.14079],[-51.14893,-18.14035],[-51.14557,-18.13997],[-51.1443,-18.14173],[-51.14364,-18.14358],[-51.14357,-18.14489],[-51.14396,-18.14609],[-51.14642,-18.15032],[-51.14738,-18.1511],[-51.14697,-18.15235],[-51.14348,-18.15279],[-51.14004,-18.15282],[-51.13854,-18.15232],[-51.13778,-18.15254],[-51.13832,-18.1545],[-51.13817,-18.15657],[-51.13899,-18.15788],[-51.14051,-18.15928],[-51.14088,-18.16006],[-51.14055,-18.16134],[-51.13965,-18.16241],[-51.13912,-18.16398],[-51.13953,-18.16526],[-51.13939,-18.16706],[-51.13992,-18.16979],[-51.13982,-18.1705],[-51.13882,-18.17057],[-51.13705,-18.16976],[-51.13495,-18.16816],[-51.13281,-18.16753],[-51.13201,-18.16698],[-51.13249,-18.16488],[-51.13335,-18.16334],[-51.13319,-18.16256],[-51.13232,-18.16214],[-51.13149,-18.16301],[-51.13,-18.164],[-51.12957,-18.16549],[-51.13063,-18.16744],[-51.13054,-18.16865],[-51.12992,-18.16997],[-51.13019,-18.17116],[-51.12996,-18.17251],[-51.13033,-18.17407],[-51.13077,-18.17718],[-51.13136,-18.17955],[-51.13082,-18.18026],[-51.1257,-18.18015],[-51.1238,-18.17925],[-51.12283,-18.18076],[-51.12452,-18.18146],[-51.12461,-18.18214],[-51.12312,-18.18499],[-51.12263,-18.18712],[-51.12278,-18.18923],[-51.12353,-18.19142],[-51.12447,-18.19204],[-51.12496,-18.19304],[-51.12494,-18.19406],[-51.12375,-18.19774],[-51.12254,-18.19881],[-51.1207,-18.19913],[-51.11876,-18.19878],[-51.11619,-18.1991],[-51.11518,-18.20054],[-51.11485,-18.20201],[-51.11494,-18.20307],[-51.11375,-18.20409],[-51.11382,-18.20526],[-51.11587,-18.20695],[-51.11803,-18.20791],[-51.1192,-18.20874],[-51.12015,-18.20846],[-51.12214,-18.20846],[-51.12298,-18.20996],[-51.12383,-18.21089],[-51.12432,-18.2133],[-51.12669,-18.21465],[-51.12728,-18.21558],[-51.12721,-18.21811],[-51.12625,-18.22103],[-51.12416,-18.22266],[-51.12483,-18.22514],[-51.12471,-18.226],[-51.12266,-18.22782],[-51.12321,-18.22924],[-51.12452,-18.23014],[-51.12509,-18.23193],[-51.12458,-18.23319],[-51.12217,-18.23477],[-51.12148,-18.23579],[-51.12075,-18.23881],[-51.1213,-18.24069],[-51.12315,-18.24182],[-51.12533,-18.24112],[-51.12562,-18.24061],[-51.12474,-18.23971],[-51.12491,-18.23859],[-51.12614,-18.23837],[-51.12952,-18.23722],[-51.13099,-18.23649],[-51.13189,-18.23651],[-51.1333,-18.23783],[-51.13386,-18.239],[-51.13399,-18.2407],[-51.13327,-18.24158],[-51.13223,-18.24153],[-51.13019,-18.24036],[-51.12944,-18.2407],[-51.13179,-18.24354],[-51.13373,-18.2439],[-51.13499,-18.2437],[-51.13735,-18.24419],[-51.13734,-18.24564],[-51.13824,-18.24811],[-51.138,-18.25068],[-51.1374,-18.25098],[-51.13518,-18.25092],[-51.13375,-18.2524],[-51.13338,-18.25395],[-51.1347,-18.25635],[-51.13553,-18.25689],[-51.13772,-18.25637],[-51.13842,-18.2568],[-51.13833,-18.25773],[-51.13741,-18.26128],[-51.13641,-18.26151],[-51.13515,-18.25926],[-51.13439,-18.2588],[-51.1308,-18.25975],[-51.13004,-18.2597],[-51.12846,-18.25889],[-51.12672,-18.26045],[-51.12635,-18.26114],[-51.12616,-18.26339],[-51.12556,-18.26553],[-51.12558,-18.26654],[-51.12743,-18.2692],[-51.12747,-18.27024],[-51.12694,-18.27156],[-51.12537,-18.27429],[-51.12467,-18.27725],[-51.1247,-18.27923],[-51.12499,-18.28056],[-51.12631,-18.28185],[-51.12871,-18.28197],[-51.13036,-18.28185],[-51.13231,-18.28204],[-51.13346,-18.28283],[-51.13337,-18.28502],[-51.13358,-18.28666],[-51.13333,-18.28873],[-51.13334,-18.29106],[-51.13308,-18.29261],[-51.13394,-18.29555],[-51.135,-18.29641],[-51.13601,-18.29643],[-51.13641,-18.29541],[-51.13766,-18.29509],[-51.1399,-18.29564],[-51.14135,-18.29625],[-51.14363,-18.29792],[-51.1459,-18.29982],[-51.14616,-18.30045]]]},"properties":{"codigo":"521880505","name":"Rio Verde","population":222048,"households":88900,"areaKm2":7537.6238,"density":29.5}},{"type":"Feature","geometry":{"type":"Polygon","coordinates":[[[-50.46785,-17.95106],[-50.46895,-17.95074],[-50.47225,-17.94849],[-50.47326,-17.94859],[-50.47469,-17.94922],[-50.47544,-17.94993],[-50.47649,-17.94969],[-50.47697,-17.95042],[-50.47848,-17.95118],[-50.47918,-17.95114],[-50.4815,-17.95003],[-50.48215,-17.94887],[-50.48203,-17.94678],[-50.48351,-17.94557],[-50.48631,-17.94612],[-50.48749,-17.94564],[-50.48846,-17.94356],[-50.48963,-17.94378],[-50.49176,-17.94569],[-50.49502,-17.9467],[-50.49594,-17.94931],[-50.49701,-17.9494],[-50.49743,-17.94997],[-50.49987,-17.95013],[-50.50103,-17.94945],[-50.50321,-17.94917],[-50.50548,-17.94942],[-50.50696,-17.94913],[-50.50705,-17.95061],[-50.50836,-17.9512],[-50.50899,-17.95218],[-50.511,-17.9526],[-50.5115,-17.95241],[-50.51424,-17.95233],[-50.51756,-17.95314],[-50.52033,-17.95231],[-50.52209,-17.95217],[-50.52249,-17.95153],[-50.52461,-17.95041],[-50.52582,-17.9502],[-50.52699,-17.95116],[-50.52806,-17.95116],[-50.52909,-17.95182],[-50.52939,-17.95376],[-50.5316,-17.95559],[-50.53181,-17.95704],[-50.53367,-17.95746],[-50.53429,-17.95864],[-50.53639,-17.96071],[-50.53738,-17.96119],[-50.53879,-17.96318],[-50.54042,-17.96396],[-50.54147,-17.96359],[-50.54438,-17.96415],[-50.54553,-17.96533],[-50.54653,-17.96558],[-50.5478,-17.96866],[-50.54875,-17.96984],[-50.55016,-17.96998],[-50.55065,-17.96902],[-50.55145,-17.96862],[-50.55291,-17.96863],[-50.55443,-17.9681],[-50.55513,-17.96923],[-50.55688,-17.96938],[-50.5578,-17.97075],[-50.5585,-17.97105],[-50.5595,-17.97016],[-50.56118,-17.97032],[-50.56157,-17.97121],[-50.56316,-17.97227],[-50.56464,-17.97201],[-50.56509,-17.97269],[-50.56681,-17.97223],[-50.56727,-17.9714],[-50.56911,-17.97137],[-50.57059,-17.9737],[-50.57453,-17.97511],[-50.57529,-17.97632],[-50.57709,-17.97656],[-50.5784,-17.97701],[-50.58344,-17.97802],[-50.5844,-17.97842],[-50.58434,-17.97943],[-50.58519,-17.9811],[-50.58655,-17.9816],[-50.58741,-17.9829],[-50.58967,-17.98283],[-50.59064,-17.98184],[-50.59031,-17.98093],[-50.59089,-17.9802],[-50.5923,-17.9805],[-50.59426,-17.97977],[-50.59498,-17.97985],[-50.59726,-17.98092],[-50.59851,-17.98227],[-50.60077,-17.98314],[-50.60216,-17.98293],[-50.60304,-17.98203],[-50.60619,-17.98179],[-50.60941,-17.98255],[-50.61123,-17.98234],[-50.61288,-17.9826],[-50.61446,-17.98189],[-50.61688,-17.98165],[-50.61826,-17.98086],[-50.62046,-17.98032],[-50.62273,-17.98102],[-50.62357,-17.98155],[-50.62592,-17.98168],[-50.62675,-17.98146],[-50.62784,-17.98024],[-50.62777,-17.97804],[-50.62696,-17.97729],[-50.62759,-17.97605],[-50.62896,-17.97619],[-50.6306,-17.97734],[-50.6327,-17.97601],[-50.63472,-17.97597],[-50.63619,-17.97622],[-50.64036,-17.97468],[-50.64305,-17.97282],[-50.64405,-17.97321],[-50.64623,-17.97321],[-50.64837,-17.97234],[-50.64998,-17.97416],[-50.65241,-17.97407],[-50.6535,-17.97457],[-50.65506,-17.97483],[-50.65703,-17.97334],[-50.66025,-17.97316],[-50.66095,-17.97328],[-50.66206,-17.97518],[-50.66329,-17.97602],[-50.6652,-17.97601],[-50.66706,-17.97682],[-50.66846,-17.97777],[-50.66923,-17.97774],[-50.67044,-17.9765],[-50.67399,-17.97634],[-50.67545,-17.97435],[-50.67803,-17.97341],[-50.68011,-17.9733],[-50.68363,-17.97433],[-50.68524,-17.97507],[-50.68657,-17.97438],[-50.68846,-17.97057],[-50.69014,-17.97061],[-50.69259,-17.97032],[-50.69508,-17.97124],[-50.69832,-17.97133],[-50.69922,-17.97156],[-50.69963,-17.97227],[-50.701,-17.97249],[-50.70184,-17.97306],[-50.70245,-17.97417],[-50.70378,-17.97431],[-50.7059,-17.97611],[-50.70925,-17.9796],[-50.71096,-17.97904],[-50.71138,-17.97855],[-50.71302,-17.97891],[-50.71455,-17.97986],[-50.71566,-17.98099],[-50.71728,-17.98162],[-50.72008,-17.9812],[-50.72086,-17.98171],[-50.72523,-17.97964],[-50.72754,-17.9799],[-50.73219,-17.99908],[-50.73048,-18.00119],[-50.7292,-18.00362],[-50.72718,-18.00574],[-50.72745,-18.00649],[-50.72681,-18.00755],[-50.72512,-18.00938],[-50.72551,-18.00979],[-50.72588,-18.01185],[-50.72578,-18.0133],[-50.72458,-18.01585],[-50.72361,-18.01752],[-50.72461,-18.0181],[-50.72499,-18.01886],[-50.7263,-18.01872],[-50.72915,-18.01706],[-50.73036,-18.01717],[-50.73119,-18.01812],[-50.73386,-18.01929],[-50.73724,-18.02004],[-50.73813,-18.02051],[-50.73999,-18.01972],[-50.74131,-18.0189],[-50.74223,-18.01932],[-50.74218,-18.02009],[-50.74336,-18.02092],[-50.74466,-18.02462],[-50.744,-18.02636],[-50.74462,-18.02787],[-50.74577,-18.02953],[-50.74741,-18.03407],[-50.74835,-18.035],[-50.74939,-18.03726],[-50.74991,-18.03926],[-50.74987,-18.04017],[-50.74879,-18.04227],[-50.74311,-18.04577],[-50.74243,-18.04787],[-50.74108,-18.04919],[-50.73989,-18.04982],[-50.73886,-18.05158],[-50.73844,-18.05311],[-50.73677,-18.05357],[-50.73422,-18.05859],[-50.73268,-18.06082],[-50.73288,-18.06246],[-50.73491,-18.07125],[-50.73167,-18.07064],[-50.73018,-18.07079],[-50.72928,-18.06963],[-50.73047,-18.06781],[-50.72971,-18.06604],[-50.72729,-18.06439],[-50.72634,-18.06427],[-50.72653,-18.06246],[-50.72596,-18.06209],[-50.72618,-18.05962],[-50.72532,-18.06006],[-50.72335,-18.06457],[-50.72309,-18.06632],[-50.72257,-18.06755],[-50.72479,-18.06852],[-50.72557,-18.06973],[-50.72331,-18.07057],[-50.72291,-18.07171],[-50.72138,-18.07323],[-50.71987,-18.07394],[-50.71811,-18.07546],[-50.71723,-18.07721],[-50.71461,-18.0796],[-50.71341,-18.07839],[-50.71089,-18.07939],[-50.70911,-18.07953],[-50.70569,-18.07716],[-50.70531,-18.07666],[-50.7035,-18.0759],[-50.69998,-18.07631],[-50.6993,-18.07692],[-50.69759,-18.0774],[-50.69717,-18.07866],[-50.69512,-18.0818],[-50.69424,-18.08229],[-50.69324,-18.0842],[-50.69095,-18.0846],[-50.68946,-18.08455],[-50.68677,-18.08591],[-50.68577,-18.0854],[-50.68512,-18.08446],[-50.68324,-18.08501],[-50.68455,-18.08303],[-50.68418,-18.07866],[-50.68369,-18.07775],[-50.68425,-18.07541],[-50.68455,-18.07519],[-50.6841,-18.07138],[-50.68472,-18.06846],[-50.68455,-18.06465],[-50.68291,-18.06241],[-50.68007,-18.06139],[-50.67819,-18.05824],[-50.67803,-18.05701],[-50.67576,-18.05257],[-50.6745,-18.04928],[-50.67417,-18.0461],[-50.67363,-18.04482],[-50.67412,-18.04377],[-50.67379,-18.04243],[-50.67366,-18.03999],[-50.67288,-18.03874],[-50.67147,-18.03819],[-50.66935,-18.03798],[-50.66756,-18.03601],[-50.66671,-18.03473],[-50.66609,-18.03488],[-50.66229,-18.03427],[-50.66196,-18.03307],[-50.6597,-18.03371],[-50.65724,-18.03413],[-50.65622,-18.03368],[-50.65554,-18.03263],[-50.65331,-18.03316],[-50.65255,-18.03508],[-50.65206,-18.03563],[-50.6496,-18.03703],[-50.64882,-18.03621],[-50.6469,-18.03784],[-50.64627,-18.03758],[-50.64536,-18.03616],[-50.64428,-18.03627],[-50.64289,-18.035],[-50.64254,-18.03599],[-50.64257,-18.03772],[-50.64137,-18.03776],[-50.64094,-18.03731],[-50.63982,-18.03738],[-50.6398,-18.03834],[-50.63869,-18.03956],[-50.63679,-18.03942],[-50.63496,-18.04203],[-50.63242,-18.04281],[-50.63083,-18.04145],[-50.6295,-18.04085],[-50.62854,-18.04091],[-50.62703,-18.04316],[-50.62827,-18.04394],[-50.62703,-18.04557],[-50.62631,-18.04697],[-50.62518,-18.04762],[-50.6235,-18.04733],[-50.62219,-18.04677],[-50.62138,-18.04682],[-50.6194,-18.04533],[-50.6185,-18.04489],[-50.6178,-18.04625],[-50.61813,-18.04678],[-50.61737,-18.04774],[-50.61677,-18.04774],[-50.61617,-18.0488],[-50.61615,-18.0504],[-50.61646,-18.05241],[-50.61419,-18.05065],[-50.6132,-18.05035],[-50.60976,-18.05006],[-50.60912,-18.04953],[-50.60779,-18.05074],[-50.60645,-18.0513],[-50.60596,-18.05191],[-50.60443,-18.05209],[-50.60379,-18.05252],[-50.60248,-18.05211],[-50.60129,-18.05074],[-50.59885,-18.05082],[-50.59708,-18.05163],[-50.59578,-18.05182],[-50.59556,-18.05108],[-50.59389,-18.05162],[-50.59304,-18.05264],[-50.59237,-18.05205],[-50.59154,-18.05255],[-50.59001,-18.05276],[-50.5899,-18.05356],[-50.58601,-18.05576],[-50.58443,-18.05464],[-50.58224,-18.055],[-50.57987,-18.05475],[-50.57786,-18.05597],[-50.57751,-18.05707],[-50.57751,-18.05932],[-50.57701,-18.06092],[-50.57539,-18.06143],[-50.57468,-18.06107],[-50.57406,-18.06216],[-50.5728,-18.06295],[-50.5724,-18.0623],[-50.57048,-18.06221],[-50.56967,-18.06314],[-50.56812,-18.06295],[-50.56748,-18.06389],[-50.56615,-18.06495],[-50.56514,-18.06446],[-50.56385,-18.06465],[-50.56179,-18.06609],[-50.56111,-18.06592],[-50.55996,-18.06666],[-50.5593,-18.06647],[-50.5578,-18.06732],[-50.55731,-18.06833],[-50.55556,-18.0691],[-50.55476,-18.06895],[-50.5533,-18.06752],[-50.55172,-18.06762],[-50.54828,-18.06853],[-50.54788,-18.06762],[-50.54879,-18.06641],[-50.54823,-18.06553],[-50.54638,-18.06558],[-50.54555,-18.06629],[-50.54317,-18.06611],[-50.54155,-18.06688],[-50.53917,-18.06753],[-50.53837,-18.06727],[-50.53718,-18.06475],[-50.5365,-18.06661],[-50.53499,-18.06702],[-50.53387,-18.06692],[-50.53342,-18.06764],[-50.53418,-18.06828],[-50.53336,-18.06953],[-50.53213,-18.06987],[-50.53141,-18.06947],[-50.53021,-18.06972],[-50.52935,-18.06927],[-50.52898,-18.06802],[-50.5277,-18.06652],[-50.52643,-18.06621],[-50.52574,-18.06708],[-50.52441,-18.06773],[-50.52329,-18.06746],[-50.52284,-18.06849],[-50.52137,-18.06936],[-50.52067,-18.06875],[-50.51994,-18.0672],[-50.51918,-18.06681],[-50.51848,-18.06748],[-50.51715,-18.06773],[-50.51711,-18.06693],[-50.51563,-18.06716],[-50.5146,-18.06683],[-50.5132,-18.06697],[-50.51129,-18.06635],[-50.51036,-18.06494],[-50.50896,-18.06469],[-50.50811,-18.06372],[-50.50705,-18.06399],[-50.50515,-18.0637],[-50.50063,-18.06546],[-50.49966,-18.06679],[-50.49796,-18.06692],[-50.49768,-18.0684],[-50.49668,-18.0673],[-50.49485,-18.06746],[-50.49356,-18.06688],[-50.49194,-18.06888],[-50.49144,-18.06767],[-50.49195,-18.06672],[-50.49098,-18.06633],[-50.49019,-18.06676],[-50.48745,-18.06657],[-50.48658,-18.06769],[-50.4857,-18.06652],[-50.48193,-18.06631],[-50.47938,-18.06386],[-50.47832,-18.06343],[-50.47781,-18.06193],[-50.47499,-18.0614],[-50.47224,-18.06194],[-50.47121,-18.06057],[-50.46961,-18.06081],[-50.46963,-18.06261],[-50.46844,-18.06311],[-50.46655,-18.06446],[-50.46683,-18.06333],[-50.46494,-18.06387],[-50.46397,-18.06302],[-50.46316,-18.06336],[-50.46278,-18.06249],[-50.46043,-18.06003],[-50.45825,-18.05847],[-50.45728,-18.05817],[-50.45618,-18.05666],[-50.45344,-18.05594],[-50.45061,-18.05691],[-50.44917,-18.05673],[-50.45028,-18.05548],[-50.45033,-18.05461],[-50.44774,-18.05429],[-50.44651,-18.05451],[-50.44556,-18.05388],[-50.44518,-18.05282],[-50.44418,-18.05225],[-50.44461,-18.05167],[-50.44404,-18.05046],[-50.44267,-18.05019],[-50.44157,-18.05067],[-50.44131,-18.04977],[-50.44014,-18.05065],[-50.43913,-18.05079],[-50.43873,-18.05168],[-50.43795,-18.05122],[-50.4379,-18.05106],[-50.50673,-18.01995],[-50.50696,-18.01867],[-50.50663,-18.01707],[-50.50516,-18.01541],[-50.50516,-18.01369],[-50.50475,-18.01317],[-50.50314,-18.01292],[-50.50148,-18.01224],[-50.49924,-18.01073],[-50.49854,-18.01059],[-50.49666,-18.00881],[-50.49522,-18.00816],[-50.49322,-18.00776],[-50.49087,-18.00641],[-50.48873,-18.0049],[-50.48779,-18.00479],[-50.48609,-18.00373],[-50.48522,-18.00274],[-50.48351,-18.00139],[-50.48071,-18.00007],[-50.47962,-17.9993],[-50.47861,-17.99781],[-50.4781,-17.99632],[-50.47766,-17.99272],[-50.47715,-17.99061],[-50.47625,-17.98849],[-50.47515,-17.98711],[-50.47356,-17.98453],[-50.47295,-17.98251],[-50.47145,-17.98029],[-50.4706,-17.97856],[-50.46955,-17.97749],[-50.46861,-17.9757],[-50.46906,-17.97247],[-50.46956,-17.96999],[-50.46966,-17.96564],[-50.46946,-17.96464],[-50.47051,-17.96262],[-50.47141,-17.96146],[-50.47117,-17.96026],[-50.46968,-17.95979],[-50.46959,-17.95927],[-50.47159,-17.95749],[-50.47155,-17.95651],[-50.47048,-17.95453],[-50.46834,-17.95306],[-50.46785,-17.95106]]]},"properties":{"codigo":"521880512","name":"Lagoa do Bauzinho","population":1734,"households":822,"areaKm2":275.2339,"density":6.3}},{"type":"Feature","geometry":{"type":"Polygon","coordinates":[[[-50.58358,-18.12195],[-50.6031,-18.09865],[-50.60619,-18.09952],[-50.60832,-18.099],[-50.60895,-18.09949],[-50.61219,-18.10003],[-50.61538,-18.10129],[-50.61866,-18.1008],[-50.62061,-18.1],[-50.62282,-18.1008],[-50.62864,-18.1058],[-50.6299,-18.10534],[-50.63106,-18.10549],[-50.63359,-18.10521],[-50.63391,-18.10554],[-50.63839,-18.10661],[-50.64074,-18.10743],[-50.64301,-18.10709],[-50.64416,-18.1066],[-50.64654,-18.1064],[-50.64659,-18.10544],[-50.64554,-18.10486],[-50.64674,-18.10416],[-50.64816,-18.10159],[-50.64879,-18.10129],[-50.6596,-18.09881],[-50.66102,-18.09733],[-50.66267,-18.09635],[-50.66534,-18.09326],[-50.66595,-18.09078],[-50.66759,-18.09016],[-50.66875,-18.08805],[-50.66926,-18.08672],[-50.6699,-18.08702],[-50.67073,-18.08639],[-50.67054,-18.08554],[-50.67209,-18.08463],[-50.67288,-18.08516],[-50.67438,-18.08485],[-50.67742,-18.08474],[-50.67956,-18.08359],[-50.68184,-18.0838],[-50.68252,-18.08491],[-50.68324,-18.08501],[-50.68512,-18.08446],[-50.68577,-18.0854],[-50.68677,-18.08591],[-50.68946,-18.08455],[-50.69095,-18.0846],[-50.69324,-18.0842],[-50.69424,-18.08229],[-50.69512,-18.0818],[-50.69717,-18.07866],[-50.69759,-18.0774],[-50.6993,-18.07692],[-50.69998,-18.07631],[-50.7035,-18.0759],[-50.70531,-18.07666],[-50.70569,-18.07716],[-50.70911,-18.07953],[-50.71089,-18.07939],[-50.71341,-18.07839],[-50.71461,-18.0796],[-50.71723,-18.07721],[-50.71811,-18.07546],[-50.71987,-18.07394],[-50.72138,-18.07323],[-50.72291,-18.07171],[-50.72331,-18.07057],[-50.72557,-18.06973],[-50.72479,-18.06852],[-50.72257,-18.06755],[-50.72309,-18.06632],[-50.72335,-18.06457],[-50.72532,-18.06006],[-50.72618,-18.05962],[-50.72596,-18.06209],[-50.72653,-18.06246],[-50.72634,-18.06427],[-50.72729,-18.06439],[-50.72971,-18.06604],[-50.73047,-18.06781],[-50.72928,-18.06963],[-50.73018,-18.07079],[-50.73167,-18.07064],[-50.73491,-18.07125],[-50.73732,-18.07197],[-50.73909,-18.07076],[-50.74118,-18.07088],[-50.74276,-18.07276],[-50.74416,-18.07377],[-50.74547,-18.07316],[-50.74701,-18.07357],[-50.74879,-18.07235],[-50.7496,-18.07237],[-50.75131,-18.0735],[-50.75245,-18.07303],[-50.75263,-18.07211],[-50.75338,-18.07161],[-50.75317,-18.07012],[-50.75445,-18.06996],[-50.75453,-18.06913],[-50.75594,-18.06806],[-50.75668,-18.06851],[-50.75657,-18.06947],[-50.75733,-18.06969],[-50.75799,-18.07066],[-50.75928,-18.06994],[-50.75961,-18.07226],[-50.76092,-18.07267],[-50.76306,-18.07221],[-50.76363,-18.07085],[-50.76513,-18.07099],[-50.76653,-18.07039],[-50.767,-18.06873],[-50.76857,-18.06767],[-50.76878,-18.06536],[-50.76921,-18.06518],[-50.77005,-18.06689],[-50.77188,-18.06703],[-50.77226,-18.06608],[-50.77165,-18.0651],[-50.77173,-18.06395],[-50.77261,-18.06341],[-50.77438,-18.06411],[-50.7753,-18.06296],[-50.77527,-18.06206],[-50.776,-18.05983],[-50.77583,-18.0592],[-50.77426,-18.05777],[-50.7745,-18.0566],[-50.77565,-18.0561],[-50.77575,-18.05486],[-50.77683,-18.0545],[-50.77712,-18.05588],[-50.7768,-18.05663],[-50.77798,-18.05837],[-50.77935,-18.05894],[-50.78013,-18.05882],[-50.78275,-18.06046],[-50.78459,-18.05907],[-50.7857,-18.0586],[-50.7872,-18.05851],[-50.78879,-18.05883],[-50.78937,-18.05961],[-50.79113,-18.05903],[-50.79228,-18.06051],[-50.79381,-18.06049],[-50.79545,-18.06123],[-50.7963,-18.06006],[-50.79819,-18.05892],[-50.79955,-18.05852],[-50.80043,-18.0573],[-50.80312,-18.05836],[-50.804,-18.06007],[-50.80491,-18.06078],[-50.80554,-18.06269],[-50.80741,-18.06395],[-50.80607,-18.06476],[-50.80563,-18.06633],[-50.80637,-18.06848],[-50.80715,-18.06976],[-50.80798,-18.0695],[-50.80835,-18.07063],[-50.80803,-18.07172],[-50.80824,-18.07316],[-50.80884,-18.07373],[-50.81014,-18.07374],[-50.81044,-18.07467],[-50.81238,-18.07503],[-50.81248,-18.07618],[-50.81396,-18.07672],[-50.81525,-18.07487],[-50.81692,-18.07466],[-50.8174,-18.07396],[-50.81884,-18.07465],[-50.81922,-18.07588],[-50.82023,-18.07602],[-50.82108,-18.07531],[-50.82348,-18.07601],[-50.82368,-18.07809],[-50.82236,-18.08101],[-50.82209,-18.08317],[-50.821,-18.08609],[-50.81878,-18.09037],[-50.81839,-18.09311],[-50.81952,-18.09823],[-50.82573,-18.09913],[-50.82893,-18.09924],[-50.83272,-18.09764],[-50.83286,-18.09936],[-50.83366,-18.10026],[-50.83752,-18.10538],[-50.83842,-18.1062],[-50.84014,-18.10685],[-50.84743,-18.1119],[-50.85005,-18.11282],[-50.85093,-18.115],[-50.85176,-18.11608],[-50.85222,-18.12023],[-50.85293,-18.12363],[-50.85453,-18.12724],[-50.8549,-18.13009],[-50.85434,-18.13251],[-50.85344,-18.13476],[-50.8518,-18.13683],[-50.84625,-18.14188],[-50.84253,-18.14359],[-50.83913,-18.14595],[-50.83625,-18.1483],[-50.83279,-18.15096],[-50.83063,-18.15168],[-50.82592,-18.15502],[-50.82384,-18.15721],[-50.82259,-18.15941],[-50.81858,-18.16205],[-50.81201,-18.16913],[-50.80996,-18.1718],[-50.8088,-18.17273],[-50.80666,-18.17281],[-50.80589,-18.17334],[-50.80587,-18.17449],[-50.80472,-18.17543],[-50.80318,-18.17562],[-50.80124,-18.17635],[-50.79822,-18.17539],[-50.79737,-18.17557],[-50.79537,-18.17673],[-50.79343,-18.17704],[-50.79202,-18.17607],[-50.79082,-18.17618],[-50.78951,-18.17564],[-50.78851,-18.17475],[-50.78581,-18.17415],[-50.78334,-18.17504],[-50.78156,-18.17496],[-50.77944,-18.17412],[-50.77741,-18.17415],[-50.77633,-18.175],[-50.7757,-18.17686],[-50.77466,-18.1779],[-50.77416,-18.17942],[-50.77149,-18.18059],[-50.76969,-18.18067],[-50.76889,-18.18139],[-50.76726,-18.18193],[-50.7666,-18.18339],[-50.76533,-18.18412],[-50.76448,-18.18574],[-50.76298,-18.18619],[-50.76136,-18.18725],[-50.76005,-18.18851],[-50.75773,-18.18806],[-50.75661,-18.18867],[-50.75629,-18.18973],[-50.75519,-18.19051],[-50.75418,-18.19071],[-50.75109,-18.1899],[-50.74964,-18.19018],[-50.74852,-18.18939],[-50.74769,-18.18944],[-50.74672,-18.19033],[-50.74604,-18.19037],[-50.7445,-18.18964],[-50.74394,-18.1897],[-50.74335,-18.19079],[-50.74127,-18.19071],[-50.73957,-18.18975],[-50.7385,-18.19045],[-50.73722,-18.18943],[-50.73645,-18.1883],[-50.73349,-18.18762],[-50.73343,-18.18603],[-50.73076,-18.18554],[-50.72892,-18.18393],[-50.72758,-18.18349],[-50.72735,-18.1821],[-50.7255,-18.18068],[-50.72466,-18.17923],[-50.72372,-18.17877],[-50.72241,-18.18004],[-50.7211,-18.18083],[-50.72089,-18.18246],[-50.7183,-18.18201],[-50.71623,-18.18329],[-50.71484,-18.18275],[-50.71281,-18.18367],[-50.71131,-18.1834],[-50.70967,-18.18423],[-50.70833,-18.18611],[-50.70736,-18.18638],[-50.70694,-18.18536],[-50.70607,-18.18447],[-50.70401,-18.18453],[-50.7025,-18.18606],[-50.70155,-18.18605],[-50.70011,-18.18546],[-50.69948,-18.18603],[-50.69798,-18.18624],[-50.6975,-18.18596],[-50.69589,-18.18697],[-50.69475,-18.18705],[-50.69375,-18.18864],[-50.69278,-18.18824],[-50.6923,-18.18682],[-50.69159,-18.18759],[-50.69133,-18.18928],[-50.68964,-18.19159],[-50.68936,-18.19278],[-50.68757,-18.19343],[-50.68606,-18.19443],[-50.68496,-18.19353],[-50.6832,-18.19474],[-50.68085,-18.19469],[-50.67898,-18.19394],[-50.67995,-18.19306],[-50.67947,-18.1926],[-50.67648,-18.19406],[-50.67586,-18.1939],[-50.67643,-18.19238],[-50.67615,-18.19067],[-50.67326,-18.19075],[-50.67078,-18.19004],[-50.66856,-18.1908],[-50.66674,-18.19031],[-50.6651,-18.19043],[-50.66442,-18.19201],[-50.66266,-18.19164],[-50.66238,-18.19039],[-50.66081,-18.18996],[-50.66082,-18.18907],[-50.66002,-18.18861],[-50.65888,-18.18866],[-50.65685,-18.18646],[-50.65612,-18.18775],[-50.65495,-18.18787],[-50.65465,-18.18601],[-50.65365,-18.18597],[-50.65127,-18.18713],[-50.65068,-18.18709],[-50.65028,-18.18527],[-50.649,-18.18413],[-50.64583,-18.18344],[-50.64442,-18.18186],[-50.6439,-18.18078],[-50.64323,-18.18047],[-50.64147,-18.18059],[-50.64062,-18.181],[-50.63989,-18.18043],[-50.63753,-18.17986],[-50.63735,-18.17887],[-50.63657,-18.17838],[-50.63375,-18.18027],[-50.63266,-18.18021],[-50.63279,-18.17731],[-50.63202,-18.17676],[-50.63003,-18.17835],[-50.62873,-18.17671],[-50.62691,-18.17654],[-50.62546,-18.1771],[-50.6238,-18.17851],[-50.62319,-18.17703],[-50.62359,-18.17641],[-50.62281,-18.17463],[-50.62005,-18.17487],[-50.61889,-18.17438],[-50.61946,-18.173],[-50.61937,-18.17227],[-50.61833,-18.17213],[-50.6167,-18.17279],[-50.61591,-18.17238],[-50.6162,-18.17154],[-50.61581,-18.17069],[-50.61394,-18.17049],[-50.61246,-18.16995],[-50.61117,-18.17119],[-50.61024,-18.17043],[-50.61083,-18.16896],[-50.61029,-18.16813],[-50.60805,-18.16843],[-50.60655,-18.16799],[-50.60399,-18.16609],[-50.6021,-18.16373],[-50.60172,-18.16227],[-50.60163,-18.16037],[-50.60201,-18.15765],[-50.60202,-18.1553],[-50.60127,-18.15296],[-50.59992,-18.15148],[-50.59793,-18.15016],[-50.59509,-18.14642],[-50.59431,-18.14435],[-50.59177,-18.13893],[-50.59069,-18.13743],[-50.58922,-18.1359],[-50.58358,-18.12195]]]},"properties":{"codigo":"521880515","name":"Ouroana","population":957,"households":463,"areaKm2":281.2147,"density":3.4}},{"type":"Feature","geometry":{"type":"Polygon","coordinates":[[[-50.35711,-18.15958],[-50.35686,-18.15894],[-50.3581,-18.15675],[-50.35938,-18.1576],[-50.36047,-18.15682],[-50.36218,-18.15643],[-50.36363,-18.15504],[-50.36421,-18.15523],[-50.36598,-18.15394],[-50.3669,-18.15357],[-50.36838,-18.15376],[-50.37005,-18.1548],[-50.37263,-18.15535],[-50.37359,-18.15493],[-50.37431,-18.15533],[-50.3763,-18.15494],[-50.37639,-18.15421],[-50.37733,-18.15373],[-50.37823,-18.15462],[-50.3781,-18.15257],[-50.37864,-18.15176],[-50.37975,-18.15156],[-50.38058,-18.15014],[-50.38151,-18.14936],[-50.3815,-18.1486],[-50.38233,-18.14703],[-50.38511,-18.14467],[-50.38583,-18.14372],[-50.38531,-18.14279],[-50.3862,-18.14201],[-50.38792,-18.14225],[-50.38854,-18.14316],[-50.38944,-18.1432],[-50.39059,-18.1423],[-50.39172,-18.14254],[-50.39225,-18.14123],[-50.39487,-18.13962],[-50.394,-18.13826],[-50.39401,-18.13688],[-50.3944,-18.13642],[-50.39464,-18.13426],[-50.39554,-18.13389],[-50.39751,-18.13197],[-50.39788,-18.12895],[-50.39871,-18.12846],[-50.39974,-18.1299],[-50.40034,-18.13002],[-50.40293,-18.1286],[-50.4042,-18.12836],[-50.40672,-18.1283],[-50.40788,-18.12798],[-50.40834,-18.12654],[-50.40763,-18.12007],[-50.4079,-18.11906],[-50.40875,-18.11789],[-50.41145,-18.11577],[-50.41226,-18.11547],[-50.41439,-18.10844],[-50.41556,-18.10669],[-50.4162,-18.10521],[-50.41829,-18.10286],[-50.41954,-18.10075],[-50.42149,-18.09881],[-50.4233,-18.09779],[-50.4249,-18.09736],[-50.42565,-18.09611],[-50.42677,-18.09536],[-50.42696,-18.0939],[-50.42799,-18.0918],[-50.42779,-18.09053],[-50.42675,-18.08884],[-50.42679,-18.08766],[-50.428,-18.08557],[-50.4295,-18.08489],[-50.43,-18.08344],[-50.4317,-18.08249],[-50.43237,-18.08119],[-50.43267,-18.07988],[-50.43408,-18.07675],[-50.43411,-18.07528],[-50.43523,-18.07431],[-50.43488,-18.07361],[-50.43545,-18.07288],[-50.4345,-18.07139],[-50.43489,-18.0695],[-50.43545,-18.06858],[-50.43581,-18.06709],[-50.43656,-18.0661],[-50.43799,-18.06532],[-50.4387,-18.06442],[-50.43808,-18.06322],[-50.43811,-18.06057],[-50.4384,-18.05903],[-50.43801,-18.05863],[-50.43758,-18.05658],[-50.43776,-18.05509],[-50.43752,-18.05418],[-50.43795,-18.05122],[-50.43873,-18.05168],[-50.43913,-18.05079],[-50.44014,-18.05065],[-50.44131,-18.04977],[-50.44157,-18.05067],[-50.44267,-18.05019],[-50.44404,-18.05046],[-50.44461,-18.05167],[-50.44418,-18.05225],[-50.44518,-18.05282],[-50.44556,-18.05388],[-50.44651,-18.05451],[-50.44774,-18.05429],[-50.45033,-18.05461],[-50.45028,-18.05548],[-50.44917,-18.05673],[-50.45061,-18.05691],[-50.45344,-18.05594],[-50.45618,-18.05666],[-50.45728,-18.05817],[-50.45825,-18.05847],[-50.46043,-18.06003],[-50.46278,-18.06249],[-50.46316,-18.06336],[-50.46397,-18.06302],[-50.46494,-18.06387],[-50.46683,-18.06333],[-50.46655,-18.06446],[-50.46844,-18.06311],[-50.46963,-18.06261],[-50.46961,-18.06081],[-50.47121,-18.06057],[-50.47224,-18.06194],[-50.47499,-18.0614],[-50.47781,-18.06193],[-50.47832,-18.06343],[-50.47938,-18.06386],[-50.48193,-18.06631],[-50.4857,-18.06652],[-50.48658,-18.06769],[-50.48745,-18.06657],[-50.49019,-18.06676],[-50.49098,-18.06633],[-50.49195,-18.06672],[-50.49144,-18.06767],[-50.49194,-18.06888],[-50.49356,-18.06688],[-50.49485,-18.06746],[-50.49668,-18.0673],[-50.49768,-18.0684],[-50.49796,-18.06692],[-50.49966,-18.06679],[-50.50063,-18.06546],[-50.50515,-18.0637],[-50.50705,-18.06399],[-50.50811,-18.06372],[-50.50896,-18.06469],[-50.51036,-18.06494],[-50.51129,-18.06635],[-50.5132,-18.06697],[-50.5146,-18.06683],[-50.51563,-18.06716],[-50.51711,-18.06693],[-50.51715,-18.06773],[-50.51848,-18.06748],[-50.51918,-18.06681],[-50.51994,-18.0672],[-50.52067,-18.06875],[-50.52137,-18.06936],[-50.52284,-18.06849],[-50.52329,-18.06746],[-50.52441,-18.06773],[-50.52574,-18.06708],[-50.52643,-18.06621],[-50.5277,-18.06652],[-50.52898,-18.06802],[-50.52935,-18.06927],[-50.53021,-18.06972],[-50.53141,-18.06947],[-50.53213,-18.06987],[-50.53336,-18.06953],[-50.53418,-18.06828],[-50.53342,-18.06764],[-50.53387,-18.06692],[-50.53499,-18.06702],[-50.5365,-18.06661],[-50.53718,-18.06475],[-50.53837,-18.06727],[-50.53917,-18.06753],[-50.54155,-18.06688],[-50.54317,-18.06611],[-50.54555,-18.06629],[-50.54638,-18.06558],[-50.54823,-18.06553],[-50.54879,-18.06641],[-50.54788,-18.06762],[-50.54828,-18.06853],[-50.55172,-18.06762],[-50.5533,-18.06752],[-50.55476,-18.06895],[-50.55556,-18.0691],[-50.55731,-18.06833],[-50.5578,-18.06732],[-50.5593,-18.06647],[-50.55996,-18.06666],[-50.56111,-18.06592],[-50.56179,-18.06609],[-50.56385,-18.06465],[-50.56514,-18.06446],[-50.56615,-18.06495],[-50.56748,-18.06389],[-50.56812,-18.06295],[-50.56967,-18.06314],[-50.57048,-18.06221],[-50.5724,-18.0623],[-50.5728,-18.06295],[-50.57406,-18.06216],[-50.57468,-18.06107],[-50.57539,-18.06143],[-50.57701,-18.06092],[-50.57751,-18.05932],[-50.57751,-18.05707],[-50.57786,-18.05597],[-50.57987,-18.05475],[-50.58224,-18.055],[-50.58443,-18.05464],[-50.58601,-18.05576],[-50.5899,-18.05356],[-50.59001,-18.05276],[-50.59154,-18.05255],[-50.59237,-18.05205],[-50.59304,-18.05264],[-50.59389,-18.05162],[-50.59556,-18.05108],[-50.59578,-18.05182],[-50.59708,-18.05163],[-50.59885,-18.05082],[-50.60129,-18.05074],[-50.60248,-18.05211],[-50.60379,-18.05252],[-50.60443,-18.05209],[-50.60596,-18.05191],[-50.60645,-18.0513],[-50.60779,-18.05074],[-50.60912,-18.04953],[-50.60976,-18.05006],[-50.6132,-18.05035],[-50.61419,-18.05065],[-50.61646,-18.05241],[-50.61615,-18.0504],[-50.61617,-18.0488],[-50.61677,-18.04774],[-50.61737,-18.04774],[-50.61813,-18.04678],[-50.6178,-18.04625],[-50.6185,-18.04489],[-50.6194,-18.04533],[-50.62138,-18.04682],[-50.62219,-18.04677],[-50.6235,-18.04733],[-50.62518,-18.04762],[-50.62631,-18.04697],[-50.62703,-18.04557],[-50.62827,-18.04394],[-50.62703,-18.04316],[-50.62854,-18.04091],[-50.6295,-18.04085],[-50.63083,-18.04145],[-50.63242,-18.04281],[-50.63496,-18.04203],[-50.63679,-18.03942],[-50.63869,-18.03956],[-50.6398,-18.03834],[-50.63982,-18.03738],[-50.64094,-18.03731],[-50.64137,-18.03776],[-50.64257,-18.03772],[-50.64254,-18.03599],[-50.64289,-18.035],[-50.64428,-18.03627],[-50.64536,-18.03616],[-50.64627,-18.03758],[-50.6469,-18.03784],[-50.64882,-18.03621],[-50.6496,-18.03703],[-50.65206,-18.03563],[-50.65255,-18.03508],[-50.65331,-18.03316],[-50.65554,-18.03263],[-50.65622,-18.03368],[-50.65724,-18.03413],[-50.6597,-18.03371],[-50.66196,-18.03307],[-50.66229,-18.03427],[-50.66609,-18.03488],[-50.66671,-18.03473],[-50.66756,-18.03601],[-50.66935,-18.03798],[-50.67147,-18.03819],[-50.67288,-18.03874],[-50.67366,-18.03999],[-50.67379,-18.04243],[-50.67412,-18.04377],[-50.67363,-18.04482],[-50.67417,-18.0461],[-50.6745,-18.04928],[-50.67576,-18.05257],[-50.67803,-18.05701],[-50.67819,-18.05824],[-50.68007,-18.06139],[-50.68291,-18.06241],[-50.68455,-18.06465],[-50.68472,-18.06846],[-50.6841,-18.07138],[-50.68455,-18.07519],[-50.68425,-18.07541],[-50.68369,-18.07775],[-50.68418,-18.07866],[-50.68455,-18.08303],[-50.68324,-18.08501],[-50.68252,-18.08491],[-50.68184,-18.0838],[-50.67956,-18.08359],[-50.67742,-18.08474],[-50.67438,-18.08485],[-50.67288,-18.08516],[-50.67209,-18.08463],[-50.67054,-18.08554],[-50.67073,-18.08639],[-50.6699,-18.08702],[-50.66926,-18.08672],[-50.66875,-18.08805],[-50.66759,-18.09016],[-50.66595,-18.09078],[-50.66534,-18.09326],[-50.66267,-18.09635],[-50.66102,-18.09733],[-50.6596,-18.09881],[-50.64879,-18.10129],[-50.64816,-18.10159],[-50.64674,-18.10416],[-50.64554,-18.10486],[-50.64659,-18.10544],[-50.64654,-18.1064],[-50.64416,-18.1066],[-50.64301,-18.10709],[-50.64074,-18.10743],[-50.63839,-18.10661],[-50.63391,-18.10554],[-50.63359,-18.10521],[-50.63106,-18.10549],[-50.6299,-18.10534],[-50.62864,-18.1058],[-50.62282,-18.1008],[-50.62061,-18.1],[-50.61866,-18.1008],[-50.61538,-18.10129],[-50.61219,-18.10003],[-50.60895,-18.09949],[-50.60832,-18.099],[-50.60619,-18.09952],[-50.6031,-18.09865],[-50.58358,-18.12195],[-50.57554,-18.12927],[-50.57317,-18.12928],[-50.56936,-18.13006],[-50.5675,-18.13072],[-50.56408,-18.13159],[-50.5628,-18.13162],[-50.56092,-18.13272],[-50.55936,-18.13503],[-50.55873,-18.13556],[-50.55628,-18.1366],[-50.55171,-18.13993],[-50.54896,-18.14102],[-50.54595,-18.14073],[-50.54389,-18.1418],[-50.54197,-18.14327],[-50.54123,-18.14466],[-50.53956,-18.14564],[-50.53648,-18.14666],[-50.53523,-18.1474],[-50.53413,-18.1485],[-50.53195,-18.15134],[-50.53058,-18.15429],[-50.52917,-18.15656],[-50.52831,-18.15714],[-50.5257,-18.15802],[-50.52385,-18.15934],[-50.52089,-18.15933],[-50.51999,-18.15687],[-50.51882,-18.15603],[-50.5166,-18.15572],[-50.51497,-18.15632],[-50.51417,-18.15766],[-50.51307,-18.15778],[-50.51264,-18.15655],[-50.51021,-18.15519],[-50.50817,-18.15513],[-50.50618,-18.15595],[-50.50514,-18.15683],[-50.50411,-18.15895],[-50.50296,-18.16012],[-50.50172,-18.15922],[-50.49819,-18.15783],[-50.49626,-18.15873],[-50.49294,-18.15928],[-50.49042,-18.16071],[-50.48924,-18.16062],[-50.48841,-18.16138],[-50.48803,-18.16313],[-50.4881,-18.16541],[-50.48691,-18.16668],[-50.48541,-18.1693],[-50.48443,-18.17046],[-50.483,-18.1711],[-50.48162,-18.17088],[-50.48073,-18.17118],[-50.48072,-18.17266],[-50.48156,-18.17478],[-50.47959,-18.17607],[-50.47809,-18.17602],[-50.47708,-18.17661],[-50.47637,-18.17596],[-50.4752,-18.17629],[-50.47394,-18.17592],[-50.47135,-18.17642],[-50.47065,-18.1772],[-50.4705,-18.17858],[-50.47085,-18.18004],[-50.47068,-18.18085],[-50.46901,-18.18115],[-50.46852,-18.18211],[-50.46697,-18.18232],[-50.46482,-18.18096],[-50.46434,-18.17996],[-50.46239,-18.17855],[-50.46194,-18.17951],[-50.46101,-18.18039],[-50.46057,-18.18256],[-50.46013,-18.18302],[-50.45869,-18.18232],[-50.45819,-18.18249],[-50.45713,-18.1847],[-50.45606,-18.18473],[-50.45497,-18.1877],[-50.45527,-18.1895],[-50.45445,-18.18989],[-50.45177,-18.18736],[-50.45056,-18.18739],[-50.4481,-18.18673],[-50.44706,-18.18674],[-50.44663,-18.18738],[-50.44539,-18.18732],[-50.44582,-18.18617],[-50.44506,-18.18563],[-50.44381,-18.18621],[-50.4397,-18.18888],[-50.43791,-18.1885],[-50.43501,-18.18998],[-50.43652,-18.19163],[-50.438,-18.19161],[-50.43786,-18.19403],[-50.43697,-18.19576],[-50.43618,-18.196],[-50.43351,-18.19787],[-50.43161,-18.19744],[-50.43067,-18.19911],[-50.4289,-18.19943],[-50.42737,-18.19875],[-50.42682,-18.19791],[-50.42773,-18.1955],[-50.4277,-18.19478],[-50.42667,-18.19336],[-50.42661,-18.19259],[-50.42843,-18.18975],[-50.42784,-18.18876],[-50.4269,-18.1891],[-50.42464,-18.19099],[-50.42361,-18.19011],[-50.42372,-18.18909],[-50.42322,-18.18835],[-50.42127,-18.18786],[-50.42041,-18.18587],[-50.41514,-18.18556],[-50.41333,-18.1865],[-50.41284,-18.18773],[-50.41261,-18.19015],[-50.41207,-18.19038],[-50.41073,-18.18997],[-50.40962,-18.18928],[-50.40791,-18.18886],[-50.4058,-18.18886],[-50.40514,-18.18862],[-50.40349,-18.18669],[-50.4026,-18.18743],[-50.40293,-18.18912],[-50.40181,-18.1904],[-50.40087,-18.19055],[-50.40012,-18.19006],[-50.39797,-18.18933],[-50.39762,-18.18754],[-50.39702,-18.18615],[-50.39591,-18.18592],[-50.39364,-18.18738],[-50.38919,-18.18916],[-50.38688,-18.19027],[-50.38604,-18.18934],[-50.38725,-18.18866],[-50.38762,-18.18746],[-50.38728,-18.18648],[-50.38755,-18.18447],[-50.38563,-18.18335],[-50.3864,-18.18207],[-50.38612,-18.1816],[-50.38263,-18.18085],[-50.3803,-18.18085],[-50.37931,-18.17937],[-50.37788,-18.17867],[-50.37772,-18.17957],[-50.37663,-18.18004],[-50.37565,-18.17979],[-50.37412,-18.18],[-50.37386,-18.17908],[-50.37398,-18.17744],[-50.37202,-18.17619],[-50.37139,-18.17606],[-50.36948,-18.17413],[-50.36911,-18.17323],[-50.36943,-18.17259],[-50.37073,-18.172],[-50.37004,-18.17117],[-50.37165,-18.16998],[-50.37031,-18.16901],[-50.36951,-18.16882],[-50.36879,-18.16772],[-50.36868,-18.16647],[-50.36935,-18.1651],[-50.36799,-18.16531],[-50.36627,-18.16384],[-50.36618,-18.1633],[-50.36706,-18.1617],[-50.36506,-18.15887],[-50.36342,-18.1607],[-50.36192,-18.16149],[-50.36083,-18.16314],[-50.35953,-18.16236],[-50.3582,-18.15978],[-50.35711,-18.15958]]]},"properties":{"codigo":"521880520","name":"Riverlândia","population":957,"households":479,"areaKm2":280.1821,"density":3.4}}]}